# Object15.bmd — MU geometry at action 0 key 0, exported for MU2
# 1 mesh(es)

g top02_R
# texture: top02_R.jpg
v 71.865 39.106 2.673
v 126.5546 39.106 2.673
v 126.5546 39.106 -20.0198
v 71.865 39.106 -20.0198
v 67.7632 32.8167 4.3749
v 130.6563 32.8167 4.3749
v 126.5546 39.106 2.673
v 71.865 39.106 2.673
v 130.6563 32.8167 4.3749
v 130.6563 32.8167 -21.7218
v 126.5546 39.106 -20.0198
v 126.5546 39.106 2.673
v 130.6563 32.8167 -21.7218
v 67.7632 32.8167 -21.7218
v 71.865 39.106 -20.0198
v 126.5546 39.106 -20.0198
v 67.7632 32.8167 -21.7218
v 67.7632 32.8167 4.3749
v 71.865 39.106 2.673
v 71.865 39.106 -20.0198
v 136.3499 39.106 2.673
v 191.0396 39.106 2.673
v 191.0396 39.106 -20.0198
v 136.3499 39.106 -20.0198
v 132.2482 32.8167 4.3749
v 195.1413 32.8167 4.3749
v 191.0396 39.106 2.673
v 136.3499 39.106 2.673
v 195.1413 32.8167 4.3749
v 195.1413 32.8167 -21.7218
v 191.0396 39.106 -20.0198
v 191.0396 39.106 2.673
v 195.1413 32.8167 -21.7218
v 132.2482 32.8167 -21.7218
v 136.3499 39.106 -20.0198
v 191.0396 39.106 -20.0198
v 132.2482 32.8167 -21.7218
v 132.2482 32.8167 4.3749
v 136.3499 39.106 2.673
v 136.3499 39.106 -20.0198
v 201.3313 39.106 2.673
v 256.0209 39.106 2.673
v 256.0209 39.106 -20.0198
v 201.3313 39.106 -20.0198
v 197.2295 32.8167 4.3749
v 260.1226 32.8167 4.3749
v 256.0209 39.106 2.673
v 201.3313 39.106 2.673
v 260.1226 32.8167 4.3749
v 260.1226 32.8167 -21.7218
v 256.0209 39.106 -20.0198
v 256.0209 39.106 2.673
v 260.1226 32.8167 -21.7218
v 197.2295 32.8167 -21.7218
v 201.3313 39.106 -20.0198
v 256.0209 39.106 -20.0198
v 197.2295 32.8167 -21.7218
v 197.2295 32.8167 4.3749
v 201.3313 39.106 2.673
v 201.3313 39.106 -20.0198
v 7.6423 39.106 2.673
v 62.332 39.106 2.673
v 62.332 39.106 -20.0198
v 7.6423 39.106 -20.0198
v 3.5406 32.8167 4.3749
v 66.4337 32.8167 4.3749
v 62.332 39.106 2.673
v 7.6423 39.106 2.673
v 66.4337 32.8167 4.3749
v 66.4337 32.8167 -21.7218
v 62.332 39.106 -20.0198
v 62.332 39.106 2.673
v 66.4337 32.8167 -21.7218
v 3.5406 32.8167 -21.7218
v 7.6423 39.106 -20.0198
v 62.332 39.106 -20.0198
v 3.5406 32.8167 -21.7218
v 3.5406 32.8167 4.3749
v 7.6423 39.106 2.673
v 7.6423 39.106 -20.0198
v 71.865 7.3751 10.7206
v 126.5546 7.3751 10.7206
v 126.5546 30.0678 10.7206
v 71.865 30.0678 10.7206
v 67.7632 5.6731 4.4313
v 130.6563 5.6731 4.4313
v 126.5546 7.3751 10.7206
v 71.865 7.3751 10.7206
v 130.6563 5.6731 4.4313
v 130.6563 31.7698 4.4313
v 126.5546 30.0678 10.7206
v 126.5546 7.3751 10.7206
v 130.6563 31.7698 4.4313
v 67.7632 31.7698 4.4313
v 71.865 30.0678 10.7206
v 126.5546 30.0678 10.7206
v 67.7632 31.7698 4.4313
v 67.7632 5.6731 4.4313
v 71.865 7.3751 10.7206
v 71.865 30.0678 10.7206
v 136.3499 7.3751 10.7206
v 191.0396 7.3751 10.7206
v 191.0396 30.0678 10.7206
v 136.3499 30.0678 10.7206
v 132.2482 5.6731 4.4313
v 195.1413 5.6731 4.4313
v 191.0396 7.3751 10.7206
v 136.3499 7.3751 10.7206
v 195.1413 5.6731 4.4313
v 195.1413 31.7698 4.4313
v 191.0396 30.0678 10.7206
v 191.0396 7.3751 10.7206
v 195.1413 31.7698 4.4313
v 132.2482 31.7698 4.4313
v 136.3499 30.0678 10.7206
v 191.0396 30.0678 10.7206
v 132.2482 31.7698 4.4313
v 132.2482 5.6731 4.4313
v 136.3499 7.3751 10.7206
v 136.3499 30.0678 10.7206
v 201.3313 7.3751 10.7206
v 256.0209 7.3751 10.7206
v 256.0209 30.0678 10.7206
v 201.3313 30.0678 10.7206
v 197.2295 5.6731 4.4313
v 260.1226 5.6731 4.4313
v 256.0209 7.3751 10.7206
v 201.3313 7.3751 10.7206
v 260.1226 5.6731 4.4313
v 260.1226 31.7698 4.4313
v 256.0209 30.0678 10.7206
v 256.0209 7.3751 10.7206
v 260.1226 31.7698 4.4313
v 197.2295 31.7698 4.4313
v 201.3313 30.0678 10.7206
v 256.0209 30.0678 10.7206
v 197.2295 31.7698 4.4313
v 197.2295 5.6731 4.4313
v 201.3313 7.3751 10.7206
v 201.3313 30.0678 10.7206
v 7.6423 7.3751 10.7206
v 62.332 7.3751 10.7206
v 62.332 30.0678 10.7206
v 7.6423 30.0678 10.7206
v 3.5406 5.6731 4.4313
v 66.4337 5.6731 4.4313
v 62.332 7.3751 10.7206
v 7.6423 7.3751 10.7206
v 66.4337 5.6731 4.4313
v 66.4337 31.7698 4.4313
v 62.332 30.0678 10.7206
v 62.332 7.3751 10.7206
v 66.4337 31.7698 4.4313
v 3.5406 31.7698 4.4313
v 7.6423 30.0678 10.7206
v 62.332 30.0678 10.7206
v 3.5406 31.7698 4.4313
v 3.5406 5.6731 4.4313
v 7.6423 7.3751 10.7206
v 7.6423 30.0678 10.7206
v -65.1284 39.106 2.673
v -119.818 39.106 -20.0198
v -119.818 39.106 2.673
v -65.1284 39.106 -20.0198
v -61.0267 32.8167 4.3749
v -119.818 39.106 2.673
v -123.9197 32.8167 4.3749
v -65.1284 39.106 2.673
v -123.9197 32.8167 4.3749
v -119.818 39.106 -20.0198
v -123.9197 32.8167 -21.7218
v -119.818 39.106 2.673
v -123.9197 32.8167 -21.7218
v -65.1284 39.106 -20.0198
v -61.0267 32.8167 -21.7218
v -119.818 39.106 -20.0198
v -61.0267 32.8167 -21.7218
v -65.1284 39.106 2.673
v -61.0267 32.8167 4.3749
v -65.1284 39.106 -20.0198
v -129.6133 39.106 2.673
v -184.303 39.106 -20.0198
v -184.303 39.106 2.673
v -129.6133 39.106 -20.0198
v -125.5116 32.8167 4.3749
v -184.303 39.106 2.673
v -188.4047 32.8167 4.3749
v -129.6133 39.106 2.673
v -188.4047 32.8167 4.3749
v -184.303 39.106 -20.0198
v -188.4047 32.8167 -21.7218
v -184.303 39.106 2.673
v -188.4047 32.8167 -21.7218
v -129.6133 39.106 -20.0198
v -125.5116 32.8167 -21.7218
v -184.303 39.106 -20.0198
v -125.5116 32.8167 -21.7218
v -129.6133 39.106 2.673
v -125.5116 32.8167 4.3749
v -129.6133 39.106 -20.0198
v -194.5947 39.106 2.673
v -249.2843 39.106 -20.0198
v -249.2843 39.106 2.673
v -194.5947 39.106 -20.0198
v -190.493 32.8167 4.3749
v -249.2843 39.106 2.673
v -253.386 32.8167 4.3749
v -194.5947 39.106 2.673
v -253.386 32.8167 4.3749
v -249.2843 39.106 -20.0198
v -253.386 32.8167 -21.7218
v -249.2843 39.106 2.673
v -253.386 32.8167 -21.7218
v -194.5947 39.106 -20.0198
v -190.493 32.8167 -21.7218
v -249.2843 39.106 -20.0198
v -190.493 32.8167 -21.7218
v -194.5947 39.106 2.673
v -190.493 32.8167 4.3749
v -194.5947 39.106 -20.0198
v -0.9057 39.106 2.673
v -55.5954 39.106 -20.0198
v -55.5954 39.106 2.673
v -0.9057 39.106 -20.0198
v 3.196 32.8167 4.3749
v -55.5954 39.106 2.673
v -59.6971 32.8167 4.3749
v -0.9057 39.106 2.673
v -59.6971 32.8167 4.3749
v -55.5954 39.106 -20.0198
v -59.6971 32.8167 -21.7217
v -55.5954 39.106 2.673
v -59.6971 32.8167 -21.7217
v -0.9057 39.106 -20.0198
v 3.196 32.8167 -21.7217
v -55.5954 39.106 -20.0198
v 3.196 32.8167 -21.7217
v -0.9057 39.106 2.673
v 3.196 32.8167 4.3749
v -0.9057 39.106 -20.0198
v -65.1284 7.3751 10.7206
v -119.818 30.0678 10.7206
v -119.818 7.3751 10.7206
v -65.1284 30.0678 10.7206
v -61.0267 5.6731 4.4313
v -119.818 7.3751 10.7206
v -123.9197 5.6731 4.4313
v -65.1284 7.3751 10.7206
v -123.9197 5.6731 4.4313
v -119.818 30.0678 10.7206
v -123.9197 31.7698 4.4313
v -119.818 7.3751 10.7206
v -123.9197 31.7698 4.4313
v -65.1284 30.0678 10.7206
v -61.0267 31.7698 4.4313
v -119.818 30.0678 10.7206
v -61.0267 31.7698 4.4313
v -65.1284 7.3751 10.7206
v -61.0267 5.6731 4.4313
v -65.1284 30.0678 10.7206
v -129.6133 7.3751 10.7206
v -184.303 30.0678 10.7206
v -184.303 7.3751 10.7206
v -129.6133 30.0678 10.7206
v -125.5116 5.6731 4.4313
v -184.303 7.3751 10.7206
v -188.4047 5.6731 4.4313
v -129.6133 7.3751 10.7206
v -188.4047 5.6731 4.4313
v -184.303 30.0678 10.7206
v -188.4047 31.7698 4.4313
v -184.303 7.3751 10.7206
v -188.4047 31.7698 4.4313
v -129.6133 30.0678 10.7206
v -125.5116 31.7698 4.4313
v -184.303 30.0678 10.7206
v -125.5116 31.7698 4.4313
v -129.6133 7.3751 10.7206
v -125.5116 5.6731 4.4313
v -129.6133 30.0678 10.7206
v -194.5947 7.3751 10.7206
v -249.2843 30.0678 10.7206
v -249.2843 7.3751 10.7206
v -194.5947 30.0678 10.7206
v -190.493 5.6731 4.4313
v -249.2843 7.3751 10.7206
v -253.386 5.6731 4.4313
v -194.5947 7.3751 10.7206
v -253.386 5.6731 4.4313
v -249.2843 30.0678 10.7206
v -253.386 31.7698 4.4313
v -249.2843 7.3751 10.7206
v -253.386 31.7698 4.4313
v -194.5947 30.0678 10.7206
v -190.493 31.7698 4.4313
v -249.2843 30.0678 10.7206
v -190.493 31.7698 4.4313
v -194.5947 7.3751 10.7206
v -190.493 5.6731 4.4313
v -194.5947 30.0678 10.7206
v -0.9057 7.3751 10.7206
v -55.5954 30.0678 10.7206
v -55.5954 7.3751 10.7206
v -0.9057 30.0678 10.7206
v 3.196 5.6731 4.4313
v -55.5954 7.3751 10.7206
v -59.6971 5.6731 4.4313
v -0.9057 7.3751 10.7206
v -59.6971 5.6731 4.4313
v -55.5954 30.0678 10.7206
v -59.6971 31.7698 4.4313
v -55.5954 7.3751 10.7206
v -59.6971 31.7698 4.4313
v -0.9057 30.0678 10.7206
v 3.196 31.7698 4.4313
v -55.5954 30.0678 10.7206
v 3.196 31.7698 4.4313
v -0.9057 7.3751 10.7206
v 3.196 5.6731 4.4313
v -0.9057 30.0678 10.7206
v 17.2548 39.106 -196.4851
v 70.081 39.106 -182.3303
v 75.9543 39.106 -204.2499
v 23.1281 39.106 -218.4046
v 12.8524 32.8167 -195.9027
v 73.6024 32.8167 -179.6248
v 70.081 39.106 -182.3303
v 17.2548 39.106 -196.4851
v 73.6024 32.8167 -179.6248
v 80.3567 32.8167 -204.8323
v 75.9543 39.106 -204.2499
v 70.081 39.106 -182.3303
v 80.3567 32.8167 -204.8323
v 19.6067 32.8167 -221.1102
v 23.1281 39.106 -218.4046
v 75.9543 39.106 -204.2499
v 19.6067 32.8167 -221.1102
v 12.8524 32.8167 -195.9027
v 17.2548 39.106 -196.4851
v 23.1281 39.106 -218.4046
v 5.9886 39.106 -245.278
v 58.8147 39.106 -259.4327
v 52.9414 39.106 -281.3522
v 0.1153 39.106 -267.1975
v 2.4671 32.8167 -242.5724
v 63.2172 32.8167 -258.8503
v 58.8147 39.106 -259.4327
v 5.9886 39.106 -245.278
v 63.2172 32.8167 -258.8503
v 56.4629 32.8167 -284.0578
v 52.9414 39.106 -281.3522
v 58.8147 39.106 -259.4327
v 56.4629 32.8167 -284.0578
v -4.2872 32.8167 -267.7799
v 0.1153 39.106 -267.1975
v 52.9414 39.106 -281.3522
v -4.2872 32.8167 -267.7799
v 2.4671 32.8167 -242.5724
v 5.9886 39.106 -245.278
v 0.1153 39.106 -267.1975
v -78.2708 44.4001 -182.7278
v -24.4119 41.152 -191.6519
v -28.3525 33.5085 -212.6522
v -82.2113 36.7566 -203.7281
v -82.0146 39.307 -178.3325
v -20.077 35.5717 -188.5951
v -24.4119 41.152 -191.6519
v -78.2708 44.4001 -182.7278
v -20.077 35.5717 -188.5951
v -24.6087 26.7817 -212.7454
v -28.3525 33.5085 -212.6522
v -24.4119 41.152 -191.6519
v -24.6087 26.7817 -212.7454
v -86.5463 30.5169 -202.4828
v -82.2113 36.7566 -203.7281
v -28.3525 33.5085 -212.6522
v -86.5463 30.5169 -202.4828
v -82.0146 39.307 -178.3325
v -78.2708 44.4001 -182.7278
v -82.2113 36.7566 -203.7281
v -33.6514 39.106 -234.0597
v -14.9464 39.106 -285.4511
v -36.2707 39.106 -293.2125
v -54.9756 39.106 -241.8211
v -33.4549 32.8167 -229.6232
v -11.9442 32.8167 -288.7234
v -14.9464 39.106 -285.4511
v -33.6514 39.106 -234.0597
v -11.9442 32.8167 -288.7234
v -36.4671 32.8167 -297.6489
v -36.2707 39.106 -293.2125
v -14.9464 39.106 -285.4511
v -36.4671 32.8167 -297.6489
v -57.9778 32.8167 -238.5488
v -54.9756 39.106 -241.8211
v -36.2707 39.106 -293.2125
v -57.9778 32.8167 -238.5488
v -33.4549 32.8167 -229.6232
v -33.6514 39.106 -234.0597
v -54.9756 39.106 -241.8211
v 17.145 -55.1707 251.0947
v 69.9712 -55.1707 265.2494
v 75.8445 -55.1707 243.3299
v 23.0184 -55.1707 229.1751
v 12.7426 -61.46 251.677
v 73.4926 -61.46 267.9549
v 69.9712 -55.1707 265.2494
v 17.145 -55.1707 251.0947
v 73.4926 -61.46 267.9549
v 80.247 -61.46 242.7475
v 75.8445 -55.1707 243.3299
v 69.9712 -55.1707 265.2494
v 80.247 -61.46 242.7475
v 19.4969 -61.46 226.4696
v 23.0184 -55.1707 229.1751
v 75.8445 -55.1707 243.3299
v 19.4969 -61.46 226.4696
v 12.7426 -61.46 251.677
v 17.145 -55.1707 251.0947
v 23.0184 -55.1707 229.1751
v 5.8788 -55.1707 323.9245
v 58.705 -55.1707 309.7698
v 52.8316 -55.1707 287.8503
v 0.0055 -55.1707 302.005
v 2.3574 -61.46 326.6301
v 63.1074 -61.46 310.3522
v 58.705 -55.1707 309.7698
v 5.8788 -55.1707 323.9245
v 63.1074 -61.46 310.3522
v 56.3531 -61.46 285.1447
v 52.8316 -55.1707 287.8503
v 58.705 -55.1707 309.7698
v 56.3531 -61.46 285.1447
v -4.397 -61.46 301.4226
v 0.0055 -55.1707 302.005
v 52.8316 -55.1707 287.8503
v -4.397 -61.46 301.4226
v 2.3574 -61.46 326.6301
v 5.8788 -55.1707 323.9245
v 0.0055 -55.1707 302.005
v -61.4158 -49.8766 258.6931
v -7.557 -53.1247 249.7691
v -11.4975 -60.7682 228.7688
v -65.3563 -57.5201 237.6929
v -65.1596 -54.9698 263.0885
v -3.222 -58.7051 252.8259
v -7.557 -53.1247 249.7691
v -61.4158 -49.8766 258.6931
v -3.222 -58.7051 252.8259
v -7.753699 -67.4951 228.6755
v -11.4975 -60.7682 228.7688
v -7.557 -53.1247 249.7691
v -7.753699 -67.4951 228.6755
v -69.6913 -63.7598 238.9382
v -65.3563 -57.5201 237.6929
v -11.4975 -60.7682 228.7688
v -69.6913 -63.7598 238.9382
v -65.1596 -54.9698 263.0885
v -61.4158 -49.8766 258.6931
v -65.3563 -57.5201 237.6929
v -82.9525 -55.1707 310.537
v -64.2475 -55.1707 259.1456
v -85.5717 -55.1707 251.3842
v -104.2767 -55.1707 302.7756
v -82.756 -61.46 314.9734
v -61.2453 -61.46 255.8733
v -64.2475 -55.1707 259.1456
v -82.9525 -55.1707 310.537
v -61.2453 -61.46 255.8733
v -85.7682 -61.46 246.9478
v -85.5717 -55.1707 251.3842
v -64.2475 -55.1707 259.1456
v -85.7682 -61.46 246.9478
v -107.2789 -61.46 306.0479
v -104.2767 -55.1707 302.7756
v -85.5717 -55.1707 251.3842
v -107.2789 -61.46 306.0479
v -82.756 -61.46 314.9734
v -82.9525 -55.1707 310.537
v -104.2767 -55.1707 302.7756
v 71.86499 7.361899 33.7623
v 126.5546 7.361899 33.7623
v 126.5546 7.361899 11.0695
v 71.86499 7.361899 11.0695
v 67.7632 1.0726 35.4643
v 130.6563 1.0726 35.4643
v 126.5546 7.361899 33.7623
v 71.86499 7.361899 33.7623
v 130.6563 1.0726 35.4643
v 130.6563 1.0726 9.367599
v 126.5546 7.361899 11.0695
v 126.5546 7.361899 33.7623
v 130.6563 1.0726 9.367599
v 67.7632 1.0726 9.367599
v 71.86499 7.361899 11.0695
v 126.5546 7.361899 11.0695
v 67.7632 1.0726 9.367599
v 67.7632 1.0726 35.4643
v 71.86499 7.361899 33.7623
v 71.86499 7.361899 11.0695
v 136.3499 7.361899 33.7623
v 191.0396 7.361899 33.7623
v 191.0396 7.361899 11.0695
v 136.3499 7.361899 11.0695
v 132.2482 1.0726 35.4643
v 195.1413 1.0726 35.4643
v 191.0396 7.361899 33.7623
v 136.3499 7.361899 33.7623
v 195.1413 1.0726 35.4643
v 195.1413 1.0726 9.367599
v 191.0396 7.361899 11.0695
v 191.0396 7.361899 33.7623
v 195.1413 1.0726 9.367599
v 132.2482 1.0726 9.367599
v 136.3499 7.361899 11.0695
v 191.0396 7.361899 11.0695
v 132.2482 1.0726 9.367599
v 132.2482 1.0726 35.4643
v 136.3499 7.361899 33.7623
v 136.3499 7.361899 11.0695
v 201.3313 7.361899 33.7623
v 256.0209 7.361899 33.7623
v 256.0209 7.361899 11.0695
v 201.3313 7.361899 11.0695
v 197.2295 1.0726 35.4643
v 260.1226 1.0726 35.4643
v 256.0209 7.361899 33.7623
v 201.3313 7.361899 33.7623
v 260.1226 1.0726 35.4643
v 260.1226 1.0726 9.367599
v 256.0209 7.361899 11.0695
v 256.0209 7.361899 33.7623
v 260.1226 1.0726 9.367599
v 197.2295 1.0726 9.367599
v 201.3313 7.361899 11.0695
v 256.0209 7.361899 11.0695
v 197.2295 1.0726 9.367599
v 197.2295 1.0726 35.4643
v 201.3313 7.361899 33.7623
v 201.3313 7.361899 11.0695
v 7.6423 7.361899 33.7623
v 62.332 7.361899 33.7623
v 62.332 7.361899 11.0695
v 7.6423 7.361899 11.0695
v 3.5406 1.0726 35.4643
v 66.4337 1.0726 35.4643
v 62.332 7.361899 33.7623
v 7.6423 7.361899 33.7623
v 66.4337 1.0726 35.4643
v 66.4337 1.0726 9.367599
v 62.332 7.361899 11.0695
v 62.332 7.361899 33.7623
v 66.4337 1.0726 9.367599
v 3.5406 1.0726 9.367599
v 7.6423 7.361899 11.0695
v 62.332 7.361899 11.0695
v 3.5406 1.0726 9.367599
v 3.5406 1.0726 35.4643
v 7.6423 7.361899 33.7623
v 7.6423 7.361899 11.0695
v 71.86499 -24.3691 41.8099
v 126.5546 -24.3691 41.8099
v 126.5546 -1.6763 41.8099
v 71.86499 -1.6763 41.8099
v 67.7632 -26.071 35.5206
v 130.6563 -26.071 35.5206
v 126.5546 -24.3691 41.8099
v 71.86499 -24.3691 41.8099
v 130.6563 -26.071 35.5206
v 130.6563 0.0257 35.5206
v 126.5546 -1.6763 41.8099
v 126.5546 -24.3691 41.8099
v 130.6563 0.0257 35.5206
v 67.7632 0.0257 35.5206
v 71.86499 -1.6763 41.8099
v 126.5546 -1.6763 41.8099
v 67.7632 0.0257 35.5206
v 67.7632 -26.071 35.5206
v 71.86499 -24.3691 41.8099
v 71.86499 -1.6763 41.8099
v 136.3499 -24.3691 41.8099
v 191.0396 -24.3691 41.8099
v 191.0396 -1.6763 41.8099
v 136.3499 -1.6763 41.8099
v 132.2482 -26.071 35.5206
v 195.1413 -26.071 35.5206
v 191.0396 -24.3691 41.8099
v 136.3499 -24.3691 41.8099
v 195.1413 -26.071 35.5206
v 195.1413 0.0257 35.5206
v 191.0396 -1.6763 41.8099
v 191.0396 -24.3691 41.8099
v 195.1413 0.0257 35.5206
v 132.2482 0.0257 35.5206
v 136.3499 -1.6763 41.8099
v 191.0396 -1.6763 41.8099
v 132.2482 0.0257 35.5206
v 132.2482 -26.071 35.5206
v 136.3499 -24.3691 41.8099
v 136.3499 -1.6763 41.8099
v 201.3313 -24.3691 41.8099
v 256.0209 -24.3691 41.8099
v 256.0209 -1.6763 41.8099
v 201.3313 -1.6763 41.8099
v 197.2295 -26.071 35.5206
v 260.1226 -26.071 35.5206
v 256.0209 -24.3691 41.8099
v 201.3313 -24.3691 41.8099
v 260.1226 -26.071 35.5206
v 260.1226 0.0257 35.5206
v 256.0209 -1.6763 41.8099
v 256.0209 -24.3691 41.8099
v 260.1226 0.0257 35.5206
v 197.2295 0.0257 35.5206
v 201.3313 -1.6763 41.8099
v 256.0209 -1.6763 41.8099
v 197.2295 0.0257 35.5206
v 197.2295 -26.071 35.5206
v 201.3313 -24.3691 41.8099
v 201.3313 -1.6763 41.8099
v 7.6423 -24.3691 41.8099
v 62.332 -24.3691 41.8099
v 62.332 -1.6763 41.8099
v 7.6423 -1.6763 41.8099
v 3.5406 -26.071 35.5206
v 66.4337 -26.071 35.5206
v 62.332 -24.3691 41.8099
v 7.6423 -24.3691 41.8099
v 66.4337 -26.071 35.5206
v 66.4337 0.0257 35.5206
v 62.332 -1.6763 41.8099
v 62.332 -24.3691 41.8099
v 66.4337 0.0257 35.5206
v 3.5406 0.0257 35.5206
v 7.6423 -1.6763 41.8099
v 62.332 -1.6763 41.8099
v 3.5406 0.0257 35.5206
v 3.5406 -26.071 35.5206
v 7.6423 -24.3691 41.8099
v 7.6423 -1.6763 41.8099
v -65.1284 7.361899 33.7623
v -119.818 7.361899 11.0695
v -119.818 7.361899 33.7623
v -65.1284 7.361899 11.0695
v -61.0267 1.0726 35.4643
v -119.818 7.361899 33.7623
v -123.9197 1.0726 35.4643
v -65.1284 7.361899 33.7623
v -123.9197 1.0726 35.4643
v -119.818 7.361899 11.0695
v -123.9197 1.0726 9.367599
v -119.818 7.361899 33.7623
v -123.9197 1.0726 9.367599
v -65.1284 7.361899 11.0695
v -61.0267 1.0726 9.367599
v -119.818 7.361899 11.0695
v -61.0267 1.0726 9.367599
v -65.1284 7.361899 33.7623
v -61.0267 1.0726 35.4643
v -65.1284 7.361899 11.0695
v -129.6133 7.361899 33.7623
v -184.303 7.361899 11.0695
v -184.303 7.361899 33.7623
v -129.6133 7.361899 11.0695
v -125.5116 1.0726 35.4643
v -184.303 7.361899 33.7623
v -188.4047 1.0726 35.4643
v -129.6133 7.361899 33.7623
v -188.4047 1.0726 35.4643
v -184.303 7.361899 11.0695
v -188.4047 1.0726 9.367599
v -184.303 7.361899 33.7623
v -188.4047 1.0726 9.367599
v -129.6133 7.361899 11.0695
v -125.5116 1.0726 9.367599
v -184.303 7.361899 11.0695
v -125.5116 1.0726 9.367599
v -129.6133 7.361899 33.7623
v -125.5116 1.0726 35.4643
v -129.6133 7.361899 11.0695
v -194.5947 7.361899 33.7623
v -249.2843 7.361899 11.0695
v -249.2843 7.361899 33.7623
v -194.5947 7.361899 11.0695
v -190.493 1.0726 35.4643
v -249.2843 7.361899 33.7623
v -253.386 1.0726 35.4643
v -194.5947 7.361899 33.7623
v -253.386 1.0726 35.4643
v -249.2843 7.361899 11.0695
v -253.386 1.0726 9.367599
v -249.2843 7.361899 33.7623
v -253.386 1.0726 9.367599
v -194.5947 7.361899 11.0695
v -190.493 1.0726 9.367599
v -249.2843 7.361899 11.0695
v -190.493 1.0726 9.367599
v -194.5947 7.361899 33.7623
v -190.493 1.0726 35.4643
v -194.5947 7.361899 11.0695
v -0.9057 7.361899 33.7623
v -55.5954 7.361899 11.0695
v -55.5954 7.361899 33.7623
v -0.9057 7.361899 11.0695
v 3.196 1.0726 35.4643
v -55.5954 7.361899 33.7623
v -59.6971 1.0726 35.4643
v -0.9057 7.361899 33.7623
v -59.6971 1.0726 35.4643
v -55.5954 7.361899 11.0695
v -59.6971 1.0726 9.367599
v -55.5954 7.361899 33.7623
v -59.6971 1.0726 9.367599
v -0.9057 7.361899 11.0695
v 3.196 1.0726 9.367599
v -55.5954 7.361899 11.0695
v 3.196 1.0726 9.367599
v -0.9057 7.361899 33.7623
v 3.196 1.0726 35.4643
v -0.9057 7.361899 11.0695
v -65.1284 -24.3691 41.8099
v -119.818 -1.6763 41.8099
v -119.818 -24.3691 41.8099
v -65.1284 -1.6763 41.8099
v -61.0267 -26.071 35.5206
v -119.818 -24.3691 41.8099
v -123.9197 -26.071 35.5206
v -65.1284 -24.3691 41.8099
v -123.9197 -26.071 35.5206
v -119.818 -1.6763 41.8099
v -123.9197 0.0257 35.5206
v -119.818 -24.3691 41.8099
v -123.9197 0.0257 35.5206
v -65.1284 -1.6763 41.8099
v -61.0267 0.0257 35.5206
v -119.818 -1.6763 41.8099
v -61.0267 0.0257 35.5206
v -65.1284 -24.3691 41.8099
v -61.0267 -26.071 35.5206
v -65.1284 -1.6763 41.8099
v -129.6133 -24.3691 41.8099
v -184.303 -1.6763 41.8099
v -184.303 -24.3691 41.8099
v -129.6133 -1.6763 41.8099
v -125.5116 -26.071 35.5206
v -184.303 -24.3691 41.8099
v -188.4047 -26.071 35.5206
v -129.6133 -24.3691 41.8099
v -188.4047 -26.071 35.5206
v -184.303 -1.6763 41.8099
v -188.4047 0.0257 35.5206
v -184.303 -24.3691 41.8099
v -188.4047 0.0257 35.5206
v -129.6133 -1.6763 41.8099
v -125.5116 0.0257 35.5206
v -184.303 -1.6763 41.8099
v -125.5116 0.0257 35.5206
v -129.6133 -24.3691 41.8099
v -125.5116 -26.071 35.5206
v -129.6133 -1.6763 41.8099
v -194.5947 -24.3691 41.8099
v -249.2843 -1.6763 41.8099
v -249.2843 -24.3691 41.8099
v -194.5947 -1.6763 41.8099
v -190.493 -26.071 35.5206
v -249.2843 -24.3691 41.8099
v -253.386 -26.071 35.5206
v -194.5947 -24.3691 41.8099
v -253.386 -26.071 35.5206
v -249.2843 -1.6763 41.8099
v -253.386 0.0257 35.5206
v -249.2843 -24.3691 41.8099
v -253.386 0.0257 35.5206
v -194.5947 -1.6763 41.8099
v -190.493 0.0257 35.5206
v -249.2843 -1.6763 41.8099
v -190.493 0.0257 35.5206
v -194.5947 -24.3691 41.8099
v -190.493 -26.071 35.5206
v -194.5947 -1.6763 41.8099
v -0.9057 -24.3691 41.8099
v -55.5954 -1.6763 41.8099
v -55.5954 -24.3691 41.8099
v -0.9057 -1.6763 41.8099
v 3.196 -26.071 35.5206
v -55.5954 -24.3691 41.8099
v -59.6971 -26.071 35.5206
v -0.9057 -24.3691 41.8099
v -59.6971 -26.071 35.5206
v -55.5954 -1.6763 41.8099
v -59.6971 0.0257 35.5206
v -55.5954 -24.3691 41.8099
v -59.6971 0.0257 35.5206
v -0.9057 -1.6763 41.8099
v 3.196 0.0257 35.5206
v -55.5954 -1.6763 41.8099
v 3.196 0.0257 35.5206
v -0.9057 -24.3691 41.8099
v 3.196 -26.071 35.5206
v -0.9057 -1.6763 41.8099
v 71.865 -25.1459 65.1771
v 126.5546 -25.1459 65.1771
v 126.5546 -25.1459 42.4843
v 71.865 -25.1459 42.4843
v 67.7632 -31.4352 66.879
v 130.6563 -31.4352 66.879
v 126.5546 -25.1459 65.1771
v 71.865 -25.1459 65.1771
v 130.6563 -31.4352 66.879
v 130.6563 -31.4352 40.7823
v 126.5546 -25.1459 42.4843
v 126.5546 -25.1459 65.1771
v 130.6563 -31.4352 40.7823
v 67.7632 -31.4352 40.7823
v 71.865 -25.1459 42.4843
v 126.5546 -25.1459 42.4843
v 67.7632 -31.4352 40.7823
v 67.7632 -31.4352 66.879
v 71.865 -25.1459 65.1771
v 71.865 -25.1459 42.4843
v 136.3499 -25.1459 65.1771
v 191.0396 -25.1459 65.1771
v 191.0396 -25.1459 42.4843
v 136.3499 -25.1459 42.4843
v 132.2482 -31.4352 66.879
v 195.1413 -31.4352 66.879
v 191.0396 -25.1459 65.1771
v 136.3499 -25.1459 65.1771
v 195.1413 -31.4352 66.879
v 195.1413 -31.4352 40.7823
v 191.0396 -25.1459 42.4843
v 191.0396 -25.1459 65.1771
v 195.1413 -31.4352 40.7823
v 132.2482 -31.4352 40.7823
v 136.3499 -25.1459 42.4843
v 191.0396 -25.1459 42.4843
v 132.2482 -31.4352 40.7823
v 132.2482 -31.4352 66.879
v 136.3499 -25.1459 65.1771
v 136.3499 -25.1459 42.4843
v 201.3313 -25.1459 65.1771
v 256.0209 -25.1459 65.1771
v 256.0209 -25.1459 42.4843
v 201.3313 -25.1459 42.4843
v 197.2295 -31.4352 66.879
v 260.1226 -31.4352 66.879
v 256.0209 -25.1459 65.1771
v 201.3313 -25.1459 65.1771
v 260.1226 -31.4352 66.879
v 260.1226 -31.4352 40.7823
v 256.0209 -25.1459 42.4843
v 256.0209 -25.1459 65.1771
v 260.1226 -31.4352 40.7823
v 197.2295 -31.4352 40.7823
v 201.3313 -25.1459 42.4843
v 256.0209 -25.1459 42.4843
v 197.2295 -31.4352 40.7823
v 197.2295 -31.4352 66.879
v 201.3313 -25.1459 65.1771
v 201.3313 -25.1459 42.4843
v 7.6423 -25.1459 65.1771
v 62.332 -25.1459 65.1771
v 62.332 -25.1459 42.4843
v 7.6423 -25.1459 42.4843
v 3.5406 -31.4352 66.879
v 66.4337 -31.4352 66.879
v 62.332 -25.1459 65.1771
v 7.6423 -25.1459 65.1771
v 66.4337 -31.4352 66.879
v 66.4337 -31.4352 40.7823
v 62.332 -25.1459 42.4843
v 62.332 -25.1459 65.1771
v 66.4337 -31.4352 40.7823
v 3.5406 -31.4352 40.7823
v 7.6423 -25.1459 42.4843
v 62.332 -25.1459 42.4843
v 3.5406 -31.4352 40.7823
v 3.5406 -31.4352 66.879
v 7.6423 -25.1459 65.1771
v 7.6423 -25.1459 42.4843
v 71.865 -56.8769 73.2247
v 126.5546 -56.8769 73.2247
v 126.5546 -34.1841 73.2247
v 71.865 -34.1841 73.2247
v 67.7632 -58.5788 66.9354
v 130.6563 -58.5788 66.9354
v 126.5546 -56.8769 73.2247
v 71.865 -56.8769 73.2247
v 130.6563 -58.5788 66.9354
v 130.6563 -32.4821 66.9354
v 126.5546 -34.1841 73.2247
v 126.5546 -56.8769 73.2247
v 130.6563 -32.4821 66.9354
v 67.7632 -32.4821 66.9354
v 71.865 -34.1841 73.2247
v 126.5546 -34.1841 73.2247
v 67.7632 -32.4821 66.9354
v 67.7632 -58.5788 66.9354
v 71.865 -56.8769 73.2247
v 71.865 -34.1841 73.2247
v 136.3499 -56.8769 73.2247
v 191.0396 -56.8769 73.2247
v 191.0396 -34.1841 73.2247
v 136.3499 -34.1841 73.2247
v 132.2482 -58.5788 66.9354
v 195.1413 -58.5788 66.9354
v 191.0396 -56.8769 73.2247
v 136.3499 -56.8769 73.2247
v 195.1413 -58.5788 66.9354
v 195.1413 -32.4821 66.9354
v 191.0396 -34.1841 73.2247
v 191.0396 -56.8769 73.2247
v 195.1413 -32.4821 66.9354
v 132.2482 -32.4821 66.9354
v 136.3499 -34.1841 73.2247
v 191.0396 -34.1841 73.2247
v 132.2482 -32.4821 66.9354
v 132.2482 -58.5788 66.9354
v 136.3499 -56.8769 73.2247
v 136.3499 -34.1841 73.2247
v 201.3313 -56.8769 73.2247
v 256.0209 -56.8769 73.2247
v 256.0209 -34.1841 73.2247
v 201.3313 -34.1841 73.2247
v 197.2295 -58.5788 66.9354
v 260.1226 -58.5788 66.9354
v 256.0209 -56.8769 73.2247
v 201.3313 -56.8769 73.2247
v 260.1226 -58.5788 66.9354
v 260.1226 -32.4821 66.9354
v 256.0209 -34.1841 73.2247
v 256.0209 -56.8769 73.2247
v 260.1226 -32.4821 66.9354
v 197.2295 -32.4821 66.9354
v 201.3313 -34.1841 73.2247
v 256.0209 -34.1841 73.2247
v 197.2295 -32.4821 66.9354
v 197.2295 -58.5788 66.9354
v 201.3313 -56.8769 73.2247
v 201.3313 -34.1841 73.2247
v 7.6423 -56.8769 73.2247
v 62.332 -56.8769 73.2247
v 62.332 -34.1841 73.2247
v 7.6423 -34.1841 73.2247
v 3.5406 -58.5788 66.9354
v 66.4337 -58.5788 66.9354
v 62.332 -56.8769 73.2247
v 7.6423 -56.8769 73.2247
v 66.4337 -58.5788 66.9354
v 66.4337 -32.4821 66.9354
v 62.332 -34.1841 73.2247
v 62.332 -56.8769 73.2247
v 66.4337 -32.4821 66.9354
v 3.5406 -32.4821 66.9354
v 7.6423 -34.1841 73.2247
v 62.332 -34.1841 73.2247
v 3.5406 -32.4821 66.9354
v 3.5406 -58.5788 66.9354
v 7.6423 -56.8769 73.2247
v 7.6423 -34.1841 73.2247
v -65.1284 -25.1459 65.1771
v -119.818 -25.1459 42.4843
v -119.818 -25.1459 65.1771
v -65.1284 -25.1459 42.4843
v -61.0267 -31.4352 66.8791
v -119.818 -25.1459 65.1771
v -123.9197 -31.4352 66.8791
v -65.1284 -25.1459 65.1771
v -123.9197 -31.4352 66.8791
v -119.818 -25.1459 42.4843
v -123.9197 -31.4352 40.7823
v -119.818 -25.1459 65.1771
v -123.9197 -31.4352 40.7823
v -65.1284 -25.1459 42.4843
v -61.0267 -31.4352 40.7823
v -119.818 -25.1459 42.4843
v -61.0267 -31.4352 40.7823
v -65.1284 -25.1459 65.1771
v -61.0267 -31.4352 66.8791
v -65.1284 -25.1459 42.4843
v -129.6133 -25.1459 65.1771
v -184.303 -25.1459 42.4843
v -184.303 -25.1459 65.1771
v -129.6133 -25.1459 42.4843
v -125.5116 -31.4352 66.8791
v -184.303 -25.1459 65.1771
v -188.4047 -31.4352 66.8791
v -129.6133 -25.1459 65.1771
v -188.4047 -31.4352 66.8791
v -184.303 -25.1459 42.4843
v -188.4047 -31.4352 40.7823
v -184.303 -25.1459 65.1771
v -188.4047 -31.4352 40.7823
v -129.6133 -25.1459 42.4843
v -125.5116 -31.4352 40.7823
v -184.303 -25.1459 42.4843
v -125.5116 -31.4352 40.7823
v -129.6133 -25.1459 65.1771
v -125.5116 -31.4352 66.8791
v -129.6133 -25.1459 42.4843
v -194.5947 -25.1459 65.1771
v -249.2843 -25.1459 42.4843
v -249.2843 -25.1459 65.1771
v -194.5947 -25.1459 42.4843
v -190.493 -31.4352 66.8791
v -249.2843 -25.1459 65.1771
v -253.386 -31.4352 66.8791
v -194.5947 -25.1459 65.1771
v -253.386 -31.4352 66.8791
v -249.2843 -25.1459 42.4843
v -253.386 -31.4352 40.7824
v -249.2843 -25.1459 65.1771
v -253.386 -31.4352 40.7824
v -194.5947 -25.1459 42.4843
v -190.493 -31.4352 40.7824
v -249.2843 -25.1459 42.4843
v -190.493 -31.4352 40.7824
v -194.5947 -25.1459 65.1771
v -190.493 -31.4352 66.8791
v -194.5947 -25.1459 42.4843
v -0.9057 -25.1459 65.1771
v -55.5954 -25.1459 42.4843
v -55.5954 -25.1459 65.1771
v -0.9057 -25.1459 42.4843
v 3.196 -31.4352 66.8791
v -55.5954 -25.1459 65.1771
v -59.6971 -31.4352 66.8791
v -0.9057 -25.1459 65.1771
v -59.6971 -31.4352 66.8791
v -55.5954 -25.1459 42.4843
v -59.6971 -31.4352 40.7824
v -55.5954 -25.1459 65.1771
v -59.6971 -31.4352 40.7824
v -0.9057 -25.1459 42.4843
v 3.196 -31.4352 40.7824
v -55.5954 -25.1459 42.4843
v 3.196 -31.4352 40.7824
v -0.9057 -25.1459 65.1771
v 3.196 -31.4352 66.8791
v -0.9057 -25.1459 42.4843
v -65.1284 -56.8769 73.2247
v -119.818 -34.1841 73.2247
v -119.818 -56.8769 73.2247
v -65.1284 -34.1841 73.2247
v -61.0267 -58.5788 66.9354
v -119.818 -56.8769 73.2247
v -123.9197 -58.5788 66.9354
v -65.1284 -56.8769 73.2247
v -123.9197 -58.5788 66.9354
v -119.818 -34.1841 73.2247
v -123.9197 -32.4821 66.9354
v -119.818 -56.8769 73.2247
v -123.9197 -32.4821 66.9354
v -65.1284 -34.1841 73.2247
v -61.0267 -32.4821 66.9354
v -119.818 -34.1841 73.2247
v -61.0267 -32.4821 66.9354
v -65.1284 -56.8769 73.2247
v -61.0267 -58.5788 66.9354
v -65.1284 -34.1841 73.2247
v -129.6133 -56.8769 73.2247
v -184.303 -34.1841 73.2247
v -184.303 -56.8769 73.2247
v -129.6133 -34.1841 73.2247
v -125.5116 -58.5788 66.9354
v -184.303 -56.8769 73.2247
v -188.4047 -58.5788 66.9354
v -129.6133 -56.8769 73.2247
v -188.4047 -58.5788 66.9354
v -184.303 -34.1841 73.2247
v -188.4047 -32.4821 66.9354
v -184.303 -56.8769 73.2247
v -188.4047 -32.4821 66.9354
v -129.6133 -34.1841 73.2247
v -125.5116 -32.4821 66.9354
v -184.303 -34.1841 73.2247
v -125.5116 -32.4821 66.9354
v -129.6133 -56.8769 73.2247
v -125.5116 -58.5788 66.9354
v -129.6133 -34.1841 73.2247
v -194.5947 -56.8769 73.2247
v -249.2843 -34.1841 73.2247
v -249.2843 -56.8769 73.2247
v -194.5947 -34.1841 73.2247
v -190.493 -58.5788 66.9354
v -249.2843 -56.8769 73.2247
v -253.386 -58.5788 66.9354
v -194.5947 -56.8769 73.2247
v -253.386 -58.5788 66.9354
v -249.2843 -34.1841 73.2247
v -253.386 -32.4821 66.9354
v -249.2843 -56.8769 73.2247
v -253.386 -32.4821 66.9354
v -194.5947 -34.1841 73.2247
v -190.493 -32.4821 66.9354
v -249.2843 -34.1841 73.2247
v -190.493 -32.4821 66.9354
v -194.5947 -56.8769 73.2247
v -190.493 -58.5788 66.9354
v -194.5947 -34.1841 73.2247
v -0.9057 -56.8769 73.2247
v -55.5954 -34.1841 73.2247
v -55.5954 -56.8769 73.2247
v -0.9057 -34.1841 73.2247
v 3.196 -58.5788 66.9354
v -55.5954 -56.8769 73.2247
v -59.6971 -58.5788 66.9354
v -0.9057 -56.8769 73.2247
v -59.6971 -58.5788 66.9354
v -55.5954 -34.1841 73.2247
v -59.6971 -32.4821 66.9354
v -55.5954 -56.8769 73.2247
v -59.6971 -32.4821 66.9354
v -0.9057 -34.1841 73.2247
v 3.196 -32.4821 66.9354
v -55.5954 -34.1841 73.2247
v 3.196 -32.4821 66.9354
v -0.9057 -56.8769 73.2247
v 3.196 -58.5788 66.9354
v -0.9057 -34.1841 73.2247
v -82.9358 39.106 -26.7716
v 82.6137 39.106 -26.7716
v 82.6137 39.106 -171.0103
v -82.9358 39.106 -171.0103
v -85.3861 32.8167 -23.2995
v 85.064 32.8167 -23.2995
v 82.6137 39.106 -26.7716
v -82.9358 39.106 -26.7716
v 85.064 32.8167 -23.2995
v 85.064 32.8167 -174.4823
v 82.6137 39.106 -171.0103
v 82.6137 39.106 -26.7716
v 85.064 32.8167 -174.4823
v -85.3861 32.8167 -174.4823
v -82.9358 39.106 -171.0103
v 82.6137 39.106 -171.0103
v -85.3861 32.8167 -174.4823
v -85.3861 32.8167 -23.2995
v -82.9358 39.106 -26.7716
v -82.9358 39.106 -171.0103
v 88.5971 39.106 -26.9556
v 254.1466 39.106 -26.9556
v 254.1466 39.106 -171.1943
v 88.5971 39.106 -171.1943
v 86.1468 32.8167 -23.4836
v 256.5969 32.8167 -23.4836
v 254.1466 39.106 -26.9556
v 88.5971 39.106 -26.9556
v 256.5969 32.8167 -23.4836
v 256.5969 32.8167 -174.6663
v 254.1466 39.106 -171.1943
v 254.1466 39.106 -26.9556
v 256.5969 32.8167 -174.6663
v 86.1468 32.8167 -174.6663
v 88.5971 39.106 -171.1943
v 254.1466 39.106 -171.1943
v 86.1468 32.8167 -174.6663
v 86.1468 32.8167 -23.4836
v 88.5971 39.106 -26.9556
v 88.5971 39.106 -171.1943
v -89.2831 39.106 -171.1942
v -254.8326 39.106 -171.1943
v -254.8326 39.106 -26.9556
v -89.2831 39.106 -26.9556
v -86.8328 32.8167 -174.6663
v -257.2829 32.8167 -174.6663
v -254.8326 39.106 -171.1943
v -89.2831 39.106 -171.1942
v -257.2829 32.8167 -174.6663
v -257.2829 32.8167 -23.4836
v -254.8326 39.106 -26.9556
v -254.8326 39.106 -171.1943
v -257.2829 32.8167 -23.4836
v -86.8328 32.8167 -23.4836
v -89.2831 39.106 -26.9556
v -254.8326 39.106 -26.9556
v -86.8328 32.8167 -23.4836
v -86.8328 32.8167 -174.6663
v -89.2831 39.106 -171.1942
v -89.2831 39.106 -26.9556
v -82.9358 -57.5778 218.7959
v 82.6137 -57.5778 218.7959
v 82.6137 -57.5778 74.5573
v -82.9358 -57.5778 74.5573
v -85.3861 -63.8671 222.2679
v 85.064 -63.8671 222.2679
v 82.6137 -57.5778 218.7959
v -82.9358 -57.5778 218.7959
v 85.064 -63.8671 222.2679
v 85.064 -63.8671 71.0853
v 82.6137 -57.5778 74.5573
v 82.6137 -57.5778 218.7959
v 85.064 -63.8671 71.0853
v -85.3861 -63.8671 71.0852
v -82.9358 -57.5778 74.5573
v 82.6137 -57.5778 74.5573
v -85.3861 -63.8671 71.0852
v -85.3861 -63.8671 222.2679
v -82.9358 -57.5778 218.7959
v -82.9358 -57.5778 74.5573
v 88.5971 -57.5778 218.6118
v 254.1466 -57.5778 218.6119
v 254.1466 -57.5778 74.3733
v 88.5971 -57.5778 74.3733
v 86.1468 -63.8671 222.0839
v 256.5969 -63.8671 222.0839
v 254.1466 -57.5778 218.6119
v 88.5971 -57.5778 218.6118
v 256.5969 -63.8671 222.0839
v 256.5969 -63.8671 70.9013
v 254.1466 -57.5778 74.3733
v 254.1466 -57.5778 218.6119
v 256.5969 -63.8671 70.9013
v 86.1468 -63.8671 70.9013
v 88.5971 -57.5778 74.3733
v 254.1466 -57.5778 74.3733
v 86.1468 -63.8671 70.9013
v 86.1468 -63.8671 222.0839
v 88.5971 -57.5778 218.6118
v 88.5971 -57.5778 74.3733
v -89.2831 -57.5778 74.3734
v -254.8326 -57.5778 74.3734
v -254.8326 -57.5778 218.612
v -89.2831 -57.5778 218.612
v -86.8328 -63.8671 70.9014
v -257.2829 -63.8671 70.9014
v -254.8326 -57.5778 74.3734
v -89.2831 -57.5778 74.3734
v -257.2829 -63.8671 70.9014
v -257.2829 -63.8671 222.084
v -254.8326 -57.5778 218.612
v -254.8326 -57.5778 74.3734
v -257.2829 -63.8671 222.084
v -86.8328 -63.8671 222.0841
v -89.2831 -57.5778 218.612
v -254.8326 -57.5778 218.612
v -86.8328 -63.8671 222.0841
v -86.8328 -63.8671 70.9014
v -89.2831 -57.5778 74.3734
v -89.2831 -57.5778 218.612
vn 0 1 -0
vn 0 1 -0
vn 0 1 -0
vn 0 1 -0
vn 0 0.261196 0.965286
vn 0 0.261196 0.965286
vn 0 0.261196 0.965286
vn 0 0.261196 0.965286
vn 0.837593 0.546295 -0
vn 0.837593 0.546295 -0
vn 0.837593 0.546295 -0
vn 0.837593 0.546295 -0
vn 0 0.261196 -0.965286
vn 0 0.261196 -0.965286
vn 0 0.261196 -0.965286
vn 0 0.261196 -0.965286
vn -0.837593 0.546295 -0
vn -0.837593 0.546295 -0
vn -0.837593 0.546295 -0
vn -0.837593 0.546295 -0
vn 0 1 -0
vn 0 1 -0
vn 0 1 -0
vn 0 1 -0
vn 0 0.261196 0.965286
vn 0 0.261196 0.965286
vn 0 0.261196 0.965286
vn 0 0.261196 0.965286
vn 0.837593 0.546295 -0
vn 0.837593 0.546295 -0
vn 0.837593 0.546295 -0
vn 0.837593 0.546295 -0
vn 0 0.261196 -0.965286
vn 0 0.261196 -0.965286
vn 0 0.261196 -0.965286
vn 0 0.261196 -0.965286
vn -0.837593 0.546295 -0
vn -0.837593 0.546295 -0
vn -0.837593 0.546295 -0
vn -0.837593 0.546295 -0
vn 0 1 -0
vn 0 1 -0
vn 0 1 -0
vn 0 1 -0
vn 0 0.261196 0.965286
vn 0 0.261196 0.965286
vn 0 0.261196 0.965286
vn 0 0.261196 0.965286
vn 0.837593 0.546295 -0
vn 0.837593 0.546295 -0
vn 0.837593 0.546295 -0
vn 0.837593 0.546295 -0
vn 0 0.261196 -0.965286
vn 0 0.261196 -0.965286
vn 0 0.261196 -0.965286
vn 0 0.261196 -0.965286
vn -0.837593 0.546295 -0
vn -0.837593 0.546295 -0
vn -0.837593 0.546295 -0
vn -0.837593 0.546295 -0
vn 0 1 -0
vn 0 1 -0
vn 0 1 -0
vn 0 1 -0
vn 0 0.261196 0.965286
vn 0 0.261196 0.965286
vn 0 0.261196 0.965286
vn 0 0.261196 0.965286
vn 0.837593 0.546295 -0
vn 0.837593 0.546295 -0
vn 0.837593 0.546295 -0
vn 0.837593 0.546295 -0
vn 0 0.261196 -0.965286
vn 0 0.261196 -0.965286
vn 0 0.261196 -0.965286
vn 0 0.261196 -0.965286
vn -0.837593 0.546295 -0
vn -0.837593 0.546295 -0
vn -0.837593 0.546295 -0
vn -0.837593 0.546295 -0
vn 0 0 1
vn 0 0 1
vn 0 0 1
vn 0 0 1
vn 0 -0.965286 0.261196
vn 0 -0.965286 0.261196
vn 0 -0.965286 0.261196
vn 0 -0.965286 0.261196
vn 0.837593 0 0.546295
vn 0.837593 0 0.546295
vn 0.837593 0 0.546295
vn 0.837593 0 0.546295
vn 0 0.965286 0.261196
vn 0 0.965286 0.261196
vn 0 0.965286 0.261196
vn 0 0.965286 0.261196
vn -0.837593 0 0.546295
vn -0.837593 0 0.546295
vn -0.837593 0 0.546295
vn -0.837593 0 0.546295
vn 0 0 1
vn 0 0 1
vn 0 0 1
vn 0 0 1
vn 0 -0.965286 0.261196
vn 0 -0.965286 0.261196
vn 0 -0.965286 0.261196
vn 0 -0.965286 0.261196
vn 0.837593 0 0.546295
vn 0.837593 0 0.546295
vn 0.837593 0 0.546295
vn 0.837593 0 0.546295
vn 0 0.965286 0.261196
vn 0 0.965286 0.261196
vn 0 0.965286 0.261196
vn 0 0.965286 0.261196
vn -0.837593 0 0.546295
vn -0.837593 0 0.546295
vn -0.837593 0 0.546295
vn -0.837593 0 0.546295
vn 0 0 1
vn 0 0 1
vn 0 0 1
vn 0 0 1
vn 0 -0.965286 0.261196
vn 0 -0.965286 0.261196
vn 0 -0.965286 0.261196
vn 0 -0.965286 0.261196
vn 0.837593 0 0.546295
vn 0.837593 0 0.546295
vn 0.837593 0 0.546295
vn 0.837593 0 0.546295
vn 0 0.965286 0.261196
vn 0 0.965286 0.261196
vn 0 0.965286 0.261196
vn 0 0.965286 0.261196
vn -0.837593 0 0.546295
vn -0.837593 0 0.546295
vn -0.837593 0 0.546295
vn -0.837593 0 0.546295
vn 0 0 1
vn 0 0 1
vn 0 0 1
vn 0 0 1
vn 0 -0.965286 0.261196
vn 0 -0.965286 0.261196
vn 0 -0.965286 0.261196
vn 0 -0.965286 0.261196
vn 0.837593 0 0.546295
vn 0.837593 0 0.546295
vn 0.837593 0 0.546295
vn 0.837593 0 0.546295
vn 0 0.965286 0.261196
vn 0 0.965286 0.261196
vn 0 0.965286 0.261196
vn 0 0.965286 0.261196
vn -0.837593 0 0.546295
vn -0.837593 0 0.546295
vn -0.837593 0 0.546295
vn -0.837593 0 0.546295
vn 0 1 -0
vn 0 1 -0
vn 0 1 -0
vn 0 1 -0
vn 0 0.261196 0.965286
vn 0 0.261196 0.965286
vn 0 0.261196 0.965286
vn 0 0.261196 0.965286
vn -0.837593 0.546295 -0
vn -0.837593 0.546295 -0
vn -0.837593 0.546295 -0
vn -0.837593 0.546295 -0
vn 0 0.261196 -0.965286
vn 0 0.261196 -0.965286
vn 0 0.261196 -0.965286
vn 0 0.261196 -0.965286
vn 0.837593 0.546295 -0
vn 0.837593 0.546295 -0
vn 0.837593 0.546295 -0
vn 0.837593 0.546295 -0
vn 0 1 -0
vn 0 1 -0
vn 0 1 -0
vn 0 1 -0
vn 0 0.261196 0.965286
vn 0 0.261196 0.965286
vn 0 0.261196 0.965286
vn 0 0.261196 0.965286
vn -0.837593 0.546295 -0
vn -0.837593 0.546295 -0
vn -0.837593 0.546295 -0
vn -0.837593 0.546295 -0
vn 0 0.261196 -0.965286
vn 0 0.261196 -0.965286
vn 0 0.261196 -0.965286
vn 0 0.261196 -0.965286
vn 0.837593 0.546295 -0
vn 0.837593 0.546295 -0
vn 0.837593 0.546295 -0
vn 0.837593 0.546295 -0
vn 0 1 -0
vn 0 1 -0
vn 0 1 -0
vn 0 1 -0
vn 0 0.261196 0.965286
vn 0 0.261196 0.965286
vn 0 0.261196 0.965286
vn 0 0.261196 0.965286
vn -0.837593 0.546295 -0
vn -0.837593 0.546295 -0
vn -0.837593 0.546295 -0
vn -0.837593 0.546295 -0
vn 0 0.261196 -0.965286
vn 0 0.261196 -0.965286
vn 0 0.261196 -0.965286
vn 0 0.261196 -0.965286
vn 0.837593 0.546295 -0
vn 0.837593 0.546295 -0
vn 0.837593 0.546295 -0
vn 0.837593 0.546295 -0
vn 0 1 -0
vn 0 1 -0
vn 0 1 -0
vn 0 1 -0
vn 0 0.261196 0.965286
vn 0 0.261196 0.965286
vn 0 0.261196 0.965286
vn 0 0.261196 0.965286
vn -0.837593 0.546295 -0
vn -0.837593 0.546295 -0
vn -0.837593 0.546295 -0
vn -0.837593 0.546295 -0
vn 0 0.261196 -0.965286
vn 0 0.261196 -0.965286
vn 0 0.261196 -0.965286
vn 0 0.261196 -0.965286
vn 0.837593 0.546295 -0
vn 0.837593 0.546295 -0
vn 0.837593 0.546295 -0
vn 0.837593 0.546295 -0
vn 0 0 1
vn 0 0 1
vn 0 0 1
vn 0 0 1
vn 0 -0.965286 0.261196
vn 0 -0.965286 0.261196
vn 0 -0.965286 0.261196
vn 0 -0.965286 0.261196
vn -0.837593 0 0.546295
vn -0.837593 0 0.546295
vn -0.837593 0 0.546295
vn -0.837593 0 0.546295
vn 0 0.965286 0.261196
vn 0 0.965286 0.261196
vn 0 0.965286 0.261196
vn 0 0.965286 0.261196
vn 0.837593 0 0.546295
vn 0.837593 0 0.546295
vn 0.837593 0 0.546295
vn 0.837593 0 0.546295
vn 0 0 1
vn 0 0 1
vn 0 0 1
vn 0 0 1
vn 0 -0.965286 0.261196
vn 0 -0.965286 0.261196
vn 0 -0.965286 0.261196
vn 0 -0.965286 0.261196
vn -0.837593 0 0.546295
vn -0.837593 0 0.546295
vn -0.837593 0 0.546295
vn -0.837593 0 0.546295
vn 0 0.965286 0.261196
vn 0 0.965286 0.261196
vn 0 0.965286 0.261196
vn 0 0.965286 0.261196
vn 0.837593 0 0.546295
vn 0.837593 0 0.546295
vn 0.837593 0 0.546295
vn 0.837593 0 0.546295
vn 0 0 1
vn 0 0 1
vn 0 0 1
vn 0 0 1
vn 0 -0.965286 0.261196
vn 0 -0.965286 0.261196
vn 0 -0.965286 0.261196
vn 0 -0.965286 0.261196
vn -0.837593 0 0.546295
vn -0.837593 0 0.546295
vn -0.837593 0 0.546295
vn -0.837593 0 0.546295
vn 0 0.965286 0.261196
vn 0 0.965286 0.261196
vn 0 0.965286 0.261196
vn 0 0.965286 0.261196
vn 0.837593 0 0.546295
vn 0.837593 0 0.546295
vn 0.837593 0 0.546295
vn 0.837593 0 0.546295
vn 0 0 1
vn 0 0 1
vn 0 0 1
vn 0 0 1
vn 0 -0.965286 0.261196
vn 0 -0.965286 0.261196
vn 0 -0.965286 0.261196
vn 0 -0.965286 0.261196
vn -0.837593 0 0.546295
vn -0.837593 0 0.546295
vn -0.837593 0 0.546295
vn -0.837593 0 0.546295
vn 0 0.965286 0.261196
vn 0 0.965286 0.261196
vn 0 0.965286 0.261196
vn 0 0.965286 0.261196
vn 0.837593 0 0.546295
vn 0.837593 0 0.546295
vn 0.837593 0 0.546295
vn 0.837593 0 0.546295
vn 0 1 -0
vn 0 1 -0
vn 0 1 -0
vn 0 1 -0
vn -0.249801 0.261201 0.932402
vn -0.249801 0.261201 0.932402
vn -0.249801 0.261201 0.932402
vn -0.249801 0.261201 0.932402
vn 0.809064 0.546276 0.21679
vn 0.809064 0.546276 0.21679
vn 0.809064 0.546276 0.21679
vn 0.809064 0.546276 0.21679
vn 0.249801 0.261201 -0.932402
vn 0.249801 0.261201 -0.932402
vn 0.249801 0.261201 -0.932402
vn 0.249801 0.261201 -0.932402
vn -0.809064 0.546276 -0.21679
vn -0.809064 0.546276 -0.21679
vn -0.809064 0.546276 -0.21679
vn -0.809064 0.546276 -0.21679
vn 0 1 -0
vn 0 1 -0
vn 0 1 -0
vn 0 1 -0
vn 0.249801 0.261201 0.932402
vn 0.249801 0.261201 0.932402
vn 0.249801 0.261201 0.932402
vn 0.249801 0.261201 0.932402
vn 0.809064 0.546276 -0.21679
vn 0.809064 0.546276 -0.21679
vn 0.809064 0.546276 -0.21679
vn 0.809064 0.546276 -0.21679
vn -0.249801 0.261201 -0.932402
vn -0.249801 0.261201 -0.932402
vn -0.249801 0.261201 -0.932402
vn -0.249801 0.261201 -0.932402
vn -0.809064 0.546276 0.21679
vn -0.809064 0.546276 0.21679
vn -0.809064 0.546276 0.21679
vn -0.809064 0.546276 0.21679
vn 0 0.9397 -0.342
vn 0 0.9397 -0.342
vn 0 0.9397 -0.342
vn 0 0.9397 -0.342
vn 0.167606 0.57062 0.803928
vn 0.167606 0.57062 0.803928
vn 0.167606 0.57062 0.803928
vn 0.167606 0.57062 0.803928
vn 0.824885 0.463591 -0.323494
vn 0.824885 0.463591 -0.323494
vn 0.824885 0.463591 -0.323494
vn 0.824885 0.463591 -0.323494
vn -0.167605 -0.079702 -0.982627
vn -0.167605 -0.079702 -0.982627
vn -0.167605 -0.079702 -0.982627
vn -0.167605 -0.079702 -0.982627
vn -0.824875 0.563083 -0.050198
vn -0.824875 0.563083 -0.050198
vn -0.824875 0.563083 -0.050198
vn -0.824875 0.563083 -0.050198
vn 0 1 -0
vn 0 1 -0
vn 0 1 -0
vn 0 1 -0
vn 0.90709 0.261197 0.330096
vn 0.90709 0.261197 0.330096
vn 0.90709 0.261197 0.330096
vn 0.90709 0.261197 0.330096
vn 0.286493 0.546286 -0.787079
vn 0.286493 0.546286 -0.787079
vn 0.286493 0.546286 -0.787079
vn 0.286493 0.546286 -0.787079
vn -0.90709 0.261197 -0.330096
vn -0.90709 0.261197 -0.330096
vn -0.90709 0.261197 -0.330096
vn -0.90709 0.261197 -0.330096
vn -0.286493 0.546286 0.787079
vn -0.286493 0.546286 0.787079
vn -0.286493 0.546286 0.787079
vn -0.286493 0.546286 0.787079
vn 0 1 -0
vn 0 1 -0
vn 0 1 -0
vn 0 1 -0
vn -0.249801 0.261201 0.932402
vn -0.249801 0.261201 0.932402
vn -0.249801 0.261201 0.932402
vn -0.249801 0.261201 0.932402
vn 0.809064 0.546276 0.21679
vn 0.809064 0.546276 0.21679
vn 0.809064 0.546276 0.21679
vn 0.809064 0.546276 0.21679
vn 0.249801 0.261201 -0.932402
vn 0.249801 0.261201 -0.932402
vn 0.249801 0.261201 -0.932402
vn 0.249801 0.261201 -0.932402
vn -0.809064 0.546276 -0.21679
vn -0.809064 0.546276 -0.21679
vn -0.809064 0.546276 -0.21679
vn -0.809064 0.546276 -0.21679
vn 0 1 -0
vn 0 1 -0
vn 0 1 -0
vn 0 1 -0
vn 0.249801 0.261201 0.932402
vn 0.249801 0.261201 0.932402
vn 0.249801 0.261201 0.932402
vn 0.249801 0.261201 0.932402
vn 0.809064 0.546276 -0.21679
vn 0.809064 0.546276 -0.21679
vn 0.809064 0.546276 -0.21679
vn 0.809064 0.546276 -0.21679
vn -0.249801 0.261201 -0.932402
vn -0.249801 0.261201 -0.932402
vn -0.249801 0.261201 -0.932402
vn -0.249801 0.261201 -0.932402
vn -0.809064 0.546276 0.21679
vn -0.809064 0.546276 0.21679
vn -0.809064 0.546276 0.21679
vn -0.809064 0.546276 0.21679
vn 0 0.9397 -0.342
vn 0 0.9397 -0.342
vn 0 0.9397 -0.342
vn 0 0.9397 -0.342
vn 0.167606 0.57062 0.803928
vn 0.167606 0.57062 0.803928
vn 0.167606 0.57062 0.803928
vn 0.167606 0.57062 0.803928
vn 0.824885 0.463591 -0.323494
vn 0.824885 0.463591 -0.323494
vn 0.824885 0.463591 -0.323494
vn 0.824885 0.463591 -0.323494
vn -0.167605 -0.079702 -0.982627
vn -0.167605 -0.079702 -0.982627
vn -0.167605 -0.079702 -0.982627
vn -0.167605 -0.079702 -0.982627
vn -0.824875 0.563083 -0.050198
vn -0.824875 0.563083 -0.050198
vn -0.824875 0.563083 -0.050198
vn -0.824875 0.563083 -0.050198
vn 0 1 -0
vn 0 1 -0
vn 0 1 -0
vn 0 1 -0
vn 0.90709 0.261197 0.330096
vn 0.90709 0.261197 0.330096
vn 0.90709 0.261197 0.330096
vn 0.90709 0.261197 0.330096
vn 0.286493 0.546286 -0.787079
vn 0.286493 0.546286 -0.787079
vn 0.286493 0.546286 -0.787079
vn 0.286493 0.546286 -0.787079
vn -0.90709 0.261197 -0.330096
vn -0.90709 0.261197 -0.330096
vn -0.90709 0.261197 -0.330096
vn -0.90709 0.261197 -0.330096
vn -0.286493 0.546286 0.787079
vn -0.286493 0.546286 0.787079
vn -0.286493 0.546286 0.787079
vn -0.286493 0.546286 0.787079
vn 0 1 -0
vn 0 1 -0
vn 0 1 -0
vn 0 1 -0
vn 0 0.261196 0.965286
vn 0 0.261196 0.965286
vn 0 0.261196 0.965286
vn 0 0.261196 0.965286
vn 0.837593 0.546295 -0
vn 0.837593 0.546295 -0
vn 0.837593 0.546295 -0
vn 0.837593 0.546295 -0
vn 0 0.261196 -0.965286
vn 0 0.261196 -0.965286
vn 0 0.261196 -0.965286
vn 0 0.261196 -0.965286
vn -0.837593 0.546295 -0
vn -0.837593 0.546295 -0
vn -0.837593 0.546295 -0
vn -0.837593 0.546295 -0
vn 0 1 -0
vn 0 1 -0
vn 0 1 -0
vn 0 1 -0
vn 0 0.261196 0.965286
vn 0 0.261196 0.965286
vn 0 0.261196 0.965286
vn 0 0.261196 0.965286
vn 0.837593 0.546295 -0
vn 0.837593 0.546295 -0
vn 0.837593 0.546295 -0
vn 0.837593 0.546295 -0
vn 0 0.261196 -0.965286
vn 0 0.261196 -0.965286
vn 0 0.261196 -0.965286
vn 0 0.261196 -0.965286
vn -0.837593 0.546295 -0
vn -0.837593 0.546295 -0
vn -0.837593 0.546295 -0
vn -0.837593 0.546295 -0
vn 0 1 -0
vn 0 1 -0
vn 0 1 -0
vn 0 1 -0
vn 0 0.261196 0.965286
vn 0 0.261196 0.965286
vn 0 0.261196 0.965286
vn 0 0.261196 0.965286
vn 0.837593 0.546295 -0
vn 0.837593 0.546295 -0
vn 0.837593 0.546295 -0
vn 0.837593 0.546295 -0
vn 0 0.261196 -0.965286
vn 0 0.261196 -0.965286
vn 0 0.261196 -0.965286
vn 0 0.261196 -0.965286
vn -0.837593 0.546295 -0
vn -0.837593 0.546295 -0
vn -0.837593 0.546295 -0
vn -0.837593 0.546295 -0
vn 0 1 -0
vn 0 1 -0
vn 0 1 -0
vn 0 1 -0
vn 0 0.261196 0.965286
vn 0 0.261196 0.965286
vn 0 0.261196 0.965286
vn 0 0.261196 0.965286
vn 0.837593 0.546295 -0
vn 0.837593 0.546295 -0
vn 0.837593 0.546295 -0
vn 0.837593 0.546295 -0
vn 0 0.261196 -0.965286
vn 0 0.261196 -0.965286
vn 0 0.261196 -0.965286
vn 0 0.261196 -0.965286
vn -0.837593 0.546295 -0
vn -0.837593 0.546295 -0
vn -0.837593 0.546295 -0
vn -0.837593 0.546295 -0
vn 0 0 1
vn 0 0 1
vn 0 0 1
vn 0 0 1
vn 0 -0.965286 0.261196
vn 0 -0.965286 0.261196
vn 0 -0.965286 0.261196
vn 0 -0.965286 0.261196
vn 0.837593 0 0.546295
vn 0.837593 0 0.546295
vn 0.837593 0 0.546295
vn 0.837593 0 0.546295
vn 0 0.965286 0.261196
vn 0 0.965286 0.261196
vn 0 0.965286 0.261196
vn 0 0.965286 0.261196
vn -0.837593 0 0.546295
vn -0.837593 0 0.546295
vn -0.837593 0 0.546295
vn -0.837593 0 0.546295
vn 0 0 1
vn 0 0 1
vn 0 0 1
vn 0 0 1
vn 0 -0.965286 0.261196
vn 0 -0.965286 0.261196
vn 0 -0.965286 0.261196
vn 0 -0.965286 0.261196
vn 0.837593 0 0.546295
vn 0.837593 0 0.546295
vn 0.837593 0 0.546295
vn 0.837593 0 0.546295
vn 0 0.965286 0.261196
vn 0 0.965286 0.261196
vn 0 0.965286 0.261196
vn 0 0.965286 0.261196
vn -0.837593 0 0.546295
vn -0.837593 0 0.546295
vn -0.837593 0 0.546295
vn -0.837593 0 0.546295
vn 0 0 1
vn 0 0 1
vn 0 0 1
vn 0 0 1
vn 0 -0.965286 0.261196
vn 0 -0.965286 0.261196
vn 0 -0.965286 0.261196
vn 0 -0.965286 0.261196
vn 0.837593 0 0.546295
vn 0.837593 0 0.546295
vn 0.837593 0 0.546295
vn 0.837593 0 0.546295
vn 0 0.965286 0.261196
vn 0 0.965286 0.261196
vn 0 0.965286 0.261196
vn 0 0.965286 0.261196
vn -0.837593 0 0.546295
vn -0.837593 0 0.546295
vn -0.837593 0 0.546295
vn -0.837593 0 0.546295
vn 0 0 1
vn 0 0 1
vn 0 0 1
vn 0 0 1
vn 0 -0.965286 0.261196
vn 0 -0.965286 0.261196
vn 0 -0.965286 0.261196
vn 0 -0.965286 0.261196
vn 0.837593 0 0.546295
vn 0.837593 0 0.546295
vn 0.837593 0 0.546295
vn 0.837593 0 0.546295
vn 0 0.965286 0.261196
vn 0 0.965286 0.261196
vn 0 0.965286 0.261196
vn 0 0.965286 0.261196
vn -0.837593 0 0.546295
vn -0.837593 0 0.546295
vn -0.837593 0 0.546295
vn -0.837593 0 0.546295
vn 0 1 -0
vn 0 1 -0
vn 0 1 -0
vn 0 1 -0
vn 0 0.261196 0.965286
vn 0 0.261196 0.965286
vn 0 0.261196 0.965286
vn 0 0.261196 0.965286
vn -0.837593 0.546295 -0
vn -0.837593 0.546295 -0
vn -0.837593 0.546295 -0
vn -0.837593 0.546295 -0
vn 0 0.261196 -0.965286
vn 0 0.261196 -0.965286
vn 0 0.261196 -0.965286
vn 0 0.261196 -0.965286
vn 0.837593 0.546295 -0
vn 0.837593 0.546295 -0
vn 0.837593 0.546295 -0
vn 0.837593 0.546295 -0
vn 0 1 -0
vn 0 1 -0
vn 0 1 -0
vn 0 1 -0
vn 0 0.261196 0.965286
vn 0 0.261196 0.965286
vn 0 0.261196 0.965286
vn 0 0.261196 0.965286
vn -0.837593 0.546295 -0
vn -0.837593 0.546295 -0
vn -0.837593 0.546295 -0
vn -0.837593 0.546295 -0
vn 0 0.261196 -0.965286
vn 0 0.261196 -0.965286
vn 0 0.261196 -0.965286
vn 0 0.261196 -0.965286
vn 0.837593 0.546295 -0
vn 0.837593 0.546295 -0
vn 0.837593 0.546295 -0
vn 0.837593 0.546295 -0
vn 0 1 -0
vn 0 1 -0
vn 0 1 -0
vn 0 1 -0
vn 0 0.261196 0.965286
vn 0 0.261196 0.965286
vn 0 0.261196 0.965286
vn 0 0.261196 0.965286
vn -0.837593 0.546295 -0
vn -0.837593 0.546295 -0
vn -0.837593 0.546295 -0
vn -0.837593 0.546295 -0
vn 0 0.261196 -0.965286
vn 0 0.261196 -0.965286
vn 0 0.261196 -0.965286
vn 0 0.261196 -0.965286
vn 0.837593 0.546295 -0
vn 0.837593 0.546295 -0
vn 0.837593 0.546295 -0
vn 0.837593 0.546295 -0
vn 0 1 -0
vn 0 1 -0
vn 0 1 -0
vn 0 1 -0
vn 0 0.261196 0.965286
vn 0 0.261196 0.965286
vn 0 0.261196 0.965286
vn 0 0.261196 0.965286
vn -0.837593 0.546295 -0
vn -0.837593 0.546295 -0
vn -0.837593 0.546295 -0
vn -0.837593 0.546295 -0
vn 0 0.261196 -0.965286
vn 0 0.261196 -0.965286
vn 0 0.261196 -0.965286
vn 0 0.261196 -0.965286
vn 0.837593 0.546295 -0
vn 0.837593 0.546295 -0
vn 0.837593 0.546295 -0
vn 0.837593 0.546295 -0
vn 0 0 1
vn 0 0 1
vn 0 0 1
vn 0 0 1
vn 0 -0.965286 0.261196
vn 0 -0.965286 0.261196
vn 0 -0.965286 0.261196
vn 0 -0.965286 0.261196
vn -0.837593 0 0.546295
vn -0.837593 0 0.546295
vn -0.837593 0 0.546295
vn -0.837593 0 0.546295
vn 0 0.965286 0.261196
vn 0 0.965286 0.261196
vn 0 0.965286 0.261196
vn 0 0.965286 0.261196
vn 0.837593 0 0.546295
vn 0.837593 0 0.546295
vn 0.837593 0 0.546295
vn 0.837593 0 0.546295
vn 0 0 1
vn 0 0 1
vn 0 0 1
vn 0 0 1
vn 0 -0.965286 0.261196
vn 0 -0.965286 0.261196
vn 0 -0.965286 0.261196
vn 0 -0.965286 0.261196
vn -0.837593 0 0.546295
vn -0.837593 0 0.546295
vn -0.837593 0 0.546295
vn -0.837593 0 0.546295
vn 0 0.965286 0.261196
vn 0 0.965286 0.261196
vn 0 0.965286 0.261196
vn 0 0.965286 0.261196
vn 0.837593 0 0.546295
vn 0.837593 0 0.546295
vn 0.837593 0 0.546295
vn 0.837593 0 0.546295
vn 0 0 1
vn 0 0 1
vn 0 0 1
vn 0 0 1
vn 0 -0.965286 0.261196
vn 0 -0.965286 0.261196
vn 0 -0.965286 0.261196
vn 0 -0.965286 0.261196
vn -0.837593 0 0.546295
vn -0.837593 0 0.546295
vn -0.837593 0 0.546295
vn -0.837593 0 0.546295
vn 0 0.965286 0.261196
vn 0 0.965286 0.261196
vn 0 0.965286 0.261196
vn 0 0.965286 0.261196
vn 0.837593 0 0.546295
vn 0.837593 0 0.546295
vn 0.837593 0 0.546295
vn 0.837593 0 0.546295
vn 0 0 1
vn 0 0 1
vn 0 0 1
vn 0 0 1
vn 0 -0.965286 0.261196
vn 0 -0.965286 0.261196
vn 0 -0.965286 0.261196
vn 0 -0.965286 0.261196
vn -0.837593 0 0.546295
vn -0.837593 0 0.546295
vn -0.837593 0 0.546295
vn -0.837593 0 0.546295
vn 0 0.965286 0.261196
vn 0 0.965286 0.261196
vn 0 0.965286 0.261196
vn 0 0.965286 0.261196
vn 0.837593 0 0.546295
vn 0.837593 0 0.546295
vn 0.837593 0 0.546295
vn 0.837593 0 0.546295
vn 0 1 -0
vn 0 1 -0
vn 0 1 -0
vn 0 1 -0
vn 0 0.261196 0.965286
vn 0 0.261196 0.965286
vn 0 0.261196 0.965286
vn 0 0.261196 0.965286
vn 0.837593 0.546295 -0
vn 0.837593 0.546295 -0
vn 0.837593 0.546295 -0
vn 0.837593 0.546295 -0
vn 0 0.261196 -0.965286
vn 0 0.261196 -0.965286
vn 0 0.261196 -0.965286
vn 0 0.261196 -0.965286
vn -0.837593 0.546295 -0
vn -0.837593 0.546295 -0
vn -0.837593 0.546295 -0
vn -0.837593 0.546295 -0
vn 0 1 -0
vn 0 1 -0
vn 0 1 -0
vn 0 1 -0
vn 0 0.261196 0.965286
vn 0 0.261196 0.965286
vn 0 0.261196 0.965286
vn 0 0.261196 0.965286
vn 0.837593 0.546295 -0
vn 0.837593 0.546295 -0
vn 0.837593 0.546295 -0
vn 0.837593 0.546295 -0
vn 0 0.261196 -0.965286
vn 0 0.261196 -0.965286
vn 0 0.261196 -0.965286
vn 0 0.261196 -0.965286
vn -0.837593 0.546295 -0
vn -0.837593 0.546295 -0
vn -0.837593 0.546295 -0
vn -0.837593 0.546295 -0
vn 0 1 -0
vn 0 1 -0
vn 0 1 -0
vn 0 1 -0
vn 0 0.261196 0.965286
vn 0 0.261196 0.965286
vn 0 0.261196 0.965286
vn 0 0.261196 0.965286
vn 0.837593 0.546295 -0
vn 0.837593 0.546295 -0
vn 0.837593 0.546295 -0
vn 0.837593 0.546295 -0
vn 0 0.261196 -0.965286
vn 0 0.261196 -0.965286
vn 0 0.261196 -0.965286
vn 0 0.261196 -0.965286
vn -0.837593 0.546295 -0
vn -0.837593 0.546295 -0
vn -0.837593 0.546295 -0
vn -0.837593 0.546295 -0
vn 0 1 -0
vn 0 1 -0
vn 0 1 -0
vn 0 1 -0
vn 0 0.261196 0.965286
vn 0 0.261196 0.965286
vn 0 0.261196 0.965286
vn 0 0.261196 0.965286
vn 0.837593 0.546295 -0
vn 0.837593 0.546295 -0
vn 0.837593 0.546295 -0
vn 0.837593 0.546295 -0
vn 0 0.261196 -0.965286
vn 0 0.261196 -0.965286
vn 0 0.261196 -0.965286
vn 0 0.261196 -0.965286
vn -0.837593 0.546295 -0
vn -0.837593 0.546295 -0
vn -0.837593 0.546295 -0
vn -0.837593 0.546295 -0
vn 0 0 1
vn 0 0 1
vn 0 0 1
vn 0 0 1
vn 0 -0.965286 0.261196
vn 0 -0.965286 0.261196
vn 0 -0.965286 0.261196
vn 0 -0.965286 0.261196
vn 0.837593 0 0.546295
vn 0.837593 0 0.546295
vn 0.837593 0 0.546295
vn 0.837593 0 0.546295
vn 0 0.965286 0.261196
vn 0 0.965286 0.261196
vn 0 0.965286 0.261196
vn 0 0.965286 0.261196
vn -0.837593 0 0.546295
vn -0.837593 0 0.546295
vn -0.837593 0 0.546295
vn -0.837593 0 0.546295
vn 0 0 1
vn 0 0 1
vn 0 0 1
vn 0 0 1
vn 0 -0.965286 0.261196
vn 0 -0.965286 0.261196
vn 0 -0.965286 0.261196
vn 0 -0.965286 0.261196
vn 0.837593 0 0.546295
vn 0.837593 0 0.546295
vn 0.837593 0 0.546295
vn 0.837593 0 0.546295
vn 0 0.965286 0.261196
vn 0 0.965286 0.261196
vn 0 0.965286 0.261196
vn 0 0.965286 0.261196
vn -0.837593 0 0.546295
vn -0.837593 0 0.546295
vn -0.837593 0 0.546295
vn -0.837593 0 0.546295
vn 0 0 1
vn 0 0 1
vn 0 0 1
vn 0 0 1
vn 0 -0.965286 0.261196
vn 0 -0.965286 0.261196
vn 0 -0.965286 0.261196
vn 0 -0.965286 0.261196
vn 0.837593 0 0.546295
vn 0.837593 0 0.546295
vn 0.837593 0 0.546295
vn 0.837593 0 0.546295
vn 0 0.965286 0.261196
vn 0 0.965286 0.261196
vn 0 0.965286 0.261196
vn 0 0.965286 0.261196
vn -0.837593 0 0.546295
vn -0.837593 0 0.546295
vn -0.837593 0 0.546295
vn -0.837593 0 0.546295
vn 0 0 1
vn 0 0 1
vn 0 0 1
vn 0 0 1
vn 0 -0.965286 0.261196
vn 0 -0.965286 0.261196
vn 0 -0.965286 0.261196
vn 0 -0.965286 0.261196
vn 0.837593 0 0.546295
vn 0.837593 0 0.546295
vn 0.837593 0 0.546295
vn 0.837593 0 0.546295
vn 0 0.965286 0.261196
vn 0 0.965286 0.261196
vn 0 0.965286 0.261196
vn 0 0.965286 0.261196
vn -0.837593 0 0.546295
vn -0.837593 0 0.546295
vn -0.837593 0 0.546295
vn -0.837593 0 0.546295
vn 0 1 -0
vn 0 1 -0
vn 0 1 -0
vn 0 1 -0
vn 0 0.261196 0.965286
vn 0 0.261196 0.965286
vn 0 0.261196 0.965286
vn 0 0.261196 0.965286
vn -0.837593 0.546295 -0
vn -0.837593 0.546295 -0
vn -0.837593 0.546295 -0
vn -0.837593 0.546295 -0
vn 0 0.261196 -0.965286
vn 0 0.261196 -0.965286
vn 0 0.261196 -0.965286
vn 0 0.261196 -0.965286
vn 0.837593 0.546295 -0
vn 0.837593 0.546295 -0
vn 0.837593 0.546295 -0
vn 0.837593 0.546295 -0
vn 0 1 -0
vn 0 1 -0
vn 0 1 -0
vn 0 1 -0
vn 0 0.261196 0.965286
vn 0 0.261196 0.965286
vn 0 0.261196 0.965286
vn 0 0.261196 0.965286
vn -0.837593 0.546295 -0
vn -0.837593 0.546295 -0
vn -0.837593 0.546295 -0
vn -0.837593 0.546295 -0
vn 0 0.261196 -0.965286
vn 0 0.261196 -0.965286
vn 0 0.261196 -0.965286
vn 0 0.261196 -0.965286
vn 0.837593 0.546295 -0
vn 0.837593 0.546295 -0
vn 0.837593 0.546295 -0
vn 0.837593 0.546295 -0
vn 0 1 -0
vn 0 1 -0
vn 0 1 -0
vn 0 1 -0
vn 0 0.261196 0.965286
vn 0 0.261196 0.965286
vn 0 0.261196 0.965286
vn 0 0.261196 0.965286
vn -0.837593 0.546295 -0
vn -0.837593 0.546295 -0
vn -0.837593 0.546295 -0
vn -0.837593 0.546295 -0
vn 0 0.261196 -0.965286
vn 0 0.261196 -0.965286
vn 0 0.261196 -0.965286
vn 0 0.261196 -0.965286
vn 0.837593 0.546295 -0
vn 0.837593 0.546295 -0
vn 0.837593 0.546295 -0
vn 0.837593 0.546295 -0
vn 0 1 -0
vn 0 1 -0
vn 0 1 -0
vn 0 1 -0
vn 0 0.261196 0.965286
vn 0 0.261196 0.965286
vn 0 0.261196 0.965286
vn 0 0.261196 0.965286
vn -0.837593 0.546295 -0
vn -0.837593 0.546295 -0
vn -0.837593 0.546295 -0
vn -0.837593 0.546295 -0
vn 0 0.261196 -0.965286
vn 0 0.261196 -0.965286
vn 0 0.261196 -0.965286
vn 0 0.261196 -0.965286
vn 0.837593 0.546295 -0
vn 0.837593 0.546295 -0
vn 0.837593 0.546295 -0
vn 0.837593 0.546295 -0
vn 0 0 1
vn 0 0 1
vn 0 0 1
vn 0 0 1
vn 0 -0.965286 0.261196
vn 0 -0.965286 0.261196
vn 0 -0.965286 0.261196
vn 0 -0.965286 0.261196
vn -0.837593 0 0.546295
vn -0.837593 0 0.546295
vn -0.837593 0 0.546295
vn -0.837593 0 0.546295
vn 0 0.965286 0.261196
vn 0 0.965286 0.261196
vn 0 0.965286 0.261196
vn 0 0.965286 0.261196
vn 0.837593 0 0.546295
vn 0.837593 0 0.546295
vn 0.837593 0 0.546295
vn 0.837593 0 0.546295
vn 0 0 1
vn 0 0 1
vn 0 0 1
vn 0 0 1
vn 0 -0.965286 0.261196
vn 0 -0.965286 0.261196
vn 0 -0.965286 0.261196
vn 0 -0.965286 0.261196
vn -0.837593 0 0.546295
vn -0.837593 0 0.546295
vn -0.837593 0 0.546295
vn -0.837593 0 0.546295
vn 0 0.965286 0.261196
vn 0 0.965286 0.261196
vn 0 0.965286 0.261196
vn 0 0.965286 0.261196
vn 0.837593 0 0.546295
vn 0.837593 0 0.546295
vn 0.837593 0 0.546295
vn 0.837593 0 0.546295
vn 0 0 1
vn 0 0 1
vn 0 0 1
vn 0 0 1
vn 0 -0.965286 0.261196
vn 0 -0.965286 0.261196
vn 0 -0.965286 0.261196
vn 0 -0.965286 0.261196
vn -0.837593 0 0.546295
vn -0.837593 0 0.546295
vn -0.837593 0 0.546295
vn -0.837593 0 0.546295
vn 0 0.965286 0.261196
vn 0 0.965286 0.261196
vn 0 0.965286 0.261196
vn 0 0.965286 0.261196
vn 0.837593 0 0.546295
vn 0.837593 0 0.546295
vn 0.837593 0 0.546295
vn 0.837593 0 0.546295
vn 0 0 1
vn 0 0 1
vn 0 0 1
vn 0 0 1
vn 0 -0.965286 0.261196
vn 0 -0.965286 0.261196
vn 0 -0.965286 0.261196
vn 0 -0.965286 0.261196
vn -0.837593 0 0.546295
vn -0.837593 0 0.546295
vn -0.837593 0 0.546295
vn -0.837593 0 0.546295
vn 0 0.965286 0.261196
vn 0 0.965286 0.261196
vn 0 0.965286 0.261196
vn 0 0.965286 0.261196
vn 0.837593 0 0.546295
vn 0.837593 0 0.546295
vn 0.837593 0 0.546295
vn 0.837593 0 0.546295
vn 0 1 -0
vn 0 1 -0
vn 0 1 -0
vn 0 1 -0
vn 0 0.483281 0.875465
vn 0 0.483281 0.875465
vn 0 0.483281 0.875465
vn 0 0.483281 0.875465
vn 0.923 0.3848 -0
vn 0.923 0.3848 -0
vn 0.923 0.3848 -0
vn 0.923 0.3848 -0
vn 0 0.483281 -0.875465
vn 0 0.483281 -0.875465
vn 0 0.483281 -0.875465
vn 0 0.483281 -0.875465
vn -0.923 0.3848 -0
vn -0.923 0.3848 -0
vn -0.923 0.3848 -0
vn -0.923 0.3848 -0
vn 0 1 -0
vn 0 1 -0
vn 0 1 -0
vn 0 1 -0
vn 0 0.483281 0.875465
vn 0 0.483281 0.875465
vn 0 0.483281 0.875465
vn 0 0.483281 0.875465
vn 0.923 0.3848 -0
vn 0.923 0.3848 -0
vn 0.923 0.3848 -0
vn 0.923 0.3848 -0
vn 0 0.483281 -0.875465
vn 0 0.483281 -0.875465
vn 0 0.483281 -0.875465
vn 0 0.483281 -0.875465
vn -0.923 0.3848 -0
vn -0.923 0.3848 -0
vn -0.923 0.3848 -0
vn -0.923 0.3848 -0
vn 0 1 -0
vn 0 1 -0
vn 0 1 -0
vn 0 1 -0
vn 0 0.483281 -0.875465
vn 0 0.483281 -0.875465
vn 0 0.483281 -0.875465
vn 0 0.483281 -0.875465
vn -0.923 0.3848 -0
vn -0.923 0.3848 -0
vn -0.923 0.3848 -0
vn -0.923 0.3848 -0
vn 0 0.483281 0.875465
vn 0 0.483281 0.875465
vn 0 0.483281 0.875465
vn 0 0.483281 0.875465
vn 0.923 0.3848 -0
vn 0.923 0.3848 -0
vn 0.923 0.3848 -0
vn 0.923 0.3848 -0
vn 0 1 -0
vn 0 1 -0
vn 0 1 -0
vn 0 1 -0
vn 0 0.483281 0.875465
vn 0 0.483281 0.875465
vn 0 0.483281 0.875465
vn 0 0.483281 0.875465
vn 0.923 0.3848 -0
vn 0.923 0.3848 -0
vn 0.923 0.3848 -0
vn 0.923 0.3848 -0
vn 0 0.483281 -0.875465
vn 0 0.483281 -0.875465
vn 0 0.483281 -0.875465
vn 0 0.483281 -0.875465
vn -0.923 0.3848 -0
vn -0.923 0.3848 -0
vn -0.923 0.3848 -0
vn -0.923 0.3848 -0
vn 0 1 -0
vn 0 1 -0
vn 0 1 -0
vn 0 1 -0
vn 0 0.483281 0.875465
vn 0 0.483281 0.875465
vn 0 0.483281 0.875465
vn 0 0.483281 0.875465
vn 0.923 0.3848 -0
vn 0.923 0.3848 -0
vn 0.923 0.3848 -0
vn 0.923 0.3848 -0
vn 0 0.483281 -0.875465
vn 0 0.483281 -0.875465
vn 0 0.483281 -0.875465
vn 0 0.483281 -0.875465
vn -0.923 0.3848 -0
vn -0.923 0.3848 -0
vn -0.923 0.3848 -0
vn -0.923 0.3848 -0
vn 0 1 -0
vn 0 1 -0
vn 0 1 -0
vn 0 1 -0
vn 0 0.483281 -0.875465
vn 0 0.483281 -0.875465
vn 0 0.483281 -0.875465
vn 0 0.483281 -0.875465
vn -0.923 0.3848 -0
vn -0.923 0.3848 -0
vn -0.923 0.3848 -0
vn -0.923 0.3848 -0
vn 0 0.483281 0.875465
vn 0 0.483281 0.875465
vn 0 0.483281 0.875465
vn 0 0.483281 0.875465
vn 0.923 0.3848 -0
vn 0.923 0.3848 -0
vn 0.923 0.3848 -0
vn 0.923 0.3848 -0
vt 0.0923 0.7288
vt 0.0923 0.5201
vt 0.4485 0.5201
vt 0.4485 0.7288
vt 0.0656 0.7444
vt 0.0656 0.5045
vt 0.0923 0.5201
vt 0.0923 0.7288
vt 0.0656 0.5045
vt 0.4752 0.5045
vt 0.4485 0.5201
vt 0.0923 0.5201
vt 0.4752 0.5045
vt 0.4752 0.7444
vt 0.4485 0.7288
vt 0.4485 0.5201
vt 0.4752 0.7444
vt 0.0656 0.7444
vt 0.0923 0.7288
vt 0.4485 0.7288
vt 0.0923 0.4828
vt 0.0923 0.2741
vt 0.4485 0.2741
vt 0.4485 0.4828
vt 0.0656 0.4984
vt 0.0656 0.2585
vt 0.0923 0.2741
vt 0.0923 0.4828
vt 0.0656 0.2585
vt 0.4752 0.2585
vt 0.4485 0.2741
vt 0.0923 0.2741
vt 0.4752 0.2585
vt 0.4752 0.4984
vt 0.4485 0.4828
vt 0.4485 0.2741
vt 0.4752 0.4984
vt 0.0656 0.4984
vt 0.0923 0.4828
vt 0.4485 0.4828
vt 0.0923 0.2348
vt 0.0923 0.0262
vt 0.4485 0.0262
vt 0.4485 0.2348
vt 0.0656 0.2505
vt 0.0656 0.0105
vt 0.0923 0.0262
vt 0.0923 0.2348
vt 0.0656 0.0105
vt 0.4752 0.0105
vt 0.4485 0.0262
vt 0.0923 0.0262
vt 0.4752 0.0105
vt 0.4752 0.2505
vt 0.4485 0.2348
vt 0.4485 0.0262
vt 0.4752 0.2505
vt 0.0656 0.2505
vt 0.0923 0.2348
vt 0.4485 0.2348
vt 0.0923 0.9738
vt 0.0923 0.7652
vt 0.4485 0.7652
vt 0.4485 0.9738
vt 0.0656 0.9895
vt 0.0656 0.7495
vt 0.0923 0.7652
vt 0.0923 0.9738
vt 0.0656 0.7495
vt 0.4752 0.7495
vt 0.4485 0.7652
vt 0.0923 0.7652
vt 0.4752 0.7495
vt 0.4752 0.9895
vt 0.4485 0.9738
vt 0.4485 0.7652
vt 0.4752 0.9895
vt 0.0656 0.9895
vt 0.0923 0.9738
vt 0.4485 0.9738
vt 0.5831 0.5904
vt 0.5831 0.4222
vt 0.9393 0.4222
vt 0.9393 0.5904
vt 0.5564 0.6031
vt 0.5564 0.4096
vt 0.5831 0.4222
vt 0.5831 0.5904
vt 0.5564 0.4096
vt 0.966 0.4096
vt 0.9393 0.4222
vt 0.5831 0.4222
vt 0.966 0.4096
vt 0.966 0.6031
vt 0.9393 0.5904
vt 0.9393 0.4222
vt 0.966 0.6031
vt 0.5564 0.6031
vt 0.5831 0.5904
vt 0.9393 0.5904
vt 0.5831 0.392
vt 0.5831 0.2238
vt 0.9393 0.2238
vt 0.9393 0.392
vt 0.5564 0.4047
vt 0.5564 0.2111
vt 0.5831 0.2238
vt 0.5831 0.392
vt 0.5564 0.2111
vt 0.966 0.2111
vt 0.9393 0.2238
vt 0.5831 0.2238
vt 0.966 0.2111
vt 0.966 0.4047
vt 0.9393 0.392
vt 0.9393 0.2238
vt 0.966 0.4047
vt 0.5564 0.4047
vt 0.5831 0.392
vt 0.9393 0.392
vt 0.5831 0.1921
vt 0.5831 0.0238
vt 0.9393 0.0238
vt 0.9393 0.1921
vt 0.5564 0.2047
vt 0.5564 0.0112
vt 0.5831 0.0238
vt 0.5831 0.1921
vt 0.5564 0.0112
vt 0.966 0.0112
vt 0.9393 0.0238
vt 0.5831 0.0238
vt 0.966 0.0112
vt 0.966 0.2047
vt 0.9393 0.1921
vt 0.9393 0.0238
vt 0.966 0.2047
vt 0.5564 0.2047
vt 0.5831 0.1921
vt 0.9393 0.1921
vt 0.5831 0.7881
vt 0.5831 0.6198
vt 0.9393 0.6198
vt 0.9393 0.7881
vt 0.5564 0.8007
vt 0.5564 0.6072
vt 0.5831 0.6198
vt 0.5831 0.7881
vt 0.5564 0.6072
vt 0.966 0.6072
vt 0.9393 0.6198
vt 0.5831 0.6198
vt 0.966 0.6072
vt 0.966 0.8007
vt 0.9393 0.7881
vt 0.9393 0.6198
vt 0.966 0.8007
vt 0.5564 0.8007
vt 0.5831 0.7881
vt 0.9393 0.7881
vt 0.0923 0.7288
vt 0.4485 0.5201
vt 0.0923 0.5201
vt 0.4485 0.7288
vt 0.0656 0.7444
vt 0.0923 0.5201
vt 0.0656 0.5045
vt 0.0923 0.7288
vt 0.0656 0.5045
vt 0.4485 0.5201
vt 0.4752 0.5045
vt 0.0923 0.5201
vt 0.4752 0.5045
vt 0.4485 0.7288
vt 0.4752 0.7444
vt 0.4485 0.5201
vt 0.4752 0.7444
vt 0.0923 0.7288
vt 0.0656 0.7444
vt 0.4485 0.7288
vt 0.0923 0.4828
vt 0.4485 0.2741
vt 0.0923 0.2741
vt 0.4485 0.4828
vt 0.0656 0.4984
vt 0.0923 0.2741
vt 0.0656 0.2585
vt 0.0923 0.4828
vt 0.0656 0.2585
vt 0.4485 0.2741
vt 0.4752 0.2585
vt 0.0923 0.2741
vt 0.4752 0.2585
vt 0.4485 0.4828
vt 0.4752 0.4984
vt 0.4485 0.2741
vt 0.4752 0.4984
vt 0.0923 0.4828
vt 0.0656 0.4984
vt 0.4485 0.4828
vt 0.0923 0.2348
vt 0.4485 0.0262
vt 0.0923 0.0262
vt 0.4485 0.2348
vt 0.0656 0.2505
vt 0.0923 0.0262
vt 0.0656 0.0105
vt 0.0923 0.2348
vt 0.0656 0.0105
vt 0.4485 0.0262
vt 0.4752 0.0105
vt 0.0923 0.0262
vt 0.4752 0.0105
vt 0.4485 0.2348
vt 0.4752 0.2505
vt 0.4485 0.0262
vt 0.4752 0.2505
vt 0.0923 0.2348
vt 0.0656 0.2505
vt 0.4485 0.2348
vt 0.0923 0.9738
vt 0.4485 0.7652
vt 0.0923 0.7652
vt 0.4485 0.9738
vt 0.0656 0.9895
vt 0.0923 0.7652
vt 0.0656 0.7495
vt 0.0923 0.9738
vt 0.0656 0.7495
vt 0.4485 0.7652
vt 0.4752 0.7495
vt 0.0923 0.7652
vt 0.4752 0.7495
vt 0.4485 0.9738
vt 0.4752 0.9895
vt 0.4485 0.7652
vt 0.4752 0.9895
vt 0.0923 0.9738
vt 0.0656 0.9895
vt 0.4485 0.9738
vt 0.5831 0.5904
vt 0.9393 0.4222
vt 0.5831 0.4222
vt 0.9393 0.5904
vt 0.5564 0.6031
vt 0.5831 0.4222
vt 0.5564 0.4096
vt 0.5831 0.5904
vt 0.5564 0.4096
vt 0.9393 0.4222
vt 0.966 0.4096
vt 0.5831 0.4222
vt 0.966 0.4096
vt 0.9393 0.5904
vt 0.966 0.6031
vt 0.9393 0.4222
vt 0.966 0.6031
vt 0.5831 0.5904
vt 0.5564 0.6031
vt 0.9393 0.5904
vt 0.5831 0.392
vt 0.9393 0.2238
vt 0.5831 0.2238
vt 0.9393 0.392
vt 0.5564 0.4047
vt 0.5831 0.2238
vt 0.5564 0.2111
vt 0.5831 0.392
vt 0.5564 0.2111
vt 0.9393 0.2238
vt 0.966 0.2111
vt 0.5831 0.2238
vt 0.966 0.2111
vt 0.9393 0.392
vt 0.966 0.4047
vt 0.9393 0.2238
vt 0.966 0.4047
vt 0.5831 0.392
vt 0.5564 0.4047
vt 0.9393 0.392
vt 0.5831 0.1921
vt 0.9393 0.0238
vt 0.5831 0.0238
vt 0.9393 0.1921
vt 0.5564 0.2047
vt 0.5831 0.0238
vt 0.5564 0.0112
vt 0.5831 0.1921
vt 0.5564 0.0112
vt 0.9393 0.0238
vt 0.966 0.0112
vt 0.5831 0.0238
vt 0.966 0.0112
vt 0.9393 0.1921
vt 0.966 0.2047
vt 0.9393 0.0238
vt 0.966 0.2047
vt 0.5831 0.1921
vt 0.5564 0.2047
vt 0.9393 0.1921
vt 0.5831 0.7881
vt 0.9393 0.6198
vt 0.5831 0.6198
vt 0.9393 0.7881
vt 0.5564 0.8007
vt 0.5831 0.6198
vt 0.5564 0.6072
vt 0.5831 0.7881
vt 0.5564 0.6072
vt 0.9393 0.6198
vt 0.966 0.6072
vt 0.5831 0.6198
vt 0.966 0.6072
vt 0.9393 0.7881
vt 0.966 0.8007
vt 0.9393 0.6198
vt 0.966 0.8007
vt 0.5831 0.7881
vt 0.5564 0.8007
vt 0.9393 0.7881
vt 0.0923 0.7288
vt 0.0923 0.5201
vt 0.4485 0.5201
vt 0.4485 0.7288
vt 0.0656 0.7444
vt 0.0656 0.5045
vt 0.0923 0.5201
vt 0.0923 0.7288
vt 0.0656 0.5045
vt 0.4752 0.5045
vt 0.4485 0.5201
vt 0.0923 0.5201
vt 0.4752 0.5045
vt 0.4752 0.7444
vt 0.4485 0.7288
vt 0.4485 0.5201
vt 0.4752 0.7444
vt 0.0656 0.7444
vt 0.0923 0.7288
vt 0.4485 0.7288
vt 0.0923 0.4828
vt 0.0923 0.2741
vt 0.4485 0.2741
vt 0.4485 0.4828
vt 0.0656 0.4984
vt 0.0656 0.2585
vt 0.0923 0.2741
vt 0.0923 0.4828
vt 0.0656 0.2585
vt 0.4752 0.2585
vt 0.4485 0.2741
vt 0.0923 0.2741
vt 0.4752 0.2585
vt 0.4752 0.4984
vt 0.4485 0.4828
vt 0.4485 0.2741
vt 0.4752 0.4984
vt 0.0656 0.4984
vt 0.0923 0.4828
vt 0.4485 0.4828
vt 0.0923 0.7288
vt 0.0923 0.5201
vt 0.4485 0.5201
vt 0.4485 0.7288
vt 0.0656 0.7444
vt 0.0656 0.5045
vt 0.0923 0.5201
vt 0.0923 0.7288
vt 0.0656 0.5045
vt 0.4752 0.5045
vt 0.4485 0.5201
vt 0.0923 0.5201
vt 0.4752 0.5045
vt 0.4752 0.7444
vt 0.4485 0.7288
vt 0.4485 0.5201
vt 0.4752 0.7444
vt 0.0656 0.7444
vt 0.0923 0.7288
vt 0.4485 0.7288
vt 0.0923 0.4828
vt 0.0923 0.2741
vt 0.4485 0.2741
vt 0.4485 0.4828
vt 0.0656 0.4984
vt 0.0656 0.2585
vt 0.0923 0.2741
vt 0.0923 0.4828
vt 0.0656 0.2585
vt 0.4752 0.2585
vt 0.4485 0.2741
vt 0.0923 0.2741
vt 0.4752 0.2585
vt 0.4752 0.4984
vt 0.4485 0.4828
vt 0.4485 0.2741
vt 0.4752 0.4984
vt 0.0656 0.4984
vt 0.0923 0.4828
vt 0.4485 0.4828
vt 0.0923 0.7288
vt 0.0923 0.5201
vt 0.4485 0.5201
vt 0.4485 0.7288
vt 0.0656 0.7444
vt 0.0656 0.5045
vt 0.0923 0.5201
vt 0.0923 0.7288
vt 0.0656 0.5045
vt 0.4752 0.5045
vt 0.4485 0.5201
vt 0.0923 0.5201
vt 0.4752 0.5045
vt 0.4752 0.7444
vt 0.4485 0.7288
vt 0.4485 0.5201
vt 0.4752 0.7444
vt 0.0656 0.7444
vt 0.0923 0.7288
vt 0.4485 0.7288
vt 0.0923 0.4828
vt 0.0923 0.2741
vt 0.4485 0.2741
vt 0.4485 0.4828
vt 0.0656 0.4984
vt 0.0656 0.2585
vt 0.0923 0.2741
vt 0.0923 0.4828
vt 0.0656 0.2585
vt 0.4752 0.2585
vt 0.4485 0.2741
vt 0.0923 0.2741
vt 0.4752 0.2585
vt 0.4752 0.4984
vt 0.4485 0.4828
vt 0.4485 0.2741
vt 0.4752 0.4984
vt 0.0656 0.4984
vt 0.0923 0.4828
vt 0.4485 0.4828
vt 0.0923 0.7288
vt 0.0923 0.5201
vt 0.4485 0.5201
vt 0.4485 0.7288
vt 0.0656 0.7444
vt 0.0656 0.5045
vt 0.0923 0.5201
vt 0.0923 0.7288
vt 0.0656 0.5045
vt 0.4752 0.5045
vt 0.4485 0.5201
vt 0.0923 0.5201
vt 0.4752 0.5045
vt 0.4752 0.7444
vt 0.4485 0.7288
vt 0.4485 0.5201
vt 0.4752 0.7444
vt 0.0656 0.7444
vt 0.0923 0.7288
vt 0.4485 0.7288
vt 0.0923 0.4828
vt 0.0923 0.2741
vt 0.4485 0.2741
vt 0.4485 0.4828
vt 0.0656 0.4984
vt 0.0656 0.2585
vt 0.0923 0.2741
vt 0.0923 0.4828
vt 0.0656 0.2585
vt 0.4752 0.2585
vt 0.4485 0.2741
vt 0.0923 0.2741
vt 0.4752 0.2585
vt 0.4752 0.4984
vt 0.4485 0.4828
vt 0.4485 0.2741
vt 0.4752 0.4984
vt 0.0656 0.4984
vt 0.0923 0.4828
vt 0.4485 0.4828
vt 0.0923 0.7288
vt 0.0923 0.5201
vt 0.4485 0.5201
vt 0.4485 0.7288
vt 0.0656 0.7444
vt 0.0656 0.5045
vt 0.0923 0.5201
vt 0.0923 0.7288
vt 0.0656 0.5045
vt 0.4752 0.5045
vt 0.4485 0.5201
vt 0.0923 0.5201
vt 0.4752 0.5045
vt 0.4752 0.7444
vt 0.4485 0.7288
vt 0.4485 0.5201
vt 0.4752 0.7444
vt 0.0656 0.7444
vt 0.0923 0.7288
vt 0.4485 0.7288
vt 0.0923 0.4828
vt 0.0923 0.2741
vt 0.4485 0.2741
vt 0.4485 0.4828
vt 0.0656 0.4984
vt 0.0656 0.2585
vt 0.0923 0.2741
vt 0.0923 0.4828
vt 0.0656 0.2585
vt 0.4752 0.2585
vt 0.4485 0.2741
vt 0.0923 0.2741
vt 0.4752 0.2585
vt 0.4752 0.4984
vt 0.4485 0.4828
vt 0.4485 0.2741
vt 0.4752 0.4984
vt 0.0656 0.4984
vt 0.0923 0.4828
vt 0.4485 0.4828
vt 0.0923 0.2348
vt 0.0923 0.0262
vt 0.4485 0.0262
vt 0.4485 0.2348
vt 0.0656 0.2505
vt 0.0656 0.0105
vt 0.0923 0.0262
vt 0.0923 0.2348
vt 0.0656 0.0105
vt 0.4752 0.0105
vt 0.4485 0.0262
vt 0.0923 0.0262
vt 0.4752 0.0105
vt 0.4752 0.2505
vt 0.4485 0.2348
vt 0.4485 0.0262
vt 0.4752 0.2505
vt 0.0656 0.2505
vt 0.0923 0.2348
vt 0.4485 0.2348
vt 0.0923 0.9738
vt 0.0923 0.7652
vt 0.4485 0.7652
vt 0.4485 0.9738
vt 0.0656 0.9895
vt 0.0656 0.7495
vt 0.0923 0.7652
vt 0.0923 0.9738
vt 0.0656 0.7495
vt 0.4752 0.7495
vt 0.4485 0.7652
vt 0.0923 0.7652
vt 0.4752 0.7495
vt 0.4752 0.9895
vt 0.4485 0.9738
vt 0.4485 0.7652
vt 0.4752 0.9895
vt 0.0656 0.9895
vt 0.0923 0.9738
vt 0.4485 0.9738
vt 0.5831 0.5904
vt 0.5831 0.4222
vt 0.9393 0.4222
vt 0.9393 0.5904
vt 0.5564 0.6031
vt 0.5564 0.4096
vt 0.5831 0.4222
vt 0.5831 0.5904
vt 0.5564 0.4096
vt 0.966 0.4096
vt 0.9393 0.4222
vt 0.5831 0.4222
vt 0.966 0.4096
vt 0.966 0.6031
vt 0.9393 0.5904
vt 0.9393 0.4222
vt 0.966 0.6031
vt 0.5564 0.6031
vt 0.5831 0.5904
vt 0.9393 0.5904
vt 0.5831 0.392
vt 0.5831 0.2238
vt 0.9393 0.2238
vt 0.9393 0.392
vt 0.5564 0.4047
vt 0.5564 0.2111
vt 0.5831 0.2238
vt 0.5831 0.392
vt 0.5564 0.2111
vt 0.966 0.2111
vt 0.9393 0.2238
vt 0.5831 0.2238
vt 0.966 0.2111
vt 0.966 0.4047
vt 0.9393 0.392
vt 0.9393 0.2238
vt 0.966 0.4047
vt 0.5564 0.4047
vt 0.5831 0.392
vt 0.9393 0.392
vt 0.5831 0.1921
vt 0.5831 0.0238
vt 0.9393 0.0238
vt 0.9393 0.1921
vt 0.5564 0.2047
vt 0.5564 0.0112
vt 0.5831 0.0238
vt 0.5831 0.1921
vt 0.5564 0.0112
vt 0.966 0.0112
vt 0.9393 0.0238
vt 0.5831 0.0238
vt 0.966 0.0112
vt 0.966 0.2047
vt 0.9393 0.1921
vt 0.9393 0.0238
vt 0.966 0.2047
vt 0.5564 0.2047
vt 0.5831 0.1921
vt 0.9393 0.1921
vt 0.5831 0.7881
vt 0.5831 0.6198
vt 0.9393 0.6198
vt 0.9393 0.7881
vt 0.5564 0.8007
vt 0.5564 0.6072
vt 0.5831 0.6198
vt 0.5831 0.7881
vt 0.5564 0.6072
vt 0.966 0.6072
vt 0.9393 0.6198
vt 0.5831 0.6198
vt 0.966 0.6072
vt 0.966 0.8007
vt 0.9393 0.7881
vt 0.9393 0.6198
vt 0.966 0.8007
vt 0.5564 0.8007
vt 0.5831 0.7881
vt 0.9393 0.7881
vt 0.0923 0.7288
vt 0.4485 0.5201
vt 0.0923 0.5201
vt 0.4485 0.7288
vt 0.0656 0.7444
vt 0.0923 0.5201
vt 0.0656 0.5045
vt 0.0923 0.7288
vt 0.0656 0.5045
vt 0.4485 0.5201
vt 0.4752 0.5045
vt 0.0923 0.5201
vt 0.4752 0.5045
vt 0.4485 0.7288
vt 0.4752 0.7444
vt 0.4485 0.5201
vt 0.4752 0.7444
vt 0.0923 0.7288
vt 0.0656 0.7444
vt 0.4485 0.7288
vt 0.0923 0.4828
vt 0.4485 0.2741
vt 0.0923 0.2741
vt 0.4485 0.4828
vt 0.0656 0.4984
vt 0.0923 0.2741
vt 0.0656 0.2585
vt 0.0923 0.4828
vt 0.0656 0.2585
vt 0.4485 0.2741
vt 0.4752 0.2585
vt 0.0923 0.2741
vt 0.4752 0.2585
vt 0.4485 0.4828
vt 0.4752 0.4984
vt 0.4485 0.2741
vt 0.4752 0.4984
vt 0.0923 0.4828
vt 0.0656 0.4984
vt 0.4485 0.4828
vt 0.0923 0.2348
vt 0.4485 0.0262
vt 0.0923 0.0262
vt 0.4485 0.2348
vt 0.0656 0.2505
vt 0.0923 0.0262
vt 0.0656 0.0105
vt 0.0923 0.2348
vt 0.0656 0.0105
vt 0.4485 0.0262
vt 0.4752 0.0105
vt 0.0923 0.0262
vt 0.4752 0.0105
vt 0.4485 0.2348
vt 0.4752 0.2505
vt 0.4485 0.0262
vt 0.4752 0.2505
vt 0.0923 0.2348
vt 0.0656 0.2505
vt 0.4485 0.2348
vt 0.0923 0.9738
vt 0.4485 0.7652
vt 0.0923 0.7652
vt 0.4485 0.9738
vt 0.0656 0.9895
vt 0.0923 0.7652
vt 0.0656 0.7495
vt 0.0923 0.9738
vt 0.0656 0.7495
vt 0.4485 0.7652
vt 0.4752 0.7495
vt 0.0923 0.7652
vt 0.4752 0.7495
vt 0.4485 0.9738
vt 0.4752 0.9895
vt 0.4485 0.7652
vt 0.4752 0.9895
vt 0.0923 0.9738
vt 0.0656 0.9895
vt 0.4485 0.9738
vt 0.5831 0.5904
vt 0.9393 0.4222
vt 0.5831 0.4222
vt 0.9393 0.5904
vt 0.5564 0.6031
vt 0.5831 0.4222
vt 0.5564 0.4096
vt 0.5831 0.5904
vt 0.5564 0.4096
vt 0.9393 0.4222
vt 0.966 0.4096
vt 0.5831 0.4222
vt 0.966 0.4096
vt 0.9393 0.5904
vt 0.966 0.6031
vt 0.9393 0.4222
vt 0.966 0.6031
vt 0.5831 0.5904
vt 0.5564 0.6031
vt 0.9393 0.5904
vt 0.5831 0.392
vt 0.9393 0.2238
vt 0.5831 0.2238
vt 0.9393 0.392
vt 0.5564 0.4047
vt 0.5831 0.2238
vt 0.5564 0.2111
vt 0.5831 0.392
vt 0.5564 0.2111
vt 0.9393 0.2238
vt 0.966 0.2111
vt 0.5831 0.2238
vt 0.966 0.2111
vt 0.9393 0.392
vt 0.966 0.4047
vt 0.9393 0.2238
vt 0.966 0.4047
vt 0.5831 0.392
vt 0.5564 0.4047
vt 0.9393 0.392
vt 0.5831 0.1921
vt 0.9393 0.0238
vt 0.5831 0.0238
vt 0.9393 0.1921
vt 0.5564 0.2047
vt 0.5831 0.0238
vt 0.5564 0.0112
vt 0.5831 0.1921
vt 0.5564 0.0112
vt 0.9393 0.0238
vt 0.966 0.0112
vt 0.5831 0.0238
vt 0.966 0.0112
vt 0.9393 0.1921
vt 0.966 0.2047
vt 0.9393 0.0238
vt 0.966 0.2047
vt 0.5831 0.1921
vt 0.5564 0.2047
vt 0.9393 0.1921
vt 0.5831 0.7881
vt 0.9393 0.6198
vt 0.5831 0.6198
vt 0.9393 0.7881
vt 0.5564 0.8007
vt 0.5831 0.6198
vt 0.5564 0.6072
vt 0.5831 0.7881
vt 0.5564 0.6072
vt 0.9393 0.6198
vt 0.966 0.6072
vt 0.5831 0.6198
vt 0.966 0.6072
vt 0.9393 0.7881
vt 0.966 0.8007
vt 0.9393 0.6198
vt 0.966 0.8007
vt 0.5831 0.7881
vt 0.5564 0.8007
vt 0.9393 0.7881
vt 0.0923 0.7288
vt 0.0923 0.5201
vt 0.4485 0.5201
vt 0.4485 0.7288
vt 0.0656 0.7444
vt 0.0656 0.5045
vt 0.0923 0.5201
vt 0.0923 0.7288
vt 0.0656 0.5045
vt 0.4752 0.5045
vt 0.4485 0.5201
vt 0.0923 0.5201
vt 0.4752 0.5045
vt 0.4752 0.7444
vt 0.4485 0.7288
vt 0.4485 0.5201
vt 0.4752 0.7444
vt 0.0656 0.7444
vt 0.0923 0.7288
vt 0.4485 0.7288
vt 0.0923 0.4828
vt 0.0923 0.2741
vt 0.4485 0.2741
vt 0.4485 0.4828
vt 0.0656 0.4984
vt 0.0656 0.2585
vt 0.0923 0.2741
vt 0.0923 0.4828
vt 0.0656 0.2585
vt 0.4752 0.2585
vt 0.4485 0.2741
vt 0.0923 0.2741
vt 0.4752 0.2585
vt 0.4752 0.4984
vt 0.4485 0.4828
vt 0.4485 0.2741
vt 0.4752 0.4984
vt 0.0656 0.4984
vt 0.0923 0.4828
vt 0.4485 0.4828
vt 0.0923 0.2348
vt 0.0923 0.0262
vt 0.4485 0.0262
vt 0.4485 0.2348
vt 0.0656 0.2505
vt 0.0656 0.0105
vt 0.0923 0.0262
vt 0.0923 0.2348
vt 0.0656 0.0105
vt 0.4752 0.0105
vt 0.4485 0.0262
vt 0.0923 0.0262
vt 0.4752 0.0105
vt 0.4752 0.2505
vt 0.4485 0.2348
vt 0.4485 0.0262
vt 0.4752 0.2505
vt 0.0656 0.2505
vt 0.0923 0.2348
vt 0.4485 0.2348
vt 0.0923 0.9738
vt 0.0923 0.7652
vt 0.4485 0.7652
vt 0.4485 0.9738
vt 0.0656 0.9895
vt 0.0656 0.7495
vt 0.0923 0.7652
vt 0.0923 0.9738
vt 0.0656 0.7495
vt 0.4752 0.7495
vt 0.4485 0.7652
vt 0.0923 0.7652
vt 0.4752 0.7495
vt 0.4752 0.9895
vt 0.4485 0.9738
vt 0.4485 0.7652
vt 0.4752 0.9895
vt 0.0656 0.9895
vt 0.0923 0.9738
vt 0.4485 0.9738
vt 0.5831 0.5904
vt 0.5831 0.4222
vt 0.9393 0.4222
vt 0.9393 0.5904
vt 0.5564 0.6031
vt 0.5564 0.4096
vt 0.5831 0.4222
vt 0.5831 0.5904
vt 0.5564 0.4096
vt 0.966 0.4096
vt 0.9393 0.4222
vt 0.5831 0.4222
vt 0.966 0.4096
vt 0.966 0.6031
vt 0.9393 0.5904
vt 0.9393 0.4222
vt 0.966 0.6031
vt 0.5564 0.6031
vt 0.5831 0.5904
vt 0.9393 0.5904
vt 0.5831 0.392
vt 0.5831 0.2238
vt 0.9393 0.2238
vt 0.9393 0.392
vt 0.5564 0.4047
vt 0.5564 0.2111
vt 0.5831 0.2238
vt 0.5831 0.392
vt 0.5564 0.2111
vt 0.966 0.2111
vt 0.9393 0.2238
vt 0.5831 0.2238
vt 0.966 0.2111
vt 0.966 0.4047
vt 0.9393 0.392
vt 0.9393 0.2238
vt 0.966 0.4047
vt 0.5564 0.4047
vt 0.5831 0.392
vt 0.9393 0.392
vt 0.5831 0.1921
vt 0.5831 0.0238
vt 0.9393 0.0238
vt 0.9393 0.1921
vt 0.5564 0.2047
vt 0.5564 0.0112
vt 0.5831 0.0238
vt 0.5831 0.1921
vt 0.5564 0.0112
vt 0.966 0.0112
vt 0.9393 0.0238
vt 0.5831 0.0238
vt 0.966 0.0112
vt 0.966 0.2047
vt 0.9393 0.1921
vt 0.9393 0.0238
vt 0.966 0.2047
vt 0.5564 0.2047
vt 0.5831 0.1921
vt 0.9393 0.1921
vt 0.5831 0.7881
vt 0.5831 0.6198
vt 0.9393 0.6198
vt 0.9393 0.7881
vt 0.5564 0.8007
vt 0.5564 0.6072
vt 0.5831 0.6198
vt 0.5831 0.7881
vt 0.5564 0.6072
vt 0.966 0.6072
vt 0.9393 0.6198
vt 0.5831 0.6198
vt 0.966 0.6072
vt 0.966 0.8007
vt 0.9393 0.7881
vt 0.9393 0.6198
vt 0.966 0.8007
vt 0.5564 0.8007
vt 0.5831 0.7881
vt 0.9393 0.7881
vt 0.0923 0.7288
vt 0.4485 0.5201
vt 0.0923 0.5201
vt 0.4485 0.7288
vt 0.0656 0.7444
vt 0.0923 0.5201
vt 0.0656 0.5045
vt 0.0923 0.7288
vt 0.0656 0.5045
vt 0.4485 0.5201
vt 0.4752 0.5045
vt 0.0923 0.5201
vt 0.4752 0.5045
vt 0.4485 0.7288
vt 0.4752 0.7444
vt 0.4485 0.5201
vt 0.4752 0.7444
vt 0.0923 0.7288
vt 0.0656 0.7444
vt 0.4485 0.7288
vt 0.0923 0.4828
vt 0.4485 0.2741
vt 0.0923 0.2741
vt 0.4485 0.4828
vt 0.0656 0.4984
vt 0.0923 0.2741
vt 0.0656 0.2585
vt 0.0923 0.4828
vt 0.0656 0.2585
vt 0.4485 0.2741
vt 0.4752 0.2585
vt 0.0923 0.2741
vt 0.4752 0.2585
vt 0.4485 0.4828
vt 0.4752 0.4984
vt 0.4485 0.2741
vt 0.4752 0.4984
vt 0.0923 0.4828
vt 0.0656 0.4984
vt 0.4485 0.4828
vt 0.0923 0.2348
vt 0.4485 0.0262
vt 0.0923 0.0262
vt 0.4485 0.2348
vt 0.0656 0.2505
vt 0.0923 0.0262
vt 0.0656 0.0105
vt 0.0923 0.2348
vt 0.0656 0.0105
vt 0.4485 0.0262
vt 0.4752 0.0105
vt 0.0923 0.0262
vt 0.4752 0.0105
vt 0.4485 0.2348
vt 0.4752 0.2505
vt 0.4485 0.0262
vt 0.4752 0.2505
vt 0.0923 0.2348
vt 0.0656 0.2505
vt 0.4485 0.2348
vt 0.0923 0.9738
vt 0.4485 0.7652
vt 0.0923 0.7652
vt 0.4485 0.9738
vt 0.0656 0.9895
vt 0.0923 0.7652
vt 0.0656 0.7495
vt 0.0923 0.9738
vt 0.0656 0.7495
vt 0.4485 0.7652
vt 0.4752 0.7495
vt 0.0923 0.7652
vt 0.4752 0.7495
vt 0.4485 0.9738
vt 0.4752 0.9895
vt 0.4485 0.7652
vt 0.4752 0.9895
vt 0.0923 0.9738
vt 0.0656 0.9895
vt 0.4485 0.9738
vt 0.5831 0.5904
vt 0.9393 0.4222
vt 0.5831 0.4222
vt 0.9393 0.5904
vt 0.5564 0.6031
vt 0.5831 0.4222
vt 0.5564 0.4096
vt 0.5831 0.5904
vt 0.5564 0.4096
vt 0.9393 0.4222
vt 0.966 0.4096
vt 0.5831 0.4222
vt 0.966 0.4096
vt 0.9393 0.5904
vt 0.966 0.6031
vt 0.9393 0.4222
vt 0.966 0.6031
vt 0.5831 0.5904
vt 0.5564 0.6031
vt 0.9393 0.5904
vt 0.5831 0.392
vt 0.9393 0.2238
vt 0.5831 0.2238
vt 0.9393 0.392
vt 0.5564 0.4047
vt 0.5831 0.2238
vt 0.5564 0.2111
vt 0.5831 0.392
vt 0.5564 0.2111
vt 0.9393 0.2238
vt 0.966 0.2111
vt 0.5831 0.2238
vt 0.966 0.2111
vt 0.9393 0.392
vt 0.966 0.4047
vt 0.9393 0.2238
vt 0.966 0.4047
vt 0.5831 0.392
vt 0.5564 0.4047
vt 0.9393 0.392
vt 0.5831 0.1921
vt 0.9393 0.0238
vt 0.5831 0.0238
vt 0.9393 0.1921
vt 0.5564 0.2047
vt 0.5831 0.0238
vt 0.5564 0.0112
vt 0.5831 0.1921
vt 0.5564 0.0112
vt 0.9393 0.0238
vt 0.966 0.0112
vt 0.5831 0.0238
vt 0.966 0.0112
vt 0.9393 0.1921
vt 0.966 0.2047
vt 0.9393 0.0238
vt 0.966 0.2047
vt 0.5831 0.1921
vt 0.5564 0.2047
vt 0.9393 0.1921
vt 0.5831 0.7881
vt 0.9393 0.6198
vt 0.5831 0.6198
vt 0.9393 0.7881
vt 0.5564 0.8007
vt 0.5831 0.6198
vt 0.5564 0.6072
vt 0.5831 0.7881
vt 0.5564 0.6072
vt 0.9393 0.6198
vt 0.966 0.6072
vt 0.5831 0.6198
vt 0.966 0.6072
vt 0.9393 0.7881
vt 0.966 0.8007
vt 0.9393 0.6198
vt 0.966 0.8007
vt 0.5831 0.7881
vt 0.5564 0.8007
vt 0.9393 0.7881
vt -0.4262 0.9939
vt -0.4262 0.5129
vt 0.4756 0.5129
vt 0.4756 0.9939
vt -0.4479 1.0011
vt -0.4479 0.5057
vt -0.4262 0.5129
vt -0.4262 0.9939
vt -0.4479 0.5057
vt 0.4973 0.5057
vt 0.4756 0.5129
vt -0.4262 0.5129
vt 0.4973 0.5057
vt 0.4973 1.0011
vt 0.4756 0.9939
vt 0.4756 0.5129
vt 0.4973 1.0011
vt -0.4479 1.0011
vt -0.4262 0.9939
vt 0.4756 0.9939
vt -0.425 0.4955
vt -0.425 0.0144
vt 0.4768 0.0144
vt 0.4768 0.4955
vt -0.4468 0.5026
vt -0.4468 0.0073
vt -0.425 0.0144
vt -0.425 0.4955
vt -0.4468 0.0073
vt 0.4985 0.0073
vt 0.4768 0.0144
vt -0.425 0.0144
vt 0.4985 0.0073
vt 0.4985 0.5026
vt 0.4768 0.4955
vt 0.4768 0.0144
vt 0.4985 0.5026
vt -0.4468 0.5026
vt -0.425 0.4955
vt 0.4768 0.4955
vt -0.425 0.4955
vt -0.425 0.0144
vt 0.4768 0.0144
vt 0.4768 0.4955
vt -0.4468 0.5026
vt -0.4468 0.0073
vt -0.425 0.0144
vt -0.425 0.4955
vt -0.4468 0.0073
vt 0.4985 0.0073
vt 0.4768 0.0144
vt -0.425 0.0144
vt 0.4985 0.0073
vt 0.4985 0.5026
vt 0.4768 0.4955
vt 0.4768 0.0144
vt 0.4985 0.5026
vt -0.4468 0.5026
vt -0.425 0.4955
vt 0.4768 0.4955
vt 0.5232 0.9939
vt 0.5232 0.5129
vt 1.425 0.5129
vt 1.425 0.9939
vt 0.5015 1.0011
vt 0.5015 0.5057
vt 0.5232 0.5129
vt 0.5232 0.9939
vt 0.5015 0.5057
vt 1.4468 0.5057
vt 1.425 0.5129
vt 0.5232 0.5129
vt 1.4468 0.5057
vt 1.4468 1.0011
vt 1.425 0.9939
vt 1.425 0.5129
vt 1.4468 1.0011
vt 0.5015 1.0011
vt 0.5232 0.9939
vt 1.425 0.9939
vt 0.5244 0.4955
vt 0.5244 0.0144
vt 1.4262 0.0144
vt 1.4262 0.4955
vt 0.5027 0.5026
vt 0.5027 0.0073
vt 0.5244 0.0144
vt 0.5244 0.4955
vt 0.5027 0.0073
vt 1.4479 0.0073
vt 1.4262 0.0144
vt 0.5244 0.0144
vt 1.4479 0.0073
vt 1.4479 0.5026
vt 1.4262 0.4955
vt 1.4262 0.0144
vt 1.4479 0.5026
vt 0.5027 0.5026
vt 0.5244 0.4955
vt 1.4262 0.4955
vt 0.5244 0.4955
vt 0.5244 0.0144
vt 1.4262 0.0144
vt 1.4262 0.4955
vt 0.5027 0.5026
vt 0.5027 0.0073
vt 0.5244 0.0144
vt 0.5244 0.4955
vt 0.5027 0.0073
vt 1.4479 0.0073
vt 1.4262 0.0144
vt 0.5244 0.0144
vt 1.4479 0.0073
vt 1.4479 0.5026
vt 1.4262 0.4955
vt 1.4262 0.0144
vt 1.4479 0.5026
vt 0.5027 0.5026
vt 0.5244 0.4955
vt 1.4262 0.4955
f 1/1/1 3/3/3 2/2/2
f 3/3/3 1/1/1 4/4/4
f 5/5/5 7/7/7 6/6/6
f 7/7/7 5/5/5 8/8/8
f 9/9/9 11/11/11 10/10/10
f 11/11/11 9/9/9 12/12/12
f 13/13/13 15/15/15 14/14/14
f 15/15/15 13/13/13 16/16/16
f 17/17/17 19/19/19 18/18/18
f 19/19/19 17/17/17 20/20/20
f 21/21/21 23/23/23 22/22/22
f 23/23/23 21/21/21 24/24/24
f 25/25/25 27/27/27 26/26/26
f 27/27/27 25/25/25 28/28/28
f 29/29/29 31/31/31 30/30/30
f 31/31/31 29/29/29 32/32/32
f 33/33/33 35/35/35 34/34/34
f 35/35/35 33/33/33 36/36/36
f 37/37/37 39/39/39 38/38/38
f 39/39/39 37/37/37 40/40/40
f 41/41/41 43/43/43 42/42/42
f 43/43/43 41/41/41 44/44/44
f 45/45/45 47/47/47 46/46/46
f 47/47/47 45/45/45 48/48/48
f 49/49/49 51/51/51 50/50/50
f 51/51/51 49/49/49 52/52/52
f 53/53/53 55/55/55 54/54/54
f 55/55/55 53/53/53 56/56/56
f 57/57/57 59/59/59 58/58/58
f 59/59/59 57/57/57 60/60/60
f 61/61/61 63/63/63 62/62/62
f 63/63/63 61/61/61 64/64/64
f 65/65/65 67/67/67 66/66/66
f 67/67/67 65/65/65 68/68/68
f 69/69/69 71/71/71 70/70/70
f 71/71/71 69/69/69 72/72/72
f 73/73/73 75/75/75 74/74/74
f 75/75/75 73/73/73 76/76/76
f 77/77/77 79/79/79 78/78/78
f 79/79/79 77/77/77 80/80/80
f 81/81/81 83/83/83 82/82/82
f 83/83/83 81/81/81 84/84/84
f 85/85/85 87/87/87 86/86/86
f 87/87/87 85/85/85 88/88/88
f 89/89/89 91/91/91 90/90/90
f 91/91/91 89/89/89 92/92/92
f 93/93/93 95/95/95 94/94/94
f 95/95/95 93/93/93 96/96/96
f 97/97/97 99/99/99 98/98/98
f 99/99/99 97/97/97 100/100/100
f 101/101/101 103/103/103 102/102/102
f 103/103/103 101/101/101 104/104/104
f 105/105/105 107/107/107 106/106/106
f 107/107/107 105/105/105 108/108/108
f 109/109/109 111/111/111 110/110/110
f 111/111/111 109/109/109 112/112/112
f 113/113/113 115/115/115 114/114/114
f 115/115/115 113/113/113 116/116/116
f 117/117/117 119/119/119 118/118/118
f 119/119/119 117/117/117 120/120/120
f 121/121/121 123/123/123 122/122/122
f 123/123/123 121/121/121 124/124/124
f 125/125/125 127/127/127 126/126/126
f 127/127/127 125/125/125 128/128/128
f 129/129/129 131/131/131 130/130/130
f 131/131/131 129/129/129 132/132/132
f 133/133/133 135/135/135 134/134/134
f 135/135/135 133/133/133 136/136/136
f 137/137/137 139/139/139 138/138/138
f 139/139/139 137/137/137 140/140/140
f 141/141/141 143/143/143 142/142/142
f 143/143/143 141/141/141 144/144/144
f 145/145/145 147/147/147 146/146/146
f 147/147/147 145/145/145 148/148/148
f 149/149/149 151/151/151 150/150/150
f 151/151/151 149/149/149 152/152/152
f 153/153/153 155/155/155 154/154/154
f 155/155/155 153/153/153 156/156/156
f 157/157/157 159/159/159 158/158/158
f 159/159/159 157/157/157 160/160/160
f 161/161/161 163/163/163 162/162/162
f 162/162/162 164/164/164 161/161/161
f 165/165/165 167/167/167 166/166/166
f 166/166/166 168/168/168 165/165/165
f 169/169/169 171/171/171 170/170/170
f 170/170/170 172/172/172 169/169/169
f 173/173/173 175/175/175 174/174/174
f 174/174/174 176/176/176 173/173/173
f 177/177/177 179/179/179 178/178/178
f 178/178/178 180/180/180 177/177/177
f 181/181/181 183/183/183 182/182/182
f 182/182/182 184/184/184 181/181/181
f 185/185/185 187/187/187 186/186/186
f 186/186/186 188/188/188 185/185/185
f 189/189/189 191/191/191 190/190/190
f 190/190/190 192/192/192 189/189/189
f 193/193/193 195/195/195 194/194/194
f 194/194/194 196/196/196 193/193/193
f 197/197/197 199/199/199 198/198/198
f 198/198/198 200/200/200 197/197/197
f 201/201/201 203/203/203 202/202/202
f 202/202/202 204/204/204 201/201/201
f 205/205/205 207/207/207 206/206/206
f 206/206/206 208/208/208 205/205/205
f 209/209/209 211/211/211 210/210/210
f 210/210/210 212/212/212 209/209/209
f 213/213/213 215/215/215 214/214/214
f 214/214/214 216/216/216 213/213/213
f 217/217/217 219/219/219 218/218/218
f 218/218/218 220/220/220 217/217/217
f 221/221/221 223/223/223 222/222/222
f 222/222/222 224/224/224 221/221/221
f 225/225/225 227/227/227 226/226/226
f 226/226/226 228/228/228 225/225/225
f 229/229/229 231/231/231 230/230/230
f 230/230/230 232/232/232 229/229/229
f 233/233/233 235/235/235 234/234/234
f 234/234/234 236/236/236 233/233/233
f 237/237/237 239/239/239 238/238/238
f 238/238/238 240/240/240 237/237/237
f 241/241/241 243/243/243 242/242/242
f 242/242/242 244/244/244 241/241/241
f 245/245/245 247/247/247 246/246/246
f 246/246/246 248/248/248 245/245/245
f 249/249/249 251/251/251 250/250/250
f 250/250/250 252/252/252 249/249/249
f 253/253/253 255/255/255 254/254/254
f 254/254/254 256/256/256 253/253/253
f 257/257/257 259/259/259 258/258/258
f 258/258/258 260/260/260 257/257/257
f 261/261/261 263/263/263 262/262/262
f 262/262/262 264/264/264 261/261/261
f 265/265/265 267/267/267 266/266/266
f 266/266/266 268/268/268 265/265/265
f 269/269/269 271/271/271 270/270/270
f 270/270/270 272/272/272 269/269/269
f 273/273/273 275/275/275 274/274/274
f 274/274/274 276/276/276 273/273/273
f 277/277/277 279/279/279 278/278/278
f 278/278/278 280/280/280 277/277/277
f 281/281/281 283/283/283 282/282/282
f 282/282/282 284/284/284 281/281/281
f 285/285/285 287/287/287 286/286/286
f 286/286/286 288/288/288 285/285/285
f 289/289/289 291/291/291 290/290/290
f 290/290/290 292/292/292 289/289/289
f 293/293/293 295/295/295 294/294/294
f 294/294/294 296/296/296 293/293/293
f 297/297/297 299/299/299 298/298/298
f 298/298/298 300/300/300 297/297/297
f 301/301/301 303/303/303 302/302/302
f 302/302/302 304/304/304 301/301/301
f 305/305/305 307/307/307 306/306/306
f 306/306/306 308/308/308 305/305/305
f 309/309/309 311/311/311 310/310/310
f 310/310/310 312/312/312 309/309/309
f 313/313/313 315/315/315 314/314/314
f 314/314/314 316/316/316 313/313/313
f 317/317/317 319/319/319 318/318/318
f 318/318/318 320/320/320 317/317/317
f 321/321/321 323/323/323 322/322/322
f 323/323/323 321/321/321 324/324/324
f 325/325/325 327/327/327 326/326/326
f 327/327/327 325/325/325 328/328/328
f 329/329/329 331/331/331 330/330/330
f 331/331/331 329/329/329 332/332/332
f 333/333/333 335/335/335 334/334/334
f 335/335/335 333/333/333 336/336/336
f 337/337/337 339/339/339 338/338/338
f 339/339/339 337/337/337 340/340/340
f 341/341/341 343/343/343 342/342/342
f 343/343/343 341/341/341 344/344/344
f 345/345/345 347/347/347 346/346/346
f 347/347/347 345/345/345 348/348/348
f 349/349/349 351/351/351 350/350/350
f 351/351/351 349/349/349 352/352/352
f 353/353/353 355/355/355 354/354/354
f 355/355/355 353/353/353 356/356/356
f 357/357/357 359/359/359 358/358/358
f 359/359/359 357/357/357 360/360/360
f 361/361/361 363/363/363 362/362/362
f 363/363/363 361/361/361 364/364/364
f 365/365/365 367/367/367 366/366/366
f 367/367/367 365/365/365 368/368/368
f 369/369/369 371/371/371 370/370/370
f 371/371/371 369/369/369 372/372/372
f 373/373/373 375/375/375 374/374/374
f 375/375/375 373/373/373 376/376/376
f 377/377/377 379/379/379 378/378/378
f 379/379/379 377/377/377 380/380/380
f 381/381/381 383/383/383 382/382/382
f 383/383/383 381/381/381 384/384/384
f 385/385/385 387/387/387 386/386/386
f 387/387/387 385/385/385 388/388/388
f 389/389/389 391/391/391 390/390/390
f 391/391/391 389/389/389 392/392/392
f 393/393/393 395/395/395 394/394/394
f 395/395/395 393/393/393 396/396/396
f 397/397/397 399/399/399 398/398/398
f 399/399/399 397/397/397 400/400/400
f 401/401/401 403/403/403 402/402/402
f 403/403/403 401/401/401 404/404/404
f 405/405/405 407/407/407 406/406/406
f 407/407/407 405/405/405 408/408/408
f 409/409/409 411/411/411 410/410/410
f 411/411/411 409/409/409 412/412/412
f 413/413/413 415/415/415 414/414/414
f 415/415/415 413/413/413 416/416/416
f 417/417/417 419/419/419 418/418/418
f 419/419/419 417/417/417 420/420/420
f 421/421/421 423/423/423 422/422/422
f 423/423/423 421/421/421 424/424/424
f 425/425/425 427/427/427 426/426/426
f 427/427/427 425/425/425 428/428/428
f 429/429/429 431/431/431 430/430/430
f 431/431/431 429/429/429 432/432/432
f 433/433/433 435/435/435 434/434/434
f 435/435/435 433/433/433 436/436/436
f 437/437/437 439/439/439 438/438/438
f 439/439/439 437/437/437 440/440/440
f 441/441/441 443/443/443 442/442/442
f 443/443/443 441/441/441 444/444/444
f 445/445/445 447/447/447 446/446/446
f 447/447/447 445/445/445 448/448/448
f 449/449/449 451/451/451 450/450/450
f 451/451/451 449/449/449 452/452/452
f 453/453/453 455/455/455 454/454/454
f 455/455/455 453/453/453 456/456/456
f 457/457/457 459/459/459 458/458/458
f 459/459/459 457/457/457 460/460/460
f 461/461/461 463/463/463 462/462/462
f 463/463/463 461/461/461 464/464/464
f 465/465/465 467/467/467 466/466/466
f 467/467/467 465/465/465 468/468/468
f 469/469/469 471/471/471 470/470/470
f 471/471/471 469/469/469 472/472/472
f 473/473/473 475/475/475 474/474/474
f 475/475/475 473/473/473 476/476/476
f 477/477/477 479/479/479 478/478/478
f 479/479/479 477/477/477 480/480/480
f 481/481/481 483/483/483 482/482/482
f 483/483/483 481/481/481 484/484/484
f 485/485/485 487/487/487 486/486/486
f 487/487/487 485/485/485 488/488/488
f 489/489/489 491/491/491 490/490/490
f 491/491/491 489/489/489 492/492/492
f 493/493/493 495/495/495 494/494/494
f 495/495/495 493/493/493 496/496/496
f 497/497/497 499/499/499 498/498/498
f 499/499/499 497/497/497 500/500/500
f 501/501/501 503/503/503 502/502/502
f 503/503/503 501/501/501 504/504/504
f 505/505/505 507/507/507 506/506/506
f 507/507/507 505/505/505 508/508/508
f 509/509/509 511/511/511 510/510/510
f 511/511/511 509/509/509 512/512/512
f 513/513/513 515/515/515 514/514/514
f 515/515/515 513/513/513 516/516/516
f 517/517/517 519/519/519 518/518/518
f 519/519/519 517/517/517 520/520/520
f 521/521/521 523/523/523 522/522/522
f 523/523/523 521/521/521 524/524/524
f 525/525/525 527/527/527 526/526/526
f 527/527/527 525/525/525 528/528/528
f 529/529/529 531/531/531 530/530/530
f 531/531/531 529/529/529 532/532/532
f 533/533/533 535/535/535 534/534/534
f 535/535/535 533/533/533 536/536/536
f 537/537/537 539/539/539 538/538/538
f 539/539/539 537/537/537 540/540/540
f 541/541/541 543/543/543 542/542/542
f 543/543/543 541/541/541 544/544/544
f 545/545/545 547/547/547 546/546/546
f 547/547/547 545/545/545 548/548/548
f 549/549/549 551/551/551 550/550/550
f 551/551/551 549/549/549 552/552/552
f 553/553/553 555/555/555 554/554/554
f 555/555/555 553/553/553 556/556/556
f 557/557/557 559/559/559 558/558/558
f 559/559/559 557/557/557 560/560/560
f 561/561/561 563/563/563 562/562/562
f 563/563/563 561/561/561 564/564/564
f 565/565/565 567/567/567 566/566/566
f 567/567/567 565/565/565 568/568/568
f 569/569/569 571/571/571 570/570/570
f 571/571/571 569/569/569 572/572/572
f 573/573/573 575/575/575 574/574/574
f 575/575/575 573/573/573 576/576/576
f 577/577/577 579/579/579 578/578/578
f 579/579/579 577/577/577 580/580/580
f 581/581/581 583/583/583 582/582/582
f 583/583/583 581/581/581 584/584/584
f 585/585/585 587/587/587 586/586/586
f 587/587/587 585/585/585 588/588/588
f 589/589/589 591/591/591 590/590/590
f 591/591/591 589/589/589 592/592/592
f 593/593/593 595/595/595 594/594/594
f 595/595/595 593/593/593 596/596/596
f 597/597/597 599/599/599 598/598/598
f 599/599/599 597/597/597 600/600/600
f 601/601/601 603/603/603 602/602/602
f 603/603/603 601/601/601 604/604/604
f 605/605/605 607/607/607 606/606/606
f 607/607/607 605/605/605 608/608/608
f 609/609/609 611/611/611 610/610/610
f 611/611/611 609/609/609 612/612/612
f 613/613/613 615/615/615 614/614/614
f 615/615/615 613/613/613 616/616/616
f 617/617/617 619/619/619 618/618/618
f 619/619/619 617/617/617 620/620/620
f 621/621/621 623/623/623 622/622/622
f 623/623/623 621/621/621 624/624/624
f 625/625/625 627/627/627 626/626/626
f 627/627/627 625/625/625 628/628/628
f 629/629/629 631/631/631 630/630/630
f 631/631/631 629/629/629 632/632/632
f 633/633/633 635/635/635 634/634/634
f 635/635/635 633/633/633 636/636/636
f 637/637/637 639/639/639 638/638/638
f 639/639/639 637/637/637 640/640/640
f 641/641/641 643/643/643 642/642/642
f 642/642/642 644/644/644 641/641/641
f 645/645/645 647/647/647 646/646/646
f 646/646/646 648/648/648 645/645/645
f 649/649/649 651/651/651 650/650/650
f 650/650/650 652/652/652 649/649/649
f 653/653/653 655/655/655 654/654/654
f 654/654/654 656/656/656 653/653/653
f 657/657/657 659/659/659 658/658/658
f 658/658/658 660/660/660 657/657/657
f 661/661/661 663/663/663 662/662/662
f 662/662/662 664/664/664 661/661/661
f 665/665/665 667/667/667 666/666/666
f 666/666/666 668/668/668 665/665/665
f 669/669/669 671/671/671 670/670/670
f 670/670/670 672/672/672 669/669/669
f 673/673/673 675/675/675 674/674/674
f 674/674/674 676/676/676 673/673/673
f 677/677/677 679/679/679 678/678/678
f 678/678/678 680/680/680 677/677/677
f 681/681/681 683/683/683 682/682/682
f 682/682/682 684/684/684 681/681/681
f 685/685/685 687/687/687 686/686/686
f 686/686/686 688/688/688 685/685/685
f 689/689/689 691/691/691 690/690/690
f 690/690/690 692/692/692 689/689/689
f 693/693/693 695/695/695 694/694/694
f 694/694/694 696/696/696 693/693/693
f 697/697/697 699/699/699 698/698/698
f 698/698/698 700/700/700 697/697/697
f 701/701/701 703/703/703 702/702/702
f 702/702/702 704/704/704 701/701/701
f 705/705/705 707/707/707 706/706/706
f 706/706/706 708/708/708 705/705/705
f 709/709/709 711/711/711 710/710/710
f 710/710/710 712/712/712 709/709/709
f 713/713/713 715/715/715 714/714/714
f 714/714/714 716/716/716 713/713/713
f 717/717/717 719/719/719 718/718/718
f 718/718/718 720/720/720 717/717/717
f 721/721/721 723/723/723 722/722/722
f 722/722/722 724/724/724 721/721/721
f 725/725/725 727/727/727 726/726/726
f 726/726/726 728/728/728 725/725/725
f 729/729/729 731/731/731 730/730/730
f 730/730/730 732/732/732 729/729/729
f 733/733/733 735/735/735 734/734/734
f 734/734/734 736/736/736 733/733/733
f 737/737/737 739/739/739 738/738/738
f 738/738/738 740/740/740 737/737/737
f 741/741/741 743/743/743 742/742/742
f 742/742/742 744/744/744 741/741/741
f 745/745/745 747/747/747 746/746/746
f 746/746/746 748/748/748 745/745/745
f 749/749/749 751/751/751 750/750/750
f 750/750/750 752/752/752 749/749/749
f 753/753/753 755/755/755 754/754/754
f 754/754/754 756/756/756 753/753/753
f 757/757/757 759/759/759 758/758/758
f 758/758/758 760/760/760 757/757/757
f 761/761/761 763/763/763 762/762/762
f 762/762/762 764/764/764 761/761/761
f 765/765/765 767/767/767 766/766/766
f 766/766/766 768/768/768 765/765/765
f 769/769/769 771/771/771 770/770/770
f 770/770/770 772/772/772 769/769/769
f 773/773/773 775/775/775 774/774/774
f 774/774/774 776/776/776 773/773/773
f 777/777/777 779/779/779 778/778/778
f 778/778/778 780/780/780 777/777/777
f 781/781/781 783/783/783 782/782/782
f 782/782/782 784/784/784 781/781/781
f 785/785/785 787/787/787 786/786/786
f 786/786/786 788/788/788 785/785/785
f 789/789/789 791/791/791 790/790/790
f 790/790/790 792/792/792 789/789/789
f 793/793/793 795/795/795 794/794/794
f 794/794/794 796/796/796 793/793/793
f 797/797/797 799/799/799 798/798/798
f 798/798/798 800/800/800 797/797/797
f 801/801/801 803/803/803 802/802/802
f 803/803/803 801/801/801 804/804/804
f 805/805/805 807/807/807 806/806/806
f 807/807/807 805/805/805 808/808/808
f 809/809/809 811/811/811 810/810/810
f 811/811/811 809/809/809 812/812/812
f 813/813/813 815/815/815 814/814/814
f 815/815/815 813/813/813 816/816/816
f 817/817/817 819/819/819 818/818/818
f 819/819/819 817/817/817 820/820/820
f 821/821/821 823/823/823 822/822/822
f 823/823/823 821/821/821 824/824/824
f 825/825/825 827/827/827 826/826/826
f 827/827/827 825/825/825 828/828/828
f 829/829/829 831/831/831 830/830/830
f 831/831/831 829/829/829 832/832/832
f 833/833/833 835/835/835 834/834/834
f 835/835/835 833/833/833 836/836/836
f 837/837/837 839/839/839 838/838/838
f 839/839/839 837/837/837 840/840/840
f 841/841/841 843/843/843 842/842/842
f 843/843/843 841/841/841 844/844/844
f 845/845/845 847/847/847 846/846/846
f 847/847/847 845/845/845 848/848/848
f 849/849/849 851/851/851 850/850/850
f 851/851/851 849/849/849 852/852/852
f 853/853/853 855/855/855 854/854/854
f 855/855/855 853/853/853 856/856/856
f 857/857/857 859/859/859 858/858/858
f 859/859/859 857/857/857 860/860/860
f 861/861/861 863/863/863 862/862/862
f 863/863/863 861/861/861 864/864/864
f 865/865/865 867/867/867 866/866/866
f 867/867/867 865/865/865 868/868/868
f 869/869/869 871/871/871 870/870/870
f 871/871/871 869/869/869 872/872/872
f 873/873/873 875/875/875 874/874/874
f 875/875/875 873/873/873 876/876/876
f 877/877/877 879/879/879 878/878/878
f 879/879/879 877/877/877 880/880/880
f 881/881/881 883/883/883 882/882/882
f 883/883/883 881/881/881 884/884/884
f 885/885/885 887/887/887 886/886/886
f 887/887/887 885/885/885 888/888/888
f 889/889/889 891/891/891 890/890/890
f 891/891/891 889/889/889 892/892/892
f 893/893/893 895/895/895 894/894/894
f 895/895/895 893/893/893 896/896/896
f 897/897/897 899/899/899 898/898/898
f 899/899/899 897/897/897 900/900/900
f 901/901/901 903/903/903 902/902/902
f 903/903/903 901/901/901 904/904/904
f 905/905/905 907/907/907 906/906/906
f 907/907/907 905/905/905 908/908/908
f 909/909/909 911/911/911 910/910/910
f 911/911/911 909/909/909 912/912/912
f 913/913/913 915/915/915 914/914/914
f 915/915/915 913/913/913 916/916/916
f 917/917/917 919/919/919 918/918/918
f 919/919/919 917/917/917 920/920/920
f 921/921/921 923/923/923 922/922/922
f 923/923/923 921/921/921 924/924/924
f 925/925/925 927/927/927 926/926/926
f 927/927/927 925/925/925 928/928/928
f 929/929/929 931/931/931 930/930/930
f 931/931/931 929/929/929 932/932/932
f 933/933/933 935/935/935 934/934/934
f 935/935/935 933/933/933 936/936/936
f 937/937/937 939/939/939 938/938/938
f 939/939/939 937/937/937 940/940/940
f 941/941/941 943/943/943 942/942/942
f 943/943/943 941/941/941 944/944/944
f 945/945/945 947/947/947 946/946/946
f 947/947/947 945/945/945 948/948/948
f 949/949/949 951/951/951 950/950/950
f 951/951/951 949/949/949 952/952/952
f 953/953/953 955/955/955 954/954/954
f 955/955/955 953/953/953 956/956/956
f 957/957/957 959/959/959 958/958/958
f 959/959/959 957/957/957 960/960/960
f 961/961/961 963/963/963 962/962/962
f 962/962/962 964/964/964 961/961/961
f 965/965/965 967/967/967 966/966/966
f 966/966/966 968/968/968 965/965/965
f 969/969/969 971/971/971 970/970/970
f 970/970/970 972/972/972 969/969/969
f 973/973/973 975/975/975 974/974/974
f 974/974/974 976/976/976 973/973/973
f 977/977/977 979/979/979 978/978/978
f 978/978/978 980/980/980 977/977/977
f 981/981/981 983/983/983 982/982/982
f 982/982/982 984/984/984 981/981/981
f 985/985/985 987/987/987 986/986/986
f 986/986/986 988/988/988 985/985/985
f 989/989/989 991/991/991 990/990/990
f 990/990/990 992/992/992 989/989/989
f 993/993/993 995/995/995 994/994/994
f 994/994/994 996/996/996 993/993/993
f 997/997/997 999/999/999 998/998/998
f 998/998/998 1000/1000/1000 997/997/997
f 1001/1001/1001 1003/1003/1003 1002/1002/1002
f 1002/1002/1002 1004/1004/1004 1001/1001/1001
f 1005/1005/1005 1007/1007/1007 1006/1006/1006
f 1006/1006/1006 1008/1008/1008 1005/1005/1005
f 1009/1009/1009 1011/1011/1011 1010/1010/1010
f 1010/1010/1010 1012/1012/1012 1009/1009/1009
f 1013/1013/1013 1015/1015/1015 1014/1014/1014
f 1014/1014/1014 1016/1016/1016 1013/1013/1013
f 1017/1017/1017 1019/1019/1019 1018/1018/1018
f 1018/1018/1018 1020/1020/1020 1017/1017/1017
f 1021/1021/1021 1023/1023/1023 1022/1022/1022
f 1022/1022/1022 1024/1024/1024 1021/1021/1021
f 1025/1025/1025 1027/1027/1027 1026/1026/1026
f 1026/1026/1026 1028/1028/1028 1025/1025/1025
f 1029/1029/1029 1031/1031/1031 1030/1030/1030
f 1030/1030/1030 1032/1032/1032 1029/1029/1029
f 1033/1033/1033 1035/1035/1035 1034/1034/1034
f 1034/1034/1034 1036/1036/1036 1033/1033/1033
f 1037/1037/1037 1039/1039/1039 1038/1038/1038
f 1038/1038/1038 1040/1040/1040 1037/1037/1037
f 1041/1041/1041 1043/1043/1043 1042/1042/1042
f 1042/1042/1042 1044/1044/1044 1041/1041/1041
f 1045/1045/1045 1047/1047/1047 1046/1046/1046
f 1046/1046/1046 1048/1048/1048 1045/1045/1045
f 1049/1049/1049 1051/1051/1051 1050/1050/1050
f 1050/1050/1050 1052/1052/1052 1049/1049/1049
f 1053/1053/1053 1055/1055/1055 1054/1054/1054
f 1054/1054/1054 1056/1056/1056 1053/1053/1053
f 1057/1057/1057 1059/1059/1059 1058/1058/1058
f 1058/1058/1058 1060/1060/1060 1057/1057/1057
f 1061/1061/1061 1063/1063/1063 1062/1062/1062
f 1062/1062/1062 1064/1064/1064 1061/1061/1061
f 1065/1065/1065 1067/1067/1067 1066/1066/1066
f 1066/1066/1066 1068/1068/1068 1065/1065/1065
f 1069/1069/1069 1071/1071/1071 1070/1070/1070
f 1070/1070/1070 1072/1072/1072 1069/1069/1069
f 1073/1073/1073 1075/1075/1075 1074/1074/1074
f 1074/1074/1074 1076/1076/1076 1073/1073/1073
f 1077/1077/1077 1079/1079/1079 1078/1078/1078
f 1078/1078/1078 1080/1080/1080 1077/1077/1077
f 1081/1081/1081 1083/1083/1083 1082/1082/1082
f 1082/1082/1082 1084/1084/1084 1081/1081/1081
f 1085/1085/1085 1087/1087/1087 1086/1086/1086
f 1086/1086/1086 1088/1088/1088 1085/1085/1085
f 1089/1089/1089 1091/1091/1091 1090/1090/1090
f 1090/1090/1090 1092/1092/1092 1089/1089/1089
f 1093/1093/1093 1095/1095/1095 1094/1094/1094
f 1094/1094/1094 1096/1096/1096 1093/1093/1093
f 1097/1097/1097 1099/1099/1099 1098/1098/1098
f 1098/1098/1098 1100/1100/1100 1097/1097/1097
f 1101/1101/1101 1103/1103/1103 1102/1102/1102
f 1102/1102/1102 1104/1104/1104 1101/1101/1101
f 1105/1105/1105 1107/1107/1107 1106/1106/1106
f 1106/1106/1106 1108/1108/1108 1105/1105/1105
f 1109/1109/1109 1111/1111/1111 1110/1110/1110
f 1110/1110/1110 1112/1112/1112 1109/1109/1109
f 1113/1113/1113 1115/1115/1115 1114/1114/1114
f 1114/1114/1114 1116/1116/1116 1113/1113/1113
f 1117/1117/1117 1119/1119/1119 1118/1118/1118
f 1118/1118/1118 1120/1120/1120 1117/1117/1117
f 1121/1121/1121 1123/1123/1123 1122/1122/1122
f 1123/1123/1123 1121/1121/1121 1124/1124/1124
f 1125/1125/1125 1127/1127/1127 1126/1126/1126
f 1127/1127/1127 1125/1125/1125 1128/1128/1128
f 1129/1129/1129 1131/1131/1131 1130/1130/1130
f 1131/1131/1131 1129/1129/1129 1132/1132/1132
f 1133/1133/1133 1135/1135/1135 1134/1134/1134
f 1135/1135/1135 1133/1133/1133 1136/1136/1136
f 1137/1137/1137 1139/1139/1139 1138/1138/1138
f 1139/1139/1139 1137/1137/1137 1140/1140/1140
f 1141/1141/1141 1143/1143/1143 1142/1142/1142
f 1143/1143/1143 1141/1141/1141 1144/1144/1144
f 1145/1145/1145 1147/1147/1147 1146/1146/1146
f 1147/1147/1147 1145/1145/1145 1148/1148/1148
f 1149/1149/1149 1151/1151/1151 1150/1150/1150
f 1151/1151/1151 1149/1149/1149 1152/1152/1152
f 1153/1153/1153 1155/1155/1155 1154/1154/1154
f 1155/1155/1155 1153/1153/1153 1156/1156/1156
f 1157/1157/1157 1159/1159/1159 1158/1158/1158
f 1159/1159/1159 1157/1157/1157 1160/1160/1160
f 1161/1161/1161 1163/1163/1163 1162/1162/1162
f 1163/1163/1163 1161/1161/1161 1164/1164/1164
f 1165/1165/1165 1167/1167/1167 1166/1166/1166
f 1167/1167/1167 1165/1165/1165 1168/1168/1168
f 1169/1169/1169 1171/1171/1171 1170/1170/1170
f 1171/1171/1171 1169/1169/1169 1172/1172/1172
f 1173/1173/1173 1175/1175/1175 1174/1174/1174
f 1175/1175/1175 1173/1173/1173 1176/1176/1176
f 1177/1177/1177 1179/1179/1179 1178/1178/1178
f 1179/1179/1179 1177/1177/1177 1180/1180/1180
f 1181/1181/1181 1183/1183/1183 1182/1182/1182
f 1183/1183/1183 1181/1181/1181 1184/1184/1184
f 1185/1185/1185 1187/1187/1187 1186/1186/1186
f 1187/1187/1187 1185/1185/1185 1188/1188/1188
f 1189/1189/1189 1191/1191/1191 1190/1190/1190
f 1191/1191/1191 1189/1189/1189 1192/1192/1192
f 1193/1193/1193 1195/1195/1195 1194/1194/1194
f 1195/1195/1195 1193/1193/1193 1196/1196/1196
f 1197/1197/1197 1199/1199/1199 1198/1198/1198
f 1199/1199/1199 1197/1197/1197 1200/1200/1200
f 1201/1201/1201 1203/1203/1203 1202/1202/1202
f 1203/1203/1203 1201/1201/1201 1204/1204/1204
f 1205/1205/1205 1207/1207/1207 1206/1206/1206
f 1207/1207/1207 1205/1205/1205 1208/1208/1208
f 1209/1209/1209 1211/1211/1211 1210/1210/1210
f 1211/1211/1211 1209/1209/1209 1212/1212/1212
f 1213/1213/1213 1215/1215/1215 1214/1214/1214
f 1215/1215/1215 1213/1213/1213 1216/1216/1216
f 1217/1217/1217 1219/1219/1219 1218/1218/1218
f 1219/1219/1219 1217/1217/1217 1220/1220/1220
f 1221/1221/1221 1223/1223/1223 1222/1222/1222
f 1223/1223/1223 1221/1221/1221 1224/1224/1224
f 1225/1225/1225 1227/1227/1227 1226/1226/1226
f 1227/1227/1227 1225/1225/1225 1228/1228/1228
f 1229/1229/1229 1231/1231/1231 1230/1230/1230
f 1231/1231/1231 1229/1229/1229 1232/1232/1232
f 1233/1233/1233 1235/1235/1235 1234/1234/1234
f 1235/1235/1235 1233/1233/1233 1236/1236/1236
f 1237/1237/1237 1239/1239/1239 1238/1238/1238
f 1239/1239/1239 1237/1237/1237 1240/1240/1240
