# Monster45.bmd — MU geometry at action 0 key 0, exported for MU2
# 3 mesh(es)

g devil
# texture: devil.jpg
v 21.50703 12.63191 34.34278
v 22.48513 15.2879 39.33334
v 11.29932 37.9977 32.8609
v 26.744 15.60695 39.4349
v 28.85746 14.8009 34.61886
v 32.6391 38.7569 36.47049
v 21.03481 4.983088 35.03822
v 33.33655 7.736323 33.37741
v 16.239 103.5858 12.78327
v 27.2987 110.5773 7.634858
v 15.0493 110.7921 1.838505
v 28.85746 14.8009 34.61886
v 27.48562 14.51443 29.39324
v 32.6391 38.7569 36.47049
v 26.60953 38.95957 22.19812
v 17.70859 38.39223 20.67542
v 23.11717 13.17886 29.76353
v 11.29932 37.9977 32.8609
v 21.50703 12.63191 34.34278
v 24.9244 58.37185 31.87934
v 23.25808 55.16361 27.5454
v 17.90738 54.0976 26.62513
v 12.33351 54.46951 30.71607
v 23.03345 72.07677 7.443605
v 27.02582 79.46042 20.57175
v 12.01831 69.62363 6.163827
v 2.760779 76.13841 16.36917
v 6.572864 78.58924 1.086596
v 16.83245 84.66591 -1.685575
v 1.262798 87.44572 10.74126
v 19.22569 99.18056 3.432441
v 15.1826 102.2579 -6.258332
v 15.0493 110.7921 1.838505
v 27.2987 110.5773 7.634858
v 0.141107 112.827 -2.056453
v 0.130993 98.70352 -13.69908
v 18.93009 95.5659 7.435916
v 0.130988 91.86225 -12.74637
v 0.13098 83.44852 -0.89036
v 33.33655 7.736323 33.37741
v 29.51502 7.165783 24.74126
v 22.65239 6.401252 25.76448
v 21.03481 4.983088 35.03822
v 34.28026 1.080755 31.98998
v 30.93195 0.664325 26.44819
v 24.08041 -0.098969 27.4698
v 21.9486 -0.305979 35.31692
v 21.50703 12.63191 34.34278
v 22.47532 15.30126 39.3948
v 11.29932 37.9977 32.8609
v 15.28639 38.11996 43.47895
v 23.28503 38.72818 44.83179
v 26.73428 15.62032 39.49638
v 32.6391 38.7569 36.47049
v 28.85746 14.8009 34.61886
v 12.33351 54.46951 30.71607
v 16.08989 53.40096 38.6342
v 21.51655 53.96883 39.55193
v 24.9244 58.37185 31.87934
v 14.96366 58.97397 40.95495
v 20.39031 59.54184 41.87268
v 14.19425 65.33374 35.52267
v 19.54496 66.39975 36.44296
v 2.760779 76.13841 16.36917
v 6.26821 84.38031 28.03563
v 17.47885 86.00117 29.92002
v 27.02582 79.46042 20.57175
v 3.494196 97.34137 15.84083
v 1.262798 87.44572 10.74126
v 15.54607 100.8024 12.92695
v 18.93009 95.5659 7.435916
v 0.141092 97.29263 18.94949
v 8.023887 92.23202 19.26768
v 8.468491 97.19405 29.44529
v 0.130988 92.71452 15.46674
v 17.33539 97.47063 10.63443
v 16.239 103.5858 12.78327
v 19.22569 99.18056 3.432441
v 27.2987 110.5773 7.634858
v 0.130977 80.76709 8.200498
v 0.13098 83.44852 -0.89036
v 21.03481 4.983088 35.03822
v 22.2643 6.740899 44.84686
v 33.42696 8.076106 43.78726
v 33.33655 7.736323 33.37741
v 22.76999 -0.159308 39.88253
v 21.9486 -0.305979 35.31692
v 34.89677 1.198292 37.31248
v 34.28026 1.080755 31.98998
v 34.95648 1.211788 41.41544
v 23.80045 -0.025539 42.44447
v -16.66388 14.33166 6.267751
v -8.753479 37.69737 18.35199
v -18.15017 14.37048 11.25914
v -22.41578 14.40024 11.02485
v -30.27636 35.54785 19.41817
v -24.0462 16.37171 6.653829
v -16.0906 6.658297 6.311498
v -28.41441 9.380802 4.767602
v -15.9643 103.5859 12.78327
v -14.76639 110.7922 1.838504
v -27.03659 110.5774 7.634854
v -24.0462 16.37171 6.653829
v -30.27636 35.54785 19.41817
v -22.62374 16.55187 1.436999
v -22.89288 43.31269 7.953697
v -14.60143 43.87883 7.374102
v -18.24046 15.24736 1.735959
v -8.753479 37.69737 18.35199
v -16.66388 14.33166 6.267751
v -24.16644 54.33521 26.04562
v -22.18855 51.77985 21.4185
v -16.76403 51.04176 20.61691
v -11.38308 51.08718 24.97421
v -26.78691 76.61752 17.45745
v -21.94887 71.15082 3.690998
v -10.79573 69.29518 2.616808
v -2.250464 74.77211 13.98676
v -15.9241 85.03851 -3.458477
v -5.535807 79.03931 -1.01638
v -1.008664 86.76116 9.925557
v -18.96361 99.18059 3.43244
v -14.76639 110.7922 1.838504
v -14.9205 102.2579 -6.258333
v -27.03659 110.5774 7.634854
v -18.85732 94.57903 6.875218
v -28.41441 9.380802 4.767602
v -24.50807 9.602337 -3.84658
v -17.64482 8.843764 -2.822956
v -16.0906 6.658297 6.311498
v -29.25225 2.856573 2.806896
v -25.84884 2.960446 -2.716135
v -18.99669 2.203106 -1.694221
v -16.93253 1.353176 6.127756
v -16.66388 14.33166 6.267751
v -8.753479 37.69737 18.35199
v -18.14635 14.35122 11.31971
v -13.67467 32.19596 27.07356
v -21.44976 31.72482 27.63289
v -22.41194 14.38089 11.08543
v -30.27636 35.54785 19.41817
v -24.0462 16.37171 6.653829
v -11.38308 51.08718 24.97421
v -15.33901 47.80581 30.48324
v -20.84821 47.58162 30.94202
v -24.16644 54.33521 26.04562
v -14.9308 51.46969 35.39465
v -20.44 51.24549 35.85344
v -13.90196 61.16028 31.03939
v -19.32648 61.89837 31.84098
v -2.250464 74.77211 13.98676
v -6.581357 81.29656 26.43706
v -17.91866 82.24182 27.99489
v -26.78691 76.61752 17.45745
v -1.008664 86.76116 9.925557
v -3.868084 95.82271 16.14003
v -15.92782 99.18195 13.14053
v -18.85732 94.57903 6.875218
v -8.126907 97.19407 29.44529
v -7.761814 92.23203 19.26769
v -15.9643 103.5859 12.78327
v -17.07341 97.47066 10.63443
v -27.03659 110.5774 7.634854
v -18.96361 99.18059 3.43244
v -16.0906 6.658297 6.311498
v -17.43251 7.553458 16.22146
v -28.60278 8.826926 15.16695
v -28.41441 9.380802 4.767602
v -17.79674 1.097534 10.68065
v -16.93253 1.353176 6.127756
v -29.91788 2.5098 8.113449
v -29.25225 2.856573 2.806896
v -30.01451 2.171173 12.20163
v -18.85188 0.997829 13.23407
v 0.156804 139.5995 44.65869
v 0.20701 131.8392 45.40469
v 8.144504 142.5977 43.18478
v 19.48041 134.08 44.00047
v 11.56639 151.5142 37.91458
v 20.0634 147.1046 37.59308
v 0.207009 115.2784 34.75389
v 17.01281 118.1071 34.24778
v 0.207006 110.5328 28.88285
v 20.0425 114.8137 22.76061
v 31.9358 121.5104 33.42996
v 23.41988 125.2919 7.763281
v 32.71208 133.1037 13.26587
v 33.8037 136.689 40.24637
v 33.83449 144.1886 30.55407
v 0.207008 103.7832 23.42286
v 17.272 110.5 18.75163
v 16.65219 118.5126 5.831219
v 16.239 103.5858 12.78327
v 15.0493 110.7921 1.838505
v 0.141092 97.29263 18.94949
v 31.9358 121.5104 33.42996
v 32.71208 133.1037 13.26587
v 33.02926 122.8284 29.57193
v 33.18498 140.1417 22.47977
v 33.83449 144.1886 30.55407
v 33.8037 136.689 40.24637
v 41.19099 142.5854 36.00247
v 43.76563 140.0089 28.35068
v 41.64561 129.1845 25.34985
v 36.7751 129.9813 36.83596
v 52.24261 130.6642 34.27332
v 48.44179 134.1429 41.24902
v 40.40217 121.241 31.93481
v 36.95927 132.6402 44.92519
v 32.15268 128.1782 37.66163
v 44.63871 124.299 41.27061
v 44.97297 122.65 37.04675
v 37.67628 126.4418 43.33648
v 33.53156 121.3245 33.59789
v 32.71211 122.8457 37.79367
v 50.18684 113.6144 45.74081
v 41.53929 116.2774 49.8466
v 44.91995 111.03 36.79641
v 42.31421 104.089 46.18744
v 35.86351 117.626 51.455
v 36.6996 106.1364 49.54623
v 30.84436 116.4429 46.41331
v 26.92408 114.3915 39.40798
v 33.63013 111.2627 33.32996
v 40.32619 109.5791 31.1806
v 37.6728 102.8335 39.83228
v 29.49517 110.7156 53.96999
v 43.91906 111.2243 55.68466
v 31.82971 104.7698 44.23233
v 30.06965 95.76773 53.23533
v 43.97018 95.95042 55.41821
v 41.61524 110.2498 66.0433
v 30.45832 108.4992 64.30244
v 32.7092 99.65906 65.03918
v 40.54809 99.05126 65.60318
v 33.56175 112.525 79.06926
v 39.02267 99.31752 89.81264
v 41.31534 103.887 79.07861
v 26.70699 110.6446 88.19594
v 36.41373 95.44867 83.15686
v 28.49737 107.9994 72.08632
v 23.97664 105.2975 80.43123
v 37.09869 100.0649 73.20825
v 21.33976 105.4409 92.75147
v 33.68143 94.13956 94.35028
v 32.60562 92.25521 89.63871
v 20.42779 102.3541 86.68514
v 17.85635 99.32079 93.43546
v 28.39242 90.04092 94.65374
v 27.4746 88.53717 91.29195
v 17.31932 96.96867 89.47016
v 16.8617 93.73225 92.92316
v 23.29243 87.72528 93.67403
v 22.59131 86.57526 91.06324
v 15.99315 92.38868 89.83635
v 17.79983 97.58922 78.86182
v 17.34766 96.72218 76.45077
v 20.70474 93.66971 76.91907
v 21.15675 94.5368 79.33016
v 21.73255 101.7345 77.68949
v 25.08963 98.68201 78.15779
v 28.59673 103.0061 81.20242
v 25.23966 106.0585 80.73412
v 24.90849 97.92649 74.53116
v 31.26497 105.2413 76.64497
v 21.55157 100.9789 74.06281
v 5.358006 158.9751 63.33539
v 0.002808 156.8809 67.20419
v 0.002811 150.7049 67.21245
v 6.395701 157.4018 57.14029
v 0.002805 161.8729 63.48482
v 0.002801 164.6734 62.08989
v 5.002399 164.8141 59.39078
v 7.6386 160.8112 57.05221
v 8.356996 166.1128 54.49082
v 5.595002 152.8162 53.11843
v 0.002802 149.6456 50.08054
v 6.164897 154.5828 47.78541
v 0.002801 169.0025 60.38019
v 7.042692 171.1822 50.86605
v 0.002791 174.4461 52.01259
v 7.635388 172.692 44.92855
v 0.002688 176.2546 42.70951
v 5.595002 152.8162 53.11843
v 6.164897 154.5828 47.78541
v 9.154094 161.6934 48.04823
v 9.154094 161.6934 48.04823
v 8.907191 157.1886 40.29211
v 0.002689 158.4111 35.31633
v 7.170089 165.3993 40.9996
v 0.002677 171.2866 26.70693
v 0.156804 139.5995 44.65869
v 8.144504 142.5977 43.18478
v 11.56639 151.5142 37.91458
v 0.156688 156.0453 34.1172
v 6.395701 157.4018 57.14029
v 0.002811 150.7049 67.21245
v 0.002806 153.2241 59.3487
v 6.395701 157.4018 57.14029
v 0.002806 153.2241 59.3487
v 0.002805 151.2444 57.16012
v 0.002806 147.9713 56.3553
v 2.114105 148.267 55.18742
v 0.002805 151.2444 57.16012
v -5.352493 158.9731 63.33512
v -6.390197 157.3998 57.14003
v -4.9969 164.812 59.3904
v -7.633097 160.8093 57.05185
v -8.351401 166.1108 54.49046
v -5.589496 152.8142 53.11816
v -6.159401 154.5808 47.78514
v -7.037208 171.1802 50.86578
v -7.62991 172.69 44.92828
v -5.589496 152.8142 53.11816
v -9.148602 161.6914 48.04797
v -6.159401 154.5808 47.78514
v -9.148602 161.6914 48.04797
v -8.901805 157.1866 40.29184
v -7.16461 165.3966 40.99918
v -7.830998 142.5969 43.1843
v -11.21941 151.5136 37.9143
v -6.390197 157.3998 57.14003
v 0.002806 153.2241 59.3487
v 0.002811 150.7049 67.21245
v -6.390197 157.3998 57.14003
v -2.108594 148.2651 55.18706
v -7.830998 142.5969 43.1843
v -19.06649 134.08 44.00061
v -11.21941 151.5136 37.9143
v -19.6494 147.1046 37.59321
v -16.59889 118.1071 34.2478
v -19.6286 114.8136 22.7607
v -31.62869 121.536 33.44812
v -32.35732 133.1208 13.27802
v -23.00611 125.2917 7.763375
v -33.49649 136.7146 40.26452
v -33.47971 144.2057 30.56632
v -16.8581 110.4999 18.75174
v -16.23841 118.5125 5.831328
v -15.9643 103.5859 12.78327
v -14.76639 110.7922 1.838504
v 0.141092 97.29263 18.94949
v -15.9643 103.5859 12.78327
v -8.126907 97.19407 29.44529
v 34.95686 1.211926 41.40435
v 22.26467 6.741035 44.83577
v 23.80082 -0.025402 42.43337
v 33.42724 8.076233 43.77616
v 0.141092 97.29263 18.94949
v 8.468491 97.19405 29.44529
v 16.239 103.5858 12.78327
v 11.56639 151.5142 37.91458
v 9.183188 151.7499 30.69648
v 0.156688 156.0453 34.1172
v 0.206884 152.9019 28.49819
v 20.0634 147.1046 37.59308
v 26.88848 142.8109 22.03487
v 12.29168 148.6164 18.89909
v 7.489479 148.9207 19.32379
v 32.71208 133.1037 13.26587
v 23.41988 125.2919 7.763281
v 0.206874 133.7813 5.808699
v 33.83449 144.1886 30.55407
v 33.18498 140.1417 22.47977
v 0.206886 123.9002 0.993575
v 16.65219 118.5126 5.831219
v 0.141107 112.827 -2.056453
v 15.0493 110.7921 1.838505
v -31.62869 121.536 33.44812
v -37.34443 122.6858 26.41673
v -32.35732 133.1208 13.27802
v -33.11052 140.1674 22.49802
v -33.47971 144.2057 30.56632
v -39.17267 142.3514 36.82016
v -33.49649 136.7146 40.26452
v -44.54763 141.2459 30.36222
v -45.5526 130.7414 25.96782
v -36.8273 130.0326 36.87212
v -52.16164 132.5088 38.10485
v -45.70819 134.4127 43.57608
v -43.68752 121.8768 31.06153
v -34.13611 130.7722 42.90169
v -32.89073 126.6953 34.09267
v -43.97976 124.2119 41.49797
v -45.98147 123.2218 37.53755
v -36.45779 125.0194 41.17759
v -36.76003 120.7347 30.23423
v -34.34156 121.5329 33.98978
v -49.60394 113.9354 46.75991
v -39.75423 114.7293 47.80094
v -48.14162 111.8615 36.36846
v -43.90749 103.3982 43.68977
v -33.72019 115.0077 47.43757
v -37.22598 104.1308 45.03828
v -30.94643 113.8095 40.8893
v -29.99582 112.1881 32.81964
v -38.78123 110.9257 29.22443
v -45.99997 110.5411 29.41045
v -41.92918 102.3633 36.03976
v -39.78978 104.3676 55.50761
v -27.59949 103.8472 47.60988
v -34.71365 102.8116 38.27295
v -32.50193 91.44885 40.78667
v -44.1508 91.4158 48.68131
v -34.39933 98.08749 62.22035
v -25.48914 96.73339 55.19556
v -29.69458 88.93015 52.92
v -36.69175 88.64294 56.53835
v -22.95467 94.01555 69.28012
v -32.11773 86.89606 68.99226
v -28.05897 78.32112 76.15842
v -14.46663 88.05572 74.40401
v -28.27523 77.0801 68.12796
v -21.10389 92.04582 59.92136
v -15.19588 85.87635 64.86182
v -30.60406 85.22816 61.13235
v -9.34609 80.97148 74.88596
v -22.96189 71.27014 76.6418
v -23.6493 71.25414 71.5004
v -10.81976 80.39445 68.20347
v -7.244258 74.73898 72.27917
v -18.82691 66.85085 73.77196
v -19.21152 66.67809 69.99997
v -8.336483 74.06146 67.81908
v -7.681871 69.7131 69.62748
v -14.82494 64.58135 70.4304
v -15.13084 64.46472 67.51096
v -8.002728 69.58578 66.16785
v -10.58906 77.95554 61.37975
v -14.30641 74.86205 59.33358
v -10.61668 77.49411 58.81932
v -14.27881 75.32361 61.89404
v -13.95896 82.71358 61.55265
v -19.98712 84.18725 66.3028
v -17.64872 80.08156 62.06704
v -16.29733 86.81934 65.78848
v -22.88675 87.54157 62.66601
v -18.09359 79.98602 58.38613
v -14.40386 82.61808 57.87188
v -11.21941 151.5136 37.9143
v -8.769313 151.7499 30.6965
v -19.6494 147.1046 37.59321
v -26.43821 142.8109 22.03502
v -11.87792 148.6164 18.89911
v -32.35732 133.1208 13.27802
v -23.00611 125.2917 7.763375
v -33.47971 144.2057 30.56632
v -33.11052 140.1674 22.49802
v -16.23841 118.5125 5.831328
v -14.76639 110.7922 1.838504
v 1.807211 112.085 40.99685
v 16.82731 114.4069 40.30803
v 19.29491 128.8036 46.88594
v 3.501411 126.9397 47.75195
v 29.3994 132.2396 43.77603
v 27.47341 118.8292 39.27032
v 0.370308 113.7634 36.21765
v 16.8273 116.5921 35.71143
v 19.29491 132.6817 45.88214
v 0.370308 130.3181 46.77695
v 29.4509 120.0322 34.93242
v 31.1804 135.172 41.72163
v -1.39329 112.2397 41.10522
v -18.88099 128.9584 46.99443
v -16.41339 114.5617 40.41644
v -3.087488 127.0944 47.86031
v -28.9855 132.3943 43.88444
v -27.05949 118.9839 39.37874
v 0.043606 113.9181 36.32592
v -16.41339 116.7468 35.81983
v -18.88099 132.8365 45.99053
v 0.043608 130.4729 46.88531
v -29.0371 120.187 35.04074
v -30.7665 135.3268 41.83004
v 34.28026 1.080755 31.98998
v 21.9486 -0.305979 35.31692
v 24.08041 -0.098969 27.4698
v 34.28026 1.080755 31.98998
v 24.08041 -0.098969 27.4698
v 30.93195 0.664325 26.44819
v 34.28026 1.080755 31.98998
v 34.89677 1.198292 37.31248
v 22.76999 -0.159308 39.88253
v 34.28026 1.080755 31.98998
v 22.76999 -0.159308 39.88253
v 21.9486 -0.305979 35.31692
v 34.95686 1.211926 41.40435
v 23.80082 -0.025402 42.43337
v 22.76999 -0.159308 39.88253
v 34.95686 1.211926 41.40435
v 22.76999 -0.159308 39.88253
v 34.89677 1.198292 37.31248
v -17.79674 1.097534 10.68065
v -18.85188 0.997829 13.23407
v -30.01451 2.171173 12.20163
v -17.79674 1.097534 10.68065
v -30.01451 2.171173 12.20163
v -29.91788 2.5098 8.113449
v -17.79674 1.097534 10.68065
v -29.91788 2.5098 8.113449
v -29.25225 2.856573 2.806896
v -17.79674 1.097534 10.68065
v -29.25225 2.856573 2.806896
v -16.93253 1.353176 6.127756
v -16.93253 1.353176 6.127756
v -29.25225 2.856573 2.806896
v -25.84884 2.960446 -2.716135
v -16.93253 1.353176 6.127756
v -25.84884 2.960446 -2.716135
v -18.99669 2.203106 -1.694221
v 27.1497 138.3232 33.67737
v 23.6773 141.8029 40.65787
v 37.7406 142.1997 44.09806
v 38.9117 139.2125 38.04556
v 50.9936 140.1056 45.61185
v 49.5715 137.3362 39.33755
v 62.5915 131.4629 42.16804
v 25.7301 135.1216 42.20157
v 38.1538 135.3232 43.60016
v 37.7406 142.1997 44.09806
v 23.6773 141.8029 40.65787
v 48.8136 133.6431 44.61185
v 50.9936 140.1056 45.61185
v 27.1497 138.3232 33.67737
v 25.7301 135.1216 42.20157
v 23.6773 141.8029 40.65787
v 20.94739 143.3318 27.78498
v 17.0648 145.1651 36.36438
v 37.0841 149.0129 39.24486
v 38.18839 143.6395 29.70676
v 55.94979 146.6592 37.77254
v 53.36269 142.7393 29.04955
v 72.45959 136.2026 30.60443
v 21.1342 136.1597 38.02787
v 38.2351 138.2023 37.47176
v 37.0841 149.0129 39.24486
v 17.0648 145.1651 36.36438
v 53.40939 137.1442 37.04015
v 55.94979 146.6592 37.77254
v 20.94739 143.3318 27.78498
v 21.1342 136.1597 38.02787
v 17.0648 145.1651 36.36438
v 25.61498 146.6872 25.68417
v 24.04099 147.6684 32.28117
v 37.88148 152.5418 31.30396
v 38.05568 148.6831 24.52016
v 50.92438 152.8631 27.39225
v 48.54647 149.719 21.65295
v 62.33848 147.1465 19.76944
v 28.05549 139.9019 31.42287
v 39.26648 145.0797 29.66636
v 37.88148 152.5418 31.30396
v 24.04099 147.6684 32.28117
v 49.75738 145.8663 27.15525
v 50.92438 152.8631 27.39225
v 25.61498 146.6872 25.68417
v 28.05549 139.9019 31.42287
v 24.04099 147.6684 32.28117
v -24.40581 146.6871 25.68442
v -36.67231 152.5417 31.30422
v -22.83181 147.6683 32.28131
v -36.84652 148.7826 24.37833
v -49.71532 152.8629 27.39264
v -47.33741 149.6434 21.76123
v -61.12932 147.1464 19.76995
v -26.8463 141.7585 32.72311
v -36.67231 152.5417 31.30422
v -38.05731 144.9802 29.80873
v -22.83181 147.6683 32.28131
v -49.71532 152.8629 27.39264
v -48.54821 145.9417 27.04773
v -24.40581 146.6871 25.68442
v -22.83181 147.6683 32.28131
v -26.8463 141.7585 32.72311
v -19.73821 143.2507 27.90091
v -35.8749 148.9318 39.36092
v -15.8555 145.084 36.48031
v -36.97921 143.4179 30.02343
v -54.7406 146.5781 37.88864
v -52.15351 142.2558 29.74024
v -71.2503 136.0849 30.77275
v -19.925 136.0785 38.14381
v -35.8749 148.9318 39.36092
v -37.0258 138.2616 37.38732
v -15.8555 145.084 36.48031
v -54.7406 146.5781 37.88864
v -52.2002 137.4652 36.58184
v -19.73821 143.2507 27.90091
v -15.8555 145.084 36.48031
v -19.925 136.0785 38.14381
v -25.9404 140.1799 34.97752
v -36.5313 143.1279 44.74832
v -22.468 141.8028 40.65811
v -37.7025 139.0579 38.26653
v -49.78429 140.1055 45.61214
v -48.3622 137.1637 39.58403
v -61.38218 131.4626 42.16844
v -24.52079 135.1215 42.20171
v -36.5313 143.1279 44.74832
v -36.94449 135.4776 43.37972
v -22.468 141.8028 40.65811
v -49.78429 140.1055 45.61214
v -47.60429 133.8153 44.36604
v -25.9404 140.1799 34.97752
v -22.468 141.8028 40.65811
v -24.52079 135.1215 42.20171
v -25.63042 2.017311 9.800014
v -26.68661 6.835657 22.71228
v -25.201 10.81821 14.32995
v -27.35575 0.665206 24.01028
v -27.72367 7.022821 32.74782
v -28.17604 0.955488 32.05743
v -27.43945 -1.446819 41.85704
v -21.40695 1.83708 10.59178
v -22.66469 6.408326 23.13213
v -23.33383 0.237876 24.43013
v -21.20069 10.39289 14.75044
v -23.70175 6.595501 33.16757
v -24.15413 0.528168 32.47718
v -21.40695 1.83708 10.59178
v -21.61634 5.64648 21.94201
v -21.26455 9.084983 14.8406
v -21.98646 0.443093 23.0286
v -21.464 5.700831 30.42005
v -21.85629 0.604652 29.82711
v -20.22487 -1.496271 37.90179
v -18.66188 1.11792 12.62964
v -18.21503 5.324958 21.8798
v -18.58514 0.121562 22.96649
v -17.64281 8.634685 14.76022
v -18.06279 5.379319 30.35784
v -18.45498 0.283121 29.765
v -29.69588 2.243047 11.97117
v -30.17305 6.619709 20.37817
v -27.67252 9.820027 13.60448
v -31.00716 1.463916 21.43418
v -32.47861 6.941684 28.53192
v -32.84436 1.839772 27.97223
v -33.68667 -0.039574 36.22047
v -25.63042 2.017311 9.800014
v -26.91132 6.216357 21.31305
v -27.74534 1.060554 22.36906
v -25.27917 9.499066 14.55205
v -29.21679 6.538312 29.4669
v -29.58263 1.43642 28.90711
v -33.68667 -0.039574 36.22047
v -32.84436 1.839772 27.97223
v -29.58263 1.43642 28.90711
v -32.84436 1.839772 27.97223
v -27.74534 1.060554 22.36906
v -29.58263 1.43642 28.90711
v -31.00716 1.463916 21.43418
v -31.00716 1.463916 21.43418
v -25.63042 2.017311 9.800014
v -27.74534 1.060554 22.36906
v -31.00716 1.463916 21.43418
v -29.69588 2.243047 11.97117
v -25.63042 2.017311 9.800014
v -24.15413 0.528168 32.47718
v -27.43945 -1.446819 41.85704
v -28.17604 0.955488 32.05743
v -23.33383 0.237876 24.43013
v -28.17604 0.955488 32.05743
v -27.35575 0.665206 24.01028
v -24.15413 0.528168 32.47718
v -21.40695 1.83708 10.59178
v -27.35575 0.665206 24.01028
v -25.63042 2.017311 9.800014
v -21.40695 1.83708 10.59178
v -23.33383 0.237876 24.43013
v -27.35575 0.665206 24.01028
v -21.98646 0.443093 23.0286
v -18.66188 1.11792 12.62964
v -18.58514 0.121562 22.96649
v -21.98646 0.443093 23.0286
v -21.40695 1.83708 10.59178
v -18.66188 1.11792 12.62964
v -18.58514 0.121562 22.96649
v -21.85629 0.604652 29.82711
v -21.98646 0.443093 23.0286
v -18.45498 0.283121 29.765
v -21.85629 0.604652 29.82711
v -18.45498 0.283121 29.765
v -20.22487 -1.496271 37.90179
v -17.94876 7.748505 -1.82784
v -17.72881 16.00974 -4.63261
v -19.11747 14.11796 3.954141
v -17.68383 12.12599 -7.832672
v -16.64766 18.76215 -10.49622
v -16.61769 15.33995 -13.121
v -17.38531 24.58377 -17.3246
v -24.34612 8.488366 -2.563214
v -22.19961 16.5205 -5.333891
v -22.15462 12.63685 -8.533945
v -23.58826 14.62882 3.252769
v -21.11845 19.273 -11.19749
v -21.08849 15.85071 -13.82228
v -17.94876 7.748505 -1.82784
v -23.58826 14.62882 3.252769
v -24.34612 8.488366 -2.563214
v -17.94876 7.748505 -1.82784
v -19.11747 14.11796 3.954141
v -23.58826 14.62882 3.252769
v -21.08849 15.85071 -13.82228
v -17.38531 24.58377 -17.3246
v -16.61769 15.33995 -13.121
v -22.15462 12.63685 -8.533945
v -16.61769 15.33995 -13.121
v -17.68383 12.12599 -7.832672
v -21.08849 15.85071 -13.82228
v -24.34612 8.488366 -2.563214
v -17.68383 12.12599 -7.832672
v -17.94876 7.748505 -1.82784
v -24.34612 8.488366 -2.563214
v -22.15462 12.63685 -8.533945
v -17.68383 12.12599 -7.832672
v 31.00651 0.947682 40.47806
v 30.05837 9.946257 42.75409
v 31.51147 6.716114 51.45969
v 32.24893 0.68922 53.28717
v 32.44434 7.77496 61.45123
v 32.98383 1.677869 61.28683
v 32.17989 0.112016 71.24925
v 26.77809 0.776556 41.2445
v 28.22907 0.242957 53.70594
v 27.49161 6.26985 51.87846
v 26.05997 9.50235 43.17361
v 28.96397 1.231604 61.7057
v 28.42448 7.328696 61.87
v 26.77809 0.776556 41.2445
v 26.14011 8.207949 43.376
v 26.46542 5.394402 50.7486
v 26.89335 0.308676 52.28008
v 26.22667 6.171205 59.18914
v 26.69226 1.049 59.03835
v 25.0071 -0.376619 67.24822
v 23.66548 0.045307 41.83208
v 23.49739 -0.06469 52.21517
v 23.06956 5.021048 50.68369
v 22.52573 7.701653 43.30203
v 23.2963 0.675635 58.97345
v 22.83081 5.797849 59.12424
v 34.68984 1.264771 41.17851
v 32.55008 8.924493 42.13901
v 35.02401 6.350277 49.18395
v 35.91535 1.315942 50.68495
v 37.24236 7.400543 57.3005
v 37.68125 2.275112 57.18299
v 38.46481 1.119792 65.56895
v 31.00651 0.947682 40.47806
v 32.64995 0.948253 51.62169
v 31.75851 5.982577 50.12068
v 30.15172 8.65216 43.08901
v 34.41575 1.907412 58.11973
v 33.97696 7.032855 58.23724
v 38.46481 1.119792 65.56895
v 34.41575 1.907412 58.11973
v 37.68125 2.275112 57.18299
v 37.68125 2.275112 57.18299
v 34.41575 1.907412 58.11973
v 32.64995 0.948253 51.62169
v 35.91535 1.315942 50.68495
v 35.91535 1.315942 50.68495
v 32.64995 0.948253 51.62169
v 31.00651 0.947682 40.47806
v 35.91535 1.315942 50.68495
v 31.00651 0.947682 40.47806
v 34.68984 1.264771 41.17851
v 28.96397 1.231604 61.7057
v 32.98383 1.677869 61.28683
v 32.17989 0.112016 71.24925
v 28.22907 0.242957 53.70594
v 32.24893 0.68922 53.28717
v 32.98383 1.677869 61.28683
v 28.96397 1.231604 61.7057
v 26.77809 0.776556 41.2445
v 31.00651 0.947682 40.47806
v 32.24893 0.68922 53.28717
v 26.77809 0.776556 41.2445
v 32.24893 0.68922 53.28717
v 28.22907 0.242957 53.70594
v 26.89335 0.308676 52.28008
v 23.49739 -0.06469 52.21517
v 23.66548 0.045307 41.83208
v 26.89335 0.308676 52.28008
v 23.66548 0.045307 41.83208
v 26.77809 0.776556 41.2445
v 23.49739 -0.06469 52.21517
v 26.89335 0.308676 52.28008
v 26.69226 1.049 59.03835
v 23.2963 0.675635 58.97345
v 26.69226 1.049 59.03835
v 25.0071 -0.376619 67.24822
v 23.2963 0.675635 58.97345
v 22.79498 5.381251 26.84666
v 23.82092 12.23747 32.07219
v 22.49426 13.36856 23.34301
v 22.53312 9.225227 20.48695
v 21.43634 15.59418 17.25584
v 21.47817 11.96004 14.93355
v 22.16606 20.82051 9.960962
v 29.18913 6.14525 26.10785
v 27.00363 9.736956 19.78458
v 26.96479 13.88019 22.64063
v 28.29134 12.74918 31.36981
v 25.94869 12.47177 14.23116
v 25.90685 16.10591 16.55346
v 22.79498 5.381251 26.84666
v 29.18913 6.14525 26.10785
v 28.29134 12.74918 31.36981
v 22.79498 5.381251 26.84666
v 28.29134 12.74918 31.36981
v 23.82092 12.23747 32.07219
v 25.94869 12.47177 14.23116
v 21.47817 11.96004 14.93355
v 22.16606 20.82051 9.960962
v 27.00363 9.736956 19.78458
v 22.53312 9.225227 20.48695
v 21.47817 11.96004 14.93355
v 25.94869 12.47177 14.23116
v 29.18913 6.14525 26.10785
v 22.79498 5.381251 26.84666
v 22.53312 9.225227 20.48695
v 29.18913 6.14525 26.10785
v 22.53312 9.225227 20.48695
v 27.00363 9.736956 19.78458
v 7.523292 167.7185 47.47005
v 8.228296 163.2492 53.46032
v 19.45178 165.3763 40.89279
v 7.867285 169.0974 38.70728
v 13.62398 167.3972 28.97537
v 8.32858 169.8336 30.64176
v 6.517771 170.0381 16.2166
v 7.484694 160.7981 46.21754
v 7.867288 162.5522 37.91814
v 19.45178 165.3763 40.89279
v 8.228296 163.2492 53.46032
v 8.328583 164.4816 30.15295
v 13.62398 167.3972 28.97537
v -7.516208 167.7185 47.47016
v -19.44471 165.3763 40.89291
v -8.221103 163.2492 53.46043
v -7.860312 169.0974 38.7073
v -13.61702 167.3971 28.97549
v -8.321517 169.8336 30.64187
v -6.510925 170.0381 16.21661
v -7.477605 160.7981 46.21755
v -19.44471 165.3763 40.89291
v -7.86031 162.5522 37.91815
v -8.221103 163.2492 53.46043
v -13.61702 167.3971 28.97549
v -8.321514 164.4816 30.15306
vn -0.953438 -0.258352 0.155598
vn -0.967966 0.068312 0.241611
vn -0.968877 -0.246524 0.022438
vn 0.892215 0.214996 0.397152
vn 0.977328 0.194623 0.083377
vn 0.962121 0.004384 0.272589
vn -0.994639 0.035521 0.097114
vn 0.900316 0.432381 -0.049771
vn -0.247 0.7968 0.551454
vn -0.247 0.7968 0.551454
vn -0.247 0.7968 0.551454
vn 0.977328 0.194623 0.083377
vn 0.504253 0.467477 -0.726082
vn 0.962121 0.004384 0.272589
vn 0.471054 0.252684 -0.845139
vn -0.352312 0.003957 -0.935874
vn -0.734044 0.182999 -0.653981
vn -0.968877 -0.246524 0.022438
vn -0.953438 -0.258352 0.155598
vn 0.969951 0.170699 0.173372
vn 0.516177 -0.077483 -0.85297
vn -0.143411 0.227344 -0.963197
vn -0.991663 -0.121829 0.041988
vn 0.675876 -0.388054 -0.626583
vn 0.958365 0.26556 0.104948
vn -0.236169 -0.73984 -0.629969
vn -0.962198 -0.255198 0.095128
vn -0.306761 -0.778069 -0.548185
vn 0.741244 -0.323702 -0.588026
vn -0.516844 -0.710786 0.477133
vn 0.999301 -0.002838 -0.037267
vn 0.682475 0.413149 -0.60294
vn 0.6734 0.377459 -0.635655
vn 0.823788 -0.462823 -0.327367
vn 0.000001 0.662689 -0.748894
vn -0.0145 0.227091 -0.973766
vn 0.993147 0.108041 -0.044559
vn -0.031399 -0.662172 -0.748694
vn -0.046402 -0.899744 -0.433945
vn 0.900316 0.432381 -0.049771
vn 0.434002 0.307373 -0.846856
vn -0.696912 -0.071545 -0.713579
vn -0.994639 0.035521 0.097114
vn 0.924018 0.143857 -0.354254
vn 0.246103 -0.195553 -0.949311
vn -0.615123 -0.323761 -0.71889
vn -0.973991 -0.206436 -0.093413
vn -0.953438 -0.258352 0.155598
vn -0.852601 0.165058 0.495809
vn -0.968877 -0.246524 0.022438
vn -0.627429 0.067105 0.775777
vn 0.338845 0.089294 0.936595
vn 0.67677 0.574588 0.460251
vn 0.962121 0.004384 0.272589
vn 0.977328 0.194623 0.083377
vn -0.991663 -0.121829 0.041988
vn -0.498493 -0.154466 0.853021
vn 0.309444 0.122872 0.942946
vn 0.969951 0.170699 0.173372
vn -0.63899 0.222827 0.736234
vn 0.376167 0.122649 0.918398
vn -0.649183 0.162181 0.743142
vn 0.36288 0.415387 0.834129
vn -0.962198 -0.255198 0.095128
vn -0.561896 0.375304 0.73717
vn 0.210216 0.505639 0.836743
vn 0.958365 0.26556 0.104948
vn -0.28965 0.291208 0.911757
vn -0.516844 -0.710786 0.477133
vn 0.539336 0.690617 0.481835
vn 0.993147 0.108041 -0.044559
vn 0.000399 -0.808611 0.588344
vn 0.182202 -0.67409 0.715825
vn 0.234894 -0.8777 0.417694
vn -0.000101 -0.563457 0.826146
vn 0.77117 -0.078363 0.631789
vn 0.900566 -0.333069 0.279367
vn 0.999301 -0.002838 -0.037267
vn 0.823788 -0.462823 -0.327367
vn -0.0218 -0.921066 0.388795
vn -0.046402 -0.899744 -0.433945
vn -0.994639 0.035521 0.097114
vn -0.577405 0.180726 0.796204
vn 0.769647 0.466191 0.436245
vn 0.900316 0.432381 -0.049771
vn -0.945466 -0.22477 0.235739
vn -0.973991 -0.206436 -0.093413
vn 0.97788 0.203277 -0.049285
vn 0.924018 0.143857 -0.354254
vn 0.538065 -0.16916 0.825755
vn -0.457335 -0.387912 0.800231
vn 0.955917 -0.260831 0.134868
vn 0.984027 -0.178011 0.001832
vn 0.938863 -0.036878 0.342311
vn -0.939658 -0.080307 0.332555
vn -0.977216 -0.172725 0.123348
vn -0.977563 0.188708 0.0936
vn 0.994672 0.034625 0.097107
vn -0.905778 0.422374 -0.034169
vn 0.246601 0.796826 0.551595
vn 0.246601 0.796826 0.551595
vn 0.246601 0.796826 0.551595
vn -0.977563 0.188708 0.0936
vn -0.977216 -0.172725 0.123348
vn -0.511782 0.493199 -0.703444
vn -0.421842 0.629927 -0.652105
vn 0.413541 0.497937 -0.762262
vn 0.732319 0.223071 -0.643388
vn 0.984027 -0.178011 0.001832
vn 0.955917 -0.260831 0.134868
vn -0.982881 0.110619 0.14734
vn -0.476282 0.016272 -0.879142
vn 0.176584 0.356966 -0.917275
vn 0.993532 -0.091848 0.066774
vn -0.972523 0.212688 0.094669
vn -0.632428 -0.329577 -0.701009
vn 0.293518 -0.642009 -0.708287
vn 0.96784 -0.228477 0.105287
vn -0.6961 -0.259508 -0.669403
vn 0.361844 -0.663695 -0.654659
vn 0.506691 -0.782074 0.362801
vn -0.999243 -0.009178 -0.037802
vn -0.673329 0.38068 -0.633807
vn -0.688335 0.394754 -0.608576
vn -0.823788 -0.462821 -0.327367
vn -0.994046 0.070151 -0.083377
vn -0.905778 0.422374 -0.034169
vn -0.430672 0.372989 -0.821828
vn 0.704209 -0.000969 -0.709992
vn 0.994672 0.034625 0.097107
vn -0.922737 0.161435 -0.349993
vn -0.234825 -0.116791 -0.964996
vn 0.626019 -0.252863 -0.737673
vn 0.97759 -0.184789 -0.100855
vn 0.955917 -0.260831 0.134868
vn 0.984027 -0.178011 0.001832
vn 0.768775 -0.099112 0.631792
vn 0.556666 -0.311391 0.770168
vn -0.41251 -0.414643 0.811114
vn -0.742191 0.165258 0.649494
vn -0.977216 -0.172725 0.123348
vn -0.977563 0.188708 0.0936
vn 0.993532 -0.091848 0.066774
vn 0.447085 -0.546347 0.708251
vn -0.390302 -0.38894 0.8345
vn -0.982881 0.110619 0.14734
vn 0.559473 -0.148373 0.81546
vn -0.455225 -0.375304 0.807414
vn 0.611756 0.090979 0.785797
vn -0.414222 0.29227 0.861974
vn 0.96784 -0.228477 0.105287
vn 0.514914 0.297815 0.803847
vn -0.265662 0.383942 0.884315
vn -0.972523 0.212688 0.094669
vn 0.506691 -0.782074 0.362801
vn 0.231627 0.140172 0.962653
vn -0.590208 0.60047 0.539528
vn -0.994046 0.070151 -0.083377
vn -0.235701 -0.876834 0.419055
vn -0.185697 -0.680376 0.708946
vn -0.900686 -0.328095 0.284813
vn -0.776647 -0.057485 0.627308
vn -0.823788 -0.462821 -0.327367
vn -0.999243 -0.009178 -0.037802
vn 0.994672 0.034625 0.097107
vn 0.55805 0.08691 0.825243
vn -0.785768 0.393425 0.477268
vn -0.905778 0.422374 -0.034169
vn 0.946379 -0.231613 0.225218
vn 0.97759 -0.184789 -0.100855
vn -0.980156 0.193808 -0.041622
vn -0.922737 0.161435 -0.349993
vn -0.543011 -0.246336 0.802782
vn 0.455551 -0.448924 0.768727
vn -0.001299 -0.206796 0.978383
vn -0.000099 -0.098603 0.995127
vn 0.418602 0.153501 0.895103
vn 0.184909 -0.160007 0.969643
vn 0.650293 0.757092 -0.0627
vn 0.350998 0.807896 0.473397
vn 0.000001 -0.615691 0.787988
vn 0.190802 -0.756202 0.625902
vn 0.000001 -0.859369 0.511356
vn 0.584914 -0.801545 0.124104
vn 0.109495 -0.767961 0.631068
vn 0.660377 -0.149998 -0.735801
vn 0.720207 0.080201 -0.689108
vn 0.328692 0.226494 0.916876
vn 0.270893 0.954577 -0.124097
vn 0.000901 -0.637738 0.770253
vn 0.769302 -0.576703 0.274934
vn 0.724505 -0.050499 -0.687417
vn 0.900566 -0.333069 0.279367
vn 0.6734 0.377459 -0.635655
vn 0.000399 -0.808611 0.588344
vn 0.109495 -0.767961 0.631068
vn 0.720207 0.080201 -0.689108
vn -0.191573 -0.810839 -0.553028
vn 0.498378 0.404583 -0.766768
vn 0.270893 0.954577 -0.124097
vn 0.328692 0.226494 0.916876
vn 0.452119 0.566558 0.688912
vn 0.788476 0.536793 -0.300265
vn 0.387035 -0.280261 -0.87844
vn -0.540722 0.49392 0.680928
vn 0.977024 -0.143314 -0.157754
vn 0.365539 0.290143 0.88442
vn 0.346645 -0.428604 -0.834348
vn -0.555746 0.515571 0.652176
vn -0.965487 0.053353 0.25493
vn 0.74817 0.123082 0.651991
vn 0.925749 -0.198605 -0.321786
vn -0.176485 0.209959 0.96165
vn -0.821631 -0.161302 -0.546722
vn -0.884121 0.403236 0.236072
vn 0.976778 0.030108 0.212129
vn 0.413462 0.203432 0.887505
vn 0.793555 -0.352342 -0.496111
vn 0.581032 -0.716966 0.385177
vn -0.380869 0.394896 0.83606
vn -0.044035 -0.306503 0.950851
vn -0.804095 0.237023 0.545207
vn -0.999079 0.040751 -0.013419
vn -0.522722 -0.332487 -0.784993
vn 0.250345 -0.426261 -0.869269
vn 0.467742 -0.803611 -0.368003
vn -0.766985 0.636347 -0.08244
vn 0.68387 0.623 -0.379728
vn -0.386321 -0.922144 -0.020184
vn -0.512941 -0.69201 -0.507951
vn 0.69152 -0.717521 0.083448
vn 0.688593 0.700863 0.186097
vn -0.78131 0.613023 -0.117296
vn -0.662682 -0.736951 0.133253
vn 0.592029 -0.775815 0.218206
vn 0.131527 0.959238 0.250125
vn 0.763543 0.216592 0.60835
vn 0.957512 -0.180544 0.224889
vn -0.447283 0.881626 0.150579
vn 0.479378 -0.848817 -0.222948
vn -0.824335 0.060758 -0.562833
vn -0.76858 -0.346661 -0.537691
vn -0.102254 -0.964928 -0.241781
vn -0.497821 0.65301 0.570748
vn 0.552258 -0.343385 0.75967
vn 0.238169 -0.89571 -0.375471
vn -0.728453 0.064081 -0.682093
vn -0.688115 0.244793 0.683062
vn 0.268089 -0.539402 0.798232
vn 0.286481 -0.817896 -0.498974
vn -0.636896 0.145567 -0.757082
vn -0.614242 -0.289901 0.733937
vn -0.035745 -0.769831 0.637246
vn -0.289144 -0.908541 -0.301579
vn -0.981983 -0.120342 -0.145698
vn -0.597511 -0.069932 0.798805
vn -0.940079 0.136323 -0.312517
vn -0.309638 -0.888506 -0.338647
vn 0.349215 -0.709331 0.612289
vn -0.709366 0.39536 0.583515
vn 0.469907 -0.452915 0.757664
vn -0.020627 -0.564347 0.82528
vn -0.830899 0.473969 0.29148
vn 0.596548 -0.56912 -0.565892
vn 0.764392 -0.587254 -0.266153
vn -0.576399 0.317617 -0.752917
vn 0.758905 0.131823 0.637719
vn -0.0001 0.339316 0.940673
vn 0.000001 -0.37929 0.925278
vn 0.9064 -0.368761 0.206044
vn -0.0001 0.542035 0.840356
vn -0.0001 0.407146 0.913363
vn 0.597685 0.432391 0.675137
vn 0.946327 -0.046057 0.319912
vn 0.906102 0.245293 0.34469
vn 0.749184 -0.659055 0.066108
vn -0.0006 -0.997146 -0.075493
vn 0.766583 -0.460267 0.447778
vn -0.0001 0.658309 0.752748
vn 0.733091 0.574676 0.363766
vn -0.0001 0.938237 0.345995
vn 0.807296 0.58702 -0.060669
vn -0.0001 0.998836 -0.048234
vn 0.86036 -0.449527 0.240222
vn 0.921851 -0.386421 -0.029491
vn 0.937801 -0.342071 0.059312
vn 0.999494 -0.013944 0.028593
vn 0.985286 0.134231 -0.105803
vn 0.001499 0.246892 -0.969042
vn 0.883077 0.055818 -0.465897
vn -0.000001 0.475408 -0.879766
vn -0.001299 -0.206796 0.978383
vn 0.418602 0.153501 0.895103
vn 0.650293 0.757092 -0.0627
vn 0.002099 0.822356 -0.568969
vn 0.45919 -0.845974 -0.271058
vn 0.45919 -0.845974 -0.271058
vn 0.45919 -0.845974 -0.271058
vn 0.732915 -0.520382 0.438222
vn 0.000101 -0.741606 0.670836
vn 0.000101 -0.733721 0.679451
vn 0.000401 -0.894787 0.446494
vn 0.619292 -0.705336 0.344933
vn 0.000001 -0.184166 0.982895
vn -0.758919 0.131725 0.637723
vn -0.9064 -0.368762 0.206045
vn -0.597816 0.432322 0.675066
vn -0.946327 -0.046058 0.319913
vn -0.906102 0.245292 0.344691
vn -0.7491 -0.659161 0.066002
vn -0.765869 -0.467443 0.441521
vn -0.733182 0.574568 0.363753
vn -0.807388 0.586904 -0.060577
vn -0.860333 -0.449566 0.240244
vn -0.9378 -0.342072 0.059313
vn -0.921851 -0.386422 -0.02949
vn -0.999494 -0.013946 0.028594
vn -0.986062 0.119445 -0.115825
vn -0.883078 0.055817 -0.465895
vn -0.425891 0.145597 0.892983
vn -0.665994 0.741392 -0.082399
vn -0.458991 -0.846079 -0.271068
vn -0.458991 -0.846079 -0.271068
vn -0.458991 -0.846079 -0.271068
vn -0.732878 -0.520367 0.438301
vn -0.619022 -0.705573 0.344933
vn -0.425891 0.145597 0.892983
vn -0.184096 -0.160097 0.969782
vn -0.665994 0.741392 -0.082399
vn -0.350895 0.808587 0.472293
vn -0.190402 -0.756213 0.626011
vn -0.58442 -0.801979 0.123625
vn -0.118397 -0.769488 0.627591
vn -0.727584 0.076998 -0.681684
vn -0.659986 -0.15036 -0.736078
vn -0.316596 0.225398 0.921392
vn -0.268513 0.955544 -0.121805
vn -0.771783 -0.570371 0.281119
vn -0.726381 -0.044167 -0.685872
vn -0.900686 -0.328095 0.284813
vn -0.673329 0.38068 -0.633807
vn 0.277616 0.933372 0.227479
vn 0.277616 0.933372 0.227479
vn 0.277616 0.933372 0.227479
vn 0.123384 -0.30318 0.944912
vn 0.123384 -0.30318 0.944912
vn 0.121185 -0.307538 0.943787
vn 0.125602 -0.298931 0.945973
vn -0.277203 0.933193 0.228715
vn -0.277203 0.933193 0.228715
vn -0.277203 0.933193 0.228715
vn 0.650293 0.757092 -0.0627
vn 0.308491 0.928876 -0.204995
vn 0.002099 0.822356 -0.568969
vn -0.013001 0.891817 -0.452209
vn 0.350998 0.807896 0.473397
vn 0.351313 0.871436 -0.342314
vn 0.216698 0.820296 -0.529298
vn -0.006401 0.874319 -0.48531
vn 0.720207 0.080201 -0.689108
vn 0.660377 -0.149998 -0.735801
vn -0.002101 0.47869 -0.877982
vn 0.270893 0.954577 -0.124097
vn 0.498378 0.404583 -0.766768
vn -0.0001 0.244781 -0.969578
vn 0.724505 -0.050499 -0.687417
vn 0.000001 0.662689 -0.748894
vn 0.6734 0.377459 -0.635655
vn -0.118397 -0.769488 0.627591
vn -0.180785 -0.74956 -0.636771
vn -0.727584 0.076998 -0.681684
vn -0.494003 0.395301 -0.774402
vn -0.268513 0.955544 -0.121805
vn -0.057218 0.543959 0.837159
vn -0.316596 0.225398 0.921392
vn -0.704663 0.709441 0.012013
vn -0.697205 -0.102102 -0.709564
vn 0.541678 0.569277 0.618474
vn -0.983239 0.022775 0.180893
vn 0.005881 0.215386 0.976511
vn -0.674205 -0.255641 -0.69289
vn 0.817812 0.377546 0.434329
vn 0.988623 -0.097921 -0.114174
vn -0.455982 0.139957 0.878915
vn -0.999853 -0.016288 0.005431
vn 0.518391 0.048689 0.853756
vn 0.551665 -0.202496 -0.809111
vn 0.970528 0.234663 -0.054847
vn -0.829555 0.14223 0.540009
vn -0.053621 0.137985 0.988982
vn -0.962906 -0.162268 -0.215594
vn -0.559491 -0.651435 0.512448
vn 0.700313 0.217404 0.679925
vn 0.296962 -0.408217 0.863234
vn 0.967711 0.041142 0.248682
vn 0.928564 -0.103222 -0.35653
vn 0.165052 -0.294352 -0.941337
vn -0.596054 -0.262587 -0.758794
vn -0.726209 -0.635002 -0.263427
vn -0.570093 0.772384 0.280031
vn 0.838031 0.531935 -0.121451
vn 0.192419 -0.944376 -0.266702
vn 0.108469 -0.393363 -0.912962
vn -0.783047 -0.619019 0.060446
vn -0.364821 0.559224 0.744429
vn 0.829219 0.533515 -0.166605
vn 0.451706 -0.757898 -0.470693
vn -0.65032 -0.752929 0.100901
vn 0.133684 0.820004 0.556527
vn -0.887045 -0.140859 0.439671
vn -0.502317 0.042106 0.863658
vn 0.654066 0.703563 0.277843
vn -0.696595 -0.642175 -0.319947
vn 0.678667 0.144114 -0.720168
vn 0.497534 -0.189137 -0.846574
vn -0.144465 -0.848287 -0.509449
vn 0.765226 0.326383 0.55489
vn -0.386583 -0.55139 0.739272
vn -0.522349 -0.651071 -0.550689
vn 0.511145 0.247363 -0.823129
vn 0.884143 -0.110846 0.453878
vn -0.153024 -0.775347 0.612715
vn -0.584049 -0.526964 -0.617411
vn 0.422982 0.360424 -0.831373
vn 0.711121 -0.61281 0.344632
vn 0.037178 -0.955599 0.292316
vn -0.011019 -0.745812 -0.666065
vn 0.853868 -0.155284 -0.496786
vn 0.684934 -0.290757 0.668076
vn 0.118536 -0.843664 -0.523622
vn 0.897007 0.069882 -0.436457
vn -0.365901 -0.758898 0.538693
vn 0.836238 0.187843 0.51519
vn 0.04801 -0.703814 0.70876
vn -0.424045 -0.520149 0.741371
vn 0.926688 0.301589 0.224263
vn -0.875217 -0.432395 -0.216865
vn -0.752309 -0.381225 -0.537307
vn 0.509093 0.372091 -0.776127
vn -0.665994 0.741392 -0.082399
vn -0.315006 0.915516 -0.250204
vn -0.350895 0.808587 0.472293
vn -0.344694 0.874083 -0.342293
vn -0.214404 0.819211 -0.531907
vn -0.727584 0.076998 -0.681684
vn -0.659986 -0.15036 -0.736078
vn -0.268513 0.955544 -0.121805
vn -0.494003 0.395301 -0.774402
vn -0.726381 -0.044167 -0.685872
vn -0.673329 0.38068 -0.633807
vn -0.337306 -0.631113 0.698514
vn 0.303809 -0.894525 0.327909
vn 0.179493 -0.046598 0.982655
vn -0.116599 -0.0484 0.991999
vn 0.594837 -0.179511 0.783547
vn 0.563321 -0.793229 0.231208
vn -0.376299 -0.665598 -0.644498
vn 0.078096 -0.297688 -0.951464
vn -0.159903 0.973615 0.162803
vn -0.872438 0.46432 0.152508
vn 0.777467 -0.272388 -0.566877
vn 0.469224 0.507426 0.722736
vn 0.337308 -0.631112 0.698514
vn -0.179491 -0.046598 0.982656
vn -0.303808 -0.894526 0.32791
vn 0.116601 -0.0484 0.991999
vn -0.594835 -0.179511 0.783548
vn -0.56332 -0.793229 0.231209
vn 0.376299 -0.665598 -0.644499
vn -0.078098 -0.297689 -0.951463
vn 0.159902 0.973615 0.162802
vn 0.872438 0.464321 0.152506
vn -0.777468 -0.272389 -0.566876
vn -0.469223 0.507426 0.722737
vn 0.112968 -0.993589 0.0045
vn 0.112968 -0.993589 0.0045
vn 0.112968 -0.993589 0.0045
vn 0.11178 -0.993707 0.007159
vn 0.11178 -0.993707 0.007159
vn 0.11178 -0.993707 0.007159
vn 0.113113 -0.993543 0.008809
vn 0.113113 -0.993543 0.008809
vn 0.113113 -0.993543 0.008809
vn 0.114715 -0.993335 0.011266
vn 0.114715 -0.993335 0.011266
vn 0.114715 -0.993335 0.011266
vn 0.110879 -0.993807 0.007328
vn 0.110879 -0.993807 0.007328
vn 0.110879 -0.993807 0.007328
vn 0.111577 -0.993755 0.001649
vn 0.111577 -0.993755 0.001649
vn 0.111577 -0.993755 0.001649
vn -0.096981 -0.992163 -0.078782
vn -0.096981 -0.992163 -0.078782
vn -0.096981 -0.992163 -0.078782
vn -0.097629 -0.991634 -0.084442
vn -0.097629 -0.991634 -0.084442
vn -0.097629 -0.991634 -0.084442
vn -0.099232 -0.992057 -0.077306
vn -0.099232 -0.992057 -0.077306
vn -0.099232 -0.992057 -0.077306
vn -0.100859 -0.992081 -0.074856
vn -0.100859 -0.992081 -0.074856
vn -0.100859 -0.992081 -0.074856
vn -0.099503 -0.991817 -0.079991
vn -0.099503 -0.991817 -0.079991
vn -0.099503 -0.991817 -0.079991
vn -0.097367 -0.99186 -0.082058
vn -0.097367 -0.99186 -0.082058
vn -0.097367 -0.99186 -0.082058
vn 0.083098 0.903483 -0.420492
vn -0.136104 0.880126 0.454813
vn -0.038 0.845894 0.531996
vn 0.16189 0.891751 -0.422577
vn 0.263906 0.763818 0.589013
vn 0.3297 0.833802 -0.442801
vn 0.600612 0.591812 0.53761
vn -0.176106 0.035301 0.983738
vn -0.115898 -0.090899 0.989093
vn -0.038 0.845894 0.531996
vn -0.136104 0.880126 0.454813
vn 0.014601 -0.157697 0.98738
vn 0.263906 0.763818 0.589013
vn -0.898505 -0.340203 -0.277401
vn -0.898505 -0.340203 -0.277401
vn -0.898505 -0.340203 -0.277401
vn -0.0534 0.92258 -0.382092
vn -0.233201 0.807305 0.542104
vn -0.0291 0.82369 0.566293
vn 0.048598 0.884875 -0.463287
vn 0.289206 0.783415 0.55011
vn 0.179997 0.876189 -0.447095
vn 0.609005 0.648205 0.457103
vn -0.0564 -0.0245 0.998108
vn 0.043702 -0.131703 0.990326
vn -0.0291 0.82369 0.566293
vn -0.233201 0.807305 0.542104
vn 0.167895 -0.120095 0.978462
vn 0.289206 0.783415 0.55011
vn -0.850439 -0.438121 -0.291213
vn -0.850439 -0.438121 -0.291213
vn -0.850439 -0.438121 -0.291213
vn -0.263606 0.895816 -0.357806
vn -0.2082 0.7233 0.6584
vn -0.028901 0.795918 0.604714
vn -0.183496 0.867377 -0.462587
vn 0.27639 0.823472 0.495483
vn -0.054902 0.885121 -0.462111
vn 0.592398 0.730898 0.338899
vn 0.160605 -0.115603 0.980225
vn 0.251209 -0.131704 0.958931
vn -0.028901 0.795918 0.604714
vn -0.2082 0.7233 0.6584
vn 0.378784 -0.094396 0.920659
vn 0.27639 0.823472 0.495483
vn -0.885337 -0.441569 -0.145589
vn -0.885337 -0.441569 -0.145589
vn -0.885337 -0.441569 -0.145589
vn 0.2691 0.898004 -0.348102
vn 0.028801 0.818826 0.573318
vn 0.230103 0.77231 0.592107
vn 0.179294 0.870375 -0.458587
vn -0.289405 0.822215 0.490109
vn 0.0509 0.876115 -0.479408
vn -0.592009 0.731811 0.337606
vn -0.162991 -0.018699 0.98645
vn 0.028801 0.818826 0.573318
vn -0.278294 -0.120698 0.952882
vn 0.230103 0.77231 0.592107
vn -0.289405 0.822215 0.490109
vn -0.387079 -0.110895 0.915354
vn 0.818181 -0.564086 -0.111298
vn 0.818181 -0.564086 -0.111298
vn 0.818181 -0.564086 -0.111298
vn 0.045997 0.91925 -0.390979
vn 0.0216 0.82399 0.566193
vn 0.233201 0.807305 0.542103
vn -0.060003 0.866525 -0.495514
vn -0.305387 0.778967 0.547677
vn -0.174394 0.845866 -0.50408
vn -0.609002 0.647502 0.458102
vn 0.048902 -0.033901 0.998228
vn 0.0216 0.82399 0.566193
vn -0.0549 -0.168204 0.984222
vn 0.233201 0.807305 0.542103
vn -0.305387 0.778967 0.547677
vn -0.158901 -0.183402 0.970111
vn 0.850414 -0.438107 -0.291306
vn 0.850414 -0.438107 -0.291306
vn 0.850414 -0.438107 -0.291306
vn -0.105702 0.914512 -0.390505
vn 0.0165 0.826217 0.563111
vn 0.226293 0.830375 0.509184
vn -0.217407 0.848422 -0.482612
vn -0.299787 0.750569 0.588876
vn -0.322609 0.818421 -0.475512
vn -0.600115 0.590215 0.539915
vn 0.191303 -0.0251 0.98121
vn 0.0165 0.826217 0.563111
vn 0.1025 -0.171797 0.979786
vn 0.226293 0.830375 0.509184
vn -0.299787 0.750569 0.588876
vn 0.000101 -0.194308 0.980941
vn 0.839704 -0.353301 -0.412403
vn 0.839704 -0.353301 -0.412403
vn 0.839704 -0.353301 -0.412403
vn -0.180607 -0.684627 0.706164
vn -0.663122 0.73778 0.126299
vn -0.663093 0.714813 0.222147
vn -0.990641 0.084993 -0.106802
vn -0.675717 0.724807 0.134392
vn -0.997147 0.075164 -0.006885
vn -0.03266 0.53849 0.841999
vn -0.09958 -0.333104 0.937617
vn 0.761625 0.621088 0.184873
vn 0.990147 -0.083841 0.112156
vn 0.480904 0.756319 0.443523
vn 0.851057 0.405822 0.333181
vn 0.97346 -0.096204 0.207653
vn -0.09958 -0.333104 0.937617
vn -0.658602 0.72632 0.196731
vn -0.654722 0.69254 0.302866
vn -0.9975 0.070655 -0.00159
vn -0.662327 0.714991 0.223856
vn -0.991433 0.063024 0.114407
vn 0.063464 0.528815 0.846361
vn 0.994328 -0.106354 0.000282
vn 0.778347 0.620809 0.093659
vn 0.997089 -0.074442 -0.016462
vn 0.540868 0.742676 0.394836
vn 0.880627 0.412564 0.232998
vn 0.992407 -0.086539 0.087403
vn -0.962481 0.214419 -0.166301
vn -0.643426 0.763548 0.054753
vn -0.624226 0.769791 0.133278
vn -0.968008 0.110483 -0.225287
vn -0.675694 0.737165 0.005041
vn -0.979604 0.089983 -0.179662
vn -0.167288 0.553978 0.815551
vn -0.180607 -0.684627 0.706164
vn 0.757753 0.604689 0.24528
vn 0.965929 -0.108194 0.235107
vn 0.427798 0.771999 0.470114
vn 0.788188 0.398967 0.468599
vn 0.921407 -0.107044 0.373565
vn -0.055107 -0.972298 -0.227154
vn -0.055107 -0.972298 -0.227154
vn -0.055107 -0.972298 -0.227154
vn -0.128566 -0.991481 0.020881
vn -0.128566 -0.991481 0.020881
vn -0.128566 -0.991481 0.020881
vn -0.128566 -0.991481 0.020881
vn -0.096322 -0.991121 -0.091661
vn -0.096322 -0.991121 -0.091661
vn -0.096322 -0.991121 -0.091661
vn -0.106391 -0.989661 -0.096189
vn -0.106391 -0.989661 -0.09619
vn -0.106391 -0.989661 -0.09619
vn -0.078829 -0.969561 -0.231815
vn -0.078829 -0.969561 -0.231815
vn -0.078829 -0.969561 -0.231815
vn -0.108148 -0.993824 0.02486
vn -0.108148 -0.993824 0.02486
vn -0.108148 -0.993824 0.02486
vn -0.108148 -0.993824 0.02486
vn -0.024121 -0.994936 -0.097575
vn -0.024121 -0.994936 -0.097575
vn -0.024121 -0.994936 -0.097575
vn -0.091685 -0.987667 -0.126919
vn -0.091684 -0.987667 -0.126919
vn -0.091684 -0.987667 -0.126919
vn -0.095405 -0.990916 -0.09478
vn -0.095405 -0.990916 -0.09478
vn -0.095405 -0.990916 -0.09478
vn -0.169103 -0.978564 -0.117544
vn -0.169103 -0.978564 -0.117544
vn -0.169103 -0.978564 -0.117544
vn -0.093592 -0.995285 0.025456
vn -0.093592 -0.995285 0.025456
vn -0.093592 -0.995285 0.025456
vn -0.093592 -0.995285 0.025456
vn -0.09578 -0.967862 -0.232528
vn -0.09578 -0.967862 -0.232528
vn -0.09578 -0.967862 -0.232528
vn 0.994996 0.007303 0.099644
vn 0.723163 0.632001 0.278585
vn 0.702429 0.662725 0.259594
vn 0.992183 -0.071205 0.102485
vn 0.713209 0.571159 0.406337
vn 0.998986 -0.021547 0.039528
vn 0.067135 0.97082 0.230221
vn -0.96524 0.199846 -0.168446
vn -0.638787 0.756155 0.142061
vn -0.977852 0.125206 -0.167716
vn -0.349743 0.925192 0.14731
vn -0.797639 0.588743 0.130972
vn -0.9548 0.175592 -0.239841
vn -0.160804 -0.668202 0.726394
vn -0.160804 -0.668202 0.726394
vn -0.160804 -0.668202 0.726394
vn -0.1889 -0.67883 0.709582
vn -0.1889 -0.67883 0.709582
vn -0.1889 -0.67883 0.709582
vn 0.096295 -0.405397 -0.909055
vn 0.096295 -0.405397 -0.909055
vn 0.096295 -0.405397 -0.909055
vn -0.015642 -0.853046 -0.521602
vn -0.015642 -0.853046 -0.521602
vn -0.015642 -0.853046 -0.521602
vn -0.015642 -0.853046 -0.521602
vn -0.025576 -0.807258 -0.589644
vn -0.025576 -0.807258 -0.589644
vn -0.025576 -0.807258 -0.589644
vn -0.004083 -0.820534 -0.571583
vn -0.004083 -0.820534 -0.571583
vn -0.004083 -0.820534 -0.571583
vn 0.178467 -0.565552 0.805171
vn 0.643687 0.746288 0.169473
vn 0.648904 0.75728 0.073827
vn 0.990857 0.091154 -0.099469
vn 0.664684 0.743054 0.077886
vn 0.996086 0.088287 -0.004367
vn 0.017016 0.608906 0.79306
vn 0.073822 -0.115774 0.990529
vn -0.990429 -0.089346 0.105206
vn -0.774698 0.620911 0.119637
vn -0.498808 0.782549 0.372569
vn -0.974156 -0.091752 0.206403
vn -0.859676 0.420836 0.289578
vn 0.073822 -0.115774 0.990529
vn 0.626115 0.737295 0.253724
vn 0.639924 0.75387 0.148922
vn 0.996135 0.087155 0.010932
vn 0.650519 0.740735 0.167738
vn 0.989304 0.086482 0.117464
vn -0.079011 0.598291 0.797374
vn -0.992788 -0.119884 0.000484
vn -0.995801 -0.089563 -0.018955
vn -0.787392 0.615558 0.033189
vn -0.554605 0.766047 0.324939
vn -0.992011 -0.092669 0.085602
vn -0.888316 0.418572 0.188925
vn 0.961197 0.212904 -0.175424
vn 0.612616 0.787052 0.072464
vn 0.632691 0.774388 -0.005064
vn 0.968694 0.104394 -0.225242
vn 0.665806 0.744307 -0.052044
vn 0.980098 0.088034 -0.177928
vn 0.151689 0.623964 0.76659
vn 0.178467 -0.565552 0.805171
vn -0.967563 -0.102507 0.2309
vn -0.77074 0.610549 0.182183
vn -0.444977 0.802021 0.398445
vn -0.923646 -0.087637 0.373093
vn -0.798095 0.426465 0.425643
vn 0.070249 -0.987289 -0.14257
vn 0.070249 -0.987289 -0.14257
vn 0.070249 -0.987289 -0.14257
vn 0.141441 -0.984164 0.106845
vn 0.141441 -0.984164 0.106845
vn 0.141441 -0.984164 0.106845
vn 0.141441 -0.984164 0.106845
vn 0.107397 -0.994091 -0.015808
vn 0.107397 -0.994091 -0.015808
vn 0.107397 -0.994091 -0.015808
vn 0.086842 -0.996205 -0.005824
vn 0.086842 -0.996205 -0.005824
vn 0.086842 -0.996205 -0.005824
vn 0.093979 -0.984627 -0.147235
vn 0.093979 -0.984627 -0.147235
vn 0.093979 -0.984627 -0.147235
vn 0.121017 -0.986444 0.110827
vn 0.121017 -0.986444 0.110827
vn 0.121017 -0.986444 0.110827
vn 0.121017 -0.986444 0.110827
vn 0.036148 -0.999066 -0.023689
vn 0.036148 -0.999066 -0.023689
vn 0.036148 -0.999066 -0.023688
vn 0.104524 -0.993016 -0.054719
vn 0.104524 -0.993016 -0.054719
vn 0.104524 -0.993016 -0.054719
vn 0.109448 -0.993954 -0.008732
vn 0.109448 -0.993954 -0.008732
vn 0.109448 -0.993954 -0.008733
vn 0.220668 -0.974372 -0.043645
vn 0.220669 -0.974372 -0.043645
vn 0.220669 -0.974372 -0.043645
vn 0.106476 -0.988053 0.111415
vn 0.106476 -0.988053 0.111415
vn 0.106476 -0.988053 0.111415
vn 0.106476 -0.988053 0.111415
vn 0.110912 -0.982758 -0.147939
vn 0.110912 -0.982758 -0.147939
vn 0.110912 -0.982758 -0.147939
vn -0.995964 0.00183 0.08974
vn -0.713718 0.672568 0.195599
vn -0.734236 0.643292 0.216964
vn -0.992142 -0.076101 0.099318
vn -0.724772 0.59374 0.34954
vn -0.998963 -0.032107 0.032282
vn -0.082287 0.985909 0.145644
vn 0.96417 0.19824 -0.176289
vn 0.97776 0.124121 -0.169058
vn 0.627267 0.774421 0.082511
vn 0.335975 0.939215 0.07068
vn 0.954775 0.167828 -0.245435
vn 0.788422 0.60892 0.08722
vn 0.162261 -0.601334 0.782348
vn 0.162261 -0.601334 0.782348
vn 0.162261 -0.601334 0.782348
vn 0.190663 -0.612965 0.76676
vn 0.190663 -0.612965 0.76676
vn 0.190663 -0.612965 0.76676
vn -0.081722 -0.482939 -0.871832
vn -0.081722 -0.482939 -0.871832
vn -0.081722 -0.482939 -0.871832
vn 0.032194 -0.89421 -0.446488
vn 0.032194 -0.89421 -0.446488
vn 0.032194 -0.89421 -0.446488
vn 0.032194 -0.89421 -0.446488
vn 0.04221 -0.854272 -0.518109
vn 0.04221 -0.854272 -0.518109
vn 0.04221 -0.854272 -0.518109
vn 0.020713 -0.866256 -0.499171
vn 0.020713 -0.866256 -0.499171
vn 0.020713 -0.866256 -0.499171
vn -0.780273 0.579216 0.235974
vn -0.144296 -0.146449 0.978638
vn 0.97641 -0.030545 0.213753
vn -0.574901 0.817387 0.036981
vn 0.942526 0.053748 -0.329781
vn -0.534694 0.842628 0.063883
vn -0.561202 0.160182 -0.812031
vn -0.575905 -0.815595 0.056031
vn -0.574519 -0.783462 -0.236889
vn 0.97641 -0.030545 0.213753
vn -0.144296 -0.146449 0.978638
vn -0.768099 -0.608143 -0.200465
vn 0.942526 0.053748 -0.329781
vn 0.780272 0.579217 0.235973
vn -0.97641 -0.030547 0.213754
vn 0.144297 -0.146449 0.978637
vn 0.5749 0.817388 0.03698
vn -0.942527 0.053747 -0.329779
vn 0.534693 0.842628 0.063882
vn 0.561201 0.160183 -0.812031
vn 0.575906 -0.815594 0.056031
vn -0.97641 -0.030547 0.213754
vn 0.574519 -0.783461 -0.23689
vn 0.144297 -0.146449 0.978637
vn -0.942527 0.053747 -0.329779
vn 0.7681 -0.608142 -0.200466
vt 0.2279 0.1306
vt 0.2012 0.1354
vt 0.3553 0.2646
vt 0.1489 0.1355
vt 0.1118 0.1634
vt 0.0505 0.2969
vt 0.2621 0.0816
vt 0.1081 0.0782
vt 0.1502 0.9536
vt 0.039 0.9538
vt 0.1626 0.9523
vt 0.2341 0.1349
vt 0.2026 0.122
vt 0.2662 0.3484
vt 0.2119 0.3726
vt 0.1318 0.3741
vt 0.1574 0.1207
vt 0.0831 0.3457
vt 0.1237 0.1317
vt 0.2568 0.5105
vt 0.2006 0.5093
vt 0.1295 0.5094
vt 0.0628 0.4872
vt 0.201 0.6935
vt 0.2632 0.6901
vt 0.1305 0.6945
vt 0.0424 0.6973
vt 0.1211 0.8037
vt 0.1967 0.8072
vt 0.0326 0.7898
vt 0.2806 0.9042
vt 0.1937 0.897
vt 0.2102 0.9848
vt 0.3057 0.9866
vt 0.0721 0.9843
vt 0.0305 0.8951
vt 0.2714 0.8019
vt 0.0266 0.8314
vt 0.0258 0.83
vt 0.2356 0.0963
vt 0.196 0.0831
vt 0.1395 0.0791
vt 0.1144 0.0764
vt 0.2289 0.0275
vt 0.1927 0.0282
vt 0.1253 0.0208
vt 0.1095 0.0187
vt 0.1274 0.1306
vt 0.1541 0.1354
vt 0.0746 0.3444
vt 0.1414 0.3275
vt 0.2089 0.3274
vt 0.2063 0.1355
vt 0.273 0.3332
vt 0.2434 0.1634
vt 0.0712 0.4694
vt 0.1433 0.4369
vt 0.2057 0.4369
vt 0.2749 0.4721
vt 0.1435 0.4705
vt 0.2058 0.4704
vt 0.1446 0.5098
vt 0.2041 0.5097
vt 0.0553 0.6463
vt 0.1194 0.646
vt 0.2006 0.6473
vt 0.2665 0.6435
vt 0.112 0.7924
vt 0.046 0.769
vt 0.1912 0.821
vt 0.2627 0.7944
vt 0.047 0.9556
vt 0.1424 0.8873
vt 0.1541 0.9557
vt 0.043 0.891
vt 0.2159 0.8875
vt 0.205 0.9536
vt 0.278 0.856
vt 0.3162 0.9538
vt 0.0377 0.8097
vt 0.0238 0.7718
vt 0.0932 0.0816
vt 0.1182 0.0905
vt 0.2537 0.0798
vt 0.2472 0.0782
vt 0.0958 0.0445
vt 0.084 0.0455
vt 0.242 0.0323
vt 0.2325 0.0331
vt 0.2446 0.0324
vt 0.1095 0.0437
vt 0.2279 0.1306
vt 0.3553 0.2646
vt 0.2012 0.1354
vt 0.1489 0.1355
vt 0.0505 0.2969
vt 0.1118 0.1634
vt 0.2621 0.0816
vt 0.1081 0.0782
vt 0.1502 0.9536
vt 0.1626 0.9523
vt 0.039 0.9538
vt 0.2341 0.1349
vt 0.2662 0.3484
vt 0.2026 0.122
vt 0.2119 0.3726
vt 0.1318 0.3741
vt 0.1574 0.1207
vt 0.0831 0.3457
vt 0.1237 0.1317
vt 0.2568 0.5105
vt 0.2006 0.5093
vt 0.1295 0.5094
vt 0.0628 0.4872
vt 0.2632 0.6901
vt 0.201 0.6935
vt 0.1305 0.6945
vt 0.0424 0.6973
vt 0.1967 0.8072
vt 0.1211 0.8037
vt 0.0326 0.7898
vt 0.2806 0.9042
vt 0.2102 0.9848
vt 0.1937 0.897
vt 0.3057 0.9866
vt 0.2714 0.8019
vt 0.2356 0.0963
vt 0.196 0.0831
vt 0.1395 0.0791
vt 0.1144 0.0764
vt 0.2289 0.0275
vt 0.1927 0.0282
vt 0.1253 0.0208
vt 0.1095 0.0187
vt 0.1274 0.1306
vt 0.0746 0.3444
vt 0.1541 0.1354
vt 0.1414 0.3275
vt 0.2089 0.3274
vt 0.2063 0.1355
vt 0.273 0.3332
vt 0.2434 0.1634
vt 0.0712 0.4694
vt 0.1433 0.4369
vt 0.2057 0.4369
vt 0.2749 0.4721
vt 0.1435 0.4705
vt 0.2058 0.4704
vt 0.1446 0.5098
vt 0.2041 0.5097
vt 0.0553 0.6463
vt 0.1194 0.646
vt 0.2006 0.6473
vt 0.2665 0.6435
vt 0.046 0.769
vt 0.112 0.7924
vt 0.1912 0.821
vt 0.2627 0.7944
vt 0.1541 0.9557
vt 0.1424 0.8873
vt 0.205 0.9536
vt 0.2159 0.8875
vt 0.3162 0.9538
vt 0.278 0.856
vt 0.0932 0.0816
vt 0.1182 0.0905
vt 0.2537 0.0798
vt 0.2472 0.0782
vt 0.0958 0.0445
vt 0.084 0.0455
vt 0.242 0.0323
vt 0.2325 0.0331
vt 0.2446 0.0324
vt 0.1095 0.0437
vt 0.6256 0.7386
vt 0.6254 0.7051
vt 0.6749 0.7495
vt 0.7491 0.7121
vt 0.6819 0.805
vt 0.7495 0.7684
vt 0.6254 0.5649
vt 0.7329 0.5786
vt 0.6254 0.536
vt 0.7528 0.5541
vt 0.8155 0.5947
vt 0.7748 0.5539
vt 0.82 0.5805
vt 0.8268 0.7058
vt 0.8268 0.7096
vt 0.6242 0.4791
vt 0.7224 0.4972
vt 0.7187 0.4917
vt 0.7189 0.4366
vt 0.7119 0.4343
vt 0.6248 0.4256
vt 0.7992 0.6366
vt 0.8048 0.6201
vt 0.8398 0.6288
vt 0.8315 0.7065
vt 0.8031 0.769
vt 0.8031 0.7646
vt 0.9059 0.7645
vt 0.9108 0.7688
vt 0.8899 0.6953
vt 0.8626 0.7063
vt 0.9959 0.6925
vt 0.9792 0.6955
vt 0.8982 0.5926
vt 0.8938 0.6633
vt 0.849 0.6454
vt 0.9526 0.594
vt 0.9465 0.5937
vt 0.8996 0.5974
vt 0.8473 0.5769
vt 0.8495 0.576
vt 0.9883 0.5166
vt 0.9424 0.5174
vt 0.9427 0.5174
vt 0.956 0.4513
vt 0.9048 0.5174
vt 0.9102 0.4492
vt 0.8631 0.5107
vt 0.8282 0.509
vt 0.8591 0.5107
vt 0.8996 0.5174
vt 0.8976 0.4521
vt 0.9128 0.3747
vt 0.9872 0.3803
vt 0.8666 0.4453
vt 0.8493 0.375
vt 0.9036 0.3786
vt 0.9821 0.2969
vt 0.9138 0.298
vt 0.8752 0.2949
vt 0.9122 0.2987
vt 0.9573 0.2062
vt 0.9671 0.1446
vt 0.9464 0.2062
vt 0.968 0.1446
vt 0.9259 0.157
vt 0.8877 0.2206
vt 0.901 0.1576
vt 0.8869 0.2206
vt 0.9533 0.0961
vt 0.9524 0.0964
vt 0.9226 0.1093
vt 0.9002 0.1215
vt 0.9269 0.0622
vt 0.9268 0.0641
vt 0.9013 0.0756
vt 0.8821 0.0932
vt 0.9031 0.0456
vt 0.9018 0.0457
vt 0.8816 0.0577
vt 0.8639 0.0721
vt 0.8516 0.1293
vt 0.8351 0.1329
vt 0.8351 0.1329
vt 0.8516 0.1293
vt 0.8664 0.1619
vt 0.8664 0.1619
vt 0.9026 0.1885
vt 0.9026 0.1885
vt 0.8443 0.171
vt 0.8907 0.2189
vt 0.8443 0.171
vt 0.8029 0.8938
vt 0.7697 0.8839
vt 0.7615 0.8295
vt 0.8444 0.8599
vt 0.7831 0.9253
vt 0.7958 0.9432
vt 0.8363 0.93
vt 0.8473 0.899
vt 0.8708 0.9331
vt 0.8668 0.8294
vt 0.8803 0.8111
vt 0.9177 0.8417
vt 0.8313 0.9684
vt 0.9012 0.9643
vt 0.8973 0.9887
vt 0.9428 0.9555
vt 0.962 0.9733
vt 0.8668 0.8294
vt 0.9177 0.8417
vt 0.9089 0.883
vt 0.9089 0.883
vt 0.9556 0.8527
vt 0.9897 0.8551
vt 0.9606 0.9003
vt 0.989 0.9097
vt 0.8755 0.771
vt 0.8955 0.7825
vt 0.9597 0.8131
vt 0.9929 0.824
vt 0.8444 0.8599
vt 0.7615 0.8295
vt 0.8243 0.8311
vt 0.8444 0.8599
vt 0.8243 0.8311
vt 0.834 0.8194
vt 0.8368 0.7993
vt 0.845 0.7999
vt 0.834 0.8194
vt 0.8029 0.8938
vt 0.8444 0.8599
vt 0.8363 0.93
vt 0.8473 0.899
vt 0.8708 0.9331
vt 0.8668 0.8294
vt 0.9177 0.8417
vt 0.9012 0.9643
vt 0.9428 0.9555
vt 0.8668 0.8294
vt 0.9089 0.883
vt 0.9177 0.8417
vt 0.9089 0.883
vt 0.9556 0.8527
vt 0.9606 0.9003
vt 0.8955 0.7825
vt 0.9597 0.8131
vt 0.8444 0.8599
vt 0.8243 0.8311
vt 0.7615 0.8295
vt 0.8444 0.8599
vt 0.845 0.7999
vt 0.6749 0.7495
vt 0.7491 0.7121
vt 0.6819 0.805
vt 0.7495 0.7684
vt 0.7329 0.5786
vt 0.7528 0.5541
vt 0.8155 0.5947
vt 0.82 0.5805
vt 0.7748 0.5539
vt 0.8268 0.7058
vt 0.8268 0.7096
vt 0.7224 0.4972
vt 0.7187 0.4917
vt 0.7189 0.4366
vt 0.7119 0.4343
vt 0.047 0.9556
vt 0.205 0.9536
vt 0.1541 0.9557
vt 0.2446 0.0324
vt 0.1182 0.0905
vt 0.1095 0.0437
vt 0.2537 0.0798
vt 0.047 0.9556
vt 0.1541 0.9557
vt 0.205 0.9536
vt 0.5512 0.8015
vt 0.5657 0.7722
vt 0.6255 0.8127
vt 0.6258 0.7699
vt 0.5008 0.7695
vt 0.4701 0.681
vt 0.5468 0.703
vt 0.6258 0.7066
vt 0.4281 0.595
vt 0.479 0.556
vt 0.6258 0.5571
vt 0.4338 0.7111
vt 0.4092 0.6672
vt 0.6265 0.4994
vt 0.5312 0.4881
vt 0.6265 0.4215
vt 0.5376 0.4254
vt 0.7992 0.6366
vt 0.8398 0.6288
vt 0.8048 0.6201
vt 0.8315 0.7065
vt 0.8031 0.769
vt 0.9059 0.7645
vt 0.8031 0.7646
vt 0.9108 0.7688
vt 0.8899 0.6953
vt 0.8626 0.7063
vt 0.9959 0.6925
vt 0.9792 0.6955
vt 0.8982 0.5926
vt 0.8938 0.6633
vt 0.849 0.6454
vt 0.9526 0.594
vt 0.9465 0.5937
vt 0.8996 0.5974
vt 0.8473 0.5769
vt 0.8495 0.576
vt 0.9883 0.5166
vt 0.9424 0.5174
vt 0.9427 0.5174
vt 0.956 0.4513
vt 0.9048 0.5174
vt 0.9102 0.4492
vt 0.8631 0.5107
vt 0.8282 0.509
vt 0.8591 0.5107
vt 0.8996 0.5174
vt 0.8976 0.4521
vt 0.9872 0.3803
vt 0.9128 0.3747
vt 0.8666 0.4453
vt 0.8493 0.375
vt 0.9036 0.3786
vt 0.9821 0.2969
vt 0.9138 0.298
vt 0.8752 0.2949
vt 0.9122 0.2987
vt 0.9573 0.2062
vt 0.9464 0.2062
vt 0.9671 0.1446
vt 0.968 0.1446
vt 0.9259 0.157
vt 0.8877 0.2206
vt 0.901 0.1576
vt 0.8869 0.2206
vt 0.9533 0.0961
vt 0.9524 0.0964
vt 0.9226 0.1093
vt 0.9002 0.1215
vt 0.9269 0.0622
vt 0.9268 0.0641
vt 0.9013 0.0756
vt 0.8821 0.0932
vt 0.9031 0.0456
vt 0.9018 0.0457
vt 0.8816 0.0577
vt 0.8639 0.0721
vt 0.8516 0.1293
vt 0.8351 0.1329
vt 0.8351 0.1329
vt 0.8516 0.1293
vt 0.8664 0.1619
vt 0.9026 0.1885
vt 0.8664 0.1619
vt 0.9026 0.1885
vt 0.8907 0.2189
vt 0.8443 0.171
vt 0.8443 0.171
vt 0.5512 0.8015
vt 0.5657 0.7722
vt 0.5008 0.7695
vt 0.4701 0.681
vt 0.5468 0.703
vt 0.4281 0.595
vt 0.479 0.556
vt 0.4338 0.7111
vt 0.4092 0.6672
vt 0.5312 0.4881
vt 0.5376 0.4254
vt 0.6399 0.2723
vt 0.7336 0.2723
vt 0.7382 0.3916
vt 0.65 0.3796
vt 0.8067 0.3938
vt 0.7994 0.2932
vt 0.6119 0.2469
vt 0.7434 0.2498
vt 0.73 0.4148
vt 0.619 0.4019
vt 0.8186 0.2657
vt 0.8307 0.4135
vt 0.6399 0.2723
vt 0.7382 0.3916
vt 0.7336 0.2723
vt 0.65 0.3796
vt 0.8067 0.3938
vt 0.7994 0.2932
vt 0.6119 0.2469
vt 0.7434 0.2498
vt 0.73 0.4148
vt 0.619 0.4019
vt 0.8186 0.2657
vt 0.8307 0.4135
vt 0.4687 0.4703
vt 0.4537 0.4612
vt 0.456 0.4804
vt 0.4687 0.4703
vt 0.456 0.4804
vt 0.4644 0.4835
vt 0.4687 0.4703
vt 0.4697 0.4574
vt 0.4549 0.4501
vt 0.4687 0.4703
vt 0.4549 0.4501
vt 0.4537 0.4612
vt 0.4699 0.4475
vt 0.4563 0.444
vt 0.4549 0.4501
vt 0.4699 0.4475
vt 0.4549 0.4501
vt 0.4697 0.4574
vt 0.4339 0.4774
vt 0.4327 0.4719
vt 0.4206 0.475
vt 0.4339 0.4774
vt 0.4206 0.475
vt 0.4208 0.4839
vt 0.4339 0.4774
vt 0.4208 0.4839
vt 0.4217 0.4953
vt 0.4339 0.4774
vt 0.4217 0.4953
vt 0.435 0.4872
vt 0.435 0.4872
vt 0.4217 0.4953
vt 0.4255 0.507
vt 0.435 0.4872
vt 0.4255 0.507
vt 0.433 0.5043
vt 0.3867 0.2549
vt 0.4004 0.3926
vt 0.4671 0.3514
vt 0.4606 0.283
vt 0.5386 0.3375
vt 0.5227 0.2836
vt 0.5991 0.2724
vt 0.3871 0.255
vt 0.4606 0.283
vt 0.4655 0.3328
vt 0.3978 0.3656
vt 0.5227 0.2836
vt 0.5331 0.3186
vt 0.3867 0.2549
vt 0.3871 0.255
vt 0.3978 0.3656
vt 0.3867 0.2549
vt 0.4004 0.3926
vt 0.4671 0.3514
vt 0.4606 0.283
vt 0.5386 0.3375
vt 0.5227 0.2836
vt 0.5991 0.2724
vt 0.3871 0.255
vt 0.4606 0.283
vt 0.4655 0.3328
vt 0.3978 0.3656
vt 0.5227 0.2836
vt 0.5331 0.3186
vt 0.3867 0.2549
vt 0.3871 0.255
vt 0.3978 0.3656
vt 0.3867 0.2549
vt 0.4004 0.3926
vt 0.4671 0.3514
vt 0.4606 0.283
vt 0.5386 0.3375
vt 0.5227 0.2836
vt 0.5991 0.2724
vt 0.3871 0.255
vt 0.4606 0.283
vt 0.4655 0.3328
vt 0.3978 0.3656
vt 0.5227 0.2836
vt 0.5331 0.3186
vt 0.3867 0.2549
vt 0.3871 0.255
vt 0.3978 0.3656
vt 0.3867 0.2549
vt 0.4671 0.3514
vt 0.4004 0.3926
vt 0.4606 0.283
vt 0.5386 0.3375
vt 0.5227 0.2836
vt 0.5991 0.2724
vt 0.3871 0.255
vt 0.4655 0.3328
vt 0.4606 0.283
vt 0.3978 0.3656
vt 0.5331 0.3186
vt 0.5227 0.2836
vt 0.3867 0.2549
vt 0.3978 0.3656
vt 0.3871 0.255
vt 0.3867 0.2549
vt 0.4671 0.3514
vt 0.4004 0.3926
vt 0.4606 0.283
vt 0.5386 0.3375
vt 0.5227 0.2836
vt 0.5991 0.2724
vt 0.3871 0.255
vt 0.4655 0.3328
vt 0.4606 0.283
vt 0.3978 0.3656
vt 0.5331 0.3186
vt 0.5227 0.2836
vt 0.3867 0.2549
vt 0.3978 0.3656
vt 0.3871 0.255
vt 0.3867 0.2549
vt 0.4671 0.3514
vt 0.4004 0.3926
vt 0.4606 0.283
vt 0.5386 0.3375
vt 0.5227 0.2836
vt 0.5991 0.2724
vt 0.3871 0.255
vt 0.4655 0.3328
vt 0.4606 0.283
vt 0.3978 0.3656
vt 0.5331 0.3186
vt 0.5227 0.2836
vt 0.3867 0.2549
vt 0.3978 0.3656
vt 0.3871 0.255
vt 0.6363 0.0713
vt 0.5361 0.17
vt 0.6435 0.2178
vt 0.5437 0.0807
vt 0.4316 0.1572
vt 0.4398 0.0813
vt 0.359 0.0877
vt 0.6359 0.0714
vt 0.5377 0.1514
vt 0.5437 0.0807
vt 0.6461 0.1908
vt 0.4371 0.1383
vt 0.4398 0.0813
vt 0.6363 0.0713
vt 0.5361 0.17
vt 0.6435 0.2178
vt 0.5437 0.0807
vt 0.4316 0.1572
vt 0.4398 0.0813
vt 0.359 0.0877
vt 0.6359 0.0714
vt 0.5377 0.1514
vt 0.5437 0.0807
vt 0.6461 0.1908
vt 0.4371 0.1383
vt 0.4398 0.0813
vt 0.6363 0.0713
vt 0.5361 0.17
vt 0.6435 0.2178
vt 0.5437 0.0807
vt 0.4316 0.1572
vt 0.4398 0.0813
vt 0.359 0.0877
vt 0.6359 0.0714
vt 0.5377 0.1514
vt 0.5437 0.0807
vt 0.6461 0.1908
vt 0.4371 0.1383
vt 0.4398 0.0813
vt 0.416 0.4231
vt 0.417 0.4412
vt 0.4205 0.4389
vt 0.417 0.4412
vt 0.4228 0.4528
vt 0.4205 0.4389
vt 0.4192 0.455
vt 0.4192 0.455
vt 0.4247 0.4719
vt 0.4228 0.4528
vt 0.4192 0.455
vt 0.4209 0.4755
vt 0.4247 0.4719
vt 0.4263 0.4307
vt 0.4226 0.4103
vt 0.422 0.4319
vt 0.4275 0.4479
vt 0.422 0.4319
vt 0.4232 0.4491
vt 0.4263 0.4307
vt 0.4292 0.47
vt 0.4232 0.4491
vt 0.4247 0.4719
vt 0.4292 0.47
vt 0.4275 0.4479
vt 0.4232 0.4491
vt 0.429 0.4509
vt 0.4329 0.4732
vt 0.4327 0.4508
vt 0.429 0.4509
vt 0.4292 0.47
vt 0.4329 0.4732
vt 0.4327 0.4508
vt 0.4289 0.4363
vt 0.429 0.4509
vt 0.4326 0.4362
vt 0.4289 0.4363
vt 0.4326 0.4362
vt 0.4305 0.4184
vt 0.3867 0.2549
vt 0.4671 0.3514
vt 0.4004 0.3926
vt 0.4606 0.283
vt 0.5386 0.3375
vt 0.5227 0.2836
vt 0.5991 0.2724
vt 0.3871 0.255
vt 0.4655 0.3328
vt 0.4606 0.283
vt 0.3978 0.3656
vt 0.5331 0.3186
vt 0.5227 0.2836
vt 0.3867 0.2549
vt 0.3978 0.3656
vt 0.3871 0.255
vt 0.3867 0.2549
vt 0.4004 0.3926
vt 0.3978 0.3656
vt 0.5227 0.2836
vt 0.5991 0.2724
vt 0.5227 0.2836
vt 0.4606 0.283
vt 0.5227 0.2836
vt 0.4606 0.283
vt 0.5227 0.2836
vt 0.3871 0.255
vt 0.4606 0.283
vt 0.3867 0.2549
vt 0.3871 0.255
vt 0.4606 0.283
vt 0.4606 0.283
vt 0.6166 0.086
vt 0.6524 0.1925
vt 0.5362 0.1585
vt 0.5275 0.0773
vt 0.4335 0.135
vt 0.4526 0.0851
vt 0.3579 0.0731
vt 0.6162 0.086
vt 0.5275 0.0773
vt 0.5345 0.175
vt 0.6414 0.2174
vt 0.4526 0.0851
vt 0.4246 0.1513
vt 0.6488 0.0728
vt 0.6653 0.2115
vt 0.5574 0.1739
vt 0.5393 0.089
vt 0.4283 0.1554
vt 0.4542 0.086
vt 0.3531 0.0803
vt 0.6484 0.0729
vt 0.5393 0.089
vt 0.559 0.1553
vt 0.6679 0.1845
vt 0.4542 0.086
vt 0.4337 0.1366
vt 0.658 0.0927
vt 0.6692 0.1884
vt 0.5534 0.1465
vt 0.5704 0.0821
vt 0.4352 0.1306
vt 0.4563 0.0759
vt 0.343 0.0725
vt 0.6576 0.0928
vt 0.5704 0.0821
vt 0.5477 0.1673
vt 0.6725 0.2088
vt 0.4563 0.0759
vt 0.4246 0.1511
vt 0.4752 0.389
vt 0.4701 0.4068
vt 0.4741 0.4094
vt 0.4741 0.4094
vt 0.4701 0.4068
vt 0.4675 0.4224
vt 0.4715 0.425
vt 0.4715 0.425
vt 0.4675 0.4224
vt 0.4654 0.444
vt 0.4715 0.425
vt 0.4654 0.444
vt 0.4696 0.448
vt 0.4636 0.3976
vt 0.4685 0.399
vt 0.4677 0.3746
vt 0.4622 0.417
vt 0.4671 0.4183
vt 0.4685 0.399
vt 0.4636 0.3976
vt 0.4603 0.4418
vt 0.4654 0.444
vt 0.4671 0.4183
vt 0.4603 0.4418
vt 0.4671 0.4183
vt 0.4622 0.417
vt 0.4605 0.4203
vt 0.4564 0.4202
vt 0.4561 0.4455
vt 0.4605 0.4203
vt 0.4561 0.4455
vt 0.4603 0.4418
vt 0.4564 0.4202
vt 0.4605 0.4203
vt 0.4607 0.4039
vt 0.4565 0.4038
vt 0.4607 0.4039
vt 0.4588 0.3837
vt 0.4565 0.4038
vt 0.3867 0.2549
vt 0.4004 0.3926
vt 0.4671 0.3514
vt 0.4606 0.283
vt 0.5386 0.3375
vt 0.5227 0.2836
vt 0.5991 0.2724
vt 0.3871 0.255
vt 0.4606 0.283
vt 0.4655 0.3328
vt 0.3978 0.3656
vt 0.5227 0.2836
vt 0.5331 0.3186
vt 0.3867 0.2549
vt 0.3871 0.255
vt 0.3978 0.3656
vt 0.3867 0.2549
vt 0.3978 0.3656
vt 0.4004 0.3926
vt 0.5227 0.2836
vt 0.5227 0.2836
vt 0.5991 0.2724
vt 0.4606 0.283
vt 0.4606 0.283
vt 0.5227 0.2836
vt 0.5227 0.2836
vt 0.3871 0.255
vt 0.3867 0.2549
vt 0.4606 0.283
vt 0.3871 0.255
vt 0.4606 0.283
vt 0.4606 0.283
vt 0.3867 0.2549
vt 0.4004 0.3926
vt 0.4671 0.3514
vt 0.4606 0.283
vt 0.5386 0.3375
vt 0.5227 0.2836
vt 0.5991 0.2724
vt 0.3871 0.255
vt 0.4606 0.283
vt 0.4655 0.3328
vt 0.3978 0.3656
vt 0.5227 0.2836
vt 0.5331 0.3186
vt 0.3867 0.2549
vt 0.4671 0.3514
vt 0.4004 0.3926
vt 0.4606 0.283
vt 0.5386 0.3375
vt 0.5227 0.2836
vt 0.5991 0.2724
vt 0.3871 0.255
vt 0.4655 0.3328
vt 0.4606 0.283
vt 0.3978 0.3656
vt 0.5331 0.3186
vt 0.5227 0.2836
f 1/1/1 3/3/3 2/2/2
f 4/4/4 6/6/6 5/5/5
f 2/2/2 7/7/7 1/1/1
f 4/4/4 5/5/5 8/8/8
f 9/9/9 11/11/11 10/10/10
f 12/12/12 14/14/14 13/13/13
f 14/14/14 15/15/15 13/13/13
f 13/13/13 15/15/15 16/16/16
f 13/13/13 16/16/16 17/17/17
f 17/17/17 16/16/16 18/18/18
f 17/17/17 18/18/18 19/19/19
f 14/14/14 20/20/20 15/15/15
f 20/20/20 21/21/21 15/15/15
f 15/15/15 21/21/21 22/22/22
f 15/15/15 22/22/22 16/16/16
f 16/16/16 22/22/22 23/23/23
f 16/16/16 23/23/23 18/18/18
f 20/20/20 25/25/25 24/24/24
f 20/20/20 24/24/24 21/21/21
f 21/21/21 24/24/24 26/26/26
f 21/21/21 26/26/26 22/22/22
f 22/22/22 26/26/26 23/23/23
f 26/26/26 27/27/27 23/23/23
f 24/24/24 29/29/29 28/28/28
f 24/24/24 28/28/28 26/26/26
f 26/26/26 28/28/28 27/27/27
f 28/28/28 30/30/30 27/27/27
f 31/31/31 33/33/33 32/32/32
f 33/33/33 31/31/31 34/34/34
f 33/33/33 35/35/35 32/32/32
f 36/36/36 32/32/32 35/35/35
f 37/37/37 32/32/32 29/29/29
f 32/32/32 37/37/37 31/31/31
f 29/29/29 36/36/36 28/28/28
f 36/36/36 29/29/29 32/32/32
f 28/28/28 36/36/36 38/38/38
f 30/30/30 28/28/28 38/38/38
f 38/38/38 39/39/39 30/30/30
f 40/40/40 13/13/13 41/41/41
f 13/13/13 40/40/40 12/12/12
f 41/41/41 17/17/17 42/42/42
f 17/17/17 41/41/41 13/13/13
f 17/17/17 19/19/19 43/43/43
f 43/43/43 42/42/42 17/17/17
f 44/44/44 41/41/41 45/45/45
f 41/41/41 44/44/44 40/40/40
f 45/45/45 42/42/42 46/46/46
f 42/42/42 45/45/45 41/41/41
f 42/42/42 43/43/43 47/47/47
f 47/47/47 46/46/46 42/42/42
f 25/25/25 29/29/29 24/24/24
f 25/25/25 37/37/37 29/29/29
f 48/48/48 50/50/50 49/49/49
f 50/50/50 51/51/51 49/49/49
f 49/49/49 51/51/51 52/52/52
f 49/49/49 52/52/52 53/53/53
f 53/53/53 52/52/52 54/54/54
f 53/53/53 54/54/54 55/55/55
f 50/50/50 56/56/56 51/51/51
f 56/56/56 57/57/57 51/51/51
f 51/51/51 57/57/57 58/58/58
f 51/51/51 58/58/58 52/52/52
f 52/52/52 58/58/58 59/59/59
f 52/52/52 59/59/59 54/54/54
f 56/56/56 60/60/60 57/57/57
f 57/57/57 60/60/60 61/61/61
f 57/57/57 61/61/61 58/58/58
f 58/58/58 61/61/61 59/59/59
f 56/56/56 62/62/62 60/60/60
f 60/60/60 62/62/62 63/63/63
f 60/60/60 63/63/63 61/61/61
f 61/61/61 63/63/63 59/59/59
f 56/56/56 64/64/64 62/62/62
f 64/64/64 65/65/65 62/62/62
f 62/62/62 65/65/65 66/66/66
f 62/62/62 66/66/66 63/63/63
f 63/63/63 66/66/66 67/67/67
f 63/63/63 67/67/67 59/59/59
f 64/64/64 69/69/69 68/68/68
f 64/64/64 68/68/68 65/65/65
f 65/65/65 68/68/68 70/70/70
f 65/65/65 70/70/70 66/66/66
f 66/66/66 70/70/70 67/67/67
f 70/70/70 71/71/71 67/67/67
f 72/72/72 74/74/74 73/73/73
f 73/73/73 75/75/75 72/72/72
f 73/73/73 77/77/77 76/76/76
f 77/77/77 73/73/73 74/74/74
f 77/77/77 79/79/79 78/78/78
f 78/78/78 76/76/76 77/77/77
f 80/80/80 73/73/73 68/68/68
f 73/73/73 80/80/80 75/75/75
f 76/76/76 68/68/68 73/73/73
f 68/68/68 76/76/76 70/70/70
f 70/70/70 78/78/78 71/71/71
f 78/78/78 70/70/70 76/76/76
f 80/80/80 69/69/69 81/81/81
f 69/69/69 80/80/80 68/68/68
f 82/82/82 49/49/49 83/83/83
f 49/49/49 82/82/82 48/48/48
f 83/83/83 53/53/53 84/84/84
f 53/53/53 83/83/83 49/49/49
f 53/53/53 55/55/55 85/85/85
f 85/85/85 84/84/84 53/53/53
f 82/82/82 83/83/83 86/86/86
f 86/86/86 87/87/87 82/82/82
f 88/88/88 85/85/85 89/89/89
f 85/85/85 88/88/88 84/84/84
f 90/90/90 91/91/91 83/83/83
f 83/83/83 84/84/84 90/90/90
f 83/83/83 91/91/91 86/86/86
f 88/88/88 90/90/90 84/84/84
f 92/92/92 94/94/94 93/93/93
f 95/95/95 97/97/97 96/96/96
f 94/94/94 92/92/92 98/98/98
f 95/95/95 99/99/99 97/97/97
f 100/100/100 102/102/102 101/101/101
f 103/103/103 105/105/105 104/104/104
f 104/104/104 105/105/105 106/106/106
f 105/105/105 107/107/107 106/106/106
f 105/105/105 108/108/108 107/107/107
f 108/108/108 109/109/109 107/107/107
f 108/108/108 110/110/110 109/109/109
f 104/104/104 106/106/106 111/111/111
f 111/111/111 106/106/106 112/112/112
f 106/106/106 113/113/113 112/112/112
f 106/106/106 107/107/107 113/113/113
f 107/107/107 114/114/114 113/113/113
f 107/107/107 109/109/109 114/114/114
f 111/111/111 116/116/116 115/115/115
f 111/111/111 112/112/112 116/116/116
f 112/112/112 117/117/117 116/116/116
f 112/112/112 113/113/113 117/117/117
f 113/113/113 114/114/114 117/117/117
f 117/117/117 114/114/114 118/118/118
f 116/116/116 120/120/120 119/119/119
f 116/116/116 117/117/117 120/120/120
f 117/117/117 118/118/118 120/120/120
f 120/120/120 118/118/118 121/121/121
f 122/122/122 124/124/124 123/123/123
f 123/123/123 125/125/125 122/122/122
f 123/123/123 124/124/124 35/35/35
f 36/36/36 35/35/35 124/124/124
f 126/126/126 119/119/119 124/124/124
f 124/124/124 122/122/122 126/126/126
f 119/119/119 120/120/120 36/36/36
f 36/36/36 124/124/124 119/119/119
f 120/120/120 38/38/38 36/36/36
f 121/121/121 38/38/38 120/120/120
f 38/38/38 121/121/121 39/39/39
f 127/127/127 128/128/128 105/105/105
f 105/105/105 103/103/103 127/127/127
f 128/128/128 129/129/129 108/108/108
f 108/108/108 105/105/105 128/128/128
f 108/108/108 130/130/130 110/110/110
f 130/130/130 108/108/108 129/129/129
f 131/131/131 132/132/132 128/128/128
f 128/128/128 127/127/127 131/131/131
f 132/132/132 133/133/133 129/129/129
f 129/129/129 128/128/128 132/132/132
f 129/129/129 134/134/134 130/130/130
f 134/134/134 129/129/129 133/133/133
f 115/115/115 116/116/116 119/119/119
f 115/115/115 119/119/119 126/126/126
f 135/135/135 137/137/137 136/136/136
f 136/136/136 137/137/137 138/138/138
f 137/137/137 139/139/139 138/138/138
f 137/137/137 140/140/140 139/139/139
f 140/140/140 141/141/141 139/139/139
f 140/140/140 142/142/142 141/141/141
f 136/136/136 138/138/138 143/143/143
f 143/143/143 138/138/138 144/144/144
f 138/138/138 145/145/145 144/144/144
f 138/138/138 139/139/139 145/145/145
f 139/139/139 146/146/146 145/145/145
f 139/139/139 141/141/141 146/146/146
f 143/143/143 144/144/144 147/147/147
f 144/144/144 148/148/148 147/147/147
f 144/144/144 145/145/145 148/148/148
f 145/145/145 146/146/146 148/148/148
f 143/143/143 147/147/147 149/149/149
f 147/147/147 150/150/150 149/149/149
f 147/147/147 148/148/148 150/150/150
f 148/148/148 146/146/146 150/150/150
f 143/143/143 149/149/149 151/151/151
f 151/151/151 149/149/149 152/152/152
f 149/149/149 153/153/153 152/152/152
f 149/149/149 150/150/150 153/153/153
f 150/150/150 154/154/154 153/153/153
f 150/150/150 146/146/146 154/154/154
f 151/151/151 156/156/156 155/155/155
f 151/151/151 152/152/152 156/156/156
f 152/152/152 157/157/157 156/156/156
f 152/152/152 153/153/153 157/157/157
f 153/153/153 154/154/154 157/157/157
f 157/157/157 154/154/154 158/158/158
f 72/72/72 160/160/160 159/159/159
f 160/160/160 72/72/72 75/75/75
f 160/160/160 162/162/162 161/161/161
f 161/161/161 159/159/159 160/160/160
f 161/161/161 164/164/164 163/163/163
f 164/164/164 161/161/161 162/162/162
f 80/80/80 156/156/156 160/160/160
f 160/160/160 75/75/75 80/80/80
f 162/162/162 160/160/160 156/156/156
f 156/156/156 157/157/157 162/162/162
f 157/157/157 158/158/158 164/164/164
f 164/164/164 162/162/162 157/157/157
f 80/80/80 81/81/81 155/155/155
f 155/155/155 156/156/156 80/80/80
f 165/165/165 166/166/166 137/137/137
f 137/137/137 135/135/135 165/165/165
f 166/166/166 167/167/167 140/140/140
f 140/140/140 137/137/137 166/166/166
f 140/140/140 168/168/168 142/142/142
f 168/168/168 140/140/140 167/167/167
f 165/165/165 169/169/169 166/166/166
f 169/169/169 165/165/165 170/170/170
f 171/171/171 172/172/172 168/168/168
f 168/168/168 167/167/167 171/171/171
f 173/173/173 166/166/166 174/174/174
f 166/166/166 173/173/173 167/167/167
f 166/166/166 169/169/169 174/174/174
f 171/171/171 167/167/167 173/173/173
f 175/175/175 177/177/177 176/176/176
f 177/177/177 178/178/178 176/176/176
f 179/179/179 180/180/180 177/177/177
f 178/178/178 177/177/177 180/180/180
f 181/181/181 178/178/178 182/182/182
f 178/178/178 181/181/181 176/176/176
f 183/183/183 182/182/182 184/184/184
f 182/182/182 183/183/183 181/181/181
f 185/185/185 184/184/184 182/182/182
f 184/184/184 187/187/187 186/186/186
f 187/187/187 184/184/184 185/185/185
f 180/180/180 188/188/188 178/178/178
f 188/188/188 180/180/180 189/189/189
f 178/178/178 185/185/185 182/182/182
f 188/188/188 185/185/185 178/178/178
f 184/184/184 190/190/190 183/183/183
f 190/190/190 184/184/184 191/191/191
f 186/186/186 191/191/191 184/184/184
f 191/191/191 186/186/186 192/192/192
f 192/192/192 193/193/193 191/191/191
f 193/193/193 192/192/192 194/194/194
f 191/191/191 195/195/195 190/190/190
f 195/195/195 191/191/191 193/193/193
f 196/196/196 198/198/198 197/197/197
f 199/199/199 197/197/197 198/198/198
f 200/200/200 202/202/202 201/201/201
f 202/202/202 200/200/200 203/203/203
f 199/199/199 203/203/203 200/200/200
f 203/203/203 199/199/199 204/204/204
f 205/205/205 201/201/201 202/202/202
f 198/198/198 204/204/204 199/199/199
f 196/196/196 201/201/201 205/205/205
f 202/202/202 203/203/203 206/206/206
f 206/206/206 207/207/207 202/202/202
f 206/206/206 204/204/204 208/208/208
f 204/204/204 206/206/206 203/203/203
f 205/205/205 202/202/202 207/207/207
f 207/207/207 209/209/209 205/205/205
f 198/198/198 196/196/196 210/210/210
f 198/198/198 208/208/208 204/204/204
f 210/210/210 205/205/205 209/209/209
f 205/205/205 210/210/210 196/196/196
f 211/211/211 206/206/206 212/212/212
f 206/206/206 211/211/211 207/207/207
f 208/208/208 212/212/212 206/206/206
f 209/209/209 207/207/207 213/213/213
f 211/211/211 213/213/213 207/207/207
f 214/214/214 210/210/210 215/215/215
f 210/210/210 214/214/214 198/198/198
f 208/208/208 198/198/198 214/214/214
f 210/210/210 209/209/209 213/213/213
f 213/213/213 215/215/215 210/210/210
f 216/216/216 217/217/217 211/211/211
f 218/218/218 219/219/219 216/216/216
f 220/220/220 217/217/217 221/221/221
f 221/221/221 222/222/222 220/220/220
f 223/223/223 224/224/224 214/214/214
f 225/225/225 224/224/224 226/226/226
f 225/225/225 218/218/218 208/208/208
f 222/222/222 223/223/223 215/215/215
f 221/221/221 228/228/228 227/227/227
f 228/228/228 221/221/221 219/219/219
f 229/229/229 221/221/221 230/230/230
f 227/227/227 230/230/230 221/221/221
f 226/226/226 229/229/229 230/230/230
f 230/230/230 231/231/231 226/226/226
f 219/219/219 226/226/226 228/228/228
f 231/231/231 228/228/228 226/226/226
f 232/232/232 233/233/233 227/227/227
f 233/233/233 234/234/234 227/227/227
f 234/234/234 235/235/235 231/231/231
f 236/236/236 238/238/238 237/237/237
f 237/237/237 239/239/239 236/236/236
f 237/237/237 238/238/238 240/240/240
f 241/241/241 236/236/236 239/239/239
f 239/239/239 242/242/242 241/241/241
f 243/243/243 241/241/241 242/242/242
f 242/242/242 240/240/240 243/243/243
f 238/238/238 243/243/243 240/240/240
f 244/244/244 237/237/237 245/245/245
f 237/237/237 244/244/244 239/239/239
f 245/245/245 240/240/240 246/246/246
f 240/240/240 245/245/245 237/237/237
f 247/247/247 239/239/239 244/244/244
f 239/239/239 247/247/247 242/242/242
f 246/246/246 242/242/242 247/247/247
f 242/242/242 246/246/246 240/240/240
f 248/248/248 245/245/245 249/249/249
f 245/245/245 248/248/248 244/244/244
f 249/249/249 246/246/246 250/250/250
f 246/246/246 249/249/249 245/245/245
f 251/251/251 244/244/244 248/248/248
f 244/244/244 251/251/251 247/247/247
f 250/250/250 247/247/247 251/251/251
f 247/247/247 250/250/250 246/246/246
f 252/252/252 249/249/249 253/253/253
f 249/249/249 252/252/252 248/248/248
f 253/253/253 250/250/250 254/254/254
f 250/250/250 253/253/253 249/249/249
f 255/255/255 248/248/248 252/252/252
f 248/248/248 255/255/255 251/251/251
f 254/254/254 251/251/251 255/255/255
f 251/251/251 254/254/254 250/250/250
f 252/252/252 253/253/253 254/254/254
f 254/254/254 255/255/255 252/252/252
f 256/256/256 258/258/258 257/257/257
f 258/258/258 256/256/256 259/259/259
f 260/260/260 262/262/262 261/261/261
f 262/262/262 260/260/260 263/263/263
f 261/261/261 265/265/265 264/264/264
f 265/265/265 261/261/261 262/262/262
f 264/264/264 241/241/241 266/266/266
f 241/241/241 264/264/264 265/265/265
f 266/266/266 263/263/263 260/260/260
f 263/263/263 266/266/266 241/241/241
f 260/260/260 257/257/257 266/266/266
f 257/257/257 260/260/260 256/256/256
f 266/266/266 258/258/258 264/264/264
f 258/258/258 266/266/266 257/257/257
f 264/264/264 259/259/259 261/261/261
f 259/259/259 264/264/264 258/258/258
f 261/261/261 256/256/256 260/260/260
f 256/256/256 261/261/261 259/259/259
f 211/211/211 212/212/212 216/216/216
f 219/219/219 217/217/217 216/216/216
f 219/219/219 221/221/221 217/217/217
f 218/218/218 216/216/216 212/212/212
f 208/208/208 218/218/218 212/212/212
f 213/213/213 217/217/217 220/220/220
f 213/213/213 211/211/211 217/217/217
f 222/222/222 215/215/215 220/220/220
f 220/220/220 215/215/215 213/213/213
f 214/214/214 215/215/215 223/223/223
f 229/229/229 224/224/224 223/223/223
f 229/229/229 226/226/226 224/224/224
f 208/208/208 224/224/224 225/225/225
f 208/208/208 214/214/214 224/224/224
f 226/226/226 218/218/218 225/225/225
f 226/226/226 219/219/219 218/218/218
f 221/221/221 223/223/223 222/222/222
f 221/221/221 229/229/229 223/223/223
f 227/227/227 234/234/234 230/230/230
f 243/243/243 234/234/234 241/241/241
f 241/241/241 233/233/233 236/236/236
f 228/228/228 232/232/232 227/227/227
f 232/232/232 236/236/236 233/233/233
f 236/236/236 232/232/232 238/238/238
f 235/235/235 232/232/232 231/231/231
f 231/231/231 232/232/232 228/228/228
f 235/235/235 238/238/238 232/232/232
f 238/238/238 235/235/235 243/243/243
f 230/230/230 234/234/234 231/231/231
f 234/234/234 243/243/243 235/235/235
f 233/233/233 241/241/241 234/234/234
f 267/267/267 269/269/269 268/268/268
f 269/269/269 267/267/267 270/270/270
f 271/271/271 267/267/267 268/268/268
f 272/272/272 273/273/273 271/271/271
f 267/267/267 271/271/271 273/273/273
f 273/273/273 274/274/274 267/267/267
f 274/274/274 273/273/273 275/275/275
f 276/276/276 278/278/278 277/277/277
f 279/279/279 281/281/281 280/280/280
f 273/273/273 279/279/279 280/280/280
f 282/282/282 281/281/281 283/283/283
f 282/282/282 280/280/280 281/281/281
f 284/284/284 286/286/286 285/285/285
f 270/270/270 274/274/274 287/287/287
f 288/288/288 290/290/290 289/289/289
f 288/288/288 278/278/278 287/287/287
f 282/282/282 287/287/287 280/280/280
f 282/282/282 290/290/290 287/287/287
f 275/275/275 287/287/287 274/274/274
f 275/275/275 280/280/280 287/287/287
f 290/290/290 291/291/291 289/289/289
f 287/287/287 290/290/290 288/288/288
f 282/282/282 291/291/291 290/290/290
f 282/282/282 283/283/283 291/291/291
f 292/292/292 278/278/278 293/293/293
f 278/278/278 292/292/292 277/277/277
f 293/293/293 288/288/288 294/294/294
f 288/288/288 293/293/293 278/278/278
f 294/294/294 289/289/289 295/295/295
f 289/289/289 294/294/294 288/288/288
f 273/273/273 280/280/280 275/275/275
f 279/279/279 273/273/273 272/272/272
f 296/296/296 298/298/298 297/297/297
f 299/299/299 301/301/301 300/300/300
f 302/302/302 304/304/304 303/303/303
f 303/303/303 277/277/277 302/302/302
f 276/276/276 277/277/277 303/303/303
f 276/276/276 303/303/303 304/304/304
f 301/301/301 299/299/299 284/284/284
f 286/286/286 284/284/284 299/299/299
f 267/267/267 274/274/274 270/270/270
f 305/305/305 268/268/268 269/269/269
f 269/269/269 306/306/306 305/305/305
f 271/271/271 268/268/268 305/305/305
f 272/272/272 271/271/271 307/307/307
f 305/305/305 307/307/307 271/271/271
f 307/307/307 305/305/305 308/308/308
f 308/308/308 309/309/309 307/307/307
f 310/310/310 277/277/277 311/311/311
f 279/279/279 312/312/312 281/281/281
f 307/307/307 312/312/312 279/279/279
f 313/313/313 283/283/283 281/281/281
f 313/313/313 281/281/281 312/312/312
f 314/314/314 316/316/316 315/315/315
f 306/306/306 317/317/317 308/308/308
f 318/318/318 289/289/289 319/319/319
f 318/318/318 317/317/317 311/311/311
f 313/313/313 312/312/312 317/317/317
f 313/313/313 317/317/317 319/319/319
f 309/309/309 308/308/308 317/317/317
f 309/309/309 317/317/317 312/312/312
f 319/319/319 289/289/289 291/291/291
f 317/317/317 318/318/318 319/319/319
f 313/313/313 319/319/319 291/291/291
f 313/313/313 291/291/291 283/283/283
f 292/292/292 320/320/320 311/311/311
f 311/311/311 277/277/277 292/292/292
f 320/320/320 321/321/321 318/318/318
f 318/318/318 311/311/311 320/320/320
f 321/321/321 295/295/295 289/289/289
f 289/289/289 318/318/318 321/321/321
f 307/307/307 309/309/309 312/312/312
f 279/279/279 272/272/272 307/307/307
f 322/322/322 324/324/324 323/323/323
f 325/325/325 300/300/300 301/301/301
f 302/302/302 326/326/326 304/304/304
f 326/326/326 302/302/302 277/277/277
f 310/310/310 326/326/326 277/277/277
f 310/310/310 304/304/304 326/326/326
f 301/301/301 314/314/314 325/325/325
f 315/315/315 325/325/325 314/314/314
f 305/305/305 306/306/306 308/308/308
f 175/175/175 176/176/176 327/327/327
f 327/327/327 176/176/176 328/328/328
f 329/329/329 327/327/327 330/330/330
f 328/328/328 330/330/330 327/327/327
f 181/181/181 331/331/331 328/328/328
f 328/328/328 176/176/176 181/181/181
f 183/183/183 332/332/332 331/331/331
f 331/331/331 181/181/181 183/183/183
f 333/333/333 331/331/331 332/332/332
f 332/332/332 335/335/335 334/334/334
f 334/334/334 333/333/333 332/332/332
f 330/330/330 328/328/328 336/336/336
f 336/336/336 337/337/337 330/330/330
f 328/328/328 331/331/331 333/333/333
f 336/336/336 328/328/328 333/333/333
f 332/332/332 183/183/183 190/190/190
f 190/190/190 338/338/338 332/332/332
f 335/335/335 332/332/332 338/338/338
f 338/338/338 339/339/339 335/335/335
f 339/339/339 338/338/338 340/340/340
f 340/340/340 341/341/341 339/339/339
f 338/338/338 190/190/190 195/195/195
f 195/195/195 340/340/340 338/338/338
f 342/342/342 344/344/344 343/343/343
f 345/345/345 347/347/347 346/346/346
f 346/346/346 348/348/348 345/345/345
f 349/349/349 351/351/351 350/350/350
f 352/352/352 354/354/354 353/353/353
f 355/355/355 353/353/353 354/354/354
f 356/356/356 352/352/352 353/353/353
f 353/353/353 357/357/357 356/356/356
f 357/357/357 353/353/353 358/358/358
f 355/355/355 359/359/359 353/353/353
f 358/358/358 353/353/353 359/359/359
f 360/360/360 362/362/362 361/361/361
f 358/358/358 360/360/360 357/357/357
f 359/359/359 362/362/362 358/358/358
f 358/358/358 362/362/362 360/360/360
f 357/357/357 363/363/363 356/356/356
f 363/363/363 357/357/357 364/364/364
f 360/360/360 364/364/364 357/357/357
f 365/365/365 366/366/366 361/361/361
f 361/361/361 362/362/362 365/365/365
f 367/367/367 368/368/368 366/366/366
f 366/366/366 365/365/365 367/367/367
f 369/369/369 371/371/371 370/370/370
f 372/372/372 370/370/370 371/371/371
f 373/373/373 375/375/375 374/374/374
f 374/374/374 376/376/376 373/373/373
f 372/372/372 373/373/373 376/376/376
f 376/376/376 377/377/377 372/372/372
f 378/378/378 374/374/374 375/375/375
f 370/370/370 372/372/372 377/377/377
f 369/369/369 378/378/378 375/375/375
f 374/374/374 379/379/379 376/376/376
f 379/379/379 374/374/374 380/380/380
f 379/379/379 381/381/381 377/377/377
f 377/377/377 376/376/376 379/379/379
f 378/378/378 380/380/380 374/374/374
f 380/380/380 378/378/378 382/382/382
f 370/370/370 383/383/383 369/369/369
f 370/370/370 377/377/377 381/381/381
f 383/383/383 382/382/382 378/378/378
f 378/378/378 369/369/369 383/383/383
f 384/384/384 385/385/385 379/379/379
f 379/379/379 380/380/380 384/384/384
f 381/381/381 379/379/379 385/385/385
f 382/382/382 386/386/386 380/380/380
f 384/384/384 380/380/380 386/386/386
f 387/387/387 388/388/388 383/383/383
f 383/383/383 370/370/370 387/387/387
f 381/381/381 387/387/387 370/370/370
f 383/383/383 386/386/386 382/382/382
f 386/386/386 383/383/383 388/388/388
f 389/389/389 384/384/384 390/390/390
f 391/391/391 389/389/389 392/392/392
f 393/393/393 394/394/394 390/390/390
f 394/394/394 393/393/393 395/395/395
f 396/396/396 387/387/387 397/397/397
f 398/398/398 399/399/399 397/397/397
f 398/398/398 381/381/381 391/391/391
f 395/395/395 388/388/388 396/396/396
f 394/394/394 401/401/401 400/400/400
f 400/400/400 392/392/392 394/394/394
f 402/402/402 403/403/403 394/394/394
f 401/401/401 394/394/394 403/403/403
f 399/399/399 403/403/403 402/402/402
f 403/403/403 399/399/399 404/404/404
f 392/392/392 400/400/400 399/399/399
f 404/404/404 399/399/399 400/400/400
f 405/405/405 401/401/401 406/406/406
f 406/406/406 401/401/401 407/407/407
f 407/407/407 404/404/404 408/408/408
f 409/409/409 411/411/411 410/410/410
f 411/411/411 409/409/409 412/412/412
f 411/411/411 413/413/413 410/410/410
f 414/414/414 412/412/412 409/409/409
f 412/412/412 414/414/414 415/415/415
f 416/416/416 415/415/415 414/414/414
f 415/415/415 416/416/416 413/413/413
f 410/410/410 413/413/413 416/416/416
f 417/417/417 418/418/418 411/411/411
f 411/411/411 412/412/412 417/417/417
f 418/418/418 419/419/419 413/413/413
f 413/413/413 411/411/411 418/418/418
f 420/420/420 417/417/417 412/412/412
f 412/412/412 415/415/415 420/420/420
f 419/419/419 420/420/420 415/415/415
f 415/415/415 413/413/413 419/419/419
f 421/421/421 422/422/422 418/418/418
f 418/418/418 417/417/417 421/421/421
f 422/422/422 423/423/423 419/419/419
f 419/419/419 418/418/418 422/422/422
f 424/424/424 421/421/421 417/417/417
f 417/417/417 420/420/420 424/424/424
f 423/423/423 424/424/424 420/420/420
f 420/420/420 419/419/419 423/423/423
f 425/425/425 426/426/426 422/422/422
f 422/422/422 421/421/421 425/425/425
f 426/426/426 427/427/427 423/423/423
f 423/423/423 422/422/422 426/426/426
f 428/428/428 425/425/425 421/421/421
f 421/421/421 424/424/424 428/428/428
f 427/427/427 428/428/428 424/424/424
f 424/424/424 423/423/423 427/427/427
f 425/425/425 427/427/427 426/426/426
f 427/427/427 425/425/425 428/428/428
f 429/429/429 431/431/431 430/430/430
f 430/430/430 432/432/432 429/429/429
f 433/433/433 435/435/435 434/434/434
f 434/434/434 436/436/436 433/433/433
f 435/435/435 438/438/438 437/437/437
f 437/437/437 434/434/434 435/435/435
f 438/438/438 439/439/439 414/414/414
f 414/414/414 437/437/437 438/438/438
f 439/439/439 433/433/433 436/436/436
f 436/436/436 414/414/414 439/439/439
f 433/433/433 439/439/439 431/431/431
f 431/431/431 429/429/429 433/433/433
f 439/439/439 438/438/438 430/430/430
f 430/430/430 431/431/431 439/439/439
f 438/438/438 435/435/435 432/432/432
f 432/432/432 430/430/430 438/438/438
f 435/435/435 433/433/433 429/429/429
f 429/429/429 432/432/432 435/435/435
f 384/384/384 389/389/389 385/385/385
f 392/392/392 389/389/389 390/390/390
f 392/392/392 390/390/390 394/394/394
f 391/391/391 385/385/385 389/389/389
f 381/381/381 385/385/385 391/391/391
f 386/386/386 393/393/393 390/390/390
f 386/386/386 390/390/390 384/384/384
f 395/395/395 393/393/393 388/388/388
f 393/393/393 386/386/386 388/388/388
f 387/387/387 396/396/396 388/388/388
f 402/402/402 396/396/396 397/397/397
f 402/402/402 397/397/397 399/399/399
f 381/381/381 398/398/398 397/397/397
f 381/381/381 397/397/397 387/387/387
f 399/399/399 398/398/398 391/391/391
f 399/399/399 391/391/391 392/392/392
f 394/394/394 395/395/395 396/396/396
f 394/394/394 396/396/396 402/402/402
f 401/401/401 403/403/403 407/407/407
f 416/416/416 414/414/414 407/407/407
f 414/414/414 409/409/409 406/406/406
f 400/400/400 401/401/401 405/405/405
f 405/405/405 406/406/406 409/409/409
f 409/409/409 410/410/410 405/405/405
f 408/408/408 404/404/404 405/405/405
f 404/404/404 400/400/400 405/405/405
f 408/408/408 405/405/405 410/410/410
f 410/410/410 416/416/416 408/408/408
f 403/403/403 404/404/404 407/407/407
f 407/407/407 408/408/408 416/416/416
f 406/406/406 407/407/407 414/414/414
f 440/440/440 441/441/441 354/354/354
f 355/355/355 354/354/354 441/441/441
f 442/442/442 441/441/441 440/440/440
f 441/441/441 442/442/442 443/443/443
f 443/443/443 444/444/444 441/441/441
f 355/355/355 441/441/441 359/359/359
f 444/444/444 359/359/359 441/441/441
f 445/445/445 446/446/446 362/362/362
f 444/444/444 443/443/443 445/445/445
f 359/359/359 444/444/444 362/362/362
f 444/444/444 445/445/445 362/362/362
f 443/443/443 442/442/442 447/447/447
f 447/447/447 448/448/448 443/443/443
f 445/445/445 443/443/443 448/448/448
f 365/365/365 446/446/446 449/449/449
f 446/446/446 365/365/365 362/362/362
f 367/367/367 449/449/449 450/450/450
f 449/449/449 367/367/367 365/365/365
f 451/451/451 453/453/453 452/452/452
f 453/453/453 451/451/451 454/454/454
f 455/455/455 456/456/456 452/452/452
f 455/455/455 452/452/452 453/453/453
f 457/457/457 452/452/452 458/458/458
f 452/452/452 457/457/457 451/451/451
f 459/459/459 454/454/454 460/460/460
f 454/454/454 459/459/459 453/453/453
f 460/460/460 451/451/451 457/457/457
f 451/451/451 460/460/460 454/454/454
f 458/458/458 456/456/456 461/461/461
f 456/456/456 458/458/458 452/452/452
f 455/455/455 453/453/453 462/462/462
f 459/459/459 462/462/462 453/453/453
f 461/461/461 455/455/455 462/462/462
f 455/455/455 461/461/461 456/456/456
f 458/458/458 460/460/460 457/457/457
f 458/458/458 459/459/459 460/460/460
f 461/461/461 459/459/459 458/458/458
f 461/461/461 462/462/462 459/459/459
f 463/463/463 465/465/465 464/464/464
f 464/464/464 466/466/466 463/463/463
f 467/467/467 465/465/465 468/468/468
f 467/467/467 464/464/464 465/465/465
f 469/469/469 470/470/470 465/465/465
f 465/465/465 463/463/463 469/469/469
f 471/471/471 472/472/472 466/466/466
f 466/466/466 464/464/464 471/471/471
f 472/472/472 469/469/469 463/463/463
f 463/463/463 466/466/466 472/472/472
f 470/470/470 473/473/473 468/468/468
f 468/468/468 465/465/465 470/470/470
f 467/467/467 474/474/474 464/464/464
f 471/471/471 464/464/464 474/474/474
f 473/473/473 474/474/474 467/467/467
f 467/467/467 468/468/468 473/473/473
f 470/470/470 469/469/469 472/472/472
f 470/470/470 472/472/472 471/471/471
f 473/473/473 470/470/470 471/471/471
f 473/473/473 471/471/471 474/474/474
f 475/475/475 477/477/477 476/476/476
f 478/478/478 480/480/480 479/479/479
f 481/481/481 483/483/483 482/482/482
f 484/484/484 486/486/486 485/485/485
f 487/487/487 489/489/489 488/488/488
f 490/490/490 492/492/492 491/491/491
f 493/493/493 495/495/495 494/494/494
f 496/496/496 498/498/498 497/497/497
f 499/499/499 501/501/501 500/500/500
f 502/502/502 504/504/504 503/503/503
f 505/505/505 507/507/507 506/506/506
f 508/508/508 510/510/510 509/509/509
f 511/511/511 513/513/513 512/512/512
f 513/513/513 511/511/511 514/514/514
f 514/514/514 515/515/515 513/513/513
f 515/515/515 514/514/514 516/516/516
f 516/516/516 517/517/517 515/515/515
f 518/518/518 520/520/520 519/519/519
f 520/520/520 518/518/518 521/521/521
f 519/519/519 523/523/523 522/522/522
f 523/523/523 519/519/519 520/520/520
f 517/517/517 522/522/522 523/523/523
f 524/524/524 526/526/526 525/525/525
f 527/527/527 529/529/529 528/528/528
f 529/529/529 527/527/527 530/530/530
f 530/530/530 531/531/531 529/529/529
f 531/531/531 530/530/530 532/532/532
f 532/532/532 533/533/533 531/531/531
f 534/534/534 536/536/536 535/535/535
f 536/536/536 534/534/534 537/537/537
f 535/535/535 539/539/539 538/538/538
f 539/539/539 535/535/535 536/536/536
f 533/533/533 538/538/538 539/539/539
f 540/540/540 542/542/542 541/541/541
f 543/543/543 545/545/545 544/544/544
f 545/545/545 543/543/543 546/546/546
f 546/546/546 547/547/547 545/545/545
f 547/547/547 546/546/546 548/548/548
f 548/548/548 549/549/549 547/547/547
f 550/550/550 552/552/552 551/551/551
f 552/552/552 550/550/550 553/553/553
f 551/551/551 555/555/555 554/554/554
f 555/555/555 551/551/551 552/552/552
f 549/549/549 554/554/554 555/555/555
f 556/556/556 558/558/558 557/557/557
f 559/559/559 561/561/561 560/560/560
f 560/560/560 562/562/562 559/559/559
f 562/562/562 560/560/560 563/563/563
f 563/563/563 564/564/564 562/562/562
f 564/564/564 563/563/563 565/565/565
f 566/566/566 568/568/568 567/567/567
f 567/567/567 569/569/569 566/566/566
f 568/568/568 571/571/571 570/570/570
f 570/570/570 567/567/567 568/568/568
f 565/565/565 570/570/570 571/571/571
f 572/572/572 574/574/574 573/573/573
f 575/575/575 577/577/577 576/576/576
f 576/576/576 578/578/578 575/575/575
f 578/578/578 576/576/576 579/579/579
f 579/579/579 580/580/580 578/578/578
f 580/580/580 579/579/579 581/581/581
f 582/582/582 584/584/584 583/583/583
f 583/583/583 585/585/585 582/582/582
f 584/584/584 587/587/587 586/586/586
f 586/586/586 583/583/583 584/584/584
f 581/581/581 586/586/586 587/587/587
f 588/588/588 590/590/590 589/589/589
f 591/591/591 593/593/593 592/592/592
f 592/592/592 594/594/594 591/591/591
f 594/594/594 592/592/592 595/595/595
f 595/595/595 596/596/596 594/594/594
f 596/596/596 595/595/595 597/597/597
f 598/598/598 600/600/600 599/599/599
f 599/599/599 601/601/601 598/598/598
f 600/600/600 603/603/603 602/602/602
f 602/602/602 599/599/599 600/600/600
f 597/597/597 602/602/602 603/603/603
f 604/604/604 606/606/606 605/605/605
f 607/607/607 609/609/609 608/608/608
f 608/608/608 610/610/610 607/607/607
f 610/610/610 608/608/608 611/611/611
f 611/611/611 612/612/612 610/610/610
f 612/612/612 611/611/611 613/613/613
f 614/614/614 616/616/616 615/615/615
f 615/615/615 617/617/617 614/614/614
f 616/616/616 619/619/619 618/618/618
f 618/618/618 615/615/615 616/616/616
f 613/613/613 618/618/618 619/619/619
f 613/613/613 611/611/611 618/618/618
f 611/611/611 608/608/608 615/615/615
f 615/615/615 618/618/618 611/611/611
f 608/608/608 609/609/609 617/617/617
f 617/617/617 615/615/615 608/608/608
f 620/620/620 622/622/622 621/621/621
f 621/621/621 623/623/623 620/620/620
f 623/623/623 621/621/621 624/624/624
f 624/624/624 625/625/625 623/623/623
f 625/625/625 624/624/624 626/626/626
f 627/627/627 629/629/629 628/628/628
f 628/628/628 630/630/630 627/627/627
f 629/629/629 632/632/632 631/631/631
f 631/631/631 628/628/628 629/629/629
f 626/626/626 631/631/631 632/632/632
f 626/626/626 624/624/624 631/631/631
f 624/624/624 621/621/621 628/628/628
f 628/628/628 631/631/631 624/624/624
f 621/621/621 622/622/622 630/630/630
f 630/630/630 628/628/628 621/621/621
f 633/633/633 635/635/635 634/634/634
f 634/634/634 636/636/636 633/633/633
f 636/636/636 634/634/634 637/637/637
f 637/637/637 638/638/638 636/636/636
f 638/638/638 637/637/637 639/639/639
f 640/640/640 642/642/642 641/641/641
f 641/641/641 643/643/643 640/640/640
f 642/642/642 645/645/645 644/644/644
f 644/644/644 641/641/641 642/642/642
f 639/639/639 644/644/644 645/645/645
f 639/639/639 637/637/637 644/644/644
f 637/637/637 634/634/634 641/641/641
f 641/641/641 644/644/644 637/637/637
f 634/634/634 635/635/635 643/643/643
f 643/643/643 641/641/641 634/634/634
f 646/646/646 648/648/648 647/647/647
f 649/649/649 651/651/651 650/650/650
f 649/649/649 650/650/650 652/652/652
f 653/653/653 655/655/655 654/654/654
f 656/656/656 658/658/658 657/657/657
f 659/659/659 661/661/661 660/660/660
f 662/662/662 664/664/664 663/663/663
f 662/662/662 663/663/663 665/665/665
f 666/666/666 668/668/668 667/667/667
f 669/669/669 671/671/671 670/670/670
f 672/672/672 674/674/674 673/673/673
f 675/675/675 677/677/677 676/676/676
f 678/678/678 680/680/680 679/679/679
f 678/678/678 679/679/679 681/681/681
f 682/682/682 684/684/684 683/683/683
f 685/685/685 687/687/687 686/686/686
f 686/686/686 688/688/688 685/685/685
f 688/688/688 686/686/686 689/689/689
f 689/689/689 690/690/690 688/688/688
f 690/690/690 689/689/689 691/691/691
f 692/692/692 694/694/694 693/693/693
f 693/693/693 695/695/695 692/692/692
f 694/694/694 697/697/697 696/696/696
f 696/696/696 693/693/693 694/694/694
f 691/691/691 696/696/696 697/697/697
f 691/691/691 689/689/689 696/696/696
f 689/689/689 686/686/686 693/693/693
f 693/693/693 696/696/696 689/689/689
f 686/686/686 687/687/687 695/695/695
f 695/695/695 693/693/693 686/686/686
f 698/698/698 700/700/700 699/699/699
f 701/701/701 703/703/703 702/702/702
f 704/704/704 706/706/706 705/705/705
f 707/707/707 709/709/709 708/708/708
f 707/707/707 708/708/708 710/710/710
f 711/711/711 713/713/713 712/712/712
f 714/714/714 716/716/716 715/715/715
f 717/717/717 719/719/719 718/718/718
f 719/719/719 717/717/717 720/720/720
f 720/720/720 721/721/721 719/719/719
f 721/721/721 720/720/720 722/722/722
f 722/722/722 723/723/723 721/721/721
f 724/724/724 726/726/726 725/725/725
f 726/726/726 724/724/724 727/727/727
f 725/725/725 729/729/729 728/728/728
f 729/729/729 725/725/725 726/726/726
f 723/723/723 728/728/728 729/729/729
f 723/723/723 729/729/729 721/721/721
f 721/721/721 726/726/726 719/719/719
f 726/726/726 721/721/721 729/729/729
f 719/719/719 727/727/727 718/718/718
f 727/727/727 719/719/719 726/726/726
f 730/730/730 732/732/732 731/731/731
f 732/732/732 730/730/730 733/733/733
f 733/733/733 734/734/734 732/732/732
f 734/734/734 733/733/733 735/735/735
f 735/735/735 736/736/736 734/734/734
f 737/737/737 739/739/739 738/738/738
f 739/739/739 737/737/737 740/740/740
f 738/738/738 742/742/742 741/741/741
f 742/742/742 738/738/738 739/739/739
f 736/736/736 741/741/741 742/742/742
f 736/736/736 742/742/742 734/734/734
f 734/734/734 739/739/739 732/732/732
f 739/739/739 734/734/734 742/742/742
f 732/732/732 740/740/740 731/731/731
f 740/740/740 732/732/732 739/739/739
f 743/743/743 745/745/745 744/744/744
f 745/745/745 743/743/743 746/746/746
f 746/746/746 747/747/747 745/745/745
f 747/747/747 746/746/746 748/748/748
f 748/748/748 749/749/749 747/747/747
f 750/750/750 752/752/752 751/751/751
f 752/752/752 750/750/750 753/753/753
f 751/751/751 755/755/755 754/754/754
f 755/755/755 751/751/751 752/752/752
f 749/749/749 754/754/754 755/755/755
f 749/749/749 755/755/755 747/747/747
f 747/747/747 752/752/752 745/745/745
f 752/752/752 747/747/747 755/755/755
f 745/745/745 753/753/753 744/744/744
f 753/753/753 745/745/745 752/752/752
f 756/756/756 758/758/758 757/757/757
f 759/759/759 761/761/761 760/760/760
f 759/759/759 762/762/762 761/761/761
f 763/763/763 765/765/765 764/764/764
f 766/766/766 768/768/768 767/767/767
f 769/769/769 771/771/771 770/770/770
f 772/772/772 774/774/774 773/773/773
f 772/772/772 775/775/775 774/774/774
f 776/776/776 778/778/778 777/777/777
f 779/779/779 781/781/781 780/780/780
f 782/782/782 784/784/784 783/783/783
f 785/785/785 787/787/787 786/786/786
f 788/788/788 790/790/790 789/789/789
f 788/788/788 791/791/791 790/790/790
f 792/792/792 794/794/794 793/793/793
f 795/795/795 797/797/797 796/796/796
f 797/797/797 795/795/795 798/798/798
f 798/798/798 799/799/799 797/797/797
f 799/799/799 798/798/798 800/800/800
f 800/800/800 801/801/801 799/799/799
f 802/802/802 804/804/804 803/803/803
f 804/804/804 802/802/802 805/805/805
f 803/803/803 807/807/807 806/806/806
f 807/807/807 803/803/803 804/804/804
f 801/801/801 806/806/806 807/807/807
f 801/801/801 807/807/807 799/799/799
f 799/799/799 804/804/804 797/797/797
f 804/804/804 799/799/799 807/807/807
f 797/797/797 805/805/805 796/796/796
f 805/805/805 797/797/797 804/804/804
f 808/808/808 810/810/810 809/809/809
f 811/811/811 813/813/813 812/812/812
f 814/814/814 816/816/816 815/815/815
f 817/817/817 819/819/819 818/818/818
f 817/817/817 820/820/820 819/819/819
f 821/821/821 823/823/823 822/822/822
f 824/824/824 826/826/826 825/825/825
f 827/827/827 829/829/829 828/828/828
f 829/829/829 827/827/827 830/830/830
f 830/830/830 831/831/831 829/829/829
f 831/831/831 830/830/830 832/832/832
f 832/832/832 833/833/833 831/831/831
f 834/834/834 836/836/836 835/835/835
f 836/836/836 834/834/834 837/837/837
f 835/835/835 839/839/839 838/838/838
f 839/839/839 835/835/835 836/836/836
f 833/833/833 838/838/838 839/839/839
f 827/827/827 837/837/837 834/834/834
f 827/827/827 835/835/835 830/830/830
f 827/827/827 834/834/834 835/835/835
f 830/830/830 838/838/838 832/832/832
f 830/830/830 835/835/835 838/838/838
f 832/832/832 838/838/838 833/833/833
f 840/840/840 842/842/842 841/841/841
f 841/841/841 843/843/843 840/840/840
f 843/843/843 841/841/841 844/844/844
f 844/844/844 845/845/845 843/843/843
f 845/845/845 844/844/844 846/846/846
f 847/847/847 849/849/849 848/848/848
f 848/848/848 850/850/850 847/847/847
f 849/849/849 852/852/852 851/851/851
f 851/851/851 848/848/848 849/849/849
f 846/846/846 851/851/851 852/852/852
f 840/840/840 847/847/847 850/850/850
f 840/840/840 843/843/843 849/849/849
f 840/840/840 849/849/849 847/847/847
f 843/843/843 845/845/845 852/852/852
f 843/843/843 852/852/852 849/849/849
f 845/845/845 846/846/846 852/852/852

g devilhair
# texture: devilhair.tga
v 59.14939 152.0361 42.82034
v 35.03766 152.4708 4.831272
v 17.7331 150.8583 41.99567
v 12.60449 157.5801 37.10878
v 0.222744 161.2318 -11.08631
v 0.222888 163.1909 34.65999
v -34.59213 152.4707 4.831528
v -12.15871 157.5801 37.1089
v -62.9991 151.2009 42.23615
v -17.2873 150.8583 41.9958
v -34.59188 118.9138 52.77672
v -12.15859 144.1453 47.9535
v 0.223031 111.4148 57.55309
v 0.22301 140.2039 50.26949
v 12.60451 144.1454 47.95338
v 35.03792 118.9138 52.77647
v 6.83139 151.2972 33.75079
v 9.785497 147.5086 39.16148
v 32.02679 156.2825 45.30496
v 19.60377 176.8979 33.75877
v 0.17848 156.573 22.97039
v -0.300542 192.871 22.8954
v -20.20462 176.8978 33.75891
v -7.432208 151.2972 33.7508
v -32.62749 156.2824 45.30512
v -10.3863 147.5086 39.1616
v -7.432198 143.72 44.5723
v -15.85049 138.4516 53.59441
v -0.300278 130.003 58.37309
v -0.300393 137.4323 48.56029
v 6.831504 143.72 44.57229
v 15.24982 138.4516 53.59428
v -17.49268 110.9655 43.57541
v 0.156126 101.8713 46.44199
v -18.95249 138.4422 45.58261
v 0.156011 133.7163 46.88779
v 19.2645 138.4422 45.58258
v 17.80482 110.9656 43.57528
v 31.98973 122.3266 87.70351
v 44.15409 118.1976 96.70842
v 30.50241 110.9413 63.19082
v 41.44324 110.5174 66.08124
v 42.80416 98.95798 65.06172
v 50.18273 104.9708 90.39626
v -31.55169 81.26379 83.43686
v -22.15672 87.4776 91.19251
v -37.47814 91.53606 58.60226
v -33.83806 98.26675 62.60046
v -26.15172 100.2087 57.25237
v -15.1305 93.58022 81.38367
v 10.05789 148.7784 28.02199
v 14.356 142.8268 36.52188
v 46.71579 160.9507 36.39115
v 34.43285 179.598 12.99787
v 0.378167 157.6885 11.52239
v -0.318759 190.8593 -0.122589
v -35.07014 179.598 12.99812
v -10.69502 148.7784 28.022
v -47.35291 160.9506 36.39143
v -14.993 142.8267 36.5219
v -10.69489 136.8751 45.0218
v -22.94307 128.3116 58.99381
v -0.31836 116.4363 67.47899
v -0.318482 127.9545 51.95679
v 10.05791 136.8751 45.02168
v 22.30622 128.3116 58.99367
v 35.05564 122.5859 81.58054
v 47.16475 119.823 85.72229
v 30.20153 108.7758 60.90614
v 40.67564 109.0791 62.209
v 41.05209 98.1445 62.64581
v 51.11865 107.1993 84.04942
v -35.83749 87.10876 82.60199
v -28.77367 96.03957 87.53753
v -37.76986 91.68425 57.2678
v -34.59338 98.94913 60.67379
v -26.44452 100.3489 55.86958
v -19.41787 99.41766 80.49931
vn -0.0347 0.798798 0.600598
vn 0.294794 0.946882 0.128497
vn 0.269515 0.73174 0.626034
vn 0.441611 0.891424 0.101702
vn -0 0.999899 -0.0142
vn -0.000001 0.999084 -0.042799
vn -0.301508 0.944324 0.131704
vn -0.441612 0.891423 0.101703
vn 0.0092 0.799414 0.60071
vn -0.2798 0.729699 0.6239
vn -0.140604 0.350012 0.926133
vn -0.177501 0.324704 0.929011
vn 0.000001 0.249706 0.968322
vn 0.000001 0.245287 0.969451
vn 0.177503 0.324704 0.92901
vn 0.133903 0.347107 0.928217
vn -0.541122 0.408016 0.73533
vn -0.433901 0.738002 0.516802
vn -0.427089 0.603784 0.673083
vn -0.55873 0.19481 0.806145
vn -0.0113 0.22521 0.974245
vn -0.004399 0.002 0.999988
vn 0.544217 0.193506 0.816323
vn 0.530405 0.402304 0.746206
vn 0.427089 0.603784 0.673082
vn 0.433901 0.738002 0.516801
vn 0.334307 0.752216 0.567812
vn 0.276003 0.695306 0.663605
vn 0 0.77999 0.625792
vn 0 0.797292 0.603594
vn -0.334307 0.752216 0.567812
vn -0.276002 0.695306 0.663606
vn -0.200798 -0.082 0.976195
vn 0.000001 -0.048601 0.998818
vn -0.136593 -0.048098 0.989459
vn 0.000001 -0.014 0.999902
vn 0.136595 -0.048098 0.989459
vn 0.2008 -0.081999 0.976195
vn 0.537748 0.751732 -0.381742
vn 0.677936 0.666264 -0.310636
vn 0.331197 0.885269 -0.326508
vn 0.687372 0.687819 -0.233294
vn 0.910563 0.334813 -0.242434
vn 0.777817 0.521773 -0.350363
vn -0.713231 0.571057 0.406443
vn -0.518305 0.734294 0.438374
vn -0.809375 0.399779 0.43022
vn -0.52806 0.700467 0.480103
vn -0.129784 0.923268 0.36157
vn -0.264338 0.892332 0.36588
vn -0.393782 0.647571 0.652371
vn -0.420209 0.753916 0.505011
vn -0.375995 0.70809 0.597692
vn -0.360009 0.544014 0.75792
vn -0.0067 0.533112 0.846018
vn -0.001999 0.331187 0.943563
vn 0.350795 0.543791 0.762387
vn 0.386791 0.645185 0.658884
vn 0.375995 0.708091 0.597692
vn 0.420209 0.753916 0.50501
vn 0.303992 0.77108 0.559485
vn 0.230605 0.726415 0.647413
vn 0 0.79053 0.612423
vn 0 0.803073 0.59588
vn -0.303992 0.77108 0.559486
vn -0.230604 0.726414 0.647413
vn 0.363886 0.732847 -0.57491
vn 0.628156 0.578276 -0.520593
vn 0.199263 0.837388 -0.508995
vn 0.647822 0.609349 -0.457188
vn 0.899258 0.173699 -0.401452
vn 0.799085 0.317867 -0.510317
vn -0.815627 0.555291 0.162495
vn -0.590597 0.787023 0.1783
vn -0.880362 0.430191 0.199747
vn -0.608051 0.764371 0.214502
vn -0.179128 0.976514 0.119725
vn -0.262482 0.958514 0.111151
vt 0.9951 0.9778
vt 0.4969 0.9778
vt 0.995 0.0198
vt 0.4967 0.0198
vt 0.0042 0.9778
vt 0.0042 0.0198
vt 0.4968 0.9778
vt 0.4966 0.0198
vt 0.995 0.9778
vt 0.995 0.0198
vt 0.4968 0.9778
vt 0.4966 0.0198
vt 0.0042 0.9778
vt 0.0042 0.0198
vt 0.4967 0.0198
vt 0.4969 0.9778
vt 0.4967 0.0198
vt 0.995 0.0198
vt 0.9951 0.9778
vt 0.4969 0.9778
vt 0.0042 0.0198
vt 0.0042 0.9778
vt 0.4968 0.9778
vt 0.4966 0.0198
vt 0.995 0.9778
vt 0.995 0.0198
vt 0.4966 0.0198
vt 0.4968 0.9778
vt 0.0042 0.9778
vt 0.0042 0.0198
vt 0.4967 0.0198
vt 0.4969 0.9778
vt 0.4968 0.9778
vt 0.0042 0.9778
vt 0.4966 0.0198
vt 0.0042 0.0198
vt 0.4967 0.0198
vt 0.4969 0.9778
vt 0.4968 0.9778
vt 0.0042 0.9778
vt 0.4966 0.0198
vt 0.0042 0.0198
vt 0.4967 0.0198
vt 0.4969 0.9778
vt 0.4968 0.9778
vt 0.0042 0.9778
vt 0.4966 0.0198
vt 0.0042 0.0198
vt 0.4967 0.0198
vt 0.4969 0.9778
vt 0.4967 0.0198
vt 0.995 0.0198
vt 0.9951 0.9778
vt 0.4969 0.9778
vt 0.0042 0.0198
vt 0.0042 0.9778
vt 0.4968 0.9778
vt 0.4966 0.0198
vt 0.995 0.9778
vt 0.995 0.0198
vt 0.4966 0.0198
vt 0.4968 0.9778
vt 0.0042 0.9778
vt 0.0042 0.0198
vt 0.4967 0.0198
vt 0.4969 0.9778
vt 0.4968 0.9778
vt 0.0042 0.9778
vt 0.4966 0.0198
vt 0.0042 0.0198
vt 0.4967 0.0198
vt 0.4969 0.9778
vt 0.4968 0.9778
vt 0.0042 0.9778
vt 0.4966 0.0198
vt 0.0042 0.0198
vt 0.4967 0.0198
vt 0.4969 0.9778
f 853/853/853 855/855/855 854/854/854
f 855/855/855 856/856/856 854/854/854
f 856/856/856 858/858/858 857/857/857
f 856/856/856 857/857/857 854/854/854
f 857/857/857 860/860/860 859/859/859
f 858/858/858 860/860/860 857/857/857
f 859/859/859 862/862/862 861/861/861
f 860/860/860 862/862/862 859/859/859
f 861/861/861 862/862/862 863/863/863
f 862/862/862 864/864/864 863/863/863
f 863/863/863 864/864/864 865/865/865
f 864/864/864 866/866/866 865/865/865
f 865/865/865 866/866/866 867/867/867
f 865/865/865 867/867/867 868/868/868
f 868/868/868 855/855/855 853/853/853
f 867/867/867 855/855/855 868/868/868
f 869/869/869 871/871/871 870/870/870
f 872/872/872 871/871/871 869/869/869
f 873/873/873 872/872/872 869/869/869
f 874/874/874 872/872/872 873/873/873
f 875/875/875 874/874/874 873/873/873
f 875/875/875 873/873/873 876/876/876
f 877/877/877 875/875/875 876/876/876
f 877/877/877 876/876/876 878/878/878
f 879/879/879 877/877/877 878/878/878
f 880/880/880 877/877/877 879/879/879
f 881/881/881 880/880/880 879/879/879
f 881/881/881 879/879/879 882/882/882
f 883/883/883 881/881/881 882/882/882
f 884/884/884 881/881/881 883/883/883
f 871/871/871 884/884/884 883/883/883
f 871/871/871 883/883/883 870/870/870
f 885/885/885 887/887/887 886/886/886
f 887/887/887 888/888/888 886/886/886
f 886/886/886 888/888/888 889/889/889
f 886/886/886 889/889/889 890/890/890
f 891/891/891 893/893/893 892/892/892
f 893/893/893 894/894/894 892/892/892
f 892/892/892 894/894/894 895/895/895
f 892/892/892 895/895/895 896/896/896
f 897/897/897 899/899/899 898/898/898
f 899/899/899 900/900/900 898/898/898
f 898/898/898 900/900/900 901/901/901
f 898/898/898 901/901/901 902/902/902
f 903/903/903 905/905/905 904/904/904
f 906/906/906 905/905/905 903/903/903
f 907/907/907 906/906/906 903/903/903
f 908/908/908 906/906/906 907/907/907
f 909/909/909 908/908/908 907/907/907
f 909/909/909 907/907/907 910/910/910
f 911/911/911 909/909/909 910/910/910
f 911/911/911 910/910/910 912/912/912
f 913/913/913 911/911/911 912/912/912
f 914/914/914 911/911/911 913/913/913
f 915/915/915 914/914/914 913/913/913
f 915/915/915 913/913/913 916/916/916
f 917/917/917 915/915/915 916/916/916
f 918/918/918 915/915/915 917/917/917
f 905/905/905 918/918/918 917/917/917
f 905/905/905 917/917/917 904/904/904
f 919/919/919 921/921/921 920/920/920
f 921/921/921 922/922/922 920/920/920
f 920/920/920 922/922/922 923/923/923
f 920/920/920 923/923/923 924/924/924
f 925/925/925 927/927/927 926/926/926
f 927/927/927 928/928/928 926/926/926
f 926/926/926 928/928/928 929/929/929
f 926/926/926 929/929/929 930/930/930

g devilwing
# texture: devilwing.jpg
v 4.6387 147.8954 6.337337
v 5.630512 152.8926 15.67338
v 14.5789 172.1212 6.111244
v 20.86106 170.6059 1.236119
v 13.35863 143.5522 8.077898
v 16.6959 176.5789 3.886915
v 19.4518 136.9592 -37.49634
v 21.15288 172.2433 -4.312481
v 62.3761 166.6618 -46.70565
v 10.93116 143.8267 -1.009981
v 19.03264 166.5746 -2.804651
v 17.69302 148.5525 -12.82825
v 0.150775 149.723 16.7795
v 0.150773 136.0361 6.615095
v 0.15077 151.4061 11.7699
v 14.82899 171.6063 -2.620684
v 32.43576 228.5789 3.920622
v 34.29897 233.3335 -1.045749
v 40.77951 248.171 -2.895729
v 40.36778 251.2363 2.586648
v 84.19902 273.1781 0.612654
v 83.91162 276.1238 -0.514096
v 83.85516 274.0451 1.77012
v 44.58286 248.3508 4.225547
v 145.6516 281.504 12.91978
v 150.5962 230.0453 -20.53847
v 134.6892 269.5631 13.71323
v 134.6892 269.5631 13.71323
v 83.85516 274.0451 1.77012
v 150.5962 230.0453 -20.53847
v 145.6516 281.504 12.91978
v 41.96139 243.0854 -5.100769
v 82.46713 240.9444 -16.74584
v 83.17805 243.8826 -15.37559
v 82.53334 240.7114 -15.2774
v 124.2834 192.1046 -45.89517
v 135.0538 225.648 -24.32677
v 135.0538 225.648 -24.32677
v 82.53334 240.7114 -15.2774
v 124.2834 192.1046 -45.89517
v 83.17805 243.8826 -15.37559
v 44.58286 248.3508 4.225547
v 39.43504 236.9733 -5.05142
v 69.70605 218.8847 -31.4062
v 71.06387 221.265 -31.0615
v 70.16699 218.9686 -29.9934
v 79.46439 166.1372 -48.81425
v 106.4677 190.5631 -44.21579
v 106.4677 190.5631 -44.21579
v 70.16699 218.9686 -29.9934
v 79.46439 166.1372 -48.81425
v 50.66189 207.2345 -30.72191
v 52.74848 208.923 -31.04993
v 51.73548 207.34 -29.61898
v 52.74848 208.923 -31.04993
v 43.17889 236.4103 1.906459
v 32.56025 240.6945 6.415367
v 39.39421 241.6345 5.26167
v 27.97153 244.6757 11.62375
v 29.72271 248.8404 12.44172
v 35.68409 248.5963 5.39069
v 36.7382 241.9494 -0.699666
v 25.5057 247.9512 9.899329
v 23.85068 249.5668 21.20591
v 71.06387 221.265 -31.0615
v 45.94798 242.1759 1.595964
v 36.81059 231.5201 2.122043
v 62.3761 166.6618 -46.70565
v 51.73548 207.34 -29.61898
v 43.17889 236.4103 1.906459
v 45.94798 242.1759 1.595964
v 37.06337 235.4454 5.956848
v 17.69302 148.5525 -12.82825
v 19.4518 136.9592 -37.49634
v 20.86106 170.6059 1.236119
v 36.81059 231.5201 2.122043
v 13.35863 143.5522 8.077898
v 10.93116 143.8267 -1.009981
v 0.150773 136.0361 6.615095
v -4.603239 147.5322 6.495094
v -14.5437 171.7579 6.269045
v -5.595221 152.5293 15.83123
v -20.59845 170.478 1.179754
v -13.32317 143.189 8.235499
v -16.66065 176.2155 4.044651
v -19.52321 136.3871 -37.53677
v -62.17698 166.4403 -46.53428
v -21.11745 171.8801 -4.154823
v -10.8955 143.4636 -0.852472
v -17.79636 147.9973 -12.87416
v -18.99722 166.2114 -2.646984
v -14.79357 171.2431 -2.462858
v -32.25532 228.3136 4.056952
v -34.11848 233.0683 -0.909409
v -40.59912 247.9057 -2.759562
v -83.90712 273.1445 0.5279
v -40.18739 250.971 2.722807
v -83.61974 276.0941 -0.600249
v -83.56287 274.0126 1.686841
v -44.40245 248.0855 4.361723
v -145.3598 281.4757 12.8329
v -148.0539 230.566 -20.3116
v -134.3975 269.5204 13.63069
v -134.3975 269.5204 13.63069
v -148.0539 230.566 -20.3116
v -83.56287 274.0126 1.686841
v -145.3598 281.4757 12.8329
v -41.781 242.8201 -4.964589
v -82.17204 240.8689 -16.74882
v -82.88341 243.8092 -15.37755
v -82.23824 240.6356 -15.27927
v -123.1051 192.257 -45.52422
v -132.5103 226.1635 -24.10326
v -132.5103 226.1635 -24.10326
v -123.1051 192.257 -45.52422
v -82.23824 240.6356 -15.27927
v -82.88341 243.8092 -15.37755
v -44.40245 248.0855 4.361723
v -39.25465 236.708 -4.915232
v -69.61355 220.1636 -31.31889
v -70.97146 222.5441 -30.9741
v -70.07441 220.2475 -29.90598
v -79.26667 165.9168 -48.64273
v -105.2889 190.7147 -43.84501
v -105.2889 190.7147 -43.84501
v -79.26667 165.9168 -48.64273
v -70.07441 220.2475 -29.90598
v -50.46418 207.0142 -30.55039
v -52.55101 208.7028 -30.87856
v -51.53795 207.1197 -29.44729
v -52.55101 208.7028 -30.87856
v -42.99852 236.145 2.04275
v -32.37976 240.4291 6.551584
v -27.79099 244.4103 11.75999
v -39.21384 241.3692 5.39794
v -29.54222 248.575 12.57791
v -35.50361 248.3309 5.526895
v -25.3251 247.6858 10.03557
v -36.55779 241.6841 -0.563361
v -23.67009 249.3015 21.34224
v -70.97146 222.5441 -30.9741
v -45.76762 241.9106 1.732244
v -36.63022 231.2549 2.258327
v -62.17698 166.4403 -46.53428
v -51.53795 207.1197 -29.44729
v -42.99852 236.145 2.04275
v -45.76762 241.9106 1.732244
v -36.88288 235.18 6.093082
v -17.79636 147.9973 -12.87416
v -20.59845 170.478 1.179754
v -19.52321 136.3871 -37.53677
v -36.63022 231.2549 2.258327
v -13.32317 143.189 8.235499
v -10.8955 143.4636 -0.852472
vn -0.73049 0.564913 -0.383742
vn 0.055565 0.390358 0.918985
vn -0.620129 0.554874 0.554576
vn 0.530161 -0.400314 0.747447
vn 0.626602 -0.109058 0.771672
vn -0.444772 -0.59475 0.669665
vn -0.962966 0.198685 -0.182265
vn -0.714612 0.444698 -0.539975
vn -0.558767 0.149936 -0.815658
vn -0.517417 0.341166 -0.784784
vn -0.652429 0.11326 -0.749339
vn -0.970338 0.181268 -0.159959
vn 0.013901 0.65382 0.756523
vn -0.058302 0.054501 -0.99681
vn -0.0204 0.664083 -0.747381
vn -0.701147 0.304881 -0.644547
vn -0.314411 -0.436609 0.842923
vn -0.796616 0.130236 -0.59029
vn -0.716235 0.414764 -0.56123
vn -0.199332 0.945991 0.255671
vn -0.076869 0.654628 -0.752033
vn -0.190512 0.780147 -0.595882
vn -0.277256 0.586481 0.761032
vn 0.601606 0.290437 0.744121
vn 0.200093 0.105734 -0.974055
vn 0.157641 0.805977 -0.570571
vn 0.225851 0.70051 -0.676962
vn -0.21969 -0.710331 0.668704
vn 0.147597 -0.855421 0.496458
vn -0.140627 -0.740662 0.656996
vn -0.200868 0.247407 0.947862
vn -0.75792 0.274812 -0.591638
vn -0.111883 0.487014 -0.866199
vn 0.062145 0.831846 -0.551516
vn 0.288486 -0.029054 0.957043
vn -0.007712 0.443587 -0.896198
vn 0.052506 0.582426 -0.811187
vn -0.032751 -0.596136 0.802215
vn 0.153825 -0.520763 0.839728
vn 0.082681 -0.356555 0.930609
vn 0.151296 -0.625606 0.765328
vn 0.895431 -0.219251 0.387469
vn -0.8141 0.147009 -0.56181
vn -0.563386 -0.210092 -0.799036
vn 0.041881 0.601094 -0.79808
vn 0.593106 0.022466 0.804811
vn -0.715181 -0.131339 -0.686489
vn -0.534099 -0.344056 -0.772246
vn 0.550787 0.317327 0.77197
vn 0.629124 0.545741 0.553508
vn 0.814281 0.245892 0.525817
vn -0.469592 0.238896 -0.849948
vn -0.718671 -0.160801 -0.676502
vn 0.641317 -0.210063 0.737961
vn 0.90212 0.371616 0.219277
vn 0.898159 0.407758 -0.164451
vn -0.831404 -0.439062 0.340575
vn 0.398227 -0.080784 0.913723
vn -0.05928 -0.814279 0.577439
vn 0.570698 0.562803 0.597961
vn -0.234507 0.967782 -0.091674
vn -0.722116 0.21205 -0.65847
vn -0.831421 0.245883 -0.498277
vn -0.427157 -0.11593 0.896715
vn 0.270109 -0.419958 0.866416
vn 0.89981 -0.223651 0.374597
vn 0.514644 -0.483524 0.708058
vn 0.525505 -0.208918 0.824741
vn 0.666086 -0.121478 0.735917
vn 0.685327 -0.323345 0.652514
vn 0.747633 -0.266733 0.608192
vn 0.37531 -0.323595 0.868579
vn 0.854074 -0.48145 0.196888
vn 0.943068 -0.281623 0.176951
vn 0.870766 -0.31631 0.376452
vn 0.921735 0.104721 0.373415
vn 0.553962 -0.82677 0.097859
vn 0.188853 -0.97874 -0.080013
vn 0.001901 0.220497 0.975386
vn 0.711534 0.597603 -0.369581
vn 0.61766 0.554303 0.557893
vn -0.073698 0.381459 0.921444
vn -0.877691 0.230257 0.420286
vn -0.626288 -0.109502 0.771863
vn 0.432454 -0.626574 0.648373
vn 0.961848 0.196788 -0.190061
vn 0.572292 0.109556 -0.812699
vn 0.703713 0.420208 -0.5729
vn 0.478085 0.349953 -0.805585
vn 0.968737 0.169553 -0.181109
vn 0.607454 0.072072 -0.791079
vn 0.701107 0.304083 -0.644967
vn 0.328201 -0.438232 0.836802
vn 0.796527 0.127822 -0.590937
vn 0.717946 0.412986 -0.560354
vn 0.075954 0.649742 -0.756351
vn 0.204467 0.94402 0.258881
vn 0.190932 0.778956 -0.597305
vn 0.282291 0.584188 0.760944
vn -0.599698 0.290286 0.745719
vn -0.200005 0.105768 -0.974069
vn -0.156915 0.803252 -0.5746
vn -0.226601 0.697124 -0.680199
vn 0.220459 -0.706488 0.672512
vn 0.140024 -0.737342 0.660848
vn -0.147043 -0.851396 0.50349
vn 0.20087 0.247409 0.947861
vn 0.756399 0.280366 -0.590979
vn 0.10723 0.49441 -0.86259
vn -0.058913 0.828786 -0.556456
vn -0.28764 -0.028816 0.957305
vn -0.003953 0.444072 -0.895982
vn -0.050723 0.580118 -0.812951
vn 0.029794 -0.593791 0.804068
vn -0.072768 -0.360333 0.929981
vn -0.146752 -0.532736 0.833461
vn -0.154593 -0.61965 0.769503
vn -0.896468 -0.216705 0.386502
vn 0.80898 0.151611 -0.567949
vn 0.553876 -0.191335 -0.810316
vn -0.057356 0.617336 -0.784606
vn -0.595728 0.021906 0.802887
vn 0.702851 -0.100398 -0.704216
vn 0.552553 -0.346959 -0.757829
vn -0.568723 0.320697 0.757435
vn -0.805802 0.215814 0.551459
vn -0.622876 0.509042 0.594055
vn 0.470571 0.236465 -0.850087
vn 0.65973 -0.08039 -0.747191
vn -0.640409 -0.208746 0.739122
vn -0.898947 0.31361 0.305848
vn -0.931132 0.352158 -0.094753
vn 0.831405 -0.439061 0.340575
vn 0.059282 -0.814278 0.577441
vn -0.398225 -0.080782 0.913724
vn -0.570697 0.562804 0.597961
vn 0.234506 0.967782 -0.091676
vn 0.83142 0.245883 -0.49828
vn 0.722115 0.212049 -0.658472
vn 0.42719 -0.115983 0.896692
vn -0.247086 -0.452127 0.857047
vn -0.893918 -0.238842 0.379295
vn -0.514298 -0.483165 0.708554
vn -0.661191 -0.136952 0.737612
vn -0.706834 -0.081091 0.702716
vn -0.68557 -0.32304 0.652411
vn -0.748252 -0.266572 0.607502
vn -0.375308 -0.323593 0.86858
vn -0.833072 -0.504529 0.226808
vn -0.961457 -0.123172 0.245825
vn -0.947694 -0.295421 0.120839
vn -0.918816 0.099191 0.382018
vn -0.541241 -0.827342 0.150211
vn -0.175458 -0.98151 -0.076504
vt 0.095 0.4194
vt 0.1001 0.506
vt 0.2008 0.4957
vt 0.2132 0.4629
vt 0.0905 0.4012
vt 0.2241 0.4935
vt 0.2166 0.0248
vt 0.2279 0.4095
vt 0.4472 0.2111
vt 0.102 0.3456
vt 0.2013 0.4026
vt 0.1784 0.243
vt 0.0655 0.52
vt 0.0329 0.379
vt 0.0329 0.4993
vt 0.2132 0.4506
vt 0.3967 0.7633
vt 0.4189 0.7734
vt 0.4847 0.8364
vt 0.4864 0.8618
vt 0.6848 0.9396
vt 0.6846 0.9704
vt 0.6846 0.9405
vt 0.4857 0.8388
vt 0.9569 0.967
vt 0.8817 0.4714
vt 0.9085 0.8854
vt 0.9085 0.8854
vt 0.6846 0.9405
vt 0.8817 0.4714
vt 0.9569 0.967
vt 0.4872 0.7674
vt 0.6504 0.7072
vt 0.6587 0.753
vt 0.6505 0.7081
vt 0.6953 0.2041
vt 0.8113 0.4624
vt 0.8113 0.4624
vt 0.6505 0.7081
vt 0.6953 0.2041
vt 0.6587 0.753
vt 0.4857 0.8388
vt 0.4622 0.7194
vt 0.5623 0.5565
vt 0.5787 0.5836
vt 0.5627 0.5571
vt 0.5054 0.139
vt 0.6288 0.2581
vt 0.6288 0.2581
vt 0.5627 0.5571
vt 0.5054 0.139
vt 0.472 0.5111
vt 0.4867 0.5184
vt 0.4729 0.5127
vt 0.4867 0.5184
vt 0.4627 0.7306
vt 0.4294 0.8437
vt 0.454 0.8146
vt 0.4187 0.9023
vt 0.4342 0.9238
vt 0.4616 0.8753
vt 0.4548 0.8021
vt 0.4223 0.9228
vt 0.4059 0.9815
vt 0.5787 0.5836
vt 0.4878 0.7748
vt 0.4174 0.7668
vt 0.4472 0.2111
vt 0.4729 0.5127
vt 0.4627 0.7306
vt 0.4878 0.7748
vt 0.4274 0.7865
vt 0.1784 0.243
vt 0.2166 0.0248
vt 0.2132 0.4629
vt 0.4174 0.7668
vt 0.0905 0.4012
vt 0.102 0.3456
vt 0.0329 0.379
vt 0.095 0.4194
vt 0.2008 0.4957
vt 0.1001 0.506
vt 0.2132 0.4629
vt 0.0905 0.4012
vt 0.2241 0.4935
vt 0.2166 0.0248
vt 0.4472 0.2111
vt 0.2279 0.4095
vt 0.102 0.3456
vt 0.1784 0.243
vt 0.2013 0.4026
vt 0.2132 0.4506
vt 0.3967 0.7633
vt 0.4189 0.7734
vt 0.4847 0.8364
vt 0.6848 0.9396
vt 0.4864 0.8618
vt 0.6846 0.9704
vt 0.6846 0.9405
vt 0.4857 0.8388
vt 0.9569 0.967
vt 0.8817 0.4714
vt 0.9085 0.8854
vt 0.9085 0.8854
vt 0.8817 0.4714
vt 0.6846 0.9405
vt 0.9569 0.967
vt 0.4872 0.7674
vt 0.6504 0.7072
vt 0.6587 0.753
vt 0.6505 0.7081
vt 0.6953 0.2041
vt 0.8113 0.4624
vt 0.8113 0.4624
vt 0.6953 0.2041
vt 0.6505 0.7081
vt 0.6587 0.753
vt 0.4857 0.8388
vt 0.4622 0.7194
vt 0.5623 0.5565
vt 0.5787 0.5836
vt 0.5627 0.5571
vt 0.5054 0.139
vt 0.6288 0.2581
vt 0.6288 0.2581
vt 0.5054 0.139
vt 0.5627 0.5571
vt 0.472 0.5111
vt 0.4867 0.5184
vt 0.4729 0.5127
vt 0.4867 0.5184
vt 0.4627 0.7306
vt 0.4294 0.8437
vt 0.4187 0.9023
vt 0.454 0.8146
vt 0.4342 0.9238
vt 0.4616 0.8753
vt 0.4223 0.9228
vt 0.4548 0.8021
vt 0.4059 0.9815
vt 0.5787 0.5836
vt 0.4878 0.7748
vt 0.4174 0.7668
vt 0.4472 0.2111
vt 0.4729 0.5127
vt 0.4627 0.7306
vt 0.4878 0.7748
vt 0.4274 0.7865
vt 0.1784 0.243
vt 0.2132 0.4629
vt 0.2166 0.0248
vt 0.4174 0.7668
vt 0.0905 0.4012
vt 0.102 0.3456
f 931/931/931 933/933/933 932/932/932
f 932/932/932 933/933/933 934/934/934
f 932/932/932 934/934/934 935/935/935
f 933/933/933 936/936/936 934/934/934
f 937/937/937 939/939/939 938/938/938
f 940/940/940 942/942/942 941/941/941
f 935/935/935 943/943/943 932/932/932
f 931/931/931 945/945/945 944/944/944
f 945/945/945 931/931/931 932/932/932
f 932/932/932 943/943/943 945/945/945
f 944/944/944 940/940/940 931/931/931
f 936/936/936 933/933/933 946/946/946
f 938/938/938 941/941/941 937/937/937
f 941/941/941 942/942/942 937/937/937
f 946/946/946 940/940/940 941/941/941
f 946/946/946 941/941/941 938/938/938
f 947/947/947 936/936/936 946/946/946
f 946/946/946 948/948/948 947/947/947
f 948/948/948 946/946/946 938/938/938
f 946/946/946 931/931/931 940/940/940
f 946/946/946 933/933/933 931/931/931
f 949/949/949 951/951/951 950/950/950
f 951/951/951 952/952/952 950/950/950
f 950/950/950 952/952/952 953/953/953
f 950/950/950 953/953/953 954/954/954
f 951/951/951 955/955/955 952/952/952
f 952/952/952 955/955/955 953/953/953
f 956/956/956 957/957/957 951/951/951
f 951/951/951 957/957/957 955/955/955
f 958/958/958 960/960/960 959/959/959
f 959/959/959 961/961/961 958/958/958
f 962/962/962 963/963/963 949/949/949
f 963/963/963 964/964/964 949/949/949
f 963/963/963 956/956/956 964/964/964
f 964/964/964 956/956/956 965/965/965
f 966/966/966 967/967/967 963/963/963
f 963/963/963 967/967/967 956/956/956
f 968/968/968 970/970/970 969/969/969
f 969/969/969 960/960/960 968/968/968
f 951/951/951 949/949/949 964/964/964
f 956/956/956 951/951/951 964/964/964
f 959/959/959 960/960/960 971/971/971
f 972/972/972 959/959/959 971/971/971
f 973/973/973 974/974/974 962/962/962
f 974/974/974 975/975/975 962/962/962
f 974/974/974 966/966/966 975/975/975
f 975/975/975 966/966/966 976/976/976
f 977/977/977 978/978/978 974/974/974
f 974/974/974 978/978/978 966/966/966
f 979/979/979 981/981/981 980/980/980
f 980/980/980 970/970/970 979/979/979
f 948/948/948 982/982/982 973/973/973
f 982/982/982 983/983/983 973/973/973
f 982/982/982 977/977/977 983/983/983
f 983/983/983 977/977/977 984/984/984
f 974/974/974 973/973/973 983/983/983
f 977/977/977 974/974/974 983/983/983
f 980/980/980 981/981/981 985/985/985
f 986/986/986 980/980/980 985/985/985
f 966/966/966 963/963/963 975/975/975
f 987/987/987 989/989/989 988/988/988
f 990/990/990 988/988/988 989/989/989
f 991/991/991 993/993/993 992/992/992
f 993/993/993 991/991/991 990/990/990
f 988/988/988 990/990/990 991/991/991
f 990/990/990 994/994/994 993/993/993
f 993/993/993 994/994/994 989/989/989
f 989/989/989 994/994/994 990/990/990
f 993/993/993 989/989/989 987/987/987
f 987/987/987 992/992/992 993/993/993
f 962/962/962 975/975/975 963/963/963
f 995/995/995 969/969/969 970/970/970
f 995/995/995 996/996/996 969/969/969
f 949/949/949 950/950/950 991/991/991
f 991/991/991 992/992/992 949/949/949
f 962/962/962 949/949/949 992/992/992
f 962/962/962 992/992/992 973/973/973
f 973/973/973 992/992/992 948/948/948
f 992/992/992 987/987/987 948/948/948
f 991/991/991 950/950/950 988/988/988
f 950/950/950 954/954/954 988/988/988
f 948/948/948 938/938/938 982/982/982
f 982/982/982 939/939/939 977/977/977
f 982/982/982 938/938/938 939/939/939
f 987/987/987 947/947/947 948/948/948
f 947/947/947 934/934/934 936/936/936
f 934/934/934 947/947/947 997/997/997
f 998/998/998 999/999/999 981/981/981
f 1000/1000/1000 984/984/984 997/997/997
f 988/988/988 954/954/954 1001/1001/1001
f 988/988/988 1000/1000/1000 1002/1002/1002
f 987/987/987 988/988/988 1002/1002/1002
f 987/987/987 1002/1002/1002 947/947/947
f 1002/1002/1002 997/997/997 947/947/947
f 969/969/969 996/996/996 972/972/972
f 954/954/954 964/964/964 965/965/965
f 1001/1001/1001 976/976/976 1000/1000/1000
f 976/976/976 1001/1001/1001 975/975/975
f 1001/1001/1001 1000/1000/1000 988/988/988
f 1000/1000/1000 997/997/997 1002/1002/1002
f 984/984/984 1000/1000/1000 983/983/983
f 1003/1003/1003 1005/1005/1005 1004/1004/1004
f 1005/1005/1005 999/999/999 1004/1004/1004
f 999/999/999 998/998/998 1004/1004/1004
f 999/999/999 1005/1005/1005 1006/1006/1006
f 1005/1005/1005 1003/1003/1003 1007/1007/1007
f 1007/1007/1007 1003/1003/1003 1008/1008/1008
f 1007/1007/1007 1008/1008/1008 1009/1009/1009
f 1010/1010/1010 1012/1012/1012 1011/1011/1011
f 1012/1012/1012 1013/1013/1013 1011/1011/1011
f 1012/1012/1012 1014/1014/1014 1013/1013/1013
f 1011/1011/1011 1013/1013/1013 1015/1015/1015
f 1016/1016/1016 1018/1018/1018 1017/1017/1017
f 1019/1019/1019 1021/1021/1021 1020/1020/1020
f 1014/1014/1014 1012/1012/1012 943/943/943
f 1010/1010/1010 944/944/944 945/945/945
f 945/945/945 1012/1012/1012 1010/1010/1010
f 1012/1012/1012 945/945/945 943/943/943
f 944/944/944 1010/1010/1010 1019/1019/1019
f 1015/1015/1015 1022/1022/1022 1011/1011/1011
f 1018/1018/1018 1016/1016/1016 1021/1021/1021
f 1021/1021/1021 1016/1016/1016 1020/1020/1020
f 1022/1022/1022 1021/1021/1021 1019/1019/1019
f 1022/1022/1022 1018/1018/1018 1021/1021/1021
f 1023/1023/1023 1022/1022/1022 1015/1015/1015
f 1022/1022/1022 1023/1023/1023 1024/1024/1024
f 1024/1024/1024 1018/1018/1018 1022/1022/1022
f 1022/1022/1022 1019/1019/1019 1010/1010/1010
f 1022/1022/1022 1010/1010/1010 1011/1011/1011
f 1025/1025/1025 1027/1027/1027 1026/1026/1026
f 1026/1026/1026 1027/1027/1027 1028/1028/1028
f 1027/1027/1027 1029/1029/1029 1028/1028/1028
f 1027/1027/1027 1030/1030/1030 1029/1029/1029
f 1026/1026/1026 1028/1028/1028 1031/1031/1031
f 1028/1028/1028 1029/1029/1029 1031/1031/1031
f 1032/1032/1032 1026/1026/1026 1033/1033/1033
f 1026/1026/1026 1031/1031/1031 1033/1033/1033
f 1034/1034/1034 1036/1036/1036 1035/1035/1035
f 1036/1036/1036 1034/1034/1034 1037/1037/1037
f 1038/1038/1038 1025/1025/1025 1039/1039/1039
f 1039/1039/1039 1025/1025/1025 1040/1040/1040
f 1039/1039/1039 1040/1040/1040 1032/1032/1032
f 1040/1040/1040 1041/1041/1041 1032/1032/1032
f 1042/1042/1042 1039/1039/1039 1043/1043/1043
f 1039/1039/1039 1032/1032/1032 1043/1043/1043
f 1044/1044/1044 1046/1046/1046 1045/1045/1045
f 1046/1046/1046 1044/1044/1044 1035/1035/1035
f 1026/1026/1026 1040/1040/1040 1025/1025/1025
f 1032/1032/1032 1040/1040/1040 1026/1026/1026
f 1036/1036/1036 1047/1047/1047 1035/1035/1035
f 1048/1048/1048 1047/1047/1047 1036/1036/1036
f 1049/1049/1049 1038/1038/1038 1050/1050/1050
f 1050/1050/1050 1038/1038/1038 1051/1051/1051
f 1050/1050/1050 1051/1051/1051 1042/1042/1042
f 1051/1051/1051 1052/1052/1052 1042/1042/1042
f 1053/1053/1053 1050/1050/1050 1054/1054/1054
f 1050/1050/1050 1042/1042/1042 1054/1054/1054
f 1055/1055/1055 1057/1057/1057 1056/1056/1056
f 1057/1057/1057 1055/1055/1055 1045/1045/1045
f 1024/1024/1024 1049/1049/1049 1058/1058/1058
f 1058/1058/1058 1049/1049/1049 1059/1059/1059
f 1058/1058/1058 1059/1059/1059 1053/1053/1053
f 1059/1059/1059 1060/1060/1060 1053/1053/1053
f 1050/1050/1050 1059/1059/1059 1049/1049/1049
f 1053/1053/1053 1059/1059/1059 1050/1050/1050
f 1057/1057/1057 1061/1061/1061 1056/1056/1056
f 1062/1062/1062 1061/1061/1061 1057/1057/1057
f 1042/1042/1042 1051/1051/1051 1039/1039/1039
f 1063/1063/1063 1065/1065/1065 1064/1064/1064
f 1066/1066/1066 1064/1064/1064 1065/1065/1065
f 1067/1067/1067 1069/1069/1069 1068/1068/1068
f 1068/1068/1068 1066/1066/1066 1067/1067/1067
f 1065/1065/1065 1067/1067/1067 1066/1066/1066
f 1066/1066/1066 1068/1068/1068 1070/1070/1070
f 1068/1068/1068 1064/1064/1064 1070/1070/1070
f 1064/1064/1064 1066/1066/1066 1070/1070/1070
f 1068/1068/1068 1063/1063/1063 1064/1064/1064
f 1063/1063/1063 1068/1068/1068 1069/1069/1069
f 1038/1038/1038 1039/1039/1039 1051/1051/1051
f 1071/1071/1071 1045/1045/1045 1046/1046/1046
f 1071/1071/1071 1046/1046/1046 1072/1072/1072
f 1025/1025/1025 1067/1067/1067 1027/1027/1027
f 1067/1067/1067 1025/1025/1025 1069/1069/1069
f 1038/1038/1038 1069/1069/1069 1025/1025/1025
f 1038/1038/1038 1049/1049/1049 1069/1069/1069
f 1049/1049/1049 1024/1024/1024 1069/1069/1069
f 1069/1069/1069 1024/1024/1024 1063/1063/1063
f 1067/1067/1067 1065/1065/1065 1027/1027/1027
f 1027/1027/1027 1065/1065/1065 1030/1030/1030
f 1024/1024/1024 1058/1058/1058 1018/1018/1018
f 1058/1058/1058 1053/1053/1053 1017/1017/1017
f 1058/1058/1058 1017/1017/1017 1018/1018/1018
f 1063/1063/1063 1024/1024/1024 1023/1023/1023
f 1023/1023/1023 1015/1015/1015 1013/1013/1013
f 1013/1013/1013 1073/1073/1073 1023/1023/1023
f 1074/1074/1074 1056/1056/1056 1075/1075/1075
f 1076/1076/1076 1073/1073/1073 1060/1060/1060
f 1065/1065/1065 1077/1077/1077 1030/1030/1030
f 1065/1065/1065 1078/1078/1078 1076/1076/1076
f 1063/1063/1063 1078/1078/1078 1065/1065/1065
f 1063/1063/1063 1023/1023/1023 1078/1078/1078
f 1078/1078/1078 1023/1023/1023 1073/1073/1073
f 1046/1046/1046 1048/1048/1048 1072/1072/1072
f 1030/1030/1030 1041/1041/1041 1040/1040/1040
f 1077/1077/1077 1076/1076/1076 1052/1052/1052
f 1052/1052/1052 1051/1051/1051 1077/1077/1077
f 1077/1077/1077 1065/1065/1065 1076/1076/1076
f 1076/1076/1076 1078/1078/1078 1073/1073/1073
f 1060/1060/1060 1059/1059/1059 1076/1076/1076
f 1079/1079/1079 1081/1081/1081 1080/1080/1080
f 1080/1080/1080 1081/1081/1081 1075/1075/1075
f 1075/1075/1075 1081/1081/1081 1074/1074/1074
f 1075/1075/1075 1082/1082/1082 1080/1080/1080
f 1080/1080/1080 1083/1083/1083 1079/1079/1079
f 1083/1083/1083 1084/1084/1084 1079/1079/1079
f 1083/1083/1083 1009/1009/1009 1084/1084/1084
