# Monster56.bmd — MU geometry at action 0 key 0, exported for MU2
# 1 mesh(es)

g Pnix
# texture: Pnix.jpg
v -9.383274 45.88709 -127.1296
v -0.000469 47.96279 -130.324
v -0.000183 76.98288 -116.1289
v -15.12348 74.56049 -115.2776
v -18.45868 111.2041 -88.9212
v -0.000086 104.1195 -83.21939
v -0.000196 153.3725 5.3335
v -85.2878 137.6111 45.85977
v -82.90339 124.917 32.13277
v -3.420596 171.966 26.1562
v -145.8665 103.7396 52.63644
v -140.1283 91.94612 35.62004
v -192.0049 89.64222 64.73613
v -189.4096 78.32963 49.88533
v -228.6835 67.22653 79.91602
v -239.9532 58.63005 62.00571
v -220.8106 70.95535 42.40012
v -209.1257 61.26667 -24.90444
v -178.6238 76.38165 3.643137
v -249.1734 37.17759 -32.43485
v -235.4297 50.25308 -29.76266
v -240.6215 52.73277 15.73843
v -263.9489 38.77329 -33.21835
v -267.126 20.80092 -99.17506
v -260.0037 10.36644 -150.5599
v -238.4781 32.48371 -98.26646
v -219.2343 49.83258 -26.43604
v -213.4615 63.29316 17.56713
v -226.3269 37.38841 -93.58465
v -216 35.13731 -117.504
v -208.3851 46.1049 -85.54084
v -280.3375 42.32148 -29.93707
v -270.6552 53.59896 18.74142
v -296.2729 53.56048 -32.48286
v -323.9271 44.7886 -91.18454
v -344.7735 33.50402 -151.7646
v -293.1677 32.18781 -103.2039
v -343.6731 75.81686 62.8538
v -292.2082 69.21886 61.21201
v -295.069 83.62844 85.41221
v -326.1223 85.07715 79.0835
v -437.0849 99.16027 84.99989
v -426.5814 105.7887 94.19189
v -437.0468 109.307 105.1427
v -455.8852 113.1768 107.8792
v -446.4299 106.7568 75.63609
v -408.8105 95.67757 47.0668
v -404.4877 88.16218 62.52509
v -346.3242 82.82857 37.90361
v -397.0331 97.63306 75.51959
v -315.7742 68.60757 27.77021
v -294.9646 61.59626 22.16693
v -439.123 97.27689 19.5647
v -475.9656 108.6551 51.18579
v -433.915 86.4114 0.357697
v -427.9258 93.92769 10.70559
v -456.9523 99.6225 13.0747
v -439.1264 92.8653 -10.8553
v -396.0855 82.94571 -24.5383
v -396.3193 78.5283 -6.206402
v -331.742 71.68098 -6.352554
v -394.0299 87.7049 10.8865
v -317.3033 55.58408 -21.28676
v -399.8933 80.1295 -47.21975
v -435.9419 93.5643 -37.42603
v -389.6677 65.33301 -61.98224
v -385.7511 74.4495 -52.35274
v -409.0716 78.7154 -61.57013
v -389.8161 69.7247 -72.91675
v -350.3032 58.2074 -72.16885
v -359.488 58.21329 -55.59744
v -361.4416 70.00199 -42.74644
v -263.8996 71.16514 73.41311
v -175.5581 75.33456 -16.60026
v -66.64087 14.7123 -131.9277
v -38.16337 53.93748 -123.382
v -49.90778 80.26559 -120.1635
v -78.36287 18.46299 -141.5105
v -142.7627 -61.45602 -154.6633
v -159.7594 -69.13361 -162.3408
v -121.9553 -65.43443 -150.9664
v -124.8536 -56.69302 -149.9003
v -141.314 -72.51833 -165.7257
v -116.4603 -69.77412 -162.9814
v -75.98678 -35.0148 -150.1207
v -91.33778 -35.7126 -142.4604
v -51.51087 11.99869 -142.0773
v -99.60958 -25.93639 -146.8143
v -37.94977 11.51209 -135.1629
v -20.39117 46.94679 -128.5215
v -91.05469 -85.46502 -178.6723
v -108.2915 -99.04084 -192.2481
v -73.48929 -84.11122 -170.6714
v -81.04018 -75.78033 -168.9876
v -87.32768 -94.94493 -188.1523
v -67.00608 -86.77433 -179.9817
v -37.31268 -41.3047 -152.4128
v -49.29208 -45.06411 -146.4047
v -26.28797 9.807091 -142.2701
v -63.49827 -39.05221 -151.5913
v -10.28117 6.861393 -135.571
v -0.00007 10.92179 -142.1263
v -49.26568 -106.6376 -199.845
v -58.43106 -125.1789 -218.3862
v -35.81307 -102.9799 -190.2716
v -42.15147 -97.45763 -190.665
v -42.08707 -116.1526 -209.36
v -30.23726 -103.5242 -196.7316
v -7.777065 -64.24661 -160.7668
v -18.95237 -66.22642 -154.1108
v -30.15637 -61.09331 -159.6175
v -127.4225 83.31694 -24.15265
v -121.7236 92.66664 -23.81384
v -125.9291 91.57903 6.70175
v -135.6082 87.37945 -25.23645
v -129.1889 79.00906 -68.37295
v -122.2587 78.08836 -82.07745
v -117.2858 83.40356 -67.71275
v -111.642 89.88853 -20.25855
v -103.0279 100.0561 -20.80464
v -117.8153 93.98903 4.780552
v -109.0387 85.77934 -69.96455
v -89.67954 80.85406 -117.7779
v -92.92384 93.39804 -62.31133
v -139.397 79.63975 -21.80535
v -137.3639 88.18894 9.434746
v -157.3539 81.03226 -19.84175
v -157.5941 68.48907 -70.08186
v -149.2126 61.62248 -109.9534
v -138.0724 75.49297 -69.82285
v -159.052 80.82304 11.68174
v -88.32066 99.01322 -16.88074
v -91.52328 110.4838 -23.82032
v -95.98228 110.0981 6.676064
v -97.97495 102.1931 -19.42494
v -87.30145 96.96764 -55.95023
v -78.09354 97.59653 -66.65872
v -75.67215 101.8923 -52.74914
v -81.16129 109.8782 -20.04703
v -76.09488 120.6519 -20.93672
v -88.45038 113.9297 4.698266
v -84.52768 105.4603 -51.31953
v -75.92008 107.0186 -62.01391
v -73.60258 112.7528 -49.00172
v -183.8062 66.69397 -39.61726
v -169.733 64.33427 -69.43186
v -164.5751 73.65376 -39.11826
v -54.09078 121.6256 -57.27502
v -53.59288 116.1145 -74.64182
v -34.62798 134.206 -30.30671
v -48.27888 135.3476 -26.61091
v -43.77588 135.0711 -53.21931
v -70.21547 113.1139 -53.96362
v -69.68268 103.0325 -85.05933
v -56.75589 125.3203 -17.40572
v -69.95139 124.3708 -20.94462
v -59.58248 118.4991 -56.82762
v -257.9807 68.03434 85.21901
v -246.5021 73.32403 93.96571
v -290.356 81.25694 92.91911
v -284.4894 75.05264 99.9133
v -276.1518 80.15763 103.3941
v 9.382927 45.88769 -127.1305
v 15.12323 74.56089 -115.278
v 18.45802 111.2047 -88.92168
v 82.91859 124.9663 32.10441
v 85.30309 137.6605 45.83141
v 140.1436 91.99548 35.59182
v 145.8819 103.7891 52.60812
v 189.4159 78.36586 49.87673
v 192.0112 89.67856 64.72752
v 239.9555 58.60906 62.00324
v 228.6856 67.20555 79.91354
v 220.817 70.99156 42.39154
v 209.1345 61.29876 -24.93246
v 178.6302 76.41776 3.634535
v 249.1817 37.21006 -32.46284
v 240.63 52.76516 15.71055
v 235.4382 50.28536 -29.79056
v 263.957 38.80577 -33.24623
v 267.134 20.83347 -99.20302
v 260.0119 10.39897 -150.5879
v 237.7942 30.65307 -97.82013
v 219.243 49.86486 -26.46405
v 213.4703 63.32536 17.53925
v 226.3356 37.42067 -93.61253
v 216.0088 35.16957 -117.5319
v 208.394 46.13707 -85.56874
v 280.3448 42.28915 -29.94232
v 270.6614 53.56615 18.73545
v 296.2797 53.52765 -32.48853
v 323.9345 44.75624 -91.1898
v 344.7817 33.47224 -151.7693
v 293.1764 32.15605 -103.208
v 343.6754 75.79604 62.85126
v 295.0712 83.60744 85.40965
v 292.2104 69.19794 61.20945
v 326.1245 85.05614 79.08086
v 437.0998 99.06623 85.00608
v 437.0483 109.2848 105.1381
v 426.5828 105.7672 94.18758
v 446.4315 106.7352 75.6319
v 455.8864 113.1548 107.8743
v 408.8126 95.65654 47.06368
v 404.3927 88.66674 62.44538
v 346.3264 82.80774 37.90117
v 397.0349 97.61194 75.51588
v 315.7764 68.58675 27.76786
v 294.97 61.56304 22.16027
v 439.1252 97.25593 19.56189
v 433.9174 86.39073 0.355385
v 475.9672 108.6346 51.18169
v 427.9317 93.90714 10.70149
v 439.1289 92.84453 -10.85751
v 456.9545 99.60163 13.07179
v 396.0883 82.92494 -24.53972
v 396.3219 78.50784 -6.208317
v 331.747 71.64723 -6.359512
v 394.0323 87.68404 10.88428
v 317.309 55.55114 -21.29311
v 399.8972 80.09552 -47.22757
v 389.6722 65.29973 -61.98958
v 435.9203 93.61031 -37.45827
v 385.7555 74.41563 -52.36017
v 389.8209 69.69123 -72.92386
v 409.0754 78.68153 -61.57788
v 350.3092 58.17443 -72.175
v 359.4933 58.18024 -55.6042
v 361.4465 69.96833 -42.7535
v 263.902 71.14426 73.41064
v 175.5604 75.37187 -16.60747
v 66.64133 14.71339 -131.9321
v 49.90721 80.26718 -120.1649
v 38.16282 53.94009 -123.3857
v 78.36263 18.46429 -141.5157
v 142.7632 -61.45582 -154.6633
v 121.9557 -65.43423 -150.9666
v 159.7599 -69.13334 -162.3409
v 124.854 -56.69282 -149.9004
v 116.4608 -69.77393 -162.9816
v 141.3145 -72.51812 -165.7257
v 75.98724 -35.01072 -150.1277
v 91.33894 -35.70771 -142.4687
v 51.51073 11.99959 -142.0808
v 99.60984 -25.93092 -146.8233
v 37.95003 11.51279 -135.1654
v 20.39063 46.94819 -128.5234
v 91.05515 -85.46483 -178.6724
v 73.48975 -84.11112 -170.6714
v 108.292 -99.04063 -192.2482
v 81.04055 -75.78023 -168.9877
v 67.00655 -86.77422 -179.9818
v 87.32816 -94.94482 -188.1524
v 37.31324 -41.30271 -152.4162
v 49.29334 -45.06152 -146.4091
v 26.28783 9.80759 -142.2718
v 63.49884 -39.04872 -151.5971
v 10.28153 6.86149 -135.5717
v 49.26615 -106.6375 -199.845
v 35.81355 -102.9799 -190.2717
v 58.43165 -125.1788 -218.3863
v 42.15184 -97.45763 -190.6651
v 30.23775 -103.5242 -196.7317
v 42.08755 -116.1526 -209.3601
v 7.778035 -64.24622 -160.7675
v 18.95414 -66.22542 -154.1125
v 30.15733 -61.09161 -159.6203
v 127.4283 83.35326 -24.16107
v 125.9358 91.61496 6.693022
v 121.7298 92.70226 -23.82238
v 135.6133 87.41557 -25.24457
v 129.1933 79.04546 -68.38087
v 122.2633 78.12476 -82.08537
v 117.2912 83.43955 -67.72098
v 111.6491 89.92426 -20.26738
v 117.8226 94.02466 4.77162
v 103.0356 100.091 -20.81358
v 109.0447 85.81506 -69.97298
v 89.68562 80.88975 -117.7865
v 92.93121 93.43315 -62.32029
v 139.4019 79.67646 -21.81347
v 137.3699 88.22516 9.426224
v 157.3574 81.06906 -19.84947
v 157.5964 68.52646 -70.08907
v 149.2144 61.66006 -109.9605
v 138.0761 75.52966 -69.83057
v 159.0583 80.85916 11.67323
v 88.32971 99.04816 -16.89018
v 95.9976 110.1474 6.647619
v 91.5385 110.5331 -23.84887
v 97.98311 102.2278 -19.43408
v 87.30942 97.00246 -55.95929
v 78.10192 97.63126 -66.66798
v 75.68112 101.9266 -52.75848
v 81.17651 109.9275 -20.07548
v 88.46559 113.9791 4.669919
v 76.1101 120.7012 -20.96528
v 84.54291 105.5096 -51.34818
v 75.93531 107.0678 -62.04257
v 73.61781 112.802 -49.03028
v 183.8072 66.73186 -39.62416
v 169.7344 64.37206 -69.43876
v 164.5777 73.69096 -39.12557
v 54.10601 121.6748 -57.30358
v 34.64321 134.2553 -30.33529
v 53.60812 116.1638 -74.67047
v 48.29411 135.3969 -26.63948
v 45.18391 135.5247 -53.73358
v 70.23071 113.1632 -53.99217
v 56.7711 125.3696 -17.43428
v 69.69791 103.0816 -85.08796
v 69.96661 124.4202 -20.97318
v 59.59771 118.5484 -56.85627
v 257.983 68.01335 85.21655
v 246.5043 73.30305 93.96314
v 290.3582 81.23605 92.91655
v 284.4916 75.03165 99.91075
v 276.154 80.13675 103.3915
v -0.000114 110.5154 146.8441
v -2.940513 120.3618 145.9303
v -2.58741 120.7837 143.4956
v 0.014183 123.9595 151.8701
v -4.23561 123.1383 143.8078
v -7.215808 127.5121 124.0237
v -9.666809 131.4204 126.5929
v -3.493812 139.1546 138.2776
v 0.017987 129.7505 149.1852
v -15.15101 135.9748 117.4243
v -9.889603 144.7009 125.1465
v -12.1022 154.0175 100.6693
v -10.2023 142.8137 120.2506
v -12.4049 168.7706 108.7332
v -21.19359 168.1239 85.79529
v -10.0509 150.8283 119.8396
v -12.16371 133.2733 110.1158
v -19.0427 157.4562 87.29339
v -13.0026 141.0553 98.37958
v -18.2723 147.8671 101.0324
v -18.3228 142.8667 112.3368
v -8.331402 149.8737 127.9447
v 0.0378 152.8999 129.5191
v -0.0006 164.8204 115.6103
v -9.624699 154.6899 122.5061
v -0.000114 124.7223 125.9799
v -0.000312 119.7955 143.2377
v -0.000007 131.1405 109.6878
v -0.000004 137.3856 96.78388
v 0.027191 139.9834 139.6806
v -34.81339 112.9255 -50.07161
v -27.3564 124.9481 -18.8151
v -13.39129 143.3507 -42.6983
v -24.60069 74.6172 -103.3836
v -15.12377 86.61559 -127.332
v -9.384371 54.74529 -142.4695
v -0.000377 84.17699 -123.3226
v -0.000671 51.17159 -135.8807
v -29.33139 92.8289 -74.2706
v -0.001079 119.8857 -98.98459
v -0.007687 154.2512 -44.5491
v -15.52829 159.0473 11.0429
v -12.70909 165.6925 50.40269
v -0.000297 174.2885 50.3834
v -17.7811 147.3972 12.11129
v -17.2159 153.2778 48.01689
v -0.000597 174.3819 102.0946
v -0.000095 162.4934 1.830702
v -94.37187 144.142 25.70337
v -151.5968 111.1712 29.19065
v -197.0081 99.70423 44.60693
v -235.7728 81.30553 58.71672
v -223.3966 78.22974 40.60373
v -181.2099 83.65605 1.846745
v -255.926 55.34518 -37.06007
v -247.2697 70.62306 11.18404
v -225.9868 68.00027 -31.06125
v -220.1108 81.18315 13.01275
v -274.8705 60.73267 -35.24786
v -265.2717 71.72875 13.51184
v -339.663 97.56885 59.69881
v -288.5833 88.88114 58.36012
v -434.8601 111.228 83.24949
v -459.195 119.1748 145.0234
v -401.3409 105.2305 60.0494
v -312.0947 88.56626 24.87532
v -289.4236 80.25666 16.78414
v -431.1808 101.2426 -1.7934
v -393.0678 96.16539 -8.764591
v -311.6786 74.52588 -26.75065
v -384.043 84.2752 -67.44623
v -435.894 93.72569 -37.47263
v -353.8634 77.15519 -61.06136
v -263.075 75.63864 72.76431
v -175.5997 75.45146 -16.62916
v -66.64167 16.81249 -155.9304
v -38.16427 61.63478 -136.7115
v -121.9553 -56.94382 -159.457
v -91.33868 -29.6928 -158.9987
v -37.95047 13.29899 -155.5854
v -20.39197 53.22679 -139.3966
v -73.48929 -76.65503 -178.1276
v -49.29288 -39.5573 -161.5337
v -10.28187 8.648293 -155.9935
v -35.81307 -94.81063 -198.441
v -18.95316 -60.54121 -169.7301
v -133.9239 101.605 -28.66885
v -132.3311 109.5876 2.254656
v -118.1434 108.1766 -24.77474
v -124.2173 111.9976 0.333359
v -145.8984 97.92785 -26.32155
v -143.7659 106.1974 4.987552
v -165.6407 99.35714 7.104845
v -94.82205 117.3014 -21.39693
v -105.644 126.2942 1.259567
v -90.97298 126.3258 -25.54762
v -98.11209 130.1259 -0.718229
v -43.77588 135.0711 -53.21931
v -66.56757 141.7679 -22.90642
v -255.2088 83.07013 83.03822
v -282.2337 84.05642 122.5437
v -286.0982 93.12782 113.1181
v -281.1679 85.19452 144.4984
v -281.6278 82.89222 115.2872
v -292.7553 84.77553 114.1276
v -288.701 85.77192 126.1513
v -281.7174 90.08853 97.73251
v -31.09869 184.6546 63.46609
v -9.760494 177.2557 102.7174
v -13.35139 187.7126 87.84999
v -8.062793 184.4013 97.35739
v -18.04029 184.8248 86.63719
v -8.178391 194.5494 85.2394
v -0.000688 213.8978 76.3156
v -0.001093 192.0712 97.80919
v -0.001396 175.5578 109.2971
v -0.000203 140.7112 82.65459
v -13.0026 144.381 84.25028
v 2.587288 120.7837 143.4956
v 2.940491 120.3618 145.9303
v 4.235581 123.1383 143.8078
v 7.215691 127.5121 124.0238
v 9.66679 131.4204 126.5929
v 3.493687 139.1546 138.2776
v 15.15099 135.9748 117.4244
v 9.889591 144.7008 125.1465
v 10.20229 142.8137 120.2506
v 12.1022 154.0175 100.6693
v 12.4049 168.7706 108.7333
v 21.1936 168.1238 85.7953
v 10.0509 150.8283 119.8396
v 12.16369 133.2732 110.1158
v 19.0426 157.4561 87.2934
v 18.27219 147.8671 101.0324
v 13.00259 141.0553 98.37959
v 18.32269 142.8666 112.3368
v 8.331295 149.8737 127.9447
v 9.624598 154.6898 122.5061
v 34.81341 112.9255 -50.07159
v 13.38181 143.3559 -42.69868
v 27.3184 124.9653 -18.7706
v 24.60072 74.61788 -103.3843
v 9.381931 54.74589 -142.4704
v 15.12282 86.61607 -127.3324
v 29.33161 92.82979 -74.27138
v 15.211 158.3762 10.46301
v 12.7091 165.6925 50.40281
v 17.2158 153.2778 48.0169
v 17.8512 146.89 12.20321
v 94.38719 144.1915 25.67491
v 151.6122 111.2206 29.16222
v 197.0145 99.74046 44.59834
v 235.7751 81.28465 58.71424
v 223.403 78.26596 40.59514
v 181.2162 83.69215 1.838137
v 255.9341 55.37746 -37.08794
v 247.2792 70.65486 11.15615
v 239.179 34.37897 -98.76874
v 225.9954 68.03226 -31.08916
v 220.1196 81.21506 12.98474
v 274.8779 60.69945 -35.25284
v 265.2781 71.69495 13.50616
v 339.806 96.78435 59.80706
v 288.5855 88.86015 58.35765
v 459.2266 119.2426 144.9817
v 434.8653 111.1868 83.24809
v 401.2595 105.6618 59.98038
v 312.0969 88.54535 24.87296
v 289.4292 80.22244 16.77787
v 431.189 101.1908 -1.791309
v 393.3049 94.87254 -8.581821
v 311.6846 74.49194 -26.75671
v 385.0605 80.83012 -66.46939
v 354.6609 74.45433 -60.29849
v 263.0773 75.61775 72.76185
v 175.602 75.48877 -16.63637
v 66.64053 16.81369 -155.9349
v 38.16193 61.63729 -136.7151
v 121.9556 -56.94361 -159.4571
v 91.33804 -29.68781 -159.007
v 37.94933 13.29969 -155.588
v 20.38993 53.22818 -139.3986
v 73.48975 -76.65492 -178.1277
v 49.29253 -39.55462 -161.5382
v 10.28084 8.648491 -155.9942
v 35.81355 -94.81053 -198.4411
v 18.95324 -60.54012 -169.7318
v 133.9291 101.6399 -28.67687
v 132.3373 109.622 2.246323
v 118.1499 108.2109 -24.78328
v 124.224 112.0317 0.324822
v 145.9027 97.96306 -26.32927
v 143.7713 106.2322 4.979425
v 165.6471 99.39326 7.09623
v 94.83051 117.3348 -21.40598
v 105.6593 126.3436 1.231121
v 90.9882 126.3751 -25.57608
v 98.1274 130.1753 -0.746681
v 45.18391 135.5247 -53.73358
v 66.58281 141.8173 -22.93488
v 255.211 83.04916 83.03564
v 282.4103 84.07915 122.6201
v 281.0225 85.08065 144.0428
v 286.1004 93.10685 113.1155
v 281.636 82.87855 115.3268
v 288.7236 85.73225 125.9923
v 292.807 84.75114 114.0389
v 281.7197 90.06754 97.72995
v 31.0987 184.6546 63.46611
v 9.760502 177.2557 102.7174
v 13.35141 187.7126 87.84999
v 8.062805 184.4013 97.35748
v 18.04031 184.8248 86.63719
v 8.17841 194.5493 85.2394
v 13.0026 144.381 84.25029
v 289.1368 78.13725 115.4177
v 292.807 84.75114 114.0389
v 281.636 82.87855 115.3268
v 281.0225 85.08065 144.0428
v 288.7236 85.73225 125.9923
v 282.4103 84.07915 122.6201
v -292.7553 84.77553 114.1276
v -288.4221 78.00093 115.2413
v -281.6278 82.89222 115.2872
v -288.701 85.77192 126.1513
v -281.1679 85.19452 144.4984
v -282.2337 84.05642 122.5437
v 437.0483 109.2848 105.1381
v 458.4326 118.5312 142.3276
v -455.8852 113.1768 107.8792
v -459.195 119.1748 145.0234
v 0 149.0488 47.5525
v -17.2159 153.2778 48.01689
v 17.2158 153.2778 48.0169
v 0.000001 140.3326 15.2874
v -17.7811 147.3972 12.11129
v 17.8512 146.89 12.20321
v -0.000501 119.388 -10.2289
v -27.3564 124.9481 -18.8151
v 27.3184 124.9653 -18.7706
vn 0.197496 -0.321794 0.925983
vn 0.0001 -0.37239 0.928076
vn -0 -0.543015 0.839723
vn -0.033402 -0.435124 0.899751
vn -0.877018 0.434809 -0.204405
vn -0 -0.771514 0.636212
vn 0.003 -0.876389 0.481594
vn 0.139395 0.267691 0.953368
vn 0.504187 -0.79428 0.338991
vn -0.038202 0.995343 -0.088504
vn 0.059001 0.176602 0.982513
vn 0.397812 -0.847126 0.352311
vn 0.240394 0.196994 0.950476
vn 0.358206 -0.908217 0.216404
vn 0.415296 -0.0923 0.904992
vn 0.039798 -0.979456 0.197691
vn 0.250387 -0.954052 0.164592
vn 0.911347 0.070704 -0.405521
vn 0.286999 -0.954398 0.0822
vn 0.307598 -0.925995 0.218899
vn 0.170107 -0.851835 -0.495421
vn 0.220899 -0.927297 0.302199
vn -0.283308 -0.959026 0.0023
vn -0.882978 -0.459988 0.093597
vn -0.448897 -0.622795 -0.640795
vn 0.960913 0.180402 -0.210003
vn 0.364495 -0.910388 0.195797
vn 0.332407 -0.916221 0.223705
vn -0.859284 -0.496391 -0.123398
vn 0.405404 -0.373603 -0.834307
vn 0.976516 0.175403 -0.125102
vn -0.370992 -0.888581 0.269794
vn -0.131793 -0.95955 0.248787
vn -0.657005 -0.443403 -0.609704
vn -0.911755 0.227789 0.341783
vn -0.981825 -0.046101 -0.184105
vn 0.705469 -0.595774 -0.383884
vn -0.178504 -0.971219 0.157703
vn -0.200702 -0.936608 0.287202
vn -0.0339 0.0802 0.996202
vn -0.094004 0.086103 0.991842
vn -0.153505 -0.938028 0.310709
vn 0.640487 0.046099 0.766585
vn 0.472421 -0.557525 0.68263
vn -0.856622 -0.505313 0.104202
vn -0.757092 0.081599 -0.648193
vn -0.305404 -0.094601 -0.947512
vn -0.254409 -0.951732 0.171705
vn -0.98346 -0.012499 0.180693
vn 0.326406 0.091201 0.940819
vn -0.235101 -0.965203 0.1145
vn -0.266003 -0.942009 0.204602
vn 0.627384 -0.045499 0.77738
vn -0.1073 -0.0077 0.994197
vn -0.200301 -0.948503 0.245401
vn 0.326695 0.031999 0.944588
vn -0.841144 0.036698 -0.539564
vn -0.49347 -0.094194 -0.864648
vn 0.051698 -0.278089 -0.959163
vn -0.233796 -0.967981 0.091398
vn -0.95697 0.150695 0.247992
vn -0.129006 0.085603 0.987942
vn -0.223194 -0.954475 0.197895
vn 0.307919 0.0102 0.951358
vn -0.370793 -0.875982 0.308494
vn -0.3457 -0.882998 0.317499
vn -0.0042 0.100404 0.994938
vn -0.635735 -0.201511 -0.745141
vn -0.216995 -0.376892 -0.900481
vn 0.301301 -0.486802 -0.819903
vn -0.323207 -0.927119 0.189704
vn -0.443593 0.206197 0.872186
vn -0.241299 -0.945695 0.217799
vn 0.331303 -0.92521 0.185002
vn 0.0022 -0.244299 0.969698
vn -0.0021 -0.311212 0.950338
vn -0.836349 0.480671 0.263584
vn -0.907619 0.381808 0.174503
vn -0.433692 0.605288 0.667486
vn -0.942077 0.176996 0.284893
vn -0.0422 -0.511093 0.858489
vn -0.487501 0.546301 0.681101
vn -0.0072 -0.730777 -0.682578
vn 0.484692 -0.734088 -0.475592
vn 0.810307 -0.582105 -0.0675
vn -0.0077 -0.293993 0.955777
vn -0.720585 -0.557988 0.411591
vn -0.77009 0.489994 0.408494
vn 0.125293 -0.274985 0.95325
vn -0.0019 -0.338995 0.940786
vn -0.773768 0.413983 0.47948
vn -0.985141 0.007 0.171607
vn -0.081 -0.624397 0.776896
vn -0.849111 0.311204 0.426805
vn 0.401702 -0.674703 -0.619202
vn 0.764024 -0.518016 -0.384612
vn 0.944834 -0.327512 -0.0049
vn 0.048901 -0.401808 0.914418
vn -0.622808 -0.571607 0.534206
vn -0.933529 0.260208 0.246607
vn 0.137493 -0.252588 0.957755
vn -0 -0.629719 0.776823
vn -0.90289 0.198698 0.381195
vn -0.836066 -0.543778 -0.072797
vn -0.119995 -0.691673 0.712172
vn -0.919662 0.158093 0.359485
vn 0.753401 -0.5427 -0.3713
vn 0.889987 -0.406194 -0.207197
vn 0.974521 -0.224205 0.0064
vn 0.0021 -0.507093 0.861889
vn -0.976075 0.105197 0.190295
vn 0.279698 -0.943594 0.177199
vn 0.237801 -0.752303 -0.614403
vn 0.294292 -0.946374 0.133296
vn 0.197808 -0.872636 -0.446519
vn -0.851603 -0.502801 -0.148201
vn -0.0284 -0.528904 -0.848207
vn 0.983412 0.163902 -0.077701
vn 0.279898 -0.940696 0.191699
vn 0.988912 0.145401 -0.0302
vn 0.388604 -0.906511 0.165002
vn -0.827812 -0.522207 -0.205003
vn -0.0212 -0.80219 -0.596693
vn 0.970386 0.208197 0.122498
vn 0.472477 -0.864359 0.172192
vn 0.37871 -0.916925 0.125803
vn -0.715198 -0.539198 -0.444699
vn -0.891539 -0.45222 0.025601
vn 0.648082 -0.36559 -0.668082
vn 0.975412 0.135001 -0.174202
vn 0.275993 -0.956776 0.091697
vn 0.512617 -0.809228 0.28701
vn 0.833011 -0.515607 0.200603
vn 0.537182 -0.803074 0.257892
vn -0.637893 -0.597493 -0.485895
vn -0.789966 -0.526477 -0.314287
vn 0.429801 -0.3404 -0.836301
vn 0.928686 0.311095 0.201897
vn 0.506107 -0.838913 0.200203
vn 0.940533 0.312711 -0.132704
vn 0.524493 -0.829089 0.193697
vn -0.690889 -0.682489 -0.238497
vn 0.528735 -0.282619 -0.800354
vn 0.937824 0.322408 -0.128603
vn -0.696298 -0.399498 -0.596298
vn 0.421396 -0.090099 -0.90239
vn 0.916213 0.242203 -0.319204
vn -0.883938 -0.402617 0.23781
vn 0.626192 -0.604592 -0.492294
vn 0.378198 -0.892496 0.245799
vn 0.87326 0.377082 0.308586
vn -0.336311 0.877531 -0.341812
vn -0.77819 -0.596892 0.195297
vn 0.084503 -0.891028 -0.446014
vn 0.477685 -0.847973 0.229693
vn -0.676177 -0.697275 -0.237892
vn 0.882034 0.193507 -0.429617
vn -0.172597 -0.982879 0.064498
vn 0.433991 -0.055899 0.899182
vn -0.842046 -0.047997 -0.537266
vn -0.304117 -0.926952 0.219712
vn 0.757559 -0.167291 0.630966
vn -0.197401 -0.3218 0.926001
vn 0.0335 -0.435204 0.899709
vn 0.87698 0.43489 -0.204395
vn -0.504113 -0.79432 0.339008
vn -0.143894 0.25729 0.955561
vn -0.397992 -0.846883 0.352693
vn -0.0591 0.176698 0.982489
vn -0.358524 -0.90816 0.216114
vn -0.240596 0.197196 0.950383
vn -0.040201 -0.979518 0.197304
vn -0.415214 -0.092303 0.905029
vn -0.251198 -0.953993 0.163699
vn -0.911401 0.0707 -0.405401
vn -0.286999 -0.954398 0.0822
vn -0.288698 -0.930292 0.226298
vn -0.221599 -0.927293 0.301698
vn -0.162906 -0.873732 -0.458317
vn 0.281608 -0.959528 0.0016
vn 0.882978 -0.459989 0.093598
vn 0.707217 -0.568714 -0.42001
vn -0.546489 -0.818484 0.177296
vn -0.364495 -0.910388 0.195797
vn -0.332385 -0.916258 0.22359
vn 0.859284 -0.496391 -0.123398
vn -0.405403 -0.373603 -0.834307
vn -0.976516 0.175403 -0.125102
vn 0.369898 -0.889096 0.269599
vn 0.130297 -0.959881 0.248295
vn 0.656975 -0.443483 -0.609677
vn 0.911755 0.227789 0.341784
vn 0.981825 -0.046101 -0.184104
vn -0.706609 -0.594408 -0.383905
vn 0.181099 -0.969796 0.163399
vn 0.037301 0.087803 0.995439
vn 0.200792 -0.936562 0.287288
vn 0.091804 0.090604 0.991647
vn 0.152495 -0.93997 0.30529
vn -0.473982 -0.555778 0.682973
vn -0.640886 0.048799 0.766083
vn 0.758306 0.0747 -0.647605
vn 0.858642 -0.502425 0.101505
vn 0.305601 -0.1107 -0.945703
vn 0.252802 -0.952608 0.169201
vn 0.984857 0.027999 0.171093
vn -0.324798 0.073899 0.942892
vn 0.235307 -0.965129 0.114703
vn 0.266109 -0.941934 0.204807
vn -0.627686 -0.044699 0.777182
vn 0.200205 -0.948522 0.245406
vn 0.106204 -0.0042 0.994336
vn -0.326985 0.032899 0.944457
vn 0.48661 -0.087602 -0.869216
vn 0.841016 0.037501 -0.53971
vn -0.051599 -0.256797 -0.965087
vn 0.233795 -0.967981 0.091398
vn 0.962611 0.175202 0.206603
vn 0.115503 0.102303 0.988025
vn 0.223194 -0.954475 0.197895
vn -0.331707 0.084202 0.939617
vn 0.34609 -0.882776 0.317691
vn 0.889917 0.0194 0.455709
vn -0.017501 0.180908 0.983344
vn 0.203392 -0.307787 -0.929462
vn 0.620096 -0.131099 -0.773495
vn -0.303913 -0.447919 -0.840836
vn 0.323206 -0.927119 0.189704
vn 0.435516 0.27411 0.857432
vn 0.241299 -0.945695 0.217799
vn -0.331214 -0.92524 0.185008
vn -0.0022 -0.244299 0.969698
vn 0.836349 0.480671 0.263584
vn 0.0022 -0.311212 0.950338
vn 0.907634 0.381815 0.174407
vn 0.433691 0.605288 0.667487
vn 0.042199 -0.511093 0.858489
vn 0.942077 0.176996 0.284893
vn 0.487424 0.546328 0.681134
vn -0.484692 -0.734088 -0.475593
vn 0.0072 -0.730777 -0.682578
vn -0.810313 -0.582109 -0.067401
vn 0.0077 -0.293901 0.955805
vn 0.720702 -0.557902 0.411502
vn 0.77009 0.489994 0.408495
vn -0.125294 -0.274985 0.95325
vn 0.002 -0.338995 0.940786
vn 0.773768 0.413983 0.47948
vn 0.081 -0.624397 0.776896
vn 0.985141 0.007 0.171607
vn 0.849111 0.311204 0.426806
vn -0.764024 -0.518016 -0.384612
vn -0.401702 -0.674703 -0.619203
vn -0.944804 -0.327601 -0.0048
vn -0.048903 -0.401724 0.914454
vn 0.622807 -0.571607 0.534207
vn 0.933528 0.260308 0.246508
vn -0.137396 -0.252592 0.957768
vn 0.902889 0.198698 0.381196
vn 0.119995 -0.691673 0.712172
vn 0.836066 -0.543778 -0.072797
vn 0.919661 0.158093 0.359485
vn -0.890005 -0.406202 -0.207101
vn -0.753401 -0.5427 -0.371301
vn -0.97452 -0.224205 0.0065
vn -0.002 -0.507093 0.861889
vn 0.976083 0.105298 0.190197
vn -0.279606 -0.94362 0.177204
vn -0.294308 -0.946326 0.133604
vn -0.237816 -0.752349 -0.61434
vn -0.197808 -0.872636 -0.446518
vn 0.851603 -0.502802 -0.1482
vn 0.0284 -0.528904 -0.848206
vn -0.983412 0.163902 -0.077701
vn -0.279899 -0.940696 0.191699
vn -0.38879 -0.906377 0.165296
vn -0.988912 0.145402 -0.030201
vn 0.827812 -0.522208 -0.205003
vn 0.021201 -0.802238 -0.596628
vn -0.970386 0.208197 0.122498
vn -0.472477 -0.864358 0.172192
vn -0.378696 -0.916891 0.126099
vn 0.715166 -0.539174 -0.444779
vn 0.891539 -0.45222 0.025601
vn -0.648082 -0.36559 -0.668082
vn -0.975429 0.135004 -0.174105
vn -0.276107 -0.956723 0.091902
vn -0.512588 -0.809181 0.287193
vn -0.537284 -0.802877 0.258293
vn -0.832319 -0.516412 0.201405
vn 0.637827 -0.597625 -0.48582
vn 0.789966 -0.526477 -0.314286
vn -0.4298 -0.3404 -0.836301
vn -0.928726 0.310709 0.202306
vn -0.506108 -0.838912 0.200203
vn -0.524493 -0.829089 0.193697
vn -0.94052 0.312707 -0.132803
vn 0.690889 -0.682489 -0.238496
vn -0.528735 -0.282619 -0.800354
vn -0.937824 0.322408 -0.128604
vn 0.696111 -0.399506 -0.59651
vn -0.421474 -0.090195 -0.902344
vn -0.916213 0.242203 -0.319205
vn 0.859939 -0.44452 0.250812
vn -0.386592 -0.889881 0.242195
vn -0.555682 -0.601181 -0.574282
vn -0.857598 0.331899 0.392899
vn 0.373401 0.868201 -0.326801
vn 0.77819 -0.596892 0.195298
vn -0.477685 -0.847973 0.229693
vn -0.084503 -0.891028 -0.446014
vn 0.676176 -0.697276 -0.237892
vn -0.882034 0.193507 -0.429617
vn 0.172596 -0.982879 0.064499
vn -0.433991 -0.055899 0.899181
vn 0.873457 -0.171292 -0.455777
vn 0.022499 -0.954366 0.297789
vn -0.744674 0.021699 0.667076
vn 0.0013 -0.823177 0.567784
vn -0.955152 -0.179791 0.235288
vn -0.69307 -0.693969 -0.195092
vn 0.0016 -0.036901 0.999318
vn -0.947892 -0.228898 0.221598
vn -0.596098 -0.793697 -0.1213
vn -0.919521 -0.274906 0.280906
vn -0.790378 0.255093 0.556984
vn 0.0022 0.452285 0.891871
vn -0.92153 -0.239808 0.30541
vn -0.974797 -0.0382 0.219799
vn -0.913983 0.240095 0.327094
vn -0.878229 0.206807 0.431214
vn -0.788015 0.285205 0.54561
vn -0.984974 0.170096 0.029899
vn -0.992644 0.0094 0.120705
vn -0.59381 -0.745412 -0.302905
vn -0.993097 -0.1116 0.0361
vn -0.610826 -0.735031 -0.294313
vn -0.998668 -0.050798 -0.009
vn -0.93976 0.172893 0.294887
vn -0.624422 0.469516 0.624221
vn 0.002 0.663325 0.748329
vn 0.0004 0.670714 0.741716
vn -0.802791 0.360296 0.475094
vn -0 -0.953374 -0.301792
vn -0 -0.961588 -0.274497
vn -0 -0.926092 -0.377297
vn -0 -0.914351 -0.404923
vn 0.003 0.650014 0.759916
vn -0.838527 0.480115 -0.257609
vn -0.967849 0.168791 0.18649
vn -0.651691 0.69809 -0.296596
vn -0.941374 0.100997 -0.321892
vn -0.413591 0.526088 -0.743084
vn 0.142504 0.305009 -0.941627
vn 0 0.590583 -0.806977
vn -0.0001 0.254892 -0.96697
vn -0.917272 0.244093 -0.314691
vn -0.0001 0.769204 -0.639004
vn 0.0074 0.943077 -0.332492
vn -0.79043 0.600723 -0.119805
vn -0.847523 0.521214 -0.100203
vn -0.0013 0.994712 -0.102701
vn -0.780957 -0.494473 0.381579
vn -0.891875 -0.451687 0.023199
vn 0 -0.102295 -0.994754
vn -0.0017 0.979075 -0.203495
vn -0.378186 0.913067 -0.152594
vn -0.361699 0.927098 -0.0983
vn -0.36462 0.928251 -0.073504
vn -0.015 0.997234 0.072803
vn -0.32239 0.928573 -0.183894
vn -0.379318 0.787337 -0.486023
vn -0.401616 0.879035 -0.25691
vn -0.230799 0.924095 -0.304598
vn -0.298689 0.903967 -0.305989
vn -0.341697 0.908992 -0.238698
vn 0.274706 0.91952 -0.281106
vn 0.158695 0.918969 -0.360988
vn 0.097797 0.990468 -0.096997
vn 0.156494 0.987458 0.020899
vn 0.208594 0.977971 -0.007799
vn 0.349401 0.929501 0.118101
vn 0.089501 0.994005 -0.0628
vn 0.155496 0.945076 -0.287492
vn 0.228799 0.913097 -0.337499
vn 0.133795 0.990958 0.0101
vn 0.061098 0.98367 -0.169295
vn 0.362189 0.848475 -0.385888
vn 0.133806 0.983543 -0.121405
vn 0.080896 0.982154 -0.169792
vn 0.170592 0.910458 -0.376782
vn 0.184895 0.981274 0.053999
vn -0.316217 0.896948 -0.309016
vn 0.024 0.214199 -0.976495
vn -0.102697 0.36589 -0.924975
vn -0.322794 0.673988 -0.664488
vn -0.24951 0.26171 -0.932337
vn 0.161803 0.159702 -0.973815
vn -0.082304 0.267814 -0.959949
vn -0.216702 0.618506 -0.755308
vn -0.058699 0.292096 -0.954586
vn 0.144802 0.206802 -0.967608
vn -0.166596 0.660086 -0.732484
vn 0.0335 0.3855 -0.9221
vn -0.363304 0.86761 -0.339504
vn -0.357003 0.843508 -0.401303
vn -0.372315 0.881336 -0.290912
vn -0.368495 0.78289 -0.501293
vn -0.152997 0.937983 -0.311094
vn -0.276794 0.874682 -0.397891
vn -0.395498 0.799097 -0.452798
vn -0.171396 0.925081 -0.338893
vn -0.438795 0.732492 -0.520494
vn -0.439414 0.788126 -0.431014
vn -0.401788 0.801676 -0.442586
vn -0.336311 0.877531 -0.341812
vn -0.51478 0.767571 -0.381885
vn 0.205304 0.930318 -0.303906
vn 0.854557 0.517673 -0.041798
vn 0.356299 0.924597 0.1348
vn 0.686381 0.521485 0.506887
vn 0.980479 0.015699 0.195996
vn -0.998491 0.0517 -0.0185
vn -0.930694 0.121599 0.344998
vn -0.0044 0.999948 -0.0092
vn -0.837523 0.501114 0.217806
vn -0.597573 0.528176 0.603272
vn -0.738005 0.673205 0.0463
vn -0.570599 0.57 0.5912
vn -0.267892 0.953674 -0.136896
vn -0.724798 0.1126 -0.679698
vn -0.0001 0.925432 0.378913
vn -0.0001 0.636923 0.770928
vn 0 0.600112 0.799916
vn 0.035299 -0.973466 -0.226092
vn -0.580012 -0.798316 -0.162104
vn 0.693018 -0.694018 -0.195105
vn 0.9554 -0.1808 0.2335
vn 0.948046 -0.229311 0.220511
vn 0.596097 -0.793697 -0.1213
vn 0.919521 -0.274906 0.280907
vn 0.7916 0.2541 0.5557
vn 0.92153 -0.239808 0.30541
vn 0.974797 -0.0382 0.2198
vn 0.878229 0.206807 0.431214
vn 0.913983 0.240095 0.327094
vn 0.787992 0.285297 0.545595
vn 0.984974 0.170095 0.029899
vn 0.992644 0.0094 0.120706
vn 0.593765 -0.745456 -0.302882
vn 0.993097 -0.1116 0.0361
vn 0.998668 -0.050798 -0.009
vn 0.610826 -0.735032 -0.294313
vn 0.93976 0.172893 0.294888
vn 0.625421 0.469116 0.623521
vn 0.802762 0.360383 0.475077
vn 0.83856 0.480177 -0.257387
vn 0.648787 0.701086 -0.295894
vn 0.945454 -0.043898 0.322785
vn 0.941344 0.100994 -0.321981
vn -0.142602 0.305004 -0.941614
vn 0.413508 0.52611 -0.743115
vn 0.917273 0.244093 -0.31469
vn 0.766798 0.631098 -0.117199
vn 0.82428 0.548087 -0.141996
vn 0.885404 -0.459702 -0.0688
vn 0.773197 -0.558397 0.300599
vn 0.378101 0.913101 -0.1526
vn 0.361889 0.926971 -0.098797
vn 0.365006 0.928115 -0.073301
vn 0.0157 0.997186 0.073299
vn 0.323602 0.928406 -0.182601
vn 0.379288 0.787375 -0.485985
vn 0.420711 0.872323 -0.249107
vn 0.232012 0.924049 -0.303816
vn -0.074302 0.950024 -0.303208
vn 0.298689 0.903967 -0.305989
vn 0.341689 0.90897 -0.238792
vn -0.274403 0.919611 -0.281103
vn -0.157096 0.919478 -0.360391
vn -0.100701 0.989508 -0.103601
vn -0.152404 0.988027 0.024001
vn -0.260898 0.965093 -0.023
vn -0.207697 0.978186 -0.0038
vn -0.092099 0.993493 -0.066999
vn -0.148701 0.947909 -0.281703
vn -0.228899 0.912998 -0.337699
vn -0.141505 0.989937 -0.0007
vn -0.071698 0.982169 -0.173794
vn -0.333186 0.861664 -0.382784
vn -0.162 0.972002 -0.1702
vn -0.160303 0.919621 -0.358608
vn -0.184895 0.981274 0.053999
vn 0.316189 0.896968 -0.308989
vn -0.024 0.214199 -0.976495
vn 0.102697 0.36589 -0.924975
vn 0.322906 0.673912 -0.664511
vn 0.24951 0.26171 -0.932337
vn -0.1619 0.1597 -0.973799
vn 0.082197 0.26779 -0.959965
vn 0.216798 0.618493 -0.755292
vn 0.058699 0.292096 -0.954586
vn -0.144899 0.206799 -0.967594
vn 0.166597 0.660086 -0.732484
vn -0.0336 0.385499 -0.922097
vn 0.363304 0.86761 -0.339504
vn 0.357108 0.843318 -0.401609
vn 0.372315 0.881335 -0.290912
vn 0.368691 0.782481 -0.501788
vn 0.152997 0.937983 -0.311094
vn 0.276717 0.874554 -0.398225
vn 0.395526 0.798952 -0.453029
vn 0.171402 0.925112 -0.338805
vn 0.438994 0.73209 -0.520893
vn 0.439415 0.788126 -0.431014
vn 0.401788 0.801676 -0.442587
vn 0.373401 0.868201 -0.326801
vn 0.514781 0.767571 -0.381886
vn -0.205304 0.930318 -0.303906
vn -0.961656 -0.270787 0.043498
vn 0.501313 -0.531714 0.682617
vn -0.362101 0.921702 0.1391
vn -0.842191 -0.436295 0.316797
vn 0.883816 0.329506 0.332106
vn 0.992351 0.104395 0.065897
vn 0.0032 0.999948 -0.0097
vn 0.837523 0.501114 0.217806
vn 0.597508 0.528207 0.603309
vn 0.738005 0.673205 0.046301
vn 0.5705 0.570099 0.5912
vn 0.267893 0.953673 -0.136896
vn 0.72479 0.112698 -0.67969
vn 0.659207 -0.738908 -0.139502
vn 0.172299 -0.967897 0.182999
vn 0.992351 0.104395 0.065897
vn -0.842191 -0.436295 0.316797
vn 0.501313 -0.531714 0.682617
vn 0.883816 0.329506 0.332106
vn -0.961656 -0.270787 0.043498
vn -0.998491 0.0517 -0.0185
vn -0.222195 -0.927379 0.300993
vn 0.980479 0.015699 0.195996
vn -0.930694 0.121599 0.344998
vn 0.686381 0.521485 0.506887
vn 0.854557 0.517673 -0.041798
vn -0.473982 -0.555778 0.682973
vn 0.179892 -0.97386 0.138694
vn -0.856622 -0.505313 0.104202
vn 0.349401 0.929501 0.118101
vn 0.0155 -0.999873 0.0036
vn -0.891875 -0.451687 0.023199
vn 0.885404 -0.459702 -0.0688
vn 0.0129 -0.894493 0.446896
vn -0.780957 -0.494473 0.381579
vn 0.773197 -0.558397 0.300599
vn -0.137902 -0.75901 0.636308
vn -0.967849 0.168791 0.18649
vn 0.945454 -0.043898 0.322785
vt 0.168 0.6191
vt 0.1538 0.6188
vt 0.1538 0.5767
vt 0.1767 0.5783
vt 0.1817 0.5138
vt 0.1538 0.5152
vt 0.1538 0.3712
vt 0.2892 0.3327
vt 0.2892 0.3575
vt 0.1538 0.3483
vt 0.3933 0.3489
vt 0.387 0.3773
vt 0.4626 0.3353
vt 0.4626 0.3601
vt 0.5207 0.3187
vt 0.5345 0.3469
vt 0.5101 0.3731
vt 0.4668 0.4584
vt 0.4428 0.4259
vt 0.5304 0.4883
vt 0.5066 0.4758
vt 0.5297 0.4139
vt 0.5502 0.4921
vt 0.5378 0.5906
vt 0.5131 0.6635
vt 0.493 0.5777
vt 0.4853 0.4678
vt 0.4878 0.4006
vt 0.4756 0.5664
vt 0.4532 0.5976
vt 0.4497 0.5475
vt 0.5741 0.489
vt 0.5695 0.4153
vt 0.6019 0.4917
vt 0.6327 0.5819
vt 0.6523 0.6743
vt 0.5816 0.5971
vt 0.6933 0.3496
vt 0.615 0.3496
vt 0.6241 0.3123
vt 0.6704 0.3233
vt 0.8394 0.3199
vt 0.8259 0.3047
vt 0.8428 0.289
vt 0.872 0.2856
vt 0.855 0.3325
vt 0.7951 0.373
vt 0.7871 0.352
vt 0.6983 0.3842
vt 0.7791 0.3309
vt 0.6487 0.3994
vt 0.6084 0.4125
vt 0.8396 0.4142
vt 0.8986 0.3693
vt 0.8281 0.4435
vt 0.8217 0.4268
vt 0.8665 0.4243
vt 0.8373 0.4587
vt 0.7701 0.4772
vt 0.7699 0.4518
vt 0.6634 0.4558
vt 0.7696 0.4254
vt 0.6341 0.4794
vt 0.7618 0.523
vt 0.8207 0.5116
vt 0.7391 0.5467
vt 0.7385 0.5294
vt 0.7732 0.5452
vt 0.7404 0.5605
vt 0.6784 0.5558
vt 0.693 0.5345
vt 0.7023 0.5129
vt 0.5739 0.3298
vt 0.4366 0.4547
vt 0.2545 0.6648
vt 0.2115 0.6063
vt 0.2292 0.5775
vt 0.2722 0.6606
vt 0.3696 0.7726
vt 0.3953 0.7884
vt 0.3381 0.7729
vt 0.3425 0.7629
vt 0.3674 0.7953
vt 0.3298 0.7897
vt 0.2687 0.7403
vt 0.2919 0.7375
vt 0.2317 0.67
vt 0.3044 0.7263
vt 0.2112 0.6698
vt 0.1846 0.6188
vt 0.2914 0.8218
vt 0.3175 0.8497
vt 0.2649 0.8123
vt 0.2763 0.802
vt 0.2858 0.8413
vt 0.2551 0.8245
vt 0.2102 0.75
vt 0.2283 0.7521
vt 0.1935 0.6732
vt 0.2498 0.7465
vt 0.1693 0.6766
vt 0.1538 0.6715
vt 0.2283 0.8652
vt 0.2421 0.9032
vt 0.2079 0.8517
vt 0.2175 0.8464
vt 0.2174 0.8847
vt 0.1995 0.8589
vt 0.1656 0.7854
vt 0.1824 0.7848
vt 0.1994 0.7805
vt 0.3631 0.4627
vt 0.3505 0.459
vt 0.3605 0.4164
vt 0.3727 0.4628
vt 0.3626 0.5264
vt 0.3515 0.546
vt 0.3435 0.524
vt 0.3378 0.455
vt 0.3206 0.4523
vt 0.3476 0.4183
vt 0.3303 0.5264
vt 0.2995 0.5954
vt 0.3045 0.513
vt 0.3822 0.4606
vt 0.3788 0.4137
vt 0.4074 0.4574
vt 0.408 0.5324
vt 0.3947 0.5909
vt 0.3768 0.5297
vt 0.4136 0.4131
vt 0.3005 0.4471
vt 0.2888 0.4414
vt 0.3064 0.4011
vt 0.3125 0.4496
vt 0.2955 0.5028
vt 0.2808 0.5177
vt 0.2769 0.4966
vt 0.2771 0.4353
vt 0.263 0.4302
vt 0.2933 0.4008
vt 0.2725 0.4801
vt 0.2562 0.4926
vt 0.2543 0.4718
vt 0.4498 0.4901
vt 0.4274 0.5329
vt 0.4191 0.487
vt 0.2199 0.4758
vt 0.2163 0.502
vt 0.1963 0.4305
vt 0.2149 0.4267
vt 0.2005 0.4778
vt 0.2478 0.4779
vt 0.2419 0.5249
vt 0.236 0.4206
vt 0.2526 0.4275
vt 0.2293 0.4776
vt 0.5647 0.313
vt 0.5494 0.2986
vt 0.6167 0.3017
vt 0.6065 0.2924
vt 0.5957 0.2859
vt 0.168 0.6191
vt 0.1767 0.5783
vt 0.1817 0.5138
vt 0.2892 0.3575
vt 0.2892 0.3327
vt 0.387 0.3773
vt 0.3933 0.3489
vt 0.4626 0.3601
vt 0.4626 0.3353
vt 0.5345 0.3469
vt 0.5207 0.3187
vt 0.5101 0.3731
vt 0.4668 0.4584
vt 0.4428 0.4259
vt 0.5304 0.4883
vt 0.5297 0.4139
vt 0.5066 0.4758
vt 0.5502 0.4921
vt 0.5378 0.5906
vt 0.5131 0.6635
vt 0.493 0.5777
vt 0.4853 0.4678
vt 0.4878 0.4006
vt 0.4756 0.5664
vt 0.4532 0.5976
vt 0.4497 0.5475
vt 0.5741 0.489
vt 0.5695 0.4153
vt 0.6019 0.4917
vt 0.6327 0.5819
vt 0.6523 0.6743
vt 0.5816 0.5971
vt 0.6933 0.3496
vt 0.6241 0.3123
vt 0.615 0.3496
vt 0.6704 0.3233
vt 0.8394 0.3199
vt 0.8428 0.289
vt 0.8259 0.3047
vt 0.855 0.3325
vt 0.872 0.2856
vt 0.7951 0.373
vt 0.7871 0.352
vt 0.6983 0.3842
vt 0.7791 0.3309
vt 0.6487 0.3994
vt 0.6084 0.4125
vt 0.8396 0.4142
vt 0.8281 0.4435
vt 0.8986 0.3693
vt 0.8217 0.4268
vt 0.8373 0.4587
vt 0.8665 0.4243
vt 0.7701 0.4772
vt 0.7699 0.4518
vt 0.6634 0.4558
vt 0.7696 0.4254
vt 0.6341 0.4794
vt 0.7618 0.523
vt 0.7391 0.5467
vt 0.8207 0.5116
vt 0.7385 0.5294
vt 0.7404 0.5605
vt 0.7732 0.5452
vt 0.6784 0.5558
vt 0.693 0.5345
vt 0.7023 0.5129
vt 0.5739 0.3298
vt 0.4366 0.4547
vt 0.2545 0.6648
vt 0.2292 0.5775
vt 0.2115 0.6063
vt 0.2722 0.6606
vt 0.3696 0.7726
vt 0.3381 0.7729
vt 0.3953 0.7884
vt 0.3425 0.7629
vt 0.3298 0.7897
vt 0.3674 0.7953
vt 0.2687 0.7403
vt 0.2919 0.7375
vt 0.2317 0.67
vt 0.3044 0.7263
vt 0.2112 0.6698
vt 0.1846 0.6188
vt 0.2914 0.8218
vt 0.2649 0.8123
vt 0.3175 0.8497
vt 0.2763 0.802
vt 0.2551 0.8245
vt 0.2858 0.8413
vt 0.2102 0.75
vt 0.2283 0.7521
vt 0.1935 0.6732
vt 0.2498 0.7465
vt 0.1693 0.6766
vt 0.2283 0.8652
vt 0.2079 0.8517
vt 0.2421 0.9032
vt 0.2175 0.8464
vt 0.1995 0.8589
vt 0.2174 0.8847
vt 0.1656 0.7854
vt 0.1824 0.7848
vt 0.1994 0.7805
vt 0.3631 0.4627
vt 0.3605 0.4164
vt 0.3505 0.459
vt 0.3727 0.4628
vt 0.3626 0.5264
vt 0.3515 0.546
vt 0.3435 0.524
vt 0.3378 0.455
vt 0.3476 0.4183
vt 0.3206 0.4523
vt 0.3303 0.5264
vt 0.2995 0.5954
vt 0.3045 0.513
vt 0.3822 0.4606
vt 0.3788 0.4137
vt 0.4074 0.4574
vt 0.408 0.5324
vt 0.3947 0.5909
vt 0.3768 0.5297
vt 0.4136 0.4131
vt 0.3005 0.4471
vt 0.3064 0.4011
vt 0.2888 0.4414
vt 0.3125 0.4496
vt 0.2955 0.5028
vt 0.2808 0.5177
vt 0.2769 0.4966
vt 0.2771 0.4353
vt 0.2933 0.4008
vt 0.263 0.4302
vt 0.2725 0.4801
vt 0.2562 0.4926
vt 0.2543 0.4718
vt 0.4498 0.4901
vt 0.4274 0.5329
vt 0.4191 0.487
vt 0.2199 0.4758
vt 0.1963 0.4305
vt 0.2163 0.502
vt 0.2149 0.4267
vt 0.2005 0.4778
vt 0.2478 0.4779
vt 0.236 0.4206
vt 0.2419 0.5249
vt 0.2526 0.4275
vt 0.2293 0.4776
vt 0.5647 0.313
vt 0.5494 0.2986
vt 0.6167 0.3017
vt 0.6065 0.2924
vt 0.5957 0.2859
vt 0.1538 0.1585
vt 0.1582 0.1667
vt 0.1577 0.1701
vt 0.1538 0.1619
vt 0.1602 0.1714
vt 0.1647 0.1994
vt 0.1684 0.199
vt 0.1591 0.19
vt 0.1538 0.1695
vt 0.1767 0.2138
vt 0.1687 0.2105
vt 0.1721 0.2479
vt 0.1692 0.2152
vt 0.1725 0.2485
vt 0.1858 0.2768
vt 0.169 0.2216
vt 0.1722 0.221
vt 0.1826 0.2672
vt 0.1734 0.2414
vt 0.1814 0.243
vt 0.1815 0.2252
vt 0.1664 0.2107
vt 0.1538 0.2109
vt 0.1538 0.237
vt 0.1683 0.221
vt 0.1538 0.1949
vt 0.1538 0.1697
vt 0.1538 0.22
vt 0.1538 0.2408
vt 0.1538 0.1888
vt 0.2064 0.4674
vt 0.1971 0.4122
vt 0.174 0.4425
vt 0.191 0.5661
vt 0.1767 0.5783
vt 0.168 0.6191
vt 0.1538 0.5767
vt 0.1538 0.6188
vt 0.1981 0.5176
vt 0.1538 0.5152
vt 0.1538 0.4396
vt 0.1749 0.3672
vt 0.173 0.3176
vt 0.1538 0.3198
vt 0.1817 0.3657
vt 0.1798 0.3179
vt 0.1538 0.2609
vt 0.1538 0.3712
vt 0.2892 0.3575
vt 0.387 0.3773
vt 0.4626 0.3601
vt 0.5345 0.3469
vt 0.5101 0.3731
vt 0.4428 0.4259
vt 0.5304 0.4883
vt 0.5297 0.4139
vt 0.4853 0.4678
vt 0.4878 0.4006
vt 0.5741 0.489
vt 0.5695 0.4153
vt 0.6933 0.3496
vt 0.615 0.3496
vt 0.8394 0.3199
vt 0.8799 0.2315
vt 0.7871 0.352
vt 0.6487 0.3994
vt 0.6084 0.4125
vt 0.8281 0.4435
vt 0.7699 0.4518
vt 0.6341 0.4794
vt 0.7391 0.5467
vt 0.8207 0.5116
vt 0.693 0.5345
vt 0.5739 0.3298
vt 0.4366 0.4547
vt 0.2545 0.6648
vt 0.2115 0.6063
vt 0.3381 0.7729
vt 0.2919 0.7375
vt 0.2112 0.6698
vt 0.1846 0.6188
vt 0.2649 0.8123
vt 0.2283 0.7521
vt 0.1693 0.6766
vt 0.2079 0.8517
vt 0.1824 0.7848
vt 0.3631 0.4627
vt 0.3605 0.4164
vt 0.3378 0.455
vt 0.3476 0.4183
vt 0.3822 0.4606
vt 0.3788 0.4137
vt 0.4136 0.4131
vt 0.3005 0.4471
vt 0.3064 0.4011
vt 0.2771 0.4353
vt 0.2933 0.4008
vt 0.1963 0.4305
vt 0.236 0.4206
vt 0.5647 0.313
vt 0.6065 0.2582
vt 0.6144 0.2701
vt 0.6059 0.2263
vt 0.605 0.2688
vt 0.622 0.2707
vt 0.6167 0.253
vt 0.6065 0.2924
vt 0.2008 0.3168
vt 0.1685 0.2622
vt 0.174 0.2884
vt 0.166 0.2741
vt 0.1811 0.2879
vt 0.1662 0.2967
vt 0.1538 0.3219
vt 0.1538 0.2791
vt 0.1538 0.2527
vt 0.1538 0.2609
vt 0.1734 0.2616
vt 0.1577 0.1701
vt 0.1582 0.1667
vt 0.1602 0.1714
vt 0.1647 0.1994
vt 0.1684 0.199
vt 0.1591 0.19
vt 0.1767 0.2138
vt 0.1687 0.2105
vt 0.1692 0.2152
vt 0.1721 0.2479
vt 0.1725 0.2485
vt 0.1858 0.2768
vt 0.169 0.2216
vt 0.1722 0.221
vt 0.1826 0.2672
vt 0.1814 0.243
vt 0.1734 0.2414
vt 0.1815 0.2252
vt 0.1664 0.2107
vt 0.1683 0.221
vt 0.2064 0.4674
vt 0.174 0.4425
vt 0.1971 0.4122
vt 0.191 0.5661
vt 0.168 0.6191
vt 0.1767 0.5783
vt 0.1981 0.5176
vt 0.1749 0.3672
vt 0.173 0.3176
vt 0.1798 0.3179
vt 0.1817 0.3657
vt 0.2892 0.3575
vt 0.387 0.3773
vt 0.4626 0.3601
vt 0.5345 0.3469
vt 0.5101 0.3731
vt 0.4428 0.4259
vt 0.5304 0.4883
vt 0.5297 0.4139
vt 0.493 0.5777
vt 0.4853 0.4678
vt 0.4878 0.4006
vt 0.5741 0.489
vt 0.5695 0.4153
vt 0.6933 0.3496
vt 0.615 0.3496
vt 0.8799 0.2315
vt 0.8394 0.3199
vt 0.7871 0.352
vt 0.6487 0.3994
vt 0.6084 0.4125
vt 0.8281 0.4435
vt 0.7699 0.4518
vt 0.6341 0.4794
vt 0.7391 0.5467
vt 0.693 0.5345
vt 0.5739 0.3298
vt 0.4366 0.4547
vt 0.2545 0.6648
vt 0.2115 0.6063
vt 0.3381 0.7729
vt 0.2919 0.7375
vt 0.2112 0.6698
vt 0.1846 0.6188
vt 0.2649 0.8123
vt 0.2283 0.7521
vt 0.1693 0.6766
vt 0.2079 0.8517
vt 0.1824 0.7848
vt 0.3631 0.4627
vt 0.3605 0.4164
vt 0.3378 0.455
vt 0.3476 0.4183
vt 0.3822 0.4606
vt 0.3788 0.4137
vt 0.4136 0.4131
vt 0.3005 0.4471
vt 0.3064 0.4011
vt 0.2771 0.4353
vt 0.2933 0.4008
vt 0.1963 0.4305
vt 0.236 0.4206
vt 0.5647 0.313
vt 0.6065 0.2582
vt 0.6059 0.2263
vt 0.6144 0.2701
vt 0.605 0.2688
vt 0.6167 0.253
vt 0.622 0.2707
vt 0.6065 0.2924
vt 0.2008 0.3168
vt 0.1685 0.2622
vt 0.174 0.2884
vt 0.166 0.2741
vt 0.1811 0.2879
vt 0.1662 0.2967
vt 0.1734 0.2616
vt 0.6065 0.2924
vt 0.6167 0.3017
vt 0.5957 0.2859
vt 0.6065 0.2924
vt 0.6167 0.3017
vt 0.5957 0.2859
vt 0.6167 0.3017
vt 0.6065 0.2924
vt 0.5957 0.2859
vt 0.6167 0.3017
vt 0.6065 0.2924
vt 0.5957 0.2859
vt 0.8394 0.3199
vt 0.872 0.2856
vt 0.8394 0.3199
vt 0.8428 0.289
vt 0.1538 0.2609
vt 0.1734 0.2616
vt 0.1734 0.2616
vt 0.1538 0.2609
vt 0.1734 0.2616
vt 0.1734 0.2616
vt 0.1538 0.2609
vt 0.1734 0.2616
vt 0.1734 0.2616
f 1/1/1 3/3/3 2/2/2
f 1/1/1 4/4/4 3/3/3
f 5/5/5 6/6/6 3/3/3
f 3/3/3 4/4/4 5/5/5
f 7/7/7 9/9/9 8/8/8
f 7/7/7 8/8/8 10/10/10
f 9/9/9 12/12/12 11/11/11
f 9/9/9 11/11/11 8/8/8
f 12/12/12 14/14/14 13/13/13
f 12/12/12 13/13/13 11/11/11
f 14/14/14 16/16/16 15/15/15
f 14/14/14 15/15/15 13/13/13
f 14/14/14 17/17/17 16/16/16
f 18/18/18 14/14/14 19/19/19
f 20/20/20 22/22/22 21/21/21
f 20/20/20 23/23/23 22/22/22
f 24/24/24 20/20/20 25/25/25
f 20/20/20 24/24/24 23/23/23
f 20/20/20 21/21/21 26/26/26
f 26/26/26 25/25/25 20/20/20
f 27/27/27 28/28/28 18/18/18
f 27/27/27 21/21/21 28/28/28
f 29/29/29 27/27/27 30/30/30
f 27/27/27 29/29/29 21/21/21
f 27/27/27 18/18/18 31/31/31
f 31/31/31 30/30/30 27/27/27
f 32/32/32 33/33/33 23/23/23
f 32/32/32 34/34/34 33/33/33
f 35/35/35 32/32/32 36/36/36
f 32/32/32 35/35/35 34/34/34
f 32/32/32 23/23/23 37/37/37
f 37/37/37 36/36/36 32/32/32
f 38/38/38 40/40/40 39/39/39
f 38/38/38 41/41/41 40/40/40
f 42/42/42 44/44/44 43/43/43
f 42/42/42 46/46/46 45/45/45
f 47/47/47 48/48/48 38/38/38
f 38/38/38 49/49/49 47/47/47
f 48/48/48 50/50/50 41/41/41
f 41/41/41 38/38/38 48/48/48
f 50/50/50 48/48/48 42/42/42
f 42/42/42 43/43/43 50/50/50
f 48/48/48 47/47/47 46/46/46
f 46/46/46 42/42/42 48/48/48
f 51/51/51 39/39/39 52/52/52
f 51/51/51 49/49/49 39/39/39
f 53/53/53 55/55/55 54/54/54
f 55/55/55 53/53/53 56/56/56
f 55/55/55 58/58/58 57/57/57
f 57/57/57 54/54/54 55/55/55
f 59/59/59 60/60/60 51/51/51
f 51/51/51 61/61/61 59/59/59
f 60/60/60 62/62/62 49/49/49
f 49/49/49 51/51/51 60/60/60
f 62/62/62 60/60/60 55/55/55
f 55/55/55 56/56/56 62/62/62
f 60/60/60 59/59/59 58/58/58
f 58/58/58 55/55/55 60/60/60
f 63/63/63 52/52/52 34/34/34
f 63/63/63 61/61/61 52/52/52
f 64/64/64 66/66/66 65/65/65
f 66/66/66 64/64/64 67/67/67
f 66/66/66 69/69/69 68/68/68
f 68/68/68 65/65/65 66/66/66
f 70/70/70 71/71/71 63/63/63
f 63/63/63 34/34/34 70/70/70
f 71/71/71 72/72/72 61/61/61
f 61/61/61 63/63/63 71/71/71
f 72/72/72 71/71/71 66/66/66
f 66/66/66 67/67/67 72/72/72
f 71/71/71 70/70/70 69/69/69
f 69/69/69 66/66/66 71/71/71
f 33/33/33 34/34/34 52/52/52
f 52/52/52 61/61/61 51/51/51
f 39/39/39 49/49/49 38/38/38
f 73/73/73 39/39/39 40/40/40
f 22/22/22 23/23/23 33/33/33
f 33/33/33 52/52/52 16/16/16
f 17/17/17 33/33/33 16/16/16
f 22/22/22 33/33/33 17/17/17
f 28/28/28 21/21/21 22/22/22
f 22/22/22 17/17/17 28/28/28
f 16/16/16 52/52/52 39/39/39
f 74/74/74 18/18/18 19/19/19
f 18/18/18 28/28/28 14/14/14
f 28/28/28 17/17/17 14/14/14
f 75/75/75 77/77/77 76/76/76
f 75/75/75 78/78/78 77/77/77
f 79/79/79 81/81/81 80/80/80
f 81/81/81 79/79/79 82/82/82
f 81/81/81 84/84/84 83/83/83
f 83/83/83 80/80/80 81/81/81
f 85/85/85 86/86/86 75/75/75
f 75/75/75 87/87/87 85/85/85
f 86/86/86 88/88/88 78/78/78
f 78/78/78 75/75/75 86/86/86
f 88/88/88 86/86/86 81/81/81
f 81/81/81 82/82/82 88/88/88
f 86/86/86 85/85/85 84/84/84
f 84/84/84 81/81/81 86/86/86
f 89/89/89 76/76/76 90/90/90
f 89/89/89 87/87/87 76/76/76
f 91/91/91 93/93/93 92/92/92
f 93/93/93 91/91/91 94/94/94
f 93/93/93 96/96/96 95/95/95
f 95/95/95 92/92/92 93/93/93
f 97/97/97 98/98/98 89/89/89
f 89/89/89 99/99/99 97/97/97
f 98/98/98 100/100/100 87/87/87
f 87/87/87 89/89/89 98/98/98
f 100/100/100 98/98/98 93/93/93
f 93/93/93 94/94/94 100/100/100
f 98/98/98 97/97/97 96/96/96
f 96/96/96 93/93/93 98/98/98
f 101/101/101 1/1/1 102/102/102
f 101/101/101 99/99/99 90/90/90
f 103/103/103 105/105/105 104/104/104
f 105/105/105 103/103/103 106/106/106
f 105/105/105 108/108/108 107/107/107
f 107/107/107 104/104/104 105/105/105
f 109/109/109 110/110/110 101/101/101
f 101/101/101 102/102/102 109/109/109
f 110/110/110 111/111/111 99/99/99
f 99/99/99 101/101/101 110/110/110
f 111/111/111 110/110/110 105/105/105
f 105/105/105 106/106/106 111/111/111
f 110/110/110 109/109/109 108/108/108
f 108/108/108 105/105/105 110/110/110
f 1/1/1 101/101/101 90/90/90
f 90/90/90 99/99/99 89/89/89
f 76/76/76 87/87/87 75/75/75
f 4/4/4 76/76/76 77/77/77
f 5/5/5 4/4/4 77/77/77
f 1/1/1 90/90/90 4/4/4
f 4/4/4 90/90/90 76/76/76
f 112/112/112 114/114/114 113/113/113
f 112/112/112 115/115/115 114/114/114
f 116/116/116 112/112/112 117/117/117
f 112/112/112 116/116/116 115/115/115
f 112/112/112 113/113/113 118/118/118
f 118/118/118 117/117/117 112/112/112
f 119/119/119 121/121/121 120/120/120
f 119/119/119 113/113/113 121/121/121
f 122/122/122 119/119/119 123/123/123
f 119/119/119 122/122/122 113/113/113
f 119/119/119 120/120/120 124/124/124
f 124/124/124 123/123/123 119/119/119
f 125/125/125 126/126/126 115/115/115
f 125/125/125 127/127/127 126/126/126
f 128/128/128 125/125/125 129/129/129
f 125/125/125 128/128/128 127/127/127
f 125/125/125 115/115/115 130/130/130
f 130/130/130 129/129/129 125/125/125
f 126/126/126 127/127/127 131/131/131
f 114/114/114 115/115/115 126/126/126
f 121/121/121 113/113/113 114/114/114
f 132/132/132 134/134/134 133/133/133
f 132/132/132 135/135/135 134/134/134
f 136/136/136 132/132/132 137/137/137
f 132/132/132 136/136/136 135/135/135
f 132/132/132 133/133/133 138/138/138
f 138/138/138 137/137/137 132/132/132
f 139/139/139 141/141/141 140/140/140
f 139/139/139 133/133/133 141/141/141
f 142/142/142 139/139/139 143/143/143
f 139/139/139 142/142/142 133/133/133
f 139/139/139 140/140/140 144/144/144
f 144/144/144 143/143/143 139/139/139
f 141/141/141 133/133/133 134/134/134
f 14/14/14 131/131/131 19/19/19
f 126/126/126 131/131/131 12/12/12
f 12/12/12 131/131/131 14/14/14
f 114/114/114 126/126/126 12/12/12
f 121/121/121 114/114/114 12/12/12
f 135/135/135 121/121/121 134/134/134
f 134/134/134 121/121/121 12/12/12
f 134/134/134 12/12/12 9/9/9
f 141/141/141 134/134/134 9/9/9
f 140/140/140 141/141/141 9/9/9
f 135/135/135 120/120/120 121/121/121
f 127/127/127 19/19/19 131/131/131
f 127/127/127 74/74/74 19/19/19
f 145/145/145 74/74/74 146/146/146
f 74/74/74 145/145/145 18/18/18
f 74/74/74 127/127/127 147/147/147
f 147/147/147 146/146/146 74/74/74
f 148/148/148 150/150/150 149/149/149
f 150/150/150 148/148/148 151/151/151
f 152/152/152 149/149/149 150/150/150
f 153/153/153 155/155/155 154/154/154
f 155/155/155 153/153/153 156/156/156
f 155/155/155 151/151/151 157/157/157
f 157/157/157 154/154/154 155/155/155
f 155/155/155 156/156/156 9/9/9
f 151/151/151 155/155/155 9/9/9
f 150/150/150 151/151/151 7/7/7
f 151/151/151 9/9/9 7/7/7
f 156/156/156 140/140/140 9/9/9
f 158/158/158 15/15/15 73/73/73
f 158/158/158 159/159/159 15/15/15
f 160/160/160 161/161/161 158/158/158
f 158/158/158 73/73/73 160/160/160
f 161/161/161 162/162/162 159/159/159
f 159/159/159 158/158/158 161/161/161
f 16/16/16 73/73/73 15/15/15
f 16/16/16 39/39/39 73/73/73
f 73/73/73 40/40/40 160/160/160
f 102/102/102 1/1/1 2/2/2
f 163/163/163 2/2/2 3/3/3
f 163/163/163 3/3/3 164/164/164
f 165/165/165 3/3/3 6/6/6
f 3/3/3 165/165/165 164/164/164
f 7/7/7 167/167/167 166/166/166
f 7/7/7 10/10/10 167/167/167
f 166/166/166 169/169/169 168/168/168
f 166/166/166 167/167/167 169/169/169
f 168/168/168 171/171/171 170/170/170
f 168/168/168 169/169/169 171/171/171
f 170/170/170 173/173/173 172/172/172
f 170/170/170 171/171/171 173/173/173
f 170/170/170 172/172/172 174/174/174
f 175/175/175 176/176/176 170/170/170
f 177/177/177 179/179/179 178/178/178
f 177/177/177 178/178/178 180/180/180
f 181/181/181 182/182/182 177/177/177
f 177/177/177 180/180/180 181/181/181
f 177/177/177 183/183/183 179/179/179
f 183/183/183 177/177/177 182/182/182
f 184/184/184 175/175/175 185/185/185
f 184/184/184 185/185/185 179/179/179
f 186/186/186 187/187/187 184/184/184
f 184/184/184 179/179/179 186/186/186
f 184/184/184 188/188/188 175/175/175
f 188/188/188 184/184/184 187/187/187
f 189/189/189 180/180/180 190/190/190
f 189/189/189 190/190/190 191/191/191
f 192/192/192 193/193/193 189/189/189
f 189/189/189 191/191/191 192/192/192
f 189/189/189 194/194/194 180/180/180
f 194/194/194 189/189/189 193/193/193
f 195/195/195 197/197/197 196/196/196
f 195/195/195 196/196/196 198/198/198
f 199/199/199 201/201/201 200/200/200
f 199/199/199 203/203/203 202/202/202
f 204/204/204 195/195/195 205/205/205
f 195/195/195 204/204/204 206/206/206
f 205/205/205 198/198/198 207/207/207
f 198/198/198 205/205/205 195/195/195
f 207/207/207 199/199/199 205/205/205
f 199/199/199 207/207/207 201/201/201
f 205/205/205 202/202/202 204/204/204
f 202/202/202 205/205/205 199/199/199
f 208/208/208 209/209/209 197/197/197
f 208/208/208 197/197/197 206/206/206
f 210/210/210 212/212/212 211/211/211
f 211/211/211 213/213/213 210/210/210
f 211/211/211 215/215/215 214/214/214
f 215/215/215 211/211/211 212/212/212
f 216/216/216 208/208/208 217/217/217
f 208/208/208 216/216/216 218/218/218
f 217/217/217 206/206/206 219/219/219
f 206/206/206 217/217/217 208/208/208
f 219/219/219 211/211/211 217/217/217
f 211/211/211 219/219/219 213/213/213
f 217/217/217 214/214/214 216/216/216
f 214/214/214 217/217/217 211/211/211
f 220/220/220 191/191/191 209/209/209
f 220/220/220 209/209/209 218/218/218
f 221/221/221 223/223/223 222/222/222
f 222/222/222 224/224/224 221/221/221
f 222/222/222 226/226/226 225/225/225
f 226/226/226 222/222/222 223/223/223
f 227/227/227 220/220/220 228/228/228
f 220/220/220 227/227/227 191/191/191
f 228/228/228 218/218/218 229/229/229
f 218/218/218 228/228/228 220/220/220
f 229/229/229 222/222/222 228/228/228
f 222/222/222 229/229/229 224/224/224
f 228/228/228 225/225/225 227/227/227
f 225/225/225 228/228/228 222/222/222
f 190/190/190 209/209/209 191/191/191
f 209/209/209 208/208/208 218/218/218
f 197/197/197 195/195/195 206/206/206
f 230/230/230 196/196/196 197/197/197
f 178/178/178 190/190/190 180/180/180
f 190/190/190 172/172/172 209/209/209
f 174/174/174 172/172/172 190/190/190
f 178/178/178 174/174/174 190/190/190
f 185/185/185 178/178/178 179/179/179
f 178/178/178 185/185/185 174/174/174
f 172/172/172 197/197/197 209/209/209
f 231/231/231 176/176/176 175/175/175
f 175/175/175 170/170/170 185/185/185
f 185/185/185 170/170/170 174/174/174
f 232/232/232 234/234/234 233/233/233
f 232/232/232 233/233/233 235/235/235
f 236/236/236 238/238/238 237/237/237
f 237/237/237 239/239/239 236/236/236
f 237/237/237 241/241/241 240/240/240
f 241/241/241 237/237/237 238/238/238
f 242/242/242 232/232/232 243/243/243
f 232/232/232 242/242/242 244/244/244
f 243/243/243 235/235/235 245/245/245
f 235/235/235 243/243/243 232/232/232
f 245/245/245 237/237/237 243/243/243
f 237/237/237 245/245/245 239/239/239
f 243/243/243 240/240/240 242/242/242
f 240/240/240 243/243/243 237/237/237
f 246/246/246 247/247/247 234/234/234
f 246/246/246 234/234/234 244/244/244
f 248/248/248 250/250/250 249/249/249
f 249/249/249 251/251/251 248/248/248
f 249/249/249 253/253/253 252/252/252
f 253/253/253 249/249/249 250/250/250
f 254/254/254 246/246/246 255/255/255
f 246/246/246 254/254/254 256/256/256
f 255/255/255 244/244/244 257/257/257
f 244/244/244 255/255/255 246/246/246
f 257/257/257 249/249/249 255/255/255
f 249/249/249 257/257/257 251/251/251
f 255/255/255 252/252/252 254/254/254
f 252/252/252 255/255/255 249/249/249
f 258/258/258 102/102/102 163/163/163
f 258/258/258 247/247/247 256/256/256
f 259/259/259 261/261/261 260/260/260
f 260/260/260 262/262/262 259/259/259
f 260/260/260 264/264/264 263/263/263
f 264/264/264 260/260/260 261/261/261
f 265/265/265 258/258/258 266/266/266
f 258/258/258 265/265/265 102/102/102
f 266/266/266 256/256/256 267/267/267
f 256/256/256 266/266/266 258/258/258
f 267/267/267 260/260/260 266/266/266
f 260/260/260 267/267/267 262/262/262
f 266/266/266 263/263/263 265/265/265
f 263/263/263 266/266/266 260/260/260
f 163/163/163 247/247/247 258/258/258
f 247/247/247 246/246/246 256/256/256
f 234/234/234 232/232/232 244/244/244
f 164/164/164 233/233/233 234/234/234
f 165/165/165 233/233/233 164/164/164
f 163/163/163 164/164/164 247/247/247
f 164/164/164 234/234/234 247/247/247
f 268/268/268 270/270/270 269/269/269
f 268/268/268 269/269/269 271/271/271
f 272/272/272 273/273/273 268/268/268
f 268/268/268 271/271/271 272/272/272
f 268/268/268 274/274/274 270/270/270
f 274/274/274 268/268/268 273/273/273
f 275/275/275 277/277/277 276/276/276
f 275/275/275 276/276/276 270/270/270
f 278/278/278 279/279/279 275/275/275
f 275/275/275 270/270/270 278/278/278
f 275/275/275 280/280/280 277/277/277
f 280/280/280 275/275/275 279/279/279
f 281/281/281 271/271/271 282/282/282
f 281/281/281 282/282/282 283/283/283
f 284/284/284 285/285/285 281/281/281
f 281/281/281 283/283/283 284/284/284
f 281/281/281 286/286/286 271/271/271
f 286/286/286 281/281/281 285/285/285
f 282/282/282 287/287/287 283/283/283
f 269/269/269 282/282/282 271/271/271
f 276/276/276 269/269/269 270/270/270
f 288/288/288 290/290/290 289/289/289
f 288/288/288 289/289/289 291/291/291
f 292/292/292 293/293/293 288/288/288
f 288/288/288 291/291/291 292/292/292
f 288/288/288 294/294/294 290/290/290
f 294/294/294 288/288/288 293/293/293
f 295/295/295 297/297/297 296/296/296
f 295/295/295 296/296/296 290/290/290
f 298/298/298 299/299/299 295/295/295
f 295/295/295 290/290/290 298/298/298
f 295/295/295 300/300/300 297/297/297
f 300/300/300 295/295/295 299/299/299
f 296/296/296 289/289/289 290/290/290
f 170/170/170 176/176/176 287/287/287
f 282/282/282 168/168/168 287/287/287
f 168/168/168 170/170/170 287/287/287
f 269/269/269 168/168/168 282/282/282
f 276/276/276 168/168/168 269/269/269
f 291/291/291 289/289/289 276/276/276
f 289/289/289 168/168/168 276/276/276
f 289/289/289 166/166/166 168/168/168
f 296/296/296 166/166/166 289/289/289
f 297/297/297 166/166/166 296/296/296
f 291/291/291 276/276/276 277/277/277
f 283/283/283 287/287/287 176/176/176
f 283/283/283 176/176/176 231/231/231
f 301/301/301 302/302/302 231/231/231
f 231/231/231 175/175/175 301/301/301
f 231/231/231 303/303/303 283/283/283
f 303/303/303 231/231/231 302/302/302
f 304/304/304 306/306/306 305/305/305
f 305/305/305 307/307/307 304/304/304
f 308/308/308 305/305/305 306/306/306
f 309/309/309 311/311/311 310/310/310
f 310/310/310 312/312/312 309/309/309
f 310/310/310 313/313/313 307/307/307
f 313/313/313 310/310/310 311/311/311
f 310/310/310 166/166/166 312/312/312
f 307/307/307 166/166/166 310/310/310
f 305/305/305 7/7/7 307/307/307
f 307/307/307 7/7/7 166/166/166
f 312/312/312 166/166/166 297/297/297
f 314/314/314 230/230/230 173/173/173
f 314/314/314 173/173/173 315/315/315
f 316/316/316 314/314/314 317/317/317
f 314/314/314 316/316/316 230/230/230
f 317/317/317 315/315/315 318/318/318
f 315/315/315 317/317/317 314/314/314
f 172/172/172 173/173/173 230/230/230
f 172/172/172 230/230/230 197/197/197
f 230/230/230 316/316/316 196/196/196
f 102/102/102 2/2/2 163/163/163
f 319/319/319 321/321/321 320/320/320
f 319/319/319 320/320/320 322/322/322
f 323/323/323 321/321/321 324/324/324
f 324/324/324 325/325/325 323/323/323
f 326/326/326 323/323/323 325/325/325
f 323/323/323 326/326/326 327/327/327
f 328/328/328 325/325/325 324/324/324
f 328/328/328 326/326/326 325/325/325
f 329/329/329 331/331/331 330/330/330
f 332/332/332 330/330/330 333/333/333
f 330/330/330 332/332/332 334/334/334
f 335/335/335 328/328/328 324/324/324
f 336/336/336 338/338/338 337/337/337
f 328/328/328 339/339/339 331/331/331
f 339/339/339 338/338/338 330/330/330
f 330/330/330 331/331/331 339/339/339
f 333/333/333 330/330/330 336/336/336
f 328/328/328 335/335/335 339/339/339
f 338/338/338 339/339/339 335/335/335
f 335/335/335 337/337/337 338/338/338
f 330/330/330 338/338/338 336/336/336
f 340/340/340 342/342/342 341/341/341
f 342/342/342 340/340/340 343/343/343
f 343/343/343 332/332/332 342/342/342
f 341/341/341 326/326/326 340/340/340
f 328/328/328 331/331/331 326/326/326
f 340/340/340 326/326/326 329/329/329
f 329/329/329 343/343/343 340/340/340
f 329/329/329 330/330/330 334/334/334
f 334/334/334 332/332/332 343/343/343
f 326/326/326 331/331/331 329/329/329
f 343/343/343 329/329/329 334/334/334
f 321/321/321 323/323/323 320/320/320
f 327/327/327 320/320/320 323/323/323
f 320/320/320 327/327/327 322/322/322
f 344/344/344 321/321/321 345/345/345
f 321/321/321 344/344/344 324/324/324
f 346/346/346 324/324/324 344/344/344
f 324/324/324 346/346/346 335/335/335
f 347/347/347 335/335/335 346/346/346
f 335/335/335 347/347/347 337/337/337
f 327/327/327 326/326/326 348/348/348
f 348/348/348 326/326/326 341/341/341
f 349/349/349 351/351/351 350/350/350
f 352/352/352 354/354/354 353/353/353
f 354/354/354 356/356/356 355/355/355
f 354/354/354 355/355/355 353/353/353
f 357/357/357 353/353/353 5/5/5
f 353/353/353 357/357/357 352/352/352
f 5/5/5 355/355/355 358/358/358
f 355/355/355 5/5/5 353/353/353
f 5/5/5 349/349/349 357/357/357
f 349/349/349 5/5/5 351/351/351
f 358/358/358 351/351/351 5/5/5
f 351/351/351 358/358/358 359/359/359
f 359/359/359 360/360/360 351/351/351
f 361/361/361 10/10/10 362/362/362
f 360/360/360 364/364/364 363/363/363
f 364/364/364 360/360/360 361/361/361
f 362/362/362 333/333/333 361/361/361
f 333/333/333 362/362/362 365/365/365
f 361/361/361 336/336/336 364/364/364
f 336/336/336 361/361/361 333/333/333
f 366/366/366 8/8/8 367/367/367
f 366/366/366 10/10/10 8/8/8
f 367/367/367 11/11/11 368/368/368
f 367/367/367 8/8/8 11/11/11
f 368/368/368 13/13/13 369/369/369
f 368/368/368 11/11/11 13/13/13
f 369/369/369 15/15/15 370/370/370
f 369/369/369 13/13/13 15/15/15
f 369/369/369 370/370/370 371/371/371
f 18/18/18 372/372/372 369/369/369
f 373/373/373 21/21/21 374/374/374
f 373/373/373 374/374/374 23/23/23
f 24/24/24 25/25/25 373/373/373
f 373/373/373 23/23/23 24/24/24
f 373/373/373 26/26/26 21/21/21
f 26/26/26 373/373/373 25/25/25
f 375/375/375 18/18/18 376/376/376
f 375/375/375 376/376/376 21/21/21
f 29/29/29 30/30/30 375/375/375
f 375/375/375 21/21/21 29/29/29
f 375/375/375 31/31/31 18/18/18
f 31/31/31 375/375/375 30/30/30
f 377/377/377 23/23/23 378/378/378
f 377/377/377 378/378/378 34/34/34
f 35/35/35 36/36/36 377/377/377
f 377/377/377 34/34/34 35/35/35
f 377/377/377 37/37/37 23/23/23
f 37/37/37 377/377/377 36/36/36
f 379/379/379 380/380/380 40/40/40
f 379/379/379 40/40/40 41/41/41
f 44/44/44 382/382/382 381/381/381
f 381/381/381 43/43/43 44/44/44
f 381/381/381 45/45/45 46/46/46
f 45/45/45 381/381/381 382/382/382
f 47/47/47 379/379/379 383/383/383
f 379/379/379 47/47/47 49/49/49
f 383/383/383 41/41/41 50/50/50
f 41/41/41 383/383/383 379/379/379
f 50/50/50 381/381/381 383/383/383
f 381/381/381 50/50/50 43/43/43
f 383/383/383 46/46/46 47/47/47
f 46/46/46 383/383/383 381/381/381
f 384/384/384 385/385/385 380/380/380
f 384/384/384 380/380/380 49/49/49
f 53/53/53 54/54/54 386/386/386
f 386/386/386 56/56/56 53/53/53
f 386/386/386 57/57/57 58/58/58
f 57/57/57 386/386/386 54/54/54
f 59/59/59 384/384/384 387/387/387
f 384/384/384 59/59/59 61/61/61
f 387/387/387 49/49/49 62/62/62
f 49/49/49 387/387/387 384/384/384
f 62/62/62 386/386/386 387/387/387
f 386/386/386 62/62/62 56/56/56
f 387/387/387 58/58/58 59/59/59
f 58/58/58 387/387/387 386/386/386
f 388/388/388 34/34/34 385/385/385
f 388/388/388 385/385/385 61/61/61
f 64/64/64 390/390/390 389/389/389
f 389/389/389 67/67/67 64/64/64
f 389/389/389 68/68/68 69/69/69
f 68/68/68 389/389/389 390/390/390
f 70/70/70 388/388/388 391/391/391
f 388/388/388 70/70/70 34/34/34
f 391/391/391 61/61/61 72/72/72
f 61/61/61 391/391/391 388/388/388
f 72/72/72 389/389/389 391/391/391
f 389/389/389 72/72/72 67/67/67
f 391/391/391 69/69/69 70/70/70
f 69/69/69 391/391/391 389/389/389
f 378/378/378 385/385/385 34/34/34
f 385/385/385 384/384/384 61/61/61
f 380/380/380 379/379/379 49/49/49
f 392/392/392 40/40/40 380/380/380
f 374/374/374 378/378/378 23/23/23
f 378/378/378 370/370/370 385/385/385
f 371/371/371 370/370/370 378/378/378
f 374/374/374 371/371/371 378/378/378
f 376/376/376 374/374/374 21/21/21
f 374/374/374 376/376/376 371/371/371
f 370/370/370 380/380/380 385/385/385
f 393/393/393 372/372/372 18/18/18
f 18/18/18 369/369/369 376/376/376
f 376/376/376 369/369/369 371/371/371
f 394/394/394 395/395/395 77/77/77
f 394/394/394 77/77/77 78/78/78
f 79/79/79 80/80/80 396/396/396
f 396/396/396 82/82/82 79/79/79
f 396/396/396 83/83/83 84/84/84
f 83/83/83 396/396/396 80/80/80
f 85/85/85 394/394/394 397/397/397
f 394/394/394 85/85/85 87/87/87
f 397/397/397 78/78/78 88/88/88
f 78/78/78 397/397/397 394/394/394
f 88/88/88 396/396/396 397/397/397
f 396/396/396 88/88/88 82/82/82
f 397/397/397 84/84/84 85/85/85
f 84/84/84 397/397/397 396/396/396
f 398/398/398 399/399/399 395/395/395
f 398/398/398 395/395/395 87/87/87
f 91/91/91 92/92/92 400/400/400
f 400/400/400 94/94/94 91/91/91
f 400/400/400 95/95/95 96/96/96
f 95/95/95 400/400/400 92/92/92
f 97/97/97 398/398/398 401/401/401
f 398/398/398 97/97/97 99/99/99
f 401/401/401 87/87/87 100/100/100
f 87/87/87 401/401/401 398/398/398
f 100/100/100 400/400/400 401/401/401
f 400/400/400 100/100/100 94/94/94
f 401/401/401 96/96/96 97/97/97
f 96/96/96 401/401/401 400/400/400
f 402/402/402 102/102/102 354/354/354
f 402/402/402 399/399/399 99/99/99
f 103/103/103 104/104/104 403/403/403
f 403/403/403 106/106/106 103/103/103
f 403/403/403 107/107/107 108/108/108
f 107/107/107 403/403/403 104/104/104
f 109/109/109 402/402/402 404/404/404
f 402/402/402 109/109/109 102/102/102
f 404/404/404 99/99/99 111/111/111
f 99/99/99 404/404/404 402/402/402
f 111/111/111 403/403/403 404/404/404
f 403/403/403 111/111/111 106/106/106
f 404/404/404 108/108/108 109/109/109
f 108/108/108 404/404/404 403/403/403
f 354/354/354 399/399/399 402/402/402
f 399/399/399 398/398/398 99/99/99
f 395/395/395 394/394/394 87/87/87
f 353/353/353 77/77/77 395/395/395
f 5/5/5 77/77/77 353/353/353
f 354/354/354 353/353/353 399/399/399
f 353/353/353 395/395/395 399/399/399
f 405/405/405 113/113/113 406/406/406
f 405/405/405 406/406/406 115/115/115
f 116/116/116 117/117/117 405/405/405
f 405/405/405 115/115/115 116/116/116
f 405/405/405 118/118/118 113/113/113
f 118/118/118 405/405/405 117/117/117
f 407/407/407 120/120/120 408/408/408
f 407/407/407 408/408/408 113/113/113
f 122/122/122 123/123/123 407/407/407
f 407/407/407 113/113/113 122/122/122
f 407/407/407 124/124/124 120/120/120
f 124/124/124 407/407/407 123/123/123
f 409/409/409 115/115/115 410/410/410
f 409/409/409 410/410/410 127/127/127
f 128/128/128 129/129/129 409/409/409
f 409/409/409 127/127/127 128/128/128
f 409/409/409 130/130/130 115/115/115
f 130/130/130 409/409/409 129/129/129
f 410/410/410 411/411/411 127/127/127
f 406/406/406 410/410/410 115/115/115
f 408/408/408 406/406/406 113/113/113
f 412/412/412 133/133/133 413/413/413
f 412/412/412 413/413/413 135/135/135
f 136/136/136 137/137/137 412/412/412
f 412/412/412 135/135/135 136/136/136
f 412/412/412 138/138/138 133/133/133
f 138/138/138 412/412/412 137/137/137
f 414/414/414 140/140/140 415/415/415
f 414/414/414 415/415/415 133/133/133
f 142/142/142 143/143/143 414/414/414
f 414/414/414 133/133/133 142/142/142
f 414/414/414 144/144/144 140/140/140
f 144/144/144 414/414/414 143/143/143
f 415/415/415 413/413/413 133/133/133
f 369/369/369 372/372/372 411/411/411
f 410/410/410 368/368/368 411/411/411
f 368/368/368 369/369/369 411/411/411
f 406/406/406 368/368/368 410/410/410
f 408/408/408 368/368/368 406/406/406
f 135/135/135 413/413/413 408/408/408
f 413/413/413 368/368/368 408/408/408
f 413/413/413 367/367/367 368/368/368
f 415/415/415 367/367/367 413/413/413
f 140/140/140 367/367/367 415/415/415
f 135/135/135 408/408/408 120/120/120
f 127/127/127 411/411/411 372/372/372
f 127/127/127 372/372/372 393/393/393
f 145/145/145 146/146/146 393/393/393
f 393/393/393 18/18/18 145/145/145
f 393/393/393 147/147/147 127/127/127
f 147/147/147 393/393/393 146/146/146
f 148/148/148 149/149/149 416/416/416
f 416/416/416 151/151/151 148/148/148
f 153/153/153 154/154/154 417/417/417
f 417/417/417 156/156/156 153/153/153
f 417/417/417 157/157/157 151/151/151
f 157/157/157 417/417/417 154/154/154
f 417/417/417 367/367/367 156/156/156
f 151/151/151 367/367/367 417/417/417
f 416/416/416 366/366/366 151/151/151
f 351/351/351 366/366/366 416/416/416
f 151/151/151 366/366/366 367/367/367
f 156/156/156 367/367/367 140/140/140
f 418/418/418 392/392/392 15/15/15
f 418/418/418 15/15/15 159/159/159
f 419/419/419 421/421/421 420/420/420
f 420/420/420 422/422/422 419/419/419
f 420/420/420 424/424/424 423/423/423
f 424/424/424 420/420/420 421/421/421
f 160/160/160 418/418/418 425/425/425
f 418/418/418 160/160/160 392/392/392
f 425/425/425 159/159/159 162/162/162
f 159/159/159 425/425/425 418/418/418
f 162/162/162 420/420/420 425/425/425
f 420/420/420 162/162/162 422/422/422
f 425/425/425 423/423/423 160/160/160
f 423/423/423 425/425/425 420/420/420
f 370/370/370 15/15/15 392/392/392
f 370/370/370 392/392/392 380/380/380
f 392/392/392 160/160/160 40/40/40
f 426/426/426 427/427/427 332/332/332
f 426/426/426 332/332/332 333/333/333
f 428/428/428 429/429/429 427/427/427
f 428/428/428 427/427/427 430/430/430
f 431/431/431 432/432/432 429/429/429
f 433/433/433 429/429/429 432/432/432
f 429/429/429 428/428/428 431/431/431
f 427/427/427 426/426/426 430/430/430
f 434/434/434 332/332/332 427/427/427
f 342/342/342 332/332/332 434/434/434
f 433/433/433 434/434/434 429/429/429
f 434/434/434 427/427/427 429/429/429
f 102/102/102 356/356/356 354/354/354
f 361/361/361 360/360/360 10/10/10
f 366/366/366 10/10/10 360/360/360
f 360/360/360 359/359/359 366/366/366
f 350/350/350 351/351/351 360/360/360
f 360/360/360 363/363/363 350/350/350
f 435/435/435 436/436/436 337/337/337
f 337/337/337 347/347/347 435/435/435
f 336/336/336 337/337/337 436/436/436
f 336/336/336 436/436/436 364/364/364
f 426/426/426 333/333/333 365/365/365
f 365/365/365 432/432/432 431/431/431
f 430/430/430 426/426/426 365/365/365
f 365/365/365 431/431/431 428/428/428
f 365/365/365 428/428/428 430/430/430
f 319/319/319 438/438/438 437/437/437
f 319/319/319 322/322/322 438/438/438
f 439/439/439 440/440/440 437/437/437
f 440/440/440 439/439/439 441/441/441
f 442/442/442 441/441/441 439/439/439
f 439/439/439 327/327/327 442/442/442
f 443/443/443 440/440/440 441/441/441
f 443/443/443 441/441/441 442/442/442
f 444/444/444 446/446/446 445/445/445
f 447/447/447 448/448/448 446/446/446
f 446/446/446 449/449/449 447/447/447
f 450/450/450 440/440/440 443/443/443
f 451/451/451 453/453/453 452/452/452
f 443/443/443 445/445/445 454/454/454
f 454/454/454 446/446/446 452/452/452
f 446/446/446 454/454/454 445/445/445
f 448/448/448 451/451/451 446/446/446
f 443/443/443 454/454/454 450/450/450
f 452/452/452 450/450/450 454/454/454
f 450/450/450 452/452/452 453/453/453
f 446/446/446 451/451/451 452/452/452
f 455/455/455 341/341/341 342/342/342
f 342/342/342 456/456/456 455/455/455
f 456/456/456 342/342/342 447/447/447
f 341/341/341 455/455/455 442/442/442
f 443/443/443 442/442/442 445/445/445
f 455/455/455 444/444/444 442/442/442
f 444/444/444 455/455/455 456/456/456
f 444/444/444 449/449/449 446/446/446
f 449/449/449 456/456/456 447/447/447
f 442/442/442 444/444/444 445/445/445
f 456/456/456 449/449/449 444/444/444
f 437/437/437 438/438/438 439/439/439
f 327/327/327 439/439/439 438/438/438
f 438/438/438 322/322/322 327/327/327
f 344/344/344 345/345/345 437/437/437
f 437/437/437 440/440/440 344/344/344
f 346/346/346 344/344/344 440/440/440
f 440/440/440 450/450/450 346/346/346
f 347/347/347 346/346/346 450/450/450
f 450/450/450 453/453/453 347/347/347
f 327/327/327 348/348/348 442/442/442
f 348/348/348 341/341/341 442/442/442
f 457/457/457 459/459/459 458/458/458
f 460/460/460 462/462/462 461/461/461
f 461/461/461 355/355/355 356/356/356
f 461/461/461 462/462/462 355/355/355
f 463/463/463 165/165/165 462/462/462
f 462/462/462 460/460/460 463/463/463
f 165/165/165 358/358/358 355/355/355
f 355/355/355 462/462/462 165/165/165
f 165/165/165 463/463/463 457/457/457
f 457/457/457 458/458/458 165/165/165
f 358/358/358 165/165/165 458/458/458
f 458/458/458 359/359/359 358/358/358
f 359/359/359 458/458/458 464/464/464
f 465/465/465 362/362/362 10/10/10
f 464/464/464 467/467/467 466/466/466
f 466/466/466 465/465/465 464/464/464
f 362/362/362 465/465/465 448/448/448
f 448/448/448 365/365/365 362/362/362
f 465/465/465 466/466/466 451/451/451
f 451/451/451 448/448/448 465/465/465
f 366/366/366 468/468/468 167/167/167
f 366/366/366 167/167/167 10/10/10
f 468/468/468 469/469/469 169/169/169
f 468/468/468 169/169/169 167/167/167
f 469/469/469 470/470/470 171/171/171
f 469/469/469 171/171/171 169/169/169
f 470/470/470 471/471/471 173/173/173
f 470/470/470 173/173/173 171/171/171
f 470/470/470 472/472/472 471/471/471
f 175/175/175 470/470/470 473/473/473
f 474/474/474 475/475/475 179/179/179
f 474/474/474 180/180/180 475/475/475
f 181/181/181 474/474/474 182/182/182
f 474/474/474 181/181/181 180/180/180
f 474/474/474 179/179/179 476/476/476
f 476/476/476 182/182/182 474/474/474
f 477/477/477 478/478/478 175/175/175
f 477/477/477 179/179/179 478/478/478
f 186/186/186 477/477/477 187/187/187
f 477/477/477 186/186/186 179/179/179
f 477/477/477 175/175/175 188/188/188
f 188/188/188 187/187/187 477/477/477
f 479/479/479 480/480/480 180/180/180
f 479/479/479 191/191/191 480/480/480
f 192/192/192 479/479/479 193/193/193
f 479/479/479 192/192/192 191/191/191
f 479/479/479 180/180/180 194/194/194
f 194/194/194 193/193/193 479/479/479
f 481/481/481 196/196/196 482/482/482
f 481/481/481 198/198/198 196/196/196
f 200/200/200 484/484/484 483/483/483
f 484/484/484 200/200/200 201/201/201
f 484/484/484 202/202/202 203/203/203
f 203/203/203 483/483/483 484/484/484
f 204/204/204 485/485/485 481/481/481
f 481/481/481 206/206/206 204/204/204
f 485/485/485 207/207/207 198/198/198
f 198/198/198 481/481/481 485/485/485
f 207/207/207 485/485/485 484/484/484
f 484/484/484 201/201/201 207/207/207
f 485/485/485 204/204/204 202/202/202
f 202/202/202 484/484/484 485/485/485
f 486/486/486 482/482/482 487/487/487
f 486/486/486 206/206/206 482/482/482
f 210/210/210 488/488/488 212/212/212
f 488/488/488 210/210/210 213/213/213
f 488/488/488 214/214/214 215/215/215
f 215/215/215 212/212/212 488/488/488
f 216/216/216 489/489/489 486/486/486
f 486/486/486 218/218/218 216/216/216
f 489/489/489 219/219/219 206/206/206
f 206/206/206 486/486/486 489/489/489
f 219/219/219 489/489/489 488/488/488
f 488/488/488 213/213/213 219/219/219
f 489/489/489 216/216/216 214/214/214
f 214/214/214 488/488/488 489/489/489
f 490/490/490 487/487/487 191/191/191
f 490/490/490 218/218/218 487/487/487
f 221/221/221 491/491/491 223/223/223
f 491/491/491 221/221/221 224/224/224
f 491/491/491 225/225/225 226/226/226
f 226/226/226 223/223/223 491/491/491
f 227/227/227 492/492/492 490/490/490
f 490/490/490 191/191/191 227/227/227
f 492/492/492 229/229/229 218/218/218
f 218/218/218 490/490/490 492/492/492
f 229/229/229 492/492/492 491/491/491
f 491/491/491 224/224/224 229/229/229
f 492/492/492 227/227/227 225/225/225
f 225/225/225 491/491/491 492/492/492
f 480/480/480 191/191/191 487/487/487
f 487/487/487 218/218/218 486/486/486
f 482/482/482 206/206/206 481/481/481
f 493/493/493 482/482/482 196/196/196
f 475/475/475 180/180/180 480/480/480
f 480/480/480 487/487/487 471/471/471
f 472/472/472 480/480/480 471/471/471
f 475/475/475 480/480/480 472/472/472
f 478/478/478 179/179/179 475/475/475
f 475/475/475 472/472/472 478/478/478
f 471/471/471 487/487/487 482/482/482
f 494/494/494 175/175/175 473/473/473
f 175/175/175 478/478/478 470/470/470
f 478/478/478 472/472/472 470/470/470
f 495/495/495 233/233/233 496/496/496
f 495/495/495 235/235/235 233/233/233
f 236/236/236 497/497/497 238/238/238
f 497/497/497 236/236/236 239/239/239
f 497/497/497 240/240/240 241/241/241
f 241/241/241 238/238/238 497/497/497
f 242/242/242 498/498/498 495/495/495
f 495/495/495 244/244/244 242/242/242
f 498/498/498 245/245/245 235/235/235
f 235/235/235 495/495/495 498/498/498
f 245/245/245 498/498/498 497/497/497
f 497/497/497 239/239/239 245/245/245
f 498/498/498 242/242/242 240/240/240
f 240/240/240 497/497/497 498/498/498
f 499/499/499 496/496/496 500/500/500
f 499/499/499 244/244/244 496/496/496
f 248/248/248 501/501/501 250/250/250
f 501/501/501 248/248/248 251/251/251
f 501/501/501 252/252/252 253/253/253
f 253/253/253 250/250/250 501/501/501
f 254/254/254 502/502/502 499/499/499
f 499/499/499 256/256/256 254/254/254
f 502/502/502 257/257/257 244/244/244
f 244/244/244 499/499/499 502/502/502
f 257/257/257 502/502/502 501/501/501
f 501/501/501 251/251/251 257/257/257
f 502/502/502 254/254/254 252/252/252
f 252/252/252 501/501/501 502/502/502
f 503/503/503 461/461/461 102/102/102
f 503/503/503 256/256/256 500/500/500
f 259/259/259 504/504/504 261/261/261
f 504/504/504 259/259/259 262/262/262
f 504/504/504 263/263/263 264/264/264
f 264/264/264 261/261/261 504/504/504
f 265/265/265 505/505/505 503/503/503
f 503/503/503 102/102/102 265/265/265
f 505/505/505 267/267/267 256/256/256
f 256/256/256 503/503/503 505/505/505
f 267/267/267 505/505/505 504/504/504
f 504/504/504 262/262/262 267/267/267
f 505/505/505 265/265/265 263/263/263
f 263/263/263 504/504/504 505/505/505
f 461/461/461 503/503/503 500/500/500
f 500/500/500 256/256/256 499/499/499
f 496/496/496 244/244/244 495/495/495
f 462/462/462 496/496/496 233/233/233
f 165/165/165 462/462/462 233/233/233
f 461/461/461 500/500/500 462/462/462
f 462/462/462 500/500/500 496/496/496
f 506/506/506 507/507/507 270/270/270
f 506/506/506 271/271/271 507/507/507
f 272/272/272 506/506/506 273/273/273
f 506/506/506 272/272/272 271/271/271
f 506/506/506 270/270/270 274/274/274
f 274/274/274 273/273/273 506/506/506
f 508/508/508 509/509/509 277/277/277
f 508/508/508 270/270/270 509/509/509
f 278/278/278 508/508/508 279/279/279
f 508/508/508 278/278/278 270/270/270
f 508/508/508 277/277/277 280/280/280
f 280/280/280 279/279/279 508/508/508
f 510/510/510 511/511/511 271/271/271
f 510/510/510 283/283/283 511/511/511
f 284/284/284 510/510/510 285/285/285
f 510/510/510 284/284/284 283/283/283
f 510/510/510 271/271/271 286/286/286
f 286/286/286 285/285/285 510/510/510
f 511/511/511 283/283/283 512/512/512
f 507/507/507 271/271/271 511/511/511
f 509/509/509 270/270/270 507/507/507
f 513/513/513 514/514/514 290/290/290
f 513/513/513 291/291/291 514/514/514
f 292/292/292 513/513/513 293/293/293
f 513/513/513 292/292/292 291/291/291
f 513/513/513 290/290/290 294/294/294
f 294/294/294 293/293/293 513/513/513
f 515/515/515 516/516/516 297/297/297
f 515/515/515 290/290/290 516/516/516
f 298/298/298 515/515/515 299/299/299
f 515/515/515 298/298/298 290/290/290
f 515/515/515 297/297/297 300/300/300
f 300/300/300 299/299/299 515/515/515
f 516/516/516 290/290/290 514/514/514
f 470/470/470 512/512/512 473/473/473
f 511/511/511 512/512/512 469/469/469
f 469/469/469 512/512/512 470/470/470
f 507/507/507 511/511/511 469/469/469
f 509/509/509 507/507/507 469/469/469
f 291/291/291 509/509/509 514/514/514
f 514/514/514 509/509/509 469/469/469
f 514/514/514 469/469/469 468/468/468
f 516/516/516 514/514/514 468/468/468
f 297/297/297 516/516/516 468/468/468
f 291/291/291 277/277/277 509/509/509
f 283/283/283 473/473/473 512/512/512
f 283/283/283 494/494/494 473/473/473
f 301/301/301 494/494/494 302/302/302
f 494/494/494 301/301/301 175/175/175
f 494/494/494 283/283/283 303/303/303
f 303/303/303 302/302/302 494/494/494
f 304/304/304 517/517/517 306/306/306
f 517/517/517 304/304/304 307/307/307
f 309/309/309 518/518/518 311/311/311
f 518/518/518 309/309/309 312/312/312
f 518/518/518 307/307/307 313/313/313
f 313/313/313 311/311/311 518/518/518
f 518/518/518 312/312/312 468/468/468
f 307/307/307 518/518/518 468/468/468
f 517/517/517 307/307/307 366/366/366
f 458/458/458 517/517/517 366/366/366
f 307/307/307 468/468/468 366/366/366
f 312/312/312 297/297/297 468/468/468
f 519/519/519 173/173/173 493/493/493
f 519/519/519 315/315/315 173/173/173
f 520/520/520 522/522/522 521/521/521
f 522/522/522 520/520/520 523/523/523
f 522/522/522 525/525/525 524/524/524
f 524/524/524 521/521/521 522/522/522
f 316/316/316 526/526/526 519/519/519
f 519/519/519 493/493/493 316/316/316
f 526/526/526 318/318/318 315/315/315
f 315/315/315 519/519/519 526/526/526
f 318/318/318 526/526/526 522/522/522
f 522/522/522 523/523/523 318/318/318
f 526/526/526 316/316/316 525/525/525
f 525/525/525 522/522/522 526/526/526
f 471/471/471 493/493/493 173/173/173
f 471/471/471 482/482/482 493/493/493
f 493/493/493 196/196/196 316/316/316
f 527/527/527 447/447/447 528/528/528
f 527/527/527 448/448/448 447/447/447
f 529/529/529 528/528/528 530/530/530
f 529/529/529 531/531/531 528/528/528
f 532/532/532 530/530/530 432/432/432
f 433/433/433 432/432/432 530/530/530
f 530/530/530 532/532/532 529/529/529
f 528/528/528 531/531/531 527/527/527
f 434/434/434 528/528/528 447/447/447
f 342/342/342 434/434/434 447/447/447
f 433/433/433 530/530/530 434/434/434
f 434/434/434 530/530/530 528/528/528
f 102/102/102 461/461/461 356/356/356
f 465/465/465 10/10/10 464/464/464
f 366/366/366 464/464/464 10/10/10
f 464/464/464 366/366/366 359/359/359
f 459/459/459 464/464/464 458/458/458
f 464/464/464 459/459/459 467/467/467
f 435/435/435 453/453/453 533/533/533
f 453/453/453 435/435/435 347/347/347
f 451/451/451 533/533/533 453/453/453
f 451/451/451 466/466/466 533/533/533
f 527/527/527 365/365/365 448/448/448
f 365/365/365 532/532/532 432/432/432
f 531/531/531 365/365/365 527/527/527
f 365/365/365 529/529/529 532/532/532
f 365/365/365 531/531/531 529/529/529
f 534/534/534 535/535/535 316/316/316
f 316/316/316 317/317/317 534/534/534
f 536/536/536 534/534/534 317/317/317
f 317/317/317 318/318/318 536/536/536
f 537/537/537 538/538/538 535/535/535
f 535/535/535 534/534/534 537/537/537
f 539/539/539 537/537/537 534/534/534
f 534/534/534 536/536/536 539/539/539
f 540/540/540 541/541/541 161/161/161
f 161/161/161 160/160/160 540/540/540
f 541/541/541 542/542/542 162/162/162
f 162/162/162 161/161/161 541/541/541
f 543/543/543 544/544/544 541/541/541
f 541/541/541 540/540/540 543/543/543
f 544/544/544 545/545/545 542/542/542
f 542/542/542 541/541/541 544/544/544
f 546/546/546 547/547/547 203/203/203
f 203/203/203 199/199/199 546/546/546
f 548/548/548 549/549/549 44/44/44
f 44/44/44 42/42/42 548/548/548
f 550/550/550 551/551/551 436/436/436
f 436/436/436 435/435/435 550/550/550
f 552/552/552 550/550/550 435/435/435
f 435/435/435 533/533/533 552/552/552
f 553/553/553 554/554/554 551/551/551
f 551/551/551 550/550/550 553/553/553
f 555/555/555 553/553/553 550/550/550
f 550/550/550 552/552/552 555/555/555
f 556/556/556 557/557/557 554/554/554
f 554/554/554 553/553/553 556/556/556
f 558/558/558 556/556/556 553/553/553
f 553/553/553 555/555/555 558/558/558
# merged: M57.obj after it, its bones prefixed 'Rider '
# Monster57.bmd — MU geometry at action 0 key 0, exported for MU2

g magic_BB
# texture: magic_BB.tga
v -5.678919 289.7665 4.378304
v -0.284418 292.2554 6.545301
v -1.055121 300.0427 9.843504
v -4.899022 298.3092 10.4061
v -4.850021 312.55 -1.295706
v -4.850025 320.084 2.351292
v 2.611675 318.3111 4.673797
v 4.028381 308.8752 0.278696
v -4.850027 323.3688 7.623497
v 1.683673 321.4345 9.772598
v -0.101824 303.8058 16.07961
v -3.484826 301.9336 16.71551
v -3.620222 296.9017 14.13921
v 0.001574 308.7106 17.01141
v -3.855827 307.27 18.0469
v 0.524672 311.4729 17.85801
v -4.85533 309.8803 19.4692
v -0.72233 317.4616 22.1401
v -4.85503 316.6788 20.7648
v 6.718777 310.993 7.241101
v 8.594781 303.575 4.786002
v 3.119274 318.8598 9.9225
v 3.119274 318.8598 9.9225
v 1.683673 321.4345 9.772598
v 1.68367 319.6298 15.879
v 2.040573 313.6557 15.7243
v 1.371179 303.5053 9.102503
v 2.033974 310.5504 13.1078
v -4.853031 323.5384 11.8875
v -4.853031 323.5384 11.8875
v -4.861032 321.9408 16.3726
v 0.991685 306.8548 -3.993505
v 6.718777 310.993 7.241101
v 8.594781 303.575 4.786002
v 6.933886 302.1949 -1.111703
v 3.631584 286.5096 8.322607
v 12.50509 292.064 6.746903
v 12.50509 292.064 6.746903
v 9.314788 296.6003 -0.965401
v 2.26819 296.4976 -11.96961
v -8.743023 300.0426 9.843502
v -9.961719 294.0594 2.583699
v -12.40993 318.3111 4.673892
v -13.82662 308.8752 0.278693
v -11.48183 321.4345 9.772594
v -9.696326 303.8058 16.0796
v -6.177923 296.9016 14.13921
v -6.313325 301.9336 16.71551
v -9.799728 308.7106 17.0114
v -5.942328 307.27 18.047
v -10.32283 311.4729 17.858
v -9.075731 317.4616 22.1401
v -16.51693 310.993 7.241195
v -18.39293 303.575 4.785995
v -12.91743 318.8598 9.922496
v -12.91743 318.8598 9.922496
v -11.48183 319.6298 15.879
v -11.48183 321.4345 9.772594
v -11.83863 313.6557 15.7243
v -11.16932 303.5053 9.1025
v -11.83213 310.5504 13.1079
v -16.51693 310.993 7.241195
v -18.39293 303.575 4.785995
v -6.454415 304.6906 -6.592507
v -15.55162 290.0855 0.469599
v -18.64332 297.8703 -6.004308
v -9.868414 300.1761 -8.818409
v -18.64332 297.8703 -6.004308
v -4.959626 302.4779 18.47991
v -0.026302 266.1895 -28.36901
v 9.3003 265.9327 -26.5926
v 12.5605 258.3818 -29.4757
v -0.026999 259.3217 -32.96621
v 12.2525 265.1586 -18.5131
v 8.745997 264.9404 -14.2374
v 10.995 252.485 -9.913797
v 16.3676 253.4539 -18.2507
v 18.2489 244.2353 -16.23499
v 13.9824 234.6784 -22.3823
v 11.6449 248.8206 -6.762289
v 1.637897 248.088 -13.8615
v 2.511099 233.4976 -20.5452
v 4.277589 225.937 -6.169497
v 1.848985 234.6434 3.754505
v 12.29019 226.1525 -6.547394
v 17.50919 232.8304 2.48661
v 11.63569 239.3977 8.098616
v 11.50377 214.8452 16.95001
v 6.105073 214.8784 16.89181
v 13.93988 222.7821 15.36121
v 3.601975 222.9713 15.30511
v 10.01247 225.4679 23.99082
v 3.435998 247.5843 -10.2676
v -0.026505 264.6555 -11.6211
v -5.847103 239.9536 -11.42019
v 1.359703 239.2635 -25.7693
v -3.381904 247.5843 -10.2676
v -12.6147 258.3818 -29.47571
v -9.353004 265.9327 -26.59261
v -12.30541 265.1586 -18.5131
v -11.0504 252.485 -9.913801
v -8.798904 264.9404 -14.2374
v -16.4229 253.4539 -18.2507
v -18.0658 241.0617 -23.6497
v -8.690199 241.9616 -31.30571
v -16.78811 234.4418 -13.2135
v -0.833205 223.1237 -27.2004
v -5.042512 218.1759 -15.45369
v -7.764606 223.9222 -31.1641
v -17.50021 219.1858 -25.145
v -16.68231 216.9342 -14.9772
v -8.456412 197.8461 -30.7622
v -3.779716 197.6676 -28.07
v -13.04912 198.505 -27.6066
v -4.099715 198.2309 -22.435
v -14.16562 197.4116 -17.877
v 13.9824 234.6784 -22.3823
v 0.004503 242.5278 -33.7151
v -0.026999 259.3217 -32.96621
v 12.5605 258.3818 -29.4757
v -8.690199 241.9616 -31.30571
v -12.6147 258.3818 -29.47571
v 1.359703 239.2635 -25.7693
v -8.690199 241.9616 -31.30571
v 2.511099 233.4976 -20.5452
v 13.9824 234.6784 -22.3823
v 6.230257 169.584 22.67191
v 12.11066 169.632 22.67191
v 14.30496 169.8016 28.05592
v 4.075152 169.7536 28.05591
v 11.50378 221.0758 10.58271
v 13.93988 222.7821 15.36121
v 14.75307 216.1334 17.57151
v 6.105077 221.14 10.56371
v 3.386671 216.0727 17.58951
v 3.601975 222.9713 15.30511
v 6.105077 221.14 10.56371
v 11.50378 221.0758 10.58271
v 11.60187 205.0271 13.65451
v 6.329772 204.9222 13.68571
v 14.75307 216.1334 17.57151
v 15.07457 204.1814 20.91911
v 3.386671 216.0727 17.58951
v 9.85167 215.7024 26.16742
v 10.38796 185.9088 23.43341
v 7.070359 185.8628 23.44711
v 13.14566 184.1925 26.81791
v 5.237859 184.1465 26.83151
v 9.178458 182.716 32.21292
v 11.10806 177.0419 23.08691
v 6.859758 176.9939 23.08691
v 13.52446 179.1032 27.89422
v 4.862257 179.0552 27.89421
v 11.47835 173.7731 47.01222
v 9.255649 175.6519 49.54793
v 9.209146 169.7775 51.35522
v 13.44255 169.8016 47.01212
v 5.823249 173.7251 47.01222
v 4.941947 169.7536 47.01212
v 9.234754 178.0547 40.05752
v 13.00215 174.3625 38.63792
v 5.390351 174.3145 38.63792
v -2.174728 142.7134 -32.58499
v -11.81823 142.9299 -33.64969
v -6.67773 142.7613 -36.36349
v -3.984731 142.8819 -27.07649
v -8.402815 198.6995 -30.77751
v -13.74152 191.5664 -28.669
v -13.04912 198.505 -27.6066
v -3.728515 198.5206 -28.0811
v -4.099715 198.2309 -22.435
v -3.896817 190.9869 -23.017
v -3.728515 198.5206 -28.0811
v -7.386518 182.7536 -34.19801
v -8.402815 198.6995 -30.77751
v -2.818717 182.4053 -31.5862
v -13.70202 179.2868 -30.5044
v -13.74152 191.5664 -28.669
v -3.896817 190.9869 -23.017
v -13.46292 187.772 -19.65629
v -7.923526 161.2984 -32.7849
v -5.049525 161.1 -31.1388
v -11.64233 158.5201 -32.109
v -4.793124 158.113 -28.17729
v -10.56273 155.8406 -27.17349
v -6.175728 150.1695 -35.4025
v -2.922628 150.1215 -32.67279
v -11.11553 152.2294 -33.2734
v -4.482429 152.1815 -27.70759
v -21.83634 146.897 -17.31489
v -22.89044 142.9016 -12.52978
v -21.76384 148.7749 -13.94478
v -23.34094 142.9264 -18.57649
v -16.83154 142.8785 -13.11438
v -17.50594 146.8491 -13.68118
v -15.64803 151.1789 -21.20069
v -17.62103 147.4879 -24.70819
v -11.79233 147.4399 -19.81729
v 13.93988 222.7821 15.36121
v 10.01247 225.4679 23.99082
v 10.30637 215.8316 29.74772
v 16.98307 212.3072 18.53772
v 11.50378 221.0758 10.58271
v 12.24507 209.5379 10.34971
v 3.601975 222.9713 15.30511
v 6.105077 221.14 10.56371
v 5.226771 209.6214 10.32491
v 1.972771 212.5861 18.45621
v -8.402815 198.6995 -30.77751
v -3.728515 198.5206 -28.0811
v -0.467416 187.6641 -32.3337
v -7.058118 187.9164 -36.13551
v -4.099715 198.2309 -22.435
v -2.016218 187.021 -22.6105
v -13.04912 198.505 -27.6066
v -15.99662 187.5125 -30.6795
v -14.16562 197.4116 -17.877
v -16.20922 185.8657 -16.18369
v -0.026302 266.1895 -28.36901
v 0.066797 272.1694 -21.5396
v 8.490498 271.4821 -19.0364
v 9.3003 265.9327 -26.5926
v 0.243095 281.6349 -18.51531
v 11.5465 280.9078 -14.3129
v 2.26819 296.4976 -11.96961
v 9.314687 296.6003 -0.965402
v -0.965204 267.2629 -9.744899
v 6.626196 268.4134 -10.9968
v 9.189393 273.2634 -4.251895
v -2.428208 271.222 -4.477396
v 1.266586 272.4081 8.930908
v -7.394515 276.1873 2.385903
v -3.22171 271.5942 0.154606
v -7.211118 281.2709 4.252704
v 9.059298 269.739 -14.4731
v 12.2525 265.1586 -18.5131
v 11.79759 276.4279 -7.736797
v 14.73798 276.4198 2.852708
v 30.42714 212.3644 24.86822
v 31.06915 212.7775 26.27642
v 28.04844 214.1198 31.13652
v 26.71334 213.9116 30.07582
v 12.2525 265.1586 -18.5131
v 9.059298 269.739 -14.4731
v 8.745997 264.9404 -14.2374
v 11.79759 276.4279 -7.736797
v 14.73798 276.4198 2.852708
v 10.03528 279.8243 10.97531
v 3.631584 286.5096 8.322607
v -0.284418 292.2554 6.545301
v -5.678919 289.7665 4.378304
v 16.48928 285.0121 0.618909
v 12.95818 285.0591 10.55171
v 7.857484 294.2131 6.244503
v 16.27738 291.4047 7.98181
v 16.48928 285.0121 0.618909
v 16.27738 291.4047 7.98181
v 20.73138 282.8253 7.552813
v 12.95818 285.0591 10.55171
v 32.69707 257.9942 7.077118
v 31.32168 260.0779 2.318716
v 14.73798 276.4198 2.852708
v 25.36057 256.1747 3.086112
v 28.81778 255.3606 8.471615
v 10.03528 279.8243 10.97531
v 25.72927 254.2802 8.071014
v 10.03528 279.8243 10.97531
v 25.72927 254.2802 8.071014
v 33.44768 254.9448 8.573816
v 33.59108 251.5405 4.698117
v 26.45477 251.4485 4.301311
v 33.95877 248.5366 12.43212
v 34.13548 244.7117 7.67302
v 26.42287 245.2187 7.587914
v 28.74277 250.0839 13.11141
v 24.96027 249.4538 12.18101
v 24.96027 249.4538 12.18101
v 33.71846 233.6538 18.97053
v 32.10886 230.2775 16.09413
v 27.76256 230.1451 17.57952
v 30.22106 235.3068 21.37252
v 26.36725 232.9482 20.21732
v 26.36725 232.9482 20.21732
v 34.15066 229.8473 19.48842
v 30.33055 232.3809 23.97842
v 33.92986 224.7614 21.49812
v 32.26655 220.0754 21.41302
v 30.54525 227.1456 26.88852
v 29.33715 221.5068 24.43112
v 22.31705 224.4564 25.52792
v 22.16464 223.2521 24.53502
v 22.85744 222.5139 25.43152
v 23.00984 223.7182 26.42442
v 33.26325 219.6097 23.42312
v 30.33185 222.0309 28.61502
v 28.51945 222.8219 26.61532
v 28.04844 214.1198 31.13652
v 26.71334 213.9116 30.07582
v 29.33715 221.5068 24.43112
v 24.62245 226.6315 21.26092
v 24.19245 228.8454 22.79932
v 26.37915 225.3065 23.40432
v 25.94925 227.5204 24.94282
v 25.94925 227.5204 24.94282
v -0.026505 264.6555 -11.6211
v 7.857484 294.2131 6.244503
v 16.27738 291.4047 7.98181
v -8.663605 271.4821 -20.5371
v -9.353004 265.9327 -26.59261
v -11.83541 281.4433 -18.36441
v -9.868414 300.1761 -8.818409
v -13.34161 273.7793 -8.156002
v -8.223807 268.4134 -12.296
v -18.76932 276.143 0.728802
v -10.01621 269.7389 -16.1419
v -12.30541 265.1586 -18.5131
v -14.48241 277.0297 -12.2904
v -16.24273 283.7221 -14.46431
v -54.87137 233.2042 -29.07415
v -58.86437 236.0402 -24.17065
v -56.21457 234.0762 -29.03565
v -57.49367 235.3238 -23.42294
v -12.30541 265.1586 -18.5131
v -10.01621 269.7389 -16.1419
v -8.798904 264.9404 -14.2374
v -14.48241 277.0297 -12.2904
v -22.69813 285.6431 -7.093912
v -16.24273 283.7221 -14.46431
v -9.961719 294.0594 2.583699
v -15.55162 290.0855 0.469599
v -13.54842 292.3461 -13.96241
v -22.37883 291.5302 -8.262509
v -14.55142 298.3903 -2.929006
v -19.94962 298.5331 -9.978907
v -13.54842 292.3461 -13.96241
v -21.44762 291.8676 -16.83131
v -19.94962 298.5331 -9.978907
v -22.37883 291.5302 -8.262509
v -26.31852 272.2964 -35.62562
v -21.17802 273.6766 -34.88712
v -16.24273 283.7221 -14.46431
v -21.00952 268.0665 -30.43092
v -27.08623 268.5834 -32.53472
v -22.37883 291.5302 -8.262509
v -26.12452 266.5432 -30.13062
v -22.69813 285.6431 -7.093912
v -27.08623 268.5834 -32.53472
v -28.65763 269.9732 -36.04502
v -26.39793 265.7749 -38.01952
v -23.33993 264.2689 -31.73672
v -34.19644 264.9789 -35.27663
v -31.31184 260.1608 -37.67982
v -28.11764 259.1967 -30.70712
v -32.30354 265.6587 -30.17593
v -30.23674 264.1241 -27.18542
v -32.30354 265.6587 -30.17593
v -44.40525 252.4942 -33.22233
v -42.33245 248.2555 -33.18783
v -41.99555 247.7093 -28.63783
v -44.63795 254.0338 -28.94333
v -42.88425 250.7884 -26.09003
v -44.63795 254.0338 -28.94333
v -46.20205 249.0957 -33.63024
v -47.85346 251.9473 -28.12444
v -47.85346 251.9473 -28.12444
v -49.44206 244.7461 -32.89754
v -50.18216 239.9718 -31.71844
v -52.09016 247.7676 -27.41524
v -51.23756 241.5641 -27.70724
v -48.57977 243.3486 -20.71163
v -49.30597 241.5807 -21.36133
v -48.03127 241.923 -21.06693
v -49.85447 243.0064 -21.00604
v -52.45747 240.2301 -31.80125
v -55.09567 243.3192 -26.81044
v -52.41507 243.2217 -25.96514
v -52.45747 240.2301 -31.80125
v -55.09567 243.3192 -26.81044
v -52.41507 243.2217 -25.96514
v -45.08026 244.7418 -24.46213
v -45.56646 247.1579 -23.28743
v -48.02996 244.3594 -25.22934
v -48.51616 246.7754 -24.05474
v -52.09016 247.7676 -27.41524
v -14.55142 298.3903 -2.929006
v -19.94962 298.5331 -9.978907
v 6.530281 297.5291 9.055606
v 18.70358 299.9509 1.705311
v 11.45698 301.3017 -1.261192
v 13.77688 296.1783 12.02221
v 13.77688 296.1783 12.02221
v 17.40268 292.2133 1.359909
v 18.70358 299.9509 1.705311
v 14.94118 290.5862 6.631809
v 14.94118 290.5862 6.631809
v 10.15599 293.5641 -1.606695
v 17.40268 292.2133 1.359909
v 7.694583 291.937 3.665205
v 7.694583 291.937 3.665205
v 11.45698 301.3017 -1.261192
v 10.15599 293.5641 -1.606695
v 6.530281 297.5291 9.055606
v 11.45698 301.3017 -1.261192
v 20.76338 294.0468 -6.014791
v 13.51679 295.3976 -8.981294
v 18.70358 299.9509 1.705311
v 18.70358 299.9509 1.705311
v 20.27649 285.6865 -8.632293
v 20.76338 294.0468 -6.014791
v 17.40268 292.2133 1.359909
v 17.40268 292.2133 1.359909
v 13.02989 287.0373 -11.5989
v 20.27649 285.6865 -8.632293
v 10.15599 293.5641 -1.606695
v 10.15599 293.5641 -1.606695
v 13.51679 295.3976 -8.981294
v 13.02989 287.0373 -11.5989
v 11.45698 301.3017 -1.261192
v 3.886381 277.229 6.270501
v 10.27798 284.9439 15.45371
v 3.031378 286.2947 12.4872
v 11.13298 275.8782 9.237103
v 11.13298 275.8782 9.237103
v 13.32828 273.5377 2.808605
v 10.27798 284.9439 15.45371
v 13.22548 284.7733 8.175908
v 13.32828 273.5377 2.808605
v 5.978881 286.1241 5.209404
v 13.22548 284.7733 8.175908
v 6.081683 274.8885 -0.157898
v 6.081683 274.8885 -0.157898
v 3.031378 286.2947 12.4872
v 5.978881 286.1241 5.209404
v 3.886381 277.229 6.270501
v 3.031378 286.2947 12.4872
v 13.77688 296.1783 12.02221
v 6.530281 297.5291 9.055606
v 10.27798 284.9439 15.45371
v 10.27798 284.9439 15.45371
v 13.22548 284.7733 8.175908
v 13.22548 284.7733 8.175908
v 7.694583 291.937 3.665205
v 14.94118 290.5862 6.631809
v 5.978881 286.1241 5.209404
v 5.978881 286.1241 5.209404
v 3.031378 286.2947 12.4872
v 13.32828 273.5377 2.808605
v 11.13298 275.8782 9.237103
v 3.886381 277.229 6.270501
v 6.081683 274.8885 -0.157898
v 13.02989 287.0373 -11.5989
v 13.51679 295.3976 -8.981294
v 20.76338 294.0468 -6.014791
v 20.27649 285.6865 -8.632293
v 5.240178 288.4573 11.11621
v 9.873577 287.5937 13.01301
v 4.205073 295.5489 23.67831
v 9.873577 287.5937 13.01301
v 11.43938 292.6565 11.49361
v 4.205073 295.5489 23.67831
v 11.43938 292.6565 11.49361
v 6.80598 293.5202 9.596806
v 4.205073 295.5489 23.67831
v 6.80598 293.5202 9.596806
v 5.240178 288.4573 11.11621
v 4.205073 295.5489 23.67831
v 9.053881 297.5633 6.260607
v 13.47348 296.7395 8.06981
v 12.70358 310.4176 9.688709
v 13.47348 296.7395 8.06981
v 15.62588 298.404 3.570009
v 12.70358 310.4176 9.688709
v 15.62588 298.404 3.570009
v 11.20628 299.2278 1.760807
v 12.70358 310.4176 9.688709
v 11.20628 299.2278 1.760807
v 9.053881 297.5633 6.260607
v 12.70358 310.4176 9.688709
v 12.91659 299.0849 -2.482193
v 17.33619 298.2611 -0.67299
v 20.36079 307.727 -10.24129
v 17.33619 298.2611 -0.67299
v 18.45319 295.196 -4.797192
v 20.36079 307.727 -10.24129
v 18.45319 295.196 -4.797192
v 14.03359 296.0198 -6.606393
v 20.36079 307.727 -10.24129
v 14.03359 296.0198 -6.606393
v 12.91659 299.0849 -2.482193
v 20.36079 307.727 -10.24129
v -21.86883 302.8229 -2.570103
v -9.695518 305.2448 -9.9204
v -16.94212 306.5957 -12.8869
v -14.62222 301.472 0.396499
v -14.62222 301.472 0.396499
v -10.99642 297.5072 -10.2659
v -9.695518 305.2448 -9.9204
v -13.45792 295.8801 -4.994004
v -13.45792 295.8801 -4.994004
v -18.24302 298.8581 -13.2324
v -10.99642 297.5072 -10.2659
v -20.70452 297.2309 -7.960606
v -20.70452 297.2309 -7.960606
v -16.94212 306.5957 -12.8869
v -18.24302 298.8581 -13.2324
v -21.86883 302.8229 -2.570103
v -16.94212 306.5957 -12.8869
v -7.635717 299.3408 -17.6405
v -14.88232 300.6917 -20.6071
v -9.695518 305.2448 -9.9204
v -9.695518 305.2448 -9.9204
v -8.122519 290.9806 -20.25811
v -7.635717 299.3408 -17.6405
v -10.99642 297.5072 -10.2659
v -10.99642 297.5072 -10.2659
v -15.36912 292.3314 -23.22471
v -8.122519 290.9806 -20.25811
v -18.24302 298.8581 -13.2324
v -18.24302 298.8581 -13.2324
v -14.88232 300.6917 -20.6071
v -15.36912 292.3314 -23.22471
v -16.94212 306.5957 -12.8869
v -24.51273 282.5229 -5.355512
v -18.12112 290.2377 3.827793
v -25.36773 291.5885 0.861293
v -17.26612 281.1721 -2.38891
v -17.26612 281.1721 -2.38891
v -15.07072 278.8316 -8.817412
v -18.12112 290.2377 3.827793
v -15.17362 290.0671 -3.449906
v -15.07072 278.8316 -8.817412
v -22.42023 291.4179 -6.416507
v -15.17362 290.0671 -3.449906
v -22.31733 280.1825 -11.78391
v -22.31733 280.1825 -11.78391
v -25.36773 291.5885 0.861293
v -22.42023 291.4179 -6.416507
v -24.51273 282.5229 -5.355512
v -25.36773 291.5885 0.861293
v -14.62222 301.472 0.396499
v -21.86883 302.8229 -2.570103
v -18.12112 290.2377 3.827793
v -18.12112 290.2377 3.827793
v -15.17362 290.0671 -3.449906
v -15.17362 290.0671 -3.449906
v -20.70452 297.2309 -7.960606
v -13.45792 295.8801 -4.994004
v -22.42023 291.4179 -6.416507
v -22.42023 291.4179 -6.416507
v -25.36773 291.5885 0.861293
v -15.07072 278.8316 -8.817412
v -17.26612 281.1721 -2.38891
v -24.51273 282.5229 -5.355512
v -22.31733 280.1825 -11.78391
v -15.36912 292.3314 -23.22471
v -14.88232 300.6917 -20.6071
v -7.635717 299.3408 -17.6405
v -8.122519 290.9806 -20.25811
v -19.19962 302.83 -5.305502
v -14.78012 302.0062 -3.496302
v -15.55002 315.6843 -1.877297
v -14.78012 302.0062 -3.496302
v -12.62772 303.6708 -7.996101
v -15.55002 315.6843 -1.877297
v -12.62772 303.6708 -7.996101
v -17.04722 304.4947 -9.805303
v -15.55002 315.6843 -1.877297
v -17.04722 304.4947 -9.805303
v -19.19962 302.83 -5.305502
v -15.55002 315.6843 -1.877297
v -23.01343 293.724 -0.450006
v -18.38002 292.8603 1.446794
v -24.04863 300.8154 12.1121
v -18.38002 292.8603 1.446794
v -16.81422 297.9232 -0.072604
v -24.04863 300.8154 12.1121
v -16.81422 297.9232 -0.072604
v -21.44762 298.7869 -1.969404
v -24.04863 300.8154 12.1121
v -21.44762 298.7869 -1.969404
v -23.01343 293.724 -0.450006
v -24.04863 300.8154 12.1121
vn -0.238293 -0.538583 0.808174
vn -0.0444 -0.294899 0.954496
vn 0.585117 -0.646919 0.489014
vn 0.003501 -0.99634 0.085404
vn 0.0278 0.464791 -0.884984
vn 0.0024 0.750856 -0.660462
vn 0.665671 0.537776 -0.517377
vn 0.676281 0.463086 -0.572884
vn 0.0024 0.957205 -0.289402
vn 0.546725 0.835138 -0.060303
vn 0.757003 -0.384502 0.528303
vn 0.274496 -0.441795 0.85409
vn 0.426275 -0.85525 0.294683
vn 0.69568 -0.249093 0.673782
vn 0.315814 -0.243511 0.917041
vn 0.674376 -0.334889 0.658078
vn 0.0009 -0.376591 0.926379
vn 0.44581 0.160504 0.88062
vn -0.0035 0.245098 0.969492
vn 0.976331 0.184106 0.113504
vn 0.95932 0.231005 0.162304
vn 0.927116 0.359706 0.105202
vn 0.927116 0.359706 0.105202
vn 0.546725 0.835138 -0.060303
vn 0.781525 0.531917 0.326011
vn 0.909677 -0.091598 0.40509
vn 0.606878 -0.222992 0.762873
vn 0.804785 -0.307194 0.507891
vn 0.002299 0.989046 0.147592
vn 0.002299 0.989046 0.147592
vn 0.0007 0.88261 0.470105
vn 0.275206 0.597812 -0.752916
vn 0.976331 0.184106 0.113504
vn 0.95932 0.231005 0.162304
vn 0.771877 0.413788 -0.482686
vn -0.190398 -0.070299 0.979187
vn 0.692071 0.24279 0.679772
vn 0.692071 0.24279 0.679772
vn 0.875155 0.325283 -0.358182
vn 0.404809 0.530311 -0.744916
vn -0.716425 -0.619321 0.321211
vn -0.507081 -0.541479 0.670574
vn -0.664169 0.538575 -0.518476
vn -0.556588 0.394992 -0.730884
vn -0.543872 0.836956 -0.060897
vn -0.757004 -0.384502 0.528303
vn -0.3567 -0.819301 0.448901
vn -0.329903 -0.435404 0.837608
vn -0.695681 -0.249093 0.673781
vn -0.320992 -0.241494 0.915776
vn -0.672993 -0.334296 0.659793
vn -0.446083 0.160594 0.880466
vn -0.976331 0.184106 0.113503
vn -0.990024 0.124803 -0.065402
vn -0.927116 0.359706 0.105202
vn -0.927116 0.359706 0.105202
vn -0.780663 0.533075 0.326184
vn -0.543872 0.836956 -0.060897
vn -0.909677 -0.091597 0.40509
vn -0.716821 -0.453513 0.529616
vn -0.804785 -0.307194 0.507891
vn -0.976331 0.184106 0.113503
vn -0.990024 0.124803 -0.065402
vn -0.28261 0.57442 -0.768227
vn -0.507585 -0.34279 0.790476
vn -0.957107 -0.0043 0.289702
vn -0.343407 0.693714 -0.633113
vn -0.957107 -0.0043 0.289702
vn -0.0103 -0.387008 0.922019
vn 0 0.49149 -0.870883
vn 0.576566 0.49667 -0.648761
vn 0.723407 0.257502 -0.640606
vn 0.138804 0.201405 -0.969624
vn 0.900316 0.389107 0.195004
vn 0.506616 0.363012 0.782025
vn 0.498007 0.281204 0.820313
vn 0.911314 0.341205 0.230404
vn 0.982512 0.182302 0.037901
vn 0.62137 -0.488276 -0.61277
vn 0.182395 0.725983 0.663085
vn -0.651672 -0.424081 0.628872
vn -0.5094 -0.833701 -0.213201
vn -0.647699 -0.696999 -0.3077
vn -0.925053 0.263387 0.273686
vn 0.52948 -0.772171 -0.351287
vn 0.991019 -0.051501 0.123403
vn 0.151706 0.769533 0.620326
vn 0.375388 -0.840272 -0.391187
vn -0.765707 -0.587005 -0.262903
vn 0.971939 -0.231809 0.040002
vn -0.890229 0.30491 0.338411
vn 0.530195 0.567895 0.629594
vn 0.36591 -0.513714 0.776021
vn -0.0002 0.188592 0.982056
vn 0.362788 -0.408686 0.837473
vn 0.0181 -0.649902 -0.759802
vn 0.0111 -0.036399 0.999276
vn -0.623781 0.286292 -0.727279
vn -0.576536 0.496731 -0.648741
vn -0.900281 0.389192 0.194996
vn -0.422001 0.1482 0.894401
vn -0.506616 0.363012 0.782025
vn -0.956868 0.226293 0.182194
vn -0.963357 0.038898 -0.265388
vn -0.322194 -0.186197 -0.928182
vn -0.608417 -0.048701 0.792122
vn 0.937917 -0.077001 -0.338206
vn 0.627318 -0.154804 0.763222
vn -0.024199 -0.0079 -0.999676
vn -0.878307 -0.069601 -0.473004
vn -0.611991 -0.173098 0.771689
vn 0.163993 -0.020099 -0.986257
vn 0.976774 -0.047699 -0.208894
vn -0.749089 -0.073399 -0.658391
vn 0.608816 -0.155004 0.778021
vn -0.859696 -0.227599 0.457298
vn 0.62137 -0.488276 -0.61277
vn -0.233998 -0.426297 -0.873794
vn 0.138804 0.201405 -0.969624
vn 0.723407 0.257502 -0.640606
vn -0.322194 -0.186197 -0.928182
vn -0.623781 0.286292 -0.727279
vn 0.0181 -0.649902 -0.759802
vn -0.322194 -0.186197 -0.928182
vn -0.5094 -0.833701 -0.213201
vn 0.62137 -0.488276 -0.61277
vn -0.591632 -0.577131 -0.562931
vn 0.350788 -0.28269 -0.892768
vn 0.887822 -0.450711 -0.092902
vn -0.733897 -0.677198 -0.0529
vn 0.745109 -0.116401 -0.656707
vn 0.89568 -0.037799 -0.44309
vn 0.986698 0.0045 -0.162499
vn -0.531593 -0.172298 -0.82929
vn -0.967913 -0.099601 -0.230704
vn -0.896075 -0.114097 -0.428989
vn -0.531593 -0.172298 -0.82929
vn 0.745109 -0.116401 -0.656707
vn 0.45271 -0.289306 -0.843419
vn -0.449298 -0.328999 -0.830597
vn 0.986698 0.0045 -0.162499
vn 0.997803 -0.0093 0.065601
vn -0.967913 -0.099601 -0.230704
vn 0.0342 0.216401 0.975705
vn 0.423804 -0.238802 -0.873707
vn -0.534524 -0.142006 -0.833138
vn 0.983644 -0.103805 -0.147206
vn -0.994768 0.052898 0.087397
vn 0.018799 0.515375 0.856759
vn 0.522596 0.085399 -0.848293
vn -0.537396 0.0556 -0.841495
vn 0.966238 0.25351 -0.046001
vn -0.982036 0.185607 -0.034002
vn 0.864348 0.387022 0.321118
vn -0.123498 0.632091 0.764989
vn 0.374583 -0.133994 0.91746
vn 0.562484 -0.788678 0.248193
vn -0.80471 0.508607 0.306204
vn -0.855084 -0.324994 0.403992
vn 0.19099 0.925353 0.327483
vn 0.919555 0.338383 0.199791
vn -0.897832 0.409215 0.162606
vn 0.815006 -0.577204 -0.051
vn -0.620319 -0.450714 -0.64192
vn 0.305208 -0.282807 -0.909323
vn 0.596229 -0.677233 0.431122
vn -0.315487 0.184292 -0.930862
vn -0.779015 0.112602 -0.616812
vn -0.559621 0.179706 -0.809031
vn 0.880842 0.142607 -0.451422
vn 0.997517 0.022601 0.066701
vn 0.963219 -0.045101 0.264905
vn 0.880842 0.142607 -0.451422
vn 0.0537 0.0854 -0.994899
vn -0.315487 0.184292 -0.930862
vn 0.835172 0.0029 -0.549982
vn -0.897069 0.009699 -0.441785
vn -0.779015 0.112602 -0.616812
vn 0.963219 -0.045101 0.264905
vn -0.553423 -0.193408 0.810134
vn 0.132297 0.070798 -0.988679
vn 0.894422 0.097303 -0.436511
vn -0.758305 -0.030101 -0.651205
vn 0.763899 -0.006799 0.6453
vn -0.573721 0.27381 0.771928
vn 0.116004 0.179305 -0.97693
vn 0.937578 0.133597 -0.321092
vn -0.734789 0.258296 -0.627191
vn 0.771491 0.184199 0.608993
vn -0.868538 0.387017 -0.309614
vn -0.876711 -0.133902 0.462006
vn -0.397101 0.632101 0.665401
vn -0.590315 -0.788721 -0.171604
vn 0.395409 -0.324907 0.85912
vn 0.419581 0.508577 0.751865
vn -0.356906 0.925315 0.128102
vn -0.832895 0.338298 -0.437997
vn 0.583215 0.409211 0.701718
vn 0.961957 0.257389 0.091596
vn -0.406601 0.4594 0.789701
vn 0.527702 0.489502 0.694203
vn 0.953679 0.198896 -0.225695
vn 0.65239 0.072699 -0.754388
vn 0.323706 0.039901 -0.945316
vn -0.980187 0.146598 -0.133199
vn -0.326992 0.044499 -0.943979
vn -0.690798 0.0488 -0.721399
vn -0.944729 0.221507 0.241707
vn 0.143697 0.45469 -0.878981
vn 0.923719 0.324607 -0.203404
vn 0.730271 0.427983 -0.532479
vn -0.218893 0.419487 -0.880975
vn 0.683101 0.115701 0.721101
vn 0.883863 0.175113 0.433731
vn -0.724624 0.344911 -0.59662
vn -0.899824 0.298108 -0.318509
vn -0.841816 0.282705 0.459809
vn -0.091096 0.160293 0.982857
vn 0.0259 0.7661 -0.6422
vn 0.1089 0.455599 -0.883499
vn 0.7622 0.3567 -0.5402
vn 0.698566 0.643269 -0.313385
vn 0.243192 0.401086 -0.883169
vn 0.778689 0.157997 -0.607191
vn 0.427109 0.315107 -0.847518
vn 0.782378 0.499286 -0.372289
vn -0.061 -0.697795 0.713695
vn 0.612797 -0.491498 0.618797
vn 0.490586 -0.822076 0.288992
vn -0.079703 -0.938442 0.336115
vn -0.283215 -0.58453 0.760339
vn -0.403605 -0.489606 0.772909
vn -0.1697 -0.947702 0.270301
vn -0.382796 -0.0252 0.923489
vn 0.989917 -0.092702 0.107102
vn 0.88903 0.234708 0.393113
vn 0.838502 -0.543701 -0.0361
vn 0.0736 -0.636203 -0.768003
vn -0.254305 -0.900319 -0.353207
vn 0.812117 -0.583413 0.0098
vn 0.350195 -0.552893 0.75609
vn -0.969533 -0.084002 0.230108
vn 0.88903 0.234708 0.393113
vn 0.989917 -0.092702 0.107102
vn 0.442795 -0.426495 0.788692
vn 0.838502 -0.543701 -0.0361
vn 0.0736 -0.636203 -0.768003
vn -0.243105 -0.661111 0.709812
vn -0.288299 0.154499 0.944994
vn -0.381018 0.047602 0.923342
vn -0.3698 0.053 0.927599
vn 0.814119 0.408209 -0.413009
vn 0.0656 0.165601 0.984009
vn 0.341992 0.736683 0.583387
vn 0.62231 0.700711 0.348906
vn 0.814119 0.408209 -0.413009
vn 0.62231 0.700711 0.348906
vn 0.749256 0.351079 0.561568
vn 0.0656 0.165601 0.984009
vn 0.825295 0.448597 0.342999
vn 0.602991 0.080399 -0.793687
vn 0.0736 -0.636203 -0.768003
vn -0.573321 -0.374513 -0.728727
vn 0.005899 0.392476 0.919743
vn -0.243105 -0.661111 0.709812
vn -0.880291 -0.076699 0.468194
vn -0.243105 -0.661111 0.709812
vn -0.880291 -0.076699 0.468194
vn 0.746791 0.465494 0.474994
vn 0.709803 -0.122301 -0.693702
vn -0.499594 -0.372896 -0.781892
vn 0.83139 0.290196 0.473895
vn 0.670522 -0.353012 -0.65252
vn -0.669513 -0.379207 -0.638713
vn -0.084697 0.541279 0.836567
vn -0.879482 0.287094 0.379591
vn -0.879482 0.287094 0.379591
vn 0.96139 0.151398 0.229798
vn 0.506305 -0.398404 -0.764807
vn -0.633614 -0.45361 -0.626715
vn 0.121901 0.535005 0.836008
vn -0.806852 0.444929 0.388624
vn -0.806852 0.444929 0.388624
vn 0.986931 0.100203 0.126204
vn 0.188306 0.558819 0.807627
vn 0.995637 -0.090604 -0.022301
vn 0.321608 -0.510112 -0.797718
vn 0.271497 0.329196 0.904389
vn -0.861905 -0.358802 -0.358302
vn -0.825378 0.224594 0.517986
vn -0.924485 -0.196797 -0.326494
vn -0.268704 -0.962612 0.034301
vn 0.080601 -0.210705 0.974221
vn 0.973581 -0.185897 0.132597
vn 0.191096 0.304094 0.933279
vn -0.870594 0.0839 0.484796
vn 0.350195 -0.552893 0.75609
vn -0.969533 -0.084002 0.230108
vn -0.861905 -0.358802 -0.358302
vn -0.469895 -0.407196 -0.783192
vn -0.880318 0.47051 0.060501
vn 0.143099 -0.986893 -0.074599
vn -0.486997 0.254199 0.835594
vn -0.486997 0.254199 0.835594
vn 0.010501 -0.581537 0.813452
vn 0.341992 0.736683 0.583387
vn 0.62231 0.700711 0.348906
vn -0.642283 0.309092 -0.701381
vn -0.705594 0.584995 -0.399897
vn -0.329716 0.170008 -0.928647
vn -0.137898 0.516695 -0.844992
vn -0.591662 -0.802148 0.080595
vn -0.683593 -0.434695 0.586294
vn -0.536831 -0.473427 0.69834
vn -0.992457 -0.095396 -0.076997
vn -0.928205 0.192501 0.318401
vn -0.823599 -0.3919 -0.41
vn 0.139302 -0.702409 -0.698009
vn 0.125705 -0.991742 0.025401
vn -0.963517 -0.265705 -0.032201
vn -0.50141 -0.401108 -0.766616
vn 0.146301 -0.199503 0.968914
vn -0.928205 0.192501 0.318401
vn -0.992457 -0.095396 -0.076997
vn -0.474693 -0.435093 0.765089
vn -0.823599 -0.3919 -0.41
vn -0.815293 -0.511296 0.271797
vn 0.139302 -0.702409 -0.698009
vn -0.361219 0.043902 0.931447
vn -0.612478 0.170994 0.771772
vn 0.141895 0.631275 -0.762469
vn -0.925806 0.222602 0.305502
vn -0.610098 0.777097 0.154599
vn -0.3912 0.885501 -0.2507
vn 0.141895 0.631275 -0.762469
vn -0.67371 0.59261 -0.441507
vn -0.3912 0.885501 -0.2507
vn -0.925806 0.222602 0.305502
vn -0.43188 0.699169 -0.569774
vn 0.631906 0.106401 -0.767707
vn 0.139302 -0.702409 -0.698009
vn 0.7746 -0.5981 0.2056
vn -0.693522 0.588819 0.415113
vn -0.925806 0.222602 0.305502
vn -0.108603 -0.202105 0.973324
vn -0.815293 -0.511296 0.271797
vn -0.693522 0.588819 0.415113
vn -0.485676 0.750264 -0.448578
vn 0.346107 -0.089501 -0.933916
vn 0.763008 -0.631508 0.137902
vn -0.641485 0.550388 -0.534388
vn 0.200412 -0.378722 -0.903551
vn 0.708133 -0.62563 0.327316
vn -0.476126 0.73484 0.483026
vn 0.210097 0.244597 0.946589
vn -0.476126 0.73484 0.483026
vn -0.522213 0.38011 -0.76342
vn 0.347085 -0.480878 -0.805163
vn 0.64771 -0.708212 0.280905
vn -0.60799 0.744688 0.275295
vn 0.109998 0.372996 0.92129
vn -0.60799 0.744688 0.275295
vn -0.457802 0.309602 -0.833405
vn -0.601379 0.772272 0.204792
vn -0.601379 0.772272 0.204792
vn -0.391194 0.092099 -0.915688
vn 0.41202 -0.62943 -0.658831
vn -0.788714 0.594611 0.156102
vn 0.531404 -0.591405 0.606506
vn -0.063699 0.193794 0.978972
vn -0.225102 -0.954005 0.198001
vn 0.578085 -0.441089 0.686483
vn -0.943499 0.0652 0.324899
vn -0.547 0.0373 -0.836301
vn -0.790706 0.563404 0.239501
vn -0.0611 0.043499 0.997183
vn -0.547 0.0373 -0.836301
vn -0.790706 0.563404 0.239501
vn -0.0611 0.043499 0.997183
vn 0.735375 -0.674077 0.069598
vn 0.431479 0.299486 0.850961
vn -0.296107 -0.929021 -0.221905
vn -0.46071 0.365907 0.808616
vn -0.788714 0.594611 0.156102
vn -0.610098 0.777097 0.154599
vn -0.3912 0.885501 -0.2507
vn 0.0287 0.93431 0.355304
vn 0.0287 0.93431 0.355304
vn 0.0287 0.93431 0.355304
vn 0.0287 0.93431 0.355304
vn 0.912001 -0.17 0.373301
vn 0.912001 -0.17 0.373301
vn 0.912001 -0.17 0.373301
vn 0.912001 -0.17 0.373301
vn -0.047801 -0.947918 -0.314906
vn -0.047801 -0.947918 -0.314906
vn -0.047801 -0.947918 -0.314906
vn -0.047801 -0.947918 -0.314906
vn -0.912001 0.17 -0.373301
vn -0.912001 0.17 -0.373301
vn -0.912001 0.17 -0.373301
vn -0.912001 0.17 -0.373301
vn 0.353998 0.786095 -0.506696
vn 0.353998 0.786095 -0.506696
vn 0.353998 0.786095 -0.506696
vn 0.353998 0.786095 -0.506696
vn 0.912001 -0.17 0.373301
vn 0.912001 -0.17 0.373301
vn 0.912001 -0.17 0.373301
vn 0.912001 -0.17 0.373301
vn -0.336897 -0.829693 0.445096
vn -0.336897 -0.829693 0.445096
vn -0.336897 -0.829693 0.445096
vn -0.336897 -0.829693 0.445096
vn -0.912001 0.17 -0.373301
vn -0.912001 0.17 -0.373301
vn -0.912001 0.17 -0.373301
vn -0.912001 0.17 -0.373301
vn -0.402792 -0.543189 0.736685
vn -0.402792 -0.543189 0.736685
vn -0.402792 -0.543189 0.736685
vn -0.402792 -0.543189 0.736685
vn 0.912001 -0.17 0.373301
vn 0.912001 -0.17 0.373301
vn 0.912001 -0.17 0.373301
vn 0.912001 -0.17 0.373301
vn 0.410097 0.396197 -0.821492
vn 0.410097 0.396197 -0.821492
vn 0.410097 0.396197 -0.821492
vn 0.410097 0.396197 -0.821492
vn -0.912001 0.17 -0.373301
vn -0.912001 0.17 -0.373301
vn -0.912001 0.17 -0.373301
vn -0.912001 0.17 -0.373301
vn -0.294612 0.361914 0.884434
vn -0.294612 0.361914 0.884434
vn -0.294612 0.361914 0.884434
vn -0.294612 0.361914 0.884434
vn 0.912001 -0.17 0.373301
vn 0.912001 -0.17 0.373301
vn 0.30501 -0.32761 -0.894227
vn 0.30501 -0.32761 -0.894227
vn 0.30501 -0.32761 -0.894227
vn 0.30501 -0.32761 -0.894227
vn -0.912001 0.17 -0.373301
vn -0.912001 0.17 -0.373301
vn -0.273716 -0.930053 0.245114
vn -0.273716 -0.930053 0.245114
vn -0.273716 -0.930053 0.245114
vn -0.273716 -0.930053 0.245114
vn 0.406494 0.251397 -0.878386
vn 0.406494 0.251397 -0.878386
vn 0.406494 0.251397 -0.878386
vn 0.406494 0.251397 -0.878386
vn -0.335901 -0.831802 0.441901
vn -0.335901 -0.831802 0.441901
vn -0.335901 -0.831802 0.441901
vn 0.844309 -0.103301 0.525806
vn 0.844309 -0.103301 0.525806
vn 0.844309 -0.103301 0.525806
vn 0.221295 0.970179 -0.098898
vn 0.221295 0.970179 -0.098898
vn 0.221295 0.970179 -0.098898
vn -0.950233 0.231208 -0.208808
vn -0.950233 0.231208 -0.208808
vn -0.950233 0.231208 -0.208808
vn -0.396295 -0.129899 0.908888
vn -0.396295 -0.129899 0.908888
vn -0.396295 -0.129899 0.908888
vn 0.902168 -0.0003 0.431385
vn 0.902168 -0.0003 0.431385
vn 0.902168 -0.0003 0.431385
vn 0.40689 0.491187 -0.770179
vn 0.40689 0.491187 -0.770179
vn 0.40689 0.491187 -0.770179
vn -0.892401 0.3342 -0.303201
vn -0.892401 0.3342 -0.303201
vn -0.892401 0.3342 -0.303201
vn -0.140404 0.725716 0.673515
vn -0.140404 0.725716 0.673515
vn -0.140404 0.725716 0.673515
vn 0.960054 -0.025099 0.278687
vn 0.960054 -0.025099 0.278687
vn 0.960054 -0.025099 0.278687
vn 0.276303 -0.418003 -0.865407
vn 0.276303 -0.418003 -0.865407
vn 0.276303 -0.418003 -0.865407
vn -0.834477 0.309392 -0.455988
vn -0.834477 0.309392 -0.455988
vn -0.834477 0.309392 -0.455988
vn 0.028699 0.934277 0.355391
vn 0.028699 0.934277 0.355391
vn 0.028699 0.934277 0.355391
vn 0.028699 0.934277 0.355391
vn 0.912001 -0.17 0.373301
vn 0.912001 -0.17 0.373301
vn 0.912001 -0.17 0.373301
vn 0.912001 -0.17 0.373301
vn -0.047801 -0.947918 -0.314906
vn -0.047801 -0.947918 -0.314906
vn -0.047801 -0.947918 -0.314906
vn -0.047801 -0.947918 -0.314906
vn -0.912001 0.17 -0.373301
vn -0.912001 0.17 -0.373301
vn -0.912001 0.17 -0.373301
vn -0.912001 0.17 -0.373301
vn 0.353998 0.786095 -0.506696
vn 0.353998 0.786095 -0.506696
vn 0.353998 0.786095 -0.506696
vn 0.353998 0.786095 -0.506696
vn 0.912001 -0.17 0.373301
vn 0.912001 -0.17 0.373301
vn 0.912001 -0.17 0.373301
vn 0.912001 -0.17 0.373301
vn -0.336897 -0.829693 0.445096
vn -0.336897 -0.829693 0.445096
vn -0.336897 -0.829693 0.445096
vn -0.336897 -0.829693 0.445096
vn -0.912001 0.17 -0.373301
vn -0.912001 0.17 -0.373301
vn -0.912001 0.17 -0.373301
vn -0.912001 0.17 -0.373301
vn -0.402792 -0.543189 0.736685
vn -0.402792 -0.543189 0.736685
vn -0.402792 -0.543189 0.736685
vn -0.402792 -0.543189 0.736685
vn 0.912001 -0.17 0.373301
vn 0.912001 -0.17 0.373301
vn 0.912001 -0.17 0.373301
vn 0.912001 -0.17 0.373301
vn 0.410096 0.396197 -0.821492
vn 0.410096 0.396197 -0.821492
vn 0.410096 0.396197 -0.821492
vn 0.410096 0.396197 -0.821492
vn -0.912001 0.17 -0.373301
vn -0.912001 0.17 -0.373301
vn -0.912001 0.17 -0.373301
vn -0.912001 0.17 -0.373301
vn -0.294611 0.361914 0.884434
vn -0.294611 0.361914 0.884434
vn -0.294611 0.361914 0.884434
vn -0.294611 0.361914 0.884434
vn 0.912001 -0.17 0.373301
vn 0.912001 -0.17 0.373301
vn 0.305009 -0.32761 -0.894227
vn 0.305009 -0.32761 -0.894227
vn 0.305009 -0.32761 -0.894227
vn 0.305009 -0.32761 -0.894227
vn -0.912001 0.17 -0.373301
vn -0.912001 0.17 -0.373301
vn -0.273716 -0.930053 0.245114
vn -0.273716 -0.930053 0.245114
vn -0.273716 -0.930053 0.245114
vn -0.273716 -0.930053 0.245114
vn 0.406494 0.251396 -0.878386
vn 0.406494 0.251396 -0.878386
vn 0.406494 0.251396 -0.878386
vn 0.406494 0.251396 -0.878386
vn -0.396295 -0.129898 0.908888
vn -0.396295 -0.129898 0.908888
vn -0.396295 -0.129898 0.908888
vn 0.902168 -0.0003 0.431385
vn 0.902168 -0.0003 0.431385
vn 0.902168 -0.0003 0.431385
vn 0.406889 0.491187 -0.770179
vn 0.406889 0.491187 -0.770179
vn 0.406889 0.491187 -0.770179
vn -0.892401 0.3342 -0.3032
vn -0.892401 0.3342 -0.3032
vn -0.892401 0.3342 -0.3032
vn -0.335901 -0.831802 0.4419
vn -0.335901 -0.831802 0.4419
vn -0.335901 -0.831802 0.4419
vn 0.844309 -0.103301 0.525806
vn 0.844309 -0.103301 0.525806
vn 0.844309 -0.103301 0.525806
vn 0.221295 0.970179 -0.098897
vn 0.221295 0.970179 -0.098897
vn 0.221295 0.970179 -0.098897
vn -0.950233 0.231208 -0.208807
vn -0.950233 0.231208 -0.208807
vn -0.950233 0.231208 -0.208807
vt 0.1744 0.7138
vt 0.2199 0.7351
vt 0.2074 0.8004
vt 0.1744 0.788
vt 0.5361 0.8708
vt 0.5361 0.939
vt 0.603 0.9124
vt 0.6057 0.847
vt 0.5361 0.979
vt 0.5797 0.9846
vt 0.2156 0.8495
vt 0.1866 0.8362
vt 0.1854 0.7876
vt 0.2165 0.8923
vt 0.1834 0.8836
vt 0.2209 0.9173
vt 0.1748 0.9091
vt 0.2103 0.9545
vt 0.1748 0.9683
vt 0.628 0.8593
vt 0.6327 0.8038
vt 0.6208 0.9384
vt 0.2522 0.9494
vt 0.2444 0.9673
vt 0.2323 0.9544
vt 0.234 0.9287
vt 0.2282 0.8264
vt 0.2339 0.8957
vt 0.5361 0.9923
vt 0.1748 0.9807
vt 0.1748 0.981
vt 0.5362 0.7684
vt 0.2666 0.8804
vt 0.297 0.8131
vt 0.5932 0.7502
vt 0.2646 0.7052
vt 0.2716 0.7766
vt 0.6309 0.7285
vt 0.6181 0.7155
vt 0.5358 0.6616
vt 0.1415 0.8004
vt 0.1289 0.7351
vt 0.475 0.911
vt 0.4658 0.847
vt 0.4946 0.9832
vt 0.1333 0.8495
vt 0.1635 0.7876
vt 0.1623 0.8362
vt 0.1324 0.8923
vt 0.1655 0.8836
vt 0.1279 0.9173
vt 0.1386 0.9545
vt 0.4415 0.847
vt 0.4394 0.7733
vt 0.4586 0.9436
vt 0.1036 0.9489
vt 0.1168 0.9465
vt 0.1135 0.9688
vt 0.1149 0.9287
vt 0.1206 0.8264
vt 0.115 0.8957
vt 0.0748 0.8819
vt 0.0548 0.8197
vt 0.4783 0.7502
vt 0.0842 0.7052
vt 0.0753 0.7766
vt 0.4534 0.7155
vt 0.4406 0.7285
vt 0.1739 0.8458
vt 0.8712 0.987
vt 0.9358 0.9847
vt 0.9584 0.9172
vt 0.8712 0.9256
vt 0.9562 0.9778
vt 0.932 0.9758
vt 0.9475 0.8644
vt 0.9848 0.8731
vt 0.9966 0.7592
vt 0.9673 0.7646
vt 0.9521 0.7059
vt 0.8891 0.7892
vt 0.8976 0.7765
vt 0.9073 0.5999
vt 0.8869 0.5613
vt 0.9565 0.6037
vt 0.9927 0.5631
vt 0.952 0.5486
vt 0.9511 0.371
vt 0.9222 0.3716
vt 0.968 0.3735
vt 0.9014 0.3753
vt 0.9407 0.3746
vt 0.9031 0.8206
vt 0.8712 0.9733
vt 0.8579 0.7892
vt 0.8495 0.7765
vt 0.844 0.8206
vt 0.784 0.9172
vt 0.8066 0.9847
vt 0.7861 0.9778
vt 0.7948 0.8644
vt 0.8104 0.9758
vt 0.7576 0.8731
vt 0.7458 0.7592
vt 0.7751 0.7646
vt 0.7903 0.7059
vt 0.8351 0.5999
vt 0.8554 0.5613
vt 0.7858 0.6037
vt 0.7497 0.5631
vt 0.7904 0.5486
vt 0.7913 0.371
vt 0.8202 0.3716
vt 0.7744 0.3735
vt 0.841 0.3753
vt 0.8016 0.3746
vt 0.9537 0.8256
vt 0.8669 0.8086
vt 0.8673 0.9088
vt 0.9543 0.9095
vt 0.7773 0.8298
vt 0.7771 0.9095
vt 0.8594 0.7735
vt 0.8414 0.7707
vt 0.8711 0.7735
vt 0.888 0.7707
vt 0.9141 0.0006
vt 0.9564 0.0009
vt 0.9722 0.002
vt 0.8986 0.0017
vt 0.2732 0.2519
vt 0.287 0.2545
vt 0.2916 0.1884
vt 0.2426 0.2526
vt 0.2272 0.1878
vt 0.2284 0.2564
vt 0.9132 0.3593
vt 0.9521 0.3589
vt 0.9528 0.2537
vt 0.9148 0.253
vt 0.9754 0.3154
vt 0.9778 0.2351
vt 0.8936 0.315
vt 0.9402 0.2931
vt 0.944 0.1171
vt 0.9202 0.1168
vt 0.9639 0.1003
vt 0.907 0.0999
vt 0.9353 0.0855
vt 0.9492 0.0488
vt 0.9186 0.0485
vt 0.9666 0.0622
vt 0.9043 0.0618
vt 0.9519 0.0277
vt 0.9359 0.0398
vt 0.9355 0.0018
vt 0.966 0.002
vt 0.9112 0.0274
vt 0.9048 0.0017
vt 0.9357 0.0554
vt 0.9628 0.0315
vt 0.9081 0.0312
vt 0.824 0.0006
vt 0.7659 0.002
vt 0.7817 0.0009
vt 0.8395 0.0017
vt 0.1425 0.2519
vt 0.124 0.1884
vt 0.1287 0.2545
vt 0.1731 0.2526
vt 0.1872 0.2564
vt 0.1885 0.1878
vt 0.8249 0.3593
vt 0.7853 0.2537
vt 0.786 0.3589
vt 0.8233 0.253
vt 0.7603 0.2351
vt 0.7627 0.3154
vt 0.8445 0.315
vt 0.7979 0.2931
vt 0.7941 0.1171
vt 0.818 0.1168
vt 0.7742 0.1003
vt 0.8311 0.0999
vt 0.8028 0.0855
vt 0.7889 0.0488
vt 0.8195 0.0485
vt 0.7715 0.0622
vt 0.8339 0.0618
vt 0.7862 0.0277
vt 0.8026 0.0018
vt 0.8022 0.0398
vt 0.7721 0.002
vt 0.8333 0.0017
vt 0.8269 0.0274
vt 0.8024 0.0554
vt 0.7753 0.0315
vt 0.8301 0.0312
vt 0.287 0.2545
vt 0.2647 0.2557
vt 0.2664 0.1529
vt 0.3042 0.1512
vt 0.2732 0.2519
vt 0.2774 0.1481
vt 0.2284 0.2564
vt 0.2426 0.2526
vt 0.2376 0.1489
vt 0.2192 0.1539
vt 0.1425 0.2519
vt 0.1731 0.2526
vt 0.1799 0.1454
vt 0.1367 0.1445
vt 0.1872 0.2564
vt 0.1999 0.1508
vt 0.1287 0.2545
vt 0.1083 0.1485
vt 0.1509 0.2557
vt 0.1486 0.1497
vt 0.5375 0.419
vt 0.5375 0.4651
vt 0.5912 0.4632
vt 0.5956 0.4166
vt 0.5375 0.5395
vt 0.6115 0.5458
vt 0.5375 0.6456
vt 0.6425 0.7048
vt 0.1763 0.4474
vt 0.2371 0.453
vt 0.2481 0.53
vt 0.1763 0.52
vt 0.2659 0.6314
vt 0.1763 0.6267
vt 0.1763 0.544
vt 0.1763 0.6707
vt 0.6228 0.4585
vt 0.6469 0.4097
vt 0.6564 0.5401
vt 0.6794 0.5841
vt 0.6092 0.2709
vt 0.6119 0.2616
vt 0.6198 0.3647
vt 0.6169 0.3471
vt 0.2942 0.4071
vt 0.284 0.456
vt 0.2479 0.4051
vt 0.295 0.5376
vt 0.316 0.5817
vt 0.3044 0.6335
vt 0.2621 0.6956
vt 0.235 0.7556
vt 0.1763 0.7337
vt 0.692 0.6514
vt 0.3283 0.6728
vt 0.2765 0.7531
vt 0.3481 0.7246
vt 0.0597 0.2495
vt 0.0157 0.1947
vt 0.0828 0.1936
vt 0.0445 0.1288
vt 0.2739 0.185
vt 0.2589 0.2196
vt 0.1074 0.2922
vt 0.2655 0.2972
vt 0.2783 0.1474
vt 0.0685 0.0994
vt 0.2762 0.1125
vt 0.0685 0.3554
vt 0.2762 0.3685
vt 0.2986 0.1848
vt 0.3054 0.2196
vt 0.302 0.2978
vt 0.3507 0.1847
vt 0.3569 0.2249
vt 0.3507 0.2994
vt 0.3419 0.1466
vt 0.341 0.1129
vt 0.341 0.3689
vt 0.4625 0.1938
vt 0.472 0.2385
vt 0.4764 0.3056
vt 0.4597 0.1521
vt 0.4684 0.1058
vt 0.4684 0.3618
vt 0.4872 0.2068
vt 0.4864 0.1501
vt 0.5246 0.2149
vt 0.5517 0.2459
vt 0.528 0.1495
vt 0.5526 0.3412
vt 0.5363 0.3485
vt 0.5399 0.3409
vt 0.5478 0.3436
vt 0.5441 0.3517
vt 0.5619 0.2274
vt 0.5645 0.1462
vt 0.5521 0.123
vt 0.6198 0.1087
vt 0.6169 0.0911
vt 0.5526 0.0852
vt 0.5092 0.3349
vt 0.5012 0.3524
vt 0.5252 0.3485
vt 0.5173 0.1104
vt 0.5173 0.3664
vt 0.1763 0.4098
vt 0.6602 0.736
vt 0.7253 0.7196
vt 0.4838 0.4632
vt 0.4794 0.4166
vt 0.4635 0.5458
vt 0.4325 0.7048
vt 0.1046 0.53
vt 0.1156 0.453
vt 0.0868 0.6314
vt 0.4522 0.4585
vt 0.428 0.4097
vt 0.4186 0.5401
vt 0.3956 0.5841
vt 0.6045 0.2278
vt 0.6147 0.1393
vt 0.6071 0.2366
vt 0.6119 0.156
vt 0.0565 0.4071
vt 0.0785 0.456
vt 0.1048 0.4051
vt 0.0518 0.5376
vt 0.0483 0.6335
vt 0.0307 0.5817
vt 0.1158 0.7556
vt 0.0906 0.7029
vt 0.383 0.6514
vt 0.0244 0.6728
vt 0.0762 0.7531
vt 0.0046 0.7246
vt 0.0746 0.248
vt 0.0968 0.3008
vt 0.0321 0.2997
vt 0.0599 0.3619
vt 0.2811 0.3089
vt 0.2667 0.2763
vt 0.1206 0.2077
vt 0.273 0.2031
vt 0.2854 0.3444
vt 0.0599 0.1203
vt 0.2833 0.1357
vt 0.083 0.1481
vt 0.2854 0.1028
vt 0.305 0.3091
vt 0.3115 0.2763
vt 0.3082 0.2024
vt 0.3551 0.3092
vt 0.3611 0.2713
vt 0.3552 0.2009
vt 0.3467 0.3451
vt 0.3458 0.1353
vt 0.3467 0.1036
vt 0.463 0.3006
vt 0.4721 0.2584
vt 0.4764 0.1951
vt 0.4603 0.34
vt 0.4687 0.142
vt 0.4603 0.0984
vt 0.4868 0.2883
vt 0.4861 0.3418
vt 0.4861 0.1003
vt 0.5228 0.2807
vt 0.549 0.2514
vt 0.5262 0.3424
vt 0.5499 0.1615
vt 0.5341 0.1546
vt 0.5452 0.1592
vt 0.5377 0.1618
vt 0.5417 0.1516
vt 0.5588 0.2689
vt 0.5614 0.3455
vt 0.5494 0.3674
vt 0.5588 0.1122
vt 0.5614 0.1039
vt 0.5494 0.1258
vt 0.508 0.1674
vt 0.5003 0.1509
vt 0.5235 0.1547
vt 0.5158 0.1378
vt 0.5262 0.1008
vt 0.4148 0.736
vt 0.3497 0.7196
vt 0.6346 0.0735
vt 0.7243 0.3493
vt 0.6346 0.3493
vt 0.7243 0.0735
vt 0.6354 0.3501
vt 0.7232 0.0762
vt 0.6355 0.0758
vt 0.7231 0.3502
vt 0.7239 0.2112
vt 0.6336 0.306
vt 0.7239 0.306
vt 0.6336 0.2112
vt 0.7231 0.3502
vt 0.6355 0.0758
vt 0.7232 0.0762
vt 0.6354 0.3501
vt 0.6334 0.074
vt 0.7241 0.35
vt 0.6334 0.35
vt 0.7241 0.074
vt 0.6347 0.3494
vt 0.7235 0.0751
vt 0.6347 0.0751
vt 0.7234 0.3489
vt 0.7239 0.306
vt 0.6336 0.3453
vt 0.7239 0.3453
vt 0.6336 0.306
vt 0.7234 0.3489
vt 0.6347 0.0751
vt 0.7235 0.0751
vt 0.6347 0.3494
vt 0.6346 0.0734
vt 0.7243 0.3495
vt 0.6346 0.3495
vt 0.7243 0.0734
vt 0.6347 0.0751
vt 0.7235 0.0751
vt 0.6347 0.3494
vt 0.7234 0.3489
vt 0.7239 0.0772
vt 0.6336 0.1165
vt 0.7239 0.1165
vt 0.6336 0.0772
vt 0.7235 0.0751
vt 0.6347 0.3494
vt 0.7234 0.3489
vt 0.6347 0.0751
vt 0.6333 0.0741
vt 0.7241 0.35
vt 0.6333 0.35
vt 0.7241 0.0741
vt 0.6355 0.0757
vt 0.7232 0.0761
vt 0.7239 0.1165
vt 0.6336 0.2112
vt 0.7239 0.2112
vt 0.6336 0.1165
vt 0.7232 0.0761
vt 0.6355 0.0757
vt 0.7258 0.0768
vt 0.7258 0.3379
vt 0.6336 0.3379
vt 0.6336 0.0768
vt 0.6336 0.0767
vt 0.6336 0.338
vt 0.7258 0.338
vt 0.7258 0.0767
vt 0.6133 0.0163
vt 0.6133 0.0678
vt 0.345 0.0421
vt 0.6109 0.0169
vt 0.6109 0.069
vt 0.3403 0.0417
vt 0.6133 0.0678
vt 0.6133 0.0163
vt 0.345 0.0421
vt 0.6109 0.069
vt 0.6109 0.0169
vt 0.3403 0.0417
vt 0.6133 0.0163
vt 0.6133 0.0678
vt 0.345 0.0421
vt 0.6109 0.0169
vt 0.6109 0.069
vt 0.3403 0.0417
vt 0.6133 0.0678
vt 0.6133 0.0163
vt 0.345 0.0421
vt 0.6109 0.069
vt 0.6109 0.0169
vt 0.3403 0.0417
vt 0.6133 0.0163
vt 0.6133 0.0678
vt 0.345 0.0421
vt 0.6109 0.0169
vt 0.6109 0.069
vt 0.3403 0.0417
vt 0.6133 0.0678
vt 0.6133 0.0163
vt 0.345 0.0421
vt 0.6109 0.069
vt 0.6109 0.0169
vt 0.3403 0.0417
vt 0.6346 0.0735
vt 0.7243 0.3493
vt 0.6346 0.3493
vt 0.7243 0.0735
vt 0.6354 0.3501
vt 0.7232 0.0762
vt 0.6355 0.0758
vt 0.7231 0.3502
vt 0.7239 0.2112
vt 0.6336 0.306
vt 0.7239 0.306
vt 0.6336 0.2112
vt 0.7231 0.3502
vt 0.6355 0.0758
vt 0.7232 0.0762
vt 0.6354 0.3501
vt 0.6334 0.074
vt 0.7241 0.35
vt 0.6334 0.35
vt 0.7241 0.074
vt 0.6347 0.3494
vt 0.7235 0.0751
vt 0.6347 0.0751
vt 0.7234 0.3489
vt 0.7239 0.306
vt 0.6336 0.3453
vt 0.7239 0.3453
vt 0.6336 0.306
vt 0.7234 0.3489
vt 0.6347 0.0751
vt 0.7235 0.0751
vt 0.6347 0.3494
vt 0.6346 0.0734
vt 0.7243 0.3495
vt 0.6346 0.3495
vt 0.7243 0.0734
vt 0.6347 0.0751
vt 0.7235 0.0751
vt 0.6347 0.3494
vt 0.7234 0.3489
vt 0.7239 0.0772
vt 0.6336 0.1165
vt 0.7239 0.1165
vt 0.6336 0.0772
vt 0.7235 0.0751
vt 0.6347 0.3494
vt 0.7234 0.3489
vt 0.6347 0.0751
vt 0.6333 0.0741
vt 0.7241 0.35
vt 0.6333 0.35
vt 0.7241 0.0741
vt 0.6355 0.0757
vt 0.7232 0.0761
vt 0.7239 0.1165
vt 0.6336 0.2112
vt 0.7239 0.2112
vt 0.6336 0.1165
vt 0.7232 0.0761
vt 0.6355 0.0757
vt 0.7258 0.0768
vt 0.7258 0.3379
vt 0.6336 0.3379
vt 0.6336 0.0768
vt 0.6336 0.0767
vt 0.6336 0.338
vt 0.7258 0.338
vt 0.7258 0.0767
vt 0.6133 0.0163
vt 0.6133 0.0678
vt 0.345 0.0421
vt 0.6109 0.0169
vt 0.6109 0.069
vt 0.3403 0.0417
vt 0.6133 0.0678
vt 0.6133 0.0163
vt 0.345 0.0421
vt 0.6109 0.069
vt 0.6109 0.0169
vt 0.3403 0.0417
vt 0.6133 0.0163
vt 0.6133 0.0678
vt 0.345 0.0421
vt 0.6109 0.0169
vt 0.6109 0.069
vt 0.3403 0.0417
vt 0.6133 0.0678
vt 0.6133 0.0163
vt 0.345 0.0421
vt 0.6109 0.069
vt 0.6109 0.0169
vt 0.3403 0.0417
f 559/559/559 561/561/561 560/560/560
f 561/561/561 559/559/559 562/562/562
f 563/563/563 565/565/565 564/564/564
f 565/565/565 563/563/563 566/566/566
f 564/564/564 568/568/568 567/567/567
f 568/568/568 564/564/564 565/565/565
f 569/569/569 571/571/571 570/570/570
f 570/570/570 572/572/572 569/569/569
f 572/572/572 570/570/570 573/573/573
f 573/573/573 574/574/574 572/572/572
f 574/574/574 573/573/573 575/575/575
f 575/575/575 576/576/576 574/574/574
f 576/576/576 575/575/575 577/577/577
f 566/566/566 578/578/578 565/565/565
f 578/578/578 566/566/566 579/579/579
f 580/580/580 565/565/565 578/578/578
f 568/568/568 565/565/565 580/580/580
f 581/581/581 583/583/583 582/582/582
f 583/583/583 581/581/581 584/584/584
f 561/561/561 569/569/569 585/585/585
f 569/569/569 561/561/561 571/571/571
f 585/585/585 572/572/572 586/586/586
f 572/572/572 585/585/585 569/569/569
f 586/586/586 574/574/574 584/584/584
f 574/574/574 586/586/586 572/572/572
f 568/568/568 587/587/587 567/567/567
f 582/582/582 589/589/589 588/588/588
f 589/589/589 582/582/582 583/583/583
f 563/563/563 590/590/590 566/566/566
f 584/584/584 574/574/574 576/576/576
f 583/583/583 584/584/584 576/576/576
f 591/591/591 592/592/592 586/586/586
f 591/591/591 586/586/586 584/584/584
f 581/581/581 591/591/591 584/584/584
f 566/566/566 593/593/593 579/579/579
f 589/589/589 576/576/576 577/577/577
f 576/576/576 589/589/589 583/583/583
f 585/585/585 594/594/594 560/560/560
f 585/585/585 595/595/595 594/594/594
f 579/579/579 597/597/597 596/596/596
f 593/593/593 597/597/597 579/579/579
f 592/592/592 585/585/585 586/586/586
f 592/592/592 595/595/595 585/585/585
f 590/590/590 598/598/598 593/593/593
f 598/598/598 597/597/597 593/593/593
f 585/585/585 560/560/560 561/561/561
f 559/559/559 600/600/600 599/599/599
f 599/599/599 562/562/562 559/559/559
f 563/563/563 564/564/564 601/601/601
f 601/601/601 602/602/602 563/563/563
f 564/564/564 567/567/567 603/603/603
f 603/603/603 601/601/601 564/564/564
f 604/604/604 606/606/606 605/605/605
f 606/606/606 604/604/604 607/607/607
f 607/607/607 608/608/608 606/606/606
f 608/608/608 607/607/607 609/609/609
f 609/609/609 575/575/575 608/608/608
f 575/575/575 609/609/609 610/610/610
f 610/610/610 577/577/577 575/575/575
f 602/602/602 601/601/601 611/611/611
f 611/611/611 612/612/612 602/602/602
f 613/613/613 611/611/611 601/601/601
f 603/603/603 613/613/613 601/601/601
f 614/614/614 616/616/616 615/615/615
f 615/615/615 617/617/617 614/614/614
f 599/599/599 618/618/618 604/604/604
f 604/604/604 605/605/605 599/599/599
f 618/618/618 619/619/619 607/607/607
f 607/607/607 604/604/604 618/618/618
f 619/619/619 617/617/617 609/609/609
f 609/609/609 607/607/607 619/619/619
f 603/603/603 567/567/567 587/587/587
f 616/616/616 588/588/588 589/589/589
f 589/589/589 615/615/615 616/616/616
f 563/563/563 602/602/602 590/590/590
f 617/617/617 610/610/610 609/609/609
f 615/615/615 610/610/610 617/617/617
f 620/620/620 619/619/619 621/621/621
f 620/620/620 617/617/617 619/619/619
f 614/614/614 617/617/617 620/620/620
f 602/602/602 612/612/612 622/622/622
f 589/589/589 577/577/577 610/610/610
f 610/610/610 615/615/615 589/589/589
f 618/618/618 600/600/600 623/623/623
f 618/618/618 623/623/623 624/624/624
f 612/612/612 626/626/626 625/625/625
f 622/622/622 612/612/612 625/625/625
f 621/621/621 619/619/619 618/618/618
f 621/621/621 618/618/618 624/624/624
f 590/590/590 622/622/622 598/598/598
f 598/598/598 622/622/622 625/625/625
f 618/618/618 599/599/599 600/600/600
f 575/575/575 573/573/573 608/608/608
f 570/570/570 605/605/605 606/606/606
f 570/570/570 571/571/571 605/605/605
f 571/571/571 562/562/562 605/605/605
f 562/562/562 571/571/571 561/561/561
f 605/605/605 562/562/562 599/599/599
f 573/573/573 627/627/627 608/608/608
f 627/627/627 573/573/573 570/570/570
f 608/608/608 627/627/627 606/606/606
f 627/627/627 570/570/570 606/606/606
f 590/590/590 593/593/593 566/566/566
f 590/590/590 602/602/602 622/622/622
f 628/628/628 630/630/630 629/629/629
f 630/630/630 628/628/628 631/631/631
f 632/632/632 634/634/634 633/633/633
f 634/634/634 632/632/632 635/635/635
f 630/630/630 636/636/636 635/635/635
f 636/636/636 630/630/630 637/637/637
f 635/635/635 638/638/638 634/634/634
f 638/638/638 635/635/635 636/636/636
f 639/639/639 641/641/641 640/640/640
f 641/641/641 639/639/639 642/642/642
f 640/640/640 643/643/643 637/637/637
f 643/643/643 640/640/640 641/641/641
f 637/637/637 644/644/644 636/636/636
f 644/644/644 637/637/637 643/643/643
f 638/638/638 642/642/642 639/639/639
f 642/642/642 638/638/638 645/645/645
f 636/636/636 645/645/645 638/638/638
f 645/645/645 636/636/636 644/644/644
f 641/641/641 646/646/646 643/643/643
f 646/646/646 641/641/641 647/647/647
f 643/643/643 648/648/648 644/644/644
f 648/648/648 643/643/643 646/646/646
f 642/642/642 647/647/647 641/641/641
f 647/647/647 642/642/642 649/649/649
f 644/644/644 650/650/650 645/645/645
f 650/650/650 644/644/644 648/648/648
f 645/645/645 649/649/649 642/642/642
f 649/649/649 645/645/645 650/650/650
f 629/629/629 630/630/630 632/632/632
f 630/630/630 635/635/635 632/632/632
f 634/634/634 639/639/639 651/651/651
f 634/634/634 638/638/638 639/639/639
f 634/634/634 652/652/652 633/633/633
f 634/634/634 651/651/651 652/652/652
f 640/640/640 654/654/654 653/653/653
f 640/640/640 653/653/653 639/639/639
f 652/652/652 651/651/651 655/655/655
f 628/628/628 657/657/657 656/656/656
f 656/656/656 631/631/631 628/628/628
f 658/658/658 660/660/660 659/659/659
f 659/659/659 661/661/661 658/658/658
f 656/656/656 661/661/661 662/662/662
f 662/662/662 663/663/663 656/656/656
f 661/661/661 659/659/659 664/664/664
f 664/664/664 662/662/662 661/661/661
f 653/653/653 654/654/654 665/665/665
f 665/665/665 666/666/666 653/653/653
f 654/654/654 663/663/663 667/667/667
f 667/667/667 665/665/665 654/654/654
f 663/663/663 662/662/662 668/668/668
f 668/668/668 667/667/667 663/663/663
f 664/664/664 653/653/653 666/666/666
f 666/666/666 669/669/669 664/664/664
f 662/662/662 664/664/664 669/669/669
f 669/669/669 668/668/668 662/662/662
f 665/665/665 667/667/667 670/670/670
f 670/670/670 671/671/671 665/665/665
f 667/667/667 668/668/668 672/672/672
f 672/672/672 670/670/670 667/667/667
f 666/666/666 665/665/665 671/671/671
f 671/671/671 673/673/673 666/666/666
f 668/668/668 669/669/669 674/674/674
f 674/674/674 672/672/672 668/668/668
f 669/669/669 666/666/666 673/673/673
f 673/673/673 674/674/674 669/669/669
f 657/657/657 658/658/658 656/656/656
f 656/656/656 658/658/658 661/661/661
f 659/659/659 655/655/655 653/653/653
f 659/659/659 653/653/653 664/664/664
f 659/659/659 660/660/660 652/652/652
f 659/659/659 652/652/652 655/655/655
f 651/651/651 653/653/653 655/655/655
f 651/651/651 639/639/639 653/653/653
f 675/675/675 677/677/677 676/676/676
f 677/677/677 675/675/675 678/678/678
f 676/676/676 680/680/680 679/679/679
f 680/680/680 676/676/676 677/677/677
f 681/681/681 676/676/676 682/682/682
f 683/683/683 684/684/684 676/676/676
f 681/681/681 683/683/683 676/676/676
f 685/685/685 687/687/687 686/686/686
f 687/687/687 685/685/685 688/688/688
f 689/689/689 691/691/691 690/690/690
f 692/692/692 694/694/694 693/693/693
f 695/695/695 697/697/697 696/696/696
f 697/697/697 695/695/695 698/698/698
f 696/696/696 700/700/700 699/699/699
f 700/700/700 696/696/696 697/697/697
f 701/701/701 698/698/698 695/695/695
f 702/702/702 699/699/699 700/700/700
f 698/698/698 703/703/703 697/697/697
f 703/703/703 698/698/698 704/704/704
f 697/697/697 705/705/705 700/700/700
f 705/705/705 697/697/697 703/703/703
f 701/701/701 704/704/704 698/698/698
f 704/704/704 701/701/701 706/706/706
f 700/700/700 707/707/707 702/702/702
f 707/707/707 700/700/700 705/705/705
f 702/702/702 706/706/706 701/701/701
f 706/706/706 702/702/702 707/707/707
f 704/704/704 708/708/708 703/703/703
f 708/708/708 704/704/704 709/709/709
f 703/703/703 710/710/710 705/705/705
f 710/710/710 703/703/703 708/708/708
f 706/706/706 709/709/709 704/704/704
f 709/709/709 706/706/706 711/711/711
f 707/707/707 705/705/705 710/710/710
f 707/707/707 711/711/711 706/706/706
f 709/709/709 686/686/686 708/708/708
f 686/686/686 709/709/709 685/685/685
f 708/708/708 687/687/687 710/710/710
f 687/687/687 708/708/708 686/686/686
f 711/711/711 685/685/685 709/709/709
f 685/685/685 711/711/711 688/688/688
f 712/712/712 714/714/714 713/713/713
f 714/714/714 712/712/712 715/715/715
f 713/713/713 717/717/717 716/716/716
f 717/717/717 713/713/713 714/714/714
f 710/710/710 718/718/718 707/707/707
f 718/718/718 710/710/710 719/719/719
f 707/707/707 720/720/720 711/711/711
f 720/720/720 707/707/707 718/718/718
f 687/687/687 719/719/719 710/710/710
f 688/688/688 711/711/711 720/720/720
f 687/687/687 712/712/712 719/719/719
f 712/712/712 687/687/687 715/715/715
f 718/718/718 716/716/716 720/720/720
f 716/716/716 718/718/718 713/713/713
f 720/720/720 717/717/717 688/688/688
f 717/717/717 720/720/720 716/716/716
f 718/718/718 712/712/712 713/713/713
f 718/718/718 719/719/719 712/712/712
f 715/715/715 717/717/717 714/714/714
f 715/715/715 688/688/688 717/717/717
f 715/715/715 687/687/687 688/688/688
f 721/721/721 723/723/723 722/722/722
f 722/722/722 724/724/724 721/721/721
f 725/725/725 727/727/727 726/726/726
f 728/728/728 730/730/730 729/729/729
f 731/731/731 733/733/733 732/732/732
f 732/732/732 734/734/734 731/731/731
f 733/733/733 736/736/736 735/735/735
f 735/735/735 732/732/732 733/733/733
f 737/737/737 731/731/731 734/734/734
f 738/738/738 735/735/735 736/736/736
f 734/734/734 732/732/732 739/739/739
f 739/739/739 740/740/740 734/734/734
f 732/732/732 735/735/735 741/741/741
f 741/741/741 739/739/739 732/732/732
f 737/737/737 734/734/734 740/740/740
f 740/740/740 742/742/742 737/737/737
f 735/735/735 738/738/738 743/743/743
f 743/743/743 741/741/741 735/735/735
f 738/738/738 737/737/737 742/742/742
f 742/742/742 743/743/743 738/738/738
f 740/740/740 739/739/739 744/744/744
f 744/744/744 745/745/745 740/740/740
f 739/739/739 741/741/741 746/746/746
f 746/746/746 744/744/744 739/739/739
f 742/742/742 740/740/740 745/745/745
f 745/745/745 747/747/747 742/742/742
f 743/743/743 746/746/746 741/741/741
f 743/743/743 742/742/742 747/747/747
f 745/745/745 744/744/744 723/723/723
f 723/723/723 721/721/721 745/745/745
f 744/744/744 746/746/746 722/722/722
f 722/722/722 723/723/723 744/744/744
f 747/747/747 745/745/745 721/721/721
f 721/721/721 724/724/724 747/747/747
f 748/748/748 750/750/750 749/749/749
f 749/749/749 751/751/751 748/748/748
f 750/750/750 753/753/753 752/752/752
f 752/752/752 749/749/749 750/750/750
f 746/746/746 743/743/743 754/754/754
f 754/754/754 755/755/755 746/746/746
f 743/743/743 747/747/747 756/756/756
f 756/756/756 754/754/754 743/743/743
f 722/722/722 746/746/746 755/755/755
f 724/724/724 756/756/756 747/747/747
f 722/722/722 755/755/755 748/748/748
f 748/748/748 751/751/751 722/722/722
f 754/754/754 756/756/756 753/753/753
f 753/753/753 750/750/750 754/754/754
f 756/756/756 724/724/724 752/752/752
f 752/752/752 753/753/753 756/756/756
f 754/754/754 750/750/750 748/748/748
f 754/754/754 748/748/748 755/755/755
f 751/751/751 749/749/749 752/752/752
f 751/751/751 752/752/752 724/724/724
f 751/751/751 724/724/724 722/722/722
f 757/757/757 759/759/759 758/758/758
f 757/757/757 760/760/760 759/759/759
f 761/761/761 760/760/760 757/757/757
f 761/761/761 762/762/762 760/760/760
f 763/763/763 765/765/765 764/764/764
f 763/763/763 766/766/766 765/765/765
f 764/764/764 762/762/762 761/761/761
f 764/764/764 765/765/765 762/762/762
f 758/758/758 766/766/766 763/763/763
f 758/758/758 759/759/759 766/766/766
f 767/767/767 769/769/769 768/768/768
f 767/767/767 770/770/770 769/769/769
f 768/768/768 772/772/772 771/771/771
f 768/768/768 769/769/769 772/772/772
f 773/773/773 770/770/770 767/767/767
f 773/773/773 774/774/774 770/770/770
f 775/775/775 774/774/774 773/773/773
f 775/775/775 776/776/776 774/774/774
f 771/771/771 776/776/776 775/775/775
f 771/771/771 772/772/772 776/776/776
f 777/777/777 779/779/779 778/778/778
f 779/779/779 777/777/777 780/780/780
f 778/778/778 782/782/782 781/781/781
f 782/782/782 778/778/778 779/779/779
f 781/781/781 784/784/784 783/783/783
f 784/784/784 781/781/781 782/782/782
f 785/785/785 787/787/787 786/786/786
f 787/787/787 785/785/785 788/788/788
f 789/789/789 791/791/791 790/790/790
f 789/789/789 790/790/790 792/792/792
f 780/780/780 793/793/793 779/779/779
f 793/793/793 780/780/780 794/794/794
f 779/779/779 795/795/795 782/782/782
f 795/795/795 779/779/779 793/793/793
f 796/796/796 782/782/782 795/795/795
f 797/797/797 799/799/799 798/798/798
f 799/799/799 797/797/797 800/800/800
f 801/801/801 786/786/786 802/802/802
f 786/786/786 801/801/801 803/803/803
f 802/802/802 787/787/787 804/804/804
f 787/787/787 802/802/802 786/786/786
f 804/804/804 806/806/806 805/805/805
f 806/806/806 804/804/804 787/787/787
f 792/792/792 808/808/808 807/807/807
f 808/808/808 792/792/792 809/809/809
f 782/782/782 810/810/810 784/784/784
f 806/806/806 807/807/807 811/811/811
f 796/796/796 810/810/810 782/782/782
f 812/812/812 811/811/811 807/807/807
f 811/811/811 812/812/812 813/813/813
f 814/814/814 816/816/816 815/815/815
f 817/817/817 815/815/815 816/816/816
f 787/787/787 789/789/789 806/806/806
f 806/806/806 789/789/789 807/807/807
f 792/792/792 807/807/807 789/789/789
f 814/814/814 818/818/818 816/816/816
f 818/818/818 814/814/814 819/819/819
f 820/820/820 819/819/819 814/814/814
f 819/819/819 820/820/820 821/821/821
f 816/816/816 822/822/822 817/817/817
f 822/822/822 816/816/816 818/818/818
f 817/817/817 824/824/824 823/823/823
f 824/824/824 817/817/817 822/822/822
f 825/825/825 821/821/821 820/820/820
f 821/821/821 825/825/825 826/826/826
f 819/819/819 827/827/827 818/818/818
f 827/827/827 819/819/819 828/828/828
f 821/821/821 828/828/828 819/819/819
f 828/828/828 821/821/821 829/829/829
f 822/822/822 818/818/818 827/827/827
f 826/826/826 829/829/829 821/821/821
f 828/828/828 830/830/830 827/827/827
f 830/830/830 828/828/828 831/831/831
f 829/829/829 831/831/831 828/828/828
f 831/831/831 829/829/829 832/832/832
f 827/827/827 833/833/833 822/822/822
f 833/833/833 827/827/827 830/830/830
f 822/822/822 834/834/834 824/824/824
f 834/834/834 822/822/822 833/833/833
f 826/826/826 832/832/832 829/829/829
f 832/832/832 826/826/826 835/835/835
f 836/836/836 831/831/831 837/837/837
f 831/831/831 836/836/836 830/830/830
f 832/832/832 837/837/837 831/831/831
f 837/837/837 832/832/832 838/838/838
f 830/830/830 839/839/839 833/833/833
f 839/839/839 830/830/830 836/836/836
f 833/833/833 840/840/840 834/834/834
f 840/840/840 833/833/833 839/839/839
f 835/835/835 838/838/838 832/832/832
f 838/838/838 835/835/835 841/841/841
f 837/837/837 842/842/842 836/836/836
f 843/843/843 836/836/836 842/842/842
f 836/836/836 843/843/843 839/839/839
f 840/840/840 839/839/839 843/843/843
f 837/837/837 844/844/844 842/842/842
f 844/844/844 837/837/837 845/845/845
f 842/842/842 846/846/846 843/843/843
f 846/846/846 842/842/842 844/844/844
f 838/838/838 845/845/845 837/837/837
f 845/845/845 838/838/838 847/847/847
f 848/848/848 850/850/850 849/849/849
f 850/850/850 848/848/848 851/851/851
f 845/845/845 852/852/852 844/844/844
f 844/844/844 853/853/853 846/846/846
f 853/853/853 844/844/844 852/852/852
f 854/854/854 846/846/846 853/853/853
f 845/845/845 798/798/798 852/852/852
f 798/798/798 845/845/845 797/797/797
f 852/852/852 855/855/855 853/853/853
f 855/855/855 852/852/852 798/798/798
f 847/847/847 797/797/797 845/845/845
f 797/797/797 847/847/847 800/800/800
f 853/853/853 856/856/856 854/854/854
f 856/856/856 853/853/853 855/855/855
f 854/854/854 856/856/856 857/857/857
f 841/841/841 858/858/858 838/838/838
f 858/858/858 841/841/841 859/859/859
f 838/838/838 860/860/860 847/847/847
f 860/860/860 838/838/838 858/858/858
f 857/857/857 861/861/861 854/854/854
f 862/862/862 847/847/847 860/860/860
f 859/859/859 849/849/849 858/858/858
f 849/849/849 859/859/859 848/848/848
f 858/858/858 850/850/850 860/860/860
f 850/850/850 858/858/858 849/849/849
f 860/860/860 851/851/851 862/862/862
f 851/851/851 860/860/860 850/850/850
f 862/862/862 848/848/848 859/859/859
f 848/848/848 862/862/862 851/851/851
f 846/846/846 854/854/854 861/861/861
f 846/846/846 861/861/861 843/843/843
f 803/803/803 863/863/863 785/785/785
f 786/786/786 803/803/803 785/785/785
f 864/864/864 784/784/784 810/810/810
f 864/864/864 810/810/810 865/865/865
f 843/843/843 861/861/861 840/840/840
f 862/862/862 859/859/859 841/841/841
f 789/789/789 787/787/787 791/791/791
f 787/787/787 788/788/788 791/791/791
f 777/777/777 778/778/778 866/866/866
f 866/866/866 867/867/867 777/777/777
f 778/778/778 781/781/781 868/868/868
f 868/868/868 866/866/866 778/778/778
f 781/781/781 783/783/783 869/869/869
f 869/869/869 868/868/868 781/781/781
f 785/785/785 871/871/871 870/870/870
f 870/870/870 788/788/788 785/785/785
f 872/872/872 790/790/790 791/791/791
f 872/872/872 792/792/792 790/790/790
f 867/867/867 866/866/866 873/873/873
f 873/873/873 874/874/874 867/867/867
f 866/866/866 868/868/868 875/875/875
f 875/875/875 873/873/873 866/866/866
f 876/876/876 875/875/875 868/868/868
f 877/877/877 879/879/879 878/878/878
f 878/878/878 880/880/880 877/877/877
f 881/881/881 882/882/882 871/871/871
f 871/871/871 883/883/883 881/881/881
f 882/882/882 884/884/884 870/870/870
f 870/870/870 871/871/871 882/882/882
f 884/884/884 886/886/886 885/885/885
f 885/885/885 870/870/870 884/884/884
f 792/792/792 888/888/888 887/887/887
f 887/887/887 809/809/809 792/792/792
f 868/868/868 869/869/869 889/889/889
f 885/885/885 890/890/890 888/888/888
f 876/876/876 868/868/868 889/889/889
f 891/891/891 888/888/888 890/890/890
f 890/890/890 892/892/892 891/891/891
f 893/893/893 895/895/895 894/894/894
f 896/896/896 894/894/894 895/895/895
f 870/870/870 885/885/885 872/872/872
f 885/885/885 888/888/888 872/872/872
f 792/792/792 872/872/872 888/888/888
f 893/893/893 894/894/894 897/897/897
f 897/897/897 898/898/898 893/893/893
f 899/899/899 893/893/893 898/898/898
f 898/898/898 900/900/900 899/899/899
f 894/894/894 896/896/896 901/901/901
f 901/901/901 897/897/897 894/894/894
f 902/902/902 904/904/904 903/903/903
f 903/903/903 905/905/905 902/902/902
f 904/904/904 899/899/899 900/900/900
f 900/900/900 903/903/903 904/904/904
f 898/898/898 897/897/897 906/906/906
f 906/906/906 907/907/907 898/898/898
f 900/900/900 898/898/898 907/907/907
f 907/907/907 908/908/908 900/900/900
f 901/901/901 906/906/906 897/897/897
f 903/903/903 900/900/900 908/908/908
f 907/907/907 906/906/906 909/909/909
f 909/909/909 910/910/910 907/907/907
f 908/908/908 907/907/907 910/910/910
f 910/910/910 911/911/911 908/908/908
f 906/906/906 901/901/901 912/912/912
f 912/912/912 909/909/909 906/906/906
f 905/905/905 903/903/903 913/913/913
f 913/913/913 914/914/914 905/905/905
f 903/903/903 908/908/908 911/911/911
f 911/911/911 913/913/913 903/903/903
f 915/915/915 916/916/916 910/910/910
f 910/910/910 909/909/909 915/915/915
f 911/911/911 910/910/910 916/916/916
f 916/916/916 917/917/917 911/911/911
f 909/909/909 912/912/912 918/918/918
f 918/918/918 915/915/915 909/909/909
f 914/914/914 913/913/913 919/919/919
f 919/919/919 920/920/920 914/914/914
f 913/913/913 911/911/911 917/917/917
f 917/917/917 919/919/919 913/913/913
f 916/916/916 915/915/915 921/921/921
f 922/922/922 921/921/921 915/915/915
f 915/915/915 918/918/918 922/922/922
f 919/919/919 923/923/923 920/920/920
f 916/916/916 921/921/921 924/924/924
f 924/924/924 925/925/925 916/916/916
f 921/921/921 922/922/922 926/926/926
f 926/926/926 924/924/924 921/921/921
f 917/917/917 916/916/916 925/925/925
f 925/925/925 927/927/927 917/917/917
f 928/928/928 930/930/930 929/929/929
f 929/929/929 931/931/931 928/928/928
f 925/925/925 924/924/924 932/932/932
f 924/924/924 926/926/926 933/933/933
f 933/933/933 932/932/932 924/924/924
f 934/934/934 933/933/933 926/926/926
f 925/925/925 932/932/932 879/879/879
f 879/879/879 877/877/877 925/925/925
f 935/935/935 936/936/936 878/878/878
f 878/878/878 879/879/879 935/935/935
f 927/927/927 925/925/925 877/877/877
f 877/877/877 880/880/880 927/927/927
f 936/936/936 937/937/937 880/880/880
f 880/880/880 878/878/878 936/936/936
f 937/937/937 927/927/927 880/880/880
f 919/919/919 917/917/917 938/938/938
f 938/938/938 939/939/939 919/919/919
f 917/917/917 927/927/927 940/940/940
f 940/940/940 938/938/938 917/917/917
f 927/927/927 937/937/937 941/941/941
f 941/941/941 940/940/940 927/927/927
f 939/939/939 938/938/938 930/930/930
f 930/930/930 928/928/928 939/939/939
f 938/938/938 940/940/940 929/929/929
f 929/929/929 930/930/930 938/938/938
f 940/940/940 941/941/941 931/931/931
f 931/931/931 929/929/929 940/940/940
f 941/941/941 939/939/939 928/928/928
f 928/928/928 931/931/931 941/941/941
f 942/942/942 941/941/941 937/937/937
f 942/942/942 923/923/923 941/941/941
f 883/883/883 785/785/785 863/863/863
f 871/871/871 785/785/785 883/883/883
f 943/943/943 889/889/889 869/869/869
f 943/943/943 944/944/944 889/889/889
f 923/923/923 919/919/919 941/941/941
f 941/941/941 919/919/919 939/939/939
f 872/872/872 791/791/791 870/870/870
f 870/870/870 791/791/791 788/788/788
f 945/945/945 947/947/947 946/946/946
f 945/945/945 946/946/946 948/948/948
f 949/949/949 951/951/951 950/950/950
f 949/949/949 950/950/950 952/952/952
f 953/953/953 955/955/955 954/954/954
f 953/953/953 954/954/954 956/956/956
f 957/957/957 959/959/959 958/958/958
f 957/957/957 958/958/958 960/960/960
f 961/961/961 963/963/963 962/962/962
f 961/961/961 962/962/962 964/964/964
f 965/965/965 967/967/967 966/966/966
f 965/965/965 966/966/966 968/968/968
f 969/969/969 971/971/971 970/970/970
f 969/969/969 970/970/970 972/972/972
f 973/973/973 975/975/975 974/974/974
f 973/973/973 974/974/974 976/976/976
f 977/977/977 979/979/979 978/978/978
f 977/977/977 978/978/978 980/980/980
f 981/981/981 983/983/983 982/982/982
f 983/983/983 984/984/984 982/982/982
f 985/985/985 987/987/987 986/986/986
f 985/985/985 986/986/986 988/988/988
f 989/989/989 991/991/991 990/990/990
f 989/989/989 990/990/990 992/992/992
f 993/993/993 995/995/995 994/994/994
f 993/993/993 994/994/994 996/996/996
f 997/997/997 949/949/949 998/998/998
f 949/949/949 952/952/952 998/998/998
f 999/999/999 1001/1001/1001 1000/1000/1000
f 999/999/999 1000/1000/1000 1002/1002/1002
f 1003/1003/1003 957/957/957 960/960/960
f 1003/1003/1003 960/960/960 1004/1004/1004
f 1005/1005/1005 1007/1007/1007 1006/1006/1006
f 1005/1005/1005 1008/1008/1008 1007/1007/1007
f 1009/1009/1009 1011/1011/1011 1010/1010/1010
f 1009/1009/1009 1012/1012/1012 1011/1011/1011
f 1013/1013/1013 1015/1015/1015 1014/1014/1014
f 1016/1016/1016 1018/1018/1018 1017/1017/1017
f 1019/1019/1019 1021/1021/1021 1020/1020/1020
f 1022/1022/1022 1024/1024/1024 1023/1023/1023
f 1025/1025/1025 1027/1027/1027 1026/1026/1026
f 1028/1028/1028 1030/1030/1030 1029/1029/1029
f 1031/1031/1031 1033/1033/1033 1032/1032/1032
f 1034/1034/1034 1036/1036/1036 1035/1035/1035
f 1037/1037/1037 1039/1039/1039 1038/1038/1038
f 1040/1040/1040 1042/1042/1042 1041/1041/1041
f 1043/1043/1043 1045/1045/1045 1044/1044/1044
f 1046/1046/1046 1048/1048/1048 1047/1047/1047
f 1049/1049/1049 1051/1051/1051 1050/1050/1050
f 1049/1049/1049 1050/1050/1050 1052/1052/1052
f 1053/1053/1053 1055/1055/1055 1054/1054/1054
f 1053/1053/1053 1054/1054/1054 1056/1056/1056
f 1057/1057/1057 1059/1059/1059 1058/1058/1058
f 1057/1057/1057 1058/1058/1058 1060/1060/1060
f 1061/1061/1061 1063/1063/1063 1062/1062/1062
f 1061/1061/1061 1062/1062/1062 1064/1064/1064
f 1065/1065/1065 1067/1067/1067 1066/1066/1066
f 1065/1065/1065 1066/1066/1066 1068/1068/1068
f 1069/1069/1069 1071/1071/1071 1070/1070/1070
f 1069/1069/1069 1070/1070/1070 1072/1072/1072
f 1073/1073/1073 1075/1075/1075 1074/1074/1074
f 1073/1073/1073 1074/1074/1074 1076/1076/1076
f 1077/1077/1077 1079/1079/1079 1078/1078/1078
f 1077/1077/1077 1078/1078/1078 1080/1080/1080
f 1081/1081/1081 1083/1083/1083 1082/1082/1082
f 1081/1081/1081 1082/1082/1082 1084/1084/1084
f 1085/1085/1085 1087/1087/1087 1086/1086/1086
f 1087/1087/1087 1088/1088/1088 1086/1086/1086
f 1089/1089/1089 1091/1091/1091 1090/1090/1090
f 1089/1089/1089 1090/1090/1090 1092/1092/1092
f 1093/1093/1093 1095/1095/1095 1094/1094/1094
f 1093/1093/1093 1094/1094/1094 1096/1096/1096
f 1097/1097/1097 1099/1099/1099 1098/1098/1098
f 1097/1097/1097 1098/1098/1098 1100/1100/1100
f 1101/1101/1101 1053/1053/1053 1102/1102/1102
f 1053/1053/1053 1056/1056/1056 1102/1102/1102
f 1103/1103/1103 1105/1105/1105 1104/1104/1104
f 1103/1103/1103 1104/1104/1104 1106/1106/1106
f 1107/1107/1107 1061/1061/1061 1064/1064/1064
f 1107/1107/1107 1064/1064/1064 1108/1108/1108
f 1109/1109/1109 1111/1111/1111 1110/1110/1110
f 1109/1109/1109 1112/1112/1112 1111/1111/1111
f 1113/1113/1113 1115/1115/1115 1114/1114/1114
f 1113/1113/1113 1116/1116/1116 1115/1115/1115
f 1117/1117/1117 1119/1119/1119 1118/1118/1118
f 1120/1120/1120 1122/1122/1122 1121/1121/1121
f 1123/1123/1123 1125/1125/1125 1124/1124/1124
f 1126/1126/1126 1128/1128/1128 1127/1127/1127
f 1129/1129/1129 1131/1131/1131 1130/1130/1130
f 1132/1132/1132 1134/1134/1134 1133/1133/1133
f 1135/1135/1135 1137/1137/1137 1136/1136/1136
f 1138/1138/1138 1140/1140/1140 1139/1139/1139
