# Monster55.bmd — MU geometry at action 0 key 0, exported for MU2
# 5 mesh(es)

g drt02
# texture: drt02.jpg
v 32.37088 58.63796 -15.5074
v 32.37068 83.64615 -95.50343
v 32.37068 77.26746 -59.25504
v 32.37088 28.48158 -36.60758
v 0.183883 86.83528 -113.6275
v 0.184082 13.40324 -47.15757
v 0.184186 73.71609 -4.9571
v 0.183983 74.078 -41.13094
v 32.37069 138.2733 -49.13249
v 32.42294 223.0965 -49.87124
v 32.3266 188.5157 -37.27023
v 32.37069 150.8496 -83.72253
v 0.285052 240.5309 -56.02335
v 0.183783 157.1375 -101.0175
v 0.183884 131.9851 -31.83752
v 0.092281 171.3691 -30.82131
v 33.15259 192.8375 77.45631
v 33.15259 229.0858 83.83491
v 39.53802 222.9246 114.6677
v 29.77955 194.0911 120.0637
v 6.045911 237.5188 109.3404
v 37.43841 236.2381 110.6382
v 10.85204 135.7004 177.8779
v 17.7865 140.8696 156.8862
v 15.51001 146.1946 160.6448
v 9.890538 140.8326 183.5128
v 0.965963 178.4331 208.1586
v 16.88515 180.6889 201.2486
v 16.33504 184.1224 206.2897
v 14.24493 193.3554 197.4104
v 18.92638 148.2222 131.4003
v 20.74698 164.4257 142.1954
v 0.965799 174.7134 74.26682
v 34.11226 201.1113 144.1097
v 28.51056 219.3145 143.4743
v 22.61468 204.742 163.4338
v 17.09151 198.0477 172.7693
v 31.13547 179.577 138.6335
v 26.29686 223.8164 145.6691
v 0.965845 235.912 141.4261
v 0.965871 222.3185 157.4511
v 21.59477 228.2661 151.3446
v 18.4809 194.7597 180.1826
v 21.84161 184.7227 179.6407
v 10.14951 205.1619 181.8733
v 6.060506 203.0752 186.4967
v 9.438817 132.374 159.8959
v 31.13547 179.577 138.6335
v 9.437123 202.1593 105.4191
v 20.74698 164.4257 142.1954
v 0.965879 191.4312 159.7708
v 21.84161 184.7227 179.6407
v 16.88515 180.6889 201.2486
v 0.965909 187.0536 184.2688
v 0.965947 190.2477 210.0883
v 9.890538 140.8326 183.5128
v 15.51001 146.1946 160.6448
v 33.28531 245.0726 116.5889
v 16.06762 250.6633 124.5582
v 29.8387 250.0368 99.28679
v 40.5142 247.6545 100.4192
v 26.24791 260.8007 113.327
v 37.6343 255.1251 104.9917
v 50.28243 215.5948 111.5105
v 40.86273 227.7744 124.3899
v 45.94724 219.6417 121.1619
v 58.4869 241.3495 98.95975
v 46.37365 285.705 76.82576
v 0.965879 164.4257 142.1951
v 0.965947 141.0812 188.0252
v 0.965932 130.6718 178.0142
v 0.965917 197.8547 190.1795
v 0.965902 209.7051 179.7523
v 0.965777 247.21 87.02411
v 0.965806 237.963 109.4183
v 0.965871 140.1411 132.0435
v 0.965902 132.0426 160.6427
v 0.965822 202.1593 105.4187
v 24.9045 210.9996 170.5993
v 14.59369 208.3248 175.3037
v 17.0343 201.8401 175.2204
v 24.60988 208.3842 169.0509
v 0.965963 178.4331 208.1586
v 0.965947 141.0812 188.0252
v 56.51408 69.22719 -5.421249
v 49.82728 59.39404 -15.41636
v 57.23378 64.26222 -18.06554
v 46.34958 62.14626 -8.386705
v 38.58898 62.34212 -20.70548
v 41.18957 80.33997 0.047215
v 40.26328 70.97363 -19.24376
v 46.86878 79.24921 -19.56651
v 50.06527 79.24359 2.111393
v 56.35708 74.92139 -19.62582
v 56.55088 76.95281 1.890285
v 50.53398 54.62646 -31.59761
v 61.25219 62.87394 -30.50686
v 38.50548 60.53152 -33.72755
v 36.04958 72.94416 -28.67484
v 43.40058 83.53075 -29.0487
v 58.00228 78.22192 -29.07146
v 42.55428 57.03535 -50.15605
v 56.27599 67.88163 -42.12229
v 35.83819 61.91097 -43.75734
v 32.79058 73.25587 -35.62585
v 53.84319 82.17317 -35.33463
v 32.37068 77.26746 -59.25504
v 53.46979 88.97939 -62.57068
v 0.18398 99.78993 -27.73451
v 13.04908 103.0382 -32.05243
v 35.71548 98.44066 -40.03404
v 50.42348 96.19199 -46.30167
v 43.98818 89.84808 -73.94098
v 53.17209 118.6071 -62.6734
v 32.37068 83.64615 -95.50343
v 32.37069 138.2733 -49.13249
v 40.91728 106.0968 -93.07719
v 44.44528 129.4614 -80.80605
v 29.38878 107.4422 -106.575
v 32.37069 150.8496 -83.72253
v 59.29707 76.21698 15.12194
v 61.07808 59.93104 1.399261
v 43.30448 55.79579 -1.369415
v 40.84118 63.37832 3.359665
v 38.33957 74.4626 12.86745
v 53.81107 86.29526 8.106361
v 48.69917 77.25362 15.80878
v 48.69917 77.25362 15.80878
v 59.29707 76.21698 15.12194
v 62.74857 80.01157 21.16903
v 51.89647 82.73766 23.15269
v 57.55967 88.34871 13.74905
v 62.74857 80.01157 21.16903
v 51.89647 82.73766 23.15269
v 57.49917 88.51985 26.04309
v 63.73896 74.85158 26.71231
v 54.73046 74.02706 26.9367
v 58.44217 80.69 31.98649
v 63.73896 74.85158 26.71231
v 54.73046 74.02706 26.9367
v 60.14656 64.65097 32.50914
v 60.14656 64.65097 32.50914
v 42.65227 82.1423 5.052094
v 38.33957 74.4626 12.86745
v 44.80486 80.15008 20.61458
v 34.98767 80.79788 20.34826
v 39.38976 87.28503 17.86822
v 44.80486 80.15008 20.61458
v 34.98767 80.79788 20.34826
v 37.70946 85.01498 26.1329
v 43.26377 72.69505 27.46955
v 34.77797 72.37011 25.06587
v 37.15526 78.69608 30.43649
v 43.26377 72.69505 27.46955
v 34.77797 72.37011 25.06587
v 40.35116 62.97925 31.53531
v 40.35116 62.97925 31.53531
v 35.89057 65.51045 -2.913269
v 43.30448 55.79579 -1.369415
v 40.84118 63.37832 3.359665
v 35.65777 64.87448 9.926556
v 31.09327 58.89691 4.50491
v 32.38857 65.23288 3.842632
v 35.65777 64.87448 9.926556
v 31.09327 58.89691 4.50491
v 28.80307 61.82574 12.9903
v 28.80307 61.82574 12.9903
v 61.07808 59.93104 1.399261
v 0.183884 131.9851 -31.83752
v 0.183983 74.078 -41.13094
v 0.183883 86.83528 -113.6275
v 0.183783 157.1375 -101.0175
v 32.37128 -185.3041 -110.6304
v 32.37108 -134.5413 -122.8545
v 32.37118 -164.6832 -101.7334
v 32.37118 -182.1089 -147.2968
v 0.184289 -119.4705 -133.4151
v 0.184369 -180.5114 -165.6299
v 0.184465 -186.9018 -92.29729
v 0.184381 -179.7542 -91.17302
v 32.37118 -127.2606 -48.32774
v 32.37108 -68.89737 -23.68678
v 32.37118 -78.411 11.86772
v 32.37109 -97.11876 -69.44873
v 0.184278 -64.14069 -41.46402
v 0.184285 -82.04789 -80.00935
v 0.184373 -142.3315 -37.76723
v 0.184372 -83.16806 29.64496
v 32.37108 0.865707 26.93035
v 32.37088 28.48158 -36.60758
v 32.37088 58.63796 -15.5074
v 32.37097 -20.2553 -3.211464
v 0.184082 13.40324 -47.15757
v 0.184179 -30.816 -18.28232
v 0.18428 11.42611 42.0014
v 0.184186 73.71609 -4.9571
v 32.37118 -78.411 11.86772
v 32.37097 -20.2553 -3.211464
v 32.37108 0.865707 26.93035
v 32.37108 -68.89737 -23.68678
v 0.184179 -30.816 -18.28232
v 0.184278 -64.14069 -41.46402
v 0.184372 -83.16806 29.64496
v 0.18428 11.42611 42.0014
v 32.3266 188.5157 -37.27023
v 32.88264 244.2028 21.76743
v 32.63181 208.6487 12.25597
v 32.42294 223.0965 -49.87124
v 0.822984 262.1279 26.81876
v 0.285052 240.5309 -56.02335
v 0.092281 171.3691 -30.82131
v 0.32134 191.0196 7.79574
v 32.63181 208.6487 12.25597
v 33.15259 229.0858 83.83491
v 33.15259 192.8375 77.45631
v 32.88264 244.2028 21.76743
v 0.965777 247.21 87.02411
v 0.822984 262.1279 26.81876
v 0.32134 191.0196 7.79574
v 0.965799 174.7134 74.26682
v 28.09295 -242.3606 -96.43336
v 32.37118 -182.1089 -147.2968
v 32.37128 -185.3041 -110.6304
v 28.09286 -250.7274 -127.6158
v 0.184369 -180.5114 -165.6299
v 0.184457 -254.911 -143.2068
v 0.184656 -238.1774 -80.84219
v 0.184465 -186.9018 -92.29729
v 22.31514 -288.218 -60.27203
v 28.09286 -250.7274 -127.6158
v 28.09295 -242.3606 -96.43336
v 22.31514 -304.4288 -79.57774
v 0.184457 -254.911 -143.2068
v 0.184625 -312.5342 -89.23055
v 0.184736 -280.1128 -50.61923
v 0.184656 -238.1774 -80.84219
v 13.57133 -310.7096 -6.166061
v 22.31514 -304.4288 -79.57774
v 22.31514 -288.218 -60.27203
v 13.57132 -325.1824 -11.42807
v 0.184625 -312.5342 -89.23055
v 0.184823 -332.4188 -14.05907
v 0.184919 -303.4733 -3.535057
v 0.184736 -280.1128 -50.61923
v 5.198511 -303.107 54.32523
v 13.57132 -325.1824 -11.42807
v 13.57133 -310.7096 -6.166061
v 5.198503 -308.7263 55.31796
v 0.184823 -332.4188 -14.05907
v 0.184999 -311.5359 55.81445
v 0.185003 -300.2974 53.82885
v 0.184919 -303.4733 -3.535057
v 0.185098 -304.3428 63.72906
v 5.198503 -308.7263 55.31796
v 5.198511 -303.107 54.32523
v 0.185098 -304.3428 63.72906
v 0.184999 -311.5359 55.81445
v 0.185098 -304.3428 63.72906
v 0.185003 -300.2974 53.82885
v -32.00262 58.63795 -15.50719
v -32.00282 77.26735 -59.25504
v -32.00282 83.64604 -95.50333
v -32.00262 28.48148 -36.60738
v -32.00292 138.2732 -49.13249
v -32.0456 188.8034 -36.97302
v -31.94927 223.3843 -49.57403
v -32.00292 150.8494 -83.72243
v -31.22101 192.8375 77.4563
v -37.60649 222.9245 114.6677
v -31.22103 229.0858 83.835
v -27.84787 194.0911 120.0637
v -35.5068 236.2381 110.6383
v -4.114293 237.5187 109.3404
v -8.920283 135.7004 177.8778
v -13.5782 146.1945 160.6448
v -15.85469 140.8696 156.8861
v -7.958659 140.8326 183.5127
v -14.40316 184.1224 206.2895
v -14.95327 180.6889 201.2486
v -12.31318 193.3554 197.4103
v -16.99474 148.2222 131.4003
v -18.81532 164.4257 142.1953
v -32.18055 201.1113 144.1097
v -20.68293 204.7419 163.4339
v -26.57885 219.3145 143.4743
v -15.15981 198.0477 172.7692
v -29.20374 179.577 138.6335
v -24.36514 223.8164 145.669
v -19.66304 228.2661 151.3446
v -16.5491 194.7597 180.1826
v -19.90979 184.7227 179.6406
v -4.128794 203.0752 186.4968
v -8.2177 205.1618 181.8732
v -7.50709 132.374 159.8958
v -29.20374 179.577 138.6335
v -18.81532 164.4257 142.1953
v -7.505484 202.1593 105.4192
v -14.95327 180.6889 201.2486
v -19.90979 184.7227 179.6406
v -7.958659 140.8326 183.5127
v -13.5782 146.1945 160.6448
v -31.35369 245.0726 116.589
v -14.13599 250.6632 124.5581
v -27.90711 250.0367 99.28687
v -38.58262 247.6545 100.4192
v -24.3163 260.8007 113.327
v -35.70272 255.1251 104.9917
v -48.35079 215.5947 111.5105
v -38.93108 227.7744 124.3899
v -44.01568 219.6417 121.1619
v -56.55532 241.3495 98.95991
v -44.44216 285.705 76.82578
v -22.97272 210.9996 170.5993
v -15.1026 201.8401 175.2204
v -12.66191 208.3248 175.3036
v -22.67813 208.3842 169.0509
v -56.15154 69.18964 -5.472563
v -56.87134 64.22467 -18.11685
v -49.46474 59.35659 -15.46767
v -45.98714 62.10883 -8.438015
v -38.22654 62.30468 -20.75678
v -40.82706 80.30254 -0.004093
v -39.90085 70.93618 -19.29506
v -46.50636 79.21176 -19.61772
v -49.70285 79.20604 2.060085
v -55.99465 74.88383 -19.67712
v -56.18845 76.91526 1.83897
v -60.88963 62.83647 -30.55807
v -50.17142 54.58901 -31.64892
v -38.14294 60.49409 -33.77886
v -35.68715 72.90673 -28.72614
v -43.03815 83.4933 -29.09999
v -57.63975 78.18437 -29.12267
v -55.91354 67.84418 -42.17349
v -42.19182 56.99792 -50.20725
v -35.47563 61.87354 -43.80864
v -32.42805 73.21844 -35.67715
v -53.48076 82.13572 -35.38593
v -53.10736 88.94183 -62.62197
v -32.00282 77.26735 -59.25504
v -12.68668 103.0008 -32.10372
v -35.35307 98.40322 -40.08533
v -50.06117 96.15455 -46.35296
v -52.80979 118.5696 -62.72459
v -43.62031 89.84788 -73.94088
v -32.00282 83.64604 -95.50333
v -32.00292 138.2732 -49.13249
v -44.07752 129.4612 -80.80595
v -40.54951 106.0967 -93.07709
v -29.02101 107.4421 -106.5749
v -32.00292 150.8494 -83.72243
v -58.93455 76.17942 15.07062
v -60.71553 59.89359 1.347942
v -42.94193 55.75835 -1.420727
v -40.47864 63.34088 3.308357
v -37.97715 74.42516 12.81614
v -53.44856 86.25771 8.05505
v -48.33665 77.21617 15.75757
v -48.33665 77.21617 15.75757
v -62.38605 79.974 21.11772
v -58.93455 76.17942 15.07062
v -51.53395 82.7002 23.10138
v -57.19716 88.31116 13.69773
v -62.38605 79.974 21.11772
v -51.53395 82.7002 23.10138
v -57.13666 88.48239 25.99178
v -61.56935 74.62163 26.41256
v -53.48175 72.70914 28.14142
v -56.83605 79.99229 32.37731
v -61.56935 74.62163 26.41256
v -53.48175 72.70914 28.14142
v -58.35784 64.19746 32.56866
v -58.35784 64.19746 32.56866
v -42.28976 82.10486 5.000786
v -37.97715 74.42516 12.81614
v -44.44236 80.11263 20.56327
v -34.62515 80.76035 20.29695
v -39.02726 87.24759 17.81691
v -44.44236 80.11263 20.56327
v -34.62515 80.76035 20.29695
v -37.34696 84.97754 26.0816
v -42.18985 71.0009 29.15711
v -34.04565 69.79117 27.87053
v -36.64476 76.53416 32.8145
v -42.18985 71.0009 29.15711
v -34.04565 69.79117 27.87053
v -39.10244 61.66134 32.74002
v -39.10244 61.66134 32.74002
v -35.52804 65.47302 -2.964577
v -42.94193 55.75835 -1.420727
v -33.81034 64.68419 9.664997
v -40.47864 63.34088 3.308357
v -29.24584 58.70661 4.243355
v -30.54114 65.04249 3.58107
v -33.81034 64.68419 9.664997
v -29.24584 58.70661 4.243355
v -26.95554 61.63535 12.72874
v -26.95554 61.63535 12.72874
v -60.71553 59.89359 1.347942
v -32.00234 -185.3041 -110.6303
v -32.00233 -164.6832 -101.7334
v -32.00242 -134.5414 -122.8545
v -32.00233 -182.1089 -147.2966
v -32.00243 -127.2607 -48.32774
v -32.00243 -78.41109 11.86781
v -32.00243 -68.89746 -23.68668
v -32.00243 -97.11874 -69.44874
v -32.00242 0.865706 26.93055
v -32.00262 58.63795 -15.50719
v -32.00262 28.48148 -36.60738
v -32.00252 -20.2554 -3.211363
v -32.00243 -78.41109 11.86781
v -32.00242 0.865706 26.93055
v -32.00252 -20.2554 -3.211363
v -32.00243 -68.89746 -23.68668
v -32.0456 188.8034 -36.97302
v -31.73831 208.9446 12.84737
v -31.48749 244.4987 22.35892
v -31.94927 223.3843 -49.57403
v -31.73831 208.9446 12.84737
v -31.22101 192.8375 77.4563
v -31.22103 229.0858 83.835
v -31.48749 244.4987 22.35892
v -27.72374 -242.3606 -96.43326
v -32.00234 -185.3041 -110.6303
v -32.00233 -182.1089 -147.2966
v -27.72385 -250.7274 -127.6157
v -21.94577 -288.2181 -60.27203
v -27.72374 -242.3606 -96.43326
v -27.72385 -250.7274 -127.6157
v -21.94578 -304.4288 -79.57774
v -13.20158 -310.7096 -6.166061
v -21.94577 -288.2181 -60.27203
v -21.94578 -304.4288 -79.57774
v -13.20159 -325.1824 -11.42807
v -4.828402 -303.107 54.32513
v -13.20158 -310.7096 -6.166061
v -13.20159 -325.1824 -11.42807
v -4.828398 -308.7263 55.31796
v -4.828402 -303.107 54.32513
v -4.828398 -308.7263 55.31796
v 59.86843 -196.8433 -69.59673
v 51.27693 -198.2669 -82.46004
v 58.67034 -192.7071 -82.50036
v 48.89682 -200.6192 -74.85173
v 39.75063 -192.8133 -83.06332
v 46.23283 -191.9043 -56.25821
v 42.26093 -187.0141 -76.77751
v 49.40874 -180.291 -72.78651
v 55.17873 -193.9227 -56.63012
v 58.45184 -183.4673 -76.89693
v 61.39063 -195.4622 -59.16019
v 49.65614 -191.7465 -97.94939
v 61.04185 -185.8746 -93.47992
v 37.95974 -186.004 -94.16677
v 37.11143 -179.5996 -82.17096
v 45.50835 -173.0539 -77.8531
v 59.20304 -174.9231 -82.30557
v 39.54794 -177.4706 -110.9168
v 55.11575 -174.8871 -99.89678
v 34.18723 -178.586 -101.9815
v 33.25424 -176.1557 -87.93373
v 54.87846 -169.3886 -84.86527
v 32.37118 -164.6832 -101.7334
v 51.56837 -145.5906 -99.38996
v 0.184375 -170.982 -63.42815
v 16.89435 -157.7445 -61.80205
v 37.82316 -154.9076 -74.15324
v 51.32746 -151.7827 -82.43172
v 44.37878 -122.7851 -111.6235
v 53.91448 -124.2229 -78.99831
v 32.37108 -134.5413 -122.8545
v 32.37118 -127.2606 -48.32774
v 40.91779 -120.3181 -105.1727
v 44.44569 -112.4738 -79.97454
v 29.38919 -109.8223 -113.7659
v 32.37109 -97.11876 -69.44873
v 65.64182 -204.3388 -49.87084
v 64.47562 -208.2884 -70.84119
v 46.22861 -210.0186 -73.0143
v 44.95492 -207.1572 -64.28988
v 44.49281 -204.5945 -49.70435
v 60.16013 -192.1777 -48.15451
v 55.31783 -204.1283 -47.18161
v 55.31783 -204.1283 -47.18161
v 65.64182 -204.3388 -49.87084
v 70.08272 -205.1579 -43.35255
v 59.79572 -204.4586 -38.57529
v 64.70973 -194.0878 -43.07885
v 70.08272 -205.1579 -43.35255
v 59.79572 -204.4586 -38.57529
v 66.14182 -201.7119 -33.53943
v 71.32442 -212.6426 -42.47588
v 62.37162 -213.5602 -41.53356
v 67.17512 -211.521 -34.02106
v 71.32442 -212.6426 -42.47588
v 62.37162 -213.5602 -41.53356
v 67.66561 -224.2672 -43.90648
v 67.66561 -224.2672 -43.90648
v 48.42373 -193.6413 -51.50232
v 44.49281 -204.5945 -49.70435
v 52.26921 -204.9721 -41.12821
v 42.57262 -204.4501 -39.52468
v 47.14012 -197.7865 -37.99248
v 52.26921 -204.9721 -41.12821
v 42.57262 -204.4501 -39.52468
v 46.29291 -204.7868 -32.83887
v 50.98331 -215.1031 -40.32153
v 42.27081 -213.9672 -41.15552
v 45.76591 -212.4119 -33.41755
v 50.98331 -215.1031 -40.32153
v 42.27081 -213.9672 -41.15552
v 47.8271 -225.2491 -42.87254
v 47.8271 -225.2491 -42.87254
v 39.46862 -201.6207 -67.05608
v 46.22861 -210.0186 -73.0143
v 44.95492 -207.1572 -64.28988
v 40.73241 -210.2177 -57.57902
v 35.09401 -211.5036 -64.82578
v 36.79351 -206.1511 -61.55122
v 40.73241 -210.2177 -57.57902
v 35.09401 -211.5036 -64.82578
v 34.07791 -214.6194 -56.16071
v 34.07791 -214.6194 -56.16071
v 64.47562 -208.2884 -70.84119
v 0.184373 -142.3315 -37.76723
v 0.184381 -179.7542 -91.17302
v 0.184289 -119.4705 -133.4151
v 0.184285 -82.04789 -80.00935
v -59.50004 -196.8453 -69.60764
v -58.30195 -192.7093 -82.51127
v -50.90855 -198.269 -82.47105
v -48.52845 -200.6213 -74.86273
v -39.38214 -192.8153 -83.07433
v -45.86435 -191.9063 -56.26913
v -41.89244 -187.0163 -76.78842
v -49.04025 -180.293 -72.79755
v -54.81025 -193.9248 -56.64104
v -58.08334 -183.4694 -76.90785
v -61.02225 -195.4642 -59.17121
v -60.67344 -185.8766 -93.49092
v -49.28764 -191.7486 -97.9604
v -37.59124 -186.0061 -94.17768
v -36.74294 -179.6016 -82.18188
v -45.13984 -173.0548 -77.85864
v -58.83464 -174.9252 -82.3165
v -54.74714 -174.8879 -99.90231
v -39.17944 -177.4714 -110.9223
v -33.81863 -178.5868 -101.987
v -32.88564 -176.1565 -87.93927
v -54.50985 -169.3894 -84.87081
v -51.19973 -145.5914 -99.39552
v -32.00233 -164.6832 -101.7334
v -16.52573 -157.7452 -61.80761
v -37.45453 -154.9084 -74.1588
v -50.95884 -151.7834 -82.43728
v -53.54583 -124.2236 -79.00389
v -43.21974 -122.9746 -112.9371
v -32.00242 -134.5414 -122.8545
v -32.00243 -127.2607 -48.32774
v -44.07703 -112.4739 -79.97455
v -40.54912 -120.3182 -105.1727
v -29.02052 -109.8223 -113.7659
v -32.00243 -97.11874 -69.44874
v -65.27335 -204.3409 -49.88174
v -64.10715 -208.2905 -70.85208
v -45.86015 -210.0207 -73.02518
v -44.58645 -207.1592 -64.30077
v -44.12434 -204.5965 -49.71525
v -59.79174 -192.1798 -48.16544
v -54.94935 -204.1304 -47.19261
v -54.94935 -204.1304 -47.19261
v -69.71426 -205.16 -43.36356
v -65.27335 -204.3409 -49.88174
v -59.42715 -204.4607 -38.5863
v -64.34126 -194.09 -43.08978
v -69.71426 -205.16 -43.36356
v -59.42715 -204.4607 -38.5863
v -65.77336 -201.7139 -33.55035
v -69.12266 -212.6647 -42.53968
v -61.17667 -215.3613 -41.25694
v -65.57735 -212.3329 -33.92889
v -69.12266 -212.6647 -42.53968
v -61.17667 -215.3613 -41.25694
v -65.86646 -224.6834 -43.88933
v -65.86646 -224.6834 -43.88933
v -48.05525 -193.6434 -51.51323
v -44.12434 -204.5965 -49.71525
v -51.90075 -204.9741 -41.13912
v -42.20415 -204.4521 -39.5356
v -46.77165 -197.7885 -38.0035
v -51.90075 -204.9741 -41.13912
v -42.20415 -204.4521 -39.5356
v -45.92445 -204.7887 -32.84978
v -49.98975 -217.4981 -39.9354
v -41.68035 -217.7482 -40.51591
v -45.37646 -215.5968 -32.87536
v -49.98975 -217.4981 -39.9354
v -41.68035 -217.7482 -40.51591
v -46.63216 -227.0503 -42.5959
v -46.63216 -227.0503 -42.5959
v -39.10015 -201.6227 -67.06709
v -45.86015 -210.0207 -73.02518
v -38.85715 -210.2283 -57.63481
v -44.58645 -207.1592 -64.30077
v -33.21875 -211.5141 -64.88158
v -34.91824 -206.1615 -61.60702
v -38.85715 -210.2283 -57.63481
v -33.21875 -211.5141 -64.88158
v -32.20255 -214.6299 -56.21649
v -32.20255 -214.6299 -56.21649
v -64.10715 -208.2905 -70.85208
v 14.06275 160.0811 195.6603
v 16.11933 174.6293 195.3064
v 19.27904 172.0498 199.3765
v 14.06275 160.0811 195.6603
v 14.31484 173.4622 201.9389
v 16.11933 174.6293 195.3064
v 14.31484 173.4622 201.9389
v 16.21103 184.4854 195.2536
v 20.88645 182.6986 204.2579
v 14.73044 182.357 207.3486
v 16.21103 184.4854 195.2536
v 14.73044 182.357 207.3486
v 15.99865 189.2042 202.6451
v 16.39094 168.8229 187.6252
v 15.8752 184.4343 184.4968
v 23.25863 183.2352 190.1613
v 16.39094 168.8229 187.6252
v 15.87523 182.4285 195.8949
v 15.8752 184.4343 184.4968
v 15.87523 182.4285 195.8949
v 18.60773 188.9806 191.1723
v 17.95572 172.6129 178.5728
v 17.51501 185.9559 175.8989
v 23.82552 184.931 180.7405
v 17.95572 172.6129 178.5728
v 17.51502 184.2416 185.6409
v 17.51501 185.9559 175.8989
v 17.51502 184.2416 185.6409
v 19.85041 189.8417 181.6046
v 20.79821 175.0713 171.7531
v 20.4182 186.5739 169.448
v 25.85841 185.6904 173.6217
v 20.79821 175.0713 171.7531
v 20.4182 185.0961 177.8463
v 20.4182 186.5739 169.448
v 20.4182 185.0961 177.8463
v 22.4315 189.9237 174.3667
v 20.34354 160.1901 189.6936
v 20.21644 149.1093 183.9656
v 16.75483 151.5226 180.0418
v 20.34354 160.1901 189.6936
v 16.75483 151.5226 180.0418
v 14.85843 147.7303 185.5761
v 14.85843 147.7303 185.5761
v 18.24152 141.78 178.4673
v 13.10293 148.0029 173.6809
v 13.10293 148.0029 173.6809
v 9.95493 141.7077 182.868
v 9.95493 141.7077 182.868
v 12.06833 139.6242 174.8748
v 19.12121 161.8777 174.6202
v 20.58872 147.8698 166.6871
v 13.75521 152.8611 162.6337
v 19.12121 161.8777 174.6202
v 13.75521 152.8611 162.6337
v 13.41033 147.133 172.6842
v 13.41033 147.133 172.6842
v 14.23072 144.5762 164.5917
v 20.13981 163.1185 161.594
v 21.39402 149.7989 158.1433
v 15.5535 153.023 153.6928
v 20.13981 163.1185 161.594
v 15.5535 153.023 153.6928
v 15.25861 150.5174 163.2575
v 15.25861 150.5174 163.2575
v 15.95981 146.6163 157.142
v 20.8816 162.8396 154.2507
v 21.96289 151.3572 151.2761
v 16.92789 154.1365 147.4394
v 20.8816 162.8396 154.2507
v 16.92789 154.1365 147.4394
v 16.67381 151.9765 155.6847
v 16.67381 151.9765 155.6847
v 17.27819 148.6136 150.4128
v -12.00387 160.0811 195.6603
v -17.22016 172.0498 199.3766
v -14.06045 174.6293 195.3065
v -12.00387 160.0811 195.6603
v -14.06045 174.6293 195.3065
v -12.25596 173.4622 201.9389
v -12.25596 173.4622 201.9389
v -18.82755 182.6986 204.2579
v -14.15216 184.4854 195.2536
v -14.15216 184.4854 195.2536
v -12.67155 182.357 207.3486
v -12.67155 182.357 207.3486
v -13.93978 189.2042 202.6452
v -14.33218 168.823 187.6252
v -21.19978 183.2352 190.1613
v -13.81639 184.4343 184.4968
v -14.33218 168.823 187.6252
v -13.81639 184.4343 184.4968
v -13.81639 182.4285 195.8949
v -13.81639 182.4285 195.8949
v -16.54888 188.9806 191.1723
v -15.89698 172.6129 178.5729
v -21.76669 184.9311 180.7405
v -15.45619 185.9559 175.899
v -15.89698 172.6129 178.5729
v -15.45619 185.9559 175.899
v -15.45619 184.2416 185.6411
v -15.45619 184.2416 185.6411
v -17.7916 189.8417 181.6046
v -18.7394 175.0713 171.7531
v -23.7996 185.6904 173.6218
v -18.35941 186.574 169.4481
v -18.7394 175.0713 171.7531
v -18.35941 186.574 169.4481
v -18.35939 185.0961 177.8464
v -18.35939 185.0961 177.8464
v -20.3728 189.9238 174.3667
v -18.28477 160.1902 189.6937
v -14.69609 151.5226 180.0418
v -18.15756 149.1094 183.9657
v -18.28477 160.1902 189.6937
v -12.79966 147.7303 185.5762
v -14.69609 151.5226 180.0418
v -12.79966 147.7303 185.5762
v -11.04418 148.0029 173.681
v -16.18278 141.78 178.4673
v -7.896174 141.7077 182.868
v -11.04418 148.0029 173.681
v -7.896174 141.7077 182.868
v -10.00949 139.6242 174.8748
v -17.0624 161.8777 174.6203
v -11.69649 152.8611 162.6338
v -18.52999 147.8698 166.6871
v -17.0624 161.8777 174.6203
v -11.35148 147.133 172.6843
v -11.69649 152.8611 162.6338
v -11.35148 147.133 172.6843
v -12.17189 144.5761 164.5917
v -18.081 163.1185 161.5941
v -13.4947 153.023 153.6928
v -19.33531 149.7989 158.1434
v -18.081 163.1185 161.5941
v -13.19979 150.5174 163.2575
v -13.4947 153.023 153.6928
v -13.19979 150.5174 163.2575
v -13.901 146.6163 157.142
v -18.82292 162.8396 154.2508
v -14.8692 154.1365 147.4394
v -19.90421 151.3571 151.2761
v -18.82292 162.8396 154.2508
v -14.615 151.9765 155.6847
v -14.8692 154.1365 147.4394
v -14.615 151.9765 155.6847
v -15.21951 148.6136 150.4129
vn 0.869168 0.359504 0.339564
vn 0.81865 -0.374373 -0.435497
vn 0.83319 -0.414222 -0.366353
vn 0.844623 -0.353349 -0.402189
vn 0 -0.42012 -0.907469
vn 0 -0.595804 -0.80313
vn 0 0.911015 0.412373
vn 0 0.598964 0.800776
vn 0.783912 0.178208 0.594748
vn 0.867936 0.419954 -0.265189
vn 0.869319 -0.215889 0.444608
vn 0.76503 0.423949 -0.484765
vn 0.000486 0.670459 -0.741947
vn 0 0.35739 -0.933955
vn 0.0004 0.022044 0.999757
vn 0.000414 -0.691852 0.722039
vn 0.891078 -0.43823 -0.118047
vn 0.874117 0.484397 -0.035769
vn 0.746979 0.381902 -0.544218
vn 0.890597 -0.423356 -0.166155
vn -0.250492 0.945396 -0.208519
vn 0.971693 0.093325 -0.217032
vn 0.798772 -0.500567 0.33376
vn 0.949451 -0.280566 0.140803
vn 0.954185 0.041102 0.29638
vn 0.721597 0.075637 0.688169
vn 0.000001 -0.571104 0.820878
vn 0.253689 -0.967252 0.008133
vn 0.774435 0.06202 0.629606
vn 0.594594 0.608975 0.524984
vn 0.719304 -0.644093 -0.26028
vn 0.824333 0.290279 0.486018
vn -0 -0.896868 -0.442298
vn 0.936671 -0.061279 0.344809
vn 0.904265 0.239313 0.353602
vn 0.920368 -0.226382 0.318865
vn 0.868601 0.04367 0.493584
vn 0.895481 -0.410131 0.172936
vn 0.739573 0.578597 0.343887
vn 0 0.871052 0.49119
vn 0 0.927199 0.374568
vn 0.186106 0.933635 0.306088
vn 0.717201 0.657581 0.230673
vn 0.935224 -0.301444 0.185707
vn 0.544877 0.435229 0.716718
vn 0.325694 0.722595 0.609738
vn 0.402205 -0.907453 -0.121489
vn 0.895481 -0.410131 0.172936
vn -0.6642 -0.395382 0.634438
vn 0.824333 0.290279 0.486018
vn 0 -0.986617 -0.163053
vn 0.935224 -0.301444 0.185707
vn 0.253689 -0.967252 0.008133
vn 0 -0.965755 -0.259458
vn 0 0.830979 0.556305
vn 0.721597 0.075637 0.688169
vn 0.954185 0.041102 0.29638
vn 0.712835 0.382421 0.587895
vn 0.040399 0.770699 0.635917
vn -0.405294 -0.272297 -0.872692
vn 0.943554 -0.30413 -0.13119
vn -0.407279 0.900704 0.151182
vn 0.751581 0.279099 0.597687
vn 0.567682 -0.597077 -0.566777
vn -0.0037 0.899945 0.435987
vn 0.859384 -0.067824 0.506813
vn 0.676813 0.736019 0.014145
vn 0.929876 0.239798 -0.278977
vn 0 0.826992 0.562214
vn 0.000001 0.182647 0.983179
vn 0.000001 -0.916732 0.399503
vn 0 0.807736 0.589545
vn 0 0.784641 0.619951
vn 0.0016 0.956673 0.291162
vn -0 0.97416 0.22586
vn -0 -0.921417 -0.388575
vn 0 -0.984309 -0.176451
vn 0.000001 0.317635 0.948213
vn 0.804305 0.23489 0.545821
vn 0.299209 0.606772 0.736412
vn 0.741423 -0.252293 0.621804
vn 0.881798 -0.430933 0.191647
vn 0.000001 -0.571104 0.820878
vn 0.000001 0.182647 0.983179
vn 0.944432 -0.321934 -0.066391
vn 0.090799 -0.94658 0.309423
vn 0.884002 -0.407922 0.228342
vn -0.502584 -0.748725 -0.432228
vn -0.861092 -0.445611 0.244851
vn -0.866924 0.476863 -0.145069
vn -0.874776 0.427667 0.227746
vn -0.035599 0.985338 0.166857
vn 0.134202 0.969847 -0.203438
vn 0.787224 0.600566 0.139997
vn 0.879097 0.414718 -0.234942
vn 0.069602 -0.992187 0.103545
vn 0.951242 -0.299139 -0.0752
vn -0.726624 -0.66346 0.178435
vn -0.921822 0.136828 0.362661
vn -0.205211 0.760653 0.61587
vn 0.743973 0.659413 0.108069
vn -0.041401 -0.814113 -0.579229
vn 0.841543 -0.106488 -0.52959
vn -0.643719 -0.709222 0.287453
vn -0.75069 -0.078973 0.655918
vn 0.836579 0.523742 0.160715
vn 0.83319 -0.414222 -0.366353
vn 0.923221 -0.219614 -0.315331
vn -0.0012 -0.604849 0.79634
vn 0.206094 0.011337 0.978467
vn 0.286093 0.369597 0.884053
vn 0.718478 0.468363 0.514223
vn 0.795141 -0.448864 -0.407766
vn 0.962153 0.265409 0.061805
vn 0.81865 -0.374373 -0.435497
vn 0.783912 0.178208 0.594748
vn 0.869646 -0.081863 -0.486841
vn 0.83827 0.274228 -0.471278
vn 0.577296 0.093819 -0.811127
vn 0.76503 0.423949 -0.484765
vn 0.918287 0.197279 -0.343263
vn 0.680212 -0.33673 -0.651095
vn -0.477195 -0.521938 -0.707012
vn -0.570815 0.779631 -0.257576
vn -0.956193 0.196524 -0.216966
vn -0.137593 0.881198 -0.452281
vn 0.040598 0.995385 0.086952
vn -0.0256 -0.740158 0.671946
vn -0.030101 -0.747404 0.663687
vn -0.174093 -0.958885 0.224122
vn -0.170498 -0.886638 -0.429889
vn 0.456214 0.806396 -0.37629
vn 0.922366 0.385395 0.026666
vn -0.764183 0.594373 0.250489
vn -0.184704 0.774626 0.604846
vn -0.088702 -0.556302 -0.826233
vn 0.0188 -0.448403 -0.893634
vn 0.298707 0.400409 0.866283
vn 0.818618 0.300576 0.489407
vn -0.768099 0.101318 0.632264
vn 0.024201 -0.500412 -0.865449
vn -0.0068 0.031844 0.99947
vn -0.319807 0.905622 -0.278518
vn -0.0133 -0.759769 0.650057
vn -0.0113 -0.981634 0.190439
vn 0.075996 -0.893905 -0.441768
vn 0.164802 0.986216 0.01476
vn 0.725992 0.524647 0.444614
vn -0.934373 0.325941 -0.143909
vn -0.482309 0.713689 0.507963
vn 0.166792 -0.538159 -0.826175
vn 0.258492 -0.457678 -0.850713
vn 0.056597 0.344905 0.93693
vn 0.635206 0.293249 0.714506
vn -0.934217 0.090721 0.344975
vn 0.260502 -0.438099 -0.860353
vn -0.20281 0.027239 0.978839
vn -0.559499 0.442457 -0.700851
vn 0.327988 -0.514708 0.792149
vn 0.184797 -0.54461 0.818077
vn 0.514713 -0.591 0.62112
vn 0.3383 -0.760709 0.553963
vn -0.470886 0.873732 -0.121898
vn -0.052799 0.994812 0.086955
vn -0.835837 -0.068391 -0.544701
vn 0.515888 -0.757244 0.400552
vn -0.754522 0.654201 -0.052127
vn -0.0202 -0.612011 0.790591
vn 0.0004 0.022044 0.999757
vn 0 0.598964 0.800776
vn 0 -0.42012 -0.907469
vn 0 0.35739 -0.933955
vn 0.871413 -0.011631 0.490412
vn 0.754684 0.28369 -0.591585
vn 0.840904 -0.33135 -0.427888
vn 0.873103 0.082934 -0.48043
vn 0 0.556535 -0.830824
vn -0 -0.043743 -0.999043
vn -0 -0.115861 0.993266
vn -0 -0.63857 0.769564
vn 0.822041 -0.282409 0.494462
vn 0.841 0.336554 -0.423616
vn 0.869874 -0.298256 0.392891
vn 0.733675 0.666031 -0.134625
vn 0 0.797168 -0.603757
vn 0 0.895968 -0.44412
vn -0 -0.707313 0.706901
vn -0 -0.376478 0.926425
vn 0.870397 0.046169 0.490182
vn 0.844623 -0.353349 -0.402189
vn 0.869168 0.359504 0.339564
vn 0.870114 -0.122967 -0.477265
vn 0 -0.595804 -0.80313
vn 0 0.168857 -0.985641
vn -0 0.370539 0.928817
vn 0 0.911015 0.412373
vn 0.869874 -0.298256 0.392891
vn 0.870114 -0.122967 -0.477265
vn 0.870397 0.046169 0.490182
vn 0.841 0.336554 -0.423616
vn 0 0.168857 -0.985641
vn 0 0.797168 -0.603757
vn -0 -0.376478 0.926425
vn -0 0.370539 0.928817
vn 0.869319 -0.215889 0.444608
vn 0.868609 0.494747 0.027283
vn 0.865074 -0.491222 0.101724
vn 0.867936 0.419954 -0.265189
vn 0.004066 0.994658 -0.103142
vn 0.000486 0.670459 -0.741947
vn 0.000414 -0.691852 0.722039
vn -0.00256 -0.999996 0.001245
vn 0.865074 -0.491222 0.101724
vn 0.874117 0.484397 -0.035769
vn 0.891078 -0.43823 -0.118047
vn 0.868609 0.494747 0.027283
vn 0.0016 0.956673 0.291162
vn 0.004066 0.994658 -0.103142
vn -0.00256 -0.999996 0.001245
vn -0 -0.896868 -0.442298
vn 0.872378 0.185851 0.452124
vn 0.873103 0.082934 -0.48043
vn 0.871413 -0.011631 0.490412
vn 0.861021 -0.266556 -0.433118
vn -0 -0.043743 -0.999043
vn -0 -0.571603 -0.820531
vn 0 0.341642 0.93983
vn -0 -0.115861 0.993266
vn 0.874963 0.3502 0.334365
vn 0.861021 -0.266556 -0.433118
vn 0.872378 0.185851 0.452124
vn 0.855336 -0.459103 -0.240052
vn -0 -0.571603 -0.820531
vn -0 -0.907571 -0.419899
vn 0 0.704747 0.709459
vn 0 0.341642 0.93983
vn 0.878904 0.457748 0.134143
vn 0.855336 -0.459103 -0.240052
vn 0.874963 0.3502 0.334365
vn 0.8497 -0.525686 0.040781
vn -0 -0.907571 -0.419899
vn -0 -0.993383 0.114846
vn 0 0.95661 0.291373
vn 0 0.704747 0.709459
vn 0.879885 0.408976 0.241955
vn 0.8497 -0.525686 0.040781
vn 0.878904 0.457748 0.134143
vn 0.74869 -0.528055 0.400777
vn -0 -0.993383 0.114846
vn -0 -0.868834 0.495103
vn -0 0.995337 0.096457
vn 0 0.95661 0.291373
vn -0 0.173943 0.984756
vn 0.74869 -0.528055 0.400777
vn 0.879885 0.408976 0.241955
vn -0 0.173943 0.984756
vn -0 -0.868834 0.495103
vn -0 0.173943 0.984756
vn -0 0.995337 0.096457
vn -0.869168 0.359504 0.339564
vn -0.832395 -0.414224 -0.368155
vn -0.81865 -0.374373 -0.435497
vn -0.844623 -0.353349 -0.402189
vn -0.785105 0.177306 0.593442
vn -0.869304 -0.211586 0.446701
vn -0.866602 0.424182 -0.262813
vn -0.765394 0.42423 -0.483943
vn -0.891901 -0.43764 -0.113948
vn -0.746981 0.381902 -0.544216
vn -0.873804 0.485392 -0.029366
vn -0.890597 -0.423356 -0.166152
vn -0.971694 0.093324 -0.217029
vn 0.250491 0.945396 -0.20852
vn -0.798771 -0.500567 0.333762
vn -0.954185 0.041101 0.296382
vn -0.94945 -0.280567 0.140806
vn -0.72159 0.075736 0.688166
vn -0.774434 0.06202 0.629608
vn -0.253688 -0.967252 0.008134
vn -0.594593 0.608974 0.524985
vn -0.719304 -0.644094 -0.260278
vn -0.824332 0.290279 0.48602
vn -0.93667 -0.061279 0.344811
vn -0.920366 -0.226382 0.318868
vn -0.904264 0.239312 0.353605
vn -0.8686 0.04367 0.493586
vn -0.89548 -0.410132 0.172939
vn -0.739572 0.578597 0.343889
vn -0.186106 0.933635 0.306088
vn -0.717201 0.65758 0.230675
vn -0.935224 -0.301444 0.18571
vn -0.325782 0.722571 0.609719
vn -0.544876 0.435228 0.71672
vn -0.402205 -0.907454 -0.121488
vn -0.89548 -0.410132 0.172939
vn -0.824332 0.290279 0.48602
vn 0.664202 -0.395382 0.634436
vn -0.253688 -0.967252 0.008134
vn -0.935224 -0.301444 0.18571
vn -0.72159 0.075736 0.688166
vn -0.954185 0.041101 0.296382
vn -0.712834 0.382421 0.587897
vn -0.040399 0.770699 0.635918
vn 0.405293 -0.272296 -0.872693
vn -0.943554 -0.304131 -0.131187
vn 0.407278 0.900705 0.151181
vn -0.75158 0.279099 0.597689
vn -0.567683 -0.597077 -0.566776
vn 0.0037 0.899945 0.435987
vn -0.859383 -0.067824 0.506815
vn -0.676813 0.736019 0.014147
vn -0.929877 0.239798 -0.278974
vn -0.804348 0.234902 0.545753
vn -0.741421 -0.252293 0.621806
vn -0.299208 0.606771 0.736412
vn -0.881798 -0.430933 0.19165
vn -0.944431 -0.321935 -0.066391
vn -0.884002 -0.407923 0.228341
vn -0.090798 -0.94658 0.309422
vn 0.502585 -0.748724 -0.432228
vn 0.861092 -0.44561 0.244851
vn 0.866923 0.476864 -0.145068
vn 0.874775 0.427668 0.227746
vn 0.035598 0.985338 0.166857
vn -0.134203 0.969847 -0.203438
vn -0.787224 0.600566 0.139997
vn -0.879097 0.414717 -0.234942
vn -0.951242 -0.29914 -0.0752
vn -0.0696 -0.992187 0.103545
vn 0.726624 -0.663459 0.178435
vn 0.921821 0.136829 0.362661
vn 0.20521 0.760653 0.61587
vn -0.743973 0.659413 0.108069
vn -0.84127 -0.10638 -0.530045
vn 0.041703 -0.813442 -0.580149
vn 0.643816 -0.709217 0.287251
vn 0.75069 -0.078972 0.655918
vn -0.83658 0.523742 0.160715
vn -0.922686 -0.220007 -0.31662
vn -0.832395 -0.414224 -0.368155
vn -0.207399 0.011137 0.978193
vn -0.286295 0.369197 0.884154
vn -0.718479 0.468363 0.514223
vn -0.962273 0.265113 0.061207
vn -0.794314 -0.449249 -0.408952
vn -0.81865 -0.374373 -0.435497
vn -0.785105 0.177306 0.593442
vn -0.838155 0.274422 -0.471369
vn -0.869513 -0.081869 -0.487079
vn -0.577296 0.093819 -0.811127
vn -0.765394 0.42423 -0.483943
vn -0.918288 0.197278 -0.343263
vn -0.680211 -0.336731 -0.651095
vn 0.462112 -0.513061 -0.72334
vn 0.589085 0.7727 -0.236461
vn 0.956192 0.196525 -0.216966
vn 0.137592 0.881198 -0.452281
vn -0.040599 0.995385 0.086953
vn 0.0256 -0.740158 0.671946
vn 0.178897 -0.963609 0.198628
vn 0.030102 -0.747404 0.663687
vn 0.209106 -0.870873 -0.444809
vn -0.456215 0.806395 -0.37629
vn -0.942946 0.321111 0.087984
vn 0.762919 0.605295 0.227097
vn 0.220897 0.794388 0.565821
vn 0.148709 -0.540714 -0.827958
vn 0.074602 -0.476411 -0.876052
vn -0.329093 0.3168 0.889571
vn -0.844732 0.188079 0.501054
vn 0.791005 0.151906 0.592652
vn 0.0694 -0.491296 -0.868224
vn -0.070503 0.018845 0.997334
vn 0.319806 0.905623 -0.278518
vn 0.013301 -0.759769 0.650057
vn 0.011601 -0.981123 0.193037
vn -0.052499 -0.911836 -0.407184
vn -0.164803 0.986216 0.01476
vn -0.737093 0.522642 0.428415
vn 0.929615 0.335854 -0.151718
vn 0.470116 0.741793 0.478262
vn -0.130496 -0.559367 -0.818584
vn -0.206398 -0.487589 -0.848326
vn -0.1114 0.328021 0.938079
vn -0.686212 0.231941 0.689432
vn 0.92443 0.11413 0.363873
vn -0.201301 -0.408109 -0.890463
vn 0.126699 -0.025858 0.991604
vn 0.506404 0.431347 -0.746656
vn -0.271315 -0.531053 0.802728
vn -0.458204 -0.612084 0.644517
vn -0.148405 -0.554238 0.819022
vn -0.331806 -0.760124 0.558674
vn 0.472907 0.869066 -0.145202
vn 0.074797 0.992307 0.098655
vn 0.784083 -0.068511 -0.616863
vn -0.515887 -0.757244 0.400552
vn 0.754522 0.654202 -0.052127
vn 0.0202 -0.612011 0.790591
vn -0.871413 -0.011631 0.490412
vn -0.841801 -0.335846 -0.422585
vn -0.751584 0.287089 -0.593887
vn -0.873103 0.082935 -0.48043
vn -0.822082 -0.282423 0.494387
vn -0.869874 -0.298255 0.392891
vn -0.841 0.336554 -0.423616
vn -0.733675 0.666031 -0.134625
vn -0.870397 0.046169 0.490182
vn -0.869168 0.359504 0.339564
vn -0.844623 -0.353349 -0.402189
vn -0.870114 -0.122967 -0.477265
vn -0.869874 -0.298255 0.392891
vn -0.870397 0.046169 0.490182
vn -0.870114 -0.122967 -0.477265
vn -0.841 0.336554 -0.423616
vn -0.869304 -0.211586 0.446701
vn -0.867853 -0.48442 0.110315
vn -0.864213 0.501788 0.036675
vn -0.866602 0.424182 -0.262813
vn -0.867853 -0.48442 0.110315
vn -0.891901 -0.43764 -0.113948
vn -0.873804 0.485392 -0.029366
vn -0.864213 0.501788 0.036675
vn -0.872394 0.185755 0.452133
vn -0.871413 -0.011631 0.490412
vn -0.873103 0.082935 -0.48043
vn -0.861021 -0.266556 -0.433118
vn -0.874963 0.350201 0.334365
vn -0.872394 0.185755 0.452133
vn -0.861021 -0.266556 -0.433118
vn -0.855336 -0.459102 -0.240052
vn -0.878904 0.457749 0.134143
vn -0.874963 0.350201 0.334365
vn -0.855336 -0.459102 -0.240052
vn -0.849701 -0.525686 0.040782
vn -0.879884 0.408976 0.241954
vn -0.878904 0.457749 0.134143
vn -0.849701 -0.525686 0.040782
vn -0.74869 -0.528054 0.400777
vn -0.879884 0.408976 0.241954
vn -0.74869 -0.528054 0.400777
vn 0.901381 -0.193629 -0.387325
vn 0.0528 -0.928134 -0.368484
vn 0.870262 -0.447152 -0.206638
vn -0.608133 -0.315768 -0.728331
vn -0.857693 -0.513185 0.031676
vn -0.837985 0.448299 0.311141
vn -0.800522 0.210699 0.561044
vn 0.026501 0.695156 0.71837
vn 0.184501 0.882752 0.432098
vn 0.843095 0.389425 0.370864
vn 0.874266 0.483266 -0.045964
vn 0.012 -0.841697 -0.539818
vn 0.907736 -0.196935 -0.370447
vn -0.743069 -0.64823 -0.16627
vn -0.860081 -0.078925 0.504016
vn -0.095297 0.268421 0.958576
vn 0.763603 0.518035 0.385423
vn -0.131502 -0.287829 -0.94861
vn 0.752327 0.318413 -0.57673
vn -0.577709 -0.80416 -0.139925
vn -0.683597 -0.494113 0.537167
vn 0.877311 0.345419 0.333185
vn 0.840904 -0.33135 -0.427888
vn 0.905252 0.015753 -0.424583
vn -0 -0.989557 0.144143
vn 0.314994 -0.696865 0.644328
vn 0.432591 -0.364309 0.824709
vn 0.818422 -0.001302 0.574616
vn 0.677505 0.34848 -0.647725
vn 0.92891 0.319568 0.187092
vn 0.754684 0.28369 -0.591585
vn 0.822041 -0.282409 0.494462
vn 0.545314 0.732978 -0.406663
vn 0.746794 0.630221 -0.212416
vn 0.572907 0.646634 -0.503629
vn 0.733675 0.666031 -0.134625
vn 0.883006 0.38341 -0.270734
vn 0.568479 0.159817 -0.807025
vn -0.598208 0.033925 -0.800623
vn -0.534704 0.758635 0.372243
vn -0.95695 0.274846 0.09331
vn -0.121396 0.966846 0.22466
vn 0.128696 0.717914 0.684133
vn -0.002601 -0.998464 0.055342
vn -0.0086 -0.998948 0.045042
vn -0.220603 -0.887851 -0.4038
vn -0.290086 -0.419176 -0.860315
vn 0.469509 0.869867 0.151304
vn 0.946249 0.29616 0.130005
vn -0.679485 0.291525 0.673285
vn -0.049201 0.216537 0.975034
vn -0.230811 0.088371 -0.968977
vn -0.124105 0.216275 -0.968413
vn 0.431209 -0.231305 0.872099
vn 0.892588 -0.063246 0.446416
vn -0.676209 -0.331878 0.657723
vn -0.119401 0.158165 -0.980167
vn 0.116 -0.605933 0.787013
vn -0.278894 0.873421 0.399192
vn 0.005399 -0.999687 0.024444
vn -0.065402 -0.881779 -0.467107
vn -0.048101 -0.413622 -0.909177
vn 0.242294 0.758287 0.605223
vn 0.8131 0.137495 0.565653
vn -0.916419 0.329485 0.227192
vn -0.360195 0.225908 0.90511
vn 0.023401 0.106261 -0.994063
vn 0.117601 0.185565 -0.975569
vn 0.195804 -0.322688 0.926031
vn 0.73749 -0.213677 0.640665
vn -0.87591 -0.161446 0.454661
vn 0.119903 0.206871 -0.970993
vn -0.080897 -0.599502 0.796274
vn -0.60327 0.7769 -0.180258
vn 0.379503 -0.894026 0.238109
vn 0.23849 -0.935774 0.259712
vn 0.537593 -0.842578 0.032489
vn 0.341709 -0.934462 -0.100082
vn -0.412083 0.747548 0.520922
vn 0.036302 0.71607 0.697084
vn -0.898064 0.277872 -0.340982
vn 0.499198 -0.832381 -0.240713
vn -0.701609 0.528971 0.477425
vn 0.027 -0.973837 0.225638
vn -0 -0.707313 0.706901
vn -0 -0.63857 0.769564
vn 0 0.556535 -0.830824
vn 0 0.895968 -0.44412
vn -0.901381 -0.19363 -0.387325
vn -0.870262 -0.447152 -0.206637
vn -0.0528 -0.928134 -0.368483
vn 0.608133 -0.315768 -0.72833
vn 0.857693 -0.513185 0.031677
vn 0.837985 0.4483 0.31114
vn 0.800539 0.210604 0.561055
vn -0.0266 0.695053 0.718466
vn -0.184501 0.882752 0.432097
vn -0.843063 0.389411 0.370949
vn -0.874266 0.483266 -0.045965
vn -0.907721 -0.196833 -0.370541
vn -0.012 -0.841652 -0.539888
vn 0.743069 -0.64823 -0.16627
vn 0.860034 -0.079229 0.504048
vn 0.095196 0.268121 0.958671
vn -0.763694 0.517829 0.385518
vn -0.752259 0.318484 -0.576779
vn 0.131598 -0.287524 -0.94869
vn 0.577814 -0.804067 -0.140026
vn 0.683509 -0.494221 0.537178
vn -0.877341 0.345331 0.333196
vn -0.906264 0.013753 -0.422488
vn -0.841801 -0.335846 -0.422585
vn -0.315084 -0.696842 0.644308
vn -0.432591 -0.364308 0.824709
vn -0.818422 -0.001302 0.574616
vn -0.931524 0.31567 0.180596
vn -0.678388 0.34037 -0.651106
vn -0.751584 0.287089 -0.593887
vn -0.822082 -0.282423 0.494387
vn -0.746793 0.630222 -0.212416
vn -0.541079 0.736731 -0.405538
vn -0.572907 0.646634 -0.503629
vn -0.733675 0.666031 -0.134625
vn -0.883006 0.383409 -0.270734
vn -0.568479 0.159816 -0.807026
vn 0.58459 0.05132 -0.809704
vn 0.550687 0.739716 0.386736
vn 0.95695 0.274847 0.09331
vn 0.121396 0.966846 0.224659
vn -0.128696 0.717914 0.684132
vn 0.0026 -0.998464 0.055343
vn 0.228802 -0.875556 -0.425502
vn 0.0086 -0.998948 0.045043
vn 0.328809 -0.398106 -0.856386
vn -0.469508 0.869868 0.151303
vn -0.968966 0.207839 0.133824
vn 0.680214 0.314735 0.662005
vn 0.088301 0.256036 0.962626
vn 0.28921 0.100575 -0.951968
vn 0.216598 0.181967 -0.959153
vn -0.457524 -0.310429 0.83325
vn -0.911002 -0.157469 0.381155
vn 0.699596 -0.26797 0.662389
vn 0.211694 0.165463 -0.963228
vn -0.191206 -0.613454 0.766234
vn 0.278895 0.873421 0.399191
vn -0.0054 -0.999687 0.024445
vn 0.0653 -0.88306 -0.464695
vn 0.068603 -0.449625 -0.890579
vn -0.242293 0.758288 0.605222
vn -0.822001 0.14639 0.55035
vn 0.911865 0.342165 0.226773
vn 0.349498 0.266609 0.898204
vn 0.0132 0.084457 -0.99634
vn -0.063998 0.160056 -0.985031
vn -0.248802 -0.335689 0.908521
vn -0.780199 -0.244701 0.575683
vn 0.862094 -0.155032 0.482451
vn -0.060098 0.248158 -0.966854
vn 0.0082 -0.64757 0.761962
vn 0.557076 0.797986 -0.229965
vn -0.323294 -0.914298 0.244011
vn -0.482906 -0.874495 0.045402
vn -0.201897 -0.944397 0.259522
vn -0.335886 -0.937092 -0.095073
vn 0.417215 0.7586 0.500457
vn -0.015699 0.706413 0.707625
vn 0.855524 0.32417 -0.403723
vn -0.499199 -0.832381 -0.240713
vn 0.701609 0.528972 0.477424
vn -0.027001 -0.973837 0.225639
vn 0.88469 -0.436438 0.163847
vn 0.767476 -0.066118 -0.637659
vn 0.959182 -0.282697 -0.007204
vn -0.962288 0.130216 -0.238841
vn -0.959636 0.156825 -0.233462
vn -0.974571 0.107829 -0.19643
vn 0.350991 -0.443802 0.824527
vn 0.672887 0.315064 -0.669297
vn 0.859254 0.045579 0.509515
vn -0.979844 0.096444 -0.17494
vn -0.992736 0.008559 -0.120006
vn -0.136496 0.070139 0.988155
vn 0.1512 0.934112 0.323378
vn 0.905267 -0.41841 -0.073654
vn 0.155097 0.531605 -0.832671
vn 0.989208 0.14431 0.025349
vn -0.999397 -0.034202 -0.005987
vn -0.999397 -0.034202 -0.005987
vn -0.999397 -0.034202 -0.005987
vn 0.155104 0.215336 0.964144
vn 0.162796 0.971736 0.17096
vn 0.905267 -0.41841 -0.073654
vn 0.155097 0.531605 -0.832671
vn 0.989208 0.14431 0.025349
vn -0.999397 -0.034202 -0.005987
vn -0.999397 -0.034202 -0.005987
vn -0.999397 -0.034202 -0.005987
vn 0.155104 0.215336 0.964144
vn 0.162796 0.971736 0.17096
vn 0.905267 -0.41841 -0.073654
vn 0.155097 0.531605 -0.832671
vn 0.989208 0.14431 0.025349
vn -0.999397 -0.034202 -0.005987
vn -0.999397 -0.034202 -0.005987
vn -0.999397 -0.034202 -0.005987
vn 0.155104 0.215336 0.964144
vn 0.162796 0.971736 0.17096
vn 0.961481 -0.134815 0.23954
vn 0.992161 -0.114013 -0.05116
vn 0.796392 0.239406 -0.555378
vn -0.911089 0.411084 -0.03044
vn -0.841566 0.534505 0.077914
vn -0.861609 0.505022 0.050827
vn 0.36929 -0.559027 0.74237
vn 0.718279 -0.689748 0.091234
vn 0.459497 0.125697 -0.87924
vn -0.796803 0.589847 0.131098
vn -0.796803 0.589847 0.131098
vn -0.249698 -0.873553 0.4178
vn -0.189602 -0.778412 -0.598436
vn 0.995422 0.064226 0.070778
vn 0.879643 -0.425594 -0.212365
vn 0.0437 0.09556 -0.994464
vn -0.927292 0.338052 0.160783
vn -0.927292 0.338052 0.160783
vn -0.927292 0.338052 0.160783
vn -0.010699 -0.807413 0.58989
vn -0.183203 -0.851382 -0.491513
vn 0.995424 0.08032 0.051772
vn 0.879646 -0.466057 -0.094945
vn 0.043698 -0.165036 -0.985319
vn -0.927297 0.368122 0.067874
vn -0.927297 0.368122 0.067874
vn -0.927297 0.368122 0.067874
vn -0.010598 -0.627204 0.778783
vn -0.183201 -0.949595 -0.254374
vn 0.995424 0.08032 0.051772
vn 0.879646 -0.466057 -0.094945
vn 0.043698 -0.165036 -0.985319
vn -0.927297 0.368122 0.067874
vn -0.927297 0.368122 0.067874
vn -0.927297 0.368122 0.067874
vn -0.010698 -0.627204 0.778782
vn -0.183201 -0.949595 -0.254374
vn -0.884689 -0.436439 0.16385
vn -0.959182 -0.282697 -0.007201
vn -0.767478 -0.066118 -0.637657
vn 0.962288 0.130216 -0.238843
vn 0.97457 0.107829 -0.196433
vn 0.959635 0.156826 -0.233464
vn -0.350988 -0.443802 0.824528
vn -0.859253 0.045578 0.509517
vn -0.672889 0.315063 -0.669295
vn 0.992736 0.008559 -0.120009
vn 0.979844 0.096444 -0.174942
vn 0.136498 0.070139 0.988154
vn -0.1512 0.934112 0.323378
vn -0.905267 -0.41841 -0.073652
vn -0.989208 0.14431 0.025352
vn -0.155099 0.531605 -0.832671
vn 0.999397 -0.034202 -0.00599
vn 0.999397 -0.034202 -0.00599
vn 0.999397 -0.034202 -0.00599
vn -0.155102 0.215336 0.964144
vn -0.162796 0.971735 0.170961
vn -0.905267 -0.41841 -0.073652
vn -0.989208 0.14431 0.025352
vn -0.155099 0.531605 -0.832671
vn 0.999397 -0.034202 -0.00599
vn 0.999397 -0.034202 -0.00599
vn 0.999397 -0.034202 -0.00599
vn -0.155102 0.215336 0.964144
vn -0.162796 0.971735 0.170961
vn -0.905267 -0.41841 -0.073652
vn -0.989208 0.14431 0.025352
vn -0.155099 0.531605 -0.832671
vn 0.999397 -0.034202 -0.00599
vn 0.999397 -0.034202 -0.00599
vn 0.999397 -0.034202 -0.00599
vn -0.155102 0.215336 0.964144
vn -0.162796 0.971735 0.170961
vn -0.96148 -0.134815 0.239543
vn -0.796393 0.239406 -0.555376
vn -0.992161 -0.114013 -0.051157
vn 0.911089 0.411085 -0.030443
vn 0.861608 0.505023 0.050825
vn 0.841566 0.534506 0.077911
vn -0.369288 -0.559027 0.742371
vn -0.459499 0.125696 -0.879239
vn -0.718278 -0.689748 0.091236
vn 0.796802 0.589847 0.131096
vn 0.796802 0.589847 0.131096
vn 0.2497 -0.873552 0.417799
vn 0.189601 -0.778412 -0.598436
vn -0.995422 0.064226 0.070781
vn -0.043703 0.09556 -0.994464
vn -0.879643 -0.425594 -0.212362
vn 0.927292 0.338053 0.160781
vn 0.927292 0.338053 0.160781
vn 0.927292 0.338053 0.160781
vn 0.010601 -0.807414 0.589891
vn 0.183203 -0.851382 -0.491514
vn -0.995424 0.08032 0.051775
vn -0.0437 -0.165036 -0.985319
vn -0.879646 -0.466057 -0.094943
vn 0.927297 0.368122 0.067872
vn 0.927297 0.368122 0.067872
vn 0.927297 0.368122 0.067872
vn 0.010601 -0.627204 0.778783
vn 0.183202 -0.949595 -0.254375
vn -0.995424 0.08032 0.051775
vn -0.0437 -0.165036 -0.985319
vn -0.879646 -0.466057 -0.094943
vn 0.927297 0.368122 0.067872
vn 0.927297 0.368122 0.067872
vn 0.927297 0.368122 0.067872
vn 0.010701 -0.627204 0.778782
vn 0.183105 -0.949613 -0.254379
vt 0.9269 0.6502
vt 0.738 0.8619
vt 0.738 0.6502
vt 0.9269 0.8619
vt 0.738 0.9987
vt 0.9269 0.9987
vt 0.9269 0.4965
vt 0.738 0.4965
vt 0.9273 0.6502
vt 0.7381 0.8619
vt 0.7381 0.6502
vt 0.9273 0.8619
vt 0.7381 0.9987
vt 0.9273 0.9987
vt 0.9273 0.4965
vt 0.7381 0.4965
vt 0.576 0.5831
vt 0.6303 0.7461
vt 0.5021 0.7403
vt 0.4217 0.6133
vt 0.5017 0.8646
vt 0.4951 0.7988
vt 0.11 0.5832
vt 0.2055 0.5771
vt 0.1932 0.6111
vt 0.0853 0.6251
vt 0.0115 0.6713
vt 0.0292 0.6346
vt 0.0382 0.6649
vt 0.0659 0.7006
vt 0.3275 0.5552
vt 0.3425 0.6189
vt 0.5602 0.5251
vt 0.3222 0.6606
vt 0.3364 0.7672
vt 0.215 0.7365
vt 0.1795 0.7032
vt 0.3199 0.6258
vt 0.3303 0.7894
vt 0.3606 0.8944
vt 0.2726 0.8553
vt 0.309 0.8254
vt 0.1601 0.6907
vt 0.1548 0.6341
vt 0.1608 0.7597
vt 0.139 0.7613
vt 0.1743 0.5491
vt 0.1779 0.0733
vt 0.246 0.0841
vt 0.1792 0.0731
vt 0.1658 0.0995
vt 0.1412 0.0736
vt 0.0998 0.0858
vt 0.1286 0.0995
vt 0.016 0.7377
vt 0.1033 0.0829
vt 0.1386 0.0606
vt 0.4759 0.8558
vt 0.4455 0.9236
vt 0.5551 0.8719
vt 0.5484 0.8405
vt 0.5022 0.9443
vt 0.5342 0.887
vt 0.5103 0.6806
vt 0.4274 0.7718
vt 0.4713 0.7174
vt 0.6053 0.775
vt 0.6804 0.997
vt 0.1981 0.0995
vt 0.0951 0.0995
vt 0.0746 0.5696
vt 0.1202 0.7848
vt 0.1735 0.7981
vt 0.6509 0.9009
vt 0.5017 0.8767
vt 0.321 0.5157
vt 0.145 0.5171
vt 0.246 0.0995
vt 0.2079 0.7614
vt 0.1854 0.7721
vt 0.1808 0.7353
vt 0.2127 0.7477
vt 0.0962 0.0995
vt 0.0429 0.6236
vt 0.4002 0.199
vt 0.4042 0.1401
vt 0.4317 0.1433
vt 0.3861 0.1734
vt 0.4317 0.1433
vt 0.4131 0.266
vt 0.4549 0.1764
vt 0.4827 0.2135
vt 0.4035 0.2614
vt 0.4705 0.1909
vt 0.398 0.2477
vt 0.4497 0.0745
vt 0.4749 0.0981
vt 0.4749 0.0981
vt 0.4962 0.1583
vt 0.5319 0.2028
vt 0.5193 0.1583
vt 0.5261 0.0336
vt 0.5342 0.0846
vt 0.5167 0.075
vt 0.5228 0.1411
vt 0.5552 0.1566
vt 0.7161 0.0061
vt 0.6803 0.099
vt 0.58 0.1348
vt 0.6035 0.2709
vt 0.6229 0.2132
vt 0.6421 0.1752
vt 0.7995 0.0519
vt 0.7782 0.2019
vt 0.9005 0.0061
vt 0.7161 0.3096
vt 0.9081 0.111
vt 0.8678 0.228
vt 0.9759 0.1062
vt 0.9005 0.3096
vt 0.3462 0.2826
vt 0.3447 0.1835
vt 0.3447 0.1554
vt 0.3447 0.2172
vt 0.3448 0.2862
vt 0.4048 0.301
vt 0.345 0.2966
vt 0.345 0.2966
vt 0.3462 0.2826
vt 0.3205 0.3444
vt 0.3205 0.3646
vt 0.3749 0.3552
vt 0.3205 0.3444
vt 0.3205 0.3646
vt 0.3677 0.3719
vt 0.3043 0.3969
vt 0.3043 0.4156
vt 0.3442 0.4143
vt 0.3043 0.3969
vt 0.3043 0.4156
vt 0.2741 0.4425
vt 0.2741 0.4425
vt 0.3844 0.3048
vt 0.3448 0.2862
vt 0.3215 0.3752
vt 0.3214 0.3627
vt 0.3743 0.3676
vt 0.3215 0.3752
vt 0.3214 0.3627
vt 0.3674 0.3869
vt 0.3059 0.4331
vt 0.3058 0.427
vt 0.3443 0.4336
vt 0.3059 0.4331
vt 0.3058 0.427
vt 0.276 0.4621
vt 0.276 0.4621
vt 0.3744 0.2097
vt 0.3447 0.1554
vt 0.3447 0.2172
vt 0.3463 0.2461
vt 0.3462 0.2127
vt 0.3698 0.2317
vt 0.3463 0.2461
vt 0.3462 0.2127
vt 0.3234 0.25
vt 0.3234 0.25
vt 0.3447 0.1835
vt 0.6238 0.3096
vt 0.6238 0.0061
vt 0.9928 0.0061
vt 0.9928 0.3096
vt 0.9269 0.6502
vt 0.738 0.8619
vt 0.738 0.6502
vt 0.9269 0.8619
vt 0.738 0.9987
vt 0.9269 0.9987
vt 0.9269 0.4965
vt 0.738 0.4965
vt 0.9273 0.6502
vt 0.7381 0.8619
vt 0.7381 0.6502
vt 0.9273 0.8619
vt 0.7381 0.9987
vt 0.9273 0.9987
vt 0.9273 0.4965
vt 0.7381 0.4965
vt 0.9273 0.6502
vt 0.7381 0.8619
vt 0.7381 0.6502
vt 0.9273 0.8619
vt 0.7381 0.9987
vt 0.9273 0.9987
vt 0.9273 0.4965
vt 0.7381 0.4965
vt 0.9273 0.6502
vt 0.7381 0.8619
vt 0.7381 0.6502
vt 0.9273 0.8619
vt 0.7381 0.9987
vt 0.9273 0.9987
vt 0.9273 0.4965
vt 0.7381 0.4965
vt 0.9273 0.6502
vt 0.7381 0.8619
vt 0.7381 0.6502
vt 0.9273 0.8619
vt 0.7381 0.9987
vt 0.9273 0.9987
vt 0.9273 0.4965
vt 0.7381 0.4965
vt 0.9273 0.6502
vt 0.7381 0.8619
vt 0.7381 0.6502
vt 0.9273 0.8619
vt 0.7381 0.9987
vt 0.9273 0.9987
vt 0.9273 0.4965
vt 0.7381 0.4965
vt 0.9273 0.6502
vt 0.7381 0.8619
vt 0.7381 0.6502
vt 0.9273 0.8619
vt 0.7381 0.9987
vt 0.9273 0.9987
vt 0.9273 0.4965
vt 0.7381 0.4965
vt 0.9273 0.6502
vt 0.7381 0.8619
vt 0.7381 0.6502
vt 0.9273 0.8619
vt 0.7381 0.9987
vt 0.9273 0.9987
vt 0.9273 0.4965
vt 0.7381 0.4965
vt 0.9273 0.6502
vt 0.7381 0.8619
vt 0.7381 0.6502
vt 0.9273 0.8619
vt 0.7381 0.9987
vt 0.9273 0.9987
vt 0.9273 0.4965
vt 0.7381 0.4965
vt 0.9273 0.6502
vt 0.7381 0.8619
vt 0.7381 0.6502
vt 0.9273 0.8619
vt 0.7381 0.9987
vt 0.9273 0.9987
vt 0.9273 0.4965
vt 0.7381 0.4965
vt 0.9273 0.6502
vt 0.7381 0.8619
vt 0.7381 0.6502
vt 0.9273 0.8619
vt 0.7381 0.9987
vt 0.9273 0.4965
vt 0.7381 0.4965
vt 0.9269 0.6502
vt 0.738 0.6502
vt 0.738 0.8619
vt 0.9269 0.8619
vt 0.9273 0.6502
vt 0.7381 0.6502
vt 0.7381 0.8619
vt 0.9273 0.8619
vt 0.576 0.5831
vt 0.5021 0.7403
vt 0.6303 0.7461
vt 0.4217 0.6133
vt 0.4951 0.7988
vt 0.5017 0.8646
vt 0.11 0.5832
vt 0.1932 0.6111
vt 0.2055 0.5771
vt 0.0853 0.6251
vt 0.0382 0.6649
vt 0.0292 0.6346
vt 0.0659 0.7006
vt 0.3275 0.5552
vt 0.3425 0.6189
vt 0.3222 0.6606
vt 0.215 0.7365
vt 0.3364 0.7672
vt 0.1795 0.7032
vt 0.3199 0.6258
vt 0.3303 0.7894
vt 0.309 0.8254
vt 0.1601 0.6907
vt 0.1548 0.6341
vt 0.139 0.7613
vt 0.1608 0.7597
vt 0.1743 0.5491
vt 0.1779 0.0733
vt 0.1792 0.0731
vt 0.246 0.0841
vt 0.0998 0.0858
vt 0.1412 0.0736
vt 0.1033 0.0829
vt 0.1386 0.0606
vt 0.4759 0.8558
vt 0.4455 0.9236
vt 0.5551 0.8719
vt 0.5484 0.8405
vt 0.5022 0.9443
vt 0.5342 0.887
vt 0.5103 0.6806
vt 0.4274 0.7718
vt 0.4713 0.7174
vt 0.6053 0.775
vt 0.6804 0.997
vt 0.2079 0.7614
vt 0.1808 0.7353
vt 0.1854 0.7721
vt 0.2127 0.7477
vt 0.4002 0.199
vt 0.4317 0.1433
vt 0.4042 0.1401
vt 0.3861 0.1734
vt 0.4317 0.1433
vt 0.4131 0.266
vt 0.4549 0.1764
vt 0.4827 0.2135
vt 0.4035 0.2614
vt 0.4705 0.1909
vt 0.398 0.2477
vt 0.4749 0.0981
vt 0.4497 0.0745
vt 0.4749 0.0981
vt 0.4962 0.1583
vt 0.5319 0.2028
vt 0.5193 0.1583
vt 0.5342 0.0846
vt 0.5261 0.0336
vt 0.5167 0.075
vt 0.5228 0.1411
vt 0.5552 0.1566
vt 0.6803 0.099
vt 0.7161 0.0061
vt 0.6035 0.2709
vt 0.6229 0.2132
vt 0.6421 0.1752
vt 0.7782 0.2019
vt 0.7995 0.0519
vt 0.9005 0.0061
vt 0.7161 0.3096
vt 0.8678 0.228
vt 0.9081 0.111
vt 0.9759 0.1062
vt 0.9005 0.3096
vt 0.3462 0.2826
vt 0.3447 0.1835
vt 0.3447 0.1554
vt 0.3447 0.2172
vt 0.3448 0.2862
vt 0.4048 0.301
vt 0.345 0.2966
vt 0.345 0.2966
vt 0.3205 0.3444
vt 0.3462 0.2826
vt 0.3205 0.3646
vt 0.3749 0.3552
vt 0.3205 0.3444
vt 0.3205 0.3646
vt 0.3677 0.3719
vt 0.3043 0.3969
vt 0.3043 0.4156
vt 0.3442 0.4143
vt 0.3043 0.3969
vt 0.3043 0.4156
vt 0.2741 0.4425
vt 0.2741 0.4425
vt 0.3844 0.3048
vt 0.3448 0.2862
vt 0.3215 0.3752
vt 0.3214 0.3627
vt 0.3743 0.3676
vt 0.3215 0.3752
vt 0.3214 0.3627
vt 0.3674 0.3869
vt 0.3059 0.4331
vt 0.3058 0.427
vt 0.3443 0.4336
vt 0.3059 0.4331
vt 0.3058 0.427
vt 0.276 0.4621
vt 0.276 0.4621
vt 0.3744 0.2097
vt 0.3447 0.1554
vt 0.3463 0.2461
vt 0.3447 0.2172
vt 0.3462 0.2127
vt 0.3698 0.2317
vt 0.3463 0.2461
vt 0.3462 0.2127
vt 0.3234 0.25
vt 0.3234 0.25
vt 0.3447 0.1835
vt 0.9269 0.6502
vt 0.738 0.6502
vt 0.738 0.8619
vt 0.9269 0.8619
vt 0.9273 0.6502
vt 0.7381 0.6502
vt 0.7381 0.8619
vt 0.9273 0.8619
vt 0.9273 0.6502
vt 0.7381 0.6502
vt 0.7381 0.8619
vt 0.9273 0.8619
vt 0.9273 0.6502
vt 0.7381 0.6502
vt 0.7381 0.8619
vt 0.9273 0.8619
vt 0.9273 0.6502
vt 0.7381 0.6502
vt 0.7381 0.8619
vt 0.9273 0.8619
vt 0.9273 0.6502
vt 0.7381 0.6502
vt 0.7381 0.8619
vt 0.9273 0.8619
vt 0.9273 0.6502
vt 0.7381 0.6502
vt 0.7381 0.8619
vt 0.9273 0.8619
vt 0.9273 0.6502
vt 0.7381 0.6502
vt 0.7381 0.8619
vt 0.9273 0.8619
vt 0.9273 0.6502
vt 0.7381 0.6502
vt 0.7381 0.8619
vt 0.9273 0.8619
vt 0.9273 0.6502
vt 0.7381 0.6502
vt 0.7381 0.8619
vt 0.9273 0.8619
vt 0.7381 0.6502
vt 0.7381 0.8619
vt 0.4002 0.199
vt 0.4042 0.1401
vt 0.4317 0.1433
vt 0.3861 0.1734
vt 0.4317 0.1433
vt 0.4131 0.266
vt 0.4549 0.1764
vt 0.4827 0.2135
vt 0.4035 0.2614
vt 0.4705 0.1909
vt 0.398 0.2477
vt 0.4497 0.0745
vt 0.4749 0.0981
vt 0.4749 0.0981
vt 0.4962 0.1583
vt 0.5319 0.2028
vt 0.5193 0.1583
vt 0.5261 0.0336
vt 0.5342 0.0846
vt 0.5167 0.075
vt 0.5228 0.1411
vt 0.5552 0.1566
vt 0.7161 0.0061
vt 0.6803 0.099
vt 0.58 0.1348
vt 0.6035 0.2709
vt 0.6229 0.2132
vt 0.6421 0.1752
vt 0.7995 0.0519
vt 0.7782 0.2019
vt 0.9005 0.0061
vt 0.7161 0.3096
vt 0.9081 0.111
vt 0.8678 0.228
vt 0.9759 0.1062
vt 0.9005 0.3096
vt 0.3462 0.2826
vt 0.3447 0.1835
vt 0.3447 0.1554
vt 0.3447 0.2172
vt 0.3448 0.2862
vt 0.4048 0.301
vt 0.345 0.2966
vt 0.345 0.2966
vt 0.3462 0.2826
vt 0.3205 0.3444
vt 0.3205 0.3646
vt 0.3749 0.3552
vt 0.3205 0.3444
vt 0.3205 0.3646
vt 0.3677 0.3719
vt 0.3043 0.3969
vt 0.3043 0.4156
vt 0.3442 0.4143
vt 0.3043 0.3969
vt 0.3043 0.4156
vt 0.2741 0.4425
vt 0.2741 0.4425
vt 0.3844 0.3048
vt 0.3448 0.2862
vt 0.3215 0.3752
vt 0.3214 0.3627
vt 0.3743 0.3676
vt 0.3215 0.3752
vt 0.3214 0.3627
vt 0.3674 0.3869
vt 0.3059 0.4331
vt 0.3058 0.427
vt 0.3443 0.4336
vt 0.3059 0.4331
vt 0.3058 0.427
vt 0.276 0.4621
vt 0.276 0.4621
vt 0.3744 0.2097
vt 0.3447 0.1554
vt 0.3447 0.2172
vt 0.3463 0.2461
vt 0.3462 0.2127
vt 0.3698 0.2317
vt 0.3463 0.2461
vt 0.3462 0.2127
vt 0.3234 0.25
vt 0.3234 0.25
vt 0.3447 0.1835
vt 0.6238 0.3096
vt 0.6238 0.0061
vt 0.9928 0.0061
vt 0.9928 0.3096
vt 0.4002 0.199
vt 0.4317 0.1433
vt 0.4042 0.1401
vt 0.3861 0.1734
vt 0.4317 0.1433
vt 0.4131 0.266
vt 0.4549 0.1764
vt 0.4827 0.2135
vt 0.4035 0.2614
vt 0.4705 0.1909
vt 0.398 0.2477
vt 0.4749 0.0981
vt 0.4497 0.0745
vt 0.4749 0.0981
vt 0.4962 0.1583
vt 0.5319 0.2028
vt 0.5193 0.1583
vt 0.5342 0.0846
vt 0.5261 0.0336
vt 0.5167 0.075
vt 0.5228 0.1411
vt 0.5552 0.1566
vt 0.6803 0.099
vt 0.7161 0.0061
vt 0.6035 0.2709
vt 0.6229 0.2132
vt 0.6421 0.1752
vt 0.7782 0.2019
vt 0.7995 0.0519
vt 0.9005 0.0061
vt 0.7161 0.3096
vt 0.8678 0.228
vt 0.9081 0.111
vt 0.9759 0.1062
vt 0.9005 0.3096
vt 0.3462 0.2826
vt 0.3447 0.1835
vt 0.3447 0.1554
vt 0.3447 0.2172
vt 0.3448 0.2862
vt 0.4048 0.301
vt 0.345 0.2966
vt 0.345 0.2966
vt 0.3205 0.3444
vt 0.3462 0.2826
vt 0.3205 0.3646
vt 0.3749 0.3552
vt 0.3205 0.3444
vt 0.3205 0.3646
vt 0.3677 0.3719
vt 0.3043 0.3969
vt 0.3043 0.4156
vt 0.3442 0.4143
vt 0.3043 0.3969
vt 0.3043 0.4156
vt 0.2741 0.4425
vt 0.2741 0.4425
vt 0.3844 0.3048
vt 0.3448 0.2862
vt 0.3215 0.3752
vt 0.3214 0.3627
vt 0.3743 0.3676
vt 0.3215 0.3752
vt 0.3214 0.3627
vt 0.3674 0.3869
vt 0.3059 0.4331
vt 0.3058 0.427
vt 0.3443 0.4336
vt 0.3059 0.4331
vt 0.3058 0.427
vt 0.276 0.4621
vt 0.276 0.4621
vt 0.3744 0.2097
vt 0.3447 0.1554
vt 0.3463 0.2461
vt 0.3447 0.2172
vt 0.3462 0.2127
vt 0.3698 0.2317
vt 0.3463 0.2461
vt 0.3462 0.2127
vt 0.3234 0.25
vt 0.3234 0.25
vt 0.3447 0.1835
vt 0.0321 0.0214
vt 0.0477 0.0427
vt 0.0361 0.0349
vt 0.0321 0.0214
vt 0.0186 0.0427
vt 0.0477 0.0427
vt 0.0186 0.0427
vt 0.0552 0.068
vt 0.0311 0.0672
vt 0.007 0.068
vt 0.0552 0.068
vt 0.007 0.068
vt 0.0311 0.0881
vt 0.1386 0.0253
vt 0.1552 0.0556
vt 0.1376 0.055
vt 0.1386 0.0253
vt 0.12 0.0556
vt 0.1552 0.0556
vt 0.12 0.0556
vt 0.1376 0.0703
vt 0.1386 0.0253
vt 0.1552 0.0556
vt 0.1376 0.055
vt 0.1386 0.0253
vt 0.12 0.0556
vt 0.1552 0.0556
vt 0.12 0.0556
vt 0.1376 0.0703
vt 0.1386 0.0253
vt 0.1552 0.0556
vt 0.1376 0.055
vt 0.1386 0.0253
vt 0.12 0.0556
vt 0.1552 0.0556
vt 0.12 0.0556
vt 0.1376 0.0703
vt 0.0321 0.0214
vt 0.0361 0.0349
vt 0.0477 0.0427
vt 0.0321 0.0214
vt 0.0477 0.0427
vt 0.0186 0.0427
vt 0.0186 0.0427
vt 0.0311 0.0672
vt 0.0552 0.068
vt 0.0552 0.068
vt 0.007 0.068
vt 0.007 0.068
vt 0.0311 0.0881
vt 0.1386 0.0253
vt 0.1376 0.055
vt 0.1552 0.0556
vt 0.1386 0.0253
vt 0.1552 0.0556
vt 0.12 0.0556
vt 0.12 0.0556
vt 0.1376 0.0703
vt 0.1386 0.0253
vt 0.1376 0.055
vt 0.1552 0.0556
vt 0.1386 0.0253
vt 0.1552 0.0556
vt 0.12 0.0556
vt 0.12 0.0556
vt 0.1376 0.0703
vt 0.1386 0.0253
vt 0.1376 0.055
vt 0.1552 0.0556
vt 0.1386 0.0253
vt 0.1552 0.0556
vt 0.12 0.0556
vt 0.12 0.0556
vt 0.1376 0.0703
vt 0.0321 0.0214
vt 0.0361 0.0349
vt 0.0477 0.0427
vt 0.0321 0.0214
vt 0.0477 0.0427
vt 0.0186 0.0427
vt 0.0186 0.0427
vt 0.0311 0.0672
vt 0.0552 0.068
vt 0.0552 0.068
vt 0.007 0.068
vt 0.007 0.068
vt 0.0311 0.0881
vt 0.1386 0.0253
vt 0.1376 0.055
vt 0.1552 0.0556
vt 0.1386 0.0253
vt 0.1552 0.0556
vt 0.12 0.0556
vt 0.12 0.0556
vt 0.1376 0.0703
vt 0.1386 0.0253
vt 0.1376 0.055
vt 0.1552 0.0556
vt 0.1386 0.0253
vt 0.1552 0.0556
vt 0.12 0.0556
vt 0.12 0.0556
vt 0.1376 0.0703
vt 0.1386 0.0253
vt 0.1376 0.055
vt 0.1552 0.0556
vt 0.1386 0.0253
vt 0.1552 0.0556
vt 0.12 0.0556
vt 0.12 0.0556
vt 0.1376 0.0703
vt 0.0321 0.0214
vt 0.0477 0.0427
vt 0.0361 0.0349
vt 0.0321 0.0214
vt 0.0186 0.0427
vt 0.0477 0.0427
vt 0.0186 0.0427
vt 0.0552 0.068
vt 0.0311 0.0672
vt 0.007 0.068
vt 0.0552 0.068
vt 0.007 0.068
vt 0.0311 0.0881
vt 0.1386 0.0253
vt 0.1552 0.0556
vt 0.1376 0.055
vt 0.1386 0.0253
vt 0.12 0.0556
vt 0.1552 0.0556
vt 0.12 0.0556
vt 0.1376 0.0703
vt 0.1386 0.0253
vt 0.1552 0.0556
vt 0.1376 0.055
vt 0.1386 0.0253
vt 0.12 0.0556
vt 0.1552 0.0556
vt 0.12 0.0556
vt 0.1376 0.0703
vt 0.1386 0.0253
vt 0.1552 0.0556
vt 0.1376 0.055
vt 0.1386 0.0253
vt 0.12 0.0556
vt 0.1552 0.0556
vt 0.12 0.0556
vt 0.1376 0.0703
f 1/1/1 3/3/3 2/2/2
f 1/1/1 2/2/2 4/4/4
f 4/4/4 2/2/2 5/5/5
f 4/4/4 5/5/5 6/6/6
f 7/7/7 8/8/8 3/3/3
f 7/7/7 3/3/3 1/1/1
f 9/9/9 11/11/11 10/10/10
f 9/9/9 10/10/10 12/12/12
f 12/12/12 10/10/10 13/13/13
f 12/12/12 13/13/13 14/14/14
f 15/15/15 16/16/16 11/11/11
f 15/15/15 11/11/11 9/9/9
f 17/17/17 19/19/19 18/18/18
f 19/19/19 17/17/17 20/20/20
f 18/18/18 22/22/22 21/21/21
f 22/22/22 18/18/18 19/19/19
f 23/23/23 25/25/25 24/24/24
f 25/25/25 23/23/23 26/26/26
f 27/27/27 29/29/29 28/28/28
f 29/29/29 27/27/27 30/30/30
f 31/31/31 32/32/32 17/17/17
f 17/17/17 33/33/33 31/31/31
f 34/34/34 36/36/36 35/35/35
f 34/34/34 37/37/37 36/36/36
f 37/37/37 34/34/34 38/38/38
f 39/39/39 41/41/41 40/40/40
f 41/41/41 39/39/39 42/42/42
f 38/38/38 43/43/43 37/37/37
f 43/43/43 38/38/38 44/44/44
f 37/37/37 46/46/46 45/45/45
f 46/46/46 37/37/37 43/43/43
f 31/31/31 24/24/24 32/32/32
f 24/24/24 31/31/31 47/47/47
f 48/48/48 50/50/50 49/49/49
f 51/51/51 53/53/53 52/52/52
f 53/53/53 51/51/51 54/54/54
f 44/44/44 30/30/30 43/43/43
f 43/43/43 55/55/55 46/46/46
f 55/55/55 43/43/43 30/30/30
f 24/24/24 47/47/47 23/23/23
f 24/24/24 25/25/25 32/32/32
f 56/56/56 50/50/50 57/57/57
f 22/22/22 39/39/39 58/58/58
f 21/21/21 59/59/59 40/40/40
f 40/40/40 58/58/58 39/39/39
f 58/58/58 40/40/40 59/59/59
f 22/22/22 60/60/60 21/21/21
f 60/60/60 22/22/22 61/61/61
f 21/21/21 62/62/62 59/59/59
f 62/62/62 21/21/21 60/60/60
f 59/59/59 63/63/63 58/58/58
f 63/63/63 59/59/59 62/62/62
f 58/58/58 61/61/61 22/22/22
f 61/61/61 58/58/58 63/63/63
f 19/19/19 20/20/20 64/64/64
f 19/19/19 65/65/65 35/35/35
f 35/35/35 66/66/66 34/34/34
f 66/66/66 35/35/35 65/65/65
f 64/64/64 67/67/67 19/19/19
f 19/19/19 67/67/67 65/65/65
f 65/65/65 67/67/67 66/66/66
f 66/66/66 67/67/67 64/64/64
f 61/61/61 68/68/68 60/60/60
f 60/60/60 68/68/68 62/62/62
f 62/62/62 68/68/68 63/63/63
f 63/63/63 68/68/68 61/61/61
f 69/69/69 50/50/50 56/56/56
f 56/56/56 70/70/70 69/69/69
f 26/26/26 23/23/23 71/71/71
f 72/72/72 46/46/46 55/55/55
f 73/73/73 45/45/45 46/46/46
f 46/46/46 72/72/72 73/73/73
f 41/41/41 45/45/45 73/73/73
f 74/74/74 18/18/18 21/21/21
f 21/21/21 75/75/75 74/74/74
f 75/75/75 21/21/21 40/40/40
f 47/47/47 31/31/31 76/76/76
f 76/76/76 77/77/77 47/47/47
f 71/71/71 23/23/23 47/47/47
f 33/33/33 76/76/76 31/31/31
f 51/51/51 49/49/49 78/78/78
f 78/78/78 49/49/49 50/50/50
f 50/50/50 69/69/69 78/78/78
f 35/35/35 79/79/79 39/39/39
f 39/39/39 79/79/79 42/42/42
f 79/79/79 81/81/81 80/80/80
f 80/80/80 42/42/42 79/79/79
f 81/81/81 36/36/36 37/37/37
f 82/82/82 36/36/36 81/81/81
f 82/82/82 35/35/35 36/36/36
f 79/79/79 35/35/35 82/82/82
f 82/82/82 81/81/81 79/79/79
f 81/81/81 45/45/45 80/80/80
f 81/81/81 37/37/37 45/45/45
f 19/19/19 35/35/35 39/39/39
f 41/41/41 42/42/42 80/80/80
f 45/45/45 41/41/41 80/80/80
f 38/38/38 20/20/20 32/32/32
f 32/32/32 20/20/20 17/17/17
f 38/38/38 34/34/34 20/20/20
f 66/66/66 64/64/64 20/20/20
f 20/20/20 34/34/34 66/66/66
f 29/29/29 44/44/44 28/28/28
f 53/53/53 54/54/54 83/83/83
f 48/48/48 49/49/49 51/51/51
f 51/51/51 52/52/52 48/48/48
f 71/71/71 47/47/47 77/77/77
f 84/84/84 26/26/26 71/71/71
f 22/22/22 19/19/19 39/39/39
f 85/85/85 87/87/87 86/86/86
f 85/85/85 86/86/86 88/88/88
f 88/88/88 86/86/86 89/89/89
f 88/88/88 89/89/89 90/90/90
f 90/90/90 89/89/89 91/91/91
f 90/90/90 91/91/91 92/92/92
f 90/90/90 92/92/92 93/93/93
f 93/93/93 92/92/92 94/94/94
f 93/93/93 94/94/94 95/95/95
f 95/95/95 94/94/94 87/87/87
f 95/95/95 87/87/87 85/85/85
f 87/87/87 97/97/97 96/96/96
f 87/87/87 96/96/96 86/86/86
f 86/86/86 96/96/96 98/98/98
f 86/86/86 98/98/98 89/89/89
f 89/89/89 98/98/98 99/99/99
f 89/89/89 99/99/99 91/91/91
f 91/91/91 99/99/99 100/100/100
f 91/91/91 100/100/100 92/92/92
f 92/92/92 100/100/100 101/101/101
f 92/92/92 101/101/101 94/94/94
f 94/94/94 101/101/101 97/97/97
f 94/94/94 97/97/97 87/87/87
f 97/97/97 103/103/103 102/102/102
f 97/97/97 102/102/102 96/96/96
f 96/96/96 102/102/102 104/104/104
f 96/96/96 104/104/104 98/98/98
f 98/98/98 104/104/104 105/105/105
f 98/98/98 105/105/105 99/99/99
f 99/99/99 105/105/105 100/100/100
f 100/100/100 106/106/106 101/101/101
f 101/101/101 106/106/106 103/103/103
f 101/101/101 103/103/103 97/97/97
f 103/103/103 108/108/108 107/107/107
f 103/103/103 107/107/107 102/102/102
f 102/102/102 107/107/107 109/109/109
f 102/102/102 109/109/109 104/104/104
f 104/104/104 109/109/109 110/110/110
f 104/104/104 110/110/110 105/105/105
f 105/105/105 110/110/110 111/111/111
f 105/105/105 111/111/111 100/100/100
f 100/100/100 111/111/111 112/112/112
f 100/100/100 112/112/112 106/106/106
f 106/106/106 112/112/112 108/108/108
f 106/106/106 108/108/108 103/103/103
f 108/108/108 114/114/114 113/113/113
f 108/108/108 113/113/113 107/107/107
f 107/107/107 113/113/113 115/115/115
f 110/110/110 116/116/116 111/111/111
f 111/111/111 116/116/116 114/114/114
f 111/111/111 114/114/114 112/112/112
f 112/112/112 114/114/114 108/108/108
f 114/114/114 118/118/118 117/117/117
f 114/114/114 117/117/117 113/113/113
f 113/113/113 117/117/117 115/115/115
f 117/117/117 119/119/119 115/115/115
f 116/116/116 120/120/120 114/114/114
f 120/120/120 118/118/118 114/114/114
f 118/118/118 119/119/119 117/117/117
f 118/118/118 120/120/120 119/119/119
f 121/121/121 85/85/85 122/122/122
f 85/85/85 121/121/121 95/95/95
f 122/122/122 88/88/88 123/123/123
f 88/88/88 122/122/122 85/85/85
f 123/123/123 88/88/88 124/124/124
f 124/124/124 90/90/90 125/125/125
f 90/90/90 124/124/124 88/88/88
f 95/95/95 126/126/126 93/93/93
f 127/127/127 93/93/93 126/126/126
f 121/121/121 126/126/126 95/95/95
f 128/128/128 130/130/130 129/129/129
f 130/130/130 128/128/128 131/131/131
f 121/121/121 132/132/132 126/126/126
f 132/132/132 121/121/121 133/133/133
f 126/126/126 134/134/134 127/127/127
f 134/134/134 126/126/126 132/132/132
f 133/133/133 135/135/135 132/132/132
f 134/134/134 132/132/132 135/135/135
f 131/131/131 136/136/136 130/130/130
f 136/136/136 131/131/131 137/137/137
f 133/133/133 138/138/138 135/135/135
f 138/138/138 133/133/133 139/139/139
f 135/135/135 140/140/140 134/134/134
f 140/140/140 135/135/135 138/138/138
f 137/137/137 141/141/141 136/136/136
f 139/139/139 142/142/142 138/138/138
f 138/138/138 142/142/142 140/140/140
f 93/93/93 143/143/143 90/90/90
f 127/127/127 143/143/143 93/93/93
f 125/125/125 90/90/90 143/143/143
f 144/144/144 145/145/145 128/128/128
f 145/145/145 144/144/144 146/146/146
f 127/127/127 147/147/147 143/143/143
f 147/147/147 127/127/127 148/148/148
f 143/143/143 149/149/149 125/125/125
f 149/149/149 143/143/143 147/147/147
f 148/148/148 150/150/150 147/147/147
f 149/149/149 147/147/147 150/150/150
f 146/146/146 151/151/151 145/145/145
f 151/151/151 146/146/146 152/152/152
f 148/148/148 153/153/153 150/150/150
f 153/153/153 148/148/148 154/154/154
f 150/150/150 155/155/155 149/149/149
f 155/155/155 150/150/150 153/153/153
f 152/152/152 156/156/156 151/151/151
f 154/154/154 157/157/157 153/153/153
f 153/153/153 157/157/157 155/155/155
f 124/124/124 158/158/158 88/88/88
f 123/123/123 88/88/88 158/158/158
f 159/159/159 161/161/161 160/160/160
f 161/161/161 159/159/159 162/162/162
f 124/124/124 163/163/163 158/158/158
f 163/163/163 124/124/124 164/164/164
f 158/158/158 165/165/165 123/123/123
f 165/165/165 158/158/158 163/163/163
f 162/162/162 166/166/166 161/161/161
f 164/164/164 167/167/167 163/163/163
f 163/163/163 167/167/167 165/165/165
f 160/160/160 144/144/144 128/128/128
f 128/128/128 129/129/129 168/168/168
f 160/160/160 128/128/128 168/168/168
f 159/159/159 160/160/160 168/168/168
f 169/169/169 110/110/110 109/109/109
f 55/55/55 30/30/30 27/27/27
f 44/44/44 29/29/29 30/30/30
f 107/107/107 170/170/170 109/109/109
f 116/116/116 110/110/110 169/169/169
f 171/171/171 115/115/115 119/119/119
f 119/119/119 120/120/120 172/172/172
f 119/119/119 172/172/172 171/171/171
f 173/173/173 175/175/175 174/174/174
f 173/173/173 174/174/174 176/176/176
f 176/176/176 174/174/174 177/177/177
f 176/176/176 177/177/177 178/178/178
f 179/179/179 180/180/180 175/175/175
f 179/179/179 175/175/175 173/173/173
f 181/181/181 183/183/183 182/182/182
f 181/181/181 182/182/182 184/184/184
f 184/184/184 182/182/182 185/185/185
f 184/184/184 185/185/185 186/186/186
f 187/187/187 188/188/188 183/183/183
f 187/187/187 183/183/183 181/181/181
f 189/189/189 191/191/191 190/190/190
f 189/189/189 190/190/190 192/192/192
f 192/192/192 190/190/190 193/193/193
f 192/192/192 193/193/193 194/194/194
f 195/195/195 196/196/196 191/191/191
f 195/195/195 191/191/191 189/189/189
f 197/197/197 199/199/199 198/198/198
f 197/197/197 198/198/198 200/200/200
f 200/200/200 198/198/198 201/201/201
f 200/200/200 201/201/201 202/202/202
f 203/203/203 204/204/204 199/199/199
f 203/203/203 199/199/199 197/197/197
f 205/205/205 207/207/207 206/206/206
f 205/205/205 206/206/206 208/208/208
f 208/208/208 206/206/206 209/209/209
f 208/208/208 209/209/209 210/210/210
f 211/211/211 212/212/212 207/207/207
f 211/211/211 207/207/207 205/205/205
f 213/213/213 215/215/215 214/214/214
f 213/213/213 214/214/214 216/216/216
f 216/216/216 214/214/214 217/217/217
f 216/216/216 217/217/217 218/218/218
f 219/219/219 220/220/220 215/215/215
f 219/219/219 215/215/215 213/213/213
f 221/221/221 223/223/223 222/222/222
f 221/221/221 222/222/222 224/224/224
f 224/224/224 222/222/222 225/225/225
f 224/224/224 225/225/225 226/226/226
f 227/227/227 228/228/228 223/223/223
f 227/227/227 223/223/223 221/221/221
f 229/229/229 231/231/231 230/230/230
f 229/229/229 230/230/230 232/232/232
f 232/232/232 230/230/230 233/233/233
f 232/232/232 233/233/233 234/234/234
f 235/235/235 236/236/236 231/231/231
f 235/235/235 231/231/231 229/229/229
f 237/237/237 239/239/239 238/238/238
f 237/237/237 238/238/238 240/240/240
f 240/240/240 238/238/238 241/241/241
f 240/240/240 241/241/241 242/242/242
f 243/243/243 244/244/244 239/239/239
f 243/243/243 239/239/239 237/237/237
f 245/245/245 247/247/247 246/246/246
f 245/245/245 246/246/246 248/248/248
f 248/248/248 246/246/246 249/249/249
f 248/248/248 249/249/249 250/250/250
f 251/251/251 252/252/252 247/247/247
f 251/251/251 247/247/247 245/245/245
f 253/253/253 255/255/255 254/254/254
f 256/256/256 254/254/254 257/257/257
f 258/258/258 259/259/259 255/255/255
f 260/260/260 262/262/262 261/261/261
f 260/260/260 263/263/263 262/262/262
f 263/263/263 5/5/5 262/262/262
f 263/263/263 6/6/6 5/5/5
f 7/7/7 261/261/261 8/8/8
f 7/7/7 260/260/260 261/261/261
f 264/264/264 266/266/266 265/265/265
f 264/264/264 267/267/267 266/266/266
f 267/267/267 13/13/13 266/266/266
f 267/267/267 14/14/14 13/13/13
f 15/15/15 265/265/265 16/16/16
f 15/15/15 264/264/264 265/265/265
f 268/268/268 270/270/270 269/269/269
f 269/269/269 271/271/271 268/268/268
f 270/270/270 273/273/273 272/272/272
f 272/272/272 269/269/269 270/270/270
f 274/274/274 276/276/276 275/275/275
f 275/275/275 277/277/277 274/274/274
f 27/27/27 279/279/279 278/278/278
f 278/278/278 280/280/280 27/27/27
f 281/281/281 268/268/268 282/282/282
f 268/268/268 281/281/281 33/33/33
f 283/283/283 285/285/285 284/284/284
f 283/283/283 284/284/284 286/286/286
f 286/286/286 287/287/287 283/283/283
f 288/288/288 40/40/40 41/41/41
f 41/41/41 289/289/289 288/288/288
f 287/287/287 286/286/286 290/290/290
f 290/290/290 291/291/291 287/287/287
f 286/286/286 293/293/293 292/292/292
f 292/292/292 290/290/290 286/286/286
f 281/281/281 282/282/282 276/276/276
f 276/276/276 294/294/294 281/281/281
f 295/295/295 297/297/297 296/296/296
f 51/51/51 299/299/299 298/298/298
f 298/298/298 54/54/54 51/51/51
f 291/291/291 290/290/290 280/280/280
f 290/290/290 292/292/292 55/55/55
f 55/55/55 280/280/280 290/290/290
f 276/276/276 274/274/274 294/294/294
f 276/276/276 282/282/282 275/275/275
f 300/300/300 301/301/301 296/296/296
f 272/272/272 302/302/302 288/288/288
f 273/273/273 40/40/40 303/303/303
f 40/40/40 288/288/288 302/302/302
f 302/302/302 303/303/303 40/40/40
f 272/272/272 273/273/273 304/304/304
f 304/304/304 305/305/305 272/272/272
f 273/273/273 303/303/303 306/306/306
f 306/306/306 304/304/304 273/273/273
f 303/303/303 302/302/302 307/307/307
f 307/307/307 306/306/306 303/303/303
f 302/302/302 272/272/272 305/305/305
f 305/305/305 307/307/307 302/302/302
f 269/269/269 308/308/308 271/271/271
f 269/269/269 285/285/285 309/309/309
f 285/285/285 283/283/283 310/310/310
f 310/310/310 309/309/309 285/285/285
f 308/308/308 269/269/269 311/311/311
f 269/269/269 309/309/309 311/311/311
f 309/309/309 310/310/310 311/311/311
f 310/310/310 308/308/308 311/311/311
f 305/305/305 304/304/304 312/312/312
f 304/304/304 306/306/306 312/312/312
f 306/306/306 307/307/307 312/312/312
f 307/307/307 305/305/305 312/312/312
f 69/69/69 300/300/300 296/296/296
f 300/300/300 69/69/69 70/70/70
f 277/277/277 71/71/71 274/274/274
f 72/72/72 55/55/55 292/292/292
f 73/73/73 292/292/292 293/293/293
f 292/292/292 73/73/73 72/72/72
f 41/41/41 73/73/73 293/293/293
f 74/74/74 273/273/273 270/270/270
f 273/273/273 74/74/74 75/75/75
f 75/75/75 40/40/40 273/273/273
f 294/294/294 76/76/76 281/281/281
f 76/76/76 294/294/294 77/77/77
f 71/71/71 294/294/294 274/274/274
f 33/33/33 281/281/281 76/76/76
f 51/51/51 78/78/78 297/297/297
f 78/78/78 296/296/296 297/297/297
f 296/296/296 78/78/78 69/69/69
f 285/285/285 288/288/288 313/313/313
f 288/288/288 289/289/289 313/313/313
f 313/313/313 315/315/315 314/314/314
f 315/315/315 313/313/313 289/289/289
f 314/314/314 286/286/286 284/284/284
f 316/316/316 314/314/314 284/284/284
f 316/316/316 284/284/284 285/285/285
f 313/313/313 316/316/316 285/285/285
f 316/316/316 313/313/313 314/314/314
f 314/314/314 315/315/315 293/293/293
f 314/314/314 293/293/293 286/286/286
f 269/269/269 288/288/288 285/285/285
f 41/41/41 315/315/315 289/289/289
f 293/293/293 315/315/315 41/41/41
f 287/287/287 282/282/282 271/271/271
f 282/282/282 268/268/268 271/271/271
f 287/287/287 271/271/271 283/283/283
f 310/310/310 271/271/271 308/308/308
f 271/271/271 310/310/310 283/283/283
f 278/278/278 279/279/279 291/291/291
f 298/298/298 83/83/83 54/54/54
f 295/295/295 51/51/51 297/297/297
f 51/51/51 295/295/295 299/299/299
f 71/71/71 77/77/77 294/294/294
f 84/84/84 71/71/71 277/277/277
f 272/272/272 288/288/288 269/269/269
f 317/317/317 319/319/319 318/318/318
f 317/317/317 320/320/320 319/319/319
f 320/320/320 321/321/321 319/319/319
f 320/320/320 322/322/322 321/321/321
f 322/322/322 323/323/323 321/321/321
f 322/322/322 324/324/324 323/323/323
f 322/322/322 325/325/325 324/324/324
f 325/325/325 326/326/326 324/324/324
f 325/325/325 327/327/327 326/326/326
f 327/327/327 318/318/318 326/326/326
f 327/327/327 317/317/317 318/318/318
f 318/318/318 329/329/329 328/328/328
f 318/318/318 319/319/319 329/329/329
f 319/319/319 330/330/330 329/329/329
f 319/319/319 321/321/321 330/330/330
f 321/321/321 331/331/331 330/330/330
f 321/321/321 323/323/323 331/331/331
f 323/323/323 332/332/332 331/331/331
f 323/323/323 324/324/324 332/332/332
f 324/324/324 333/333/333 332/332/332
f 324/324/324 326/326/326 333/333/333
f 326/326/326 328/328/328 333/333/333
f 326/326/326 318/318/318 328/328/328
f 328/328/328 335/335/335 334/334/334
f 328/328/328 329/329/329 335/335/335
f 329/329/329 336/336/336 335/335/335
f 329/329/329 330/330/330 336/336/336
f 330/330/330 337/337/337 336/336/336
f 330/330/330 331/331/331 337/337/337
f 331/331/331 332/332/332 337/337/337
f 332/332/332 333/333/333 338/338/338
f 333/333/333 334/334/334 338/338/338
f 333/333/333 328/328/328 334/334/334
f 334/334/334 340/340/340 339/339/339
f 334/334/334 335/335/335 340/340/340
f 335/335/335 109/109/109 340/340/340
f 335/335/335 336/336/336 109/109/109
f 336/336/336 341/341/341 109/109/109
f 336/336/336 337/337/337 341/341/341
f 337/337/337 342/342/342 341/341/341
f 337/337/337 332/332/332 342/342/342
f 332/332/332 343/343/343 342/342/342
f 332/332/332 338/338/338 343/343/343
f 338/338/338 339/339/339 343/343/343
f 338/338/338 334/334/334 339/339/339
f 339/339/339 345/345/345 344/344/344
f 339/339/339 340/340/340 345/345/345
f 340/340/340 346/346/346 345/345/345
f 341/341/341 342/342/342 347/347/347
f 342/342/342 344/344/344 347/347/347
f 342/342/342 343/343/343 344/344/344
f 343/343/343 339/339/339 344/344/344
f 344/344/344 349/349/349 348/348/348
f 344/344/344 345/345/345 349/349/349
f 345/345/345 346/346/346 349/349/349
f 349/349/349 346/346/346 350/350/350
f 347/347/347 344/344/344 351/351/351
f 351/351/351 344/344/344 348/348/348
f 348/348/348 349/349/349 350/350/350
f 348/348/348 350/350/350 351/351/351
f 352/352/352 353/353/353 317/317/317
f 317/317/317 327/327/327 352/352/352
f 353/353/353 354/354/354 320/320/320
f 320/320/320 317/317/317 353/353/353
f 354/354/354 355/355/355 320/320/320
f 355/355/355 356/356/356 322/322/322
f 322/322/322 320/320/320 355/355/355
f 327/327/327 325/325/325 357/357/357
f 358/358/358 357/357/357 325/325/325
f 352/352/352 327/327/327 357/357/357
f 359/359/359 361/361/361 360/360/360
f 360/360/360 362/362/362 359/359/359
f 352/352/352 357/357/357 363/363/363
f 363/363/363 364/364/364 352/352/352
f 357/357/357 358/358/358 365/365/365
f 365/365/365 363/363/363 357/357/357
f 364/364/364 363/363/363 366/366/366
f 365/365/365 366/366/366 363/363/363
f 362/362/362 360/360/360 367/367/367
f 367/367/367 368/368/368 362/362/362
f 364/364/364 366/366/366 369/369/369
f 369/369/369 370/370/370 364/364/364
f 366/366/366 365/365/365 371/371/371
f 371/371/371 369/369/369 366/366/366
f 368/368/368 367/367/367 372/372/372
f 370/370/370 369/369/369 373/373/373
f 369/369/369 371/371/371 373/373/373
f 325/325/325 322/322/322 374/374/374
f 358/358/358 325/325/325 374/374/374
f 356/356/356 374/374/374 322/322/322
f 375/375/375 359/359/359 376/376/376
f 376/376/376 377/377/377 375/375/375
f 358/358/358 374/374/374 378/378/378
f 378/378/378 379/379/379 358/358/358
f 374/374/374 356/356/356 380/380/380
f 380/380/380 378/378/378 374/374/374
f 379/379/379 378/378/378 381/381/381
f 380/380/380 381/381/381 378/378/378
f 377/377/377 376/376/376 382/382/382
f 382/382/382 383/383/383 377/377/377
f 379/379/379 381/381/381 384/384/384
f 384/384/384 385/385/385 379/379/379
f 381/381/381 380/380/380 386/386/386
f 386/386/386 384/384/384 381/381/381
f 383/383/383 382/382/382 387/387/387
f 385/385/385 384/384/384 388/388/388
f 384/384/384 386/386/386 388/388/388
f 355/355/355 320/320/320 389/389/389
f 354/354/354 389/389/389 320/320/320
f 390/390/390 392/392/392 391/391/391
f 391/391/391 393/393/393 390/390/390
f 355/355/355 389/389/389 394/394/394
f 394/394/394 395/395/395 355/355/355
f 389/389/389 354/354/354 396/396/396
f 396/396/396 394/394/394 389/389/389
f 393/393/393 391/391/391 397/397/397
f 395/395/395 394/394/394 398/398/398
f 394/394/394 396/396/396 398/398/398
f 392/392/392 359/359/359 375/375/375
f 359/359/359 399/399/399 361/361/361
f 392/392/392 399/399/399 359/359/359
f 390/390/390 399/399/399 392/392/392
f 169/169/169 109/109/109 341/341/341
f 55/55/55 27/27/27 280/280/280
f 291/291/291 280/280/280 278/278/278
f 340/340/340 109/109/109 170/170/170
f 347/347/347 169/169/169 341/341/341
f 171/171/171 350/350/350 346/346/346
f 350/350/350 172/172/172 351/351/351
f 350/350/350 171/171/171 172/172/172
f 400/400/400 402/402/402 401/401/401
f 400/400/400 403/403/403 402/402/402
f 403/403/403 177/177/177 402/402/402
f 403/403/403 178/178/178 177/177/177
f 179/179/179 401/401/401 180/180/180
f 179/179/179 400/400/400 401/401/401
f 404/404/404 406/406/406 405/405/405
f 404/404/404 407/407/407 406/406/406
f 407/407/407 185/185/185 406/406/406
f 407/407/407 186/186/186 185/185/185
f 187/187/187 405/405/405 188/188/188
f 187/187/187 404/404/404 405/405/405
f 408/408/408 410/410/410 409/409/409
f 408/408/408 411/411/411 410/410/410
f 411/411/411 193/193/193 410/410/410
f 411/411/411 194/194/194 193/193/193
f 195/195/195 409/409/409 196/196/196
f 195/195/195 408/408/408 409/409/409
f 412/412/412 414/414/414 413/413/413
f 412/412/412 415/415/415 414/414/414
f 415/415/415 201/201/201 414/414/414
f 415/415/415 202/202/202 201/201/201
f 203/203/203 413/413/413 204/204/204
f 203/203/203 412/412/412 413/413/413
f 416/416/416 418/418/418 417/417/417
f 416/416/416 419/419/419 418/418/418
f 419/419/419 209/209/209 418/418/418
f 419/419/419 210/210/210 209/209/209
f 211/211/211 417/417/417 212/212/212
f 211/211/211 416/416/416 417/417/417
f 420/420/420 422/422/422 421/421/421
f 420/420/420 423/423/423 422/422/422
f 423/423/423 217/217/217 422/422/422
f 423/423/423 218/218/218 217/217/217
f 219/219/219 421/421/421 220/220/220
f 219/219/219 420/420/420 421/421/421
f 424/424/424 426/426/426 425/425/425
f 424/424/424 427/427/427 426/426/426
f 427/427/427 225/225/225 426/426/426
f 427/427/427 226/226/226 225/225/225
f 227/227/227 425/425/425 228/228/228
f 227/227/227 424/424/424 425/425/425
f 428/428/428 430/430/430 429/429/429
f 428/428/428 431/431/431 430/430/430
f 431/431/431 233/233/233 430/430/430
f 431/431/431 234/234/234 233/233/233
f 235/235/235 429/429/429 236/236/236
f 235/235/235 428/428/428 429/429/429
f 432/432/432 434/434/434 433/433/433
f 432/432/432 435/435/435 434/434/434
f 435/435/435 241/241/241 434/434/434
f 435/435/435 242/242/242 241/241/241
f 243/243/243 433/433/433 244/244/244
f 243/243/243 432/432/432 433/433/433
f 436/436/436 438/438/438 437/437/437
f 436/436/436 439/439/439 438/438/438
f 439/439/439 249/249/249 438/438/438
f 439/439/439 250/250/250 249/249/249
f 251/251/251 437/437/437 252/252/252
f 251/251/251 436/436/436 437/437/437
f 253/253/253 441/441/441 440/440/440
f 256/256/256 257/257/257 441/441/441
f 258/258/258 440/440/440 259/259/259
f 442/442/442 444/444/444 443/443/443
f 442/442/442 443/443/443 445/445/445
f 445/445/445 443/443/443 446/446/446
f 445/445/445 446/446/446 447/447/447
f 447/447/447 446/446/446 448/448/448
f 447/447/447 448/448/448 449/449/449
f 447/447/447 449/449/449 450/450/450
f 450/450/450 449/449/449 451/451/451
f 450/450/450 451/451/451 452/452/452
f 452/452/452 451/451/451 444/444/444
f 452/452/452 444/444/444 442/442/442
f 444/444/444 454/454/454 453/453/453
f 444/444/444 453/453/453 443/443/443
f 443/443/443 453/453/453 455/455/455
f 443/443/443 455/455/455 446/446/446
f 446/446/446 455/455/455 456/456/456
f 446/446/446 456/456/456 448/448/448
f 448/448/448 456/456/456 457/457/457
f 448/448/448 457/457/457 449/449/449
f 449/449/449 457/457/457 458/458/458
f 449/449/449 458/458/458 451/451/451
f 451/451/451 458/458/458 454/454/454
f 451/451/451 454/454/454 444/444/444
f 454/454/454 460/460/460 459/459/459
f 454/454/454 459/459/459 453/453/453
f 453/453/453 459/459/459 461/461/461
f 453/453/453 461/461/461 455/455/455
f 455/455/455 461/461/461 462/462/462
f 455/455/455 462/462/462 456/456/456
f 456/456/456 462/462/462 457/457/457
f 457/457/457 463/463/463 458/458/458
f 458/458/458 463/463/463 460/460/460
f 458/458/458 460/460/460 454/454/454
f 460/460/460 465/465/465 464/464/464
f 460/460/460 464/464/464 459/459/459
f 459/459/459 464/464/464 466/466/466
f 459/459/459 466/466/466 461/461/461
f 461/461/461 466/466/466 467/467/467
f 461/461/461 467/467/467 462/462/462
f 462/462/462 467/467/467 468/468/468
f 462/462/462 468/468/468 457/457/457
f 457/457/457 468/468/468 469/469/469
f 457/457/457 469/469/469 463/463/463
f 463/463/463 469/469/469 465/465/465
f 463/463/463 465/465/465 460/460/460
f 465/465/465 471/471/471 470/470/470
f 465/465/465 470/470/470 464/464/464
f 464/464/464 470/470/470 472/472/472
f 467/467/467 473/473/473 468/468/468
f 468/468/468 473/473/473 471/471/471
f 468/468/468 471/471/471 469/469/469
f 469/469/469 471/471/471 465/465/465
f 471/471/471 475/475/475 474/474/474
f 471/471/471 474/474/474 470/470/470
f 470/470/470 474/474/474 472/472/472
f 474/474/474 476/476/476 472/472/472
f 473/473/473 477/477/477 471/471/471
f 477/477/477 475/475/475 471/471/471
f 475/475/475 476/476/476 474/474/474
f 475/475/475 477/477/477 476/476/476
f 478/478/478 442/442/442 479/479/479
f 442/442/442 478/478/478 452/452/452
f 479/479/479 445/445/445 480/480/480
f 445/445/445 479/479/479 442/442/442
f 480/480/480 445/445/445 481/481/481
f 481/481/481 447/447/447 482/482/482
f 447/447/447 481/481/481 445/445/445
f 452/452/452 483/483/483 450/450/450
f 484/484/484 450/450/450 483/483/483
f 478/478/478 483/483/483 452/452/452
f 485/485/485 487/487/487 486/486/486
f 487/487/487 485/485/485 488/488/488
f 478/478/478 489/489/489 483/483/483
f 489/489/489 478/478/478 490/490/490
f 483/483/483 491/491/491 484/484/484
f 491/491/491 483/483/483 489/489/489
f 490/490/490 492/492/492 489/489/489
f 491/491/491 489/489/489 492/492/492
f 488/488/488 493/493/493 487/487/487
f 493/493/493 488/488/488 494/494/494
f 490/490/490 495/495/495 492/492/492
f 495/495/495 490/490/490 496/496/496
f 492/492/492 497/497/497 491/491/491
f 497/497/497 492/492/492 495/495/495
f 494/494/494 498/498/498 493/493/493
f 496/496/496 499/499/499 495/495/495
f 495/495/495 499/499/499 497/497/497
f 450/450/450 500/500/500 447/447/447
f 484/484/484 500/500/500 450/450/450
f 482/482/482 447/447/447 500/500/500
f 501/501/501 502/502/502 485/485/485
f 502/502/502 501/501/501 503/503/503
f 484/484/484 504/504/504 500/500/500
f 504/504/504 484/484/484 505/505/505
f 500/500/500 506/506/506 482/482/482
f 506/506/506 500/500/500 504/504/504
f 505/505/505 507/507/507 504/504/504
f 506/506/506 504/504/504 507/507/507
f 503/503/503 508/508/508 502/502/502
f 508/508/508 503/503/503 509/509/509
f 505/505/505 510/510/510 507/507/507
f 510/510/510 505/505/505 511/511/511
f 507/507/507 512/512/512 506/506/506
f 512/512/512 507/507/507 510/510/510
f 509/509/509 513/513/513 508/508/508
f 511/511/511 514/514/514 510/510/510
f 510/510/510 514/514/514 512/512/512
f 481/481/481 515/515/515 445/445/445
f 480/480/480 445/445/445 515/515/515
f 516/516/516 518/518/518 517/517/517
f 518/518/518 516/516/516 519/519/519
f 481/481/481 520/520/520 515/515/515
f 520/520/520 481/481/481 521/521/521
f 515/515/515 522/522/522 480/480/480
f 522/522/522 515/515/515 520/520/520
f 519/519/519 523/523/523 518/518/518
f 521/521/521 524/524/524 520/520/520
f 520/520/520 524/524/524 522/522/522
f 517/517/517 501/501/501 485/485/485
f 485/485/485 486/486/486 525/525/525
f 517/517/517 485/485/485 525/525/525
f 516/516/516 517/517/517 525/525/525
f 526/526/526 467/467/467 466/466/466
f 464/464/464 527/527/527 466/466/466
f 473/473/473 467/467/467 526/526/526
f 528/528/528 472/472/472 476/476/476
f 476/476/476 477/477/477 529/529/529
f 476/476/476 529/529/529 528/528/528
f 530/530/530 532/532/532 531/531/531
f 530/530/530 533/533/533 532/532/532
f 533/533/533 534/534/534 532/532/532
f 533/533/533 535/535/535 534/534/534
f 535/535/535 536/536/536 534/534/534
f 535/535/535 537/537/537 536/536/536
f 535/535/535 538/538/538 537/537/537
f 538/538/538 539/539/539 537/537/537
f 538/538/538 540/540/540 539/539/539
f 540/540/540 531/531/531 539/539/539
f 540/540/540 530/530/530 531/531/531
f 531/531/531 542/542/542 541/541/541
f 531/531/531 532/532/532 542/542/542
f 532/532/532 543/543/543 542/542/542
f 532/532/532 534/534/534 543/543/543
f 534/534/534 544/544/544 543/543/543
f 534/534/534 536/536/536 544/544/544
f 536/536/536 545/545/545 544/544/544
f 536/536/536 537/537/537 545/545/545
f 537/537/537 546/546/546 545/545/545
f 537/537/537 539/539/539 546/546/546
f 539/539/539 541/541/541 546/546/546
f 539/539/539 531/531/531 541/541/541
f 541/541/541 548/548/548 547/547/547
f 541/541/541 542/542/542 548/548/548
f 542/542/542 549/549/549 548/548/548
f 542/542/542 543/543/543 549/549/549
f 543/543/543 550/550/550 549/549/549
f 543/543/543 544/544/544 550/550/550
f 544/544/544 545/545/545 550/550/550
f 545/545/545 546/546/546 551/551/551
f 546/546/546 547/547/547 551/551/551
f 546/546/546 541/541/541 547/547/547
f 547/547/547 553/553/553 552/552/552
f 547/547/547 548/548/548 553/553/553
f 548/548/548 466/466/466 553/553/553
f 548/548/548 549/549/549 466/466/466
f 549/549/549 554/554/554 466/466/466
f 549/549/549 550/550/550 554/554/554
f 550/550/550 555/555/555 554/554/554
f 550/550/550 545/545/545 555/555/555
f 545/545/545 556/556/556 555/555/555
f 545/545/545 551/551/551 556/556/556
f 551/551/551 552/552/552 556/556/556
f 551/551/551 547/547/547 552/552/552
f 552/552/552 558/558/558 557/557/557
f 552/552/552 553/553/553 558/558/558
f 553/553/553 559/559/559 558/558/558
f 554/554/554 555/555/555 560/560/560
f 555/555/555 557/557/557 560/560/560
f 555/555/555 556/556/556 557/557/557
f 556/556/556 552/552/552 557/557/557
f 557/557/557 562/562/562 561/561/561
f 557/557/557 558/558/558 562/562/562
f 558/558/558 559/559/559 562/562/562
f 562/562/562 559/559/559 563/563/563
f 560/560/560 557/557/557 564/564/564
f 564/564/564 557/557/557 561/561/561
f 561/561/561 562/562/562 563/563/563
f 561/561/561 563/563/563 564/564/564
f 565/565/565 566/566/566 530/530/530
f 530/530/530 540/540/540 565/565/565
f 566/566/566 567/567/567 533/533/533
f 533/533/533 530/530/530 566/566/566
f 567/567/567 568/568/568 533/533/533
f 568/568/568 569/569/569 535/535/535
f 535/535/535 533/533/533 568/568/568
f 540/540/540 538/538/538 570/570/570
f 571/571/571 570/570/570 538/538/538
f 565/565/565 540/540/540 570/570/570
f 572/572/572 574/574/574 573/573/573
f 573/573/573 575/575/575 572/572/572
f 565/565/565 570/570/570 576/576/576
f 576/576/576 577/577/577 565/565/565
f 570/570/570 571/571/571 578/578/578
f 578/578/578 576/576/576 570/570/570
f 577/577/577 576/576/576 579/579/579
f 578/578/578 579/579/579 576/576/576
f 575/575/575 573/573/573 580/580/580
f 580/580/580 581/581/581 575/575/575
f 577/577/577 579/579/579 582/582/582
f 582/582/582 583/583/583 577/577/577
f 579/579/579 578/578/578 584/584/584
f 584/584/584 582/582/582 579/579/579
f 581/581/581 580/580/580 585/585/585
f 583/583/583 582/582/582 586/586/586
f 582/582/582 584/584/584 586/586/586
f 538/538/538 535/535/535 587/587/587
f 571/571/571 538/538/538 587/587/587
f 569/569/569 587/587/587 535/535/535
f 588/588/588 572/572/572 589/589/589
f 589/589/589 590/590/590 588/588/588
f 571/571/571 587/587/587 591/591/591
f 591/591/591 592/592/592 571/571/571
f 587/587/587 569/569/569 593/593/593
f 593/593/593 591/591/591 587/587/587
f 592/592/592 591/591/591 594/594/594
f 593/593/593 594/594/594 591/591/591
f 590/590/590 589/589/589 595/595/595
f 595/595/595 596/596/596 590/590/590
f 592/592/592 594/594/594 597/597/597
f 597/597/597 598/598/598 592/592/592
f 594/594/594 593/593/593 599/599/599
f 599/599/599 597/597/597 594/594/594
f 596/596/596 595/595/595 600/600/600
f 598/598/598 597/597/597 601/601/601
f 597/597/597 599/599/599 601/601/601
f 568/568/568 533/533/533 602/602/602
f 567/567/567 602/602/602 533/533/533
f 603/603/603 605/605/605 604/604/604
f 604/604/604 606/606/606 603/603/603
f 568/568/568 602/602/602 607/607/607
f 607/607/607 608/608/608 568/568/568
f 602/602/602 567/567/567 609/609/609
f 609/609/609 607/607/607 602/602/602
f 606/606/606 604/604/604 610/610/610
f 608/608/608 607/607/607 611/611/611
f 607/607/607 609/609/609 611/611/611
f 605/605/605 572/572/572 588/588/588
f 572/572/572 612/612/612 574/574/574
f 605/605/605 612/612/612 572/572/572
f 603/603/603 612/612/612 605/605/605
f 526/526/526 466/466/466 554/554/554
f 553/553/553 466/466/466 527/527/527
f 560/560/560 526/526/526 554/554/554
f 528/528/528 563/563/563 559/559/559
f 563/563/563 529/529/529 564/564/564
f 563/563/563 528/528/528 529/529/529
f 613/613/613 615/615/615 614/614/614
f 616/616/616 618/618/618 617/617/617
f 613/613/613 619/619/619 615/615/615
f 615/615/615 621/621/621 620/620/620
f 615/615/615 620/620/620 614/614/614
f 618/618/618 623/623/623 622/622/622
f 618/618/618 622/622/622 617/617/617
f 619/619/619 624/624/624 621/621/621
f 619/619/619 621/621/621 615/615/615
f 625/625/625 620/620/620 621/621/621
f 625/625/625 624/624/624 620/620/620
f 625/625/625 621/621/621 624/624/624
f 626/626/626 628/628/628 627/627/627
f 629/629/629 631/631/631 630/630/630
f 626/626/626 632/632/632 628/628/628
f 633/633/633 627/627/627 628/628/628
f 633/633/633 632/632/632 627/627/627
f 633/633/633 628/628/628 632/632/632
f 634/634/634 636/636/636 635/635/635
f 637/637/637 639/639/639 638/638/638
f 634/634/634 640/640/640 636/636/636
f 641/641/641 635/635/635 636/636/636
f 641/641/641 640/640/640 635/635/635
f 641/641/641 636/636/636 640/640/640
f 642/642/642 644/644/644 643/643/643
f 645/645/645 647/647/647 646/646/646
f 642/642/642 648/648/648 644/644/644
f 649/649/649 643/643/643 644/644/644
f 649/649/649 648/648/648 643/643/643
f 649/649/649 644/644/644 648/648/648
f 650/650/650 652/652/652 651/651/651
f 653/653/653 655/655/655 654/654/654
f 650/650/650 651/651/651 656/656/656
f 651/651/651 658/658/658 657/657/657
f 651/651/651 652/652/652 658/658/658
f 654/654/654 660/660/660 659/659/659
f 654/654/654 655/655/655 660/660/660
f 656/656/656 657/657/657 661/661/661
f 656/656/656 651/651/651 657/657/657
f 662/662/662 657/657/657 658/658/658
f 662/662/662 658/658/658 661/661/661
f 662/662/662 661/661/661 657/657/657
f 663/663/663 665/665/665 664/664/664
f 666/666/666 668/668/668 667/667/667
f 663/663/663 664/664/664 669/669/669
f 670/670/670 664/664/664 665/665/665
f 670/670/670 665/665/665 669/669/669
f 670/670/670 669/669/669 664/664/664
f 671/671/671 673/673/673 672/672/672
f 674/674/674 676/676/676 675/675/675
f 671/671/671 672/672/672 677/677/677
f 678/678/678 672/672/672 673/673/673
f 678/678/678 673/673/673 677/677/677
f 678/678/678 677/677/677 672/672/672
f 679/679/679 681/681/681 680/680/680
f 682/682/682 684/684/684 683/683/683
f 679/679/679 680/680/680 685/685/685
f 686/686/686 680/680/680 681/681/681
f 686/686/686 681/681/681 685/685/685
f 686/686/686 685/685/685 680/680/680
f 687/687/687 689/689/689 688/688/688
f 690/690/690 692/692/692 691/691/691
f 687/687/687 688/688/688 693/693/693
f 688/688/688 695/695/695 694/694/694
f 688/688/688 689/689/689 695/695/695
f 691/691/691 697/697/697 696/696/696
f 691/691/691 692/692/692 697/697/697
f 693/693/693 694/694/694 698/698/698
f 693/693/693 688/688/688 694/694/694
f 699/699/699 694/694/694 695/695/695
f 699/699/699 695/695/695 698/698/698
f 699/699/699 698/698/698 694/694/694
f 700/700/700 702/702/702 701/701/701
f 703/703/703 705/705/705 704/704/704
f 700/700/700 701/701/701 706/706/706
f 707/707/707 701/701/701 702/702/702
f 707/707/707 702/702/702 706/706/706
f 707/707/707 706/706/706 701/701/701
f 708/708/708 710/710/710 709/709/709
f 711/711/711 713/713/713 712/712/712
f 708/708/708 709/709/709 714/714/714
f 715/715/715 709/709/709 710/710/710
f 715/715/715 710/710/710 714/714/714
f 715/715/715 714/714/714 709/709/709
f 716/716/716 718/718/718 717/717/717
f 719/719/719 721/721/721 720/720/720
f 716/716/716 717/717/717 722/722/722
f 723/723/723 717/717/717 718/718/718
f 723/723/723 718/718/718 722/722/722
f 723/723/723 722/722/722 717/717/717
f 724/724/724 726/726/726 725/725/725
f 727/727/727 729/729/729 728/728/728
f 724/724/724 730/730/730 726/726/726
f 726/726/726 732/732/732 731/731/731
f 726/726/726 731/731/731 725/725/725
f 729/729/729 734/734/734 733/733/733
f 729/729/729 733/733/733 728/728/728
f 730/730/730 735/735/735 732/732/732
f 730/730/730 732/732/732 726/726/726
f 736/736/736 731/731/731 732/732/732
f 736/736/736 735/735/735 731/731/731
f 736/736/736 732/732/732 735/735/735
f 737/737/737 739/739/739 738/738/738
f 740/740/740 742/742/742 741/741/741
f 737/737/737 743/743/743 739/739/739
f 744/744/744 738/738/738 739/739/739
f 744/744/744 743/743/743 738/738/738
f 744/744/744 739/739/739 743/743/743
f 745/745/745 747/747/747 746/746/746
f 748/748/748 750/750/750 749/749/749
f 745/745/745 751/751/751 747/747/747
f 752/752/752 746/746/746 747/747/747
f 752/752/752 751/751/751 746/746/746
f 752/752/752 747/747/747 751/751/751
f 753/753/753 755/755/755 754/754/754
f 756/756/756 758/758/758 757/757/757
f 753/753/753 759/759/759 755/755/755
f 760/760/760 754/754/754 755/755/755
f 760/760/760 759/759/759 754/754/754
f 760/760/760 755/755/755 759/759/759

g drt01
# texture: drt01.jpg
v 0.879804 323.5201 46.51858
v 0.879865 290.704 91.6106
v 13.15486 284.2424 84.45681
v 0.879857 263.9322 77.12154
v 16.93811 278.2496 123.334
v 0.879877 291.1708 106.2297
v 0.879891 299.3679 115.1619
v 0.879891 249.2155 100.2748
v 14.51364 216.2749 211.6357
v 0.880071 207.8397 238.0954
v 7.767828 179.64 268.4913
v 0.880117 188.7542 267.142
v 0.880025 195.3282 202.7721
v 0.880102 174.6245 257.7161
v 0.880117 184.1574 275.0442
v 0.880132 168.5785 277.8853
v 0.880208 159.8647 319.0999
v 0.879865 340.0613 110.6508
v 0.879911 293.374 136.1205
v 16.03145 257.0432 152.4999
v 0.879932 283.0179 147.7003
v 0.879923 310.7679 154.2481
v 0.879918 282.0761 139.3305
v 0.879949 233.4132 144.6988
v 0.879957 265.0969 167.2123
v 0.879979 249.0281 176.6651
v 0.879995 243.7398 189.5529
v 0.879979 262.5816 185.9367
v 0.880025 230.8638 219.0503
v 0.098733 -305.5814 -94.09835
v 9.809133 -337.33 -41.71659
v 0.098825 -344.9335 -40.63947
v 10.51593 -307.6052 -34.08705
v 12.81183 -351.2963 9.950935
v 0.099023 -370.0381 8.529411
v 0.09893 -362.6824 -10.78164
v 22.77213 -313.9766 3.013945
v 10.8877 -319.6475 78.90736
v 6.354692 -295.6404 106.7942
v 0.099183 -316.7814 100.761
v 0.099275 -310.2498 116.6524
v 16.3181 -301.3848 74.28164
v 0.09929 -303.4914 132.8765
v 0.099458 -284.5527 169.5492
v 0.099115 -380.8521 50.42288
v 0.099019 -359.9733 30.11825
v 12.09231 -339.9064 45.00012
v 0.099199 -358.613 79.02421
v 0.099107 -357.3124 52.06445
v 0.099012 -353.6398 35.70697
v 12.92031 -307.4681 39.85132
v 0.099099 -343.6157 61.33331
v 0.099107 -335.3533 61.09247
v 0.099183 -334.8846 99.66763
v 0.099099 -332.8642 70.32101
v 0.099191 -323.9704 95.92386
v 0.098737 -272.7307 -54.97588
v 0.098926 -274.7852 -15.13497
v 9.809228 -279.9214 -20.844
v 12.81182 -276.5392 -3.257393
v 0.098928 -272.9469 -26.63645
v 0.098918 -259.4193 -11.015
v 10.88769 -282.6428 72.36917
v 0.099183 -277.8468 93.88183
v 0.099283 -278.5375 111.0494
v 0.099275 -279.3271 128.6071
v 0.099008 -234.9045 24.63645
v 0.099011 -261.4769 12.71562
v 12.09231 -275.2292 33.57278
v 0.099 -256.4565 34.2449
v 0.099088 -245.9963 59.1267
v 0.099007 -265.5119 20.13622
v 0.099099 -266.1478 47.64605
v 0.099099 -273.9925 50.25096
v 0.099092 -273.1685 59.77389
v 0.099191 -261.2142 86.65128
v 0.099191 -272.7506 86.87395
v 50.35118 244.6134 82.10923
v 58.98641 219.2326 95.29168
v 44.45829 231.4204 81.73129
v 50.35118 244.6134 82.10923
v 52.5162 241.6157 96.08247
v 58.98641 219.2326 95.29168
v 43.62171 226.3602 105.2356
v 43.62171 226.3602 105.2356
v 39.94724 191.9218 112.3243
v 69.31313 194.5753 104.8185
v 48.00505 202.1171 126.6756
v 69.31313 194.5753 104.8185
v 37.24045 202.7468 125.3913
v 37.24045 202.7468 125.3913
v 26.6737 149.938 151.9431
v 40.64061 146.7734 157.068
v 23.33105 128.8933 175.5563
v 34.05146 126.63 184.7829
v 40.64061 146.7734 157.068
v 31.39776 132.705 191.0021
v 34.05146 126.63 184.7829
v 35.5346 162.39 161.8998
v 19.71682 139.0663 179.4035
v 19.2108 164.8445 156.2624
v 19.2108 164.8445 156.2624
v 19.71682 139.0663 179.4035
v 23.34875 120.3485 182.7743
v 20.69546 124.3884 190.4391
v 20.69546 124.3884 190.4391
v 31.01778 109.2883 200.718
v 31.01778 109.2883 200.718
v 77.33913 182.8288 98.33181
v 77.33913 182.8288 98.33181
v 64.81187 174.3162 123.9299
v 64.81187 174.3162 123.9299
v 41.78379 182.298 144.2484
v 33.72588 172.1027 129.8972
v 63.74189 158.6593 134.1329
v 63.74189 158.6593 134.1329
v 24.23366 184.9168 139.1827
v 24.23366 184.9168 139.1827
v 48.98368 160.6791 142.5049
v 48.98368 160.6791 142.5049
v 48.67951 142.975 152.4974
v 48.67951 142.975 152.4974
v 0.461164 284.3768 -41.70905
v 0.610719 285.02 -9.952854
v 30.37351 273.2251 -16.07104
v 22.27077 273.793 -43.83074
v 15.23786 279.8278 -68.62407
v 0.242788 291.8025 -96.18492
v 25.5645 286.3915 36.75403
v 0.640363 262.7701 18.00043
v 35.6073 266.3486 17.59876
v 0.934102 299.5306 46.02748
v 45.47858 259.709 -30.16245
v 73.8605 246.8193 -12.07814
v 61.11596 254.4986 -44.39578
v 44.76857 254.9929 -58.59016
v 34.76274 270.6294 -94.62589
v 0.087125 288.7173 -126.9046
v 40.25057 273.0534 -116.8973
v -0.083773 275.3988 -151.0225
v 0.511686 252.6353 -0.04459
v 0.354302 261.8163 -43.01978
v 44.45711 257.7291 4.478279
v 44.76857 254.9929 -58.59016
v 34.76274 270.6294 -94.62589
v 0.063474 273.15 -116.9561
v 25.5645 286.3915 36.75403
v 0.934102 299.5306 46.02748
v 35.6073 266.3486 17.59876
v 44.45711 257.7291 4.478279
v 61.11596 254.4986 -44.39578
v 73.8605 246.8193 -12.07814
v -0.083773 275.3988 -151.0225
v 40.25057 273.0534 -116.8973
v -11.39514 284.2423 84.45675
v -15.1783 278.2496 123.334
v -12.75356 216.2749 211.6356
v -6.007685 179.64 268.4913
v -14.27155 257.0432 152.4998
v -9.611476 -337.3299 -41.71659
v -10.31818 -307.6052 -34.08715
v -12.61388 -351.2963 9.950939
v -22.57419 -313.9766 3.013947
v -10.68941 -319.6475 78.90726
v -6.156126 -295.6404 106.7942
v -16.11981 -301.3848 74.28165
v -11.89419 -339.9065 45.00013
v -12.7222 -307.4681 39.85133
v -9.611375 -279.9215 -20.844
v -12.61389 -276.5392 -3.257393
v -10.68941 -282.6427 72.36917
v -11.8942 -275.2293 33.57279
v -48.59143 244.6133 82.10938
v -42.69863 231.4203 81.73132
v -57.22671 219.2325 95.29174
v -48.59143 244.6133 82.10938
v -57.22671 219.2325 95.29174
v -50.75642 241.6156 96.08261
v -41.86201 226.3602 105.2357
v -41.86201 226.3602 105.2357
v -38.18737 191.9218 112.3243
v -67.55338 194.5753 104.8186
v -67.55338 194.5753 104.8186
v -46.24526 202.1171 126.6756
v -35.48067 202.7468 125.3913
v -35.48067 202.7468 125.3913
v -24.91381 149.938 151.943
v -21.57107 128.8934 175.5562
v -38.8807 146.7734 157.068
v -32.29147 126.63 184.7829
v -38.8807 146.7734 157.068
v -32.29147 126.63 184.7829
v -29.63777 132.705 191.0021
v -17.95687 139.0663 179.4035
v -33.7747 162.39 161.8998
v -17.45091 164.8445 156.2624
v -17.45091 164.8445 156.2624
v -17.95687 139.0663 179.4035
v -21.58877 120.3485 182.7742
v -18.93545 124.3882 190.4389
v -18.93545 124.3882 190.4389
v -29.25775 109.2883 200.718
v -29.25775 109.2883 200.718
v -75.57938 182.8288 98.33192
v -75.57938 182.8288 98.33192
v -63.05206 174.3162 123.9299
v -63.05206 174.3162 123.9299
v -40.02394 182.2979 144.2485
v -31.96614 172.1026 129.8972
v -61.98204 158.6592 134.1329
v -61.98204 158.6592 134.1329
v -22.47384 184.9168 139.1826
v -22.47384 184.9168 139.1826
v -47.22383 160.6791 142.5049
v -47.22383 160.6791 142.5049
v -46.91971 142.975 152.4973
v -46.91971 142.975 152.4973
v -29.31159 273.4919 -15.79544
v -21.46083 273.9884 -43.62883
v -14.60354 279.9612 -68.48636
v -23.8973 286.6125 36.98238
v -34.29541 266.6611 17.9216
v -44.66633 260.112 -29.74618
v -60.48045 255.0421 -43.83432
v -72.99412 247.4756 -11.39998
v -34.44906 270.9387 -94.30629
v -44.26114 255.3909 -58.17904
v -40.12054 273.4126 -116.5261
v -43.3428 258.1215 4.883694
v -44.26114 255.3909 -58.17904
v -34.44906 270.9387 -94.30629
v -23.8973 286.6125 36.98238
v -34.29541 266.6611 17.9216
v -43.3428 258.1215 4.883694
v -60.48045 255.0421 -43.83432
v -72.99412 247.4756 -11.39998
v -40.12054 273.4126 -116.5261
v 62.89619 132.6231 -84.32774
v 64.79498 112.9915 -61.02596
v 55.41389 107.1565 -74.33595
v 58.1394 117.4727 -93.77091
v 37.476 125.7071 -117.4735
v 51.1444 147.5202 -104.7034
v 65.56068 97.11655 -42.38419
v 58.11418 82.8418 -27.74656
v 58.22829 76.89745 -68.14351
v 50.83959 88.32587 -76.79185
v 48.6576 94.24548 -95.8849
v 49.2937 109.3195 -113.2188
v 48.9663 92.19744 -112.5326
v 27.1253 97.75165 -138.8972
v 39.1376 139.1679 -127.3051
v 21.5805 136.8252 -141.1819
v 26.4936 156.3257 -121.3718
v 44.701 159.9288 -120.8014
v 53.07738 99.50377 -48.41831
v 46.36389 128.2174 -83.52822
v 50.83959 88.32587 -76.79185
v 48.6576 94.24548 -95.8849
v 17.6077 124.1106 -137.3307
v 20.79679 145.6171 -110.4199
v 17.6077 124.1106 -137.3307
v 26.4936 156.3257 -121.3718
v 21.5805 136.8252 -141.1819
v 58.22829 76.89745 -68.14351
v 58.11418 82.8418 -27.74656
v 27.1253 97.75165 -138.8972
v 27.1253 97.75165 -138.8972
v 48.9663 92.19744 -112.5326
v 48.6576 94.24548 -95.8849
v 51.60259 124.1059 -59.7457
v 52.56429 142.2662 -72.42827
v 30.01249 158.8985 -88.90171
v 48.00058 122.382 -28.9897
v 37.33028 144.6198 -52.52198
v 42.02888 127.5084 -43.06277
v 37.96889 159.683 -69.86509
v 8.599277 180.1401 -67.97585
v 33.51019 160.9334 -53.36351
v 32.83489 167.1974 -103.1769
v 12.68209 176.3979 -107.1171
v 42.02888 127.5084 -43.06277
v 37.33028 144.6198 -52.52198
v 6.574085 173.179 -95.09184
v 6.574085 173.179 -95.09184
v 12.68209 176.3979 -107.1171
v 48.00058 122.382 -28.9897
v 8.599277 180.1401 -67.97585
v 8.599277 180.1401 -67.97585
v 37.33028 144.6198 -52.52198
v 33.51019 160.9334 -53.36351
v -62.7033 132.603 -84.35503
v -55.22088 107.1365 -74.36325
v -64.60198 112.9715 -61.05326
v -57.94649 117.4527 -93.79821
v -37.2831 125.6871 -117.5007
v -50.95152 147.5002 -104.7307
v -65.36757 97.09639 -42.41148
v -58.03525 76.87741 -68.17081
v -57.92105 82.82175 -27.77386
v -48.46446 94.22545 -95.91219
v -50.64646 88.30583 -76.81915
v -49.10068 109.2995 -113.2461
v -26.93236 97.73162 -138.9245
v -48.77326 92.1774 -112.5599
v -38.94471 139.1479 -127.3324
v -26.30083 156.3058 -121.3991
v -21.38761 136.8052 -141.2093
v -44.50824 159.9088 -120.8287
v -52.88427 99.48372 -48.44561
v -50.64646 88.30583 -76.81915
v -46.1709 128.1973 -83.55551
v -48.46446 94.22545 -95.91219
v -17.4147 124.0907 -137.358
v -20.60392 145.5972 -110.4472
v -17.4147 124.0907 -137.358
v -26.30083 156.3058 -121.3991
v -21.38761 136.8052 -141.2093
v -58.03525 76.87741 -68.17081
v -57.92105 82.82175 -27.77386
v -26.93236 97.73162 -138.9245
v -26.93236 97.73162 -138.9245
v -48.46446 94.22545 -95.91219
v -48.77326 92.1774 -112.5599
v -51.40959 124.0858 -59.77299
v -52.37141 142.2461 -72.45556
v -29.81973 158.8786 -88.929
v -47.80759 122.3619 -29.017
v -41.8359 127.4884 -43.09017
v -37.13742 144.5997 -52.54927
v -37.77604 159.6629 -69.89236
v -33.31733 160.9133 -53.3909
v -8.406559 180.1201 -68.00323
v -32.64204 167.1774 -103.2042
v -12.48935 176.378 -107.1443
v -41.8359 127.4884 -43.09017
v -37.13742 144.5997 -52.54927
v -6.381241 173.1591 -95.11912
v -6.381241 173.1591 -95.11912
v -12.48935 176.378 -107.1443
v -47.80759 122.3619 -29.017
v -8.406559 180.1201 -68.00323
v -8.406559 180.1201 -68.00323
v -33.31733 160.9133 -53.3909
v -37.13742 144.5997 -52.54927
v 62.0295 -99.31196 -91.52769
v 65.18417 -129.5598 -88.86347
v 53.66318 -124.7608 -100.8404
v 54.74459 -103.7743 -107.9091
v 31.9885 -81.94031 -115.7851
v 49.10331 -74.76135 -93.84743
v 66.94887 -153.9001 -86.73129
v 60.22615 -174.5267 -85.0493
v 54.53966 -150.7449 -117.7502
v 47.13987 -136.717 -114.8421
v 43.02618 -119.2592 -123.9333
v 42.74449 -96.36579 -125.9106
v 40.97718 -109.1629 -137.1736
v 16.47129 -87.43869 -148.5968
v 33.55291 -65.38959 -113.7249
v 14.19771 -57.90238 -122.4215
v 23.37821 -57.50709 -95.73038
v 41.75352 -54.83037 -95.68289
v 54.04977 -148.3238 -87.40952
v 45.41489 -103.4728 -91.41995
v 47.13987 -136.717 -114.8421
v 43.02618 -119.2592 -123.9333
v 9.638298 -69.82465 -127.8389
v 18.2219 -72.96347 -94.47176
v 9.638298 -69.82465 -127.8389
v 23.37821 -57.50709 -95.73038
v 14.19771 -57.90238 -122.4215
v 54.53966 -150.7449 -117.7502
v 60.22615 -174.5267 -85.0493
v 16.47129 -87.43869 -148.5968
v 16.47129 -87.43869 -148.5968
v 40.97718 -109.1629 -137.1736
v 43.02618 -119.2592 -123.9333
v 53.32008 -122.8061 -78.24079
v 54.24269 -100.9149 -74.85032
v 31.3166 -78.11237 -71.52876
v 53.61887 -145.4991 -57.10277
v 42.00648 -113.4496 -56.7662
v 46.34668 -132.198 -62.59744
v 41.7249 -90.55748 -58.75777
v 14.8035 -77.9369 -38.74301
v 39.5858 -101.2356 -45.52359
v 32.98551 -62.15702 -76.35146
v 13.39671 -53.33852 -69.65649
v 46.34668 -132.198 -62.59744
v 42.00648 -113.4496 -56.7662
v 8.645103 -64.16564 -62.41286
v 8.645103 -64.16564 -62.41286
v 13.39671 -53.33852 -69.65649
v 53.61887 -145.4991 -57.10277
v 14.8035 -77.9369 -38.74301
v 14.8035 -77.9369 -38.74301
v 42.00648 -113.4496 -56.7662
v 39.5858 -101.2356 -45.52359
v -61.83263 -99.31236 -91.53059
v -53.46633 -124.7613 -100.8434
v -64.98733 -129.5602 -88.86646
v -54.54773 -103.7748 -107.9121
v -31.79161 -81.94072 -115.7881
v -48.90642 -74.76185 -93.85037
v -66.75203 -153.9006 -86.73425
v -54.34283 -150.7453 -117.7532
v -60.02934 -174.527 -85.05224
v -42.82932 -119.2596 -123.9363
v -46.94303 -136.7174 -114.8451
v -42.54762 -96.36633 -125.9135
v -16.27441 -87.43914 -148.5998
v -40.78032 -109.1634 -137.1765
v -33.35601 -65.39011 -113.7279
v -23.18131 -57.50749 -95.73342
v -14.00081 -57.9029 -122.4245
v -41.55661 -54.83088 -95.68594
v -53.85294 -148.3242 -87.41248
v -46.94303 -136.7174 -114.8451
v -45.21802 -103.4732 -91.42296
v -42.82932 -119.2596 -123.9363
v -9.441401 -69.82507 -127.8418
v -18.02501 -72.96386 -94.47478
v -9.441401 -69.82507 -127.8418
v -23.18131 -57.50749 -95.73342
v -14.00081 -57.9029 -122.4245
v -54.34283 -150.7453 -117.7532
v -60.02934 -174.527 -85.05224
v -16.27441 -87.43914 -148.5998
v -16.27441 -87.43914 -148.5998
v -42.82932 -119.2596 -123.9363
v -40.78032 -109.1634 -137.1765
v -53.12323 -122.8065 -78.24377
v -54.04573 -100.9153 -74.85334
v -31.11972 -78.11275 -71.5318
v -53.42204 -145.4996 -57.10574
v -46.14983 -132.1985 -62.60043
v -41.80963 -113.45 -56.7692
v -41.52802 -90.55785 -58.7608
v -39.38882 -101.2361 -45.52661
v -14.60661 -77.93723 -38.74595
v -32.78861 -62.15741 -76.35451
v -13.19971 -53.33889 -69.65955
v -46.14983 -132.1985 -62.60043
v -41.80963 -113.45 -56.7692
v -8.448112 -64.166 -62.41581
v -8.448112 -64.166 -62.41581
v -13.19971 -53.33889 -69.65955
v -53.42204 -145.4996 -57.10574
v -14.60661 -77.93723 -38.74595
v -14.60661 -77.93723 -38.74595
v -39.38882 -101.2361 -45.52661
v -41.80963 -113.45 -56.7692
vn -0.000001 0.976805 -0.214132
vn -0 0.97416 0.22586
vn 0.963646 0.261895 -0.052894
vn -0 -0.76414 -0.645051
vn 0.963535 0.266803 -0.020394
vn -0.000001 0.941463 -0.337117
vn -0.000001 0.247069 -0.968998
vn -0 -0.887353 -0.461091
vn 0.935708 0.302266 0.181896
vn 0 0.769285 0.638906
vn 0.989761 0.029847 0.139583
vn 0 0.850219 0.52643
vn -0 -0.889937 -0.456083
vn 0 -0.947627 -0.319379
vn 0 0.870125 0.492831
vn 0 -0.968613 -0.248573
vn 0.000001 0.043942 0.999034
vn -0.000001 0.506102 -0.862474
vn 0.000001 0.375208 0.926941
vn 0.991927 0.114522 0.054461
vn -0.000001 0.625523 -0.780206
vn -0.000001 0.934094 -0.357029
vn 0 0.768925 0.639339
vn -0 -0.894881 -0.446305
vn 0.000001 0.392425 0.919784
vn 0 0.778425 0.627738
vn -0.000001 0.763141 -0.646232
vn -0.000001 0.900275 -0.435322
vn 0.000001 0.680416 0.732826
vn -0 -0.704245 -0.709957
vn 0.865478 -0.415086 -0.28045
vn 0 -0.882457 -0.470393
vn 0.975564 0.028924 -0.217802
vn 0.9215 -0.388298 0.007934
vn 0 -0.952713 -0.303873
vn 0 -0.90197 -0.431799
vn 0.999996 0.001799 -0.002101
vn 0.840685 -0.410971 0.352636
vn 0.981212 0.033566 0.189991
vn -0 -0.69175 0.722138
vn -0 -0.924036 0.382306
vn 0.994036 0.018937 0.107397
vn 0 -0.907281 0.420525
vn -0 0.173943 0.984756
vn -0 0.072444 0.997373
vn -0 0.233425 0.972375
vn 0.92013 -0.298823 0.253111
vn -0 0.127539 0.991834
vn 0 -0.99059 -0.136864
vn 0 -0.957171 0.289522
vn 0.996778 0.013927 0.078993
vn -0 0.50089 0.865511
vn -0 -0.757058 0.653348
vn -0 -0.632976 0.774171
vn 0 -0.993971 0.109644
vn -0 -0.110857 0.993837
vn 0 0.981348 -0.192241
vn 0 0.916553 -0.399913
vn 0.792305 0.583642 -0.177803
vn 0.946858 0.31276 -0.075105
vn 0 -0.71772 -0.696332
vn 0 0.790882 -0.611968
vn 0.840662 0.506943 0.190516
vn -0 0.897303 0.441415
vn -0 0.999094 0.042554
vn -0 0.996453 0.084158
vn -0 0.27364 0.961832
vn -0 0.113946 0.993487
vn 0.920134 0.36746 0.135378
vn 0 0.883728 -0.468
vn -0 0.22003 0.975493
vn -0 0.998434 -0.055942
vn -0 -0.173959 0.984753
vn -0 0.935105 0.354371
vn 0 0.971352 -0.237644
vn -0 0.859946 0.510385
vn -0 0.44472 0.89567
vn -0.420983 0.213287 -0.881636
vn 0.201112 -0.448428 -0.8709
vn -0.594905 -0.170772 -0.785446
vn 0.209605 0.962185 0.173972
vn 0.166 0.757117 0.631838
vn 0.885729 0.353315 0.301087
vn -0.641402 0.633552 0.432684
vn -0.979066 0.191469 -0.069062
vn -0.612311 -0.325954 -0.720298
vn -0.242811 -0.053036 -0.968623
vn 0.575109 0.45904 0.67715
vn 0.731409 0.318112 0.603196
vn -0.180092 0.659024 0.730242
vn -0.909517 0.035858 -0.414118
vn -0.403817 -0.699433 -0.589683
vn 0.0193 -0.935399 -0.353069
vn -0.431097 -0.653309 -0.622369
vn 0.413416 -0.679337 -0.606291
vn 0.833687 0.062688 0.548668
vn 0.42352 0.478387 0.76927
vn 0.947891 0.106803 0.300159
vn 0.422626 0.461697 0.779887
vn -0.296903 0.629554 0.717991
vn -0.138797 0.666842 0.732159
vn -0.866032 -0.263656 -0.424823
vn -0.942095 -0.231083 -0.243018
vn -0.529787 -0.666064 -0.525056
vn -0.389095 0.446173 0.805938
vn -0.910344 -0.400555 -0.104066
vn -0.248595 -0.868429 -0.42899
vn 0.439898 0.338085 0.831978
vn -0.398605 -0.311501 -0.862601
vn 0.75531 0.273409 0.595612
vn -0.201896 -0.683425 -0.701547
vn 0.71119 0.3759 0.594061
vn 0.317613 0.522993 0.790949
vn -0.55981 -0.467644 -0.684049
vn -0.238707 -0.733439 -0.636464
vn 0.604472 0.235951 0.760882
vn -0.115901 0.659764 0.742481
vn -0.777098 -0.129312 -0.615952
vn -0.146303 -0.719544 -0.678861
vn 0.721676 0.208121 0.660205
vn -0.269011 -0.881169 -0.388811
vn 0.657284 0.082156 0.749152
vn 0.004558 0.999678 0.024955
vn 0.003668 0.986894 -0.161332
vn 0.589737 0.805123 -0.063139
vn 0.540364 0.84118 -0.020557
vn 0.519038 0.853569 0.044937
vn 0.004558 0.999541 0.029957
vn 0.026513 -0.638602 0.76908
vn -0.000086 -0.727073 0.68656
vn 0.070213 -0.794372 0.60336
vn 0.000915 -0.606329 0.795213
vn 0.47435 0.879146 -0.045773
vn 0.376254 0.92401 0.068106
vn 0.276857 0.959756 -0.047113
vn 0.496264 0.865662 -0.065969
vn 0.49356 0.864032 0.099236
vn 0.004065 0.995765 -0.091843
vn 0.389548 0.910596 -0.138085
vn 0.001682 0.875406 -0.483386
vn -0.002875 -0.952854 0.303415
vn -0.005149 -0.986402 -0.164268
vn -0.087568 -0.99301 0.07914
vn -0.155755 -0.98443 -0.081471
vn -0.058347 -0.984923 -0.162859
vn -0.004952 -0.994056 -0.10876
vn 0.561955 0.810105 -0.167143
vn 0.003173 0.968 -0.25093
vn 0.806626 0.591044 -0.004654
vn 0.609157 0.791299 0.052666
vn -0.227459 -0.973699 -0.013179
vn -0.380959 -0.922021 -0.068907
vn -0.004854 -0.996491 -0.083554
vn 0.027948 -0.994458 -0.101358
vn -0.963646 0.261894 -0.052891
vn -0.963536 0.266803 -0.020391
vn -0.935708 0.302265 0.181899
vn -0.98976 0.029847 0.139586
vn -0.991927 0.114522 0.054463
vn -0.865478 -0.415086 -0.28045
vn -0.975564 0.028924 -0.217802
vn -0.9215 -0.388297 0.007934
vn -0.999996 0.0018 -0.0021
vn -0.840685 -0.410971 0.352636
vn -0.981212 0.033566 0.189991
vn -0.994036 0.018938 0.107397
vn -0.92013 -0.298822 0.253112
vn -0.996778 0.013927 0.078994
vn -0.792305 0.583643 -0.177803
vn -0.946858 0.312761 -0.075105
vn -0.840705 0.506869 0.190526
vn -0.920134 0.36746 0.135378
vn 0.420981 0.213287 -0.881637
vn 0.594903 -0.170772 -0.785447
vn -0.201113 -0.448428 -0.870899
vn -0.209606 0.962185 0.173973
vn -0.885728 0.353315 0.301089
vn -0.165999 0.757116 0.631838
vn 0.641403 0.633552 0.432683
vn 0.979066 0.19147 -0.069065
vn 0.612309 -0.325954 -0.7203
vn 0.242809 -0.053036 -0.968623
vn -0.731408 0.318111 0.603198
vn -0.575107 0.459039 0.677152
vn 0.180093 0.659024 0.730242
vn 0.909515 0.035858 -0.414121
vn 0.403816 -0.699432 -0.589684
vn 0.431096 -0.653309 -0.62237
vn -0.0193 -0.935399 -0.353068
vn -0.413417 -0.679337 -0.60629
vn -0.833685 0.062688 0.54867
vn -0.947891 0.106802 0.300162
vn -0.423519 0.478387 0.769271
vn 0.296904 0.629554 0.71799
vn -0.422625 0.461696 0.779888
vn 0.138798 0.666842 0.732159
vn 0.866031 -0.263656 -0.424825
vn 0.942072 -0.231077 -0.243114
vn 0.529786 -0.666064 -0.525058
vn 0.389096 0.446173 0.805937
vn 0.910344 -0.400555 -0.104068
vn 0.248594 -0.868428 -0.428991
vn -0.439897 0.338085 0.831979
vn 0.398603 -0.311501 -0.862602
vn -0.755309 0.273409 0.595614
vn 0.201895 -0.683425 -0.701547
vn -0.711189 0.375899 0.594062
vn -0.317611 0.522992 0.79095
vn 0.559808 -0.467643 -0.68405
vn 0.238706 -0.733439 -0.636464
vn -0.60447 0.235951 0.760883
vn 0.115902 0.659764 0.742481
vn 0.777097 -0.129312 -0.615954
vn 0.146204 -0.719555 -0.678871
vn -0.721674 0.20812 0.660206
vn 0.269011 -0.881169 -0.388812
vn -0.657282 0.082156 0.749153
vn -0.583148 0.810314 -0.057715
vn -0.533055 0.845936 -0.015625
vn -0.510963 0.858166 0.049674
vn -0.025186 -0.638348 0.769336
vn -0.071685 -0.793696 0.604076
vn -0.466946 0.883315 -0.041434
vn -0.268734 0.962179 -0.044647
vn -0.367343 0.927329 0.071556
vn -0.484877 0.868404 0.103775
vn -0.489157 0.87003 -0.061432
vn -0.382633 0.914067 -0.134438
vn 0.079434 -0.993749 0.078445
vn 0.146252 -0.985772 -0.082854
vn 0.047954 -0.9854 -0.163364
vn -0.55624 0.815075 -0.162015
vn -0.801291 0.598268 0.002744
vn -0.601582 0.796689 0.05819
vn 0.218636 -0.975687 -0.01525
vn 0.371943 -0.925431 -0.072357
vn -0.037754 -0.994164 -0.101063
vn 0.955475 0.283965 -0.080196
vn 0.984684 0.158123 0.073444
vn 0.917698 -0.317582 -0.23869
vn 0.940662 -0.098108 -0.324853
vn 0.783324 -0.090515 -0.614988
vn 0.951796 0.292767 -0.091501
vn 0.980549 0.19382 0.030935
vn 0.924499 -0.107074 0.365837
vn 0.974624 -0.095672 -0.202372
vn 0.94332 -0.052614 -0.327689
vn 0.962819 -0.240048 -0.12392
vn 0.857423 0.106129 -0.50355
vn 0.942725 -0.031315 -0.332098
vn 0.723594 0.121565 -0.679436
vn 0.673791 -0.025554 -0.738481
vn 0.651099 -0.136858 -0.746552
vn 0.190395 0.664734 -0.722411
vn 0.514186 0.62298 -0.589499
vn -0.951832 -0.292679 0.091404
vn -0.915846 -0.359656 0.178533
vn -0.969323 -0.199355 0.143772
vn -0.84871 -0.439103 0.294755
vn -0.965067 -0.085612 0.247621
vn -0.970747 -0.238904 0.023984
vn 0.700598 0.063555 -0.71072
vn -0.941939 0.07079 -0.328238
vn -0.957289 0.285782 -0.043898
vn -0.935261 -0.328376 0.132122
vn -0.968003 -0.248389 0.035686
vn -0.668407 -0.689712 0.278441
vn -0.668407 -0.689712 0.278441
vn -0.36449 -0.925038 0.107016
vn -0.84871 -0.439103 0.294755
vn 0.734577 0.496744 0.462214
vn 0.792741 0.559713 0.24142
vn 0.583492 0.798142 0.150023
vn 0.851906 0.450195 0.267547
vn 0.821428 0.388758 0.417281
vn 0.806088 0.55776 0.197805
vn 0.72682 0.686818 -0.003737
vn 0.566432 0.82042 -0.077887
vn 0.809923 0.559377 0.176412
vn 0.469812 0.881738 0.042597
vn 0.418623 0.896799 0.143198
vn -0.933583 -0.358291 0.007023
vn -0.847369 -0.445184 0.289443
vn -0.878593 -0.470225 -0.083437
vn 0.523508 0.851401 -0.032494
vn -0.840979 -0.231363 -0.489108
vn -0.936335 -0.323565 0.136317
vn -0.743691 -0.355101 0.566416
vn -0.743691 -0.355101 0.566416
vn -0.847369 -0.445184 0.289443
vn -0.553012 -0.086716 0.828648
vn -0.955475 0.283964 -0.080196
vn -0.917697 -0.317582 -0.23869
vn -0.984685 0.158122 0.073444
vn -0.940662 -0.098109 -0.324853
vn -0.783324 -0.090516 -0.614988
vn -0.951796 0.292766 -0.091501
vn -0.98055 0.193819 0.030935
vn -0.974624 -0.095673 -0.202372
vn -0.924499 -0.107075 0.365837
vn -0.962819 -0.240049 -0.12392
vn -0.94332 -0.052615 -0.327689
vn -0.857423 0.106128 -0.50355
vn -0.723594 0.121564 -0.679436
vn -0.942725 -0.031316 -0.332098
vn -0.673789 -0.025655 -0.738479
vn -0.190396 0.664734 -0.722411
vn -0.651099 -0.136858 -0.746552
vn -0.514187 0.622979 -0.589499
vn 0.951833 -0.292678 0.091404
vn 0.969323 -0.199354 0.143772
vn 0.915846 -0.359656 0.178533
vn 0.84871 -0.439103 0.294755
vn 0.965067 -0.085611 0.247621
vn 0.970747 -0.238902 0.023984
vn -0.700598 0.063554 -0.71072
vn 0.941939 0.070791 -0.328238
vn 0.957289 0.285783 -0.043898
vn 0.935261 -0.328375 0.132122
vn 0.968003 -0.248388 0.035686
vn 0.668408 -0.689711 0.278441
vn 0.668408 -0.689711 0.278441
vn 0.84871 -0.439103 0.294755
vn 0.364491 -0.925037 0.107016
vn -0.734578 0.496743 0.462214
vn -0.792742 0.559712 0.241419
vn -0.583493 0.798141 0.150023
vn -0.851906 0.450194 0.267546
vn -0.806088 0.557759 0.197805
vn -0.821429 0.388757 0.41728
vn -0.726821 0.686817 -0.003737
vn -0.809924 0.559376 0.176412
vn -0.566433 0.820419 -0.077887
vn -0.469813 0.881738 0.042597
vn -0.418624 0.896799 0.143199
vn 0.933584 -0.35829 0.007024
vn 0.84737 -0.445183 0.289443
vn 0.878594 -0.470224 -0.083437
vn -0.523509 0.851401 -0.032494
vn 0.840979 -0.231362 -0.489108
vn 0.936335 -0.323564 0.136317
vn 0.743692 -0.3551 0.566416
vn 0.743692 -0.3551 0.566416
vn 0.553012 -0.086716 0.828648
vn 0.84737 -0.445183 0.289443
vn 0.958415 0.285201 -0.010098
vn 0.996021 0.088805 0.00747
vn 0.846584 -0.038282 -0.530877
vn 0.877692 0.179946 -0.444158
vn 0.685195 0.382684 -0.619727
vn 0.954121 0.299203 -0.011403
vn 0.989603 0.143802 0.002551
vn 0.950963 -0.306574 0.041004
vn 0.927396 0.097575 -0.361132
vn 0.884043 0.214668 -0.415194
vn 0.913033 -0.061041 -0.403294
vn 0.790487 0.448649 -0.416947
vn 0.884771 0.233054 -0.403567
vn 0.636773 0.5784 -0.509877
vn 0.566712 0.512289 -0.645289
vn 0.533302 0.437253 -0.724154
vn 0.153305 0.9847 -0.082841
vn 0.486603 0.870981 -0.0679
vn -0.954159 -0.299083 0.011402
vn -0.913222 -0.406903 0.021341
vn -0.956227 -0.268868 0.115496
vn -0.838923 -0.542902 0.038288
vn -0.928324 -0.259015 0.266696
vn -0.976805 -0.2141 0.003674
vn 0.604801 0.557805 -0.568393
vn -0.966539 0.253898 -0.036589
vn -0.925368 0.210701 0.315117
vn -0.935654 -0.352678 0.013021
vn -0.973413 -0.229002 0.004979
vn -0.685501 -0.70696 -0.174057
vn -0.685501 -0.70696 -0.174057
vn -0.42878 -0.749137 -0.504918
vn -0.838923 -0.542902 0.038288
vn 0.830075 0.055689 0.554864
vn 0.864375 0.255841 0.432899
vn 0.667181 0.48518 0.565217
vn 0.916373 0.160521 0.366734
vn 0.900309 0.01145 0.435101
vn 0.871704 0.285038 0.398604
vn 0.778731 0.515643 0.357337
vn 0.62259 0.659034 0.421966
vn 0.872804 0.301134 0.384098
vn 0.548384 0.616875 0.564571
vn 0.512366 0.556488 0.654065
vn -0.953025 -0.287141 -0.096404
vn -0.838806 -0.543593 0.030187
vn -0.920534 -0.303396 -0.246105
vn 0.588881 0.648645 0.482161
vn -0.914898 0.151071 -0.374351
vn -0.935766 -0.352081 0.01952
vn -0.692265 -0.668373 0.272116
vn -0.692265 -0.668373 0.272116
vn -0.838806 -0.543593 0.030187
vn -0.445713 -0.652507 0.612842
vn -0.958415 0.285201 -0.010099
vn -0.846584 -0.038283 -0.530877
vn -0.996021 0.088804 0.007469
vn -0.877692 0.179945 -0.444158
vn -0.685195 0.382683 -0.619728
vn -0.954122 0.299203 -0.011404
vn -0.989603 0.143801 0.00255
vn -0.927396 0.097575 -0.361132
vn -0.950963 -0.306574 0.041004
vn -0.913033 -0.061042 -0.403294
vn -0.884043 0.214667 -0.415194
vn -0.790487 0.448649 -0.416948
vn -0.636773 0.578399 -0.509878
vn -0.884771 0.233053 -0.403567
vn -0.566711 0.512288 -0.64529
vn -0.153304 0.9847 -0.082842
vn -0.533302 0.437252 -0.724154
vn -0.486602 0.870981 -0.067901
vn 0.954159 -0.299083 0.011403
vn 0.956227 -0.268868 0.115496
vn 0.913222 -0.406902 0.021341
vn 0.838923 -0.542902 0.038288
vn 0.928324 -0.259014 0.266696
vn 0.976805 -0.2141 0.003674
vn -0.604801 0.557804 -0.568393
vn 0.966539 0.253898 -0.036589
vn 0.925368 0.210702 0.315117
vn 0.935654 -0.352678 0.013021
vn 0.973413 -0.229001 0.004979
vn 0.685501 -0.706961 -0.174056
vn 0.685501 -0.706961 -0.174056
vn 0.838923 -0.542902 0.038288
vn 0.428779 -0.749138 -0.504917
vn -0.830075 0.05569 0.554864
vn -0.864375 0.255842 0.432899
vn -0.667181 0.485181 0.565216
vn -0.916373 0.160522 0.366734
vn -0.87167 0.285027 0.398688
vn -0.900309 0.01145 0.435101
vn -0.778731 0.515644 0.357336
vn -0.872804 0.301134 0.384098
vn -0.62259 0.659035 0.421966
vn -0.548383 0.616876 0.56457
vn -0.512366 0.556489 0.654065
vn 0.953025 -0.287141 -0.096403
vn 0.838806 -0.543593 0.030188
vn 0.920534 -0.303396 -0.246105
vn -0.588881 0.648645 0.482161
vn 0.914898 0.151071 -0.374352
vn 0.935766 -0.35208 0.019521
vn 0.692265 -0.668372 0.272117
vn 0.692265 -0.668372 0.272117
vn 0.445712 -0.652507 0.612842
vn 0.838806 -0.543593 0.030188
vt 0.9995 0.9028
vt 0.8294 0.8408
vt 0.8465 0.8158
vt 0.8525 0.7493
vt 0.7187 0.829
vt 0.7836 0.8539
vt 0.7623 0.8855
vt 0.767 0.7239
vt 0.3875 0.7145
vt 0.2968 0.7105
vt 0.177 0.6505
vt 0.189 0.6767
vt 0.3978 0.6449
vt 0.2068 0.627
vt 0.1601 0.6693
vt 0.138 0.625
vt 0.0005 0.6319
vt 0.811 1.0034
vt 0.6911 0.8844
vt 0.6087 0.789
vt 0.6458 0.8627
vt 0.6486 0.9508
vt 0.6714 0.8532
vt 0.6133 0.7122
vt 0.569 0.8248
vt 0.5256 0.7844
vt 0.4804 0.7789
vt 0.5078 0.8322
vt 0.3764 0.764
vt 0.1458 0.24
vt 0.2735 0.2525
vt 0.2829 0.2695
vt 0.2657 0.1761
vt 0.3702 0.2711
vt 0.3581 0.3166
vt 0.3119 0.2901
vt 0.3693 0.1761
vt 0.561 0.2231
vt 0.6433 0.1761
vt 0.6183 0.2256
vt 0.6619 0.2164
vt 0.5575 0.1761
vt 0.7065 0.2068
vt 0.809 0.1761
vt 0.4604 0.3615
vt 0.4179 0.3012
vt 0.4651 0.2583
vt 0.5437 0.3192
vt 0.4753 0.3042
vt 0.4351 0.2881
vt 0.4666 0.1761
vt 0.5052 0.2745
vt 0.5083 0.2541
vt 0.6073 0.2697
vt 0.5331 0.2519
vt 0.6027 0.2412
vt 0.1458 0.1122
vt 0.2829 0.0827
vt 0.2735 0.0997
vt 0.3702 0.0811
vt 0.3119 0.0621
vt 0.3581 0.0356
vt 0.561 0.1291
vt 0.6183 0.1266
vt 0.6619 0.1358
vt 0.7065 0.1454
vt 0.4604 -0.0093
vt 0.4179 0.051
vt 0.4651 0.0939
vt 0.4753 0.048
vt 0.5437 0.033
vt 0.4351 0.0642
vt 0.5052 0.0777
vt 0.5083 0.0982
vt 0.5331 0.1003
vt 0.6073 0.0825
vt 0.6027 0.111
vt 0.7552 0.4643
vt 0.6445 0.4275
vt 0.7161 0.4895
vt 0.7552 0.4643
vt 0.7105 0.4551
vt 0.6445 0.4275
vt 0.6408 0.493
vt 0.6408 0.493
vt 0.5181 0.5087
vt 0.5453 0.3835
vt 0.5125 0.4743
vt 0.5453 0.3835
vt 0.5177 0.5202
vt 0.5177 0.5202
vt 0.2895 0.5653
vt 0.2668 0.5057
vt 0.1654 0.5795
vt 0.135 0.5338
vt 0.2668 0.5057
vt 0.1376 0.5451
vt 0.135 0.5338
vt 0.302 0.5275
vt 0.1865 0.5949
vt 0.3238 0.5971
vt 0.3238 0.5971
vt 0.1865 0.5949
vt 0.121 0.5794
vt 0.1137 0.5907
vt 0.1137 0.5907
vt 0.0417 0.5467
vt 0.0417 0.5467
vt 0.5262 0.3493
vt 0.5262 0.3493
vt 0.435 0.4027
vt 0.435 0.4027
vt 0.4074 0.5009
vt 0.4131 0.5352
vt 0.3614 0.4073
vt 0.3614 0.4073
vt 0.4283 0.5757
vt 0.4283 0.5757
vt 0.3462 0.4702
vt 0.3462 0.4702
vt 0.267 0.4715
vt 0.267 0.4715
vt 0.9933 0.494
vt 0.9933 0.4101
vt 0.9308 0.4481
vt 0.9302 0.4981
vt 0.9503 0.5599
vt 0.9933 0.6291
vt 0.0066 0.9454
vt 0.0475 0.9968
vt 0.0298 0.9139
vt 0.0466 0.9968
vt 0.8868 0.4967
vt 0.7811 0.4167
vt 0.8176 0.4974
vt 0.8647 0.5327
vt 0.8933 0.6231
vt 0.9933 0.7047
vt 0.8772 0.6782
vt 0.9933 0.7631
vt 0.0705 0.9968
vt 0.1705 0.9968
vt 0.0455 0.8927
vt 0.1917 0.8913
vt 0.2372 0.9148
vt 0.2781 0.9968
vt 0.9219 0.2446
vt 0.9933 0.2038
vt 0.8923 0.3226
vt 0.8665 0.3638
vt 0.1667 0.8526
vt 0.0864 0.8227
vt 0.3389 0.9968
vt 0.2777 0.9015
vt 0.8465 0.8158
vt 0.7187 0.829
vt 0.3875 0.7145
vt 0.177 0.6505
vt 0.6087 0.789
vt 0.2735 0.2525
vt 0.2657 0.1761
vt 0.3702 0.2711
vt 0.3693 0.1761
vt 0.561 0.2231
vt 0.6433 0.1761
vt 0.5575 0.1761
vt 0.4651 0.2583
vt 0.4666 0.1761
vt 0.2735 0.0997
vt 0.3702 0.0811
vt 0.561 0.1291
vt 0.4651 0.0939
vt 0.7552 0.4643
vt 0.7161 0.4895
vt 0.6445 0.4275
vt 0.7552 0.4643
vt 0.6445 0.4275
vt 0.7105 0.4551
vt 0.6408 0.493
vt 0.6408 0.493
vt 0.5181 0.5087
vt 0.5453 0.3835
vt 0.5453 0.3835
vt 0.5125 0.4743
vt 0.5177 0.5202
vt 0.5177 0.5202
vt 0.2895 0.5653
vt 0.1654 0.5795
vt 0.2668 0.5057
vt 0.135 0.5338
vt 0.2668 0.5057
vt 0.135 0.5338
vt 0.1376 0.5451
vt 0.1865 0.5949
vt 0.302 0.5275
vt 0.3238 0.5971
vt 0.3238 0.5971
vt 0.1865 0.5949
vt 0.121 0.5794
vt 0.1137 0.5907
vt 0.1137 0.5907
vt 0.0417 0.5467
vt 0.0417 0.5467
vt 0.5262 0.3493
vt 0.5262 0.3493
vt 0.435 0.4027
vt 0.435 0.4027
vt 0.4074 0.5009
vt 0.4131 0.5352
vt 0.3614 0.4073
vt 0.3614 0.4073
vt 0.4283 0.5757
vt 0.4283 0.5757
vt 0.3462 0.4702
vt 0.3462 0.4702
vt 0.267 0.4715
vt 0.267 0.4715
vt 0.9308 0.4481
vt 0.9302 0.4981
vt 0.9503 0.5599
vt 0.0066 0.9454
vt 0.0298 0.9139
vt 0.8868 0.4967
vt 0.8176 0.4974
vt 0.7811 0.4167
vt 0.8933 0.6231
vt 0.8647 0.5327
vt 0.8772 0.6782
vt 0.0455 0.8927
vt 0.1917 0.8913
vt 0.2372 0.9148
vt 0.9219 0.2446
vt 0.8923 0.3226
vt 0.8665 0.3638
vt 0.1667 0.8526
vt 0.0864 0.8227
vt 0.2777 0.9015
vt 0.001 0.2792
vt 0.001 0.1591
vt 0.0467 0.1983
vt 0.068 0.2787
vt 0.0909 0.3975
vt 0.001 0.392
vt 0.001 0.0635
vt 0.001 -0.0054
vt 0.1243 0.1045
vt 0.1072 0.1675
vt 0.1376 0.2428
vt 0.1376 0.3306
vt 0.1876 0.2887
vt 0.2247 0.4109
vt 0.0768 0.4572
vt 0.1082 0.5169
vt 0.001 0.4956
vt 0.001 0.4789
vt 0.1092 0.9969
vt 0.2034 0.9969
vt 0.1465 0.9163
vt 0.1858 0.8932
vt 0.302 0.8959
vt 0.2754 0.9969
vt 0.1341 0.4803
vt 0.2936 0.9969
vt 0.3138 0.9155
vt 0.1095 0.9033
vt 0.0522 0.9969
vt 0.2629 0.8272
vt 0.2465 0.8287
vt 0.1785 0.8534
vt 0.1529 0.8867
vt 0.0467 0.1983
vt 0.068 0.2787
vt 0.0909 0.3975
vt 0.1243 0.1045
vt 0.1376 0.2428
vt 0.1072 0.1675
vt 0.1376 0.3306
vt 0.2247 0.4109
vt 0.1876 0.2887
vt 0.0768 0.4572
vt 0.1082 0.5169
vt 0.1465 0.9163
vt 0.1858 0.8932
vt 0.302 0.8959
vt 0.1341 0.4803
vt 0.3138 0.9155
vt 0.1095 0.9033
vt 0.2629 0.8272
vt 0.2465 0.8287
vt 0.1529 0.8867
vt 0.1785 0.8534
vt 0.001 0.2792
vt 0.0467 0.1983
vt 0.001 0.1591
vt 0.068 0.2787
vt 0.0909 0.3975
vt 0.001 0.392
vt 0.001 0.0635
vt 0.1243 0.1045
vt 0.001 -0.0054
vt 0.1376 0.2428
vt 0.1072 0.1675
vt 0.1376 0.3306
vt 0.2247 0.4109
vt 0.1876 0.2887
vt 0.0768 0.4572
vt 0.001 0.4956
vt 0.1082 0.5169
vt 0.001 0.4789
vt 0.1092 0.9969
vt 0.1465 0.9163
vt 0.2034 0.9969
vt 0.1858 0.8932
vt 0.302 0.8959
vt 0.2754 0.9969
vt 0.1341 0.4803
vt 0.2936 0.9969
vt 0.3138 0.9155
vt 0.1095 0.9033
vt 0.0522 0.9969
vt 0.2629 0.8272
vt 0.2465 0.8287
vt 0.1529 0.8867
vt 0.1785 0.8534
vt 0.0467 0.1983
vt 0.068 0.2787
vt 0.0909 0.3975
vt 0.1243 0.1045
vt 0.1072 0.1675
vt 0.1376 0.2428
vt 0.1376 0.3306
vt 0.1876 0.2887
vt 0.2247 0.4109
vt 0.0768 0.4572
vt 0.1082 0.5169
vt 0.1465 0.9163
vt 0.1858 0.8932
vt 0.302 0.8959
vt 0.1341 0.4803
vt 0.3138 0.9155
vt 0.1095 0.9033
vt 0.2629 0.8272
vt 0.2465 0.8287
vt 0.1785 0.8534
vt 0.1529 0.8867
vt 0.001 0.2792
vt 0.001 0.1591
vt 0.0467 0.1983
vt 0.068 0.2787
vt 0.0909 0.3975
vt 0.001 0.392
vt 0.001 0.0635
vt 0.001 -0.0054
vt 0.1243 0.1045
vt 0.1072 0.1675
vt 0.1376 0.2428
vt 0.1376 0.3306
vt 0.1876 0.2887
vt 0.2247 0.4109
vt 0.0768 0.4572
vt 0.1082 0.5169
vt 0.001 0.4956
vt 0.001 0.4789
vt 0.1092 0.9969
vt 0.2034 0.9969
vt 0.1465 0.9163
vt 0.1858 0.8932
vt 0.302 0.8959
vt 0.2754 0.9969
vt 0.1341 0.4803
vt 0.2936 0.9969
vt 0.3138 0.9155
vt 0.1095 0.9033
vt 0.0522 0.9969
vt 0.2629 0.8272
vt 0.2465 0.8287
vt 0.1785 0.8534
vt 0.1529 0.8867
vt 0.0467 0.1983
vt 0.068 0.2787
vt 0.0909 0.3975
vt 0.1243 0.1045
vt 0.1376 0.2428
vt 0.1072 0.1675
vt 0.1376 0.3306
vt 0.2247 0.4109
vt 0.1876 0.2887
vt 0.0768 0.4572
vt 0.1082 0.5169
vt 0.1465 0.9163
vt 0.1858 0.8932
vt 0.302 0.8959
vt 0.1341 0.4803
vt 0.3138 0.9155
vt 0.1095 0.9033
vt 0.2629 0.8272
vt 0.2465 0.8287
vt 0.1529 0.8867
vt 0.1785 0.8534
vt 0.001 0.2792
vt 0.0467 0.1983
vt 0.001 0.1591
vt 0.068 0.2787
vt 0.0909 0.3975
vt 0.001 0.392
vt 0.001 0.0635
vt 0.1243 0.1045
vt 0.001 -0.0054
vt 0.1376 0.2428
vt 0.1072 0.1675
vt 0.1376 0.3306
vt 0.2247 0.4109
vt 0.1876 0.2887
vt 0.0768 0.4572
vt 0.001 0.4956
vt 0.1082 0.5169
vt 0.001 0.4789
vt 0.1092 0.9969
vt 0.1465 0.9163
vt 0.2034 0.9969
vt 0.1858 0.8932
vt 0.302 0.8959
vt 0.2754 0.9969
vt 0.1341 0.4803
vt 0.2936 0.9969
vt 0.3138 0.9155
vt 0.1095 0.9033
vt 0.0522 0.9969
vt 0.2629 0.8272
vt 0.2465 0.8287
vt 0.1529 0.8867
vt 0.1785 0.8534
vt 0.0467 0.1983
vt 0.068 0.2787
vt 0.0909 0.3975
vt 0.1243 0.1045
vt 0.1072 0.1675
vt 0.1376 0.2428
vt 0.1376 0.3306
vt 0.1876 0.2887
vt 0.2247 0.4109
vt 0.0768 0.4572
vt 0.1082 0.5169
vt 0.1465 0.9163
vt 0.1858 0.8932
vt 0.302 0.8959
vt 0.1341 0.4803
vt 0.3138 0.9155
vt 0.1095 0.9033
vt 0.2629 0.8272
vt 0.2465 0.8287
vt 0.1785 0.8534
vt 0.1529 0.8867
f 761/761/761 763/763/763 762/762/762
f 761/761/761 764/764/764 763/763/763
f 763/763/763 765/765/765 762/762/762
f 765/765/765 767/767/767 766/766/766
f 764/764/764 768/768/768 765/765/765
f 764/764/764 765/765/765 763/763/763
f 769/769/769 771/771/771 770/770/770
f 771/771/771 772/772/772 770/770/770
f 773/773/773 774/774/774 771/771/771
f 773/773/773 771/771/771 769/769/769
f 771/771/771 775/775/775 772/772/772
f 774/774/774 776/776/776 771/771/771
f 771/771/771 777/777/777 775/775/775
f 776/776/776 777/777/777 771/771/771
f 765/765/765 778/778/778 767/767/767
f 765/765/765 779/779/779 778/778/778
f 780/780/780 782/782/782 781/781/781
f 783/783/783 765/765/765 780/780/780
f 784/784/784 780/780/780 768/768/768
f 765/765/765 768/768/768 780/780/780
f 780/780/780 785/785/785 782/782/782
f 786/786/786 780/780/780 769/769/769
f 773/773/773 769/769/769 780/780/780
f 780/780/780 784/784/784 773/773/773
f 769/769/769 788/788/788 787/787/787
f 769/769/769 789/789/789 788/788/788
f 765/765/765 766/766/766 762/762/762
f 765/765/765 783/783/783 779/779/779
f 769/769/769 770/770/770 789/789/789
f 769/769/769 787/787/787 786/786/786
f 780/780/780 781/781/781 783/783/783
f 780/780/780 786/786/786 785/785/785
f 790/790/790 792/792/792 791/791/791
f 790/790/790 791/791/791 793/793/793
f 791/791/791 792/792/792 794/794/794
f 794/794/794 796/796/796 795/795/795
f 793/793/793 794/794/794 797/797/797
f 793/793/793 791/791/791 794/794/794
f 798/798/798 800/800/800 799/799/799
f 799/799/799 800/800/800 801/801/801
f 802/802/802 798/798/798 799/799/799
f 799/799/799 801/801/801 803/803/803
f 799/799/799 803/803/803 804/804/804
f 794/794/794 795/795/795 805/805/805
f 794/794/794 805/805/805 806/806/806
f 807/807/807 809/809/809 808/808/808
f 810/810/810 807/807/807 794/794/794
f 811/811/811 797/797/797 807/807/807
f 794/794/794 807/807/807 797/797/797
f 807/807/807 808/808/808 812/812/812
f 813/813/813 798/798/798 807/807/807
f 802/802/802 807/807/807 798/798/798
f 807/807/807 802/802/802 811/811/811
f 798/798/798 815/815/815 814/814/814
f 798/798/798 814/814/814 816/816/816
f 794/794/794 792/792/792 796/796/796
f 794/794/794 806/806/806 810/810/810
f 798/798/798 816/816/816 800/800/800
f 798/798/798 813/813/813 815/815/815
f 807/807/807 810/810/810 809/809/809
f 807/807/807 812/812/812 813/813/813
f 817/817/817 819/819/819 818/818/818
f 817/817/817 793/793/793 819/819/819
f 819/819/819 820/820/820 818/818/818
f 820/820/820 822/822/822 821/821/821
f 793/793/793 797/797/797 820/820/820
f 793/793/793 820/820/820 819/819/819
f 823/823/823 799/799/799 824/824/824
f 799/799/799 825/825/825 824/824/824
f 802/802/802 799/799/799 823/823/823
f 799/799/799 826/826/826 825/825/825
f 799/799/799 804/804/804 826/826/826
f 820/820/820 827/827/827 822/822/822
f 820/820/820 828/828/828 827/827/827
f 829/829/829 831/831/831 830/830/830
f 832/832/832 820/820/820 829/829/829
f 811/811/811 829/829/829 797/797/797
f 820/820/820 797/797/797 829/829/829
f 829/829/829 833/833/833 831/831/831
f 834/834/834 829/829/829 823/823/823
f 802/802/802 823/823/823 829/829/829
f 829/829/829 811/811/811 802/802/802
f 823/823/823 836/836/836 835/835/835
f 823/823/823 837/837/837 836/836/836
f 820/820/820 821/821/821 818/818/818
f 820/820/820 832/832/832 828/828/828
f 823/823/823 824/824/824 837/837/837
f 823/823/823 835/835/835 834/834/834
f 829/829/829 830/830/830 832/832/832
f 829/829/829 834/834/834 833/833/833
f 838/838/838 840/840/840 839/839/839
f 841/841/841 843/843/843 842/842/842
f 841/841/841 842/842/842 844/844/844
f 838/838/838 845/845/845 840/840/840
f 840/840/840 846/846/846 839/839/839
f 846/846/846 847/847/847 839/839/839
f 843/843/843 849/849/849 848/848/848
f 843/843/843 848/848/848 842/842/842
f 842/842/842 848/848/848 850/850/850
f 842/842/842 850/850/850 844/844/844
f 845/845/845 851/851/851 846/846/846
f 845/845/845 846/846/846 840/840/840
f 852/852/852 854/854/854 853/853/853
f 854/854/854 855/855/855 853/853/853
f 856/856/856 858/858/858 857/857/857
f 857/857/857 860/860/860 859/859/859
f 856/856/856 857/857/857 859/859/859
f 859/859/859 860/860/860 861/861/861
f 862/862/862 863/863/863 854/854/854
f 862/862/862 854/854/854 852/852/852
f 854/854/854 864/864/864 855/855/855
f 857/857/857 865/865/865 860/860/860
f 863/863/863 866/866/866 864/864/864
f 863/863/863 864/864/864 854/854/854
f 864/864/864 867/867/867 855/855/855
f 858/858/858 868/868/868 857/857/857
f 857/857/857 868/868/868 865/865/865
f 866/866/866 867/867/867 864/864/864
f 846/846/846 869/869/869 847/847/847
f 848/848/848 849/849/849 870/870/870
f 846/846/846 871/871/871 869/869/869
f 872/872/872 873/873/873 848/848/848
f 848/848/848 870/870/870 872/872/872
f 850/850/850 848/848/848 873/873/873
f 874/874/874 875/875/875 871/871/871
f 871/871/871 846/846/846 874/874/874
f 873/873/873 872/872/872 876/876/876
f 873/873/873 877/877/877 850/850/850
f 878/878/878 874/874/874 851/851/851
f 846/846/846 851/851/851 874/874/874
f 874/874/874 879/879/879 875/875/875
f 879/879/879 874/874/874 852/852/852
f 873/873/873 876/876/876 880/880/880
f 873/873/873 861/861/861 877/877/877
f 862/862/862 852/852/852 874/874/874
f 874/874/874 878/878/878 862/862/862
f 852/852/852 881/881/881 879/879/879
f 880/880/880 859/859/859 873/873/873
f 859/859/859 880/880/880 882/882/882
f 861/861/861 873/873/873 859/859/859
f 852/852/852 853/853/853 881/881/881
f 859/859/859 882/882/882 856/856/856
f 883/883/883 885/885/885 884/884/884
f 883/883/883 886/886/886 885/885/885
f 883/883/883 887/887/887 886/886/886
f 883/883/883 888/888/888 887/887/887
f 889/889/889 891/891/891 890/890/890
f 892/892/892 889/889/889 890/890/890
f 893/893/893 895/895/895 894/894/894
f 886/886/886 897/897/897 896/896/896
f 886/886/886 887/887/887 897/897/897
f 898/898/898 900/900/900 899/899/899
f 901/901/901 903/903/903 902/902/902
f 903/903/903 904/904/904 902/902/902
f 904/904/904 905/905/905 902/902/902
f 905/905/905 906/906/906 902/902/902
f 907/907/907 908/908/908 884/884/884
f 884/884/884 885/885/885 907/907/907
f 901/901/901 891/891/891 903/903/903
f 891/891/891 901/901/901 890/890/890
f 909/909/909 907/907/907 885/885/885
f 885/885/885 910/910/910 909/909/909
f 886/886/886 893/893/893 885/885/885
f 888/888/888 898/898/898 887/887/887
f 893/893/893 894/894/894 910/910/910
f 910/910/910 885/885/885 893/893/893
f 903/903/903 911/911/911 904/904/904
f 911/911/911 903/903/903 912/912/912
f 895/895/895 893/893/893 896/896/896
f 886/886/886 896/896/896 893/893/893
f 898/898/898 899/899/899 897/897/897
f 897/897/897 887/887/887 898/898/898
f 905/905/905 913/913/913 906/906/906
f 913/913/913 905/905/905 914/914/914
f 761/761/761 762/762/762 915/915/915
f 761/761/761 915/915/915 764/764/764
f 915/915/915 762/762/762 916/916/916
f 916/916/916 766/766/766 767/767/767
f 764/764/764 916/916/916 768/768/768
f 764/764/764 915/915/915 916/916/916
f 917/917/917 770/770/770 918/918/918
f 918/918/918 770/770/770 772/772/772
f 773/773/773 918/918/918 774/774/774
f 773/773/773 917/917/917 918/918/918
f 918/918/918 772/772/772 775/775/775
f 774/774/774 918/918/918 776/776/776
f 918/918/918 775/775/775 777/777/777
f 776/776/776 918/918/918 777/777/777
f 916/916/916 767/767/767 778/778/778
f 916/916/916 778/778/778 779/779/779
f 919/919/919 781/781/781 782/782/782
f 783/783/783 919/919/919 916/916/916
f 784/784/784 768/768/768 919/919/919
f 916/916/916 919/919/919 768/768/768
f 919/919/919 782/782/782 785/785/785
f 786/786/786 917/917/917 919/919/919
f 773/773/773 919/919/919 917/917/917
f 919/919/919 773/773/773 784/784/784
f 917/917/917 787/787/787 788/788/788
f 917/917/917 788/788/788 789/789/789
f 916/916/916 762/762/762 766/766/766
f 916/916/916 779/779/779 783/783/783
f 917/917/917 789/789/789 770/770/770
f 917/917/917 786/786/786 787/787/787
f 919/919/919 783/783/783 781/781/781
f 919/919/919 785/785/785 786/786/786
f 790/790/790 920/920/920 792/792/792
f 790/790/790 921/921/921 920/920/920
f 920/920/920 922/922/922 792/792/792
f 922/922/922 795/795/795 796/796/796
f 921/921/921 923/923/923 922/922/922
f 921/921/921 922/922/922 920/920/920
f 924/924/924 925/925/925 800/800/800
f 925/925/925 801/801/801 800/800/800
f 926/926/926 925/925/925 924/924/924
f 925/925/925 803/803/803 801/801/801
f 925/925/925 804/804/804 803/803/803
f 922/922/922 805/805/805 795/795/795
f 922/922/922 806/806/806 805/805/805
f 927/927/927 808/808/808 809/809/809
f 810/810/810 922/922/922 927/927/927
f 928/928/928 927/927/927 923/923/923
f 922/922/922 923/923/923 927/927/927
f 927/927/927 812/812/812 808/808/808
f 813/813/813 927/927/927 924/924/924
f 926/926/926 924/924/924 927/927/927
f 927/927/927 928/928/928 926/926/926
f 924/924/924 814/814/814 815/815/815
f 924/924/924 816/816/816 814/814/814
f 922/922/922 796/796/796 792/792/792
f 922/922/922 810/810/810 806/806/806
f 924/924/924 800/800/800 816/816/816
f 924/924/924 815/815/815 813/813/813
f 927/927/927 809/809/809 810/810/810
f 927/927/927 813/813/813 812/812/812
f 817/817/817 818/818/818 929/929/929
f 817/817/817 929/929/929 921/921/921
f 929/929/929 818/818/818 930/930/930
f 930/930/930 821/821/821 822/822/822
f 921/921/921 930/930/930 923/923/923
f 921/921/921 929/929/929 930/930/930
f 931/931/931 824/824/824 925/925/925
f 925/925/925 824/824/824 825/825/825
f 926/926/926 931/931/931 925/925/925
f 925/925/925 825/825/825 826/826/826
f 925/925/925 826/826/826 804/804/804
f 930/930/930 822/822/822 827/827/827
f 930/930/930 827/827/827 828/828/828
f 932/932/932 830/830/830 831/831/831
f 832/832/832 932/932/932 930/930/930
f 928/928/928 923/923/923 932/932/932
f 930/930/930 932/932/932 923/923/923
f 932/932/932 831/831/831 833/833/833
f 834/834/834 931/931/931 932/932/932
f 926/926/926 932/932/932 931/931/931
f 932/932/932 926/926/926 928/928/928
f 931/931/931 835/835/835 836/836/836
f 931/931/931 836/836/836 837/837/837
f 930/930/930 818/818/818 821/821/821
f 930/930/930 828/828/828 832/832/832
f 931/931/931 837/837/837 824/824/824
f 931/931/931 834/834/834 835/835/835
f 932/932/932 832/832/832 830/830/830
f 932/932/932 833/833/833 834/834/834
f 933/933/933 935/935/935 934/934/934
f 936/936/936 938/938/938 937/937/937
f 936/936/936 939/939/939 938/938/938
f 933/933/933 934/934/934 940/940/940
f 934/934/934 935/935/935 941/941/941
f 941/941/941 935/935/935 942/942/942
f 937/937/937 944/944/944 943/943/943
f 937/937/937 938/938/938 944/944/944
f 938/938/938 945/945/945 944/944/944
f 938/938/938 939/939/939 945/945/945
f 940/940/940 941/941/941 946/946/946
f 940/940/940 934/934/934 941/941/941
f 947/947/947 949/949/949 948/948/948
f 948/948/948 949/949/949 950/950/950
f 951/951/951 953/953/953 952/952/952
f 953/953/953 955/955/955 954/954/954
f 951/951/951 955/955/955 953/953/953
f 955/955/955 956/956/956 954/954/954
f 957/957/957 948/948/948 958/958/958
f 957/957/957 947/947/947 948/948/948
f 948/948/948 950/950/950 959/959/959
f 953/953/953 954/954/954 960/960/960
f 958/958/958 959/959/959 961/961/961
f 958/958/958 948/948/948 959/959/959
f 959/959/959 950/950/950 962/962/962
f 952/952/952 953/953/953 963/963/963
f 953/953/953 960/960/960 963/963/963
f 961/961/961 959/959/959 962/962/962
f 941/941/941 942/942/942 964/964/964
f 944/944/944 965/965/965 943/943/943
f 941/941/941 964/964/964 966/966/966
f 967/967/967 944/944/944 968/968/968
f 944/944/944 967/967/967 965/965/965
f 945/945/945 968/968/968 944/944/944
f 969/969/969 966/966/966 970/970/970
f 966/966/966 969/969/969 941/941/941
f 968/968/968 971/971/971 967/967/967
f 968/968/968 945/945/945 972/972/972
f 973/973/973 946/946/946 969/969/969
f 941/941/941 969/969/969 946/946/946
f 969/969/969 970/970/970 974/974/974
f 974/974/974 947/947/947 969/969/969
f 968/968/968 975/975/975 971/971/971
f 968/968/968 972/972/972 956/956/956
f 957/957/957 969/969/969 947/947/947
f 969/969/969 957/957/957 973/973/973
f 947/947/947 974/974/974 976/976/976
f 975/975/975 968/968/968 955/955/955
f 955/955/955 977/977/977 975/975/975
f 956/956/956 955/955/955 968/968/968
f 947/947/947 976/976/976 949/949/949
f 955/955/955 951/951/951 977/977/977
f 883/883/883 884/884/884 978/978/978
f 883/883/883 978/978/978 979/979/979
f 883/883/883 979/979/979 980/980/980
f 883/883/883 980/980/980 888/888/888
f 981/981/981 890/890/890 982/982/982
f 892/892/892 890/890/890 981/981/981
f 983/983/983 985/985/985 984/984/984
f 979/979/979 987/987/987 986/986/986
f 979/979/979 986/986/986 980/980/980
f 898/898/898 988/988/988 900/900/900
f 901/901/901 902/902/902 989/989/989
f 989/989/989 902/902/902 990/990/990
f 990/990/990 902/902/902 991/991/991
f 991/991/991 902/902/902 906/906/906
f 992/992/992 884/884/884 908/908/908
f 884/884/884 992/992/992 978/978/978
f 901/901/901 989/989/989 982/982/982
f 982/982/982 890/890/890 901/901/901
f 993/993/993 978/978/978 992/992/992
f 978/978/978 993/993/993 994/994/994
f 979/979/979 978/978/978 983/983/983
f 888/888/888 980/980/980 898/898/898
f 983/983/983 994/994/994 985/985/985
f 994/994/994 983/983/983 978/978/978
f 989/989/989 990/990/990 995/995/995
f 995/995/995 996/996/996 989/989/989
f 984/984/984 987/987/987 983/983/983
f 979/979/979 983/983/983 987/987/987
f 898/898/898 986/986/986 988/988/988
f 986/986/986 898/898/898 980/980/980
f 991/991/991 906/906/906 913/913/913
f 913/913/913 997/997/997 991/991/991
f 998/998/998 1000/1000/1000 999/999/999
f 998/998/998 1001/1001/1001 1000/1000/1000
f 998/998/998 1002/1002/1002 1001/1001/1001
f 998/998/998 1003/1003/1003 1002/1002/1002
f 1004/1004/1004 1006/1006/1006 1005/1005/1005
f 1000/1000/1000 1008/1008/1008 1007/1007/1007
f 1000/1000/1000 1001/1001/1001 1008/1008/1008
f 1009/1009/1009 1011/1011/1011 1010/1010/1010
f 1012/1012/1012 1014/1014/1014 1013/1013/1013
f 1012/1012/1012 1015/1015/1015 1014/1014/1014
f 1016/1016/1016 1018/1018/1018 1017/1017/1017
f 1018/1018/1018 1019/1019/1019 1017/1017/1017
f 1019/1019/1019 1020/1020/1020 1017/1017/1017
f 1020/1020/1020 1021/1021/1021 1017/1017/1017
f 1012/1012/1012 1002/1002/1002 1003/1003/1003
f 1003/1003/1003 1015/1015/1015 1012/1012/1012
f 1002/1002/1002 1013/1013/1013 1022/1022/1022
f 1013/1013/1013 1002/1002/1002 1012/1012/1012
f 1020/1020/1020 1023/1023/1023 1021/1021/1021
f 1023/1023/1023 1020/1020/1020 1024/1024/1024
f 1000/1000/1000 1004/1004/1004 999/999/999
f 1001/1001/1001 1002/1002/1002 1009/1009/1009
f 1016/1016/1016 1025/1025/1025 1018/1018/1018
f 1025/1025/1025 1016/1016/1016 1026/1026/1026
f 1007/1007/1007 1004/1004/1004 1000/1000/1000
f 1004/1004/1004 1007/1007/1007 1006/1006/1006
f 1009/1009/1009 1010/1010/1010 1008/1008/1008
f 1008/1008/1008 1001/1001/1001 1009/1009/1009
f 1019/1019/1019 1027/1027/1027 1020/1020/1020
f 1028/1028/1028 1030/1030/1030 1029/1029/1029
f 1022/1022/1022 1009/1009/1009 1002/1002/1002
f 1009/1009/1009 1022/1022/1022 1011/1011/1011
f 998/998/998 999/999/999 1031/1031/1031
f 998/998/998 1031/1031/1031 1032/1032/1032
f 998/998/998 1032/1032/1032 1033/1033/1033
f 998/998/998 1033/1033/1033 1003/1003/1003
f 1004/1004/1004 1005/1005/1005 1034/1034/1034
f 1031/1031/1031 1036/1036/1036 1035/1035/1035
f 1031/1031/1031 1035/1035/1035 1032/1032/1032
f 1037/1037/1037 1039/1039/1039 1038/1038/1038
f 1040/1040/1040 1041/1041/1041 1014/1014/1014
f 1040/1040/1040 1014/1014/1014 1015/1015/1015
f 1016/1016/1016 1017/1017/1017 1042/1042/1042
f 1042/1042/1042 1017/1017/1017 1043/1043/1043
f 1043/1043/1043 1017/1017/1017 1044/1044/1044
f 1044/1044/1044 1017/1017/1017 1021/1021/1021
f 1040/1040/1040 1003/1003/1003 1033/1033/1033
f 1003/1003/1003 1040/1040/1040 1015/1015/1015
f 1033/1033/1033 1045/1045/1045 1041/1041/1041
f 1041/1041/1041 1040/1040/1040 1033/1033/1033
f 1044/1044/1044 1021/1021/1021 1023/1023/1023
f 1023/1023/1023 1046/1046/1046 1044/1044/1044
f 1031/1031/1031 999/999/999 1004/1004/1004
f 1032/1032/1032 1037/1037/1037 1033/1033/1033
f 1016/1016/1016 1042/1042/1042 1047/1047/1047
f 1047/1047/1047 1026/1026/1026 1016/1016/1016
f 1036/1036/1036 1031/1031/1031 1004/1004/1004
f 1004/1004/1004 1034/1034/1034 1036/1036/1036
f 1037/1037/1037 1035/1035/1035 1039/1039/1039
f 1035/1035/1035 1037/1037/1037 1032/1032/1032
f 1043/1043/1043 1044/1044/1044 1048/1048/1048
f 1049/1049/1049 1051/1051/1051 1050/1050/1050
f 1045/1045/1045 1033/1033/1033 1037/1037/1037
f 1037/1037/1037 1038/1038/1038 1045/1045/1045
f 1052/1052/1052 1054/1054/1054 1053/1053/1053
f 1052/1052/1052 1053/1053/1053 1055/1055/1055
f 1052/1052/1052 1055/1055/1055 1056/1056/1056
f 1052/1052/1052 1056/1056/1056 1057/1057/1057
f 1058/1058/1058 1060/1060/1060 1059/1059/1059
f 1053/1053/1053 1062/1062/1062 1061/1061/1061
f 1053/1053/1053 1061/1061/1061 1055/1055/1055
f 1063/1063/1063 1065/1065/1065 1064/1064/1064
f 1066/1066/1066 1068/1068/1068 1067/1067/1067
f 1066/1066/1066 1067/1067/1067 1069/1069/1069
f 1070/1070/1070 1072/1072/1072 1071/1071/1071
f 1071/1071/1071 1072/1072/1072 1073/1073/1073
f 1073/1073/1073 1072/1072/1072 1074/1074/1074
f 1074/1074/1074 1072/1072/1072 1075/1075/1075
f 1066/1066/1066 1057/1057/1057 1056/1056/1056
f 1057/1057/1057 1066/1066/1066 1069/1069/1069
f 1056/1056/1056 1076/1076/1076 1068/1068/1068
f 1068/1068/1068 1066/1066/1066 1056/1056/1056
f 1074/1074/1074 1075/1075/1075 1077/1077/1077
f 1077/1077/1077 1078/1078/1078 1074/1074/1074
f 1053/1053/1053 1054/1054/1054 1058/1058/1058
f 1055/1055/1055 1063/1063/1063 1056/1056/1056
f 1070/1070/1070 1071/1071/1071 1079/1079/1079
f 1079/1079/1079 1080/1080/1080 1070/1070/1070
f 1062/1062/1062 1053/1053/1053 1058/1058/1058
f 1058/1058/1058 1059/1059/1059 1062/1062/1062
f 1063/1063/1063 1061/1061/1061 1065/1065/1065
f 1061/1061/1061 1063/1063/1063 1055/1055/1055
f 1073/1073/1073 1074/1074/1074 1081/1081/1081
f 1082/1082/1082 1084/1084/1084 1083/1083/1083
f 1076/1076/1076 1056/1056/1056 1063/1063/1063
f 1063/1063/1063 1064/1064/1064 1076/1076/1076
f 1052/1052/1052 1085/1085/1085 1054/1054/1054
f 1052/1052/1052 1086/1086/1086 1085/1085/1085
f 1052/1052/1052 1087/1087/1087 1086/1086/1086
f 1052/1052/1052 1057/1057/1057 1087/1087/1087
f 1058/1058/1058 1088/1088/1088 1060/1060/1060
f 1085/1085/1085 1090/1090/1090 1089/1089/1089
f 1085/1085/1085 1086/1086/1086 1090/1090/1090
f 1091/1091/1091 1093/1093/1093 1092/1092/1092
f 1094/1094/1094 1067/1067/1067 1095/1095/1095
f 1094/1094/1094 1069/1069/1069 1067/1067/1067
f 1070/1070/1070 1096/1096/1096 1072/1072/1072
f 1096/1096/1096 1097/1097/1097 1072/1072/1072
f 1097/1097/1097 1098/1098/1098 1072/1072/1072
f 1098/1098/1098 1075/1075/1075 1072/1072/1072
f 1094/1094/1094 1087/1087/1087 1057/1057/1057
f 1057/1057/1057 1069/1069/1069 1094/1094/1094
f 1087/1087/1087 1095/1095/1095 1099/1099/1099
f 1095/1095/1095 1087/1087/1087 1094/1094/1094
f 1098/1098/1098 1077/1077/1077 1075/1075/1075
f 1077/1077/1077 1098/1098/1098 1100/1100/1100
f 1085/1085/1085 1058/1058/1058 1054/1054/1054
f 1086/1086/1086 1087/1087/1087 1091/1091/1091
f 1070/1070/1070 1101/1101/1101 1096/1096/1096
f 1101/1101/1101 1070/1070/1070 1080/1080/1080
f 1089/1089/1089 1058/1058/1058 1085/1085/1085
f 1058/1058/1058 1089/1089/1089 1088/1088/1088
f 1091/1091/1091 1092/1092/1092 1090/1090/1090
f 1090/1090/1090 1086/1086/1086 1091/1091/1091
f 1097/1097/1097 1102/1102/1102 1098/1098/1098
f 1103/1103/1103 1105/1105/1105 1104/1104/1104
f 1099/1099/1099 1091/1091/1091 1087/1087/1087
f 1091/1091/1091 1099/1099/1099 1093/1093/1093
f 1106/1106/1106 1108/1108/1108 1107/1107/1107
f 1106/1106/1106 1109/1109/1109 1108/1108/1108
f 1106/1106/1106 1110/1110/1110 1109/1109/1109
f 1106/1106/1106 1111/1111/1111 1110/1110/1110
f 1112/1112/1112 1114/1114/1114 1113/1113/1113
f 1108/1108/1108 1116/1116/1116 1115/1115/1115
f 1108/1108/1108 1109/1109/1109 1116/1116/1116
f 1117/1117/1117 1119/1119/1119 1118/1118/1118
f 1120/1120/1120 1122/1122/1122 1121/1121/1121
f 1120/1120/1120 1123/1123/1123 1122/1122/1122
f 1124/1124/1124 1126/1126/1126 1125/1125/1125
f 1126/1126/1126 1127/1127/1127 1125/1125/1125
f 1127/1127/1127 1128/1128/1128 1125/1125/1125
f 1128/1128/1128 1129/1129/1129 1125/1125/1125
f 1120/1120/1120 1110/1110/1110 1111/1111/1111
f 1111/1111/1111 1123/1123/1123 1120/1120/1120
f 1110/1110/1110 1121/1121/1121 1130/1130/1130
f 1121/1121/1121 1110/1110/1110 1120/1120/1120
f 1128/1128/1128 1131/1131/1131 1129/1129/1129
f 1131/1131/1131 1128/1128/1128 1132/1132/1132
f 1108/1108/1108 1112/1112/1112 1107/1107/1107
f 1109/1109/1109 1110/1110/1110 1117/1117/1117
f 1124/1124/1124 1133/1133/1133 1126/1126/1126
f 1133/1133/1133 1124/1124/1124 1134/1134/1134
f 1115/1115/1115 1112/1112/1112 1108/1108/1108
f 1112/1112/1112 1115/1115/1115 1114/1114/1114
f 1117/1117/1117 1118/1118/1118 1116/1116/1116
f 1116/1116/1116 1109/1109/1109 1117/1117/1117
f 1127/1127/1127 1135/1135/1135 1128/1128/1128
f 1136/1136/1136 1138/1138/1138 1137/1137/1137
f 1130/1130/1130 1117/1117/1117 1110/1110/1110
f 1117/1117/1117 1130/1130/1130 1119/1119/1119
f 1106/1106/1106 1107/1107/1107 1139/1139/1139
f 1106/1106/1106 1139/1139/1139 1140/1140/1140
f 1106/1106/1106 1140/1140/1140 1141/1141/1141
f 1106/1106/1106 1141/1141/1141 1111/1111/1111
f 1112/1112/1112 1113/1113/1113 1142/1142/1142
f 1139/1139/1139 1144/1144/1144 1143/1143/1143
f 1139/1139/1139 1143/1143/1143 1140/1140/1140
f 1145/1145/1145 1147/1147/1147 1146/1146/1146
f 1148/1148/1148 1149/1149/1149 1122/1122/1122
f 1148/1148/1148 1122/1122/1122 1123/1123/1123
f 1124/1124/1124 1125/1125/1125 1150/1150/1150
f 1150/1150/1150 1125/1125/1125 1151/1151/1151
f 1151/1151/1151 1125/1125/1125 1152/1152/1152
f 1152/1152/1152 1125/1125/1125 1129/1129/1129
f 1148/1148/1148 1111/1111/1111 1141/1141/1141
f 1111/1111/1111 1148/1148/1148 1123/1123/1123
f 1141/1141/1141 1153/1153/1153 1149/1149/1149
f 1149/1149/1149 1148/1148/1148 1141/1141/1141
f 1152/1152/1152 1129/1129/1129 1131/1131/1131
f 1131/1131/1131 1154/1154/1154 1152/1152/1152
f 1139/1139/1139 1107/1107/1107 1112/1112/1112
f 1140/1140/1140 1145/1145/1145 1141/1141/1141
f 1124/1124/1124 1150/1150/1150 1155/1155/1155
f 1155/1155/1155 1134/1134/1134 1124/1124/1124
f 1144/1144/1144 1139/1139/1139 1112/1112/1112
f 1112/1112/1112 1142/1142/1142 1144/1144/1144
f 1145/1145/1145 1143/1143/1143 1147/1147/1147
f 1143/1143/1143 1145/1145/1145 1140/1140/1140
f 1151/1151/1151 1152/1152/1152 1156/1156/1156
f 1157/1157/1157 1159/1159/1159 1158/1158/1158
f 1153/1153/1153 1141/1141/1141 1145/1145/1145
f 1145/1145/1145 1146/1146/1146 1153/1153/1153
f 1160/1160/1160 1162/1162/1162 1161/1161/1161
f 1160/1160/1160 1161/1161/1161 1163/1163/1163
f 1160/1160/1160 1163/1163/1163 1164/1164/1164
f 1160/1160/1160 1164/1164/1164 1165/1165/1165
f 1166/1166/1166 1168/1168/1168 1167/1167/1167
f 1161/1161/1161 1170/1170/1170 1169/1169/1169
f 1161/1161/1161 1169/1169/1169 1163/1163/1163
f 1171/1171/1171 1173/1173/1173 1172/1172/1172
f 1174/1174/1174 1176/1176/1176 1175/1175/1175
f 1174/1174/1174 1175/1175/1175 1177/1177/1177
f 1178/1178/1178 1180/1180/1180 1179/1179/1179
f 1179/1179/1179 1180/1180/1180 1181/1181/1181
f 1181/1181/1181 1180/1180/1180 1182/1182/1182
f 1182/1182/1182 1180/1180/1180 1183/1183/1183
f 1174/1174/1174 1165/1165/1165 1164/1164/1164
f 1165/1165/1165 1174/1174/1174 1177/1177/1177
f 1164/1164/1164 1184/1184/1184 1176/1176/1176
f 1176/1176/1176 1174/1174/1174 1164/1164/1164
f 1182/1182/1182 1183/1183/1183 1185/1185/1185
f 1185/1185/1185 1186/1186/1186 1182/1182/1182
f 1161/1161/1161 1162/1162/1162 1166/1166/1166
f 1163/1163/1163 1171/1171/1171 1164/1164/1164
f 1178/1178/1178 1179/1179/1179 1187/1187/1187
f 1187/1187/1187 1188/1188/1188 1178/1178/1178
f 1170/1170/1170 1161/1161/1161 1166/1166/1166
f 1166/1166/1166 1167/1167/1167 1170/1170/1170
f 1171/1171/1171 1169/1169/1169 1173/1173/1173
f 1169/1169/1169 1171/1171/1171 1163/1163/1163
f 1181/1181/1181 1182/1182/1182 1189/1189/1189
f 1190/1190/1190 1192/1192/1192 1191/1191/1191
f 1184/1184/1184 1164/1164/1164 1171/1171/1171
f 1171/1171/1171 1172/1172/1172 1184/1184/1184
f 1160/1160/1160 1193/1193/1193 1162/1162/1162
f 1160/1160/1160 1194/1194/1194 1193/1193/1193
f 1160/1160/1160 1195/1195/1195 1194/1194/1194
f 1160/1160/1160 1165/1165/1165 1195/1195/1195
f 1166/1166/1166 1196/1196/1196 1168/1168/1168
f 1193/1193/1193 1198/1198/1198 1197/1197/1197
f 1193/1193/1193 1194/1194/1194 1198/1198/1198
f 1199/1199/1199 1201/1201/1201 1200/1200/1200
f 1202/1202/1202 1175/1175/1175 1203/1203/1203
f 1202/1202/1202 1177/1177/1177 1175/1175/1175
f 1178/1178/1178 1204/1204/1204 1180/1180/1180
f 1204/1204/1204 1205/1205/1205 1180/1180/1180
f 1205/1205/1205 1206/1206/1206 1180/1180/1180
f 1206/1206/1206 1183/1183/1183 1180/1180/1180
f 1202/1202/1202 1195/1195/1195 1165/1165/1165
f 1165/1165/1165 1177/1177/1177 1202/1202/1202
f 1195/1195/1195 1203/1203/1203 1207/1207/1207
f 1203/1203/1203 1195/1195/1195 1202/1202/1202
f 1206/1206/1206 1185/1185/1185 1183/1183/1183
f 1185/1185/1185 1206/1206/1206 1208/1208/1208
f 1193/1193/1193 1166/1166/1166 1162/1162/1162
f 1194/1194/1194 1195/1195/1195 1199/1199/1199
f 1178/1178/1178 1209/1209/1209 1204/1204/1204
f 1209/1209/1209 1178/1178/1178 1188/1188/1188
f 1197/1197/1197 1166/1166/1166 1193/1193/1193
f 1166/1166/1166 1197/1197/1197 1196/1196/1196
f 1199/1199/1199 1200/1200/1200 1198/1198/1198
f 1198/1198/1198 1194/1194/1194 1199/1199/1199
f 1205/1205/1205 1210/1210/1210 1206/1206/1206
f 1211/1211/1211 1213/1213/1213 1212/1212/1212
f 1207/1207/1207 1199/1199/1199 1195/1195/1195
f 1199/1199/1199 1207/1207/1207 1201/1201/1201

g drt05
# texture: drt05.jpg
v 27.59319 208.2032 167.8396
v 20.01451 200.0159 174.4709
v 28.21448 207.7373 156.9439
v 28.84627 220.6989 147.9679
v 26.6934 217.5529 177.3717
v -25.66151 208.2032 167.8395
v -26.28283 207.7374 156.9439
v -18.08281 200.0159 174.4709
v -26.91465 220.6989 147.9679
v -24.76172 217.5528 177.3717
vn 0.946902 -0.27044 0.173892
vn 0.805514 -0.528416 0.268186
vn 0.934906 -0.348278 0.068219
vn 0.997793 0.005223 0.066196
vn 0.942675 -0.1894 0.274757
vn -0.946901 -0.270441 0.173895
vn -0.934905 -0.348279 0.068222
vn -0.805513 -0.528417 0.268188
vn -0.997793 0.005223 0.066199
vn -0.942674 -0.189401 0.274759
vt 0.3914 0.41
vt 0.0005 0.0005
vt 0.9901 0.0067
vt 0.9995 0.9995
vt 0.0052 1.0089
vt 0.3914 0.41
vt 0.9901 0.0067
vt 0.0005 0.0005
vt 0.9995 0.9995
vt 0.0052 1.0089
f 1214/1214/1214 1216/1216/1216 1215/1215/1215
f 1214/1214/1214 1217/1217/1217 1216/1216/1216
f 1218/1218/1218 1217/1217/1217 1214/1214/1214
f 1214/1214/1214 1215/1215/1215 1218/1218/1218
f 1219/1219/1219 1221/1221/1221 1220/1220/1220
f 1219/1219/1219 1220/1220/1220 1222/1222/1222
f 1223/1223/1223 1219/1219/1219 1222/1222/1222
f 1219/1219/1219 1223/1223/1223 1221/1221/1221

g drt00
# texture: drt00.jpg
v 1.067418 144.8502 178.0318
v 1.067418 150.8834 166.6756
v 8.256017 150.4785 168.976
v 12.69881 149.4188 174.9984
v 12.69883 148.1089 182.4426
v 8.256047 147.0491 188.465
v 1.067449 146.6443 190.7653
v -6.121058 147.0491 188.465
v -10.56388 148.1089 182.4425
v -10.56388 149.4188 174.9984
v -6.121089 150.4785 168.976
v 1.067395 162.4393 161.0345
v 12.6988 161.7843 164.7566
v 19.88732 160.0695 174.5011
v 19.88735 157.95 186.5459
v 12.69884 156.2353 196.2904
v 1.067449 155.5803 200.0124
v -10.56387 156.2353 196.2904
v -17.75248 157.95 186.5459
v -17.7525 160.0695 174.5011
v -10.56391 161.7843 164.7565
v 1.067403 175.104 163.2631
v 12.6988 174.449 166.9852
v 19.88733 172.7342 176.7296
v 19.88733 170.6147 188.7745
v 12.69884 168.8999 198.519
v 1.067464 168.245 202.2411
v -10.56385 168.8999 198.519
v -17.75248 170.6148 188.7746
v -17.75248 172.7342 176.7297
v -10.5639 174.4491 166.9851
v 1.067395 184.04 172.5102
v 8.256001 183.6352 174.8105
v 12.69883 182.5755 180.833
v 12.69883 181.2655 188.2772
v 8.256032 180.2057 194.2995
v 1.067434 179.8009 196.6
v -6.121073 180.2057 194.2996
v -10.56387 181.2655 188.2772
v -10.56389 182.5754 180.833
v -6.121096 183.6352 174.8107
v 1.067418 185.8341 185.2438
v 1.067418 185.8341 185.2438
vn 0 -0.984876 -0.173263
vn 0.054497 -0.649229 -0.758638
vn 0.417085 -0.675785 -0.607746
vn 0.620408 -0.734204 -0.275751
vn 0.586793 -0.802152 0.110575
vn 0.328995 -0.853745 0.403587
vn -0.054496 -0.869185 0.491474
vn -0.417081 -0.842646 0.340576
vn -0.62042 -0.784223 0.008572
vn -0.586795 -0.716224 -0.377749
vn -0.329016 -0.664662 -0.670801
vn 0.009999 -0.142245 -0.989781
vn 0.566611 -0.174681 -0.805257
vn 0.906763 -0.257604 -0.333799
vn 0.900577 -0.359406 0.244516
vn 0.550393 -0.441149 0.708841
vn -0.009999 -0.471594 0.881759
vn -0.566608 -0.439067 0.697263
vn -0.906752 -0.356104 0.225812
vn -0.900589 -0.254319 -0.352507
vn -0.550405 -0.172683 -0.816845
vn -0.010001 0.471594 -0.881759
vn 0.550391 0.441149 -0.708842
vn 0.900576 0.359407 -0.244519
vn 0.906763 0.257605 0.333796
vn 0.566613 0.174681 0.805256
vn 0.010001 0.142245 0.989781
vn -0.550403 0.172683 0.816846
vn -0.900589 0.254318 0.352509
vn -0.906753 0.356103 -0.22581
vn -0.56661 0.439066 -0.697262
vn -0.054498 0.869185 -0.491474
vn 0.328993 0.853745 -0.403587
vn 0.586792 0.802152 -0.110576
vn 0.620408 0.734205 0.27575
vn 0.417086 0.675786 0.607745
vn 0.054498 0.649229 0.758638
vn -0.329015 0.664661 0.670802
vn -0.586795 0.716224 0.377751
vn -0.620421 0.784223 -0.00857
vn -0.417082 0.842645 -0.340575
vn -0 0.984876 0.173263
vn -0 0.984876 0.173263
vt 0.5 0.5
vt 0.4 0.5
vt 0.4191 0.4412
vt 0.4691 0.4049
vt 0.5309 0.4049
vt 0.5809 0.4412
vt 0.6 0.5
vt 0.5809 0.5588
vt 0.5309 0.5951
vt 0.4691 0.5951
vt 0.4191 0.5588
vt 0.3 0.5
vt 0.3382 0.3824
vt 0.4382 0.3098
vt 0.5618 0.3098
vt 0.6618 0.3824
vt 0.7 0.5
vt 0.6618 0.6176
vt 0.5618 0.6902
vt 0.4382 0.6902
vt 0.3382 0.6176
vt 0.2 0.5
vt 0.2573 0.3237
vt 0.4073 0.2147
vt 0.5927 0.2147
vt 0.7427 0.3237
vt 0.8 0.5
vt 0.7427 0.6763
vt 0.5927 0.7853
vt 0.4073 0.7853
vt 0.2573 0.6763
vt 0.1 0.5
vt 0.1764 0.2649
vt 0.3764 0.1196
vt 0.6236 0.1196
vt 0.8236 0.2649
vt 0.9 0.5
vt 0.8236 0.7351
vt 0.6236 0.8804
vt 0.3764 0.8804
vt 0.1764 0.7351
vt 0 0.5
vt 1 0.5
f 1224/1224/1224 1226/1226/1226 1225/1225/1225
f 1224/1224/1224 1227/1227/1227 1226/1226/1226
f 1224/1224/1224 1228/1228/1228 1227/1227/1227
f 1224/1224/1224 1229/1229/1229 1228/1228/1228
f 1224/1224/1224 1230/1230/1230 1229/1229/1229
f 1224/1224/1224 1231/1231/1231 1230/1230/1230
f 1224/1224/1224 1232/1232/1232 1231/1231/1231
f 1224/1224/1224 1233/1233/1233 1232/1232/1232
f 1224/1224/1224 1234/1234/1234 1233/1233/1233
f 1224/1224/1224 1225/1225/1225 1234/1234/1234
f 1225/1225/1225 1236/1236/1236 1235/1235/1235
f 1225/1225/1225 1226/1226/1226 1236/1236/1236
f 1226/1226/1226 1237/1237/1237 1236/1236/1236
f 1226/1226/1226 1227/1227/1227 1237/1237/1237
f 1227/1227/1227 1238/1238/1238 1237/1237/1237
f 1227/1227/1227 1228/1228/1228 1238/1238/1238
f 1228/1228/1228 1239/1239/1239 1238/1238/1238
f 1228/1228/1228 1229/1229/1229 1239/1239/1239
f 1229/1229/1229 1240/1240/1240 1239/1239/1239
f 1229/1229/1229 1230/1230/1230 1240/1240/1240
f 1230/1230/1230 1241/1241/1241 1240/1240/1240
f 1230/1230/1230 1231/1231/1231 1241/1241/1241
f 1231/1231/1231 1242/1242/1242 1241/1241/1241
f 1231/1231/1231 1232/1232/1232 1242/1242/1242
f 1232/1232/1232 1243/1243/1243 1242/1242/1242
f 1232/1232/1232 1233/1233/1233 1243/1243/1243
f 1233/1233/1233 1244/1244/1244 1243/1243/1243
f 1233/1233/1233 1234/1234/1234 1244/1244/1244
f 1234/1234/1234 1235/1235/1235 1244/1244/1244
f 1234/1234/1234 1225/1225/1225 1235/1235/1235
f 1235/1235/1235 1246/1246/1246 1245/1245/1245
f 1235/1235/1235 1236/1236/1236 1246/1246/1246
f 1236/1236/1236 1247/1247/1247 1246/1246/1246
f 1236/1236/1236 1237/1237/1237 1247/1247/1247
f 1237/1237/1237 1248/1248/1248 1247/1247/1247
f 1237/1237/1237 1238/1238/1238 1248/1248/1248
f 1238/1238/1238 1249/1249/1249 1248/1248/1248
f 1238/1238/1238 1239/1239/1239 1249/1249/1249
f 1239/1239/1239 1250/1250/1250 1249/1249/1249
f 1239/1239/1239 1240/1240/1240 1250/1250/1250
f 1240/1240/1240 1251/1251/1251 1250/1250/1250
f 1240/1240/1240 1241/1241/1241 1251/1251/1251
f 1241/1241/1241 1252/1252/1252 1251/1251/1251
f 1241/1241/1241 1242/1242/1242 1252/1252/1252
f 1242/1242/1242 1253/1253/1253 1252/1252/1252
f 1242/1242/1242 1243/1243/1243 1253/1253/1253
f 1243/1243/1243 1254/1254/1254 1253/1253/1253
f 1243/1243/1243 1244/1244/1244 1254/1254/1254
f 1244/1244/1244 1245/1245/1245 1254/1254/1254
f 1244/1244/1244 1235/1235/1235 1245/1245/1245
f 1245/1245/1245 1256/1256/1256 1255/1255/1255
f 1245/1245/1245 1246/1246/1246 1256/1256/1256
f 1246/1246/1246 1257/1257/1257 1256/1256/1256
f 1246/1246/1246 1247/1247/1247 1257/1257/1257
f 1247/1247/1247 1258/1258/1258 1257/1257/1257
f 1247/1247/1247 1248/1248/1248 1258/1258/1258
f 1248/1248/1248 1259/1259/1259 1258/1258/1258
f 1248/1248/1248 1249/1249/1249 1259/1259/1259
f 1249/1249/1249 1260/1260/1260 1259/1259/1259
f 1249/1249/1249 1250/1250/1250 1260/1260/1260
f 1250/1250/1250 1261/1261/1261 1260/1260/1260
f 1250/1250/1250 1251/1251/1251 1261/1261/1261
f 1251/1251/1251 1262/1262/1262 1261/1261/1261
f 1251/1251/1251 1252/1252/1252 1262/1262/1262
f 1252/1252/1252 1263/1263/1263 1262/1262/1262
f 1252/1252/1252 1253/1253/1253 1263/1263/1263
f 1253/1253/1253 1264/1264/1264 1263/1263/1263
f 1253/1253/1253 1254/1254/1254 1264/1264/1264
f 1254/1254/1254 1255/1255/1255 1264/1264/1264
f 1254/1254/1254 1245/1245/1245 1255/1255/1255
f 1265/1265/1265 1255/1255/1255 1256/1256/1256
f 1265/1265/1265 1256/1256/1256 1257/1257/1257
f 1265/1265/1265 1257/1257/1257 1258/1258/1258
f 1266/1266/1266 1258/1258/1258 1259/1259/1259
f 1266/1266/1266 1259/1259/1259 1260/1260/1260
f 1266/1266/1266 1260/1260/1260 1261/1261/1261
f 1266/1266/1266 1261/1261/1261 1262/1262/1262
f 1265/1265/1265 1262/1262/1262 1263/1263/1263
f 1265/1265/1265 1263/1263/1263 1264/1264/1264
f 1265/1265/1265 1264/1264/1264 1255/1255/1255

g drt03
# texture: drt03.tga
v -45.86522 30.91725 17.21207
v -31.99681 28.48147 -36.60748
v -45.86533 -7.171379 -21.67528
v -31.99681 58.63795 -15.50719
v 0.186983 13.40334 -47.15757
v 0.18708 -43.11427 -50.61638
v -45.86513 -30.98121 35.84294
v -31.99682 9.532196 -24.08414
v -45.86522 -13.1468 -18.32032
v -31.99672 30.65321 6.057766
v 0.187082 -1.028405 -39.1551
v 0.187085 -15.12029 -64.06676
v -45.86514 -58.37928 25.1943
v -31.99672 -20.22941 -3.229569
v -45.86523 -44.88729 -25.22836
v -31.99662 0.891602 26.91234
v 0.18708 -30.79001 -18.30042
v 0.18718 -49.01625 -71.47664
v -45.86503 -155.8855 -98.74509
v -31.99661 -134.6158 -122.9608
v -45.86514 -160.0667 -153.0175
v -31.99652 -164.7577 -101.8398
v 0.187288 -119.545 -133.5214
v 0.187173 -161.8471 -186.3678
v -45.86494 -188.5574 -97.24371
v -31.99663 -145.7227 -144.1259
v -45.86504 -200.194 -153.0677
v -31.99653 -148.9179 -107.4596
v 0.187181 -144.1252 -162.4591
v 0.187265 -216.0166 -176.5609
v -44.08635 -217.9541 -92.67417
v -31.99653 -182.1469 -147.2999
v -44.08645 -231.481 -143.0875
v -31.99654 -185.3421 -110.6336
v 0.187272 -180.5495 -165.6332
v 0.18736 -248.7765 -168.1935
v -38.95377 -257.087 -70.31097
v -28.50705 -250.8884 -128.0344
v -38.95377 -294.9977 -101.655
v -28.50696 -242.2954 -96.00918
v 0.187349 -255.1849 -144.0469
v 0.18744 -307.5987 -117.6787
v -35.52878 -278.6465 -49.96155
v -25.08536 -277.6464 -104.4133
v -35.52877 -319.3449 -68.19321
v -25.08526 -259.156 -82.39276
v 0.187444 -286.8918 -115.4236
v 0.187635 -341.9411 -72.97391
v -35.52878 -287.3665 -40.82903
v -21.66026 -304.6082 -79.80849
v -35.52878 -321.1976 -53.12926
v -21.66027 -288.2856 -60.36961
v 0.187539 -312.7695 -89.52787
v 0.187631 -347.5988 -49.20295
v -45.75507 190.4818 -5.348049
v -31.48268 244.5339 22.22722
v -45.6666 237.9014 -32.07529
v -31.7336 208.9797 12.71566
v 0.824794 262.1631 26.68704
v 0.465969 266.6014 -42.69963
v -45.86562 183.6646 -21.03055
v -31.72986 235.8432 -15.38161
v -45.86573 206.1519 -73.43323
v -31.8262 201.2623 -2.780594
v 0.501462 252.9897 -21.83083
v 0.186674 213.1207 -102.0476
v -45.86562 157.299 -34.02655
v -31.94317 223.4018 -49.52594
v -45.86572 174.6632 -92.86126
v -32.03951 188.821 -36.92493
v 0.28825 240.5484 -55.97515
v 0.186679 184.8765 -120.8882
v -45.08372 184.7993 69.55249
v -31.21519 224.1534 111.865
v -45.08375 239.2295 70.11722
v -31.21518 187.9051 105.4863
v 0.968715 242.2776 115.0542
v 0.968654 269.4685 75.55421
v -45.55415 194.4294 25.28992
v -31.21523 229.1216 83.63168
v -45.14134 248.5922 43.12087
v -31.21522 192.8732 77.25309
v 0.968677 247.2458 86.82089
v 1.083328 277.493 47.14437
v -45.62517 199.3142 14.24522
v -31.26136 237.0915 50.04151
v -45.48845 248.3561 -3.625378
v -31.51217 201.5373 40.53004
v 1.046215 254.7206 54.50143
v 0.605878 277.4279 -22.89384
v -45.86541 76.7338 -22.35614
v -31.997 59.34834 -80.72224
v -45.86541 31.93681 -57.63997
v -31.99701 77.35326 -59.23987
v 0.186782 97.32182 -111.7823
v 0.186983 -0.952286 -70.68712
v -45.86532 47.70892 3.503376
v -31.99691 45.09478 -60.35102
v -45.86532 17.75536 -39.24319
v -31.99691 75.25116 -39.25073
v 0.186883 30.01654 -70.90111
v 0.186983 -18.43567 -63.69419
v -45.86552 132.6053 -43.00463
v -31.99712 181.6591 -72.52077
v -45.86573 168.3049 -99.97096
v -31.99712 169.0829 -37.93073
v 0.186681 187.9472 -89.81583
v 0.186683 170.8212 -134.2993
v -45.86514 -106.2293 0.681023
v -31.99673 -33.6563 -14.25684
v -45.86514 -57.7519 -29.34673
v -31.99662 -43.16993 21.29765
v 0.187173 -28.89944 -32.03418
v 0.187188 -33.42065 -56.72002
v -45.86513 -129.231 -37.72925
v -31.99662 -68.76215 -23.65052
v -45.86513 -77.62606 -55.04107
v -31.99663 -78.27588 11.90396
v 0.187178 -64.00539 -41.42776
v 0.187187 -54.27744 -81.02453
v -42.37556 -236.9124 -87.71054
v -30.21794 -218.0473 -137.6844
v -42.37556 -268.5776 -125.4212
v -30.21784 -209.049 -104.1487
v 0.187364 -222.5465 -154.4524
v 0.187448 -295.2584 -144.9412
v 46.23948 30.91735 17.21188
v 46.23947 -7.171169 -21.67548
v 32.37088 28.48158 -36.60758
v 32.37088 58.63807 -15.5074
v 46.23958 -30.98112 35.84285
v 46.23958 -13.14661 -18.32031
v 32.37088 9.532291 -24.08424
v 32.37098 30.6533 6.057566
v 46.23967 -58.3792 25.19421
v 46.23958 -44.8871 -25.22846
v 32.37098 -20.22931 -3.229668
v 32.37108 0.891701 26.91214
v 46.23968 -155.8854 -98.74518
v 46.23968 -160.0666 -153.0175
v 32.37108 -134.6158 -122.9608
v 32.37118 -164.7576 -101.8398
v 46.23978 -188.5573 -97.24391
v 46.23968 -200.1939 -153.0678
v 32.37109 -145.7226 -144.126
v 32.37119 -148.9178 -107.4596
v 44.46127 -217.9541 -92.67427
v 44.46116 -231.481 -143.0877
v 32.37118 -182.1468 -147.3
v 32.37118 -185.342 -110.6337
v 39.32885 -257.087 -70.31108
v 39.32885 -294.9976 -101.6551
v 28.88185 -250.8883 -128.0345
v 28.88197 -242.2953 -96.00928
v 35.90405 -278.6465 -49.96165
v 35.90405 -319.3449 -68.19341
v 25.46035 -277.6465 -104.4134
v 25.46035 -259.1561 -82.39286
v 35.90405 -287.3665 -40.82914
v 35.90404 -321.1975 -53.12936
v 22.03544 -304.6082 -79.80859
v 22.03544 -288.2856 -60.36971
v 46.34784 190.0701 -5.773384
v 46.43631 237.4897 -32.50063
v 32.88165 244.2381 21.63572
v 32.63083 208.6839 12.12426
v 46.23918 183.6648 -21.03055
v 46.23907 206.1521 -73.43332
v 32.63655 235.5555 -15.67892
v 32.54021 200.9746 -3.077801
v 46.23919 157.299 -34.02666
v 46.23908 174.6634 -92.86136
v 32.42323 223.1142 -49.82315
v 32.3269 188.5333 -37.22213
v 47.02109 184.7992 69.55237
v 47.02107 239.2295 70.1172
v 33.15262 224.1534 111.8649
v 33.15263 187.905 105.4863
v 46.54579 194.0061 24.44358
v 46.9586 248.1689 42.27454
v 33.15259 229.1216 83.63159
v 33.1526 192.8732 77.25301
v 46.47774 198.9026 13.81998
v 46.61446 247.9444 -4.050716
v 33.10297 236.7956 49.45
v 32.85215 201.2414 39.93855
v 46.23938 76.734 -22.35645
v 46.23938 31.93692 -57.64028
v 32.37068 59.34845 -80.72243
v 32.37078 77.35336 -59.23997
v 46.23948 47.70902 3.503181
v 46.23938 17.75546 -39.24338
v 32.37078 45.09478 -60.35112
v 32.37088 75.25127 -39.25093
v 46.23919 132.6055 -43.00473
v 46.23909 168.3051 -99.97106
v 32.37058 181.6592 -72.52077
v 32.37068 169.083 -37.93073
v 46.23967 -106.2293 0.681023
v 46.23958 -57.75182 -29.34672
v 32.37108 -33.65621 -14.25693
v 32.37107 -43.16984 21.29755
v 46.23967 -129.2309 -37.72925
v 46.23959 -77.62598 -55.04106
v 32.37108 -68.76205 -23.65052
v 32.37117 -78.27579 11.90397
v 42.75046 -236.9123 -87.71074
v 42.75045 -268.5776 -125.4214
v 30.59267 -218.0473 -137.6845
v 30.59267 -209.0489 -104.1488
v -45.86512 -103.8965 -95.20131
v 0.187183 -69.92382 -62.70872
v 0.187192 -79.56528 -122.5746
v -31.99662 -84.99477 -52.14812
v -45.86512 -123.7707 -120.8956
v 0.187187 -90.77849 -92.47034
v 0.187196 -100.4221 -146.8791
v -31.99662 -105.8493 -81.90973
v 46.23959 -103.8965 -95.20131
v 32.37108 -84.99467 -52.14812
v 46.23959 -123.7707 -120.8956
v 32.37109 -105.8494 -81.90973
v -45.86562 118.9547 -98.65942
v 0.186682 171.3485 -95.85172
v 0.186782 116.8037 -135.2201
v -31.99712 165.0605 -78.55664
v -28.59591 86.73302 -102.7749
v 0.18678 130.1618 -106.0043
v 0.186782 84.86989 -137.6581
v -31.99712 126.9726 -87.87999
v 46.23917 118.9549 -98.65952
v 32.37058 165.0606 -78.55664
v 28.96958 86.73303 -102.775
v 32.37058 126.9726 -87.88009
vn -0.933124 0.213806 -0.289081
vn -0.579172 0.047079 0.813845
vn 0.661731 -0.259655 -0.703343
vn 0.920911 -0.267705 0.283296
vn -0 -0.271538 -0.962428
vn 0 0.112838 0.993614
vn -0.878764 0.476773 -0.021464
vn -0.583505 -0.63423 0.507223
vn 0.858198 0.438507 -0.266851
vn 0.836583 -0.537052 0.108183
vn 0 -0.059442 -0.998232
vn -0 -0.392866 0.919596
vn -0.901287 0.418456 -0.112143
vn -0.706836 -0.617413 0.345231
vn 0.878078 0.474609 0.061035
vn 0.538415 -0.783715 0.309679
vn 0 0.693178 -0.720767
vn -0 -0.814073 0.580762
vn -0.763922 0.143421 0.629169
vn 0.655025 0.086862 0.750598
vn -0.796282 0.135594 -0.589533
vn 0.77168 -0.460637 0.438548
vn 0 0.872228 -0.489099
vn -0 -0.842387 0.538873
vn -0.959959 0.277003 0.041803
vn -0.529099 0.189485 0.827133
vn 0.457183 -0.1125 -0.882229
vn 0.972647 -0.220363 0.073472
vn 0 0.29337 -0.955999
vn -0 -0.26468 0.964336
vn -0.955787 0.289514 0.051499
vn -0.453197 0.328984 0.828482
vn 0.442706 -0.271998 -0.854417
vn 0.979039 -0.181676 0.092066
vn -0 0.054655 -0.998505
vn -0 -0.048955 0.998801
vn -0.935509 0.352797 -0.018922
vn -0.419208 0.7323 0.536658
vn 0.438402 -0.650716 -0.619978
vn 0.981846 0.016264 0.188984
vn -0 -0.411207 -0.911542
vn -0 0.421418 0.906866
vn -0.97451 0.18836 -0.121866
vn -0.523721 0.717487 0.459271
vn 0.475908 -0.703094 -0.528366
vn 0.982391 -0.037137 0.183111
vn 0 -0.572375 -0.819992
vn -0 0.583966 0.811778
vn -0.789875 0.528577 -0.310973
vn -0.21009 0.977043 -0.035336
vn 0.253791 -0.95881 -0.127565
vn 0.946367 0.046208 0.319773
vn -0 -0.688358 -0.725371
vn -0 0.723213 0.690626
vn -0.787687 -0.302882 0.53648
vn -0.140182 -0.796875 0.587656
vn 0.392585 0.825659 -0.405171
vn 0.953345 -0.301038 0.022562
vn 0.004559 0.999836 0.017556
vn -0.005157 -0.999347 -0.035757
vn -0.925973 -0.043269 0.375104
vn -0.453779 -0.43961 0.775131
vn 0.397817 0.547469 -0.73622
vn 0.932594 -0.352136 0.079181
vn 0.001277 0.93722 -0.348738
vn -0.0015 -0.926045 0.37741
vn -0.601931 0.113779 0.790401
vn -0.008072 -0.185954 0.982525
vn 0.421311 0.381326 -0.822853
vn 0.937547 -0.132841 0.321495
vn 0.000186 0.74447 -0.667656
vn -0.0007 -0.750164 0.661252
vn -0.945913 -0.063591 0.318128
vn -0.495288 -0.855132 -0.153101
vn 0.504578 0.850915 0.1461
vn 0.955897 -0.007901 -0.293598
vn 0 0.8716 0.490217
vn -0 -0.855263 -0.518195
vn -0.956162 -0.054246 0.287771
vn -0.506908 -0.806417 -0.304526
vn 0.532723 0.803647 0.265252
vn 0.949964 0.085893 -0.30032
vn 0.0104 0.825901 0.56372
vn -0.001112 -0.815759 -0.578391
vn -0.938166 -0.184351 0.293017
vn -0.444761 -0.852366 0.275062
vn 0.416845 0.892076 -0.174474
vn 0.949676 -0.226026 -0.216858
vn 0.006535 0.939754 0.34179
vn -0.006737 -0.947059 -0.32099
vn -0.897215 0.346211 -0.274124
vn 0.1346 0.647858 0.749775
vn 0.684586 -0.63571 -0.356673
vn 0.956813 -0.157318 0.244458
vn 0 -0.668553 -0.743665
vn 0 0.45391 0.891048
vn -0.936461 0.225722 -0.268496
vn -0.489573 0.271371 0.82866
vn 0.613683 -0.424018 -0.666035
vn 0.915818 -0.302615 0.26401
vn 0 -0.469107 -0.883142
vn 0 0.319613 0.947548
vn -0.893116 0.415867 0.17146
vn -0.616513 -0.596835 0.513517
vn 0.641733 0.546943 -0.537617
vn 0.833706 -0.486294 -0.261634
vn -0 0.956131 -0.29294
vn 0 -0.948944 0.315445
vn -0.916638 0.318897 0.241
vn -0.483923 -0.819532 0.306897
vn 0.73581 0.607105 -0.300014
vn 0.878291 -0.380696 -0.289266
vn 0 0.65545 -0.755239
vn -0 -0.844919 0.534894
vn -0.934871 0.271671 0.228499
vn -0.596896 -0.799318 -0.069324
vn 0.854247 0.505869 0.119832
vn 0.804484 -0.496503 -0.326022
vn -0 0.980417 -0.196935
vn -0 -0.999578 0.029045
vn -0.96219 0.270988 -0.027493
vn -0.491205 0.478956 0.727543
vn 0.466881 -0.42605 -0.774922
vn 0.97109 -0.140832 0.192747
vn 0 -0.105944 -0.994372
vn -0 0.114044 0.993476
vn 0.933124 0.213806 -0.289081
vn -0.661731 -0.259655 -0.703343
vn 0.579172 0.047079 0.813845
vn -0.920911 -0.267706 0.283296
vn 0.878764 0.476773 -0.021464
vn -0.858197 0.438507 -0.266851
vn 0.583505 -0.63423 0.507223
vn -0.836583 -0.537052 0.108183
vn 0.901288 0.418455 -0.112143
vn -0.878073 0.474606 0.061134
vn 0.706886 -0.617369 0.345207
vn -0.538415 -0.783715 0.309679
vn 0.763922 0.143421 0.629169
vn 0.796282 0.135594 -0.589533
vn -0.655025 0.086862 0.750598
vn -0.77168 -0.460637 0.438548
vn 0.959959 0.277003 0.041803
vn -0.457183 -0.1125 -0.882229
vn 0.529099 0.189485 0.827133
vn -0.972647 -0.220363 0.073472
vn 0.955788 0.289514 0.051499
vn -0.442706 -0.271998 -0.854417
vn 0.453198 0.328984 0.828482
vn -0.979039 -0.181675 0.092066
vn 0.935509 0.352797 -0.018922
vn -0.438402 -0.650716 -0.619978
vn 0.419208 0.7323 0.536658
vn -0.981846 0.016265 0.188984
vn 0.97451 0.18836 -0.121866
vn -0.475908 -0.703094 -0.528366
vn 0.523721 0.717487 0.459271
vn -0.982391 -0.037136 0.183111
vn 0.789875 0.528576 -0.310973
vn -0.253791 -0.95881 -0.127565
vn 0.210091 0.977043 -0.035336
vn -0.946367 0.046209 0.319773
vn 0.783056 -0.317065 0.535064
vn -0.384916 0.828662 -0.406399
vn 0.127813 -0.795388 0.592471
vn -0.955318 -0.293531 0.034742
vn 0.926421 -0.051672 0.372926
vn -0.394488 0.547929 -0.737667
vn 0.453537 -0.440971 0.774499
vn -0.934113 -0.347011 0.08376
vn 0.581687 0.109976 0.805944
vn -0.415904 0.377318 -0.827439
vn -0.011372 -0.178966 0.98379
vn -0.937651 -0.130636 0.322095
vn 0.945914 -0.063591 0.318125
vn -0.504579 0.850914 0.146101
vn 0.495288 -0.855131 -0.153102
vn -0.955897 -0.007901 -0.293595
vn 0.959655 -0.053361 0.276071
vn -0.534494 0.798663 0.276504
vn 0.497395 -0.801805 -0.331221
vn -0.95132 0.096101 -0.292838
vn 0.939818 -0.195469 0.28024
vn -0.408343 0.896681 -0.170937
vn 0.439228 -0.856425 0.27132
vn -0.95466 -0.217304 -0.203476
vn 0.897215 0.346211 -0.274124
vn -0.684533 -0.635753 -0.356697
vn -0.1346 0.647858 0.749775
vn -0.956813 -0.157318 0.244458
vn 0.936461 0.225722 -0.268496
vn -0.613683 -0.424018 -0.666035
vn 0.489572 0.271371 0.82866
vn -0.915818 -0.302615 0.26401
vn 0.893116 0.415867 0.17146
vn -0.641792 0.546908 -0.537582
vn 0.616575 -0.596799 0.513485
vn -0.833706 -0.486294 -0.261634
vn 0.916638 0.318896 0.241
vn -0.73581 0.607105 -0.300014
vn 0.483923 -0.819532 0.306897
vn -0.878291 -0.380696 -0.289266
vn 0.934871 0.27167 0.228499
vn -0.854246 0.505869 0.119832
vn 0.596896 -0.799318 -0.069324
vn -0.804484 -0.496503 -0.326022
vn 0.96219 0.270988 -0.027493
vn -0.466881 -0.42605 -0.774922
vn 0.491281 0.478933 0.727507
vn -0.97109 -0.140832 0.192747
vn -0.454097 0.874034 -0.172801
vn 0 0.96659 -0.256328
vn -0 -0.976051 0.217543
vn 0.527279 -0.84333 0.103787
vn -0.457712 0.87046 -0.181105
vn 0 0.966509 -0.256633
vn -0 -0.974398 0.224831
vn 0.515113 -0.848179 0.123496
vn 0.454097 0.874034 -0.1728
vn -0.527279 -0.84333 0.103787
vn 0.457712 0.87046 -0.181105
vn -0.515113 -0.848179 0.123496
vn -0.476104 0.498454 -0.724478
vn -0 0.534615 -0.845096
vn 0 -0.554921 0.831903
vn 0.5302 -0.512067 0.675777
vn -0.415379 0.493211 -0.764332
vn 0 0.238764 -0.971078
vn 0 -0.326084 0.945341
vn 0.73159 -0.418808 0.537937
vn 0.476104 0.498454 -0.724478
vn -0.5302 -0.512067 0.675777
vn 0.415379 0.493211 -0.764332
vn -0.73159 -0.418809 0.537937
vt 0.9995 0.9925
vt 0.0005 -0.0026
vt 0.9995 0.001
vt 0.0005 0.9913
vt 0.0005 0.9996
vt 0.9995 0.9995
vt 0.9995 0.9925
vt 0.0005 -0.0026
vt 0.9995 0.001
vt 0.0005 0.9913
vt 0.0005 0.9996
vt 0.9995 0.9995
vt 0.9995 0.9925
vt 0.0005 -0.0026
vt 0.9995 0.001
vt 0.0005 0.9913
vt 0.0005 0.9996
vt 0.9995 0.9995
vt 0.9995 0.9925
vt 0.0005 -0.0026
vt 0.9995 0.001
vt 0.0005 0.9913
vt 0.0005 0.9996
vt 0.9995 0.9995
vt 0.9995 0.9925
vt 0.0005 -0.0026
vt 0.9995 0.001
vt 0.0005 0.9913
vt 0.0005 0.9996
vt 0.9995 0.9995
vt 0.9995 0.9925
vt 0.0005 -0.0026
vt 0.9995 0.001
vt 0.0005 0.9913
vt 0.0005 0.9996
vt 0.9995 0.9995
vt 0.9995 0.9925
vt 0.0005 -0.0026
vt 0.9995 0.001
vt 0.0005 0.9913
vt 0.0005 0.9996
vt 0.9995 0.9995
vt 0.9995 0.9925
vt 0.0005 -0.0026
vt 0.9995 0.001
vt 0.0005 0.9913
vt 0.0005 0.9996
vt 0.9995 0.9995
vt 0.9995 0.9925
vt 0.0005 -0.0026
vt 0.9995 0.001
vt 0.0005 0.9913
vt 0.0005 0.9996
vt 0.9995 0.9995
vt 0.9995 0.9925
vt 0.0005 -0.0026
vt 0.9995 0.001
vt 0.0005 0.9913
vt 0.0005 0.9996
vt 0.9995 0.9995
vt 0.9995 0.9925
vt 0.0005 -0.0026
vt 0.9995 0.001
vt 0.0005 0.9913
vt 0.0005 0.9996
vt 0.9995 0.9995
vt 0.9995 0.9925
vt 0.0005 -0.0026
vt 0.9995 0.001
vt 0.0005 0.9913
vt 0.0005 0.9996
vt 0.9995 0.9995
vt 0.9995 0.9925
vt 0.0005 -0.0026
vt 0.9995 0.001
vt 0.0005 0.9913
vt 0.0005 0.9996
vt 0.9995 0.9995
vt 0.9995 0.9925
vt 0.0005 -0.0026
vt 0.9995 0.001
vt 0.0005 0.9913
vt 0.0005 0.9996
vt 0.9995 0.9995
vt 0.9995 0.9925
vt 0.0005 -0.0026
vt 0.9995 0.001
vt 0.0005 0.9913
vt 0.0005 0.9996
vt 0.9995 0.9995
vt 0.9995 0.9925
vt 0.0005 -0.0026
vt 0.9995 0.001
vt 0.0005 0.9913
vt 0.0005 0.9996
vt 0.9995 0.9995
vt 0.9995 0.9925
vt 0.0005 -0.0026
vt 0.9995 0.001
vt 0.0005 0.9913
vt 0.0005 0.9996
vt 0.9995 0.9995
vt 0.9995 0.9925
vt 0.0005 -0.0026
vt 0.9995 0.001
vt 0.0005 0.9913
vt 0.0005 0.9996
vt 0.9995 0.9995
vt 0.9995 0.9925
vt 0.0005 -0.0026
vt 0.9995 0.001
vt 0.0005 0.9913
vt 0.0005 0.9996
vt 0.9995 0.9995
vt 0.9995 0.9925
vt 0.0005 -0.0026
vt 0.9995 0.001
vt 0.0005 0.9913
vt 0.0005 0.9996
vt 0.9995 0.9995
vt 0.9995 0.9925
vt 0.0005 -0.0026
vt 0.9995 0.001
vt 0.0005 0.9913
vt 0.0005 0.9996
vt 0.9995 0.9995
vt 0.9995 0.9925
vt 0.9995 0.001
vt 0.0005 -0.0026
vt 0.0005 0.9913
vt 0.9995 0.9925
vt 0.9995 0.001
vt 0.0005 -0.0026
vt 0.0005 0.9913
vt 0.9995 0.9925
vt 0.9995 0.001
vt 0.0005 -0.0026
vt 0.0005 0.9913
vt 0.9995 0.9925
vt 0.9995 0.001
vt 0.0005 -0.0026
vt 0.0005 0.9913
vt 0.9995 0.9925
vt 0.9995 0.001
vt 0.0005 -0.0026
vt 0.0005 0.9913
vt 0.9995 0.9925
vt 0.9995 0.001
vt 0.0005 -0.0026
vt 0.0005 0.9913
vt 0.9995 0.9925
vt 0.9995 0.001
vt 0.0005 -0.0026
vt 0.0005 0.9913
vt 0.9995 0.9925
vt 0.9995 0.001
vt 0.0005 -0.0026
vt 0.0005 0.9913
vt 0.9995 0.9925
vt 0.9995 0.001
vt 0.0005 -0.0026
vt 0.0005 0.9913
vt 0.9995 0.9925
vt 0.9995 0.001
vt 0.0005 -0.0026
vt 0.0005 0.9913
vt 0.9995 0.9925
vt 0.9995 0.001
vt 0.0005 -0.0026
vt 0.0005 0.9913
vt 0.9995 0.9925
vt 0.9995 0.001
vt 0.0005 -0.0026
vt 0.0005 0.9913
vt 0.9995 0.9925
vt 0.9995 0.001
vt 0.0005 -0.0026
vt 0.0005 0.9913
vt 0.9995 0.9925
vt 0.9995 0.001
vt 0.0005 -0.0026
vt 0.0005 0.9913
vt 0.9995 0.9925
vt 0.9995 0.001
vt 0.0005 -0.0026
vt 0.0005 0.9913
vt 0.9995 0.9925
vt 0.9995 0.001
vt 0.0005 -0.0026
vt 0.0005 0.9913
vt 0.9995 0.9925
vt 0.9995 0.001
vt 0.0005 -0.0026
vt 0.0005 0.9913
vt 0.9995 0.9925
vt 0.9995 0.001
vt 0.0005 -0.0026
vt 0.0005 0.9913
vt 0.9995 0.9925
vt 0.9995 0.001
vt 0.0005 -0.0026
vt 0.0005 0.9913
vt 0.9995 0.9925
vt 0.9995 0.001
vt 0.0005 -0.0026
vt 0.0005 0.9913
vt 0.9995 0.9925
vt 0.9995 0.001
vt 0.0005 -0.0026
vt 0.0005 0.9913
vt 0.9995 0.001
vt 0.0005 0.9996
vt 0.9995 0.9995
vt 0.0005 -0.0026
vt 0.9995 0.001
vt 0.0005 0.9996
vt 0.9995 0.9995
vt 0.0005 -0.0026
vt 0.9995 0.001
vt 0.0005 -0.0026
vt 0.9995 0.001
vt 0.0005 -0.0026
vt 0.9995 0.001
vt 0.0005 0.9996
vt 0.9995 0.9995
vt 0.0005 -0.0026
vt 0.9995 0.001
vt 0.0005 0.9996
vt 0.9995 0.9995
vt 0.0005 -0.0026
vt 0.9995 0.001
vt 0.0005 -0.0026
vt 0.9995 0.001
vt 0.0005 -0.0026
f 1267/1267/1267 1269/1269/1269 1268/1268/1268
f 1268/1268/1268 1270/1270/1270 1267/1267/1267
f 1269/1269/1269 1272/1272/1272 1271/1271/1271
f 1271/1271/1271 1268/1268/1268 1269/1269/1269
f 1269/1269/1269 1267/1267/1267 1270/1270/1270
f 1270/1270/1270 1268/1268/1268 1269/1269/1269
f 1272/1272/1272 1269/1269/1269 1268/1268/1268
f 1268/1268/1268 1271/1271/1271 1272/1272/1272
f 1273/1273/1273 1275/1275/1275 1274/1274/1274
f 1274/1274/1274 1276/1276/1276 1273/1273/1273
f 1275/1275/1275 1278/1278/1278 1277/1277/1277
f 1277/1277/1277 1274/1274/1274 1275/1275/1275
f 1275/1275/1275 1273/1273/1273 1276/1276/1276
f 1276/1276/1276 1274/1274/1274 1275/1275/1275
f 1278/1278/1278 1275/1275/1275 1274/1274/1274
f 1274/1274/1274 1277/1277/1277 1278/1278/1278
f 1279/1279/1279 1281/1281/1281 1280/1280/1280
f 1280/1280/1280 1282/1282/1282 1279/1279/1279
f 1281/1281/1281 1284/1284/1284 1283/1283/1283
f 1283/1283/1283 1280/1280/1280 1281/1281/1281
f 1281/1281/1281 1279/1279/1279 1282/1282/1282
f 1282/1282/1282 1280/1280/1280 1281/1281/1281
f 1284/1284/1284 1281/1281/1281 1280/1280/1280
f 1280/1280/1280 1283/1283/1283 1284/1284/1284
f 1285/1285/1285 1287/1287/1287 1286/1286/1286
f 1286/1286/1286 1288/1288/1288 1285/1285/1285
f 1287/1287/1287 1290/1290/1290 1289/1289/1289
f 1289/1289/1289 1286/1286/1286 1287/1287/1287
f 1287/1287/1287 1285/1285/1285 1288/1288/1288
f 1288/1288/1288 1286/1286/1286 1287/1287/1287
f 1290/1290/1290 1287/1287/1287 1286/1286/1286
f 1286/1286/1286 1289/1289/1289 1290/1290/1290
f 1291/1291/1291 1293/1293/1293 1292/1292/1292
f 1292/1292/1292 1294/1294/1294 1291/1291/1291
f 1293/1293/1293 1296/1296/1296 1295/1295/1295
f 1295/1295/1295 1292/1292/1292 1293/1293/1293
f 1293/1293/1293 1291/1291/1291 1294/1294/1294
f 1294/1294/1294 1292/1292/1292 1293/1293/1293
f 1296/1296/1296 1293/1293/1293 1292/1292/1292
f 1292/1292/1292 1295/1295/1295 1296/1296/1296
f 1297/1297/1297 1299/1299/1299 1298/1298/1298
f 1298/1298/1298 1300/1300/1300 1297/1297/1297
f 1299/1299/1299 1302/1302/1302 1301/1301/1301
f 1301/1301/1301 1298/1298/1298 1299/1299/1299
f 1299/1299/1299 1297/1297/1297 1300/1300/1300
f 1300/1300/1300 1298/1298/1298 1299/1299/1299
f 1302/1302/1302 1299/1299/1299 1298/1298/1298
f 1298/1298/1298 1301/1301/1301 1302/1302/1302
f 1303/1303/1303 1305/1305/1305 1304/1304/1304
f 1304/1304/1304 1306/1306/1306 1303/1303/1303
f 1305/1305/1305 1308/1308/1308 1307/1307/1307
f 1307/1307/1307 1304/1304/1304 1305/1305/1305
f 1305/1305/1305 1303/1303/1303 1306/1306/1306
f 1306/1306/1306 1304/1304/1304 1305/1305/1305
f 1308/1308/1308 1305/1305/1305 1304/1304/1304
f 1304/1304/1304 1307/1307/1307 1308/1308/1308
f 1309/1309/1309 1311/1311/1311 1310/1310/1310
f 1310/1310/1310 1312/1312/1312 1309/1309/1309
f 1311/1311/1311 1314/1314/1314 1313/1313/1313
f 1313/1313/1313 1310/1310/1310 1311/1311/1311
f 1311/1311/1311 1309/1309/1309 1312/1312/1312
f 1312/1312/1312 1310/1310/1310 1311/1311/1311
f 1314/1314/1314 1311/1311/1311 1310/1310/1310
f 1310/1310/1310 1313/1313/1313 1314/1314/1314
f 1315/1315/1315 1317/1317/1317 1316/1316/1316
f 1316/1316/1316 1318/1318/1318 1315/1315/1315
f 1317/1317/1317 1320/1320/1320 1319/1319/1319
f 1319/1319/1319 1316/1316/1316 1317/1317/1317
f 1317/1317/1317 1315/1315/1315 1318/1318/1318
f 1318/1318/1318 1316/1316/1316 1317/1317/1317
f 1320/1320/1320 1317/1317/1317 1316/1316/1316
f 1316/1316/1316 1319/1319/1319 1320/1320/1320
f 1321/1321/1321 1323/1323/1323 1322/1322/1322
f 1322/1322/1322 1324/1324/1324 1321/1321/1321
f 1323/1323/1323 1326/1326/1326 1325/1325/1325
f 1325/1325/1325 1322/1322/1322 1323/1323/1323
f 1323/1323/1323 1321/1321/1321 1324/1324/1324
f 1324/1324/1324 1322/1322/1322 1323/1323/1323
f 1326/1326/1326 1323/1323/1323 1322/1322/1322
f 1322/1322/1322 1325/1325/1325 1326/1326/1326
f 1327/1327/1327 1329/1329/1329 1328/1328/1328
f 1328/1328/1328 1330/1330/1330 1327/1327/1327
f 1329/1329/1329 1332/1332/1332 1331/1331/1331
f 1331/1331/1331 1328/1328/1328 1329/1329/1329
f 1329/1329/1329 1327/1327/1327 1330/1330/1330
f 1330/1330/1330 1328/1328/1328 1329/1329/1329
f 1332/1332/1332 1329/1329/1329 1328/1328/1328
f 1328/1328/1328 1331/1331/1331 1332/1332/1332
f 1333/1333/1333 1335/1335/1335 1334/1334/1334
f 1334/1334/1334 1336/1336/1336 1333/1333/1333
f 1335/1335/1335 1338/1338/1338 1337/1337/1337
f 1337/1337/1337 1334/1334/1334 1335/1335/1335
f 1335/1335/1335 1333/1333/1333 1336/1336/1336
f 1336/1336/1336 1334/1334/1334 1335/1335/1335
f 1338/1338/1338 1335/1335/1335 1334/1334/1334
f 1334/1334/1334 1337/1337/1337 1338/1338/1338
f 1339/1339/1339 1341/1341/1341 1340/1340/1340
f 1340/1340/1340 1342/1342/1342 1339/1339/1339
f 1341/1341/1341 1344/1344/1344 1343/1343/1343
f 1343/1343/1343 1340/1340/1340 1341/1341/1341
f 1341/1341/1341 1339/1339/1339 1342/1342/1342
f 1342/1342/1342 1340/1340/1340 1341/1341/1341
f 1344/1344/1344 1341/1341/1341 1340/1340/1340
f 1340/1340/1340 1343/1343/1343 1344/1344/1344
f 1345/1345/1345 1347/1347/1347 1346/1346/1346
f 1346/1346/1346 1348/1348/1348 1345/1345/1345
f 1347/1347/1347 1350/1350/1350 1349/1349/1349
f 1349/1349/1349 1346/1346/1346 1347/1347/1347
f 1347/1347/1347 1345/1345/1345 1348/1348/1348
f 1348/1348/1348 1346/1346/1346 1347/1347/1347
f 1350/1350/1350 1347/1347/1347 1346/1346/1346
f 1346/1346/1346 1349/1349/1349 1350/1350/1350
f 1351/1351/1351 1353/1353/1353 1352/1352/1352
f 1352/1352/1352 1354/1354/1354 1351/1351/1351
f 1353/1353/1353 1356/1356/1356 1355/1355/1355
f 1355/1355/1355 1352/1352/1352 1353/1353/1353
f 1353/1353/1353 1351/1351/1351 1354/1354/1354
f 1354/1354/1354 1352/1352/1352 1353/1353/1353
f 1356/1356/1356 1353/1353/1353 1352/1352/1352
f 1352/1352/1352 1355/1355/1355 1356/1356/1356
f 1357/1357/1357 1359/1359/1359 1358/1358/1358
f 1358/1358/1358 1360/1360/1360 1357/1357/1357
f 1359/1359/1359 1362/1362/1362 1361/1361/1361
f 1361/1361/1361 1358/1358/1358 1359/1359/1359
f 1359/1359/1359 1357/1357/1357 1360/1360/1360
f 1360/1360/1360 1358/1358/1358 1359/1359/1359
f 1362/1362/1362 1359/1359/1359 1358/1358/1358
f 1358/1358/1358 1361/1361/1361 1362/1362/1362
f 1363/1363/1363 1365/1365/1365 1364/1364/1364
f 1364/1364/1364 1366/1366/1366 1363/1363/1363
f 1365/1365/1365 1368/1368/1368 1367/1367/1367
f 1367/1367/1367 1364/1364/1364 1365/1365/1365
f 1365/1365/1365 1363/1363/1363 1366/1366/1366
f 1366/1366/1366 1364/1364/1364 1365/1365/1365
f 1368/1368/1368 1365/1365/1365 1364/1364/1364
f 1364/1364/1364 1367/1367/1367 1368/1368/1368
f 1369/1369/1369 1371/1371/1371 1370/1370/1370
f 1370/1370/1370 1372/1372/1372 1369/1369/1369
f 1371/1371/1371 1374/1374/1374 1373/1373/1373
f 1373/1373/1373 1370/1370/1370 1371/1371/1371
f 1371/1371/1371 1369/1369/1369 1372/1372/1372
f 1372/1372/1372 1370/1370/1370 1371/1371/1371
f 1374/1374/1374 1371/1371/1371 1370/1370/1370
f 1370/1370/1370 1373/1373/1373 1374/1374/1374
f 1375/1375/1375 1377/1377/1377 1376/1376/1376
f 1376/1376/1376 1378/1378/1378 1375/1375/1375
f 1377/1377/1377 1380/1380/1380 1379/1379/1379
f 1379/1379/1379 1376/1376/1376 1377/1377/1377
f 1377/1377/1377 1375/1375/1375 1378/1378/1378
f 1378/1378/1378 1376/1376/1376 1377/1377/1377
f 1380/1380/1380 1377/1377/1377 1376/1376/1376
f 1376/1376/1376 1379/1379/1379 1380/1380/1380
f 1381/1381/1381 1383/1383/1383 1382/1382/1382
f 1382/1382/1382 1384/1384/1384 1381/1381/1381
f 1383/1383/1383 1386/1386/1386 1385/1385/1385
f 1385/1385/1385 1382/1382/1382 1383/1383/1383
f 1383/1383/1383 1381/1381/1381 1384/1384/1384
f 1384/1384/1384 1382/1382/1382 1383/1383/1383
f 1386/1386/1386 1383/1383/1383 1382/1382/1382
f 1382/1382/1382 1385/1385/1385 1386/1386/1386
f 1387/1387/1387 1389/1389/1389 1388/1388/1388
f 1388/1388/1388 1390/1390/1390 1387/1387/1387
f 1389/1389/1389 1392/1392/1392 1391/1391/1391
f 1391/1391/1391 1388/1388/1388 1389/1389/1389
f 1389/1389/1389 1387/1387/1387 1390/1390/1390
f 1390/1390/1390 1388/1388/1388 1389/1389/1389
f 1392/1392/1392 1389/1389/1389 1388/1388/1388
f 1388/1388/1388 1391/1391/1391 1392/1392/1392
f 1393/1393/1393 1395/1395/1395 1394/1394/1394
f 1395/1395/1395 1393/1393/1393 1396/1396/1396
f 1394/1394/1394 1271/1271/1271 1272/1272/1272
f 1271/1271/1271 1394/1394/1394 1395/1395/1395
f 1394/1394/1394 1396/1396/1396 1393/1393/1393
f 1396/1396/1396 1394/1394/1394 1395/1395/1395
f 1272/1272/1272 1395/1395/1395 1394/1394/1394
f 1395/1395/1395 1272/1272/1272 1271/1271/1271
f 1397/1397/1397 1399/1399/1399 1398/1398/1398
f 1399/1399/1399 1397/1397/1397 1400/1400/1400
f 1398/1398/1398 1277/1277/1277 1278/1278/1278
f 1277/1277/1277 1398/1398/1398 1399/1399/1399
f 1398/1398/1398 1400/1400/1400 1397/1397/1397
f 1400/1400/1400 1398/1398/1398 1399/1399/1399
f 1278/1278/1278 1399/1399/1399 1398/1398/1398
f 1399/1399/1399 1278/1278/1278 1277/1277/1277
f 1401/1401/1401 1403/1403/1403 1402/1402/1402
f 1403/1403/1403 1401/1401/1401 1404/1404/1404
f 1402/1402/1402 1283/1283/1283 1284/1284/1284
f 1283/1283/1283 1402/1402/1402 1403/1403/1403
f 1402/1402/1402 1404/1404/1404 1401/1401/1401
f 1404/1404/1404 1402/1402/1402 1403/1403/1403
f 1284/1284/1284 1403/1403/1403 1402/1402/1402
f 1403/1403/1403 1284/1284/1284 1283/1283/1283
f 1405/1405/1405 1407/1407/1407 1406/1406/1406
f 1407/1407/1407 1405/1405/1405 1408/1408/1408
f 1406/1406/1406 1289/1289/1289 1290/1290/1290
f 1289/1289/1289 1406/1406/1406 1407/1407/1407
f 1406/1406/1406 1408/1408/1408 1405/1405/1405
f 1408/1408/1408 1406/1406/1406 1407/1407/1407
f 1290/1290/1290 1407/1407/1407 1406/1406/1406
f 1407/1407/1407 1290/1290/1290 1289/1289/1289
f 1409/1409/1409 1411/1411/1411 1410/1410/1410
f 1411/1411/1411 1409/1409/1409 1412/1412/1412
f 1410/1410/1410 1295/1295/1295 1296/1296/1296
f 1295/1295/1295 1410/1410/1410 1411/1411/1411
f 1410/1410/1410 1412/1412/1412 1409/1409/1409
f 1412/1412/1412 1410/1410/1410 1411/1411/1411
f 1296/1296/1296 1411/1411/1411 1410/1410/1410
f 1411/1411/1411 1296/1296/1296 1295/1295/1295
f 1413/1413/1413 1415/1415/1415 1414/1414/1414
f 1415/1415/1415 1413/1413/1413 1416/1416/1416
f 1414/1414/1414 1301/1301/1301 1302/1302/1302
f 1301/1301/1301 1414/1414/1414 1415/1415/1415
f 1414/1414/1414 1416/1416/1416 1413/1413/1413
f 1416/1416/1416 1414/1414/1414 1415/1415/1415
f 1302/1302/1302 1415/1415/1415 1414/1414/1414
f 1415/1415/1415 1302/1302/1302 1301/1301/1301
f 1417/1417/1417 1419/1419/1419 1418/1418/1418
f 1419/1419/1419 1417/1417/1417 1420/1420/1420
f 1418/1418/1418 1307/1307/1307 1308/1308/1308
f 1307/1307/1307 1418/1418/1418 1419/1419/1419
f 1418/1418/1418 1420/1420/1420 1417/1417/1417
f 1420/1420/1420 1418/1418/1418 1419/1419/1419
f 1308/1308/1308 1419/1419/1419 1418/1418/1418
f 1419/1419/1419 1308/1308/1308 1307/1307/1307
f 1421/1421/1421 1423/1423/1423 1422/1422/1422
f 1423/1423/1423 1421/1421/1421 1424/1424/1424
f 1422/1422/1422 1313/1313/1313 1314/1314/1314
f 1313/1313/1313 1422/1422/1422 1423/1423/1423
f 1422/1422/1422 1424/1424/1424 1421/1421/1421
f 1424/1424/1424 1422/1422/1422 1423/1423/1423
f 1314/1314/1314 1423/1423/1423 1422/1422/1422
f 1423/1423/1423 1314/1314/1314 1313/1313/1313
f 1425/1425/1425 1427/1427/1427 1426/1426/1426
f 1427/1427/1427 1425/1425/1425 1428/1428/1428
f 1426/1426/1426 1319/1319/1319 1320/1320/1320
f 1319/1319/1319 1426/1426/1426 1427/1427/1427
f 1426/1426/1426 1428/1428/1428 1425/1425/1425
f 1428/1428/1428 1426/1426/1426 1427/1427/1427
f 1320/1320/1320 1427/1427/1427 1426/1426/1426
f 1427/1427/1427 1320/1320/1320 1319/1319/1319
f 1429/1429/1429 1431/1431/1431 1430/1430/1430
f 1431/1431/1431 1429/1429/1429 1432/1432/1432
f 1430/1430/1430 1325/1325/1325 1326/1326/1326
f 1325/1325/1325 1430/1430/1430 1431/1431/1431
f 1430/1430/1430 1432/1432/1432 1429/1429/1429
f 1432/1432/1432 1430/1430/1430 1431/1431/1431
f 1326/1326/1326 1431/1431/1431 1430/1430/1430
f 1431/1431/1431 1326/1326/1326 1325/1325/1325
f 1433/1433/1433 1435/1435/1435 1434/1434/1434
f 1435/1435/1435 1433/1433/1433 1436/1436/1436
f 1434/1434/1434 1331/1331/1331 1332/1332/1332
f 1331/1331/1331 1434/1434/1434 1435/1435/1435
f 1434/1434/1434 1436/1436/1436 1433/1433/1433
f 1436/1436/1436 1434/1434/1434 1435/1435/1435
f 1332/1332/1332 1435/1435/1435 1434/1434/1434
f 1435/1435/1435 1332/1332/1332 1331/1331/1331
f 1437/1437/1437 1439/1439/1439 1438/1438/1438
f 1439/1439/1439 1437/1437/1437 1440/1440/1440
f 1438/1438/1438 1337/1337/1337 1338/1338/1338
f 1337/1337/1337 1438/1438/1438 1439/1439/1439
f 1438/1438/1438 1440/1440/1440 1437/1437/1437
f 1440/1440/1440 1438/1438/1438 1439/1439/1439
f 1338/1338/1338 1439/1439/1439 1438/1438/1438
f 1439/1439/1439 1338/1338/1338 1337/1337/1337
f 1441/1441/1441 1443/1443/1443 1442/1442/1442
f 1443/1443/1443 1441/1441/1441 1444/1444/1444
f 1442/1442/1442 1343/1343/1343 1344/1344/1344
f 1343/1343/1343 1442/1442/1442 1443/1443/1443
f 1442/1442/1442 1444/1444/1444 1441/1441/1441
f 1444/1444/1444 1442/1442/1442 1443/1443/1443
f 1344/1344/1344 1443/1443/1443 1442/1442/1442
f 1443/1443/1443 1344/1344/1344 1343/1343/1343
f 1445/1445/1445 1447/1447/1447 1446/1446/1446
f 1447/1447/1447 1445/1445/1445 1448/1448/1448
f 1446/1446/1446 1349/1349/1349 1350/1350/1350
f 1349/1349/1349 1446/1446/1446 1447/1447/1447
f 1446/1446/1446 1448/1448/1448 1445/1445/1445
f 1448/1448/1448 1446/1446/1446 1447/1447/1447
f 1350/1350/1350 1447/1447/1447 1446/1446/1446
f 1447/1447/1447 1350/1350/1350 1349/1349/1349
f 1449/1449/1449 1451/1451/1451 1450/1450/1450
f 1451/1451/1451 1449/1449/1449 1452/1452/1452
f 1450/1450/1450 1355/1355/1355 1356/1356/1356
f 1355/1355/1355 1450/1450/1450 1451/1451/1451
f 1450/1450/1450 1452/1452/1452 1449/1449/1449
f 1452/1452/1452 1450/1450/1450 1451/1451/1451
f 1356/1356/1356 1451/1451/1451 1450/1450/1450
f 1451/1451/1451 1356/1356/1356 1355/1355/1355
f 1453/1453/1453 1455/1455/1455 1454/1454/1454
f 1455/1455/1455 1453/1453/1453 1456/1456/1456
f 1454/1454/1454 1361/1361/1361 1362/1362/1362
f 1361/1361/1361 1454/1454/1454 1455/1455/1455
f 1454/1454/1454 1456/1456/1456 1453/1453/1453
f 1456/1456/1456 1454/1454/1454 1455/1455/1455
f 1362/1362/1362 1455/1455/1455 1454/1454/1454
f 1455/1455/1455 1362/1362/1362 1361/1361/1361
f 1457/1457/1457 1459/1459/1459 1458/1458/1458
f 1459/1459/1459 1457/1457/1457 1460/1460/1460
f 1458/1458/1458 1367/1367/1367 1368/1368/1368
f 1367/1367/1367 1458/1458/1458 1459/1459/1459
f 1458/1458/1458 1460/1460/1460 1457/1457/1457
f 1460/1460/1460 1458/1458/1458 1459/1459/1459
f 1368/1368/1368 1459/1459/1459 1458/1458/1458
f 1459/1459/1459 1368/1368/1368 1367/1367/1367
f 1461/1461/1461 1463/1463/1463 1462/1462/1462
f 1463/1463/1463 1461/1461/1461 1464/1464/1464
f 1462/1462/1462 1373/1373/1373 1374/1374/1374
f 1373/1373/1373 1462/1462/1462 1463/1463/1463
f 1462/1462/1462 1464/1464/1464 1461/1461/1461
f 1464/1464/1464 1462/1462/1462 1463/1463/1463
f 1374/1374/1374 1463/1463/1463 1462/1462/1462
f 1463/1463/1463 1374/1374/1374 1373/1373/1373
f 1465/1465/1465 1467/1467/1467 1466/1466/1466
f 1467/1467/1467 1465/1465/1465 1468/1468/1468
f 1466/1466/1466 1379/1379/1379 1380/1380/1380
f 1379/1379/1379 1466/1466/1466 1467/1467/1467
f 1466/1466/1466 1468/1468/1468 1465/1465/1465
f 1468/1468/1468 1466/1466/1466 1467/1467/1467
f 1380/1380/1380 1467/1467/1467 1466/1466/1466
f 1467/1467/1467 1380/1380/1380 1379/1379/1379
f 1469/1469/1469 1471/1471/1471 1470/1470/1470
f 1471/1471/1471 1469/1469/1469 1472/1472/1472
f 1470/1470/1470 1385/1385/1385 1386/1386/1386
f 1385/1385/1385 1470/1470/1470 1471/1471/1471
f 1470/1470/1470 1472/1472/1472 1469/1469/1469
f 1472/1472/1472 1470/1470/1470 1471/1471/1471
f 1386/1386/1386 1471/1471/1471 1470/1470/1470
f 1471/1471/1471 1386/1386/1386 1385/1385/1385
f 1473/1473/1473 1475/1475/1475 1474/1474/1474
f 1475/1475/1475 1473/1473/1473 1476/1476/1476
f 1474/1474/1474 1391/1391/1391 1392/1392/1392
f 1391/1391/1391 1474/1474/1474 1475/1475/1475
f 1474/1474/1474 1476/1476/1476 1473/1473/1473
f 1476/1476/1476 1474/1474/1474 1475/1475/1475
f 1392/1392/1392 1475/1475/1475 1474/1474/1474
f 1475/1475/1475 1392/1392/1392 1391/1391/1391
f 1477/1477/1477 1479/1479/1479 1478/1478/1478
f 1478/1478/1478 1480/1480/1480 1477/1477/1477
f 1479/1479/1479 1477/1477/1477 1480/1480/1480
f 1480/1480/1480 1478/1478/1478 1479/1479/1479
f 1481/1481/1481 1483/1483/1483 1482/1482/1482
f 1482/1482/1482 1484/1484/1484 1481/1481/1481
f 1483/1483/1483 1481/1481/1481 1484/1484/1484
f 1484/1484/1484 1482/1482/1482 1483/1483/1483
f 1485/1485/1485 1478/1478/1478 1479/1479/1479
f 1478/1478/1478 1485/1485/1485 1486/1486/1486
f 1479/1479/1479 1486/1486/1486 1485/1485/1485
f 1486/1486/1486 1479/1479/1479 1478/1478/1478
f 1487/1487/1487 1482/1482/1482 1483/1483/1483
f 1482/1482/1482 1487/1487/1487 1488/1488/1488
f 1483/1483/1483 1488/1488/1488 1487/1487/1487
f 1488/1488/1488 1483/1483/1483 1482/1482/1482
f 1489/1489/1489 1491/1491/1491 1490/1490/1490
f 1490/1490/1490 1492/1492/1492 1489/1489/1489
f 1491/1491/1491 1489/1489/1489 1492/1492/1492
f 1492/1492/1492 1490/1490/1490 1491/1491/1491
f 1493/1493/1493 1495/1495/1495 1494/1494/1494
f 1494/1494/1494 1496/1496/1496 1493/1493/1493
f 1495/1495/1495 1493/1493/1493 1496/1496/1496
f 1496/1496/1496 1494/1494/1494 1495/1495/1495
f 1497/1497/1497 1490/1490/1490 1491/1491/1491
f 1490/1490/1490 1497/1497/1497 1498/1498/1498
f 1491/1491/1491 1498/1498/1498 1497/1497/1497
f 1498/1498/1498 1491/1491/1491 1490/1490/1490
f 1499/1499/1499 1494/1494/1494 1495/1495/1495
f 1494/1494/1494 1499/1499/1499 1500/1500/1500
f 1495/1495/1495 1500/1500/1500 1499/1499/1499
f 1500/1500/1500 1495/1495/1495 1494/1494/1494
