# Monster59.bmd — MU geometry at action 0 key 0, exported for MU2
# 1 mesh(es)

g st091
# texture: st091.jpg
v 8.514125 117.8958 99.95889
v 0.240821 120.2294 108.5998
v 0.24084 124.892 69.07806
v 12.19104 137.2187 65.59413
v 19.31863 137.6118 75.04404
v 23.25596 149.5423 52.88509
v 18.58083 154.1391 83.43854
v 13.74692 177.0202 48.14413
v 13.74843 175.2415 60.04759
v 14.98284 181.4974 37.91444
v 14.98284 181.4974 37.91444
v 0.239078 187.3844 36.33686
v 0.239234 181.0533 47.06335
v 12.19104 137.2187 65.59413
v 0.24084 124.892 69.07806
v 0.241412 109.6701 36.89312
v 30.36174 118.2017 37.12539
v 30.36174 118.2017 37.12539
v 32.91824 154.3185 48.47858
v 41.37971 173.2874 31.93902
v 27.23423 185.1993 26.62674
v 0.238912 193.2874 21.2776
v 0.241412 109.6701 36.89312
v 0.241695 102.0198 18.06616
v 26.27699 106.3801 15.21055
v 27.23445 179.6341 -0.030858
v 0.239164 188.6345 0.960581
v 0.24174 102.1632 4.183962
v 21.85386 116.7894 -8.389584
v 38.40542 141.4684 -2.425301
v 33.79287 136.9096 -24.53799
v 27.23445 179.6341 -0.030858
v 23.59196 168.7567 -25.47509
v 23.59196 168.7567 -25.47509
v 0.24096 173.8505 -27.32909
v 0.240958 110.0547 -11.28379
v 20.49447 153.719 -43.82539
v 0.240968 158.8128 -45.6794
v 0.240971 116.726 -26.26669
v 25.33077 124.8548 -34.25378
v 36.02228 127.1609 -47.40659
v 20.49447 153.719 -43.82539
v 25.55058 142.9744 -61.3182
v 25.55058 142.9744 -61.3182
v 0.240973 149.3416 -63.63571
v 27.32823 118.2277 -31.90922
v 45.32343 102.7601 -47.15749
v 23.63478 120.1853 -75.336
v 23.63478 120.1853 -75.336
v 0.240979 122.5761 -71.20311
v 38.70685 133.0487 36.52739
v 27.23423 185.1993 26.62674
v 37.1524 118.1413 21.59525
v 44.11399 135.8859 -4.648504
v 39.82484 172.5061 14.50407
v 0.24081 157.5346 107.1378
v 0.240806 149.7251 111.3849
v 9.452609 148.9482 107.3726
v 13.23361 157.8288 97.34389
v 9.452512 161.815 98.54706
v 0.240806 165.0487 102.1513
v 0.24081 139.7858 113.2791
v 10.25451 140.9892 108.7878
v 12.62562 137.7004 95.75032
v 13.23363 172.9091 71.5068
v 9.452512 161.815 98.54706
v 13.23363 172.9091 71.5068
v 0.240826 177.4005 70.30328
v 0.240806 165.0487 102.1513
v 8.022914 135.4392 107.3341
v 0.240831 179.2749 58.96687
v 0.240826 177.4005 70.30328
v 8.352218 132.1478 110.3902
v 0.240816 131.2939 115.4122
v 8.434422 124.9127 105.0948
v 10.22802 134.5849 103.9643
v 0.240831 179.2749 58.96687
v 13.74843 175.2415 60.04759
v 13.74692 177.0202 48.14413
v 48.92696 126.4111 17.24169
v 50.78774 128.0451 33.8267
v 58.70907 130.2596 8.553802
v 76.18266 147.5655 16.46052
v 62.25893 158.4409 40.55791
v 54.94983 137.9963 47.3574
v 80.49117 77.42231 18.61412
v 75.05965 88.9785 33.85672
v 92.98969 79.7212 16.31953
v 101.5485 104.2862 20.85774
v 90.61205 107.0997 33.92793
v 85.24767 66.58772 27.81982
v 75.10165 85.45261 44.56802
v 109.938 91.56322 40.86765
v 91.82535 101.5554 40.02983
v 91.10054 64.63582 51.89423
v 81.88324 71.69021 60.21222
v 106.4916 84.71371 59.84245
v 92.27272 90.11662 64.49813
v 91.6012 67.1312 86.26803
v 84.72589 71.0208 97.89483
v 105.3775 76.4138 95.24364
v 96.77689 79.5701 98.79643
v 27.49663 0.436651 6.647451
v 62.57825 0.435516 3.829615
v 44.45234 0.441608 9.3862
v 64.75552 22.30449 29.5213
v 58.05891 23.86445 34.82352
v 55.99841 -0.185324 52.16199
v 29.44421 18.93647 31.74389
v 35.9868 0.221455 47.01424
v 36.74091 22.61034 32.47226
v 0.24098 101.9023 -61.16311
v 0.240979 122.5761 -71.20311
v 33.94193 79.5495 -32.06063
v 46.06148 91.88661 -19.89036
v 15.35741 73.17912 2.051361
v 15.72529 97.77642 13.95341
v 26.89017 102.689 -3.481178
v 33.81481 78.95144 -21.93179
v 48.36913 79.53041 -3.475197
v 29.05086 81.33783 22.1548
v 38.05549 70.04767 -27.03464
v 50.99102 64.76006 -2.535141
v 17.58277 56.63031 -4.898663
v 33.49844 67.97922 15.76726
v 37.04334 58.75431 -26.0574
v 49.71636 45.72658 -14.77733
v 30.21601 43.22521 -13.38197
v 39.97326 43.84417 -9.340469
v 43.46648 26.14234 -36.00094
v 52.10696 27.36346 -21.3849
v 33.83692 26.15626 -24.72323
v 41.32056 26.44951 -13.38821
v 56.24624 15.9215 -16.94589
v 46.45573 3.404463 -34.92181
v 30.22482 14.32685 -14.94166
v 29.07943 0.304207 -16.50256
v 60.00144 0.302942 -17.70281
v 60.13294 0.442631 -9.585659
v 29.21093 0.44385 -8.385487
v 43.11843 19.61988 -1.88707
v 55.07664 8.649002 -8.325411
v 30.51123 9.26058 -6.042679
v 43.74533 18.14254 11.39589
v 56.68354 17.30342 9.331478
v 29.74773 10.21373 9.386826
v 71.93423 -0.19148 42.82199
v 21.0005 0.216599 38.87447
v 12.62562 137.7004 95.75032
v 0.240822 135.1662 98.77085
v 10.22802 134.5849 103.9643
v 8.352218 132.1478 110.3902
v 0.240816 131.2939 115.4122
v 87.5649 53.1302 99.72993
v 97.3962 54.4869 100.2427
v 109.6123 65.414 105.6488
v 97.97308 66.1544 111.6305
v 83.04349 67.22739 107.3473
v 90.43687 66.0938 114.5285
v 102.2697 51.3681 118.1342
v 96.95917 37.2989 132.6597
v 102.5755 34.2213 127.1894
v 97.23558 55.9491 122.4717
v 90.59848 34.4413 127.9359
v 91.26528 51.39819 118.847
v 96.21478 31.3638 122.4656
v 97.06019 46.0366 115.9554
v 102.6493 26.6786 128.8859
v 96.73838 13.6889 128.8772
v 101.5959 14.6268 123.9874
v 96.95816 27.1687 135.0754
v 91.38588 14.549 124.5185
v 90.66357 26.5873 129.5095
v 96.24348 15.4869 119.6287
v 96.35477 26.0972 123.3201
v 99.97019 6.528206 118.7613
v 96.4399 4.439903 121.6189
v 96.06491 0.351808 106.3474
v 92.62889 6.331404 118.9943
v 96.15919 8.419606 116.1367
v 104.8327 29.7275 129.0302
v 97.13837 33.9438 136.5245
v 88.42427 30.0289 130.053
v 96.11858 25.8127 122.5587
v 96.54038 4.770602 125.0684
v 102.0936 8.055305 120.5735
v 90.54579 7.745801 120.9399
v 96.09899 11.03061 116.4449
v 0.24081 135.8343 111.3296
v 97.23558 55.9491 122.4717
v 102.2697 51.3681 118.1342
v 108.0549 58.1947 117.0799
v 113.0301 54.4 112.5462
v 87.48048 57.9965 119.7726
v 91.26528 51.39819 118.847
v 90.43687 66.0938 114.5285
v 81.73878 61.7343 113.8473
v 82.23659 56.16869 113.9849
v 87.48048 57.9965 119.7726
v 81.73878 61.7343 113.8473
v 75.10298 65.7279 110.2069
v 74.2963 60.09489 105.0896
v 82.23659 56.16869 113.9849
v 97.06019 46.0366 115.9554
v 107.453 49.3175 110.882
v 86.40419 50.095 112.4067
v 32.59513 188.3556 22.9072
v 32.59539 184.3415 3.021811
v 36.84676 144.0602 -29.17078
v 30.04607 165.2916 -29.79559
v 27.98117 155.2665 -42.02909
v 40.98882 182.0803 13.52574
v 46.05667 167.6145 -39.92799
v 45.4865 205.1461 10.00646
v 35.03838 129.006 -54.8047
v 29.22078 137.7913 -62.5334
v 28.15648 125.1307 -70.321
v 41.88398 139.7376 -75.02141
v 13.97154 186.3062 41.62115
v 13.28417 183.8161 47.31058
v 0.239234 181.0533 47.06335
v 5.771491 186.0591 46.70952
v 13.41273 179.593 62.6376
v 13.10663 178.2064 69.45039
v 5.382029 181.991 61.99503
v 13.73797 197.6508 48.06925
v 13.77963 191.6335 68.75116
v 17.16673 140.2402 89.02199
v 21.90283 148.0197 84.1386
v 22.99693 140 80.37493
v 23.10822 142.0815 84.2793
v 35.20432 140.6141 97.37578
v 36.88192 133.5291 88.71356
v 34.33432 142.4021 93.16421
v 31.49322 139.0502 95.03609
v 25.37882 149.0708 93.54163
v 22.83791 146.9045 103.5916
v 21.71532 142.7941 97.67629
v 12.56342 129.4044 108.8525
v 13.07942 135.2521 107.0131
v 12.03752 133.5435 110.6371
v 14.54462 133.0587 110.5511
v 15.54662 140.1973 112.3117
v 113.0301 54.4 112.5462
v 116.4054 38.96551 127.4974
v 120.0703 37.59501 120.9159
v 108.0549 58.1947 117.0799
v 110.409 34.81821 125.1586
v 102.2697 51.3681 118.1342
v 114.074 33.44761 118.5771
v 107.453 49.3175 110.882
v 122.3371 30.4321 120.9075
v 120.6737 17.591 121.7211
v 122.9096 19.57761 116.1495
v 119.471 29.4975 127.9458
v 114.7309 16.9113 119.6695
v 112.736 27.302 125.0396
v 116.9668 18.89781 114.0978
v 115.6021 28.2367 118.0012
v 121.3059 13.14221 110.6052
v 119.8253 10.44101 113.9464
v 115.8368 6.564414 100.6899
v 115.4256 11.05131 112.9859
v 116.9062 13.75251 109.6446
v 123.5638 34.25361 121.4929
v 118.5427 36.13131 130.5095
v 110.3277 30.4494 127.3055
v 115.3487 28.57181 118.2888
v 120.8881 10.80491 116.8911
v 123.217 15.05381 111.6353
v 113.9674 11.76481 115.3801
v 116.2963 16.01381 110.1243
v 91.26528 51.39819 118.847
v 77.39348 41.67919 128.8212
v 82.80869 36.91709 126.2473
v 87.48048 57.9965 119.7726
v 73.25038 40.58659 122.4755
v 82.23659 56.16869 113.9849
v 78.66558 35.82449 119.9017
v 86.40419 50.095 112.4067
v 80.58328 30.95569 126.3946
v 71.97218 21.61679 123.7574
v 77.78349 20.5036 121.5264
v 74.10248 33.66129 129.4452
v 69.64779 23.51729 118.1919
v 71.03259 34.49349 122.4803
v 75.45919 22.40399 115.9609
v 77.51338 31.78799 119.4298
v 77.09389 15.98649 115.8118
v 72.67939 15.57799 116.8107
v 76.5098 10.7564 103.8203
v 71.27729 18.11139 113.308
v 75.6918 18.5197 112.3091
v 82.57458 32.59439 128.4746
v 75.15578 39.11849 132.0007
v 69.47968 37.62159 123.3072
v 76.89848 31.09749 119.781
v 71.63599 16.15869 119.7274
v 78.57999 16.80109 118.1561
v 69.43049 20.14359 114.2176
v 76.37449 20.786 112.6464
v 81.73878 61.7343 113.8473
v 66.92538 42.6889 115.4628
v 73.18417 40.9315 118.4101
v 75.10298 65.7279 110.2069
v 68.99679 39.98831 109.1888
v 74.2963 60.09489 105.0896
v 75.25549 38.2309 112.1361
v 82.23659 56.16869 113.9849
v 74.66408 34.1603 117.2224
v 73.17018 23.3011 112.1118
v 78.52759 24.1859 114.4065
v 67.97928 34.4493 114.7373
v 74.85959 24.32651 106.5579
v 70.35828 34.3253 108.0088
v 80.21699 25.2112 108.8527
v 77.04308 34.0362 110.494
v 83.68088 20.0969 109.7534
v 80.13689 18.6752 107.9187
v 91.50409 15.7452 101.4536
v 80.75698 20.7877 104.2993
v 84.30099 22.2093 106.1339
v 72.79987 37.2505 121.0367
v 64.22547 39.6581 116.9988
v 67.06319 35.95821 108.4034
v 75.6377 33.5507 112.4413
v 77.56019 18.838 109.3208
v 83.13477 21.0743 112.2065
v 78.53558 22.1609 103.6274
v 84.11038 24.3972 106.5133
v -8.032375 117.8958 99.95889
v -11.70937 137.2187 65.59412
v -18.83697 137.6118 75.04413
v -18.09908 154.1391 83.43851
v -22.77571 149.541 52.88494
v -13.26819 177.0196 48.14397
v -13.26667 175.2415 60.04757
v -14.50427 181.4966 37.91431
v -14.50427 181.4966 37.91431
v -11.70937 137.2187 65.59412
v -29.87951 118.2 37.12514
v -29.87951 118.2 37.12514
v -32.43818 154.3166 48.47832
v -40.9007 173.2849 31.93872
v -26.75582 185.1977 26.62658
v -25.79387 106.3787 15.21034
v -26.75561 179.6325 -0.031116
v -21.37195 116.7894 -8.389595
v -37.92426 141.4661 -2.425617
v -33.31095 136.9096 -24.53801
v -26.75561 179.6325 -0.031116
v -23.11004 168.7567 -25.4751
v -23.11004 168.7567 -25.4751
v -20.01254 153.719 -43.82541
v -24.84884 124.8549 -34.25381
v -35.54033 127.1609 -47.40661
v -20.01254 153.719 -43.82541
v -25.06863 142.9744 -61.31821
v -25.06863 142.9744 -61.31821
v -26.84872 118.2257 -31.94183
v -44.84488 102.7595 -47.19015
v -23.15282 120.1853 -75.33601
v -23.15282 120.1853 -75.33601
v -38.2255 133.0465 36.5271
v -26.75582 185.1977 26.62658
v -36.67001 118.1391 21.59503
v -43.63242 135.8833 -4.64883
v -39.34563 172.5039 14.50374
v -8.970887 148.9483 107.3726
v -12.75189 157.8287 97.34387
v -8.970889 161.8151 98.54703
v -9.772893 140.9893 108.7878
v -12.14398 137.7004 95.75031
v -12.75188 172.9092 71.50676
v -8.970889 161.8151 98.54703
v -12.75188 172.9092 71.50676
v -7.541287 135.4392 107.3341
v -7.870583 132.1478 110.3902
v -7.952679 124.9128 105.0948
v -9.74628 134.5851 103.9643
v -13.26819 177.0196 48.14397
v -13.26667 175.2415 60.04757
v -48.45113 126.4286 17.31405
v -50.31195 128.0627 33.89894
v -58.23322 130.2771 8.626135
v -75.70674 147.5831 16.53281
v -61.78307 158.4584 40.63023
v -54.47398 138.0138 47.42974
v -80.01532 77.43976 18.68632
v -74.58385 88.99596 33.92892
v -92.51381 79.73866 16.3918
v -101.0725 104.3037 20.92998
v -90.13626 107.1173 34.0002
v -84.76764 66.61834 27.84242
v -74.62177 85.48325 44.59063
v -109.4581 91.59384 40.89028
v -91.34547 101.586 40.0524
v -90.62057 64.66644 51.91682
v -81.40329 71.72086 60.23483
v -106.0117 84.74435 59.86499
v -91.79279 90.14725 64.52071
v -91.02782 63.98506 88.32172
v -84.28664 72.44477 97.29793
v -104.8932 76.14516 92.3707
v -96.33003 80.53506 94.35971
v -27.01482 0.450697 6.647877
v -43.97053 0.455622 9.386536
v -62.09653 0.449509 3.830059
v -64.27371 22.33927 29.5224
v -55.51674 -0.150526 52.16317
v -57.57711 23.89924 34.82464
v -28.96241 18.97122 31.74501
v -36.25911 22.64515 32.47345
v -35.50514 0.256253 47.01529
v -33.46552 79.54807 -32.09301
v -45.58427 91.88622 -19.92302
v -14.72331 73.75238 1.511482
v -15.24821 97.77384 13.92117
v -26.41236 102.6873 -3.513641
v -33.33864 78.95 -21.96418
v -47.89322 79.53036 -3.507851
v -28.5752 81.33638 22.12243
v -37.58156 70.04243 -27.07082
v -50.51777 64.75601 -2.571467
v -17.1102 56.62326 -4.93466
v -33.02504 67.97372 15.7311
v -36.57051 58.74901 -26.09359
v -49.24473 45.7224 -14.8136
v -29.74469 43.21931 -13.41805
v -39.50185 43.83917 -9.376663
v -42.99647 26.13749 -36.03699
v -51.63697 27.3595 -21.42104
v -33.36697 26.15068 -24.7593
v -40.85075 26.44468 -13.42423
v -55.76441 15.9356 -16.94547
v -45.97403 3.418505 -34.92143
v -29.743 14.34092 -14.94122
v -28.59763 0.318226 -16.50215
v -59.65124 0.456665 -9.58532
v -59.51973 0.317057 -17.70239
v -28.72912 0.457844 -8.38508
v -42.6367 19.63397 -1.886765
v -54.59492 8.663078 -8.324951
v -30.02951 9.27457 -6.04228
v -43.2635 18.15656 11.39629
v -56.20171 17.31739 9.331902
v -29.26601 10.22785 9.387272
v -71.45255 -0.156633 42.82311
v -20.51883 0.251308 38.87557
v -12.14398 137.7004 95.75031
v -9.74628 134.5851 103.9643
v -7.870583 132.1478 110.3902
v -87.08463 53.14916 99.75892
v -96.91592 54.50586 100.2718
v -109.132 65.43305 105.6778
v -97.49284 66.17346 111.6596
v -82.56323 67.24637 107.3763
v -89.95665 66.11277 114.5576
v -101.7894 51.38717 118.1633
v -102.0948 34.22696 127.2194
v -96.47855 37.30457 132.6897
v -96.75535 55.96807 122.5008
v -90.11784 34.44697 127.9659
v -90.78504 51.41727 118.8761
v -95.73423 31.36936 122.4956
v -96.58003 46.05556 115.9845
v -102.1684 26.67175 128.9111
v -101.115 14.61995 124.0126
v -96.25742 13.68216 128.9024
v -96.47724 27.16186 135.1005
v -90.90501 14.54226 124.5437
v -90.18274 26.58046 129.5347
v -95.76262 15.48006 119.6539
v -95.87383 26.09035 123.3453
v -99.48901 6.512154 118.7769
v -95.58379 0.335753 106.363
v -95.99721 5.827763 122.7489
v -92.14781 6.31536 119.0098
v -95.67811 8.403557 116.1523
v -104.3521 29.73316 129.0603
v -96.65785 33.94947 136.5545
v -87.94374 30.03457 130.083
v -95.63802 25.81837 122.5887
v -96.13911 7.58436 125.7343
v -101.6303 8.644552 120.2067
v -90.08851 8.556664 120.8071
v -95.61791 11.01456 116.4605
v -101.7894 51.38717 118.1633
v -96.75535 55.96807 122.5008
v -107.5746 58.21375 117.109
v -112.5499 54.41906 112.5753
v -90.78504 51.41727 118.8761
v -87.00024 58.01548 119.8017
v -89.95665 66.11277 114.5576
v -81.75633 56.18767 114.014
v -81.25854 61.75328 113.8763
v -87.00024 58.01548 119.8017
v -81.25854 61.75328 113.8763
v -74.62274 65.74688 110.2359
v -73.81602 60.11388 105.1186
v -81.75633 56.18767 114.014
v -96.58003 46.05556 115.9845
v -106.9727 49.33646 110.9111
v -85.92403 50.11397 112.4358
v -32.11694 188.3538 22.9069
v -32.11677 184.3396 3.021605
v -36.36484 144.0602 -29.1708
v -29.56414 165.2916 -29.7956
v -27.49924 155.2665 -42.02911
v -40.51023 182.0779 13.52535
v -45.57474 167.6145 -39.92801
v -45.00917 205.1434 10.00614
v -34.55643 129.0061 -54.80471
v -28.73883 137.7913 -62.53341
v -27.67453 125.1307 -70.32101
v -41.40213 139.7376 -75.02152
v -13.49338 186.3054 41.62107
v -12.80592 183.8154 47.31048
v -5.29342 186.0588 46.70944
v -12.93097 179.5931 62.63757
v -12.62488 178.2064 69.45038
v -4.90027 181.991 61.99503
v -13.26048 197.65 48.06911
v -13.29788 191.6336 68.75125
v -16.68508 140.2402 89.02197
v -21.42108 148.0197 84.13868
v -22.51528 140 80.37491
v -22.62647 142.0815 84.27927
v -34.72258 140.614 97.37574
v -33.85268 142.4022 93.16415
v -36.40027 133.5291 88.71353
v -31.01149 139.0502 95.03606
v -24.89718 149.0709 93.54158
v -22.35619 146.9046 103.5916
v -21.23368 142.7941 97.67627
v -12.08178 129.4044 108.8524
v -12.59768 135.2522 107.013
v -11.55578 133.5436 110.6371
v -14.06288 133.0587 110.5511
v -15.06488 140.1974 112.3117
v -112.5499 54.41906 112.5753
v -119.6033 37.65405 121.0156
v -115.9384 39.02455 127.5972
v -107.5746 58.21375 117.109
v -109.9419 34.87725 125.2583
v -101.7894 51.38717 118.1633
v -113.6069 33.50665 118.6769
v -106.9727 49.33646 110.9111
v -121.8949 30.49844 121.0853
v -122.4675 19.64393 116.3274
v -120.2316 17.65734 121.899
v -119.0289 29.56384 128.1237
v -114.2887 16.97754 119.8473
v -112.2939 27.36834 125.2174
v -116.5246 18.96414 114.2756
v -115.16 28.30294 118.179
v -120.8957 13.18163 110.8539
v -115.4267 6.60373 100.9386
v -119.4152 10.48033 114.1951
v -115.0154 11.09063 113.2346
v -116.496 13.79193 109.8933
v -123.0967 34.31274 121.5927
v -118.0757 36.19035 130.6093
v -109.8607 30.50845 127.4052
v -114.8817 28.63085 118.3886
v -120.4779 10.84433 117.1398
v -122.8068 15.09323 111.884
v -113.5572 11.80424 115.6288
v -115.8861 16.05313 110.3731
v -90.78504 51.41727 118.8761
v -82.33285 36.86107 126.1952
v -76.91765 41.62308 128.769
v -87.00024 58.01548 119.8017
v -72.77465 40.53048 122.4233
v -81.75633 56.18767 114.014
v -78.18974 35.76837 119.8495
v -85.92403 50.11397 112.4358
v -80.13555 30.86167 126.2424
v -77.33583 20.40957 121.3741
v -71.52444 21.52278 123.6051
v -73.65475 33.56717 129.2929
v -69.20004 23.42317 118.0396
v -70.58485 34.39937 122.328
v -75.01143 22.30997 115.8086
v -77.06574 31.69397 119.2775
v -76.69273 15.89857 115.5593
v -76.1087 10.66846 103.5678
v -72.27823 15.49017 116.5582
v -70.87612 18.02357 113.0555
v -75.29072 18.43187 112.0566
v -82.09875 32.53828 128.4224
v -74.67995 39.06238 131.9485
v -69.00385 37.56548 123.255
v -78.73634 34.48936 117.7279
v -71.23483 16.07087 119.4749
v -78.17883 16.71327 117.9036
v -69.02933 20.05577 113.9651
v -75.97343 20.69817 112.3939
v -81.25854 61.75328 113.8763
v -72.72604 40.78188 118.4348
v -66.46724 42.53918 115.4874
v -74.62274 65.74688 110.2359
v -68.53863 39.83858 109.2134
v -73.81602 60.11388 105.1186
v -74.79733 38.08128 112.1608
v -81.75633 56.18767 114.014
v -74.28114 33.86617 117.1976
v -78.14462 23.89167 114.3818
v -72.78732 23.00687 112.087
v -67.59634 34.15507 114.7125
v -74.47662 24.03226 106.5332
v -69.97533 34.03107 107.9841
v -79.83401 24.91706 108.828
v -76.66013 33.74197 110.4693
v -83.41212 19.70946 109.6436
v -91.23541 15.35776 101.3438
v -79.86812 18.28776 107.8089
v -80.48811 20.40036 104.1895
v -84.03222 21.82196 106.0242
v -72.34174 37.10078 121.0613
v -63.76723 39.50838 117.0234
v -66.60503 35.80858 108.4281
v -75.17953 33.40108 112.466
v -77.29132 18.45057 109.211
v -82.86603 20.68697 112.0968
v -78.26681 21.77356 103.5176
v -83.84151 24.00976 106.4035
v 92.396 44.46951 78.22252
v 90.3063 43.14641 86.54951
v 92.8791 44.69641 88.07442
v 89.9882 42.99701 80.06132
v 92.48011 41.25971 84.79962
v 92.3269 41.18771 81.67502
v 95.0529 42.80971 86.32452
v 94.73471 42.66031 79.83632
v 89.39281 30.0375 86.89612
v 91.73151 28.2283 88.50981
v 91.8007 31.51001 85.05742
v 94.1394 29.70081 86.67112
v 89.07471 29.88811 80.40791
v 91.24851 28.00141 78.65802
v 91.64751 31.43811 81.93282
v 93.82131 29.55141 80.18291
v 98.1851 53.30751 82.67554
v 89.799 52.15151 80.72802
v 88.3545 54.00491 83.14152
v 96.2733 51.69221 80.42113
v 91.4768 50.40761 83.07133
v 94.5947 50.18641 82.92352
v 90.0323 52.26101 85.48483
v 96.5065 51.80171 85.17793
v 88.8856 39.04261 81.07462
v 87.20701 37.53681 83.57701
v 90.79741 40.658 83.32912
v 89.1188 39.15221 85.83142
v 95.35981 38.58341 80.76772
v 97.03761 36.83952 83.11102
v 93.91531 40.43681 83.18132
v 95.59301 38.69291 85.52463
v 96.89081 34.73351 83.16672
v 88.50471 33.57751 81.21911
v 87.06021 35.43091 83.63271
v 94.979 33.11821 80.91222
v 90.18251 31.83361 83.56241
v 93.30041 31.61241 83.41462
v 88.73801 33.687 85.97601
v 95.2122 33.22771 85.66912
v 87.59132 20.46861 81.5658
v 85.91271 18.9628 84.06821
v 89.50311 22.08401 83.82021
v 87.82452 20.57821 86.32261
v 94.06551 20.00941 81.25891
v 95.74332 18.26551 83.60221
v 92.62102 21.86281 83.67251
v 94.29881 20.11891 86.01571
v -92.43009 44.81825 78.26001
v -95.08701 43.15845 86.36191
v -92.9132 45.04515 88.11181
v -94.76879 43.00905 79.87371
v -92.5142 41.60845 84.83701
v -92.36099 41.53654 81.71242
v -90.3404 43.49516 86.58691
v -90.02219 43.34575 80.09872
v -94.17349 30.04955 86.70862
v -91.76559 28.57705 88.54732
v -91.83479 31.85885 85.09492
v -89.4269 30.38635 86.93362
v -93.85538 29.90015 80.22041
v -91.28259 28.35025 78.69552
v -91.68159 31.78685 81.97021
v -89.10879 30.23695 80.44533
v -88.3886 54.35365 83.17892
v -96.3073 52.04095 80.45851
v -98.2192 53.65635 82.71301
v -89.8331 52.50025 80.76542
v -94.6287 50.53515 82.96091
v -91.5109 50.75635 83.10871
v -96.5406 52.15055 85.21541
v -90.0663 52.60975 85.52222
v -95.3939 38.93215 80.80521
v -97.07159 37.18825 83.14851
v -93.94939 40.78555 83.21871
v -95.62711 39.04165 85.56201
v -88.91959 39.39145 81.11201
v -87.241 37.88565 83.61442
v -90.8315 41.00675 83.36652
v -89.1529 39.50095 85.86892
v -87.09429 35.77966 83.67013
v -95.01308 33.46695 80.94971
v -96.9249 35.08235 83.20421
v -88.53879 33.92625 81.25661
v -93.3345 31.96115 83.45212
v -90.21659 32.18235 83.59991
v -95.24629 33.57655 85.70651
v -88.77209 34.03575 86.01342
v -94.09959 20.35815 81.29632
v -95.77729 18.61425 83.63962
v -92.65509 22.21155 83.70992
v -94.33279 20.46765 86.05322
v -87.62538 20.81735 81.60323
v -85.94678 19.31165 84.10562
v -89.53719 22.43275 83.85773
v -87.85859 20.92695 86.36012
v 91.08482 25.65251 78.72011
v 88.99511 24.3294 87.04711
v 91.56791 25.8794 88.57191
v 88.67692 24.18001 80.55891
v 91.16891 22.44271 85.29721
v 91.01562 22.37071 82.17261
v 93.74171 23.99271 86.82211
v 93.42352 23.84331 80.33381
v 88.08161 11.2205 87.3937
v 90.42032 9.411301 89.0074
v 90.48952 12.6931 85.55501
v 92.82822 10.8838 87.1687
v 87.76352 11.07111 80.9055
v 89.93732 9.18441 79.15561
v 90.33631 12.6211 82.4304
v 92.51012 10.73441 80.68051
v 95.57961 15.91661 83.66432
v 87.19351 14.76051 81.71671
v 85.74902 16.61391 84.13031
v 93.66772 14.3012 81.40981
v 88.87132 13.01661 84.06001
v 91.98921 12.79541 83.91221
v 87.42682 14.87001 86.4736
v 93.90102 14.41081 86.16671
v 86.28012 1.651604 82.06329
v 84.60152 0.145798 84.56569
v 88.19193 3.267006 84.31779
v 86.51332 1.7612 86.8202
v 92.75433 1.192406 81.75651
v 94.43202 -0.551495 84.09981
v 91.30982 3.045811 84.17001
v 92.98753 1.301907 86.51331
v -91.11888 26.00125 78.75761
v -93.7757 24.34145 86.85952
v -91.602 26.22815 88.60941
v -93.45759 24.19205 80.37132
v -91.20299 22.79145 85.33462
v -91.04969 22.71955 82.21001
v -89.02909 24.67815 87.08453
v -88.71098 24.52875 80.59631
v -92.86229 11.23265 87.20622
v -90.45438 9.760044 89.04492
v -90.52359 13.04185 85.59242
v -88.11568 11.56936 87.43123
v -92.54408 11.08325 80.71792
v -89.97137 9.533245 79.19302
v -90.37038 12.96985 82.46782
v -87.79748 11.41995 80.94292
v -85.78309 16.96265 84.16773
v -93.70178 14.65005 81.44731
v -95.61359 16.26535 83.70182
v -87.22758 15.10925 81.75423
v -92.02318 13.14425 83.94971
v -88.90538 13.36535 84.09752
v -93.93499 14.75955 86.20412
v -87.46078 15.21875 86.51102
v -92.78837 1.541149 81.79391
v -94.46608 -0.202759 84.13721
v -91.34388 3.394547 84.20753
v -93.02158 1.650745 86.55083
v -86.31407 2.00045 82.10082
v -84.63557 0.494644 84.60323
v -88.22598 3.615746 84.35532
v -86.54738 2.109947 86.85764
v 40.05178 178.0327 35.54898
v 37.5883 177.6754 27.22674
v 40.54506 178.1877 25.69621
v 37.2635 177.5733 33.71558
v 38.00188 180.5225 28.9788
v 37.84546 180.4733 32.10371
v 40.95854 181.0348 27.44827
v 40.63375 180.9328 33.9371
v 28.32123 186.9929 26.90938
v 28.90318 189.8929 25.29751
v 31.10951 187.4523 28.74277
v 31.69147 190.3524 27.1309
v 27.99643 186.8909 33.39811
v 28.41 189.738 35.15018
v 30.9531 187.4032 31.86768
v 31.36667 190.2503 33.61974
v 36.86956 189.1818 30.62502
v 30.67529 183.4244 32.60957
v 31.20327 181.1152 30.21448
v 34.40696 188.7368 32.87994
v 30.38532 185.8083 30.24739
v 32.18245 188.3667 30.37757
v 30.91339 183.4992 27.85229
v 34.64506 188.8117 28.12264
v 19.93407 190.9906 32.19087
v 17.70966 190.6205 29.68849
v 22.39667 191.4356 29.93595
v 20.17227 191.0655 27.43357
v 23.66573 196.3031 32.46123
v 23.37586 198.687 30.09902
v 24.1938 193.994 30.06613
v 23.90384 196.3779 27.70394
v 26.57347 192.1608 35.09638
v 24.7387 190.4304 26.78401
v 27.06665 192.3157 25.2437
v 24.41381 190.3283 33.27285
v 23.65018 193.1428 28.4588
v 23.49366 193.0937 31.58372
v 25.97812 195.0281 26.9184
v 25.65332 194.9261 33.40723
v 12.06317 193.8645 26.20349
v 11.14313 196.6299 24.51435
v 14.22284 195.697 28.02702
v 13.3027 198.4623 26.33787
v 11.73838 193.7624 32.69233
v 10.64985 196.475 34.36702
v 14.06642 195.6478 31.15192
v 12.9779 198.3603 32.82671
v 18.72929 200.3893 29.64977
v 15.65009 192.6239 32.03173
v 17.01637 190.6728 29.64977
v 16.77819 199.0229 32.03169
v 14.28382 194.575 29.64981
v 14.82708 197.6566 29.64982
v 15.65009 192.6239 27.26785
v 16.77819 199.0229 27.2679
v 2.70452 194.9061 32.03165
v 0.753419 193.5398 29.64978
v 4.655625 196.2724 29.64972
v 2.704528 194.9061 27.26785
v 3.832622 201.3052 32.03171
v 2.466342 203.2563 29.64979
v 5.198894 199.3541 29.64974
v 3.83262 201.3052 27.26782
v 8.395499 198.3255 34.58292
v 6.711287 195.9436 26.40085
v 8.395512 198.3255 24.71667
v 6.711324 195.9436 32.89859
v 5.026945 198.3255 28.08514
v 5.026925 198.3255 31.21441
v 6.711162 200.7075 26.40087
v 6.7112 200.7074 32.89861
v -6.433928 195.9432 26.40088
v -8.118234 198.3251 24.71657
v -4.74966 198.3252 28.08508
v -6.434056 200.7071 26.4009
v -6.433894 195.9432 32.89864
v -8.118243 198.325 34.58282
v -4.749679 198.3252 31.21437
v -6.434031 200.7071 32.89855
v -39.98268 178.0304 35.54865
v -40.47586 178.1853 25.69594
v -37.51911 177.6731 27.2265
v -37.19434 177.5711 33.71533
v -37.93289 180.5203 28.97857
v -37.77642 180.4711 32.10341
v -40.88963 181.0324 27.448
v -40.56475 180.9304 33.93682
v -28.83474 189.8912 25.29727
v -28.25266 186.9912 26.9091
v -31.0409 187.4505 28.74252
v -31.62307 190.3505 27.13069
v -28.34156 189.7363 35.14999
v -27.92779 186.8892 33.39793
v -30.88452 187.4014 31.86746
v -31.29829 190.2485 33.61952
v -36.80099 189.1797 30.62476
v -31.13435 181.1135 30.21434
v -30.60641 183.4225 32.60941
v -34.33844 188.7348 32.87974
v -30.31667 185.8064 30.24718
v -32.11392 188.3648 30.37733
v -30.84461 183.4974 27.85212
v -34.57655 188.8096 28.12245
v -17.64125 190.6194 29.68839
v -19.86569 190.9895 32.19069
v -22.32833 191.4343 29.93582
v -20.1039 191.0643 27.43342
v -23.3079 198.6856 30.09881
v -23.59763 196.3017 32.46102
v -24.12557 193.9926 30.06596
v -23.83584 196.3765 27.70375
v -26.50522 192.1592 35.09618
v -26.99829 192.3141 25.24348
v -24.67022 190.4289 26.7839
v -24.34545 190.3269 33.27272
v -23.58186 193.1414 28.45867
v -23.42549 193.0923 31.58351
v -25.91003 195.0266 26.91825
v -25.58526 194.9246 33.40708
v -11.07502 196.6292 24.5143
v -11.99498 193.8638 26.20341
v -14.15475 195.6962 28.02688
v -13.23479 198.4615 26.33777
v -10.58184 196.4742 34.367
v -11.6702 193.7617 32.69223
v -13.99838 195.647 31.15182
v -12.91001 198.3595 32.82659
v -18.66149 200.3881 29.64967
v -16.94797 190.6717 29.64972
v -15.58186 192.6229 32.03156
v -16.71035 199.0219 32.03159
v -14.21564 194.5742 29.6497
v -14.7591 197.6558 29.64972
v -15.58176 192.623 27.26776
v -16.71024 199.0219 27.26779
v -0.685157 193.5398 29.64976
v -2.636405 194.9059 32.03162
v -4.587548 196.2721 29.64968
v -2.636399 194.9059 27.26783
v -2.39878 203.2561 29.6497
v -3.764899 201.305 32.03165
v -5.131015 199.3538 29.64971
v -3.764886 201.305 27.26786
v 95.67161 88.48091 84.65734
v 107.8887 79.34621 96.69526
v 107.4724 82.69731 82.89666
v 96.08789 85.12991 98.45594
v 96.08789 85.12991 98.45594
v 104.9152 76.86351 96.18204
v 107.8887 79.34621 96.69526
v 95.77609 81.34261 97.54554
v 95.35981 84.69371 83.74694
v 107.4724 82.69731 82.89666
v 104.4988 80.21452 82.38345
v 95.67161 88.48091 84.65734
v 111.967 67.11481 93.60176
v 111.5507 70.46592 79.80315
v 108.0735 67.39101 93.78635
v 111.967 67.11481 93.60176
v 104.9152 76.86351 96.18204
v 107.6572 70.74202 79.98775
v 108.0735 67.39101 93.78635
v 104.4988 80.21452 82.38345
v 111.5507 70.46592 79.80315
v 107.6572 70.74202 79.98775
v 105.9337 55.60071 90.98756
v 105.5174 58.95172 77.18895
v 103.4011 58.47401 91.76175
v 105.9337 55.60071 90.98756
v 102.9848 61.82502 77.96314
v 103.4011 58.47401 91.76175
v 105.5174 58.95172 77.18895
v 102.9848 61.82502 77.96314
v 93.32321 51.54871 90.38393
v 92.90692 54.89971 76.58533
v 93.63501 55.33591 91.29434
v 93.32321 51.54871 90.38393
v 93.21872 58.68701 77.49574
v 93.63501 55.33591 91.29434
v 92.90692 54.89971 76.58533
v 93.21872 58.68701 77.49574
v 81.52241 57.33231 92.14462
v 81.10612 60.68341 78.34602
v 84.496 59.815 92.65784
v 81.52241 57.33231 92.14462
v 84.07971 63.16611 78.85922
v 84.496 59.815 92.65784
v 81.10612 60.68341 78.34602
v 84.07971 63.16611 78.85922
v 77.4442 69.56371 95.23812
v 77.02782 72.91481 81.43952
v 81.3376 69.28751 95.05353
v 77.4442 69.56371 95.23812
v 80.92131 72.63861 81.25493
v 81.3376 69.28751 95.05353
v 77.02782 72.91481 81.43952
v 80.92131 72.63861 81.25493
v 83.47739 81.0778 97.85233
v 83.0611 84.42891 84.05373
v 86.00999 78.20451 97.07813
v 83.47739 81.0778 97.85233
v 85.5937 81.55561 83.27953
v 86.00999 78.20451 97.07813
v 83.0611 84.42891 84.05373
v 85.5937 81.55561 83.27953
v -96.51192 88.41795 84.61729
v -84.31773 81.01486 97.81232
v -83.90142 84.36596 84.01372
v -96.92824 85.06686 98.41591
v -96.92824 85.06686 98.41591
v -86.85034 78.14156 97.03811
v -84.31773 81.01486 97.81232
v -96.61644 81.27966 97.5056
v -96.20012 84.63065 83.70701
v -83.90142 84.36596 84.01372
v -86.43401 81.49266 83.23952
v -96.51192 88.41795 84.61729
v -78.28452 69.50077 95.19813
v -77.86821 72.85176 81.39953
v -82.17803 69.22457 95.01363
v -78.28452 69.50077 95.19813
v -86.85034 78.14156 97.03811
v -81.76161 72.57556 81.21503
v -82.17803 69.22457 95.01363
v -86.43401 81.49266 83.23952
v -77.86821 72.85176 81.39953
v -81.76161 72.57556 81.21503
v -82.36281 57.26937 92.10462
v -81.9465 60.62036 78.30603
v -85.33642 59.75206 92.61782
v -82.36281 57.26937 92.10462
v -84.92001 63.10307 78.81923
v -85.33642 59.75206 92.61782
v -81.9465 60.62036 78.30603
v -84.92001 63.10307 78.81923
v -94.16351 51.48566 90.34401
v -93.74719 54.83675 76.54542
v -94.47532 55.27286 91.25432
v -94.16351 51.48566 90.34401
v -94.059 58.62396 77.45572
v -94.47532 55.27286 91.25432
v -93.74719 54.83675 76.54542
v -94.059 58.62396 77.45572
v -106.7741 55.53765 90.9475
v -106.3577 58.88876 77.1489
v -104.2414 58.41096 91.7218
v -106.7741 55.53765 90.9475
v -103.8251 61.76205 77.92311
v -104.2414 58.41096 91.7218
v -106.3577 58.88876 77.1489
v -103.8251 61.76205 77.92311
v -112.8073 67.05176 93.56178
v -112.391 70.40285 79.76318
v -108.9139 67.32796 93.74629
v -112.8073 67.05176 93.56178
v -108.4975 70.67905 79.94769
v -108.9139 67.32796 93.74629
v -112.391 70.40285 79.76318
v -108.4975 70.67905 79.94769
v -108.729 79.28316 96.65529
v -108.3127 82.63425 82.85669
v -105.7554 76.80046 96.14209
v -108.729 79.28316 96.65529
v -105.3391 80.15155 82.34349
v -105.7554 76.80046 96.14209
v -108.3127 82.63425 82.85669
v -105.3391 80.15155 82.34349
v 43.65761 181.8104 30.54117
v 73.86419 163.9451 13.84227
v 48.7759 174.4207 5.592579
v 68.7459 171.3349 38.79086
v 68.7459 171.3349 38.79086
v 70.19814 158.3756 17.91878
v 73.86419 163.9451 13.84227
v 66.23438 164.0985 37.23998
v 41.14609 174.5741 28.9903
v 48.7759 174.4207 5.592579
v 45.10984 168.8511 9.669085
v 43.65761 181.8104 30.54117
v 69.46161 142.0912 -0.519352
v 44.37332 152.5666 -8.769043
v 66.78869 141.451 6.796597
v 69.46161 142.0912 -0.519352
v 70.19814 158.3756 17.91878
v 41.7003 151.9265 -1.453087
v 66.78869 141.451 6.796597
v 45.10984 168.8511 9.669085
v 44.37332 152.5666 -8.769043
v 41.7003 151.9265 -1.453087
v 58.11727 118.5746 4.118908
v 33.02888 129.0501 -4.130768
v 58.00311 123.2388 10.38864
v 58.11727 118.5746 4.118908
v 32.91482 133.7143 2.138952
v 58.00311 123.2388 10.38864
v 33.02888 129.0501 -4.130768
v 32.91482 133.7143 2.138952
v 46.47641 107.1712 25.04
v 21.38812 117.6467 16.79031
v 48.98793 114.4076 26.59078
v 46.47641 107.1712 25.04
v 23.89963 124.883 18.34108
v 48.98793 114.4076 26.59078
v 21.38812 117.6467 16.79031
v 23.89963 124.883 18.34108
v 41.35823 114.5609 49.98859
v 16.26994 125.0365 41.7389
v 45.02417 120.1304 45.91198
v 41.35823 114.5609 49.98859
v 19.93588 130.606 37.66229
v 45.02417 120.1304 45.91198
v 16.26994 125.0365 41.7389
v 19.93588 130.606 37.66229
v 45.7608 136.415 64.35011
v 20.67241 146.8904 56.10042
v 48.43371 137.0552 57.03416
v 45.7608 136.415 64.35011
v 23.34542 147.5306 48.78447
v 48.43371 137.0552 57.03416
v 20.67241 146.8904 56.10042
v 23.34542 147.5306 48.78447
v 57.10513 159.9315 59.71185
v 32.01684 170.407 51.46216
v 57.2193 155.2673 53.44211
v 57.10513 159.9315 59.71185
v 32.13091 165.7428 45.19242
v 57.2193 155.2673 53.44211
v 32.01684 170.407 51.46216
v 32.13091 165.7428 45.19242
v -42.1166 181.8079 30.54077
v -47.23417 174.4178 5.592258
v -72.32193 163.9408 13.84169
v -67.20435 171.3309 38.79031
v -67.20435 171.3309 38.79031
v -72.32193 163.9408 13.84169
v -68.65565 158.3715 17.91828
v -64.69235 164.0946 37.23952
v -39.60459 174.5717 28.99009
v -43.56791 168.8484 9.668837
v -47.23417 174.4178 5.592258
v -42.1166 181.8079 30.54077
v -42.83024 152.564 -8.769382
v -67.91797 142.0871 -0.519844
v -67.91797 142.0871 -0.519844
v -65.24505 141.4471 6.796108
v -68.65565 158.3715 17.91828
v -65.24505 141.4471 6.796108
v -40.1573 151.924 -1.453331
v -43.56791 168.8484 9.668837
v -40.1573 151.924 -1.453331
v -42.83024 152.564 -8.769382
v -31.48453 129.0482 -4.131004
v -56.57227 118.5712 4.11853
v -56.57227 118.5712 4.11853
v -56.45847 123.2354 10.3882
v -56.45847 123.2354 10.3882
v -31.37071 133.7124 2.138771
v -31.37071 133.7124 2.138771
v -31.48453 129.0482 -4.131004
v -19.84319 117.6454 16.7901
v -44.93093 107.1685 25.03973
v -44.93093 107.1685 25.03973
v -47.44293 114.4047 26.59042
v -47.44293 114.4047 26.59042
v -22.35518 124.8816 18.34098
v -22.35518 124.8816 18.34098
v -19.84319 117.6454 16.7901
v -14.72562 125.0356 41.73872
v -39.81337 114.5585 49.98825
v -39.81337 114.5585 49.98825
v -43.47961 120.1278 45.91166
v -43.47961 120.1278 45.91166
v -18.39186 130.6048 37.66222
v -18.39186 130.6048 37.66222
v -14.72562 125.0356 41.73872
v -19.12954 146.8893 56.10034
v -44.2173 136.4124 64.34978
v -44.2173 136.4124 64.34978
v -46.89023 137.0523 57.03384
v -46.89023 137.0523 57.03384
v -21.80247 147.5293 48.7844
v -21.80247 147.5293 48.7844
v -19.12954 146.8893 56.10034
v -30.47525 170.4052 51.46198
v -55.563 159.9282 59.71151
v -55.563 159.9282 59.71151
v -55.6768 155.2639 53.44173
v -55.6768 155.2639 53.44173
v -30.58907 165.741 45.19221
v -30.58907 165.741 45.19221
v -30.47525 170.4052 51.46198
vn 0.716092 -0.692701 0.085892
vn -0 -0.765805 0.643073
vn -0.003 -0.999881 0.015154
vn 0.825017 -0.529064 0.198591
vn 0.905159 -0.168898 -0.390078
vn 0.897178 0.107497 0.428389
vn 0.932393 0.330158 0.147103
vn 0.777865 0.512246 0.364048
vn 0.760392 0.570297 -0.310749
vn 0.41048 0.82308 0.392486
vn 0.41048 0.82308 0.392486
vn -0.000071 0.876988 0.480512
vn 0.00054 0.787222 0.616669
vn 0.825017 -0.529064 0.198591
vn -0.003 -0.999881 0.015154
vn 0.008545 -0.864587 0.502411
vn 0.532082 -0.603435 0.593932
vn 0.532082 -0.603435 0.593932
vn 0.291619 -0.045237 0.955464
vn 0.443385 0.69008 0.572014
vn 0.434515 0.791163 0.430416
vn -0.000072 0.999841 -0.017818
vn 0.008545 -0.864587 0.502411
vn 0.000052 -0.961292 0.275534
vn 0.441204 -0.88088 -0.171435
vn 0.46627 0.763486 -0.446857
vn -0.014198 0.928743 -0.370451
vn -0.011434 -0.9668 -0.255278
vn 0.577297 -0.790795 -0.203399
vn 0.72863 -0.030965 -0.684208
vn 0.955789 -0.256997 -0.142898
vn 0.46627 0.763486 -0.446857
vn 0.586413 0.787917 -0.187904
vn 0.586413 0.787917 -0.187904
vn 0.0001 0.79284 -0.60943
vn -0.0006 -0.938526 -0.345209
vn 0.421319 0.671631 -0.609428
vn 0 0.851219 -0.524811
vn 0.430092 -0.54319 0.721087
vn 0.63893 -0.713233 0.288214
vn 0.998668 -0.0005 0.051599
vn 0.421319 0.671631 -0.609428
vn 0.582605 0.700706 -0.411804
vn 0.582605 0.700706 -0.411804
vn 0 0.586297 -0.810096
vn 0.626615 0.441068 0.642506
vn 0.969316 -0.027089 -0.244321
vn 0.215194 0.224693 -0.950371
vn 0.215194 0.224693 -0.950371
vn 0 -0.086198 -0.996278
vn 0.431651 -0.648233 0.627273
vn 0.434515 0.791163 0.430416
vn 0.696558 -0.704242 0.137297
vn 0.322472 -0.223572 -0.919797
vn 0.762015 0.461018 -0.454747
vn -0.000001 0.514054 0.857758
vn -0.000001 0.297407 0.954751
vn 0.633406 0.130333 0.762765
vn 0.76826 0.394338 0.504256
vn 0.519203 0.65876 0.544484
vn -0 0.781208 0.624271
vn -0.000001 -0.234561 0.972101
vn 0.708075 -0.07056 0.702603
vn 0.916993 -0.294688 0.268855
vn 0.777412 0.545245 0.31359
vn 0.519203 0.65876 0.544484
vn 0.777412 0.545245 0.31359
vn -0 0.949383 0.314121
vn -0 0.781208 0.624271
vn 0.598106 -0.428173 0.67745
vn -0.0027 0.980998 0.194001
vn -0 0.949383 0.314121
vn 0.154197 0.222348 0.962697
vn -0 0.475577 0.879674
vn 0.792293 -0.439975 0.422721
vn 0.4256 0.90387 0.043404
vn -0.0027 0.980998 0.194001
vn 0.760392 0.570297 -0.310749
vn 0.777865 0.512246 0.364048
vn -0.183601 -0.974905 -0.125901
vn -0.615077 -0.640676 0.459582
vn 0.387617 -0.49202 -0.779532
vn 0.806017 0.43891 -0.397108
vn 0.578919 0.649223 0.493318
vn -0.086899 -0.040799 0.995381
vn -0.714522 -0.581219 -0.389413
vn -0.878897 -0.292899 0.376498
vn 0.261704 -0.419505 -0.86921
vn 0.836389 0.472294 -0.278195
vn 0.338983 0.536875 0.772564
vn -0.087797 -0.943174 -0.320491
vn -0.946547 0.063203 0.316315
vn 0.963984 0.255196 0.0749
vn -0.030102 0.822327 0.568219
vn 0.014901 -0.99643 -0.083103
vn -0.957454 -0.204612 0.203511
vn 0.971195 0.218399 0.095301
vn -0.224706 0.912622 0.341508
vn 0.0164 -0.877456 -0.479376
vn -0.892485 0.426693 -0.146298
vn 0.967631 0.130504 0.216008
vn 0.0076 0.889835 0.456218
vn -0.501119 -0.859722 0.098782
vn 0.746374 -0.601751 -0.284292
vn 0.1932 -0.838131 0.510108
vn 0.630709 0.774579 0.047273
vn -0.129199 0.984311 0.120167
vn -0.314998 0.084313 0.94534
vn -0.597704 0.79644 0.091836
vn 0.082997 -0.455357 0.886432
vn 0.5951 0.599527 0.535185
vn -0.134898 -0.768888 -0.624991
vn 0 -0.086198 -0.996278
vn 0.295321 -0.869048 -0.396916
vn 0.998565 0.028623 0.045274
vn -0.775169 -0.593834 0.215581
vn -0.581065 0.291279 0.759948
vn 0.575099 0.688412 0.441984
vn 0.273679 -0.57544 -0.770694
vn 0.948242 0.316627 -0.024198
vn 0.335288 0.219932 0.916085
vn 0.326379 0.14001 -0.934812
vn 0.995324 -0.007386 0.09631
vn -0.898885 -0.419677 -0.126003
vn 0.05616 -0.56331 0.824335
vn -0.165837 0.095175 -0.98155
vn 0.985584 -0.089164 0.143786
vn -0.845517 -0.446648 0.292587
vn 0.13203 -0.491146 0.861013
vn 0.504191 0.066246 -0.861048
vn 0.924155 0.111153 0.36549
vn -0.948818 -0.052646 -0.311406
vn -0.200478 0.485894 0.850715
vn 0.912213 0.409183 0.020914
vn -0.235206 -0.24309 -0.941056
vn -0.90351 0.427771 0.026115
vn -0.705862 -0.683401 -0.186337
vn 0.715887 -0.626575 -0.308075
vn 0.814895 -0.570833 0.10048
vn -0.767973 -0.639458 -0.03621
vn -0.074997 0.948969 0.306322
vn 0.74759 0.663572 0.027954
vn -0.917858 0.390115 0.073128
vn -0.275903 0.916964 -0.288191
vn 0.239307 0.682144 -0.69095
vn -0.823121 0.509552 -0.250657
vn 0.746387 -0.63395 0.202521
vn -0.980762 0.100847 0.167139
vn 0.916993 -0.294688 0.268855
vn -0 0.956236 0.292597
vn 0.4256 0.90387 0.043404
vn 0.154197 0.222348 0.962697
vn -0 0.475577 0.879674
vn -0.406705 -0.796111 -0.448107
vn 0.399493 -0.691387 -0.601988
vn 0.954379 0.264694 -0.138196
vn 0.267918 0.597542 0.755754
vn -0.2754 0.833898 0.478299
vn -0.1895 0.608498 0.770597
vn 0.526992 -0.490993 0.69369
vn 0.069296 0.627573 0.775468
vn 0.972157 0.164493 -0.166892
vn -0.137894 0.57917 0.803459
vn -0.969702 0.2391 -0.050101
vn -0.301916 -0.586931 0.751239
vn -0.047097 -0.217791 -0.974859
vn 0.20619 -0.735959 -0.644864
vn 0.785397 -0.565597 0.2515
vn 0.044297 -0.408985 0.911466
vn 0.998599 -0.0016 -0.052899
vn 0.014299 -0.386904 0.922009
vn -0.996494 0.03 0.078099
vn -0.976495 -0.197599 0.086099
vn -0.043999 0.4487 -0.892599
vn -0.224091 -0.56878 -0.791374
vn 0.832211 -0.221702 -0.508206
vn 0.155107 -0.975945 0.153207
vn -0.008199 -0.621596 -0.783295
vn -0.81587 -0.534381 -0.220893
vn -0.212201 0.388205 -0.89681
vn 0.982508 -0.154201 -0.1044
vn 0.095097 0.240495 0.965981
vn -0.950606 -0.160801 0.265501
vn -0.1785 -0.726203 -0.663903
vn 0.078601 -0.831119 0.550512
vn 0.909699 -0.254299 -0.328299
vn -0.9621 -0.2317 -0.143801
vn -0.0434 0.351111 -0.935328
vn -0 -0.442431 0.896803
vn -0.137894 0.57917 0.803459
vn 0.526992 -0.490993 0.69369
vn 0.18889 0.546075 0.816163
vn 0.945844 0.150907 -0.287413
vn -0.159802 0.556104 0.815606
vn -0.301916 -0.586931 0.751239
vn -0.1895 0.608498 0.770597
vn -0.124097 0.406086 0.90537
vn -0.843086 -0.448993 0.295994
vn -0.159802 0.556104 0.815606
vn -0.124097 0.406086 0.90537
vn -0.681709 0.691208 0.239802
vn -0.46428 -0.231991 -0.854766
vn -0.843086 -0.448993 0.295994
vn 0.20619 -0.735959 -0.644864
vn 0.090798 -0.613479 -0.784474
vn 0.147703 -0.802409 -0.578207
vn -0.289574 0.847677 0.444513
vn 0.290902 0.266998 -0.918743
vn 0.928694 -0.181499 0.323398
vn 0.242513 0.967554 -0.070904
vn 0.172498 -0.063099 -0.982987
vn 0.955517 -0.182173 0.231951
vn 0.648586 0.526688 -0.549488
vn 0.915607 0.390182 -0.097061
vn 0.980958 0.183992 0.062198
vn 0.3919 0.7829 -0.4832
vn 0.687096 -0.278199 -0.671196
vn 0.653322 0.690023 -0.31151
vn 0.800048 0.412273 -0.435838
vn 0.483858 0.063083 0.87287
vn 0.00054 0.787222 0.616669
vn -0.733467 0.668644 -0.122238
vn 0.879007 0.255361 -0.402663
vn 0.056398 0.258872 0.964264
vn -0.287 0.829503 -0.47912
vn 0.657543 0.53326 0.532233
vn 0.742026 0.6535 -0.14945
vn 0.69972 -0.032367 0.713684
vn 0.92303 0.375307 0.08462
vn 0.950003 -0.300071 0.086319
vn 0.88131 -0.174607 0.439096
vn 0.606155 -0.155496 0.779998
vn 0.522305 -0.752348 -0.40146
vn 0.323598 0.510399 -0.796729
vn -0.531806 -0.723838 -0.439592
vn 0.612403 0.188126 -0.767836
vn 0.397802 0.408371 0.821576
vn 0.038 -0.964992 0.259511
vn 0.710514 -0.64307 0.285712
vn 0.600522 0.419142 -0.68095
vn -0.436088 0.308099 0.845519
vn 0.784808 -0.414257 0.460942
vn 0.039797 0.352119 0.935109
vn 0.945844 0.150907 -0.287413
vn 0.142203 0.638319 0.756523
vn 0.800325 0.392413 -0.453313
vn 0.18889 0.546075 0.816163
vn -0.945195 -0.002401 0.326497
vn 0.526992 -0.490993 0.69369
vn -0.318411 -0.27551 -0.907033
vn 0.090798 -0.613479 -0.784474
vn 0.903047 0.155208 -0.40052
vn 0.468982 -0.451683 0.758972
vn 0.882594 0.259399 -0.392097
vn 0.42542 -0.395419 0.81404
vn -0.871018 -0.205705 0.446108
vn -0.809403 -0.453502 0.3731
vn -0.469713 0.535816 -0.701621
vn -0.475814 0.199906 -0.856527
vn 0.637227 0.019401 -0.770432
vn 0.46101 -0.887319 0.0116
vn -0.101297 -0.609889 -0.785986
vn -0.661006 -0.750208 0.016099
vn -0.60221 0.296305 -0.741314
vn 0.86613 0.160006 -0.473516
vn 0.378502 0.217402 0.899707
vn -0.945047 -0.171709 0.278213
vn -0.435013 0.035401 -0.899728
vn 0.46572 -0.812035 0.351716
vn 0.793204 0.065701 -0.605402
vn -0.83195 -0.535132 0.146608
vn -0.454484 0.444585 -0.771874
vn -0.301916 -0.586931 0.751239
vn -0.045502 0.65882 0.750923
vn 0.956391 -0.166198 0.240199
vn -0.159802 0.556104 0.815606
vn -0.747785 0.52089 -0.411693
vn -0.843086 -0.448993 0.295994
vn 0.230203 -0.311003 -0.922108
vn 0.147703 -0.802409 -0.578207
vn 0.552807 -0.507807 0.660709
vn -0.476216 -0.431414 0.766225
vn 0.867613 -0.357206 0.345906
vn -0.534189 -0.366092 0.761983
vn -0.86086 0.451279 -0.23509
vn -0.929709 0.0704 -0.361505
vn 0.49469 0.574288 -0.652285
vn 0.503481 0.533179 -0.679873
vn 0.827583 -0.543888 -0.138896
vn -0.273114 -0.948548 0.160208
vn 0.08 -0.660687 -0.746386
vn -0.795592 -0.245198 -0.553996
vn 0.307895 0.340294 -0.888483
vn 0.836022 -0.502613 0.220107
vn -0.240806 0.143403 0.959921
vn -0.847912 0.529807 0.018699
vn 0.461115 0.195106 -0.865625
vn -0.43412 -0.809337 0.395618
vn 0.852753 -0.502672 0.141893
vn -0.842961 0.031098 -0.537076
vn 0.516107 0.474607 -0.713009
vn -0.124097 0.406086 0.90537
vn -0.771944 0.558932 0.302816
vn 0.311381 0.283383 0.907048
vn -0.681709 0.691208 0.239802
vn -0.362198 0.1491 -0.920099
vn -0.46428 -0.231991 -0.854766
vn 0.929387 -0.148098 -0.338094
vn -0.843086 -0.448993 0.295994
vn 0.142393 -0.040999 0.988961
vn -0.701987 -0.641088 0.310193
vn 0.480604 -0.122002 0.86841
vn -0.756191 -0.611693 0.232396
vn -0.590437 0.183912 -0.78585
vn -0.382297 -0.140499 -0.913296
vn 0.621689 0.749286 -0.228195
vn 0.507602 0.836603 -0.206
vn 0.816064 -0.316986 0.48328
vn -0.098299 -0.992797 0.068499
vn 0.680598 -0.586498 -0.439098
vn -0.177403 -0.407909 -0.895622
vn 0.722686 0.445092 -0.528789
vn 0.58433 -0.081205 0.807443
vn -0.855455 -0.103295 0.507472
vn -0.410896 0.599795 -0.686594
vn 0.666197 0.638597 -0.385197
vn -0.34329 -0.935173 0.087197
vn 0.639694 -0.279798 0.715895
vn -0.253991 -0.201093 -0.946071
vn 0.690503 0.684503 -0.2338
vn -0.716092 -0.692701 0.085891
vn -0.842189 -0.519834 0.143142
vn -0.905159 -0.168898 -0.390079
vn -0.933197 0.32987 0.142584
vn -0.864431 0.099496 0.492807
vn -0.767319 0.511881 0.386263
vn -0.756501 0.563245 -0.332356
vn -0.410483 0.823056 0.392533
vn -0.410483 0.823056 0.392533
vn -0.842189 -0.519834 0.143142
vn -0.53373 -0.606135 0.589688
vn -0.53373 -0.606135 0.589688
vn -0.311315 -0.047113 0.949138
vn -0.458708 0.677569 0.57488
vn -0.434622 0.791092 0.430438
vn -0.435385 -0.878905 -0.194848
vn -0.467546 0.758816 -0.453431
vn -0.548675 -0.789865 -0.273988
vn -0.716737 -0.050496 -0.695513
vn -0.941647 -0.268113 -0.203511
vn -0.467546 0.758816 -0.453431
vn -0.567009 0.787513 -0.241504
vn -0.567009 0.787513 -0.241504
vn -0.421319 0.671631 -0.609428
vn -0.813968 -0.315788 0.48758
vn -0.985143 0.163607 0.052202
vn -0.421319 0.671631 -0.609428
vn -0.582605 0.700706 -0.411804
vn -0.582605 0.700706 -0.411804
vn -0.491634 0.666003 0.561013
vn -0.985896 0.021438 -0.165981
vn -0.423606 -0.071601 -0.903013
vn -0.423606 -0.071601 -0.903013
vn -0.451784 -0.642673 0.61876
vn -0.434622 0.791092 0.430438
vn -0.714965 -0.664886 0.216224
vn -0.334578 -0.177215 -0.925555
vn -0.776205 0.452649 -0.43888
vn -0.633407 0.130332 0.762764
vn -0.768261 0.394338 0.504255
vn -0.519204 0.65876 0.544484
vn -0.708076 -0.07056 0.702603
vn -0.916993 -0.294688 0.268854
vn -0.780806 0.541847 0.311038
vn -0.519204 0.65876 0.544484
vn -0.780806 0.541847 0.311038
vn -0.598106 -0.428173 0.677449
vn -0.154198 0.222348 0.962697
vn -0.792294 -0.439976 0.42272
vn -0.425601 0.90387 0.043404
vn -0.767319 0.511881 0.386263
vn -0.756501 0.563245 -0.332356
vn 0.178797 -0.978181 -0.105798
vn 0.589492 -0.655891 0.471495
vn -0.377599 -0.382001 -0.843501
vn -0.750116 0.48881 -0.445411
vn -0.607401 0.64 0.470599
vn 0.026999 -0.057 0.998009
vn 0.714663 -0.580869 -0.389678
vn 0.878922 -0.292807 0.376511
vn -0.261491 -0.419088 -0.869475
vn -0.836613 0.472007 -0.278006
vn -0.339318 0.536126 0.772937
vn 0.087999 -0.942984 -0.320994
vn 0.946398 0.063 0.316801
vn -0.963992 0.255198 0.074798
vn 0.029599 0.821803 0.569002
vn -0.037199 -0.991102 -0.1278
vn 0.974085 -0.134298 0.181998
vn -0.974181 0.204296 0.096097
vn 0.201706 0.91783 0.341911
vn 0.032 -0.865785 -0.499391
vn 0.884014 0.459407 -0.0864
vn -0.9765 0.1418 0.162299
vn -0.053501 0.895909 0.441004
vn 0.478195 -0.874828 -0.07749
vn -0.228199 -0.956015 0.184286
vn -0.787827 -0.563691 -0.248159
vn -0.738606 0.662754 0.12336
vn 0.346288 0.129097 0.929203
vn 0.057203 0.976989 0.205475
vn 0.62301 0.759692 0.186351
vn -0.54823 0.694475 0.465992
vn -0.108605 -0.447641 0.887593
vn -0.370732 -0.83867 -0.398987
vn -0.998562 0.028751 0.045258
vn 0.799315 -0.562592 0.211155
vn 0.709778 0.290395 0.641783
vn -0.452323 0.772713 0.44533
vn -0.259254 -0.647318 -0.716775
vn -0.955282 0.294024 -0.031404
vn -0.303304 0.291503 0.907212
vn -0.336653 0.097019 -0.936617
vn -0.995522 0.00327 0.094472
vn 0.8944 -0.424354 -0.141326
vn -0.030624 -0.548676 0.835474
vn 0.165858 0.095182 -0.981546
vn -0.985583 -0.089112 0.143822
vn 0.845451 -0.44676 0.292606
vn -0.132056 -0.491166 0.860998
vn -0.433237 0.273528 -0.858771
vn -0.913608 0.13263 0.384356
vn 0.968851 -0.007842 -0.247521
vn 0.15045 0.193238 0.969549
vn -0.911119 0.404928 0.076781
vn 0.181208 -0.269692 -0.945743
vn 0.94484 0.326872 0.020775
vn 0.70587 -0.683403 -0.186299
vn -0.814899 -0.570823 0.100504
vn -0.71587 -0.626593 -0.308078
vn 0.767997 -0.63943 -0.036185
vn 0.093598 0.924412 0.369733
vn -0.747616 0.663543 0.027945
vn 0.91786 0.390123 0.073054
vn 0.261207 0.964733 -0.032576
vn -0.394309 0.838183 -0.37679
vn 0.829395 0.544657 -0.124309
vn -0.710714 -0.661109 0.240459
vn 0.982093 0.047248 0.182374
vn -0.916993 -0.294688 0.268854
vn -0.425601 0.90387 0.043404
vn -0.154198 0.222348 0.962697
vn 0.403797 -0.800992 -0.441995
vn -0.399701 -0.696604 -0.595804
vn -0.955834 0.252208 -0.150907
vn -0.261102 0.628702 0.732502
vn 0.232006 0.828225 0.510115
vn 0.187792 0.632476 0.751471
vn -0.526208 -0.491807 0.693709
vn -0.972135 0.164605 -0.166907
vn -0.069297 0.627464 0.775556
vn 0.137897 0.578992 0.803588
vn 0.969702 0.239101 -0.050099
vn 0.302796 -0.586793 0.750992
vn 0.047101 -0.217601 -0.974901
vn -0.206189 -0.735866 -0.64497
vn -0.78657 -0.565779 0.24739
vn -0.998366 -0.0109 -0.056099
vn -0.046601 -0.442603 0.895506
vn -0.014301 -0.386904 0.922009
vn 0.996717 0.033301 0.073802
vn 0.976604 -0.1971 0.086002
vn 0.0587 0.464391 -0.883683
vn 0.221695 -0.567484 -0.792977
vn -0.845283 -0.268096 -0.462192
vn -0.013599 -0.826534 -0.562723
vn -0.144696 -0.902575 0.405489
vn 0.838975 -0.543983 -0.014298
vn 0.2035 0.375999 -0.903998
vn -0.982591 -0.153399 -0.1048
vn -0.095099 0.240496 0.96598
vn 0.951616 -0.160402 0.262106
vn 0.176699 -0.724088 -0.666689
vn -0.070301 -0.707803 0.702903
vn -0.947492 -0.240899 -0.2103
vn 0.96729 -0.240697 -0.080098
vn 0.055501 0.3457 -0.936702
vn -0.526208 -0.491807 0.693709
vn 0.137897 0.578992 0.803588
vn -0.188003 0.547506 0.815409
vn -0.945694 0.151298 -0.2877
vn 0.302796 -0.586793 0.750992
vn 0.161105 0.554221 0.81663
vn 0.187792 0.632476 0.751471
vn 0.843988 -0.447093 0.296297
vn 0.124593 0.405283 0.905661
vn 0.161105 0.554221 0.81663
vn 0.124593 0.405283 0.905661
vn 0.683518 0.677519 0.271608
vn 0.475797 -0.243798 -0.845092
vn 0.843988 -0.447093 0.296297
vn -0.206189 -0.735866 -0.64497
vn -0.091794 -0.615266 -0.782957
vn -0.149697 -0.800388 -0.580491
vn 0.289532 0.847722 0.444454
vn -0.290909 0.266983 -0.918745
vn -0.928694 -0.181499 0.323398
vn -0.242514 0.967554 -0.070904
vn -0.172497 -0.063099 -0.982987
vn -0.955513 -0.182235 0.231917
vn -0.648585 0.526688 -0.549488
vn -0.915627 0.390135 -0.097073
vn -0.980958 0.183992 0.062197
vn -0.3919 0.7829 -0.4832
vn -0.687096 -0.278198 -0.671197
vn -0.653322 0.690023 -0.311511
vn -0.800035 0.412238 -0.435895
vn -0.483916 0.063045 0.872841
vn 0.733442 0.66868 -0.122188
vn -0.879007 0.25536 -0.402664
vn -0.056399 0.258872 0.964264
vn 0.287 0.829503 -0.47912
vn -0.65756 0.533222 0.532249
vn -0.742026 0.6535 -0.149451
vn -0.699721 -0.032367 0.713683
vn -0.92303 0.375307 0.084619
vn -0.950004 -0.300071 0.086318
vn -0.88131 -0.174608 0.439095
vn -0.606156 -0.155497 0.779997
vn -0.323598 0.510399 -0.796729
vn -0.522304 -0.752348 -0.40146
vn 0.531806 -0.723838 -0.439592
vn -0.612402 0.188126 -0.767836
vn -0.397804 0.408371 0.821575
vn -0.038 -0.964992 0.259511
vn -0.710514 -0.64307 0.285712
vn -0.600586 0.419116 -0.68091
vn 0.436087 0.308099 0.845519
vn -0.784808 -0.414257 0.460942
vn -0.039798 0.352119 0.935109
vn -0.945694 0.151298 -0.2877
vn -0.800873 0.391787 -0.452886
vn -0.141598 0.639685 0.755482
vn -0.188003 0.547506 0.815409
vn 0.945371 -0.001799 0.325991
vn -0.526208 -0.491807 0.693709
vn 0.317793 -0.277393 -0.906676
vn -0.091794 -0.615266 -0.782957
vn -0.904262 0.130694 -0.406484
vn -0.88256 0.260588 -0.391384
vn -0.468493 -0.447092 0.761986
vn -0.426298 -0.389997 0.816194
vn 0.871593 -0.207398 0.444198
vn 0.80961 -0.451805 0.374706
vn 0.469609 0.530109 -0.706012
vn 0.462611 0.143203 -0.874919
vn -0.637226 0.0194 -0.770433
vn 0.101299 -0.609889 -0.785986
vn -0.46101 -0.887319 0.0116
vn 0.661007 -0.750207 0.016101
vn 0.602212 0.296305 -0.741313
vn -0.867942 0.159007 -0.470524
vn -0.374789 0.223893 0.89967
vn 0.930476 -0.216694 0.295394
vn 0.415308 -0.025801 -0.909315
vn -0.466981 -0.809667 0.355485
vn -0.792441 0.063503 -0.606633
vn 0.833092 -0.532995 0.1479
vn 0.454787 0.438487 -0.775176
vn 0.302796 -0.586793 0.750992
vn -0.956697 -0.1653 0.239598
vn 0.047 0.657118 0.752321
vn 0.161105 0.554221 0.81663
vn 0.602922 0.751828 -0.266909
vn 0.843988 -0.447093 0.296297
vn -0.515779 0.054797 -0.854968
vn -0.149697 -0.800388 -0.580491
vn -0.673424 -0.679825 0.29041
vn -0.867099 -0.3599 0.344399
vn 0.476489 -0.43839 0.762084
vn 0.53658 -0.370886 0.757974
vn 0.861108 0.452505 -0.231801
vn 0.928238 0.072704 -0.364814
vn -0.494512 0.580814 -0.646617
vn -0.326991 -0.104998 -0.939177
vn -0.827594 -0.543897 -0.1388
vn -0.079898 -0.660693 -0.746392
vn 0.273114 -0.948547 0.160209
vn 0.795594 -0.245197 -0.553994
vn -0.307893 0.340293 -0.888483
vn -0.877981 -0.314494 0.360891
vn 0.242397 0.1346 0.960795
vn 0.837647 0.336919 -0.429923
vn -0.540499 0.107099 -0.8345
vn 0.433708 -0.812515 0.389508
vn -0.852986 -0.501792 0.143597
vn 0.842315 0.027001 -0.538308
vn -0.517914 0.480813 -0.70752
vn 0.124593 0.405283 0.905661
vn -0.311484 0.283585 0.90695
vn 0.7729 0.557401 0.303201
vn 0.683518 0.677519 0.271608
vn 0.362597 0.148798 -0.91999
vn 0.475797 -0.243798 -0.845092
vn -0.929669 -0.146096 -0.33819
vn 0.843988 -0.447093 0.296297
vn -0.190595 0.0014 0.981668
vn -0.481798 -0.123799 0.867493
vn 0.702123 -0.641221 0.309611
vn 0.757576 -0.60898 0.234994
vn 0.5874 0.1823 -0.788498
vn 0.384691 -0.140596 -0.912275
vn -0.625782 0.744978 -0.231094
vn -0.529011 0.824417 -0.201205
vn -0.816065 -0.316986 0.483278
vn -0.680597 -0.586498 -0.439099
vn 0.0983 -0.992797 0.0685
vn 0.177406 -0.40791 -0.895621
vn -0.722686 0.445091 -0.528791
vn -0.581984 -0.076698 0.809575
vn 0.85884 -0.098804 0.502625
vn 0.400286 0.590379 -0.700874
vn -0.678507 0.636806 -0.366205
vn 0.342392 -0.935576 0.086398
vn -0.642123 -0.28181 0.712924
vn 0.253694 -0.200994 -0.946172
vn -0.694071 0.679571 -0.237591
vn 0.0145 0.688906 -0.724706
vn -0.940659 0.284887 -0.184393
vn 0.083801 0.721414 0.687415
vn -0.971727 -0.161105 -0.172606
vn -0.083801 -0.721414 -0.687415
vn -0.0145 -0.688906 0.724706
vn 0.940659 -0.284887 0.184393
vn 0.971727 0.161105 0.172606
vn -0.918761 0.295187 0.262188
vn -0.0145 -0.688906 0.724706
vn 0.0145 0.688906 -0.724706
vn 0.918761 -0.295187 -0.262188
vn -0.94983 -0.150805 0.274008
vn -0.083801 -0.721414 -0.687415
vn 0.083801 0.721414 0.687415
vn 0.94983 0.150805 -0.274008
vn 0.753679 0.655182 -0.051998
vn 0.19189 0.18539 -0.963747
vn -0.65542 0.755122 0.0147
vn 0.160795 -0.26059 -0.951965
vn 0.65542 -0.755122 -0.0147
vn -0.753679 -0.655182 0.051998
vn -0.19189 -0.18539 0.963747
vn -0.160795 0.26059 0.951965
vn -0.253706 0.217006 -0.942625
vn -0.753679 -0.655182 0.051998
vn 0.753679 0.655182 -0.051998
vn 0.253706 -0.217006 0.942625
vn -0.284808 -0.229007 -0.930828
vn 0.65542 -0.755122 -0.0147
vn -0.65542 0.755122 0.0147
vn 0.284808 0.229007 0.930828
vn 0.753679 0.655182 -0.051998
vn 0.19189 0.18539 -0.963747
vn -0.655419 0.755121 0.0148
vn 0.160795 -0.26059 -0.951965
vn 0.65542 -0.755122 -0.0147
vn -0.753679 -0.655182 0.051998
vn -0.19189 -0.18539 0.963747
vn -0.160795 0.26059 0.951965
vn -0.253706 0.217006 -0.942625
vn -0.753679 -0.655182 0.051998
vn 0.753679 0.655182 -0.051998
vn 0.253706 -0.217006 0.942625
vn -0.284808 -0.229007 -0.930828
vn 0.65542 -0.755122 -0.0147
vn -0.65542 0.755122 0.0147
vn 0.284808 0.229007 0.930828
vn -0.0145 0.688906 -0.724706
vn -0.94983 0.150804 -0.27401
vn -0.083803 0.721415 0.687414
vn -0.91876 -0.295188 -0.26219
vn 0.083704 -0.721421 -0.68742
vn 0.0145 -0.688906 0.724706
vn 0.94983 -0.150804 0.27401
vn 0.91876 0.295188 0.26219
vn -0.971727 0.161104 0.172604
vn 0.0145 -0.688906 0.724706
vn -0.0145 0.688906 -0.724706
vn 0.971727 -0.161104 -0.172604
vn -0.940659 -0.284888 0.184391
vn 0.083704 -0.721421 -0.68742
vn -0.083803 0.721415 0.687414
vn 0.940659 0.284888 -0.184391
vn 0.655419 0.755123 0.014701
vn 0.253708 0.217006 -0.942625
vn -0.75368 0.655182 -0.052
vn 0.28481 -0.229007 -0.930827
vn 0.75368 -0.655182 0.052
vn -0.655419 -0.755123 -0.014701
vn -0.253708 -0.217006 0.942625
vn -0.28481 0.229007 0.930827
vn -0.191889 0.18539 -0.963748
vn -0.655419 -0.755123 -0.014701
vn 0.655419 0.755123 0.014701
vn 0.191889 -0.18539 0.963748
vn -0.160793 -0.260591 -0.951966
vn 0.75368 -0.655182 0.052
vn -0.75368 0.655182 -0.052
vn 0.160793 0.260591 0.951966
vn 0.655419 0.755123 0.014701
vn 0.253708 0.217006 -0.942625
vn -0.75368 0.655182 -0.052
vn 0.28481 -0.229007 -0.930827
vn 0.75368 -0.655182 0.052
vn -0.655418 -0.755122 -0.014801
vn -0.253708 -0.217006 0.942625
vn -0.28481 0.229007 0.930827
vn -0.191889 0.18539 -0.963748
vn -0.655419 -0.755123 -0.014701
vn 0.655419 0.755123 0.014701
vn 0.191889 -0.18539 0.963748
vn -0.160793 -0.260591 -0.951966
vn 0.75368 -0.655182 0.052
vn -0.75368 0.655182 -0.052
vn 0.160793 0.260591 0.951966
vn 0.0145 0.688906 -0.724706
vn -0.940659 0.284887 -0.184393
vn 0.083801 0.721414 0.687415
vn -0.971727 -0.161105 -0.172606
vn -0.083801 -0.721414 -0.687415
vn -0.0145 -0.688906 0.724706
vn 0.940659 -0.284887 0.184393
vn 0.971727 0.161105 0.172606
vn -0.918761 0.295187 0.262188
vn -0.0145 -0.688906 0.724706
vn 0.0145 0.688906 -0.724706
vn 0.918761 -0.295187 -0.262188
vn -0.94983 -0.150805 0.274008
vn -0.083801 -0.721414 -0.687415
vn 0.083801 0.721414 0.687415
vn 0.94983 0.150805 -0.274008
vn 0.753679 0.655182 -0.051998
vn 0.19189 0.18539 -0.963747
vn -0.65542 0.755122 0.0147
vn 0.160795 -0.26059 -0.951965
vn 0.65542 -0.755122 -0.0147
vn -0.753679 -0.655182 0.051998
vn -0.19189 -0.18539 0.963747
vn -0.160795 0.26059 0.951965
vn -0.253706 0.217006 -0.942625
vn -0.753679 -0.655182 0.051998
vn 0.753679 0.655182 -0.051998
vn 0.253706 -0.217006 0.942625
vn -0.284808 -0.229007 -0.930828
vn 0.65542 -0.755122 -0.0147
vn -0.65542 0.755122 0.0147
vn 0.284808 0.229007 0.930828
vn -0.0145 0.688906 -0.724706
vn -0.94983 0.150804 -0.27401
vn -0.083803 0.721415 0.687414
vn -0.91876 -0.295188 -0.26219
vn 0.083704 -0.721421 -0.68742
vn 0.0145 -0.688906 0.724706
vn 0.94983 -0.150804 0.27401
vn 0.91876 0.295188 0.26219
vn -0.971727 0.161104 0.172604
vn 0.0145 -0.688906 0.724706
vn -0.0145 0.688906 -0.724706
vn 0.971727 -0.161104 -0.172604
vn -0.940659 -0.284888 0.184391
vn 0.083803 -0.721415 -0.687414
vn -0.083803 0.721415 0.687414
vn 0.940659 0.284888 -0.184391
vn 0.655419 0.755123 0.014701
vn 0.253708 0.217006 -0.942625
vn -0.75368 0.655182 -0.052
vn 0.28481 -0.229007 -0.930827
vn 0.75368 -0.655182 0.052
vn -0.655419 -0.755123 -0.014701
vn -0.253708 -0.217006 0.942625
vn -0.28481 0.229007 0.930827
vn -0.191889 0.18539 -0.963748
vn -0.655419 -0.755123 -0.014701
vn 0.655419 0.755123 0.014701
vn 0.191889 -0.18539 0.963748
vn -0.160793 -0.260591 -0.951966
vn 0.75368 -0.655182 0.052
vn -0.75368 0.655182 -0.052
vn 0.160793 0.260591 0.951966
vn 0.463154 -0.512264 0.723239
vn -0.524712 -0.83103 0.184572
vn 0.533868 -0.490115 -0.689038
vn -0.839983 -0.514026 0.173799
vn -0.533868 0.490115 0.689038
vn -0.463154 0.512264 -0.723239
vn 0.524712 0.83103 -0.184572
vn 0.839983 0.514026 -0.173799
vn -0.502367 -0.823991 -0.262042
vn -0.463154 0.512264 -0.723239
vn 0.463154 -0.512264 0.723239
vn 0.502367 0.823991 0.262042
vn -0.81764 -0.506979 -0.272831
vn -0.533868 0.490115 0.689038
vn 0.533868 -0.490115 -0.689038
vn 0.81764 0.506979 0.272831
vn 0.983875 0.171162 0.05191
vn 0.263676 0.03925 0.963813
vn 0.171669 -0.985131 -0.006847
vn -0.101712 0.296671 0.949548
vn -0.171669 0.985131 0.006847
vn -0.983875 -0.171162 -0.05191
vn -0.263676 -0.03925 -0.963813
vn 0.101712 -0.296671 -0.949548
vn 0.006881 -0.326414 0.945202
vn -0.983875 -0.171162 -0.05191
vn 0.983875 0.171162 0.05191
vn -0.006881 0.326414 -0.945202
vn -0.35853 -0.069013 0.930964
vn -0.171669 0.985131 0.006847
vn 0.171669 -0.985131 -0.006847
vn 0.35853 0.069013 -0.930964
vn 0.646485 -0.195796 0.737375
vn -0.04239 -0.977549 0.2064
vn 0.717175 -0.173621 -0.67492
vn -0.473614 -0.860726 0.186657
vn -0.717175 0.173621 0.67492
vn -0.646485 0.195796 -0.737375
vn 0.04239 0.977549 -0.2064
vn 0.473614 0.860726 -0.186657
vn -0.020024 -0.970532 -0.240138
vn -0.646485 0.195796 -0.737375
vn 0.646485 -0.195796 0.737375
vn 0.020024 0.970532 0.240138
vn -0.451267 -0.853686 -0.259959
vn -0.717175 0.173621 0.67492
vn 0.717175 -0.173621 -0.67492
vn 0.451267 0.853686 0.259959
vn 0.819135 0.573601 0.00001
vn 0.259065 0.181412 0.94867
vn 0.573636 -0.81911 -0.000011
vn -0.181397 0.258991 0.948693
vn -0.573636 0.81911 0.000011
vn -0.819135 -0.573601 -0.00001
vn -0.259065 -0.181412 -0.94867
vn 0.181397 -0.258991 -0.948693
vn 0.181426 -0.259058 0.948669
vn -0.819135 -0.573601 -0.00001
vn 0.819135 0.573601 0.00001
vn -0.181426 0.259058 -0.948669
vn -0.259054 -0.181387 0.948678
vn -0.573636 0.81911 0.000011
vn 0.573636 -0.81911 -0.000011
vn 0.259054 0.181387 -0.948678
vn 0.707077 -0.000012 0.707137
vn 0.223598 -0.948678 0.223638
vn 0.70711 0.000049 -0.707104
vn -0.223596 -0.948685 0.223612
vn -0.70711 -0.000049 0.707104
vn -0.707077 0.000012 -0.707137
vn -0.223598 0.948678 -0.223638
vn 0.223596 0.948685 -0.223612
vn 0.223667 -0.948682 -0.223554
vn -0.707077 0.000012 -0.707137
vn 0.707077 -0.000012 0.707137
vn -0.223656 0.948661 0.223651
vn -0.223523 -0.948709 -0.223583
vn -0.70711 -0.000049 0.707104
vn 0.70711 0.000049 -0.707104
vn 0.223523 0.948709 0.223583
vn -0.463178 -0.512303 0.723195
vn -0.533821 -0.490126 -0.689066
vn 0.524741 -0.831004 0.184607
vn 0.840012 -0.513983 0.173787
vn 0.533821 0.490126 0.689066
vn 0.463178 0.512303 -0.723195
vn -0.524741 0.831004 -0.184607
vn -0.840012 0.513983 -0.173787
vn 0.463178 0.512303 -0.723195
vn 0.502359 -0.824004 -0.262019
vn -0.463178 -0.512303 0.723195
vn -0.502359 0.824004 0.262019
vn 0.533821 0.490126 0.689066
vn 0.817675 -0.506916 -0.272846
vn -0.533821 -0.490126 -0.689066
vn -0.817675 0.506916 0.272846
vn -0.983888 0.171089 0.051902
vn -0.171639 -0.985136 -0.006927
vn -0.263721 0.039238 0.963801
vn 0.101665 0.296651 0.949559
vn 0.171639 0.985136 0.006927
vn 0.983888 -0.171089 -0.051902
vn 0.263721 -0.039238 -0.963801
vn -0.101665 -0.296651 -0.949559
vn 0.983888 -0.171089 -0.051902
vn -0.006871 -0.326414 0.945202
vn -0.983888 0.171089 0.051902
vn 0.006871 0.326414 -0.945202
vn 0.171639 0.985136 0.006927
vn 0.358526 -0.068992 0.930967
vn -0.171639 -0.985136 -0.006927
vn -0.358526 0.068992 -0.930967
vn -0.646478 -0.195837 0.73737
vn -0.717193 -0.173659 -0.674891
vn 0.042437 -0.977546 0.206407
vn 0.473655 -0.860695 0.186695
vn 0.717193 0.173659 0.674891
vn 0.646478 0.195837 -0.73737
vn -0.042437 0.977546 -0.206407
vn -0.473655 0.860695 -0.186695
vn 0.646478 0.195837 -0.73737
vn 0.020128 -0.97053 -0.240137
vn -0.646478 -0.195837 0.73737
vn -0.020128 0.97053 0.240137
vn 0.717193 0.173659 0.674891
vn 0.451347 -0.853655 -0.259924
vn -0.717193 -0.173659 -0.674891
vn -0.451347 0.853655 0.259924
vn -0.819173 0.573546 -0.000006
vn -0.573561 -0.819163 -0.000033
vn -0.258991 0.181388 0.948695
vn 0.181381 0.259008 0.948692
vn 0.573561 0.819163 0.000033
vn 0.819173 -0.573546 0.000006
vn 0.258991 -0.181388 -0.948695
vn -0.181381 -0.259008 -0.948692
vn 0.819173 -0.573546 0.000006
vn -0.18134 -0.259069 0.948683
vn -0.819173 0.573546 -0.000006
vn 0.18134 0.259069 -0.948683
vn 0.573561 0.819163 0.000033
vn 0.259035 -0.181368 0.948687
vn -0.573561 -0.819163 -0.000033
vn -0.259035 0.181368 -0.948687
vn 0.215308 0.950436 0.224309
vn 0.665165 0.729963 0.157193
vn 0.842481 0.528788 0.102999
vn -0.057199 0.969777 0.237194
vn 0.0293 -0.235908 0.971334
vn 0.0293 -0.235908 0.971334
vn 0.0293 -0.235908 0.971334
vn 0.0293 -0.235908 0.971334
vn -0.0293 0.235908 -0.971334
vn -0.0293 0.235908 -0.971334
vn -0.0293 0.235908 -0.971334
vn -0.0293 0.235908 -0.971334
vn 0.997934 0.062502 -0.014899
vn 0.976102 -0.2026 -0.078599
vn 0.0293 -0.235908 0.971334
vn 0.0293 -0.235908 0.971334
vn -0.951075 -0.305592 -0.0455
vn -0.997934 -0.062502 0.014899
vn -0.976102 0.2026 0.078599
vn -0.951075 -0.305592 -0.0455
vn -0.0293 0.235908 -0.971334
vn -0.0293 0.235908 -0.971334
vn 0.746109 -0.641507 -0.178301
vn 0.53799 -0.815284 -0.214195
vn 0.0293 -0.235908 0.971334
vn 0.0293 -0.235908 0.971334
vn -0.746109 0.641507 0.178301
vn -0.53799 0.815284 0.214195
vn -0.0293 0.235908 -0.971334
vn -0.0293 0.235908 -0.971334
vn 0.057199 -0.969777 -0.237194
vn -0.215308 -0.950436 -0.224309
vn 0.0293 -0.235908 0.971334
vn 0.0293 -0.235908 0.971334
vn -0.057199 0.969777 0.237194
vn 0.215308 0.950436 0.224309
vn -0.0293 0.235908 -0.971334
vn -0.0293 0.235908 -0.971334
vn -0.665165 -0.729963 -0.157193
vn -0.842481 -0.528788 -0.102999
vn 0.0293 -0.235908 0.971334
vn 0.0293 -0.235908 0.971334
vn 0.665165 0.729963 0.157193
vn 0.842481 0.528788 0.102999
vn -0.0293 0.235908 -0.971334
vn -0.0293 0.235908 -0.971334
vn -0.997934 -0.062502 0.014899
vn -0.976102 0.2026 0.078599
vn 0.0293 -0.235908 0.971334
vn 0.0293 -0.235908 0.971334
vn 0.997934 0.062502 -0.014899
vn 0.976102 -0.2026 -0.078599
vn -0.0293 0.235908 -0.971334
vn -0.0293 0.235908 -0.971334
vn -0.746109 0.641507 0.178301
vn -0.53799 0.815284 0.214195
vn 0.0293 -0.235908 0.971334
vn 0.0293 -0.235908 0.971334
vn 0.889998 -0.436198 -0.132799
vn 0.889998 -0.436198 -0.132799
vn -0.0293 0.235908 -0.971334
vn -0.0293 0.235908 -0.971334
vn 0.057198 0.969777 0.237194
vn 0.537989 0.815284 0.214196
vn 0.746108 0.641507 0.178303
vn -0.215309 0.950436 0.224308
vn -0.029302 -0.235908 0.971334
vn -0.029302 -0.235908 0.971334
vn -0.029302 -0.235908 0.971334
vn -0.029302 -0.235908 0.971334
vn 0.029302 0.235908 -0.971334
vn 0.029302 0.235908 -0.971334
vn 0.029302 0.235908 -0.971334
vn 0.029302 0.235908 -0.971334
vn 0.976102 0.202601 0.078601
vn 0.997934 -0.062502 0.014902
vn -0.029302 -0.235908 0.971334
vn -0.029302 -0.235908 0.971334
vn -0.889997 -0.436199 -0.132801
vn -0.976102 -0.202601 -0.078601
vn -0.997934 0.062502 -0.014902
vn -0.889997 -0.436199 -0.132801
vn 0.029302 0.235908 -0.971334
vn 0.029302 0.235908 -0.971334
vn 0.842482 -0.528788 -0.102996
vn 0.665166 -0.729962 -0.157191
vn -0.029302 -0.235908 0.971334
vn -0.029302 -0.235908 0.971334
vn -0.842482 0.528788 0.102996
vn -0.665166 0.729962 0.157191
vn 0.029302 0.235908 -0.971334
vn 0.029302 0.235908 -0.971334
vn 0.215309 -0.950436 -0.224308
vn -0.057198 -0.969777 -0.237194
vn -0.029302 -0.235908 0.971334
vn -0.029302 -0.235908 0.971334
vn -0.215309 0.950436 0.224308
vn 0.057198 0.969777 0.237194
vn 0.029302 0.235908 -0.971334
vn 0.029302 0.235908 -0.971334
vn -0.537989 -0.815284 -0.214196
vn -0.746108 -0.641507 -0.178303
vn -0.029302 -0.235908 0.971334
vn -0.029302 -0.235908 0.971334
vn 0.537989 0.815284 0.214196
vn 0.746108 0.641507 0.178303
vn 0.029302 0.235908 -0.971334
vn 0.029302 0.235908 -0.971334
vn -0.976102 -0.202601 -0.078601
vn -0.997934 0.062502 -0.014902
vn -0.029302 -0.235908 0.971334
vn -0.029302 -0.235908 0.971334
vn 0.976102 0.202601 0.078601
vn 0.997934 -0.062502 0.014902
vn 0.029302 0.235908 -0.971334
vn 0.029302 0.235908 -0.971334
vn -0.842482 0.528788 0.102996
vn -0.665166 0.729962 0.157191
vn -0.029302 -0.235908 0.971334
vn -0.029302 -0.235908 0.971334
vn 0.951075 -0.305592 -0.045497
vn 0.951075 -0.305592 -0.045497
vn 0.029302 0.235908 -0.971334
vn 0.029302 0.235908 -0.971334
vn 0.36514 0.928429 0.068505
vn 0.462697 0.787556 -0.407023
vn 0.466655 0.624323 -0.626461
vn 0.271593 0.906038 0.324551
vn 0.883059 -0.368673 0.290324
vn 0.883059 -0.368673 0.290324
vn 0.883059 -0.368673 0.290324
vn 0.883059 -0.368673 0.290324
vn -0.883059 0.368673 -0.290324
vn -0.883059 0.368673 -0.290324
vn -0.883059 0.368673 -0.290324
vn -0.883059 0.368673 -0.290324
vn 0.382736 0.207766 -0.900193
vn 0.294884 -0.04547 -0.954451
vn 0.883059 -0.368673 0.290324
vn 0.883059 -0.368673 0.290324
vn -0.438993 -0.430006 0.788911
vn -0.382736 -0.207766 0.900193
vn -0.294795 0.045473 0.954478
vn -0.438993 -0.430006 0.788911
vn -0.883059 0.368673 -0.290324
vn -0.883059 0.368673 -0.290324
vn 0.078667 -0.493678 -0.866079
vn -0.049739 -0.688681 -0.723357
vn 0.883059 -0.368673 0.290324
vn 0.883059 -0.368673 0.290324
vn -0.078667 0.493678 0.866079
vn 0.049739 0.688681 0.723357
vn -0.883059 0.368673 -0.290324
vn -0.883059 0.368673 -0.290324
vn -0.271593 -0.906038 -0.324551
vn -0.36514 -0.928429 -0.068505
vn 0.883059 -0.368673 0.290324
vn 0.883059 -0.368673 0.290324
vn 0.271593 0.906038 0.324551
vn 0.36514 0.928429 0.068505
vn -0.883059 0.368673 -0.290324
vn -0.883059 0.368673 -0.290324
vn -0.462697 -0.787556 0.407023
vn -0.466655 -0.624323 0.626461
vn 0.883059 -0.368673 0.290324
vn 0.883059 -0.368673 0.290324
vn 0.462697 0.787556 -0.407023
vn 0.466655 0.624323 -0.626461
vn -0.883059 0.368673 -0.290324
vn -0.883059 0.368673 -0.290324
vn -0.382736 -0.207766 0.900193
vn -0.294795 0.045473 0.954478
vn 0.883059 -0.368673 0.290324
vn 0.883059 -0.368673 0.290324
vn 0.382736 0.207766 -0.900193
vn 0.294795 -0.045473 -0.954478
vn -0.883059 0.368673 -0.290324
vn -0.883059 0.368673 -0.290324
vn -0.078667 0.493678 0.866079
vn 0.049739 0.688681 0.723357
vn 0.883059 -0.368673 0.290324
vn 0.883059 -0.368673 0.290324
vn 0.19299 -0.278672 -0.940796
vn 0.19299 -0.278672 -0.940796
vn -0.883059 0.368673 -0.290324
vn -0.883059 0.368673 -0.290324
vn -0.3652 0.928401 0.068559
vn -0.466724 0.624258 -0.626475
vn -0.462707 0.787566 -0.406992
vn -0.271648 0.906006 0.324593
vn -0.883027 -0.36873 0.290348
vn -0.883027 -0.36873 0.290348
vn -0.883027 -0.36873 0.290348
vn -0.883027 -0.36873 0.290348
vn 0.883027 0.36873 -0.290348
vn 0.883027 0.36873 -0.290348
vn 0.883027 0.36873 -0.290348
vn 0.883027 0.36873 -0.290348
vn -0.294834 -0.045488 -0.954465
vn -0.382804 0.20774 -0.900169
vn -0.883027 -0.36873 0.290348
vn -0.883027 -0.36873 0.290348
vn 0.438959 -0.429998 0.788934
vn 0.294834 0.045488 0.954465
vn 0.382804 -0.20774 0.900169
vn 0.438959 -0.429998 0.788934
vn 0.883027 0.36873 -0.290348
vn 0.883027 0.36873 -0.290348
vn 0.049743 -0.688695 -0.723343
vn -0.078628 -0.493688 -0.866078
vn -0.883027 -0.36873 0.290348
vn -0.883027 -0.36873 0.290348
vn -0.049743 0.688695 0.723343
vn 0.078628 0.493688 0.866078
vn 0.883027 0.36873 -0.290348
vn 0.883027 0.36873 -0.290348
vn 0.3652 -0.928401 -0.068559
vn 0.271648 -0.906006 -0.324593
vn -0.883027 -0.36873 0.290348
vn -0.883027 -0.36873 0.290348
vn -0.3652 0.928401 0.068559
vn -0.271648 0.906006 0.324593
vn 0.883027 0.36873 -0.290348
vn 0.883027 0.36873 -0.290348
vn 0.466724 -0.624258 0.626475
vn 0.462707 -0.787566 0.406992
vn -0.883027 -0.36873 0.290348
vn -0.883027 -0.36873 0.290348
vn -0.466724 0.624258 -0.626475
vn -0.462707 0.787566 -0.406992
vn 0.883027 0.36873 -0.290348
vn 0.883027 0.36873 -0.290348
vn 0.294834 0.045488 0.954465
vn 0.382804 -0.20774 0.900169
vn -0.883027 -0.36873 0.290348
vn -0.883027 -0.36873 0.290348
vn -0.294834 -0.045488 -0.954465
vn -0.382804 0.20774 -0.900169
vn 0.883027 0.36873 -0.290348
vn 0.883027 0.36873 -0.290348
vn -0.049743 0.688695 0.723343
vn 0.078628 0.493688 0.866078
vn -0.883027 -0.36873 0.290348
vn -0.883027 -0.36873 0.290348
vn -0.192988 -0.278661 -0.9408
vn -0.192988 -0.278661 -0.9408
vn 0.883027 0.36873 -0.290348
vn 0.883027 0.36873 -0.290348
vt 0.3995 0.5967
vt 0.3699 0.608
vt 0.505 0.6306
vt 0.5169 0.6902
vt 0.4846 0.6921
vt 0.5598 0.7497
vt 0.4559 0.772
vt 0.5841 0.8801
vt 0.5359 0.8741
vt 0.6203 0.8973
vt 0.2726 0.235
vt 0.2808 0.3145
vt 0.2368 0.3145
vt 0.5331 0.7203
vt 0.5042 0.6505
vt 0.5285 0.6196
vt 0.5835 0.7051
vt 0.6041 0.5921
vt 0.5976 0.7756
vt 0.6382 0.8553
vt 0.3179 0.1746
vt 0.3415 0.3145
vt 0.6024 0.5509
vt 0.6642 0.5061
vt 0.6752 0.5259
vt 0.4199 0.1746
vt 0.4191 0.3145
vt 0.7115 0.5009
vt 0.7707 0.5621
vt 0.7457 0.6875
vt 0.8259 0.6594
vt 0.7489 0.8724
vt 0.8291 0.8134
vt 0.5117 0.1926
vt 0.519 0.3145
vt 0.7806 0.5296
vt 0.5835 0.2078
vt 0.5908 0.3145
vt 0.8318 0.5618
vt 0.8591 0.6011
vt 0.904 0.6123
vt 0.8918 0.7407
vt 0.9516 0.6888
vt 0.652 0.1829
vt 0.6611 0.3145
vt 0.865 0.555
vt 0.932 0.5004
vt 0.9987 0.5524
vt 0.7029 0.1924
vt 0.6867 0.3145
vt 0.6106 0.6634
vt 0.6598 0.9104
vt 0.657 0.5852
vt 0.7129 0.6597
vt 0.6973 0.8442
vt 0.3749 0.7884
vt 0.3604 0.7507
vt 0.3741 0.7469
vt 0.4084 0.7899
vt 0.4043 0.8091
vt 0.392 0.8248
vt 0.354 0.7026
vt 0.3693 0.7084
vt 0.4139 0.6925
vt 0.4967 0.8628
vt 0.3969 0.823
vt 0.491 0.8931
vt 0.5137 0.8425
vt 0.4314 0.802
vt 0.3743 0.6816
vt 0.5396 0.8936
vt 0.5008 0.8845
vt 0.3638 0.6657
vt 0.3467 0.6615
vt 0.3819 0.6307
vt 0.3858 0.6775
vt 0.1802 0.3145
vt 0.176 0.2411
vt 0.2312 0.2411
vt 0.6455 0.6212
vt 0.5956 0.661
vt 0.6737 0.6262
vt 0.6661 0.7262
vt 0.6238 0.7604
vt 0.5915 0.7168
vt 0.5603 0.4229
vt 0.5313 0.5004
vt 0.5654 0.4347
vt 0.582 0.5559
vt 0.5499 0.5881
vt 0.5274 0.3887
vt 0.488 0.4921
vt 0.5017 0.53
vt 0.5144 0.5689
vt 0.4453 0.4089
vt 0.4243 0.4478
vt 0.4336 0.5179
vt 0.4239 0.543
vt 0.3239 0.4469
vt 0.3016 0.4941
vt 0.3188 0.5138
vt 0.3166 0.5333
vt 0.8191 0.0034
vt 0.8287 0.0034
vt 0.8097 0.0035
vt 0.7409 0.1093
vt 0.7228 0.1168
vt 0.6636 0.0005
vt 0.7333 0.093
vt 0.6811 0.0025
vt 0.7308 0.1108
vt 0.9511 0.4901
vt 0.9913 0.5887
vt 0.8978 0.3737
vt 0.8504 0.4185
vt 0.7868 0.3076
vt 0.7787 0.4278
vt 0.7914 0.4295
vt 0.8647 0.3594
vt 0.8064 0.342
vt 0.7542 0.3579
vt 0.891 0.3339
vt 0.8195 0.2769
vt 0.826 0.2403
vt 0.746 0.2703
vt 0.8984 0.2801
vt 0.8775 0.2051
vt 0.87 0.1904
vt 0.8589 0.1884
vt 0.9639 0.1426
vt 0.9173 0.129
vt 0.9245 0.1268
vt 0.8892 0.1132
vt 0.8997 0.0783
vt 0.9612 0.0178
vt 0.8929 0.0706
vt 0.8982 0.0028
vt 0.9023 0.0028
vt 0.8746 0.0035
vt 0.8705 0.0035
vt 0.8483 0.0962
vt 0.8703 0.0432
vt 0.8625 0.0461
vt 0.8029 0.0891
vt 0.8099 0.085
vt 0.8097 0.0507
vt 0.6955 0.0005
vt 0.709 0.0025
vt 0.0253 0.9344
vt 0.0051 0.9259
vt 0.0425 0.8353
vt 0.0403 0.7231
vt 0.0051 0.6354
vt 0.2583 0.4331
vt 0.2592 0.4433
vt 0.2673 0.5051
vt 0.2537 0.5217
vt 0.2683 0.4854
vt 0.2463 0.5275
vt 0.7161 0.4421
vt 0.6521 0.4631
vt 0.653 0.4392
vt 0.7127 0.4658
vt 0.653 0.4392
vt 0.7162 0.4421
vt 0.6539 0.4153
vt 0.7136 0.4179
vt 0.6273 0.4348
vt 0.5882 0.4288
vt 0.5929 0.4105
vt 0.6264 0.4587
vt 0.5929 0.4105
vt 0.6273 0.4348
vt 0.5976 0.3922
vt 0.6282 0.4109
vt 0.5704 0.3879
vt 0.567 0.4011
vt 0.5414 0.3486
vt 0.5704 0.3879
vt 0.5738 0.3748
vt 0.6382 0.437
vt 0.637 0.4698
vt 0.6382 0.437
vt 0.6395 0.4043
vt 0.571 0.4138
vt 0.5764 0.3931
vt 0.5764 0.3931
vt 0.5817 0.3724
vt 0.3606 0.6835
vt 0.203 0.5156
vt 0.2045 0.487
vt 0.2215 0.5117
vt 0.2252 0.4855
vt 0.2152 0.5117
vt 0.2046 0.487
vt 0.7504 0.4792
vt 0.7458 0.4606
vt 0.7363 0.4426
vt 0.7239 0.4635
vt 0.2394 0.5059
vt 0.258 0.5077
vt 0.2597 0.4708
vt 0.2271 0.4855
vt 0.1993 0.4585
vt 0.2192 0.4594
vt 0.2181 0.4594
vt 0.6734 0.9241
vt 0.7399 0.8963
vt 0.8417 0.694
vt 0.8287 0.7683
vt 0.8665 0.7346
vt 0.7035 0.8899
vt 0.8785 0.8079
vt 0.7223 0.9995
vt 0.9293 0.6212
vt 0.9557 0.6637
vt 0.9824 0.6025
vt 0.9984 0.6731
vt 0.6091 0.9221
vt 0.589 0.9125
vt 0.589 0.8991
vt 0.5917 0.923
vt 0.527 0.8951
vt 0.5037 0.8884
vt 0.5292 0.9067
vt 0.5905 0.9794
vt 0.5061 0.9533
vt 0.4369 0.7048
vt 0.4535 0.7424
vt 0.4664 0.7036
vt 0.4531 0.7137
vt 0.4034 0.723
vt 0.3957 0.75
vt 0.4109 0.737
vt 0.4163 0.699
vt 0.4214 0.7475
vt 0.3871 0.737
vt 0.4073 0.7171
vt 0.3691 0.6524
vt 0.3754 0.6807
vt 0.363 0.6724
vt 0.3633 0.6701
vt 0.3573 0.7046
vt 0.7161 0.4421
vt 0.6521 0.4631
vt 0.653 0.4392
vt 0.7127 0.4658
vt 0.653 0.4392
vt 0.7162 0.4421
vt 0.6539 0.4153
vt 0.7136 0.4179
vt 0.6273 0.4348
vt 0.5882 0.4288
vt 0.5929 0.4105
vt 0.6264 0.4587
vt 0.5929 0.4105
vt 0.6273 0.4348
vt 0.5976 0.3922
vt 0.6282 0.4109
vt 0.5704 0.3879
vt 0.567 0.4011
vt 0.5414 0.3486
vt 0.5704 0.3879
vt 0.5738 0.3748
vt 0.6382 0.437
vt 0.637 0.4698
vt 0.6382 0.437
vt 0.6395 0.4043
vt 0.571 0.4138
vt 0.5764 0.3931
vt 0.5764 0.3931
vt 0.5817 0.3724
vt 0.7161 0.4421
vt 0.6521 0.4631
vt 0.653 0.4392
vt 0.7127 0.4658
vt 0.653 0.4392
vt 0.7162 0.4421
vt 0.6539 0.4153
vt 0.7136 0.4179
vt 0.6273 0.4348
vt 0.5882 0.4288
vt 0.5929 0.4105
vt 0.6264 0.4587
vt 0.5929 0.4105
vt 0.6273 0.4348
vt 0.5976 0.3922
vt 0.6282 0.4109
vt 0.5704 0.3879
vt 0.567 0.4011
vt 0.5414 0.3486
vt 0.5704 0.3879
vt 0.5738 0.3748
vt 0.6382 0.437
vt 0.637 0.4698
vt 0.6382 0.437
vt 0.6395 0.4043
vt 0.571 0.4138
vt 0.5764 0.3931
vt 0.5764 0.3931
vt 0.5817 0.3724
vt 0.7161 0.4421
vt 0.6521 0.4631
vt 0.653 0.4392
vt 0.7127 0.4658
vt 0.653 0.4392
vt 0.7162 0.4421
vt 0.6539 0.4153
vt 0.7136 0.4179
vt 0.6273 0.4348
vt 0.5882 0.4288
vt 0.5929 0.4105
vt 0.6264 0.4587
vt 0.5929 0.4105
vt 0.6273 0.4348
vt 0.5976 0.3922
vt 0.6282 0.4109
vt 0.5704 0.3879
vt 0.567 0.4011
vt 0.5414 0.3486
vt 0.5704 0.3879
vt 0.5738 0.3748
vt 0.6382 0.437
vt 0.637 0.4698
vt 0.6382 0.437
vt 0.6395 0.4043
vt 0.571 0.4138
vt 0.5764 0.3931
vt 0.5764 0.3931
vt 0.5817 0.3724
vt 0.3995 0.5967
vt 0.5169 0.6902
vt 0.4846 0.6921
vt 0.4559 0.772
vt 0.5598 0.7497
vt 0.5841 0.8801
vt 0.5359 0.8741
vt 0.6203 0.8973
vt 0.2726 0.235
vt 0.5333 0.7198
vt 0.5837 0.7046
vt 0.6041 0.5921
vt 0.5976 0.7756
vt 0.6382 0.8553
vt 0.3179 0.1746
vt 0.6752 0.5259
vt 0.4199 0.1746
vt 0.7707 0.5621
vt 0.7457 0.6875
vt 0.8259 0.6594
vt 0.7489 0.8724
vt 0.8291 0.8134
vt 0.5117 0.1926
vt 0.5835 0.2078
vt 0.8591 0.6011
vt 0.904 0.6123
vt 0.8918 0.7407
vt 0.9516 0.6888
vt 0.652 0.1829
vt 0.865 0.555
vt 0.932 0.5004
vt 0.9987 0.5524
vt 0.7029 0.1924
vt 0.6106 0.6634
vt 0.6598 0.9104
vt 0.657 0.5852
vt 0.7129 0.6597
vt 0.6973 0.8442
vt 0.3741 0.7469
vt 0.4084 0.7899
vt 0.4043 0.8091
vt 0.3693 0.7084
vt 0.4139 0.6925
vt 0.4967 0.8628
vt 0.3969 0.823
vt 0.491 0.8931
vt 0.3743 0.6816
vt 0.3638 0.6657
vt 0.3819 0.6307
vt 0.3858 0.6775
vt 0.2312 0.2411
vt 0.176 0.2411
vt 0.6455 0.6212
vt 0.5956 0.661
vt 0.6737 0.6262
vt 0.6661 0.7262
vt 0.6238 0.7604
vt 0.5915 0.7168
vt 0.5603 0.4229
vt 0.5313 0.5004
vt 0.5654 0.4347
vt 0.582 0.5559
vt 0.5499 0.5881
vt 0.5274 0.3887
vt 0.488 0.4921
vt 0.5017 0.53
vt 0.5144 0.5689
vt 0.4453 0.4089
vt 0.4243 0.4478
vt 0.4336 0.5179
vt 0.4239 0.543
vt 0.3239 0.4469
vt 0.3016 0.4941
vt 0.3188 0.5138
vt 0.3166 0.5333
vt 0.8191 0.0034
vt 0.8097 0.0035
vt 0.8287 0.0034
vt 0.7409 0.1093
vt 0.6636 0.0005
vt 0.7228 0.1168
vt 0.7333 0.093
vt 0.7308 0.1108
vt 0.6811 0.0025
vt 0.8978 0.3737
vt 0.8504 0.4185
vt 0.7868 0.3076
vt 0.7787 0.4278
vt 0.7914 0.4295
vt 0.8647 0.3594
vt 0.8064 0.342
vt 0.7542 0.3579
vt 0.891 0.3339
vt 0.8195 0.2769
vt 0.826 0.2403
vt 0.746 0.2703
vt 0.8984 0.2801
vt 0.8775 0.2051
vt 0.87 0.1904
vt 0.8589 0.1884
vt 0.9639 0.1426
vt 0.9173 0.129
vt 0.9245 0.1268
vt 0.8892 0.1132
vt 0.8997 0.0783
vt 0.9612 0.0178
vt 0.8929 0.0706
vt 0.8982 0.0028
vt 0.8746 0.0035
vt 0.9023 0.0028
vt 0.8705 0.0035
vt 0.8483 0.0962
vt 0.8703 0.0432
vt 0.8625 0.0461
vt 0.8029 0.0891
vt 0.8099 0.085
vt 0.8097 0.0507
vt 0.6955 0.0005
vt 0.709 0.0025
vt 0.0253 0.9344
vt 0.0425 0.8353
vt 0.0403 0.7231
vt 0.2583 0.4331
vt 0.2592 0.4433
vt 0.2673 0.5051
vt 0.2537 0.5217
vt 0.2683 0.4854
vt 0.2463 0.5275
vt 0.7161 0.4421
vt 0.653 0.4392
vt 0.6521 0.4631
vt 0.7127 0.4658
vt 0.653 0.4392
vt 0.7162 0.4421
vt 0.6539 0.4153
vt 0.7136 0.4179
vt 0.6273 0.4348
vt 0.5929 0.4105
vt 0.5882 0.4288
vt 0.6264 0.4587
vt 0.5929 0.4105
vt 0.6273 0.4348
vt 0.5976 0.3922
vt 0.6282 0.4109
vt 0.5704 0.3879
vt 0.5414 0.3486
vt 0.567 0.4011
vt 0.5704 0.3879
vt 0.5738 0.3748
vt 0.6382 0.437
vt 0.637 0.4698
vt 0.6382 0.437
vt 0.6395 0.4043
vt 0.571 0.4138
vt 0.5764 0.3931
vt 0.5764 0.3931
vt 0.5817 0.3724
vt 0.2045 0.487
vt 0.203 0.5156
vt 0.2215 0.5117
vt 0.2252 0.4855
vt 0.2046 0.487
vt 0.2152 0.5117
vt 0.7504 0.4792
vt 0.7363 0.4426
vt 0.7458 0.4606
vt 0.7239 0.4635
vt 0.2394 0.5059
vt 0.258 0.5077
vt 0.2597 0.4708
vt 0.2271 0.4855
vt 0.1993 0.4585
vt 0.2192 0.4594
vt 0.2181 0.4594
vt 0.6734 0.9241
vt 0.7399 0.8963
vt 0.8417 0.694
vt 0.8287 0.7683
vt 0.8665 0.7346
vt 0.7035 0.8899
vt 0.8785 0.8079
vt 0.7223 0.9995
vt 0.9293 0.6212
vt 0.9557 0.6637
vt 0.9824 0.6025
vt 0.9984 0.6731
vt 0.6091 0.9221
vt 0.589 0.9125
vt 0.5917 0.923
vt 0.527 0.8951
vt 0.5037 0.8884
vt 0.5292 0.9067
vt 0.5905 0.9794
vt 0.5061 0.9533
vt 0.4369 0.7048
vt 0.4535 0.7424
vt 0.4664 0.7036
vt 0.4531 0.7137
vt 0.4034 0.723
vt 0.4109 0.737
vt 0.3957 0.75
vt 0.4163 0.699
vt 0.4214 0.7475
vt 0.3871 0.737
vt 0.4073 0.7171
vt 0.3691 0.6524
vt 0.3754 0.6807
vt 0.363 0.6724
vt 0.3633 0.6701
vt 0.3573 0.7046
vt 0.7161 0.4421
vt 0.653 0.4392
vt 0.6521 0.4631
vt 0.7127 0.4658
vt 0.653 0.4392
vt 0.7162 0.4421
vt 0.6539 0.4153
vt 0.7136 0.4179
vt 0.6273 0.4348
vt 0.5929 0.4105
vt 0.5882 0.4288
vt 0.6264 0.4587
vt 0.5929 0.4105
vt 0.6273 0.4348
vt 0.5976 0.3922
vt 0.6282 0.4109
vt 0.5704 0.3879
vt 0.5414 0.3486
vt 0.567 0.4011
vt 0.5704 0.3879
vt 0.5738 0.3748
vt 0.6382 0.437
vt 0.637 0.4698
vt 0.6382 0.437
vt 0.6395 0.4043
vt 0.571 0.4138
vt 0.5764 0.3931
vt 0.5764 0.3931
vt 0.5817 0.3724
vt 0.7161 0.4421
vt 0.653 0.4392
vt 0.6521 0.4631
vt 0.7127 0.4658
vt 0.653 0.4392
vt 0.7162 0.4421
vt 0.6539 0.4153
vt 0.7136 0.4179
vt 0.6273 0.4348
vt 0.5929 0.4105
vt 0.5882 0.4288
vt 0.6264 0.4587
vt 0.5929 0.4105
vt 0.6273 0.4348
vt 0.5976 0.3922
vt 0.6282 0.4109
vt 0.5704 0.3879
vt 0.5414 0.3486
vt 0.567 0.4011
vt 0.5704 0.3879
vt 0.5738 0.3748
vt 0.6382 0.437
vt 0.637 0.4698
vt 0.6382 0.437
vt 0.6395 0.4043
vt 0.571 0.4138
vt 0.5764 0.3931
vt 0.5764 0.3931
vt 0.5817 0.3724
vt 0.7161 0.4421
vt 0.653 0.4392
vt 0.6521 0.4631
vt 0.7127 0.4658
vt 0.653 0.4392
vt 0.7162 0.4421
vt 0.6539 0.4153
vt 0.7136 0.4179
vt 0.6273 0.4348
vt 0.5929 0.4105
vt 0.5882 0.4288
vt 0.6264 0.4587
vt 0.5929 0.4105
vt 0.6273 0.4348
vt 0.5976 0.3922
vt 0.6282 0.4109
vt 0.5704 0.3879
vt 0.5414 0.3486
vt 0.567 0.4011
vt 0.5704 0.3879
vt 0.5738 0.3748
vt 0.6382 0.437
vt 0.637 0.4698
vt 0.6382 0.437
vt 0.6395 0.4043
vt 0.571 0.4138
vt 0.5764 0.3931
vt 0.5764 0.3931
vt 0.5817 0.3724
vt 0.3025 1.0058
vt 0.3554 0.9924
vt 0.3666 1.0058
vt 0.3137 0.9924
vt 0.3455 0.979
vt 0.3248 0.979
vt 0.3554 0.9924
vt 0.3137 0.9924
vt 0.3554 0.8906
vt 0.3666 0.8742
vt 0.3455 0.9055
vt 0.3554 0.8906
vt 0.3137 0.8906
vt 0.3025 0.8742
vt 0.3248 0.9055
vt 0.3137 0.8906
vt 0.3025 1.0058
vt 0.3554 0.9924
vt 0.3666 1.0058
vt 0.3137 0.9924
vt 0.3455 0.979
vt 0.3248 0.979
vt 0.3554 0.9924
vt 0.3137 0.9924
vt 0.3554 0.8906
vt 0.3666 0.8742
vt 0.3455 0.9055
vt 0.3554 0.8906
vt 0.3137 0.8906
vt 0.3025 0.8742
vt 0.3248 0.9055
vt 0.3137 0.8906
vt 0.3025 1.0058
vt 0.3554 0.9924
vt 0.3666 1.0058
vt 0.3137 0.9924
vt 0.3455 0.979
vt 0.3248 0.979
vt 0.3554 0.9924
vt 0.3137 0.9924
vt 0.3554 0.8906
vt 0.3666 0.8742
vt 0.3455 0.9055
vt 0.3554 0.8906
vt 0.3137 0.8906
vt 0.3025 0.8742
vt 0.3248 0.9055
vt 0.3137 0.8906
vt 0.3025 1.0058
vt 0.3554 0.9924
vt 0.3666 1.0058
vt 0.3137 0.9924
vt 0.3455 0.979
vt 0.3248 0.979
vt 0.3554 0.9924
vt 0.3137 0.9924
vt 0.3554 0.8906
vt 0.3666 0.8742
vt 0.3455 0.9055
vt 0.3554 0.8906
vt 0.3137 0.8906
vt 0.3025 0.8742
vt 0.3248 0.9055
vt 0.3137 0.8906
vt 0.3025 1.0058
vt 0.3554 0.9924
vt 0.3666 1.0058
vt 0.3137 0.9924
vt 0.3455 0.979
vt 0.3248 0.979
vt 0.3554 0.9924
vt 0.3137 0.9924
vt 0.3554 0.8906
vt 0.3666 0.8742
vt 0.3455 0.9055
vt 0.3554 0.8906
vt 0.3137 0.8906
vt 0.3025 0.8742
vt 0.3248 0.9055
vt 0.3137 0.8906
vt 0.3025 1.0058
vt 0.3554 0.9924
vt 0.3666 1.0058
vt 0.3137 0.9924
vt 0.3455 0.979
vt 0.3248 0.979
vt 0.3554 0.9924
vt 0.3137 0.9924
vt 0.3554 0.8906
vt 0.3666 0.8742
vt 0.3455 0.9055
vt 0.3554 0.8906
vt 0.3137 0.8906
vt 0.3025 0.8742
vt 0.3248 0.9055
vt 0.3137 0.8906
vt 0.3025 1.0058
vt 0.3554 0.9924
vt 0.3666 1.0058
vt 0.3137 0.9924
vt 0.3455 0.979
vt 0.3248 0.979
vt 0.3554 0.9924
vt 0.3137 0.9924
vt 0.3554 0.8906
vt 0.3666 0.8742
vt 0.3455 0.9055
vt 0.3554 0.8906
vt 0.3137 0.8906
vt 0.3025 0.8742
vt 0.3248 0.9055
vt 0.3137 0.8906
vt 0.3025 1.0058
vt 0.3554 0.9924
vt 0.3666 1.0058
vt 0.3137 0.9924
vt 0.3455 0.979
vt 0.3248 0.979
vt 0.3554 0.9924
vt 0.3137 0.9924
vt 0.3554 0.8906
vt 0.3666 0.8742
vt 0.3455 0.9055
vt 0.3554 0.8906
vt 0.3137 0.8906
vt 0.3025 0.8742
vt 0.3248 0.9055
vt 0.3137 0.8906
vt 0.3025 1.0058
vt 0.3554 0.9924
vt 0.3666 1.0058
vt 0.3137 0.9924
vt 0.3455 0.979
vt 0.3248 0.979
vt 0.3554 0.9924
vt 0.3137 0.9924
vt 0.3554 0.8906
vt 0.3666 0.8742
vt 0.3455 0.9055
vt 0.3554 0.8906
vt 0.3137 0.8906
vt 0.3025 0.8742
vt 0.3248 0.9055
vt 0.3137 0.8906
vt 0.3025 1.0058
vt 0.3554 0.9924
vt 0.3666 1.0058
vt 0.3137 0.9924
vt 0.3455 0.979
vt 0.3248 0.979
vt 0.3554 0.9924
vt 0.3137 0.9924
vt 0.3554 0.8906
vt 0.3666 0.8742
vt 0.3455 0.9055
vt 0.3554 0.8906
vt 0.3137 0.8906
vt 0.3025 0.8742
vt 0.3248 0.9055
vt 0.3137 0.8906
vt 0.3025 1.0058
vt 0.3554 0.9924
vt 0.3666 1.0058
vt 0.3137 0.9924
vt 0.3455 0.979
vt 0.3248 0.979
vt 0.3554 0.9924
vt 0.3137 0.9924
vt 0.3554 0.8906
vt 0.3666 0.8742
vt 0.3455 0.9055
vt 0.3554 0.8906
vt 0.3137 0.8906
vt 0.3025 0.8742
vt 0.3248 0.9055
vt 0.3137 0.8906
vt 0.3025 1.0058
vt 0.3554 0.9924
vt 0.3666 1.0058
vt 0.3137 0.9924
vt 0.3455 0.979
vt 0.3248 0.979
vt 0.3554 0.9924
vt 0.3137 0.9924
vt 0.3554 0.8906
vt 0.3666 0.8742
vt 0.3455 0.9055
vt 0.3554 0.8906
vt 0.3137 0.8906
vt 0.3025 0.8742
vt 0.3248 0.9055
vt 0.3137 0.8906
vt 0.3025 1.0058
vt 0.3554 0.9924
vt 0.3666 1.0058
vt 0.3137 0.9924
vt 0.3455 0.979
vt 0.3248 0.979
vt 0.3554 0.9924
vt 0.3137 0.9924
vt 0.3554 0.8906
vt 0.3666 0.8742
vt 0.3455 0.9055
vt 0.3554 0.8906
vt 0.3137 0.8906
vt 0.3025 0.8742
vt 0.3248 0.9055
vt 0.3137 0.8906
vt 0.3025 1.0058
vt 0.3554 0.9924
vt 0.3666 1.0058
vt 0.3137 0.9924
vt 0.3455 0.979
vt 0.3248 0.979
vt 0.3554 0.9924
vt 0.3137 0.9924
vt 0.3554 0.8906
vt 0.3666 0.8742
vt 0.3455 0.9055
vt 0.3554 0.8906
vt 0.3137 0.8906
vt 0.3025 0.8742
vt 0.3248 0.9055
vt 0.3137 0.8906
vt 0.3025 1.0058
vt 0.3554 0.9924
vt 0.3666 1.0058
vt 0.3137 0.9924
vt 0.3455 0.979
vt 0.3248 0.979
vt 0.3554 0.9924
vt 0.3137 0.9924
vt 0.3554 0.8906
vt 0.3666 0.8742
vt 0.3455 0.9055
vt 0.3554 0.8906
vt 0.3137 0.8906
vt 0.3025 0.8742
vt 0.3248 0.9055
vt 0.3137 0.8906
vt 0.3025 1.0058
vt 0.3666 1.0058
vt 0.3554 0.9924
vt 0.3137 0.9924
vt 0.3455 0.979
vt 0.3248 0.979
vt 0.3554 0.9924
vt 0.3137 0.9924
vt 0.3666 0.8742
vt 0.3554 0.8906
vt 0.3455 0.9055
vt 0.3554 0.8906
vt 0.3025 0.8742
vt 0.3137 0.8906
vt 0.3248 0.9055
vt 0.3137 0.8906
vt 0.3025 1.0058
vt 0.3666 1.0058
vt 0.3554 0.9924
vt 0.3137 0.9924
vt 0.3455 0.979
vt 0.3248 0.979
vt 0.3554 0.9924
vt 0.3137 0.9924
vt 0.3666 0.8742
vt 0.3554 0.8906
vt 0.3455 0.9055
vt 0.3554 0.8906
vt 0.3025 0.8742
vt 0.3137 0.8906
vt 0.3248 0.9055
vt 0.3137 0.8906
vt 0.3025 1.0058
vt 0.3666 1.0058
vt 0.3554 0.9924
vt 0.3137 0.9924
vt 0.3455 0.979
vt 0.3248 0.979
vt 0.3554 0.9924
vt 0.3137 0.9924
vt 0.3666 0.8742
vt 0.3554 0.8906
vt 0.3455 0.9055
vt 0.3554 0.8906
vt 0.3025 0.8742
vt 0.3137 0.8906
vt 0.3248 0.9055
vt 0.3137 0.8906
vt 0.3025 1.0058
vt 0.3666 1.0058
vt 0.3554 0.9924
vt 0.3137 0.9924
vt 0.3455 0.979
vt 0.3248 0.979
vt 0.3554 0.9924
vt 0.3137 0.9924
vt 0.3666 0.8742
vt 0.3554 0.8906
vt 0.3455 0.9055
vt 0.3554 0.8906
vt 0.3025 0.8742
vt 0.3137 0.8906
vt 0.3248 0.9055
vt 0.3137 0.8906
vt 0.2568 0.9975
vt 0.1275 0.9373
vt 0.2568 0.9373
vt 0.1275 0.9975
vt 0.1275 0.9975
vt 0.1275 0.9052
vt 0.1275 0.9373
vt 0.1275 0.9454
vt 0.2568 0.9454
vt 0.2568 0.9373
vt 0.2568 0.9052
vt 0.2568 0.9975
vt 0.1275 0.8527
vt 0.2568 0.8527
vt 0.1275 0.8527
vt 0.1275 0.8527
vt 0.1266 0.7692
vt 0.2616 0.8502
vt 0.1266 0.8502
vt 0.2616 0.7692
vt 0.2568 0.8527
vt 0.2568 0.8527
vt 0.1275 0.768
vt 0.2568 0.768
vt 0.1275 0.8001
vt 0.1275 0.768
vt 0.2616 0.9312
vt 0.1266 0.9312
vt 0.2568 0.768
vt 0.2568 0.8001
vt 0.1275 0.7078
vt 0.2568 0.7078
vt 0.1275 0.76
vt 0.1275 0.7078
vt 0.2616 1.0003
vt 0.1266 1.0003
vt 0.2568 0.7078
vt 0.2568 0.76
vt 0.1275 0.768
vt 0.2568 0.768
vt 0.1275 0.8001
vt 0.1275 0.768
vt 0.2616 0.9312
vt 0.1266 0.9312
vt 0.2568 0.768
vt 0.2568 0.8001
vt 0.1275 0.8527
vt 0.2568 0.8527
vt 0.1275 0.8527
vt 0.1275 0.8527
vt 0.2616 0.8502
vt 0.1266 0.8502
vt 0.2568 0.8527
vt 0.2568 0.8527
vt 0.1275 0.9373
vt 0.2568 0.9373
vt 0.1275 0.9052
vt 0.1275 0.9373
vt 0.2616 0.7692
vt 0.1266 0.7692
vt 0.2568 0.9373
vt 0.2568 0.9052
vt 0.2568 0.9975
vt 0.1275 0.9373
vt 0.2568 0.9373
vt 0.1275 0.9975
vt 0.1275 0.9975
vt 0.1275 0.9052
vt 0.1275 0.9373
vt 0.1275 0.9454
vt 0.2568 0.9454
vt 0.2568 0.9373
vt 0.2568 0.9052
vt 0.2568 0.9975
vt 0.1275 0.8527
vt 0.2568 0.8527
vt 0.1275 0.8527
vt 0.1275 0.8527
vt 0.1266 0.7692
vt 0.2616 0.8502
vt 0.1266 0.8502
vt 0.2616 0.7692
vt 0.2568 0.8527
vt 0.2568 0.8527
vt 0.1275 0.768
vt 0.2568 0.768
vt 0.1275 0.8001
vt 0.1275 0.768
vt 0.2616 0.9312
vt 0.1266 0.9312
vt 0.2568 0.768
vt 0.2568 0.8001
vt 0.1275 0.7078
vt 0.2568 0.7078
vt 0.1275 0.76
vt 0.1275 0.7078
vt 0.2616 1.0003
vt 0.1266 1.0003
vt 0.2568 0.7078
vt 0.2568 0.76
vt 0.1275 0.768
vt 0.2568 0.768
vt 0.1275 0.8001
vt 0.1275 0.768
vt 0.2616 0.9312
vt 0.1266 0.9312
vt 0.2568 0.768
vt 0.2568 0.8001
vt 0.1275 0.8527
vt 0.2568 0.8527
vt 0.1275 0.8527
vt 0.1275 0.8527
vt 0.2616 0.8502
vt 0.1266 0.8502
vt 0.2568 0.8527
vt 0.2568 0.8527
vt 0.1275 0.9373
vt 0.2568 0.9373
vt 0.1275 0.9052
vt 0.1275 0.9373
vt 0.2616 0.7692
vt 0.1266 0.7692
vt 0.2568 0.9373
vt 0.2568 0.9052
vt 0.2568 0.9975
vt 0.1275 0.9373
vt 0.2568 0.9373
vt 0.1275 0.9975
vt 0.1275 0.9975
vt 0.1275 0.9052
vt 0.1275 0.9373
vt 0.1275 0.9454
vt 0.2568 0.9454
vt 0.2568 0.9373
vt 0.2568 0.9052
vt 0.2568 0.9975
vt 0.1275 0.8527
vt 0.2568 0.8527
vt 0.1275 0.8527
vt 0.1275 0.8527
vt 0.1266 0.7692
vt 0.2616 0.8502
vt 0.1266 0.8502
vt 0.2616 0.7692
vt 0.2568 0.8527
vt 0.2568 0.8527
vt 0.1275 0.768
vt 0.2568 0.768
vt 0.1275 0.8001
vt 0.1275 0.768
vt 0.2616 0.9312
vt 0.1266 0.9312
vt 0.2568 0.768
vt 0.2568 0.8001
vt 0.1275 0.7078
vt 0.2568 0.7078
vt 0.1275 0.76
vt 0.1275 0.7078
vt 0.2616 1.0003
vt 0.1266 1.0003
vt 0.2568 0.7078
vt 0.2568 0.76
vt 0.1275 0.768
vt 0.2568 0.768
vt 0.1275 0.8001
vt 0.1275 0.768
vt 0.2616 0.9312
vt 0.1266 0.9312
vt 0.2568 0.768
vt 0.2568 0.8001
vt 0.1275 0.8527
vt 0.2568 0.8527
vt 0.1275 0.8527
vt 0.1275 0.8527
vt 0.2616 0.8502
vt 0.1266 0.8502
vt 0.2568 0.8527
vt 0.2568 0.8527
vt 0.1275 0.9373
vt 0.2568 0.9373
vt 0.1275 0.9052
vt 0.1275 0.9373
vt 0.2616 0.7692
vt 0.1266 0.7692
vt 0.2568 0.9373
vt 0.2568 0.9052
vt 0.2568 0.9975
vt 0.2568 0.9373
vt 0.1275 0.9373
vt 0.1275 0.9975
vt 0.1275 0.9975
vt 0.1275 0.9373
vt 0.1275 0.9052
vt 0.1275 0.9454
vt 0.2568 0.9454
vt 0.2568 0.9052
vt 0.2568 0.9373
vt 0.2568 0.9975
vt 0.2568 0.8527
vt 0.1275 0.8527
vt 0.1275 0.8527
vt 0.1275 0.8527
vt 0.1266 0.7692
vt 0.1266 0.8502
vt 0.2616 0.8502
vt 0.2616 0.7692
vt 0.2568 0.8527
vt 0.2568 0.8527
vt 0.2568 0.768
vt 0.1275 0.768
vt 0.1275 0.768
vt 0.1275 0.8001
vt 0.1266 0.9312
vt 0.2616 0.9312
vt 0.2568 0.8001
vt 0.2568 0.768
vt 0.2568 0.7078
vt 0.1275 0.7078
vt 0.1275 0.7078
vt 0.1275 0.76
vt 0.1266 1.0003
vt 0.2616 1.0003
vt 0.2568 0.76
vt 0.2568 0.7078
vt 0.2568 0.768
vt 0.1275 0.768
vt 0.1275 0.768
vt 0.1275 0.8001
vt 0.1266 0.9312
vt 0.2616 0.9312
vt 0.2568 0.8001
vt 0.2568 0.768
vt 0.2568 0.8527
vt 0.1275 0.8527
vt 0.1275 0.8527
vt 0.1275 0.8527
vt 0.1266 0.8502
vt 0.2616 0.8502
vt 0.2568 0.8527
vt 0.2568 0.8527
vt 0.2568 0.9373
vt 0.1275 0.9373
vt 0.1275 0.9373
vt 0.1275 0.9052
vt 0.1266 0.7692
vt 0.2616 0.7692
vt 0.2568 0.9052
vt 0.2568 0.9373
f 1/1/1 3/3/3 2/2/2
f 3/3/3 1/1/1 4/4/4
f 5/5/5 4/4/4 1/1/1
f 4/4/4 7/7/7 6/6/6
f 8/8/8 6/6/6 9/9/9
f 6/6/6 8/8/8 10/10/10
f 11/11/11 13/13/13 12/12/12
f 14/14/14 16/16/16 15/15/15
f 16/16/16 14/14/14 17/17/17
f 6/6/6 18/18/18 4/4/4
f 18/18/18 6/6/6 19/19/19
f 10/10/10 19/19/19 6/6/6
f 19/19/19 10/10/10 20/20/20
f 12/12/12 21/21/21 11/11/11
f 21/21/21 12/12/12 22/22/22
f 18/18/18 24/24/24 23/23/23
f 24/24/24 18/18/18 25/25/25
f 22/22/22 26/26/26 21/21/21
f 26/26/26 22/22/22 27/27/27
f 25/25/25 28/28/28 24/24/24
f 28/28/28 25/25/25 29/29/29
f 30/30/30 29/29/29 25/25/25
f 29/29/29 30/30/30 31/31/31
f 32/32/32 31/31/31 30/30/30
f 31/31/31 32/32/32 33/33/33
f 27/27/27 34/34/34 26/26/26
f 34/34/34 27/27/27 35/35/35
f 29/29/29 36/36/36 28/28/28
f 35/35/35 37/37/37 34/34/34
f 37/37/37 35/35/35 38/38/38
f 29/29/29 39/39/39 36/36/36
f 39/39/39 29/29/29 40/40/40
f 31/31/31 40/40/40 29/29/29
f 40/40/40 31/31/31 41/41/41
f 42/42/42 41/41/41 31/31/31
f 41/41/41 42/42/42 43/43/43
f 38/38/38 44/44/44 37/37/37
f 44/44/44 38/38/38 45/45/45
f 39/39/39 40/40/40 46/46/46
f 41/41/41 46/46/46 40/40/40
f 46/46/46 41/41/41 47/47/47
f 48/48/48 47/47/47 41/41/41
f 45/45/45 49/49/49 44/44/44
f 49/49/49 45/45/45 50/50/50
f 19/19/19 51/51/51 18/18/18
f 10/10/10 52/52/52 20/20/20
f 18/18/18 53/53/53 25/25/25
f 53/53/53 18/18/18 51/51/51
f 25/25/25 54/54/54 30/30/30
f 54/54/54 25/25/25 53/53/53
f 30/30/30 55/55/55 32/32/32
f 55/55/55 30/30/30 54/54/54
f 55/55/55 20/20/20 52/52/52
f 56/56/56 58/58/58 57/57/57
f 56/56/56 59/59/59 58/58/58
f 56/56/56 60/60/60 59/59/59
f 56/56/56 61/61/61 60/60/60
f 57/57/57 63/63/63 62/62/62
f 57/57/57 58/58/58 63/63/63
f 58/58/58 64/64/64 63/63/63
f 58/58/58 59/59/59 7/7/7
f 59/59/59 65/65/65 7/7/7
f 59/59/59 60/60/60 65/65/65
f 66/66/66 68/68/68 67/67/67
f 66/66/66 69/69/69 68/68/68
f 62/62/62 63/63/63 70/70/70
f 63/63/63 64/64/64 70/70/70
f 7/7/7 65/65/65 6/6/6
f 65/65/65 72/72/72 71/71/71
f 73/73/73 2/2/2 74/74/74
f 2/2/2 75/75/75 1/1/1
f 64/64/64 75/75/75 76/76/76
f 1/1/1 64/64/64 5/5/5
f 4/4/4 5/5/5 7/7/7
f 65/65/65 9/9/9 6/6/6
f 77/77/77 79/79/79 78/78/78
f 79/79/79 77/77/77 13/13/13
f 51/51/51 80/80/80 53/53/53
f 80/80/80 51/51/51 81/81/81
f 53/53/53 82/82/82 54/54/54
f 82/82/82 53/53/53 80/80/80
f 54/54/54 83/83/83 55/55/55
f 83/83/83 54/54/54 82/82/82
f 55/55/55 84/84/84 20/20/20
f 84/84/84 55/55/55 83/83/83
f 19/19/19 81/81/81 51/51/51
f 81/81/81 19/19/19 85/85/85
f 20/20/20 85/85/85 19/19/19
f 85/85/85 20/20/20 84/84/84
f 81/81/81 86/86/86 80/80/80
f 86/86/86 81/81/81 87/87/87
f 80/80/80 88/88/88 82/82/82
f 88/88/88 80/80/80 86/86/86
f 82/82/82 89/89/89 83/83/83
f 89/89/89 82/82/82 88/88/88
f 83/83/83 90/90/90 84/84/84
f 90/90/90 83/83/83 89/89/89
f 85/85/85 87/87/87 81/81/81
f 87/87/87 85/85/85 90/90/90
f 84/84/84 90/90/90 85/85/85
f 87/87/87 91/91/91 86/86/86
f 91/91/91 87/87/87 92/92/92
f 86/86/86 91/91/91 88/88/88
f 88/88/88 93/93/93 89/89/89
f 93/93/93 88/88/88 91/91/91
f 89/89/89 94/94/94 90/90/90
f 94/94/94 89/89/89 93/93/93
f 90/90/90 92/92/92 87/87/87
f 92/92/92 90/90/90 94/94/94
f 92/92/92 95/95/95 91/91/91
f 95/95/95 92/92/92 96/96/96
f 91/91/91 97/97/97 93/93/93
f 97/97/97 91/91/91 95/95/95
f 93/93/93 98/98/98 94/94/94
f 98/98/98 93/93/93 97/97/97
f 94/94/94 96/96/96 92/92/92
f 96/96/96 94/94/94 98/98/98
f 96/96/96 99/99/99 95/95/95
f 99/99/99 96/96/96 100/100/100
f 95/95/95 101/101/101 97/97/97
f 101/101/101 95/95/95 99/99/99
f 97/97/97 102/102/102 98/98/98
f 102/102/102 97/97/97 101/101/101
f 98/98/98 100/100/100 96/96/96
f 100/100/100 98/98/98 102/102/102
f 103/103/103 105/105/105 104/104/104
f 106/106/106 108/108/108 107/107/107
f 109/109/109 111/111/111 110/110/110
f 112/112/112 48/48/48 113/113/113
f 47/47/47 48/48/48 114/114/114
f 114/114/114 115/115/115 47/47/47
f 48/48/48 112/112/112 114/114/114
f 116/116/116 114/114/114 112/112/112
f 112/112/112 39/39/39 117/117/117
f 46/46/46 47/47/47 115/115/115
f 115/115/115 118/118/118 46/46/46
f 39/39/39 46/46/46 118/118/118
f 118/118/118 117/117/117 39/39/39
f 115/115/115 114/114/114 119/119/119
f 119/119/119 120/120/120 115/115/115
f 112/112/112 117/117/117 116/116/116
f 116/116/116 119/119/119 114/114/114
f 118/118/118 115/115/115 120/120/120
f 120/120/120 121/121/121 118/118/118
f 117/117/117 118/118/118 121/121/121
f 121/121/121 116/116/116 117/117/117
f 120/120/120 119/119/119 122/122/122
f 122/122/122 123/123/123 120/120/120
f 119/119/119 116/116/116 124/124/124
f 124/124/124 122/122/122 119/119/119
f 121/121/121 120/120/120 123/123/123
f 123/123/123 125/125/125 121/121/121
f 116/116/116 121/121/121 125/125/125
f 125/125/125 124/124/124 116/116/116
f 123/123/123 122/122/122 126/126/126
f 126/126/126 127/127/127 123/123/123
f 122/122/122 124/124/124 126/126/126
f 128/128/128 126/126/126 124/124/124
f 125/125/125 123/123/123 127/127/127
f 127/127/127 129/129/129 125/125/125
f 124/124/124 125/125/125 129/129/129
f 129/129/129 128/128/128 124/124/124
f 127/127/127 126/126/126 130/130/130
f 130/130/130 131/131/131 127/127/127
f 126/126/126 128/128/128 132/132/132
f 132/132/132 130/130/130 126/126/126
f 129/129/129 127/127/127 131/131/131
f 131/131/131 133/133/133 129/129/129
f 128/128/128 129/129/129 133/133/133
f 133/133/133 132/132/132 128/128/128
f 130/130/130 134/134/134 131/131/131
f 134/134/134 130/130/130 135/135/135
f 132/132/132 135/135/135 130/130/130
f 135/135/135 132/132/132 136/136/136
f 133/133/133 131/131/131 134/134/134
f 133/133/133 136/136/136 132/132/132
f 137/137/137 139/139/139 138/138/138
f 139/139/139 137/137/137 140/140/140
f 134/134/134 141/141/141 133/133/133
f 141/141/141 134/134/134 142/142/142
f 141/141/141 143/143/143 136/136/136
f 136/136/136 133/133/133 141/141/141
f 140/140/140 104/104/104 139/139/139
f 104/104/104 140/140/140 103/103/103
f 142/142/142 144/144/144 141/141/141
f 144/144/144 142/142/142 145/145/145
f 141/141/141 146/146/146 143/143/143
f 146/146/146 141/141/141 144/144/144
f 108/108/108 106/106/106 147/147/147
f 110/110/110 148/148/148 109/109/109
f 135/135/135 138/138/138 134/134/134
f 137/137/137 138/138/138 135/135/135
f 135/135/135 136/136/136 137/137/137
f 134/134/134 139/139/139 142/142/142
f 139/139/139 134/134/134 138/138/138
f 143/143/143 137/137/137 136/136/136
f 137/137/137 143/143/143 140/140/140
f 142/142/142 104/104/104 145/145/145
f 104/104/104 142/142/142 139/139/139
f 146/146/146 140/140/140 143/143/143
f 140/140/140 146/146/146 103/103/103
f 149/149/149 151/151/151 150/150/150
f 152/152/152 153/153/153 150/150/150
f 100/100/100 154/154/154 99/99/99
f 155/155/155 99/99/99 154/154/154
f 99/99/99 156/156/156 101/101/101
f 156/156/156 99/99/99 155/155/155
f 101/101/101 157/157/157 102/102/102
f 157/157/157 101/101/101 156/156/156
f 102/102/102 158/158/158 100/100/100
f 158/158/158 102/102/102 159/159/159
f 159/159/159 102/102/102 157/157/157
f 160/160/160 162/162/162 161/161/161
f 160/160/160 161/161/161 163/163/163
f 163/163/163 161/161/161 164/164/164
f 163/163/163 164/164/164 165/165/165
f 165/165/165 164/164/164 166/166/166
f 165/165/165 166/166/166 167/167/167
f 167/167/167 166/166/166 162/162/162
f 167/167/167 162/162/162 160/160/160
f 168/168/168 170/170/170 169/169/169
f 168/168/168 169/169/169 171/171/171
f 171/171/171 169/169/169 172/172/172
f 171/171/171 172/172/172 173/173/173
f 173/173/173 172/172/172 174/174/174
f 173/173/173 174/174/174 175/175/175
f 175/175/175 174/174/174 170/170/170
f 175/175/175 170/170/170 168/168/168
f 176/176/176 178/178/178 177/177/177
f 177/177/177 178/178/178 179/179/179
f 179/179/179 178/178/178 180/180/180
f 180/180/180 178/178/178 176/176/176
f 181/181/181 171/171/171 182/182/182
f 171/171/171 181/181/181 168/168/168
f 182/182/182 173/173/173 183/183/183
f 173/173/173 182/182/182 171/171/171
f 183/183/183 175/175/175 184/184/184
f 175/175/175 183/183/183 173/173/173
f 184/184/184 168/168/168 181/181/181
f 168/168/168 184/184/184 175/175/175
f 182/182/182 162/162/162 181/181/181
f 162/162/162 182/182/182 161/161/161
f 183/183/183 161/161/161 182/182/182
f 161/161/161 183/183/183 164/164/164
f 184/184/184 164/164/164 183/183/183
f 164/164/164 184/184/184 166/166/166
f 181/181/181 166/166/166 184/184/184
f 166/166/166 181/181/181 162/162/162
f 170/170/170 185/185/185 169/169/169
f 185/185/185 170/170/170 186/186/186
f 169/169/169 187/187/187 172/172/172
f 187/187/187 169/169/169 185/185/185
f 172/172/172 188/188/188 174/174/174
f 188/188/188 172/172/172 187/187/187
f 174/174/174 186/186/186 170/170/170
f 186/186/186 174/174/174 188/188/188
f 186/186/186 177/177/177 185/185/185
f 177/177/177 186/186/186 176/176/176
f 185/185/185 179/179/179 187/187/187
f 179/179/179 185/185/185 177/177/177
f 187/187/187 180/180/180 188/188/188
f 180/180/180 187/187/187 179/179/179
f 188/188/188 176/176/176 186/186/186
f 176/176/176 188/188/188 180/180/180
f 70/70/70 189/189/189 62/62/62
f 157/157/157 191/191/191 190/190/190
f 191/191/191 157/157/157 192/192/192
f 156/156/156 193/193/193 192/192/192
f 156/156/156 192/192/192 157/157/157
f 157/157/157 195/195/195 194/194/194
f 157/157/157 190/190/190 195/195/195
f 159/159/159 157/157/157 194/194/194
f 196/196/196 198/198/198 197/197/197
f 198/198/198 196/196/196 199/199/199
f 200/200/200 158/158/158 159/159/159
f 200/200/200 201/201/201 158/158/158
f 158/158/158 201/201/201 100/100/100
f 201/201/201 202/202/202 100/100/100
f 203/203/203 154/154/154 202/202/202
f 202/202/202 154/154/154 100/100/100
f 204/204/204 155/155/155 154/154/154
f 191/191/191 205/205/205 155/155/155
f 191/191/191 155/155/155 204/204/204
f 204/204/204 154/154/154 195/195/195
f 195/195/195 154/154/154 206/206/206
f 154/154/154 203/203/203 206/206/206
f 205/205/205 193/193/193 155/155/155
f 193/193/193 156/156/156 155/155/155
f 32/32/32 207/207/207 52/52/52
f 207/207/207 32/32/32 208/208/208
f 33/33/33 209/209/209 31/31/31
f 209/209/209 33/33/33 210/210/210
f 31/31/31 211/211/211 42/42/42
f 211/211/211 31/31/31 209/209/209
f 42/42/42 210/210/210 33/33/33
f 210/210/210 42/42/42 211/211/211
f 55/55/55 208/208/208 32/32/32
f 208/208/208 55/55/55 212/212/212
f 52/52/52 212/212/212 55/55/55
f 212/212/212 52/52/52 207/207/207
f 209/209/209 213/213/213 211/211/211
f 211/211/211 213/213/213 210/210/210
f 210/210/210 213/213/213 209/209/209
f 207/207/207 214/214/214 212/212/212
f 212/212/212 214/214/214 208/208/208
f 208/208/208 214/214/214 207/207/207
f 43/43/43 215/215/215 41/41/41
f 215/215/215 43/43/43 216/216/216
f 41/41/41 217/217/217 48/48/48
f 217/217/217 41/41/41 215/215/215
f 48/48/48 216/216/216 43/43/43
f 216/216/216 48/48/48 217/217/217
f 215/215/215 218/218/218 217/217/217
f 217/217/217 218/218/218 216/216/216
f 216/216/216 218/218/218 215/215/215
f 8/8/8 219/219/219 10/10/10
f 219/219/219 8/8/8 220/220/220
f 221/221/221 220/220/220 8/8/8
f 220/220/220 221/221/221 222/222/222
f 10/10/10 222/222/222 221/221/221
f 222/222/222 10/10/10 219/219/219
f 65/65/65 223/223/223 9/9/9
f 223/223/223 65/65/65 224/224/224
f 9/9/9 225/225/225 71/71/71
f 225/225/225 9/9/9 223/223/223
f 71/71/71 224/224/224 65/65/65
f 224/224/224 71/71/71 225/225/225
f 222/222/222 226/226/226 220/220/220
f 220/220/220 226/226/226 219/219/219
f 219/219/219 226/226/226 222/222/222
f 224/224/224 227/227/227 223/223/223
f 223/223/223 227/227/227 225/225/225
f 225/225/225 227/227/227 224/224/224
f 7/7/7 228/228/228 64/64/64
f 228/228/228 7/7/7 229/229/229
f 64/64/64 230/230/230 5/5/5
f 230/230/230 64/64/64 228/228/228
f 5/5/5 229/229/229 7/7/7
f 229/229/229 5/5/5 230/230/230
f 229/229/229 231/231/231 228/228/228
f 228/228/228 231/231/231 230/230/230
f 230/230/230 231/231/231 229/229/229
f 232/232/232 234/234/234 233/233/233
f 234/234/234 235/235/235 233/233/233
f 235/235/235 232/232/232 233/233/233
f 236/236/236 232/232/232 237/237/237
f 232/232/232 236/236/236 234/234/234
f 235/235/235 234/234/234 236/236/236
f 236/236/236 238/238/238 235/235/235
f 232/232/232 235/235/235 238/238/238
f 238/238/238 237/237/237 232/232/232
f 58/58/58 238/238/238 64/64/64
f 238/238/238 58/58/58 237/237/237
f 7/7/7 237/237/237 58/58/58
f 237/237/237 7/7/7 236/236/236
f 64/64/64 236/236/236 7/7/7
f 236/236/236 64/64/64 238/238/238
f 64/64/64 1/1/1 75/75/75
f 151/151/151 152/152/152 150/150/150
f 2/2/2 73/73/73 75/75/75
f 239/239/239 240/240/240 76/76/76
f 76/76/76 75/75/75 239/239/239
f 76/76/76 241/241/241 73/73/73
f 241/241/241 76/76/76 240/240/240
f 73/73/73 239/239/239 75/75/75
f 239/239/239 73/73/73 241/241/241
f 241/241/241 242/242/242 239/239/239
f 240/240/240 239/239/239 242/242/242
f 240/240/240 243/243/243 241/241/241
f 241/241/241 243/243/243 242/242/242
f 242/242/242 243/243/243 240/240/240
f 105/105/105 147/147/147 104/104/104
f 147/147/147 105/105/105 108/108/108
f 145/145/145 107/107/107 144/144/144
f 107/107/107 145/145/145 106/106/106
f 144/144/144 108/108/108 105/105/105
f 108/108/108 144/144/144 107/107/107
f 104/104/104 106/106/106 145/145/145
f 106/106/106 104/104/104 147/147/147
f 103/103/103 110/110/110 105/105/105
f 110/110/110 103/103/103 148/148/148
f 105/105/105 111/111/111 144/144/144
f 111/111/111 105/105/105 110/110/110
f 144/144/144 109/109/109 146/146/146
f 109/109/109 144/144/144 111/111/111
f 146/146/146 148/148/148 103/103/103
f 148/148/148 146/146/146 109/109/109
f 244/244/244 246/246/246 245/245/245
f 244/244/244 245/245/245 247/247/247
f 247/247/247 245/245/245 248/248/248
f 247/247/247 248/248/248 249/249/249
f 249/249/249 248/248/248 250/250/250
f 249/249/249 250/250/250 251/251/251
f 251/251/251 250/250/250 246/246/246
f 251/251/251 246/246/246 244/244/244
f 252/252/252 254/254/254 253/253/253
f 252/252/252 253/253/253 255/255/255
f 255/255/255 253/253/253 256/256/256
f 255/255/255 256/256/256 257/257/257
f 257/257/257 256/256/256 258/258/258
f 257/257/257 258/258/258 259/259/259
f 259/259/259 258/258/258 254/254/254
f 259/259/259 254/254/254 252/252/252
f 260/260/260 262/262/262 261/261/261
f 261/261/261 262/262/262 263/263/263
f 263/263/263 262/262/262 264/264/264
f 264/264/264 262/262/262 260/260/260
f 265/265/265 255/255/255 266/266/266
f 255/255/255 265/265/265 252/252/252
f 266/266/266 257/257/257 267/267/267
f 257/257/257 266/266/266 255/255/255
f 267/267/267 259/259/259 268/268/268
f 259/259/259 267/267/267 257/257/257
f 268/268/268 252/252/252 265/265/265
f 252/252/252 268/268/268 259/259/259
f 266/266/266 246/246/246 265/265/265
f 246/246/246 266/266/266 245/245/245
f 267/267/267 245/245/245 266/266/266
f 245/245/245 267/267/267 248/248/248
f 268/268/268 248/248/248 267/267/267
f 248/248/248 268/268/268 250/250/250
f 265/265/265 250/250/250 268/268/268
f 250/250/250 265/265/265 246/246/246
f 254/254/254 269/269/269 253/253/253
f 269/269/269 254/254/254 270/270/270
f 253/253/253 271/271/271 256/256/256
f 271/271/271 253/253/253 269/269/269
f 256/256/256 272/272/272 258/258/258
f 272/272/272 256/256/256 271/271/271
f 258/258/258 270/270/270 254/254/254
f 270/270/270 258/258/258 272/272/272
f 270/270/270 261/261/261 269/269/269
f 261/261/261 270/270/270 260/260/260
f 269/269/269 263/263/263 271/271/271
f 263/263/263 269/269/269 261/261/261
f 271/271/271 264/264/264 272/272/272
f 264/264/264 271/271/271 263/263/263
f 272/272/272 260/260/260 270/270/270
f 260/260/260 272/272/272 264/264/264
f 273/273/273 275/275/275 274/274/274
f 273/273/273 274/274/274 276/276/276
f 276/276/276 274/274/274 277/277/277
f 276/276/276 277/277/277 278/278/278
f 278/278/278 277/277/277 279/279/279
f 278/278/278 279/279/279 280/280/280
f 280/280/280 279/279/279 275/275/275
f 280/280/280 275/275/275 273/273/273
f 281/281/281 283/283/283 282/282/282
f 281/281/281 282/282/282 284/284/284
f 284/284/284 282/282/282 285/285/285
f 284/284/284 285/285/285 286/286/286
f 286/286/286 285/285/285 287/287/287
f 286/286/286 287/287/287 288/288/288
f 288/288/288 287/287/287 283/283/283
f 288/288/288 283/283/283 281/281/281
f 289/289/289 291/291/291 290/290/290
f 290/290/290 291/291/291 292/292/292
f 292/292/292 291/291/291 293/293/293
f 293/293/293 291/291/291 289/289/289
f 294/294/294 284/284/284 295/295/295
f 284/284/284 294/294/294 281/281/281
f 295/295/295 286/286/286 296/296/296
f 286/286/286 295/295/295 284/284/284
f 296/296/296 288/288/288 297/297/297
f 288/288/288 296/296/296 286/286/286
f 297/297/297 281/281/281 294/294/294
f 281/281/281 297/297/297 288/288/288
f 295/295/295 275/275/275 294/294/294
f 275/275/275 295/295/295 274/274/274
f 296/296/296 274/274/274 295/295/295
f 274/274/274 296/296/296 277/277/277
f 297/297/297 277/277/277 296/296/296
f 277/277/277 297/297/297 279/279/279
f 294/294/294 279/279/279 297/297/297
f 279/279/279 294/294/294 275/275/275
f 283/283/283 298/298/298 282/282/282
f 298/298/298 283/283/283 299/299/299
f 282/282/282 300/300/300 285/285/285
f 300/300/300 282/282/282 298/298/298
f 285/285/285 301/301/301 287/287/287
f 301/301/301 285/285/285 300/300/300
f 287/287/287 299/299/299 283/283/283
f 299/299/299 287/287/287 301/301/301
f 299/299/299 290/290/290 298/298/298
f 290/290/290 299/299/299 289/289/289
f 298/298/298 292/292/292 300/300/300
f 292/292/292 298/298/298 290/290/290
f 300/300/300 293/293/293 301/301/301
f 293/293/293 300/300/300 292/292/292
f 301/301/301 289/289/289 299/299/299
f 289/289/289 301/301/301 293/293/293
f 302/302/302 304/304/304 303/303/303
f 302/302/302 303/303/303 305/305/305
f 305/305/305 303/303/303 306/306/306
f 305/305/305 306/306/306 307/307/307
f 307/307/307 306/306/306 308/308/308
f 307/307/307 308/308/308 309/309/309
f 309/309/309 308/308/308 304/304/304
f 309/309/309 304/304/304 302/302/302
f 310/310/310 312/312/312 311/311/311
f 310/310/310 311/311/311 313/313/313
f 313/313/313 311/311/311 314/314/314
f 313/313/313 314/314/314 315/315/315
f 315/315/315 314/314/314 316/316/316
f 315/315/315 316/316/316 317/317/317
f 317/317/317 316/316/316 312/312/312
f 317/317/317 312/312/312 310/310/310
f 318/318/318 320/320/320 319/319/319
f 319/319/319 320/320/320 321/321/321
f 321/321/321 320/320/320 322/322/322
f 322/322/322 320/320/320 318/318/318
f 323/323/323 313/313/313 324/324/324
f 313/313/313 323/323/323 310/310/310
f 324/324/324 315/315/315 325/325/325
f 315/315/315 324/324/324 313/313/313
f 325/325/325 317/317/317 326/326/326
f 317/317/317 325/325/325 315/315/315
f 326/326/326 310/310/310 323/323/323
f 310/310/310 326/326/326 317/317/317
f 324/324/324 304/304/304 323/323/323
f 304/304/304 324/324/324 303/303/303
f 325/325/325 303/303/303 324/324/324
f 303/303/303 325/325/325 306/306/306
f 326/326/326 306/306/306 325/325/325
f 306/306/306 326/326/326 308/308/308
f 323/323/323 308/308/308 326/326/326
f 308/308/308 323/323/323 304/304/304
f 312/312/312 327/327/327 311/311/311
f 327/327/327 312/312/312 328/328/328
f 311/311/311 329/329/329 314/314/314
f 329/329/329 311/311/311 327/327/327
f 314/314/314 330/330/330 316/316/316
f 330/330/330 314/314/314 329/329/329
f 316/316/316 328/328/328 312/312/312
f 328/328/328 316/316/316 330/330/330
f 328/328/328 319/319/319 327/327/327
f 319/319/319 328/328/328 318/318/318
f 327/327/327 321/321/321 329/329/329
f 321/321/321 327/327/327 319/319/319
f 329/329/329 322/322/322 330/330/330
f 322/322/322 329/329/329 321/321/321
f 330/330/330 318/318/318 328/328/328
f 318/318/318 330/330/330 322/322/322
f 331/331/331 2/2/2 3/3/3
f 3/3/3 332/332/332 331/331/331
f 333/333/333 331/331/331 332/332/332
f 332/332/332 335/335/335 334/334/334
f 336/336/336 337/337/337 335/335/335
f 335/335/335 338/338/338 336/336/336
f 339/339/339 12/12/12 13/13/13
f 340/340/340 15/15/15 16/16/16
f 16/16/16 341/341/341 340/340/340
f 335/335/335 332/332/332 342/342/342
f 342/342/342 343/343/343 335/335/335
f 338/338/338 335/335/335 343/343/343
f 343/343/343 344/344/344 338/338/338
f 12/12/12 339/339/339 345/345/345
f 345/345/345 22/22/22 12/12/12
f 342/342/342 23/23/23 24/24/24
f 24/24/24 346/346/346 342/342/342
f 22/22/22 345/345/345 347/347/347
f 347/347/347 27/27/27 22/22/22
f 346/346/346 24/24/24 28/28/28
f 28/28/28 348/348/348 346/346/346
f 349/349/349 346/346/346 348/348/348
f 348/348/348 350/350/350 349/349/349
f 351/351/351 349/349/349 350/350/350
f 350/350/350 352/352/352 351/351/351
f 27/27/27 347/347/347 353/353/353
f 353/353/353 35/35/35 27/27/27
f 348/348/348 28/28/28 36/36/36
f 35/35/35 353/353/353 354/354/354
f 354/354/354 38/38/38 35/35/35
f 348/348/348 36/36/36 39/39/39
f 39/39/39 355/355/355 348/348/348
f 350/350/350 348/348/348 355/355/355
f 355/355/355 356/356/356 350/350/350
f 357/357/357 350/350/350 356/356/356
f 356/356/356 358/358/358 357/357/357
f 38/38/38 354/354/354 359/359/359
f 359/359/359 45/45/45 38/38/38
f 39/39/39 360/360/360 355/355/355
f 356/356/356 355/355/355 360/360/360
f 360/360/360 361/361/361 356/356/356
f 362/362/362 356/356/356 361/361/361
f 45/45/45 359/359/359 363/363/363
f 363/363/363 50/50/50 45/45/45
f 343/343/343 342/342/342 364/364/364
f 338/338/338 344/344/344 365/365/365
f 342/342/342 346/346/346 366/366/366
f 366/366/366 364/364/364 342/342/342
f 346/346/346 349/349/349 367/367/367
f 367/367/367 366/366/366 346/346/346
f 349/349/349 351/351/351 368/368/368
f 368/368/368 367/367/367 349/349/349
f 368/368/368 365/365/365 344/344/344
f 56/56/56 57/57/57 369/369/369
f 56/56/56 369/369/369 370/370/370
f 56/56/56 370/370/370 371/371/371
f 56/56/56 371/371/371 61/61/61
f 57/57/57 62/62/62 372/372/372
f 57/57/57 372/372/372 369/369/369
f 369/369/369 372/372/372 373/373/373
f 369/369/369 334/334/334 370/370/370
f 370/370/370 334/334/334 374/374/374
f 370/370/370 374/374/374 371/371/371
f 375/375/375 376/376/376 68/68/68
f 375/375/375 68/68/68 69/69/69
f 62/62/62 377/377/377 372/372/372
f 372/372/372 377/377/377 373/373/373
f 334/334/334 335/335/335 374/374/374
f 374/374/374 71/71/71 72/72/72
f 378/378/378 74/74/74 2/2/2
f 2/2/2 331/331/331 379/379/379
f 373/373/373 380/380/380 379/379/379
f 331/331/331 333/333/333 373/373/373
f 332/332/332 334/334/334 333/333/333
f 374/374/374 335/335/335 337/337/337
f 77/77/77 382/382/382 381/381/381
f 381/381/381 13/13/13 77/77/77
f 364/364/364 366/366/366 383/383/383
f 383/383/383 384/384/384 364/364/364
f 366/366/366 367/367/367 385/385/385
f 385/385/385 383/383/383 366/366/366
f 367/367/367 368/368/368 386/386/386
f 386/386/386 385/385/385 367/367/367
f 368/368/368 344/344/344 387/387/387
f 387/387/387 386/386/386 368/368/368
f 343/343/343 364/364/364 384/384/384
f 384/384/384 388/388/388 343/343/343
f 344/344/344 343/343/343 388/388/388
f 388/388/388 387/387/387 344/344/344
f 384/384/384 383/383/383 389/389/389
f 389/389/389 390/390/390 384/384/384
f 383/383/383 385/385/385 391/391/391
f 391/391/391 389/389/389 383/383/383
f 385/385/385 386/386/386 392/392/392
f 392/392/392 391/391/391 385/385/385
f 386/386/386 387/387/387 393/393/393
f 393/393/393 392/392/392 386/386/386
f 388/388/388 384/384/384 390/390/390
f 390/390/390 393/393/393 388/388/388
f 387/387/387 388/388/388 393/393/393
f 390/390/390 389/389/389 394/394/394
f 394/394/394 395/395/395 390/390/390
f 389/389/389 391/391/391 394/394/394
f 391/391/391 392/392/392 396/396/396
f 396/396/396 394/394/394 391/391/391
f 392/392/392 393/393/393 397/397/397
f 397/397/397 396/396/396 392/392/392
f 393/393/393 390/390/390 395/395/395
f 395/395/395 397/397/397 393/393/393
f 395/395/395 394/394/394 398/398/398
f 398/398/398 399/399/399 395/395/395
f 394/394/394 396/396/396 400/400/400
f 400/400/400 398/398/398 394/394/394
f 396/396/396 397/397/397 401/401/401
f 401/401/401 400/400/400 396/396/396
f 397/397/397 395/395/395 399/399/399
f 399/399/399 401/401/401 397/397/397
f 399/399/399 398/398/398 402/402/402
f 402/402/402 403/403/403 399/399/399
f 398/398/398 400/400/400 404/404/404
f 404/404/404 402/402/402 398/398/398
f 400/400/400 401/401/401 405/405/405
f 405/405/405 404/404/404 400/400/400
f 401/401/401 399/399/399 403/403/403
f 403/403/403 405/405/405 401/401/401
f 406/406/406 408/408/408 407/407/407
f 409/409/409 411/411/411 410/410/410
f 412/412/412 414/414/414 413/413/413
f 112/112/112 113/113/113 362/362/362
f 361/361/361 415/415/415 362/362/362
f 415/415/415 361/361/361 416/416/416
f 362/362/362 415/415/415 112/112/112
f 417/417/417 112/112/112 415/415/415
f 112/112/112 418/418/418 39/39/39
f 360/360/360 416/416/416 361/361/361
f 416/416/416 360/360/360 419/419/419
f 39/39/39 419/419/419 360/360/360
f 419/419/419 39/39/39 418/418/418
f 416/416/416 420/420/420 415/415/415
f 420/420/420 416/416/416 421/421/421
f 112/112/112 417/417/417 418/418/418
f 417/417/417 415/415/415 420/420/420
f 419/419/419 421/421/421 416/416/416
f 421/421/421 419/419/419 422/422/422
f 418/418/418 422/422/422 419/419/419
f 422/422/422 418/418/418 417/417/417
f 421/421/421 423/423/423 420/420/420
f 423/423/423 421/421/421 424/424/424
f 420/420/420 425/425/425 417/417/417
f 425/425/425 420/420/420 423/423/423
f 422/422/422 424/424/424 421/421/421
f 424/424/424 422/422/422 426/426/426
f 417/417/417 426/426/426 422/422/422
f 426/426/426 417/417/417 425/425/425
f 424/424/424 427/427/427 423/423/423
f 427/427/427 424/424/424 428/428/428
f 423/423/423 427/427/427 425/425/425
f 429/429/429 425/425/425 427/427/427
f 426/426/426 428/428/428 424/424/424
f 428/428/428 426/426/426 430/430/430
f 425/425/425 430/430/430 426/426/426
f 430/430/430 425/425/425 429/429/429
f 428/428/428 431/431/431 427/427/427
f 431/431/431 428/428/428 432/432/432
f 427/427/427 433/433/433 429/429/429
f 433/433/433 427/427/427 431/431/431
f 430/430/430 432/432/432 428/428/428
f 432/432/432 430/430/430 434/434/434
f 429/429/429 434/434/434 430/430/430
f 434/434/434 429/429/429 433/433/433
f 431/431/431 432/432/432 435/435/435
f 435/435/435 436/436/436 431/431/431
f 433/433/433 431/431/431 436/436/436
f 436/436/436 437/437/437 433/433/433
f 434/434/434 435/435/435 432/432/432
f 434/434/434 433/433/433 437/437/437
f 438/438/438 440/440/440 439/439/439
f 439/439/439 441/441/441 438/438/438
f 435/435/435 434/434/434 442/442/442
f 442/442/442 443/443/443 435/435/435
f 442/442/442 437/437/437 444/444/444
f 437/437/437 442/442/442 434/434/434
f 441/441/441 439/439/439 408/408/408
f 408/408/408 406/406/406 441/441/441
f 443/443/443 442/442/442 445/445/445
f 445/445/445 446/446/446 443/443/443
f 442/442/442 444/444/444 447/447/447
f 447/447/447 445/445/445 442/442/442
f 410/410/410 448/448/448 409/409/409
f 414/414/414 412/412/412 449/449/449
f 436/436/436 435/435/435 440/440/440
f 438/438/438 436/436/436 440/440/440
f 436/436/436 438/438/438 437/437/437
f 435/435/435 443/443/443 439/439/439
f 439/439/439 440/440/440 435/435/435
f 444/444/444 437/437/437 438/438/438
f 438/438/438 441/441/441 444/444/444
f 443/443/443 446/446/446 408/408/408
f 408/408/408 439/439/439 443/443/443
f 447/447/447 444/444/444 441/441/441
f 441/441/441 406/406/406 447/447/447
f 450/450/450 150/150/150 451/451/451
f 452/452/452 150/150/150 153/153/153
f 403/403/403 402/402/402 453/453/453
f 454/454/454 453/453/453 402/402/402
f 402/402/402 404/404/404 455/455/455
f 455/455/455 454/454/454 402/402/402
f 404/404/404 405/405/405 456/456/456
f 456/456/456 455/455/455 404/404/404
f 405/405/405 403/403/403 457/457/457
f 457/457/457 458/458/458 405/405/405
f 458/458/458 456/456/456 405/405/405
f 459/459/459 461/461/461 460/460/460
f 459/459/459 462/462/462 461/461/461
f 462/462/462 463/463/463 461/461/461
f 462/462/462 464/464/464 463/463/463
f 464/464/464 465/465/465 463/463/463
f 464/464/464 466/466/466 465/465/465
f 466/466/466 460/460/460 465/465/465
f 466/466/466 459/459/459 460/460/460
f 467/467/467 469/469/469 468/468/468
f 467/467/467 470/470/470 469/469/469
f 470/470/470 471/471/471 469/469/469
f 470/470/470 472/472/472 471/471/471
f 472/472/472 473/473/473 471/471/471
f 472/472/472 474/474/474 473/473/473
f 474/474/474 468/468/468 473/473/473
f 474/474/474 467/467/467 468/468/468
f 475/475/475 477/477/477 476/476/476
f 477/477/477 478/478/478 476/476/476
f 478/478/478 479/479/479 476/476/476
f 479/479/479 475/475/475 476/476/476
f 480/480/480 481/481/481 470/470/470
f 470/470/470 467/467/467 480/480/480
f 481/481/481 482/482/482 472/472/472
f 472/472/472 470/470/470 481/481/481
f 482/482/482 483/483/483 474/474/474
f 474/474/474 472/472/472 482/482/482
f 483/483/483 480/480/480 467/467/467
f 467/467/467 474/474/474 483/483/483
f 481/481/481 480/480/480 460/460/460
f 460/460/460 461/461/461 481/481/481
f 482/482/482 481/481/481 461/461/461
f 461/461/461 463/463/463 482/482/482
f 483/483/483 482/482/482 463/463/463
f 463/463/463 465/465/465 483/483/483
f 480/480/480 483/483/483 465/465/465
f 465/465/465 460/460/460 480/480/480
f 468/468/468 469/469/469 484/484/484
f 484/484/484 485/485/485 468/468/468
f 469/469/469 471/471/471 486/486/486
f 486/486/486 484/484/484 469/469/469
f 471/471/471 473/473/473 487/487/487
f 487/487/487 486/486/486 471/471/471
f 473/473/473 468/468/468 485/485/485
f 485/485/485 487/487/487 473/473/473
f 485/485/485 484/484/484 477/477/477
f 477/477/477 475/475/475 485/485/485
f 484/484/484 486/486/486 478/478/478
f 478/478/478 477/477/477 484/484/484
f 486/486/486 487/487/487 479/479/479
f 479/479/479 478/478/478 486/486/486
f 487/487/487 485/485/485 475/475/475
f 475/475/475 479/479/479 487/487/487
f 377/377/377 62/62/62 189/189/189
f 456/456/456 489/489/489 488/488/488
f 488/488/488 490/490/490 456/456/456
f 455/455/455 490/490/490 491/491/491
f 455/455/455 456/456/456 490/490/490
f 456/456/456 493/493/493 492/492/492
f 456/456/456 492/492/492 489/489/489
f 458/458/458 493/493/493 456/456/456
f 494/494/494 496/496/496 495/495/495
f 495/495/495 497/497/497 494/494/494
f 498/498/498 458/458/458 457/457/457
f 498/498/498 457/457/457 499/499/499
f 457/457/457 403/403/403 499/499/499
f 499/499/499 403/403/403 500/500/500
f 501/501/501 500/500/500 453/453/453
f 500/500/500 403/403/403 453/453/453
f 502/502/502 453/453/453 454/454/454
f 488/488/488 454/454/454 503/503/503
f 488/488/488 502/502/502 454/454/454
f 502/502/502 492/492/492 453/453/453
f 492/492/492 504/504/504 453/453/453
f 453/453/453 504/504/504 501/501/501
f 503/503/503 454/454/454 491/491/491
f 491/491/491 454/454/454 455/455/455
f 351/351/351 365/365/365 505/505/505
f 505/505/505 506/506/506 351/351/351
f 352/352/352 350/350/350 507/507/507
f 507/507/507 508/508/508 352/352/352
f 350/350/350 357/357/357 509/509/509
f 509/509/509 507/507/507 350/350/350
f 357/357/357 352/352/352 508/508/508
f 508/508/508 509/509/509 357/357/357
f 368/368/368 351/351/351 506/506/506
f 506/506/506 510/510/510 368/368/368
f 365/365/365 368/368/368 510/510/510
f 510/510/510 505/505/505 365/365/365
f 507/507/507 509/509/509 511/511/511
f 509/509/509 508/508/508 511/511/511
f 508/508/508 507/507/507 511/511/511
f 505/505/505 510/510/510 512/512/512
f 510/510/510 506/506/506 512/512/512
f 506/506/506 505/505/505 512/512/512
f 358/358/358 356/356/356 513/513/513
f 513/513/513 514/514/514 358/358/358
f 356/356/356 362/362/362 515/515/515
f 515/515/515 513/513/513 356/356/356
f 362/362/362 358/358/358 514/514/514
f 514/514/514 515/515/515 362/362/362
f 513/513/513 515/515/515 516/516/516
f 515/515/515 514/514/514 516/516/516
f 514/514/514 513/513/513 516/516/516
f 336/336/336 338/338/338 517/517/517
f 517/517/517 518/518/518 336/336/336
f 221/221/221 336/336/336 518/518/518
f 518/518/518 519/519/519 221/221/221
f 338/338/338 221/221/221 519/519/519
f 519/519/519 517/517/517 338/338/338
f 374/374/374 337/337/337 520/520/520
f 520/520/520 521/521/521 374/374/374
f 337/337/337 71/71/71 522/522/522
f 522/522/522 520/520/520 337/337/337
f 71/71/71 374/374/374 521/521/521
f 521/521/521 522/522/522 71/71/71
f 519/519/519 518/518/518 523/523/523
f 518/518/518 517/517/517 523/523/523
f 517/517/517 519/519/519 523/523/523
f 521/521/521 520/520/520 524/524/524
f 520/520/520 522/522/522 524/524/524
f 522/522/522 521/521/521 524/524/524
f 334/334/334 373/373/373 525/525/525
f 525/525/525 526/526/526 334/334/334
f 373/373/373 333/333/333 527/527/527
f 527/527/527 525/525/525 373/373/373
f 333/333/333 334/334/334 526/526/526
f 526/526/526 527/527/527 333/333/333
f 526/526/526 525/525/525 528/528/528
f 525/525/525 527/527/527 528/528/528
f 527/527/527 526/526/526 528/528/528
f 529/529/529 531/531/531 530/530/530
f 530/530/530 531/531/531 532/532/532
f 532/532/532 531/531/531 529/529/529
f 533/533/533 534/534/534 529/529/529
f 529/529/529 530/530/530 533/533/533
f 532/532/532 533/533/533 530/530/530
f 533/533/533 532/532/532 535/535/535
f 529/529/529 535/535/535 532/532/532
f 535/535/535 529/529/529 534/534/534
f 369/369/369 373/373/373 535/535/535
f 535/535/535 534/534/534 369/369/369
f 334/334/334 369/369/369 534/534/534
f 534/534/534 533/533/533 334/334/334
f 373/373/373 334/334/334 533/533/533
f 533/533/533 535/535/535 373/373/373
f 373/373/373 379/379/379 331/331/331
f 451/451/451 150/150/150 452/452/452
f 2/2/2 379/379/379 378/378/378
f 536/536/536 380/380/380 537/537/537
f 380/380/380 536/536/536 379/379/379
f 380/380/380 378/378/378 538/538/538
f 538/538/538 537/537/537 380/380/380
f 378/378/378 379/379/379 536/536/536
f 536/536/536 538/538/538 378/378/378
f 538/538/538 536/536/536 539/539/539
f 537/537/537 539/539/539 536/536/536
f 537/537/537 538/538/538 540/540/540
f 538/538/538 539/539/539 540/540/540
f 539/539/539 537/537/537 540/540/540
f 407/407/407 408/408/408 448/448/448
f 448/448/448 410/410/410 407/407/407
f 446/446/446 445/445/445 411/411/411
f 411/411/411 409/409/409 446/446/446
f 445/445/445 407/407/407 410/410/410
f 410/410/410 411/411/411 445/445/445
f 408/408/408 446/446/446 409/409/409
f 409/409/409 448/448/448 408/408/408
f 406/406/406 407/407/407 414/414/414
f 414/414/414 449/449/449 406/406/406
f 407/407/407 445/445/445 413/413/413
f 413/413/413 414/414/414 407/407/407
f 445/445/445 447/447/447 412/412/412
f 412/412/412 413/413/413 445/445/445
f 447/447/447 406/406/406 449/449/449
f 449/449/449 412/412/412 447/447/447
f 541/541/541 543/543/543 542/542/542
f 541/541/541 544/544/544 543/543/543
f 544/544/544 545/545/545 543/543/543
f 544/544/544 546/546/546 545/545/545
f 546/546/546 547/547/547 545/545/545
f 546/546/546 548/548/548 547/547/547
f 548/548/548 542/542/542 547/547/547
f 548/548/548 541/541/541 542/542/542
f 549/549/549 551/551/551 550/550/550
f 549/549/549 552/552/552 551/551/551
f 552/552/552 553/553/553 551/551/551
f 552/552/552 554/554/554 553/553/553
f 554/554/554 555/555/555 553/553/553
f 554/554/554 556/556/556 555/555/555
f 556/556/556 550/550/550 555/555/555
f 556/556/556 549/549/549 550/550/550
f 557/557/557 559/559/559 558/558/558
f 559/559/559 560/560/560 558/558/558
f 560/560/560 561/561/561 558/558/558
f 561/561/561 557/557/557 558/558/558
f 562/562/562 563/563/563 552/552/552
f 552/552/552 549/549/549 562/562/562
f 563/563/563 564/564/564 554/554/554
f 554/554/554 552/552/552 563/563/563
f 564/564/564 565/565/565 556/556/556
f 556/556/556 554/554/554 564/564/564
f 565/565/565 562/562/562 549/549/549
f 549/549/549 556/556/556 565/565/565
f 563/563/563 562/562/562 542/542/542
f 542/542/542 543/543/543 563/563/563
f 564/564/564 563/563/563 543/543/543
f 543/543/543 545/545/545 564/564/564
f 565/565/565 564/564/564 545/545/545
f 545/545/545 547/547/547 565/565/565
f 562/562/562 565/565/565 547/547/547
f 547/547/547 542/542/542 562/562/562
f 550/550/550 551/551/551 566/566/566
f 566/566/566 567/567/567 550/550/550
f 551/551/551 553/553/553 568/568/568
f 568/568/568 566/566/566 551/551/551
f 553/553/553 555/555/555 569/569/569
f 569/569/569 568/568/568 553/553/553
f 555/555/555 550/550/550 567/567/567
f 567/567/567 569/569/569 555/555/555
f 567/567/567 566/566/566 559/559/559
f 559/559/559 557/557/557 567/567/567
f 566/566/566 568/568/568 560/560/560
f 560/560/560 559/559/559 566/566/566
f 568/568/568 569/569/569 561/561/561
f 561/561/561 560/560/560 568/568/568
f 569/569/569 567/567/567 557/557/557
f 557/557/557 561/561/561 569/569/569
f 570/570/570 572/572/572 571/571/571
f 570/570/570 573/573/573 572/572/572
f 573/573/573 574/574/574 572/572/572
f 573/573/573 575/575/575 574/574/574
f 575/575/575 576/576/576 574/574/574
f 575/575/575 577/577/577 576/576/576
f 577/577/577 571/571/571 576/576/576
f 577/577/577 570/570/570 571/571/571
f 578/578/578 580/580/580 579/579/579
f 578/578/578 581/581/581 580/580/580
f 581/581/581 582/582/582 580/580/580
f 581/581/581 583/583/583 582/582/582
f 583/583/583 584/584/584 582/582/582
f 583/583/583 585/585/585 584/584/584
f 585/585/585 579/579/579 584/584/584
f 585/585/585 578/578/578 579/579/579
f 586/586/586 588/588/588 587/587/587
f 588/588/588 589/589/589 587/587/587
f 589/589/589 590/590/590 587/587/587
f 590/590/590 586/586/586 587/587/587
f 591/591/591 592/592/592 581/581/581
f 581/581/581 578/578/578 591/591/591
f 592/592/592 593/593/593 583/583/583
f 583/583/583 581/581/581 592/592/592
f 593/593/593 594/594/594 585/585/585
f 585/585/585 583/583/583 593/593/593
f 594/594/594 591/591/591 578/578/578
f 578/578/578 585/585/585 594/594/594
f 592/592/592 591/591/591 571/571/571
f 571/571/571 572/572/572 592/592/592
f 593/593/593 592/592/592 572/572/572
f 572/572/572 574/574/574 593/593/593
f 594/594/594 593/593/593 574/574/574
f 574/574/574 576/576/576 594/594/594
f 591/591/591 594/594/594 576/576/576
f 576/576/576 571/571/571 591/591/591
f 579/579/579 580/580/580 595/595/595
f 595/595/595 596/596/596 579/579/579
f 580/580/580 582/582/582 597/597/597
f 597/597/597 595/595/595 580/580/580
f 582/582/582 584/584/584 598/598/598
f 598/598/598 597/597/597 582/582/582
f 584/584/584 579/579/579 596/596/596
f 596/596/596 598/598/598 584/584/584
f 596/596/596 595/595/595 588/588/588
f 588/588/588 586/586/586 596/596/596
f 595/595/595 597/597/597 589/589/589
f 589/589/589 588/588/588 595/595/595
f 597/597/597 598/598/598 590/590/590
f 590/590/590 589/589/589 597/597/597
f 598/598/598 596/596/596 586/586/586
f 586/586/586 590/590/590 598/598/598
f 599/599/599 601/601/601 600/600/600
f 599/599/599 602/602/602 601/601/601
f 602/602/602 603/603/603 601/601/601
f 602/602/602 604/604/604 603/603/603
f 604/604/604 605/605/605 603/603/603
f 604/604/604 606/606/606 605/605/605
f 606/606/606 600/600/600 605/605/605
f 606/606/606 599/599/599 600/600/600
f 607/607/607 609/609/609 608/608/608
f 607/607/607 610/610/610 609/609/609
f 610/610/610 611/611/611 609/609/609
f 610/610/610 612/612/612 611/611/611
f 612/612/612 613/613/613 611/611/611
f 612/612/612 614/614/614 613/613/613
f 614/614/614 608/608/608 613/613/613
f 614/614/614 607/607/607 608/608/608
f 615/615/615 617/617/617 616/616/616
f 617/617/617 618/618/618 616/616/616
f 618/618/618 619/619/619 616/616/616
f 619/619/619 615/615/615 616/616/616
f 620/620/620 621/621/621 610/610/610
f 610/610/610 607/607/607 620/620/620
f 621/621/621 622/622/622 612/612/612
f 612/612/612 610/610/610 621/621/621
f 622/622/622 623/623/623 614/614/614
f 614/614/614 612/612/612 622/622/622
f 623/623/623 620/620/620 607/607/607
f 607/607/607 614/614/614 623/623/623
f 621/621/621 620/620/620 600/600/600
f 600/600/600 601/601/601 621/621/621
f 622/622/622 621/621/621 601/601/601
f 601/601/601 603/603/603 622/622/622
f 623/623/623 622/622/622 603/603/603
f 603/603/603 605/605/605 623/623/623
f 620/620/620 623/623/623 605/605/605
f 605/605/605 600/600/600 620/620/620
f 608/608/608 609/609/609 624/624/624
f 624/624/624 625/625/625 608/608/608
f 609/609/609 611/611/611 626/626/626
f 626/626/626 624/624/624 609/609/609
f 611/611/611 613/613/613 627/627/627
f 627/627/627 626/626/626 611/611/611
f 613/613/613 608/608/608 625/625/625
f 625/625/625 627/627/627 613/613/613
f 625/625/625 624/624/624 617/617/617
f 617/617/617 615/615/615 625/625/625
f 624/624/624 626/626/626 618/618/618
f 618/618/618 617/617/617 624/624/624
f 626/626/626 627/627/627 619/619/619
f 619/619/619 618/618/618 626/626/626
f 627/627/627 625/625/625 615/615/615
f 615/615/615 619/619/619 627/627/627
f 628/628/628 630/630/630 629/629/629
f 628/628/628 629/629/629 631/631/631
f 631/631/631 629/629/629 632/632/632
f 631/631/631 632/632/632 633/633/633
f 633/633/633 632/632/632 634/634/634
f 633/633/633 634/634/634 635/635/635
f 635/635/635 634/634/634 630/630/630
f 635/635/635 630/630/630 628/628/628
f 630/630/630 637/637/637 636/636/636
f 630/630/630 636/636/636 629/629/629
f 629/629/629 636/636/636 638/638/638
f 629/629/629 638/638/638 632/632/632
f 632/632/632 638/638/638 639/639/639
f 632/632/632 639/639/639 634/634/634
f 634/634/634 639/639/639 637/637/637
f 634/634/634 637/637/637 630/630/630
f 637/637/637 641/641/641 640/640/640
f 637/637/637 640/640/640 636/636/636
f 636/636/636 640/640/640 642/642/642
f 636/636/636 642/642/642 638/638/638
f 638/638/638 642/642/642 643/643/643
f 638/638/638 643/643/643 639/639/639
f 639/639/639 643/643/643 641/641/641
f 639/639/639 641/641/641 637/637/637
f 641/641/641 628/628/628 631/631/631
f 641/641/641 631/631/631 640/640/640
f 640/640/640 631/631/631 633/633/633
f 640/640/640 633/633/633 642/642/642
f 642/642/642 633/633/633 635/635/635
f 642/642/642 635/635/635 643/643/643
f 643/643/643 635/635/635 628/628/628
f 643/643/643 628/628/628 641/641/641
f 644/644/644 646/646/646 645/645/645
f 644/644/644 645/645/645 647/647/647
f 647/647/647 645/645/645 648/648/648
f 647/647/647 648/648/648 649/649/649
f 649/649/649 648/648/648 650/650/650
f 649/649/649 650/650/650 651/651/651
f 651/651/651 650/650/650 646/646/646
f 651/651/651 646/646/646 644/644/644
f 646/646/646 653/653/653 652/652/652
f 646/646/646 652/652/652 645/645/645
f 645/645/645 652/652/652 654/654/654
f 645/645/645 654/654/654 648/648/648
f 648/648/648 654/654/654 655/655/655
f 648/648/648 655/655/655 650/650/650
f 650/650/650 655/655/655 653/653/653
f 650/650/650 653/653/653 646/646/646
f 653/653/653 657/657/657 656/656/656
f 653/653/653 656/656/656 652/652/652
f 652/652/652 656/656/656 658/658/658
f 652/652/652 658/658/658 654/654/654
f 654/654/654 658/658/658 659/659/659
f 654/654/654 659/659/659 655/655/655
f 655/655/655 659/659/659 657/657/657
f 655/655/655 657/657/657 653/653/653
f 657/657/657 644/644/644 647/647/647
f 657/657/657 647/647/647 656/656/656
f 656/656/656 647/647/647 649/649/649
f 656/656/656 649/649/649 658/658/658
f 658/658/658 649/649/649 651/651/651
f 658/658/658 651/651/651 659/659/659
f 659/659/659 651/651/651 644/644/644
f 659/659/659 644/644/644 657/657/657
f 660/660/660 662/662/662 661/661/661
f 660/660/660 661/661/661 663/663/663
f 663/663/663 661/661/661 664/664/664
f 663/663/663 664/664/664 665/665/665
f 665/665/665 664/664/664 666/666/666
f 665/665/665 666/666/666 667/667/667
f 667/667/667 666/666/666 662/662/662
f 667/667/667 662/662/662 660/660/660
f 662/662/662 669/669/669 668/668/668
f 662/662/662 668/668/668 661/661/661
f 661/661/661 668/668/668 670/670/670
f 661/661/661 670/670/670 664/664/664
f 664/664/664 670/670/670 671/671/671
f 664/664/664 671/671/671 666/666/666
f 666/666/666 671/671/671 669/669/669
f 666/666/666 669/669/669 662/662/662
f 669/669/669 673/673/673 672/672/672
f 669/669/669 672/672/672 668/668/668
f 668/668/668 672/672/672 674/674/674
f 668/668/668 674/674/674 670/670/670
f 670/670/670 674/674/674 675/675/675
f 670/670/670 675/675/675 671/671/671
f 671/671/671 675/675/675 673/673/673
f 671/671/671 673/673/673 669/669/669
f 673/673/673 660/660/660 663/663/663
f 673/673/673 663/663/663 672/672/672
f 672/672/672 663/663/663 665/665/665
f 672/672/672 665/665/665 674/674/674
f 674/674/674 665/665/665 667/667/667
f 674/674/674 667/667/667 675/675/675
f 675/675/675 667/667/667 660/660/660
f 675/675/675 660/660/660 673/673/673
f 676/676/676 678/678/678 677/677/677
f 676/676/676 677/677/677 679/679/679
f 679/679/679 677/677/677 680/680/680
f 679/679/679 680/680/680 681/681/681
f 681/681/681 680/680/680 682/682/682
f 681/681/681 682/682/682 683/683/683
f 683/683/683 682/682/682 678/678/678
f 683/683/683 678/678/678 676/676/676
f 678/678/678 685/685/685 684/684/684
f 678/678/678 684/684/684 677/677/677
f 677/677/677 684/684/684 686/686/686
f 677/677/677 686/686/686 680/680/680
f 680/680/680 686/686/686 687/687/687
f 680/680/680 687/687/687 682/682/682
f 682/682/682 687/687/687 685/685/685
f 682/682/682 685/685/685 678/678/678
f 685/685/685 689/689/689 688/688/688
f 685/685/685 688/688/688 684/684/684
f 684/684/684 688/688/688 690/690/690
f 684/684/684 690/690/690 686/686/686
f 686/686/686 690/690/690 691/691/691
f 686/686/686 691/691/691 687/687/687
f 687/687/687 691/691/691 689/689/689
f 687/687/687 689/689/689 685/685/685
f 689/689/689 676/676/676 679/679/679
f 689/689/689 679/679/679 688/688/688
f 688/688/688 679/679/679 681/681/681
f 688/688/688 681/681/681 690/690/690
f 690/690/690 681/681/681 683/683/683
f 690/690/690 683/683/683 691/691/691
f 691/691/691 683/683/683 676/676/676
f 691/691/691 676/676/676 689/689/689
f 692/692/692 694/694/694 693/693/693
f 692/692/692 693/693/693 695/695/695
f 695/695/695 693/693/693 696/696/696
f 695/695/695 696/696/696 697/697/697
f 697/697/697 696/696/696 698/698/698
f 697/697/697 698/698/698 699/699/699
f 699/699/699 698/698/698 694/694/694
f 699/699/699 694/694/694 692/692/692
f 694/694/694 701/701/701 700/700/700
f 694/694/694 700/700/700 693/693/693
f 693/693/693 700/700/700 702/702/702
f 693/693/693 702/702/702 696/696/696
f 696/696/696 702/702/702 703/703/703
f 696/696/696 703/703/703 698/698/698
f 698/698/698 703/703/703 701/701/701
f 698/698/698 701/701/701 694/694/694
f 701/701/701 705/705/705 704/704/704
f 701/701/701 704/704/704 700/700/700
f 700/700/700 704/704/704 706/706/706
f 700/700/700 706/706/706 702/702/702
f 702/702/702 706/706/706 707/707/707
f 702/702/702 707/707/707 703/703/703
f 703/703/703 707/707/707 705/705/705
f 703/703/703 705/705/705 701/701/701
f 705/705/705 692/692/692 695/695/695
f 705/705/705 695/695/695 704/704/704
f 704/704/704 695/695/695 697/697/697
f 704/704/704 697/697/697 706/706/706
f 706/706/706 697/697/697 699/699/699
f 706/706/706 699/699/699 707/707/707
f 707/707/707 699/699/699 692/692/692
f 707/707/707 692/692/692 705/705/705
f 708/708/708 710/710/710 709/709/709
f 708/708/708 709/709/709 711/711/711
f 711/711/711 709/709/709 712/712/712
f 711/711/711 712/712/712 713/713/713
f 713/713/713 712/712/712 714/714/714
f 713/713/713 714/714/714 715/715/715
f 715/715/715 714/714/714 710/710/710
f 715/715/715 710/710/710 708/708/708
f 710/710/710 717/717/717 716/716/716
f 710/710/710 716/716/716 709/709/709
f 709/709/709 716/716/716 718/718/718
f 709/709/709 718/718/718 712/712/712
f 712/712/712 718/718/718 719/719/719
f 712/712/712 719/719/719 714/714/714
f 714/714/714 719/719/719 717/717/717
f 714/714/714 717/717/717 710/710/710
f 717/717/717 721/721/721 720/720/720
f 717/717/717 720/720/720 716/716/716
f 716/716/716 720/720/720 722/722/722
f 716/716/716 722/722/722 718/718/718
f 718/718/718 722/722/722 723/723/723
f 718/718/718 723/723/723 719/719/719
f 719/719/719 723/723/723 721/721/721
f 719/719/719 721/721/721 717/717/717
f 721/721/721 708/708/708 711/711/711
f 721/721/721 711/711/711 720/720/720
f 720/720/720 711/711/711 713/713/713
f 720/720/720 713/713/713 722/722/722
f 722/722/722 713/713/713 715/715/715
f 722/722/722 715/715/715 723/723/723
f 723/723/723 715/715/715 708/708/708
f 723/723/723 708/708/708 721/721/721
f 724/724/724 726/726/726 725/725/725
f 724/724/724 725/725/725 727/727/727
f 727/727/727 725/725/725 728/728/728
f 727/727/727 728/728/728 729/729/729
f 729/729/729 728/728/728 730/730/730
f 729/729/729 730/730/730 731/731/731
f 731/731/731 730/730/730 726/726/726
f 731/731/731 726/726/726 724/724/724
f 726/726/726 733/733/733 732/732/732
f 726/726/726 732/732/732 725/725/725
f 725/725/725 732/732/732 734/734/734
f 725/725/725 734/734/734 728/728/728
f 728/728/728 734/734/734 735/735/735
f 728/728/728 735/735/735 730/730/730
f 730/730/730 735/735/735 733/733/733
f 730/730/730 733/733/733 726/726/726
f 733/733/733 737/737/737 736/736/736
f 733/733/733 736/736/736 732/732/732
f 732/732/732 736/736/736 738/738/738
f 732/732/732 738/738/738 734/734/734
f 734/734/734 738/738/738 739/739/739
f 734/734/734 739/739/739 735/735/735
f 735/735/735 739/739/739 737/737/737
f 735/735/735 737/737/737 733/733/733
f 737/737/737 724/724/724 727/727/727
f 737/737/737 727/727/727 736/736/736
f 736/736/736 727/727/727 729/729/729
f 736/736/736 729/729/729 738/738/738
f 738/738/738 729/729/729 731/731/731
f 738/738/738 731/731/731 739/739/739
f 739/739/739 731/731/731 724/724/724
f 739/739/739 724/724/724 737/737/737
f 740/740/740 742/742/742 741/741/741
f 740/740/740 741/741/741 743/743/743
f 743/743/743 741/741/741 744/744/744
f 743/743/743 744/744/744 745/745/745
f 745/745/745 744/744/744 746/746/746
f 745/745/745 746/746/746 747/747/747
f 747/747/747 746/746/746 742/742/742
f 747/747/747 742/742/742 740/740/740
f 742/742/742 749/749/749 748/748/748
f 742/742/742 748/748/748 741/741/741
f 741/741/741 748/748/748 750/750/750
f 741/741/741 750/750/750 744/744/744
f 744/744/744 750/750/750 751/751/751
f 744/744/744 751/751/751 746/746/746
f 746/746/746 751/751/751 749/749/749
f 746/746/746 749/749/749 742/742/742
f 749/749/749 753/753/753 752/752/752
f 749/749/749 752/752/752 748/748/748
f 748/748/748 752/752/752 754/754/754
f 748/748/748 754/754/754 750/750/750
f 750/750/750 754/754/754 755/755/755
f 750/750/750 755/755/755 751/751/751
f 751/751/751 755/755/755 753/753/753
f 751/751/751 753/753/753 749/749/749
f 753/753/753 740/740/740 743/743/743
f 753/753/753 743/743/743 752/752/752
f 752/752/752 743/743/743 745/745/745
f 752/752/752 745/745/745 754/754/754
f 754/754/754 745/745/745 747/747/747
f 754/754/754 747/747/747 755/755/755
f 755/755/755 747/747/747 740/740/740
f 755/755/755 740/740/740 753/753/753
f 756/756/756 758/758/758 757/757/757
f 756/756/756 757/757/757 759/759/759
f 759/759/759 757/757/757 760/760/760
f 759/759/759 760/760/760 761/761/761
f 761/761/761 760/760/760 762/762/762
f 761/761/761 762/762/762 763/763/763
f 763/763/763 762/762/762 758/758/758
f 763/763/763 758/758/758 756/756/756
f 758/758/758 765/765/765 764/764/764
f 758/758/758 764/764/764 757/757/757
f 757/757/757 764/764/764 766/766/766
f 757/757/757 766/766/766 760/760/760
f 760/760/760 766/766/766 767/767/767
f 760/760/760 767/767/767 762/762/762
f 762/762/762 767/767/767 765/765/765
f 762/762/762 765/765/765 758/758/758
f 765/765/765 769/769/769 768/768/768
f 765/765/765 768/768/768 764/764/764
f 764/764/764 768/768/768 770/770/770
f 764/764/764 770/770/770 766/766/766
f 766/766/766 770/770/770 771/771/771
f 766/766/766 771/771/771 767/767/767
f 767/767/767 771/771/771 769/769/769
f 767/767/767 769/769/769 765/765/765
f 769/769/769 756/756/756 759/759/759
f 769/769/769 759/759/759 768/768/768
f 768/768/768 759/759/759 761/761/761
f 768/768/768 761/761/761 770/770/770
f 770/770/770 761/761/761 763/763/763
f 770/770/770 763/763/763 771/771/771
f 771/771/771 763/763/763 756/756/756
f 771/771/771 756/756/756 769/769/769
f 772/772/772 774/774/774 773/773/773
f 772/772/772 773/773/773 775/775/775
f 775/775/775 773/773/773 776/776/776
f 775/775/775 776/776/776 777/777/777
f 777/777/777 776/776/776 778/778/778
f 777/777/777 778/778/778 779/779/779
f 779/779/779 778/778/778 774/774/774
f 779/779/779 774/774/774 772/772/772
f 774/774/774 781/781/781 780/780/780
f 774/774/774 780/780/780 773/773/773
f 773/773/773 780/780/780 782/782/782
f 773/773/773 782/782/782 776/776/776
f 776/776/776 782/782/782 783/783/783
f 776/776/776 783/783/783 778/778/778
f 778/778/778 783/783/783 781/781/781
f 778/778/778 781/781/781 774/774/774
f 781/781/781 785/785/785 784/784/784
f 781/781/781 784/784/784 780/780/780
f 780/780/780 784/784/784 786/786/786
f 780/780/780 786/786/786 782/782/782
f 782/782/782 786/786/786 787/787/787
f 782/782/782 787/787/787 783/783/783
f 783/783/783 787/787/787 785/785/785
f 783/783/783 785/785/785 781/781/781
f 785/785/785 772/772/772 775/775/775
f 785/785/785 775/775/775 784/784/784
f 784/784/784 775/775/775 777/777/777
f 784/784/784 777/777/777 786/786/786
f 786/786/786 777/777/777 779/779/779
f 786/786/786 779/779/779 787/787/787
f 787/787/787 779/779/779 772/772/772
f 787/787/787 772/772/772 785/785/785
f 788/788/788 790/790/790 789/789/789
f 788/788/788 789/789/789 791/791/791
f 791/791/791 789/789/789 792/792/792
f 791/791/791 792/792/792 793/793/793
f 793/793/793 792/792/792 794/794/794
f 793/793/793 794/794/794 795/795/795
f 795/795/795 794/794/794 790/790/790
f 795/795/795 790/790/790 788/788/788
f 790/790/790 797/797/797 796/796/796
f 790/790/790 796/796/796 789/789/789
f 789/789/789 796/796/796 798/798/798
f 789/789/789 798/798/798 792/792/792
f 792/792/792 798/798/798 799/799/799
f 792/792/792 799/799/799 794/794/794
f 794/794/794 799/799/799 797/797/797
f 794/794/794 797/797/797 790/790/790
f 797/797/797 801/801/801 800/800/800
f 797/797/797 800/800/800 796/796/796
f 796/796/796 800/800/800 802/802/802
f 796/796/796 802/802/802 798/798/798
f 798/798/798 802/802/802 803/803/803
f 798/798/798 803/803/803 799/799/799
f 799/799/799 803/803/803 801/801/801
f 799/799/799 801/801/801 797/797/797
f 801/801/801 788/788/788 791/791/791
f 801/801/801 791/791/791 800/800/800
f 800/800/800 791/791/791 793/793/793
f 800/800/800 793/793/793 802/802/802
f 802/802/802 793/793/793 795/795/795
f 802/802/802 795/795/795 803/803/803
f 803/803/803 795/795/795 788/788/788
f 803/803/803 788/788/788 801/801/801
f 804/804/804 806/806/806 805/805/805
f 804/804/804 805/805/805 807/807/807
f 807/807/807 805/805/805 808/808/808
f 807/807/807 808/808/808 809/809/809
f 809/809/809 808/808/808 810/810/810
f 809/809/809 810/810/810 811/811/811
f 811/811/811 810/810/810 806/806/806
f 811/811/811 806/806/806 804/804/804
f 806/806/806 813/813/813 812/812/812
f 806/806/806 812/812/812 805/805/805
f 805/805/805 812/812/812 814/814/814
f 805/805/805 814/814/814 808/808/808
f 808/808/808 814/814/814 815/815/815
f 808/808/808 815/815/815 810/810/810
f 810/810/810 815/815/815 813/813/813
f 810/810/810 813/813/813 806/806/806
f 813/813/813 817/817/817 816/816/816
f 813/813/813 816/816/816 812/812/812
f 812/812/812 816/816/816 818/818/818
f 812/812/812 818/818/818 814/814/814
f 814/814/814 818/818/818 819/819/819
f 814/814/814 819/819/819 815/815/815
f 815/815/815 819/819/819 817/817/817
f 815/815/815 817/817/817 813/813/813
f 817/817/817 804/804/804 807/807/807
f 817/817/817 807/807/807 816/816/816
f 816/816/816 807/807/807 809/809/809
f 816/816/816 809/809/809 818/818/818
f 818/818/818 809/809/809 811/811/811
f 818/818/818 811/811/811 819/819/819
f 819/819/819 811/811/811 804/804/804
f 819/819/819 804/804/804 817/817/817
f 820/820/820 822/822/822 821/821/821
f 820/820/820 821/821/821 823/823/823
f 823/823/823 821/821/821 824/824/824
f 823/823/823 824/824/824 825/825/825
f 825/825/825 824/824/824 826/826/826
f 825/825/825 826/826/826 827/827/827
f 827/827/827 826/826/826 822/822/822
f 827/827/827 822/822/822 820/820/820
f 822/822/822 829/829/829 828/828/828
f 822/822/822 828/828/828 821/821/821
f 821/821/821 828/828/828 830/830/830
f 821/821/821 830/830/830 824/824/824
f 824/824/824 830/830/830 831/831/831
f 824/824/824 831/831/831 826/826/826
f 826/826/826 831/831/831 829/829/829
f 826/826/826 829/829/829 822/822/822
f 829/829/829 833/833/833 832/832/832
f 829/829/829 832/832/832 828/828/828
f 828/828/828 832/832/832 834/834/834
f 828/828/828 834/834/834 830/830/830
f 830/830/830 834/834/834 835/835/835
f 830/830/830 835/835/835 831/831/831
f 831/831/831 835/835/835 833/833/833
f 831/831/831 833/833/833 829/829/829
f 833/833/833 820/820/820 823/823/823
f 833/833/833 823/823/823 832/832/832
f 832/832/832 823/823/823 825/825/825
f 832/832/832 825/825/825 834/834/834
f 834/834/834 825/825/825 827/827/827
f 834/834/834 827/827/827 835/835/835
f 835/835/835 827/827/827 820/820/820
f 835/835/835 820/820/820 833/833/833
f 836/836/836 838/838/838 837/837/837
f 836/836/836 837/837/837 839/839/839
f 839/839/839 837/837/837 840/840/840
f 839/839/839 840/840/840 841/841/841
f 841/841/841 840/840/840 842/842/842
f 841/841/841 842/842/842 843/843/843
f 843/843/843 842/842/842 838/838/838
f 843/843/843 838/838/838 836/836/836
f 838/838/838 845/845/845 844/844/844
f 838/838/838 844/844/844 837/837/837
f 837/837/837 844/844/844 846/846/846
f 837/837/837 846/846/846 840/840/840
f 840/840/840 846/846/846 847/847/847
f 840/840/840 847/847/847 842/842/842
f 842/842/842 847/847/847 845/845/845
f 842/842/842 845/845/845 838/838/838
f 845/845/845 849/849/849 848/848/848
f 845/845/845 848/848/848 844/844/844
f 844/844/844 848/848/848 850/850/850
f 844/844/844 850/850/850 846/846/846
f 846/846/846 850/850/850 851/851/851
f 846/846/846 851/851/851 847/847/847
f 847/847/847 851/851/851 849/849/849
f 847/847/847 849/849/849 845/845/845
f 849/849/849 836/836/836 839/839/839
f 849/849/849 839/839/839 848/848/848
f 848/848/848 839/839/839 841/841/841
f 848/848/848 841/841/841 850/850/850
f 850/850/850 841/841/841 843/843/843
f 850/850/850 843/843/843 851/851/851
f 851/851/851 843/843/843 836/836/836
f 851/851/851 836/836/836 849/849/849
f 852/852/852 854/854/854 853/853/853
f 852/852/852 853/853/853 855/855/855
f 855/855/855 853/853/853 856/856/856
f 855/855/855 856/856/856 857/857/857
f 857/857/857 856/856/856 858/858/858
f 857/857/857 858/858/858 859/859/859
f 859/859/859 858/858/858 854/854/854
f 859/859/859 854/854/854 852/852/852
f 854/854/854 861/861/861 860/860/860
f 854/854/854 860/860/860 853/853/853
f 853/853/853 860/860/860 862/862/862
f 853/853/853 862/862/862 856/856/856
f 856/856/856 862/862/862 863/863/863
f 856/856/856 863/863/863 858/858/858
f 858/858/858 863/863/863 861/861/861
f 858/858/858 861/861/861 854/854/854
f 861/861/861 865/865/865 864/864/864
f 861/861/861 864/864/864 860/860/860
f 860/860/860 864/864/864 866/866/866
f 860/860/860 866/866/866 862/862/862
f 862/862/862 866/866/866 867/867/867
f 862/862/862 867/867/867 863/863/863
f 863/863/863 867/867/867 865/865/865
f 863/863/863 865/865/865 861/861/861
f 865/865/865 852/852/852 855/855/855
f 865/865/865 855/855/855 864/864/864
f 864/864/864 855/855/855 857/857/857
f 864/864/864 857/857/857 866/866/866
f 866/866/866 857/857/857 859/859/859
f 866/866/866 859/859/859 867/867/867
f 867/867/867 859/859/859 852/852/852
f 867/867/867 852/852/852 865/865/865
f 868/868/868 870/870/870 869/869/869
f 868/868/868 871/871/871 870/870/870
f 871/871/871 872/872/872 870/870/870
f 871/871/871 873/873/873 872/872/872
f 873/873/873 874/874/874 872/872/872
f 873/873/873 875/875/875 874/874/874
f 875/875/875 869/869/869 874/874/874
f 875/875/875 868/868/868 869/869/869
f 869/869/869 877/877/877 876/876/876
f 869/869/869 870/870/870 877/877/877
f 870/870/870 878/878/878 877/877/877
f 870/870/870 872/872/872 878/878/878
f 872/872/872 879/879/879 878/878/878
f 872/872/872 874/874/874 879/879/879
f 874/874/874 876/876/876 879/879/879
f 874/874/874 869/869/869 876/876/876
f 876/876/876 881/881/881 880/880/880
f 876/876/876 877/877/877 881/881/881
f 877/877/877 882/882/882 881/881/881
f 877/877/877 878/878/878 882/882/882
f 878/878/878 883/883/883 882/882/882
f 878/878/878 879/879/879 883/883/883
f 879/879/879 880/880/880 883/883/883
f 879/879/879 876/876/876 880/880/880
f 880/880/880 871/871/871 868/868/868
f 880/880/880 881/881/881 871/871/871
f 881/881/881 873/873/873 871/871/871
f 881/881/881 882/882/882 873/873/873
f 882/882/882 875/875/875 873/873/873
f 882/882/882 883/883/883 875/875/875
f 883/883/883 868/868/868 875/875/875
f 883/883/883 880/880/880 868/868/868
f 884/884/884 886/886/886 885/885/885
f 884/884/884 887/887/887 886/886/886
f 887/887/887 888/888/888 886/886/886
f 887/887/887 889/889/889 888/888/888
f 889/889/889 890/890/890 888/888/888
f 889/889/889 891/891/891 890/890/890
f 891/891/891 885/885/885 890/890/890
f 891/891/891 884/884/884 885/885/885
f 885/885/885 893/893/893 892/892/892
f 885/885/885 886/886/886 893/893/893
f 886/886/886 894/894/894 893/893/893
f 886/886/886 888/888/888 894/894/894
f 888/888/888 895/895/895 894/894/894
f 888/888/888 890/890/890 895/895/895
f 890/890/890 892/892/892 895/895/895
f 890/890/890 885/885/885 892/892/892
f 892/892/892 897/897/897 896/896/896
f 892/892/892 893/893/893 897/897/897
f 893/893/893 898/898/898 897/897/897
f 893/893/893 894/894/894 898/898/898
f 894/894/894 899/899/899 898/898/898
f 894/894/894 895/895/895 899/899/899
f 895/895/895 896/896/896 899/899/899
f 895/895/895 892/892/892 896/896/896
f 896/896/896 887/887/887 884/884/884
f 896/896/896 897/897/897 887/887/887
f 897/897/897 889/889/889 887/887/887
f 897/897/897 898/898/898 889/889/889
f 898/898/898 891/891/891 889/889/889
f 898/898/898 899/899/899 891/891/891
f 899/899/899 884/884/884 891/891/891
f 899/899/899 896/896/896 884/884/884
f 900/900/900 902/902/902 901/901/901
f 900/900/900 903/903/903 902/902/902
f 903/903/903 904/904/904 902/902/902
f 903/903/903 905/905/905 904/904/904
f 905/905/905 906/906/906 904/904/904
f 905/905/905 907/907/907 906/906/906
f 907/907/907 901/901/901 906/906/906
f 907/907/907 900/900/900 901/901/901
f 901/901/901 909/909/909 908/908/908
f 901/901/901 902/902/902 909/909/909
f 902/902/902 910/910/910 909/909/909
f 902/902/902 904/904/904 910/910/910
f 904/904/904 911/911/911 910/910/910
f 904/904/904 906/906/906 911/911/911
f 906/906/906 908/908/908 911/911/911
f 906/906/906 901/901/901 908/908/908
f 908/908/908 913/913/913 912/912/912
f 908/908/908 909/909/909 913/913/913
f 909/909/909 914/914/914 913/913/913
f 909/909/909 910/910/910 914/914/914
f 910/910/910 915/915/915 914/914/914
f 910/910/910 911/911/911 915/915/915
f 911/911/911 912/912/912 915/915/915
f 911/911/911 908/908/908 912/912/912
f 912/912/912 903/903/903 900/900/900
f 912/912/912 913/913/913 903/903/903
f 913/913/913 905/905/905 903/903/903
f 913/913/913 914/914/914 905/905/905
f 914/914/914 907/907/907 905/905/905
f 914/914/914 915/915/915 907/907/907
f 915/915/915 900/900/900 907/907/907
f 915/915/915 912/912/912 900/900/900
f 916/916/916 918/918/918 917/917/917
f 916/916/916 919/919/919 918/918/918
f 919/919/919 920/920/920 918/918/918
f 919/919/919 921/921/921 920/920/920
f 921/921/921 922/922/922 920/920/920
f 921/921/921 923/923/923 922/922/922
f 923/923/923 917/917/917 922/922/922
f 923/923/923 916/916/916 917/917/917
f 917/917/917 925/925/925 924/924/924
f 917/917/917 918/918/918 925/925/925
f 918/918/918 926/926/926 925/925/925
f 918/918/918 920/920/920 926/926/926
f 920/920/920 927/927/927 926/926/926
f 920/920/920 922/922/922 927/927/927
f 922/922/922 924/924/924 927/927/927
f 922/922/922 917/917/917 924/924/924
f 924/924/924 929/929/929 928/928/928
f 924/924/924 925/925/925 929/929/929
f 925/925/925 930/930/930 929/929/929
f 925/925/925 926/926/926 930/930/930
f 926/926/926 931/931/931 930/930/930
f 926/926/926 927/927/927 931/931/931
f 927/927/927 928/928/928 931/931/931
f 927/927/927 924/924/924 928/928/928
f 928/928/928 919/919/919 916/916/916
f 928/928/928 929/929/929 919/919/919
f 929/929/929 921/921/921 919/919/919
f 929/929/929 930/930/930 921/921/921
f 930/930/930 923/923/923 921/921/921
f 930/930/930 931/931/931 923/923/923
f 931/931/931 916/916/916 923/923/923
f 931/931/931 928/928/928 916/916/916
f 932/932/932 934/934/934 933/933/933
f 932/932/932 933/933/933 935/935/935
f 936/936/936 938/938/938 937/937/937
f 936/936/936 937/937/937 939/939/939
f 940/940/940 942/942/942 941/941/941
f 940/940/940 941/941/941 943/943/943
f 934/934/934 945/945/945 944/944/944
f 934/934/934 944/944/944 933/933/933
f 938/938/938 947/947/947 946/946/946
f 938/938/938 946/946/946 937/937/937
f 948/948/948 950/950/950 949/949/949
f 948/948/948 949/949/949 951/951/951
f 942/942/942 953/953/953 952/952/952
f 942/942/942 952/952/952 941/941/941
f 945/945/945 955/955/955 954/954/954
f 945/945/945 954/954/954 944/944/944
f 947/947/947 957/957/957 956/956/956
f 947/947/947 956/956/956 946/946/946
f 950/950/950 959/959/959 958/958/958
f 950/950/950 958/958/958 949/949/949
f 953/953/953 961/961/961 960/960/960
f 953/953/953 960/960/960 952/952/952
f 955/955/955 963/963/963 962/962/962
f 955/955/955 962/962/962 954/954/954
f 957/957/957 965/965/965 964/964/964
f 957/957/957 964/964/964 956/956/956
f 959/959/959 967/967/967 966/966/966
f 959/959/959 966/966/966 958/958/958
f 961/961/961 969/969/969 968/968/968
f 961/961/961 968/968/968 960/960/960
f 963/963/963 971/971/971 970/970/970
f 963/963/963 970/970/970 962/962/962
f 965/965/965 973/973/973 972/972/972
f 965/965/965 972/972/972 964/964/964
f 967/967/967 975/975/975 974/974/974
f 967/967/967 974/974/974 966/966/966
f 969/969/969 977/977/977 976/976/976
f 969/969/969 976/976/976 968/968/968
f 971/971/971 979/979/979 978/978/978
f 971/971/971 978/978/978 970/970/970
f 973/973/973 981/981/981 980/980/980
f 973/973/973 980/980/980 972/972/972
f 975/975/975 983/983/983 982/982/982
f 975/975/975 982/982/982 974/974/974
f 977/977/977 985/985/985 984/984/984
f 977/977/977 984/984/984 976/976/976
f 979/979/979 987/987/987 986/986/986
f 979/979/979 986/986/986 978/978/978
f 981/981/981 989/989/989 988/988/988
f 981/981/981 988/988/988 980/980/980
f 983/983/983 991/991/991 990/990/990
f 983/983/983 990/990/990 982/982/982
f 985/985/985 993/993/993 992/992/992
f 985/985/985 992/992/992 984/984/984
f 987/987/987 932/932/932 935/935/935
f 987/987/987 935/935/935 986/986/986
f 989/989/989 936/936/936 939/939/939
f 989/989/989 939/939/939 988/988/988
f 993/993/993 940/940/940 943/943/943
f 993/993/993 943/943/943 992/992/992
f 994/994/994 996/996/996 995/995/995
f 994/994/994 995/995/995 997/997/997
f 998/998/998 1000/1000/1000 999/999/999
f 998/998/998 999/999/999 1001/1001/1001
f 1002/1002/1002 1004/1004/1004 1003/1003/1003
f 1002/1002/1002 1003/1003/1003 1005/1005/1005
f 996/996/996 1007/1007/1007 1006/1006/1006
f 996/996/996 1006/1006/1006 995/995/995
f 1000/1000/1000 1009/1009/1009 1008/1008/1008
f 1000/1000/1000 1008/1008/1008 999/999/999
f 1010/1010/1010 1012/1012/1012 1011/1011/1011
f 1010/1010/1010 1011/1011/1011 1013/1013/1013
f 1004/1004/1004 1015/1015/1015 1014/1014/1014
f 1004/1004/1004 1014/1014/1014 1003/1003/1003
f 1007/1007/1007 1017/1017/1017 1016/1016/1016
f 1007/1007/1007 1016/1016/1016 1006/1006/1006
f 1009/1009/1009 1019/1019/1019 1018/1018/1018
f 1009/1009/1009 1018/1018/1018 1008/1008/1008
f 1012/1012/1012 1021/1021/1021 1020/1020/1020
f 1012/1012/1012 1020/1020/1020 1011/1011/1011
f 1015/1015/1015 1023/1023/1023 1022/1022/1022
f 1015/1015/1015 1022/1022/1022 1014/1014/1014
f 1017/1017/1017 1025/1025/1025 1024/1024/1024
f 1017/1017/1017 1024/1024/1024 1016/1016/1016
f 1019/1019/1019 1027/1027/1027 1026/1026/1026
f 1019/1019/1019 1026/1026/1026 1018/1018/1018
f 1021/1021/1021 1029/1029/1029 1028/1028/1028
f 1021/1021/1021 1028/1028/1028 1020/1020/1020
f 1023/1023/1023 1031/1031/1031 1030/1030/1030
f 1023/1023/1023 1030/1030/1030 1022/1022/1022
f 1025/1025/1025 1033/1033/1033 1032/1032/1032
f 1025/1025/1025 1032/1032/1032 1024/1024/1024
f 1027/1027/1027 1035/1035/1035 1034/1034/1034
f 1027/1027/1027 1034/1034/1034 1026/1026/1026
f 1029/1029/1029 1037/1037/1037 1036/1036/1036
f 1029/1029/1029 1036/1036/1036 1028/1028/1028
f 1031/1031/1031 1039/1039/1039 1038/1038/1038
f 1031/1031/1031 1038/1038/1038 1030/1030/1030
f 1033/1033/1033 1041/1041/1041 1040/1040/1040
f 1033/1033/1033 1040/1040/1040 1032/1032/1032
f 1035/1035/1035 1043/1043/1043 1042/1042/1042
f 1035/1035/1035 1042/1042/1042 1034/1034/1034
f 1037/1037/1037 1045/1045/1045 1044/1044/1044
f 1037/1037/1037 1044/1044/1044 1036/1036/1036
f 1039/1039/1039 1047/1047/1047 1046/1046/1046
f 1039/1039/1039 1046/1046/1046 1038/1038/1038
f 1041/1041/1041 1049/1049/1049 1048/1048/1048
f 1041/1041/1041 1048/1048/1048 1040/1040/1040
f 1043/1043/1043 1051/1051/1051 1050/1050/1050
f 1043/1043/1043 1050/1050/1050 1042/1042/1042
f 1045/1045/1045 1053/1053/1053 1052/1052/1052
f 1045/1045/1045 1052/1052/1052 1044/1044/1044
f 1047/1047/1047 1055/1055/1055 1054/1054/1054
f 1047/1047/1047 1054/1054/1054 1046/1046/1046
f 1049/1049/1049 994/994/994 997/997/997
f 1049/1049/1049 997/997/997 1048/1048/1048
f 1051/1051/1051 998/998/998 1001/1001/1001
f 1051/1051/1051 1001/1001/1001 1050/1050/1050
f 1055/1055/1055 1002/1002/1002 1005/1005/1005
f 1055/1055/1055 1005/1005/1005 1054/1054/1054
f 1056/1056/1056 1058/1058/1058 1057/1057/1057
f 1056/1056/1056 1057/1057/1057 1059/1059/1059
f 1060/1060/1060 1062/1062/1062 1061/1061/1061
f 1060/1060/1060 1061/1061/1061 1063/1063/1063
f 1064/1064/1064 1066/1066/1066 1065/1065/1065
f 1064/1064/1064 1065/1065/1065 1067/1067/1067
f 1058/1058/1058 1069/1069/1069 1068/1068/1068
f 1058/1058/1058 1068/1068/1068 1057/1057/1057
f 1062/1062/1062 1071/1071/1071 1070/1070/1070
f 1062/1062/1062 1070/1070/1070 1061/1061/1061
f 1072/1072/1072 1074/1074/1074 1073/1073/1073
f 1072/1072/1072 1073/1073/1073 1075/1075/1075
f 1066/1066/1066 1077/1077/1077 1076/1076/1076
f 1066/1066/1066 1076/1076/1076 1065/1065/1065
f 1069/1069/1069 1079/1079/1079 1078/1078/1078
f 1069/1069/1069 1078/1078/1078 1068/1068/1068
f 1071/1071/1071 1081/1081/1081 1080/1080/1080
f 1071/1071/1071 1080/1080/1080 1070/1070/1070
f 1074/1074/1074 1083/1083/1083 1082/1082/1082
f 1074/1074/1074 1082/1082/1082 1073/1073/1073
f 1077/1077/1077 1085/1085/1085 1084/1084/1084
f 1077/1077/1077 1084/1084/1084 1076/1076/1076
f 1079/1079/1079 1087/1087/1087 1086/1086/1086
f 1079/1079/1079 1086/1086/1086 1078/1078/1078
f 1081/1081/1081 1089/1089/1089 1088/1088/1088
f 1081/1081/1081 1088/1088/1088 1080/1080/1080
f 1083/1083/1083 1091/1091/1091 1090/1090/1090
f 1083/1083/1083 1090/1090/1090 1082/1082/1082
f 1085/1085/1085 1093/1093/1093 1092/1092/1092
f 1085/1085/1085 1092/1092/1092 1084/1084/1084
f 1087/1087/1087 1095/1095/1095 1094/1094/1094
f 1087/1087/1087 1094/1094/1094 1086/1086/1086
f 1089/1089/1089 1097/1097/1097 1096/1096/1096
f 1089/1089/1089 1096/1096/1096 1088/1088/1088
f 1091/1091/1091 1099/1099/1099 1098/1098/1098
f 1091/1091/1091 1098/1098/1098 1090/1090/1090
f 1093/1093/1093 1101/1101/1101 1100/1100/1100
f 1093/1093/1093 1100/1100/1100 1092/1092/1092
f 1095/1095/1095 1103/1103/1103 1102/1102/1102
f 1095/1095/1095 1102/1102/1102 1094/1094/1094
f 1097/1097/1097 1105/1105/1105 1104/1104/1104
f 1097/1097/1097 1104/1104/1104 1096/1096/1096
f 1099/1099/1099 1107/1107/1107 1106/1106/1106
f 1099/1099/1099 1106/1106/1106 1098/1098/1098
f 1101/1101/1101 1109/1109/1109 1108/1108/1108
f 1101/1101/1101 1108/1108/1108 1100/1100/1100
f 1103/1103/1103 1111/1111/1111 1110/1110/1110
f 1103/1103/1103 1110/1110/1110 1102/1102/1102
f 1105/1105/1105 1113/1113/1113 1112/1112/1112
f 1105/1105/1105 1112/1112/1112 1104/1104/1104
f 1107/1107/1107 1115/1115/1115 1114/1114/1114
f 1107/1107/1107 1114/1114/1114 1106/1106/1106
f 1109/1109/1109 1117/1117/1117 1116/1116/1116
f 1109/1109/1109 1116/1116/1116 1108/1108/1108
f 1111/1111/1111 1056/1056/1056 1059/1059/1059
f 1111/1111/1111 1059/1059/1059 1110/1110/1110
f 1113/1113/1113 1060/1060/1060 1063/1063/1063
f 1113/1113/1113 1063/1063/1063 1112/1112/1112
f 1117/1117/1117 1064/1064/1064 1067/1067/1067
f 1117/1117/1117 1067/1067/1067 1116/1116/1116
f 1118/1118/1118 1120/1120/1120 1119/1119/1119
f 1118/1118/1118 1121/1121/1121 1120/1120/1120
f 1122/1122/1122 1124/1124/1124 1123/1123/1123
f 1122/1122/1122 1125/1125/1125 1124/1124/1124
f 1126/1126/1126 1128/1128/1128 1127/1127/1127
f 1126/1126/1126 1129/1129/1129 1128/1128/1128
f 1119/1119/1119 1131/1131/1131 1130/1130/1130
f 1119/1119/1119 1120/1120/1120 1131/1131/1131
f 1123/1123/1123 1133/1133/1133 1132/1132/1132
f 1123/1123/1123 1124/1124/1124 1133/1133/1133
f 1134/1134/1134 1136/1136/1136 1135/1135/1135
f 1134/1134/1134 1137/1137/1137 1136/1136/1136
f 1127/1127/1127 1139/1139/1139 1138/1138/1138
f 1127/1127/1127 1128/1128/1128 1139/1139/1139
f 1130/1130/1130 1141/1141/1141 1140/1140/1140
f 1130/1130/1130 1131/1131/1131 1141/1141/1141
f 1132/1132/1132 1143/1143/1143 1142/1142/1142
f 1132/1132/1132 1133/1133/1133 1143/1143/1143
f 1135/1135/1135 1145/1145/1145 1144/1144/1144
f 1135/1135/1135 1136/1136/1136 1145/1145/1145
f 1138/1138/1138 1147/1147/1147 1146/1146/1146
f 1138/1138/1138 1139/1139/1139 1147/1147/1147
f 1140/1140/1140 1149/1149/1149 1148/1148/1148
f 1140/1140/1140 1141/1141/1141 1149/1149/1149
f 1142/1142/1142 1151/1151/1151 1150/1150/1150
f 1142/1142/1142 1143/1143/1143 1151/1151/1151
f 1144/1144/1144 1153/1153/1153 1152/1152/1152
f 1144/1144/1144 1145/1145/1145 1153/1153/1153
f 1146/1146/1146 1155/1155/1155 1154/1154/1154
f 1146/1146/1146 1147/1147/1147 1155/1155/1155
f 1148/1148/1148 1157/1157/1157 1156/1156/1156
f 1148/1148/1148 1149/1149/1149 1157/1157/1157
f 1150/1150/1150 1159/1159/1159 1158/1158/1158
f 1150/1150/1150 1151/1151/1151 1159/1159/1159
f 1152/1152/1152 1161/1161/1161 1160/1160/1160
f 1152/1152/1152 1153/1153/1153 1161/1161/1161
f 1154/1154/1154 1163/1163/1163 1162/1162/1162
f 1154/1154/1154 1155/1155/1155 1163/1163/1163
f 1156/1156/1156 1165/1165/1165 1164/1164/1164
f 1156/1156/1156 1157/1157/1157 1165/1165/1165
f 1158/1158/1158 1167/1167/1167 1166/1166/1166
f 1158/1158/1158 1159/1159/1159 1167/1167/1167
f 1160/1160/1160 1169/1169/1169 1168/1168/1168
f 1160/1160/1160 1161/1161/1161 1169/1169/1169
f 1162/1162/1162 1171/1171/1171 1170/1170/1170
f 1162/1162/1162 1163/1163/1163 1171/1171/1171
f 1164/1164/1164 1173/1173/1173 1172/1172/1172
f 1164/1164/1164 1165/1165/1165 1173/1173/1173
f 1166/1166/1166 1175/1175/1175 1174/1174/1174
f 1166/1166/1166 1167/1167/1167 1175/1175/1175
f 1168/1168/1168 1177/1177/1177 1176/1176/1176
f 1168/1168/1168 1169/1169/1169 1177/1177/1177
f 1170/1170/1170 1179/1179/1179 1178/1178/1178
f 1170/1170/1170 1171/1171/1171 1179/1179/1179
f 1172/1172/1172 1121/1121/1121 1118/1118/1118
f 1172/1172/1172 1173/1173/1173 1121/1121/1121
f 1174/1174/1174 1125/1125/1125 1122/1122/1122
f 1174/1174/1174 1175/1175/1175 1125/1125/1125
f 1178/1178/1178 1129/1129/1129 1126/1126/1126
f 1178/1178/1178 1179/1179/1179 1129/1129/1129
