# Monster32.bmd — MU geometry at action 0 key 0, exported for MU2
# 3 mesh(es)

g drr_01
# texture: drr_01.jpg
v 112.5909 263.4575 78.38083
v 89.02953 247.9332 104.6659
v 101.8678 241.3023 108.8653
v 80.33176 256.9125 81.67357
v 67.12814 235.627 84.20623
v 57.78613 234.9696 75.95328
v 83.3069 220.0153 146.3325
v 94.99899 218.7049 144.0871
v 89.02953 247.9332 104.6659
v 76.71519 223.2894 116.9719
v 83.3069 220.0153 146.3325
v 67.12814 235.627 84.20623
v 73.44043 206.1635 159.3091
v 78.64713 199.9622 162.4875
v 72.74979 207.2535 142.8888
v 73.44043 206.1635 159.3091
v 51.2931 177.2891 177.0612
v 51.2931 177.2891 177.0612
v 77.15089 258.3881 72.23051
v 66.9283 248.9623 59.10477
v 92.20334 259.6895 64.72595
v 63.74945 270.3317 52.85572
v 64.64873 249.0919 56.54951
v 83.55704 270.4344 35.889
v 52.06215 246.1404 49.28692
v 45.23217 265.709 30.02411
v 65.86655 263.4632 30.95215
v 43.36085 247.9871 37.00839
v 53.16882 268.5704 8.530124
v 20.70053 264.3278 45.25127
v 20.70052 287.1353 17.70308
v 25.77641 254.9467 -7.574118
v 96.83398 233.5743 96.97556
v 89.09295 240.7934 73.04056
v 89.39944 208.806 140.329
v 96.83398 233.5743 96.97556
v 89.39944 208.806 140.329
v 76.71519 223.2894 116.9719
v 67.12814 235.627 84.20623
v 78.47564 196.8996 154.3476
v 78.47564 196.8996 154.3476
v 72.74979 207.2535 142.8888
v 51.2931 177.2891 177.0612
v 84.63915 244.6112 64.85188
v 77.31834 245.3673 39.48529
v 67.16583 241.4921 26.09221
v 32.03735 238.5309 40.02824
v 25.77638 138.4866 -37.97416
v 0.043718 146.2862 -72.43228
v 0.043705 169.4542 -47.35924
v 0.043621 131.8838 26.84622
v 0.043652 93.83414 1.625603
v 25.77633 108.3359 -14.90295
v 20.55436 72.506 -66.4893
v 20.55442 94.43605 -71.13096
v 0.04364 109.1219 -80.22093
v 0.043621 52.58771 -66.35751
v 0.043552 183.1748 55.40807
v 29.69455 225.491 41.60872
v 0.043577 210.2664 64.0162
v 40.54009 226.5922 -0.41557
v 32.03735 238.5309 40.02824
v 25.77641 254.9467 -7.574118
v 0.043634 234.6414 -41.70441
v 0.043644 273.3826 -46.14575
v 0.043636 248.15 56.08787
v 20.70053 264.3278 45.25127
v 0.043636 285.7163 59.10686
v 0.043583 305.6341 39.48003
v 20.70052 287.1353 17.70308
v 0.04364 109.1219 -80.22093
v 18.59741 67.29526 -115.2272
v 0.042641 92.25847 -128.364
v 20.55442 94.43605 -71.13096
v 18.59697 54.62033 -110.4026
v 20.55436 72.506 -66.4893
v 0.040878 39.32253 -104.7999
v 0.043621 52.58771 -66.35751
v 0.042641 92.25847 -128.364
v 16.64244 51.18399 -155.2686
v 0.042316 64.50903 -160.1719
v 18.59741 67.29526 -115.2272
v 16.64203 39.38022 -151.3161
v 18.59697 54.62033 -110.4026
v 0.04108 25.1805 -146.7422
v 0.040878 39.32253 -104.7999
v 0.042316 64.50903 -160.1719
v 14.69829 42.87402 -195.9363
v 0.051779 62.66075 -197.0823
v 16.64244 51.18399 -155.2686
v 14.69909 31.4978 -194.815
v 16.64203 39.38022 -151.3161
v 0.054581 17.94577 -193.6013
v 0.04108 25.1805 -146.7422
v 0.051779 62.66075 -197.0823
v 12.74362 33.77666 -238.95
v 0.052715 45.36414 -239.5241
v 14.69829 42.87402 -195.9363
v 12.74429 23.15628 -238.8927
v 14.69909 31.4978 -194.815
v 0.054928 10.29059 -239.5565
v 0.054581 17.94577 -193.6013
v 0.052715 45.36414 -239.5241
v 10.80413 30.73705 -285.3008
v 0.066319 48.86326 -282.2794
v 12.74362 33.77666 -238.95
v 10.80557 20.63489 -287.291
v 12.74429 23.15628 -238.8927
v 0.072277 8.764194 -289.887
v 0.054928 10.29059 -239.5565
v 0.066319 48.86326 -282.2794
v 8.849628 25.95995 -338.0001
v 0.068272 35.73566 -336.8079
v 10.80413 30.73705 -285.3008
v 8.851032 16.55948 -339.3569
v 10.80557 20.63489 -287.291
v 0.072605 6.240501 -340.2924
v 0.072277 8.764194 -289.887
v 0.068272 35.73566 -336.8079
v 6.903341 26.15522 -371.5113
v 0.076571 35.80943 -366.7289
v 8.849628 25.95995 -338.0001
v 6.904987 18.02395 -377.0648
v 8.851032 16.55948 -339.3569
v 0.082203 7.860548 -381.0503
v 0.072605 6.240501 -340.2924
v 34.56911 169.6432 42.40501
v 42.50694 214.4699 36.36047
v 89.98186 -1.872459 -3.594906
v 109.4671 -0.789677 -12.42204
v 113.0766 1.290672 8.225029
v 101.0528 0.594883 13.14703
v 123.6304 5.21167 29.47552
v 107.9174 4.302136 35.8593
v 124.1361 -1.350497 53.88813
v 71.85611 -3.033401 -7.517885
v 84.37807 -0.086239 15.81469
v 71.439 -0.927498 12.63071
v 81.72336 3.228296 39.87391
v 65.79116 2.207614 37.01001
v 70.88525 -3.950965 60.67569
v 89.35204 2.314842 -59.50555
v 69.81738 -3.128426 -42.44422
v 63.73218 15.91021 -66.33517
v 82.11418 17.64116 -71.30988
v 64.98885 15.27786 -92.75826
v 106.1851 -0.725166 -41.75141
v 0.043706 209.6558 -67.22685
v 30.67581 204.2162 -32.686
v 27.57653 141.8441 -11.86057
v 36.51724 126.1558 10.52028
v 0.043613 309.2557 11.01884
v 0.043715 300.0453 -21.3145
v 59.15357 282.9473 22.83223
v 32.2805 350.976 157.2367
v 15.76711 358.2058 155.266
v 19.83188 348.3137 154.4357
v 23.36007 366.9188 133.5983
v 18.8029 369.3678 144.1238
v 37.97215 347.7637 145.2293
v 27.40199 343.7119 155.5532
v 18.83268 350.1042 129.2969
v 33.1537 334.2521 145.8989
v 40.88232 341.4619 154.3673
v 44.08621 325.2129 166.1292
v 38.3918 331.9259 170.9239
v 35.41766 324.173 167.6636
v 38.92829 320.5695 157.961
v 43.61992 304.3968 170.9372
v 40.07558 305.3708 174.5035
v 39.50225 294.6704 178.4011
v 36.37497 304.1004 170.5235
v 40.02761 304.2375 166.5813
v 7.11474 315.2796 168.5372
v 10.50475 336.9073 149.6685
v 0.054271 327.0878 151.2469
v 0.054239 318.668 162.6416
v 0.054314 310.5291 170.3141
v 5.561829 314.2042 166.9092
v 5.806452 316.1923 165.3129
v 7.102757 319.6147 173.7415
v 3.108418 314.0426 167.6269
v 7.074425 317.3682 164.5757
v 5.831461 318.8545 163.4757
v 9.995251 324.8346 170.0023
v 5.577148 316.9878 166.1811
v 6.858421 321.7951 158.3091
v 4.789803 323.5396 156.0375
v 13.97526 333.8138 163.6493
v 5.59041 321.0487 161.2933
v 7.431517 319.4115 162.0408
v 6.491965 320.6934 161.05
v 10.40251 327.3262 166.7586
v 5.99193 319.1406 163.7195
v 1.902428 312.064 168.4566
v 3.110495 313.9034 167.1459
v 2.626619 318.14 175.0865
v -0.621676 312.4119 168.1954
v 0.054295 336.71 154.1867
v 7.114826 322.9369 169.0613
v 0.054207 315.2483 169.9413
v -115.5562 266.1013 71.31265
v -109.2105 247.23 105.0582
v -95.92306 253.6288 102.0702
v -84.07408 260.4486 79.75388
v -71.30959 239.7374 86.22969
v -60.88956 238.4276 79.48245
v -107.351 228.3202 142.9706
v -96.09908 230.0391 146.6994
v -95.92306 253.6288 102.0702
v -96.09908 230.0391 146.6994
v -85.41697 230.5215 118.3819
v -71.30959 239.7374 86.22969
v -93.72773 211.7507 165.2665
v -88.13849 217.6954 162.2516
v -88.13849 217.6954 162.2516
v -85.12798 217.1779 146.0664
v -68.66083 191.0772 185.7349
v -68.66083 191.0772 185.7349
v -79.58944 261.0419 70.75371
v -67.58433 250.5431 60.20446
v -93.42824 261.3491 61.11099
v -66.67155 274.0142 49.36061
v -65.83006 252.8918 53.68704
v -86.41234 271.9884 32.43678
v -53.04034 250.7656 46.49126
v -47.82624 270.2441 26.64105
v -68.20781 266.3449 27.67554
v -44.5133 252.9513 34.14631
v -55.95959 271.8035 5.086718
v -20.61329 264.3278 45.25123
v -20.61329 287.1353 17.70314
v -25.68904 254.9467 -7.574134
v -102.5213 238.4558 94.826
v -91.48116 243.4158 71.6217
v -101.25 218.1944 141.0442
v -102.5213 238.4558 94.826
v -85.41697 230.5215 118.3819
v -101.25 218.1944 141.0442
v -71.30959 239.7374 86.22969
v -92.39545 207.9064 157.5779
v -85.12798 217.1779 146.0664
v -92.39545 207.9064 157.5779
v -68.66083 191.0772 185.7349
v -85.92036 246.484 63.80313
v -78.14332 247.6348 36.7659
v -67.70065 244.206 23.47453
v -31.95016 238.5309 40.02813
v -25.68907 138.4867 -37.97418
v -25.68913 108.3359 -14.90297
v -20.46708 94.43608 -71.13098
v -20.46715 72.50603 -66.48933
v -29.60742 225.4909 41.60866
v -31.95016 238.5309 40.02813
v -40.45283 226.5923 -0.415627
v -25.68904 254.9467 -7.574134
v -20.61329 264.3278 45.25123
v -20.61329 287.1353 17.70314
v -18.51384 67.2962 -115.2278
v -20.46708 94.43608 -71.13098
v -18.51418 54.6214 -110.403
v -20.46715 72.50603 -66.48933
v -16.55851 51.18494 -155.2691
v -18.51384 67.2962 -115.2278
v -16.55894 39.38118 -151.3166
v -18.51418 54.6214 -110.403
v -14.59236 42.87223 -195.9362
v -16.55851 51.18494 -155.2691
v -14.59166 31.49602 -194.8148
v -16.55894 39.38118 -151.3166
v -12.63682 33.77515 -238.9499
v -14.59236 42.87223 -195.9362
v -12.63615 23.15477 -238.8926
v -14.59166 31.49602 -194.8148
v -10.66607 30.7339 -285.3007
v -12.63682 33.77515 -238.9499
v -10.66458 20.63174 -287.2909
v -12.63615 23.15477 -238.8926
v -8.710262 25.95742 -338
v -10.66607 30.7339 -285.3007
v -8.708813 16.55694 -339.3567
v -10.66458 20.63174 -287.2909
v -6.746237 26.15243 -371.5112
v -8.710262 25.95742 -338
v -6.744617 18.02127 -377.0648
v -8.708813 16.55694 -339.3567
v -42.41976 214.47 36.36034
v -34.48198 169.6431 42.4049
v -89.89338 -1.8839 -3.587219
v -112.9875 1.279171 8.233601
v -109.379 -0.80109 -12.4136
v -100.9637 0.583454 13.15505
v -123.5444 5.163453 29.48352
v -107.8315 4.253842 35.8676
v -124.0504 -1.39871 53.89606
v -71.7678 -3.044903 -7.510981
v -84.28876 -0.09774 15.82206
v -71.34987 -0.939003 12.6376
v -81.63559 3.177938 39.88145
v -65.70335 2.157443 37.01694
v -70.79643 -4.001288 60.68291
v -89.26572 2.303391 -59.49802
v -63.64627 15.89877 -66.32855
v -69.73048 -3.139915 -42.43744
v -82.0284 17.62983 -71.30255
v -64.90392 15.26649 -92.75171
v -106.0981 -0.736561 -41.74308
v -30.58852 204.2162 -32.68604
v -27.48933 141.8442 -11.86061
v -36.42996 126.1558 10.52023
v -59.15327 283.0008 22.90129
v -32.17197 350.976 157.2366
v -19.72334 348.3136 154.4356
v -15.65859 358.2058 155.2659
v -23.25152 366.9188 133.5983
v -18.6944 369.3678 144.1237
v -37.86364 347.7638 145.2292
v -27.29356 343.7119 155.5531
v -33.04523 334.2521 145.8988
v -18.72405 350.1042 129.2968
v -40.77383 341.462 154.3671
v -43.97771 325.2129 166.1291
v -38.28328 331.9258 170.9237
v -35.3092 324.173 167.6635
v -38.81979 320.5696 157.9609
v -43.51146 304.3968 170.9371
v -39.3938 294.6704 178.401
v -39.96702 305.3708 174.5034
v -36.26647 304.1005 170.5234
v -39.91912 304.2374 166.5812
v -7.0063 315.2796 168.5372
v -10.39619 336.9073 149.6685
v -5.453388 314.2042 166.9092
v -6.994204 319.6146 173.7414
v -5.697927 316.1922 165.3129
v -2.999935 314.0425 167.6268
v -6.965809 317.3682 164.5757
v -9.886703 324.8346 170.0023
v -5.722914 318.8544 163.4757
v -5.468588 316.9877 166.1811
v -6.749767 321.7951 158.309
v -13.8667 333.8137 163.6493
v -4.681149 323.5396 156.0374
v -5.481831 321.0486 161.2933
v -7.32294 319.4114 162.0407
v -10.29395 327.3262 166.7587
v -6.383431 320.6933 161.05
v -5.883367 319.1405 163.7194
v -1.79394 312.0639 168.4565
v -2.518063 318.1399 175.0865
v -3.001965 313.9033 167.1459
v 0.730261 312.4118 168.1953
v -7.00631 322.9369 169.0613
vn 0.864432 0.499652 -0.055732
vn -0.123379 0.814738 0.566551
vn 0.878657 0.26474 0.397335
vn -0.435798 0.818367 0.374642
vn -0.675222 -0.59818 0.431574
vn -0.889491 -0.45352 -0.055905
vn 0.215526 0.735876 0.641899
vn 0.794005 0.111519 0.597595
vn -0.766514 0.549214 0.332897
vn -0.77149 0.559998 0.302004
vn -0.793645 0.579286 0.185888
vn -0.710141 0.564761 0.420411
vn 0.162778 0.554306 0.81624
vn 0.650663 -0.05207 0.757579
vn -0.777776 0.614994 0.129798
vn -0.773374 0.62958 0.074304
vn 0.553076 -0.13929 0.821404
vn -0.768615 0.63536 0.07449
vn -0.383884 0.841061 0.381115
vn -0.784529 -0.564218 0.257241
vn 0.689781 0.595459 -0.411862
vn -0.550514 0.67373 0.492972
vn -0.467147 -0.601144 0.648382
vn 0.702032 0.59285 -0.394564
vn -0.543515 -0.548285 0.63559
vn 0.01079 0.842721 0.538242
vn 0.446953 0.691256 -0.567802
vn -0.766588 -0.457593 0.450501
vn 0.621985 0.652199 -0.433327
vn 0.599293 0.299969 0.742204
vn 0.482185 0.717677 0.502432
vn 0.770974 -0.165003 -0.615121
vn 0.690863 -0.683441 -0.235831
vn 0.426985 -0.769123 -0.475536
vn 0.87678 -0.480796 -0.009661
vn 0.019606 -0.896978 -0.441641
vn -0.030853 -0.823979 -0.565779
vn 0.012471 -0.882313 -0.470499
vn 0.097729 -0.921584 -0.375675
vn 0.783133 -0.58712 0.204924
vn -0.024778 -0.747882 -0.663369
vn -0.017078 -0.784589 -0.619781
vn -0.017727 -0.746241 -0.66544
vn 0.477573 -0.743755 -0.467711
vn 0.371969 -0.893383 -0.252003
vn 0.473041 -0.745061 -0.470231
vn 0.72998 -0.090236 0.677486
vn 0.892219 0.278507 -0.3555
vn -0.000011 0.509367 -0.86055
vn -0.000014 0.249164 -0.968462
vn -0.000018 -0.631735 0.775184
vn 0.000043 -0.772635 0.634851
vn 0.918732 -0.357706 0.167265
vn 0.840304 -0.513459 0.173923
vn 0.947187 0.160562 -0.27759
vn 0.002593 0.679577 -0.733599
vn 0.008458 -0.904742 0.425877
vn -0.000039 -0.255758 0.966741
vn 0.695822 0.077994 0.713967
vn 0.000006 -0.025865 0.999666
vn 0.819805 0.544403 -0.177612
vn 0.72998 -0.090236 0.677486
vn 0.770974 -0.165003 -0.615121
vn 0.000033 0.452669 -0.891679
vn 0.000193 0.138661 -0.99034
vn -0.000015 0.049333 0.998783
vn 0.599293 0.299969 0.742204
vn -0.000048 0.27703 0.960861
vn -0.000032 0.866481 0.49921
vn 0.482185 0.717677 0.502432
vn 0.002593 0.679577 -0.733599
vn 0.943239 0.286588 -0.167832
vn -0.000097 0.863875 -0.503707
vn 0.947187 0.160562 -0.27759
vn 0.913324 -0.391637 0.111628
vn 0.840304 -0.513459 0.173923
vn 0.010239 -0.943935 0.329972
vn 0.008458 -0.904742 0.425877
vn -0.000097 0.863875 -0.503707
vn 0.929447 0.362869 -0.066739
vn -0.015139 0.93542 -0.353216
vn 0.943239 0.286588 -0.167832
vn 0.911366 -0.375517 0.168521
vn 0.913324 -0.391637 0.111628
vn 0.005783 -0.964653 0.26346
vn 0.010239 -0.943935 0.329972
vn -0.015139 0.93542 -0.353216
vn 0.936036 0.342391 -0.081279
vn -0.000113 0.969413 -0.245434
vn 0.929447 0.362869 -0.066739
vn 0.920817 -0.388002 0.039379
vn 0.911366 -0.375517 0.168521
vn 0.003165 -0.987859 0.155322
vn 0.005783 -0.964653 0.26346
vn -0.000113 0.969413 -0.245434
vn 0.928891 0.370337 0.003455
vn -0.001527 0.986637 -0.162927
vn 0.936036 0.342391 -0.081279
vn 0.920098 -0.375509 0.111416
vn 0.920817 -0.388002 0.039379
vn -0.003374 -0.993493 0.113848
vn 0.003165 -0.987859 0.155322
vn -0.001527 0.986637 -0.162927
vn 0.947849 0.315498 -0.045206
vn -0.000296 0.993179 -0.1166
vn 0.928891 0.370337 0.003455
vn 0.936001 -0.351719 -0.014003
vn 0.920098 -0.375509 0.111416
vn 0.00247 -0.999473 0.032368
vn -0.003374 -0.993493 0.113848
vn -0.000296 0.993179 -0.1166
vn 0.942349 0.334567 0.006635
vn 0.002716 0.994766 -0.102141
vn 0.947849 0.315498 -0.045206
vn 0.944578 -0.325095 0.045659
vn 0.936001 -0.351719 -0.014003
vn -0.001538 -0.999886 0.015016
vn 0.00247 -0.999473 0.032368
vn 0.002716 0.994766 -0.102141
vn 0.932387 0.354372 -0.071238
vn -0.002333 0.994481 -0.104893
vn 0.942349 0.334567 0.006635
vn 0.965314 -0.258294 -0.038112
vn 0.944578 -0.325095 0.045659
vn -0.004859 -0.999737 -0.022407
vn -0.001538 -0.999886 0.015016
vn -0.477412 -0.150216 0.865744
vn 0.241941 0.848123 0.47133
vn 0.103626 -0.862383 0.495538
vn 0.92173 -0.37929 -0.080951
vn 0.838847 -0.524429 -0.145978
vn -0.69265 -0.462647 0.553348
vn 0.88386 -0.433 -0.176923
vn -0.863326 -0.157428 0.479463
vn 0.360394 0.325649 0.87411
vn -0.551735 -0.818397 0.160672
vn 0.893563 -0.303866 0.330469
vn -0.86692 -0.498064 -0.019541
vn 0.871709 -0.402364 0.27969
vn -0.968221 -0.249573 -0.016191
vn -0.203047 0.204377 0.957602
vn -0.083733 -0.637778 -0.765656
vn -0.879993 -0.395445 -0.263126
vn -0.885757 -0.43095 -0.172385
vn 0.739284 0.061812 -0.670551
vn -0.254435 -0.310135 -0.916013
vn 0.690328 -0.624455 -0.365382
vn -0.000044 0.170665 -0.985329
vn 0.685112 0.140752 -0.714711
vn 0.808389 -0.163737 -0.565417
vn 0.369711 -0.925649 0.080552
vn 0.000651 0.999093 -0.042586
vn 0.000522 0.841217 -0.540698
vn 0.895448 0.438311 -0.077822
vn 0.442104 0.548963 0.709354
vn 0.40164 0.341934 0.849569
vn 0.2565 -0.555264 0.791132
vn 0.914123 0.340104 -0.220699
vn 0.661 0.631489 0.40534
vn 0.891432 0.186605 -0.41295
vn -0.845487 -0.378161 0.377022
vn 0.493927 -0.716608 -0.492453
vn 0.206787 -0.692076 -0.691571
vn 0.971917 0.115951 -0.204777
vn 0.950359 0.194085 0.243206
vn -0.36204 0.263105 0.894261
vn -0.985955 -0.164451 0.029132
vn 0.177559 -0.565566 -0.805362
vn 0.981304 -0.182952 -0.059755
vn 0.19802 0.227378 0.953461
vn 0.035454 -0.952195 0.303427
vn -0.976179 -0.112246 0.185674
vn -0.262838 -0.567298 -0.780441
vn -0.292648 0.703643 0.64749
vn -0.323785 -0.397117 0.858756
vn -0.000007 0.48054 0.876973
vn 0.000012 0.749023 0.662545
vn 0.000041 0.685917 0.72768
vn 0.740062 -0.598393 0.306976
vn 0.441867 0.805445 -0.394984
vn 0.760079 -0.42297 0.493332
vn -0.758669 -0.151499 0.633617
vn 0.950275 -0.290823 -0.111351
vn -0.185526 0.780601 -0.596861
vn 0.997006 -0.047855 0.060732
vn -0.327124 -0.25842 0.90896
vn 0.873615 -0.385176 -0.297381
vn -0.215385 0.698235 -0.682698
vn 0.938806 -0.261514 -0.224175
vn -0.018922 -0.169446 0.985358
vn 0.948726 -0.303537 -0.088229
vn -0.152408 0.694796 -0.702873
vn 0.996566 -0.033461 -0.075741
vn -0.338753 -0.161619 0.92689
vn 0.4405 -0.685326 0.579903
vn 0.718401 0.630956 -0.292908
vn 0.421253 -0.50019 0.756542
vn -0.92935 0.099118 0.355646
vn 0.000017 -0.96533 -0.261032
vn 0.127435 -0.696881 -0.705774
vn -0.000002 -0.591752 -0.80612
vn -0.849029 0.477353 -0.226461
vn -0.926785 0.287913 0.241197
vn 0.039687 0.868407 0.494262
vn 0.376193 0.858314 0.348965
vn 0.608725 -0.541533 0.579824
vn 0.889552 -0.441991 0.115507
vn -0.871007 0.156478 0.465685
vn -0.306207 0.791688 0.528647
vn 0.710095 0.591991 0.381198
vn 0.757771 0.607895 0.237163
vn 0.719413 0.599752 0.350346
vn 0.641816 0.615124 0.457925
vn -0.751445 0.011794 0.659691
vn -0.278324 0.629039 0.725842
vn 0.753471 0.646528 0.119509
vn 0.749996 0.637534 0.176228
vn -0.66368 -0.067073 0.745003
vn 0.748642 0.652313 0.118421
vn 0.311167 0.87888 0.361588
vn 0.892377 -0.438663 0.106012
vn -0.674594 0.535778 -0.507804
vn 0.532463 0.745309 0.401246
vn 0.716753 -0.528734 0.45465
vn -0.75211 0.520248 -0.404565
vn 0.586273 -0.482734 0.650579
vn -0.023718 0.864763 0.50162
vn -0.501805 0.635058 -0.587276
vn 0.84778 -0.227623 0.479017
vn -0.588773 0.642738 -0.490137
vn -0.597963 0.342678 0.724577
vn -0.435344 0.748062 0.500879
vn -0.749155 -0.191148 -0.634216
vn -0.648734 -0.714642 -0.261593
vn -0.353246 -0.819123 -0.451946
vn -0.865304 -0.493949 -0.085229
vn 0.045594 -0.936228 -0.348423
vn 0.05663 -0.924357 -0.377302
vn 0.112936 -0.875002 -0.470762
vn -0.041127 -0.955549 -0.291949
vn -0.802799 -0.57707 0.150015
vn 0.106793 -0.841329 -0.529869
vn 0.120497 -0.808927 -0.575428
vn 0.113788 -0.807604 -0.578643
vn -0.417276 -0.796195 -0.438126
vn -0.25785 -0.918694 -0.29919
vn -0.461928 -0.745946 -0.479779
vn -0.741493 -0.084115 0.665668
vn -0.892243 0.278461 -0.355473
vn -0.918725 -0.35771 0.167296
vn -0.959249 0.193117 -0.206269
vn -0.835365 -0.488867 0.251348
vn -0.695801 0.077958 0.713992
vn -0.741493 -0.084115 0.665668
vn -0.82756 0.532026 -0.179143
vn -0.749155 -0.191148 -0.634216
vn -0.597963 0.342678 0.724577
vn -0.435344 0.748062 0.500879
vn -0.942357 0.285792 -0.174031
vn -0.959249 0.193117 -0.206269
vn -0.909866 -0.39913 0.113312
vn -0.835365 -0.488867 0.251348
vn -0.906187 0.29005 -0.307727
vn -0.942357 0.285792 -0.174031
vn -0.901297 -0.431061 -0.043026
vn -0.909866 -0.39913 0.113312
vn -0.938316 0.333688 -0.090637
vn -0.906187 0.29005 -0.307727
vn -0.916218 -0.398463 0.042081
vn -0.901297 -0.431061 -0.043026
vn -0.904298 0.36006 -0.229351
vn -0.938316 0.333688 -0.090637
vn -0.921542 -0.373244 -0.107002
vn -0.916218 -0.398463 0.042081
vn -0.951448 0.306175 -0.031696
vn -0.904298 0.36006 -0.229351
vn -0.934461 -0.356067 0.000441
vn -0.921542 -0.373244 -0.107002
vn -0.928089 0.339434 -0.153084
vn -0.951448 0.306175 -0.031696
vn -0.942109 -0.315827 -0.112621
vn -0.934461 -0.356067 0.000441
vn -0.933875 0.352672 -0.059156
vn -0.928089 0.339434 -0.153084
vn -0.966999 -0.252862 -0.031217
vn -0.942109 -0.315827 -0.112621
vn -0.500956 0.510639 0.698778
vn 0.143773 -0.271679 0.951588
vn -0.076009 -0.863992 0.497736
vn -0.451344 -0.889267 0.074115
vn -0.921751 -0.379236 -0.08096
vn 0.276531 -0.584694 0.762669
vn -0.907221 -0.411504 -0.087258
vn 0.838401 -0.167146 0.518794
vn -0.360392 0.32572 0.874085
vn 0.57458 -0.805411 0.145503
vn -0.890854 -0.242731 0.384006
vn 0.918937 -0.355467 0.170873
vn -0.906149 -0.361702 0.219239
vn 0.982391 -0.068968 -0.173641
vn 0.203087 0.204341 0.957601
vn 0.084165 -0.635764 -0.767282
vn 0.885756 -0.430924 -0.172457
vn 0.89474 -0.375825 -0.241238
vn -0.739307 0.061826 -0.670524
vn 0.254408 -0.310032 -0.916055
vn -0.690333 -0.624483 -0.365323
vn -0.64917 0.254074 -0.716956
vn -0.672689 -0.112815 -0.731275
vn 0.086704 -0.972133 -0.217808
vn -0.895404 0.438469 -0.077442
vn -0.442138 0.548953 0.709341
vn -0.25654 -0.555258 0.791123
vn -0.401638 0.341943 0.849566
vn -0.914122 0.340075 -0.22075
vn -0.660984 0.631496 0.405357
vn -0.891431 0.186563 -0.41297
vn 0.845493 -0.378133 0.377039
vn -0.206788 -0.69209 -0.691556
vn -0.49385 -0.716652 -0.492465
vn -0.971911 0.116028 -0.204759
vn -0.950339 0.194126 0.24325
vn 0.362022 0.263061 0.894282
vn 0.985957 -0.164449 0.029077
vn -0.177496 -0.565613 -0.805343
vn -0.981305 -0.18296 -0.059715
vn -0.035418 -0.952198 0.303422
vn -0.198072 0.227372 0.953451
vn 0.976173 -0.112232 0.185717
vn 0.26286 -0.567335 -0.780408
vn 0.292594 0.703636 0.647522
vn 0.323776 -0.397126 0.858755
vn -0.740036 -0.598439 0.306949
vn -0.760127 -0.422908 0.493312
vn -0.441897 0.805435 -0.394971
vn 0.758698 -0.151458 0.633592
vn -0.950259 -0.290887 -0.111321
vn -0.997008 -0.047837 0.060721
vn 0.185583 0.780626 -0.59681
vn 0.327166 -0.258421 0.908945
vn -0.873625 -0.38514 -0.297402
vn -0.938793 -0.261589 -0.22414
vn 0.215355 0.698305 -0.682636
vn 0.018921 -0.169377 0.98537
vn -0.948719 -0.303579 -0.088162
vn -0.996572 -0.033543 -0.07563
vn 0.152462 0.694789 -0.702868
vn 0.338744 -0.161625 0.926893
vn -0.440438 -0.685324 0.579953
vn -0.421263 -0.500263 0.756489
vn -0.718403 0.630959 -0.292896
vn 0.92933 0.099207 0.355674
vn -0.12742 -0.696891 -0.705767
vt 0.9632 0.6514
vt 0.9138 0.4866
vt 0.9661 0.4714
vt 0.8394 0.58
vt 0.7736 0.4979
vt 0.7192 0.5131
vt 0.9545 0.2585
vt 0.9936 0.2785
vt 0.9138 0.4866
vt 0.8692 0.3623
vt 0.9545 0.2585
vt 0.7736 0.4979
vt 0.931 0.1633
vt 0.9521 0.1427
vt 0.8942 0.2234
vt 0.931 0.1633
vt 0.8561 -0.0043
vt 0.8561 -0.0043
vt 0.8083 0.6131
vt 0.7317 0.6214
vt 0.8516 0.663
vt 0.7621 0.7336
vt 0.7213 0.6797
vt 0.8395 0.7881
vt 0.664 0.7149
vt 0.6757 0.8355
vt 0.7535 0.8107
vt 0.6317 0.7764
vt 0.711 0.9234
vt 0.5584 0.7515
vt 0.5584 0.8772
vt 0.5814 0.9947
vt 0.9138 0.4866
vt 0.8394 0.58
vt 0.9545 0.2585
vt 0.9138 0.4866
vt 0.9545 0.2585
vt 0.8692 0.3623
vt 0.7736 0.4979
vt 0.931 0.1633
vt 0.931 0.1633
vt 0.8942 0.2234
vt 0.8561 -0.0043
vt 0.8083 0.6131
vt 0.7621 0.7336
vt 0.7118 0.7907
vt 0.6096 0.7766
vt 0.4122 0.3376
vt 0.5284 0.3629
vt 0.4466 0.4523
vt 0.1493 0.3017
vt 0.2708 0.1475
vt 0.3314 0.2106
vt 0.5491 0.0882
vt 0.5531 0.1758
vt 0.5844 0.2533
vt 0.5529 0.01
vt 0.0187 0.4763
vt 0.0866 0.6702
vt -0.003 0.6094
vt 0.2557 0.6759
vt 0.0925 0.7216
vt 0.2835 0.788
vt 0.4216 0.7091
vt 0.4381 0.862
vt 0.0118 0.759
vt 0.0706 0.8231
vt 0.0141 0.907
vt 0.0958 0.9937
vt 0.1234 0.9357
vt 0.5882 0.2629
vt 0.7387 0.1134
vt 0.7607 0.1688
vt 0.5877 0.2616
vt 0.7333 0.0419
vt 0.547 0.1244
vt 0.7165 -0.0104
vt 0.5529 0.0248
vt 0.5846 0.2539
vt 0.7481 0.1235
vt 0.7639 0.1758
vt 0.553 0.1757
vt 0.7319 0.0722
vt 0.5492 0.0883
vt 0.724 -0.0062
vt 0.5527 0.0096
vt 0.5883 0.2629
vt 0.7386 0.1135
vt 0.7607 0.1688
vt 0.5638 0.1975
vt 0.7333 0.0427
vt 0.5475 0.1244
vt 0.7165 -0.0104
vt 0.553 0.0254
vt 0.5851 0.2532
vt 0.7479 0.1239
vt 0.7635 0.177
vt 0.5527 0.1758
vt 0.7312 0.0718
vt 0.5493 0.088
vt 0.7231 -0.0059
vt 0.5528 0.0093
vt 0.5876 0.2624
vt 0.7385 0.1133
vt 0.7607 0.1685
vt 0.5634 0.1977
vt 0.7334 0.0428
vt 0.5472 0.1252
vt 0.7165 -0.0103
vt 0.553 0.026
vt 0.5853 0.2531
vt 0.749 0.1236
vt 0.7641 0.1758
vt 0.5528 0.1757
vt 0.7317 0.0713
vt 0.549 0.0882
vt 0.7236 -0.0049
vt 0.5528 0.0092
vt 0.5883 0.2623
vt 0.7385 0.1136
vt 0.7607 0.1688
vt 0.5639 0.198
vt 0.7327 0.0432
vt 0.5477 0.1258
vt 0.7165 -0.0104
vt 0.553 0.0254
vt 0.0854 0.45
vt 0.1081 0.6269
vt 0.9327 0.8714
vt 0.9743 0.8562
vt 0.9793 0.8981
vt 0.9537 0.9064
vt 0.9988 0.942
vt 0.9654 0.9528
vt 0.9958 0.9909
vt 0.8956 0.8613
vt 0.9188 0.9096
vt 0.8923 0.9016
vt 0.9105 0.9576
vt 0.8779 0.9498
vt 0.8845 0.9977
vt 0.9392 0.7595
vt 0.8959 0.7911
vt 0.8889 0.7429
vt 0.9277 0.7353
vt 0.8948 0.6901
vt 0.9713 0.7971
vt 0.5526 0.6115
vt 0.3864 0.5889
vt 0.3063 0.3409
vt 0.2231 0.2893
vt 0.158 0.9962
vt 0.2993 0.9733
vt 0.2211 0.9017
vt 0.6561 0.5558
vt 0.5649 0.5923
vt 0.5873 0.5543
vt 0.6068 0.7021
vt 0.5816 0.6764
vt 0.6876 0.5834
vt 0.6292 0.5315
vt 0.5818 0.6473
vt 0.6609 0.5253
vt 0.7036 0.5262
vt 0.7213 0.4191
vt 0.6899 0.4305
vt 0.6734 0.4096
vt 0.6928 0.4277
vt 0.7188 0.3167
vt 0.6992 0.3086
vt 0.696 0.2512
vt 0.6787 0.3169
vt 0.6989 0.3309
vt 0.0708 0.0749
vt 0.223 0.0735
vt 0.2105 0.1197
vt 0.1182 0.1197
vt 0.061 0.1298
vt 0.0206 0.0807
vt 0.0003 0.0948
vt 0.0342 0.1644
vt 0.0344 0.085
vt 0.0206 0.0807
vt 0.0003 0.0948
vt 0.0343 0.1644
vt 0.0344 0.085
vt 0.0206 0.0807
vt 0.0004 0.0948
vt 0.0341 0.1642
vt 0.0344 0.085
vt 0.0206 0.0807
vt 0.0004 0.0948
vt 0.0343 0.1641
vt 0.0344 0.085
vt 0.0344 0.085
vt 0.0004 0.0948
vt 0.0343 0.1642
vt 0.0206 0.0807
vt 0.1907 0.1197
vt 0.0693 0.0749
vt 0.0655 0.1298
vt 0.9632 0.6514
vt 0.9661 0.4714
vt 0.9138 0.4866
vt 0.8394 0.58
vt 0.7736 0.4979
vt 0.7192 0.5131
vt 0.9936 0.2785
vt 0.9545 0.2585
vt 0.9138 0.4866
vt 0.9545 0.2585
vt 0.8692 0.3623
vt 0.7736 0.4979
vt 0.9521 0.1427
vt 0.931 0.1633
vt 0.931 0.1633
vt 0.8942 0.2234
vt 0.8561 -0.0043
vt 0.8561 -0.0043
vt 0.8083 0.6131
vt 0.7317 0.6214
vt 0.8516 0.663
vt 0.7621 0.7336
vt 0.7213 0.6797
vt 0.8395 0.7881
vt 0.664 0.7149
vt 0.6757 0.8355
vt 0.7535 0.8107
vt 0.6317 0.7764
vt 0.711 0.9234
vt 0.5584 0.7515
vt 0.5584 0.8772
vt 0.5814 0.9947
vt 0.9138 0.4866
vt 0.8394 0.58
vt 0.9545 0.2585
vt 0.9138 0.4866
vt 0.8692 0.3623
vt 0.9545 0.2585
vt 0.7736 0.4979
vt 0.931 0.1633
vt 0.8942 0.2234
vt 0.931 0.1633
vt 0.8561 -0.0043
vt 0.8083 0.6131
vt 0.7621 0.7336
vt 0.7118 0.7907
vt 0.6096 0.7766
vt 0.4122 0.3376
vt 0.3314 0.2106
vt 0.5531 0.1758
vt 0.5491 0.0882
vt 0.0866 0.6702
vt 0.0925 0.7216
vt 0.2557 0.6759
vt 0.2835 0.788
vt 0.0706 0.8231
vt 0.1234 0.9357
vt 0.7387 0.1134
vt 0.5877 0.2616
vt 0.7333 0.0419
vt 0.547 0.1244
vt 0.7481 0.1235
vt 0.553 0.1757
vt 0.7319 0.0722
vt 0.5492 0.0883
vt 0.7386 0.1135
vt 0.5638 0.1975
vt 0.7333 0.0427
vt 0.5475 0.1244
vt 0.7479 0.1239
vt 0.5527 0.1758
vt 0.7312 0.0718
vt 0.5493 0.088
vt 0.7385 0.1133
vt 0.5634 0.1977
vt 0.7334 0.0428
vt 0.5472 0.1252
vt 0.749 0.1236
vt 0.5528 0.1757
vt 0.7317 0.0713
vt 0.549 0.0882
vt 0.7385 0.1136
vt 0.5639 0.198
vt 0.7327 0.0432
vt 0.5477 0.1258
vt 0.1081 0.6269
vt 0.0854 0.45
vt 0.9322 0.8714
vt 0.9788 0.8981
vt 0.9738 0.8562
vt 0.9532 0.9064
vt 0.9984 0.942
vt 0.9649 0.9528
vt 0.9954 0.9909
vt 0.8951 0.8613
vt 0.9183 0.9096
vt 0.8919 0.9016
vt 0.9101 0.9576
vt 0.8774 0.9498
vt 0.8841 0.9977
vt 0.9388 0.7595
vt 0.8884 0.7429
vt 0.8955 0.7911
vt 0.9273 0.7353
vt 0.8944 0.6901
vt 0.9709 0.7971
vt 0.3864 0.5889
vt 0.3063 0.3409
vt 0.2231 0.2893
vt 0.2211 0.9017
vt 0.6561 0.5558
vt 0.5873 0.5543
vt 0.5649 0.5923
vt 0.6068 0.7021
vt 0.5816 0.6764
vt 0.6876 0.5834
vt 0.6292 0.5315
vt 0.6609 0.5253
vt 0.5818 0.6473
vt 0.7036 0.5262
vt 0.7213 0.4191
vt 0.6899 0.4305
vt 0.6734 0.4096
vt 0.6928 0.4277
vt 0.7188 0.3167
vt 0.696 0.2512
vt 0.6992 0.3086
vt 0.6787 0.3169
vt 0.6989 0.3309
vt 0.0708 0.0742
vt 0.223 0.0728
vt 0.0206 0.0807
vt 0.0342 0.1644
vt 0.0003 0.0948
vt 0.0344 0.085
vt 0.0206 0.0807
vt 0.0343 0.1644
vt 0.0003 0.0948
vt 0.0344 0.085
vt 0.0206 0.0807
vt 0.0341 0.1642
vt 0.0004 0.0948
vt 0.0344 0.085
vt 0.0206 0.0807
vt 0.0343 0.1641
vt 0.0004 0.0948
vt 0.0344 0.085
vt 0.0344 0.085
vt 0.0343 0.1642
vt 0.0004 0.0948
vt 0.0206 0.0807
vt 0.0693 0.0742
f 1/1/1 3/3/3 2/2/2
f 1/1/1 2/2/2 4/4/4
f 4/4/4 2/2/2 5/5/5
f 4/4/4 5/5/5 6/6/6
f 3/3/3 8/8/8 7/7/7
f 3/3/3 7/7/7 2/2/2
f 9/9/9 11/11/11 10/10/10
f 9/9/9 10/10/10 12/12/12
f 8/8/8 14/14/14 13/13/13
f 8/8/8 13/13/13 7/7/7
f 11/11/11 16/16/16 15/15/15
f 11/11/11 15/15/15 10/10/10
f 17/17/17 13/13/13 14/14/14
f 18/18/18 15/15/15 16/16/16
f 6/6/6 19/19/19 4/4/4
f 19/19/19 6/6/6 20/20/20
f 4/4/4 21/21/21 1/1/1
f 21/21/21 4/4/4 19/19/19
f 20/20/20 22/22/22 19/19/19
f 22/22/22 20/20/20 23/23/23
f 19/19/19 24/24/24 21/21/21
f 24/24/24 19/19/19 22/22/22
f 25/25/25 26/26/26 22/22/22
f 22/22/22 23/23/23 25/25/25
f 22/22/22 27/27/27 24/24/24
f 27/27/27 22/22/22 26/26/26
f 26/26/26 25/25/25 28/28/28
f 26/26/26 29/29/29 27/27/27
f 30/30/30 31/31/31 26/26/26
f 26/26/26 28/28/28 30/30/30
f 31/31/31 32/32/32 29/29/29
f 29/29/29 26/26/26 31/31/31
f 1/1/1 33/33/33 3/3/3
f 1/1/1 34/34/34 33/33/33
f 34/34/34 5/5/5 33/33/33
f 34/34/34 6/6/6 5/5/5
f 3/3/3 35/35/35 8/8/8
f 3/3/3 33/33/33 35/35/35
f 36/36/36 38/38/38 37/37/37
f 36/36/36 39/39/39 38/38/38
f 8/8/8 40/40/40 14/14/14
f 8/8/8 35/35/35 40/40/40
f 37/37/37 42/42/42 41/41/41
f 37/37/37 38/38/38 42/42/42
f 17/17/17 14/14/14 40/40/40
f 43/43/43 41/41/41 42/42/42
f 6/6/6 34/34/34 44/44/44
f 44/44/44 20/20/20 6/6/6
f 34/34/34 1/1/1 21/21/21
f 21/21/21 44/44/44 34/34/34
f 20/20/20 44/44/44 45/45/45
f 45/45/45 23/23/23 20/20/20
f 44/44/44 21/21/21 24/24/24
f 24/24/24 45/45/45 44/44/44
f 25/25/25 45/45/45 46/46/46
f 45/45/45 25/25/25 23/23/23
f 45/45/45 24/24/24 27/27/27
f 27/27/27 46/46/46 45/45/45
f 46/46/46 28/28/28 25/25/25
f 46/46/46 27/27/27 29/29/29
f 30/30/30 46/46/46 47/47/47
f 46/46/46 30/30/30 28/28/28
f 46/46/46 32/32/32 47/47/47
f 32/32/32 46/46/46 29/29/29
f 48/48/48 50/50/50 49/49/49
f 51/51/51 53/53/53 52/52/52
f 53/53/53 55/55/55 54/54/54
f 53/53/53 48/48/48 55/55/55
f 48/48/48 56/56/56 55/55/55
f 48/48/48 49/49/49 56/56/56
f 52/52/52 54/54/54 57/57/57
f 52/52/52 53/53/53 54/54/54
f 58/58/58 60/60/60 59/59/59
f 59/59/59 62/62/62 61/61/61
f 63/63/63 65/65/65 64/64/64
f 60/60/60 66/66/66 62/62/62
f 60/60/60 62/62/62 59/59/59
f 66/66/66 68/68/68 67/67/67
f 66/66/66 67/67/67 62/62/62
f 69/69/69 70/70/70 67/67/67
f 69/69/69 67/67/67 68/68/68
f 71/71/71 73/73/73 72/72/72
f 71/71/71 72/72/72 74/74/74
f 74/74/74 72/72/72 75/75/75
f 74/74/74 75/75/75 76/76/76
f 76/76/76 75/75/75 77/77/77
f 76/76/76 77/77/77 78/78/78
f 79/79/79 81/81/81 80/80/80
f 79/79/79 80/80/80 82/82/82
f 82/82/82 80/80/80 83/83/83
f 82/82/82 83/83/83 84/84/84
f 84/84/84 83/83/83 85/85/85
f 84/84/84 85/85/85 86/86/86
f 87/87/87 89/89/89 88/88/88
f 87/87/87 88/88/88 90/90/90
f 90/90/90 88/88/88 91/91/91
f 90/90/90 91/91/91 92/92/92
f 92/92/92 91/91/91 93/93/93
f 92/92/92 93/93/93 94/94/94
f 95/95/95 97/97/97 96/96/96
f 95/95/95 96/96/96 98/98/98
f 98/98/98 96/96/96 99/99/99
f 98/98/98 99/99/99 100/100/100
f 100/100/100 99/99/99 101/101/101
f 100/100/100 101/101/101 102/102/102
f 103/103/103 105/105/105 104/104/104
f 103/103/103 104/104/104 106/106/106
f 106/106/106 104/104/104 107/107/107
f 106/106/106 107/107/107 108/108/108
f 108/108/108 107/107/107 109/109/109
f 108/108/108 109/109/109 110/110/110
f 111/111/111 113/113/113 112/112/112
f 111/111/111 112/112/112 114/114/114
f 114/114/114 112/112/112 115/115/115
f 114/114/114 115/115/115 116/116/116
f 116/116/116 115/115/115 117/117/117
f 116/116/116 117/117/117 118/118/118
f 119/119/119 121/121/121 120/120/120
f 119/119/119 120/120/120 122/122/122
f 122/122/122 120/120/120 123/123/123
f 122/122/122 123/123/123 124/124/124
f 124/124/124 123/123/123 125/125/125
f 124/124/124 125/125/125 126/126/126
f 59/59/59 128/128/128 127/127/127
f 129/129/129 131/131/131 130/130/130
f 131/131/131 129/129/129 132/132/132
f 132/132/132 133/133/133 131/131/131
f 133/133/133 132/132/132 134/134/134
f 134/134/134 135/135/135 133/133/133
f 136/136/136 137/137/137 129/129/129
f 137/137/137 136/136/136 138/138/138
f 138/138/138 139/139/139 137/137/137
f 139/139/139 138/138/138 140/140/140
f 140/140/140 141/141/141 139/139/139
f 142/142/142 144/144/144 143/143/143
f 144/144/144 142/142/142 145/145/145
f 145/145/145 146/146/146 144/144/144
f 143/143/143 147/147/147 142/142/142
f 129/129/129 130/130/130 147/147/147
f 136/136/136 147/147/147 143/143/143
f 136/136/136 129/129/129 147/147/147
f 148/148/148 50/50/50 149/149/149
f 148/148/148 149/149/149 64/64/64
f 64/64/64 149/149/149 61/61/61
f 50/50/50 150/150/150 149/149/149
f 150/150/150 50/50/50 48/48/48
f 48/48/48 53/53/53 150/150/150
f 53/53/53 151/151/151 150/150/150
f 127/127/127 58/58/58 59/59/59
f 127/127/127 51/51/51 58/58/58
f 127/127/127 151/151/151 51/51/51
f 151/151/151 53/53/53 51/51/51
f 61/61/61 128/128/128 59/59/59
f 62/62/62 63/63/63 61/61/61
f 63/63/63 64/64/64 61/61/61
f 152/152/152 70/70/70 69/69/69
f 153/153/153 65/65/65 154/154/154
f 65/65/65 63/63/63 154/154/154
f 154/154/154 63/63/63 70/70/70
f 155/155/155 157/157/157 156/156/156
f 158/158/158 155/155/155 159/159/159
f 155/155/155 158/158/158 160/160/160
f 155/155/155 156/156/156 159/159/159
f 157/157/157 155/155/155 161/161/161
f 161/161/161 163/163/163 162/162/162
f 162/162/162 157/157/157 161/161/161
f 162/162/162 160/160/160 158/158/158
f 160/160/160 162/162/162 163/163/163
f 155/155/155 160/160/160 164/164/164
f 163/163/163 164/164/164 160/160/160
f 165/165/165 166/166/166 155/155/155
f 155/155/155 164/164/164 165/165/165
f 166/166/166 167/167/167 161/161/161
f 161/161/161 155/155/155 166/166/166
f 161/161/161 168/168/168 163/163/163
f 168/168/168 161/161/161 167/167/167
f 168/168/168 165/165/165 164/164/164
f 164/164/164 163/163/163 168/168/168
f 169/169/169 171/171/171 170/170/170
f 170/170/170 171/171/171 172/172/172
f 172/172/172 171/171/171 173/173/173
f 173/173/173 171/171/171 169/169/169
f 165/165/165 170/170/170 166/166/166
f 170/170/170 165/165/165 169/169/169
f 166/166/166 172/172/172 167/167/167
f 172/172/172 166/166/166 170/170/170
f 167/167/167 173/173/173 168/168/168
f 173/173/173 167/167/167 172/172/172
f 168/168/168 169/169/169 165/165/165
f 169/169/169 168/168/168 173/173/173
f 174/174/174 176/176/176 175/175/175
f 176/176/176 174/174/174 177/177/177
f 178/178/178 177/177/177 174/174/174
f 179/179/179 181/181/181 180/180/180
f 180/180/180 181/181/181 182/182/182
f 182/182/182 181/181/181 179/179/179
f 183/183/183 185/185/185 184/184/184
f 184/184/184 185/185/185 186/186/186
f 186/186/186 185/185/185 183/183/183
f 187/187/187 189/189/189 188/188/188
f 188/188/188 189/189/189 190/190/190
f 190/190/190 189/189/189 187/187/187
f 191/191/191 193/193/193 192/192/192
f 192/192/192 193/193/193 194/194/194
f 194/194/194 193/193/193 191/191/191
f 195/195/195 197/197/197 196/196/196
f 196/196/196 197/197/197 198/198/198
f 198/198/198 197/197/197 195/195/195
f 199/199/199 201/201/201 200/200/200
f 200/200/200 175/175/175 199/199/199
f 175/175/175 176/176/176 199/199/199
f 202/202/202 204/204/204 203/203/203
f 202/202/202 205/205/205 204/204/204
f 205/205/205 206/206/206 204/204/204
f 205/205/205 207/207/207 206/206/206
f 203/203/203 209/209/209 208/208/208
f 203/203/203 204/204/204 209/209/209
f 210/210/210 212/212/212 211/211/211
f 210/210/210 213/213/213 212/212/212
f 208/208/208 215/215/215 214/214/214
f 208/208/208 209/209/209 215/215/215
f 211/211/211 217/217/217 216/216/216
f 211/211/211 212/212/212 217/217/217
f 218/218/218 214/214/214 215/215/215
f 219/219/219 216/216/216 217/217/217
f 207/207/207 205/205/205 220/220/220
f 220/220/220 221/221/221 207/207/207
f 205/205/205 202/202/202 222/222/222
f 222/222/222 220/220/220 205/205/205
f 221/221/221 220/220/220 223/223/223
f 223/223/223 224/224/224 221/221/221
f 220/220/220 222/222/222 225/225/225
f 225/225/225 223/223/223 220/220/220
f 226/226/226 223/223/223 227/227/227
f 223/223/223 226/226/226 224/224/224
f 223/223/223 225/225/225 228/228/228
f 228/228/228 227/227/227 223/223/223
f 227/227/227 229/229/229 226/226/226
f 227/227/227 228/228/228 230/230/230
f 231/231/231 227/227/227 232/232/232
f 227/227/227 231/231/231 229/229/229
f 232/232/232 230/230/230 233/233/233
f 230/230/230 232/232/232 227/227/227
f 202/202/202 203/203/203 234/234/234
f 202/202/202 234/234/234 235/235/235
f 235/235/235 234/234/234 206/206/206
f 235/235/235 206/206/206 207/207/207
f 203/203/203 208/208/208 236/236/236
f 203/203/203 236/236/236 234/234/234
f 237/237/237 239/239/239 238/238/238
f 237/237/237 238/238/238 240/240/240
f 208/208/208 214/214/214 241/241/241
f 208/208/208 241/241/241 236/236/236
f 239/239/239 243/243/243 242/242/242
f 239/239/239 242/242/242 238/238/238
f 218/218/218 241/241/241 214/214/214
f 244/244/244 242/242/242 243/243/243
f 207/207/207 245/245/245 235/235/235
f 245/245/245 207/207/207 221/221/221
f 235/235/235 222/222/222 202/202/202
f 222/222/222 235/235/235 245/245/245
f 221/221/221 246/246/246 245/245/245
f 246/246/246 221/221/221 224/224/224
f 245/245/245 225/225/225 222/222/222
f 225/225/225 245/245/245 246/246/246
f 226/226/226 247/247/247 246/246/246
f 246/246/246 224/224/224 226/226/226
f 246/246/246 228/228/228 225/225/225
f 228/228/228 246/246/246 247/247/247
f 247/247/247 226/226/226 229/229/229
f 247/247/247 230/230/230 228/228/228
f 231/231/231 248/248/248 247/247/247
f 247/247/247 229/229/229 231/231/231
f 247/247/247 248/248/248 233/233/233
f 233/233/233 230/230/230 247/247/247
f 249/249/249 49/49/49 50/50/50
f 51/51/51 52/52/52 250/250/250
f 250/250/250 252/252/252 251/251/251
f 250/250/250 251/251/251 249/249/249
f 249/249/249 251/251/251 56/56/56
f 249/249/249 56/56/56 49/49/49
f 52/52/52 57/57/57 252/252/252
f 52/52/52 252/252/252 250/250/250
f 58/58/58 253/253/253 60/60/60
f 253/253/253 255/255/255 254/254/254
f 256/256/256 64/64/64 65/65/65
f 60/60/60 254/254/254 66/66/66
f 60/60/60 253/253/253 254/254/254
f 66/66/66 257/257/257 68/68/68
f 66/66/66 254/254/254 257/257/257
f 69/69/69 257/257/257 258/258/258
f 69/69/69 68/68/68 257/257/257
f 71/71/71 259/259/259 73/73/73
f 71/71/71 260/260/260 259/259/259
f 260/260/260 261/261/261 259/259/259
f 260/260/260 262/262/262 261/261/261
f 262/262/262 77/77/77 261/261/261
f 262/262/262 78/78/78 77/77/77
f 79/79/79 263/263/263 81/81/81
f 79/79/79 264/264/264 263/263/263
f 264/264/264 265/265/265 263/263/263
f 264/264/264 266/266/266 265/265/265
f 266/266/266 85/85/85 265/265/265
f 266/266/266 86/86/86 85/85/85
f 87/87/87 267/267/267 89/89/89
f 87/87/87 268/268/268 267/267/267
f 268/268/268 269/269/269 267/267/267
f 268/268/268 270/270/270 269/269/269
f 270/270/270 93/93/93 269/269/269
f 270/270/270 94/94/94 93/93/93
f 95/95/95 271/271/271 97/97/97
f 95/95/95 272/272/272 271/271/271
f 272/272/272 273/273/273 271/271/271
f 272/272/272 274/274/274 273/273/273
f 274/274/274 101/101/101 273/273/273
f 274/274/274 102/102/102 101/101/101
f 103/103/103 275/275/275 105/105/105
f 103/103/103 276/276/276 275/275/275
f 276/276/276 277/277/277 275/275/275
f 276/276/276 278/278/278 277/277/277
f 278/278/278 109/109/109 277/277/277
f 278/278/278 110/110/110 109/109/109
f 111/111/111 279/279/279 113/113/113
f 111/111/111 280/280/280 279/279/279
f 280/280/280 281/281/281 279/279/279
f 280/280/280 282/282/282 281/281/281
f 282/282/282 117/117/117 281/281/281
f 282/282/282 118/118/118 117/117/117
f 119/119/119 283/283/283 121/121/121
f 119/119/119 284/284/284 283/283/283
f 284/284/284 285/285/285 283/283/283
f 284/284/284 286/286/286 285/285/285
f 286/286/286 125/125/125 285/285/285
f 286/286/286 126/126/126 125/125/125
f 253/253/253 288/288/288 287/287/287
f 289/289/289 291/291/291 290/290/290
f 290/290/290 292/292/292 289/289/289
f 292/292/292 290/290/290 293/293/293
f 293/293/293 294/294/294 292/292/292
f 294/294/294 293/293/293 295/295/295
f 296/296/296 289/289/289 297/297/297
f 297/297/297 298/298/298 296/296/296
f 298/298/298 297/297/297 299/299/299
f 299/299/299 300/300/300 298/298/298
f 300/300/300 299/299/299 301/301/301
f 302/302/302 304/304/304 303/303/303
f 303/303/303 305/305/305 302/302/302
f 305/305/305 303/303/303 306/306/306
f 304/304/304 302/302/302 307/307/307
f 289/289/289 307/307/307 291/291/291
f 296/296/296 304/304/304 307/307/307
f 296/296/296 307/307/307 289/289/289
f 148/148/148 308/308/308 50/50/50
f 148/148/148 64/64/64 308/308/308
f 64/64/64 255/255/255 308/308/308
f 50/50/50 308/308/308 309/309/309
f 309/309/309 249/249/249 50/50/50
f 249/249/249 309/309/309 250/250/250
f 250/250/250 309/309/309 310/310/310
f 288/288/288 253/253/253 58/58/58
f 288/288/288 58/58/58 51/51/51
f 288/288/288 51/51/51 310/310/310
f 310/310/310 51/51/51 250/250/250
f 255/255/255 253/253/253 287/287/287
f 254/254/254 255/255/255 256/256/256
f 256/256/256 255/255/255 64/64/64
f 152/152/152 69/69/69 258/258/258
f 153/153/153 311/311/311 65/65/65
f 65/65/65 311/311/311 256/256/256
f 311/311/311 258/258/258 256/256/256
f 312/312/312 314/314/314 313/313/313
f 315/315/315 316/316/316 312/312/312
f 312/312/312 317/317/317 315/315/315
f 312/312/312 316/316/316 314/314/314
f 313/313/313 318/318/318 312/312/312
f 318/318/318 320/320/320 319/319/319
f 320/320/320 318/318/318 313/313/313
f 320/320/320 315/315/315 317/317/317
f 317/317/317 319/319/319 320/320/320
f 312/312/312 321/321/321 317/317/317
f 319/319/319 317/317/317 321/321/321
f 322/322/322 312/312/312 323/323/323
f 312/312/312 322/322/322 321/321/321
f 323/323/323 318/318/318 324/324/324
f 318/318/318 323/323/323 312/312/312
f 318/318/318 319/319/319 325/325/325
f 325/325/325 324/324/324 318/318/318
f 325/325/325 321/321/321 322/322/322
f 321/321/321 325/325/325 319/319/319
f 326/326/326 328/328/328 327/327/327
f 328/328/328 329/329/329 327/327/327
f 329/329/329 330/330/330 327/327/327
f 330/330/330 326/326/326 327/327/327
f 322/322/322 323/323/323 328/328/328
f 328/328/328 326/326/326 322/322/322
f 323/323/323 324/324/324 329/329/329
f 329/329/329 328/328/328 323/323/323
f 324/324/324 325/325/325 330/330/330
f 330/330/330 329/329/329 324/324/324
f 325/325/325 322/322/322 326/326/326
f 326/326/326 330/330/330 325/325/325
f 331/331/331 332/332/332 176/176/176
f 176/176/176 177/177/177 331/331/331
f 178/178/178 331/331/331 177/177/177
f 333/333/333 335/335/335 334/334/334
f 335/335/335 336/336/336 334/334/334
f 336/336/336 333/333/333 334/334/334
f 337/337/337 339/339/339 338/338/338
f 339/339/339 340/340/340 338/338/338
f 340/340/340 337/337/337 338/338/338
f 341/341/341 343/343/343 342/342/342
f 343/343/343 344/344/344 342/342/342
f 344/344/344 341/341/341 342/342/342
f 345/345/345 347/347/347 346/346/346
f 347/347/347 348/348/348 346/346/346
f 348/348/348 345/345/345 346/346/346
f 349/349/349 351/351/351 350/350/350
f 351/351/351 352/352/352 350/350/350
f 352/352/352 349/349/349 350/350/350
f 199/199/199 353/353/353 201/201/201
f 353/353/353 199/199/199 332/332/332
f 332/332/332 199/199/199 176/176/176

g drr_02
# texture: drr_02.jpg
v 0.076571 35.80943 -366.7289
v 4.948917 22.14523 -400.6646
v 0.07687 34.16815 -386.712
v 6.903341 26.15522 -371.5113
v 4.95039 15.11022 -407.638
v 6.904987 18.02395 -377.0648
v 0.082623 5.46534 -409.5136
v 0.082203 7.860548 -381.0503
v 0.084293 -2.661125 -501.4376
v 0.078419 26.82589 -469.8006
v 4.948109 26.36917 -439.6751
v 4.95052 14.04403 -450.8387
v 0.082005 8.654617 -454.581
v 0.075077 43.21439 -440.179
v 4.943962 47.0009 -393.3899
v 4.945759 38.32309 -429.5009
v 0.070616 65.62336 -343.7044
v 44.66095 272.6978 21.50833
v 32.96032 256.1853 -23.67097
v 44.64595 239.9419 -13.05572
v 32.73013 285.1833 17.3544
v 40.52169 266.2162 -32.23462
v 39.62362 299.4024 2.255923
v 51.5812 259.1473 -27.19733
v 59.15357 282.9473 22.83223
v 41.39427 206.3083 -75.82944
v 54.91796 188.6805 -65.45962
v 42.87251 191.5656 -61.33705
v 48.66854 76.34146 -125.2364
v 45.55583 181.8777 -76.69435
v 66.78487 187.8357 -81.18835
v 51.37473 172.3234 -63.83836
v 53.23392 129.0753 -69.64274
v 20.70052 287.1353 17.70308
v 0.043715 300.0453 -21.3145
v 0.043613 309.2557 11.01884
v 36.67819 182.4933 -60.97953
v 51.37473 172.3234 -63.83836
v 48.66854 76.34146 -125.2364
v 36.67819 182.4933 -60.97953
v 41.50121 339.0132 -0.37542
v 42.87251 191.5656 -61.33705
v 29.8847 353.6834 -5.67382
v 46.39954 391.5045 -13.27296
v 50.04296 401.5909 0.758719
v 100.9133 325.8053 -89.0283
v 108.8665 329.5366 -90.91811
v 103.5208 324.4246 -86.23296
v 59.56952 390.8175 4.466135
v 154.5316 176.0919 -165.1852
v 140.9085 162.201 -140.5225
v 119.7219 191.193 -140.6887
v 119.7219 191.193 -140.6887
v 103.5208 324.4246 -86.23296
v 140.9085 162.201 -140.5225
v 154.5316 176.0919 -165.1852
v 44.72437 376.2961 -18.09579
v 85.12862 309.7626 -75.31785
v 93.09306 314.489 -76.6816
v 87.66922 308.5407 -72.38997
v 124.0995 160.5758 -115.7808
v 106.3754 180.1682 -117.2909
v 106.3754 180.1682 -117.2909
v 87.66922 308.5407 -72.38997
v 124.0995 160.5758 -115.7808
v 140.9085 162.201 -140.5225
v 93.09306 314.489 -76.6816
v 59.56952 390.8175 4.466135
v 33.68767 362.0723 -15.05038
v 70.65865 295.8155 -65.11801
v 77.33979 299.3882 -66.24606
v 73.23333 294.6901 -62.18136
v 109.8736 174.6523 -96.12265
v 87.46173 181.7137 -90.61552
v 87.46173 181.7137 -90.61552
v 73.23333 294.6901 -62.18136
v 109.8736 174.6523 -96.12265
v 124.0995 160.5758 -115.7808
v 56.50537 289.1384 -55.67062
v 63.01894 292.2822 -57.19799
v 59.84341 288.2718 -53.25175
v 63.01894 292.2822 -57.19799
v 46.0823 359.4025 2.504116
v 23.73663 380.9925 17.48636
v 41.62747 377.4781 11.40891
v 17.10809 396.937 32.1121
v 25.08602 406.844 32.33045
v 37.20757 399.2293 11.00355
v 32.31401 378.8572 -3.792908
v 12.36491 407.2691 27.36985
v 14.31702 416.157 58.10737
v 77.33979 299.3882 -66.24606
v 57.37587 372.4234 -1.233149
v 54.91796 188.6805 -65.45962
v 41.68436 352.1898 -7.975586
v 66.78487 187.8357 -81.18835
v 109.8736 174.6523 -96.12265
v 59.84341 288.2718 -53.25175
v 46.0823 359.4025 2.504116
v 57.37587 372.4234 -1.233149
v 48.27087 361.3271 2.598915
v 87.66922 308.5407 -72.38997
v 59.56952 390.8175 4.466135
v 57.37587 372.4234 -1.233149
v 53.23392 129.0753 -69.64274
v 48.66854 76.34146 -125.2364
v 54.91796 188.6805 -65.45962
v 54.91796 188.6805 -65.45962
v 48.66854 76.34146 -125.2364
v 41.68436 352.1898 -7.975586
v 51.5812 259.1473 -27.19733
v 44.66095 272.6978 21.50833
v 59.15357 282.9473 22.83223
v 0.043715 300.0453 -21.3145
v -4.790375 22.1433 -400.6645
v -6.746237 26.15243 -371.5112
v -4.788906 15.10829 -407.638
v -6.744617 18.02127 -377.0648
v -4.791264 26.36725 -439.675
v -4.788754 14.0421 -450.8386
v -4.79353 38.32116 -429.5008
v -4.795338 46.99898 -393.3898
v -44.6607 272.7512 21.57738
v -44.64564 239.9953 -12.98648
v -32.96006 256.2386 -23.60187
v -32.72982 285.2367 17.42338
v -40.52153 266.2695 -32.16554
v -39.62338 299.4558 2.324868
v -51.58089 259.2007 -27.12827
v -59.15327 283.0008 22.90129
v -41.39417 206.3615 -75.76025
v -56.14563 186.5707 -60.21674
v -42.8762 191.4856 -61.30226
v -45.94682 79.12497 -127.9202
v -66.71558 187.8038 -81.14582
v -47.5289 181.4412 -72.84943
v -49.16125 127.8079 -68.65813
v -50.86289 170.6076 -60.124
v -20.61329 287.1353 17.70314
v -36.99482 182.0767 -58.19431
v -50.86289 170.6076 -60.124
v -45.94682 79.12497 -127.9202
v -36.99482 182.0767 -58.19431
v -41.50475 338.9334 -0.341065
v -42.8762 191.4856 -61.30226
v -29.88835 353.6035 -5.639526
v -46.33058 391.4726 -13.23077
v -100.8995 325.8748 -88.97823
v -49.97398 401.559 0.800971
v -108.8527 329.606 -90.86806
v -103.507 324.494 -86.18288
v -59.50044 390.7856 4.50828
v -154.5175 176.1613 -165.1349
v -140.8573 162.24 -140.464
v -119.7079 191.2624 -140.6384
v -119.7079 191.2624 -140.6384
v -140.8573 162.24 -140.464
v -103.507 324.494 -86.18288
v -154.5175 176.1613 -165.1349
v -44.6554 376.2642 -18.05359
v -85.07748 309.8018 -75.25962
v -93.04185 314.5284 -76.62346
v -87.61803 308.58 -72.33181
v -124.0312 160.5816 -115.7265
v -106.3242 180.2074 -117.2325
v -106.3242 180.2074 -117.2325
v -124.0312 160.5816 -115.7265
v -87.61803 308.58 -72.33181
v -140.8573 162.24 -140.464
v -93.04185 314.5284 -76.62346
v -59.50044 390.7856 4.50828
v -33.61861 362.0403 -15.00812
v -70.59053 295.8214 -65.06398
v -77.27174 299.3941 -66.19199
v -73.16526 294.696 -62.12736
v -109.8042 174.6202 -96.08003
v -87.39347 181.7196 -90.56133
v -87.39347 181.7196 -90.56133
v -109.8042 174.6202 -96.08003
v -73.16526 294.696 -62.12736
v -124.0312 160.5816 -115.7265
v -56.43624 289.1065 -55.6282
v -62.94976 292.2503 -57.15565
v -59.77431 288.2399 -53.2094
v -62.94976 292.2503 -57.15565
v -46.01321 359.3705 2.546398
v -23.66763 380.9606 17.52854
v -17.03911 396.9053 32.15431
v -41.55843 377.4462 11.45121
v -25.01701 406.8123 32.37254
v -37.13859 399.1975 11.04576
v -12.29588 407.2373 27.41212
v -32.245 378.8253 -3.750669
v -14.24795 416.1252 58.14948
v -77.27174 299.3941 -66.19199
v -57.30679 372.3914 -1.190964
v -56.14563 186.5707 -60.21674
v -41.68797 352.11 -7.941284
v -66.71558 187.8038 -81.14582
v -59.77431 288.2399 -53.2094
v -109.8042 174.6202 -96.08003
v -46.01321 359.3705 2.546398
v -57.30679 372.3914 -1.190964
v -48.27441 361.2473 2.633148
v -87.61803 308.58 -72.33181
v -57.30679 372.3914 -1.190964
v -59.50044 390.7856 4.50828
v -49.16125 127.8079 -68.65813
v -56.14563 186.5707 -60.21674
v -45.94682 79.12497 -127.9202
v -56.14563 186.5707 -60.21674
v -45.94682 79.12497 -127.9202
v -41.68797 352.11 -7.941284
v -51.58089 259.2007 -27.12827
v -44.6607 272.7512 21.57738
v -59.15327 283.0008 22.90129
vn -0.002333 0.994481 -0.104893
vn 0.991509 0.128074 0.022508
vn 0.00003 0.043819 0.99904
vn 0.932387 0.354372 -0.071238
vn 0.966825 -0.253601 -0.030605
vn 0.965314 -0.258294 -0.038112
vn 0.000219 -0.999999 0.001349
vn -0.004859 -0.999737 -0.022407
vn 0.000202 -0.966893 -0.255181
vn -0.000096 0.795666 -0.605736
vn 0.992341 0.084959 -0.089673
vn 0.96001 -0.279692 0.012389
vn 0.000227 -0.996265 0.086345
vn -0.0002 0.952254 -0.305307
vn 0.984442 0.158144 0.076579
vn 0.969356 0.222169 -0.10483
vn -0.000234 0.980868 0.194672
vn -0.930043 -0.267987 0.251405
vn -0.993998 -0.09144 0.060055
vn -0.873671 -0.320036 0.366438
vn -0.677272 0.340911 -0.651983
vn -0.188688 0.635562 -0.748637
vn 0.21812 0.95346 -0.208178
vn 0.67407 0.502286 -0.541608
vn 0.895448 0.438311 -0.077822
vn -0.296662 -0.183116 -0.937262
vn 0.936035 -0.098423 -0.337864
vn 0.476006 -0.84944 0.227751
vn -0.979122 0.072539 -0.189889
vn -0.77875 0.001571 -0.627332
vn -0.272945 0.272481 -0.922635
vn -0.902174 -0.385513 0.193552
vn -0.994774 -0.080243 0.063133
vn 0.482185 0.717677 0.502432
vn 0.000522 0.841217 -0.540698
vn 0.000651 0.999093 -0.042586
vn -0.730588 -0.618148 0.290061
vn -0.902174 -0.385513 0.193552
vn -0.979122 0.072539 -0.189889
vn -0.730588 -0.618148 0.290061
vn 0.372289 -0.442463 0.81586
vn 0.476006 -0.84944 0.227751
vn -0.980477 -0.041063 -0.192299
vn -0.567201 0.478284 -0.670468
vn 0.408363 0.900692 0.148303
vn -0.669769 0.29899 -0.679717
vn 0.738467 0.607521 -0.29255
vn 0.869341 0.125753 0.477947
vn 0.691013 0.140495 0.709057
vn -0.107289 0.401033 -0.909759
vn -0.873709 -0.007052 -0.486397
vn -0.991432 -0.114242 -0.063333
vn 0.993214 0.091245 0.072114
vn 0.875313 -0.087249 0.475621
vn 0.904177 0.038328 0.425436
vn 0.465481 -0.285742 0.837663
vn -0.618636 0.28504 -0.732149
vn -0.693316 0.168012 -0.700775
vn -0.515406 0.147961 -0.844076
vn 0.727815 -0.187732 0.659578
vn -0.816704 -0.012399 -0.576924
vn -0.987953 -0.151057 -0.033636
vn 0.990677 0.128042 0.046535
vn 0.80965 -0.168296 0.562267
vn 0.871932 0.058154 0.486162
vn 0.904177 0.038328 0.425436
vn 0.748683 -0.169852 0.6408
vn 0.775666 -0.267875 0.571477
vn -0.739172 0.204839 -0.641612
vn -0.606364 0.175433 -0.775594
vn -0.327766 0.200018 -0.923343
vn 0.737084 -0.217432 0.639868
vn -0.3484 0.222829 -0.910475
vn -0.924581 -0.207574 0.319474
vn 0.933336 0.193676 -0.302281
vn 0.620552 -0.275148 0.734309
vn 0.528047 -0.12967 0.839257
vn 0.871932 0.058154 0.486162
vn -0.504304 0.198047 -0.840509
vn -0.250001 0.213462 -0.944422
vn 0.491001 -0.32965 0.80638
vn 0.475326 -0.321523 0.818956
vn 0.470691 -0.517122 0.714867
vn -0.657684 -0.541675 0.523488
vn 0.503129 -0.141058 0.852622
vn -0.184676 -0.701832 0.687987
vn 0.801278 0.418428 0.427635
vn 0.031453 0.978864 -0.202078
vn -0.798843 0.26808 -0.538501
vn -0.799385 0.432614 -0.416928
vn -0.276101 0.113149 0.954445
vn 0.642145 -0.234958 0.729688
vn 0.735517 -0.317744 0.598376
vn 0.936035 -0.098423 -0.337864
vn 0.986916 -0.044145 0.155072
vn -0.097867 -0.272982 0.957028
vn 0.528047 -0.12967 0.839257
vn 0.578368 -0.228407 0.783148
vn 0.394654 -0.20676 0.895265
vn 0.646859 -0.301762 0.700367
vn 0.823923 0.363602 0.434678
vn 0.80965 -0.168296 0.562267
vn 0.775666 -0.267875 0.571477
vn 0.735517 -0.317744 0.598376
vn 0.995948 -0.033355 0.083519
vn 0.876983 -0.191246 0.440824
vn 0.987496 -0.054846 0.147799
vn 0.987496 -0.054846 0.147799
vn 0.876983 -0.191246 0.440824
vn 0.864359 -0.103035 0.492206
vn 0.921397 -0.318885 0.222126
vn 0.660839 -0.198677 0.723754
vn 0.101595 -0.267356 0.958227
vn 0.000115 0.549825 0.83528
vn -0.991558 0.127689 0.022542
vn -0.933875 0.352672 -0.059156
vn -0.966731 -0.253954 -0.030629
vn -0.966999 -0.252862 -0.031217
vn -0.992383 0.084496 -0.089645
vn -0.959916 -0.280015 0.01241
vn -0.969434 0.22182 -0.104854
vn -0.98451 0.157725 0.076568
vn 0.947268 -0.234516 0.218371
vn 0.906584 -0.270174 0.324208
vn 0.993396 -0.093655 0.066275
vn 0.676824 0.340352 -0.65274
vn 0.183659 0.626355 -0.757594
vn -0.217325 0.953918 -0.206907
vn -0.672651 0.490689 -0.553864
vn -0.895404 0.438469 -0.077442
vn 0.253021 -0.241221 -0.936906
vn -0.914163 -0.152222 -0.375679
vn -0.421551 -0.900982 0.102601
vn 0.964201 0.146754 -0.220862
vn 0.396983 0.273774 -0.876044
vn 0.797517 0.029371 -0.602581
vn 0.998383 0.016439 -0.054416
vn 0.954533 -0.288931 0.073386
vn -0.435344 0.748062 0.500879
vn 0.760739 -0.615549 0.205854
vn 0.954533 -0.288931 0.073386
vn 0.964201 0.146754 -0.220862
vn 0.760739 -0.615549 0.205854
vn -0.340589 -0.447814 0.826717
vn -0.421551 -0.900982 0.102601
vn 0.978809 -0.044553 -0.19987
vn 0.567178 0.478334 -0.670452
vn 0.669581 0.299246 -0.679789
vn -0.408003 0.900798 0.14865
vn -0.738315 0.607851 -0.292247
vn -0.869141 0.12588 0.478276
vn -0.690829 0.140554 0.709225
vn 0.107223 0.400985 -0.909788
vn 0.873282 -0.006581 -0.487171
vn 0.991417 -0.11386 -0.06425
vn -0.99318 0.090961 0.072937
vn -0.903937 0.037901 0.425983
vn -0.875027 -0.08762 0.476078
vn -0.465495 -0.285722 0.837662
vn 0.618561 0.285104 -0.732187
vn 0.693071 0.168247 -0.70096
vn 0.514261 0.14878 -0.84463
vn -0.727845 -0.187726 0.659546
vn 0.8164 -0.012142 -0.577359
vn 0.987955 -0.15095 -0.034037
vn -0.99067 0.127954 0.046921
vn -0.871791 0.057981 0.486435
vn -0.809535 -0.168373 0.56241
vn -0.903937 0.037901 0.425983
vn -0.748094 -0.170411 0.64134
vn -0.775385 -0.268176 0.571716
vn 0.740147 0.204019 -0.640749
vn 0.606114 0.175607 -0.77575
vn 0.327103 0.200414 -0.923492
vn -0.737096 -0.217414 0.63986
vn 0.347512 0.223199 -0.910724
vn 0.924548 -0.207601 0.319551
vn -0.933319 0.193591 -0.302388
vn -0.527522 -0.129966 0.839541
vn -0.620651 -0.27509 0.734246
vn -0.871791 0.057981 0.486435
vn 0.541398 0.183958 -0.820395
vn 0.24949 0.213672 -0.94451
vn -0.49061 -0.329692 0.806601
vn -0.475514 -0.321425 0.818885
vn -0.471518 -0.516726 0.714608
vn 0.657702 -0.541782 0.523355
vn 0.184617 -0.701873 0.687962
vn -0.504657 -0.140079 0.85188
vn -0.80126 0.418425 0.427672
vn -0.031486 0.978862 -0.202083
vn 0.79941 0.432564 -0.416932
vn 0.799448 0.26727 -0.538006
vn 0.276113 0.11312 0.954445
vn -0.641881 -0.235076 0.729882
vn -0.735492 -0.317819 0.598366
vn -0.914163 -0.152222 -0.375679
vn -0.991444 -0.017942 0.129298
vn 0.127456 -0.273976 0.953254
vn -0.601391 -0.218321 0.768547
vn -0.527522 -0.129966 0.839541
vn -0.420799 -0.198247 0.885227
vn -0.64687 -0.30179 0.700344
vn -0.845049 0.375648 0.3805
vn -0.809535 -0.168373 0.56241
vn -0.735492 -0.317819 0.598366
vn -0.775385 -0.268176 0.571716
vn -0.962857 -0.124457 0.239619
vn -0.968047 -0.100756 0.229637
vn -0.861848 -0.240528 0.446502
vn -0.968047 -0.100756 0.229637
vn -0.861848 -0.240528 0.446502
vn -0.893266 -0.062606 0.445147
vn -0.860268 -0.375133 0.345275
vn -0.654879 -0.216187 0.724153
vn -0.10138 -0.267103 0.958321
vt 0.4437 0.7299
vt 0.5309 0.6698
vt 0.5029 0.7138
vt 0.4487 0.6999
vt 0.5441 0.645
vt 0.4571 0.6733
vt 0.5412 0.6174
vt 0.4595 0.6426
vt 0.7856 0.5243
vt 0.7238 0.6301
vt 0.6411 0.649
vt 0.6613 0.6064
vt 0.667 0.5888
vt 0.6565 0.6941
vt 0.5318 0.743
vt 0.6233 0.6897
vt 0.4116 0.8344
vt 0.0987 0.7981
vt 0.1895 0.7674
vt 0.1927 0.8074
vt 0.0899 0.7719
vt 0.1907 0.7419
vt 0.0963 0.7318
vt 0.1915 0.7606
vt 0.0843 0.7852
vt 0.3319 0.7831
vt 0.3258 0.816
vt 0.3612 0.7847
vt 0.0267 0.7097
vt 0.0381 0.4656
vt 0.3239 0.5679
vt 0.2958 0.8394
vt 0.2651 0.8952
vt 0.053 0.7239
vt 0.0119 0.8016
vt 0.0119 0.7391
vt 0.3258 0.825
vt 0.0025 0.4709
vt 0.3108 0.9259
vt 0.0177 0.4509
vt 0.2585 0.1799
vt 0.0323 0.4063
vt 0.2924 0.1781
vt 0.3758 0.134
vt 0.375 0.103
vt 0.6415 0.0325
vt 0.6399 0.0141
vt 0.6413 0.0318
vt 0.3791 0.1217
vt 0.9969 0.0137
vt 0.8947 0.3731
vt 0.9307 0.0792
vt 0.9422 0.9285
vt 0.6285 0.9871
vt 0.9044 0.6487
vt 1.0045 0.9971
vt 0.3665 0.1662
vt 0.5951 0.2066
vt 0.6022 0.1887
vt 0.5953 0.2059
vt 0.6563 0.5799
vt 0.8018 0.3875
vt 0.9491 0.9372
vt 0.623 0.9674
vt 0.9081 0.6359
vt 0.9912 0.9965
vt 0.6026 0.8253
vt 0.3605 0.9007
vt 0.3341 0.1869
vt 0.4843 0.3252
vt 0.4962 0.315
vt 0.4849 0.3248
vt 0.3989 0.6244
vt 0.5652 0.5402
vt 0.9421 0.9286
vt 0.6283 0.9872
vt 0.9044 0.6487
vt 1.0046 0.9973
vt 0.3565 0.3655
vt 0.3714 0.3627
vt 0.359 0.3656
vt 0.6026 0.8249
vt 0.3603 0.901
vt 0.2979 0.1188
vt 0.3316 0.1354
vt 0.2836 0.0739
vt 0.3043 0.0574
vt 0.341 0.0946
vt 0.3328 0.1449
vt 0.2883 0.0582
vt 0.2664 0.0132
vt 0.6607 0.7991
vt 0.3655 0.8999
vt 0.0177 0.4414
vt 0.2905 0.1832
vt 0.3239 0.5679
vt 0.3989 0.6244
vt 0.359 0.3656
vt 0.3347 0.1783
vt 0.3674 0.1605
vt 0.2985 0.155
vt 0.5953 0.2059
vt 0.3791 0.1217
vt 0.3674 0.1605
vt 0.2651 0.8952
vt 0.3108 0.9259
vt 0.3258 0.816
vt 0.0177 0.4414
vt 0.0267 0.7097
vt 0.2905 0.1832
vt 0.1915 0.7606
vt 0.0987 0.7981
vt 0.0843 0.7852
vt 0.0119 0.8016
vt 0.5309 0.6698
vt 0.4487 0.6999
vt 0.5441 0.645
vt 0.4571 0.6733
vt 0.6411 0.649
vt 0.6613 0.6064
vt 0.6233 0.6897
vt 0.5318 0.743
vt 0.0987 0.7981
vt 0.1927 0.8074
vt 0.1895 0.7674
vt 0.0899 0.7719
vt 0.1907 0.7419
vt 0.0963 0.7318
vt 0.1915 0.7606
vt 0.0843 0.7852
vt 0.3319 0.7831
vt 0.3258 0.816
vt 0.3612 0.7847
vt 0.0267 0.7097
vt 0.3239 0.5679
vt 0.0381 0.4656
vt 0.2651 0.8952
vt 0.2958 0.8394
vt 0.053 0.7239
vt 0.3258 0.825
vt 0.0025 0.4709
vt 0.3108 0.9259
vt 0.0177 0.4509
vt 0.2585 0.1799
vt 0.0323 0.4063
vt 0.2924 0.1781
vt 0.3758 0.134
vt 0.6415 0.0325
vt 0.375 0.103
vt 0.6399 0.0141
vt 0.6413 0.0318
vt 0.3791 0.1217
vt 0.9969 0.0137
vt 0.8947 0.3731
vt 0.9307 0.0792
vt 0.9423 0.9285
vt 0.9044 0.6487
vt 0.6287 0.9871
vt 1.0047 0.9971
vt 0.3665 0.1662
vt 0.5951 0.2066
vt 0.6022 0.1887
vt 0.5953 0.2059
vt 0.6563 0.5799
vt 0.8018 0.3875
vt 0.9492 0.9376
vt 0.9082 0.6364
vt 0.6231 0.9678
vt 0.9913 0.997
vt 0.6027 0.8253
vt 0.3606 0.9007
vt 0.3341 0.1869
vt 0.4843 0.3252
vt 0.4962 0.315
vt 0.4849 0.3248
vt 0.3989 0.6244
vt 0.5652 0.5402
vt 0.9423 0.9286
vt 0.9045 0.6487
vt 0.6284 0.9872
vt 1.0047 0.9973
vt 0.3565 0.3655
vt 0.3714 0.3627
vt 0.359 0.3656
vt 0.6027 0.8249
vt 0.3605 0.901
vt 0.2979 0.1188
vt 0.2836 0.0739
vt 0.3316 0.1354
vt 0.3043 0.0574
vt 0.341 0.0946
vt 0.2883 0.0582
vt 0.3328 0.1449
vt 0.2664 0.0132
vt 0.6608 0.7995
vt 0.3655 0.9004
vt 0.0177 0.4414
vt 0.2905 0.1832
vt 0.3239 0.5679
vt 0.359 0.3656
vt 0.3989 0.6244
vt 0.3347 0.1783
vt 0.3674 0.1605
vt 0.2985 0.155
vt 0.5953 0.2059
vt 0.3674 0.1605
vt 0.3791 0.1217
vt 0.2651 0.8952
vt 0.3258 0.816
vt 0.3108 0.9259
vt 0.0177 0.4414
vt 0.0267 0.7097
vt 0.2905 0.1832
vt 0.1915 0.7606
vt 0.0987 0.7981
vt 0.0843 0.7852
f 354/354/354 356/356/356 355/355/355
f 354/354/354 355/355/355 357/357/357
f 357/357/357 355/355/355 358/358/358
f 357/357/357 358/358/358 359/359/359
f 359/359/359 358/358/358 360/360/360
f 359/359/359 360/360/360 361/361/361
f 362/362/362 364/364/364 363/363/363
f 362/362/362 365/365/365 364/364/364
f 362/362/362 366/366/366 365/365/365
f 367/367/367 369/369/369 368/368/368
f 368/368/368 370/370/370 367/367/367
f 355/355/355 365/365/365 358/358/358
f 365/365/365 355/355/355 364/364/364
f 358/358/358 366/366/366 360/360/360
f 366/366/366 358/358/358 365/365/365
f 356/356/356 368/368/368 355/355/355
f 368/368/368 356/356/356 370/370/370
f 369/369/369 367/367/367 363/363/363
f 363/363/363 364/364/364 369/369/369
f 355/355/355 369/369/369 364/364/364
f 369/369/369 355/355/355 368/368/368
f 371/371/371 373/373/373 372/372/372
f 371/371/371 372/372/372 374/374/374
f 374/374/374 372/372/372 375/375/375
f 374/374/374 375/375/375 376/376/376
f 376/376/376 375/375/375 377/377/377
f 376/376/376 377/377/377 378/378/378
f 372/372/372 379/379/379 375/375/375
f 375/375/375 379/379/379 380/380/380
f 375/375/375 380/380/380 377/377/377
f 379/379/379 381/381/381 380/380/380
f 382/382/382 384/384/384 383/383/383
f 373/373/373 386/386/386 385/385/385
f 386/386/386 373/373/373 371/371/371
f 378/378/378 387/387/387 376/376/376
f 374/374/374 389/389/389 388/388/388
f 389/389/389 374/374/374 376/376/376
f 376/376/376 387/387/387 389/389/389
f 388/388/388 371/371/371 374/374/374
f 381/381/381 379/379/379 390/390/390
f 383/383/383 391/391/391 382/382/382
f 385/385/385 386/386/386 392/392/392
f 390/390/390 373/373/373 385/385/385
f 393/393/393 391/391/391 383/383/383
f 394/394/394 395/395/395 393/393/393
f 393/393/393 396/396/396 394/394/394
f 396/396/396 393/393/393 383/383/383
f 390/390/390 372/372/372 373/373/373
f 390/390/390 379/379/379 372/372/372
f 397/397/397 399/399/399 398/398/398
f 399/399/399 400/400/400 398/398/398
f 398/398/398 400/400/400 401/401/401
f 398/398/398 401/401/401 402/402/402
f 399/399/399 403/403/403 400/400/400
f 400/400/400 403/403/403 401/401/401
f 404/404/404 405/405/405 399/399/399
f 399/399/399 405/405/405 403/403/403
f 406/406/406 408/408/408 407/407/407
f 407/407/407 409/409/409 406/406/406
f 410/410/410 411/411/411 397/397/397
f 411/411/411 412/412/412 397/397/397
f 411/411/411 404/404/404 412/412/412
f 412/412/412 404/404/404 413/413/413
f 414/414/414 415/415/415 411/411/411
f 411/411/411 415/415/415 404/404/404
f 416/416/416 418/418/418 417/417/417
f 417/417/417 419/419/419 416/416/416
f 399/399/399 397/397/397 412/412/412
f 404/404/404 399/399/399 412/412/412
f 407/407/407 408/408/408 420/420/420
f 421/421/421 407/407/407 420/420/420
f 422/422/422 423/423/423 410/410/410
f 423/423/423 424/424/424 410/410/410
f 423/423/423 414/414/414 424/424/424
f 424/424/424 414/414/414 425/425/425
f 426/426/426 427/427/427 423/423/423
f 423/423/423 427/427/427 414/414/414
f 428/428/428 430/430/430 429/429/429
f 429/429/429 431/431/431 428/428/428
f 396/396/396 432/432/432 422/422/422
f 432/432/432 433/433/433 422/422/422
f 432/432/432 426/426/426 433/433/433
f 433/433/433 426/426/426 434/434/434
f 423/423/423 422/422/422 433/433/433
f 426/426/426 423/423/423 433/433/433
f 429/429/429 430/430/430 435/435/435
f 436/436/436 429/429/429 435/435/435
f 414/414/414 411/411/411 424/424/424
f 437/437/437 439/439/439 438/438/438
f 440/440/440 438/438/438 439/439/439
f 441/441/441 443/443/443 442/442/442
f 443/443/443 441/441/441 440/440/440
f 438/438/438 440/440/440 441/441/441
f 440/440/440 444/444/444 443/443/443
f 443/443/443 444/444/444 439/439/439
f 439/439/439 444/444/444 440/440/440
f 443/443/443 439/439/439 437/437/437
f 437/437/437 442/442/442 443/443/443
f 410/410/410 424/424/424 411/411/411
f 445/445/445 417/417/417 418/418/418
f 445/445/445 446/446/446 417/417/417
f 397/397/397 398/398/398 441/441/441
f 441/441/441 442/442/442 397/397/397
f 410/410/410 397/397/397 442/442/442
f 410/410/410 442/442/442 422/422/422
f 422/422/422 442/442/442 396/396/396
f 442/442/442 437/437/437 396/396/396
f 441/441/441 398/398/398 438/438/438
f 398/398/398 402/402/402 438/438/438
f 396/396/396 383/383/383 432/432/432
f 432/432/432 384/384/384 426/426/426
f 432/432/432 383/383/383 384/384/384
f 437/437/437 394/394/394 396/396/396
f 394/394/394 447/447/447 395/395/395
f 447/447/447 394/394/394 448/448/448
f 449/449/449 451/451/451 450/450/450
f 452/452/452 434/434/434 448/448/448
f 438/438/438 402/402/402 453/453/453
f 438/438/438 452/452/452 454/454/454
f 437/437/437 438/438/438 454/454/454
f 437/437/437 454/454/454 394/394/394
f 454/454/454 448/448/448 394/394/394
f 455/455/455 457/457/457 456/456/456
f 402/402/402 412/412/412 413/413/413
f 453/453/453 425/425/425 452/452/452
f 425/425/425 453/453/453 424/424/424
f 453/453/453 452/452/452 438/438/438
f 452/452/452 448/448/448 454/454/454
f 434/434/434 452/452/452 433/433/433
f 458/458/458 460/460/460 459/459/459
f 461/461/461 451/451/451 462/462/462
f 451/451/451 449/449/449 462/462/462
f 451/451/451 461/461/461 463/463/463
f 460/460/460 458/458/458 464/464/464
f 464/464/464 458/458/458 465/465/465
f 464/464/464 465/465/465 466/466/466
f 466/466/466 465/465/465 467/467/467
f 354/354/354 468/468/468 356/356/356
f 354/354/354 469/469/469 468/468/468
f 469/469/469 470/470/470 468/468/468
f 469/469/469 471/471/471 470/470/470
f 471/471/471 360/360/360 470/470/470
f 471/471/471 361/361/361 360/360/360
f 362/362/362 363/363/363 472/472/472
f 362/362/362 472/472/472 473/473/473
f 362/362/362 473/473/473 366/366/366
f 367/367/367 475/475/475 474/474/474
f 475/475/475 367/367/367 370/370/370
f 468/468/468 470/470/470 473/473/473
f 473/473/473 472/472/472 468/468/468
f 470/470/470 360/360/360 366/366/366
f 366/366/366 473/473/473 470/470/470
f 356/356/356 468/468/468 475/475/475
f 475/475/475 370/370/370 356/356/356
f 474/474/474 363/363/363 367/367/367
f 363/363/363 474/474/474 472/472/472
f 468/468/468 472/472/472 474/474/474
f 474/474/474 475/475/475 468/468/468
f 476/476/476 478/478/478 477/477/477
f 476/476/476 479/479/479 478/478/478
f 479/479/479 480/480/480 478/478/478
f 479/479/479 481/481/481 480/480/480
f 481/481/481 482/482/482 480/480/480
f 481/481/481 483/483/483 482/482/482
f 478/478/478 480/480/480 484/484/484
f 480/480/480 485/485/485 484/484/484
f 480/480/480 482/482/482 485/485/485
f 484/484/484 485/485/485 486/486/486
f 487/487/487 489/489/489 488/488/488
f 477/477/477 491/491/491 490/490/490
f 490/490/490 476/476/476 477/477/477
f 483/483/483 481/481/481 492/492/492
f 479/479/479 388/388/388 389/389/389
f 389/389/389 481/481/481 479/479/479
f 481/481/481 389/389/389 492/492/492
f 388/388/388 479/479/479 476/476/476
f 486/486/486 493/493/493 484/484/484
f 489/489/489 487/487/487 494/494/494
f 491/491/491 495/495/495 490/490/490
f 493/493/493 491/491/491 477/477/477
f 496/496/496 489/489/489 494/494/494
f 497/497/497 496/496/496 498/498/498
f 496/496/496 497/497/497 499/499/499
f 499/499/499 489/489/489 496/496/496
f 493/493/493 477/477/477 478/478/478
f 493/493/493 478/478/478 484/484/484
f 500/500/500 502/502/502 501/501/501
f 501/501/501 502/502/502 503/503/503
f 502/502/502 504/504/504 503/503/503
f 502/502/502 505/505/505 504/504/504
f 501/501/501 503/503/503 506/506/506
f 503/503/503 504/504/504 506/506/506
f 507/507/507 501/501/501 508/508/508
f 501/501/501 506/506/506 508/508/508
f 509/509/509 511/511/511 510/510/510
f 511/511/511 509/509/509 512/512/512
f 513/513/513 500/500/500 514/514/514
f 514/514/514 500/500/500 515/515/515
f 514/514/514 515/515/515 507/507/507
f 515/515/515 516/516/516 507/507/507
f 517/517/517 514/514/514 518/518/518
f 514/514/514 507/507/507 518/518/518
f 519/519/519 521/521/521 520/520/520
f 521/521/521 519/519/519 522/522/522
f 501/501/501 515/515/515 500/500/500
f 507/507/507 515/515/515 501/501/501
f 511/511/511 523/523/523 510/510/510
f 524/524/524 523/523/523 511/511/511
f 525/525/525 513/513/513 526/526/526
f 526/526/526 513/513/513 527/527/527
f 526/526/526 527/527/527 517/517/517
f 527/527/527 528/528/528 517/517/517
f 529/529/529 526/526/526 530/530/530
f 526/526/526 517/517/517 530/530/530
f 531/531/531 533/533/533 532/532/532
f 533/533/533 531/531/531 534/534/534
f 499/499/499 525/525/525 535/535/535
f 535/535/535 525/525/525 536/536/536
f 535/535/535 536/536/536 529/529/529
f 536/536/536 537/537/537 529/529/529
f 526/526/526 536/536/536 525/525/525
f 529/529/529 536/536/536 526/526/526
f 533/533/533 538/538/538 532/532/532
f 539/539/539 538/538/538 533/533/533
f 517/517/517 527/527/527 514/514/514
f 540/540/540 542/542/542 541/541/541
f 543/543/543 541/541/541 542/542/542
f 544/544/544 546/546/546 545/545/545
f 545/545/545 543/543/543 544/544/544
f 542/542/542 544/544/544 543/543/543
f 543/543/543 545/545/545 547/547/547
f 545/545/545 541/541/541 547/547/547
f 541/541/541 543/543/543 547/547/547
f 545/545/545 540/540/540 541/541/541
f 540/540/540 545/545/545 546/546/546
f 513/513/513 514/514/514 527/527/527
f 548/548/548 520/520/520 521/521/521
f 548/548/548 521/521/521 549/549/549
f 500/500/500 544/544/544 502/502/502
f 544/544/544 500/500/500 546/546/546
f 513/513/513 546/546/546 500/500/500
f 513/513/513 525/525/525 546/546/546
f 525/525/525 499/499/499 546/546/546
f 546/546/546 499/499/499 540/540/540
f 544/544/544 542/542/542 502/502/502
f 502/502/502 542/542/542 505/505/505
f 499/499/499 535/535/535 489/489/489
f 535/535/535 529/529/529 488/488/488
f 535/535/535 488/488/488 489/489/489
f 540/540/540 499/499/499 497/497/497
f 497/497/497 498/498/498 550/550/550
f 550/550/550 551/551/551 497/497/497
f 552/552/552 554/554/554 553/553/553
f 555/555/555 551/551/551 537/537/537
f 542/542/542 556/556/556 505/505/505
f 542/542/542 557/557/557 555/555/555
f 540/540/540 557/557/557 542/542/542
f 540/540/540 497/497/497 557/557/557
f 557/557/557 497/497/497 551/551/551
f 558/558/558 560/560/560 559/559/559
f 505/505/505 516/516/516 515/515/515
f 556/556/556 555/555/555 528/528/528
f 528/528/528 527/527/527 556/556/556
f 556/556/556 542/542/542 555/555/555
f 555/555/555 557/557/557 551/551/551
f 537/537/537 536/536/536 555/555/555
f 561/561/561 563/563/563 562/562/562
f 564/564/564 565/565/565 553/553/553
f 553/553/553 565/565/565 552/552/552
f 553/553/553 566/566/566 564/564/564
f 562/562/562 567/567/567 561/561/561
f 567/567/567 568/568/568 561/561/561
f 567/567/567 569/569/569 568/568/568
f 569/569/569 467/467/467 568/568/568

g drr_03
# texture: drr_03.jpg
v 84.09039 82.03606 -13.11617
v 73.49084 113.8991 7.100586
v 81.18929 103.8477 8.877672
v 68.18664 88.0905 -17.23467
v 57.49922 102.1213 8.034424
v 69.81659 29.46494 -15.57378
v 61.19317 79.87777 21.39144
v 69.65528 26.94261 -13.71398
v 79.41271 70.51884 23.51303
v 86.05338 28.05155 -14.07156
v 86.06787 81.68802 22.27589
v 103.2479 26.15442 -22.81258
v 73.16289 113.9183 34.77788
v 83.86153 109.038 51.80202
v 52.79651 107.0766 51.16588
v 55.23694 86.54148 67.65132
v 76.66997 80.64782 81.88249
v 87.82167 88.89679 68.80354
v 86.26801 127.6821 42.2611
v 57.33814 104.9993 79.02641
v 72.59726 103.5942 95.89475
v 86.55028 107.2041 79.65376
v 68.14302 152.515 -7.836762
v 36.51724 126.1558 10.52028
v 34.56911 169.6432 42.40501
v 65.67757 167.3671 71.09415
v 85.45298 143.6282 69.51506
v 85.42465 176.4687 19.03704
v 27.57653 141.8441 -11.86057
v 84.26532 189.6595 36.70749
v 42.50694 214.4699 36.36047
v 66.12864 186.4606 -11.66127
v 77.17877 203.6047 10.05862
v 30.67581 204.2162 -32.686
v 40.54009 226.5922 -0.41557
v 106.1851 -0.725166 -41.75141
v 93.25159 31.37861 -37.99359
v 109.4671 -0.789677 -12.42204
v 89.35204 2.314842 -59.50555
v 69.81738 -3.128426 -42.44422
v 78.82778 40.10545 -39.22193
v 71.85611 -3.033401 -7.517885
v 98.28963 20.82381 1.660091
v 89.98186 -1.872459 -3.594906
v 105.2951 22.28167 10.10343
v 113.0766 1.290672 8.225029
v 101.0528 0.594883 13.14703
v 108.1407 16.90257 15.14795
v 123.6304 5.21167 29.47552
v 116.4312 13.36803 34.80479
v 107.9174 4.302136 35.8593
v 124.1361 -1.350497 53.88813
v 77.62604 22.15383 1.615738
v 84.37807 -0.086239 15.81469
v 74.77734 20.70281 14.03833
v 71.439 -0.927498 12.63071
v 74.13451 15.1822 19.99715
v 81.72336 3.228296 39.87391
v 72.46141 11.19849 41.35681
v 65.79116 2.207614 37.01001
v 70.88525 -3.950965 60.67569
v 77.29221 33.25906 -49.91059
v 82.11418 17.64116 -71.30988
v 70.95408 35.7536 -70.01472
v 63.73218 15.91021 -66.33517
v 64.98885 15.27786 -92.75826
v 0.054342 365.7134 99.31049
v 24.38787 376.3067 46.01414
v 15.2116 359.0961 87.2466
v 0.054373 393.7039 69.39156
v 0.05434 337.2892 82.28068
v 15.21162 380.0961 82.67338
v 15.21157 362.2691 96.50473
v 0.054302 394.5697 84.45581
v 0.054304 349.4673 101.6539
v 12.1528 377.6871 111.6695
v 12.15286 365.9814 115.6577
v 0.05426 387.6944 105.277
v 0.054336 355.5867 123.6888
v 0.054243 369.5979 136.3375
v 0.054256 365.7867 126.1049
v 13.71126 379.088 120.6123
v 13.71124 349.9638 118.1686
v 0.054319 352.7633 97.98442
v 18.83268 350.1042 129.2969
v 10.50475 336.9073 149.6685
v 19.7477 374.2875 126.2658
v 19.58577 418.8122 111.0132
v 0.054337 391.0263 130.4901
v 0.054274 390.5634 135.6477
v 0.054215 319.7769 147.9688
v 7.114822 335.4091 172.358
v 7.114826 322.9369 169.0613
v 12.2754 346.7865 160.3911
v 0.054272 361.2408 159.4111
v 0.054337 391.9426 147.9483
v 0.054256 324.0301 179.9237
v 0.054207 315.2483 169.9413
v 19.83188 348.3137 154.4357
v 13.64021 374.3886 146.3215
v 15.76711 358.2058 155.266
v 23.36007 366.9188 133.5983
v 18.8029 369.3678 144.1238
v 0.054241 309.8219 148.259
v 10.50474 319.453 154.8304
v 0.054267 310.4003 155.4853
v 0.054258 308.5604 164.3307
v 7.11474 315.2796 168.5372
v 0.054314 310.5291 170.3141
v -83.99637 82.02786 -13.11858
v -81.09622 103.8397 8.875196
v -73.39852 113.8915 7.098034
v -68.09302 88.08326 -17.23735
v -57.40611 102.1148 8.031437
v -69.71928 29.45762 -15.57635
v -61.09839 79.87106 21.38862
v -69.55786 26.93536 -13.7166
v -79.31738 70.51098 23.5106
v -85.95601 28.04327 -14.07389
v -85.97318 81.67978 22.2735
v -103.1602 26.14301 -22.80435
v -83.76788 109.0307 51.80091
v -73.06996 113.9116 34.77651
v -52.70281 107.0712 51.16422
v -55.1417 86.53516 67.64842
v -76.57411 80.64021 81.87999
v -87.72664 88.88844 68.80117
v -86.17575 127.6745 42.26003
v -57.24379 104.9936 79.02481
v -72.50258 103.5875 95.89347
v -86.45607 107.1966 79.65268
v -68.05316 152.5087 -7.838165
v -36.42996 126.1558 10.52023
v -34.48198 169.6431 42.4049
v -65.58723 167.3609 71.09271
v -85.36125 143.6207 69.51403
v -85.33577 176.4611 19.03593
v -27.48933 141.8442 -11.86061
v -42.41976 214.47 36.36034
v -84.17705 189.652 36.70638
v -77.09177 203.5976 10.0573
v -66.04097 186.4543 -11.66274
v -30.58852 204.2162 -32.68604
v -40.45283 226.5923 -0.415627
v -93.16441 31.36714 -37.98572
v -106.0981 -0.736561 -41.74308
v -109.379 -0.80109 -12.4136
v -89.26572 2.303391 -59.49802
v -78.73167 40.09762 -39.22441
v -69.73048 -3.139915 -42.43744
v -71.7678 -3.044903 -7.510981
v -98.20094 20.81236 1.668083
v -89.89338 -1.8839 -3.587219
v -105.2061 22.27022 10.11166
v -112.9875 1.279171 8.233601
v -100.9637 0.583454 13.15505
v -108.0543 16.85429 15.15619
v -123.5444 5.163453 29.48352
v -116.3452 13.31975 34.81293
v -107.8315 4.253842 35.8676
v -124.0504 -1.39871 53.89606
v -77.53738 22.14231 1.622944
v -84.28876 -0.09774 15.82206
v -74.68812 20.69131 14.04541
v -71.34987 -0.939003 12.6376
v -74.04503 15.17075 20.00409
v -81.63559 3.177938 39.88145
v -72.37355 11.14819 41.36409
v -65.70335 2.157443 37.01694
v -70.79643 -4.001288 60.68291
v -77.20562 33.2477 -49.90347
v -82.0284 17.62983 -71.30255
v -70.86829 35.74221 -70.0078
v -63.64627 15.89877 -66.32855
v -64.90392 15.26649 -92.75171
v -15.10296 359.0961 87.24655
v -24.27914 376.3067 46.01403
v -15.10299 362.2691 96.50468
v -15.10293 380.096 82.67343
v -12.04422 365.9813 115.6577
v -12.04418 377.687 111.6695
v -13.60271 349.9638 118.1686
v -13.60268 379.088 120.6122
v -10.39619 336.9073 149.6685
v -18.72405 350.1042 129.2968
v -19.63909 374.2875 126.2658
v -19.47718 418.8123 111.0132
v -7.00631 322.9369 169.0613
v -7.006317 335.409 172.3579
v -12.16682 346.7865 160.3911
v -19.72334 348.3136 154.4356
v -13.53159 374.3886 146.3215
v -15.65859 358.2058 155.2659
v -23.25152 366.9188 133.5983
v -18.6944 369.3678 144.1237
v -10.3962 319.453 154.8303
v -7.0063 315.2796 168.5372
v 0.054304 349.3795 61.78829
v 27.30788 328.3068 4.693268
v 17.03049 336.0005 54.14025
v 0.054358 358.6007 16.83693
v 0.05431 312.2696 62.1594
v 17.03049 353.3782 37.48394
v 17.03049 344.4483 61.1244
v 0.054378 368.2429 30.71606
v 0.054337 335.2364 73.53332
v 13.60469 368.0462 66.5836
v 13.60469 359.2017 77.24237
v 0.054352 373.8619 54.62281
v 0.054317 354.507 91.41851
v 0.054295 375.5353 89.23578
v -16.92181 336.0004 54.14024
v -27.19914 328.3067 4.693325
v -16.9218 344.4483 61.1245
v -16.92181 353.3781 37.48392
v -13.49604 359.2017 77.24234
v -13.49594 368.0461 66.58356
v 0.054375 315.5956 33.73565
v 38.1276 307.7234 -5.739044
v 18.72816 299.4512 28.56651
v 0.054365 315.237 -16.73912
v 0.054327 275.7518 42.62217
v 22.46295 321.0542 7.376289
v 18.72813 310.1382 34.1492
v 0.054349 328.7858 -4.010955
v 0.054398 303.0643 49.60754
v 14.95971 336.7772 34.62611
v 14.95972 329.6985 48.11741
v 0.054384 340.2991 20.42671
v 0.054295 327.0239 64.05791
v 0.05431 349.546 58.26429
v -18.61946 299.4511 28.56651
v -38.01876 307.7233 -5.738988
v -18.61938 310.1382 34.14929
v -22.35419 321.0542 7.376366
v -14.85103 329.6984 48.11736
v -14.85102 336.7771 34.62615
vn 0.625257 0.490085 -0.607347
vn 0.118787 0.90573 -0.40687
vn 0.871911 0.469648 -0.138574
vn -0.436684 0.444776 -0.781973
vn -0.955733 0.159896 -0.247
vn -0.954242 -0.115829 -0.275692
vn -0.816726 -0.559188 0.142363
vn -0.878907 -0.216116 0.425226
vn 0.328305 -0.791952 0.514809
vn 0.391096 -0.166549 0.905155
vn 0.955618 -0.163181 0.245286
vn 0.893591 0.44882 0.007465
vn 0.827358 0.001406 -0.561674
vn 0.973417 0.124511 -0.19224
vn -0.999289 0.031687 -0.02044
vn -0.874048 -0.410293 0.26019
vn 0.216425 -0.830998 0.512448
vn 0.956031 -0.263876 0.127958
vn 0.941013 -0.199619 -0.273216
vn -0.893152 -0.03813 0.448137
vn -0.008304 -0.071617 0.997398
vn 0.954561 -0.056416 0.292627
vn 0.697698 -0.275548 -0.66128
vn 0.369711 -0.925649 0.080552
vn -0.477412 -0.150216 0.865744
vn -0.230289 0.445439 0.865189
vn 0.893211 0.211176 0.396961
vn 0.963171 0.038735 -0.266085
vn 0.808389 -0.163737 -0.565417
vn 0.740717 0.56358 0.365673
vn 0.241941 0.848123 0.47133
vn 0.672253 0.105712 -0.732735
vn 0.758143 0.637103 -0.138993
vn 0.685112 0.140752 -0.714711
vn 0.819805 0.544403 -0.177612
vn 0.690328 -0.624455 -0.365382
vn 0.675162 0.439463 -0.592477
vn 0.92173 -0.37929 -0.080951
vn -0.083733 -0.637778 -0.765656
vn -0.879993 -0.395445 -0.263126
vn -0.62622 0.458873 -0.630305
vn -0.551735 -0.818397 0.160672
vn -0.541369 0.580215 0.608499
vn 0.103626 -0.862383 0.495538
vn 0.360339 0.855423 0.372032
vn 0.838847 -0.524429 -0.145978
vn -0.69265 -0.462647 0.553348
vn 0.036143 0.983896 0.175052
vn 0.88386 -0.433 -0.176923
vn 0.11129 0.921771 0.371421
vn -0.863326 -0.157428 0.479463
vn 0.360394 0.325649 0.87411
vn -0.116623 0.723809 0.680073
vn 0.893563 -0.303866 0.330469
vn -0.225785 0.880662 0.41648
vn -0.86692 -0.498064 -0.019541
vn -0.162358 0.970735 0.176956
vn 0.871709 -0.402364 0.27969
vn -0.144854 0.904738 0.400584
vn -0.968221 -0.249573 -0.016191
vn -0.203047 0.204377 0.957602
vn -0.314418 0.935709 -0.159971
vn 0.739284 0.061812 -0.670551
vn -0.173927 0.942102 -0.286695
vn -0.885757 -0.43095 -0.172385
vn -0.254435 -0.310135 -0.916013
vn 0.00005 -0.378635 -0.925546
vn 0.324133 -0.469986 -0.821006
vn 0.851768 -0.365277 -0.375586
vn 0.00003 0.929796 -0.368076
vn -0.000044 -0.972208 -0.234118
vn 0.865644 0.487152 0.115516
vn 0.925008 -0.323207 0.199742
vn 0.00003 0.991444 0.130531
vn 0.000003 -0.92457 0.381012
vn 0.857672 0.420666 0.295699
vn 0.869255 -0.356063 0.342951
vn 0.000031 0.94132 0.337515
vn 0.00004 -0.852976 0.521951
vn 0.000018 0.323146 0.946349
vn 0.000036 0.40786 -0.913044
vn -0.078978 -0.019873 -0.996678
vn 0.765728 -0.218999 -0.604732
vn -0.000047 0.005166 -0.999987
vn 0.493927 -0.716608 -0.492453
vn 0.896389 -0.442064 -0.032662
vn 0.939372 0.220185 -0.262868
vn -0.111059 0.891824 -0.438538
vn -0.000021 0.385563 -0.922682
vn 0.000009 0.999987 -0.005188
vn 0.000019 -0.550422 -0.834887
vn 0.817603 0.114802 0.564222
vn 0.871099 -0.260448 0.416357
vn 0.630315 0.070945 0.773091
vn 0.000018 0.469153 0.883117
vn -0.00001 0.562351 0.826899
vn -0.000051 -0.118168 0.992994
vn -0.000009 -0.75081 0.660518
vn 0.2565 -0.555264 0.791132
vn 0.754436 0.425745 0.499567
vn 0.40164 0.341934 0.849569
vn 0.914123 0.340104 -0.220699
vn 0.661 0.631489 0.40534
vn -0.000012 -0.707663 -0.70655
vn 0.835596 -0.423941 -0.349362
vn -0.000002 -0.997672 -0.06819
vn -0.000029 -0.996924 0.07837
vn 0.805807 -0.586135 0.084381
vn 0.000017 -0.949898 0.31256
vn -0.665535 0.470282 -0.579566
vn -0.878878 0.458024 -0.133371
vn -0.118815 0.905738 -0.406845
vn 0.436664 0.444795 -0.781973
vn 0.955744 0.159858 -0.246982
vn 0.954251 -0.115708 -0.275711
vn 0.816745 -0.559174 0.14231
vn 0.915907 -0.148347 0.372972
vn -0.328252 -0.79197 0.514815
vn -0.316102 -0.14879 0.936985
vn -0.952457 -0.173309 0.250581
vn -0.902094 0.430822 -0.024876
vn -0.97342 0.124475 -0.192251
vn -0.552297 0.100373 -0.827583
vn 0.993737 0.11096 -0.013247
vn 0.874078 -0.410202 0.260237
vn -0.216314 -0.831059 0.512396
vn -0.956019 -0.263912 0.127975
vn -0.940997 -0.199671 -0.273232
vn 0.837214 -0.043283 0.54516
vn 0.008277 -0.071629 0.997397
vn -0.954554 -0.056437 0.292645
vn -0.421094 -0.552809 -0.719084
vn 0.086704 -0.972133 -0.217808
vn 0.143773 -0.271679 0.951588
vn -0.033892 0.470788 0.881595
vn -0.893199 0.21109 0.397035
vn -0.963177 0.038701 -0.266069
vn -0.672689 -0.112815 -0.731275
vn -0.500956 0.510639 0.698778
vn -0.80159 0.50075 0.326656
vn -0.745081 0.562199 -0.358868
vn -0.542496 -0.025748 -0.839664
vn -0.64917 0.254074 -0.716956
vn -0.82756 0.532026 -0.179143
vn -0.661443 0.46804 -0.58603
vn -0.690333 -0.624483 -0.365323
vn -0.921751 -0.379236 -0.08096
vn 0.084165 -0.635764 -0.767282
vn 0.578298 0.467206 -0.668798
vn 0.89474 -0.375825 -0.241238
vn 0.57458 -0.805411 0.145503
vn 0.552427 0.585989 0.592825
vn -0.076009 -0.863992 0.497736
vn -0.534926 0.750104 0.388844
vn -0.451344 -0.889267 0.074115
vn 0.276531 -0.584694 0.762669
vn 0.110004 0.976983 -0.182766
vn -0.907221 -0.411504 -0.087258
vn -0.111254 0.921783 0.371401
vn 0.838401 -0.167146 0.518794
vn -0.360392 0.32572 0.874085
vn 0.118488 0.726459 0.676918
vn -0.890854 -0.242731 0.384006
vn 0.225823 0.880683 0.416414
vn 0.918937 -0.355467 0.170873
vn 0.074487 0.812852 -0.577687
vn -0.906149 -0.361702 0.219239
vn 0.111084 0.985226 0.130346
vn 0.982391 -0.068968 -0.173641
vn 0.203087 0.204341 0.957601
vn 0.31875 0.935531 -0.152252
vn -0.739307 0.061826 -0.670524
vn 0.173865 0.942121 -0.286669
vn 0.885756 -0.430924 -0.172457
vn 0.254408 -0.310032 -0.916055
vn -0.85179 -0.365283 -0.37553
vn -0.324146 -0.469987 -0.821
vn -0.925022 -0.323209 0.199674
vn -0.865644 0.487156 0.115497
vn -0.869274 -0.35602 0.342947
vn -0.857677 0.420665 0.295687
vn -0.765788 -0.21894 -0.604677
vn 0.079023 -0.019894 -0.996674
vn -0.896408 -0.442028 -0.032617
vn -0.49385 -0.716652 -0.492465
vn -0.93936 0.220192 -0.262904
vn 0.110989 0.891837 -0.43853
vn -0.871074 -0.260508 0.416372
vn -0.817592 0.114847 0.564229
vn -0.630299 0.070909 0.773108
vn -0.25654 -0.555258 0.791123
vn -0.754444 0.425711 0.499585
vn -0.401638 0.341943 0.849566
vn -0.914122 0.340075 -0.22075
vn -0.660984 0.631496 0.405357
vn -0.835553 -0.423975 -0.349423
vn -0.805772 -0.586191 0.084326
vn -0.000044 -0.806454 -0.591297
vn 0.324188 -0.829655 -0.454506
vn 0.851794 -0.507659 -0.129344
vn -0.000031 0.600485 -0.799636
vn 0.000048 -0.951278 0.308335
vn 0.865645 0.475728 -0.156019
vn 0.925007 -0.171285 0.339151
vn 0.000049 0.913558 -0.40671
vn 0.000001 -0.588745 0.808319
vn 0.853512 0.519925 0.034558
vn 0.864643 -0.07254 0.497123
vn -0.000014 0.976815 -0.214086
vn 0.000013 -0.31707 0.948402
vn 0.000005 0.811004 0.585041
vn -0.851794 -0.507651 -0.129372
vn -0.324173 -0.829663 -0.454501
vn -0.924989 -0.171285 0.3392
vn -0.865628 0.475752 -0.156037
vn -0.864674 -0.072529 0.497069
vn -0.85351 0.519931 0.034534
vn 0.000044 -0.786204 -0.617967
vn 0.367671 -0.575196 -0.730731
vn 0.886499 -0.446892 -0.120032
vn 0.000046 0.365171 -0.930941
vn -0.000038 -0.866385 0.499377
vn 0.78147 0.600584 -0.169128
vn 0.905028 -0.106973 0.411681
vn 0.000007 0.810804 -0.585318
vn 0.000019 -0.408883 0.912587
vn 0.834035 0.551693 -0.004584
vn 0.863487 0.023059 0.503845
vn 0.000017 0.938058 -0.346478
vn 0.000041 -0.143172 0.989698
vn -0.000033 0.904988 0.425438
vn -0.88652 -0.446853 -0.12002
vn -0.367631 -0.57527 -0.730693
vn -0.905007 -0.106993 0.411723
vn -0.781463 0.600595 -0.169121
vn -0.863468 0.023075 0.503876
vn -0.834022 0.551712 -0.00461
vt 0.4673 0.3686
vt 0.3723 0.5047
vt 0.3682 0.4586
vt 0.481 0.4005
vt 0.3683 0.4584
vt 0.4871 0.1461
vt 0.3168 0.3579
vt 0.4797 0.1348
vt 0.3128 0.3116
vt 0.4837 0.1348
vt 0.3167 0.3582
vt 0.5149 0.1274
vt 0.2635 0.5102
vt 0.1907 0.4893
vt 0.1908 0.4891
vt 0.117 0.3776
vt 0.0611 0.3424
vt 0.1169 0.3778
vt 0.2351 0.5676
vt 0.0717 0.4839
vt 0.0006 0.4768
vt 0.0716 0.4857
vt 0.4444 0.6733
vt 0.3845 0.5632
vt 0.2466 0.7507
vt 0.0937 0.777
vt 0.1215 0.6418
vt 0.3432 0.7747
vt 0.4734 0.6331
vt 0.2562 0.8452
vt 0.2727 0.9382
vt 0.4747 0.8176
vt 0.3859 0.8928
vt 0.5604 0.8964
vt 0.4275 0.9995
vt 0.5962 0.0108
vt 0.5822 0.1531
vt 0.4702 0.0087
vt 0.6763 0.0289
vt 0.609 0.0099
vt 0.5871 0.195
vt 0.4594 0.0088
vt 0.4121 0.1049
vt 0.4378 0.0089
vt 0.3741 0.1091
vt 0.381 0.0162
vt 0.3632 0.0162
vt 0.3521 0.0849
vt 0.2873 0.0298
vt 0.2661 0.0669
vt 0.2643 0.0298
vt 0.1833 0.0005
vt 0.4178 0.1161
vt 0.3564 0.0175
vt 0.3656 0.1102
vt 0.3735 0.0174
vt 0.3406 0.0863
vt 0.2543 0.0319
vt 0.2501 0.0688
vt 0.2708 0.0317
vt 0.1687 0.003
vt 0.6372 0.1658
vt 0.7279 0.0975
vt 0.7246 0.1789
vt 0.7117 0.0947
vt 0.8242 0.0924
vt 0.8923 0.2935
vt 0.996 0.4364
vt 0.8341 0.3098
vt 0.8676 0.5005
vt 0.8736 0.2034
vt 0.8157 0.4211
vt 0.7807 0.3172
vt 0.7941 0.4907
vt 0.7515 0.2472
vt 0.6779 0.3814
vt 0.6692 0.3181
vt 0.6998 0.4384
vt 0.6404 0.2572
vt 0.5814 0.3326
vt 0.8534 0.7403
vt 0.881 0.8005
vt 0.8869 0.6512
vt 0.9896 0.661
vt 0.8307 0.6544
vt 0.7326 0.606
vt 0.8513 0.7773
vt 0.9383 1.0013
vt 0.8337 0.8637
vt 0.8075 0.8625
vt 0.7374 0.5181
vt 0.6175 0.6034
vt 0.6569 0.4937
vt 0.6579 0.6327
vt 0.6925 0.7439
vt 0.7456 0.8723
vt 0.5725 0.5742
vt 0.6147 0.4766
vt 0.7229 0.6557
vt 0.7499 0.7823
vt 0.7149 0.7042
vt 0.8126 0.7413
vt 0.7599 0.7561
vt 0.7338 0.4673
vt 0.7027 0.518
vt 0.6973 0.4719
vt 0.6522 0.4554
vt 0.6536 0.4881
vt 0.6224 0.4759
vt 0.4673 0.3686
vt 0.3682 0.4586
vt 0.3723 0.5047
vt 0.481 0.4005
vt 0.3683 0.4584
vt 0.4871 0.1461
vt 0.3168 0.3579
vt 0.4797 0.1348
vt 0.3128 0.3116
vt 0.4837 0.1348
vt 0.3167 0.3582
vt 0.5149 0.1274
vt 0.1907 0.4893
vt 0.2635 0.5102
vt 0.1908 0.4891
vt 0.117 0.3776
vt 0.0611 0.3424
vt 0.1169 0.3778
vt 0.2351 0.5676
vt 0.0717 0.4839
vt 0.0006 0.4768
vt 0.0716 0.4857
vt 0.4444 0.6733
vt 0.3845 0.5632
vt 0.2466 0.7507
vt 0.0937 0.777
vt 0.1215 0.6418
vt 0.3432 0.7747
vt 0.4734 0.6331
vt 0.2727 0.9382
vt 0.2562 0.8452
vt 0.3859 0.8928
vt 0.4747 0.8176
vt 0.5604 0.8964
vt 0.4275 0.9995
vt 0.5822 0.1531
vt 0.5962 0.0108
vt 0.4702 0.0087
vt 0.6763 0.0289
vt 0.5871 0.195
vt 0.609 0.0099
vt 0.4594 0.0088
vt 0.4121 0.1049
vt 0.4378 0.0089
vt 0.3741 0.1091
vt 0.381 0.0162
vt 0.3632 0.0162
vt 0.3521 0.0849
vt 0.2873 0.0298
vt 0.2661 0.0669
vt 0.2643 0.0298
vt 0.1833 0.0005
vt 0.4178 0.1161
vt 0.3564 0.0175
vt 0.3656 0.1102
vt 0.3735 0.0174
vt 0.3406 0.0863
vt 0.2543 0.0319
vt 0.2501 0.0688
vt 0.2708 0.0317
vt 0.1687 0.003
vt 0.6372 0.1658
vt 0.7279 0.0975
vt 0.7246 0.1789
vt 0.7117 0.0947
vt 0.8242 0.0924
vt 0.8341 0.3098
vt 0.996 0.4364
vt 0.7807 0.3172
vt 0.8157 0.4211
vt 0.6692 0.3181
vt 0.6779 0.3814
vt 0.8869 0.6512
vt 0.881 0.8005
vt 0.7326 0.606
vt 0.8307 0.6544
vt 0.8513 0.7773
vt 0.9383 1.0013
vt 0.6569 0.4937
vt 0.6175 0.6034
vt 0.6579 0.6327
vt 0.7229 0.6557
vt 0.7499 0.7823
vt 0.7149 0.7042
vt 0.8126 0.7413
vt 0.7599 0.7561
vt 0.7027 0.518
vt 0.6536 0.4881
vt 0.8923 0.2935
vt 0.996 0.4364
vt 0.8341 0.3098
vt 0.8676 0.5005
vt 0.8736 0.2034
vt 0.8157 0.4211
vt 0.7807 0.3172
vt 0.7941 0.4907
vt 0.7515 0.2472
vt 0.6779 0.3814
vt 0.6692 0.3181
vt 0.6998 0.4384
vt 0.6404 0.2572
vt 0.5814 0.3326
vt 0.8341 0.3098
vt 0.996 0.4364
vt 0.7807 0.3172
vt 0.8157 0.4211
vt 0.6692 0.3181
vt 0.6779 0.3814
vt 0.8923 0.2935
vt 0.996 0.4364
vt 0.8341 0.3098
vt 0.8676 0.5005
vt 0.8736 0.2034
vt 0.8157 0.4211
vt 0.7807 0.3172
vt 0.7941 0.4907
vt 0.7515 0.2472
vt 0.6779 0.3814
vt 0.6692 0.3181
vt 0.6998 0.4384
vt 0.6404 0.2572
vt 0.5814 0.3326
vt 0.8341 0.3098
vt 0.996 0.4364
vt 0.7807 0.3172
vt 0.8157 0.4211
vt 0.6692 0.3181
vt 0.6779 0.3814
f 570/570/570 572/572/572 571/571/571
f 570/570/570 571/571/571 573/573/573
f 573/573/573 571/571/571 574/574/574
f 573/573/573 574/574/574 575/575/575
f 575/575/575 574/574/574 576/576/576
f 575/575/575 576/576/576 577/577/577
f 577/577/577 576/576/576 578/578/578
f 577/577/577 578/578/578 579/579/579
f 579/579/579 578/578/578 580/580/580
f 579/579/579 580/580/580 581/581/581
f 581/581/581 580/580/580 572/572/572
f 581/581/581 572/572/572 570/570/570
f 572/572/572 583/583/583 582/582/582
f 572/572/572 582/582/582 571/571/571
f 571/571/571 582/582/582 584/584/584
f 571/571/571 584/584/584 574/574/574
f 574/574/574 584/584/584 585/585/585
f 574/574/574 585/585/585 576/576/576
f 576/576/576 585/585/585 586/586/586
f 576/576/576 586/586/586 578/578/578
f 578/578/578 586/586/586 587/587/587
f 578/578/578 587/587/587 580/580/580
f 580/580/580 587/587/587 583/583/583
f 580/580/580 583/583/583 572/572/572
f 583/583/583 588/588/588 582/582/582
f 584/584/584 589/589/589 585/585/585
f 585/585/585 589/589/589 590/590/590
f 585/585/585 590/590/590 586/586/586
f 586/586/586 590/590/590 591/591/591
f 586/586/586 591/591/591 587/587/587
f 588/588/588 592/592/592 582/582/582
f 582/582/582 592/592/592 593/593/593
f 582/582/582 593/593/593 584/584/584
f 584/584/584 593/593/593 594/594/594
f 584/584/584 594/594/594 589/589/589
f 589/589/589 594/594/594 595/595/595
f 589/589/589 595/595/595 590/590/590
f 590/590/590 595/595/595 596/596/596
f 590/590/590 596/596/596 591/591/591
f 591/591/591 596/596/596 588/588/588
f 588/588/588 597/597/597 592/592/592
f 592/592/592 598/598/598 593/593/593
f 595/595/595 600/600/600 599/599/599
f 595/595/595 599/599/599 596/596/596
f 596/596/596 599/599/599 597/597/597
f 596/596/596 597/597/597 588/588/588
f 597/597/597 602/602/602 601/601/601
f 597/597/597 601/601/601 592/592/592
f 592/592/592 601/601/601 598/598/598
f 601/601/601 603/603/603 598/598/598
f 600/600/600 604/604/604 602/602/602
f 600/600/600 602/602/602 599/599/599
f 599/599/599 602/602/602 597/597/597
f 603/603/603 602/602/602 604/604/604
f 602/602/602 603/603/603 601/601/601
f 600/600/600 595/595/595 594/594/594
f 591/591/591 583/583/583 587/587/587
f 591/591/591 588/588/588 583/583/583
f 581/581/581 606/606/606 605/605/605
f 605/605/605 607/607/607 581/581/581
f 608/608/608 610/610/610 609/609/609
f 609/609/609 577/577/577 611/611/611
f 577/577/577 609/609/609 610/610/610
f 581/581/581 612/612/612 579/579/579
f 613/613/613 579/579/579 612/612/612
f 614/614/614 612/612/612 581/581/581
f 607/607/607 614/614/614 581/581/581
f 614/614/614 607/607/607 615/615/615
f 612/612/612 616/616/616 613/613/613
f 616/616/616 612/612/612 614/614/614
f 615/615/615 617/617/617 614/614/614
f 616/616/616 614/614/614 617/617/617
f 618/618/618 619/619/619 617/617/617
f 617/617/617 615/615/615 618/618/618
f 617/617/617 620/620/620 616/616/616
f 620/620/620 617/617/617 619/619/619
f 618/618/618 621/621/621 619/619/619
f 619/619/619 621/621/621 620/620/620
f 579/579/579 622/622/622 577/577/577
f 613/613/613 622/622/622 579/579/579
f 611/611/611 577/577/577 622/622/622
f 623/623/623 624/624/624 622/622/622
f 622/622/622 613/613/613 623/623/623
f 622/622/622 625/625/625 611/611/611
f 625/625/625 622/622/622 624/624/624
f 623/623/623 626/626/626 624/624/624
f 625/625/625 624/624/624 626/626/626
f 627/627/627 628/628/628 626/626/626
f 626/626/626 623/623/623 627/627/627
f 626/626/626 629/629/629 625/625/625
f 629/629/629 626/626/626 628/628/628
f 627/627/627 630/630/630 628/628/628
f 628/628/628 630/630/630 629/629/629
f 609/609/609 631/631/631 610/610/610
f 631/631/631 632/632/632 606/606/606
f 632/632/632 631/631/631 633/633/633
f 634/634/634 635/635/635 633/633/633
f 633/633/633 635/635/635 632/632/632
f 634/634/634 631/631/631 609/609/609
f 634/634/634 633/633/633 631/631/631
f 570/570/570 606/606/606 581/581/581
f 570/570/570 573/573/573 610/610/610
f 606/606/606 570/570/570 610/610/610
f 573/573/573 575/575/575 610/610/610
f 610/610/610 575/575/575 577/577/577
f 610/610/610 631/631/631 606/606/606
f 608/608/608 605/605/605 632/632/632
f 632/632/632 605/605/605 606/606/606
f 636/636/636 638/638/638 637/637/637
f 636/636/636 637/637/637 639/639/639
f 636/636/636 640/640/640 638/638/638
f 638/638/638 642/642/642 641/641/641
f 638/638/638 641/641/641 637/637/637
f 637/637/637 641/641/641 639/639/639
f 641/641/641 643/643/643 639/639/639
f 640/640/640 644/644/644 642/642/642
f 640/640/640 642/642/642 638/638/638
f 642/642/642 646/646/646 645/645/645
f 642/642/642 645/645/645 641/641/641
f 641/641/641 645/645/645 647/647/647
f 641/641/641 647/647/647 643/643/643
f 644/644/644 648/648/648 646/646/646
f 644/644/644 646/646/646 642/642/642
f 649/649/649 645/645/645 646/646/646
f 649/649/649 647/647/647 645/645/645
f 649/649/649 646/646/646 648/648/648
f 650/650/650 652/652/652 651/651/651
f 650/650/650 653/653/653 652/652/652
f 652/652/652 655/655/655 654/654/654
f 652/652/652 656/656/656 651/651/651
f 657/657/657 659/659/659 658/658/658
f 653/653/653 660/660/660 652/652/652
f 660/660/660 655/655/655 652/652/652
f 655/655/655 662/662/662 661/661/661
f 655/655/655 661/661/661 663/663/663
f 663/663/663 661/661/661 664/664/664
f 663/663/663 664/664/664 665/665/665
f 666/666/666 661/661/661 662/662/662
f 666/666/666 664/664/664 661/661/661
f 666/666/666 662/662/662 667/667/667
f 655/655/655 668/668/668 654/654/654
f 656/656/656 669/669/669 657/657/657
f 657/657/657 651/651/651 656/656/656
f 669/669/669 670/670/670 665/665/665
f 663/663/663 665/665/665 670/670/670
f 652/652/652 671/671/671 656/656/656
f 671/671/671 652/652/652 654/654/654
f 656/656/656 672/672/672 669/669/669
f 672/672/672 656/656/656 671/671/671
f 670/670/670 669/669/669 672/672/672
f 668/668/668 655/655/655 663/663/663
f 663/663/663 670/670/670 668/668/668
f 651/651/651 658/658/658 650/650/650
f 658/658/658 651/651/651 657/657/657
f 650/650/650 659/659/659 665/665/665
f 665/665/665 657/657/657 669/669/669
f 657/657/657 665/665/665 659/659/659
f 650/650/650 659/659/659 665/665/665
f 659/659/659 650/650/650 658/658/658
f 673/673/673 675/675/675 674/674/674
f 676/676/676 677/677/677 675/675/675
f 660/660/660 674/674/674 655/655/655
f 674/674/674 660/660/660 673/673/673
f 674/674/674 675/675/675 677/677/677
f 677/677/677 655/655/655 674/674/674
f 677/677/677 676/676/676 678/678/678
f 679/679/679 681/681/681 680/680/680
f 679/679/679 682/682/682 681/681/681
f 682/682/682 683/683/683 681/681/681
f 682/682/682 684/684/684 683/683/683
f 684/684/684 685/685/685 683/683/683
f 684/684/684 686/686/686 685/685/685
f 686/686/686 687/687/687 685/685/685
f 686/686/686 688/688/688 687/687/687
f 688/688/688 689/689/689 687/687/687
f 688/688/688 690/690/690 689/689/689
f 690/690/690 680/680/680 689/689/689
f 690/690/690 679/679/679 680/680/680
f 680/680/680 692/692/692 691/691/691
f 680/680/680 681/681/681 692/692/692
f 681/681/681 693/693/693 692/692/692
f 681/681/681 683/683/683 693/693/693
f 683/683/683 694/694/694 693/693/693
f 683/683/683 685/685/685 694/694/694
f 685/685/685 695/695/695 694/694/694
f 685/685/685 687/687/687 695/695/695
f 687/687/687 696/696/696 695/695/695
f 687/687/687 689/689/689 696/696/696
f 689/689/689 691/691/691 696/696/696
f 689/689/689 680/680/680 691/691/691
f 691/691/691 692/692/692 697/697/697
f 693/693/693 694/694/694 698/698/698
f 694/694/694 699/699/699 698/698/698
f 694/694/694 695/695/695 699/699/699
f 695/695/695 700/700/700 699/699/699
f 695/695/695 696/696/696 700/700/700
f 697/697/697 692/692/692 701/701/701
f 692/692/692 702/702/702 701/701/701
f 692/692/692 693/693/693 702/702/702
f 693/693/693 703/703/703 702/702/702
f 693/693/693 698/698/698 703/703/703
f 698/698/698 704/704/704 703/703/703
f 698/698/698 699/699/699 704/704/704
f 699/699/699 705/705/705 704/704/704
f 699/699/699 700/700/700 705/705/705
f 700/700/700 697/697/697 705/705/705
f 697/697/697 701/701/701 706/706/706
f 701/701/701 702/702/702 707/707/707
f 704/704/704 709/709/709 708/708/708
f 704/704/704 705/705/705 709/709/709
f 705/705/705 706/706/706 709/709/709
f 705/705/705 697/697/697 706/706/706
f 706/706/706 711/711/711 710/710/710
f 706/706/706 701/701/701 711/711/711
f 701/701/701 707/707/707 711/711/711
f 711/711/711 707/707/707 712/712/712
f 708/708/708 710/710/710 713/713/713
f 708/708/708 709/709/709 710/710/710
f 709/709/709 706/706/706 710/710/710
f 712/712/712 713/713/713 710/710/710
f 710/710/710 711/711/711 712/712/712
f 708/708/708 703/703/703 704/704/704
f 700/700/700 696/696/696 691/691/691
f 700/700/700 691/691/691 697/697/697
f 690/690/690 715/715/715 714/714/714
f 715/715/715 690/690/690 716/716/716
f 717/717/717 719/719/719 718/718/718
f 719/719/719 720/720/720 686/686/686
f 686/686/686 718/718/718 719/719/719
f 690/690/690 688/688/688 721/721/721
f 722/722/722 721/721/721 688/688/688
f 723/723/723 690/690/690 721/721/721
f 716/716/716 690/690/690 723/723/723
f 723/723/723 724/724/724 716/716/716
f 721/721/721 722/722/722 725/725/725
f 725/725/725 723/723/723 721/721/721
f 724/724/724 723/723/723 726/726/726
f 725/725/725 726/726/726 723/723/723
f 727/727/727 726/726/726 728/728/728
f 726/726/726 727/727/727 724/724/724
f 726/726/726 725/725/725 729/729/729
f 729/729/729 728/728/728 726/726/726
f 727/727/727 728/728/728 730/730/730
f 728/728/728 729/729/729 730/730/730
f 688/688/688 686/686/686 731/731/731
f 722/722/722 688/688/688 731/731/731
f 720/720/720 731/731/731 686/686/686
f 732/732/732 731/731/731 733/733/733
f 731/731/731 732/732/732 722/722/722
f 731/731/731 720/720/720 734/734/734
f 734/734/734 733/733/733 731/731/731
f 732/732/732 733/733/733 735/735/735
f 734/734/734 735/735/735 733/733/733
f 736/736/736 735/735/735 737/737/737
f 735/735/735 736/736/736 732/732/732
f 735/735/735 734/734/734 738/738/738
f 738/738/738 737/737/737 735/735/735
f 736/736/736 737/737/737 739/739/739
f 737/737/737 738/738/738 739/739/739
f 719/719/719 718/718/718 740/740/740
f 740/740/740 714/714/714 741/741/741
f 741/741/741 742/742/742 740/740/740
f 743/743/743 742/742/742 744/744/744
f 742/742/742 741/741/741 744/744/744
f 743/743/743 719/719/719 740/740/740
f 743/743/743 740/740/740 742/742/742
f 679/679/679 690/690/690 714/714/714
f 679/679/679 718/718/718 682/682/682
f 714/714/714 718/718/718 679/679/679
f 682/682/682 718/718/718 684/684/684
f 718/718/718 686/686/686 684/684/684
f 718/718/718 714/714/714 740/740/740
f 717/717/717 741/741/741 715/715/715
f 741/741/741 714/714/714 715/715/715
f 636/636/636 746/746/746 745/745/745
f 636/636/636 639/639/639 746/746/746
f 636/636/636 745/745/745 640/640/640
f 745/745/745 748/748/748 747/747/747
f 745/745/745 746/746/746 748/748/748
f 746/746/746 639/639/639 748/748/748
f 748/748/748 639/639/639 643/643/643
f 640/640/640 747/747/747 644/644/644
f 640/640/640 745/745/745 747/747/747
f 747/747/747 750/750/750 749/749/749
f 747/747/747 748/748/748 750/750/750
f 748/748/748 647/647/647 750/750/750
f 748/748/748 643/643/643 647/647/647
f 644/644/644 749/749/749 648/648/648
f 644/644/644 747/747/747 749/749/749
f 649/649/649 749/749/749 750/750/750
f 649/649/649 750/750/750 647/647/647
f 649/649/649 648/648/648 749/749/749
f 650/650/650 752/752/752 751/751/751
f 650/650/650 751/751/751 653/653/653
f 751/751/751 754/754/754 753/753/753
f 751/751/751 752/752/752 755/755/755
f 756/756/756 658/658/658 659/659/659
f 653/653/653 751/751/751 660/660/660
f 660/660/660 751/751/751 753/753/753
f 753/753/753 758/758/758 757/757/757
f 753/753/753 759/759/759 758/758/758
f 759/759/759 664/664/664 758/758/758
f 759/759/759 665/665/665 664/664/664
f 666/666/666 757/757/757 758/758/758
f 666/666/666 758/758/758 664/664/664
f 666/666/666 667/667/667 757/757/757
f 753/753/753 754/754/754 760/760/760
f 755/755/755 756/756/756 761/761/761
f 756/756/756 755/755/755 752/752/752
f 761/761/761 665/665/665 762/762/762
f 759/759/759 762/762/762 665/665/665
f 751/751/751 755/755/755 763/763/763
f 763/763/763 754/754/754 751/751/751
f 755/755/755 761/761/761 764/764/764
f 764/764/764 763/763/763 755/755/755
f 762/762/762 764/764/764 761/761/761
f 760/760/760 759/759/759 753/753/753
f 759/759/759 760/760/760 762/762/762
f 752/752/752 650/650/650 658/658/658
f 658/658/658 756/756/756 752/752/752
f 650/650/650 665/665/665 659/659/659
f 665/665/665 761/761/761 756/756/756
f 756/756/756 659/659/659 665/665/665
f 650/650/650 665/665/665 659/659/659
f 659/659/659 658/658/658 650/650/650
f 673/673/673 765/765/765 675/675/675
f 676/676/676 675/675/675 766/766/766
f 660/660/660 753/753/753 765/765/765
f 765/765/765 673/673/673 660/660/660
f 765/765/765 766/766/766 675/675/675
f 766/766/766 765/765/765 753/753/753
f 766/766/766 678/678/678 676/676/676
f 767/767/767 769/769/769 768/768/768
f 767/767/767 768/768/768 770/770/770
f 767/767/767 771/771/771 769/769/769
f 769/769/769 773/773/773 772/772/772
f 769/769/769 772/772/772 768/768/768
f 768/768/768 772/772/772 770/770/770
f 772/772/772 774/774/774 770/770/770
f 771/771/771 775/775/775 773/773/773
f 771/771/771 773/773/773 769/769/769
f 773/773/773 777/777/777 776/776/776
f 773/773/773 776/776/776 772/772/772
f 772/772/772 776/776/776 778/778/778
f 772/772/772 778/778/778 774/774/774
f 775/775/775 779/779/779 777/777/777
f 775/775/775 777/777/777 773/773/773
f 780/780/780 776/776/776 777/777/777
f 780/780/780 778/778/778 776/776/776
f 780/780/780 777/777/777 779/779/779
f 767/767/767 782/782/782 781/781/781
f 767/767/767 770/770/770 782/782/782
f 767/767/767 781/781/781 771/771/771
f 781/781/781 784/784/784 783/783/783
f 781/781/781 782/782/782 784/784/784
f 782/782/782 770/770/770 784/784/784
f 784/784/784 770/770/770 774/774/774
f 771/771/771 783/783/783 775/775/775
f 771/771/771 781/781/781 783/783/783
f 783/783/783 786/786/786 785/785/785
f 783/783/783 784/784/784 786/786/786
f 784/784/784 778/778/778 786/786/786
f 784/784/784 774/774/774 778/778/778
f 775/775/775 785/785/785 779/779/779
f 775/775/775 783/783/783 785/785/785
f 780/780/780 785/785/785 786/786/786
f 780/780/780 786/786/786 778/778/778
f 780/780/780 779/779/779 785/785/785
f 787/787/787 789/789/789 788/788/788
f 787/787/787 788/788/788 790/790/790
f 787/787/787 791/791/791 789/789/789
f 789/789/789 793/793/793 792/792/792
f 789/789/789 792/792/792 788/788/788
f 788/788/788 792/792/792 790/790/790
f 792/792/792 794/794/794 790/790/790
f 791/791/791 795/795/795 793/793/793
f 791/791/791 793/793/793 789/789/789
f 793/793/793 797/797/797 796/796/796
f 793/793/793 796/796/796 792/792/792
f 792/792/792 796/796/796 798/798/798
f 792/792/792 798/798/798 794/794/794
f 795/795/795 799/799/799 797/797/797
f 795/795/795 797/797/797 793/793/793
f 800/800/800 796/796/796 797/797/797
f 800/800/800 798/798/798 796/796/796
f 800/800/800 797/797/797 799/799/799
f 787/787/787 802/802/802 801/801/801
f 787/787/787 790/790/790 802/802/802
f 787/787/787 801/801/801 791/791/791
f 801/801/801 804/804/804 803/803/803
f 801/801/801 802/802/802 804/804/804
f 802/802/802 790/790/790 804/804/804
f 804/804/804 790/790/790 794/794/794
f 791/791/791 803/803/803 795/795/795
f 791/791/791 801/801/801 803/803/803
f 803/803/803 806/806/806 805/805/805
f 803/803/803 804/804/804 806/806/806
f 804/804/804 798/798/798 806/806/806
f 804/804/804 794/794/794 798/798/798
f 795/795/795 805/805/805 799/799/799
f 795/795/795 803/803/803 805/805/805
f 800/800/800 805/805/805 806/806/806
f 800/800/800 806/806/806 798/798/798
f 800/800/800 799/799/799 805/805/805
