# Monster38.bmd — MU geometry at action 0 key 0, exported for MU2
# 7 mesh(es)

g bbbb00
# texture: bbbb00.jpg
v 101.4309 21.8748 49.8266
v 56.9664 7.8274 52.6497
v 32.3883 7.730499 -88.2769
v 73.4215 26.6824 -23.5599
v -0.0364 -4.185204 55.956
v 87.1668 43.2686 -21.3919
v 111.5803 40.9387 46.9845
v -0.0364 159.3799 187.3236
v -0.0364 144.554 218.4969
v 31.8817 152.373 189.7531
v -0.0364 192.238 52.4639
v 55.6917 149.6906 121.8046
v 60.8413 154.8115 43.4924
v -0.0364 129.0608 237.4881
v 50.3952 106.843 215.5543
v 54.1902 115.5289 203.0887
v 69.4728 111.2354 167.6422
v 49.0257 118.4395 198.9502
v 87.1436 125.5907 44.3296
v 62.0006 127.6361 -40.4392
v 32.2515 161.9749 -49.2136
v -0.0364 115.8557 244.1893
v 51.4969 99.314 217.4268
v 92.3225 97.0283 145.4866
v 117.0161 117.7815 44.9948
v 88.9864 117.4163 15.3566
v -0.0364 74.2519 251.0903
v 60.8486 69.7041 214.5767
v 59.4456 91.0667 223.527
v -0.0364 97.8282 256.5698
v 98.4778 51.7984 133.4788
v 103.4041 80.9583 141.9339
v 108.3285 68.3129 43.0967
v 117.1617 90.5417 23.511
v 90.2668 66.4161 -22.5065
v 100.1897 87.6882 -24.3981
v 98.1568 106.5553 10.2821
v -30.8102 0.620697 -156.1492
v -20.0582 0.173302 -116.0222
v 9.722095 24.0229 -170.4067
v 65.7634 25.228 -93.5513
v -28.992 -1.406197 -187.9416
v 78.9059 46.6729 -100.207
v 8.242596 45.9873 -171.3111
v -19.9104 136.9935 -158.169
v 35.8082 140.2172 -107.5465
v -5.616703 104.057 -173.4884
v -0.0364 158.0378 -135.0618
v 7.691 159.4427 -123.324
v 50.116 112.6705 -107.9699
v -33.7299 125.7381 -167.0458
v -26.64581 84.4334 -196.6977
v 71.6505 86.2558 -103.8977
v 11.806 78.0119 -173.8517
v 84.2529 105.8098 -29.2806
v -26.1176 55.8635 -198.6688
v -0.036405 316.2494 -72.7609
v -0.036408 304.8039 -43.6309
v 4.927796 301.9459 -47.7125
v -0.036407 299.0879 -51.7942
v 8.465594 245.9864 -0.132801
v 9.2324 192.4906 30.892
v -0.036403 253.9442 7.567204
v -0.036403 241.1122 -7.096199
v -0.0364 194.2207 16.1571
v 7.690995 268.7201 -18.4146
v -0.036405 274.1499 -12.1716
v -0.036406 262.7313 -22.3543
v -0.036403 187.085 -169.5496
v -0.036402 186.0352 -149.2291
v 4.927799 181.0999 -153.1683
v -0.036401 176.8824 -154.6543
v -0.0364 165.943 -111.3964
v -0.036402 228.5415 -117.6064
v -0.036403 229.09 -99.3295
v 4.927798 225.0083 -102.1875
v -0.036402 220.9267 -105.0455
v -0.0364 187.6681 -52.7499
v 8.4656 186.8236 -62.8399
v 7.690995 201.1384 -74.72
v -0.036403 207.4835 -70.2771
v -0.0364 181.6947 -71.2002
v -0.036401 194.7932 -79.1629
v 42.4415 176.2802 -282.7807
v 29.57199 185.1456 -267.4434
v 34.38629 179.5024 -264.2995
v 30.45409 173.8593 -268.4947
v -4.256006 168.7499 -211.918
v -34.175 169.0846 -168.7068
v -23.7711 149.8457 -171.0627
v -11.65301 181.4824 -218.3134
v -10.9928 159.1239 -219.1002
v -26.49361 145.4554 -197.2657
v -27.3289 157.7175 -143.1571
v 14.28199 176.3084 -235.3965
v 7.181292 185.8004 -240.7592
v 8.823097 167.4507 -242.7158
v 25.04069 -13.7536 -262.0432
v 19.84249 -7.085297 -255.8482
v 23.85659 -14.3018 -251.7507
v 18.4988 -18.9398 -254.2468
v -6.170105 1.985298 -201.8956
v -26.9257 31.4506 -195.6531
v -12.6243 10.7825 -188.6169
v -15.88371 17.4288 -213.2714
v -18.68571 -7.449203 -209.9321
v 5.337395 -3.408203 -224.7367
v -1.259203 5.7803 -230.7001
v -2.492207 -12.0125 -229.2308
v 11.04009 56.9421 -245.3579
v 5.126097 64.4537 -238.3099
v 9.058193 58.8105 -234.1146
v 4.243895 53.1674 -237.2585
v -7.847006 72.2228 -195.0211
v 1.663492 64.9322 -212.5701
v -8.293304 73.7048 -222.3173
v -9.664705 56.1597 -220.6829
v 129.9104 149.3075 -117.5202
v 123.9389 151.9816 -96.3262
v 128.698 148.4825 -96.53209
v 125.4396 144.1525 -98.892
v 113.17 126.4331 -18.7184
v 93.9856 121.9408 26.7454
v 103.9559 111.5123 23.8268
v 105.0398 134.8646 -19.3824
v 107.5847 119.0444 -22.7524
v 122.3847 139.9933 -60.76639
v 115.0592 146.0592 -60.9919
v 118.2672 133.2504 -63.09739
v 146.0331 56.5631 -42.9365
v 142.9378 60.2533 -32.8389
v 146.1861 56.5797 -30.7709
v 143.744 51.9205 -32.6256
v 122.2529 57.1574 25.9937
v 117.0774 65.3835 24.7721
v 118.3307 47.2325 25.2203
v 120.6806 147.6516 -98.6862
v 99.4389 125.0101 -22.4076
v 109.9046 138.7 -64.11949
v 139.3322 55.6715 -33.8093
v 111.4404 57.9964 20.2475
v 63.0316 98.55 220.3582
v 62.5672 96.3041 218.3931
v 47.3542 100.6212 224.0012
v 62.7984 92.4692 225.4897
v 49.1572 97.0151 229.9668
v 59.2759 87.9449 219.9683
v 90.4393 89.1772 211.291
v 86.9168 84.6529 205.7696
v 90.2061 83.0964 216.4225
v 86.6836 78.5721 210.9011
v 104.4188 77.90139 204.0581
v 98.3568 79.299 199.092
v 100.2946 71.98519 207.4274
v 94.2326 73.38279 202.4613
v 125.0121 42.0084 168.2073
v 119.8748 43.1928 163.9987
v 121.517 36.9946 171.0626
v 116.3797 38.1791 166.854
v 128.5169 38.5106 154.2171
v 122.7711 39.8932 154.0629
v 127.2257 32.9664 152.6218
v 121.4798 34.349 152.4676
v 129.082 50.75151 101.8118
v 133.2919 49.62721 103.4494
v 140.4466 41.05001 72.5523
v 131.9005 45.21931 104.0002
v 127.6906 46.34361 102.3626
v 131.6918 49.04321 113.4046
v 126.8055 50.21901 113.2734
v 130.5937 44.3285 112.0479
v 125.7075 45.5043 111.9168
v -0.0364 35.1566 249.0008
v -0.0364 12.5724 216.4792
v 35.1952 19.4675 214.3923
v 56.9738 26.9758 218.3938
v 56.9697 7.908001 131.6783
v 92.20801 15.8934 131.1682
v -0.0364 -3.3246 126.8859
v 62.6752 48.0285 213.8639
v -0.0364 51.0073 255.1896
v 101.4335 32.4729 130.924
v 60.8486 57.8534 209.7013
v -0.0364 66.2555 247.5608
v 98.4778 45.3427 130.9008
v -0.0364 47.1799 203.7379
v -0.0364 52.611 234.3745
v 35.1952 50.7872 201.9386
v 54.192 54.6846 202.9653
v 56.9697 31.3669 132.5497
v 89.19011 44.8169 134.0993
v 56.9664 36.1267 18.3868
v 95.7051 61.4332 21.9639
v -0.0364 35.4841 124.4072
v -0.0364 29.8287 21.1931
v -101.5037 21.8748 49.8266
v -32.4612 7.730499 -88.2769
v -57.0392 7.8274 52.6497
v -73.4943 26.6824 -23.5599
v -87.2396 43.2686 -21.3919
v -111.6531 40.9387 46.9845
v -31.9545 152.373 189.7531
v -55.7645 149.6906 121.8046
v -60.9142 154.8115 43.4924
v -50.468 106.843 215.5543
v -54.263 115.5289 203.0887
v -69.5456 111.2354 167.6422
v -49.0986 118.4395 198.9502
v -87.2164 125.5907 44.3296
v -62.0734 127.6361 -40.4392
v -32.3243 161.9749 -49.2136
v -51.5697 99.314 217.4268
v -92.3953 97.0283 145.4866
v -117.0889 117.7815 44.9948
v -89.0592 117.4163 15.3566
v -59.5184 91.0667 223.527
v -60.9214 69.7041 214.5767
v -103.4769 80.9583 141.9339
v -98.5506 51.7984 133.4788
v -117.2345 90.5417 23.511
v -108.4013 68.3129 43.0967
v -100.2625 87.6882 -24.3981
v -90.3396 66.4161 -22.5065
v -98.2296 106.5553 10.2821
v -73.0409 24.0229 -148.2305
v -65.8362 25.228 -93.5513
v -78.9787 46.6729 -100.207
v -72.2118 45.9873 -149.7534
v -41.2595 136.9935 -152.4485
v -61.2979 104.057 -158.5686
v -35.881 140.2172 -107.5465
v -7.7638 159.4427 -123.324
v -50.1888 112.6705 -107.9699
v -76.56811 78.0119 -150.172
v -71.7233 86.2558 -103.8977
v -84.3257 105.8098 -29.2806
v -5.000607 301.9459 -47.71249
v -8.538404 245.9864 -0.132797
v -9.3052 192.4906 30.892
v -7.763804 268.7201 -18.4146
v -5.0006 181.0999 -153.1683
v -5.000602 225.0083 -102.1875
v -7.763801 201.1384 -74.72
v -8.5384 186.8236 -62.8399
v 25.6398 179.5024 -271.6386
v -19.23571 168.7499 -224.4874
v -44.3629 149.8457 -165.545
v 0.667097 176.3084 -246.8207
v 15.11019 -14.3018 -259.0898
v -28.7735 1.985298 -220.862
v -42.82911 10.7825 -196.7102
v -8.277506 -3.408203 -236.161
v 0.311794 58.8105 -241.4538
v -19.62141 64.9322 -230.4302
v -43.76431 72.2227 -204.6452
v -129.9832 149.3075 -117.5203
v -128.7708 148.4825 -96.5321
v -124.0117 151.9816 -96.32619
v -125.5124 144.1525 -98.89198
v -113.2428 126.4331 -18.7184
v -104.0287 111.5123 23.8268
v -94.0584 121.9408 26.7454
v -105.1126 134.8646 -19.3824
v -107.6575 119.0444 -22.7524
v -122.4575 139.9933 -60.76639
v -115.132 146.0592 -60.99189
v -118.34 133.2504 -63.0974
v -146.106 56.5631 -42.9365
v -146.2589 56.5797 -30.77089
v -143.0106 60.2533 -32.8389
v -143.8168 51.9205 -32.6256
v -122.3257 57.1574 25.9937
v -117.1502 65.3835 24.7721
v -118.4036 47.2325 25.2203
v -120.7534 147.6516 -98.68619
v -99.5117 125.0101 -22.4076
v -109.9774 138.7 -64.11949
v -139.405 55.6715 -33.8093
v -111.5132 57.9964 20.2475
v -60.1695 96.3041 216.1866
v -61.9195 102.4019 220.9946
v -47.427 100.6212 224.0012
v -64.0051 97.2853 226.7247
v -49.23 97.0151 229.9668
v -62.2551 91.1875 221.9166
v -88.92961 96.3672 206.4861
v -90.67961 102.465 211.2942
v -92.76521 97.3484 217.0243
v -91.01521 91.2506 212.2162
v -97.3219 93.8893 203.0327
v -101.9368 100.3589 202.5752
v -107.8058 96.4322 206.2493
v -103.1909 89.9626 206.7068
v -117.4028 77.1862 154.9081
v -121.3138 82.669 154.5203
v -126.2875 79.3413 157.6339
v -122.3766 73.8586 158.0217
v -122.8418 71.0404 141.1414
v -126.4103 74.9401 138.4941
v -131.1228 72.0537 140.5943
v -127.5543 68.154 143.2417
v -124.6117 40.9955 98.1297
v -122.1646 41.2823 65.36819
v -127.5584 44.5614 97.6102
v -131.0702 41.5692 96.9909
v -128.1234 38.0033 97.5105
v -127.1595 50.2828 104.1701
v -124.1249 46.9665 106.4214
v -131.167 47.8282 105.9561
v -128.1324 44.5119 108.2074
v -35.268 19.4675 214.3923
v -57.0467 26.9758 218.3938
v -57.0425 7.908001 131.6783
v -92.2809 15.8934 131.1682
v -62.748 48.0285 213.8639
v -101.5063 32.4729 130.924
v -60.9214 57.8534 209.7013
v -98.5506 45.3427 130.9008
v -35.268 50.7872 201.9386
v -54.2648 54.6846 202.9653
v -57.0425 31.3669 132.5497
v -89.26289 44.8169 134.0993
v -57.0392 36.1267 18.3868
v -95.7779 61.4332 21.9639
v 90.4668 42.206 108.3039
v 111.7033 48.9665 119.4146
v 107.2939 53.3808 111.271
v 90.9174 35.1627 115.7495
v 118.6321 44.5522 113.2703
v 93.88741 28.1195 108.9071
v 114.2227 48.9665 105.1266
v 93.4368 35.1627 101.4615
v 119.7796 62.1977 118.8056
v 115.4856 62.0882 112.6717
v 125.9126 62.3072 114.5103
v 121.6186 62.1977 108.3764
v 121.2344 84.0183 112.056
v 92.33231 43.0545 132.0887
v 106.5438 51.932 138.7651
v 102.1465 54.0638 133.1673
v 94.42081 38.3325 137.4327
v 111.8259 50.0371 133.8941
v 97.39391 33.8476 132.3079
v 107.4285 52.169 128.2963
v 95.3055 38.5696 126.9639
v 105.8508 73.2594 133.915
v 18.6213 56.88 236.7072
v 21.4369 62.3488 253.6636
v 23.3099 65.9257 247.4254
v 15.6453 51.1749 240.4238
v 28.5266 60.3522 254.6474
v 21.6319 47.0502 238.886
v 30.3996 63.9291 248.4092
v 24.6079 52.7553 235.1694
v 24.481 83.9862 254.855
v 56.5019 54.5629 213.9643
v 59.3175 60.0317 230.9207
v 61.1905 63.6086 224.6825
v 53.5259 48.8578 217.6809
v 66.4072 58.0351 231.9044
v 59.5125 44.7332 216.1431
v 68.2802 61.612 225.6663
v 62.4885 50.4382 212.4265
v 62.3616 81.6691 232.1121
v 67.0693 48.3995 188.1384
v 78.14171 56.4358 199.8931
v 75.8089 59.1209 193.3689
v 67.346 43.1921 193.4321
v 84.7644 54.9002 196.8932
v 71.9126 39.1341 189.2017
v 82.43161 57.5853 190.3689
v 71.63591 44.3415 183.908
v 78.7684 78.1169 196.9945
v 81.3186 45.5209 156.8997
v 93.0493 52.5617 168.6544
v 90.9594 55.4399 162.1301
v 81.14041 40.3092 162.1934
v 99.51291 50.4547 165.6544
v 85.33591 35.8687 157.9629
v 97.42311 53.3329 159.1302
v 85.5141 41.0804 152.6692
v 95.56331 74.1056 165.7557
v 31.7801 57.7226 230.1548
v 28.804 52.0176 233.8714
v 36.1263 77.8215 239.5234
v 34.7907 47.8929 232.3336
v 36.1263 77.8215 239.5234
v 37.7666 53.5979 228.617
v 36.1263 77.8215 239.5234
v 36.1263 77.8215 239.5234
v 42.7346 58.3826 224.6775
v 39.7586 52.6775 228.3941
v 47.0808 78.4814 234.046
v 45.7452 48.5528 226.8563
v 47.0808 78.4814 234.046
v 48.7212 54.2579 223.1397
v 47.0808 78.4814 234.046
v 47.0808 78.4814 234.046
v 63.3917 54.4576 203.9243
v 63.5009 48.7525 208.6843
v 72.743 74.5564 208.3073
v 67.0984 44.6278 203.6582
v 72.743 74.5564 208.3073
v 66.9892 50.3329 198.8982
v 72.743 74.5564 208.3073
v 72.743 74.5564 208.3073
v 77.17641 48.9622 174.4361
v 77.2856 43.2571 179.1961
v 86.5278 69.0611 178.8191
v 80.8831 39.1324 174.17
v 86.5278 69.0611 178.8191
v 80.77391 44.8375 169.41
v 86.5278 69.0611 178.8191
v 86.5278 69.0611 178.8191
v 89.85631 46.4639 146.2
v 89.9655 40.7589 150.96
v 99.2077 66.5628 150.583
v 93.563 36.6342 145.9339
v 99.2077 66.5628 150.583
v 93.4538 42.3392 141.1739
v 99.2077 66.5628 150.583
v 99.2077 66.5628 150.583
v -91.2903 42.206 108.304
v -108.1174 53.3808 111.271
v -112.5268 48.9665 119.4147
v -91.74089 35.1627 115.7495
v -119.4556 44.5522 113.2703
v -94.71089 28.1195 108.9071
v -115.0462 48.9665 105.1267
v -94.2603 35.1627 101.4615
v -116.3092 62.0882 112.6718
v -120.6032 62.1977 118.8056
v -126.7361 62.3072 114.5103
v -122.4421 62.1977 108.3764
v -122.0579 84.0183 112.0561
v -93.15579 43.0545 132.0887
v -102.97 54.0638 133.1673
v -107.3674 51.932 138.7651
v -95.24429 38.3325 137.4327
v -112.6495 50.0371 133.8941
v -98.2175 33.8476 132.3079
v -108.2521 52.169 128.2963
v -96.129 38.5696 126.9639
v -106.6743 73.2594 133.915
v -19.4449 56.88 236.7072
v -24.1335 65.9257 247.4254
v -22.2605 62.3488 253.6636
v -16.4688 51.1749 240.4238
v -29.3501 60.3522 254.6474
v -22.4554 47.0502 238.886
v -31.2231 63.9291 248.4092
v -25.4314 52.7553 235.1694
v -25.3046 83.9862 254.855
v -57.3255 54.5629 213.9643
v -62.0141 63.6086 224.6825
v -60.1411 60.0317 230.9207
v -54.3494 48.8578 217.6809
v -67.23079 58.0351 231.9044
v -60.336 44.7332 216.1431
v -69.1037 61.612 225.6663
v -63.312 50.4382 212.4265
v -63.1852 81.6691 232.1121
v -67.8929 48.3995 188.1384
v -76.63249 59.1209 193.3689
v -78.9653 56.4358 199.8932
v -68.16949 43.1921 193.4322
v -85.58789 54.9002 196.8932
v -72.7361 39.1341 189.2017
v -83.2551 57.5853 190.3689
v -72.4594 44.3415 183.908
v -79.592 78.1169 196.9945
v -82.1422 45.5209 156.8997
v -91.78299 55.4399 162.1302
v -93.8728 52.5617 168.6544
v -81.9639 40.3092 162.1934
v -100.3365 50.4547 165.6544
v -86.1595 35.8687 157.9629
v -98.2466 53.3329 159.1302
v -86.33769 41.0804 152.6692
v -96.3868 74.1056 165.7558
v -32.6036 57.7226 230.1548
v -36.9498 77.8215 239.5234
v -29.6276 52.0176 233.8714
v -36.9498 77.8215 239.5234
v -35.6142 47.8929 232.3336
v -36.9498 77.8215 239.5234
v -38.5902 53.5979 228.617
v -36.9498 77.8215 239.5234
v -43.5582 58.3826 224.6775
v -47.9044 78.4814 234.0461
v -40.5821 52.6775 228.3941
v -47.9044 78.4814 234.0461
v -46.5688 48.5528 226.8563
v -47.9044 78.4814 234.0461
v -49.5448 54.2579 223.1397
v -47.9044 78.4814 234.0461
v -64.21519 54.4576 203.9243
v -73.56659 74.5564 208.3073
v -64.3244 48.7525 208.6844
v -73.56659 74.5564 208.3073
v -67.922 44.6278 203.6582
v -73.56659 74.5564 208.3073
v -67.8127 50.3329 198.8982
v -73.56659 74.5564 208.3073
v -78 48.9622 174.4361
v -87.3513 69.0611 178.8192
v -78.10919 43.2571 179.1962
v -87.3513 69.0611 178.8192
v -81.7067 39.1324 174.17
v -87.3513 69.0611 178.8192
v -81.5975 44.8375 169.41
v -87.3513 69.0611 178.8192
v -90.67979 46.4639 146.2
v -100.0312 66.5628 150.5831
v -90.789 40.7589 150.9601
v -100.0312 66.5628 150.5831
v -94.3866 36.6342 145.9339
v -100.0312 66.5628 150.5831
v -94.2773 42.3392 141.1739
v -100.0312 66.5628 150.5831
v 8.5024 71.9447 243.0547
v 12.8486 51.8458 252.4233
v 5.5263 77.6497 246.7713
v 12.8486 51.8458 252.4233
v 11.513 81.7744 245.2335
v 12.8486 51.8458 252.4233
v 14.4889 76.0694 241.5169
v 12.8486 51.8458 252.4233
v 48.432 72.4222 219.4515
v 52.7782 52.3233 228.82
v 45.456 78.1272 223.1681
v 52.7782 52.3233 228.82
v 51.4426 82.2519 221.6303
v 52.7782 52.3233 228.82
v 54.4186 76.5469 217.9137
v 52.7782 52.3233 228.82
v 60.2075 70.3737 210.8628
v 69.5589 50.2748 215.2458
v 60.3167 76.0787 215.6228
v 69.5589 50.2748 215.2458
v 63.9142 80.2034 210.5967
v 69.5589 50.2748 215.2458
v 63.805 74.4984 205.8367
v 69.5589 50.2748 215.2458
v 72.1988 68.0224 183.5766
v 81.5502 47.9235 187.9597
v 72.308 73.7274 188.3367
v 81.5502 47.9235 187.9597
v 75.9056 77.8521 183.3105
v 81.5502 47.9235 187.9597
v 75.7963 72.1471 178.5505
v 81.5502 47.9235 187.9597
v 89.8563 71.2442 152.5682
v 99.2077 51.1453 156.9512
v 89.9655 76.9492 157.3282
v 99.2077 51.1453 156.9512
v 93.563 81.0739 152.3021
v 99.2077 51.1453 156.9512
v 93.4538 75.3689 147.5421
v 99.2077 51.1453 156.9512
v 80.6672 68.0224 169.4413
v 90.0186 47.9235 173.8243
v 80.7764 73.7274 174.2013
v 90.0186 47.9235 173.8243
v 84.374 77.8521 169.1752
v 90.0186 47.9235 173.8243
v 84.2647 72.1471 164.4151
v 90.0186 47.9235 173.8243
v 36.0852 69.4228 226.6011
v 40.4314 49.324 235.9697
v 33.1092 75.1279 230.3177
v 40.4314 49.324 235.9697
v 39.0958 79.2526 228.7799
v 40.4314 49.324 235.9697
v 42.0718 73.5475 225.0633
v 40.4314 49.324 235.9697
v 23.7612 74.2857 234.201
v 28.1074 54.1869 243.5695
v 20.7852 79.9908 237.9176
v 28.1074 54.1869 243.5695
v 26.7718 84.1155 236.3798
v 28.1074 54.1869 243.5695
v 29.7478 78.4104 232.6632
v 28.1074 54.1869 243.5695
v 65.1088 68.0224 197.7293
v 74.4601 47.9235 202.1124
v 65.218 73.7274 202.4894
v 74.4601 47.9235 202.1124
v 68.8155 77.8521 197.4632
v 74.4601 47.9235 202.1124
v 68.7063 72.1471 192.7032
v 74.4601 47.9235 202.1124
v -8.0755 71.9447 243.0547
v -5.0994 77.6497 246.7713
v -12.4217 51.8458 252.4233
v -11.0861 81.7744 245.2335
v -12.4217 51.8458 252.4233
v -14.062 76.0694 241.5169
v -12.4217 51.8458 252.4233
v -12.4217 51.8458 252.4233
v -48.0051 72.4222 219.4515
v -45.0291 78.1272 223.1681
v -52.3513 52.3233 228.82
v -51.0157 82.2519 221.6303
v -52.3513 52.3233 228.82
v -53.9917 76.5469 217.9137
v -52.3513 52.3233 228.82
v -52.3513 52.3233 228.82
v -59.7806 70.3737 210.8628
v -59.8898 76.0787 215.6228
v -69.1319 50.2748 215.2458
v -63.4873 80.2034 210.5967
v -69.1319 50.2748 215.2458
v -63.3781 74.4984 205.8367
v -69.1319 50.2748 215.2458
v -69.1319 50.2748 215.2458
v -71.7719 68.0224 183.5766
v -71.8811 73.7274 188.3367
v -81.1233 47.9235 187.9597
v -75.4787 77.8521 183.3105
v -81.1233 47.9235 187.9597
v -75.3694 72.1471 178.5505
v -81.1233 47.9235 187.9597
v -81.1233 47.9235 187.9597
v -89.4294 71.2442 152.5682
v -89.5386 76.9492 157.3282
v -98.7807 51.1453 156.9513
v -93.1361 81.0739 152.3021
v -98.7807 51.1453 156.9513
v -93.0269 75.3689 147.5421
v -98.7807 51.1453 156.9513
v -98.7807 51.1453 156.9513
v -80.2403 68.0224 169.4413
v -80.3495 73.7274 174.2013
v -89.5917 47.9235 173.8243
v -83.9471 77.8521 169.1752
v -89.5917 47.9235 173.8243
v -83.8378 72.1471 164.4152
v -89.5917 47.9235 173.8243
v -89.5917 47.9235 173.8243
v -35.6583 69.4228 226.6011
v -32.6823 75.1279 230.3177
v -40.0045 49.324 235.9697
v -38.6689 79.2526 228.7799
v -40.0045 49.324 235.9697
v -41.6449 73.5475 225.0633
v -40.0045 49.324 235.9697
v -40.0045 49.324 235.9697
v -23.3343 74.2857 234.201
v -20.3583 79.9908 237.9176
v -27.6805 54.1869 243.5695
v -26.3449 84.1155 236.3798
v -27.6805 54.1869 243.5695
v -29.3209 78.4104 232.6632
v -27.6805 54.1869 243.5695
v -27.6805 54.1869 243.5695
v -64.6819 68.0224 197.7293
v -64.7911 73.7274 202.4894
v -74.0332 47.9235 202.1124
v -68.3886 77.8521 197.4632
v -74.0332 47.9235 202.1124
v -68.2794 72.1471 192.7032
v -74.0332 47.9235 202.1124
v -74.0332 47.9235 202.1124
vn 0.682579 -0.709378 -0.175695
vn 0.237293 -0.97127 -0.018099
vn 0.373721 -0.916152 -0.144908
vn 0.708021 -0.67882 -0.194706
vn -0.0521 -0.998591 -0.0101
vn 0.851291 -0.438196 -0.288597
vn 0.916121 -0.392109 0.083502
vn 0 0.942185 0.335095
vn 0 0.79201 0.610508
vn 0.532277 0.765466 0.361584
vn 0 0.932067 0.362287
vn 0.705107 0.684407 0.185502
vn 0.656966 0.751861 -0.055697
vn 0 0.527714 0.849422
vn 0.649787 0.519389 0.554989
vn 0.538724 0.736533 0.409018
vn 0.742027 0.619022 0.257309
vn 0.608304 0.722305 0.329002
vn 0.530716 0.847525 -0.0065
vn 0.752377 0.622281 -0.216093
vn 0.685695 0.701395 -0.194599
vn 0 0.510416 0.859928
vn 0.569604 0.793706 0.213502
vn 0.69232 0.640518 0.33231
vn 0.714162 0.691863 -0.106294
vn -0.0506 0.833101 -0.550801
vn 0 -0.291794 0.956481
vn 0.752701 -0.2535 0.607601
vn 0.758806 0.246902 0.602705
vn 0 0.6 0.8
vn 0.940329 -0.274109 0.201606
vn 0.94462 0.048201 0.324607
vn 0.907775 0.402489 0.118097
vn 0.981717 0.190303 0.004
vn 0.96782 -0.099802 -0.231005
vn 0.955268 0.090697 -0.281491
vn 0.897614 0.320405 -0.302705
vn -0.041599 -0.999073 -0.0111
vn -0.130394 -0.99145 0.0049
vn 0.655787 -0.559289 -0.50709
vn 0.655412 -0.727114 -0.204304
vn -0.0108 -0.999216 0.038101
vn 0.894927 -0.225207 -0.385212
vn 0.661611 -0.049501 -0.748212
vn 0.746519 0.415711 -0.519513
vn 0.696318 0.521613 -0.493013
vn 0.514898 0.470498 -0.716597
vn 0.039 0.187498 -0.98149
vn 0.922682 0.210096 -0.323294
vn 0.757339 0.501526 -0.418222
vn 0.042799 0.112997 -0.992673
vn 0.254102 0.808505 -0.530803
vn 0.789588 0.320495 -0.523292
vn 0.683509 0.103201 -0.72261
vn 0.740116 0.617114 -0.267206
vn 0.339614 -0.734731 -0.587225
vn -0 0.668771 -0.743468
vn -0 0.844094 0.536196
vn 0.97691 0.202202 0.069001
vn 0.419587 -0.612981 -0.669479
vn 0.994082 -0.047299 -0.097798
vn 0.927176 0.306092 -0.215994
vn 0 0.649803 0.760103
vn 0.44548 -0.454979 -0.771065
vn 0.399411 0.821023 -0.407912
vn 0.997476 -0.0002 -0.070998
vn -0 0.708406 0.705806
vn 0.412604 -0.551605 -0.724907
vn 0 0.181191 -0.983448
vn 0.36171 0.901425 0.237907
vn 0.98643 0.141005 -0.084103
vn 0 -0.77642 -0.630216
vn 0.409899 0.912098 -0.0078
vn 0 0.408892 -0.912583
vn 0.335693 0.903282 0.267195
vn 0.97364 0.227609 -0.014801
vn 0.427324 -0.686139 -0.588734
vn 0.173194 0.857371 0.484684
vn 0.945156 0.180692 -0.272087
vn 0.999569 0.020399 -0.021099
vn 0.762957 0.490673 0.420876
vn 0.282889 0.321787 -0.903564
vn 0.433195 -0.554694 -0.710392
vn 0.642684 -0.0196 -0.765881
vn 0.143004 0.974925 -0.170504
vn 0.839941 0.191609 0.507725
vn 0.423298 -0.891697 0.160299
vn 0.866907 -0.088201 0.490604
vn 0.0147 0.911698 0.410599
vn 0.963272 -0.264592 0.045799
vn -0.112404 0.981734 0.153505
vn 0.507302 -0.861203 0.0312
vn 0.880443 -0.443122 0.168708
vn -0.071098 0.969466 -0.234692
vn 0.7977 -0.0207 0.6027
vn -0.0256 0.999207 0.0305
vn 0.468012 -0.877023 0.108603
vn 0.619894 -0.264697 -0.738693
vn 0.580564 0.80235 -0.138491
vn 0.93189 0.080499 0.353696
vn 0.016799 -0.999657 -0.020099
vn 0.875168 -0.138795 0.463483
vn 0.202389 0.473273 -0.857351
vn 0.865015 -0.500109 0.040501
vn 0.703219 0.710519 0.025401
vn -0.146601 -0.962109 0.229902
vn 0.849585 -0.050899 0.524991
vn 0.660878 0.740675 0.120996
vn -0.082297 -0.991768 0.098097
vn 0.635611 -0.148903 -0.757513
vn 0.566383 0.805175 -0.175795
vn 0.95331 0.165202 0.252803
vn 0.361419 -0.911049 0.198411
vn 0.961253 -0.266287 -0.071297
vn 0.907608 0.0036 0.419804
vn 0.739186 0.634488 0.225896
vn 0.349583 -0.84346 0.407881
vn 0.234402 0.203002 -0.950708
vn -0.100598 0.994883 -0.0094
vn 0.9349 0.3067 0.1786
vn 0.417317 -0.891137 -0.178107
vn 0.977939 -0.090004 0.188508
vn 0.089801 0.994412 -0.055501
vn 0.866695 0.378698 -0.324698
vn -0.162108 0.958746 0.233511
vn 0.775164 -0.625671 -0.087496
vn 0.968658 0.107795 0.22379
vn -0.144906 0.975942 0.162907
vn 0.645394 -0.756792 -0.103599
vn 0.462309 0.072901 -0.883717
vn 0.658017 0.74362 0.118503
vn 0.95059 0.225098 0.213798
vn 0.204192 -0.972561 -0.111496
vn 0.925421 -0.005 0.378909
vn 0.480697 0.867495 0.127999
vn 0.726442 -0.663639 -0.17851
vn -0.93903 0.112504 -0.32491
vn -0.947798 -0.1213 -0.294899
vn -0.941227 -0.155005 -0.300109
vn -0.84969 0.117199 -0.514094
vn -0.050099 0.294995 -0.954185
vn 0.33021 0.936628 0.117004
vn -0.274794 0.375892 -0.884982
vn 0.161801 0.956003 0.244701
vn 0.244891 -0.065098 0.967363
vn 0.435106 0.609508 0.662709
vn -0.767493 -0.416296 -0.487496
vn 0.528893 0.848388 -0.0226
vn -0.225394 0.326091 -0.918075
vn 0.323498 -0.217498 0.920893
vn -0.462115 -0.886129 -0.035001
vn 0.81109 0.546993 0.207198
vn -0.180703 0.57671 -0.796713
vn 0.1514 -0.524402 0.837903
vn -0.845974 -0.510984 -0.152395
vn 0.929728 0.363211 0.060702
vn -0.292802 0.767105 -0.570804
vn 0.3033 -0.791701 0.530301
vn -0.919917 -0.378507 -0.102402
vn 0.870122 0.490513 0.047801
vn -0.469193 0.874587 -0.122298
vn 0.480009 -0.875416 0.056901
vn -0.862885 -0.492491 -0.113498
vn -0.621611 0.745813 -0.239504
vn 0.745502 0.655902 0.118401
vn 0.304499 -0.212099 -0.928598
vn 0.647595 -0.751394 0.126599
vn -0.708731 -0.668229 -0.22621
vn 0.843491 0.493495 0.212098
vn -0.52089 0.852384 0.045999
vn 0.529218 -0.843429 -0.092503
vn -0.835942 -0.486025 -0.254913
vn 0 -0.557904 0.829906
vn 0 -0.924359 0.381524
vn 0.2102 -0.916299 0.3409
vn 0.563113 -0.637515 0.525812
vn 0.219914 -0.96806 0.120408
vn 0.607179 -0.784672 0.124996
vn 0 -0.995619 0.093502
vn 0.751487 0.097598 0.652489
vn 0 0.204206 0.978928
vn 0.956906 -0.090301 0.276002
vn 0.305108 0.935724 0.177005
vn 0 0.996859 0.079197
vn 0.550767 0.81865 0.16269
vn 0 0.987085 -0.160198
vn 0 0.932946 -0.360018
vn -0.0103 0.985234 -0.170906
vn -0.204609 0.942343 -0.264812
vn -0.0572 0.985604 -0.159101
vn -0.343213 0.939235 -0.0065
vn -0.119997 0.992774 0.0006
vn -0.56721 0.818815 0.088402
vn 0 0.994835 -0.101504
vn 0 0.998503 -0.0547
vn -0.682579 -0.709378 -0.175695
vn -0.452104 -0.891708 -0.0214
vn -0.237293 -0.97127 -0.018099
vn -0.708021 -0.67882 -0.194706
vn -0.851291 -0.438196 -0.288597
vn -0.916121 -0.392109 0.083502
vn -0.532277 0.765466 0.361584
vn -0.705107 0.684407 0.185502
vn -0.656966 0.751861 -0.055697
vn -0.649787 0.519389 0.554989
vn -0.538724 0.736533 0.409018
vn -0.742027 0.619022 0.257309
vn -0.608304 0.722305 0.329002
vn -0.530716 0.847525 -0.0065
vn -0.752377 0.622281 -0.216093
vn -0.685695 0.701395 -0.194599
vn -0.486894 0.84269 0.229797
vn -0.69232 0.640518 0.33231
vn -0.714162 0.691863 -0.106294
vn 0.0506 0.833101 -0.550801
vn -0.69443 -0.22301 0.68413
vn -0.752701 -0.2535 0.607601
vn -0.94462 0.048201 0.324607
vn -0.940329 -0.274109 0.201606
vn -0.981717 0.190303 0.004
vn -0.907775 0.402489 0.118097
vn -0.955268 0.090697 -0.281491
vn -0.96782 -0.099802 -0.231005
vn -0.897614 0.320405 -0.302705
vn -0.824713 -0.531708 -0.192703
vn -0.703999 -0.710199 -0.0016
vn -0.975669 -0.189894 -0.109597
vn -0.916101 -0.0228 -0.4003
vn -0.920436 0.386715 0.057002
vn -0.815836 0.499722 -0.291013
vn -0.737973 0.671075 -0.071097
vn -0.922682 0.210096 -0.323294
vn -0.819232 0.559222 -0.127005
vn -0.907663 0.110896 -0.404784
vn -0.917177 0.377091 -0.128797
vn -0.740116 0.617114 -0.267206
vn -0.97691 0.202202 0.069001
vn -0.994082 -0.047299 -0.097798
vn -0.927176 0.306092 -0.215994
vn -0.997476 -0.0002 -0.070998
vn -0.98643 0.141004 -0.084103
vn -0.97364 0.227609 -0.014801
vn -0.999569 0.020399 -0.021099
vn -0.945156 0.180692 -0.272087
vn -0.645894 0.191598 -0.738993
vn -0.824511 -0.104001 -0.556207
vn -0.965637 -0.084403 -0.245809
vn -0.732091 -0.0207 -0.680892
vn -0.510191 0.080499 -0.856286
vn -0.732026 -0.131205 -0.668524
vn -0.852776 -0.34829 -0.389189
vn -0.664526 -0.050902 -0.745529
vn -0.414511 0.165204 -0.894924
vn -0.631414 -0.0067 -0.775417
vn -0.778461 -0.225289 -0.58587
vn -0.234402 0.203002 -0.950708
vn -0.9349 0.3067 0.1786
vn 0.100598 0.994883 -0.0094
vn -0.417317 -0.891137 -0.178107
vn -0.977939 -0.090004 0.188508
vn -0.866695 0.378698 -0.324698
vn -0.089801 0.994412 -0.055501
vn 0.162108 0.958746 0.233511
vn -0.775165 -0.625671 -0.087496
vn -0.968658 0.107795 0.22379
vn 0.144906 0.975942 0.162907
vn -0.645393 -0.756792 -0.103599
vn -0.462309 0.072901 -0.883717
vn -0.95059 0.225098 0.213798
vn -0.658017 0.74362 0.118503
vn -0.204192 -0.972561 -0.111496
vn -0.925421 -0.005 0.378909
vn -0.480697 0.867495 0.127999
vn -0.726442 -0.663639 -0.17851
vn 0.93903 0.112504 -0.32491
vn 0.947798 -0.1213 -0.294899
vn 0.941227 -0.155005 -0.300109
vn 0.84969 0.117199 -0.514094
vn 0.050099 0.294995 -0.954185
vn 0.296897 -0.093799 -0.950292
vn -0.027701 0.999533 0.0129
vn 0.020599 0.977163 0.211492
vn -0.245309 0.111304 0.963034
vn -0.390691 0.234395 0.89018
vn -0.059803 -0.987251 0.147508
vn 0.401404 -0.183602 -0.89731
vn -0.029201 0.987023 -0.157904
vn -0.421191 0.150597 0.894382
vn 0.040001 -0.989229 0.140804
vn 0.710591 -0.290596 -0.640792
vn -0.0238 0.894014 -0.447407
vn -0.786049 0.255783 0.562763
vn -0.022499 -0.926675 0.37519
vn 0.927022 -0.245006 -0.283907
vn 0.099398 0.897584 -0.429492
vn -0.944302 0.223001 0.242001
vn -0.114 -0.916101 0.3844
vn 0.968322 -0.216105 -0.125103
vn 0.124897 0.812178 -0.569884
vn -0.980355 0.184592 0.069497
vn -0.133503 -0.843416 0.52041
vn 0.946369 -0.280291 0.160695
vn 0.173603 0 -0.984816
vn 0.327905 0.843912 -0.424606
vn -0.919386 0.258496 -0.296495
vn -0.311605 -0.909214 0.276104
vn 0.161599 0.778493 -0.606494
vn 0.991251 -0.129794 0.023999
vn -0.992397 0.0937 -0.0798
vn -0.150698 -0.827089 0.541493
vn -0.2102 -0.916299 0.3409
vn -0.563113 -0.637515 0.525812
vn -0.219914 -0.96806 0.120408
vn -0.607179 -0.784672 0.124996
vn -0.751487 0.097598 0.652489
vn -0.956906 -0.090301 0.276002
vn -0.305108 0.935724 0.177005
vn -0.550767 0.81865 0.16269
vn 0.0103 0.985234 -0.170906
vn 0.204609 0.942343 -0.264812
vn 0.0572 0.985604 -0.159101
vn 0.343213 0.939235 -0.0065
vn 0.119997 0.992774 0.0006
vn 0.56721 0.818815 0.088402
vn -0.566322 0.798331 0.204808
vn -0.080299 0.112599 0.990391
vn -0.637999 0.757698 -0.1373
vn 0.0158 -0.278805 0.960218
vn 0.754905 -0.641705 0.135401
vn 0.566322 -0.798331 -0.204808
vn 0.151608 0.013401 -0.98835
vn -0.0158 0.278805 -0.960218
vn -0.293101 0.320101 0.900904
vn -0.791926 0.502016 -0.347611
vn 0.920901 -0.1528 0.3586
vn 0.369998 0.037 -0.928296
vn 0.0013 0.999351 -0.035998
vn -0.73428 0.629782 0.253393
vn -0.219296 0.210496 0.952681
vn -0.833424 0.491214 -0.253207
vn 0.168201 -0.243501 0.955205
vn 0.907194 -0.320198 0.272898
vn 0.73428 -0.629782 -0.253393
vn 0.256003 -0.0227 -0.96641
vn -0.168201 0.243501 -0.955205
vn 0.1634 0.985899 0.0361
vn -0.651605 0.695805 -0.302102
vn -0.902554 0.104995 0.417579
vn -0.298505 0.648211 -0.700512
vn -0.666008 -0.400505 0.629308
vn 0.322489 -0.495583 0.806473
vn 0.651605 -0.695805 0.302102
vn 0.931278 0.074598 -0.356591
vn 0.666008 0.400505 -0.629308
vn 0.0461 0.932199 0.358999
vn -0.651605 0.695805 -0.302102
vn -0.902554 0.104995 0.417579
vn -0.298505 0.648211 -0.700512
vn -0.666008 -0.400505 0.629308
vn 0.322489 -0.495583 0.806473
vn 0.651605 -0.695805 0.302102
vn 0.931278 0.074598 -0.356591
vn 0.666008 0.400505 -0.629308
vn 0.0461 0.932199 0.358999
vn -0.786171 0.615877 0.051298
vn -0.52489 0.128698 0.841384
vn -0.710292 0.524194 -0.469794
vn -0.153201 -0.329603 0.931607
vn 0.770823 -0.356711 0.527816
vn 0.786171 -0.615877 -0.051298
vn 0.561185 0.059098 -0.825578
vn 0.153201 0.329603 -0.931607
vn 0.127394 0.976257 0.175192
vn -0.729527 0.682025 0.051302
vn -0.511618 0.173906 0.84143
vn -0.661901 0.584101 -0.469801
vn -0.181302 -0.315004 0.931613
vn 0.736817 -0.42251 0.527812
vn 0.729527 -0.682025 -0.051302
vn 0.56419 0.0099 -0.825586
vn 0.181302 0.315004 -0.931613
vn 0.212008 0.961434 0.175206
vn -0.53408 0.449283 -0.716173
vn -0.754464 0.071197 0.652469
vn 0.207392 0.76127 0.614376
vn 0.541707 -0.219103 0.81151
vn 0.207392 0.76127 0.614376
vn 0.873277 0.247993 -0.419389
vn 0.207392 0.76127 0.614376
vn 0.207392 0.76127 0.614376
vn -0.53408 0.449283 -0.716173
vn -0.754464 0.071197 0.652469
vn 0.207392 0.76127 0.614376
vn 0.541707 -0.219103 0.81151
vn 0.207392 0.76127 0.614376
vn 0.873277 0.247993 -0.419389
vn 0.207392 0.76127 0.614376
vn 0.207392 0.76127 0.614376
vn -0.869479 0.449289 -0.205295
vn -0.158596 0.071198 0.984773
vn 0.553788 0.761284 0.337293
vn 0.936613 -0.219103 0.273404
vn 0.553788 0.761284 0.337293
vn 0.399399 0.247999 -0.882597
vn 0.553788 0.761284 0.337293
vn 0.553788 0.761284 0.337293
vn -0.869479 0.449289 -0.205295
vn -0.158596 0.071198 0.984773
vn 0.553788 0.761284 0.337293
vn 0.936613 -0.219103 0.273404
vn 0.553788 0.761284 0.337293
vn 0.399399 0.247999 -0.882597
vn 0.553788 0.761284 0.337293
vn 0.553788 0.761284 0.337293
vn -0.869479 0.449289 -0.205295
vn -0.158596 0.071198 0.984773
vn 0.553788 0.761284 0.337293
vn 0.936613 -0.219103 0.273404
vn 0.553788 0.761284 0.337293
vn 0.399399 0.247999 -0.882597
vn 0.553788 0.761284 0.337293
vn 0.553788 0.761284 0.337293
vn 0.566322 0.798331 0.204808
vn 0.637999 0.757698 -0.1373
vn 0.080299 0.112599 0.990391
vn -0.0158 -0.278805 0.960218
vn -0.754905 -0.641705 0.135401
vn -0.566322 -0.798331 -0.204808
vn -0.151608 0.013401 -0.98835
vn 0.0158 0.278805 -0.960218
vn 0.791926 0.502016 -0.347611
vn 0.293101 0.320101 0.900904
vn -0.920901 -0.1528 0.3586
vn -0.369998 0.037 -0.928296
vn -0.0013 0.999351 -0.035998
vn 0.73428 0.629782 0.253393
vn 0.833424 0.491214 -0.253207
vn 0.219296 0.210496 0.952681
vn -0.168201 -0.243501 0.955205
vn -0.907194 -0.320198 0.272898
vn -0.73428 -0.629782 -0.253393
vn -0.256003 -0.0227 -0.96641
vn 0.168201 0.243501 -0.955205
vn -0.1634 0.985899 0.0361
vn 0.651605 0.695805 -0.302102
vn 0.298505 0.648211 -0.700512
vn 0.902554 0.104995 0.417579
vn 0.666008 -0.400505 0.629308
vn -0.322489 -0.495583 0.806473
vn -0.651605 -0.695805 0.302102
vn -0.931278 0.074598 -0.356591
vn -0.666008 0.400505 -0.629308
vn -0.0461 0.932199 0.358999
vn 0.651585 0.695784 -0.302193
vn 0.298505 0.648211 -0.700512
vn 0.902554 0.104995 0.417579
vn 0.666008 -0.400505 0.629308
vn -0.322489 -0.495583 0.806473
vn -0.651605 -0.695805 0.302102
vn -0.931271 0.074698 -0.356589
vn -0.666008 0.400505 -0.629308
vn -0.0461 0.932199 0.358999
vn 0.786171 0.615877 0.051298
vn 0.710292 0.524194 -0.469794
vn 0.52489 0.128698 0.841384
vn 0.153201 -0.329603 0.931607
vn -0.770823 -0.356711 0.527816
vn -0.786171 -0.615877 -0.051298
vn -0.561185 0.059098 -0.825578
vn -0.153201 0.329603 -0.931607
vn -0.127394 0.976257 0.175192
vn 0.729527 0.682025 0.051302
vn 0.661901 0.584101 -0.469801
vn 0.511618 0.173906 0.84143
vn 0.181302 -0.315004 0.931613
vn -0.736817 -0.42251 0.527812
vn -0.729527 -0.682025 -0.051302
vn -0.56419 0.0099 -0.825586
vn -0.181302 0.315004 -0.931613
vn -0.212008 0.961434 0.175206
vn 0.53408 0.449283 -0.716173
vn -0.207392 0.76127 0.614376
vn 0.754464 0.071197 0.652469
vn -0.207392 0.76127 0.614376
vn -0.541707 -0.219103 0.81151
vn -0.207392 0.76127 0.614376
vn -0.873277 0.247993 -0.419389
vn -0.207392 0.76127 0.614376
vn 0.53408 0.449283 -0.716173
vn -0.207392 0.76127 0.614376
vn 0.754464 0.071197 0.652469
vn -0.207392 0.76127 0.614376
vn -0.541707 -0.219103 0.81151
vn -0.207392 0.76127 0.614376
vn -0.873277 0.247993 -0.419389
vn -0.207392 0.76127 0.614376
vn 0.869479 0.449289 -0.205295
vn -0.553788 0.761284 0.337293
vn 0.158596 0.071198 0.984773
vn -0.553788 0.761284 0.337293
vn -0.936613 -0.219103 0.273404
vn -0.553788 0.761284 0.337293
vn -0.399399 0.247999 -0.882597
vn -0.553788 0.761284 0.337293
vn 0.869479 0.449289 -0.205295
vn -0.553788 0.761284 0.337293
vn 0.158596 0.071198 0.984773
vn -0.553788 0.761284 0.337293
vn -0.936613 -0.219103 0.273404
vn -0.553788 0.761284 0.337293
vn -0.399399 0.247999 -0.882597
vn -0.553788 0.761284 0.337293
vn 0.869479 0.449289 -0.205295
vn -0.553788 0.761284 0.337293
vn 0.158596 0.071198 0.984773
vn -0.553788 0.761284 0.337293
vn -0.936613 -0.219103 0.273404
vn -0.553788 0.761284 0.337293
vn -0.399399 0.247999 -0.882597
vn -0.553788 0.761284 0.337293
vn -0.53408 -0.449283 -0.716173
vn 0.207392 -0.76127 0.614376
vn -0.754464 -0.071197 0.652469
vn 0.207392 -0.76127 0.614376
vn 0.541707 0.219103 0.81151
vn 0.207392 -0.76127 0.614376
vn 0.873277 -0.247993 -0.419389
vn 0.207392 -0.76127 0.614376
vn -0.53408 -0.449283 -0.716173
vn 0.207392 -0.76127 0.614376
vn -0.754464 -0.071197 0.652469
vn 0.207392 -0.76127 0.614376
vn 0.541707 0.219103 0.81151
vn 0.207392 -0.76127 0.614376
vn 0.873277 -0.247993 -0.419389
vn 0.207392 -0.76127 0.614376
vn -0.869479 -0.449289 -0.205295
vn 0.553788 -0.761284 0.337293
vn -0.158596 -0.071198 0.984773
vn 0.553788 -0.761284 0.337293
vn 0.936613 0.219103 0.273404
vn 0.553788 -0.761284 0.337293
vn 0.399399 -0.247999 -0.882597
vn 0.553788 -0.761284 0.337293
vn -0.869479 -0.449289 -0.205295
vn 0.553769 -0.761258 0.337381
vn -0.158596 -0.071198 0.984773
vn 0.553769 -0.761258 0.337381
vn 0.936613 0.219103 0.273404
vn 0.553769 -0.761258 0.337381
vn 0.399399 -0.247999 -0.882597
vn 0.553769 -0.761258 0.337381
vn -0.869479 -0.449289 -0.205295
vn 0.553788 -0.761284 0.337293
vn -0.158596 -0.071198 0.984773
vn 0.553788 -0.761284 0.337293
vn 0.936613 0.219103 0.273404
vn 0.553788 -0.761284 0.337293
vn 0.399399 -0.247999 -0.882597
vn 0.553788 -0.761284 0.337293
vn -0.869479 -0.449289 -0.205295
vn 0.553788 -0.761284 0.337293
vn -0.158596 -0.071198 0.984773
vn 0.553788 -0.761284 0.337293
vn 0.936613 0.219103 0.273404
vn 0.553788 -0.761284 0.337293
vn 0.399399 -0.247999 -0.882597
vn 0.553788 -0.761284 0.337293
vn -0.53408 -0.449283 -0.716173
vn 0.207392 -0.76127 0.614376
vn -0.754464 -0.071197 0.652469
vn 0.207392 -0.76127 0.614376
vn 0.541707 0.219103 0.81151
vn 0.207392 -0.76127 0.614376
vn 0.873277 -0.247993 -0.419389
vn 0.207392 -0.76127 0.614376
vn -0.53408 -0.449283 -0.716173
vn 0.207392 -0.76127 0.614376
vn -0.754464 -0.071197 0.652469
vn 0.207392 -0.76127 0.614376
vn 0.541707 0.219103 0.81151
vn 0.207392 -0.76127 0.614376
vn 0.873277 -0.247993 -0.419389
vn 0.207392 -0.76127 0.614376
vn -0.869479 -0.449289 -0.205295
vn 0.553788 -0.761284 0.337293
vn -0.158596 -0.071198 0.984773
vn 0.553788 -0.761284 0.337293
vn 0.936613 0.219103 0.273404
vn 0.553788 -0.761284 0.337293
vn 0.399399 -0.247999 -0.882597
vn 0.553788 -0.761284 0.337293
vn 0.53408 -0.449283 -0.716173
vn 0.754464 -0.071197 0.652469
vn -0.207392 -0.76127 0.614376
vn -0.541707 0.219103 0.81151
vn -0.207392 -0.76127 0.614376
vn -0.873277 -0.247993 -0.419389
vn -0.207392 -0.76127 0.614376
vn -0.207392 -0.76127 0.614376
vn 0.53408 -0.449283 -0.716173
vn 0.754464 -0.071197 0.652469
vn -0.207392 -0.76127 0.614376
vn -0.541707 0.219103 0.81151
vn -0.207392 -0.76127 0.614376
vn -0.873277 -0.247993 -0.419389
vn -0.207392 -0.76127 0.614376
vn -0.207392 -0.76127 0.614376
vn 0.869479 -0.449289 -0.205295
vn 0.158596 -0.071198 0.984773
vn -0.553788 -0.761284 0.337293
vn -0.936613 0.219103 0.273404
vn -0.553788 -0.761284 0.337293
vn -0.399399 -0.247999 -0.882597
vn -0.553788 -0.761284 0.337293
vn -0.553788 -0.761284 0.337293
vn 0.869479 -0.449289 -0.205295
vn 0.158596 -0.071198 0.984773
vn -0.553788 -0.761284 0.337293
vn -0.936613 0.219103 0.273404
vn -0.553788 -0.761284 0.337293
vn -0.399399 -0.247999 -0.882597
vn -0.553788 -0.761284 0.337293
vn -0.553788 -0.761284 0.337293
vn 0.869479 -0.449289 -0.205295
vn 0.158596 -0.071198 0.984773
vn -0.553788 -0.761284 0.337293
vn -0.936613 0.219103 0.273404
vn -0.553788 -0.761284 0.337293
vn -0.399399 -0.247999 -0.882597
vn -0.553788 -0.761284 0.337293
vn -0.553788 -0.761284 0.337293
vn 0.869479 -0.449289 -0.205295
vn 0.158596 -0.071198 0.984773
vn -0.553788 -0.761284 0.337293
vn -0.936613 0.219103 0.273404
vn -0.553788 -0.761284 0.337293
vn -0.399399 -0.247999 -0.882597
vn -0.553788 -0.761284 0.337293
vn -0.553788 -0.761284 0.337293
vn 0.53408 -0.449283 -0.716173
vn 0.754464 -0.071197 0.652469
vn -0.207392 -0.76127 0.614376
vn -0.541707 0.219103 0.81151
vn -0.207392 -0.76127 0.614376
vn -0.873277 -0.247993 -0.419389
vn -0.207392 -0.76127 0.614376
vn -0.207392 -0.76127 0.614376
vn 0.53408 -0.449283 -0.716173
vn 0.754464 -0.071197 0.652469
vn -0.207392 -0.76127 0.614376
vn -0.541707 0.219103 0.81151
vn -0.207392 -0.76127 0.614376
vn -0.873277 -0.247993 -0.419389
vn -0.207392 -0.76127 0.614376
vn -0.207392 -0.76127 0.614376
vn 0.869479 -0.449289 -0.205295
vn 0.158596 -0.071198 0.984773
vn -0.553769 -0.761258 0.337381
vn -0.936613 0.219103 0.273404
vn -0.553769 -0.761258 0.337381
vn -0.399399 -0.247999 -0.882597
vn -0.553769 -0.761258 0.337381
vn -0.553769 -0.761258 0.337381
vt 0.3111 0.1031
vt 0.3068 0.0603
vt 0.5185 0.06
vt 0.4213 0.1177
vt 0.3019 0.0238
vt 0.4161 0.2069
vt 0.3134 0.1998
vt 0.0591 0.6064
vt 0.0143 0.4863
vt 0.1107 0.5005
vt 0.2834 0.7475
vt 0.2089 0.5237
vt 0.3166 0.5562
vt 0.0153 0.4537
vt 0.0621 0.3618
vt 0.0808 0.3883
vt 0.1341 0.3752
vt 0.0871 0.3972
vt 0.2838 0.4841
vt 0.4467 0.4252
vt 0.4598 0.5297
vt 0.0132 0.3893
vt 0.0593 0.3389
vt 0.1674 0.332
vt 0.3183 0.3952
vt 0.3628 0.394
vt 0.0087 0.2626
vt 0.0636 0.2488
vt 0.0501 0.3138
vt 0.0104 0.3344
vt 0.1854 0.1942
vt 0.1727 0.283
vt 0.3192 0.2832
vt 0.3506 0.3122
vt 0.4177 0.2774
vt 0.4226 0.3035
vt 0.3705 0.361
vt 0.668 0.0601
vt 0.5644 0.037
vt 0.6752 0.1313
vt 0.5264 0.1133
vt 0.7289 0.0697
vt 0.5364 0.1786
vt 0.6779 0.1982
vt 0.657 0.4764
vt 0.5475 0.4635
vt 0.6903 0.375
vt 0.5888 0.5177
vt 0.5712 0.522
vt 0.5481 0.3796
vt 0.6926 0.4411
vt 0.7863 0.3054
vt 0.542 0.2992
vt 0.6812 0.2957
vt 0.4299 0.3587
vt 0.7908 0.2185
vt 0.4952 0.9995
vt 0.4515 0.9646
vt 0.4576 0.9559
vt 0.4637 0.9472
vt 0.3822 0.8
vt 0.3435 0.6975
vt 0.3706 0.8243
vt 0.3926 0.7852
vt 0.3755 0.698
vt 0.4155 0.862
vt 0.4062 0.8786
vt 0.4215 0.8438
vt 0.6406 0.6062
vt 0.6101 0.603
vt 0.616 0.588
vt 0.6182 0.5751
vt 0.5533 0.5418
vt 0.5626 0.7324
vt 0.5351 0.7341
vt 0.5394 0.7217
vt 0.5437 0.7092
vt 0.4652 0.608
vt 0.4803 0.6054
vt 0.4982 0.649
vt 0.4915 0.6683
vt 0.4929 0.5898
vt 0.5048 0.6297
vt 0.9995 0.595
vt 0.9559 0.622
vt 0.9574 0.6048
vt 0.9589 0.5876
vt 0.8159 0.572
vt 0.6963 0.573
vt 0.6954 0.5145
vt 0.8162 0.6108
vt 0.8184 0.5427
vt 0.7315 0.4827
vt 0.6066 0.5168
vt 0.881 0.595
vt 0.88 0.6239
vt 0.8856 0.5681
vt 0.9405 0.0163
vt 0.9229 0.0366
vt 0.9217 0.0146
vt 0.9184 0.0005
vt 0.7842 0.0891
vt 0.7565 0.1539
vt 0.7396 0.1068
vt 0.7918 0.1226
vt 0.7801 0.0603
vt 0.8507 0.0478
vt 0.8514 0.0758
vt 0.8472 0.0216
vt 0.8931 0.2316
vt 0.8731 0.2544
vt 0.8716 0.2373
vt 0.8701 0.2201
vt 0.7934 0.2683
vt 0.8253 0.2559
vt 0.8276 0.2826
vt 0.8229 0.2292
vt 0.5625 0.4911
vt 0.5306 0.4993
vt 0.5309 0.4886
vt 0.5345 0.4755
vt 0.414 0.4215
vt 0.3457 0.4078
vt 0.3501 0.3761
vt 0.415 0.4472
vt 0.4201 0.399
vt 0.4772 0.4628
vt 0.4775 0.4813
vt 0.4807 0.4423
vt 0.4484 0.2474
vt 0.4333 0.2586
vt 0.4302 0.2474
vt 0.4329 0.2332
vt 0.3449 0.2492
vt 0.3467 0.2742
vt 0.3461 0.219
vt 0.5342 0.4861
vt 0.4196 0.4172
vt 0.4822 0.4588
vt 0.4347 0.2447
vt 0.3535 0.2517
vt 0.0502 0.3483
vt 0.0578 0.3298
vt 0.0494 0.3429
vt 0.041 0.3327
vt 0.0405 0.3319
vt 0.0487 0.3142
vt 0.0491 0.3485
vt 0.0568 0.3299
vt 0.0399 0.3329
vt 0.0476 0.3144
vt 0.0487 0.3486
vt 0.0564 0.33
vt 0.0396 0.333
vt 0.0473 0.3144
vt 0.0481 0.3461
vt 0.0547 0.3303
vt 0.0404 0.3328
vt 0.0469 0.3171
vt 0.0472 0.3444
vt 0.053 0.3306
vt 0.0404 0.3328
vt 0.0462 0.319
vt 0.0516 0.3309
vt 0.0471 0.3417
vt 0.0467 0.3317
vt 0.0418 0.3326
vt 0.0463 0.3217
vt 0.0472 0.3425
vt 0.052 0.3308
vt 0.0414 0.3327
vt 0.0462 0.3209
vt 0.0119 0.1436
vt 0.0607 0.0748
vt 0.0639 0.0958
vt 0.0578 0.1186
vt 0.1881 0.0606
vt 0.1889 0.0849
vt 0.1953 0.0264
vt 0.0647 0.1827
vt 0.0026 0.1918
vt 0.1892 0.1354
vt 0.0709 0.2127
vt 0.014 0.2382
vt 0.1893 0.1746
vt 0.0799 0.1802
vt 0.0338 0.1967
vt 0.0826 0.1911
vt 0.081 0.203
vt 0.1868 0.132
vt 0.1845 0.173
vt 0.3563 0.1852
vt 0.3509 0.2622
vt 0.199 0.1445
vt 0.3541 0.1273
vt 0.3111 0.1031
vt 0.5185 0.06
vt 0.3068 0.0603
vt 0.4213 0.1177
vt 0.4161 0.2069
vt 0.3134 0.1998
vt 0.1107 0.5005
vt 0.2089 0.5237
vt 0.3166 0.5562
vt 0.0621 0.3618
vt 0.0808 0.3883
vt 0.1341 0.3752
vt 0.0871 0.3972
vt 0.2838 0.4841
vt 0.4467 0.4252
vt 0.4598 0.5297
vt 0.0593 0.3389
vt 0.1674 0.332
vt 0.3183 0.3952
vt 0.3628 0.394
vt 0.0501 0.3138
vt 0.0636 0.2488
vt 0.1727 0.283
vt 0.1854 0.1942
vt 0.3506 0.3122
vt 0.3192 0.2832
vt 0.4226 0.3035
vt 0.4177 0.2774
vt 0.3705 0.361
vt 0.6752 0.1313
vt 0.5264 0.1133
vt 0.5364 0.1786
vt 0.6779 0.1982
vt 0.657 0.4764
vt 0.6903 0.375
vt 0.5475 0.4635
vt 0.5712 0.522
vt 0.5481 0.3796
vt 0.6812 0.2957
vt 0.542 0.2992
vt 0.4299 0.3587
vt 0.4576 0.9559
vt 0.3822 0.8
vt 0.3435 0.6975
vt 0.4155 0.862
vt 0.616 0.588
vt 0.5394 0.7217
vt 0.4982 0.649
vt 0.4803 0.6054
vt 0.9574 0.6048
vt 0.8159 0.572
vt 0.6954 0.5145
vt 0.881 0.595
vt 0.9217 0.0146
vt 0.7842 0.0891
vt 0.7396 0.1068
vt 0.8507 0.0478
vt 0.8716 0.2373
vt 0.8253 0.2559
vt 0.7934 0.2683
vt 0.5625 0.4911
vt 0.5309 0.4886
vt 0.5306 0.4993
vt 0.5345 0.4755
vt 0.414 0.4215
vt 0.3501 0.3761
vt 0.3457 0.4078
vt 0.415 0.4472
vt 0.4201 0.399
vt 0.4772 0.4628
vt 0.4775 0.4813
vt 0.4807 0.4423
vt 0.4484 0.2474
vt 0.4302 0.2474
vt 0.4333 0.2586
vt 0.4329 0.2332
vt 0.3449 0.2492
vt 0.3467 0.2742
vt 0.3461 0.219
vt 0.5342 0.4861
vt 0.4196 0.4172
vt 0.4822 0.4588
vt 0.4347 0.2447
vt 0.3535 0.2517
vt 0.0578 0.3298
vt 0.0502 0.3483
vt 0.0494 0.3429
vt 0.041 0.3327
vt 0.0405 0.3319
vt 0.0487 0.3142
vt 0.0568 0.3299
vt 0.0491 0.3485
vt 0.0399 0.3329
vt 0.0476 0.3144
vt 0.0564 0.33
vt 0.0487 0.3486
vt 0.0396 0.333
vt 0.0473 0.3144
vt 0.0547 0.3303
vt 0.0481 0.3461
vt 0.0404 0.3328
vt 0.0469 0.3171
vt 0.053 0.3306
vt 0.0472 0.3444
vt 0.0404 0.3328
vt 0.0462 0.319
vt 0.0516 0.3309
vt 0.0467 0.3317
vt 0.0471 0.3417
vt 0.0418 0.3326
vt 0.0463 0.3217
vt 0.0472 0.3425
vt 0.052 0.3308
vt 0.0414 0.3327
vt 0.0462 0.3209
vt 0.0639 0.0958
vt 0.0578 0.1186
vt 0.1881 0.0606
vt 0.1889 0.0849
vt 0.0647 0.1827
vt 0.1892 0.1354
vt 0.0709 0.2127
vt 0.1893 0.1746
vt 0.0826 0.1911
vt 0.081 0.203
vt 0.1868 0.132
vt 0.1845 0.173
vt 0.3563 0.1852
vt 0.3509 0.2622
vt 0.0492 0.901
vt 0.0295 0.9296
vt 0.0385 0.9265
vt 0.0427 0.8981
vt 0.0205 0.9328
vt 0.0362 0.8953
vt 0.0295 0.9296
vt 0.0427 0.8982
vt 0.03 0.9467
vt 0.0355 0.941
vt 0.0245 0.9523
vt 0.03 0.9467
vt 0.0439 0.9617
vt 0.0351 0.9236
vt 0.0293 0.9427
vt 0.0404 0.9356
vt 0.0276 0.9197
vt 0.0212 0.9498
vt 0.0231 0.9158
vt 0.0292 0.9427
vt 0.0275 0.9197
vt 0.0459 0.9872
vt 0.0351 0.9236
vt 0.0293 0.9427
vt 0.0404 0.9356
vt 0.0276 0.9197
vt 0.0212 0.9498
vt 0.0231 0.9158
vt 0.0292 0.9427
vt 0.0275 0.9197
vt 0.0459 0.9872
vt 0.0351 0.9236
vt 0.0293 0.9427
vt 0.0404 0.9356
vt 0.0276 0.9197
vt 0.0212 0.9498
vt 0.0231 0.9158
vt 0.0292 0.9427
vt 0.0275 0.9197
vt 0.0459 0.9872
vt 0.0351 0.9236
vt 0.0293 0.9427
vt 0.0404 0.9356
vt 0.0276 0.9197
vt 0.0212 0.9498
vt 0.0231 0.9158
vt 0.0292 0.9427
vt 0.0275 0.9197
vt 0.0459 0.9872
vt 0.0351 0.9236
vt 0.0293 0.9427
vt 0.0404 0.9356
vt 0.0276 0.9197
vt 0.0212 0.9498
vt 0.0231 0.9158
vt 0.0292 0.9427
vt 0.0275 0.9197
vt 0.0459 0.9872
vt 0.0351 0.9236
vt 0.0276 0.9197
vt 0.0293 0.9427
vt 0.0231 0.9158
vt 0.0212 0.9498
vt 0.0275 0.9197
vt 0.0292 0.9427
vt 0.0404 0.9356
vt 0.0351 0.9236
vt 0.0276 0.9197
vt 0.0293 0.9427
vt 0.0231 0.9158
vt 0.0212 0.9498
vt 0.0275 0.9197
vt 0.0292 0.9427
vt 0.0404 0.9356
vt 0.0351 0.9236
vt 0.0276 0.9197
vt 0.0293 0.9427
vt 0.0231 0.9158
vt 0.0212 0.9498
vt 0.0275 0.9197
vt 0.0292 0.9427
vt 0.0404 0.9356
vt 0.0351 0.9236
vt 0.0276 0.9197
vt 0.0293 0.9427
vt 0.0231 0.9158
vt 0.0212 0.9498
vt 0.0275 0.9197
vt 0.0292 0.9427
vt 0.0404 0.9356
vt 0.0351 0.9236
vt 0.0276 0.9197
vt 0.0293 0.9427
vt 0.0231 0.9158
vt 0.0212 0.9498
vt 0.0275 0.9197
vt 0.0292 0.9427
vt 0.0404 0.9356
vt 0.0492 0.901
vt 0.0385 0.9265
vt 0.0295 0.9296
vt 0.0427 0.8981
vt 0.0205 0.9328
vt 0.0362 0.8953
vt 0.0295 0.9296
vt 0.0427 0.8982
vt 0.0355 0.941
vt 0.03 0.9467
vt 0.0245 0.9523
vt 0.03 0.9467
vt 0.0439 0.9617
vt 0.0351 0.9236
vt 0.0404 0.9356
vt 0.0293 0.9427
vt 0.0276 0.9197
vt 0.0212 0.9498
vt 0.0231 0.9158
vt 0.0292 0.9427
vt 0.0275 0.9197
vt 0.0459 0.9872
vt 0.0351 0.9236
vt 0.0404 0.9356
vt 0.0293 0.9427
vt 0.0276 0.9197
vt 0.0212 0.9498
vt 0.0231 0.9158
vt 0.0292 0.9427
vt 0.0275 0.9197
vt 0.0459 0.9872
vt 0.0351 0.9236
vt 0.0404 0.9356
vt 0.0293 0.9427
vt 0.0276 0.9197
vt 0.0212 0.9498
vt 0.0231 0.9158
vt 0.0292 0.9427
vt 0.0275 0.9197
vt 0.0459 0.9872
vt 0.0351 0.9236
vt 0.0404 0.9356
vt 0.0293 0.9427
vt 0.0276 0.9197
vt 0.0212 0.9498
vt 0.0231 0.9158
vt 0.0292 0.9427
vt 0.0275 0.9197
vt 0.0459 0.9872
vt 0.0351 0.9236
vt 0.0404 0.9356
vt 0.0293 0.9427
vt 0.0276 0.9197
vt 0.0212 0.9498
vt 0.0231 0.9158
vt 0.0292 0.9427
vt 0.0275 0.9197
vt 0.0459 0.9872
vt 0.0351 0.9236
vt 0.0293 0.9427
vt 0.0276 0.9197
vt 0.0212 0.9498
vt 0.0231 0.9158
vt 0.0292 0.9427
vt 0.0275 0.9197
vt 0.0404 0.9356
vt 0.0351 0.9236
vt 0.0293 0.9427
vt 0.0276 0.9197
vt 0.0212 0.9498
vt 0.0231 0.9158
vt 0.0292 0.9427
vt 0.0275 0.9197
vt 0.0404 0.9356
vt 0.0351 0.9236
vt 0.0293 0.9427
vt 0.0276 0.9197
vt 0.0212 0.9498
vt 0.0231 0.9158
vt 0.0292 0.9427
vt 0.0275 0.9197
vt 0.0404 0.9356
vt 0.0351 0.9236
vt 0.0293 0.9427
vt 0.0276 0.9197
vt 0.0212 0.9498
vt 0.0231 0.9158
vt 0.0292 0.9427
vt 0.0275 0.9197
vt 0.0404 0.9356
vt 0.0351 0.9236
vt 0.0293 0.9427
vt 0.0276 0.9197
vt 0.0212 0.9498
vt 0.0231 0.9158
vt 0.0292 0.9427
vt 0.0275 0.9197
vt 0.0404 0.9356
vt 0.0351 0.9236
vt 0.0293 0.9427
vt 0.0276 0.9197
vt 0.0212 0.9498
vt 0.0231 0.9158
vt 0.0292 0.9427
vt 0.0275 0.9197
vt 0.0404 0.9356
vt 0.0351 0.9236
vt 0.0293 0.9427
vt 0.0276 0.9197
vt 0.0212 0.9498
vt 0.0231 0.9158
vt 0.0292 0.9427
vt 0.0275 0.9197
vt 0.0404 0.9356
vt 0.0351 0.9236
vt 0.0293 0.9427
vt 0.0276 0.9197
vt 0.0212 0.9498
vt 0.0231 0.9158
vt 0.0292 0.9427
vt 0.0275 0.9197
vt 0.0404 0.9356
vt 0.0351 0.9236
vt 0.0293 0.9427
vt 0.0276 0.9197
vt 0.0212 0.9498
vt 0.0231 0.9158
vt 0.0292 0.9427
vt 0.0275 0.9197
vt 0.0404 0.9356
vt 0.0351 0.9236
vt 0.0293 0.9427
vt 0.0276 0.9197
vt 0.0212 0.9498
vt 0.0231 0.9158
vt 0.0292 0.9427
vt 0.0275 0.9197
vt 0.0404 0.9356
vt 0.0351 0.9236
vt 0.0293 0.9427
vt 0.0276 0.9197
vt 0.0212 0.9498
vt 0.0231 0.9158
vt 0.0292 0.9427
vt 0.0275 0.9197
vt 0.0404 0.9356
vt 0.0351 0.9236
vt 0.0293 0.9427
vt 0.0276 0.9197
vt 0.0212 0.9498
vt 0.0231 0.9158
vt 0.0292 0.9427
vt 0.0275 0.9197
vt 0.0404 0.9356
vt 0.0351 0.9236
vt 0.0293 0.9427
vt 0.0276 0.9197
vt 0.0212 0.9498
vt 0.0231 0.9158
vt 0.0292 0.9427
vt 0.0275 0.9197
vt 0.0404 0.9356
vt 0.0351 0.9236
vt 0.0293 0.9427
vt 0.0276 0.9197
vt 0.0212 0.9498
vt 0.0231 0.9158
vt 0.0292 0.9427
vt 0.0275 0.9197
vt 0.0404 0.9356
vt 0.0351 0.9236
vt 0.0276 0.9197
vt 0.0293 0.9427
vt 0.0231 0.9158
vt 0.0212 0.9498
vt 0.0275 0.9197
vt 0.0292 0.9427
vt 0.0404 0.9356
vt 0.0351 0.9236
vt 0.0276 0.9197
vt 0.0293 0.9427
vt 0.0231 0.9158
vt 0.0212 0.9498
vt 0.0275 0.9197
vt 0.0292 0.9427
vt 0.0404 0.9356
vt 0.0351 0.9236
vt 0.0276 0.9197
vt 0.0293 0.9427
vt 0.0231 0.9158
vt 0.0212 0.9498
vt 0.0275 0.9197
vt 0.0292 0.9427
vt 0.0404 0.9356
vt 0.0351 0.9236
vt 0.0276 0.9197
vt 0.0293 0.9427
vt 0.0231 0.9158
vt 0.0212 0.9498
vt 0.0275 0.9197
vt 0.0292 0.9427
vt 0.0404 0.9356
vt 0.0351 0.9236
vt 0.0276 0.9197
vt 0.0293 0.9427
vt 0.0231 0.9158
vt 0.0212 0.9498
vt 0.0275 0.9197
vt 0.0292 0.9427
vt 0.0404 0.9356
vt 0.0351 0.9236
vt 0.0276 0.9197
vt 0.0293 0.9427
vt 0.0231 0.9158
vt 0.0212 0.9498
vt 0.0275 0.9197
vt 0.0292 0.9427
vt 0.0404 0.9356
vt 0.0351 0.9236
vt 0.0276 0.9197
vt 0.0293 0.9427
vt 0.0231 0.9158
vt 0.0212 0.9498
vt 0.0275 0.9197
vt 0.0292 0.9427
vt 0.0404 0.9356
vt 0.0351 0.9236
vt 0.0276 0.9197
vt 0.0293 0.9427
vt 0.0231 0.9158
vt 0.0212 0.9498
vt 0.0275 0.9197
vt 0.0292 0.9427
vt 0.0404 0.9356
vt 0.0351 0.9236
vt 0.0276 0.9197
vt 0.0293 0.9427
vt 0.0231 0.9158
vt 0.0212 0.9498
vt 0.0275 0.9197
vt 0.0292 0.9427
vt 0.0404 0.9356
f 1/1/1 3/3/3 2/2/2
f 1/1/1 4/4/4 3/3/3
f 2/2/2 3/3/3 5/5/5
f 1/1/1 6/6/6 4/4/4
f 6/6/6 1/1/1 7/7/7
f 8/8/8 10/10/10 9/9/9
f 11/11/11 12/12/12 10/10/10
f 11/11/11 13/13/13 12/12/12
f 9/9/9 15/15/15 14/14/14
f 9/9/9 10/10/10 15/15/15
f 16/16/16 17/17/17 15/15/15
f 18/18/18 12/12/12 17/17/17
f 12/12/12 19/19/19 17/17/17
f 12/12/12 13/13/13 19/19/19
f 13/13/13 20/20/20 19/19/19
f 13/13/13 21/21/21 20/20/20
f 14/14/14 23/23/23 22/22/22
f 15/15/15 24/24/24 23/23/23
f 15/15/15 17/17/17 24/24/24
f 19/19/19 25/25/25 24/24/24
f 17/17/17 19/19/19 24/24/24
f 19/19/19 20/20/20 26/26/26
f 27/27/27 29/29/29 28/28/28
f 29/29/29 27/27/27 30/30/30
f 28/28/28 32/32/32 31/31/31
f 32/32/32 28/28/28 29/29/29
f 31/31/31 34/34/34 33/33/33
f 34/34/34 31/31/31 32/32/32
f 33/33/33 36/36/36 35/35/35
f 36/36/36 33/33/33 34/34/34
f 23/23/23 30/30/30 22/22/22
f 29/29/29 24/24/24 32/32/32
f 24/24/24 29/29/29 23/23/23
f 32/32/32 25/25/25 34/34/34
f 25/25/25 32/32/32 24/24/24
f 36/36/36 34/34/34 37/37/37
f 11/11/11 10/10/10 8/8/8
f 10/10/10 18/18/18 15/15/15
f 12/12/12 18/18/18 10/10/10
f 14/14/14 15/15/15 23/23/23
f 38/38/38 39/39/39 3/3/3
f 38/38/38 3/3/3 40/40/40
f 40/40/40 3/3/3 41/41/41
f 41/41/41 3/3/3 4/4/4
f 5/5/5 3/3/3 39/39/39
f 38/38/38 40/40/40 42/42/42
f 40/40/40 41/41/41 43/43/43
f 41/41/41 4/4/4 6/6/6
f 6/6/6 43/43/43 41/41/41
f 43/43/43 44/44/44 40/40/40
f 43/43/43 6/6/6 35/35/35
f 45/45/45 47/47/47 46/46/46
f 48/48/48 46/46/46 49/49/49
f 47/47/47 50/50/50 46/46/46
f 46/46/46 50/50/50 20/20/20
f 46/46/46 20/20/20 21/21/21
f 51/51/51 52/52/52 47/47/47
f 47/47/47 54/54/54 53/53/53
f 47/47/47 53/53/53 50/50/50
f 50/50/50 53/53/53 55/55/55
f 50/50/50 55/55/55 20/20/20
f 56/56/56 44/44/44 54/54/54
f 44/44/44 43/43/43 53/53/53
f 53/53/53 54/54/54 44/44/44
f 43/43/43 35/35/35 36/36/36
f 36/36/36 53/53/53 43/43/43
f 53/53/53 36/36/36 55/55/55
f 52/52/52 54/54/54 47/47/47
f 57/57/57 59/59/59 58/58/58
f 57/57/57 60/60/60 59/59/59
f 61/61/61 62/62/62 11/11/11
f 61/61/61 11/11/11 63/63/63
f 64/64/64 65/65/65 62/62/62
f 64/64/64 62/62/62 61/61/61
f 63/63/63 66/66/66 61/61/61
f 66/66/66 63/63/63 67/67/67
f 61/61/61 68/68/68 64/64/64
f 68/68/68 61/61/61 66/66/66
f 67/67/67 59/59/59 66/66/66
f 59/59/59 67/67/67 58/58/58
f 66/66/66 60/60/60 68/68/68
f 60/60/60 66/66/66 59/59/59
f 69/69/69 71/71/71 70/70/70
f 69/69/69 72/72/72 71/71/71
f 73/73/73 71/71/71 49/49/49
f 71/71/71 73/73/73 70/70/70
f 49/49/49 72/72/72 48/48/48
f 72/72/72 49/49/49 71/71/71
f 74/74/74 76/76/76 75/75/75
f 74/74/74 77/77/77 76/76/76
f 78/78/78 80/80/80 79/79/79
f 80/80/80 78/78/78 81/81/81
f 79/79/79 83/83/83 82/82/82
f 83/83/83 79/79/79 80/80/80
f 81/81/81 76/76/76 80/80/80
f 76/76/76 81/81/81 75/75/75
f 80/80/80 77/77/77 83/83/83
f 77/77/77 80/80/80 76/76/76
f 21/21/21 13/13/13 65/65/65
f 13/13/13 11/11/11 62/62/62
f 13/13/13 62/62/62 65/65/65
f 73/73/73 21/21/21 82/82/82
f 82/82/82 21/21/21 79/79/79
f 79/79/79 21/21/21 78/78/78
f 78/78/78 21/21/21 65/65/65
f 49/49/49 46/46/46 73/73/73
f 46/46/46 21/21/21 73/73/73
f 84/84/84 86/86/86 85/85/85
f 84/84/84 87/87/87 86/86/86
f 88/88/88 90/90/90 89/89/89
f 88/88/88 89/89/89 91/91/91
f 92/92/92 93/93/93 90/90/90
f 92/92/92 90/90/90 88/88/88
f 90/90/90 45/45/45 89/89/89
f 45/45/45 94/94/94 89/89/89
f 93/93/93 51/51/51 90/90/90
f 51/51/51 45/45/45 90/90/90
f 91/91/91 95/95/95 88/88/88
f 95/95/95 91/91/91 96/96/96
f 88/88/88 97/97/97 92/92/92
f 97/97/97 88/88/88 95/95/95
f 96/96/96 86/86/86 95/95/95
f 86/86/86 96/96/96 85/85/85
f 95/95/95 87/87/87 97/97/97
f 87/87/87 95/95/95 86/86/86
f 98/98/98 100/100/100 99/99/99
f 98/98/98 101/101/101 100/100/100
f 102/102/102 104/104/104 103/103/103
f 102/102/102 103/103/103 105/105/105
f 106/106/106 42/42/42 104/104/104
f 106/106/106 104/104/104 102/102/102
f 105/105/105 107/107/107 102/102/102
f 107/107/107 105/105/105 108/108/108
f 102/102/102 109/109/109 106/106/106
f 109/109/109 102/102/102 107/107/107
f 108/108/108 100/100/100 107/107/107
f 100/100/100 108/108/108 99/99/99
f 107/107/107 101/101/101 109/109/109
f 101/101/101 107/107/107 100/100/100
f 110/110/110 112/112/112 111/111/111
f 110/110/110 113/113/113 112/112/112
f 52/52/52 115/115/115 114/114/114
f 115/115/115 52/52/52 116/116/116
f 114/114/114 117/117/117 56/56/56
f 117/117/117 114/114/114 115/115/115
f 116/116/116 112/112/112 115/115/115
f 112/112/112 116/116/116 111/111/111
f 115/115/115 113/113/113 117/117/117
f 113/113/113 115/115/115 112/112/112
f 114/114/114 56/56/56 54/54/54
f 114/114/114 54/54/54 52/52/52
f 103/103/103 104/104/104 40/40/40
f 104/104/104 42/42/42 40/40/40
f 103/103/103 40/40/40 44/44/44
f 94/94/94 46/46/46 48/48/48
f 45/45/45 46/46/46 94/94/94
f 45/45/45 51/51/51 47/47/47
f 118/118/118 120/120/120 119/119/119
f 118/118/118 121/121/121 120/120/120
f 122/122/122 124/124/124 123/123/123
f 122/122/122 123/123/123 125/125/125
f 126/126/126 37/37/37 122/122/122
f 37/37/37 124/124/124 122/122/122
f 125/125/125 127/127/127 122/122/122
f 127/127/127 125/125/125 128/128/128
f 122/122/122 129/129/129 126/126/126
f 129/129/129 122/122/122 127/127/127
f 128/128/128 120/120/120 127/127/127
f 120/120/120 128/128/128 119/119/119
f 127/127/127 121/121/121 129/129/129
f 121/121/121 127/127/127 120/120/120
f 130/130/130 132/132/132 131/131/131
f 130/130/130 133/133/133 132/132/132
f 134/134/134 33/33/33 135/135/135
f 7/7/7 33/33/33 134/134/134
f 135/135/135 132/132/132 134/134/134
f 132/132/132 135/135/135 131/131/131
f 134/134/134 133/133/133 136/136/136
f 133/133/133 134/134/134 132/132/132
f 118/118/118 119/119/119 137/137/137
f 118/118/118 137/137/137 121/121/121
f 138/138/138 123/123/123 26/26/26
f 138/138/138 125/125/125 123/123/123
f 126/126/126 26/26/26 37/37/37
f 126/126/126 138/138/138 26/26/26
f 125/125/125 138/138/138 139/139/139
f 139/139/139 128/128/128 125/125/125
f 138/138/138 126/126/126 129/129/129
f 129/129/129 139/139/139 138/138/138
f 128/128/128 139/139/139 137/137/137
f 137/137/137 119/119/119 128/128/128
f 139/139/139 129/129/129 121/121/121
f 121/121/121 137/137/137 139/139/139
f 130/130/130 131/131/131 140/140/140
f 130/130/130 140/140/140 133/133/133
f 141/141/141 135/135/135 33/33/33
f 135/135/135 141/141/141 140/140/140
f 140/140/140 131/131/131 135/135/135
f 141/141/141 136/136/136 133/133/133
f 133/133/133 140/140/140 141/141/141
f 55/55/55 36/36/36 37/37/37
f 123/123/123 124/124/124 25/25/25
f 123/123/123 25/25/25 19/19/19
f 34/34/34 25/25/25 124/124/124
f 37/37/37 34/34/34 124/124/124
f 26/26/26 123/123/123 19/19/19
f 55/55/55 26/26/26 20/20/20
f 26/26/26 55/55/55 37/37/37
f 134/134/134 136/136/136 7/7/7
f 6/6/6 7/7/7 136/136/136
f 35/35/35 6/6/6 141/141/141
f 6/6/6 136/136/136 141/141/141
f 35/35/35 141/141/141 33/33/33
f 126/126/126 34/34/34 37/37/37
f 34/34/34 135/135/135 33/33/33
f 15/15/15 18/18/18 16/16/16
f 17/17/17 16/16/16 18/18/18
f 23/23/23 143/143/143 142/142/142
f 23/23/23 142/142/142 144/144/144
f 144/144/144 142/142/142 145/145/145
f 144/144/144 145/145/145 146/146/146
f 146/146/146 145/145/145 147/147/147
f 146/146/146 147/147/147 29/29/29
f 29/29/29 147/147/147 143/143/143
f 29/29/29 143/143/143 23/23/23
f 143/143/143 149/149/149 148/148/148
f 143/143/143 148/148/148 142/142/142
f 142/142/142 148/148/148 150/150/150
f 142/142/142 150/150/150 145/145/145
f 145/145/145 150/150/150 151/151/151
f 145/145/145 151/151/151 147/147/147
f 147/147/147 151/151/151 149/149/149
f 147/147/147 149/149/149 143/143/143
f 149/149/149 153/153/153 152/152/152
f 149/149/149 152/152/152 148/148/148
f 148/148/148 152/152/152 154/154/154
f 148/148/148 154/154/154 150/150/150
f 150/150/150 154/154/154 155/155/155
f 150/150/150 155/155/155 151/151/151
f 151/151/151 155/155/155 153/153/153
f 151/151/151 153/153/153 149/149/149
f 153/153/153 157/157/157 156/156/156
f 153/153/153 156/156/156 152/152/152
f 152/152/152 156/156/156 158/158/158
f 152/152/152 158/158/158 154/154/154
f 154/154/154 158/158/158 159/159/159
f 154/154/154 159/159/159 155/155/155
f 155/155/155 159/159/159 157/157/157
f 155/155/155 157/157/157 153/153/153
f 157/157/157 161/161/161 160/160/160
f 157/157/157 160/160/160 156/156/156
f 156/156/156 160/160/160 162/162/162
f 156/156/156 162/162/162 158/158/158
f 158/158/158 162/162/162 163/163/163
f 158/158/158 163/163/163 159/159/159
f 159/159/159 163/163/163 161/161/161
f 159/159/159 161/161/161 157/157/157
f 164/164/164 166/166/166 165/165/165
f 165/165/165 166/166/166 167/167/167
f 167/167/167 166/166/166 168/168/168
f 168/168/168 166/166/166 164/164/164
f 29/29/29 30/30/30 146/146/146
f 146/146/146 30/30/30 144/144/144
f 23/23/23 144/144/144 30/30/30
f 161/161/161 169/169/169 160/160/160
f 169/169/169 161/161/161 170/170/170
f 160/160/160 171/171/171 162/162/162
f 171/171/171 160/160/160 169/169/169
f 162/162/162 172/172/172 163/163/163
f 172/172/172 162/162/162 171/171/171
f 163/163/163 170/170/170 161/161/161
f 170/170/170 163/163/163 172/172/172
f 170/170/170 165/165/165 169/169/169
f 165/165/165 170/170/170 164/164/164
f 169/169/169 167/167/167 171/171/171
f 167/167/167 169/169/169 165/165/165
f 171/171/171 168/168/168 172/172/172
f 168/168/168 171/171/171 167/167/167
f 172/172/172 164/164/164 170/170/170
f 164/164/164 172/172/172 168/168/168
f 173/173/173 175/175/175 174/174/174
f 173/173/173 176/176/176 175/175/175
f 176/176/176 177/177/177 175/175/175
f 176/176/176 178/178/178 177/177/177
f 178/178/178 2/2/2 177/177/177
f 178/178/178 1/1/1 2/2/2
f 179/179/179 174/174/174 175/175/175
f 179/179/179 175/175/175 177/177/177
f 179/179/179 177/177/177 2/2/2
f 179/179/179 2/2/2 5/5/5
f 173/173/173 180/180/180 176/176/176
f 180/180/180 173/173/173 181/181/181
f 176/176/176 182/182/182 178/178/178
f 182/182/182 176/176/176 180/180/180
f 178/178/178 7/7/7 1/1/1
f 7/7/7 178/178/178 182/182/182
f 181/181/181 183/183/183 180/180/180
f 183/183/183 181/181/181 184/184/184
f 180/180/180 185/185/185 182/182/182
f 185/185/185 180/180/180 183/183/183
f 182/182/182 33/33/33 7/7/7
f 33/33/33 182/182/182 185/185/185
f 186/186/186 188/188/188 187/187/187
f 188/188/188 189/189/189 187/187/187
f 188/188/188 190/190/190 189/189/189
f 190/190/190 191/191/191 189/189/189
f 190/190/190 192/192/192 191/191/191
f 192/192/192 193/193/193 191/191/191
f 188/188/188 186/186/186 194/194/194
f 190/190/190 188/188/188 192/192/192
f 192/192/192 188/188/188 194/194/194
f 195/195/195 192/192/192 194/194/194
f 189/189/189 183/183/183 187/187/187
f 184/184/184 187/187/187 183/183/183
f 191/191/191 185/185/185 189/189/189
f 183/183/183 189/189/189 185/185/185
f 193/193/193 33/33/33 191/191/191
f 185/185/185 191/191/191 33/33/33
f 196/196/196 198/198/198 197/197/197
f 196/196/196 197/197/197 199/199/199
f 198/198/198 5/5/5 197/197/197
f 196/196/196 199/199/199 200/200/200
f 200/200/200 201/201/201 196/196/196
f 8/8/8 9/9/9 202/202/202
f 11/11/11 202/202/202 203/203/203
f 11/11/11 203/203/203 204/204/204
f 9/9/9 14/14/14 205/205/205
f 9/9/9 205/205/205 202/202/202
f 206/206/206 205/205/205 207/207/207
f 208/208/208 207/207/207 203/203/203
f 203/203/203 207/207/207 209/209/209
f 203/203/203 209/209/209 204/204/204
f 204/204/204 209/209/209 210/210/210
f 204/204/204 210/210/210 211/211/211
f 14/14/14 22/22/22 212/212/212
f 205/205/205 212/212/212 213/213/213
f 205/205/205 213/213/213 207/207/207
f 209/209/209 213/213/213 214/214/214
f 207/207/207 213/213/213 209/209/209
f 209/209/209 215/215/215 210/210/210
f 27/27/27 217/217/217 216/216/216
f 216/216/216 30/30/30 27/27/27
f 217/217/217 219/219/219 218/218/218
f 218/218/218 216/216/216 217/217/217
f 219/219/219 221/221/221 220/220/220
f 220/220/220 218/218/218 219/219/219
f 221/221/221 223/223/223 222/222/222
f 222/222/222 220/220/220 221/221/221
f 212/212/212 22/22/22 30/30/30
f 216/216/216 218/218/218 213/213/213
f 213/213/213 212/212/212 216/216/216
f 218/218/218 220/220/220 214/214/214
f 214/214/214 213/213/213 218/218/218
f 222/222/222 224/224/224 220/220/220
f 11/11/11 8/8/8 202/202/202
f 202/202/202 205/205/205 208/208/208
f 203/203/203 202/202/202 208/208/208
f 14/14/14 212/212/212 205/205/205
f 38/38/38 197/197/197 39/39/39
f 38/38/38 225/225/225 197/197/197
f 225/225/225 226/226/226 197/197/197
f 226/226/226 199/199/199 197/197/197
f 5/5/5 39/39/39 197/197/197
f 38/38/38 42/42/42 225/225/225
f 225/225/225 227/227/227 226/226/226
f 226/226/226 200/200/200 199/199/199
f 200/200/200 226/226/226 227/227/227
f 227/227/227 225/225/225 228/228/228
f 227/227/227 223/223/223 200/200/200
f 229/229/229 231/231/231 230/230/230
f 48/48/48 232/232/232 231/231/231
f 230/230/230 231/231/231 233/233/233
f 231/231/231 210/210/210 233/233/233
f 231/231/231 211/211/211 210/210/210
f 51/51/51 230/230/230 52/52/52
f 230/230/230 235/235/235 234/234/234
f 230/230/230 233/233/233 235/235/235
f 233/233/233 236/236/236 235/235/235
f 233/233/233 210/210/210 236/236/236
f 56/56/56 234/234/234 228/228/228
f 228/228/228 235/235/235 227/227/227
f 235/235/235 228/228/228 234/234/234
f 227/227/227 222/222/222 223/223/223
f 222/222/222 227/227/227 235/235/235
f 235/235/235 236/236/236 222/222/222
f 52/52/52 230/230/230 234/234/234
f 57/57/57 58/58/58 237/237/237
f 57/57/57 237/237/237 60/60/60
f 238/238/238 11/11/11 239/239/239
f 238/238/238 63/63/63 11/11/11
f 64/64/64 239/239/239 65/65/65
f 64/64/64 238/238/238 239/239/239
f 63/63/63 238/238/238 240/240/240
f 240/240/240 67/67/67 63/63/63
f 238/238/238 64/64/64 68/68/68
f 68/68/68 240/240/240 238/238/238
f 67/67/67 240/240/240 237/237/237
f 237/237/237 58/58/58 67/67/67
f 240/240/240 68/68/68 60/60/60
f 60/60/60 237/237/237 240/240/240
f 69/69/69 70/70/70 241/241/241
f 69/69/69 241/241/241 72/72/72
f 73/73/73 232/232/232 241/241/241
f 241/241/241 70/70/70 73/73/73
f 232/232/232 48/48/48 72/72/72
f 72/72/72 241/241/241 232/232/232
f 74/74/74 75/75/75 242/242/242
f 74/74/74 242/242/242 77/77/77
f 78/78/78 244/244/244 243/243/243
f 243/243/243 81/81/81 78/78/78
f 244/244/244 82/82/82 83/83/83
f 83/83/83 243/243/243 244/244/244
f 81/81/81 243/243/243 242/242/242
f 242/242/242 75/75/75 81/81/81
f 243/243/243 83/83/83 77/77/77
f 77/77/77 242/242/242 243/243/243
f 211/211/211 65/65/65 204/204/204
f 204/204/204 239/239/239 11/11/11
f 204/204/204 65/65/65 239/239/239
f 73/73/73 82/82/82 211/211/211
f 82/82/82 244/244/244 211/211/211
f 244/244/244 78/78/78 211/211/211
f 78/78/78 65/65/65 211/211/211
f 232/232/232 73/73/73 231/231/231
f 231/231/231 73/73/73 211/211/211
f 84/84/84 85/85/85 245/245/245
f 84/84/84 245/245/245 87/87/87
f 246/246/246 89/89/89 247/247/247
f 246/246/246 91/91/91 89/89/89
f 92/92/92 247/247/247 93/93/93
f 92/92/92 246/246/246 247/247/247
f 247/247/247 89/89/89 229/229/229
f 229/229/229 89/89/89 94/94/94
f 93/93/93 247/247/247 51/51/51
f 51/51/51 247/247/247 229/229/229
f 91/91/91 246/246/246 248/248/248
f 248/248/248 96/96/96 91/91/91
f 246/246/246 92/92/92 97/97/97
f 97/97/97 248/248/248 246/246/246
f 96/96/96 248/248/248 245/245/245
f 245/245/245 85/85/85 96/96/96
f 248/248/248 97/97/97 87/87/87
f 87/87/87 245/245/245 248/248/248
f 98/98/98 99/99/99 249/249/249
f 98/98/98 249/249/249 101/101/101
f 250/250/250 103/103/103 251/251/251
f 250/250/250 105/105/105 103/103/103
f 106/106/106 251/251/251 42/42/42
f 106/106/106 250/250/250 251/251/251
f 105/105/105 250/250/250 252/252/252
f 252/252/252 108/108/108 105/105/105
f 250/250/250 106/106/106 109/109/109
f 109/109/109 252/252/252 250/250/250
f 108/108/108 252/252/252 249/249/249
f 249/249/249 99/99/99 108/108/108
f 252/252/252 109/109/109 101/101/101
f 101/101/101 249/249/249 252/252/252
f 110/110/110 111/111/111 253/253/253
f 110/110/110 253/253/253 113/113/113
f 52/52/52 255/255/255 254/254/254
f 254/254/254 116/116/116 52/52/52
f 255/255/255 56/56/56 117/117/117
f 117/117/117 254/254/254 255/255/255
f 116/116/116 254/254/254 253/253/253
f 253/253/253 111/111/111 116/116/116
f 254/254/254 117/117/117 113/113/113
f 113/113/113 253/253/253 254/254/254
f 255/255/255 234/234/234 56/56/56
f 255/255/255 52/52/52 234/234/234
f 103/103/103 225/225/225 251/251/251
f 251/251/251 225/225/225 42/42/42
f 103/103/103 228/228/228 225/225/225
f 94/94/94 48/48/48 231/231/231
f 229/229/229 94/94/94 231/231/231
f 229/229/229 230/230/230 51/51/51
f 256/256/256 258/258/258 257/257/257
f 256/256/256 257/257/257 259/259/259
f 260/260/260 262/262/262 261/261/261
f 260/260/260 263/263/263 262/262/262
f 264/264/264 260/260/260 224/224/224
f 224/224/224 260/260/260 261/261/261
f 263/263/263 260/260/260 265/265/265
f 265/265/265 266/266/266 263/263/263
f 260/260/260 264/264/264 267/267/267
f 267/267/267 265/265/265 260/260/260
f 266/266/266 265/265/265 257/257/257
f 257/257/257 258/258/258 266/266/266
f 265/265/265 267/267/267 259/259/259
f 259/259/259 257/257/257 265/265/265
f 268/268/268 270/270/270 269/269/269
f 268/268/268 269/269/269 271/271/271
f 272/272/272 273/273/273 221/221/221
f 201/201/201 272/272/272 221/221/221
f 273/273/273 272/272/272 269/269/269
f 269/269/269 270/270/270 273/273/273
f 272/272/272 274/274/274 271/271/271
f 271/271/271 269/269/269 272/272/272
f 256/256/256 275/275/275 258/258/258
f 256/256/256 259/259/259 275/275/275
f 276/276/276 215/215/215 262/262/262
f 276/276/276 262/262/262 263/263/263
f 264/264/264 224/224/224 215/215/215
f 264/264/264 215/215/215 276/276/276
f 263/263/263 277/277/277 276/276/276
f 277/277/277 263/263/263 266/266/266
f 276/276/276 267/267/267 264/264/264
f 267/267/267 276/276/276 277/277/277
f 266/266/266 275/275/275 277/277/277
f 275/275/275 266/266/266 258/258/258
f 277/277/277 259/259/259 267/267/267
f 259/259/259 277/277/277 275/275/275
f 268/268/268 278/278/278 270/270/270
f 268/268/268 271/271/271 278/278/278
f 279/279/279 221/221/221 273/273/273
f 273/273/273 278/278/278 279/279/279
f 278/278/278 273/273/273 270/270/270
f 279/279/279 271/271/271 274/274/274
f 271/271/271 279/279/279 278/278/278
f 236/236/236 224/224/224 222/222/222
f 262/262/262 214/214/214 261/261/261
f 262/262/262 209/209/209 214/214/214
f 220/220/220 261/261/261 214/214/214
f 224/224/224 261/261/261 220/220/220
f 215/215/215 209/209/209 262/262/262
f 236/236/236 210/210/210 215/215/215
f 215/215/215 224/224/224 236/236/236
f 272/272/272 201/201/201 274/274/274
f 200/200/200 274/274/274 201/201/201
f 223/223/223 279/279/279 200/200/200
f 200/200/200 279/279/279 274/274/274
f 223/223/223 221/221/221 279/279/279
f 264/264/264 224/224/224 220/220/220
f 220/220/220 221/221/221 273/273/273
f 273/273/273 270/270/270 220/220/220
f 205/205/205 206/206/206 208/208/208
f 207/207/207 208/208/208 206/206/206
f 212/212/212 281/281/281 280/280/280
f 212/212/212 282/282/282 281/281/281
f 282/282/282 283/283/283 281/281/281
f 282/282/282 284/284/284 283/283/283
f 284/284/284 285/285/285 283/283/283
f 284/284/284 216/216/216 285/285/285
f 216/216/216 280/280/280 285/285/285
f 216/216/216 212/212/212 280/280/280
f 280/280/280 287/287/287 286/286/286
f 280/280/280 281/281/281 287/287/287
f 281/281/281 288/288/288 287/287/287
f 281/281/281 283/283/283 288/288/288
f 283/283/283 289/289/289 288/288/288
f 283/283/283 285/285/285 289/289/289
f 285/285/285 286/286/286 289/289/289
f 285/285/285 280/280/280 286/286/286
f 286/286/286 291/291/291 290/290/290
f 286/286/286 287/287/287 291/291/291
f 287/287/287 292/292/292 291/291/291
f 287/287/287 288/288/288 292/292/292
f 288/288/288 293/293/293 292/292/292
f 288/288/288 289/289/289 293/293/293
f 289/289/289 290/290/290 293/293/293
f 289/289/289 286/286/286 290/290/290
f 290/290/290 295/295/295 294/294/294
f 290/290/290 291/291/291 295/295/295
f 291/291/291 296/296/296 295/295/295
f 291/291/291 292/292/292 296/296/296
f 292/292/292 297/297/297 296/296/296
f 292/292/292 293/293/293 297/297/297
f 293/293/293 294/294/294 297/297/297
f 293/293/293 290/290/290 294/294/294
f 294/294/294 299/299/299 298/298/298
f 294/294/294 295/295/295 299/299/299
f 295/295/295 300/300/300 299/299/299
f 295/295/295 296/296/296 300/300/300
f 296/296/296 301/301/301 300/300/300
f 296/296/296 297/297/297 301/301/301
f 297/297/297 298/298/298 301/301/301
f 297/297/297 294/294/294 298/298/298
f 302/302/302 304/304/304 303/303/303
f 304/304/304 305/305/305 303/303/303
f 305/305/305 306/306/306 303/303/303
f 306/306/306 302/302/302 303/303/303
f 216/216/216 284/284/284 30/30/30
f 284/284/284 282/282/282 30/30/30
f 212/212/212 30/30/30 282/282/282
f 298/298/298 299/299/299 307/307/307
f 307/307/307 308/308/308 298/298/298
f 299/299/299 300/300/300 309/309/309
f 309/309/309 307/307/307 299/299/299
f 300/300/300 301/301/301 310/310/310
f 310/310/310 309/309/309 300/300/300
f 301/301/301 298/298/298 308/308/308
f 308/308/308 310/310/310 301/301/301
f 308/308/308 307/307/307 304/304/304
f 304/304/304 302/302/302 308/308/308
f 307/307/307 309/309/309 305/305/305
f 305/305/305 304/304/304 307/307/307
f 309/309/309 310/310/310 306/306/306
f 306/306/306 305/305/305 309/309/309
f 310/310/310 308/308/308 302/302/302
f 302/302/302 306/306/306 310/310/310
f 173/173/173 174/174/174 311/311/311
f 173/173/173 311/311/311 312/312/312
f 312/312/312 311/311/311 313/313/313
f 312/312/312 313/313/313 314/314/314
f 314/314/314 313/313/313 198/198/198
f 314/314/314 198/198/198 196/196/196
f 179/179/179 311/311/311 174/174/174
f 179/179/179 313/313/313 311/311/311
f 179/179/179 198/198/198 313/313/313
f 179/179/179 5/5/5 198/198/198
f 173/173/173 312/312/312 315/315/315
f 315/315/315 181/181/181 173/173/173
f 312/312/312 314/314/314 316/316/316
f 316/316/316 315/315/315 312/312/312
f 314/314/314 196/196/196 201/201/201
f 201/201/201 316/316/316 314/314/314
f 181/181/181 315/315/315 317/317/317
f 317/317/317 184/184/184 181/181/181
f 315/315/315 316/316/316 318/318/318
f 318/318/318 317/317/317 315/315/315
f 316/316/316 201/201/201 221/221/221
f 221/221/221 318/318/318 316/316/316
f 186/186/186 187/187/187 319/319/319
f 319/319/319 187/187/187 320/320/320
f 319/319/319 320/320/320 321/321/321
f 321/321/321 320/320/320 322/322/322
f 321/321/321 322/322/322 323/323/323
f 323/323/323 322/322/322 324/324/324
f 319/319/319 194/194/194 186/186/186
f 321/321/321 323/323/323 319/319/319
f 323/323/323 194/194/194 319/319/319
f 195/195/195 194/194/194 323/323/323
f 320/320/320 187/187/187 317/317/317
f 184/184/184 317/317/317 187/187/187
f 322/322/322 320/320/320 318/318/318
f 317/317/317 318/318/318 320/320/320
f 324/324/324 322/322/322 221/221/221
f 318/318/318 221/221/221 322/322/322
f 325/325/325 327/327/327 326/326/326
f 325/325/325 326/326/326 328/328/328
f 328/328/328 326/326/326 329/329/329
f 328/328/328 329/329/329 330/330/330
f 330/330/330 329/329/329 331/331/331
f 330/330/330 331/331/331 332/332/332
f 332/332/332 331/331/331 327/327/327
f 332/332/332 327/327/327 325/325/325
f 327/327/327 334/334/334 333/333/333
f 327/327/327 333/333/333 326/326/326
f 326/326/326 333/333/333 335/335/335
f 326/326/326 335/335/335 329/329/329
f 329/329/329 335/335/335 336/336/336
f 329/329/329 336/336/336 331/331/331
f 331/331/331 336/336/336 334/334/334
f 331/331/331 334/334/334 327/327/327
f 334/334/334 337/337/337 333/333/333
f 333/333/333 337/337/337 335/335/335
f 335/335/335 337/337/337 336/336/336
f 336/336/336 337/337/337 334/334/334
f 338/338/338 340/340/340 339/339/339
f 338/338/338 339/339/339 341/341/341
f 341/341/341 339/339/339 342/342/342
f 341/341/341 342/342/342 343/343/343
f 343/343/343 342/342/342 344/344/344
f 343/343/343 344/344/344 345/345/345
f 345/345/345 344/344/344 340/340/340
f 345/345/345 340/340/340 338/338/338
f 340/340/340 346/346/346 339/339/339
f 339/339/339 346/346/346 342/342/342
f 342/342/342 346/346/346 344/344/344
f 344/344/344 346/346/346 340/340/340
f 347/347/347 349/349/349 348/348/348
f 347/347/347 348/348/348 350/350/350
f 350/350/350 348/348/348 351/351/351
f 350/350/350 351/351/351 352/352/352
f 352/352/352 351/351/351 353/353/353
f 352/352/352 353/353/353 354/354/354
f 354/354/354 353/353/353 349/349/349
f 354/354/354 349/349/349 347/347/347
f 349/349/349 355/355/355 348/348/348
f 348/348/348 355/355/355 351/351/351
f 351/351/351 355/355/355 353/353/353
f 353/353/353 355/355/355 349/349/349
f 356/356/356 358/358/358 357/357/357
f 356/356/356 357/357/357 359/359/359
f 359/359/359 357/357/357 360/360/360
f 359/359/359 360/360/360 361/361/361
f 361/361/361 360/360/360 362/362/362
f 361/361/361 362/362/362 363/363/363
f 363/363/363 362/362/362 358/358/358
f 363/363/363 358/358/358 356/356/356
f 358/358/358 364/364/364 357/357/357
f 357/357/357 364/364/364 360/360/360
f 360/360/360 364/364/364 362/362/362
f 362/362/362 364/364/364 358/358/358
f 365/365/365 367/367/367 366/366/366
f 365/365/365 366/366/366 368/368/368
f 368/368/368 366/366/366 369/369/369
f 368/368/368 369/369/369 370/370/370
f 370/370/370 369/369/369 371/371/371
f 370/370/370 371/371/371 372/372/372
f 372/372/372 371/371/371 367/367/367
f 372/372/372 367/367/367 365/365/365
f 367/367/367 373/373/373 366/366/366
f 366/366/366 373/373/373 369/369/369
f 369/369/369 373/373/373 371/371/371
f 371/371/371 373/373/373 367/367/367
f 374/374/374 376/376/376 375/375/375
f 374/374/374 375/375/375 377/377/377
f 377/377/377 375/375/375 378/378/378
f 377/377/377 378/378/378 379/379/379
f 379/379/379 378/378/378 380/380/380
f 379/379/379 380/380/380 381/381/381
f 381/381/381 380/380/380 376/376/376
f 381/381/381 376/376/376 374/374/374
f 376/376/376 382/382/382 375/375/375
f 375/375/375 382/382/382 378/378/378
f 378/378/378 382/382/382 380/380/380
f 380/380/380 382/382/382 376/376/376
f 383/383/383 385/385/385 384/384/384
f 384/384/384 387/387/387 386/386/386
f 386/386/386 389/389/389 388/388/388
f 388/388/388 390/390/390 383/383/383
f 391/391/391 393/393/393 392/392/392
f 392/392/392 395/395/395 394/394/394
f 394/394/394 397/397/397 396/396/396
f 396/396/396 398/398/398 391/391/391
f 399/399/399 401/401/401 400/400/400
f 400/400/400 403/403/403 402/402/402
f 402/402/402 405/405/405 404/404/404
f 404/404/404 406/406/406 399/399/399
f 407/407/407 409/409/409 408/408/408
f 408/408/408 411/411/411 410/410/410
f 410/410/410 413/413/413 412/412/412
f 412/412/412 414/414/414 407/407/407
f 415/415/415 417/417/417 416/416/416
f 416/416/416 419/419/419 418/418/418
f 418/418/418 421/421/421 420/420/420
f 420/420/420 422/422/422 415/415/415
f 423/423/423 425/425/425 424/424/424
f 423/423/423 426/426/426 425/425/425
f 426/426/426 427/427/427 425/425/425
f 426/426/426 428/428/428 427/427/427
f 428/428/428 429/429/429 427/427/427
f 428/428/428 430/430/430 429/429/429
f 430/430/430 424/424/424 429/429/429
f 430/430/430 423/423/423 424/424/424
f 424/424/424 432/432/432 431/431/431
f 424/424/424 425/425/425 432/432/432
f 425/425/425 433/433/433 432/432/432
f 425/425/425 427/427/427 433/433/433
f 427/427/427 434/434/434 433/433/433
f 427/427/427 429/429/429 434/434/434
f 429/429/429 431/431/431 434/434/434
f 429/429/429 424/424/424 431/431/431
f 431/431/431 432/432/432 435/435/435
f 432/432/432 433/433/433 435/435/435
f 433/433/433 434/434/434 435/435/435
f 434/434/434 431/431/431 435/435/435
f 436/436/436 438/438/438 437/437/437
f 436/436/436 439/439/439 438/438/438
f 439/439/439 440/440/440 438/438/438
f 439/439/439 441/441/441 440/440/440
f 441/441/441 442/442/442 440/440/440
f 441/441/441 443/443/443 442/442/442
f 443/443/443 437/437/437 442/442/442
f 443/443/443 436/436/436 437/437/437
f 437/437/437 438/438/438 444/444/444
f 438/438/438 440/440/440 444/444/444
f 440/440/440 442/442/442 444/444/444
f 442/442/442 437/437/437 444/444/444
f 445/445/445 447/447/447 446/446/446
f 445/445/445 448/448/448 447/447/447
f 448/448/448 449/449/449 447/447/447
f 448/448/448 450/450/450 449/449/449
f 450/450/450 451/451/451 449/449/449
f 450/450/450 452/452/452 451/451/451
f 452/452/452 446/446/446 451/451/451
f 452/452/452 445/445/445 446/446/446
f 446/446/446 447/447/447 453/453/453
f 447/447/447 449/449/449 453/453/453
f 449/449/449 451/451/451 453/453/453
f 451/451/451 446/446/446 453/453/453
f 454/454/454 456/456/456 455/455/455
f 454/454/454 457/457/457 456/456/456
f 457/457/457 458/458/458 456/456/456
f 457/457/457 459/459/459 458/458/458
f 459/459/459 460/460/460 458/458/458
f 459/459/459 461/461/461 460/460/460
f 461/461/461 455/455/455 460/460/460
f 461/461/461 454/454/454 455/455/455
f 455/455/455 456/456/456 462/462/462
f 456/456/456 458/458/458 462/462/462
f 458/458/458 460/460/460 462/462/462
f 460/460/460 455/455/455 462/462/462
f 463/463/463 465/465/465 464/464/464
f 463/463/463 466/466/466 465/465/465
f 466/466/466 467/467/467 465/465/465
f 466/466/466 468/468/468 467/467/467
f 468/468/468 469/469/469 467/467/467
f 468/468/468 470/470/470 469/469/469
f 470/470/470 464/464/464 469/469/469
f 470/470/470 463/463/463 464/464/464
f 464/464/464 465/465/465 471/471/471
f 465/465/465 467/467/467 471/471/471
f 467/467/467 469/469/469 471/471/471
f 469/469/469 464/464/464 471/471/471
f 472/472/472 474/474/474 473/473/473
f 472/472/472 475/475/475 474/474/474
f 475/475/475 476/476/476 474/474/474
f 475/475/475 477/477/477 476/476/476
f 477/477/477 478/478/478 476/476/476
f 477/477/477 479/479/479 478/478/478
f 479/479/479 473/473/473 478/478/478
f 479/479/479 472/472/472 473/473/473
f 473/473/473 474/474/474 480/480/480
f 474/474/474 476/476/476 480/480/480
f 476/476/476 478/478/478 480/480/480
f 478/478/478 473/473/473 480/480/480
f 481/481/481 483/483/483 482/482/482
f 483/483/483 485/485/485 484/484/484
f 485/485/485 487/487/487 486/486/486
f 487/487/487 481/481/481 488/488/488
f 489/489/489 491/491/491 490/490/490
f 491/491/491 493/493/493 492/492/492
f 493/493/493 495/495/495 494/494/494
f 495/495/495 489/489/489 496/496/496
f 497/497/497 499/499/499 498/498/498
f 499/499/499 501/501/501 500/500/500
f 501/501/501 503/503/503 502/502/502
f 503/503/503 497/497/497 504/504/504
f 505/505/505 507/507/507 506/506/506
f 507/507/507 509/509/509 508/508/508
f 509/509/509 511/511/511 510/510/510
f 511/511/511 505/505/505 512/512/512
f 513/513/513 515/515/515 514/514/514
f 515/515/515 517/517/517 516/516/516
f 517/517/517 519/519/519 518/518/518
f 519/519/519 513/513/513 520/520/520
f 521/521/521 523/523/523 522/522/522
f 523/523/523 525/525/525 524/524/524
f 525/525/525 527/527/527 526/526/526
f 527/527/527 521/521/521 528/528/528
f 529/529/529 531/531/531 530/530/530
f 531/531/531 533/533/533 532/532/532
f 533/533/533 535/535/535 534/534/534
f 535/535/535 529/529/529 536/536/536
f 537/537/537 539/539/539 538/538/538
f 539/539/539 541/541/541 540/540/540
f 541/541/541 543/543/543 542/542/542
f 543/543/543 537/537/537 544/544/544
f 545/545/545 547/547/547 546/546/546
f 547/547/547 549/549/549 548/548/548
f 549/549/549 551/551/551 550/550/550
f 551/551/551 545/545/545 552/552/552
f 553/553/553 555/555/555 554/554/554
f 555/555/555 557/557/557 556/556/556
f 557/557/557 559/559/559 558/558/558
f 559/559/559 553/553/553 560/560/560
f 561/561/561 563/563/563 562/562/562
f 563/563/563 565/565/565 564/564/564
f 565/565/565 567/567/567 566/566/566
f 567/567/567 561/561/561 568/568/568
f 569/569/569 571/571/571 570/570/570
f 571/571/571 573/573/573 572/572/572
f 573/573/573 575/575/575 574/574/574
f 575/575/575 569/569/569 576/576/576
f 577/577/577 579/579/579 578/578/578
f 579/579/579 581/581/581 580/580/580
f 581/581/581 583/583/583 582/582/582
f 583/583/583 577/577/577 584/584/584
f 585/585/585 587/587/587 586/586/586
f 587/587/587 589/589/589 588/588/588
f 589/589/589 591/591/591 590/590/590
f 591/591/591 585/585/585 592/592/592
f 593/593/593 595/595/595 594/594/594
f 594/594/594 597/597/597 596/596/596
f 596/596/596 599/599/599 598/598/598
f 598/598/598 600/600/600 593/593/593
f 601/601/601 603/603/603 602/602/602
f 602/602/602 605/605/605 604/604/604
f 604/604/604 607/607/607 606/606/606
f 606/606/606 608/608/608 601/601/601
f 609/609/609 611/611/611 610/610/610
f 610/610/610 613/613/613 612/612/612
f 612/612/612 615/615/615 614/614/614
f 614/614/614 616/616/616 609/609/609
f 617/617/617 619/619/619 618/618/618
f 618/618/618 621/621/621 620/620/620
f 620/620/620 623/623/623 622/622/622
f 622/622/622 624/624/624 617/617/617
f 625/625/625 627/627/627 626/626/626
f 626/626/626 629/629/629 628/628/628
f 628/628/628 631/631/631 630/630/630
f 630/630/630 632/632/632 625/625/625
f 633/633/633 635/635/635 634/634/634
f 634/634/634 637/637/637 636/636/636
f 636/636/636 639/639/639 638/638/638
f 638/638/638 640/640/640 633/633/633
f 641/641/641 643/643/643 642/642/642
f 642/642/642 645/645/645 644/644/644
f 644/644/644 647/647/647 646/646/646
f 646/646/646 648/648/648 641/641/641
f 649/649/649 651/651/651 650/650/650
f 650/650/650 653/653/653 652/652/652
f 652/652/652 655/655/655 654/654/654
f 654/654/654 656/656/656 649/649/649
f 657/657/657 659/659/659 658/658/658
f 658/658/658 661/661/661 660/660/660
f 660/660/660 663/663/663 662/662/662
f 662/662/662 664/664/664 657/657/657

g bbb01
# texture: bbb01.tga
v -0.036407 299.0879 -51.7942
v -0.036406 262.7313 -22.3543
v -0.036403 207.4835 -70.2771
v -0.036403 229.09 -99.3295
v -0.036403 241.1122 -7.096199
v -0.0364 194.2207 16.1571
v -0.036402 220.9267 -105.0455
v -0.036401 194.7932 -79.1629
v -0.0364 165.943 -111.3964
v -0.036402 186.0352 -149.2291
v -0.0364 187.6681 -52.7499
v -0.0364 181.6947 -71.2002
v 30.45409 173.8593 -268.4947
v 8.823097 167.4507 -242.7158
v -8.293304 73.7048 -222.3173
v 5.126097 64.4537 -238.3099
v -10.9928 159.1239 -219.1002
v -26.49361 145.4554 -197.2657
v -9.664705 56.1597 -220.6829
v -15.88371 17.4288 -213.2714
v -1.259203 5.7803 -230.7001
v 4.243895 53.1674 -237.2585
v 19.84249 -7.085297 -255.8482
v -26.64581 84.4334 -196.6977
v -33.7299 125.7381 -167.0458
v -26.1176 55.8635 -198.6688
v 8.242596 45.9873 -171.3111
v -26.9257 31.4506 -195.6531
v 107.5847 119.0444 -22.7524
v 117.1617 90.5417 23.511
v 142.9378 60.2533 -32.8389
v 118.2672 133.2504 -63.09739
v 125.4396 144.1525 -98.892
v 117.0774 65.3835 24.7721
v -72.2118 45.9873 -149.7534
v -107.6575 119.0444 -22.7524
v -143.0106 60.2533 -32.8389
v -117.2345 90.5417 23.511
v -118.34 133.2504 -63.0974
v -125.5124 144.1525 -98.89198
vn 0.419587 -0.612981 -0.669479
vn 0.412604 -0.551605 -0.724907
vn 0.762957 0.490673 0.420876
vn 0.335693 0.903282 0.267195
vn 0.44548 -0.454979 -0.771065
vn 0.399411 0.821023 -0.407912
vn 0.427324 -0.686139 -0.588734
vn 0.433195 -0.554694 -0.710392
vn 0.409899 0.912098 -0.0078
vn 0.36171 0.901425 0.237907
vn 0.173194 0.857371 0.484684
vn 0.282889 0.321787 -0.903564
vn 0.423298 -0.891697 0.160299
vn 0.468012 -0.877023 0.108603
vn 0.739186 0.634488 0.225896
vn 0.566383 0.805175 -0.175795
vn 0.507302 -0.861203 0.0312
vn 0.880443 -0.443122 0.168708
vn 0.349583 -0.84346 0.407881
vn 0.703219 0.710519 0.025401
vn 0.660878 0.740675 0.120996
vn 0.361419 -0.911049 0.198411
vn 0.580564 0.80235 -0.138491
vn 0.254102 0.808505 -0.530803
vn 0.042799 0.112997 -0.992673
vn 0.339614 -0.734731 -0.587225
vn 0.661611 -0.049501 -0.748212
vn 0.202389 0.473273 -0.857351
vn 0.775164 -0.625671 -0.087496
vn 0.981717 0.190303 0.004
vn 0.658017 0.74362 0.118503
vn 0.645394 -0.756792 -0.103599
vn 0.417317 -0.891137 -0.178107
vn 0.480697 0.867495 0.127999
vn -0.916101 -0.0228 -0.4003
vn -0.775165 -0.625671 -0.087496
vn -0.658017 0.74362 0.118503
vn -0.981717 0.190303 0.004
vn -0.645393 -0.756792 -0.103599
vn -0.417317 -0.891137 -0.178107
vt 0.2248 1.0023
vt 0.1403 0.7954
vt 0.2666 0.4614
vt 0.3538 0.5929
vt 0.0827 0.6782
vt 0.0483 0.5038
vt 0.1342 0.3307
vt 0.0564 0.1715
vt 0.1473 0.0031
vt 0.261 0.1254
vt 0.2139 0.3407
vt 0.0325 0.0917
vt 0.9895 1.0034
vt 0.8417 0.9641
vt 0.7247 0.3884
vt 0.8164 0.3316
vt 0.7063 0.9129
vt 0.531 0.792
vt 0.5595 0.3918
vt 0.4967 0.1865
vt 0.6169 0.0921
vt 0.6545 0.3831
vt 0.7611 0.0131
vt 0.6415 0.4345
vt 0.4525 0.7079
vt 0.4946 0.3798
vt 0.267 0.339
vt 0.4255 0.2497
vt 0.6379 0.8657
vt 0.4779 0.739
vt 0.8265 0.3269
vt 0.805 0.942
vt 0.9789 0.985
vt 0.4924 0.6364
vt 0.267 0.339
vt 0.6379 0.8657
vt 0.8265 0.3269
vt 0.4779 0.739
vt 0.805 0.942
vt 0.9789 0.985
f 665/665/665 667/667/667 666/666/666
f 665/665/665 668/668/668 667/667/667
f 666/666/666 667/667/667 669/669/669
f 667/667/667 670/670/670 669/669/669
f 671/671/671 673/673/673 672/672/672
f 674/674/674 673/673/673 671/671/671
f 667/667/667 675/675/675 670/670/670
f 673/673/673 676/676/676 672/672/672
f 677/677/677 679/679/679 678/678/678
f 677/677/677 680/680/680 679/679/679
f 678/678/678 679/679/679 681/681/681
f 679/679/679 682/682/682 681/681/681
f 683/683/683 685/685/685 684/684/684
f 686/686/686 685/685/685 683/683/683
f 687/687/687 685/685/685 686/686/686
f 679/679/679 688/688/688 682/682/682
f 688/688/688 689/689/689 682/682/682
f 683/683/683 684/684/684 690/690/690
f 690/690/690 692/692/692 691/691/691
f 692/692/692 690/690/690 684/684/684
f 693/693/693 695/695/695 694/694/694
f 696/696/696 695/695/695 693/693/693
f 695/695/695 696/696/696 697/697/697
f 698/698/698 694/694/694 695/695/695
f 690/690/690 699/699/699 692/692/692
f 700/700/700 702/702/702 701/701/701
f 703/703/703 700/700/700 701/701/701
f 701/701/701 704/704/704 703/703/703

g bbb02
# texture: bbb02.tga
v -0.1434 104.604 252.6532
v 21.439 138.842 239.8303
v -0.1434 130.8325 249.3756
v 40.9696 107.3789 222.2608
v 40.9696 146.3427 186.7404
v 21.439 154.861 220.7396
v -0.1434 159.5734 186.6218
v -0.1434 162.8705 211.1942
v -21.7257 154.861 220.7396
v -41.2563 146.3427 186.7403
v -21.7257 138.842 239.8302
v -41.2563 107.3789 222.2608
vn 0 0.022701 0.999742
vn 0.716508 0.218102 0.662607
vn 0 0.123998 0.992283
vn 0.774973 0.136495 0.617079
vn 0.734801 0.632101 0.246
vn 0.551399 0.831698 0.0651
vn 0 0.995117 -0.098702
vn 0 0.991116 -0.133002
vn -0.551399 0.831698 0.0651
vn -0.734801 0.632101 0.246
vn -0.716508 0.218102 0.662607
vn -0.774973 0.136495 0.617079
vt -0.0065 -0.0285
vt 0.5146 0.4291
vt -0.0065 0.2733
vt 0.9861 0.2889
vt 0.9861 0.9018
vt 0.5146 0.7405
vt -0.0065 1.0604
vt -0.0065 0.8962
vt 0.5147 0.7405
vt 0.9862 0.9018
vt 0.5147 0.4291
vt 0.9862 0.2889
f 705/705/705 707/707/707 706/706/706
f 705/705/705 706/706/706 708/708/708
f 708/708/708 706/706/706 709/709/709
f 706/706/706 710/710/710 709/709/709
f 709/709/709 710/710/710 711/711/711
f 710/710/710 712/712/712 711/711/711
f 711/711/711 712/712/712 713/713/713
f 711/711/711 713/713/713 714/714/714
f 714/714/714 713/713/713 715/715/715
f 714/714/714 715/715/715 716/716/716
f 716/716/716 715/715/715 705/705/705
f 715/715/715 707/707/707 705/705/705

g bbbb02
# texture: bbbb02.jpg
v -0.1434 164.5317 221.9839
v -0.1434 142.5878 248.1355
v 14.6391 148.0738 241.5976
v 14.6391 159.0457 228.5218
v -14.9258 159.0457 228.5218
v -14.9258 148.0738 241.5976
v -0.1434 130.8325 249.3756
v 21.439 138.842 239.8303
v 14.6391 148.0738 241.5976
v -0.1434 142.5878 248.1355
v 21.439 138.842 239.8303
v 21.439 154.861 220.7396
v 14.6391 159.0457 228.5218
v 14.6391 148.0738 241.5976
v 21.439 154.861 220.7396
v -0.1434 162.8705 211.1942
v -0.1434 164.5317 221.9839
v 14.6391 159.0457 228.5218
v -0.1434 162.8705 211.1942
v -21.7257 154.861 220.7396
v -14.9258 159.0457 228.5218
v -0.1434 164.5317 221.9839
v -21.7257 154.861 220.7396
v -21.7257 138.842 239.8302
v -14.9258 148.0738 241.5976
v -14.9258 159.0457 228.5218
v -21.7257 138.842 239.8302
v -0.1434 130.8325 249.3756
v -0.1434 142.5878 248.1355
v -14.9258 148.0738 241.5976
vn 0 0.76602 0.642817
vn 0 0.76602 0.642817
vn 0 0.76602 0.642817
vn 0 0.76602 0.642817
vn 0 0.76602 0.642817
vn 0 0.76602 0.642817
vn 0.372089 0.097397 0.923073
vn 0.372089 0.097397 0.923073
vn 0.372089 0.097397 0.923073
vn 0.372089 0.097397 0.923073
vn 0.770076 0.488684 0.410087
vn 0.770076 0.488684 0.410087
vn 0.770076 0.488684 0.410087
vn 0.770076 0.488684 0.410087
vn 0.398205 0.906611 -0.139602
vn 0.398205 0.906611 -0.139602
vn 0.398205 0.906611 -0.139602
vn 0.398205 0.906611 -0.139602
vn -0.398205 0.906611 -0.139602
vn -0.398205 0.906611 -0.139602
vn -0.398205 0.906611 -0.139602
vn -0.398205 0.906611 -0.139602
vn -0.770076 0.488684 0.410087
vn -0.770076 0.488684 0.410087
vn -0.770076 0.488684 0.410087
vn -0.770076 0.488684 0.410087
vn -0.372089 0.097397 0.923073
vn -0.372089 0.097397 0.923073
vn -0.372089 0.097397 0.923073
vn -0.372089 0.097397 0.923073
vt 0.2947 0.5
vt 0.6902 0.5
vt 0.5913 0.6978
vt 0.3935 0.6978
vt 0.3935 0.3022
vt 0.5913 0.3022
vt 0.8356 0.6019
vt 0.6435 0.9862
vt 0.5729 0.8651
vt 0.7045 0.6019
vt 1.0134 0.8206
vt 0.3049 0.8206
vt 0.3979 0.709
vt 0.8832 0.709
vt 0.5101 1.0508
vt 0.3134 0.6575
vt 0.427 0.6575
vt 0.5617 0.9269
vt 0.0672 0.6019
vt 0.2593 0.2177
vt 0.3097 0.3388
vt 0.1781 0.6019
vt 0.3049 0.1121
vt 1.0134 0.1121
vt 0.8832 0.2237
vt 0.3979 0.2237
vt 0.9034 0.2642
vt 1.1 0.6575
vt 0.9658 0.6575
vt 0.8311 0.3881
f 717/717/717 719/719/719 718/718/718
f 717/717/717 720/720/720 719/719/719
f 717/717/717 722/722/722 721/721/721
f 717/717/717 718/718/718 722/722/722
f 723/723/723 725/725/725 724/724/724
f 725/725/725 723/723/723 726/726/726
f 727/727/727 729/729/729 728/728/728
f 729/729/729 727/727/727 730/730/730
f 731/731/731 733/733/733 732/732/732
f 733/733/733 731/731/731 734/734/734
f 735/735/735 737/737/737 736/736/736
f 737/737/737 735/735/735 738/738/738
f 739/739/739 741/741/741 740/740/740
f 741/741/741 739/739/739 742/742/742
f 743/743/743 745/745/745 744/744/744
f 745/745/745 743/743/743 746/746/746

g uo00
# texture: uo00.jpg
v 90.4585 106.2542 93.9234
v 134.6973 161.5694 59.4549
v 127.0834 160.629 87.26921
v 96.4793 102.0384 65.467
v 67.9148 112.9441 107.1764
v 109.7881 172.7393 99.45269
v 170.1529 222.1387 108.3013
v 147.3632 226.402 118.472
v 187.3093 249.5732 113.9406
v 175.5358 236.7906 135.9324
v 183.5164 231.2903 79.43063
v 152.5192 233.7656 140.2827
v 172.1207 245.8708 154.889
v 178.0093 248.0259 153.3858
v 183.0964 247.1879 148.6143
v 182.7849 251.0529 152.5696
v 166.75 254.0892 167.4846
v 176.3392 251.8956 159.4807
v 153.8214 235.6254 153.8082
v 167.2114 241.0071 164.8142
v 157.9419 241.5101 164.8143
v 171.4204 238.3919 150.5458
v 160.9929 245.8672 170.0315
v 166.5637 199.4295 71.79657
v 179.5838 250.2745 155.7314
v 177.4931 269.432 114.1638
v 186.3405 257.7574 134.3789
v 175.5358 236.7906 135.9324
v 172.1207 245.8708 154.889
v 161.4279 246.4886 135.9325
v 166.75 254.0892 167.4846
v 171.4204 238.3919 150.5458
v 167.2114 241.0071 164.8142
v 160.9929 245.8672 170.0315
v 171.5394 260.9292 170.3951
v 177.9373 259.0622 143.8754
v 182.853 260.5147 139.7555
v 178.1078 270.3099 132.8199
v 173.8406 264.2158 149.0065
v 178.2866 264.4865 145.4133
v 179.6141 266.5492 142.5733
v 178.5781 270.9815 140.6372
v 180.4111 273.5993 151.424
v 67.7013 112.6391 44.277
v 81.3578 118.0285 48.9215
v 101.3286 116.1381 57.5807
v 117.3975 149.1087 54.5042
v 109.3815 172.1585 48.8901
v 105.5866 155.7976 49.47129
v 161.6599 246.8198 62.83021
v 176.9545 254.8408 75.2866
v 193.0297 250.8182 94.99635
v 187.9225 251.0928 105.2389
v 184.1269 267.1924 110.5824
v 141.0357 204.4495 44.35582
v 158.1578 203.5153 53.4737
v 138.1199 170.8867 52.99649
v 122.198 177.5465 46.352
v 94.9757 125.7771 46.1574
v 98.4546 125.4478 47.6659
v 103.5338 132.7058 46.6478
v 100.8797 134.2089 45.5168
v 195.4002 265.882 100.0272
v 197.2542 261.993 101.3635
v 195.7097 261.488 105.9181
v 194.8291 265.0664 105.896
v 147.127 190.0331 42.7043
v 143.2794 190.243 40.65535
v 142.6242 182.7008 42.59706
v 139.0462 184.1974 41.10387
v 99.4924 124.0017 39.5231
v 205.2881 269.9191 110.4171
v 145.8319 184.5571 34.701
v 53.918 131.8402 93.9234
v 92.49289 184.8495 87.2692
v 90.77239 192.3259 59.4549
v 47.8973 136.056 65.467
v 135.5625 246.3592 108.3013
v 147.4897 256.4287 135.9324
v 155.4745 271.864 113.9406
v 139.5915 262.0469 79.43063
v 157.1903 256.3251 154.889
v 157.2014 262.5957 153.3858
v 158.4125 268.1187 152.5697
v 154.674 267.0895 148.6143
v 161.4088 262.3499 159.4807
v 154.2991 250.0486 164.8142
v 150.4019 253.1092 150.5457
v 115.4503 235.2194 71.79657
v 158.7759 264.8443 155.7314
v 163.4966 273.7529 134.3789
v 147.4897 256.4287 135.9324
v 157.1903 256.3251 154.889
v 150.4019 253.1092 150.5457
v 154.2991 250.0486 164.8142
v 167.5968 266.3028 143.8755
v 167.2803 271.4188 139.7555
v 172.5745 268.4861 145.4134
v 174.0587 270.4391 142.5732
v 68.0948 127.3154 48.9215
v 59.488 145.4352 57.5807
v 84.9801 171.8076 54.50419
v 95.30519 162.9967 49.4713
v 163.966 263.9355 75.28657
v 154.6879 277.6653 94.99641
v 156.6928 272.9601 105.2389
v 173.1197 274.8997 110.5824
v 128.8987 212.948 44.35584
v 122.1647 228.7178 53.47374
v 98.35719 198.7288 52.9966
v 110.0611 186.0449 46.352
v 70.7243 142.7581 46.1575
v 69.225 145.9146 47.6659
v 74.3081 153.1699 46.6478
v 76.6283 151.1899 45.5168
v 168.0327 285.045 100.0273
v 163.744 285.4571 101.3634
v 163.7977 283.833 105.9182
v 167.4616 284.2294 105.896
v 113.2683 213.7411 42.70432
v 114.7815 210.1974 40.65532
v 107.9183 207.0021 42.59706
v 110.5483 204.1518 41.10394
v 67.5111 146.3952 39.5231
v 168.4444 295.7174 110.4171
v 108.5656 210.6513 34.70105
v 47.87469 134.9764 109.3788
v 81.83599 186.0941 59.99751
v 74.50099 191.1213 87.446
v 54.536 124.6109 82.6961
v 24.5118 140.989 121.4883
v 55.36559 202.8936 96.90491
v 106.2352 256.1602 105.8568
v 83.05139 256.4014 116.0274
v 118.367 286.157 111.4961
v 108.992 271.5241 133.4879
v 117.8066 267.4934 76.98611
v 86.8504 264.5484 137.8382
v 104.052 279.8734 152.4446
v 109.4769 283.0183 150.9412
v 114.6323 283.0764 146.1698
v 113.6544 286.8286 150.1252
v 97.33579 287.0343 165.0401
v 107.1603 286.5391 157.0362
v 87.80989 266.6059 151.3637
v 100.062 274.2311 162.3698
v 90.84589 273.1167 162.3697
v 104.6611 272.3865 148.1012
v 93.09389 277.9374 167.5869
v 106.644 233.1728 69.35203
v 110.637 285.5061 153.2869
v 105.2515 304.0097 111.7194
v 115.9918 294.0486 131.9345
v 108.992 271.5241 133.4879
v 104.052 279.8734 152.4446
v 93.41449 278.625 133.4879
v 97.33579 287.0343 165.0401
v 104.6611 272.3865 148.1012
v 100.062 274.2311 162.3698
v 93.09389 277.9374 167.5869
v 100.8648 294.6021 167.9505
v 107.4897 293.8745 141.431
v 112.0784 296.1584 137.311
v 105.7044 304.9808 130.3754
v 102.5603 298.2384 146.562
v 106.8917 299.277 142.9689
v 107.8409 301.5389 140.1288
v 106.0509 305.724 138.1927
v 107.4015 308.6203 148.9796
v 24.35441 124.3835 60.8195
v 36.8677 133.0029 63.3182
v 56.8633 136.7955 71.2667
v 66.9628 170.0578 59.16911
v 55.066 189.1864 48.23141
v 54.1698 173.137 53.13351
v 93.58541 278.9916 60.38573
v 107.2549 289.5467 72.84204
v 123.7843 288.3764 92.55185
v 118.7071 287.7602 102.7945
v 112.1734 302.9559 108.1379
v 80.63211 233.6837 41.91125
v 97.6563 235.7369 51.02914
v 83.5887 193.8597 51.2305
v 66.7522 195.8046 43.83051
v 48.93311 141.9425 58.0613
v 52.4164 142.6032 59.446
v 56.1581 150.0957 56.3843
v 53.2832 150.7877 55.028
v 123.503 303.6232 97.58273
v 126.0041 300.1151 98.919
v 124.5708 299.3495 103.4737
v 123.0822 302.7208 103.4515
v 89.1342 220.544 40.25966
v 85.30861 220.0827 38.21075
v 85.973 212.5413 40.15244
v 82.1895 213.3938 38.65931
v 53.6895 139.2941 51.9026
v 132.5397 309.3159 107.9727
v 88.8097 214.9264 32.25641
v 7.446301 153.1861 104.4995
v 36.2302 208.3592 82.82712
v 33.2376 207.9837 54.1322
v 0.785004 148.8215 76.20891
v 67.9644 274.0062 105.8568
v 77.9619 285.9938 133.4879
v 83.1451 302.5813 111.4962
v 69.20821 290.1553 76.98605
v 87.5331 287.5764 152.4446
v 86.4552 293.7535 150.9412
v 86.6888 299.4028 150.1252
v 83.1859 297.7401 146.1698
v 90.6414 294.2421 157.0361
v 85.7757 280.893 162.3698
v 81.4063 283.2304 148.1012
v 50.09231 259.5433 69.35205
v 87.6153 296.2414 153.287
v 90.7173 305.8343 131.9344
v 77.9619 285.9938 133.4879
v 87.5331 287.5764 152.4446
v 81.4063 283.2304 148.1012
v 85.7757 280.893 162.3698
v 96.04889 299.2095 141.431
v 94.84889 304.1927 137.3111
v 100.5718 302.2239 142.9689
v 101.6944 304.405 140.1288
v 22.1935 139.6124 61.5472
v 10.57091 157.6465 65.6797
v 31.0963 186.2128 54.84041
v 42.7945 178.2606 51.76071
v 92.8844 296.2477 72.8421
v 81.3631 308.1577 92.55195
v 84.1546 303.8723 102.7945
v 99.99501 308.6348 108.1379
v 67.2037 239.9455 41.91121
v 57.83361 254.3065 51.02922
v 39.5953 213.6752 45.92101
v 53.3239 201.853 42.20981
v 22.10141 154.028 54.82311
v 20.0768 157.1696 55.54291
v 23.8228 164.6602 52.4818
v 26.4516 162.8732 51.7897
v 93.2236 317.7427 97.58274
v 88.9286 317.4037 98.91905
v 89.2635 315.8137 103.4737
v 92.80281 316.8403 103.4516
v 51.67311 238.0125 40.25974
v 53.77871 234.7853 38.21076
v 47.57461 230.4467 40.15242
v 50.65961 228.0965 38.65936
v 18.30551 155.2318 47.6321
v 91.77591 328.3244 107.9726
v 47.57831 234.153 32.25641
v -9.282299 151.0603 109.0854
v -40.71869 219.5526 86.1622
v -43.08419 207.5355 112.2867
v -2.917 159.6209 81.6995
v -24.8727 131.4221 119.0802
v -61.36909 195.0235 122.452
v -80.62903 259.446 154.9401
v -94.12424 238.2517 158.0493
v -98.24245 283.0236 169.5229
v -91.63326 260.3985 184.6912
v -83.27552 284.3359 133.2757
v -98.61885 238.1074 181.2074
v -101.306 254.6126 202.7585
v -100.7706 260.9976 203.4828
v -97.86116 266.6293 200.4548
v -101.4957 266.546 204.6337
v -111.0242 248.9945 214.1176
v -104.9834 259.0275 209.2517
v -99.75406 235.3289 194.5896
v -98.97277 245.1055 209.8604
v -103.346 237.4109 207.0598
v -94.82376 252.5316 197.3791
v -106.0056 239.9552 213.5379
v -61.56431 259.8561 116.2418
v -102.1431 262.4293 206.5
v -120.3892 282.4738 169.5603
v -106.0694 278.4584 189.6112
v -91.63326 260.3985 184.6912
v -101.306 254.6126 202.7585
v -106.3848 252.235 181.72
v -111.0242 248.9945 214.1176
v -94.82376 252.5316 197.3791
v -98.97277 245.1055 209.8604
v -106.0056 239.9552 213.5379
v -115.1993 254.7944 219.3259
v -110.8033 268.572 196.119
v -110.0422 274.7443 193.9812
v -120.9249 276.9651 187.4086
v -117.2053 265.3747 200.4156
v -115.5718 270.4975 198.4564
v -116.8801 273.4187 196.4972
v -121.335 274.9587 194.9974
v -122.9329 273.8701 206.0803
v -24.68661 142.0269 57.08039
v -23.7995 155.6525 64.199
v -13.6462 171.1868 75.7309
v -36.73669 199.7854 77.6497
v -61.01469 203.1989 72.55091
v -47.79039 192.9016 71.3253
v -106.587 277.5667 113.1461
v -107.3927 289.5174 130.7516
v -96.95324 294.869 153.6742
v -99.36053 287.1255 161.7558
v -115.5558 288.4589 167.9274
v -76.90259 249.4942 83.26842
v -68.8198 260.5866 97.0089
v -47.71659 227.6067 81.0244
v -60.48139 217.3214 72.46381
v -25.067 171.5119 64.1888
v -23.2983 174.218 66.1977
v -27.7297 181.9489 66.52701
v -30.2137 180.402 65.1058
v -109.6039 301.1496 161.3139
v -105.2957 300.727 162.5821
v -105.4907 297.6534 166.3104
v -109.1061 298.3321 166.5338
v -61.26258 249.5214 81.5209
v -63.07898 247.0288 78.4331
v -56.52029 242.8114 78.96452
v -59.38878 240.8693 76.66865
v -21.5491 175.9563 58.2358
v -109.084 307.6204 174.7258
v -56.84698 248.9812 72.80727
v -47.9138 129.0953 105.2124
v -79.65399 186.7427 108.6204
v -87.15709 193.1487 81.5065
v -54.279 130.4176 76.5502
v -117.1988 239.6057 147.7188
v -121.2841 244.3121 178.8362
v -131.8988 264.7638 162.8769
v -129.7139 259.1416 124.1057
v -117.0908 246.0488 199.6415
v -122.769 249.0627 199.1387
v -127.2627 252.5666 199.5455
v -127.9099 250.3269 194.5212
v -120.7682 250.4638 206.1348
v -112.6241 237.6993 207.1648
v -117.045 240.4759 192.9912
v -115.6025 230.5387 105.571
v -124.1416 250.4944 202.156
v -130.2205 265.3557 184.8422
v -121.2841 244.3121 178.8362
v -117.0908 246.0488 199.6415
v -117.045 240.4759 192.9912
v -112.6241 237.6993 207.1648
v -121.7356 262.6409 193.9602
v -126.5059 265.8122 190.7301
v -121.6107 267.2213 197.2639
v -122.7534 270.2323 195.3374
v -37.8215 147.68 62.79321
v -57.8811 146.0358 71.29621
v -71.0091 180.2989 74.21371
v -58.66019 186.7213 70.2355
v -121.1244 282.0675 128.0401
v -137.4889 272.8771 145.6698
v -132.3773 269.2128 155.236
v -127.1928 282.1455 165.6295
v -89.73409 242.5326 80.73464
v -106.8725 239.9418 89.49478
v -89.75459 203.7048 76.80991
v -73.31279 210.0257 71.17741
v -50.7061 156.9341 61.61831
v -54.2005 156.6477 63.09951
v -58.6278 164.3809 63.42931
v -55.8528 165.8242 62.53531
v -138.5375 285.4523 155.6005
v -140.7234 281.5064 155.5863
v -139.2289 279.3494 159.6482
v -138.0396 282.6347 160.8204
v -97.05868 230.101 74.45232
v -93.20737 230.6831 72.48378
v -93.21198 222.905 71.71915
v -89.51728 224.5236 70.71933
v -55.3604 156.732 54.84601
v -148.0359 286.4877 167.034
v -96.24577 227.6061 65.02737
v -50.4413 130.2806 93.9234
v -97.234 183.4527 59.4549
v -97.6301 175.7911 87.2693
v -45.244 135.4778 65.467
v -60.94419 109.241 107.1764
v -112.5597 160.8615 99.45271
v -150.7265 228.8874 108.3013
v -158.8823 207.1842 118.472
v -174.7648 250.547 113.9407
v -164.2542 236.7595 135.9662
v -157.4185 243.637 79.43061
v -165.2387 213.5406 140.2828
v -173.7562 234.9463 154.8891
v -174.8561 241.1196 153.3858
v -173.1474 245.9839 148.6143
v -177.0076 246.3483 152.5697
v -182.7824 231.0842 167.4847
v -178.9569 240.1469 159.4807
v -166.844 215.1459 153.8083
v -169.8189 229.267 164.8144
v -171.9238 220.2257 164.8143
v -166.5125 232.9579 150.5458
v -175.685 223.9868 170.0316
v -128.9855 221.4093 71.79655
v -176.797 243.0606 155.7314
v -196.0266 244.3285 114.1639
v -182.993 251.0141 134.379
v -164.2542 236.7595 135.9662
v -173.7562 234.9463 154.8891
v -176.2213 224.5232 135.9325
v -182.7824 231.0842 167.4847
v -166.5125 232.9579 150.5458
v -169.8189 229.267 164.8144
v -175.685 223.9868 170.0316
v -188.6868 236.9887 170.3951
v -185.7371 242.9652 143.8755
v -186.314 248.0583 139.7556
v -196.7843 245.0861 132.8199
v -191.5238 239.8257 149.0066
v -191.0184 244.251 145.4134
v -192.8192 245.9166 142.5733
v -197.3641 245.666 140.6373
v -199.6239 247.9257 151.4241
v -60.6809 108.9778 44.277
v -63.617 123.3627 48.9215
v -58.2874 142.7019 57.5807
v -87.9668 164.2519 54.5042
v -112.0584 160.3602 48.8901
v -96.605 153.782 49.4713
v -176.5073 224.8091 62.83034
v -181.7506 241.2643 75.28656
v -174.9976 256.3966 94.99638
v -176.1549 251.4149 105.239
v -192.669 250.4724 110.5825
v -138.3621 197.1408 44.35581
v -134.4688 213.8405 53.47377
v -105.8154 188.4412 52.9966
v -115.139 173.9176 46.35201
v -68.8832 138.1192 46.1574
v -67.9548 141.4881 47.6659
v -74.2205 147.7505 46.6478
v -76.1616 145.3977 45.5168
v -189.421 261.347 100.0272
v -185.2691 262.4974 101.3636
v -185.0399 260.8887 105.9182
v -188.7169 260.6429 105.896
v -123.107 200.6362 42.70433
v -123.9819 196.8835 40.6553
v -116.668 194.9285 42.59708
v -118.7632 191.6648 41.10394
v -66.3504 142.259 39.52311
v -191.6797 271.7857 110.4171
v -117.9391 198.4098 34.70099
v -81.9837 98.7381 93.9234
v -127.4892 145.932 87.26932
v -135.1508 145.5359 59.4549
v -87.18101 93.5409 65.467
v -180.5855 199.0283 108.3014
v -188.4308 212.5228 135.9325
v -202.2452 223.0667 113.9407
v -195.3353 205.7202 79.43064
v -186.6444 222.0581 154.8891
v -192.8177 223.1579 153.3859
v -198.0464 225.3096 152.5697
v -197.6821 221.4493 148.6144
v -191.8451 227.2587 159.4807
v -180.9651 218.1208 164.8144
v -184.6561 214.8144 150.5459
v -173.1075 177.2872 71.79666
v -194.7587 225.0989 155.7315
v -202.7122 231.2948 134.379
v -188.4308 212.5228 135.9325
v -186.6444 222.0581 154.8891
v -184.6561 214.8144 150.5459
v -180.9651 218.1208 164.8144
v -194.6634 234.0391 143.8756
v -199.7565 234.6158 139.7555
v -195.9491 239.3202 145.4134
v -197.6148 241.1211 142.5733
v -75.0659 111.9139 48.9215
v -94.40501 106.5843 57.5807
v -115.9501 136.2686 54.50431
v -105.4801 144.9068 49.4713
v -192.9625 230.0524 75.28664
v -208.0948 223.2994 94.99644
v -203.113 224.4568 105.239
v -202.1706 240.9708 110.5825
v -148.839 186.6639 44.35582
v -165.5387 182.7706 53.47373
v -140.1394 154.1173 52.99661
v -125.6158 163.4408 46.35201
v -89.8174 117.185 46.1575
v -93.18631 116.2566 47.6659
v -99.4487 122.5223 46.64781
v -97.0959 124.4635 45.5168
v -213.0452 237.7228 100.0273
v -214.1957 233.571 101.3635
v -212.5869 233.3417 105.9183
v -212.3411 237.0188 105.8961
v -152.3344 171.4088 42.70436
v -148.5816 172.2836 40.65533
v -146.6266 164.9699 42.59709
v -143.3629 167.0649 41.10397
v -93.9572 114.6522 39.52311
v -223.4839 239.9816 110.4171
v -150.108 166.2409 34.70104
v -177.67 234.5796 158.7853
v -167.5775 230.508 160.7579
v -180.0359 232.9754 154.7137
v -180.5093 232.885 159.3569
v -174.1274 234.8377 151.8301
v -167.2859 232.3387 153.4081
v -174.1842 233.5199 148.5021
v -176.244 233.0298 153.0196
v -169.6739 236.0193 145.5922
v -164.3274 234.1452 145.6729
v -170.326 234.1034 142.2569
v -171.8442 234.1082 147.209
v -181.6548 232.1548 163.482
v -176.9802 228.945 167.7164
v -179.1222 233.1547 161.1577
v -182.7297 231.0338 161.891
v -186.2778 225.9718 158.7853
v -184.6736 228.3377 154.7138
v -182.2063 215.8793 160.7578
v -184.5831 228.8111 159.3569
v -186.5359 222.4292 151.8301
v -185.2182 222.486 148.5021
v -184.0369 215.5878 153.4082
v -184.728 224.5459 153.0196
v -187.7176 217.9758 145.5923
v -185.8016 218.6279 142.257
v -185.8435 212.6292 145.6729
v -185.8064 220.1461 147.2091
v -183.853 229.9567 163.4819
v -184.8529 227.4241 161.1577
v -180.6433 225.282 167.7164
v -182.732 231.0315 161.8911
v -170.478 228.4277 164.6589
v -171.3634 227.5422 159.8443
v -179.4685 239.1883 169.8322
v -172.7925 226.0782 164.0403
v -168.1582 230.4787 156.9377
v -168.8455 229.7914 153.4924
v -173.4131 236.9008 158.9135
v -170.1891 228.585 158.1432
v -166.483 232.4147 150.0205
v -167.767 231.1307 146.5675
v -170.1167 237.8912 149.559
v -168.6945 230.5448 151.6295
v -172.7428 225.4299 166.8427
v -171.5968 227.8163 164.4329
v -178.7356 229.5865 171.2667
v -175.3412 223.8314 165.1839
v -180.1258 218.7799 164.659
v -190.8864 227.7704 169.8322
v -179.2404 219.6654 159.8444
v -177.7763 221.0945 164.0402
v -182.1768 216.46 156.9377
v -188.599 221.715 158.9135
v -181.4896 217.1474 153.4923
v -180.2831 218.4909 158.1431
v -184.1129 214.7849 150.0205
v -189.5893 218.4185 149.559
v -182.8288 216.0689 146.5675
v -182.2429 216.9964 151.6296
v -177.1281 221.0446 166.8426
v -181.2846 227.0374 171.2667
v -179.5145 219.8986 164.4328
v -175.5294 223.6431 165.1838
v -99.82667 244.5572 209.4955
v -100.9111 245.6155 204.757
v -105.7258 254.7416 218.7076
v -102.6704 243.1991 208.3427
v -97.05507 248.4954 202.7121
v -97.89676 249.2171 199.3083
v -100.4687 254.927 207.1556
v -99.50687 246.8582 203.399
v -94.93586 252.2111 196.7033
v -96.50846 252.5389 193.148
v -97.02817 258.2235 198.4006
v -97.55596 250.5013 197.7934
v -102.7902 241.6401 210.7575
v -101.0655 244.3517 209.1801
v -107.5029 245.3572 216.8185
v -105.7138 241.3884 208.9007
v -111.6428 238.1465 207.1621
v -119.7099 247.1547 215.9462
v -110.5583 240.3817 202.8521
v -108.7743 239.8875 207.1374
v -114.2243 239.1806 199.3217
v -119.0676 244.8365 203.4829
v -113.3826 240.8156 196.2504
v -111.8695 240.151 200.9579
v -116.528 240.4967 192.4396
v -120.8774 245.2846 193.6912
v -114.9553 242.5309 189.5054
v -114.1493 241.4989 194.5167
v -108.161 238.7263 209.697
v -110.6249 243.6634 216.202
v -110.7627 239.0906 207.2652
v -105.9443 241.2633 208.8551
v -105.1813 253.8992 206.6451
v -96.48646 247.0742 206.2602
v -107.8819 254.411 202.4985
v -108.3625 252.856 206.8737
v -101.6927 255.6507 199.8811
v -95.73106 251.1787 199.9327
v -102.0885 255.6065 196.3234
v -104.2051 254.1177 200.5889
v -97.08506 257.7735 194.0155
v -92.40575 254.7445 192.9988
v -98.21075 257.3338 190.3061
v -99.67606 256.0137 195.0955
v -109.6579 251.061 210.6102
v -105.9734 245.5625 213.115
v -106.9529 252.1475 208.5323
v -110.9863 250.8491 208.84
v -115.7237 248.1796 204.5633
v -113.5618 251.3295 201.3769
v -114.403 237.354 202.7222
v -113.3519 250.149 205.8884
v -116.8899 247.4057 196.8801
v -115.6023 248.2749 193.6549
v -116.2467 240.0483 195.8815
v -114.5957 248.4805 198.5371
v -119.1839 245.7842 189.6517
v -117.1645 247.0508 186.5634
v -118.7575 240.448 187.7953
v -116.7761 246.7363 191.7188
v -112.3502 249.6004 210.0785
v -113.9714 248.3398 207.1464
v -110.4596 243.1285 212.2291
v -110.9892 250.8475 208.8395
v 99.04788 274.5634 162.2144
v 97.9129 275.0927 157.3997
v 106.0846 286.6921 167.3876
v 96.04839 275.9348 161.5956
v 101.7685 273.0851 154.4931
v 100.8876 273.4958 151.0477
v 106.0062 280.2195 156.4689
v 99.2944 274.3457 155.6986
v 104.1608 272.173 147.5759
v 102.5151 272.9404 144.1229
v 108.0642 277.4604 147.1145
v 101.6472 273.6115 149.1849
v 95.45628 275.6663 164.398
v 98.09068 275.4056 161.9883
v 97.31249 282.7193 168.8221
v 93.06538 277.5613 162.7393
v 86.68209 280.3297 162.2144
v 91.45009 293.5163 167.3876
v 87.81699 279.8004 157.3997
v 89.66059 278.9135 161.5957
v 83.80079 281.4635 154.4931
v 86.54219 289.2957 156.4689
v 84.68159 281.0528 151.0477
v 86.35679 280.3787 155.6986
v 81.56439 282.7099 147.5759
v 83.10579 289.0989 147.1144
v 83.21009 281.9425 144.123
v 84.28209 281.709 149.185
v 89.83559 278.2873 164.3981
v 94.04529 284.2428 168.8221
v 87.94249 280.1378 161.9883
v 92.82408 277.6737 162.7392
v 102.369 283.4258 156.3408
v 101.9948 272.5494 158.3133
v 100.0523 285.1004 152.2692
v 99.80539 285.5142 156.9124
v 103.8232 280.1851 149.3855
v 103.8148 272.9016 150.9636
v 102.5654 279.7878 146.0576
v 101.4003 281.5558 150.575
v 106.4567 276.4043 143.1477
v 106.5242 270.7393 143.2284
v 104.4333 276.3618 139.8124
v 103.9185 277.79 144.7645
v 98.7276 286.341 161.0374
v 97.31009 280.8504 165.2718
v 100.5333 284.303 158.7133
v 97.3065 286.9676 159.4465
v 91.3363 288.5704 156.3407
v 94.1082 287.8721 152.2692
v 83.24489 281.2926 158.3133
v 94.58389 287.949 156.9124
v 87.9191 287.6013 149.3856
v 88.4231 286.3824 146.0576
v 82.34489 282.9132 150.9636
v 90.52639 286.6264 150.5751
v 83.33 287.1885 143.1477
v 84.59799 285.6111 139.8124
v 78.94679 283.5988 143.2284
v 86.023 286.1349 144.7645
v 95.9101 287.6547 161.0374
v 93.18829 287.7281 158.7133
v 92.61519 283.0397 165.2718
v 97.30349 286.969 159.4465
v 166.2705 241.5105 164.6589
v 165.2446 242.2288 159.8442
v 175.3064 252.233 169.8321
v 163.5547 243.3819 164.0402
v 168.693 239.5821 156.9377
v 167.8969 240.1396 153.4923
v 174.1052 245.8724 158.9134
v 166.4755 241.2533 158.1431
v 170.8906 238.2685 150.0204
v 169.4031 239.3101 146.5674
v 175.6529 242.7979 149.559
v 168.6651 240.1217 151.6295
v 162.9249 243.2204 166.8426
v 165.4741 242.5062 164.4328
v 165.9777 249.8438 171.2667
v 160.8994 245.5017 165.1838
v 155.0938 249.3364 164.6589
v 162.0792 261.4947 169.8321
v 156.1197 248.6182 159.8442
v 157.7812 247.4245 164.0401
v 152.4532 250.9534 156.9376
v 156.513 258.1906 158.9134
v 153.2493 250.396 153.4923
v 154.7821 249.4412 158.1431
v 150.4672 252.5692 150.0204
v 153.0945 258.5934 149.559
v 151.9547 251.5276 146.5674
v 152.9698 251.1117 151.6295
v 157.8447 246.7775 166.8426
v 163.0246 251.9115 171.2666
v 156.3018 248.9286 164.4328
v 160.6813 245.6543 165.1838
v 171.08 249.6615 158.7853
v 168.8229 239.0153 160.7578
v 169.0894 251.7129 154.7137
v 168.9181 252.1633 159.3568
v 171.9494 246.2175 151.8301
v 170.6764 239.0461 153.408
v 170.6417 246.0446 148.5021
v 169.8014 247.9881 153.0195
v 173.8864 242.0368 145.5922
v 172.9692 236.4461 145.6728
v 171.8863 242.3463 142.2569
v 171.6273 243.8423 147.2089
v 168.0002 253.1647 163.4819
v 165.6508 248.0037 167.7163
v 169.4246 250.8442 161.1577
v 166.7096 254.0286 161.891
v 161.1083 256.6438 158.7852
v 163.7168 255.4748 154.7137
v 151.8761 250.8815 160.7578
v 164.1988 255.4679 159.3568
v 157.5747 256.2828 151.83
v 157.8594 254.9949 148.5021
v 151.2712 252.6337 153.4081
v 159.9731 254.8699 153.0196
v 152.9836 256.6731 145.5922
v 153.9586 254.8995 142.2569
v 148.0437 253.8991 145.6728
v 155.4529 255.1678 147.2089
v 165.4536 254.9477 163.4819
v 162.7859 255.4927 161.1577
v 161.4074 250.975 167.7162
v 166.7068 254.0305 161.891
vn 0.757587 -0.444292 0.478192
vn 0.56953 -0.550129 -0.610732
vn 0.640989 -0.517791 0.566591
vn 0.647687 -0.561688 -0.514789
vn 0.062003 0.088504 0.994144
vn 0.053101 -0.078301 0.995515
vn 0.578972 -0.642154 0.502425
vn -0.410282 -0.59236 0.693382
vn 0.971346 -0.180021 0.155177
vn 0.476282 -0.826614 0.299774
vn 0.835112 -0.219142 -0.504544
vn -0.554785 -0.792418 0.25355
vn 0.475666 -0.761841 0.439705
vn 0.427095 -0.723152 0.542809
vn 0.594798 -0.710514 0.376011
vn 0.875549 -0.186893 0.445517
vn -0.247873 -0.353966 0.901813
vn 0.717284 -0.146521 0.681201
vn -0.53354 -0.761964 0.367078
vn 0.035674 -0.882655 0.468667
vn -0.442907 -0.63257 0.635365
vn 0.175297 -0.970243 0.167031
vn -0.401635 -0.573578 0.713931
vn 0.80555 -0.579816 0.122076
vn 0.701617 -0.039452 0.711461
vn 0.569584 0.813415 0.118026
vn 0.841406 0.494094 0.218879
vn 0.060979 0.088644 0.994195
vn -0.54468 -0.789987 0.281502
vn 0.483616 0.690715 0.537614
vn -0.550291 -0.785875 0.2821
vn 0.583477 0.810584 0.050084
vn 0.614319 0.788609 0.026612
vn 0.573455 0.818934 0.022277
vn 0.458271 0.654442 0.601409
vn 0.813345 0.24745 0.526534
vn 0.751394 0.501492 0.428851
vn 0.573087 0.81841 0.042158
vn 0.291434 0.416221 0.861293
vn 0.797038 -0.339736 0.49931
vn 0.980074 0.053697 0.191235
vn 0.562771 0.803672 -0.193394
vn 0.4505 0.643438 0.618899
vn 0.0002 0.0003 -1
vn 0.140894 -0.286188 -0.947758
vn 0.4607 -0.5367 -0.7069
vn 0.554112 -0.258106 -0.791417
vn -0.073204 -0.046102 -0.996251
vn 0.2565 -0.0093 -0.9665
vn 0.326557 0.54078 -0.775189
vn 0.336168 0.706849 -0.622379
vn 0.966485 0.028485 -0.255138
vn 0.787607 -0.051602 0.614013
vn 0.300557 0.781854 0.546232
vn 0.1535 0.222866 -0.962688
vn 0.79838 -0.194723 -0.5698
vn 0.217703 -0.78741 -0.576707
vn -0.415603 -0.382503 -0.825206
vn -0.183797 -0.527891 -0.829186
vn 0.580993 -0.767891 -0.269797
vn 0.752563 -0.152293 -0.640669
vn -0.078998 0.285991 -0.954971
vn 0.399551 0.670468 -0.625165
vn 0.893549 -0.41716 -0.165973
vn 0.44089 -0.411853 0.797492
vn -0.282732 0.818866 0.49952
vn 0.791333 0.083422 -0.605668
vn -0.341527 0.520105 -0.782848
vn 0.498061 -0.838797 -0.2199
vn -0.572039 -0.560346 -0.598985
vn 0.383898 -0.538497 -0.750096
vn 0.75496 0.186064 0.628821
vn 0.204696 -0.202551 -0.957639
vn -0.676525 0.56002 0.478217
vn -0.584636 0.49193 0.64514
vn -0.731307 0.473604 -0.490805
vn -0.749291 0.416595 -0.514794
vn -0.821783 0.359053 0.44244
vn -0.939656 0.164869 0.299776
vn -0.501391 0.851189 0.155192
vn -0.550634 0.705386 -0.446355
vn -0.878588 0.186378 0.439712
vn -0.82565 0.153957 0.54277
vn -0.475053 0.758861 0.445482
vn -0.871089 0.315895 0.376052
vn -0.383054 0.62387 0.681217
vn -0.841667 -0.268291 0.468633
vn -0.97169 -0.167182 0.166942
vn -0.806651 0.577719 -0.124718
vn -0.277042 0.645843 0.711432
vn 0.176613 0.959628 0.218911
vn 0.062472 0.087571 0.994198
vn -0.555975 -0.782074 0.281518
vn 0.562111 0.825545 0.050071
vn 0.530932 0.846994 0.026698
vn -0.045669 0.848924 0.526538
vn 0.214224 0.877625 0.428816
vn -0.591886 0.632776 0.499265
vn -0.284761 0.939331 0.191229
vn -0.316999 0.0345 -0.947798
vn -0.661734 0.249413 -0.707037
vn -0.431986 0.432386 -0.791474
vn -0.096402 0.237804 -0.966517
vn 0.549265 0.557635 -0.622376
vn -0.303837 0.917934 -0.255106
vn -0.317874 0.722466 0.614002
vn 0.631979 0.549808 0.546182
vn 0.231217 0.255341 -0.938797
vn -0.57762 0.687781 -0.439673
vn -0.908309 0.311303 -0.279403
vn -0.387204 -0.187102 -0.90281
vn -0.433005 -0.353204 -0.829309
vn -0.920234 0.28331 -0.27001
vn -0.400489 0.655083 -0.640683
vn 0.295909 0.023501 -0.954927
vn 0.49336 0.604772 -0.625178
vn -0.697569 0.697025 -0.165991
vn -0.537798 0.273353 0.797528
vn 0.866152 0.014421 0.499573
vn -0.192216 0.772167 -0.60565
vn 0.407914 0.058232 -0.911161
vn -0.949272 0.234401 -0.209615
vn -0.241263 -0.44595 -0.861928
vn -0.637315 0.176504 -0.750117
vn -0.08336 0.773082 0.628805
vn -0.260298 0.123012 -0.95766
vn 0.823215 -0.171803 0.54111
vn 0.725902 -0.535202 -0.432001
vn 0.707505 -0.208002 0.675405
vn 0.735391 -0.558893 -0.383195
vn 0.045701 0.351907 0.934919
vn -0.0635 0.1244 0.990198
vn 0.702662 -0.52897 0.475875
vn -0.303393 -0.650554 0.696227
vn 0.987852 -0.008651 0.155156
vn 0.612625 -0.731327 0.299752
vn 0.87367 -0.094161 -0.47732
vn -0.408803 -0.876698 0.253536
vn 0.60069 -0.667663 0.439771
vn 0.546202 -0.63802 0.542765
vn 0.709106 -0.596456 0.376044
vn 0.894708 -0.031994 0.445504
vn -0.182591 -0.391646 0.901817
vn 0.73182 -0.019781 0.681211
vn -0.393096 -0.843034 0.36711
vn 0.188499 -0.863011 0.468702
vn -0.326378 -0.699855 0.635358
vn 0.341114 -0.925073 0.166979
vn -0.295917 -0.634626 0.713921
vn 0.913807 -0.398274 -0.079593
vn 0.697822 0.083 0.711446
vn 0.419678 0.899963 0.118057
vn 0.742806 0.632704 0.218916
vn 0.044599 0.09791 0.994196
vn -0.399271 -0.87254 0.281526
vn 0.356393 0.764181 0.537597
vn -0.405413 -0.869488 0.282191
vn 0.433896 0.899567 0.050136
vn 0.468087 0.883282 0.026624
vn 0.422493 0.906093 0.022278
vn 0.337687 0.724089 0.601385
vn 0.758027 0.384969 0.526492
vn 0.652892 0.624382 0.428811
vn 0.422196 0.905522 0.042207
vn 0.2147 0.460461 0.861325
vn 0.8439 -0.196222 0.499328
vn 0.955878 0.222999 0.19123
vn 0.414613 0.889195 -0.193463
vn 0.331991 0.711845 0.618918
vn 0.0002 -0.258503 -0.966011
vn 0.188491 -0.493875 -0.848857
vn 0.546913 -0.616215 -0.566714
vn 0.590536 -0.357422 -0.723544
vn -0.011099 -0.281591 -0.95947
vn 0.254206 -0.216005 -0.94272
vn 0.264308 0.566784 -0.780319
vn 0.208291 0.754474 -0.622402
vn 0.946869 0.195891 -0.255082
vn 0.78461 0.086021 0.613993
vn 0.160191 0.822198 0.546195
vn 0.0756 0.314427 -0.946267
vn 0.828192 -0.064399 -0.556733
vn 0.601896 -0.682396 -0.414798
vn -0.089402 -0.516313 -0.851721
vn -0.0894 -0.747602 -0.658102
vn 0.705472 -0.702872 -0.090996
vn 0.767567 -0.184392 -0.613874
vn -0.127496 0.0117 -0.99177
vn 0.277099 0.729662 -0.625148
vn 0.952409 -0.255643 -0.166024
vn 0.505694 -0.329021 0.797508
vn -0.420608 0.757331 0.499539
vn 0.764795 0.219551 -0.605711
vn -0.197504 0.388488 -0.900039
vn 0.68518 -0.656954 -0.314547
vn -0.222199 -0.467959 -0.855361
vn 0.471496 -0.641994 -0.604595
vn 0.711196 0.314367 0.628787
vn 0.236699 -0.163924 -0.957655
vn -0.7635 0.542999 0.3496
vn -0.742579 0.445187 0.500386
vn -0.776974 0.141695 -0.613379
vn -0.810302 0.1373 -0.569701
vn -0.856917 0.198208 0.475822
vn -0.954001 -0.000823 0.299803
vn -0.641623 0.751154 0.1552
vn -0.633729 0.60871 -0.477347
vn -0.897599 0.03105 0.439719
vn -0.839796 0.008284 0.542839
vn -0.599586 0.66482 0.445545
vn -0.912703 0.15981 0.376078
vn -0.4856 0.547858 0.681208
vn -0.782283 -0.410372 0.468645
vn -0.927885 -0.333378 0.167001
vn -0.892477 0.444018 -0.079586
vn -0.384924 0.587944 0.711447
vn 0.0072 0.975722 0.218894
vn 0.046299 0.097087 0.994198
vn -0.411811 -0.866706 0.281484
vn 0.410184 0.910626 0.050103
vn 0.375784 0.926323 0.026669
vn -0.192396 0.828138 0.526472
vn 0.058597 0.901485 0.428826
vn -0.692767 0.520378 0.49928
vn -0.443578 0.875595 0.19124
vn -0.318188 -0.26559 -0.910065
vn -0.694985 -0.056699 -0.716785
vn -0.500501 0.134001 -0.855303
vn -0.136294 -0.040098 -0.989857
vn 0.444093 0.644538 -0.622376
vn -0.458609 0.851241 -0.255083
vn -0.438484 0.656327 0.613976
vn 0.526895 0.651226 0.546156
vn 0.192303 0.260069 -0.946247
vn -0.581724 0.593014 -0.556715
vn -0.809614 -0.046601 -0.58511
vn -0.155699 -0.486498 -0.859696
vn -0.365105 -0.623308 -0.691509
vn -0.955442 0.045297 -0.291682
vn -0.508116 0.390212 -0.767824
vn 0.2873 -0.1751 -0.9417
vn 0.380898 0.68122 -0.625185
vn -0.808009 0.565318 -0.165942
vn -0.577106 0.175887 0.797504
vn 0.850509 0.164623 0.499534
vn -0.3234 0.727033 -0.605669
vn 0.424607 0.098392 -0.900016
vn -0.943678 0.102609 -0.314553
vn -0.215706 -0.470981 -0.855364
vn -0.658298 -0.1331 -0.740897
vn -0.216387 0.74685 0.628802
vn -0.277696 0.075952 -0.957662
vn 0.722806 0.408203 0.557604
vn 0.742445 0.404324 -0.534132
vn 0.681735 0.335117 0.650334
vn 0.782778 0.433688 -0.446288
vn -0.054 -0.0804 0.995299
vn 0.028401 -0.105205 0.994045
vn 0.831493 0.074524 0.550514
vn 0.362399 -0.822486 0.438388
vn 0.573681 0.702651 0.420919
vn 0.950466 -0.025181 0.309806
vn 0.555985 0.794879 -0.242999
vn 0.483674 -0.873918 -0.048245
vn 0.891485 -0.047874 0.450514
vn 0.835916 -0.109168 0.537891
vn 0.89531 0.095705 0.435041
vn 0.539413 0.519028 0.663056
vn 0.216004 -0.660076 0.719474
vn 0.435995 0.319698 0.84125
vn 0.465092 -0.882536 0.069423
vn 0.815066 -0.480387 0.323876
vn 0.386105 -0.845753 0.368272
vn 0.953412 -0.293194 0.071021
vn 0.3501 -0.814004 0.463495
vn 0.860301 0.480816 0.169405
vn 0.332199 0.338592 0.88034
vn -0.496503 0.767744 0.405037
vn -0.092303 0.83792 0.537931
vn -0.054601 -0.252958 0.965936
vn 0.485707 -0.873925 -0.018541
vn -0.421603 0.502348 0.754916
vn 0.479712 -0.877219 -0.019052
vn -0.487985 0.801732 0.345105
vn -0.45508 0.827254 0.329475
vn -0.499906 0.805959 0.317056
vn -0.399509 0.444481 0.801767
vn 0.119498 0.610932 0.782613
vn -0.137008 0.692449 0.708338
vn -0.499604 0.798618 0.335566
vn -0.254099 0.118905 0.959841
vn 0.64478 0.373107 0.66712
vn 0.365594 0.79055 0.491297
vn -0.490585 0.864564 0.108881
vn -0.392693 0.427539 0.81425
vn -0.0002 0.174008 -0.984744
vn 0.318894 0.171297 -0.932183
vn 0.681076 0.310589 -0.663077
vn 0.468103 0.524604 -0.711105
vn 0.0176 0.025201 -0.999528
vn 0.116793 0.392876 -0.912145
vn -0.337622 0.762588 -0.551789
vn -0.498603 0.77983 -0.378498
vn 0.382607 0.921691 0.064016
vn 0.379611 0.440278 0.813665
vn -0.581614 0.379667 0.719429
vn -0.126904 0.554265 -0.822609
vn 0.504897 0.800265 -0.323504
vn 0.866927 0.037601 -0.497016
vn 0.280292 -0.447588 -0.849177
vn 0.400809 -0.239806 -0.88422
vn 0.941471 0.245792 -0.230693
vn 0.455995 0.719592 -0.523694
vn -0.292597 0.214398 -0.931891
vn -0.438816 0.820362 -0.36667
vn 0.755689 0.652112 0.060692
vn 0.55962 -0.060901 0.826509
vn -0.861598 -0.086473 0.500172
vn 0.258797 0.914247 -0.311733
vn -0.58769 0.203406 -0.783101
vn 0.960957 0.192772 -0.198495
vn 0.216014 -0.490754 -0.844096
vn 0.650291 0.248796 -0.71779
vn 0.150493 0.501793 0.851796
vn 0.27011 0.421412 -0.865709
vn -0.793428 -0.453816 0.405614
vn -0.685671 -0.47418 0.552277
vn -0.679282 -0.406689 -0.610884
vn -0.69422 -0.406012 -0.594317
vn -0.666293 -0.711306 0.223827
vn -0.546514 -0.837328 0.014256
vn -0.983331 -0.142072 0.113471
vn -0.863752 -0.012007 -0.503774
vn -0.540231 -0.824617 0.167804
vn -0.488481 -0.827649 0.276376
vn -0.888517 -0.255579 0.381073
vn -0.654432 -0.745038 0.128985
vn -0.727285 -0.311431 0.61161
vn -0.112498 -0.983636 0.140727
vn -0.25921 -0.951015 -0.168466
vn -0.868782 -0.415041 -0.270109
vn -0.702418 -0.222746 0.676013
vn -0.795104 0.456587 0.399173
vn -0.053001 -0.251995 0.966276
vn 0.473793 -0.880388 -0.020901
vn -0.510608 0.789448 0.340663
vn -0.543296 0.779411 0.312008
vn -0.788699 0.118174 0.603315
vn -0.704797 0.38436 0.596263
vn -0.823622 -0.423537 0.377177
vn -0.97167 0.065122 0.227194
vn -0.165291 -0.103994 -0.980747
vn -0.505705 -0.364103 -0.782107
vn -0.574481 -0.068198 -0.815672
vn -0.25629 0.180693 -0.949561
vn -0.27321 0.902097 -0.334031
vn -0.960327 0.193083 -0.201226
vn -0.789148 -0.193772 0.582836
vn -0.231207 0.569735 0.788636
vn -0.199107 0.536767 -0.819901
vn -0.854521 -0.030301 -0.518532
vn -0.460094 -0.820689 -0.338796
vn 0.113702 -0.457107 -0.882114
vn 0.137096 -0.389488 -0.910771
vn -0.645719 -0.656519 -0.389911
vn -0.762978 0.026499 -0.645881
vn 0.103703 0.439715 -0.89213
vn -0.3396 0.874175 -0.347116
vn -0.926502 -0.260582 -0.271461
vn -0.475084 -0.622174 0.62225
vn 0.353007 0.572516 0.740008
vn -0.781056 0.350056 -0.517119
vn 0.177905 0.689376 -0.702218
vn -0.561523 -0.713279 -0.419434
vn 0.443108 -0.317599 -0.838323
vn -0.429292 -0.365093 -0.826084
vn -0.735916 0.020938 0.676749
vn -0.221496 0.154741 -0.962806
vn 0.569107 0.668908 0.478205
vn 0.656405 0.596704 -0.461603
vn 0.493693 0.532693 0.68739
vn 0.665611 0.540309 -0.514809
vn -0.076403 0.076404 0.994146
vn -0.096598 -0.170696 0.980577
vn 0.753428 0.518185 0.404761
vn 0.509611 -0.52059 0.685042
vn 0.345798 0.925385 0.155199
vn 0.896598 0.3262 0.299509
vn 0.43402 0.782345 -0.446725
vn 0.684308 -0.68381 0.253234
vn 0.832686 0.336346 0.439892
vn 0.786332 0.295041 0.542802
vn 0.803005 0.462378 0.376019
vn 0.336056 0.829805 0.445522
vn 0.305507 -0.305551 0.901834
vn 0.268926 0.68094 0.681176
vn 0.657744 -0.657724 0.367114
vn 0.875464 -0.118147 0.46862
vn 0.54601 -0.546054 0.635372
vn 0.98604 0.004397 0.166453
vn 0.495087 -0.495158 0.713938
vn 0.683822 0.697879 -0.212961
vn 0.160673 0.684115 0.711457
vn -0.702155 0.702165 0.118082
vn -0.340518 0.914409 0.218868
vn -0.07718 0.072789 0.994357
vn 0.684124 -0.673015 0.281116
vn -0.596219 0.595765 0.538133
vn 0.678328 -0.678436 0.282128
vn -0.697841 0.714417 0.051255
vn -0.669926 0.741949 0.026666
vn -0.706951 0.706913 0.022233
vn -0.564914 0.564968 0.601402
vn -0.102442 0.843989 0.526487
vn -0.363421 0.827076 0.428801
vn -0.706488 0.706462 0.042259
vn -0.359303 0.359248 0.861303
vn 0.472994 0.725955 0.499266
vn 0.117352 0.974492 0.191298
vn -0.693754 0.693756 -0.193414
vn -0.555405 0.555374 0.618938
vn -0.0003 0.0003 -1
vn 0.306287 0.089096 -0.947761
vn 0.608518 0.360511 -0.706921
vn 0.350401 0.500901 -0.791402
vn -0.0075 -0.0236 -0.999693
vn 0.053701 0.250906 -0.966521
vn -0.418426 0.488186 -0.765895
vn -0.637689 0.453765 -0.622454
vn 0.139794 0.95676 -0.255085
vn 0.187601 0.766737 0.613938
vn -0.717795 0.431757 0.54622
vn -0.437501 0.260313 -0.860715
vn 0.593354 0.772922 -0.224775
vn 0.97638 0.211596 -0.043699
vn 0.297899 -0.0003 -0.954597
vn 0.48798 -0.272689 -0.829166
vn 0.857095 0.438797 -0.269898
vn 0.280596 0.71469 -0.640691
vn -0.295389 -0.028099 -0.954964
vn -0.590892 0.509905 -0.625175
vn 0.565955 0.807558 -0.165969
vn 0.48221 0.362624 0.797482
vn -0.855511 -0.136266 0.499532
vn 0.055296 0.793814 -0.605642
vn -0.408739 -0.003355 -0.912645
vn 0.967566 0.250916 -0.029267
vn 0.251651 -0.422936 -0.870515
vn 0.597 0.2845 -0.7501
vn -0.052106 0.775859 0.628751
vn 0.235023 0.166419 -0.957637
vn -0.669001 -0.569001 0.478201
vn -0.603895 -0.585996 0.540296
vn -0.542106 -0.663607 -0.515506
vn -0.54038 -0.665575 -0.514781
vn -0.434873 -0.728668 0.529083
vn -0.32551 -0.896754 0.299793
vn -0.925321 -0.345993 0.155144
vn -0.820297 -0.382902 -0.424852
vn -0.336155 -0.832842 0.439744
vn -0.294973 -0.786376 0.542775
vn -0.829802 -0.336083 0.445507
vn -0.46237 -0.802992 0.376055
vn -0.680892 -0.268898 0.681235
vn 0.118096 -0.875464 0.468633
vn -0.004102 -0.985952 0.16698
vn -0.587295 -0.604409 0.538308
vn -0.68415 -0.160657 0.711427
vn -0.914405 0.340502 0.218911
vn -0.075452 0.076769 0.99419
vn 0.673656 -0.683338 0.281492
vn -0.715386 0.696932 0.050096
vn -0.741962 0.669915 0.026603
vn -0.84399 0.102446 0.526484
vn -0.827065 0.36339 0.42885
vn -0.725937 -0.47304 0.499249
vn -0.974504 -0.117381 0.191219
vn -0.089099 -0.306197 -0.94779
vn -0.360507 -0.608412 -0.707014
vn -0.500787 -0.350391 -0.791479
vn -0.250906 -0.053701 -0.966521
vn -0.453788 0.637714 -0.622413
vn -0.956751 -0.139787 -0.255122
vn -0.766721 -0.187622 0.613952
vn -0.431784 0.717804 0.546188
vn -0.167726 0.179917 -0.969277
vn -0.749528 -0.319728 -0.57964
vn -0.129002 -0.657409 -0.74241
vn 0.484089 -0.385991 -0.785282
vn 0.272693 -0.487787 -0.829278
vn -0.438823 -0.857045 -0.270014
vn -0.71469 -0.280596 -0.640691
vn 0.028201 0.295507 -0.954924
vn -0.509895 0.5909 -0.625175
vn -0.80754 -0.565981 -0.165967
vn -0.362605 -0.482183 0.797507
vn 0.136147 0.855536 0.499523
vn -0.793797 -0.055274 -0.605666
vn 0.355686 0.666974 -0.654701
vn -0.351203 -0.904942 -0.240285
vn 0.643155 -0.516828 -0.565014
vn -0.2845 -0.597 -0.7501
vn -0.77584 0.05209 0.628776
vn -0.16632 -0.23501 -0.957658
vn 0.299343 0.898036 0.322375
vn 0.450537 0.303179 0.839702
vn 0.347654 -0.362698 -0.864631
vn -0.190045 -0.557388 0.808209
vn 0.258531 0.910878 0.321656
vn 0.515901 0.648239 0.560029
vn 0.538667 -0.225545 -0.811768
vn -0.07769 -0.533406 0.842284
vn 0.319434 0.921017 0.222911
vn 0.713356 0.495178 0.495905
vn 0.471686 -0.312551 -0.824515
vn 0.176907 -0.489446 0.853901
vn -0.417417 0.440588 0.794762
vn -0.441765 -0.166978 0.881455
vn 0.959131 0.228891 -0.166362
vn -0.393681 -0.917309 0.059658
vn -0.89807 -0.299316 0.322306
vn 0.362668 -0.347689 -0.86463
vn -0.303236 -0.45048 0.839712
vn 0.557403 0.189984 0.808213
vn -0.910852 -0.258544 0.321721
vn 0.225573 -0.538706 -0.811734
vn -0.648265 -0.515887 0.560013
vn 0.533391 0.077675 0.842295
vn -0.921015 -0.319437 0.222918
vn 0.312543 -0.471745 -0.824484
vn -0.49512 -0.713395 0.495907
vn 0.489422 -0.176924 0.853911
vn -0.440574 0.417409 0.794773
vn -0.228845 -0.959143 -0.166358
vn 0.16707 0.441806 0.881417
vn 0.917276 0.39376 0.059655
vn 0.723061 0.306427 0.619101
vn -0.249481 0.524541 -0.814012
vn -0.287686 0.205916 0.935326
vn -0.681351 -0.556846 0.475062
vn 0.763196 0.497672 0.412134
vn -0.256093 0.47672 -0.840925
vn 0.447576 0.750477 0.486271
vn -0.595976 -0.300032 0.744845
vn 0.785427 0.545762 0.291974
vn -0.264327 0.311997 -0.912573
vn 0.290424 0.888359 0.355629
vn -0.651965 0.086152 0.753339
vn 0.449424 -0.261205 0.854278
vn 0.161721 0.983108 -0.085704
vn 0.196309 0.000604 0.980542
vn -0.874057 -0.484962 -0.028938
vn -0.306391 -0.723039 0.619144
vn -0.205941 0.287746 0.935303
vn -0.524497 0.249443 -0.814053
vn 0.556825 0.681381 0.475043
vn -0.497627 -0.763181 0.412216
vn -0.750493 -0.447563 0.48626
vn -0.476672 0.256142 -0.840937
vn 0.300073 0.595986 0.74482
vn -0.545759 -0.785425 0.291982
vn -0.888378 -0.290377 0.355619
vn -0.311981 0.264294 -0.912588
vn -0.086106 0.651983 0.753329
vn 0.261219 -0.449422 0.854275
vn -0.000562 -0.1963 0.980544
vn -0.983105 -0.161754 -0.085673
vn 0.484989 0.874044 -0.028857
vn 0.777716 -0.109467 0.619011
vn -0.105195 0.815181 -0.569574
vn -0.224602 -0.062938 0.972416
vn -0.802291 -0.502152 0.322758
vn 0.865981 0.125052 0.484188
vn -0.124003 0.78259 -0.610063
vn 0.626508 0.406076 0.665274
vn -0.653294 -0.382184 0.653561
vn 0.899934 0.20444 0.385127
vn -0.174602 0.659601 -0.731055
vn 0.510402 0.614079 0.601994
vn -0.607511 -0.020914 0.794036
vn 0.366502 -0.638591 0.676667
vn 0.410688 0.882298 0.229967
vn 0.189793 -0.382571 0.904222
vn -0.969782 -0.21776 -0.110021
vn -0.483108 -0.793532 0.370019
vn -0.124499 -0.008661 0.992182
vn -0.442083 0.632452 -0.636056
vn 0.714204 0.320531 0.622232
vn -0.678183 -0.712697 0.179253
vn -0.840778 -0.389994 0.375496
vn -0.394209 0.636011 -0.663392
vn 0.444074 0.213199 0.870255
vn -0.730424 -0.680058 0.063258
vn -0.933266 -0.169102 0.316891
vn -0.232895 0.627928 -0.742608
vn 0.085594 0.355066 0.930915
vn 0.136 -0.763672 0.631117
vn -0.051403 -0.51339 0.856615
vn -0.991459 0.121673 -0.04695
vn 0.694687 0.68528 0.218636
vn 0.521493 0.632106 0.573138
vn 0.513626 -0.121549 0.849361
vn 0.241995 -0.117945 -0.963082
vn -0.327802 -0.736115 0.592183
vn 0.485508 0.653875 0.580285
vn 0.666088 0.271368 0.694756
vn 0.461988 -0.058075 -0.884983
vn -0.213096 -0.753311 0.622184
vn 0.546981 0.682022 0.485447
vn 0.817206 0.10632 0.566455
vn 0.374697 -0.116379 -0.919814
vn 0.044199 -0.779329 0.625054
vn -0.289205 0.229611 0.929322
vn -0.469915 -0.34562 0.812236
vn 0.98569 0.031312 -0.165632
vn -0.61769 -0.757263 -0.21216
vn -0.944918 -0.16348 0.283555
vn 0.2603 -0.108041 -0.959464
vn -0.409487 -0.622399 0.667038
vn 0.587601 -0.239533 0.772883
vn -0.946747 -0.123147 0.297499
vn 0.078401 -0.266208 -0.960722
vn -0.759708 -0.502083 0.413226
vn 0.535279 -0.347318 0.769965
vn -0.972312 -0.142179 0.18546
vn 0.179809 -0.222145 -0.958291
vn -0.662889 -0.696716 0.274162
vn 0.426993 -0.571692 0.700603
vn -0.317494 0.214209 0.923749
vn -0.469316 -0.75804 -0.452899
vn 0.275714 0.058902 0.959433
vn 0.987936 0.113911 0.104913
vn 0.535307 -0.574616 0.619083
vn 0.407512 0.413802 -0.814065
vn 0.095101 0.340847 0.935296
vn -0.756304 0.449763 0.475098
vn 0.72869 -0.546912 0.412186
vn 0.360383 0.403695 -0.840925
vn 0.858311 -0.16384 0.486271
vn -0.48579 0.457391 0.74485
vn 0.781446 -0.551433 0.291999
vn 0.202796 0.355089 -0.912571
vn 0.934117 0.030913 0.355625
vn -0.142098 0.642087 0.753348
vn -0.091797 -0.511721 0.854234
vn 0.979129 0.184273 -0.085732
vn 0.067701 -0.184261 0.980543
vn -0.754655 0.655484 -0.028922
vn -0.784229 0.040647 0.619139
vn 0.199894 0.291956 0.93531
vn 0.055003 0.578208 -0.814034
vn 0.830703 -0.290248 0.475068
vn -0.887348 0.206636 0.412207
vn -0.67722 0.552172 0.486292
vn 0.0776 0.535505 -0.840959
vn 0.662615 -0.078148 0.744872
vn -0.92474 0.24417 0.291954
vn -0.576729 0.735445 0.355675
vn 0.141694 0.383558 -0.912582
vn 0.583213 0.303887 0.753336
vn -0.33299 -0.399197 0.85426
vn -0.184692 -0.06656 0.98054
vn -0.488211 0.868504 -0.085742
vn 0.987213 -0.156775 -0.02886
vn 0.946254 0.025939 0.322384
vn 0.43901 -0.319626 0.839708
vn -0.221897 -0.45077 -0.86462
vn -0.588725 -0.012093 0.808243
vn 0.944357 0.068569 0.321695
vn 0.785619 -0.26301 0.560025
vn -0.027699 -0.58337 -0.811734
vn -0.527806 -0.109428 0.842287
vn 0.974721 0.014807 0.222933
vn 0.709274 -0.501009 0.495904
vn -0.132402 -0.550161 -0.824496
vn -0.399387 -0.333674 0.853904
vn 0.271203 0.542897 0.794803
vn -0.307982 0.358028 0.881455
vn 0.543117 -0.823008 -0.166378
vn -0.996629 0.056268 0.059699
vn -0.588403 0.741551 0.322311
vn -0.202701 -0.459682 -0.864642
vn -0.527099 0.130834 0.839672
vn 0.369203 -0.458813 0.808196
vn -0.5545 0.767488 0.321703
vn -0.429104 -0.396219 -0.811715
vn -0.706477 0.432794 0.559982
vn 0.255387 -0.474666 0.8423
vn -0.615213 0.75619 0.222913
vn -0.33641 -0.455031 -0.824485
vn -0.839717 0.221303 0.495883
vn 0.0011 -0.52044 0.853898
vn 0.241595 0.556755 0.794768
vn -0.979564 -0.112975 -0.166406
vn 0.472297 -0.005829 0.88142
vn 0.683694 -0.727324 0.059685
vn 0.427361 -0.658829 0.619118
vn 0.473197 0.336781 -0.814041
vn 0.152859 0.319144 0.935298
vn -0.666667 0.574361 0.475041
vn 0.622617 -0.665153 0.412213
vn 0.424972 0.334982 -0.840944
vn 0.8168 -0.310434 0.486281
vn -0.399002 0.534831 0.744817
vn 0.673868 -0.67871 0.291985
vn 0.261371 0.314441 -0.912585
vn 0.925306 -0.131694 0.35562
vn -0.028436 0.657014 0.753342
vn -0.179243 -0.488035 0.854221
vn 0.996254 0.011453 -0.085716
vn 0.034691 -0.19325 0.980536
vn -0.629355 0.77658 -0.028896
vn -0.765297 0.176263 0.619074
vn 0.247559 0.252793 0.935313
vn 0.154588 0.559886 -0.814021
vn 0.767684 -0.430035 0.475112
vn -0.838022 0.357571 0.412144
vn -0.571043 0.661358 0.486328
vn 0.169451 0.513904 -0.840946
vn 0.638997 -0.192003 0.744861
vn -0.868256 0.401051 0.292043
vn -0.440292 0.824407 0.355663
vn 0.206148 0.353089 -0.912596
vn 0.627146 0.197983 0.753319
vn -0.397248 -0.335285 0.854271
vn -0.193476 -0.033543 0.980532
vn -0.329987 0.940085 -0.085731
vn 0.944978 -0.325853 -0.02893
vn 0.936375 -0.138777 0.322402
vn 0.37685 -0.390966 0.83972
vn -0.296806 -0.405336 -0.864644
vn -0.581913 0.09032 0.80822
vn 0.941931 -0.096453 0.321658
vn 0.727993 -0.395433 0.560053
vn -0.128569 -0.569666 -0.811758
vn -0.538779 -0.016136 0.842293
vn 0.962487 -0.154666 0.22293
vn 0.611506 -0.616515 0.495953
vn -0.225945 -0.518812 -0.82449
vn -0.451247 -0.259244 0.853914
vn 0.361411 0.487593 0.794755
vn -0.241194 0.406054 0.881445
vn 0.39189 -0.904841 -0.166388
vn -0.971728 0.228448 0.059644
vn -0.45074 0.832415 0.322364
vn -0.279434 -0.417504 -0.864643
vn -0.496321 0.220432 0.839688
vn 0.283918 -0.515894 0.808235
vn -0.412819 0.852103 0.321716
vn -0.491353 -0.315692 -0.811733
vn -0.620619 0.548832 0.560014
vn 0.169064 -0.511765 0.842327
vn -0.474547 0.851531 0.222935
vn -0.410204 -0.389728 -0.824527
vn -0.788518 0.36372 0.49593
vn -0.089227 -0.512744 0.853892
vn 0.334538 0.506394 0.794764
vn -0.984307 0.058802 -0.166382
vn 0.46404 -0.087758 0.881457
vn 0.547 -0.835003 0.059682
vt 0.5635 0.0381
vt 0.8173 0.378
vt 0.6125 0.3533
vt 0.773 0.0381
vt 0.4659 0.0023
vt 0.5228 0.3533
vt 0.4576 0.7144
vt 0.3828 0.6683
vt 0.4161 0.8698
vt 0.2542 0.7869
vt 0.6702 0.7873
vt 0.2222 0.7116
vt 0.1147 0.8133
vt 0.1257 0.838
vt 0.1609 0.8488
vt 0.1317 0.8631
vt 0.0219 0.8309
vt 0.0809 0.8487
vt 0.1226 0.7225
vt 0.0416 0.7806
vt 0.0416 0.757
vt 0.1466 0.7819
vt 0.0032 0.7826
vt 0.7264 0.615
vt 0.1085 0.8512
vt 0.4145 0.9209
vt 0.2657 0.8993
vt 0.4348 0.203
vt 0.1908 0.221
vt 0.4348 0.2722
vt 0.0287 0.2722
vt 0.2467 0.2001
vt 0.0631 0.2279
vt -0.004 0.2722
vt 0.0005 0.871
vt 0.1957 0.8813
vt 0.2261 0.9006
vt 0.2771 0.9261
vt 0.158 0.8903
vt 0.1844 0.9036
vt 0.2053 0.9154
vt 0.2196 0.93
vt 0.1402 0.9454
vt 0.929 0.0005
vt 0.8948 0.0594
vt 0.8311 0.107
vt 0.8537 0.2812
vt 0.895 0.3499
vt 0.8908 0.275
vt 0.7924 0.7882
vt 0.7007 0.862
vt 0.5556 0.8905
vt 0.4802 0.8774
vt 0.4408 0.9304
vt 0.9284 0.5644
vt 0.8613 0.6079
vt 0.8648 0.4242
vt 0.9137 0.4065
vt 0.9152 0.1275
vt 0.9041 0.1358
vt 0.9115 0.1784
vt 0.9199 0.177
vt 0.5186 0.9563
vt 0.5087 0.9461
vt 0.4752 0.9399
vt 0.4754 0.9515
vt 0.9406 0.5244
vt 0.9557 0.5146
vt 0.9414 0.4831
vt 0.9524 0.4791
vt 0.964 0.1329
vt 0.4421 0.9995
vt 0.9995 0.4993
vt 0.5635 0.0381
vt 0.6125 0.3533
vt 0.8173 0.378
vt 0.773 0.0381
vt 0.4576 0.7144
vt 0.2542 0.7869
vt 0.4161 0.8698
vt 0.6702 0.7873
vt 0.1147 0.8133
vt 0.1257 0.838
vt 0.1317 0.8631
vt 0.1609 0.8488
vt 0.0809 0.8487
vt 0.0416 0.7806
vt 0.1466 0.7819
vt 0.7264 0.615
vt 0.1085 0.8512
vt 0.2657 0.8993
vt 0.4348 0.3413
vt 0.1908 0.3233
vt 0.2467 0.3442
vt 0.0631 0.3164
vt 0.1957 0.8813
vt 0.2261 0.9006
vt 0.1844 0.9036
vt 0.2053 0.9154
vt 0.8948 0.0594
vt 0.8311 0.107
vt 0.8537 0.2812
vt 0.8908 0.275
vt 0.7007 0.862
vt 0.5556 0.8905
vt 0.4802 0.8774
vt 0.4408 0.9304
vt 0.9284 0.5644
vt 0.8613 0.6079
vt 0.8648 0.4242
vt 0.9137 0.4065
vt 0.9152 0.1275
vt 0.9041 0.1358
vt 0.9115 0.1784
vt 0.9199 0.177
vt 0.5186 0.9563
vt 0.5087 0.9461
vt 0.4752 0.9399
vt 0.4754 0.9515
vt 0.9406 0.5244
vt 0.9557 0.5146
vt 0.9414 0.4831
vt 0.9524 0.4791
vt 0.964 0.1329
vt 0.4421 0.9995
vt 0.9995 0.4993
vt 0.5635 0.0381
vt 0.8173 0.378
vt 0.6125 0.3533
vt 0.773 0.0381
vt 0.4659 0.0023
vt 0.5228 0.3533
vt 0.4576 0.7144
vt 0.3828 0.6683
vt 0.4161 0.8698
vt 0.2542 0.7869
vt 0.6702 0.7873
vt 0.2222 0.7116
vt 0.1147 0.8133
vt 0.1257 0.838
vt 0.1609 0.8488
vt 0.1317 0.8631
vt 0.0219 0.8309
vt 0.0809 0.8487
vt 0.1226 0.7225
vt 0.0416 0.7806
vt 0.0416 0.757
vt 0.1466 0.7819
vt 0.0032 0.7826
vt 0.7264 0.615
vt 0.1085 0.8512
vt 0.4145 0.9209
vt 0.2657 0.8993
vt 0.4348 0.203
vt 0.1908 0.221
vt 0.4348 0.2722
vt 0.0287 0.2722
vt 0.2467 0.2001
vt 0.0631 0.2279
vt -0.004 0.2722
vt 0.0005 0.871
vt 0.1957 0.8813
vt 0.2261 0.9006
vt 0.2771 0.9261
vt 0.158 0.8903
vt 0.1844 0.9036
vt 0.2053 0.9154
vt 0.2196 0.93
vt 0.1402 0.9454
vt 0.929 0.0005
vt 0.8948 0.0594
vt 0.8311 0.107
vt 0.8537 0.2812
vt 0.895 0.3499
vt 0.8908 0.275
vt 0.7924 0.7882
vt 0.7007 0.862
vt 0.5556 0.8905
vt 0.4802 0.8774
vt 0.4408 0.9304
vt 0.9284 0.5644
vt 0.8613 0.6079
vt 0.8648 0.4242
vt 0.9137 0.4065
vt 0.9152 0.1275
vt 0.9041 0.1358
vt 0.9115 0.1784
vt 0.9199 0.177
vt 0.5186 0.9563
vt 0.5087 0.9461
vt 0.4752 0.9399
vt 0.4754 0.9515
vt 0.9406 0.5244
vt 0.9557 0.5146
vt 0.9414 0.4831
vt 0.9524 0.4791
vt 0.964 0.1329
vt 0.4421 0.9995
vt 0.9995 0.4993
vt 0.5635 0.0381
vt 0.6125 0.3533
vt 0.8173 0.378
vt 0.773 0.0381
vt 0.4576 0.7144
vt 0.2542 0.7869
vt 0.4161 0.8698
vt 0.6702 0.7873
vt 0.1147 0.8133
vt 0.1257 0.838
vt 0.1317 0.8631
vt 0.1609 0.8488
vt 0.0809 0.8487
vt 0.0416 0.7806
vt 0.1466 0.7819
vt 0.7264 0.615
vt 0.1085 0.8512
vt 0.2657 0.8993
vt 0.4348 0.3413
vt 0.1908 0.3233
vt 0.2467 0.3442
vt 0.0631 0.3164
vt 0.1957 0.8813
vt 0.2261 0.9006
vt 0.1844 0.9036
vt 0.2053 0.9154
vt 0.8948 0.0594
vt 0.8311 0.107
vt 0.8537 0.2812
vt 0.8908 0.275
vt 0.7007 0.862
vt 0.5556 0.8905
vt 0.4802 0.8774
vt 0.4408 0.9304
vt 0.9284 0.5644
vt 0.8613 0.6079
vt 0.8648 0.4242
vt 0.9137 0.4065
vt 0.9152 0.1275
vt 0.9041 0.1358
vt 0.9115 0.1784
vt 0.9199 0.177
vt 0.5186 0.9563
vt 0.5087 0.9461
vt 0.4752 0.9399
vt 0.4754 0.9515
vt 0.9406 0.5244
vt 0.9557 0.5146
vt 0.9414 0.4831
vt 0.9524 0.4791
vt 0.964 0.1329
vt 0.4421 0.9995
vt 0.9995 0.4993
vt 0.5635 0.0381
vt 0.8173 0.378
vt 0.6125 0.3533
vt 0.773 0.0381
vt 0.4659 0.0023
vt 0.5228 0.3533
vt 0.4576 0.7144
vt 0.3828 0.6683
vt 0.4161 0.8698
vt 0.2542 0.7869
vt 0.6702 0.7873
vt 0.2222 0.7116
vt 0.1147 0.8133
vt 0.1257 0.838
vt 0.1609 0.8488
vt 0.1317 0.8631
vt 0.0219 0.8309
vt 0.0809 0.8487
vt 0.1226 0.7225
vt 0.0416 0.7806
vt 0.0416 0.757
vt 0.1466 0.7819
vt 0.0032 0.7826
vt 0.7264 0.615
vt 0.1085 0.8512
vt 0.4145 0.9209
vt 0.2657 0.8993
vt 0.4348 0.203
vt 0.1908 0.221
vt 0.4348 0.2722
vt 0.0287 0.2722
vt 0.2467 0.2001
vt 0.0631 0.2279
vt -0.004 0.2722
vt 0.0005 0.871
vt 0.1957 0.8813
vt 0.2261 0.9006
vt 0.2771 0.9261
vt 0.158 0.8903
vt 0.1844 0.9036
vt 0.2053 0.9154
vt 0.2196 0.93
vt 0.1402 0.9454
vt 0.929 0.0005
vt 0.8948 0.0594
vt 0.8311 0.107
vt 0.8537 0.2812
vt 0.895 0.3499
vt 0.8908 0.275
vt 0.7924 0.7882
vt 0.7007 0.862
vt 0.5556 0.8905
vt 0.4802 0.8774
vt 0.4408 0.9304
vt 0.9284 0.5644
vt 0.8613 0.6079
vt 0.8648 0.4242
vt 0.9137 0.4065
vt 0.9152 0.1275
vt 0.9041 0.1358
vt 0.9115 0.1784
vt 0.9199 0.177
vt 0.5186 0.9563
vt 0.5087 0.9461
vt 0.4752 0.9399
vt 0.4754 0.9515
vt 0.9406 0.5244
vt 0.9557 0.5146
vt 0.9414 0.4831
vt 0.9524 0.4791
vt 0.964 0.1329
vt 0.4421 0.9995
vt 0.9995 0.4993
vt 0.5635 0.0381
vt 0.6125 0.3533
vt 0.8173 0.378
vt 0.773 0.0381
vt 0.4576 0.7144
vt 0.2542 0.7869
vt 0.4161 0.8698
vt 0.6702 0.7873
vt 0.1147 0.8133
vt 0.1257 0.838
vt 0.1317 0.8631
vt 0.1609 0.8488
vt 0.0809 0.8487
vt 0.0416 0.7806
vt 0.1466 0.7819
vt 0.7264 0.615
vt 0.1085 0.8512
vt 0.2657 0.8993
vt 0.4348 0.3413
vt 0.1908 0.3233
vt 0.2467 0.3442
vt 0.0631 0.3164
vt 0.1957 0.8813
vt 0.2261 0.9006
vt 0.1844 0.9036
vt 0.2053 0.9154
vt 0.8948 0.0594
vt 0.8311 0.107
vt 0.8537 0.2812
vt 0.8908 0.275
vt 0.7007 0.862
vt 0.5556 0.8905
vt 0.4802 0.8774
vt 0.4408 0.9304
vt 0.9284 0.5644
vt 0.8613 0.6079
vt 0.8648 0.4242
vt 0.9137 0.4065
vt 0.9152 0.1275
vt 0.9041 0.1358
vt 0.9115 0.1784
vt 0.9199 0.177
vt 0.5186 0.9563
vt 0.5087 0.9461
vt 0.4752 0.9399
vt 0.4754 0.9515
vt 0.9406 0.5244
vt 0.9557 0.5146
vt 0.9414 0.4831
vt 0.9524 0.4791
vt 0.964 0.1329
vt 0.4421 0.9995
vt 0.9995 0.4993
vt 0.5635 0.0381
vt 0.8173 0.378
vt 0.6125 0.3533
vt 0.773 0.0381
vt 0.4659 0.0023
vt 0.5228 0.3533
vt 0.4576 0.7144
vt 0.3828 0.6683
vt 0.4161 0.8698
vt 0.2542 0.7869
vt 0.6702 0.7873
vt 0.2222 0.7116
vt 0.1147 0.8133
vt 0.1257 0.838
vt 0.1609 0.8488
vt 0.1317 0.8631
vt 0.0219 0.8309
vt 0.0809 0.8487
vt 0.1226 0.7225
vt 0.0416 0.7806
vt 0.0416 0.757
vt 0.1466 0.7819
vt 0.0032 0.7826
vt 0.7264 0.615
vt 0.1085 0.8512
vt 0.4145 0.9209
vt 0.2657 0.8993
vt 0.4348 0.203
vt 0.1908 0.221
vt 0.4348 0.2722
vt 0.0287 0.2722
vt 0.2467 0.2001
vt 0.0631 0.2279
vt -0.004 0.2722
vt 0.0005 0.871
vt 0.1957 0.8813
vt 0.2261 0.9006
vt 0.2771 0.9261
vt 0.158 0.8903
vt 0.1844 0.9036
vt 0.2053 0.9154
vt 0.2196 0.93
vt 0.1402 0.9454
vt 0.929 0.0005
vt 0.8948 0.0594
vt 0.8311 0.107
vt 0.8537 0.2812
vt 0.895 0.3499
vt 0.8908 0.275
vt 0.7924 0.7882
vt 0.7007 0.862
vt 0.5556 0.8905
vt 0.4802 0.8774
vt 0.4408 0.9304
vt 0.9284 0.5644
vt 0.8613 0.6079
vt 0.8648 0.4242
vt 0.9137 0.4065
vt 0.9152 0.1275
vt 0.9041 0.1358
vt 0.9115 0.1784
vt 0.9199 0.177
vt 0.5186 0.9563
vt 0.5087 0.9461
vt 0.4752 0.9399
vt 0.4754 0.9515
vt 0.9406 0.5244
vt 0.9557 0.5146
vt 0.9414 0.4831
vt 0.9524 0.4791
vt 0.964 0.1329
vt 0.4421 0.9995
vt 0.9995 0.4993
vt 0.5635 0.0381
vt 0.6125 0.3533
vt 0.8173 0.378
vt 0.773 0.0381
vt 0.4576 0.7144
vt 0.2542 0.7869
vt 0.4161 0.8698
vt 0.6702 0.7873
vt 0.1147 0.8133
vt 0.1257 0.838
vt 0.1317 0.8631
vt 0.1609 0.8488
vt 0.0809 0.8487
vt 0.0416 0.7806
vt 0.1466 0.7819
vt 0.7264 0.615
vt 0.1085 0.8512
vt 0.2657 0.8993
vt 0.4348 0.3413
vt 0.1908 0.3233
vt 0.2467 0.3442
vt 0.0631 0.3164
vt 0.1957 0.8813
vt 0.2261 0.9006
vt 0.1844 0.9036
vt 0.2053 0.9154
vt 0.8948 0.0594
vt 0.8311 0.107
vt 0.8537 0.2812
vt 0.8908 0.275
vt 0.7007 0.862
vt 0.5556 0.8905
vt 0.4802 0.8774
vt 0.4408 0.9304
vt 0.9284 0.5644
vt 0.8613 0.6079
vt 0.8648 0.4242
vt 0.9137 0.4065
vt 0.9152 0.1275
vt 0.9041 0.1358
vt 0.9115 0.1784
vt 0.9199 0.177
vt 0.5186 0.9563
vt 0.5087 0.9461
vt 0.4752 0.9399
vt 0.4754 0.9515
vt 0.9406 0.5244
vt 0.9557 0.5146
vt 0.9414 0.4831
vt 0.9524 0.4791
vt 0.964 0.1329
vt 0.4421 0.9995
vt 0.9995 0.4993
vt 0.0435 0.5845
vt 0.0545 0.4474
vt 0.0969 0.5756
vt 0.012 0.5893
vt 0.0462 0.5796
vt 0.0511 0.4448
vt 0.0897 0.5715
vt 0.021 0.5873
vt 0.0439 0.5801
vt 0.053 0.4396
vt 0.0917 0.5767
vt 0.0198 0.5854
vt 0.012 0.5854
vt 0.0517 0.4658
vt 0.0842 0.5761
vt 0.051 0.5831
vt 0.0435 0.5845
vt 0.0969 0.5756
vt 0.0545 0.4474
vt 0.012 0.5893
vt 0.0462 0.5796
vt 0.0897 0.5715
vt 0.0511 0.4448
vt 0.021 0.5873
vt 0.0439 0.5801
vt 0.0917 0.5767
vt 0.053 0.4396
vt 0.0198 0.5854
vt 0.012 0.5854
vt 0.0842 0.5761
vt 0.0517 0.4658
vt 0.051 0.5831
vt 0.0189 0.5911
vt 0.0671 0.5884
vt 0.0578 0.4488
vt 0.0472 0.588
vt 0.0519 0.5877
vt 0.1034 0.5708
vt 0.0628 0.4373
vt 0.0104 0.5943
vt 0.0454 0.5786
vt 0.1011 0.5713
vt 0.0652 0.4389
vt 0.0057 0.5879
vt 0.0226 0.5989
vt 0.0977 0.5843
vt 0.0637 0.43
vt 0.0481 0.5863
vt 0.0189 0.5911
vt 0.0578 0.4488
vt 0.0671 0.5884
vt 0.0472 0.588
vt 0.0519 0.5877
vt 0.0628 0.4373
vt 0.1034 0.5708
vt 0.0104 0.5943
vt 0.0454 0.5786
vt 0.0652 0.4389
vt 0.1011 0.5713
vt 0.0057 0.5879
vt 0.0226 0.5989
vt 0.0637 0.43
vt 0.0977 0.5843
vt 0.0481 0.5863
vt 0.0189 0.5911
vt 0.0671 0.5884
vt 0.0578 0.4488
vt 0.0472 0.588
vt 0.0519 0.5877
vt 0.1034 0.5708
vt 0.0628 0.4373
vt 0.0104 0.5943
vt 0.0454 0.5786
vt 0.1011 0.5713
vt 0.0652 0.4389
vt 0.0057 0.5879
vt 0.0226 0.5989
vt 0.0977 0.5843
vt 0.0637 0.43
vt 0.0481 0.5863
vt 0.0189 0.5911
vt 0.0578 0.4488
vt 0.0671 0.5884
vt 0.0472 0.588
vt 0.0519 0.5877
vt 0.0628 0.4373
vt 0.1034 0.5708
vt 0.0104 0.5943
vt 0.0454 0.5786
vt 0.0652 0.4389
vt 0.1011 0.5713
vt 0.0057 0.5879
vt 0.0226 0.5989
vt 0.0637 0.43
vt 0.0977 0.5843
vt 0.0481 0.5863
vt 0.0435 0.5845
vt 0.0545 0.4474
vt 0.0969 0.5756
vt 0.012 0.5893
vt 0.0462 0.5796
vt 0.0511 0.4448
vt 0.0897 0.5715
vt 0.021 0.5873
vt 0.0439 0.5801
vt 0.053 0.4396
vt 0.0917 0.5767
vt 0.0198 0.5854
vt 0.012 0.5854
vt 0.0517 0.4658
vt 0.0842 0.5761
vt 0.051 0.5831
vt 0.0435 0.5845
vt 0.0969 0.5756
vt 0.0545 0.4474
vt 0.012 0.5893
vt 0.0462 0.5796
vt 0.0897 0.5715
vt 0.0511 0.4448
vt 0.021 0.5873
vt 0.0439 0.5801
vt 0.0917 0.5767
vt 0.053 0.4396
vt 0.0198 0.5854
vt 0.012 0.5854
vt 0.0842 0.5761
vt 0.0517 0.4658
vt 0.051 0.5831
vt 0.0189 0.5911
vt 0.0671 0.5884
vt 0.0578 0.4488
vt 0.0472 0.588
vt 0.0519 0.5877
vt 0.1034 0.5708
vt 0.0628 0.4373
vt 0.0104 0.5943
vt 0.0454 0.5786
vt 0.1011 0.5713
vt 0.0652 0.4389
vt 0.0057 0.5879
vt 0.0226 0.5989
vt 0.0977 0.5843
vt 0.0637 0.43
vt 0.0481 0.5863
vt 0.0189 0.5911
vt 0.0578 0.4488
vt 0.0671 0.5884
vt 0.0472 0.588
vt 0.0519 0.5877
vt 0.0628 0.4373
vt 0.1034 0.5708
vt 0.0104 0.5943
vt 0.0454 0.5786
vt 0.0652 0.4389
vt 0.1011 0.5713
vt 0.0057 0.5879
vt 0.0226 0.5989
vt 0.0637 0.43
vt 0.0977 0.5843
vt 0.0481 0.5863
vt 0.0435 0.5845
vt 0.0545 0.4474
vt 0.0969 0.5756
vt 0.012 0.5893
vt 0.0462 0.5796
vt 0.0511 0.4448
vt 0.0897 0.5715
vt 0.021 0.5873
vt 0.0439 0.5801
vt 0.053 0.4396
vt 0.0917 0.5767
vt 0.0198 0.5854
vt 0.012 0.5854
vt 0.0517 0.4658
vt 0.0842 0.5761
vt 0.051 0.5831
vt 0.0435 0.5845
vt 0.0969 0.5756
vt 0.0545 0.4474
vt 0.012 0.5893
vt 0.0462 0.5796
vt 0.0897 0.5715
vt 0.0511 0.4448
vt 0.021 0.5873
vt 0.0439 0.5801
vt 0.0917 0.5767
vt 0.053 0.4396
vt 0.0198 0.5854
vt 0.012 0.5854
vt 0.0842 0.5761
vt 0.0517 0.4658
vt 0.051 0.5831
vt 0.0189 0.5911
vt 0.0671 0.5884
vt 0.0578 0.4488
vt 0.0472 0.588
vt 0.0519 0.5877
vt 0.1034 0.5708
vt 0.0628 0.4373
vt 0.0104 0.5943
vt 0.0454 0.5786
vt 0.1011 0.5713
vt 0.0652 0.4389
vt 0.0057 0.5879
vt 0.0226 0.5989
vt 0.0977 0.5843
vt 0.0637 0.43
vt 0.0481 0.5863
vt 0.0189 0.5911
vt 0.0578 0.4488
vt 0.0671 0.5884
vt 0.0472 0.588
vt 0.0519 0.5877
vt 0.0628 0.4373
vt 0.1034 0.5708
vt 0.0104 0.5943
vt 0.0454 0.5786
vt 0.0652 0.4389
vt 0.1011 0.5713
vt 0.0057 0.5879
vt 0.0226 0.5989
vt 0.0637 0.43
vt 0.0977 0.5843
vt 0.0481 0.5863
vt 0.0435 0.5845
vt 0.0545 0.4474
vt 0.0969 0.5756
vt 0.012 0.5893
vt 0.0462 0.5796
vt 0.0511 0.4448
vt 0.0897 0.5715
vt 0.021 0.5873
vt 0.0439 0.5801
vt 0.053 0.4396
vt 0.0917 0.5767
vt 0.0198 0.5854
vt 0.012 0.5854
vt 0.0517 0.4658
vt 0.0842 0.5761
vt 0.051 0.5831
vt 0.0435 0.5845
vt 0.0969 0.5756
vt 0.0545 0.4474
vt 0.012 0.5893
vt 0.0462 0.5796
vt 0.0897 0.5715
vt 0.0511 0.4448
vt 0.021 0.5873
vt 0.0439 0.5801
vt 0.0917 0.5767
vt 0.053 0.4396
vt 0.0198 0.5854
vt 0.012 0.5854
vt 0.0842 0.5761
vt 0.0517 0.4658
vt 0.051 0.5831
f 747/747/747 749/749/749 748/748/748
f 747/747/747 748/748/748 750/750/750
f 751/751/751 752/752/752 749/749/749
f 751/751/751 749/749/749 747/747/747
f 752/752/752 754/754/754 753/753/753
f 752/752/752 753/753/753 749/749/749
f 753/753/753 756/756/756 755/755/755
f 753/753/753 755/755/755 757/757/757
f 754/754/754 758/758/758 756/756/756
f 754/754/754 756/756/756 753/753/753
f 756/756/756 759/759/759 755/755/755
f 760/760/760 762/762/762 761/761/761
f 763/763/763 764/764/764 759/759/759
f 765/765/765 767/767/767 766/766/766
f 765/765/765 766/766/766 768/768/768
f 769/769/769 766/766/766 767/767/767
f 756/756/756 758/758/758 768/768/768
f 758/758/758 765/765/765 768/768/768
f 757/757/757 770/770/770 753/753/753
f 770/770/770 757/757/757 748/748/748
f 770/770/770 749/749/749 753/753/753
f 749/749/749 770/770/770 748/748/748
f 760/760/760 771/771/771 762/762/762
f 755/755/755 773/773/773 772/772/772
f 759/759/759 761/761/761 755/755/755
f 761/761/761 759/759/759 760/760/760
f 764/764/764 760/760/760 759/759/759
f 760/760/760 764/764/764 771/771/771
f 755/755/755 762/762/762 773/773/773
f 762/762/762 755/755/755 761/761/761
f 773/773/773 771/771/771 764/764/764
f 771/771/771 773/773/773 762/762/762
f 774/774/774 776/776/776 775/775/775
f 776/776/776 777/777/777 775/775/775
f 774/774/774 778/778/778 776/776/776
f 778/778/778 779/779/779 776/776/776
f 776/776/776 779/779/779 780/780/780
f 781/781/781 782/782/782 764/764/764
f 764/764/764 763/763/763 781/781/781
f 764/764/764 783/783/783 773/773/773
f 783/783/783 764/764/764 782/782/782
f 773/773/773 784/784/784 772/772/772
f 784/784/784 773/773/773 783/783/783
f 785/785/785 786/786/786 782/782/782
f 782/782/782 781/781/781 785/785/785
f 782/782/782 787/787/787 783/783/783
f 787/787/787 782/782/782 786/786/786
f 787/787/787 788/788/788 784/784/784
f 784/784/784 783/783/783 787/787/787
f 785/785/785 789/789/789 786/786/786
f 786/786/786 789/789/789 787/787/787
f 787/787/787 789/789/789 788/788/788
f 750/750/750 791/791/791 790/790/790
f 791/791/791 750/750/750 792/792/792
f 748/748/748 792/792/792 750/750/750
f 792/792/792 748/748/748 793/793/793
f 794/794/794 793/793/793 748/748/748
f 793/793/793 794/794/794 795/795/795
f 790/790/790 795/795/795 794/794/794
f 795/795/795 790/790/790 791/791/791
f 757/757/757 797/797/797 796/796/796
f 797/797/797 757/757/757 798/798/798
f 755/755/755 798/798/798 757/757/757
f 798/798/798 755/755/755 799/799/799
f 772/772/772 799/799/799 755/755/755
f 799/799/799 772/772/772 800/800/800
f 796/796/796 800/800/800 772/772/772
f 800/800/800 796/796/796 797/797/797
f 801/801/801 802/802/802 757/757/757
f 757/757/757 796/796/796 801/801/801
f 757/757/757 803/803/803 748/748/748
f 803/803/803 757/757/757 802/802/802
f 748/748/748 804/804/804 794/794/794
f 804/804/804 748/748/748 803/803/803
f 794/794/794 801/801/801 796/796/796
f 801/801/801 794/794/794 804/804/804
f 792/792/792 805/805/805 791/791/791
f 805/805/805 792/792/792 806/806/806
f 793/793/793 806/806/806 792/792/792
f 806/806/806 793/793/793 807/807/807
f 795/795/795 807/807/807 793/793/793
f 807/807/807 795/795/795 808/808/808
f 791/791/791 808/808/808 795/795/795
f 808/808/808 791/791/791 805/805/805
f 798/798/798 809/809/809 797/797/797
f 809/809/809 798/798/798 810/810/810
f 799/799/799 810/810/810 798/798/798
f 810/810/810 799/799/799 811/811/811
f 800/800/800 811/811/811 799/799/799
f 811/811/811 800/800/800 812/812/812
f 797/797/797 812/812/812 800/800/800
f 812/812/812 797/797/797 809/809/809
f 801/801/801 813/813/813 802/802/802
f 813/813/813 801/801/801 814/814/814
f 802/802/802 815/815/815 803/803/803
f 815/815/815 802/802/802 813/813/813
f 803/803/803 816/816/816 804/804/804
f 816/816/816 803/803/803 815/815/815
f 804/804/804 814/814/814 801/801/801
f 814/814/814 804/804/804 816/816/816
f 808/808/808 817/817/817 807/807/807
f 807/807/807 817/817/817 806/806/806
f 806/806/806 817/817/817 805/805/805
f 805/805/805 817/817/817 808/808/808
f 812/812/812 818/818/818 811/811/811
f 811/811/811 818/818/818 810/810/810
f 810/810/810 818/818/818 809/809/809
f 809/809/809 818/818/818 812/812/812
f 814/814/814 819/819/819 813/813/813
f 813/813/813 819/819/819 815/815/815
f 815/815/815 819/819/819 816/816/816
f 816/816/816 819/819/819 814/814/814
f 820/820/820 822/822/822 821/821/821
f 820/820/820 823/823/823 822/822/822
f 751/751/751 821/821/821 752/752/752
f 751/751/751 820/820/820 821/821/821
f 752/752/752 824/824/824 754/754/754
f 752/752/752 821/821/821 824/824/824
f 824/824/824 826/826/826 825/825/825
f 824/824/824 827/827/827 826/826/826
f 754/754/754 825/825/825 758/758/758
f 754/754/754 824/824/824 825/825/825
f 825/825/825 826/826/826 828/828/828
f 829/829/829 831/831/831 830/830/830
f 763/763/763 828/828/828 832/832/832
f 765/765/765 833/833/833 767/767/767
f 765/765/765 834/834/834 833/833/833
f 769/769/769 767/767/767 833/833/833
f 825/825/825 834/834/834 758/758/758
f 758/758/758 834/834/834 765/765/765
f 827/827/827 824/824/824 835/835/835
f 835/835/835 822/822/822 827/827/827
f 835/835/835 824/824/824 821/821/821
f 821/821/821 822/822/822 835/835/835
f 829/829/829 830/830/830 836/836/836
f 826/826/826 772/772/772 837/837/837
f 828/828/828 826/826/826 831/831/831
f 831/831/831 829/829/829 828/828/828
f 832/832/832 828/828/828 829/829/829
f 829/829/829 836/836/836 832/832/832
f 826/826/826 837/837/837 830/830/830
f 830/830/830 831/831/831 826/826/826
f 837/837/837 832/832/832 836/836/836
f 836/836/836 830/830/830 837/837/837
f 838/838/838 839/839/839 776/776/776
f 776/776/776 839/839/839 777/777/777
f 838/838/838 776/776/776 840/840/840
f 840/840/840 776/776/776 841/841/841
f 776/776/776 780/780/780 841/841/841
f 781/781/781 832/832/832 842/842/842
f 832/832/832 781/781/781 763/763/763
f 832/832/832 837/837/837 843/843/843
f 843/843/843 842/842/842 832/832/832
f 837/837/837 772/772/772 784/784/784
f 784/784/784 843/843/843 837/837/837
f 785/785/785 842/842/842 844/844/844
f 842/842/842 785/785/785 781/781/781
f 842/842/842 843/843/843 845/845/845
f 845/845/845 844/844/844 842/842/842
f 845/845/845 784/784/784 788/788/788
f 784/784/784 845/845/845 843/843/843
f 785/785/785 844/844/844 789/789/789
f 844/844/844 845/845/845 789/789/789
f 845/845/845 788/788/788 789/789/789
f 823/823/823 790/790/790 846/846/846
f 846/846/846 847/847/847 823/823/823
f 822/822/822 823/823/823 847/847/847
f 847/847/847 848/848/848 822/822/822
f 794/794/794 822/822/822 848/848/848
f 848/848/848 849/849/849 794/794/794
f 790/790/790 794/794/794 849/849/849
f 849/849/849 846/846/846 790/790/790
f 827/827/827 796/796/796 850/850/850
f 850/850/850 851/851/851 827/827/827
f 826/826/826 827/827/827 851/851/851
f 851/851/851 852/852/852 826/826/826
f 772/772/772 826/826/826 852/852/852
f 852/852/852 853/853/853 772/772/772
f 796/796/796 772/772/772 853/853/853
f 853/853/853 850/850/850 796/796/796
f 854/854/854 827/827/827 855/855/855
f 827/827/827 854/854/854 796/796/796
f 827/827/827 822/822/822 856/856/856
f 856/856/856 855/855/855 827/827/827
f 822/822/822 794/794/794 857/857/857
f 857/857/857 856/856/856 822/822/822
f 794/794/794 796/796/796 854/854/854
f 854/854/854 857/857/857 794/794/794
f 847/847/847 846/846/846 858/858/858
f 858/858/858 859/859/859 847/847/847
f 848/848/848 847/847/847 859/859/859
f 859/859/859 860/860/860 848/848/848
f 849/849/849 848/848/848 860/860/860
f 860/860/860 861/861/861 849/849/849
f 846/846/846 849/849/849 861/861/861
f 861/861/861 858/858/858 846/846/846
f 851/851/851 850/850/850 862/862/862
f 862/862/862 863/863/863 851/851/851
f 852/852/852 851/851/851 863/863/863
f 863/863/863 864/864/864 852/852/852
f 853/853/853 852/852/852 864/864/864
f 864/864/864 865/865/865 853/853/853
f 850/850/850 853/853/853 865/865/865
f 865/865/865 862/862/862 850/850/850
f 854/854/854 855/855/855 866/866/866
f 866/866/866 867/867/867 854/854/854
f 855/855/855 856/856/856 868/868/868
f 868/868/868 866/866/866 855/855/855
f 856/856/856 857/857/857 869/869/869
f 869/869/869 868/868/868 856/856/856
f 857/857/857 854/854/854 867/867/867
f 867/867/867 869/869/869 857/857/857
f 861/861/861 860/860/860 870/870/870
f 860/860/860 859/859/859 870/870/870
f 859/859/859 858/858/858 870/870/870
f 858/858/858 861/861/861 870/870/870
f 865/865/865 864/864/864 871/871/871
f 864/864/864 863/863/863 871/871/871
f 863/863/863 862/862/862 871/871/871
f 862/862/862 865/865/865 871/871/871
f 867/867/867 866/866/866 872/872/872
f 866/866/866 868/868/868 872/872/872
f 868/868/868 869/869/869 872/872/872
f 869/869/869 867/867/867 872/872/872
f 873/873/873 875/875/875 874/874/874
f 873/873/873 874/874/874 876/876/876
f 877/877/877 878/878/878 875/875/875
f 877/877/877 875/875/875 873/873/873
f 878/878/878 880/880/880 879/879/879
f 878/878/878 879/879/879 875/875/875
f 879/879/879 882/882/882 881/881/881
f 879/879/879 881/881/881 883/883/883
f 880/880/880 884/884/884 882/882/882
f 880/880/880 882/882/882 879/879/879
f 882/882/882 885/885/885 881/881/881
f 886/886/886 888/888/888 887/887/887
f 889/889/889 890/890/890 885/885/885
f 891/891/891 893/893/893 892/892/892
f 891/891/891 892/892/892 894/894/894
f 895/895/895 892/892/892 893/893/893
f 882/882/882 884/884/884 894/894/894
f 884/884/884 891/891/891 894/894/894
f 883/883/883 896/896/896 879/879/879
f 896/896/896 883/883/883 874/874/874
f 896/896/896 875/875/875 879/879/879
f 875/875/875 896/896/896 874/874/874
f 886/886/886 897/897/897 888/888/888
f 881/881/881 899/899/899 898/898/898
f 885/885/885 887/887/887 881/881/881
f 887/887/887 885/885/885 886/886/886
f 890/890/890 886/886/886 885/885/885
f 886/886/886 890/890/890 897/897/897
f 881/881/881 888/888/888 899/899/899
f 888/888/888 881/881/881 887/887/887
f 899/899/899 897/897/897 890/890/890
f 897/897/897 899/899/899 888/888/888
f 900/900/900 902/902/902 901/901/901
f 902/902/902 903/903/903 901/901/901
f 900/900/900 904/904/904 902/902/902
f 904/904/904 905/905/905 902/902/902
f 902/902/902 905/905/905 906/906/906
f 907/907/907 908/908/908 890/890/890
f 890/890/890 889/889/889 907/907/907
f 890/890/890 909/909/909 899/899/899
f 909/909/909 890/890/890 908/908/908
f 899/899/899 910/910/910 898/898/898
f 910/910/910 899/899/899 909/909/909
f 911/911/911 912/912/912 908/908/908
f 908/908/908 907/907/907 911/911/911
f 908/908/908 913/913/913 909/909/909
f 913/913/913 908/908/908 912/912/912
f 913/913/913 914/914/914 910/910/910
f 910/910/910 909/909/909 913/913/913
f 911/911/911 915/915/915 912/912/912
f 912/912/912 915/915/915 913/913/913
f 913/913/913 915/915/915 914/914/914
f 876/876/876 917/917/917 916/916/916
f 917/917/917 876/876/876 918/918/918
f 874/874/874 918/918/918 876/876/876
f 918/918/918 874/874/874 919/919/919
f 920/920/920 919/919/919 874/874/874
f 919/919/919 920/920/920 921/921/921
f 916/916/916 921/921/921 920/920/920
f 921/921/921 916/916/916 917/917/917
f 883/883/883 923/923/923 922/922/922
f 923/923/923 883/883/883 924/924/924
f 881/881/881 924/924/924 883/883/883
f 924/924/924 881/881/881 925/925/925
f 898/898/898 925/925/925 881/881/881
f 925/925/925 898/898/898 926/926/926
f 922/922/922 926/926/926 898/898/898
f 926/926/926 922/922/922 923/923/923
f 927/927/927 928/928/928 883/883/883
f 883/883/883 922/922/922 927/927/927
f 883/883/883 929/929/929 874/874/874
f 929/929/929 883/883/883 928/928/928
f 874/874/874 930/930/930 920/920/920
f 930/930/930 874/874/874 929/929/929
f 920/920/920 927/927/927 922/922/922
f 927/927/927 920/920/920 930/930/930
f 918/918/918 931/931/931 917/917/917
f 931/931/931 918/918/918 932/932/932
f 919/919/919 932/932/932 918/918/918
f 932/932/932 919/919/919 933/933/933
f 921/921/921 933/933/933 919/919/919
f 933/933/933 921/921/921 934/934/934
f 917/917/917 934/934/934 921/921/921
f 934/934/934 917/917/917 931/931/931
f 924/924/924 935/935/935 923/923/923
f 935/935/935 924/924/924 936/936/936
f 925/925/925 936/936/936 924/924/924
f 936/936/936 925/925/925 937/937/937
f 926/926/926 937/937/937 925/925/925
f 937/937/937 926/926/926 938/938/938
f 923/923/923 938/938/938 926/926/926
f 938/938/938 923/923/923 935/935/935
f 927/927/927 939/939/939 928/928/928
f 939/939/939 927/927/927 940/940/940
f 928/928/928 941/941/941 929/929/929
f 941/941/941 928/928/928 939/939/939
f 929/929/929 942/942/942 930/930/930
f 942/942/942 929/929/929 941/941/941
f 930/930/930 940/940/940 927/927/927
f 940/940/940 930/930/930 942/942/942
f 934/934/934 943/943/943 933/933/933
f 933/933/933 943/943/943 932/932/932
f 932/932/932 943/943/943 931/931/931
f 931/931/931 943/943/943 934/934/934
f 938/938/938 944/944/944 937/937/937
f 937/937/937 944/944/944 936/936/936
f 936/936/936 944/944/944 935/935/935
f 935/935/935 944/944/944 938/938/938
f 940/940/940 945/945/945 939/939/939
f 939/939/939 945/945/945 941/941/941
f 941/941/941 945/945/945 942/942/942
f 942/942/942 945/945/945 940/940/940
f 946/946/946 948/948/948 947/947/947
f 946/946/946 949/949/949 948/948/948
f 877/877/877 947/947/947 878/878/878
f 877/877/877 946/946/946 947/947/947
f 878/878/878 950/950/950 880/880/880
f 878/878/878 947/947/947 950/950/950
f 950/950/950 952/952/952 951/951/951
f 950/950/950 953/953/953 952/952/952
f 880/880/880 951/951/951 884/884/884
f 880/880/880 950/950/950 951/951/951
f 951/951/951 952/952/952 954/954/954
f 955/955/955 957/957/957 956/956/956
f 889/889/889 954/954/954 958/958/958
f 891/891/891 959/959/959 893/893/893
f 891/891/891 960/960/960 959/959/959
f 895/895/895 893/893/893 959/959/959
f 951/951/951 960/960/960 884/884/884
f 884/884/884 960/960/960 891/891/891
f 953/953/953 950/950/950 961/961/961
f 961/961/961 948/948/948 953/953/953
f 961/961/961 950/950/950 947/947/947
f 947/947/947 948/948/948 961/961/961
f 955/955/955 956/956/956 962/962/962
f 952/952/952 898/898/898 963/963/963
f 954/954/954 952/952/952 957/957/957
f 957/957/957 955/955/955 954/954/954
f 958/958/958 954/954/954 955/955/955
f 955/955/955 962/962/962 958/958/958
f 952/952/952 963/963/963 956/956/956
f 956/956/956 957/957/957 952/952/952
f 963/963/963 958/958/958 962/962/962
f 962/962/962 956/956/956 963/963/963
f 964/964/964 965/965/965 902/902/902
f 902/902/902 965/965/965 903/903/903
f 964/964/964 902/902/902 966/966/966
f 966/966/966 902/902/902 967/967/967
f 902/902/902 906/906/906 967/967/967
f 907/907/907 958/958/958 968/968/968
f 958/958/958 907/907/907 889/889/889
f 958/958/958 963/963/963 969/969/969
f 969/969/969 968/968/968 958/958/958
f 963/963/963 898/898/898 910/910/910
f 910/910/910 969/969/969 963/963/963
f 911/911/911 968/968/968 970/970/970
f 968/968/968 911/911/911 907/907/907
f 968/968/968 969/969/969 971/971/971
f 971/971/971 970/970/970 968/968/968
f 971/971/971 910/910/910 914/914/914
f 910/910/910 971/971/971 969/969/969
f 911/911/911 970/970/970 915/915/915
f 970/970/970 971/971/971 915/915/915
f 971/971/971 914/914/914 915/915/915
f 949/949/949 916/916/916 972/972/972
f 972/972/972 973/973/973 949/949/949
f 948/948/948 949/949/949 973/973/973
f 973/973/973 974/974/974 948/948/948
f 920/920/920 948/948/948 974/974/974
f 974/974/974 975/975/975 920/920/920
f 916/916/916 920/920/920 975/975/975
f 975/975/975 972/972/972 916/916/916
f 953/953/953 922/922/922 976/976/976
f 976/976/976 977/977/977 953/953/953
f 952/952/952 953/953/953 977/977/977
f 977/977/977 978/978/978 952/952/952
f 898/898/898 952/952/952 978/978/978
f 978/978/978 979/979/979 898/898/898
f 922/922/922 898/898/898 979/979/979
f 979/979/979 976/976/976 922/922/922
f 980/980/980 953/953/953 981/981/981
f 953/953/953 980/980/980 922/922/922
f 953/953/953 948/948/948 982/982/982
f 982/982/982 981/981/981 953/953/953
f 948/948/948 920/920/920 983/983/983
f 983/983/983 982/982/982 948/948/948
f 920/920/920 922/922/922 980/980/980
f 980/980/980 983/983/983 920/920/920
f 973/973/973 972/972/972 984/984/984
f 984/984/984 985/985/985 973/973/973
f 974/974/974 973/973/973 985/985/985
f 985/985/985 986/986/986 974/974/974
f 975/975/975 974/974/974 986/986/986
f 986/986/986 987/987/987 975/975/975
f 972/972/972 975/975/975 987/987/987
f 987/987/987 984/984/984 972/972/972
f 977/977/977 976/976/976 988/988/988
f 988/988/988 989/989/989 977/977/977
f 978/978/978 977/977/977 989/989/989
f 989/989/989 990/990/990 978/978/978
f 979/979/979 978/978/978 990/990/990
f 990/990/990 991/991/991 979/979/979
f 976/976/976 979/979/979 991/991/991
f 991/991/991 988/988/988 976/976/976
f 980/980/980 981/981/981 992/992/992
f 992/992/992 993/993/993 980/980/980
f 981/981/981 982/982/982 994/994/994
f 994/994/994 992/992/992 981/981/981
f 982/982/982 983/983/983 995/995/995
f 995/995/995 994/994/994 982/982/982
f 983/983/983 980/980/980 993/993/993
f 993/993/993 995/995/995 983/983/983
f 987/987/987 986/986/986 996/996/996
f 986/986/986 985/985/985 996/996/996
f 985/985/985 984/984/984 996/996/996
f 984/984/984 987/987/987 996/996/996
f 991/991/991 990/990/990 997/997/997
f 990/990/990 989/989/989 997/997/997
f 989/989/989 988/988/988 997/997/997
f 988/988/988 991/991/991 997/997/997
f 993/993/993 992/992/992 998/998/998
f 992/992/992 994/994/994 998/998/998
f 994/994/994 995/995/995 998/998/998
f 995/995/995 993/993/993 998/998/998
f 999/999/999 1001/1001/1001 1000/1000/1000
f 999/999/999 1000/1000/1000 1002/1002/1002
f 1003/1003/1003 1004/1004/1004 1001/1001/1001
f 1003/1003/1003 1001/1001/1001 999/999/999
f 1004/1004/1004 1006/1006/1006 1005/1005/1005
f 1004/1004/1004 1005/1005/1005 1001/1001/1001
f 1005/1005/1005 1008/1008/1008 1007/1007/1007
f 1005/1005/1005 1007/1007/1007 1009/1009/1009
f 1006/1006/1006 1010/1010/1010 1008/1008/1008
f 1006/1006/1006 1008/1008/1008 1005/1005/1005
f 1008/1008/1008 1011/1011/1011 1007/1007/1007
f 1012/1012/1012 1014/1014/1014 1013/1013/1013
f 1015/1015/1015 1016/1016/1016 1011/1011/1011
f 1017/1017/1017 1019/1019/1019 1018/1018/1018
f 1017/1017/1017 1018/1018/1018 1020/1020/1020
f 1021/1021/1021 1018/1018/1018 1019/1019/1019
f 1008/1008/1008 1010/1010/1010 1020/1020/1020
f 1010/1010/1010 1017/1017/1017 1020/1020/1020
f 1009/1009/1009 1022/1022/1022 1005/1005/1005
f 1022/1022/1022 1009/1009/1009 1000/1000/1000
f 1022/1022/1022 1001/1001/1001 1005/1005/1005
f 1001/1001/1001 1022/1022/1022 1000/1000/1000
f 1012/1012/1012 1023/1023/1023 1014/1014/1014
f 1007/1007/1007 1025/1025/1025 1024/1024/1024
f 1011/1011/1011 1013/1013/1013 1007/1007/1007
f 1013/1013/1013 1011/1011/1011 1012/1012/1012
f 1016/1016/1016 1012/1012/1012 1011/1011/1011
f 1012/1012/1012 1016/1016/1016 1023/1023/1023
f 1007/1007/1007 1014/1014/1014 1025/1025/1025
f 1014/1014/1014 1007/1007/1007 1013/1013/1013
f 1025/1025/1025 1023/1023/1023 1016/1016/1016
f 1023/1023/1023 1025/1025/1025 1014/1014/1014
f 1026/1026/1026 1028/1028/1028 1027/1027/1027
f 1028/1028/1028 1029/1029/1029 1027/1027/1027
f 1026/1026/1026 1030/1030/1030 1028/1028/1028
f 1030/1030/1030 1031/1031/1031 1028/1028/1028
f 1028/1028/1028 1031/1031/1031 1032/1032/1032
f 1033/1033/1033 1034/1034/1034 1016/1016/1016
f 1016/1016/1016 1015/1015/1015 1033/1033/1033
f 1016/1016/1016 1035/1035/1035 1025/1025/1025
f 1035/1035/1035 1016/1016/1016 1034/1034/1034
f 1025/1025/1025 1036/1036/1036 1024/1024/1024
f 1036/1036/1036 1025/1025/1025 1035/1035/1035
f 1037/1037/1037 1038/1038/1038 1034/1034/1034
f 1034/1034/1034 1033/1033/1033 1037/1037/1037
f 1034/1034/1034 1039/1039/1039 1035/1035/1035
f 1039/1039/1039 1034/1034/1034 1038/1038/1038
f 1039/1039/1039 1040/1040/1040 1036/1036/1036
f 1036/1036/1036 1035/1035/1035 1039/1039/1039
f 1037/1037/1037 1041/1041/1041 1038/1038/1038
f 1038/1038/1038 1041/1041/1041 1039/1039/1039
f 1039/1039/1039 1041/1041/1041 1040/1040/1040
f 1002/1002/1002 1043/1043/1043 1042/1042/1042
f 1043/1043/1043 1002/1002/1002 1044/1044/1044
f 1000/1000/1000 1044/1044/1044 1002/1002/1002
f 1044/1044/1044 1000/1000/1000 1045/1045/1045
f 1046/1046/1046 1045/1045/1045 1000/1000/1000
f 1045/1045/1045 1046/1046/1046 1047/1047/1047
f 1042/1042/1042 1047/1047/1047 1046/1046/1046
f 1047/1047/1047 1042/1042/1042 1043/1043/1043
f 1009/1009/1009 1049/1049/1049 1048/1048/1048
f 1049/1049/1049 1009/1009/1009 1050/1050/1050
f 1007/1007/1007 1050/1050/1050 1009/1009/1009
f 1050/1050/1050 1007/1007/1007 1051/1051/1051
f 1024/1024/1024 1051/1051/1051 1007/1007/1007
f 1051/1051/1051 1024/1024/1024 1052/1052/1052
f 1048/1048/1048 1052/1052/1052 1024/1024/1024
f 1052/1052/1052 1048/1048/1048 1049/1049/1049
f 1053/1053/1053 1054/1054/1054 1009/1009/1009
f 1009/1009/1009 1048/1048/1048 1053/1053/1053
f 1009/1009/1009 1055/1055/1055 1000/1000/1000
f 1055/1055/1055 1009/1009/1009 1054/1054/1054
f 1000/1000/1000 1056/1056/1056 1046/1046/1046
f 1056/1056/1056 1000/1000/1000 1055/1055/1055
f 1046/1046/1046 1053/1053/1053 1048/1048/1048
f 1053/1053/1053 1046/1046/1046 1056/1056/1056
f 1044/1044/1044 1057/1057/1057 1043/1043/1043
f 1057/1057/1057 1044/1044/1044 1058/1058/1058
f 1045/1045/1045 1058/1058/1058 1044/1044/1044
f 1058/1058/1058 1045/1045/1045 1059/1059/1059
f 1047/1047/1047 1059/1059/1059 1045/1045/1045
f 1059/1059/1059 1047/1047/1047 1060/1060/1060
f 1043/1043/1043 1060/1060/1060 1047/1047/1047
f 1060/1060/1060 1043/1043/1043 1057/1057/1057
f 1050/1050/1050 1061/1061/1061 1049/1049/1049
f 1061/1061/1061 1050/1050/1050 1062/1062/1062
f 1051/1051/1051 1062/1062/1062 1050/1050/1050
f 1062/1062/1062 1051/1051/1051 1063/1063/1063
f 1052/1052/1052 1063/1063/1063 1051/1051/1051
f 1063/1063/1063 1052/1052/1052 1064/1064/1064
f 1049/1049/1049 1064/1064/1064 1052/1052/1052
f 1064/1064/1064 1049/1049/1049 1061/1061/1061
f 1053/1053/1053 1065/1065/1065 1054/1054/1054
f 1065/1065/1065 1053/1053/1053 1066/1066/1066
f 1054/1054/1054 1067/1067/1067 1055/1055/1055
f 1067/1067/1067 1054/1054/1054 1065/1065/1065
f 1055/1055/1055 1068/1068/1068 1056/1056/1056
f 1068/1068/1068 1055/1055/1055 1067/1067/1067
f 1056/1056/1056 1066/1066/1066 1053/1053/1053
f 1066/1066/1066 1056/1056/1056 1068/1068/1068
f 1060/1060/1060 1069/1069/1069 1059/1059/1059
f 1059/1059/1059 1069/1069/1069 1058/1058/1058
f 1058/1058/1058 1069/1069/1069 1057/1057/1057
f 1057/1057/1057 1069/1069/1069 1060/1060/1060
f 1064/1064/1064 1070/1070/1070 1063/1063/1063
f 1063/1063/1063 1070/1070/1070 1062/1062/1062
f 1062/1062/1062 1070/1070/1070 1061/1061/1061
f 1061/1061/1061 1070/1070/1070 1064/1064/1064
f 1066/1066/1066 1071/1071/1071 1065/1065/1065
f 1065/1065/1065 1071/1071/1071 1067/1067/1067
f 1067/1067/1067 1071/1071/1071 1068/1068/1068
f 1068/1068/1068 1071/1071/1071 1066/1066/1066
f 1072/1072/1072 1074/1074/1074 1073/1073/1073
f 1072/1072/1072 1075/1075/1075 1074/1074/1074
f 1003/1003/1003 1073/1073/1073 1004/1004/1004
f 1003/1003/1003 1072/1072/1072 1073/1073/1073
f 1004/1004/1004 1076/1076/1076 1006/1006/1006
f 1004/1004/1004 1073/1073/1073 1076/1076/1076
f 1076/1076/1076 1078/1078/1078 1077/1077/1077
f 1076/1076/1076 1079/1079/1079 1078/1078/1078
f 1006/1006/1006 1077/1077/1077 1010/1010/1010
f 1006/1006/1006 1076/1076/1076 1077/1077/1077
f 1077/1077/1077 1078/1078/1078 1080/1080/1080
f 1081/1081/1081 1083/1083/1083 1082/1082/1082
f 1015/1015/1015 1080/1080/1080 1084/1084/1084
f 1017/1017/1017 1085/1085/1085 1019/1019/1019
f 1017/1017/1017 1086/1086/1086 1085/1085/1085
f 1021/1021/1021 1019/1019/1019 1085/1085/1085
f 1077/1077/1077 1086/1086/1086 1010/1010/1010
f 1010/1010/1010 1086/1086/1086 1017/1017/1017
f 1079/1079/1079 1076/1076/1076 1087/1087/1087
f 1087/1087/1087 1074/1074/1074 1079/1079/1079
f 1087/1087/1087 1076/1076/1076 1073/1073/1073
f 1073/1073/1073 1074/1074/1074 1087/1087/1087
f 1081/1081/1081 1082/1082/1082 1088/1088/1088
f 1078/1078/1078 1024/1024/1024 1089/1089/1089
f 1080/1080/1080 1078/1078/1078 1083/1083/1083
f 1083/1083/1083 1081/1081/1081 1080/1080/1080
f 1084/1084/1084 1080/1080/1080 1081/1081/1081
f 1081/1081/1081 1088/1088/1088 1084/1084/1084
f 1078/1078/1078 1089/1089/1089 1082/1082/1082
f 1082/1082/1082 1083/1083/1083 1078/1078/1078
f 1089/1089/1089 1084/1084/1084 1088/1088/1088
f 1088/1088/1088 1082/1082/1082 1089/1089/1089
f 1090/1090/1090 1091/1091/1091 1028/1028/1028
f 1028/1028/1028 1091/1091/1091 1029/1029/1029
f 1090/1090/1090 1028/1028/1028 1092/1092/1092
f 1092/1092/1092 1028/1028/1028 1093/1093/1093
f 1028/1028/1028 1032/1032/1032 1093/1093/1093
f 1033/1033/1033 1084/1084/1084 1094/1094/1094
f 1084/1084/1084 1033/1033/1033 1015/1015/1015
f 1084/1084/1084 1089/1089/1089 1095/1095/1095
f 1095/1095/1095 1094/1094/1094 1084/1084/1084
f 1089/1089/1089 1024/1024/1024 1036/1036/1036
f 1036/1036/1036 1095/1095/1095 1089/1089/1089
f 1037/1037/1037 1094/1094/1094 1096/1096/1096
f 1094/1094/1094 1037/1037/1037 1033/1033/1033
f 1094/1094/1094 1095/1095/1095 1097/1097/1097
f 1097/1097/1097 1096/1096/1096 1094/1094/1094
f 1097/1097/1097 1036/1036/1036 1040/1040/1040
f 1036/1036/1036 1097/1097/1097 1095/1095/1095
f 1037/1037/1037 1096/1096/1096 1041/1041/1041
f 1096/1096/1096 1097/1097/1097 1041/1041/1041
f 1097/1097/1097 1040/1040/1040 1041/1041/1041
f 1075/1075/1075 1042/1042/1042 1098/1098/1098
f 1098/1098/1098 1099/1099/1099 1075/1075/1075
f 1074/1074/1074 1075/1075/1075 1099/1099/1099
f 1099/1099/1099 1100/1100/1100 1074/1074/1074
f 1046/1046/1046 1074/1074/1074 1100/1100/1100
f 1100/1100/1100 1101/1101/1101 1046/1046/1046
f 1042/1042/1042 1046/1046/1046 1101/1101/1101
f 1101/1101/1101 1098/1098/1098 1042/1042/1042
f 1079/1079/1079 1048/1048/1048 1102/1102/1102
f 1102/1102/1102 1103/1103/1103 1079/1079/1079
f 1078/1078/1078 1079/1079/1079 1103/1103/1103
f 1103/1103/1103 1104/1104/1104 1078/1078/1078
f 1024/1024/1024 1078/1078/1078 1104/1104/1104
f 1104/1104/1104 1105/1105/1105 1024/1024/1024
f 1048/1048/1048 1024/1024/1024 1105/1105/1105
f 1105/1105/1105 1102/1102/1102 1048/1048/1048
f 1106/1106/1106 1079/1079/1079 1107/1107/1107
f 1079/1079/1079 1106/1106/1106 1048/1048/1048
f 1079/1079/1079 1074/1074/1074 1108/1108/1108
f 1108/1108/1108 1107/1107/1107 1079/1079/1079
f 1074/1074/1074 1046/1046/1046 1109/1109/1109
f 1109/1109/1109 1108/1108/1108 1074/1074/1074
f 1046/1046/1046 1048/1048/1048 1106/1106/1106
f 1106/1106/1106 1109/1109/1109 1046/1046/1046
f 1099/1099/1099 1098/1098/1098 1110/1110/1110
f 1110/1110/1110 1111/1111/1111 1099/1099/1099
f 1100/1100/1100 1099/1099/1099 1111/1111/1111
f 1111/1111/1111 1112/1112/1112 1100/1100/1100
f 1101/1101/1101 1100/1100/1100 1112/1112/1112
f 1112/1112/1112 1113/1113/1113 1101/1101/1101
f 1098/1098/1098 1101/1101/1101 1113/1113/1113
f 1113/1113/1113 1110/1110/1110 1098/1098/1098
f 1103/1103/1103 1102/1102/1102 1114/1114/1114
f 1114/1114/1114 1115/1115/1115 1103/1103/1103
f 1104/1104/1104 1103/1103/1103 1115/1115/1115
f 1115/1115/1115 1116/1116/1116 1104/1104/1104
f 1105/1105/1105 1104/1104/1104 1116/1116/1116
f 1116/1116/1116 1117/1117/1117 1105/1105/1105
f 1102/1102/1102 1105/1105/1105 1117/1117/1117
f 1117/1117/1117 1114/1114/1114 1102/1102/1102
f 1106/1106/1106 1107/1107/1107 1118/1118/1118
f 1118/1118/1118 1119/1119/1119 1106/1106/1106
f 1107/1107/1107 1108/1108/1108 1120/1120/1120
f 1120/1120/1120 1118/1118/1118 1107/1107/1107
f 1108/1108/1108 1109/1109/1109 1121/1121/1121
f 1121/1121/1121 1120/1120/1120 1108/1108/1108
f 1109/1109/1109 1106/1106/1106 1119/1119/1119
f 1119/1119/1119 1121/1121/1121 1109/1109/1109
f 1113/1113/1113 1112/1112/1112 1122/1122/1122
f 1112/1112/1112 1111/1111/1111 1122/1122/1122
f 1111/1111/1111 1110/1110/1110 1122/1122/1122
f 1110/1110/1110 1113/1113/1113 1122/1122/1122
f 1117/1117/1117 1116/1116/1116 1123/1123/1123
f 1116/1116/1116 1115/1115/1115 1123/1123/1123
f 1115/1115/1115 1114/1114/1114 1123/1123/1123
f 1114/1114/1114 1117/1117/1117 1123/1123/1123
f 1119/1119/1119 1118/1118/1118 1124/1124/1124
f 1118/1118/1118 1120/1120/1120 1124/1124/1124
f 1120/1120/1120 1121/1121/1121 1124/1124/1124
f 1121/1121/1121 1119/1119/1119 1124/1124/1124
f 1125/1125/1125 1127/1127/1127 1126/1126/1126
f 1125/1125/1125 1126/1126/1126 1128/1128/1128
f 1129/1129/1129 1130/1130/1130 1127/1127/1127
f 1129/1129/1129 1127/1127/1127 1125/1125/1125
f 1130/1130/1130 1132/1132/1132 1131/1131/1131
f 1130/1130/1130 1131/1131/1131 1127/1127/1127
f 1131/1131/1131 1134/1134/1134 1133/1133/1133
f 1131/1131/1131 1133/1133/1133 1135/1135/1135
f 1132/1132/1132 1136/1136/1136 1134/1134/1134
f 1132/1132/1132 1134/1134/1134 1131/1131/1131
f 1134/1134/1134 1137/1137/1137 1133/1133/1133
f 1138/1138/1138 1140/1140/1140 1139/1139/1139
f 1141/1141/1141 1142/1142/1142 1137/1137/1137
f 1143/1143/1143 1145/1145/1145 1144/1144/1144
f 1143/1143/1143 1144/1144/1144 1146/1146/1146
f 1147/1147/1147 1144/1144/1144 1145/1145/1145
f 1134/1134/1134 1136/1136/1136 1146/1146/1146
f 1136/1136/1136 1143/1143/1143 1146/1146/1146
f 1135/1135/1135 1148/1148/1148 1131/1131/1131
f 1148/1148/1148 1135/1135/1135 1126/1126/1126
f 1148/1148/1148 1127/1127/1127 1131/1131/1131
f 1127/1127/1127 1148/1148/1148 1126/1126/1126
f 1138/1138/1138 1149/1149/1149 1140/1140/1140
f 1133/1133/1133 1151/1151/1151 1150/1150/1150
f 1137/1137/1137 1139/1139/1139 1133/1133/1133
f 1139/1139/1139 1137/1137/1137 1138/1138/1138
f 1142/1142/1142 1138/1138/1138 1137/1137/1137
f 1138/1138/1138 1142/1142/1142 1149/1149/1149
f 1133/1133/1133 1140/1140/1140 1151/1151/1151
f 1140/1140/1140 1133/1133/1133 1139/1139/1139
f 1151/1151/1151 1149/1149/1149 1142/1142/1142
f 1149/1149/1149 1151/1151/1151 1140/1140/1140
f 1152/1152/1152 1154/1154/1154 1153/1153/1153
f 1154/1154/1154 1155/1155/1155 1153/1153/1153
f 1152/1152/1152 1156/1156/1156 1154/1154/1154
f 1156/1156/1156 1157/1157/1157 1154/1154/1154
f 1154/1154/1154 1157/1157/1157 1158/1158/1158
f 1159/1159/1159 1160/1160/1160 1142/1142/1142
f 1142/1142/1142 1141/1141/1141 1159/1159/1159
f 1142/1142/1142 1161/1161/1161 1151/1151/1151
f 1161/1161/1161 1142/1142/1142 1160/1160/1160
f 1151/1151/1151 1162/1162/1162 1150/1150/1150
f 1162/1162/1162 1151/1151/1151 1161/1161/1161
f 1163/1163/1163 1164/1164/1164 1160/1160/1160
f 1160/1160/1160 1159/1159/1159 1163/1163/1163
f 1160/1160/1160 1165/1165/1165 1161/1161/1161
f 1165/1165/1165 1160/1160/1160 1164/1164/1164
f 1165/1165/1165 1166/1166/1166 1162/1162/1162
f 1162/1162/1162 1161/1161/1161 1165/1165/1165
f 1163/1163/1163 1167/1167/1167 1164/1164/1164
f 1164/1164/1164 1167/1167/1167 1165/1165/1165
f 1165/1165/1165 1167/1167/1167 1166/1166/1166
f 1128/1128/1128 1169/1169/1169 1168/1168/1168
f 1169/1169/1169 1128/1128/1128 1170/1170/1170
f 1126/1126/1126 1170/1170/1170 1128/1128/1128
f 1170/1170/1170 1126/1126/1126 1171/1171/1171
f 1172/1172/1172 1171/1171/1171 1126/1126/1126
f 1171/1171/1171 1172/1172/1172 1173/1173/1173
f 1168/1168/1168 1173/1173/1173 1172/1172/1172
f 1173/1173/1173 1168/1168/1168 1169/1169/1169
f 1135/1135/1135 1175/1175/1175 1174/1174/1174
f 1175/1175/1175 1135/1135/1135 1176/1176/1176
f 1133/1133/1133 1176/1176/1176 1135/1135/1135
f 1176/1176/1176 1133/1133/1133 1177/1177/1177
f 1150/1150/1150 1177/1177/1177 1133/1133/1133
f 1177/1177/1177 1150/1150/1150 1178/1178/1178
f 1174/1174/1174 1178/1178/1178 1150/1150/1150
f 1178/1178/1178 1174/1174/1174 1175/1175/1175
f 1179/1179/1179 1180/1180/1180 1135/1135/1135
f 1135/1135/1135 1174/1174/1174 1179/1179/1179
f 1135/1135/1135 1181/1181/1181 1126/1126/1126
f 1181/1181/1181 1135/1135/1135 1180/1180/1180
f 1126/1126/1126 1182/1182/1182 1172/1172/1172
f 1182/1182/1182 1126/1126/1126 1181/1181/1181
f 1172/1172/1172 1179/1179/1179 1174/1174/1174
f 1179/1179/1179 1172/1172/1172 1182/1182/1182
f 1170/1170/1170 1183/1183/1183 1169/1169/1169
f 1183/1183/1183 1170/1170/1170 1184/1184/1184
f 1171/1171/1171 1184/1184/1184 1170/1170/1170
f 1184/1184/1184 1171/1171/1171 1185/1185/1185
f 1173/1173/1173 1185/1185/1185 1171/1171/1171
f 1185/1185/1185 1173/1173/1173 1186/1186/1186
f 1169/1169/1169 1186/1186/1186 1173/1173/1173
f 1186/1186/1186 1169/1169/1169 1183/1183/1183
f 1176/1176/1176 1187/1187/1187 1175/1175/1175
f 1187/1187/1187 1176/1176/1176 1188/1188/1188
f 1177/1177/1177 1188/1188/1188 1176/1176/1176
f 1188/1188/1188 1177/1177/1177 1189/1189/1189
f 1178/1178/1178 1189/1189/1189 1177/1177/1177
f 1189/1189/1189 1178/1178/1178 1190/1190/1190
f 1175/1175/1175 1190/1190/1190 1178/1178/1178
f 1190/1190/1190 1175/1175/1175 1187/1187/1187
f 1179/1179/1179 1191/1191/1191 1180/1180/1180
f 1191/1191/1191 1179/1179/1179 1192/1192/1192
f 1180/1180/1180 1193/1193/1193 1181/1181/1181
f 1193/1193/1193 1180/1180/1180 1191/1191/1191
f 1181/1181/1181 1194/1194/1194 1182/1182/1182
f 1194/1194/1194 1181/1181/1181 1193/1193/1193
f 1182/1182/1182 1192/1192/1192 1179/1179/1179
f 1192/1192/1192 1182/1182/1182 1194/1194/1194
f 1186/1186/1186 1195/1195/1195 1185/1185/1185
f 1185/1185/1185 1195/1195/1195 1184/1184/1184
f 1184/1184/1184 1195/1195/1195 1183/1183/1183
f 1183/1183/1183 1195/1195/1195 1186/1186/1186
f 1190/1190/1190 1196/1196/1196 1189/1189/1189
f 1189/1189/1189 1196/1196/1196 1188/1188/1188
f 1188/1188/1188 1196/1196/1196 1187/1187/1187
f 1187/1187/1187 1196/1196/1196 1190/1190/1190
f 1192/1192/1192 1197/1197/1197 1191/1191/1191
f 1191/1191/1191 1197/1197/1197 1193/1193/1193
f 1193/1193/1193 1197/1197/1197 1194/1194/1194
f 1194/1194/1194 1197/1197/1197 1192/1192/1192
f 1198/1198/1198 1200/1200/1200 1199/1199/1199
f 1198/1198/1198 1201/1201/1201 1200/1200/1200
f 1129/1129/1129 1199/1199/1199 1130/1130/1130
f 1129/1129/1129 1198/1198/1198 1199/1199/1199
f 1130/1130/1130 1202/1202/1202 1132/1132/1132
f 1130/1130/1130 1199/1199/1199 1202/1202/1202
f 1202/1202/1202 1204/1204/1204 1203/1203/1203
f 1202/1202/1202 1205/1205/1205 1204/1204/1204
f 1132/1132/1132 1203/1203/1203 1136/1136/1136
f 1132/1132/1132 1202/1202/1202 1203/1203/1203
f 1203/1203/1203 1204/1204/1204 1206/1206/1206
f 1207/1207/1207 1209/1209/1209 1208/1208/1208
f 1141/1141/1141 1206/1206/1206 1210/1210/1210
f 1143/1143/1143 1211/1211/1211 1145/1145/1145
f 1143/1143/1143 1212/1212/1212 1211/1211/1211
f 1147/1147/1147 1145/1145/1145 1211/1211/1211
f 1203/1203/1203 1212/1212/1212 1136/1136/1136
f 1136/1136/1136 1212/1212/1212 1143/1143/1143
f 1205/1205/1205 1202/1202/1202 1213/1213/1213
f 1213/1213/1213 1200/1200/1200 1205/1205/1205
f 1213/1213/1213 1202/1202/1202 1199/1199/1199
f 1199/1199/1199 1200/1200/1200 1213/1213/1213
f 1207/1207/1207 1208/1208/1208 1214/1214/1214
f 1204/1204/1204 1150/1150/1150 1215/1215/1215
f 1206/1206/1206 1204/1204/1204 1209/1209/1209
f 1209/1209/1209 1207/1207/1207 1206/1206/1206
f 1210/1210/1210 1206/1206/1206 1207/1207/1207
f 1207/1207/1207 1214/1214/1214 1210/1210/1210
f 1204/1204/1204 1215/1215/1215 1208/1208/1208
f 1208/1208/1208 1209/1209/1209 1204/1204/1204
f 1215/1215/1215 1210/1210/1210 1214/1214/1214
f 1214/1214/1214 1208/1208/1208 1215/1215/1215
f 1216/1216/1216 1217/1217/1217 1154/1154/1154
f 1154/1154/1154 1217/1217/1217 1155/1155/1155
f 1216/1216/1216 1154/1154/1154 1218/1218/1218
f 1218/1218/1218 1154/1154/1154 1219/1219/1219
f 1154/1154/1154 1158/1158/1158 1219/1219/1219
f 1159/1159/1159 1210/1210/1210 1220/1220/1220
f 1210/1210/1210 1159/1159/1159 1141/1141/1141
f 1210/1210/1210 1215/1215/1215 1221/1221/1221
f 1221/1221/1221 1220/1220/1220 1210/1210/1210
f 1215/1215/1215 1150/1150/1150 1162/1162/1162
f 1162/1162/1162 1221/1221/1221 1215/1215/1215
f 1163/1163/1163 1220/1220/1220 1222/1222/1222
f 1220/1220/1220 1163/1163/1163 1159/1159/1159
f 1220/1220/1220 1221/1221/1221 1223/1223/1223
f 1223/1223/1223 1222/1222/1222 1220/1220/1220
f 1223/1223/1223 1162/1162/1162 1166/1166/1166
f 1162/1162/1162 1223/1223/1223 1221/1221/1221
f 1163/1163/1163 1222/1222/1222 1167/1167/1167
f 1222/1222/1222 1223/1223/1223 1167/1167/1167
f 1223/1223/1223 1166/1166/1166 1167/1167/1167
f 1201/1201/1201 1168/1168/1168 1224/1224/1224
f 1224/1224/1224 1225/1225/1225 1201/1201/1201
f 1200/1200/1200 1201/1201/1201 1225/1225/1225
f 1225/1225/1225 1226/1226/1226 1200/1200/1200
f 1172/1172/1172 1200/1200/1200 1226/1226/1226
f 1226/1226/1226 1227/1227/1227 1172/1172/1172
f 1168/1168/1168 1172/1172/1172 1227/1227/1227
f 1227/1227/1227 1224/1224/1224 1168/1168/1168
f 1205/1205/1205 1174/1174/1174 1228/1228/1228
f 1228/1228/1228 1229/1229/1229 1205/1205/1205
f 1204/1204/1204 1205/1205/1205 1229/1229/1229
f 1229/1229/1229 1230/1230/1230 1204/1204/1204
f 1150/1150/1150 1204/1204/1204 1230/1230/1230
f 1230/1230/1230 1231/1231/1231 1150/1150/1150
f 1174/1174/1174 1150/1150/1150 1231/1231/1231
f 1231/1231/1231 1228/1228/1228 1174/1174/1174
f 1232/1232/1232 1205/1205/1205 1233/1233/1233
f 1205/1205/1205 1232/1232/1232 1174/1174/1174
f 1205/1205/1205 1200/1200/1200 1234/1234/1234
f 1234/1234/1234 1233/1233/1233 1205/1205/1205
f 1200/1200/1200 1172/1172/1172 1235/1235/1235
f 1235/1235/1235 1234/1234/1234 1200/1200/1200
f 1172/1172/1172 1174/1174/1174 1232/1232/1232
f 1232/1232/1232 1235/1235/1235 1172/1172/1172
f 1225/1225/1225 1224/1224/1224 1236/1236/1236
f 1236/1236/1236 1237/1237/1237 1225/1225/1225
f 1226/1226/1226 1225/1225/1225 1237/1237/1237
f 1237/1237/1237 1238/1238/1238 1226/1226/1226
f 1227/1227/1227 1226/1226/1226 1238/1238/1238
f 1238/1238/1238 1239/1239/1239 1227/1227/1227
f 1224/1224/1224 1227/1227/1227 1239/1239/1239
f 1239/1239/1239 1236/1236/1236 1224/1224/1224
f 1229/1229/1229 1228/1228/1228 1240/1240/1240
f 1240/1240/1240 1241/1241/1241 1229/1229/1229
f 1230/1230/1230 1229/1229/1229 1241/1241/1241
f 1241/1241/1241 1242/1242/1242 1230/1230/1230
f 1231/1231/1231 1230/1230/1230 1242/1242/1242
f 1242/1242/1242 1243/1243/1243 1231/1231/1231
f 1228/1228/1228 1231/1231/1231 1243/1243/1243
f 1243/1243/1243 1240/1240/1240 1228/1228/1228
f 1232/1232/1232 1233/1233/1233 1244/1244/1244
f 1244/1244/1244 1245/1245/1245 1232/1232/1232
f 1233/1233/1233 1234/1234/1234 1246/1246/1246
f 1246/1246/1246 1244/1244/1244 1233/1233/1233
f 1234/1234/1234 1235/1235/1235 1247/1247/1247
f 1247/1247/1247 1246/1246/1246 1234/1234/1234
f 1235/1235/1235 1232/1232/1232 1245/1245/1245
f 1245/1245/1245 1247/1247/1247 1235/1235/1235
f 1239/1239/1239 1238/1238/1238 1248/1248/1248
f 1238/1238/1238 1237/1237/1237 1248/1248/1248
f 1237/1237/1237 1236/1236/1236 1248/1248/1248
f 1236/1236/1236 1239/1239/1239 1248/1248/1248
f 1243/1243/1243 1242/1242/1242 1249/1249/1249
f 1242/1242/1242 1241/1241/1241 1249/1249/1249
f 1241/1241/1241 1240/1240/1240 1249/1249/1249
f 1240/1240/1240 1243/1243/1243 1249/1249/1249
f 1245/1245/1245 1244/1244/1244 1250/1250/1250
f 1244/1244/1244 1246/1246/1246 1250/1250/1250
f 1246/1246/1246 1247/1247/1247 1250/1250/1250
f 1247/1247/1247 1245/1245/1245 1250/1250/1250
f 1251/1251/1251 1253/1253/1253 1252/1252/1252
f 1253/1253/1253 1254/1254/1254 1252/1252/1252
f 1254/1254/1254 1251/1251/1251 1252/1252/1252
f 1255/1255/1255 1257/1257/1257 1256/1256/1256
f 1257/1257/1257 1258/1258/1258 1256/1256/1256
f 1258/1258/1258 1255/1255/1255 1256/1256/1256
f 1259/1259/1259 1261/1261/1261 1260/1260/1260
f 1261/1261/1261 1262/1262/1262 1260/1260/1260
f 1262/1262/1262 1259/1259/1259 1260/1260/1260
f 1263/1263/1263 1265/1265/1265 1264/1264/1264
f 1265/1265/1265 1266/1266/1266 1264/1264/1264
f 1266/1266/1266 1263/1263/1263 1264/1264/1264
f 1267/1267/1267 1269/1269/1269 1268/1268/1268
f 1268/1268/1268 1269/1269/1269 1270/1270/1270
f 1270/1270/1270 1269/1269/1269 1267/1267/1267
f 1271/1271/1271 1273/1273/1273 1272/1272/1272
f 1272/1272/1272 1273/1273/1273 1274/1274/1274
f 1274/1274/1274 1273/1273/1273 1271/1271/1271
f 1275/1275/1275 1277/1277/1277 1276/1276/1276
f 1276/1276/1276 1277/1277/1277 1278/1278/1278
f 1278/1278/1278 1277/1277/1277 1275/1275/1275
f 1279/1279/1279 1281/1281/1281 1280/1280/1280
f 1280/1280/1280 1281/1281/1281 1282/1282/1282
f 1282/1282/1282 1281/1281/1281 1279/1279/1279
f 1283/1283/1283 1285/1285/1285 1284/1284/1284
f 1284/1284/1284 1285/1285/1285 1286/1286/1286
f 1286/1286/1286 1285/1285/1285 1283/1283/1283
f 1287/1287/1287 1289/1289/1289 1288/1288/1288
f 1288/1288/1288 1289/1289/1289 1290/1290/1290
f 1290/1290/1290 1289/1289/1289 1287/1287/1287
f 1291/1291/1291 1293/1293/1293 1292/1292/1292
f 1292/1292/1292 1293/1293/1293 1294/1294/1294
f 1294/1294/1294 1293/1293/1293 1291/1291/1291
f 1295/1295/1295 1297/1297/1297 1296/1296/1296
f 1296/1296/1296 1297/1297/1297 1298/1298/1298
f 1298/1298/1298 1297/1297/1297 1295/1295/1295
f 1299/1299/1299 1301/1301/1301 1300/1300/1300
f 1301/1301/1301 1302/1302/1302 1300/1300/1300
f 1302/1302/1302 1299/1299/1299 1300/1300/1300
f 1303/1303/1303 1305/1305/1305 1304/1304/1304
f 1305/1305/1305 1306/1306/1306 1304/1304/1304
f 1306/1306/1306 1303/1303/1303 1304/1304/1304
f 1307/1307/1307 1309/1309/1309 1308/1308/1308
f 1309/1309/1309 1310/1310/1310 1308/1308/1308
f 1310/1310/1310 1307/1307/1307 1308/1308/1308
f 1311/1311/1311 1313/1313/1313 1312/1312/1312
f 1313/1313/1313 1314/1314/1314 1312/1312/1312
f 1314/1314/1314 1311/1311/1311 1312/1312/1312
f 1315/1315/1315 1317/1317/1317 1316/1316/1316
f 1316/1316/1316 1317/1317/1317 1318/1318/1318
f 1318/1318/1318 1317/1317/1317 1315/1315/1315
f 1319/1319/1319 1321/1321/1321 1320/1320/1320
f 1320/1320/1320 1321/1321/1321 1322/1322/1322
f 1322/1322/1322 1321/1321/1321 1319/1319/1319
f 1323/1323/1323 1325/1325/1325 1324/1324/1324
f 1324/1324/1324 1325/1325/1325 1326/1326/1326
f 1326/1326/1326 1325/1325/1325 1323/1323/1323
f 1327/1327/1327 1329/1329/1329 1328/1328/1328
f 1328/1328/1328 1329/1329/1329 1330/1330/1330
f 1330/1330/1330 1329/1329/1329 1327/1327/1327
f 1331/1331/1331 1333/1333/1333 1332/1332/1332
f 1333/1333/1333 1334/1334/1334 1332/1332/1332
f 1334/1334/1334 1331/1331/1331 1332/1332/1332
f 1335/1335/1335 1337/1337/1337 1336/1336/1336
f 1337/1337/1337 1338/1338/1338 1336/1336/1336
f 1338/1338/1338 1335/1335/1335 1336/1336/1336
f 1339/1339/1339 1341/1341/1341 1340/1340/1340
f 1341/1341/1341 1342/1342/1342 1340/1340/1340
f 1342/1342/1342 1339/1339/1339 1340/1340/1340
f 1343/1343/1343 1345/1345/1345 1344/1344/1344
f 1345/1345/1345 1346/1346/1346 1344/1344/1344
f 1346/1346/1346 1343/1343/1343 1344/1344/1344
f 1347/1347/1347 1349/1349/1349 1348/1348/1348
f 1349/1349/1349 1350/1350/1350 1348/1348/1348
f 1350/1350/1350 1347/1347/1347 1348/1348/1348
f 1351/1351/1351 1353/1353/1353 1352/1352/1352
f 1353/1353/1353 1354/1354/1354 1352/1352/1352
f 1354/1354/1354 1351/1351/1351 1352/1352/1352
f 1355/1355/1355 1357/1357/1357 1356/1356/1356
f 1357/1357/1357 1358/1358/1358 1356/1356/1356
f 1358/1358/1358 1355/1355/1355 1356/1356/1356
f 1359/1359/1359 1361/1361/1361 1360/1360/1360
f 1361/1361/1361 1362/1362/1362 1360/1360/1360
f 1362/1362/1362 1359/1359/1359 1360/1360/1360
f 1363/1363/1363 1365/1365/1365 1364/1364/1364
f 1364/1364/1364 1365/1365/1365 1366/1366/1366
f 1366/1366/1366 1365/1365/1365 1363/1363/1363
f 1367/1367/1367 1369/1369/1369 1368/1368/1368
f 1368/1368/1368 1369/1369/1369 1370/1370/1370
f 1370/1370/1370 1369/1369/1369 1367/1367/1367
f 1371/1371/1371 1373/1373/1373 1372/1372/1372
f 1372/1372/1372 1373/1373/1373 1374/1374/1374
f 1374/1374/1374 1373/1373/1373 1371/1371/1371
f 1375/1375/1375 1377/1377/1377 1376/1376/1376
f 1376/1376/1376 1377/1377/1377 1378/1378/1378
f 1378/1378/1378 1377/1377/1377 1375/1375/1375
f 1379/1379/1379 1381/1381/1381 1380/1380/1380
f 1380/1380/1380 1381/1381/1381 1382/1382/1382
f 1382/1382/1382 1381/1381/1381 1379/1379/1379
f 1383/1383/1383 1385/1385/1385 1384/1384/1384
f 1384/1384/1384 1385/1385/1385 1386/1386/1386
f 1386/1386/1386 1385/1385/1385 1383/1383/1383
f 1387/1387/1387 1389/1389/1389 1388/1388/1388
f 1388/1388/1388 1389/1389/1389 1390/1390/1390
f 1390/1390/1390 1389/1389/1389 1387/1387/1387
f 1391/1391/1391 1393/1393/1393 1392/1392/1392
f 1392/1392/1392 1393/1393/1393 1394/1394/1394
f 1394/1394/1394 1393/1393/1393 1391/1391/1391
f 1395/1395/1395 1397/1397/1397 1396/1396/1396
f 1397/1397/1397 1398/1398/1398 1396/1396/1396
f 1398/1398/1398 1395/1395/1395 1396/1396/1396
f 1399/1399/1399 1401/1401/1401 1400/1400/1400
f 1401/1401/1401 1402/1402/1402 1400/1400/1400
f 1402/1402/1402 1399/1399/1399 1400/1400/1400
f 1403/1403/1403 1405/1405/1405 1404/1404/1404
f 1405/1405/1405 1406/1406/1406 1404/1404/1404
f 1406/1406/1406 1403/1403/1403 1404/1404/1404
f 1407/1407/1407 1409/1409/1409 1408/1408/1408
f 1409/1409/1409 1410/1410/1410 1408/1408/1408
f 1410/1410/1410 1407/1407/1407 1408/1408/1408
f 1411/1411/1411 1413/1413/1413 1412/1412/1412
f 1413/1413/1413 1414/1414/1414 1412/1412/1412
f 1414/1414/1414 1411/1411/1411 1412/1412/1412
f 1415/1415/1415 1417/1417/1417 1416/1416/1416
f 1417/1417/1417 1418/1418/1418 1416/1416/1416
f 1418/1418/1418 1415/1415/1415 1416/1416/1416
f 1419/1419/1419 1421/1421/1421 1420/1420/1420
f 1421/1421/1421 1422/1422/1422 1420/1420/1420
f 1422/1422/1422 1419/1419/1419 1420/1420/1420
f 1423/1423/1423 1425/1425/1425 1424/1424/1424
f 1425/1425/1425 1426/1426/1426 1424/1424/1424
f 1426/1426/1426 1423/1423/1423 1424/1424/1424
f 1427/1427/1427 1429/1429/1429 1428/1428/1428
f 1428/1428/1428 1429/1429/1429 1430/1430/1430
f 1430/1430/1430 1429/1429/1429 1427/1427/1427
f 1431/1431/1431 1433/1433/1433 1432/1432/1432
f 1432/1432/1432 1433/1433/1433 1434/1434/1434
f 1434/1434/1434 1433/1433/1433 1431/1431/1431
f 1435/1435/1435 1437/1437/1437 1436/1436/1436
f 1436/1436/1436 1437/1437/1437 1438/1438/1438
f 1438/1438/1438 1437/1437/1437 1435/1435/1435
f 1439/1439/1439 1441/1441/1441 1440/1440/1440
f 1440/1440/1440 1441/1441/1441 1442/1442/1442
f 1442/1442/1442 1441/1441/1441 1439/1439/1439
f 1443/1443/1443 1445/1445/1445 1444/1444/1444
f 1444/1444/1444 1445/1445/1445 1446/1446/1446
f 1446/1446/1446 1445/1445/1445 1443/1443/1443
f 1447/1447/1447 1449/1449/1449 1448/1448/1448
f 1448/1448/1448 1449/1449/1449 1450/1450/1450
f 1450/1450/1450 1449/1449/1449 1447/1447/1447
f 1451/1451/1451 1453/1453/1453 1452/1452/1452
f 1452/1452/1452 1453/1453/1453 1454/1454/1454
f 1454/1454/1454 1453/1453/1453 1451/1451/1451
f 1455/1455/1455 1457/1457/1457 1456/1456/1456
f 1456/1456/1456 1457/1457/1457 1458/1458/1458
f 1458/1458/1458 1457/1457/1457 1455/1455/1455
f 1459/1459/1459 1461/1461/1461 1460/1460/1460
f 1461/1461/1461 1462/1462/1462 1460/1460/1460
f 1462/1462/1462 1459/1459/1459 1460/1460/1460
f 1463/1463/1463 1465/1465/1465 1464/1464/1464
f 1465/1465/1465 1466/1466/1466 1464/1464/1464
f 1466/1466/1466 1463/1463/1463 1464/1464/1464
f 1467/1467/1467 1469/1469/1469 1468/1468/1468
f 1469/1469/1469 1470/1470/1470 1468/1468/1468
f 1470/1470/1470 1467/1467/1467 1468/1468/1468
f 1471/1471/1471 1473/1473/1473 1472/1472/1472
f 1473/1473/1473 1474/1474/1474 1472/1472/1472
f 1474/1474/1474 1471/1471/1471 1472/1472/1472
f 1475/1475/1475 1477/1477/1477 1476/1476/1476
f 1477/1477/1477 1478/1478/1478 1476/1476/1476
f 1478/1478/1478 1475/1475/1475 1476/1476/1476
f 1479/1479/1479 1481/1481/1481 1480/1480/1480
f 1481/1481/1481 1482/1482/1482 1480/1480/1480
f 1482/1482/1482 1479/1479/1479 1480/1480/1480
f 1483/1483/1483 1485/1485/1485 1484/1484/1484
f 1485/1485/1485 1486/1486/1486 1484/1484/1484
f 1486/1486/1486 1483/1483/1483 1484/1484/1484
f 1487/1487/1487 1489/1489/1489 1488/1488/1488
f 1489/1489/1489 1490/1490/1490 1488/1488/1488
f 1490/1490/1490 1487/1487/1487 1488/1488/1488
f 1491/1491/1491 1493/1493/1493 1492/1492/1492
f 1492/1492/1492 1493/1493/1493 1494/1494/1494
f 1494/1494/1494 1493/1493/1493 1491/1491/1491
f 1495/1495/1495 1497/1497/1497 1496/1496/1496
f 1496/1496/1496 1497/1497/1497 1498/1498/1498
f 1498/1498/1498 1497/1497/1497 1495/1495/1495
f 1499/1499/1499 1501/1501/1501 1500/1500/1500
f 1500/1500/1500 1501/1501/1501 1502/1502/1502
f 1502/1502/1502 1501/1501/1501 1499/1499/1499
f 1503/1503/1503 1505/1505/1505 1504/1504/1504
f 1504/1504/1504 1505/1505/1505 1506/1506/1506
f 1506/1506/1506 1505/1505/1505 1503/1503/1503

g bbbb03
# texture: bbbb03.jpg
v 147.692 227.2102 139.2386
v 172.8121 263.0854 139.2386
v 172.8129 263.0862 1498.913
v 147.6927 227.2109 1498.913
v 178.1896 232.5878 139.2386
v 142.3143 257.7078 139.2386
v 142.3151 257.7086 1498.913
v 178.1906 232.5884 1498.913
v 138.687 241.3452 139.2386
v 181.8172 248.9503 139.2386
v 181.8179 248.951 1498.913
v 138.6876 241.3461 1498.913
v 164.0545 223.5827 139.2386
v 156.4495 266.7129 139.2386
v 156.4501 266.7136 1498.913
v 164.0553 223.5834 1498.913
v 83.56099 257.1022 136.7941
v 102.0699 296.7945 136.7941
v 102.0698 296.7933 1496.468
v 83.56097 257.1009 1496.469
v 112.6616 267.6939 136.7941
v 72.9693 286.2028 136.7942
v 72.96917 286.2015 1496.469
v 112.6614 267.6926 1496.469
v 72.2383 269.4589 136.7941
v 113.3927 284.4378 136.7942
v 113.3928 284.4365 1496.469
v 72.23821 269.4576 1496.469
v 100.305 256.3711 136.7942
v 85.32599 297.5255 136.7941
v 85.32598 297.5244 1496.468
v 100.305 256.3699 1496.468
v -94.81834 231.6954 177.7625
v -116.7162 267.3362 190.7347
v -116.7169 -197.701 1468.411
v -94.81912 -233.3417 1455.438
v -86.80316 259.8044 187.9933
v -124.7312 239.2272 180.5038
v -124.7321 -225.8099 1458.18
v -86.80386 -205.2328 1465.669
v -111.4347 229.6397 177.0143
v -100.0997 269.3918 191.4829
v -100.1005 -195.6452 1469.159
v -111.4356 -235.3973 1454.69
v -84.61555 244.1899 182.3101
v -126.9189 254.8415 186.187
v -126.9196 -210.1955 1463.863
v -84.61636 -220.8471 1459.986
v -159.5009 207.7684 139.2387
v -190.4691 238.7365 139.2387
v -190.4693 238.7371 1498.913
v -159.5009 207.7689 1498.913
v -159.501 238.7366 139.2387
v -190.4691 207.7683 139.2387
v -190.4692 207.769 1498.913
v -159.5009 238.737 1498.913
v -174.9851 201.3546 139.2387
v -174.9851 245.1503 139.2387
v -174.9849 245.1508 1498.913
v -174.9849 201.3552 1498.913
v -153.0873 223.2525 139.2387
v -196.8829 223.2525 139.2387
v -196.8829 223.2529 1498.913
v -153.0872 223.2531 1498.913
vn 0.819184 -0.57353 -0.000019
vn 0.819184 -0.57353 -0.000019
vn 0.819184 -0.57353 -0.000019
vn 0.819184 -0.57353 -0.000019
vn 0.573568 0.819158 -0.000038
vn 0.573568 0.819158 -0.000038
vn 0.573568 0.819158 -0.000038
vn 0.573568 0.819158 -0.000038
vn 0.173663 -0.984805 -0.000002
vn 0.173663 -0.984805 -0.000002
vn 0.173663 -0.984805 -0.000002
vn 0.173663 -0.984805 -0.000002
vn 0.98481 0.173637 0.000019
vn 0.98481 0.173637 0.000019
vn 0.98481 0.173637 0.000019
vn 0.98481 0.173637 0.000019
vn 0.906311 -0.422611 0.000022
vn 0.906311 -0.422611 0.000022
vn 0.906311 -0.422611 0.000022
vn 0.906311 -0.422611 0.000022
vn 0.42261 0.906312 -0.000035
vn 0.42261 0.906312 -0.000035
vn 0.42261 0.906312 -0.000035
vn 0.42261 0.906312 -0.000035
vn 0.341995 -0.939702 -0.000018
vn 0.341995 -0.939702 -0.000018
vn 0.341995 -0.939702 -0.000018
vn 0.341995 -0.939702 -0.000018
vn 0.939685 0.342042 0.00003
vn 0.939685 0.342042 0.00003
vn 0.939685 0.342042 0.00003
vn 0.939685 0.342042 0.00003
vn 0.866022 0.469843 0.171035
vn 0.866022 0.469843 0.171035
vn 0.866022 0.469843 0.171035
vn 0.866022 0.469843 0.171035
vn -0.499986 0.813809 0.296192
vn -0.499986 0.813809 0.296192
vn -0.499986 0.813809 0.296192
vn -0.499986 0.813809 0.296192
vn 0.965923 -0.243206 -0.088567
vn 0.965923 -0.243206 -0.088567
vn 0.965923 -0.243206 -0.088567
vn 0.965923 -0.243206 -0.088567
vn 0.25879 0.907667 0.330407
vn 0.25879 0.907667 0.330407
vn 0.25879 0.907667 0.330407
vn 0.25879 0.907667 0.330407
vn 0.707064 0.70715 0.000013
vn 0.707115 0.707098 -0.000034
vn 0.707064 0.70715 0.000013
vn 0.707064 0.70715 0.000013
vn -0.707088 0.707126 -0.000003
vn -0.707088 0.707126 -0.000003
vn -0.707088 0.707126 -0.000003
vn -0.707088 0.707126 -0.000003
vn 1 0.000005 0.000012
vn 1 0.000005 0.000012
vn 1 0.000005 0.000012
vn 1 0.000005 0.000012
vn 0.000009 1 -0.000006
vn 0.000009 1 -0.000006
vn 0.000009 1 -0.000006
vn 0.000009 1 -0.000006
vt 0.9995 0.0243
vt 0.9995 0.9757
vt 0.0005 0.9757
vt 0.0005 0.0243
vt 0.9995 0.0243
vt 0.9995 0.9757
vt 0.0005 0.9757
vt 0.0005 0.0243
vt 0.9995 0.0243
vt 0.9995 0.9757
vt 0.0005 0.9757
vt 0.0005 0.0243
vt 0.9995 0.0243
vt 0.9995 0.9757
vt 0.0005 0.9757
vt 0.0005 0.0243
vt 0.9995 0.0243
vt 0.9995 0.9757
vt 0.0005 0.9757
vt 0.0005 0.0243
vt 0.9995 0.0243
vt 0.9995 0.9757
vt 0.0005 0.9757
vt 0.0005 0.0243
vt 0.9995 0.0243
vt 0.9995 0.9757
vt 0.0005 0.9757
vt 0.0005 0.0243
vt 0.9995 0.0243
vt 0.9995 0.9757
vt 0.0005 0.9757
vt 0.0005 0.0243
vt 0.9995 0.0243
vt 0.9995 0.9757
vt 0.0005 0.9757
vt 0.0005 0.0243
vt 0.9995 0.0243
vt 0.9995 0.9757
vt 0.0005 0.9757
vt 0.0005 0.0243
vt 0.9995 0.0243
vt 0.9995 0.9757
vt 0.0005 0.9757
vt 0.0005 0.0243
vt 0.9995 0.0243
vt 0.9995 0.9757
vt 0.0005 0.9757
vt 0.0005 0.0243
vt 0.9995 0.0243
vt 0.9995 0.9757
vt 0.0005 0.9757
vt 0.0005 0.0243
vt 0.9995 0.0243
vt 0.9995 0.9757
vt 0.0005 0.9757
vt 0.0005 0.0243
vt 0.9995 0.0243
vt 0.9995 0.9757
vt 0.0005 0.9757
vt 0.0005 0.0243
vt 0.9995 0.0243
vt 0.9995 0.9757
vt 0.0005 0.9757
vt 0.0005 0.0243
f 1507/1507/1507 1509/1509/1509 1508/1508/1508
f 1509/1509/1509 1507/1507/1507 1510/1510/1510
f 1511/1511/1511 1513/1513/1513 1512/1512/1512
f 1513/1513/1513 1511/1511/1511 1514/1514/1514
f 1515/1515/1515 1517/1517/1517 1516/1516/1516
f 1517/1517/1517 1515/1515/1515 1518/1518/1518
f 1519/1519/1519 1521/1521/1521 1520/1520/1520
f 1521/1521/1521 1519/1519/1519 1522/1522/1522
f 1523/1523/1523 1525/1525/1525 1524/1524/1524
f 1525/1525/1525 1523/1523/1523 1526/1526/1526
f 1527/1527/1527 1529/1529/1529 1528/1528/1528
f 1529/1529/1529 1527/1527/1527 1530/1530/1530
f 1531/1531/1531 1533/1533/1533 1532/1532/1532
f 1533/1533/1533 1531/1531/1531 1534/1534/1534
f 1535/1535/1535 1537/1537/1537 1536/1536/1536
f 1537/1537/1537 1535/1535/1535 1538/1538/1538
f 1539/1539/1539 1541/1541/1541 1540/1540/1540
f 1541/1541/1541 1539/1539/1539 1542/1542/1542
f 1543/1543/1543 1545/1545/1545 1544/1544/1544
f 1545/1545/1545 1543/1543/1543 1546/1546/1546
f 1547/1547/1547 1549/1549/1549 1548/1548/1548
f 1549/1549/1549 1547/1547/1547 1550/1550/1550
f 1551/1551/1551 1553/1553/1553 1552/1552/1552
f 1553/1553/1553 1551/1551/1551 1554/1554/1554
f 1555/1555/1555 1557/1557/1557 1556/1556/1556
f 1557/1557/1557 1555/1555/1555 1558/1558/1558
f 1559/1559/1559 1561/1561/1561 1560/1560/1560
f 1561/1561/1561 1559/1559/1559 1562/1562/1562
f 1563/1563/1563 1565/1565/1565 1564/1564/1564
f 1565/1565/1565 1563/1563/1563 1566/1566/1566
f 1567/1567/1567 1569/1569/1569 1568/1568/1568
f 1569/1569/1569 1567/1567/1567 1570/1570/1570

g bbbb
# texture: bbbb.jpg
# MU2_BGFX: mesh 0 again, 0.5 units out along its normals so the weld keeps it apart, under bbbb.jpg -- RenderMesh(0, ..., b->IndexTexture[6]), ZzzObject.cpp:2635-2641
v 101.7722 21.5201 49.7388
v 57.0850 7.3418 52.6407
v 32.5752 7.2724 -88.3494
v 73.7755 26.3430 -23.6573
v -0.0624 -4.6845 55.9510
v 87.5924 43.0495 -21.5362
v 112.0384 40.7426 47.0263
v -0.0364 159.8510 187.4911
v -0.0364 144.9500 218.8022
v 32.1478 152.7557 189.9339
v -0.0364 192.7040 52.6450
v 56.0443 150.0328 121.8974
v 61.1698 155.1874 43.4646
v -0.0364 129.3247 237.9128
v 50.7201 107.1027 215.8318
v 54.4596 115.8972 203.2932
v 69.8438 111.5449 167.7709
v 49.3299 118.8007 199.1147
v 87.4090 126.0145 44.3264
v 62.3768 127.9472 -40.5472
v 32.5943 162.3256 -49.3109
v -0.0364 116.1109 244.6193
v 51.7817 99.7109 217.5336
v 92.6687 97.3486 145.6528
v 117.3732 118.1274 44.9417
v 88.9611 117.8329 15.0812
v -0.0364 74.1060 251.5685
v 61.2250 69.5774 214.8805
v 59.8250 91.1902 223.8284
v -0.0364 98.1282 256.9698
v 98.9480 51.6613 133.5796
v 103.8764 80.9824 142.0962
v 108.7824 68.5141 43.1557
v 117.6526 90.6369 23.5130
v 90.7507 66.3662 -22.6220
v 100.6673 87.7335 -24.5388
v 98.6056 106.7155 10.1307
v -30.8310 0.1212 -156.1547
v -20.1234 -0.3224 -116.0197
v 10.0500 23.7433 -170.6602
v 66.0911 24.8644 -93.6535
v -28.9974 -1.9058 -187.9225
v 79.3534 46.5603 -100.3996
v 8.5734 45.9625 -171.6852
v -19.5371 137.2014 -158.4288
v 36.1564 140.4780 -107.7930
v -5.3593 104.2922 -173.8467
v -0.0169 158.1315 -135.5525
v 8.1523 159.5477 -123.4856
v 50.4947 112.9213 -108.1790
v -33.7085 125.7946 -167.5421
v -26.5188 84.8377 -196.9631
v 72.0453 86.4160 -104.1593
v 12.1478 78.0635 -174.2130
v 84.6230 106.1184 -29.4142
v -25.9478 55.4961 -198.9624
v -0.0364 316.5838 -73.1326
v -0.0364 305.2259 -43.3628
v 5.4163 302.0470 -47.6780
v 0.1734 298.7814 -52.1289
v 8.9626 245.9628 -0.1817
v 9.6960 192.6436 30.7840
v -0.0364 254.2691 7.9473
v 0.1863 240.8847 -7.4817
v 0.1633 194.6312 15.9531
v 8.1897 268.7200 -18.4501
v -0.0364 274.5041 -11.8187
v 0.1699 262.4555 -22.7168
v -0.0364 187.1756 -170.0413
v 0.1445 186.4859 -149.1101
v 5.4210 181.1704 -153.2104
v -0.0364 176.4942 -154.9694
v 0.1685 166.3990 -111.4003
v -0.0364 228.7459 -118.0627
v 0.1314 229.5416 -99.1959
v 5.4146 225.1221 -102.1949
v 0.1773 220.5836 -105.3399
v 0.0502 188.0968 -52.5076
v 8.9382 186.9139 -62.9759
v 8.1908 201.1486 -74.7305
v 0.3451 207.7288 -70.0667
v 0.1050 181.8556 -71.6520
v 0.1802 194.5159 -79.5181
v 42.7628 176.2704 -283.1636
v 29.6435 185.6331 -267.5287
v 34.8063 179.5982 -264.0456
v 30.6657 173.4135 -268.4146
v -3.8226 168.7058 -211.6727
v -34.1677 169.5404 -168.5015
v -23.2895 149.7134 -171.0398
v -11.7092 181.9733 -218.2366
v -10.7391 158.6933 -219.0846
v -26.0534 145.2338 -197.1813
v -27.3644 158.2022 -143.2744
v 14.6808 176.2981 -235.0952
v 7.1685 186.3000 -240.7440
v 9.0571 167.0122 -242.6615
v 25.3506 -13.8859 -262.4125
v 20.1328 -6.6841 -255.9174
v 24.3225 -14.2616 -251.5739
v 18.5072 -19.4396 -254.2568
v -5.7325 1.9159 -201.6639
v -26.8245 31.6872 -196.0818
v -12.1918 10.5324 -188.5966
v -15.5321 17.7841 -213.2587
v -18.7590 -7.9303 -209.8171
v 5.7622 -3.4337 -224.4742
v -0.9288 6.1506 -230.6396
v -2.5334 -12.5084 -229.1818
v 11.3579 56.8676 -245.7367
v 5.4093 64.8563 -238.3978
v 9.5348 58.8931 -233.9882
v 4.4246 52.7119 -237.1593
v -7.3664 72.0897 -195.0567
v 2.1173 64.9340 -212.3602
v -7.9237 74.0220 -222.2044
v -9.4899 55.7380 -220.4790
v 130.0276 149.4090 -117.9956
v 123.8886 152.4790 -96.3309
v 129.1654 148.6358 -96.4428
v 125.6483 143.7069 -98.9811
v 113.6590 126.3881 -18.6241
v 94.0305 122.4380 26.7176
v 104.3892 111.7016 23.6645
v 104.9587 135.3440 -19.2656
v 107.9723 118.7316 -22.7961
v 122.8690 140.0472 -60.6545
v 114.9867 146.5472 -60.9104
v 118.5899 132.8720 -63.1492
v 146.2643 56.5996 -43.3784
v 143.2668 60.6251 -32.7796
v 146.6614 56.6922 -30.6640
v 143.8461 51.4342 -32.6813
v 122.7156 57.1549 26.1832
v 117.3177 65.8172 24.8361
v 118.6939 46.9007 25.1310
v 120.2111 147.7079 -98.8487
v 98.9650 124.9495 -22.5550
v 109.4340 138.6225 -64.2695
v 138.9074 55.7301 -34.0663
v 111.4154 58.1439 19.7704
v 63.1967 99.0183 220.4167
v 62.4298 96.4920 217.9506
v 47.4351 101.0992 224.1236
v 62.9208 92.4367 225.9734
v 49.3748 97.3199 230.2982
v 58.8922 87.7368 219.7246
v 90.7037 89.6014 211.2797
v 86.8041 84.8159 205.3106
v 90.3678 82.9877 216.8829
v 86.4525 78.1290 210.8836
v 104.8243 78.1749 204.1617
v 98.2664 79.5874 198.6936
v 100.3703 71.7230 207.8464
v 93.8096 73.1273 202.3851
v 125.4770 42.1900 168.2377
v 119.7284 43.5764 163.7133
v 121.6686 36.5987 171.3278
v 115.9197 37.9898 166.8028
v 128.9520 38.7559 154.2410
v 122.5365 40.3305 154.0018
v 127.4657 32.5287 152.6503
v 121.0484 34.1028 152.4109
v 128.7712 51.1244 101.6920
v 133.6647 49.9552 103.5086
v 140.5988 40.9440 72.0880
v 132.2243 44.8436 104.0635
v 127.3362 46.0095 102.2495
v 132.1135 49.2900 113.5106
v 126.5451 50.6452 113.2964
v 130.8583 43.9068 112.0016
v 125.2895 45.2613 111.7893
v -0.0364 34.8776 249.4158
v -0.0364 12.1102 216.6700
v 35.3003 19.0094 214.5627
v 57.2554 26.6570 218.6567
v 57.0797 7.4240 131.7385
v 92.5116 15.5011 131.2307
v -0.0364 -3.8224 126.9327
v 63.0509 48.0773 214.1901
v -0.0364 51.1094 255.6791
v 101.9120 32.4277 131.0620
v 61.0012 58.3213 209.7898
v -0.0364 66.7539 247.6004
v 98.7532 45.7520 130.9821
v -0.0364 47.6734 203.6578
v -0.0364 53.0775 234.1945
v 35.1901 51.2798 201.8531
v 54.0897 55.1558 202.8329
v 56.9411 31.8597 132.4701
v 89.0185 45.2865 134.0960
v 56.9064 36.6231 18.3871
v 95.4215 61.8426 22.0081
v -0.0364 35.9815 124.3564
v -0.0364 30.3280 21.1658
v -101.8450 21.5201 49.7388
v -32.6873 7.2846 -88.2876
v -57.1578 7.3418 52.6407
v -73.8483 26.3430 -23.6573
v -87.6652 43.0495 -21.5362
v -112.1112 40.7426 47.0263
v -32.2206 152.7557 189.9339
v -56.1171 150.0328 121.8974
v -61.2427 155.1874 43.4646
v -50.7929 107.1027 215.8318
v -54.5324 115.8972 203.2932
v -69.9166 111.5449 167.7709
v -49.4028 118.8007 199.1147
v -87.4818 126.0145 44.3264
v -62.4496 127.9472 -40.5472
v -32.6671 162.3256 -49.3109
v -51.8131 99.7353 217.5417
v -92.7415 97.3486 145.6528
v -117.4460 118.1274 44.9417
v -89.0339 117.8329 15.0812
v -59.8656 90.9552 223.8691
v -61.2978 69.5774 214.8805
v -103.9492 80.9824 142.0962
v -99.0208 51.6613 133.5796
v -117.7254 90.6369 23.5130
v -108.8552 68.5141 43.1557
v -100.7401 87.7335 -24.5388
v -90.8235 66.3662 -22.6220
v -98.6784 106.7155 10.1307
v -73.4533 23.7570 -148.3269
v -66.1882 24.8729 -93.5521
v -79.4665 46.5780 -100.2618
v -72.6699 45.9759 -149.9535
v -41.7197 137.1869 -152.4200
v -61.7058 104.3069 -158.7141
v -36.2500 140.5527 -107.5820
v -8.2251 159.5477 -123.4856
v -50.5984 112.9501 -108.0334
v -77.0219 78.0673 -150.3744
v -72.1819 86.4443 -103.9621
v -84.6958 106.1184 -29.4142
v -5.4891 302.0470 -47.6780
v -9.0354 245.9628 -0.1817
v -9.7688 192.6436 30.7840
v -8.2625 268.7200 -18.4501
v -5.4938 181.1704 -153.2104
v -5.4874 225.1221 -102.1949
v -8.2636 201.1486 -74.7305
v -9.0110 186.9139 -62.9759
v 25.3169 179.5982 -272.0081
v -19.6480 168.6979 -224.7655
v -44.8457 149.8035 -165.6679
v 0.3011 176.2980 -247.1611
v 14.8551 -14.2616 -259.5179
v -29.1395 1.9197 -221.1963
v -43.2555 10.6084 -196.9048
v -8.6098 -3.4337 -236.5338
v 0.1045 58.8931 -241.9013
v -19.9371 64.9289 -230.8179
v -44.1535 72.1101 -204.9381
v -130.1004 149.4090 -117.9957
v -129.2382 148.6358 -96.4428
v -123.9614 152.4790 -96.3309
v -125.7211 143.7069 -98.9810
v -113.7318 126.3881 -18.6241
v -104.4620 111.7016 23.6645
v -94.1033 122.4380 26.7176
v -105.0315 135.3440 -19.2656
v -108.0451 118.7316 -22.7961
v -122.9418 140.0472 -60.6545
v -115.0595 146.5472 -60.9104
v -118.6627 132.8720 -63.1492
v -146.3372 56.5996 -43.3784
v -146.7342 56.6922 -30.6640
v -143.3396 60.6251 -32.7796
v -143.9189 51.4342 -32.6813
v -122.7884 57.1549 26.1832
v -117.3905 65.8172 24.8361
v -118.7668 46.9007 25.1310
v -120.2839 147.7079 -98.8486
v -99.0378 124.9495 -22.5550
v -109.5068 138.6225 -64.2695
v -138.9802 55.7301 -34.0663
v -111.4882 58.1439 19.7704
v -60.0211 96.2572 215.7115
v -61.9334 102.9017 221.0011
v -47.4167 101.1098 224.1069
v -64.1278 97.3410 227.2062
v -49.4253 97.1323 230.4119
v -62.2850 90.6939 221.9904
v -88.7289 96.2754 206.0374
v -90.6942 102.9585 211.2152
v -92.9758 97.4237 217.4715
v -90.9952 90.7560 212.2866
v -96.9666 93.7440 202.7123
v -101.9487 100.8059 202.3515
v -108.1988 96.5601 206.5307
v -103.2021 89.4993 206.8944
v -116.9393 77.0637 154.7661
v -121.2641 83.1178 154.3056
v -126.7597 79.4528 157.7549
v -122.4336 73.4005 158.2139
v -122.3576 70.9323 141.0788
v -126.3479 75.3462 138.2092
v -131.6130 72.1460 140.6290
v -127.6211 67.7323 143.5019
v -124.1385 40.8554 98.2100
v -122.0778 41.2823 64.8758
v -127.3944 44.9834 97.3979
v -131.5299 41.6984 96.8427
v -128.2792 37.5487 97.6486
v -127.0787 50.6720 103.8669
v -123.6293 46.9016 106.4334
v -131.6632 47.8751 105.9162
v -128.2077 44.0984 108.4781
v -35.3731 19.0094 214.5627
v -57.3283 26.6570 218.6567
v -57.1525 7.4240 131.7385
v -92.5845 15.5011 131.2307
v -63.1237 48.0773 214.1901
v -101.9848 32.4277 131.0620
v -61.0740 58.3213 209.7898
v -98.8260 45.7520 130.9821
v -35.2629 51.2798 201.8531
v -54.1625 55.1558 202.8329
v -57.0139 31.8597 132.4701
v -89.0913 45.2865 134.0960
v -56.9792 36.6231 18.3871
v -95.4943 61.8426 22.0081
v 90.1836 42.6052 108.4063
v 111.6632 49.0228 119.9098
v 106.9749 53.7596 111.2024
v 90.9253 35.0233 116.2296
v 119.0096 44.2313 113.3380
v 94.1706 27.7203 108.8047
v 114.2985 48.9732 104.6324
v 93.4289 35.3021 100.9814
v 119.6330 62.3578 119.2561
v 115.0896 62.3392 112.4979
v 126.3731 62.2308 114.6896
v 121.8036 62.2162 107.9123
v 121.2351 84.5180 112.0380
v 91.9652 43.3694 132.2154
v 106.4342 52.0372 139.2414
v 101.7298 54.3094 133.0407
v 94.5049 38.2107 137.9103
v 112.2795 49.8770 134.0305
v 97.7610 33.5327 132.1812
v 107.5565 52.1577 127.8131
v 95.2214 38.6914 126.4863
v 105.9325 73.7523 133.9331
v 18.2955 57.2279 236.5561
v 20.9856 62.4013 253.8724
v 23.1606 66.2498 247.0751
v 15.3123 50.9746 240.7385
v 28.6878 60.1044 255.0506
v 21.9577 46.7023 239.0371
v 30.8652 63.9664 248.2309
v 24.9409 52.9556 234.8547
v 24.5040 84.4523 255.0345
v 56.1761 54.9108 213.8132
v 58.8662 60.0842 231.1295
v 61.0412 63.9327 224.3322
v 53.1929 48.6575 217.9956
v 66.5684 57.7873 232.3076
v 59.8383 44.3853 216.2942
v 68.7458 61.6493 225.4880
v 62.8215 50.6385 212.1118
v 62.3846 82.1352 232.2916
v 66.6762 48.7074 188.1640
v 77.8793 56.5001 200.3138
v 75.4538 59.3830 193.1340
v 67.2694 43.0273 193.8979
v 85.1498 54.7218 197.1571
v 72.3057 38.8262 189.1761
v 82.7122 57.6148 189.9561
v 71.7125 44.5063 183.4422
v 78.8321 78.6050 197.0821
v 80.9538 45.8619 156.9254
v 92.7935 52.6487 169.0751
v 90.6284 55.7320 161.8952
v 81.0498 40.1517 162.6592
v 99.8813 50.2434 165.9183
v 85.7007 35.5277 157.9372
v 97.7052 53.3378 158.7174
v 85.6048 41.2379 152.2034
v 95.6693 74.5863 165.8433
v 31.5131 57.9472 229.7967
v 28.4268 52.0532 234.1976
v 36.2300 78.2021 239.8306
v 35.0616 47.7833 232.7394
v 36.2300 78.2021 239.8306
v 38.2032 53.7219 228.4073
v 36.2300 78.2021 239.8306
v 36.2300 78.2021 239.8306
v 42.4676 58.6072 224.3194
v 39.3814 52.7131 228.7203
v 47.1845 78.8620 234.3532
v 46.0161 48.4432 227.2621
v 47.1845 78.8620 234.3532
v 49.1578 54.3819 222.9300
v 47.1845 78.8620 234.3532
v 47.1845 78.8620 234.3532
v 62.9570 54.6822 203.8217
v 63.4216 48.7881 209.1767
v 73.0199 74.9370 208.4759
v 67.5667 44.5182 203.7949
v 73.0199 74.9370 208.4759
v 67.1889 50.4569 198.4569
v 73.0199 74.9370 208.4759
v 73.0199 74.9370 208.4759
v 76.7417 49.1868 174.3335
v 77.2063 43.2927 179.6885
v 86.8047 69.4417 178.9877
v 81.3514 39.0228 174.3067
v 86.8047 69.4417 178.9877
v 80.9736 44.9615 168.9687
v 86.8047 69.4417 178.9877
v 86.8047 69.4417 178.9877
v 89.4216 46.6885 146.0974
v 89.8862 40.7945 151.4524
v 99.4846 66.9434 150.7516
v 94.0313 36.5246 146.0706
v 99.4846 66.9434 150.7516
v 93.6535 42.4632 140.7326
v 99.4846 66.9434 150.7516
v 99.4846 66.9434 150.7516
v -91.0071 42.6052 108.4064
v -107.7984 53.7596 111.2024
v -112.4867 49.0228 119.9099
v -91.7488 35.0233 116.2296
v -119.8331 44.2313 113.3380
v -94.9941 27.7203 108.8047
v -115.1220 48.9732 104.6325
v -94.2524 35.3021 100.9814
v -115.9132 62.3392 112.4980
v -120.4566 62.3578 119.2561
v -127.1966 62.2308 114.6896
v -122.6271 62.2162 107.9123
v -122.0586 84.5180 112.0381
v -92.7887 43.3694 132.2154
v -102.5533 54.3094 133.0407
v -107.2578 52.0372 139.2414
v -95.3284 38.2107 137.9103
v -113.1031 49.8770 134.0305
v -98.5846 33.5327 132.1812
v -108.3801 52.1577 127.8131
v -96.0449 38.6914 126.4863
v -106.7560 73.7523 133.9331
v -19.1191 57.2279 236.5561
v -23.9842 66.2498 247.0751
v -21.8092 62.4013 253.8724
v -16.1358 50.9746 240.7385
v -29.5113 60.1044 255.0506
v -22.7812 46.7023 239.0371
v -31.6887 63.9664 248.2309
v -25.7644 52.9556 234.8547
v -25.3276 84.4523 255.0345
v -56.9997 54.9108 213.8132
v -61.8648 63.9327 224.3322
v -59.6898 60.0842 231.1295
v -54.0164 48.6575 217.9956
v -67.3920 57.7873 232.3076
v -60.6618 44.3853 216.2942
v -69.5693 61.6493 225.4880
v -63.6450 50.6385 212.1118
v -63.2082 82.1352 232.2916
v -67.4998 48.7074 188.1640
v -76.2773 59.3830 193.1340
v -78.7029 56.5001 200.3139
v -68.0929 43.0273 193.8980
v -85.9733 54.7218 197.1571
v -73.1292 38.8262 189.1761
v -83.5357 57.6148 189.9561
v -72.5360 44.5063 183.4422
v -79.6557 78.6050 197.0821
v -81.7774 45.8619 156.9254
v -91.4520 55.7320 161.8953
v -93.6170 52.6487 169.0751
v -81.8732 40.1517 162.6592
v -100.7049 50.2434 165.9183
v -86.5243 35.5277 157.9372
v -98.5287 53.3378 158.7174
v -86.4283 41.2379 152.2034
v -96.4928 74.5863 165.8434
v -32.3366 57.9472 229.7967
v -37.0535 78.2021 239.8306
v -29.2504 52.0532 234.1976
v -37.0535 78.2021 239.8306
v -35.8851 47.7833 232.7394
v -37.0535 78.2021 239.8306
v -39.0268 53.7219 228.4073
v -37.0535 78.2021 239.8306
v -43.2912 58.6072 224.3194
v -48.0081 78.8620 234.3533
v -40.2049 52.7131 228.7203
v -48.0081 78.8620 234.3533
v -46.8397 48.4432 227.2621
v -48.0081 78.8620 234.3533
v -49.9814 54.3819 222.9300
v -48.0081 78.8620 234.3533
v -63.7805 54.6822 203.8217
v -73.8435 74.9370 208.4759
v -64.2451 48.7881 209.1768
v -73.8435 74.9370 208.4759
v -68.3903 44.5182 203.7949
v -73.8435 74.9370 208.4759
v -68.0124 50.4569 198.4569
v -73.8435 74.9370 208.4759
v -77.5653 49.1868 174.3335
v -87.6282 69.4417 178.9878
v -78.0299 43.2927 179.6886
v -87.6282 69.4417 178.9878
v -82.1750 39.0228 174.3067
v -87.6282 69.4417 178.9878
v -81.7972 44.9615 168.9687
v -87.6282 69.4417 178.9878
v -90.2451 46.6885 146.0974
v -100.3081 66.9434 150.7517
v -90.7097 40.7945 151.4525
v -100.3081 66.9434 150.7517
v -94.8549 36.5246 146.0706
v -100.3081 66.9434 150.7517
v -94.4770 42.4632 140.7326
v -100.3081 66.9434 150.7517
v 8.2354 71.7201 242.6966
v 12.9523 51.4652 252.7305
v 5.1491 77.6141 247.0975
v 12.9523 51.4652 252.7305
v 11.7839 81.8840 245.6393
v 12.9523 51.4652 252.7305
v 14.9255 75.9454 241.3072
v 12.9523 51.4652 252.7305
v 48.1650 72.1976 219.0934
v 52.8819 51.9427 229.1272
v 45.0788 78.0916 223.4943
v 52.8819 51.9427 229.1272
v 51.7135 82.3615 222.0361
v 52.8819 51.9427 229.1272
v 54.8552 76.4229 217.7040
v 52.8819 51.9427 229.1272
v 59.7728 70.1491 210.7602
v 69.8358 49.8942 215.4144
v 60.2374 76.0431 216.1152
v 69.8358 49.8942 215.4144
v 64.3825 80.3130 210.7334
v 69.8358 49.8942 215.4144
v 64.0047 74.3744 205.3954
v 69.8358 49.8942 215.4144
v 71.7641 67.7978 183.4740
v 81.8271 47.5429 188.1284
v 72.2287 73.6918 188.8291
v 81.8271 47.5429 188.1284
v 76.3739 77.9617 183.4472
v 81.8271 47.5429 188.1284
v 75.9960 72.0231 178.1092
v 81.8271 47.5429 188.1284
v 89.4216 71.0196 152.4656
v 99.4846 50.7647 157.1198
v 89.8862 76.9136 157.8206
v 99.4846 50.7647 157.1198
v 94.0313 81.1835 152.4388
v 99.4846 50.7647 157.1198
v 93.6535 75.2449 147.1008
v 99.4846 50.7647 157.1198
v 80.2325 67.7978 169.3387
v 90.2955 47.5429 173.9929
v 80.6971 73.6918 174.6937
v 90.2955 47.5429 173.9929
v 84.8423 77.9617 169.3119
v 90.2955 47.5429 173.9929
v 84.4644 72.0231 163.9738
v 90.2955 47.5429 173.9929
v 35.8182 69.1982 226.2430
v 40.5351 48.9434 236.2769
v 32.7320 75.0923 230.6439
v 40.5351 48.9434 236.2769
v 39.3667 79.3622 229.1857
v 40.5351 48.9434 236.2769
v 42.5084 73.4235 224.8536
v 40.5351 48.9434 236.2769
v 23.4942 74.0611 233.8429
v 28.2111 53.8063 243.8767
v 20.4080 79.9552 238.2438
v 28.2111 53.8063 243.8767
v 27.0427 84.2251 236.7856
v 28.2111 53.8063 243.8767
v 30.1844 78.2864 232.4535
v 28.2111 53.8063 243.8767
v 64.6741 67.7978 197.6267
v 74.7370 47.5429 202.2810
v 65.1387 73.6918 202.9818
v 74.7370 47.5429 202.2810
v 69.2838 77.9617 197.5999
v 74.7370 47.5429 202.2810
v 68.9060 72.0231 192.2619
v 74.7370 47.5429 202.2810
v -7.8085 71.7201 242.6966
v -4.7222 77.6141 247.0975
v -12.5254 51.4652 252.7305
v -11.3570 81.8840 245.6393
v -12.5254 51.4652 252.7305
v -14.4986 75.9454 241.3072
v -12.5254 51.4652 252.7305
v -12.5254 51.4652 252.7305
v -47.7381 72.1976 219.0934
v -44.6519 78.0916 223.4943
v -52.4550 51.9427 229.1272
v -51.2866 82.3615 222.0361
v -52.4550 51.9427 229.1272
v -54.4283 76.4229 217.7040
v -52.4550 51.9427 229.1272
v -52.4550 51.9427 229.1272
v -59.3459 70.1491 210.7602
v -59.8105 76.0431 216.1152
v -69.4088 49.8942 215.4144
v -63.9556 80.3130 210.7334
v -69.4088 49.8942 215.4144
v -63.5778 74.3744 205.3954
v -69.4088 49.8942 215.4144
v -69.4088 49.8942 215.4144
v -71.3372 67.7978 183.4740
v -71.8018 73.6918 188.8291
v -81.4002 47.5429 188.1283
v -75.9470 77.9617 183.4472
v -81.4002 47.5429 188.1283
v -75.5691 72.0231 178.1092
v -81.4002 47.5429 188.1283
v -81.4002 47.5429 188.1283
v -88.9947 71.0196 152.4656
v -89.4593 76.9136 157.8206
v -99.0576 50.7647 157.1199
v -93.6044 81.1835 152.4388
v -99.0576 50.7647 157.1199
v -93.2266 75.2449 147.1008
v -99.0576 50.7647 157.1199
v -99.0576 50.7647 157.1199
v -79.8056 67.7978 169.3387
v -80.2702 73.6918 174.6937
v -89.8686 47.5429 173.9929
v -84.4154 77.9617 169.3119
v -89.8686 47.5429 173.9929
v -84.0375 72.0231 163.9739
v -89.8686 47.5429 173.9929
v -89.8686 47.5429 173.9929
v -35.3913 69.1982 226.2430
v -32.3051 75.0923 230.6439
v -40.1082 48.9434 236.2769
v -38.9398 79.3622 229.1857
v -40.1082 48.9434 236.2769
v -42.0815 73.4235 224.8536
v -40.1082 48.9434 236.2769
v -40.1082 48.9434 236.2769
v -23.0673 74.0611 233.8429
v -19.9811 79.9552 238.2438
v -27.7842 53.8063 243.8767
v -26.6158 84.2251 236.7856
v -27.7842 53.8063 243.8767
v -29.7575 78.2864 232.4535
v -27.7842 53.8063 243.8767
v -27.7842 53.8063 243.8767
v -64.2472 67.7978 197.6267
v -64.7118 73.6918 202.9818
v -74.3101 47.5429 202.2811
v -68.8569 77.9617 197.5999
v -74.3101 47.5429 202.2811
v -68.4791 72.0231 192.2619
v -74.3101 47.5429 202.2811
v -74.3101 47.5429 202.2811
vn 0.682579 -0.709378 -0.175695
vn 0.237293 -0.97127 -0.018099
vn 0.373721 -0.916152 -0.144908
vn 0.708021 -0.67882 -0.194706
vn -0.0521 -0.998591 -0.0101
vn 0.851291 -0.438196 -0.288597
vn 0.916121 -0.392109 0.083502
vn 0 0.942185 0.335095
vn 0 0.79201 0.610508
vn 0.532277 0.765466 0.361584
vn 0 0.932067 0.362287
vn 0.705107 0.684407 0.185502
vn 0.656966 0.751861 -0.055697
vn 0 0.527714 0.849422
vn 0.649787 0.519389 0.554989
vn 0.538724 0.736533 0.409018
vn 0.742027 0.619022 0.257309
vn 0.608304 0.722305 0.329002
vn 0.530716 0.847525 -0.0065
vn 0.752377 0.622281 -0.216093
vn 0.685695 0.701395 -0.194599
vn 0 0.510416 0.859928
vn 0.569604 0.793706 0.213502
vn 0.69232 0.640518 0.33231
vn 0.714162 0.691863 -0.106294
vn -0.0506 0.833101 -0.550801
vn 0 -0.291794 0.956481
vn 0.752701 -0.2535 0.607601
vn 0.758806 0.246902 0.602705
vn 0 0.6 0.8
vn 0.940329 -0.274109 0.201606
vn 0.94462 0.048201 0.324607
vn 0.907775 0.402489 0.118097
vn 0.981717 0.190303 0.004
vn 0.96782 -0.099802 -0.231005
vn 0.955268 0.090697 -0.281491
vn 0.897614 0.320405 -0.302705
vn -0.041599 -0.999073 -0.0111
vn -0.130394 -0.99145 0.0049
vn 0.655787 -0.559289 -0.50709
vn 0.655412 -0.727114 -0.204304
vn -0.0108 -0.999216 0.038101
vn 0.894927 -0.225207 -0.385212
vn 0.661611 -0.049501 -0.748212
vn 0.746519 0.415711 -0.519513
vn 0.696318 0.521613 -0.493013
vn 0.514898 0.470498 -0.716597
vn 0.039 0.187498 -0.98149
vn 0.922682 0.210096 -0.323294
vn 0.757339 0.501526 -0.418222
vn 0.042799 0.112997 -0.992673
vn 0.254102 0.808505 -0.530803
vn 0.789588 0.320495 -0.523292
vn 0.683509 0.103201 -0.72261
vn 0.740116 0.617114 -0.267206
vn 0.339614 -0.734731 -0.587225
vn -0 0.668771 -0.743468
vn -0 0.844094 0.536196
vn 0.97691 0.202202 0.069001
vn 0.419587 -0.612981 -0.669479
vn 0.994082 -0.047299 -0.097798
vn 0.927176 0.306092 -0.215994
vn 0 0.649803 0.760103
vn 0.44548 -0.454979 -0.771065
vn 0.399411 0.821023 -0.407912
vn 0.997476 -0.0002 -0.070998
vn -0 0.708406 0.705806
vn 0.412604 -0.551605 -0.724907
vn 0 0.181191 -0.983448
vn 0.36171 0.901425 0.237907
vn 0.98643 0.141005 -0.084103
vn 0 -0.77642 -0.630216
vn 0.409899 0.912098 -0.0078
vn 0 0.408892 -0.912583
vn 0.335693 0.903282 0.267195
vn 0.97364 0.227609 -0.014801
vn 0.427324 -0.686139 -0.588734
vn 0.173194 0.857371 0.484684
vn 0.945156 0.180692 -0.272087
vn 0.999569 0.020399 -0.021099
vn 0.762957 0.490673 0.420876
vn 0.282889 0.321787 -0.903564
vn 0.433195 -0.554694 -0.710392
vn 0.642684 -0.0196 -0.765881
vn 0.143004 0.974925 -0.170504
vn 0.839941 0.191609 0.507725
vn 0.423298 -0.891697 0.160299
vn 0.866907 -0.088201 0.490604
vn 0.0147 0.911698 0.410599
vn 0.963272 -0.264592 0.045799
vn -0.112404 0.981734 0.153505
vn 0.507302 -0.861203 0.0312
vn 0.880443 -0.443122 0.168708
vn -0.071098 0.969466 -0.234692
vn 0.7977 -0.0207 0.6027
vn -0.0256 0.999207 0.0305
vn 0.468012 -0.877023 0.108603
vn 0.619894 -0.264697 -0.738693
vn 0.580564 0.80235 -0.138491
vn 0.93189 0.080499 0.353696
vn 0.016799 -0.999657 -0.020099
vn 0.875168 -0.138795 0.463483
vn 0.202389 0.473273 -0.857351
vn 0.865015 -0.500109 0.040501
vn 0.703219 0.710519 0.025401
vn -0.146601 -0.962109 0.229902
vn 0.849585 -0.050899 0.524991
vn 0.660878 0.740675 0.120996
vn -0.082297 -0.991768 0.098097
vn 0.635611 -0.148903 -0.757513
vn 0.566383 0.805175 -0.175795
vn 0.95331 0.165202 0.252803
vn 0.361419 -0.911049 0.198411
vn 0.961253 -0.266287 -0.071297
vn 0.907608 0.0036 0.419804
vn 0.739186 0.634488 0.225896
vn 0.349583 -0.84346 0.407881
vn 0.234402 0.203002 -0.950708
vn -0.100598 0.994883 -0.0094
vn 0.9349 0.3067 0.1786
vn 0.417317 -0.891137 -0.178107
vn 0.977939 -0.090004 0.188508
vn 0.089801 0.994412 -0.055501
vn 0.866695 0.378698 -0.324698
vn -0.162108 0.958746 0.233511
vn 0.775164 -0.625671 -0.087496
vn 0.968658 0.107795 0.22379
vn -0.144906 0.975942 0.162907
vn 0.645394 -0.756792 -0.103599
vn 0.462309 0.072901 -0.883717
vn 0.658017 0.74362 0.118503
vn 0.95059 0.225098 0.213798
vn 0.204192 -0.972561 -0.111496
vn 0.925421 -0.005 0.378909
vn 0.480697 0.867495 0.127999
vn 0.726442 -0.663639 -0.17851
vn -0.93903 0.112504 -0.32491
vn -0.947798 -0.1213 -0.294899
vn -0.941227 -0.155005 -0.300109
vn -0.84969 0.117199 -0.514094
vn -0.050099 0.294995 -0.954185
vn 0.33021 0.936628 0.117004
vn -0.274794 0.375892 -0.884982
vn 0.161801 0.956003 0.244701
vn 0.244891 -0.065098 0.967363
vn 0.435106 0.609508 0.662709
vn -0.767493 -0.416296 -0.487496
vn 0.528893 0.848388 -0.0226
vn -0.225394 0.326091 -0.918075
vn 0.323498 -0.217498 0.920893
vn -0.462115 -0.886129 -0.035001
vn 0.81109 0.546993 0.207198
vn -0.180703 0.57671 -0.796713
vn 0.1514 -0.524402 0.837903
vn -0.845974 -0.510984 -0.152395
vn 0.929728 0.363211 0.060702
vn -0.292802 0.767105 -0.570804
vn 0.3033 -0.791701 0.530301
vn -0.919917 -0.378507 -0.102402
vn 0.870122 0.490513 0.047801
vn -0.469193 0.874587 -0.122298
vn 0.480009 -0.875416 0.056901
vn -0.862885 -0.492491 -0.113498
vn -0.621611 0.745813 -0.239504
vn 0.745502 0.655902 0.118401
vn 0.304499 -0.212099 -0.928598
vn 0.647595 -0.751394 0.126599
vn -0.708731 -0.668229 -0.22621
vn 0.843491 0.493495 0.212098
vn -0.52089 0.852384 0.045999
vn 0.529218 -0.843429 -0.092503
vn -0.835942 -0.486025 -0.254913
vn 0 -0.557904 0.829906
vn 0 -0.924359 0.381524
vn 0.2102 -0.916299 0.3409
vn 0.563113 -0.637515 0.525812
vn 0.219914 -0.96806 0.120408
vn 0.607179 -0.784672 0.124996
vn 0 -0.995619 0.093502
vn 0.751487 0.097598 0.652489
vn 0 0.204206 0.978928
vn 0.956906 -0.090301 0.276002
vn 0.305108 0.935724 0.177005
vn 0 0.996859 0.079197
vn 0.550767 0.81865 0.16269
vn 0 0.987085 -0.160198
vn 0 0.932946 -0.360018
vn -0.0103 0.985234 -0.170906
vn -0.204609 0.942343 -0.264812
vn -0.0572 0.985604 -0.159101
vn -0.343213 0.939235 -0.0065
vn -0.119997 0.992774 0.0006
vn -0.56721 0.818815 0.088402
vn 0 0.994835 -0.101504
vn 0 0.998503 -0.0547
vn -0.682579 -0.709378 -0.175695
vn -0.452104 -0.891708 -0.0214
vn -0.237293 -0.97127 -0.018099
vn -0.708021 -0.67882 -0.194706
vn -0.851291 -0.438196 -0.288597
vn -0.916121 -0.392109 0.083502
vn -0.532277 0.765466 0.361584
vn -0.705107 0.684407 0.185502
vn -0.656966 0.751861 -0.055697
vn -0.649787 0.519389 0.554989
vn -0.538724 0.736533 0.409018
vn -0.742027 0.619022 0.257309
vn -0.608304 0.722305 0.329002
vn -0.530716 0.847525 -0.0065
vn -0.752377 0.622281 -0.216093
vn -0.685695 0.701395 -0.194599
vn -0.486894 0.84269 0.229797
vn -0.69232 0.640518 0.33231
vn -0.714162 0.691863 -0.106294
vn 0.0506 0.833101 -0.550801
vn -0.69443 -0.22301 0.68413
vn -0.752701 -0.2535 0.607601
vn -0.94462 0.048201 0.324607
vn -0.940329 -0.274109 0.201606
vn -0.981717 0.190303 0.004
vn -0.907775 0.402489 0.118097
vn -0.955268 0.090697 -0.281491
vn -0.96782 -0.099802 -0.231005
vn -0.897614 0.320405 -0.302705
vn -0.824713 -0.531708 -0.192703
vn -0.703999 -0.710199 -0.0016
vn -0.975669 -0.189894 -0.109597
vn -0.916101 -0.0228 -0.4003
vn -0.920436 0.386715 0.057002
vn -0.815836 0.499722 -0.291013
vn -0.737973 0.671075 -0.071097
vn -0.922682 0.210096 -0.323294
vn -0.819232 0.559222 -0.127005
vn -0.907663 0.110896 -0.404784
vn -0.917177 0.377091 -0.128797
vn -0.740116 0.617114 -0.267206
vn -0.97691 0.202202 0.069001
vn -0.994082 -0.047299 -0.097798
vn -0.927176 0.306092 -0.215994
vn -0.997476 -0.0002 -0.070998
vn -0.98643 0.141004 -0.084103
vn -0.97364 0.227609 -0.014801
vn -0.999569 0.020399 -0.021099
vn -0.945156 0.180692 -0.272087
vn -0.645894 0.191598 -0.738993
vn -0.824511 -0.104001 -0.556207
vn -0.965637 -0.084403 -0.245809
vn -0.732091 -0.0207 -0.680892
vn -0.510191 0.080499 -0.856286
vn -0.732026 -0.131205 -0.668524
vn -0.852776 -0.34829 -0.389189
vn -0.664526 -0.050902 -0.745529
vn -0.414511 0.165204 -0.894924
vn -0.631414 -0.0067 -0.775417
vn -0.778461 -0.225289 -0.58587
vn -0.234402 0.203002 -0.950708
vn -0.9349 0.3067 0.1786
vn 0.100598 0.994883 -0.0094
vn -0.417317 -0.891137 -0.178107
vn -0.977939 -0.090004 0.188508
vn -0.866695 0.378698 -0.324698
vn -0.089801 0.994412 -0.055501
vn 0.162108 0.958746 0.233511
vn -0.775165 -0.625671 -0.087496
vn -0.968658 0.107795 0.22379
vn 0.144906 0.975942 0.162907
vn -0.645393 -0.756792 -0.103599
vn -0.462309 0.072901 -0.883717
vn -0.95059 0.225098 0.213798
vn -0.658017 0.74362 0.118503
vn -0.204192 -0.972561 -0.111496
vn -0.925421 -0.005 0.378909
vn -0.480697 0.867495 0.127999
vn -0.726442 -0.663639 -0.17851
vn 0.93903 0.112504 -0.32491
vn 0.947798 -0.1213 -0.294899
vn 0.941227 -0.155005 -0.300109
vn 0.84969 0.117199 -0.514094
vn 0.050099 0.294995 -0.954185
vn 0.296897 -0.093799 -0.950292
vn -0.027701 0.999533 0.0129
vn 0.020599 0.977163 0.211492
vn -0.245309 0.111304 0.963034
vn -0.390691 0.234395 0.89018
vn -0.059803 -0.987251 0.147508
vn 0.401404 -0.183602 -0.89731
vn -0.029201 0.987023 -0.157904
vn -0.421191 0.150597 0.894382
vn 0.040001 -0.989229 0.140804
vn 0.710591 -0.290596 -0.640792
vn -0.0238 0.894014 -0.447407
vn -0.786049 0.255783 0.562763
vn -0.022499 -0.926675 0.37519
vn 0.927022 -0.245006 -0.283907
vn 0.099398 0.897584 -0.429492
vn -0.944302 0.223001 0.242001
vn -0.114 -0.916101 0.3844
vn 0.968322 -0.216105 -0.125103
vn 0.124897 0.812178 -0.569884
vn -0.980355 0.184592 0.069497
vn -0.133503 -0.843416 0.52041
vn 0.946369 -0.280291 0.160695
vn 0.173603 0 -0.984816
vn 0.327905 0.843912 -0.424606
vn -0.919386 0.258496 -0.296495
vn -0.311605 -0.909214 0.276104
vn 0.161599 0.778493 -0.606494
vn 0.991251 -0.129794 0.023999
vn -0.992397 0.0937 -0.0798
vn -0.150698 -0.827089 0.541493
vn -0.2102 -0.916299 0.3409
vn -0.563113 -0.637515 0.525812
vn -0.219914 -0.96806 0.120408
vn -0.607179 -0.784672 0.124996
vn -0.751487 0.097598 0.652489
vn -0.956906 -0.090301 0.276002
vn -0.305108 0.935724 0.177005
vn -0.550767 0.81865 0.16269
vn 0.0103 0.985234 -0.170906
vn 0.204609 0.942343 -0.264812
vn 0.0572 0.985604 -0.159101
vn 0.343213 0.939235 -0.0065
vn 0.119997 0.992774 0.0006
vn 0.56721 0.818815 0.088402
vn -0.566322 0.798331 0.204808
vn -0.080299 0.112599 0.990391
vn -0.637999 0.757698 -0.1373
vn 0.0158 -0.278805 0.960218
vn 0.754905 -0.641705 0.135401
vn 0.566322 -0.798331 -0.204808
vn 0.151608 0.013401 -0.98835
vn -0.0158 0.278805 -0.960218
vn -0.293101 0.320101 0.900904
vn -0.791926 0.502016 -0.347611
vn 0.920901 -0.1528 0.3586
vn 0.369998 0.037 -0.928296
vn 0.0013 0.999351 -0.035998
vn -0.73428 0.629782 0.253393
vn -0.219296 0.210496 0.952681
vn -0.833424 0.491214 -0.253207
vn 0.168201 -0.243501 0.955205
vn 0.907194 -0.320198 0.272898
vn 0.73428 -0.629782 -0.253393
vn 0.256003 -0.0227 -0.96641
vn -0.168201 0.243501 -0.955205
vn 0.1634 0.985899 0.0361
vn -0.651605 0.695805 -0.302102
vn -0.902554 0.104995 0.417579
vn -0.298505 0.648211 -0.700512
vn -0.666008 -0.400505 0.629308
vn 0.322489 -0.495583 0.806473
vn 0.651605 -0.695805 0.302102
vn 0.931278 0.074598 -0.356591
vn 0.666008 0.400505 -0.629308
vn 0.0461 0.932199 0.358999
vn -0.651605 0.695805 -0.302102
vn -0.902554 0.104995 0.417579
vn -0.298505 0.648211 -0.700512
vn -0.666008 -0.400505 0.629308
vn 0.322489 -0.495583 0.806473
vn 0.651605 -0.695805 0.302102
vn 0.931278 0.074598 -0.356591
vn 0.666008 0.400505 -0.629308
vn 0.0461 0.932199 0.358999
vn -0.786171 0.615877 0.051298
vn -0.52489 0.128698 0.841384
vn -0.710292 0.524194 -0.469794
vn -0.153201 -0.329603 0.931607
vn 0.770823 -0.356711 0.527816
vn 0.786171 -0.615877 -0.051298
vn 0.561185 0.059098 -0.825578
vn 0.153201 0.329603 -0.931607
vn 0.127394 0.976257 0.175192
vn -0.729527 0.682025 0.051302
vn -0.511618 0.173906 0.84143
vn -0.661901 0.584101 -0.469801
vn -0.181302 -0.315004 0.931613
vn 0.736817 -0.42251 0.527812
vn 0.729527 -0.682025 -0.051302
vn 0.56419 0.0099 -0.825586
vn 0.181302 0.315004 -0.931613
vn 0.212008 0.961434 0.175206
vn -0.53408 0.449283 -0.716173
vn -0.754464 0.071197 0.652469
vn 0.207392 0.76127 0.614376
vn 0.541707 -0.219103 0.81151
vn 0.207392 0.76127 0.614376
vn 0.873277 0.247993 -0.419389
vn 0.207392 0.76127 0.614376
vn 0.207392 0.76127 0.614376
vn -0.53408 0.449283 -0.716173
vn -0.754464 0.071197 0.652469
vn 0.207392 0.76127 0.614376
vn 0.541707 -0.219103 0.81151
vn 0.207392 0.76127 0.614376
vn 0.873277 0.247993 -0.419389
vn 0.207392 0.76127 0.614376
vn 0.207392 0.76127 0.614376
vn -0.869479 0.449289 -0.205295
vn -0.158596 0.071198 0.984773
vn 0.553788 0.761284 0.337293
vn 0.936613 -0.219103 0.273404
vn 0.553788 0.761284 0.337293
vn 0.399399 0.247999 -0.882597
vn 0.553788 0.761284 0.337293
vn 0.553788 0.761284 0.337293
vn -0.869479 0.449289 -0.205295
vn -0.158596 0.071198 0.984773
vn 0.553788 0.761284 0.337293
vn 0.936613 -0.219103 0.273404
vn 0.553788 0.761284 0.337293
vn 0.399399 0.247999 -0.882597
vn 0.553788 0.761284 0.337293
vn 0.553788 0.761284 0.337293
vn -0.869479 0.449289 -0.205295
vn -0.158596 0.071198 0.984773
vn 0.553788 0.761284 0.337293
vn 0.936613 -0.219103 0.273404
vn 0.553788 0.761284 0.337293
vn 0.399399 0.247999 -0.882597
vn 0.553788 0.761284 0.337293
vn 0.553788 0.761284 0.337293
vn 0.566322 0.798331 0.204808
vn 0.637999 0.757698 -0.1373
vn 0.080299 0.112599 0.990391
vn -0.0158 -0.278805 0.960218
vn -0.754905 -0.641705 0.135401
vn -0.566322 -0.798331 -0.204808
vn -0.151608 0.013401 -0.98835
vn 0.0158 0.278805 -0.960218
vn 0.791926 0.502016 -0.347611
vn 0.293101 0.320101 0.900904
vn -0.920901 -0.1528 0.3586
vn -0.369998 0.037 -0.928296
vn -0.0013 0.999351 -0.035998
vn 0.73428 0.629782 0.253393
vn 0.833424 0.491214 -0.253207
vn 0.219296 0.210496 0.952681
vn -0.168201 -0.243501 0.955205
vn -0.907194 -0.320198 0.272898
vn -0.73428 -0.629782 -0.253393
vn -0.256003 -0.0227 -0.96641
vn 0.168201 0.243501 -0.955205
vn -0.1634 0.985899 0.0361
vn 0.651605 0.695805 -0.302102
vn 0.298505 0.648211 -0.700512
vn 0.902554 0.104995 0.417579
vn 0.666008 -0.400505 0.629308
vn -0.322489 -0.495583 0.806473
vn -0.651605 -0.695805 0.302102
vn -0.931278 0.074598 -0.356591
vn -0.666008 0.400505 -0.629308
vn -0.0461 0.932199 0.358999
vn 0.651585 0.695784 -0.302193
vn 0.298505 0.648211 -0.700512
vn 0.902554 0.104995 0.417579
vn 0.666008 -0.400505 0.629308
vn -0.322489 -0.495583 0.806473
vn -0.651605 -0.695805 0.302102
vn -0.931271 0.074698 -0.356589
vn -0.666008 0.400505 -0.629308
vn -0.0461 0.932199 0.358999
vn 0.786171 0.615877 0.051298
vn 0.710292 0.524194 -0.469794
vn 0.52489 0.128698 0.841384
vn 0.153201 -0.329603 0.931607
vn -0.770823 -0.356711 0.527816
vn -0.786171 -0.615877 -0.051298
vn -0.561185 0.059098 -0.825578
vn -0.153201 0.329603 -0.931607
vn -0.127394 0.976257 0.175192
vn 0.729527 0.682025 0.051302
vn 0.661901 0.584101 -0.469801
vn 0.511618 0.173906 0.84143
vn 0.181302 -0.315004 0.931613
vn -0.736817 -0.42251 0.527812
vn -0.729527 -0.682025 -0.051302
vn -0.56419 0.0099 -0.825586
vn -0.181302 0.315004 -0.931613
vn -0.212008 0.961434 0.175206
vn 0.53408 0.449283 -0.716173
vn -0.207392 0.76127 0.614376
vn 0.754464 0.071197 0.652469
vn -0.207392 0.76127 0.614376
vn -0.541707 -0.219103 0.81151
vn -0.207392 0.76127 0.614376
vn -0.873277 0.247993 -0.419389
vn -0.207392 0.76127 0.614376
vn 0.53408 0.449283 -0.716173
vn -0.207392 0.76127 0.614376
vn 0.754464 0.071197 0.652469
vn -0.207392 0.76127 0.614376
vn -0.541707 -0.219103 0.81151
vn -0.207392 0.76127 0.614376
vn -0.873277 0.247993 -0.419389
vn -0.207392 0.76127 0.614376
vn 0.869479 0.449289 -0.205295
vn -0.553788 0.761284 0.337293
vn 0.158596 0.071198 0.984773
vn -0.553788 0.761284 0.337293
vn -0.936613 -0.219103 0.273404
vn -0.553788 0.761284 0.337293
vn -0.399399 0.247999 -0.882597
vn -0.553788 0.761284 0.337293
vn 0.869479 0.449289 -0.205295
vn -0.553788 0.761284 0.337293
vn 0.158596 0.071198 0.984773
vn -0.553788 0.761284 0.337293
vn -0.936613 -0.219103 0.273404
vn -0.553788 0.761284 0.337293
vn -0.399399 0.247999 -0.882597
vn -0.553788 0.761284 0.337293
vn 0.869479 0.449289 -0.205295
vn -0.553788 0.761284 0.337293
vn 0.158596 0.071198 0.984773
vn -0.553788 0.761284 0.337293
vn -0.936613 -0.219103 0.273404
vn -0.553788 0.761284 0.337293
vn -0.399399 0.247999 -0.882597
vn -0.553788 0.761284 0.337293
vn -0.53408 -0.449283 -0.716173
vn 0.207392 -0.76127 0.614376
vn -0.754464 -0.071197 0.652469
vn 0.207392 -0.76127 0.614376
vn 0.541707 0.219103 0.81151
vn 0.207392 -0.76127 0.614376
vn 0.873277 -0.247993 -0.419389
vn 0.207392 -0.76127 0.614376
vn -0.53408 -0.449283 -0.716173
vn 0.207392 -0.76127 0.614376
vn -0.754464 -0.071197 0.652469
vn 0.207392 -0.76127 0.614376
vn 0.541707 0.219103 0.81151
vn 0.207392 -0.76127 0.614376
vn 0.873277 -0.247993 -0.419389
vn 0.207392 -0.76127 0.614376
vn -0.869479 -0.449289 -0.205295
vn 0.553788 -0.761284 0.337293
vn -0.158596 -0.071198 0.984773
vn 0.553788 -0.761284 0.337293
vn 0.936613 0.219103 0.273404
vn 0.553788 -0.761284 0.337293
vn 0.399399 -0.247999 -0.882597
vn 0.553788 -0.761284 0.337293
vn -0.869479 -0.449289 -0.205295
vn 0.553769 -0.761258 0.337381
vn -0.158596 -0.071198 0.984773
vn 0.553769 -0.761258 0.337381
vn 0.936613 0.219103 0.273404
vn 0.553769 -0.761258 0.337381
vn 0.399399 -0.247999 -0.882597
vn 0.553769 -0.761258 0.337381
vn -0.869479 -0.449289 -0.205295
vn 0.553788 -0.761284 0.337293
vn -0.158596 -0.071198 0.984773
vn 0.553788 -0.761284 0.337293
vn 0.936613 0.219103 0.273404
vn 0.553788 -0.761284 0.337293
vn 0.399399 -0.247999 -0.882597
vn 0.553788 -0.761284 0.337293
vn -0.869479 -0.449289 -0.205295
vn 0.553788 -0.761284 0.337293
vn -0.158596 -0.071198 0.984773
vn 0.553788 -0.761284 0.337293
vn 0.936613 0.219103 0.273404
vn 0.553788 -0.761284 0.337293
vn 0.399399 -0.247999 -0.882597
vn 0.553788 -0.761284 0.337293
vn -0.53408 -0.449283 -0.716173
vn 0.207392 -0.76127 0.614376
vn -0.754464 -0.071197 0.652469
vn 0.207392 -0.76127 0.614376
vn 0.541707 0.219103 0.81151
vn 0.207392 -0.76127 0.614376
vn 0.873277 -0.247993 -0.419389
vn 0.207392 -0.76127 0.614376
vn -0.53408 -0.449283 -0.716173
vn 0.207392 -0.76127 0.614376
vn -0.754464 -0.071197 0.652469
vn 0.207392 -0.76127 0.614376
vn 0.541707 0.219103 0.81151
vn 0.207392 -0.76127 0.614376
vn 0.873277 -0.247993 -0.419389
vn 0.207392 -0.76127 0.614376
vn -0.869479 -0.449289 -0.205295
vn 0.553788 -0.761284 0.337293
vn -0.158596 -0.071198 0.984773
vn 0.553788 -0.761284 0.337293
vn 0.936613 0.219103 0.273404
vn 0.553788 -0.761284 0.337293
vn 0.399399 -0.247999 -0.882597
vn 0.553788 -0.761284 0.337293
vn 0.53408 -0.449283 -0.716173
vn 0.754464 -0.071197 0.652469
vn -0.207392 -0.76127 0.614376
vn -0.541707 0.219103 0.81151
vn -0.207392 -0.76127 0.614376
vn -0.873277 -0.247993 -0.419389
vn -0.207392 -0.76127 0.614376
vn -0.207392 -0.76127 0.614376
vn 0.53408 -0.449283 -0.716173
vn 0.754464 -0.071197 0.652469
vn -0.207392 -0.76127 0.614376
vn -0.541707 0.219103 0.81151
vn -0.207392 -0.76127 0.614376
vn -0.873277 -0.247993 -0.419389
vn -0.207392 -0.76127 0.614376
vn -0.207392 -0.76127 0.614376
vn 0.869479 -0.449289 -0.205295
vn 0.158596 -0.071198 0.984773
vn -0.553788 -0.761284 0.337293
vn -0.936613 0.219103 0.273404
vn -0.553788 -0.761284 0.337293
vn -0.399399 -0.247999 -0.882597
vn -0.553788 -0.761284 0.337293
vn -0.553788 -0.761284 0.337293
vn 0.869479 -0.449289 -0.205295
vn 0.158596 -0.071198 0.984773
vn -0.553788 -0.761284 0.337293
vn -0.936613 0.219103 0.273404
vn -0.553788 -0.761284 0.337293
vn -0.399399 -0.247999 -0.882597
vn -0.553788 -0.761284 0.337293
vn -0.553788 -0.761284 0.337293
vn 0.869479 -0.449289 -0.205295
vn 0.158596 -0.071198 0.984773
vn -0.553788 -0.761284 0.337293
vn -0.936613 0.219103 0.273404
vn -0.553788 -0.761284 0.337293
vn -0.399399 -0.247999 -0.882597
vn -0.553788 -0.761284 0.337293
vn -0.553788 -0.761284 0.337293
vn 0.869479 -0.449289 -0.205295
vn 0.158596 -0.071198 0.984773
vn -0.553788 -0.761284 0.337293
vn -0.936613 0.219103 0.273404
vn -0.553788 -0.761284 0.337293
vn -0.399399 -0.247999 -0.882597
vn -0.553788 -0.761284 0.337293
vn -0.553788 -0.761284 0.337293
vn 0.53408 -0.449283 -0.716173
vn 0.754464 -0.071197 0.652469
vn -0.207392 -0.76127 0.614376
vn -0.541707 0.219103 0.81151
vn -0.207392 -0.76127 0.614376
vn -0.873277 -0.247993 -0.419389
vn -0.207392 -0.76127 0.614376
vn -0.207392 -0.76127 0.614376
vn 0.53408 -0.449283 -0.716173
vn 0.754464 -0.071197 0.652469
vn -0.207392 -0.76127 0.614376
vn -0.541707 0.219103 0.81151
vn -0.207392 -0.76127 0.614376
vn -0.873277 -0.247993 -0.419389
vn -0.207392 -0.76127 0.614376
vn -0.207392 -0.76127 0.614376
vn 0.869479 -0.449289 -0.205295
vn 0.158596 -0.071198 0.984773
vn -0.553769 -0.761258 0.337381
vn -0.936613 0.219103 0.273404
vn -0.553769 -0.761258 0.337381
vn -0.399399 -0.247999 -0.882597
vn -0.553769 -0.761258 0.337381
vn -0.553769 -0.761258 0.337381
vt 0.3111 0.1031
vt 0.3068 0.0603
vt 0.5185 0.06
vt 0.4213 0.1177
vt 0.3019 0.0238
vt 0.4161 0.2069
vt 0.3134 0.1998
vt 0.0591 0.6064
vt 0.0143 0.4863
vt 0.1107 0.5005
vt 0.2834 0.7475
vt 0.2089 0.5237
vt 0.3166 0.5562
vt 0.0153 0.4537
vt 0.0621 0.3618
vt 0.0808 0.3883
vt 0.1341 0.3752
vt 0.0871 0.3972
vt 0.2838 0.4841
vt 0.4467 0.4252
vt 0.4598 0.5297
vt 0.0132 0.3893
vt 0.0593 0.3389
vt 0.1674 0.332
vt 0.3183 0.3952
vt 0.3628 0.394
vt 0.0087 0.2626
vt 0.0636 0.2488
vt 0.0501 0.3138
vt 0.0104 0.3344
vt 0.1854 0.1942
vt 0.1727 0.283
vt 0.3192 0.2832
vt 0.3506 0.3122
vt 0.4177 0.2774
vt 0.4226 0.3035
vt 0.3705 0.361
vt 0.668 0.0601
vt 0.5644 0.037
vt 0.6752 0.1313
vt 0.5264 0.1133
vt 0.7289 0.0697
vt 0.5364 0.1786
vt 0.6779 0.1982
vt 0.657 0.4764
vt 0.5475 0.4635
vt 0.6903 0.375
vt 0.5888 0.5177
vt 0.5712 0.522
vt 0.5481 0.3796
vt 0.6926 0.4411
vt 0.7863 0.3054
vt 0.542 0.2992
vt 0.6812 0.2957
vt 0.4299 0.3587
vt 0.7908 0.2185
vt 0.4952 0.9995
vt 0.4515 0.9646
vt 0.4576 0.9559
vt 0.4637 0.9472
vt 0.3822 0.8
vt 0.3435 0.6975
vt 0.3706 0.8243
vt 0.3926 0.7852
vt 0.3755 0.698
vt 0.4155 0.862
vt 0.4062 0.8786
vt 0.4215 0.8438
vt 0.6406 0.6062
vt 0.6101 0.603
vt 0.616 0.588
vt 0.6182 0.5751
vt 0.5533 0.5418
vt 0.5626 0.7324
vt 0.5351 0.7341
vt 0.5394 0.7217
vt 0.5437 0.7092
vt 0.4652 0.608
vt 0.4803 0.6054
vt 0.4982 0.649
vt 0.4915 0.6683
vt 0.4929 0.5898
vt 0.5048 0.6297
vt 0.9995 0.595
vt 0.9559 0.622
vt 0.9574 0.6048
vt 0.9589 0.5876
vt 0.8159 0.572
vt 0.6963 0.573
vt 0.6954 0.5145
vt 0.8162 0.6108
vt 0.8184 0.5427
vt 0.7315 0.4827
vt 0.6066 0.5168
vt 0.881 0.595
vt 0.88 0.6239
vt 0.8856 0.5681
vt 0.9405 0.0163
vt 0.9229 0.0366
vt 0.9217 0.0146
vt 0.9184 0.0005
vt 0.7842 0.0891
vt 0.7565 0.1539
vt 0.7396 0.1068
vt 0.7918 0.1226
vt 0.7801 0.0603
vt 0.8507 0.0478
vt 0.8514 0.0758
vt 0.8472 0.0216
vt 0.8931 0.2316
vt 0.8731 0.2544
vt 0.8716 0.2373
vt 0.8701 0.2201
vt 0.7934 0.2683
vt 0.8253 0.2559
vt 0.8276 0.2826
vt 0.8229 0.2292
vt 0.5625 0.4911
vt 0.5306 0.4993
vt 0.5309 0.4886
vt 0.5345 0.4755
vt 0.414 0.4215
vt 0.3457 0.4078
vt 0.3501 0.3761
vt 0.415 0.4472
vt 0.4201 0.399
vt 0.4772 0.4628
vt 0.4775 0.4813
vt 0.4807 0.4423
vt 0.4484 0.2474
vt 0.4333 0.2586
vt 0.4302 0.2474
vt 0.4329 0.2332
vt 0.3449 0.2492
vt 0.3467 0.2742
vt 0.3461 0.219
vt 0.5342 0.4861
vt 0.4196 0.4172
vt 0.4822 0.4588
vt 0.4347 0.2447
vt 0.3535 0.2517
vt 0.0502 0.3483
vt 0.0578 0.3298
vt 0.0494 0.3429
vt 0.041 0.3327
vt 0.0405 0.3319
vt 0.0487 0.3142
vt 0.0491 0.3485
vt 0.0568 0.3299
vt 0.0399 0.3329
vt 0.0476 0.3144
vt 0.0487 0.3486
vt 0.0564 0.33
vt 0.0396 0.333
vt 0.0473 0.3144
vt 0.0481 0.3461
vt 0.0547 0.3303
vt 0.0404 0.3328
vt 0.0469 0.3171
vt 0.0472 0.3444
vt 0.053 0.3306
vt 0.0404 0.3328
vt 0.0462 0.319
vt 0.0516 0.3309
vt 0.0471 0.3417
vt 0.0467 0.3317
vt 0.0418 0.3326
vt 0.0463 0.3217
vt 0.0472 0.3425
vt 0.052 0.3308
vt 0.0414 0.3327
vt 0.0462 0.3209
vt 0.0119 0.1436
vt 0.0607 0.0748
vt 0.0639 0.0958
vt 0.0578 0.1186
vt 0.1881 0.0606
vt 0.1889 0.0849
vt 0.1953 0.0264
vt 0.0647 0.1827
vt 0.0026 0.1918
vt 0.1892 0.1354
vt 0.0709 0.2127
vt 0.014 0.2382
vt 0.1893 0.1746
vt 0.0799 0.1802
vt 0.0338 0.1967
vt 0.0826 0.1911
vt 0.081 0.203
vt 0.1868 0.132
vt 0.1845 0.173
vt 0.3563 0.1852
vt 0.3509 0.2622
vt 0.199 0.1445
vt 0.3541 0.1273
vt 0.3111 0.1031
vt 0.5185 0.06
vt 0.3068 0.0603
vt 0.4213 0.1177
vt 0.4161 0.2069
vt 0.3134 0.1998
vt 0.1107 0.5005
vt 0.2089 0.5237
vt 0.3166 0.5562
vt 0.0621 0.3618
vt 0.0808 0.3883
vt 0.1341 0.3752
vt 0.0871 0.3972
vt 0.2838 0.4841
vt 0.4467 0.4252
vt 0.4598 0.5297
vt 0.0593 0.3389
vt 0.1674 0.332
vt 0.3183 0.3952
vt 0.3628 0.394
vt 0.0501 0.3138
vt 0.0636 0.2488
vt 0.1727 0.283
vt 0.1854 0.1942
vt 0.3506 0.3122
vt 0.3192 0.2832
vt 0.4226 0.3035
vt 0.4177 0.2774
vt 0.3705 0.361
vt 0.6752 0.1313
vt 0.5264 0.1133
vt 0.5364 0.1786
vt 0.6779 0.1982
vt 0.657 0.4764
vt 0.6903 0.375
vt 0.5475 0.4635
vt 0.5712 0.522
vt 0.5481 0.3796
vt 0.6812 0.2957
vt 0.542 0.2992
vt 0.4299 0.3587
vt 0.4576 0.9559
vt 0.3822 0.8
vt 0.3435 0.6975
vt 0.4155 0.862
vt 0.616 0.588
vt 0.5394 0.7217
vt 0.4982 0.649
vt 0.4803 0.6054
vt 0.9574 0.6048
vt 0.8159 0.572
vt 0.6954 0.5145
vt 0.881 0.595
vt 0.9217 0.0146
vt 0.7842 0.0891
vt 0.7396 0.1068
vt 0.8507 0.0478
vt 0.8716 0.2373
vt 0.8253 0.2559
vt 0.7934 0.2683
vt 0.5625 0.4911
vt 0.5309 0.4886
vt 0.5306 0.4993
vt 0.5345 0.4755
vt 0.414 0.4215
vt 0.3501 0.3761
vt 0.3457 0.4078
vt 0.415 0.4472
vt 0.4201 0.399
vt 0.4772 0.4628
vt 0.4775 0.4813
vt 0.4807 0.4423
vt 0.4484 0.2474
vt 0.4302 0.2474
vt 0.4333 0.2586
vt 0.4329 0.2332
vt 0.3449 0.2492
vt 0.3467 0.2742
vt 0.3461 0.219
vt 0.5342 0.4861
vt 0.4196 0.4172
vt 0.4822 0.4588
vt 0.4347 0.2447
vt 0.3535 0.2517
vt 0.0578 0.3298
vt 0.0502 0.3483
vt 0.0494 0.3429
vt 0.041 0.3327
vt 0.0405 0.3319
vt 0.0487 0.3142
vt 0.0568 0.3299
vt 0.0491 0.3485
vt 0.0399 0.3329
vt 0.0476 0.3144
vt 0.0564 0.33
vt 0.0487 0.3486
vt 0.0396 0.333
vt 0.0473 0.3144
vt 0.0547 0.3303
vt 0.0481 0.3461
vt 0.0404 0.3328
vt 0.0469 0.3171
vt 0.053 0.3306
vt 0.0472 0.3444
vt 0.0404 0.3328
vt 0.0462 0.319
vt 0.0516 0.3309
vt 0.0467 0.3317
vt 0.0471 0.3417
vt 0.0418 0.3326
vt 0.0463 0.3217
vt 0.0472 0.3425
vt 0.052 0.3308
vt 0.0414 0.3327
vt 0.0462 0.3209
vt 0.0639 0.0958
vt 0.0578 0.1186
vt 0.1881 0.0606
vt 0.1889 0.0849
vt 0.0647 0.1827
vt 0.1892 0.1354
vt 0.0709 0.2127
vt 0.1893 0.1746
vt 0.0826 0.1911
vt 0.081 0.203
vt 0.1868 0.132
vt 0.1845 0.173
vt 0.3563 0.1852
vt 0.3509 0.2622
vt 0.0492 0.901
vt 0.0295 0.9296
vt 0.0385 0.9265
vt 0.0427 0.8981
vt 0.0205 0.9328
vt 0.0362 0.8953
vt 0.0295 0.9296
vt 0.0427 0.8982
vt 0.03 0.9467
vt 0.0355 0.941
vt 0.0245 0.9523
vt 0.03 0.9467
vt 0.0439 0.9617
vt 0.0351 0.9236
vt 0.0293 0.9427
vt 0.0404 0.9356
vt 0.0276 0.9197
vt 0.0212 0.9498
vt 0.0231 0.9158
vt 0.0292 0.9427
vt 0.0275 0.9197
vt 0.0459 0.9872
vt 0.0351 0.9236
vt 0.0293 0.9427
vt 0.0404 0.9356
vt 0.0276 0.9197
vt 0.0212 0.9498
vt 0.0231 0.9158
vt 0.0292 0.9427
vt 0.0275 0.9197
vt 0.0459 0.9872
vt 0.0351 0.9236
vt 0.0293 0.9427
vt 0.0404 0.9356
vt 0.0276 0.9197
vt 0.0212 0.9498
vt 0.0231 0.9158
vt 0.0292 0.9427
vt 0.0275 0.9197
vt 0.0459 0.9872
vt 0.0351 0.9236
vt 0.0293 0.9427
vt 0.0404 0.9356
vt 0.0276 0.9197
vt 0.0212 0.9498
vt 0.0231 0.9158
vt 0.0292 0.9427
vt 0.0275 0.9197
vt 0.0459 0.9872
vt 0.0351 0.9236
vt 0.0293 0.9427
vt 0.0404 0.9356
vt 0.0276 0.9197
vt 0.0212 0.9498
vt 0.0231 0.9158
vt 0.0292 0.9427
vt 0.0275 0.9197
vt 0.0459 0.9872
vt 0.0351 0.9236
vt 0.0276 0.9197
vt 0.0293 0.9427
vt 0.0231 0.9158
vt 0.0212 0.9498
vt 0.0275 0.9197
vt 0.0292 0.9427
vt 0.0404 0.9356
vt 0.0351 0.9236
vt 0.0276 0.9197
vt 0.0293 0.9427
vt 0.0231 0.9158
vt 0.0212 0.9498
vt 0.0275 0.9197
vt 0.0292 0.9427
vt 0.0404 0.9356
vt 0.0351 0.9236
vt 0.0276 0.9197
vt 0.0293 0.9427
vt 0.0231 0.9158
vt 0.0212 0.9498
vt 0.0275 0.9197
vt 0.0292 0.9427
vt 0.0404 0.9356
vt 0.0351 0.9236
vt 0.0276 0.9197
vt 0.0293 0.9427
vt 0.0231 0.9158
vt 0.0212 0.9498
vt 0.0275 0.9197
vt 0.0292 0.9427
vt 0.0404 0.9356
vt 0.0351 0.9236
vt 0.0276 0.9197
vt 0.0293 0.9427
vt 0.0231 0.9158
vt 0.0212 0.9498
vt 0.0275 0.9197
vt 0.0292 0.9427
vt 0.0404 0.9356
vt 0.0492 0.901
vt 0.0385 0.9265
vt 0.0295 0.9296
vt 0.0427 0.8981
vt 0.0205 0.9328
vt 0.0362 0.8953
vt 0.0295 0.9296
vt 0.0427 0.8982
vt 0.0355 0.941
vt 0.03 0.9467
vt 0.0245 0.9523
vt 0.03 0.9467
vt 0.0439 0.9617
vt 0.0351 0.9236
vt 0.0404 0.9356
vt 0.0293 0.9427
vt 0.0276 0.9197
vt 0.0212 0.9498
vt 0.0231 0.9158
vt 0.0292 0.9427
vt 0.0275 0.9197
vt 0.0459 0.9872
vt 0.0351 0.9236
vt 0.0404 0.9356
vt 0.0293 0.9427
vt 0.0276 0.9197
vt 0.0212 0.9498
vt 0.0231 0.9158
vt 0.0292 0.9427
vt 0.0275 0.9197
vt 0.0459 0.9872
vt 0.0351 0.9236
vt 0.0404 0.9356
vt 0.0293 0.9427
vt 0.0276 0.9197
vt 0.0212 0.9498
vt 0.0231 0.9158
vt 0.0292 0.9427
vt 0.0275 0.9197
vt 0.0459 0.9872
vt 0.0351 0.9236
vt 0.0404 0.9356
vt 0.0293 0.9427
vt 0.0276 0.9197
vt 0.0212 0.9498
vt 0.0231 0.9158
vt 0.0292 0.9427
vt 0.0275 0.9197
vt 0.0459 0.9872
vt 0.0351 0.9236
vt 0.0404 0.9356
vt 0.0293 0.9427
vt 0.0276 0.9197
vt 0.0212 0.9498
vt 0.0231 0.9158
vt 0.0292 0.9427
vt 0.0275 0.9197
vt 0.0459 0.9872
vt 0.0351 0.9236
vt 0.0293 0.9427
vt 0.0276 0.9197
vt 0.0212 0.9498
vt 0.0231 0.9158
vt 0.0292 0.9427
vt 0.0275 0.9197
vt 0.0404 0.9356
vt 0.0351 0.9236
vt 0.0293 0.9427
vt 0.0276 0.9197
vt 0.0212 0.9498
vt 0.0231 0.9158
vt 0.0292 0.9427
vt 0.0275 0.9197
vt 0.0404 0.9356
vt 0.0351 0.9236
vt 0.0293 0.9427
vt 0.0276 0.9197
vt 0.0212 0.9498
vt 0.0231 0.9158
vt 0.0292 0.9427
vt 0.0275 0.9197
vt 0.0404 0.9356
vt 0.0351 0.9236
vt 0.0293 0.9427
vt 0.0276 0.9197
vt 0.0212 0.9498
vt 0.0231 0.9158
vt 0.0292 0.9427
vt 0.0275 0.9197
vt 0.0404 0.9356
vt 0.0351 0.9236
vt 0.0293 0.9427
vt 0.0276 0.9197
vt 0.0212 0.9498
vt 0.0231 0.9158
vt 0.0292 0.9427
vt 0.0275 0.9197
vt 0.0404 0.9356
vt 0.0351 0.9236
vt 0.0293 0.9427
vt 0.0276 0.9197
vt 0.0212 0.9498
vt 0.0231 0.9158
vt 0.0292 0.9427
vt 0.0275 0.9197
vt 0.0404 0.9356
vt 0.0351 0.9236
vt 0.0293 0.9427
vt 0.0276 0.9197
vt 0.0212 0.9498
vt 0.0231 0.9158
vt 0.0292 0.9427
vt 0.0275 0.9197
vt 0.0404 0.9356
vt 0.0351 0.9236
vt 0.0293 0.9427
vt 0.0276 0.9197
vt 0.0212 0.9498
vt 0.0231 0.9158
vt 0.0292 0.9427
vt 0.0275 0.9197
vt 0.0404 0.9356
vt 0.0351 0.9236
vt 0.0293 0.9427
vt 0.0276 0.9197
vt 0.0212 0.9498
vt 0.0231 0.9158
vt 0.0292 0.9427
vt 0.0275 0.9197
vt 0.0404 0.9356
vt 0.0351 0.9236
vt 0.0293 0.9427
vt 0.0276 0.9197
vt 0.0212 0.9498
vt 0.0231 0.9158
vt 0.0292 0.9427
vt 0.0275 0.9197
vt 0.0404 0.9356
vt 0.0351 0.9236
vt 0.0293 0.9427
vt 0.0276 0.9197
vt 0.0212 0.9498
vt 0.0231 0.9158
vt 0.0292 0.9427
vt 0.0275 0.9197
vt 0.0404 0.9356
vt 0.0351 0.9236
vt 0.0293 0.9427
vt 0.0276 0.9197
vt 0.0212 0.9498
vt 0.0231 0.9158
vt 0.0292 0.9427
vt 0.0275 0.9197
vt 0.0404 0.9356
vt 0.0351 0.9236
vt 0.0293 0.9427
vt 0.0276 0.9197
vt 0.0212 0.9498
vt 0.0231 0.9158
vt 0.0292 0.9427
vt 0.0275 0.9197
vt 0.0404 0.9356
vt 0.0351 0.9236
vt 0.0293 0.9427
vt 0.0276 0.9197
vt 0.0212 0.9498
vt 0.0231 0.9158
vt 0.0292 0.9427
vt 0.0275 0.9197
vt 0.0404 0.9356
vt 0.0351 0.9236
vt 0.0276 0.9197
vt 0.0293 0.9427
vt 0.0231 0.9158
vt 0.0212 0.9498
vt 0.0275 0.9197
vt 0.0292 0.9427
vt 0.0404 0.9356
vt 0.0351 0.9236
vt 0.0276 0.9197
vt 0.0293 0.9427
vt 0.0231 0.9158
vt 0.0212 0.9498
vt 0.0275 0.9197
vt 0.0292 0.9427
vt 0.0404 0.9356
vt 0.0351 0.9236
vt 0.0276 0.9197
vt 0.0293 0.9427
vt 0.0231 0.9158
vt 0.0212 0.9498
vt 0.0275 0.9197
vt 0.0292 0.9427
vt 0.0404 0.9356
vt 0.0351 0.9236
vt 0.0276 0.9197
vt 0.0293 0.9427
vt 0.0231 0.9158
vt 0.0212 0.9498
vt 0.0275 0.9197
vt 0.0292 0.9427
vt 0.0404 0.9356
vt 0.0351 0.9236
vt 0.0276 0.9197
vt 0.0293 0.9427
vt 0.0231 0.9158
vt 0.0212 0.9498
vt 0.0275 0.9197
vt 0.0292 0.9427
vt 0.0404 0.9356
vt 0.0351 0.9236
vt 0.0276 0.9197
vt 0.0293 0.9427
vt 0.0231 0.9158
vt 0.0212 0.9498
vt 0.0275 0.9197
vt 0.0292 0.9427
vt 0.0404 0.9356
vt 0.0351 0.9236
vt 0.0276 0.9197
vt 0.0293 0.9427
vt 0.0231 0.9158
vt 0.0212 0.9498
vt 0.0275 0.9197
vt 0.0292 0.9427
vt 0.0404 0.9356
vt 0.0351 0.9236
vt 0.0276 0.9197
vt 0.0293 0.9427
vt 0.0231 0.9158
vt 0.0212 0.9498
vt 0.0275 0.9197
vt 0.0292 0.9427
vt 0.0404 0.9356
vt 0.0351 0.9236
vt 0.0276 0.9197
vt 0.0293 0.9427
vt 0.0231 0.9158
vt 0.0212 0.9498
vt 0.0275 0.9197
vt 0.0292 0.9427
vt 0.0404 0.9356
f 1571/1571/1571 1573/1573/1573 1572/1572/1572
f 1571/1571/1571 1574/1574/1574 1573/1573/1573
f 1572/1572/1572 1573/1573/1573 1575/1575/1575
f 1571/1571/1571 1576/1576/1576 1574/1574/1574
f 1576/1576/1576 1571/1571/1571 1577/1577/1577
f 1578/1578/1578 1580/1580/1580 1579/1579/1579
f 1581/1581/1581 1582/1582/1582 1580/1580/1580
f 1581/1581/1581 1583/1583/1583 1582/1582/1582
f 1579/1579/1579 1585/1585/1585 1584/1584/1584
f 1579/1579/1579 1580/1580/1580 1585/1585/1585
f 1586/1586/1586 1587/1587/1587 1585/1585/1585
f 1588/1588/1588 1582/1582/1582 1587/1587/1587
f 1582/1582/1582 1589/1589/1589 1587/1587/1587
f 1582/1582/1582 1583/1583/1583 1589/1589/1589
f 1583/1583/1583 1590/1590/1590 1589/1589/1589
f 1583/1583/1583 1591/1591/1591 1590/1590/1590
f 1584/1584/1584 1593/1593/1593 1592/1592/1592
f 1585/1585/1585 1594/1594/1594 1593/1593/1593
f 1585/1585/1585 1587/1587/1587 1594/1594/1594
f 1589/1589/1589 1595/1595/1595 1594/1594/1594
f 1587/1587/1587 1589/1589/1589 1594/1594/1594
f 1589/1589/1589 1590/1590/1590 1596/1596/1596
f 1597/1597/1597 1599/1599/1599 1598/1598/1598
f 1599/1599/1599 1597/1597/1597 1600/1600/1600
f 1598/1598/1598 1602/1602/1602 1601/1601/1601
f 1602/1602/1602 1598/1598/1598 1599/1599/1599
f 1601/1601/1601 1604/1604/1604 1603/1603/1603
f 1604/1604/1604 1601/1601/1601 1602/1602/1602
f 1603/1603/1603 1606/1606/1606 1605/1605/1605
f 1606/1606/1606 1603/1603/1603 1604/1604/1604
f 1593/1593/1593 1600/1600/1600 1592/1592/1592
f 1599/1599/1599 1594/1594/1594 1602/1602/1602
f 1594/1594/1594 1599/1599/1599 1593/1593/1593
f 1602/1602/1602 1595/1595/1595 1604/1604/1604
f 1595/1595/1595 1602/1602/1602 1594/1594/1594
f 1606/1606/1606 1604/1604/1604 1607/1607/1607
f 1581/1581/1581 1580/1580/1580 1578/1578/1578
f 1580/1580/1580 1588/1588/1588 1585/1585/1585
f 1582/1582/1582 1588/1588/1588 1580/1580/1580
f 1584/1584/1584 1585/1585/1585 1593/1593/1593
f 1608/1608/1608 1609/1609/1609 1573/1573/1573
f 1608/1608/1608 1573/1573/1573 1610/1610/1610
f 1610/1610/1610 1573/1573/1573 1611/1611/1611
f 1611/1611/1611 1573/1573/1573 1574/1574/1574
f 1575/1575/1575 1573/1573/1573 1609/1609/1609
f 1608/1608/1608 1610/1610/1610 1612/1612/1612
f 1610/1610/1610 1611/1611/1611 1613/1613/1613
f 1611/1611/1611 1574/1574/1574 1576/1576/1576
f 1576/1576/1576 1613/1613/1613 1611/1611/1611
f 1613/1613/1613 1614/1614/1614 1610/1610/1610
f 1613/1613/1613 1576/1576/1576 1605/1605/1605
f 1615/1615/1615 1617/1617/1617 1616/1616/1616
f 1618/1618/1618 1616/1616/1616 1619/1619/1619
f 1617/1617/1617 1620/1620/1620 1616/1616/1616
f 1616/1616/1616 1620/1620/1620 1590/1590/1590
f 1616/1616/1616 1590/1590/1590 1591/1591/1591
f 1621/1621/1621 1622/1622/1622 1617/1617/1617
f 1617/1617/1617 1624/1624/1624 1623/1623/1623
f 1617/1617/1617 1623/1623/1623 1620/1620/1620
f 1620/1620/1620 1623/1623/1623 1625/1625/1625
f 1620/1620/1620 1625/1625/1625 1590/1590/1590
f 1626/1626/1626 1614/1614/1614 1624/1624/1624
f 1614/1614/1614 1613/1613/1613 1623/1623/1623
f 1623/1623/1623 1624/1624/1624 1614/1614/1614
f 1613/1613/1613 1605/1605/1605 1606/1606/1606
f 1606/1606/1606 1623/1623/1623 1613/1613/1613
f 1623/1623/1623 1606/1606/1606 1625/1625/1625
f 1622/1622/1622 1624/1624/1624 1617/1617/1617
f 1627/1627/1627 1629/1629/1629 1628/1628/1628
f 1627/1627/1627 1630/1630/1630 1629/1629/1629
f 1631/1631/1631 1632/1632/1632 1581/1581/1581
f 1631/1631/1631 1581/1581/1581 1633/1633/1633
f 1634/1634/1634 1635/1635/1635 1632/1632/1632
f 1634/1634/1634 1632/1632/1632 1631/1631/1631
f 1633/1633/1633 1636/1636/1636 1631/1631/1631
f 1636/1636/1636 1633/1633/1633 1637/1637/1637
f 1631/1631/1631 1638/1638/1638 1634/1634/1634
f 1638/1638/1638 1631/1631/1631 1636/1636/1636
f 1637/1637/1637 1629/1629/1629 1636/1636/1636
f 1629/1629/1629 1637/1637/1637 1628/1628/1628
f 1636/1636/1636 1630/1630/1630 1638/1638/1638
f 1630/1630/1630 1636/1636/1636 1629/1629/1629
f 1639/1639/1639 1641/1641/1641 1640/1640/1640
f 1639/1639/1639 1642/1642/1642 1641/1641/1641
f 1643/1643/1643 1641/1641/1641 1619/1619/1619
f 1641/1641/1641 1643/1643/1643 1640/1640/1640
f 1619/1619/1619 1642/1642/1642 1618/1618/1618
f 1642/1642/1642 1619/1619/1619 1641/1641/1641
f 1644/1644/1644 1646/1646/1646 1645/1645/1645
f 1644/1644/1644 1647/1647/1647 1646/1646/1646
f 1648/1648/1648 1650/1650/1650 1649/1649/1649
f 1650/1650/1650 1648/1648/1648 1651/1651/1651
f 1649/1649/1649 1653/1653/1653 1652/1652/1652
f 1653/1653/1653 1649/1649/1649 1650/1650/1650
f 1651/1651/1651 1646/1646/1646 1650/1650/1650
f 1646/1646/1646 1651/1651/1651 1645/1645/1645
f 1650/1650/1650 1647/1647/1647 1653/1653/1653
f 1647/1647/1647 1650/1650/1650 1646/1646/1646
f 1591/1591/1591 1583/1583/1583 1635/1635/1635
f 1583/1583/1583 1581/1581/1581 1632/1632/1632
f 1583/1583/1583 1632/1632/1632 1635/1635/1635
f 1643/1643/1643 1591/1591/1591 1652/1652/1652
f 1652/1652/1652 1591/1591/1591 1649/1649/1649
f 1649/1649/1649 1591/1591/1591 1648/1648/1648
f 1648/1648/1648 1591/1591/1591 1635/1635/1635
f 1619/1619/1619 1616/1616/1616 1643/1643/1643
f 1616/1616/1616 1591/1591/1591 1643/1643/1643
f 1654/1654/1654 1656/1656/1656 1655/1655/1655
f 1654/1654/1654 1657/1657/1657 1656/1656/1656
f 1658/1658/1658 1660/1660/1660 1659/1659/1659
f 1658/1658/1658 1659/1659/1659 1661/1661/1661
f 1662/1662/1662 1663/1663/1663 1660/1660/1660
f 1662/1662/1662 1660/1660/1660 1658/1658/1658
f 1660/1660/1660 1615/1615/1615 1659/1659/1659
f 1615/1615/1615 1664/1664/1664 1659/1659/1659
f 1663/1663/1663 1621/1621/1621 1660/1660/1660
f 1621/1621/1621 1615/1615/1615 1660/1660/1660
f 1661/1661/1661 1665/1665/1665 1658/1658/1658
f 1665/1665/1665 1661/1661/1661 1666/1666/1666
f 1658/1658/1658 1667/1667/1667 1662/1662/1662
f 1667/1667/1667 1658/1658/1658 1665/1665/1665
f 1666/1666/1666 1656/1656/1656 1665/1665/1665
f 1656/1656/1656 1666/1666/1666 1655/1655/1655
f 1665/1665/1665 1657/1657/1657 1667/1667/1667
f 1657/1657/1657 1665/1665/1665 1656/1656/1656
f 1668/1668/1668 1670/1670/1670 1669/1669/1669
f 1668/1668/1668 1671/1671/1671 1670/1670/1670
f 1672/1672/1672 1674/1674/1674 1673/1673/1673
f 1672/1672/1672 1673/1673/1673 1675/1675/1675
f 1676/1676/1676 1612/1612/1612 1674/1674/1674
f 1676/1676/1676 1674/1674/1674 1672/1672/1672
f 1675/1675/1675 1677/1677/1677 1672/1672/1672
f 1677/1677/1677 1675/1675/1675 1678/1678/1678
f 1672/1672/1672 1679/1679/1679 1676/1676/1676
f 1679/1679/1679 1672/1672/1672 1677/1677/1677
f 1678/1678/1678 1670/1670/1670 1677/1677/1677
f 1670/1670/1670 1678/1678/1678 1669/1669/1669
f 1677/1677/1677 1671/1671/1671 1679/1679/1679
f 1671/1671/1671 1677/1677/1677 1670/1670/1670
f 1680/1680/1680 1682/1682/1682 1681/1681/1681
f 1680/1680/1680 1683/1683/1683 1682/1682/1682
f 1622/1622/1622 1685/1685/1685 1684/1684/1684
f 1685/1685/1685 1622/1622/1622 1686/1686/1686
f 1684/1684/1684 1687/1687/1687 1626/1626/1626
f 1687/1687/1687 1684/1684/1684 1685/1685/1685
f 1686/1686/1686 1682/1682/1682 1685/1685/1685
f 1682/1682/1682 1686/1686/1686 1681/1681/1681
f 1685/1685/1685 1683/1683/1683 1687/1687/1687
f 1683/1683/1683 1685/1685/1685 1682/1682/1682
f 1684/1684/1684 1626/1626/1626 1624/1624/1624
f 1684/1684/1684 1624/1624/1624 1622/1622/1622
f 1673/1673/1673 1674/1674/1674 1610/1610/1610
f 1674/1674/1674 1612/1612/1612 1610/1610/1610
f 1673/1673/1673 1610/1610/1610 1614/1614/1614
f 1664/1664/1664 1616/1616/1616 1618/1618/1618
f 1615/1615/1615 1616/1616/1616 1664/1664/1664
f 1615/1615/1615 1621/1621/1621 1617/1617/1617
f 1688/1688/1688 1690/1690/1690 1689/1689/1689
f 1688/1688/1688 1691/1691/1691 1690/1690/1690
f 1692/1692/1692 1694/1694/1694 1693/1693/1693
f 1692/1692/1692 1693/1693/1693 1695/1695/1695
f 1696/1696/1696 1607/1607/1607 1692/1692/1692
f 1607/1607/1607 1694/1694/1694 1692/1692/1692
f 1695/1695/1695 1697/1697/1697 1692/1692/1692
f 1697/1697/1697 1695/1695/1695 1698/1698/1698
f 1692/1692/1692 1699/1699/1699 1696/1696/1696
f 1699/1699/1699 1692/1692/1692 1697/1697/1697
f 1698/1698/1698 1690/1690/1690 1697/1697/1697
f 1690/1690/1690 1698/1698/1698 1689/1689/1689
f 1697/1697/1697 1691/1691/1691 1699/1699/1699
f 1691/1691/1691 1697/1697/1697 1690/1690/1690
f 1700/1700/1700 1702/1702/1702 1701/1701/1701
f 1700/1700/1700 1703/1703/1703 1702/1702/1702
f 1704/1704/1704 1603/1603/1603 1705/1705/1705
f 1577/1577/1577 1603/1603/1603 1704/1704/1704
f 1705/1705/1705 1702/1702/1702 1704/1704/1704
f 1702/1702/1702 1705/1705/1705 1701/1701/1701
f 1704/1704/1704 1703/1703/1703 1706/1706/1706
f 1703/1703/1703 1704/1704/1704 1702/1702/1702
f 1688/1688/1688 1689/1689/1689 1707/1707/1707
f 1688/1688/1688 1707/1707/1707 1691/1691/1691
f 1708/1708/1708 1693/1693/1693 1596/1596/1596
f 1708/1708/1708 1695/1695/1695 1693/1693/1693
f 1696/1696/1696 1596/1596/1596 1607/1607/1607
f 1696/1696/1696 1708/1708/1708 1596/1596/1596
f 1695/1695/1695 1708/1708/1708 1709/1709/1709
f 1709/1709/1709 1698/1698/1698 1695/1695/1695
f 1708/1708/1708 1696/1696/1696 1699/1699/1699
f 1699/1699/1699 1709/1709/1709 1708/1708/1708
f 1698/1698/1698 1709/1709/1709 1707/1707/1707
f 1707/1707/1707 1689/1689/1689 1698/1698/1698
f 1709/1709/1709 1699/1699/1699 1691/1691/1691
f 1691/1691/1691 1707/1707/1707 1709/1709/1709
f 1700/1700/1700 1701/1701/1701 1710/1710/1710
f 1700/1700/1700 1710/1710/1710 1703/1703/1703
f 1711/1711/1711 1705/1705/1705 1603/1603/1603
f 1705/1705/1705 1711/1711/1711 1710/1710/1710
f 1710/1710/1710 1701/1701/1701 1705/1705/1705
f 1711/1711/1711 1706/1706/1706 1703/1703/1703
f 1703/1703/1703 1710/1710/1710 1711/1711/1711
f 1625/1625/1625 1606/1606/1606 1607/1607/1607
f 1693/1693/1693 1694/1694/1694 1595/1595/1595
f 1693/1693/1693 1595/1595/1595 1589/1589/1589
f 1604/1604/1604 1595/1595/1595 1694/1694/1694
f 1607/1607/1607 1604/1604/1604 1694/1694/1694
f 1596/1596/1596 1693/1693/1693 1589/1589/1589
f 1625/1625/1625 1596/1596/1596 1590/1590/1590
f 1596/1596/1596 1625/1625/1625 1607/1607/1607
f 1704/1704/1704 1706/1706/1706 1577/1577/1577
f 1576/1576/1576 1577/1577/1577 1706/1706/1706
f 1605/1605/1605 1576/1576/1576 1711/1711/1711
f 1576/1576/1576 1706/1706/1706 1711/1711/1711
f 1605/1605/1605 1711/1711/1711 1603/1603/1603
f 1696/1696/1696 1604/1604/1604 1607/1607/1607
f 1604/1604/1604 1705/1705/1705 1603/1603/1603
f 1585/1585/1585 1588/1588/1588 1586/1586/1586
f 1587/1587/1587 1586/1586/1586 1588/1588/1588
f 1593/1593/1593 1713/1713/1713 1712/1712/1712
f 1593/1593/1593 1712/1712/1712 1714/1714/1714
f 1714/1714/1714 1712/1712/1712 1715/1715/1715
f 1714/1714/1714 1715/1715/1715 1716/1716/1716
f 1716/1716/1716 1715/1715/1715 1717/1717/1717
f 1716/1716/1716 1717/1717/1717 1599/1599/1599
f 1599/1599/1599 1717/1717/1717 1713/1713/1713
f 1599/1599/1599 1713/1713/1713 1593/1593/1593
f 1713/1713/1713 1719/1719/1719 1718/1718/1718
f 1713/1713/1713 1718/1718/1718 1712/1712/1712
f 1712/1712/1712 1718/1718/1718 1720/1720/1720
f 1712/1712/1712 1720/1720/1720 1715/1715/1715
f 1715/1715/1715 1720/1720/1720 1721/1721/1721
f 1715/1715/1715 1721/1721/1721 1717/1717/1717
f 1717/1717/1717 1721/1721/1721 1719/1719/1719
f 1717/1717/1717 1719/1719/1719 1713/1713/1713
f 1719/1719/1719 1723/1723/1723 1722/1722/1722
f 1719/1719/1719 1722/1722/1722 1718/1718/1718
f 1718/1718/1718 1722/1722/1722 1724/1724/1724
f 1718/1718/1718 1724/1724/1724 1720/1720/1720
f 1720/1720/1720 1724/1724/1724 1725/1725/1725
f 1720/1720/1720 1725/1725/1725 1721/1721/1721
f 1721/1721/1721 1725/1725/1725 1723/1723/1723
f 1721/1721/1721 1723/1723/1723 1719/1719/1719
f 1723/1723/1723 1727/1727/1727 1726/1726/1726
f 1723/1723/1723 1726/1726/1726 1722/1722/1722
f 1722/1722/1722 1726/1726/1726 1728/1728/1728
f 1722/1722/1722 1728/1728/1728 1724/1724/1724
f 1724/1724/1724 1728/1728/1728 1729/1729/1729
f 1724/1724/1724 1729/1729/1729 1725/1725/1725
f 1725/1725/1725 1729/1729/1729 1727/1727/1727
f 1725/1725/1725 1727/1727/1727 1723/1723/1723
f 1727/1727/1727 1731/1731/1731 1730/1730/1730
f 1727/1727/1727 1730/1730/1730 1726/1726/1726
f 1726/1726/1726 1730/1730/1730 1732/1732/1732
f 1726/1726/1726 1732/1732/1732 1728/1728/1728
f 1728/1728/1728 1732/1732/1732 1733/1733/1733
f 1728/1728/1728 1733/1733/1733 1729/1729/1729
f 1729/1729/1729 1733/1733/1733 1731/1731/1731
f 1729/1729/1729 1731/1731/1731 1727/1727/1727
f 1734/1734/1734 1736/1736/1736 1735/1735/1735
f 1735/1735/1735 1736/1736/1736 1737/1737/1737
f 1737/1737/1737 1736/1736/1736 1738/1738/1738
f 1738/1738/1738 1736/1736/1736 1734/1734/1734
f 1599/1599/1599 1600/1600/1600 1716/1716/1716
f 1716/1716/1716 1600/1600/1600 1714/1714/1714
f 1593/1593/1593 1714/1714/1714 1600/1600/1600
f 1731/1731/1731 1739/1739/1739 1730/1730/1730
f 1739/1739/1739 1731/1731/1731 1740/1740/1740
f 1730/1730/1730 1741/1741/1741 1732/1732/1732
f 1741/1741/1741 1730/1730/1730 1739/1739/1739
f 1732/1732/1732 1742/1742/1742 1733/1733/1733
f 1742/1742/1742 1732/1732/1732 1741/1741/1741
f 1733/1733/1733 1740/1740/1740 1731/1731/1731
f 1740/1740/1740 1733/1733/1733 1742/1742/1742
f 1740/1740/1740 1735/1735/1735 1739/1739/1739
f 1735/1735/1735 1740/1740/1740 1734/1734/1734
f 1739/1739/1739 1737/1737/1737 1741/1741/1741
f 1737/1737/1737 1739/1739/1739 1735/1735/1735
f 1741/1741/1741 1738/1738/1738 1742/1742/1742
f 1738/1738/1738 1741/1741/1741 1737/1737/1737
f 1742/1742/1742 1734/1734/1734 1740/1740/1740
f 1734/1734/1734 1742/1742/1742 1738/1738/1738
f 1743/1743/1743 1745/1745/1745 1744/1744/1744
f 1743/1743/1743 1746/1746/1746 1745/1745/1745
f 1746/1746/1746 1747/1747/1747 1745/1745/1745
f 1746/1746/1746 1748/1748/1748 1747/1747/1747
f 1748/1748/1748 1572/1572/1572 1747/1747/1747
f 1748/1748/1748 1571/1571/1571 1572/1572/1572
f 1749/1749/1749 1744/1744/1744 1745/1745/1745
f 1749/1749/1749 1745/1745/1745 1747/1747/1747
f 1749/1749/1749 1747/1747/1747 1572/1572/1572
f 1749/1749/1749 1572/1572/1572 1575/1575/1575
f 1743/1743/1743 1750/1750/1750 1746/1746/1746
f 1750/1750/1750 1743/1743/1743 1751/1751/1751
f 1746/1746/1746 1752/1752/1752 1748/1748/1748
f 1752/1752/1752 1746/1746/1746 1750/1750/1750
f 1748/1748/1748 1577/1577/1577 1571/1571/1571
f 1577/1577/1577 1748/1748/1748 1752/1752/1752
f 1751/1751/1751 1753/1753/1753 1750/1750/1750
f 1753/1753/1753 1751/1751/1751 1754/1754/1754
f 1750/1750/1750 1755/1755/1755 1752/1752/1752
f 1755/1755/1755 1750/1750/1750 1753/1753/1753
f 1752/1752/1752 1603/1603/1603 1577/1577/1577
f 1603/1603/1603 1752/1752/1752 1755/1755/1755
f 1756/1756/1756 1758/1758/1758 1757/1757/1757
f 1758/1758/1758 1759/1759/1759 1757/1757/1757
f 1758/1758/1758 1760/1760/1760 1759/1759/1759
f 1760/1760/1760 1761/1761/1761 1759/1759/1759
f 1760/1760/1760 1762/1762/1762 1761/1761/1761
f 1762/1762/1762 1763/1763/1763 1761/1761/1761
f 1758/1758/1758 1756/1756/1756 1764/1764/1764
f 1760/1760/1760 1758/1758/1758 1762/1762/1762
f 1762/1762/1762 1758/1758/1758 1764/1764/1764
f 1765/1765/1765 1762/1762/1762 1764/1764/1764
f 1759/1759/1759 1753/1753/1753 1757/1757/1757
f 1754/1754/1754 1757/1757/1757 1753/1753/1753
f 1761/1761/1761 1755/1755/1755 1759/1759/1759
f 1753/1753/1753 1759/1759/1759 1755/1755/1755
f 1763/1763/1763 1603/1603/1603 1761/1761/1761
f 1755/1755/1755 1761/1761/1761 1603/1603/1603
f 1766/1766/1766 1768/1768/1768 1767/1767/1767
f 1766/1766/1766 1767/1767/1767 1769/1769/1769
f 1768/1768/1768 1575/1575/1575 1767/1767/1767
f 1766/1766/1766 1769/1769/1769 1770/1770/1770
f 1770/1770/1770 1771/1771/1771 1766/1766/1766
f 1578/1578/1578 1579/1579/1579 1772/1772/1772
f 1581/1581/1581 1772/1772/1772 1773/1773/1773
f 1581/1581/1581 1773/1773/1773 1774/1774/1774
f 1579/1579/1579 1584/1584/1584 1775/1775/1775
f 1579/1579/1579 1775/1775/1775 1772/1772/1772
f 1776/1776/1776 1775/1775/1775 1777/1777/1777
f 1778/1778/1778 1777/1777/1777 1773/1773/1773
f 1773/1773/1773 1777/1777/1777 1779/1779/1779
f 1773/1773/1773 1779/1779/1779 1774/1774/1774
f 1774/1774/1774 1779/1779/1779 1780/1780/1780
f 1774/1774/1774 1780/1780/1780 1781/1781/1781
f 1584/1584/1584 1592/1592/1592 1782/1782/1782
f 1775/1775/1775 1782/1782/1782 1783/1783/1783
f 1775/1775/1775 1783/1783/1783 1777/1777/1777
f 1779/1779/1779 1783/1783/1783 1784/1784/1784
f 1777/1777/1777 1783/1783/1783 1779/1779/1779
f 1779/1779/1779 1785/1785/1785 1780/1780/1780
f 1597/1597/1597 1787/1787/1787 1786/1786/1786
f 1786/1786/1786 1600/1600/1600 1597/1597/1597
f 1787/1787/1787 1789/1789/1789 1788/1788/1788
f 1788/1788/1788 1786/1786/1786 1787/1787/1787
f 1789/1789/1789 1791/1791/1791 1790/1790/1790
f 1790/1790/1790 1788/1788/1788 1789/1789/1789
f 1791/1791/1791 1793/1793/1793 1792/1792/1792
f 1792/1792/1792 1790/1790/1790 1791/1791/1791
f 1782/1782/1782 1592/1592/1592 1600/1600/1600
f 1786/1786/1786 1788/1788/1788 1783/1783/1783
f 1783/1783/1783 1782/1782/1782 1786/1786/1786
f 1788/1788/1788 1790/1790/1790 1784/1784/1784
f 1784/1784/1784 1783/1783/1783 1788/1788/1788
f 1792/1792/1792 1794/1794/1794 1790/1790/1790
f 1581/1581/1581 1578/1578/1578 1772/1772/1772
f 1772/1772/1772 1775/1775/1775 1778/1778/1778
f 1773/1773/1773 1772/1772/1772 1778/1778/1778
f 1584/1584/1584 1782/1782/1782 1775/1775/1775
f 1608/1608/1608 1767/1767/1767 1609/1609/1609
f 1608/1608/1608 1795/1795/1795 1767/1767/1767
f 1795/1795/1795 1796/1796/1796 1767/1767/1767
f 1796/1796/1796 1769/1769/1769 1767/1767/1767
f 1575/1575/1575 1609/1609/1609 1767/1767/1767
f 1608/1608/1608 1612/1612/1612 1795/1795/1795
f 1795/1795/1795 1797/1797/1797 1796/1796/1796
f 1796/1796/1796 1770/1770/1770 1769/1769/1769
f 1770/1770/1770 1796/1796/1796 1797/1797/1797
f 1797/1797/1797 1795/1795/1795 1798/1798/1798
f 1797/1797/1797 1793/1793/1793 1770/1770/1770
f 1799/1799/1799 1801/1801/1801 1800/1800/1800
f 1618/1618/1618 1802/1802/1802 1801/1801/1801
f 1800/1800/1800 1801/1801/1801 1803/1803/1803
f 1801/1801/1801 1780/1780/1780 1803/1803/1803
f 1801/1801/1801 1781/1781/1781 1780/1780/1780
f 1621/1621/1621 1800/1800/1800 1622/1622/1622
f 1800/1800/1800 1805/1805/1805 1804/1804/1804
f 1800/1800/1800 1803/1803/1803 1805/1805/1805
f 1803/1803/1803 1806/1806/1806 1805/1805/1805
f 1803/1803/1803 1780/1780/1780 1806/1806/1806
f 1626/1626/1626 1804/1804/1804 1798/1798/1798
f 1798/1798/1798 1805/1805/1805 1797/1797/1797
f 1805/1805/1805 1798/1798/1798 1804/1804/1804
f 1797/1797/1797 1792/1792/1792 1793/1793/1793
f 1792/1792/1792 1797/1797/1797 1805/1805/1805
f 1805/1805/1805 1806/1806/1806 1792/1792/1792
f 1622/1622/1622 1800/1800/1800 1804/1804/1804
f 1627/1627/1627 1628/1628/1628 1807/1807/1807
f 1627/1627/1627 1807/1807/1807 1630/1630/1630
f 1808/1808/1808 1581/1581/1581 1809/1809/1809
f 1808/1808/1808 1633/1633/1633 1581/1581/1581
f 1634/1634/1634 1809/1809/1809 1635/1635/1635
f 1634/1634/1634 1808/1808/1808 1809/1809/1809
f 1633/1633/1633 1808/1808/1808 1810/1810/1810
f 1810/1810/1810 1637/1637/1637 1633/1633/1633
f 1808/1808/1808 1634/1634/1634 1638/1638/1638
f 1638/1638/1638 1810/1810/1810 1808/1808/1808
f 1637/1637/1637 1810/1810/1810 1807/1807/1807
f 1807/1807/1807 1628/1628/1628 1637/1637/1637
f 1810/1810/1810 1638/1638/1638 1630/1630/1630
f 1630/1630/1630 1807/1807/1807 1810/1810/1810
f 1639/1639/1639 1640/1640/1640 1811/1811/1811
f 1639/1639/1639 1811/1811/1811 1642/1642/1642
f 1643/1643/1643 1802/1802/1802 1811/1811/1811
f 1811/1811/1811 1640/1640/1640 1643/1643/1643
f 1802/1802/1802 1618/1618/1618 1642/1642/1642
f 1642/1642/1642 1811/1811/1811 1802/1802/1802
f 1644/1644/1644 1645/1645/1645 1812/1812/1812
f 1644/1644/1644 1812/1812/1812 1647/1647/1647
f 1648/1648/1648 1814/1814/1814 1813/1813/1813
f 1813/1813/1813 1651/1651/1651 1648/1648/1648
f 1814/1814/1814 1652/1652/1652 1653/1653/1653
f 1653/1653/1653 1813/1813/1813 1814/1814/1814
f 1651/1651/1651 1813/1813/1813 1812/1812/1812
f 1812/1812/1812 1645/1645/1645 1651/1651/1651
f 1813/1813/1813 1653/1653/1653 1647/1647/1647
f 1647/1647/1647 1812/1812/1812 1813/1813/1813
f 1781/1781/1781 1635/1635/1635 1774/1774/1774
f 1774/1774/1774 1809/1809/1809 1581/1581/1581
f 1774/1774/1774 1635/1635/1635 1809/1809/1809
f 1643/1643/1643 1652/1652/1652 1781/1781/1781
f 1652/1652/1652 1814/1814/1814 1781/1781/1781
f 1814/1814/1814 1648/1648/1648 1781/1781/1781
f 1648/1648/1648 1635/1635/1635 1781/1781/1781
f 1802/1802/1802 1643/1643/1643 1801/1801/1801
f 1801/1801/1801 1643/1643/1643 1781/1781/1781
f 1654/1654/1654 1655/1655/1655 1815/1815/1815
f 1654/1654/1654 1815/1815/1815 1657/1657/1657
f 1816/1816/1816 1659/1659/1659 1817/1817/1817
f 1816/1816/1816 1661/1661/1661 1659/1659/1659
f 1662/1662/1662 1817/1817/1817 1663/1663/1663
f 1662/1662/1662 1816/1816/1816 1817/1817/1817
f 1817/1817/1817 1659/1659/1659 1799/1799/1799
f 1799/1799/1799 1659/1659/1659 1664/1664/1664
f 1663/1663/1663 1817/1817/1817 1621/1621/1621
f 1621/1621/1621 1817/1817/1817 1799/1799/1799
f 1661/1661/1661 1816/1816/1816 1818/1818/1818
f 1818/1818/1818 1666/1666/1666 1661/1661/1661
f 1816/1816/1816 1662/1662/1662 1667/1667/1667
f 1667/1667/1667 1818/1818/1818 1816/1816/1816
f 1666/1666/1666 1818/1818/1818 1815/1815/1815
f 1815/1815/1815 1655/1655/1655 1666/1666/1666
f 1818/1818/1818 1667/1667/1667 1657/1657/1657
f 1657/1657/1657 1815/1815/1815 1818/1818/1818
f 1668/1668/1668 1669/1669/1669 1819/1819/1819
f 1668/1668/1668 1819/1819/1819 1671/1671/1671
f 1820/1820/1820 1673/1673/1673 1821/1821/1821
f 1820/1820/1820 1675/1675/1675 1673/1673/1673
f 1676/1676/1676 1821/1821/1821 1612/1612/1612
f 1676/1676/1676 1820/1820/1820 1821/1821/1821
f 1675/1675/1675 1820/1820/1820 1822/1822/1822
f 1822/1822/1822 1678/1678/1678 1675/1675/1675
f 1820/1820/1820 1676/1676/1676 1679/1679/1679
f 1679/1679/1679 1822/1822/1822 1820/1820/1820
f 1678/1678/1678 1822/1822/1822 1819/1819/1819
f 1819/1819/1819 1669/1669/1669 1678/1678/1678
f 1822/1822/1822 1679/1679/1679 1671/1671/1671
f 1671/1671/1671 1819/1819/1819 1822/1822/1822
f 1680/1680/1680 1681/1681/1681 1823/1823/1823
f 1680/1680/1680 1823/1823/1823 1683/1683/1683
f 1622/1622/1622 1825/1825/1825 1824/1824/1824
f 1824/1824/1824 1686/1686/1686 1622/1622/1622
f 1825/1825/1825 1626/1626/1626 1687/1687/1687
f 1687/1687/1687 1824/1824/1824 1825/1825/1825
f 1686/1686/1686 1824/1824/1824 1823/1823/1823
f 1823/1823/1823 1681/1681/1681 1686/1686/1686
f 1824/1824/1824 1687/1687/1687 1683/1683/1683
f 1683/1683/1683 1823/1823/1823 1824/1824/1824
f 1825/1825/1825 1804/1804/1804 1626/1626/1626
f 1825/1825/1825 1622/1622/1622 1804/1804/1804
f 1673/1673/1673 1795/1795/1795 1821/1821/1821
f 1821/1821/1821 1795/1795/1795 1612/1612/1612
f 1673/1673/1673 1798/1798/1798 1795/1795/1795
f 1664/1664/1664 1618/1618/1618 1801/1801/1801
f 1799/1799/1799 1664/1664/1664 1801/1801/1801
f 1799/1799/1799 1800/1800/1800 1621/1621/1621
f 1826/1826/1826 1828/1828/1828 1827/1827/1827
f 1826/1826/1826 1827/1827/1827 1829/1829/1829
f 1830/1830/1830 1832/1832/1832 1831/1831/1831
f 1830/1830/1830 1833/1833/1833 1832/1832/1832
f 1834/1834/1834 1830/1830/1830 1794/1794/1794
f 1794/1794/1794 1830/1830/1830 1831/1831/1831
f 1833/1833/1833 1830/1830/1830 1835/1835/1835
f 1835/1835/1835 1836/1836/1836 1833/1833/1833
f 1830/1830/1830 1834/1834/1834 1837/1837/1837
f 1837/1837/1837 1835/1835/1835 1830/1830/1830
f 1836/1836/1836 1835/1835/1835 1827/1827/1827
f 1827/1827/1827 1828/1828/1828 1836/1836/1836
f 1835/1835/1835 1837/1837/1837 1829/1829/1829
f 1829/1829/1829 1827/1827/1827 1835/1835/1835
f 1838/1838/1838 1840/1840/1840 1839/1839/1839
f 1838/1838/1838 1839/1839/1839 1841/1841/1841
f 1842/1842/1842 1843/1843/1843 1791/1791/1791
f 1771/1771/1771 1842/1842/1842 1791/1791/1791
f 1843/1843/1843 1842/1842/1842 1839/1839/1839
f 1839/1839/1839 1840/1840/1840 1843/1843/1843
f 1842/1842/1842 1844/1844/1844 1841/1841/1841
f 1841/1841/1841 1839/1839/1839 1842/1842/1842
f 1826/1826/1826 1845/1845/1845 1828/1828/1828
f 1826/1826/1826 1829/1829/1829 1845/1845/1845
f 1846/1846/1846 1785/1785/1785 1832/1832/1832
f 1846/1846/1846 1832/1832/1832 1833/1833/1833
f 1834/1834/1834 1794/1794/1794 1785/1785/1785
f 1834/1834/1834 1785/1785/1785 1846/1846/1846
f 1833/1833/1833 1847/1847/1847 1846/1846/1846
f 1847/1847/1847 1833/1833/1833 1836/1836/1836
f 1846/1846/1846 1837/1837/1837 1834/1834/1834
f 1837/1837/1837 1846/1846/1846 1847/1847/1847
f 1836/1836/1836 1845/1845/1845 1847/1847/1847
f 1845/1845/1845 1836/1836/1836 1828/1828/1828
f 1847/1847/1847 1829/1829/1829 1837/1837/1837
f 1829/1829/1829 1847/1847/1847 1845/1845/1845
f 1838/1838/1838 1848/1848/1848 1840/1840/1840
f 1838/1838/1838 1841/1841/1841 1848/1848/1848
f 1849/1849/1849 1791/1791/1791 1843/1843/1843
f 1843/1843/1843 1848/1848/1848 1849/1849/1849
f 1848/1848/1848 1843/1843/1843 1840/1840/1840
f 1849/1849/1849 1841/1841/1841 1844/1844/1844
f 1841/1841/1841 1849/1849/1849 1848/1848/1848
f 1806/1806/1806 1794/1794/1794 1792/1792/1792
f 1832/1832/1832 1784/1784/1784 1831/1831/1831
f 1832/1832/1832 1779/1779/1779 1784/1784/1784
f 1790/1790/1790 1831/1831/1831 1784/1784/1784
f 1794/1794/1794 1831/1831/1831 1790/1790/1790
f 1785/1785/1785 1779/1779/1779 1832/1832/1832
f 1806/1806/1806 1780/1780/1780 1785/1785/1785
f 1785/1785/1785 1794/1794/1794 1806/1806/1806
f 1842/1842/1842 1771/1771/1771 1844/1844/1844
f 1770/1770/1770 1844/1844/1844 1771/1771/1771
f 1793/1793/1793 1849/1849/1849 1770/1770/1770
f 1770/1770/1770 1849/1849/1849 1844/1844/1844
f 1793/1793/1793 1791/1791/1791 1849/1849/1849
f 1834/1834/1834 1794/1794/1794 1790/1790/1790
f 1790/1790/1790 1791/1791/1791 1843/1843/1843
f 1843/1843/1843 1840/1840/1840 1790/1790/1790
f 1775/1775/1775 1776/1776/1776 1778/1778/1778
f 1777/1777/1777 1778/1778/1778 1776/1776/1776
f 1782/1782/1782 1851/1851/1851 1850/1850/1850
f 1782/1782/1782 1852/1852/1852 1851/1851/1851
f 1852/1852/1852 1853/1853/1853 1851/1851/1851
f 1852/1852/1852 1854/1854/1854 1853/1853/1853
f 1854/1854/1854 1855/1855/1855 1853/1853/1853
f 1854/1854/1854 1786/1786/1786 1855/1855/1855
f 1786/1786/1786 1850/1850/1850 1855/1855/1855
f 1786/1786/1786 1782/1782/1782 1850/1850/1850
f 1850/1850/1850 1857/1857/1857 1856/1856/1856
f 1850/1850/1850 1851/1851/1851 1857/1857/1857
f 1851/1851/1851 1858/1858/1858 1857/1857/1857
f 1851/1851/1851 1853/1853/1853 1858/1858/1858
f 1853/1853/1853 1859/1859/1859 1858/1858/1858
f 1853/1853/1853 1855/1855/1855 1859/1859/1859
f 1855/1855/1855 1856/1856/1856 1859/1859/1859
f 1855/1855/1855 1850/1850/1850 1856/1856/1856
f 1856/1856/1856 1861/1861/1861 1860/1860/1860
f 1856/1856/1856 1857/1857/1857 1861/1861/1861
f 1857/1857/1857 1862/1862/1862 1861/1861/1861
f 1857/1857/1857 1858/1858/1858 1862/1862/1862
f 1858/1858/1858 1863/1863/1863 1862/1862/1862
f 1858/1858/1858 1859/1859/1859 1863/1863/1863
f 1859/1859/1859 1860/1860/1860 1863/1863/1863
f 1859/1859/1859 1856/1856/1856 1860/1860/1860
f 1860/1860/1860 1865/1865/1865 1864/1864/1864
f 1860/1860/1860 1861/1861/1861 1865/1865/1865
f 1861/1861/1861 1866/1866/1866 1865/1865/1865
f 1861/1861/1861 1862/1862/1862 1866/1866/1866
f 1862/1862/1862 1867/1867/1867 1866/1866/1866
f 1862/1862/1862 1863/1863/1863 1867/1867/1867
f 1863/1863/1863 1864/1864/1864 1867/1867/1867
f 1863/1863/1863 1860/1860/1860 1864/1864/1864
f 1864/1864/1864 1869/1869/1869 1868/1868/1868
f 1864/1864/1864 1865/1865/1865 1869/1869/1869
f 1865/1865/1865 1870/1870/1870 1869/1869/1869
f 1865/1865/1865 1866/1866/1866 1870/1870/1870
f 1866/1866/1866 1871/1871/1871 1870/1870/1870
f 1866/1866/1866 1867/1867/1867 1871/1871/1871
f 1867/1867/1867 1868/1868/1868 1871/1871/1871
f 1867/1867/1867 1864/1864/1864 1868/1868/1868
f 1872/1872/1872 1874/1874/1874 1873/1873/1873
f 1874/1874/1874 1875/1875/1875 1873/1873/1873
f 1875/1875/1875 1876/1876/1876 1873/1873/1873
f 1876/1876/1876 1872/1872/1872 1873/1873/1873
f 1786/1786/1786 1854/1854/1854 1600/1600/1600
f 1854/1854/1854 1852/1852/1852 1600/1600/1600
f 1782/1782/1782 1600/1600/1600 1852/1852/1852
f 1868/1868/1868 1869/1869/1869 1877/1877/1877
f 1877/1877/1877 1878/1878/1878 1868/1868/1868
f 1869/1869/1869 1870/1870/1870 1879/1879/1879
f 1879/1879/1879 1877/1877/1877 1869/1869/1869
f 1870/1870/1870 1871/1871/1871 1880/1880/1880
f 1880/1880/1880 1879/1879/1879 1870/1870/1870
f 1871/1871/1871 1868/1868/1868 1878/1878/1878
f 1878/1878/1878 1880/1880/1880 1871/1871/1871
f 1878/1878/1878 1877/1877/1877 1874/1874/1874
f 1874/1874/1874 1872/1872/1872 1878/1878/1878
f 1877/1877/1877 1879/1879/1879 1875/1875/1875
f 1875/1875/1875 1874/1874/1874 1877/1877/1877
f 1879/1879/1879 1880/1880/1880 1876/1876/1876
f 1876/1876/1876 1875/1875/1875 1879/1879/1879
f 1880/1880/1880 1878/1878/1878 1872/1872/1872
f 1872/1872/1872 1876/1876/1876 1880/1880/1880
f 1743/1743/1743 1744/1744/1744 1881/1881/1881
f 1743/1743/1743 1881/1881/1881 1882/1882/1882
f 1882/1882/1882 1881/1881/1881 1883/1883/1883
f 1882/1882/1882 1883/1883/1883 1884/1884/1884
f 1884/1884/1884 1883/1883/1883 1768/1768/1768
f 1884/1884/1884 1768/1768/1768 1766/1766/1766
f 1749/1749/1749 1881/1881/1881 1744/1744/1744
f 1749/1749/1749 1883/1883/1883 1881/1881/1881
f 1749/1749/1749 1768/1768/1768 1883/1883/1883
f 1749/1749/1749 1575/1575/1575 1768/1768/1768
f 1743/1743/1743 1882/1882/1882 1885/1885/1885
f 1885/1885/1885 1751/1751/1751 1743/1743/1743
f 1882/1882/1882 1884/1884/1884 1886/1886/1886
f 1886/1886/1886 1885/1885/1885 1882/1882/1882
f 1884/1884/1884 1766/1766/1766 1771/1771/1771
f 1771/1771/1771 1886/1886/1886 1884/1884/1884
f 1751/1751/1751 1885/1885/1885 1887/1887/1887
f 1887/1887/1887 1754/1754/1754 1751/1751/1751
f 1885/1885/1885 1886/1886/1886 1888/1888/1888
f 1888/1888/1888 1887/1887/1887 1885/1885/1885
f 1886/1886/1886 1771/1771/1771 1791/1791/1791
f 1791/1791/1791 1888/1888/1888 1886/1886/1886
f 1756/1756/1756 1757/1757/1757 1889/1889/1889
f 1889/1889/1889 1757/1757/1757 1890/1890/1890
f 1889/1889/1889 1890/1890/1890 1891/1891/1891
f 1891/1891/1891 1890/1890/1890 1892/1892/1892
f 1891/1891/1891 1892/1892/1892 1893/1893/1893
f 1893/1893/1893 1892/1892/1892 1894/1894/1894
f 1889/1889/1889 1764/1764/1764 1756/1756/1756
f 1891/1891/1891 1893/1893/1893 1889/1889/1889
f 1893/1893/1893 1764/1764/1764 1889/1889/1889
f 1765/1765/1765 1764/1764/1764 1893/1893/1893
f 1890/1890/1890 1757/1757/1757 1887/1887/1887
f 1754/1754/1754 1887/1887/1887 1757/1757/1757
f 1892/1892/1892 1890/1890/1890 1888/1888/1888
f 1887/1887/1887 1888/1888/1888 1890/1890/1890
f 1894/1894/1894 1892/1892/1892 1791/1791/1791
f 1888/1888/1888 1791/1791/1791 1892/1892/1892
f 1895/1895/1895 1897/1897/1897 1896/1896/1896
f 1895/1895/1895 1896/1896/1896 1898/1898/1898
f 1898/1898/1898 1896/1896/1896 1899/1899/1899
f 1898/1898/1898 1899/1899/1899 1900/1900/1900
f 1900/1900/1900 1899/1899/1899 1901/1901/1901
f 1900/1900/1900 1901/1901/1901 1902/1902/1902
f 1902/1902/1902 1901/1901/1901 1897/1897/1897
f 1902/1902/1902 1897/1897/1897 1895/1895/1895
f 1897/1897/1897 1904/1904/1904 1903/1903/1903
f 1897/1897/1897 1903/1903/1903 1896/1896/1896
f 1896/1896/1896 1903/1903/1903 1905/1905/1905
f 1896/1896/1896 1905/1905/1905 1899/1899/1899
f 1899/1899/1899 1905/1905/1905 1906/1906/1906
f 1899/1899/1899 1906/1906/1906 1901/1901/1901
f 1901/1901/1901 1906/1906/1906 1904/1904/1904
f 1901/1901/1901 1904/1904/1904 1897/1897/1897
f 1904/1904/1904 1907/1907/1907 1903/1903/1903
f 1903/1903/1903 1907/1907/1907 1905/1905/1905
f 1905/1905/1905 1907/1907/1907 1906/1906/1906
f 1906/1906/1906 1907/1907/1907 1904/1904/1904
f 1908/1908/1908 1910/1910/1910 1909/1909/1909
f 1908/1908/1908 1909/1909/1909 1911/1911/1911
f 1911/1911/1911 1909/1909/1909 1912/1912/1912
f 1911/1911/1911 1912/1912/1912 1913/1913/1913
f 1913/1913/1913 1912/1912/1912 1914/1914/1914
f 1913/1913/1913 1914/1914/1914 1915/1915/1915
f 1915/1915/1915 1914/1914/1914 1910/1910/1910
f 1915/1915/1915 1910/1910/1910 1908/1908/1908
f 1910/1910/1910 1916/1916/1916 1909/1909/1909
f 1909/1909/1909 1916/1916/1916 1912/1912/1912
f 1912/1912/1912 1916/1916/1916 1914/1914/1914
f 1914/1914/1914 1916/1916/1916 1910/1910/1910
f 1917/1917/1917 1919/1919/1919 1918/1918/1918
f 1917/1917/1917 1918/1918/1918 1920/1920/1920
f 1920/1920/1920 1918/1918/1918 1921/1921/1921
f 1920/1920/1920 1921/1921/1921 1922/1922/1922
f 1922/1922/1922 1921/1921/1921 1923/1923/1923
f 1922/1922/1922 1923/1923/1923 1924/1924/1924
f 1924/1924/1924 1923/1923/1923 1919/1919/1919
f 1924/1924/1924 1919/1919/1919 1917/1917/1917
f 1919/1919/1919 1925/1925/1925 1918/1918/1918
f 1918/1918/1918 1925/1925/1925 1921/1921/1921
f 1921/1921/1921 1925/1925/1925 1923/1923/1923
f 1923/1923/1923 1925/1925/1925 1919/1919/1919
f 1926/1926/1926 1928/1928/1928 1927/1927/1927
f 1926/1926/1926 1927/1927/1927 1929/1929/1929
f 1929/1929/1929 1927/1927/1927 1930/1930/1930
f 1929/1929/1929 1930/1930/1930 1931/1931/1931
f 1931/1931/1931 1930/1930/1930 1932/1932/1932
f 1931/1931/1931 1932/1932/1932 1933/1933/1933
f 1933/1933/1933 1932/1932/1932 1928/1928/1928
f 1933/1933/1933 1928/1928/1928 1926/1926/1926
f 1928/1928/1928 1934/1934/1934 1927/1927/1927
f 1927/1927/1927 1934/1934/1934 1930/1930/1930
f 1930/1930/1930 1934/1934/1934 1932/1932/1932
f 1932/1932/1932 1934/1934/1934 1928/1928/1928
f 1935/1935/1935 1937/1937/1937 1936/1936/1936
f 1935/1935/1935 1936/1936/1936 1938/1938/1938
f 1938/1938/1938 1936/1936/1936 1939/1939/1939
f 1938/1938/1938 1939/1939/1939 1940/1940/1940
f 1940/1940/1940 1939/1939/1939 1941/1941/1941
f 1940/1940/1940 1941/1941/1941 1942/1942/1942
f 1942/1942/1942 1941/1941/1941 1937/1937/1937
f 1942/1942/1942 1937/1937/1937 1935/1935/1935
f 1937/1937/1937 1943/1943/1943 1936/1936/1936
f 1936/1936/1936 1943/1943/1943 1939/1939/1939
f 1939/1939/1939 1943/1943/1943 1941/1941/1941
f 1941/1941/1941 1943/1943/1943 1937/1937/1937
f 1944/1944/1944 1946/1946/1946 1945/1945/1945
f 1944/1944/1944 1945/1945/1945 1947/1947/1947
f 1947/1947/1947 1945/1945/1945 1948/1948/1948
f 1947/1947/1947 1948/1948/1948 1949/1949/1949
f 1949/1949/1949 1948/1948/1948 1950/1950/1950
f 1949/1949/1949 1950/1950/1950 1951/1951/1951
f 1951/1951/1951 1950/1950/1950 1946/1946/1946
f 1951/1951/1951 1946/1946/1946 1944/1944/1944
f 1946/1946/1946 1952/1952/1952 1945/1945/1945
f 1945/1945/1945 1952/1952/1952 1948/1948/1948
f 1948/1948/1948 1952/1952/1952 1950/1950/1950
f 1950/1950/1950 1952/1952/1952 1946/1946/1946
f 1953/1953/1953 1955/1955/1955 1954/1954/1954
f 1954/1954/1954 1957/1957/1957 1956/1956/1956
f 1956/1956/1956 1959/1959/1959 1958/1958/1958
f 1958/1958/1958 1960/1960/1960 1953/1953/1953
f 1961/1961/1961 1963/1963/1963 1962/1962/1962
f 1962/1962/1962 1965/1965/1965 1964/1964/1964
f 1964/1964/1964 1967/1967/1967 1966/1966/1966
f 1966/1966/1966 1968/1968/1968 1961/1961/1961
f 1969/1969/1969 1971/1971/1971 1970/1970/1970
f 1970/1970/1970 1973/1973/1973 1972/1972/1972
f 1972/1972/1972 1975/1975/1975 1974/1974/1974
f 1974/1974/1974 1976/1976/1976 1969/1969/1969
f 1977/1977/1977 1979/1979/1979 1978/1978/1978
f 1978/1978/1978 1981/1981/1981 1980/1980/1980
f 1980/1980/1980 1983/1983/1983 1982/1982/1982
f 1982/1982/1982 1984/1984/1984 1977/1977/1977
f 1985/1985/1985 1987/1987/1987 1986/1986/1986
f 1986/1986/1986 1989/1989/1989 1988/1988/1988
f 1988/1988/1988 1991/1991/1991 1990/1990/1990
f 1990/1990/1990 1992/1992/1992 1985/1985/1985
f 1993/1993/1993 1995/1995/1995 1994/1994/1994
f 1993/1993/1993 1996/1996/1996 1995/1995/1995
f 1996/1996/1996 1997/1997/1997 1995/1995/1995
f 1996/1996/1996 1998/1998/1998 1997/1997/1997
f 1998/1998/1998 1999/1999/1999 1997/1997/1997
f 1998/1998/1998 2000/2000/2000 1999/1999/1999
f 2000/2000/2000 1994/1994/1994 1999/1999/1999
f 2000/2000/2000 1993/1993/1993 1994/1994/1994
f 1994/1994/1994 2002/2002/2002 2001/2001/2001
f 1994/1994/1994 1995/1995/1995 2002/2002/2002
f 1995/1995/1995 2003/2003/2003 2002/2002/2002
f 1995/1995/1995 1997/1997/1997 2003/2003/2003
f 1997/1997/1997 2004/2004/2004 2003/2003/2003
f 1997/1997/1997 1999/1999/1999 2004/2004/2004
f 1999/1999/1999 2001/2001/2001 2004/2004/2004
f 1999/1999/1999 1994/1994/1994 2001/2001/2001
f 2001/2001/2001 2002/2002/2002 2005/2005/2005
f 2002/2002/2002 2003/2003/2003 2005/2005/2005
f 2003/2003/2003 2004/2004/2004 2005/2005/2005
f 2004/2004/2004 2001/2001/2001 2005/2005/2005
f 2006/2006/2006 2008/2008/2008 2007/2007/2007
f 2006/2006/2006 2009/2009/2009 2008/2008/2008
f 2009/2009/2009 2010/2010/2010 2008/2008/2008
f 2009/2009/2009 2011/2011/2011 2010/2010/2010
f 2011/2011/2011 2012/2012/2012 2010/2010/2010
f 2011/2011/2011 2013/2013/2013 2012/2012/2012
f 2013/2013/2013 2007/2007/2007 2012/2012/2012
f 2013/2013/2013 2006/2006/2006 2007/2007/2007
f 2007/2007/2007 2008/2008/2008 2014/2014/2014
f 2008/2008/2008 2010/2010/2010 2014/2014/2014
f 2010/2010/2010 2012/2012/2012 2014/2014/2014
f 2012/2012/2012 2007/2007/2007 2014/2014/2014
f 2015/2015/2015 2017/2017/2017 2016/2016/2016
f 2015/2015/2015 2018/2018/2018 2017/2017/2017
f 2018/2018/2018 2019/2019/2019 2017/2017/2017
f 2018/2018/2018 2020/2020/2020 2019/2019/2019
f 2020/2020/2020 2021/2021/2021 2019/2019/2019
f 2020/2020/2020 2022/2022/2022 2021/2021/2021
f 2022/2022/2022 2016/2016/2016 2021/2021/2021
f 2022/2022/2022 2015/2015/2015 2016/2016/2016
f 2016/2016/2016 2017/2017/2017 2023/2023/2023
f 2017/2017/2017 2019/2019/2019 2023/2023/2023
f 2019/2019/2019 2021/2021/2021 2023/2023/2023
f 2021/2021/2021 2016/2016/2016 2023/2023/2023
f 2024/2024/2024 2026/2026/2026 2025/2025/2025
f 2024/2024/2024 2027/2027/2027 2026/2026/2026
f 2027/2027/2027 2028/2028/2028 2026/2026/2026
f 2027/2027/2027 2029/2029/2029 2028/2028/2028
f 2029/2029/2029 2030/2030/2030 2028/2028/2028
f 2029/2029/2029 2031/2031/2031 2030/2030/2030
f 2031/2031/2031 2025/2025/2025 2030/2030/2030
f 2031/2031/2031 2024/2024/2024 2025/2025/2025
f 2025/2025/2025 2026/2026/2026 2032/2032/2032
f 2026/2026/2026 2028/2028/2028 2032/2032/2032
f 2028/2028/2028 2030/2030/2030 2032/2032/2032
f 2030/2030/2030 2025/2025/2025 2032/2032/2032
f 2033/2033/2033 2035/2035/2035 2034/2034/2034
f 2033/2033/2033 2036/2036/2036 2035/2035/2035
f 2036/2036/2036 2037/2037/2037 2035/2035/2035
f 2036/2036/2036 2038/2038/2038 2037/2037/2037
f 2038/2038/2038 2039/2039/2039 2037/2037/2037
f 2038/2038/2038 2040/2040/2040 2039/2039/2039
f 2040/2040/2040 2034/2034/2034 2039/2039/2039
f 2040/2040/2040 2033/2033/2033 2034/2034/2034
f 2034/2034/2034 2035/2035/2035 2041/2041/2041
f 2035/2035/2035 2037/2037/2037 2041/2041/2041
f 2037/2037/2037 2039/2039/2039 2041/2041/2041
f 2039/2039/2039 2034/2034/2034 2041/2041/2041
f 2042/2042/2042 2044/2044/2044 2043/2043/2043
f 2042/2042/2042 2045/2045/2045 2044/2044/2044
f 2045/2045/2045 2046/2046/2046 2044/2044/2044
f 2045/2045/2045 2047/2047/2047 2046/2046/2046
f 2047/2047/2047 2048/2048/2048 2046/2046/2046
f 2047/2047/2047 2049/2049/2049 2048/2048/2048
f 2049/2049/2049 2043/2043/2043 2048/2048/2048
f 2049/2049/2049 2042/2042/2042 2043/2043/2043
f 2043/2043/2043 2044/2044/2044 2050/2050/2050
f 2044/2044/2044 2046/2046/2046 2050/2050/2050
f 2046/2046/2046 2048/2048/2048 2050/2050/2050
f 2048/2048/2048 2043/2043/2043 2050/2050/2050
f 2051/2051/2051 2053/2053/2053 2052/2052/2052
f 2053/2053/2053 2055/2055/2055 2054/2054/2054
f 2055/2055/2055 2057/2057/2057 2056/2056/2056
f 2057/2057/2057 2051/2051/2051 2058/2058/2058
f 2059/2059/2059 2061/2061/2061 2060/2060/2060
f 2061/2061/2061 2063/2063/2063 2062/2062/2062
f 2063/2063/2063 2065/2065/2065 2064/2064/2064
f 2065/2065/2065 2059/2059/2059 2066/2066/2066
f 2067/2067/2067 2069/2069/2069 2068/2068/2068
f 2069/2069/2069 2071/2071/2071 2070/2070/2070
f 2071/2071/2071 2073/2073/2073 2072/2072/2072
f 2073/2073/2073 2067/2067/2067 2074/2074/2074
f 2075/2075/2075 2077/2077/2077 2076/2076/2076
f 2077/2077/2077 2079/2079/2079 2078/2078/2078
f 2079/2079/2079 2081/2081/2081 2080/2080/2080
f 2081/2081/2081 2075/2075/2075 2082/2082/2082
f 2083/2083/2083 2085/2085/2085 2084/2084/2084
f 2085/2085/2085 2087/2087/2087 2086/2086/2086
f 2087/2087/2087 2089/2089/2089 2088/2088/2088
f 2089/2089/2089 2083/2083/2083 2090/2090/2090
f 2091/2091/2091 2093/2093/2093 2092/2092/2092
f 2093/2093/2093 2095/2095/2095 2094/2094/2094
f 2095/2095/2095 2097/2097/2097 2096/2096/2096
f 2097/2097/2097 2091/2091/2091 2098/2098/2098
f 2099/2099/2099 2101/2101/2101 2100/2100/2100
f 2101/2101/2101 2103/2103/2103 2102/2102/2102
f 2103/2103/2103 2105/2105/2105 2104/2104/2104
f 2105/2105/2105 2099/2099/2099 2106/2106/2106
f 2107/2107/2107 2109/2109/2109 2108/2108/2108
f 2109/2109/2109 2111/2111/2111 2110/2110/2110
f 2111/2111/2111 2113/2113/2113 2112/2112/2112
f 2113/2113/2113 2107/2107/2107 2114/2114/2114
f 2115/2115/2115 2117/2117/2117 2116/2116/2116
f 2117/2117/2117 2119/2119/2119 2118/2118/2118
f 2119/2119/2119 2121/2121/2121 2120/2120/2120
f 2121/2121/2121 2115/2115/2115 2122/2122/2122
f 2123/2123/2123 2125/2125/2125 2124/2124/2124
f 2125/2125/2125 2127/2127/2127 2126/2126/2126
f 2127/2127/2127 2129/2129/2129 2128/2128/2128
f 2129/2129/2129 2123/2123/2123 2130/2130/2130
f 2131/2131/2131 2133/2133/2133 2132/2132/2132
f 2133/2133/2133 2135/2135/2135 2134/2134/2134
f 2135/2135/2135 2137/2137/2137 2136/2136/2136
f 2137/2137/2137 2131/2131/2131 2138/2138/2138
f 2139/2139/2139 2141/2141/2141 2140/2140/2140
f 2141/2141/2141 2143/2143/2143 2142/2142/2142
f 2143/2143/2143 2145/2145/2145 2144/2144/2144
f 2145/2145/2145 2139/2139/2139 2146/2146/2146
f 2147/2147/2147 2149/2149/2149 2148/2148/2148
f 2149/2149/2149 2151/2151/2151 2150/2150/2150
f 2151/2151/2151 2153/2153/2153 2152/2152/2152
f 2153/2153/2153 2147/2147/2147 2154/2154/2154
f 2155/2155/2155 2157/2157/2157 2156/2156/2156
f 2157/2157/2157 2159/2159/2159 2158/2158/2158
f 2159/2159/2159 2161/2161/2161 2160/2160/2160
f 2161/2161/2161 2155/2155/2155 2162/2162/2162
f 2163/2163/2163 2165/2165/2165 2164/2164/2164
f 2164/2164/2164 2167/2167/2167 2166/2166/2166
f 2166/2166/2166 2169/2169/2169 2168/2168/2168
f 2168/2168/2168 2170/2170/2170 2163/2163/2163
f 2171/2171/2171 2173/2173/2173 2172/2172/2172
f 2172/2172/2172 2175/2175/2175 2174/2174/2174
f 2174/2174/2174 2177/2177/2177 2176/2176/2176
f 2176/2176/2176 2178/2178/2178 2171/2171/2171
f 2179/2179/2179 2181/2181/2181 2180/2180/2180
f 2180/2180/2180 2183/2183/2183 2182/2182/2182
f 2182/2182/2182 2185/2185/2185 2184/2184/2184
f 2184/2184/2184 2186/2186/2186 2179/2179/2179
f 2187/2187/2187 2189/2189/2189 2188/2188/2188
f 2188/2188/2188 2191/2191/2191 2190/2190/2190
f 2190/2190/2190 2193/2193/2193 2192/2192/2192
f 2192/2192/2192 2194/2194/2194 2187/2187/2187
f 2195/2195/2195 2197/2197/2197 2196/2196/2196
f 2196/2196/2196 2199/2199/2199 2198/2198/2198
f 2198/2198/2198 2201/2201/2201 2200/2200/2200
f 2200/2200/2200 2202/2202/2202 2195/2195/2195
f 2203/2203/2203 2205/2205/2205 2204/2204/2204
f 2204/2204/2204 2207/2207/2207 2206/2206/2206
f 2206/2206/2206 2209/2209/2209 2208/2208/2208
f 2208/2208/2208 2210/2210/2210 2203/2203/2203
f 2211/2211/2211 2213/2213/2213 2212/2212/2212
f 2212/2212/2212 2215/2215/2215 2214/2214/2214
f 2214/2214/2214 2217/2217/2217 2216/2216/2216
f 2216/2216/2216 2218/2218/2218 2211/2211/2211
f 2219/2219/2219 2221/2221/2221 2220/2220/2220
f 2220/2220/2220 2223/2223/2223 2222/2222/2222
f 2222/2222/2222 2225/2225/2225 2224/2224/2224
f 2224/2224/2224 2226/2226/2226 2219/2219/2219
f 2227/2227/2227 2229/2229/2229 2228/2228/2228
f 2228/2228/2228 2231/2231/2231 2230/2230/2230
f 2230/2230/2230 2233/2233/2233 2232/2232/2232
f 2232/2232/2232 2234/2234/2234 2227/2227/2227
