# Monster42.bmd — MU geometry at action 0 key 0, exported for MU2
# 2 mesh(es)

g wheel
# texture: wheel.jpg
v 6.209203 200.6774 10.22726
v 6.490207 206.8763 8.95588
v -0.001794 208.2735 12.0462
v -0.001798 201.4112 14.26798
v 10.31591 199.5674 1.741024
v 10.78111 205.2933 1.741058
v 6.490212 210.5808 1.741086
v 9.982316 205.2932 -12.31504
v 10.19261 198.5037 -13.90151
v 6.490218 210.5808 -12.31501
v 6.323717 199.3512 -19.18796
v -0.00187 210.9888 -38.99006
v -0.001787 213.1243 1.741059
v -0.001785 213.1243 -12.31493
v 5.704401 195.2816 9.247161
v -0.001801 194.1548 13.64228
v 8.284608 195.8299 -0.900767
v 5.704401 195.2816 9.247161
v -0.001801 194.1548 13.64228
v -0.0018 192.4286 9.933421
v -0.0018 192.4286 9.933421
v 5.154701 191.1562 6.717087
v 10.4167 186.5984 0.365381
v 10.77501 189.8905 -12.86735
v -0.001807 183.4291 17.04323
v 6.181596 184.4403 10.62403
v -0.001782 201.6956 -24.27481
v -6.212698 200.6776 10.22726
v -6.493793 206.8763 8.955873
v -10.3195 199.5674 1.741115
v -10.78469 205.2933 1.741049
v -6.493789 210.5808 1.741081
v -9.985988 205.2933 -12.31495
v -10.19619 198.5037 -13.90142
v -6.493785 210.5808 -12.31501
v -6.327385 199.3513 -19.18797
v -5.7079 195.2816 9.247156
v -8.288096 195.83 -0.900774
v -5.7079 195.2816 9.247156
v -0.0018 192.4286 9.933421
v -0.001801 194.1548 13.64228
v -5.1582 191.1562 6.717082
v -10.4202 186.5984 0.365373
v -10.77859 189.8905 -12.86726
v -6.185105 184.4403 10.62402
v 9.365112 198.7564 -7.809902
v 11.24391 188.1947 -13.29085
v 5.612615 203.3385 -15.96138
v 6.964113 187.6612 -24.90887
v -0.018783 203.1665 -21.54964
v -0.018784 189.3273 -30.90779
v -5.650085 203.3385 -15.96138
v -7.001688 187.6612 -24.90878
v -9.402593 198.7565 -7.80991
v -11.28139 188.1947 -13.29087
v 8.656006 176.6295 11.65728
v 6.007299 186.6014 6.200622
v 0.000303 175.7973 19.27691
v 13.0251 180.7712 5.796317
v 21.88041 179.1352 6.159313
v 25.75171 171.4924 7.032263
v 12.6239 182.3082 -7.415281
v 20.977 180.4008 -5.963213
v 15.4456 178.7915 -15.48682
v 0.000202 180.4478 -21.90934
v 0.000303 167.03 21.21821
v 23.20391 171.802 -8.506352
v 9.221006 154.2049 21.9673
v 18.41671 152.573 15.91113
v 0.000306 157.6929 18.52776
v 30.88231 163.5821 3.656586
v 29.58611 162.0583 -3.475338
v 11.30771 161.8781 -33.01258
v 0.000105 160.3336 -38.09221
v 0.000306 155.0311 16.73104
v 9.221007 151.7484 17.25805
v 9.221006 154.2049 21.9673
v 0.000306 157.6929 18.52776
v 18.41671 149.5199 11.54692
v 18.41671 152.573 15.91113
v 22.38381 149.0284 5.383406
v 22.54901 145.8008 -5.358457
v 30.88231 163.5821 3.656586
v 18.41671 149.5199 11.54692
v 12.99181 145.4538 -11.36232
v 0.000208 144.8041 -12.83868
v 0.0003 183.1372 14.46264
v 8.890999 190.8456 -3.767003
v 0.000199 185.0119 -18.18687
v 0.000302 187.8653 7.369114
v 0.000202 190.6195 -8.861488
v -8.655396 176.6295 11.65728
v -6.006798 186.6014 6.200622
v -13.0246 180.7711 5.79634
v -21.8798 179.1351 6.159437
v -25.7511 171.4924 7.032361
v -12.6234 182.3083 -7.415185
v -20.9765 180.4007 -5.963089
v -15.4452 178.7915 -15.48682
v -23.2034 171.8021 -8.506256
v -18.41609 152.573 15.91123
v -9.220395 154.2049 21.9673
v -30.8818 163.5821 3.65678
v -29.5856 162.0583 -3.475145
v -11.3074 161.878 -33.01245
v -9.220395 154.2049 21.9673
v -9.220395 151.7484 17.25815
v -18.41609 152.573 15.91123
v -18.4161 149.5199 11.54702
v -22.54849 145.8007 -5.358332
v -22.3833 149.0284 5.383502
v -30.8818 163.5821 3.65678
v -18.4161 149.5199 11.54702
v -12.99139 145.4538 -11.36222
v -8.890503 190.8456 -3.767004
v 13.99113 161.6401 -11.24975
v 8.744733 158.8646 -15.06654
v 18.48624 176.2135 -28.02587
v 13.23993 173.4381 -31.84269
v 8.029533 177.6327 -29.59484
v 3.534332 163.0593 -12.81872
v 8.780733 165.8349 -9.001932
v 13.27594 180.4082 -25.77805
v 16.15534 189.7435 -36.52436
v 21.36574 185.5488 -38.77208
v 16.11934 182.7733 -42.589
v 10.90904 186.968 -40.34118
v 17.40754 178.07 -30.15314
v 13.23993 173.4381 -31.84269
v 13.75164 176.1359 -32.81289
v 18.48624 176.2135 -28.02587
v 13.23993 173.4381 -31.84269
v 8.029533 177.6327 -29.59484
v 10.12083 179.059 -31.24657
v 13.75164 176.1359 -32.81289
v 10.12083 179.059 -31.24657
v 13.27594 180.4082 -25.77805
v 13.77673 180.9931 -28.58673
v 8.029533 177.6327 -29.59484
v 13.27594 180.4082 -25.77805
v 18.48624 176.2135 -28.02587
v 17.40754 178.07 -30.15314
v 13.77673 180.9931 -28.58673
v 17.40754 178.07 -30.15314
v 13.75164 176.1359 -32.81289
v 14.55853 178.7518 -35.82426
v 18.21444 180.686 -33.16441
v 14.55853 178.7518 -35.82426
v 10.12083 179.059 -31.24657
v 10.92773 181.675 -34.25784
v 13.75164 176.1359 -32.81289
v 10.12083 179.059 -31.24657
v 13.77673 180.9931 -28.58673
v 14.58363 183.6091 -31.5981
v 10.92773 181.675 -34.25784
v 14.58363 183.6091 -31.5981
v 17.40754 178.07 -30.15314
v 18.21444 180.686 -33.16441
v 13.77673 180.9931 -28.58673
v 18.21444 180.686 -33.16441
v 14.55853 178.7518 -35.82426
v 14.93283 178.9264 -38.16055
v 14.93283 178.9264 -38.16055
v 20.17914 181.7019 -34.34373
v 18.21444 180.686 -33.16441
v 14.93283 178.9264 -38.16055
v 10.92773 181.675 -34.25784
v 9.722432 183.121 -35.9128
v 14.55853 178.7518 -35.82426
v 10.92773 181.675 -34.25784
v 14.58363 183.6091 -31.5981
v 14.96884 185.8966 -32.09591
v 9.722432 183.121 -35.9128
v 14.96884 185.8966 -32.09591
v 18.21444 180.686 -33.16441
v 20.17914 181.7019 -34.34373
v 14.58363 183.6091 -31.5981
v 20.17914 181.7019 -34.34373
v 14.93283 178.9264 -38.16055
v 16.11934 182.7733 -42.589
v 21.36574 185.5488 -38.77208
v 16.11934 182.7733 -42.589
v 9.722432 183.121 -35.9128
v 10.90904 186.968 -40.34118
v 14.93283 178.9264 -38.16055
v 9.722432 183.121 -35.9128
v 14.96884 185.8966 -32.09591
v 16.15534 189.7435 -36.52436
v 10.90904 186.968 -40.34118
v 16.15534 189.7435 -36.52436
v 20.17914 181.7019 -34.34373
v 21.36574 185.5488 -38.77208
v 14.96884 185.8966 -32.09591
v -5.947495 171.0761 -21.87045
v -10.4427 185.6496 -38.6466
v -11.1939 173.8517 -18.05366
v -15.6891 188.425 -34.82978
v -20.8994 184.2305 -37.07752
v -16.4043 169.657 -20.30138
v -11.1579 166.8814 -24.11827
v -15.6596 181.4541 -40.89336
v -18.5325 190.7903 -51.64067
v -18.5714 197.76 -45.57562
v -13.3221 194.9849 -49.39292
v -23.7789 193.5657 -47.82385
v -12.5339 187.0759 -40.29821
v -16.1898 189.0099 -37.63847
v -15.6891 188.425 -34.82978
v -10.4427 185.6496 -38.6466
v -15.6891 188.425 -34.82978
v -19.8207 186.0869 -39.20481
v -20.8994 184.2305 -37.07752
v -16.1898 189.0099 -37.63847
v -19.8207 186.0869 -39.20481
v -16.1648 184.1528 -41.86465
v -15.6596 181.4541 -40.89336
v -15.6596 181.4541 -40.89336
v -20.8994 184.2305 -37.07752
v -19.8207 186.0869 -39.20481
v -15.6596 181.4541 -40.89336
v -12.5339 187.0759 -40.29821
v -10.4427 185.6496 -38.6466
v -12.5339 187.0759 -40.29821
v -15.6596 181.4541 -40.89336
v -16.1648 184.1528 -41.86465
v -12.5339 187.0759 -40.29821
v -16.9943 191.6262 -40.65013
v -16.1898 189.0099 -37.63847
v -16.9943 191.6262 -40.65013
v -12.5339 187.0759 -40.29821
v -13.3408 189.6918 -43.30958
v -16.9943 191.6262 -40.65013
v -20.6276 188.7029 -42.21617
v -19.8207 186.0869 -39.20481
v -19.8207 186.0869 -39.20481
v -16.1898 189.0099 -37.63847
v -16.9943 191.6262 -40.65013
v -19.8207 186.0869 -39.20481
v -16.9717 186.7687 -44.8759
v -16.1648 184.1528 -41.86465
v -20.6276 188.7029 -42.21617
v -16.9717 186.7687 -44.8759
v -13.3408 189.6918 -43.30958
v -12.5339 187.0759 -40.29821
v -16.1648 184.1528 -41.86465
v -13.3408 189.6918 -43.30958
v -17.3786 193.9139 -41.14809
v -16.9943 191.6262 -40.65013
v -12.1355 191.1379 -44.96447
v -17.3786 193.9139 -41.14809
v -22.5923 189.7188 -43.3954
v -20.6276 188.7029 -42.21617
v -16.9943 191.6262 -40.65013
v -20.6276 188.7029 -42.21617
v -17.3459 186.9432 -47.21229
v -16.9717 186.7687 -44.8759
v -22.5923 189.7188 -43.3954
v -17.3459 186.9432 -47.21229
v -12.1355 191.1379 -44.96447
v -13.3408 189.6918 -43.30958
v -16.9717 186.7687 -44.8759
v -12.1355 191.1379 -44.96447
v -18.5714 197.76 -45.57562
v -17.3786 193.9139 -41.14809
v -18.5714 197.76 -45.57562
v -12.1355 191.1379 -44.96447
v -13.3221 194.9849 -49.39292
v -18.5714 197.76 -45.57562
v -23.7789 193.5657 -47.82385
v -22.5923 189.7188 -43.3954
v -22.5923 189.7188 -43.3954
v -17.3786 193.9139 -41.14809
v -18.5714 197.76 -45.57562
v -22.5923 189.7188 -43.3954
v -18.5325 190.7903 -51.64067
v -17.3459 186.9432 -47.21229
v -23.7789 193.5657 -47.82385
v -18.5325 190.7903 -51.64067
v -13.3221 194.9849 -49.39292
v -12.1355 191.1379 -44.96447
v -17.3459 186.9432 -47.21229
v 32.16721 170.8515 10.88785
v 23.7282 176.2007 16.86404
v 22.2432 163.8655 14.59885
v 24.4254 157.4812 8.154851
v 26.69791 163.907 -4.658655
v 12.8307 163.8438 15.52744
v 11.3617 173.3726 8.797629
v 16.4113 158.6873 8.489045
v 25.5731 159.5616 22.89035
v 24.8951 149.8867 11.65476
v 11.17749 158.2459 21.48084
v 14.20989 151.2685 12.73425
v 21.41709 148.5817 26.26786
v 22.58289 145.7808 17.50916
v 13.85609 148.4717 25.46595
v 15.59239 144.8134 17.97136
v 25.09539 142.2953 17.22636
v 17.52519 139.768 27.46066
v 18.01739 145.6311 29.52305
v 12.12259 149.9837 26.66564
v 12.93349 141.555 24.94865
v 30.51771 179.0188 1.778135
v 21.91931 183.8071 7.668927
v 25.57492 179.204 -5.511469
v 17.30241 183.9665 0.871622
v 18.33451 189.4469 -2.126883
v 13.2782 186.0201 5.703817
v 23.79091 188.7286 9.315623
v 28.77172 183.5522 -9.676872
v 36.02631 181.5383 0.728336
v 33.37962 174.1853 -7.857161
v 34.86291 164.709 6.560052
v 27.402 180.5788 20.17893
v 38.14351 174.2167 12.73815
v 17.1887 175.3771 18.89173
v 25.17979 167.9312 27.79305
v 35.8427 161.5815 20.22806
v 11.2394 186.8416 5.124016
v 18.33451 189.4469 -2.126883
v 16.90241 190.6796 -3.646385
v 13.2782 186.0201 5.703817
v 28.77172 183.5522 -9.676872
v 28.59222 184.0775 -12.10227
v 33.37962 174.1853 -7.857161
v 33.75292 173.5865 -10.06426
v 34.86291 164.709 6.560052
v 35.41431 162.9731 6.083055
v 15.61909 174.9214 19.89453
v 17.1887 175.3771 18.89173
v 36.5475 159.5459 21.37846
v 25.17979 167.9312 27.79305
v 24.56919 166.582 29.86395
v 35.8427 161.5815 20.22806
v 9.538706 184.8354 4.386616
v 15.20171 188.6734 -4.383785
v 26.89142 182.0712 -12.83967
v 32.05222 171.5804 -10.80166
v 33.71361 160.9669 5.345654
v 13.9184 172.9152 19.15713
v 34.8468 157.5396 20.64106
v 22.86849 164.5758 29.12655
v 28.03851 181.6229 14.47803
v 38.85641 196.1378 17.63353
v 38.85641 196.1378 17.63353
v 29.67251 182.06 10.28693
v 38.85641 196.1378 17.63353
v 26.64371 185.3057 9.44003
v 38.85641 196.1378 17.63353
v 24.992 184.8496 13.62213
v 38.85641 196.1378 17.63353
v 35.99531 176.9048 8.963041
v 46.81311 191.4197 12.11854
v 46.81311 191.4197 12.11854
v 37.62921 177.3419 4.772043
v 46.81311 191.4197 12.11854
v 34.60041 180.5876 3.925138
v 46.81311 191.4197 12.11854
v 32.94871 180.1315 8.107137
v 46.81311 191.4197 12.11854
v -19.64969 181.6606 10.92502
v -32.09859 179.9741 9.080022
v -23.5523 172.5323 10.65432
v -17.35748 191.0333 0.55262
v -29.60289 190.7192 -3.308079
v -19.92319 189.9083 -9.66668
v -31.888 180.1524 -17.51048
v -42.1818 174.1396 1.221424
v -40.0692 183.5046 -9.689977
v -35.46701 164.7805 0.632423
v -46.05071 163.574 -8.590474
v -43.7943 172.9442 -19.46957
v -22.1762 171.5749 12.18972
v -17.80539 181.7986 12.49282
v -19.64969 181.6606 10.92502
v -23.5523 172.5323 10.65432
v -15.23799 192.296 0.875819
v -17.35748 191.0333 0.55262
v -18.11169 191.036 -10.56978
v -19.92319 189.9083 -9.66668
v -31.5122 180.1094 -19.35478
v -31.888 180.1524 -17.51048
v -35.52061 162.8929 0.965123
v -35.46701 164.7805 0.632423
v -44.8634 172.1007 -21.49688
v -47.37442 161.5416 -9.364473
v -46.05071 163.574 -8.590474
v -43.7943 172.9442 -19.46957
v -20.4551 169.8114 11.01102
v -16.08429 180.0351 11.31412
v -13.51689 190.5326 -0.302882
v -16.39059 189.2725 -11.74848
v -29.7912 178.3459 -20.53348
v -33.79961 161.1294 -0.213577
v -43.14231 170.3373 -22.67558
v -45.65341 159.7781 -10.54318
v -37.6847 177.8476 1.369123
v -47.53199 190.5267 10.31022
v -47.53199 190.5267 10.31022
v -34.89649 181.3401 0.694722
v -47.53199 190.5267 10.31022
v -33.13049 180.7304 4.809921
v -47.53199 190.5267 10.31022
v -35.8999 177.2209 5.473722
v -47.53199 190.5267 10.31022
v -36.1163 184.7842 -6.718677
v -45.96349 197.4632 2.222524
v -45.96349 197.4632 2.222524
v -33.32809 188.2766 -7.392978
v -45.96349 197.4632 2.222524
v -31.56209 187.6668 -3.277778
v -45.96349 197.4632 2.222524
v -34.3315 184.1574 -2.614079
v -45.96349 197.4632 2.222524
v -35.1471 178.4358 -10.42808
v -32.66891 166.1283 -12.28458
v -36.9659 171.1563 -1.525978
v -27.29691 168.3878 -19.57048
v -18.1297 179.0228 -15.89628
v -28.93981 158.3977 -8.310979
v -23.651 164.4181 0.293021
v -23.88691 162.525 -15.12158
v -40.89271 162.8935 -16.78658
v -29.55711 163.9718 -26.32298
v -32.56642 151.9483 -12.14618
v -25.53712 155.7224 -20.50138
v -40.37812 153.5863 -24.68257
v -32.98112 157.6456 -28.52007
v -36.02892 148.0975 -21.71907
v -29.88952 151.6308 -26.45108
v -33.48812 158.3135 -32.74358
v -37.85904 145.0863 -24.11578
v -39.56884 150.7124 -22.04308
v -33.19743 154.9604 -20.24828
v -32.70284 146.8352 -23.14468
v -27.53019 184.9324 -3.20378
v -29.1246 177.3447 5.249022
v -18.85769 184.7641 -1.666281
v -21.0322 177.1763 6.67392
v -0.044588 118.23 20.59591
v 18.94562 118.7004 10.61211
v 13.74792 128.4611 10.41391
v -0.044591 131.7475 23.23791
v 21.57412 118.7004 -1.891496
v 16.99322 128.0814 -2.048198
v 9.779918 127.8597 -10.4354
v 30.53473 106.0269 -11.6855
v -0.044581 128.3165 -14.53741
v -0.044578 111.3975 -20.1792
v -0.044587 110.0925 24.64051
v 29.69132 106.0269 10.66921
v 42.33732 107.5783 0.288511
v -13.83709 128.4611 10.4139
v -19.03489 118.7004 10.6121
v -17.08239 128.0814 -2.048205
v -20.90609 118.7004 -1.891505
v -9.869184 127.8597 -10.43541
v -30.62398 106.0269 -11.68551
v -29.78049 106.0269 10.6693
v -42.42659 107.5783 0.288694
v 26.06422 96.5154 35.79713
v -0.044589 101.885 38.98061
v -26.15339 96.51541 35.7971
v -0.044589 78.2005 57.82552
v 21.94182 80.82829 50.19633
v -22.03089 80.82831 50.19643
v 30.06173 92.46239 -34.4232
v -0.044675 95.9473 -38.55951
v -30.15098 92.4624 -34.42321
v -0.044665 70.16238 -55.10161
v 26.18913 73.83559 -46.9601
v -26.27837 73.83559 -46.96011
v -0.044585 130.6276 1.127699
v 5.780513 107.3347 27.67891
v -0.632092 127.4377 39.30701
v -0.632092 127.4377 39.30701
v -0.180787 110.2531 22.37411
v -0.632092 127.4377 39.30701
v -6.238988 107.2032 27.49191
v -0.632092 127.4377 39.30701
v -0.276789 104.2402 32.7709
v -0.632092 127.4377 39.30701
v 3.687511 97.04651 42.37431
v -0.517793 106.4322 54.23793
v -0.517793 106.4322 54.23793
v -0.224588 100.058 39.86592
v -0.517793 106.4322 54.23793
v -4.14589 96.9608 42.25252
v -0.517793 106.4322 54.23793
v -0.233188 93.9283 44.73472
v -0.517793 106.4322 54.23793
v 5.780524 102.6112 -28.7544
v -0.632075 120.3893 -43.69591
v -0.632075 120.3893 -43.69591
v -0.180777 106.4065 -24.03681
v -0.632075 120.3893 -43.69591
v -6.238977 102.5142 -28.5474
v -0.632075 120.3893 -43.69591
v -0.276775 98.67929 -33.23181
v -0.632075 120.3893 -43.69591
v 3.042629 87.39549 -43.2136
v -0.470271 95.23609 -53.12401
v -0.470271 95.23609 -53.12401
v -0.225272 89.91119 -41.1181
v -0.470271 95.23609 -53.12401
v -3.501071 87.32389 -43.11191
v -0.470271 95.23609 -53.12401
v -0.23257 84.7907 -45.18541
v -0.470271 95.23609 -53.12401
v 20.77261 148.2379 -0.426191
v 15.06112 129.4284 -0.575292
v 8.011118 128.4572 -10.12861
v 13.24131 146.2349 -11.97005
v 0.000217 129.4656 -13.08524
v 0.000212 145.5586 -13.03366
v 9.286814 130.2829 10.36486
v 0.000302 153.3048 16.33005
v 0.000312 127.0667 14.75779
v 14.84241 149.7201 11.44148
v -20.7721 148.2379 -0.426099
v -8.010585 128.4572 -10.12851
v -15.06059 129.4284 -0.575198
v -13.24089 146.2349 -11.96996
v -9.286189 130.2829 10.36486
v -14.84179 149.7201 11.44158
v 0.054304 146.1428 24.84919
v 0.054203 152.8222 20.38435
v -10.6 148.8831 19.56776
v -8.078592 136.1973 17.24296
v 0.05421 131.231 18.426
v 8.187209 136.0417 17.43626
v 10.7085 148.8831 19.56766
v 0.054201 155.2078 15.87155
v -13.0103 151.0487 11.08161
v -9.918691 132.6141 9.962647
v 0.054213 126.1463 12.63613
v 10.02711 132.6141 9.96265
v 13.1188 151.0487 11.08152
v -69.94208 98.00731 -13.30681
v -65.39178 120.5399 -27.88802
v -65.39178 120.5399 -27.88802
v -69.89348 94.2691 -22.1503
v -65.39178 120.5399 -27.88802
v -60.29349 94.41801 -22.17041
v -65.39178 120.5399 -27.88802
v -60.34128 98.10242 -13.30433
v -65.39178 120.5399 -27.88802
v -69.94209 95.8064 23.8188
v -65.39179 122.0499 29.44128
v -65.39179 122.0499 29.44128
v -69.89349 99.4164 14.92228
v -65.39179 122.0499 29.44128
v -60.2935 99.53591 15.01339
v -65.39179 122.0499 29.44128
v -60.34129 95.87192 23.88789
v -65.39179 122.0499 29.44128
v -69.94208 72.3014 -40.33151
v -65.39176 77.9238 -66.57501
v -65.39176 77.9238 -66.57501
v -69.89348 63.4048 -43.94151
v -65.39176 77.9238 -66.57501
v -60.29347 63.4959 -44.06101
v -65.39176 77.9238 -66.57501
v -60.34128 72.37039 -40.39701
v -65.39176 77.9238 -66.57501
v -83.2583 52.98581 13.47781
v -114.7279 52.66172 3.971504
v -114.7279 52.66172 3.971504
v -83.2337 43.53 3.924698
v -114.7279 52.66172 3.971504
v -83.47269 53.07271 -5.538307
v -114.7279 52.66172 3.971504
v -83.42783 62.52912 4.013596
v -114.7279 52.66172 3.971504
v -69.9421 31.53281 45.07032
v -65.39181 25.91031 71.31374
v -65.39181 25.91031 71.31374
v -69.8935 40.42931 48.68031
v -65.39181 25.91031 71.31374
v -60.29351 40.3382 48.79981
v -65.39181 25.91031 71.31374
v -60.3413 31.46371 45.13581
v -65.39181 25.91031 71.31374
v -69.9421 68.18552 47.35951
v -65.3918 82.76672 69.89211
v -65.3918 82.76672 69.89211
v -69.89349 77.02901 43.6213
v -65.3918 82.76672 69.89211
v -60.2935 77.04912 43.7703
v -65.3918 82.76672 69.89211
v -60.34131 68.18311 47.45459
v -65.3918 82.76672 69.89211
v -69.94208 36.4819 -41.3951
v -65.39177 21.90069 -63.92769
v -65.39177 21.90069 -63.92769
v -69.89348 27.6385 -37.65689
v -65.39177 21.90069 -63.92769
v -60.29349 27.61839 -37.8058
v -65.39177 21.90069 -63.92769
v -60.34128 36.4844 -41.4902
v -65.39177 21.90069 -63.92769
v -69.94208 10.6832 -16.92649
v -65.39178 -15.5603 -22.54889
v -65.39178 -15.5603 -22.54889
v -69.89349 7.073193 -8.029884
v -65.39178 -15.5603 -22.54889
v -60.29349 6.953697 -8.120991
v -65.39178 -15.5603 -22.54889
v -60.34129 10.6177 -16.99549
v -65.39178 -15.5603 -22.54889
v -69.9421 7.131805 17.25442
v -65.39179 -15.40079 31.83572
v -65.39179 -15.40079 31.83572
v -69.8935 10.8699 26.09792
v -65.39179 -15.40079 31.83572
v -60.2935 10.721 26.11802
v -65.39179 -15.40079 31.83572
v -60.3413 7.036606 17.25191
v -65.39179 -15.40079 31.83572
v 91.82225 52.98577 13.47783
v 123.2919 52.66166 3.97154
v 123.2919 52.66166 3.97154
v 91.79765 43.52997 3.924734
v 123.2919 52.66166 3.97154
v 92.03656 53.07267 -5.538268
v 123.2919 52.66166 3.97154
v 91.99175 62.52907 4.013631
v 123.2919 52.66166 3.97154
v 70.78342 68.18559 47.35942
v 66.23312 82.76669 69.89212
v 66.23312 82.76669 69.89212
v 70.73482 77.02899 43.62132
v 66.23312 82.76669 69.89212
v 61.13481 77.0491 43.77022
v 66.23312 82.76669 69.89212
v 61.18262 68.18309 47.45462
v 66.23312 82.76669 69.89212
v 70.78342 95.80638 23.81882
v 66.23312 122.0499 29.44131
v 66.23312 122.0499 29.44131
v 70.73483 99.41638 14.92231
v 66.23312 122.0499 29.44131
v 61.13483 99.536 15.01341
v 66.23312 122.0499 29.44131
v 61.18262 95.87189 23.88791
v 66.23312 122.0499 29.44131
v 70.78342 31.53278 45.07034
v 66.23311 25.91028 71.31375
v 66.23311 25.91028 71.31375
v 70.73482 40.42928 48.68033
v 66.23311 25.91028 71.31375
v 61.13481 40.33818 48.79984
v 66.23311 25.91028 71.31375
v 61.18262 31.46378 45.13584
v 66.23311 25.91028 71.31375
v 70.78342 7.131771 17.25444
v 66.23312 -15.40092 31.83564
v 66.23312 -15.40092 31.83564
v 70.73482 10.86988 26.09794
v 66.23312 -15.40092 31.83564
v 61.13483 10.72098 26.11803
v 66.23312 -15.40092 31.83564
v 61.18262 7.036575 17.25194
v 66.23312 -15.40092 31.83564
v 70.78343 10.68317 -16.92646
v 66.23313 -15.56023 -22.54896
v 66.23313 -15.56023 -22.54896
v 70.73483 7.073174 -8.029865
v 66.23313 -15.56023 -22.54896
v 61.13483 6.953674 -8.120968
v 66.23313 -15.56023 -22.54896
v 61.18263 10.61767 -16.99546
v 66.23313 -15.56023 -22.54896
v 70.78345 36.48186 -41.39508
v 66.23315 21.90067 -63.92767
v 66.23315 21.90067 -63.92767
v 70.73484 27.63847 -37.65688
v 66.23315 21.90067 -63.92767
v 61.13483 27.61837 -37.80587
v 66.23315 21.90067 -63.92767
v 61.18264 36.48437 -41.49018
v 66.23315 21.90067 -63.92767
v 70.78345 72.30138 -40.33149
v 66.23315 77.92387 -66.57498
v 66.23315 77.92387 -66.57498
v 70.73485 63.40477 -43.94149
v 66.23315 77.92387 -66.57498
v 61.13485 63.49588 -44.06099
v 66.23315 77.92387 -66.57498
v 61.18264 72.37038 -40.39698
v 66.23315 77.92387 -66.57498
v 70.78344 98.00729 -13.30679
v 66.23314 120.5399 -27.888
v 66.23314 120.5399 -27.888
v 70.73483 94.26907 -22.1503
v 66.23314 120.5399 -27.888
v 61.13483 94.41808 -22.17039
v 66.23314 120.5399 -27.888
v 61.18263 98.10239 -13.30429
v 66.23314 120.5399 -27.888
v 0.78686 132.1949 67.12836
v -10.97234 138.3549 65.15365
v -10.33275 135.0936 69.60936
v -1.128039 126.6415 64.11127
v -12.34885 129.2466 66.43276
v -13.40414 131.302 61.32196
v -12.34885 129.2466 66.43276
v -10.33275 135.0936 69.60936
v -10.97234 138.3549 65.15365
v -13.40414 131.302 61.32196
v -10.72825 133.1335 73.64986
v -2.742247 128.4351 74.03226
v 0.78686 132.1949 67.12836
v -10.33275 135.0936 69.60936
v -1.128039 126.6415 64.11127
v -12.80935 127.0981 70.37086
v -12.34885 129.2466 66.43276
v -3.957146 124.9118 72.11806
v -12.80935 127.0981 70.37086
v -10.72825 133.1335 73.64986
v -10.33275 135.0936 69.60936
v -12.34885 129.2466 66.43276
v -12.86125 131.273 78.98686
v -7.190652 125.9793 80.35947
v -15.09095 124.8064 75.47356
v -8.135552 123.239 78.87067
v -15.09095 124.8064 75.47356
v -12.86125 131.273 78.98686
v -14.49376 124.7847 86.38296
v -16.57856 129.207 84.11966
v -15.21826 122.6833 85.24126
v -18.47756 123.6997 81.12766
v -18.47756 123.6997 81.12766
v -16.57856 129.207 84.11966
v -22.11246 124.7234 88.57996
v -22.11246 124.7234 88.57996
v -1.128039 126.6415 64.11127
v -13.40414 131.302 61.32196
v -12.34885 129.2466 66.43276
v -14.52334 122.9402 63.00657
v -12.34885 129.2466 66.43276
v -13.40414 131.302 61.32196
v -9.276739 125.4512 57.99866
v -13.08675 126.4074 70.35976
v -6.233446 122.3254 70.28127
v -1.128039 126.6415 64.11127
v -12.34885 129.2466 66.43276
v -9.276739 125.4512 57.99866
v -15.23205 120.1857 66.97957
v -14.52334 122.9402 63.00657
v -7.431146 118.8519 68.39417
v -14.52334 122.9402 63.00657
v -13.08675 126.4074 70.35976
v -12.34885 129.2466 66.43276
v -15.23205 120.1857 66.97957
v -15.10675 124.0362 74.03156
v -10.09215 119.7364 75.17467
v -16.78345 119.1733 71.38956
v -10.80275 117.6757 74.05507
v -15.10675 124.0362 74.03156
v -16.78345 119.1733 71.38956
v -16.68906 118.5783 80.44597
v -18.31625 122.1452 78.43426
v -17.24936 116.9533 79.56316
v -19.78466 117.8866 76.12057
v -18.31625 122.1452 78.43426
v -19.78466 117.8866 76.12057
v -22.98796 118.3712 82.16167
v -22.98796 118.3712 82.16167
v 0.78686 132.1949 67.12836
v -10.33275 135.0936 69.60936
v -10.97234 138.3549 65.15365
v -10.97234 138.3549 65.15365
v -8.118947 141.514 73.09745
v -3.80494 141.32 66.61995
v -10.33275 135.0936 69.60936
v -8.436048 139.8951 77.68745
v -1.653446 135.6079 77.49756
v -3.80494 141.32 66.61995
v -8.118947 141.514 73.09745
v 0.78686 132.1949 67.12836
v -10.58005 133.6771 74.30926
v -10.33275 135.0936 69.60936
v -2.852448 132.1308 75.60846
v -10.58005 133.6771 74.30926
v -8.436048 139.8951 77.68745
v -8.118947 141.514 73.09745
v -10.33275 135.0936 69.60936
v -10.40005 137.6862 81.44745
v -5.385552 133.3863 82.59056
v -12.07685 132.8233 78.80556
v -6.096052 131.3257 81.47106
v -12.07685 132.8233 78.80556
v -10.40005 137.6862 81.44745
v -11.84916 132.6146 88.07186
v -13.47636 136.1815 86.06006
v -12.40946 130.9896 87.18896
v -14.94476 131.9229 83.74646
v -14.94476 131.9229 83.74646
v -13.47636 136.1815 86.06006
v -18.00716 132.8164 90.00966
v -18.00716 132.8164 90.00966
v -7.960247 129.2113 56.43766
v -8.049244 125.1647 50.95406
v 1.300556 124.1203 56.94968
v -3.549839 129.1751 59.40347
v 1.300556 124.1203 56.94968
v -0.586628 128.0457 37.95926
v 9.858078 127.0214 44.82497
v -8.049244 125.1647 50.95406
v 12.72929 136.1963 21.28586
v 20.83269 135.1282 26.43297
v 12.72929 136.1963 21.28586
v 15.46819 139.5146 20.39346
v 20.91699 138.7964 23.85446
v 20.83269 135.1282 26.43297
v -10.33455 145.6271 55.58134
v -4.117344 139.4851 62.12895
v -0.729038 144.7349 61.79534
v -8.996243 139.2424 58.76295
v -10.33455 145.6271 55.58134
v -0.729038 144.7349 61.79534
v 8.531967 149.7298 50.20715
v -2.490135 149.8463 43.37284
v 19.51019 152.0184 30.63294
v 11.18789 152.9561 25.29874
v 11.18789 152.9561 25.29874
v 19.51019 152.0184 30.63294
v 20.02779 150.1535 26.67855
v 14.43169 150.7841 23.09174
v -0.849545 133.4447 62.51326
v 5.495758 133.2288 62.52737
v 15.41797 137.0015 51.01697
v 5.495758 133.2288 62.52737
v 24.33259 143.1045 31.20006
v 23.27039 144.1597 27.05986
v 24.33259 143.1045 31.20006
v 20.91699 138.7964 23.85446
v 15.46819 139.5146 20.39346
v 20.02779 150.1535 26.67855
v 12.22559 145.5084 20.01205
v 23.27039 144.1597 27.05986
v 14.43169 150.7841 23.09174
v 7.906889 145.1103 20.71874
v 12.22559 145.5084 20.01205
v -7.084827 140.0572 37.19514
v 7.906889 145.1103 20.71874
v -14.27404 136.6709 50.22205
v -11.22804 135.2517 56.05335
v -14.27404 136.6709 50.22205
v -9.276739 125.4512 57.99866
v -13.40414 131.302 61.32196
v -7.960247 129.2113 56.43766
v -3.549839 129.1751 59.40347
v -3.80494 141.32 66.61995
v 0.78686 132.1949 67.12836
v -4.117344 139.4851 62.12895
v -8.996243 139.2424 58.76295
v -0.849545 133.4447 62.51326
v -10.97234 138.3549 65.15365
v -11.22804 135.2517 56.05335
v -44.75454 137.2279 19.33872
v -34.58154 135.5393 24.98372
v -31.40074 136.9896 20.66182
v -45.13664 130.8392 17.71033
v -31.88594 128.876 18.59382
v -34.98384 128.8129 23.26922
v -34.98384 128.8129 23.26922
v -31.40074 136.9896 20.66182
v -34.58154 135.5393 24.98372
v -31.88594 128.876 18.59382
v -36.16004 134.6664 29.11532
v -44.75454 137.2279 19.33872
v -45.25304 134.1451 27.36993
v -34.58154 135.5393 24.98372
v -45.13664 130.8392 17.71033
v -34.98384 128.8129 23.26922
v -36.57524 127.7233 27.34573
v -45.49544 130.0918 26.33693
v -36.57524 127.7233 27.34573
v -34.58154 135.5393 24.98372
v -36.16004 134.6664 29.11532
v -34.98384 128.8129 23.26922
v -33.57464 133.3989 34.54023
v -39.13124 130.0275 38.99253
v -33.72985 125.9864 32.49953
v -39.19704 126.8864 38.12773
v -33.72985 125.9864 32.49953
v -33.57464 133.3989 34.54023
v -30.44664 128.4624 42.62183
v -28.64764 131.6674 38.68273
v -30.49714 126.0536 41.95873
v -28.77985 125.3546 36.94473
v -28.77985 125.3546 36.94473
v -28.64764 131.6674 38.68273
v -22.64515 127.0697 42.35052
v -22.64515 127.0697 42.35052
v -45.13664 130.8392 17.71033
v -34.98384 128.8129 23.26922
v -31.88594 128.876 18.59382
v -35.41765 121.558 21.42012
v -31.88594 128.876 18.59382
v -34.98384 128.8129 23.26922
v -37.42005 124.7699 14.74293
v -36.67594 127.0016 27.49812
v -45.13664 130.8392 17.71033
v -44.40744 126.4105 25.62343
v -34.98384 128.8129 23.26922
v -37.42005 124.7699 14.74293
v -35.41765 121.558 21.42012
v -37.10395 119.8442 25.67383
v -44.64645 122.4145 24.60493
v -35.41765 121.558 21.42012
v -34.98384 128.8129 23.26922
v -36.67594 127.0016 27.49812
v -37.10395 119.8442 25.67383
v -34.33924 124.9419 31.39913
v -39.22015 122.3067 35.16403
v -34.45605 119.3678 29.86453
v -39.26965 119.9446 34.51373
v -34.33924 124.9419 31.39913
v -34.45605 119.3678 29.86453
v -31.44705 120.7814 38.31023
v -30.11175 123.3392 34.97973
v -31.48605 118.9187 37.79743
v -30.21405 118.4577 33.63573
v -30.11175 123.3392 34.97973
v -30.21405 118.4577 33.63573
v -25.05615 119.4602 38.03833
v -25.05615 119.4602 38.03833
v -44.75454 137.2279 19.33872
v -31.40074 136.9896 20.66182
v -34.58154 135.5393 24.98372
v -31.40074 136.9896 20.66182
v -36.32833 143.0255 19.39592
v -34.13984 142.9254 26.86623
v -34.58154 135.5393 24.98372
v -35.74804 142.5179 31.45292
v -36.32833 143.0255 19.39592
v -43.49364 141.6908 29.51803
v -34.13984 142.9254 26.86623
v -44.75454 137.2279 19.33872
v -34.58154 135.5393 24.98372
v -36.17584 135.3647 29.62973
v -43.73284 137.6906 28.49843
v -36.17584 135.3647 29.62973
v -34.13984 142.9254 26.86623
v -35.74804 142.5179 31.45292
v -34.58154 135.5393 24.98372
v -34.01154 140.5884 35.70693
v -38.89244 137.9532 39.47173
v -34.12834 135.0143 34.17223
v -38.94194 135.5911 38.82143
v -34.12834 135.0143 34.17223
v -34.01154 140.5884 35.70693
v -31.11014 136.8707 42.73993
v -29.77474 139.4285 39.40933
v -31.14914 135.008 42.22703
v -29.87704 134.547 38.06533
v -29.87704 134.547 38.06533
v -29.77474 139.4285 39.40933
v -24.70934 136.0181 42.59703
v -24.70934 136.0181 42.59703
v -34.52694 129.6669 12.97772
v -42.26375 125.3394 6.884325
v -31.20135 126.4217 7.840017
v -39.83385 129.5944 12.69302
v -42.26375 125.3394 6.884325
v -41.87425 130.0736 -7.471476
v -29.41365 131.1595 -6.554775
v -31.20135 126.4217 7.840017
v -39.72814 140.8033 -27.58858
v -30.17224 141.8978 -26.70098
v -30.17224 141.8978 -26.70098
v -38.29794 144.7259 -29.22548
v -31.87244 145.4618 -28.62868
v -39.72814 140.8033 -27.58858
v -32.42413 146.0774 15.42432
v -43.82413 145.1389 14.50822
v -41.15354 139.4928 16.47832
v -35.22803 139.3017 16.69052
v -32.42413 146.0774 15.42432
v -44.34743 151.9378 0.419119
v -43.82413 145.1389 14.50822
v -31.43153 152.0826 1.591919
v -41.41693 157.0227 -21.36308
v -31.57173 157.9939 -20.50938
v -31.57173 157.9939 -20.50938
v -39.43343 155.632 -25.03938
v -41.41693 157.0227 -21.36308
v -32.81343 156.2851 -24.46538
v -43.91704 133.6684 14.07982
v -49.08834 134.0441 9.939322
v -50.17074 139.6645 -4.635077
v -49.08834 134.0441 9.939322
v -45.49514 148.4275 -24.90268
v -42.17574 149.8525 -27.41938
v -45.49514 148.4275 -24.90268
v -38.29794 144.7259 -29.22548
v -39.43343 155.632 -25.03938
v -31.87244 145.4618 -28.62868
v -29.13013 151.2414 -26.24858
v -42.17574 149.8525 -27.41938
v -32.81343 156.2851 -24.46538
v -26.09404 150.4931 -23.16138
v -29.13013 151.2414 -26.24858
v -23.91824 142.7417 -1.785181
v -26.09404 150.4931 -23.16138
v -25.93714 137.5165 12.40902
v -31.76344 135.4913 15.37632
v -25.93714 137.5165 12.40902
v -37.42005 124.7699 14.74293
v -34.52694 129.6669 12.97772
v -31.88594 128.876 18.59382
v -39.83385 129.5944 12.69302
v -36.32833 143.0255 19.39592
v -41.15354 139.4928 16.47832
v -44.75454 137.2279 19.33872
v -35.22803 139.3017 16.69052
v -43.91704 133.6684 14.07982
v -31.76344 135.4913 15.37632
v -31.40074 136.9896 20.66182
v 30.88231 163.5821 3.656586
v 29.58611 162.0583 -3.475338
v 23.20391 171.802 -8.506352
v 30.88231 163.5821 3.656586
v 23.20391 171.802 -8.506352
v 20.977 180.4008 -5.963213
v 30.88231 163.5821 3.656586
v 20.977 180.4008 -5.963213
v 21.88041 179.1352 6.159313
v 30.88231 163.5821 3.656586
v 21.88041 179.1352 6.159313
v 25.75171 171.4924 7.032263
v -29.5856 162.0583 -3.475145
v -30.8818 163.5821 3.65678
v -25.7511 171.4924 7.032361
v -29.5856 162.0583 -3.475145
v -25.7511 171.4924 7.032361
v -21.8798 179.1351 6.159437
v -29.5856 162.0583 -3.475145
v -21.8798 179.1351 6.159437
v -20.9765 180.4007 -5.963089
v -29.5856 162.0583 -3.475145
v -20.9765 180.4007 -5.963089
v -23.2034 171.8021 -8.506256
vn 0.745469 -0.09377 0.659912
vn 0.689535 0.457859 0.561166
vn -0 0.519475 0.854486
vn -0 -0.003966 0.999992
vn 0.947542 -0.215782 0.235803
vn 0.93248 0.299421 0.202061
vn 0.600638 0.790077 0.122528
vn 0.946275 0.261021 -0.190871
vn 0.997683 0.003734 -0.067931
vn 0.626477 0.776308 -0.069802
vn 0.738601 -0.327597 -0.589194
vn 0.000001 0.39012 -0.920764
vn 0 0.953327 0.301939
vn 0 0.999644 -0.02668
vn 0.739092 -0.258495 0.622032
vn -0 -0.085859 0.996307
vn 0.940469 -0.184761 0.285274
vn 0.450093 -0.809607 0.376767
vn 0.450093 -0.809607 0.376767
vn 0.450093 -0.809607 0.376767
vn -0 -0.00076 1
vn 0.774753 0.158472 0.612082
vn 0.923695 0.243332 0.295933
vn 0.99633 0.072747 0.045113
vn -0 0.603293 0.79752
vn 0.723568 0.426393 0.542806
vn -0 -0.845521 -0.533943
vn -0.74547 -0.093769 0.659911
vn -0.689534 0.45786 0.561165
vn -0.947542 -0.21578 0.235802
vn -0.932479 0.299423 0.20206
vn -0.600637 0.790077 0.122528
vn -0.946274 0.261023 -0.190872
vn -0.997683 0.003735 -0.067932
vn -0.626476 0.776309 -0.069802
vn -0.738601 -0.327596 -0.589195
vn -0.739093 -0.258494 0.622031
vn -0.94047 -0.18476 0.285273
vn -0.450094 -0.809606 0.376767
vn -0.450094 -0.809606 0.376767
vn -0.450094 -0.809606 0.376767
vn -0.774754 0.158473 0.612081
vn -0.923695 0.243334 0.295932
vn -0.99633 0.072748 0.045113
vn -0.723568 0.426395 0.542805
vn 0.919815 0.296798 -0.256614
vn 0.910105 0.285465 -0.300365
vn 0.837687 0.340318 -0.427158
vn 0.739959 0.383125 -0.55288
vn 0.269793 0.53538 -0.800363
vn -0.263088 0.537168 -0.801396
vn -0.753817 0.37695 -0.538209
vn -0.835907 0.339671 -0.431141
vn -0.904191 0.289008 -0.314506
vn -0.879869 0.332635 -0.339389
vn 0.425215 0.468325 0.774509
vn 0.512808 0.597186 0.616764
vn -0 0.469978 0.882678
vn 0.46128 0.803596 0.376104
vn 0.232603 0.757342 0.610187
vn 0.469702 0.274805 0.838965
vn 0.505694 0.781844 -0.364682
vn 0.39821 0.900539 -0.174522
vn 0.521628 0.684914 -0.508721
vn -0 0.745228 -0.66681
vn -0 0.218412 0.975857
vn 0.793724 0.325261 -0.514011
vn 0.211303 0.097333 0.972562
vn 0.607806 0.131864 0.783061
vn 0 -0.276842 0.960916
vn 0.873997 -0.315896 0.369241
vn 0.828327 -0.211017 -0.518987
vn 0.642568 -0.047866 -0.764732
vn 0 -0.156461 -0.987684
vn 0 -0.75131 0.65995
vn -0.128305 -0.879273 0.458712
vn -0.1295 -0.802173 0.58288
vn 0 -0.559458 0.828859
vn 0.388608 -0.780443 0.489789
vn 0.538892 -0.690224 0.482894
vn 0.827382 -0.441944 0.346589
vn 0.877712 -0.381616 -0.289811
vn 0.78969 -0.502698 0.351689
vn 0.762423 -0.383357 0.521295
vn 0.499212 -0.524146 -0.68997
vn 0 -0.822538 -0.56871
vn -0 0.72052 0.693434
vn 0.769297 0.628908 -0.112508
vn -0 0.760416 -0.649436
vn -0 0.832097 0.55463
vn -0 0.719089 -0.694918
vn -0.425215 0.468325 0.774509
vn -0.512808 0.597186 0.616764
vn -0.46128 0.803596 0.376104
vn -0.232603 0.757342 0.610187
vn -0.469702 0.274805 0.838965
vn -0.505694 0.781844 -0.364681
vn -0.39821 0.900539 -0.174522
vn -0.521628 0.684914 -0.508721
vn -0.793724 0.325261 -0.514011
vn -0.607806 0.131864 0.783061
vn -0.211303 0.097333 0.972562
vn -0.873997 -0.315896 0.369241
vn -0.828327 -0.211016 -0.518987
vn -0.642568 -0.047866 -0.764732
vn 0.129505 -0.802227 0.582804
vn 0.128305 -0.879273 0.458712
vn -0.538892 -0.690224 0.482894
vn -0.388607 -0.780443 0.489789
vn -0.877712 -0.381616 -0.289811
vn -0.827382 -0.441944 0.346589
vn -0.78969 -0.502698 0.351689
vn -0.762423 -0.383357 0.521295
vn -0.499212 -0.524146 -0.68997
vn -0.769346 0.628851 -0.112489
vn 0.980135 -0.133079 0.147058
vn -0.0039 -0.754394 -0.65641
vn 0.980135 -0.133079 0.147058
vn -0.0039 -0.754394 -0.65641
vn -0.980135 0.133079 -0.147058
vn -0.980135 0.133079 -0.147058
vn 0.0039 0.754394 0.65641
vn 0.0039 0.754394 0.65641
vn 0.198294 0.642762 -0.739957
vn 0.198294 0.642762 -0.739957
vn 0.198294 0.642762 -0.739957
vn 0.198294 0.642762 -0.739957
vn 0.665924 -0.361072 -0.652818
vn 0.665924 -0.361072 -0.652818
vn 0.665924 -0.361072 -0.652818
vn 0.665924 -0.361072 -0.652818
vn -0.519499 -0.200219 -0.830682
vn -0.519499 -0.200219 -0.830682
vn -0.519499 -0.200219 -0.830682
vn -0.519499 -0.200219 -0.830682
vn -0.51408 0.853416 0.086039
vn -0.51408 0.853416 0.086039
vn -0.51408 0.853416 0.086039
vn -0.51408 0.853416 0.086039
vn 0.671391 0.692505 0.263954
vn 0.671391 0.692505 0.263954
vn 0.671391 0.692505 0.263954
vn 0.671391 0.692505 0.263954
vn 0.638696 -0.657393 -0.399876
vn 0.638696 -0.657393 -0.399876
vn 0.638696 -0.657393 -0.399876
vn 0.638696 -0.657393 -0.399876
vn -0.644614 -0.483207 -0.592439
vn -0.644614 -0.483207 -0.592439
vn -0.644614 -0.483207 -0.592439
vn -0.644614 -0.483207 -0.592439
vn -0.638696 0.657393 0.399876
vn -0.638696 0.657393 0.399876
vn -0.638696 0.657393 0.399876
vn -0.638696 0.657393 0.399876
vn 0.644614 0.483207 0.592439
vn 0.644614 0.483207 0.592439
vn 0.644614 0.483207 0.592439
vn 0.644614 0.483207 0.592439
vn 0.463112 -0.886264 0.007948
vn 0.463112 -0.886264 0.007948
vn 0.463112 -0.886264 0.007948
vn 0.463072 -0.886285 0.007973
vn 0.463072 -0.886285 0.007973
vn 0.463072 -0.886285 0.007973
vn -0.660085 -0.733838 -0.16053
vn -0.660085 -0.733838 -0.16053
vn -0.660085 -0.733838 -0.16053
vn -0.660085 -0.733838 -0.16053
vn -0.654884 0.264347 0.707988
vn -0.654884 0.264347 0.707988
vn -0.654884 0.264347 0.707988
vn -0.654884 0.264347 0.707988
vn 0.4682 0.111871 0.876512
vn 0.4682 0.111871 0.876512
vn 0.4682 0.111871 0.876512
vn 0.4682 0.111871 0.876512
vn 0.638696 -0.657393 -0.399876
vn 0.638696 -0.657393 -0.399876
vn 0.638696 -0.657393 -0.399876
vn 0.638696 -0.657393 -0.399876
vn -0.644614 -0.483207 -0.592439
vn -0.644614 -0.483207 -0.592439
vn -0.644614 -0.483207 -0.592439
vn -0.644614 -0.483207 -0.592439
vn -0.638696 0.657393 0.399876
vn -0.638696 0.657393 0.399876
vn -0.638696 0.657393 0.399876
vn -0.638696 0.657393 0.399876
vn 0.644614 0.483207 0.592439
vn 0.644614 0.483207 0.592439
vn 0.644614 0.483207 0.592439
vn 0.644614 0.483207 0.592439
vn 0.980135 0.133079 -0.147058
vn 0.98013 0.13293 -0.147225
vn -0.0039 0.754394 0.65641
vn -0.0039 0.754394 0.65641
vn -0.98013 -0.13293 0.147225
vn -0.980135 -0.133079 0.147058
vn 0.0036 -0.75445 -0.656348
vn 0.0033 -0.754487 -0.656307
vn -0.198294 0.642762 -0.739957
vn -0.198294 0.642762 -0.739957
vn -0.198294 0.642762 -0.739957
vn -0.198294 0.642762 -0.739957
vn 0.51408 0.853416 0.086039
vn 0.51408 0.853416 0.086039
vn 0.51408 0.853416 0.086039
vn 0.51408 0.853416 0.086039
vn -0.671391 0.692505 0.263954
vn -0.671391 0.692505 0.263954
vn -0.671391 0.692505 0.263954
vn -0.671391 0.692505 0.263954
vn -0.665898 -0.359809 -0.653542
vn -0.665898 -0.359809 -0.653542
vn -0.665898 -0.359809 -0.653542
vn -0.666395 -0.360592 -0.652603
vn -0.666395 -0.360592 -0.652603
vn -0.666395 -0.360592 -0.652603
vn 0.519197 -0.200753 -0.830742
vn 0.519197 -0.200753 -0.830742
vn 0.519197 -0.200753 -0.830742
vn 0.520202 -0.201373 -0.829964
vn 0.520202 -0.201373 -0.829964
vn 0.520202 -0.201373 -0.829964
vn 0.63882 0.657083 0.400188
vn 0.63882 0.657083 0.400188
vn 0.63882 0.657083 0.400188
vn 0.638979 0.657227 0.399698
vn 0.638979 0.657227 0.399698
vn 0.638979 0.657227 0.399698
vn -0.644309 0.483447 0.592575
vn -0.644309 0.483447 0.592575
vn -0.644309 0.483447 0.592575
vn -0.644702 0.483436 0.592157
vn -0.644702 0.483436 0.592157
vn -0.644702 0.483436 0.592157
vn -0.638697 -0.657393 -0.399876
vn -0.638697 -0.657393 -0.399876
vn -0.638697 -0.657393 -0.399876
vn -0.638697 -0.657393 -0.399876
vn 0.644614 -0.483207 -0.592439
vn 0.644614 -0.483207 -0.592439
vn 0.644614 -0.483207 -0.592439
vn 0.644614 -0.483207 -0.592439
vn 0.655107 0.264111 0.707871
vn 0.655107 0.264111 0.707871
vn 0.655107 0.264111 0.707871
vn 0.655107 0.264111 0.707871
vn -0.468098 0.112186 0.876527
vn -0.468098 0.112186 0.876527
vn -0.468098 0.112186 0.876527
vn -0.468098 0.112186 0.876527
vn -0.463112 -0.886264 0.007948
vn -0.463112 -0.886264 0.007948
vn -0.463112 -0.886264 0.007948
vn -0.463112 -0.886264 0.007948
vn 0.660085 -0.733838 -0.16053
vn 0.660085 -0.733838 -0.16053
vn 0.660085 -0.733838 -0.16053
vn 0.660085 -0.733838 -0.16053
vn 0.638833 0.657662 0.399216
vn 0.638833 0.657662 0.399216
vn 0.638833 0.657662 0.399216
vn 0.638507 0.657456 0.400076
vn 0.638507 0.657456 0.400076
vn 0.638507 0.657456 0.400076
vn -0.644796 0.483071 0.592352
vn -0.644796 0.483071 0.592352
vn -0.644796 0.483071 0.592352
vn -0.644191 0.482959 0.593101
vn -0.644191 0.482959 0.593101
vn -0.644191 0.482959 0.593101
vn -0.638697 -0.657393 -0.399876
vn -0.638697 -0.657393 -0.399876
vn -0.638697 -0.657393 -0.399876
vn -0.638697 -0.657393 -0.399876
vn 0.644614 -0.483207 -0.592439
vn 0.644614 -0.483207 -0.592439
vn 0.644614 -0.483207 -0.592439
vn 0.644614 -0.483207 -0.592439
vn 0.900759 -0.174592 0.397683
vn 0.178698 0.417797 0.890793
vn 0.589603 0.128501 0.797405
vn 0.706912 -0.544609 -0.451306
vn 0.557304 -0.526904 -0.641704
vn -0.815582 0.372392 0.442889
vn -0.920196 0.313599 0.234298
vn -0.646941 -0.437228 -0.62474
vn 0.544601 0.538001 0.643401
vn 0.656284 -0.594985 -0.463987
vn -0.836623 0.290808 0.464212
vn -0.715304 -0.368103 -0.594004
vn 0.857501 0.2276 0.461401
vn 0.76222 -0.197306 -0.616515
vn -0.670218 0.682818 0.290807
vn -0.370692 -0.52769 -0.764285
vn 0.755804 -0.319602 -0.571502
vn 0.464784 -0.88097 0.088698
vn 0.553529 0.241513 0.797043
vn -0.096601 0.952714 -0.288106
vn -0.646494 -0.566596 -0.510896
vn 0.856635 0.51272 -0.057402
vn 0.055002 0.964228 0.259307
vn 0.590992 0.70969 -0.383495
vn -0.159504 0.978426 0.131303
vn 0.192705 0.981023 -0.021401
vn -0.362991 0.82078 0.441088
vn -0.0133 0.918411 0.395404
vn 0.672888 0.655787 -0.342294
vn 0.82961 0.549206 -0.100601
vn 0.928475 0.087297 -0.36099
vn 0.964589 -0.180098 -0.192697
vn 0.278195 0.699287 0.658487
vn 0.925607 0.212202 0.313403
vn -0.391398 0.615596 0.683995
vn 0.366593 0.428592 0.825784
vn 0.944086 0.023 0.328896
vn -0.326204 0.79891 0.505305
vn 0.328708 0.860821 0.388509
vn -0.091301 0.992215 -0.084702
vn 0.166304 0.809821 0.562613
vn 0.691708 0.714708 0.103601
vn 0.514778 0.65767 -0.549976
vn 0.918578 0.392191 0.048999
vn 0.899015 0.109502 -0.424006
vn 0.955957 0.287817 0.057504
vn 0.976554 -0.128394 -0.172791
vn -0.289908 0.626016 0.723918
vn 0.134103 0.806221 0.576215
vn 0.938625 -0.078402 0.33591
vn 0.516494 0.645192 0.562993
vn 0.195701 0.307502 0.931205
vn 0.897115 0.403107 0.180803
vn -0.773994 0.628795 0.074498
vn -0.458294 0.621892 -0.634993
vn 0.180009 0.201309 -0.962846
vn 0.69251 -0.356605 -0.627107
vn 0.781401 -0.565201 -0.264499
vn -0.69467 0.359985 0.622772
vn 0.517415 -0.645218 0.562117
vn -0.382511 -0.0153 0.923824
vn 0.337213 -0.433016 0.835933
vn 0.755511 -0.613209 0.230604
vn -0.274706 -0.004299 0.961519
vn 0.835062 -0.306187 -0.457078
vn 0.435723 0.176308 -0.882644
vn -0.113905 0.677834 -0.726338
vn -0.597711 0.787515 -0.150204
vn -0.611892 0.549293 0.569092
vn 1 -0 0.000001
vn 0.337213 -0.433016 0.835933
vn 0.755511 -0.613209 0.230604
vn -0.274706 -0.004299 0.961519
vn 0.835062 -0.306187 -0.457078
vn 0.435804 0.176301 -0.882606
vn -0.113905 0.677834 -0.726338
vn -0.597711 0.787515 -0.150204
vn -0.611892 0.549293 0.569092
vn 1 -0 0.000001
vn -0.202995 0.556189 0.805883
vn -0.456815 0.167606 0.873629
vn -0.315289 -0.164294 0.934666
vn -0.113403 0.952627 0.282208
vn -0.384186 0.912068 0.143295
vn -0.145606 0.929043 -0.340116
vn -0.273695 0.766286 -0.581289
vn -0.796399 0.175 0.578899
vn -0.745089 0.646791 -0.162798
vn -0.485107 -0.388305 0.783511
vn -0.94834 0.051703 0.313014
vn -0.742485 0.576989 -0.340293
vn -0.385715 -0.176207 0.905635
vn -0.0128 0.372601 0.927903
vn -0.607917 0.411712 0.678919
vn -0.673881 0.180395 0.716479
vn 0.1425 0.933093 0.330198
vn -0.516503 0.772506 0.369403
vn -0.079697 0.946174 -0.313692
vn -0.536088 0.843883 -0.021699
vn -0.303504 0.786611 -0.537707
vn -0.547802 0.826304 -0.1309
vn -0.570003 -0.325301 0.754504
vn -0.669737 0.147309 0.727841
vn -0.732672 0.52828 -0.429083
vn -0.941577 -0.180895 0.284093
vn -0.821199 0.3839 0.4222
vn -0.641483 0.767081 0.0093
vn 0.22551 -0.379616 0.897239
vn 0.689274 0.209092 0.693673
vn 0.721399 0.692298 0.0175
vn 0.256797 0.697691 -0.668792
vn -0.072804 0.504131 -0.860553
vn -0.252591 -0.695875 0.672276
vn -0.651519 -0.137204 -0.746122
vn -0.614476 -0.75427 0.231291
vn -0.829924 -0.324609 -0.453713
vn -0.700479 -0.685078 0.199994
vn -0.48307 0.222087 -0.846948
vn 0.034298 0.744753 -0.666458
vn 0.531982 0.84037 -0.103797
vn 0.595303 0.542402 0.592802
vn 0.31451 -0.069202 0.946729
vn -0.270698 -0.528995 0.804293
vn 1 -0.000001 -0
vn -0.829924 -0.324609 -0.453713
vn -0.700479 -0.685078 0.199994
vn -0.48307 0.222087 -0.846948
vn 0.0343 0.744803 -0.666403
vn 0.531982 0.84037 -0.103797
vn 0.595303 0.542402 0.592802
vn 0.31451 -0.069202 0.946729
vn -0.270698 -0.528995 0.804293
vn 1 -0.000001 -0
vn -0.755368 0.429782 -0.494679
vn -0.991738 0.116405 -0.053902
vn -0.912863 -0.129494 0.387185
vn 0.122502 0.546408 -0.828512
vn 0.357015 0.531521 -0.768131
vn -0.0404 -0.695901 0.717001
vn 0.198792 -0.698373 0.687573
vn 0.910201 -0.370201 -0.185701
vn -0.890327 0.322411 0.32151
vn 0.164708 0.492923 -0.854341
vn -0.0386 -0.755598 0.653898
vn 0.907131 -0.410915 -0.090903
vn -0.886891 0.322897 -0.330397
vn 0.192799 0.810093 -0.553695
vn -0.282899 -0.948995 -0.139199
vn 0.753085 -0.284795 -0.593089
vn 0.065099 0.362295 -0.929787
vn -0.341395 -0.597591 -0.725489
vn -0.901893 0.1256 0.413297
vn 0.199706 0.938126 -0.282908
vn 0.82739 -0.552994 -0.098099
vn -0.429888 0.896977 0.103097
vn -0.377681 0.305585 0.874057
vn -0.0453 0.931423 0.361109
vn -0.165393 0.208392 0.96396
vn -0 0.208197 0.978087
vn 0.689802 0.466701 0.553502
vn 0.595898 0.659098 0.458799
vn -0 0.770381 0.637584
vn 0.728603 0.678302 -0.0951
vn 0.645473 0.759369 -0.081997
vn 0.448099 0.697498 -0.559199
vn 0.458993 0.68049 -0.571191
vn 0 0.78039 -0.625293
vn 0 0.606826 -0.794835
vn -0 0.708406 0.705806
vn 0.490798 0.708998 0.506399
vn 0.471593 0.881786 0.0073
vn -0.595898 0.659098 0.458798
vn -0.703106 0.461004 0.541404
vn -0.664069 0.741366 -0.096896
vn -0.73937 0.665173 -0.104296
vn -0.456716 0.694924 -0.55542
vn -0.46191 0.689715 -0.557613
vn -0.492602 0.715902 0.494801
vn -0.458484 0.888669 0.0078
vn 0.237892 0.759075 0.60598
vn -0 0.758628 0.651524
vn -0.237892 0.759075 0.60598
vn -0 0.636104 0.771604
vn 0.183207 0.638227 0.747731
vn -0.183208 0.638227 0.747731
vn 0.208407 0.670621 -0.711923
vn 0 0.660195 -0.751094
vn -0.208407 0.670621 -0.711923
vn 0 0.535516 -0.844525
vn 0.185306 0.521916 -0.832626
vn -0.185306 0.521916 -0.832626
vn -0 0.996763 -0.080397
vn 0.963906 0.226401 0.140101
vn 0.697099 0.512399 -0.501499
vn 0.686418 -0.187505 0.702619
vn 0.0034 0.701884 -0.712284
vn -0.692206 0.497204 -0.523105
vn -0.972518 0.205204 0.110002
vn -0.703685 -0.202696 0.680986
vn -0.012 -0.271398 0.962393
vn 1 -0 0
vn 0.963464 0.165494 0.210592
vn 0.692022 0.665021 -0.280809
vn 0.690934 -0.427421 0.583029
vn -0.0037 0.914089 -0.405496
vn -0.69733 0.649828 -0.302413
vn -0.972934 0.144405 0.180406
vn -0.699219 -0.442612 0.561415
vn -0.0058 -0.605177 0.79607
vn 1 -0 0
vn 0.96391 0.198602 -0.177302
vn 0.686415 -0.306607 -0.659414
vn 0.697099 0.5917 0.4049
vn 0.0034 0.814896 0.579597
vn -0.692203 0.580503 0.428802
vn -0.972509 0.183002 -0.144002
vn -0.703682 -0.317792 -0.635484
vn -0.012 -0.434296 -0.90069
vn 1 -0 0
vn 0.963464 0.165494 -0.210592
vn 0.690893 -0.427396 -0.583094
vn 0.692022 0.665021 0.280809
vn -0.0037 0.91409 0.405495
vn -0.69733 0.649828 0.302413
vn -0.972934 0.144405 -0.180407
vn -0.699219 -0.442612 -0.561416
vn -0.005799 -0.605177 -0.79607
vn 1 -0 0
vn 0.855552 0.413724 -0.311228
vn 0.946648 -0.291272 0.137905
vn 0.677183 -0.25152 -0.691492
vn 0.338292 0.37374 -0.863641
vn 0 -0.096516 -0.995331
vn 0 0.318603 -0.947888
vn 0.553684 -0.160283 0.817156
vn -0.0146 0.430197 0.902617
vn -0 -0.059827 0.998209
vn 0.735165 0.448491 0.50832
vn -0.954125 0.077902 -0.289097
vn -0.677183 -0.25152 -0.691492
vn -0.946648 -0.291273 0.137905
vn -0.188203 0.791892 -0.580936
vn -0.553684 -0.160283 0.817156
vn -0.720027 0.441647 0.535266
vn -0.0051 -0.030905 0.999509
vn -0.092197 0.785679 0.611726
vn -0.744202 0.188469 0.640814
vn -0.591482 -0.465901 0.658092
vn 0.123302 -0.635821 0.761924
vn 0.703984 -0.38568 0.596371
vn 0.607623 0.442957 0.659229
vn 0.115897 0.895617 0.429463
vn -0.691193 0.606721 0.39261
vn -0.848141 -0.38187 0.367196
vn -0.192704 -0.759452 0.621368
vn 0.698569 -0.543253 0.465702
vn 0.920113 0.185473 0.344953
vn -0.690603 0.486002 0.535602
vn -0.0056 0.544101 0.839001
vn -0.985644 0.153507 -0.070303
vn -0.684304 -0.0417 -0.728004
vn 0.0013 -0.213604 -0.97692
vn 0.684995 -0.0257 -0.728094
vn 0.981906 0.176701 -0.0681
vn 0.67907 0.501378 0.536176
vn 1 -0 0
vn -0.690595 -0.034999 0.722395
vn -0.0056 -0.208597 0.977986
vn -0.985638 0.158306 0.058802
vn -0.684284 0.485289 -0.544288
vn 0.0013 0.539796 -0.841795
vn 0.684992 0.496694 -0.532993
vn 0.981905 0.173101 0.076801
vn 0.679067 -0.024599 0.733664
vn 1 -0 0
vn -0.690595 0.722395 0.034999
vn -0.0056 0.977986 0.208597
vn -0.985638 0.058802 -0.158306
vn -0.684285 -0.544288 -0.485289
vn 0.0013 -0.841795 -0.539796
vn 0.684992 -0.532994 -0.496694
vn 0.981905 0.0768 -0.173101
vn 0.679067 0.733664 0.024599
vn 1 -0 0
vn -0.289092 -0.0076 0.957271
vn -0.217012 0.685439 0.695039
vn -0.200895 -0.69648 0.688881
vn -0.278509 -0.96043 -0.0028
vn -0.201707 -0.692223 -0.692923
vn -0.291097 0.0013 -0.956693
vn -0.217901 0.694104 -0.686104
vn -0.3007 0.953699 0.0062
vn 1 -0 0
vn -0.690595 -0.722395 -0.035
vn -0.0056 -0.977986 -0.208597
vn -0.985638 -0.058802 0.158306
vn -0.684285 0.544288 0.485289
vn 0.0013 0.841795 0.539796
vn 0.684992 0.532993 0.496694
vn 0.981905 -0.076801 0.173101
vn 0.679067 -0.733664 -0.024598
vn 1 -0 0
vn -0.690603 -0.535602 0.486002
vn -0.0056 -0.839001 0.544101
vn -0.985644 0.070303 0.153507
vn -0.684304 0.728004 -0.041701
vn 0.0013 0.976919 -0.213605
vn 0.684995 0.728095 -0.0257
vn 0.981906 0.0681 0.176701
vn 0.67907 -0.536176 0.501378
vn 1 -0 0
vn -0.690603 0.535602 -0.486002
vn -0.0056 0.839001 -0.544101
vn -0.985644 -0.070303 -0.153507
vn -0.684304 -0.728004 0.0417
vn 0.0013 -0.976919 0.213605
vn 0.684995 -0.728095 0.0257
vn 0.981906 -0.068101 -0.176701
vn 0.67907 0.536176 -0.501378
vn 1 -0 0
vn -0.690595 0.035 -0.722395
vn -0.0056 0.208597 -0.977986
vn -0.985638 -0.158306 -0.058802
vn -0.684285 -0.485289 0.544288
vn 0.0013 -0.539796 0.841795
vn 0.684991 -0.496694 0.532994
vn 0.981905 -0.173101 -0.0768
vn 0.679067 0.024599 -0.733664
vn 1 -0 0
vn -0.690603 -0.486002 -0.535602
vn -0.0056 -0.544101 -0.839001
vn -0.985644 -0.153507 0.070303
vn -0.684304 0.0417 0.728004
vn 0.0013 0.213604 0.976919
vn 0.684995 0.0257 0.728095
vn 0.981906 -0.176701 0.068101
vn 0.67907 -0.501378 -0.536176
vn 1 -0 0
vn 0.289091 -0.0076 0.957271
vn 0.200894 -0.696481 0.688881
vn 0.217012 0.685439 0.695039
vn 0.278509 -0.96043 -0.0028
vn 0.201707 -0.692223 -0.692923
vn 0.291098 0.0013 -0.956693
vn 0.217901 0.694104 -0.686104
vn 0.3007 0.953699 0.0062
vn 1 -0 0
vn 0.690603 -0.535602 0.486002
vn 0.985644 0.070303 0.153507
vn 0.0056 -0.839001 0.544101
vn 0.684304 0.728004 -0.0417
vn -0.0013 0.976919 -0.213605
vn -0.684995 0.728095 -0.0257
vn -0.981906 0.068101 0.176701
vn -0.67907 -0.536176 0.501378
vn 1 -0 0
vn 0.690595 -0.035 0.722395
vn 0.985638 0.158306 0.058802
vn 0.0056 -0.208597 0.977986
vn 0.684285 0.485289 -0.544288
vn -0.0013 0.539796 -0.841795
vn -0.684991 0.496694 -0.532994
vn -0.981905 0.173101 0.0768
vn -0.679067 -0.024599 0.733664
vn 1 -0 0
vn 0.690595 -0.722395 -0.034999
vn 0.985638 -0.058802 0.158306
vn 0.0056 -0.977986 -0.208597
vn 0.684285 0.544288 0.485289
vn -0.0013 0.841795 0.539796
vn -0.684992 0.532994 0.496694
vn -0.981905 -0.0768 0.173101
vn -0.679067 -0.733664 -0.024599
vn 1 -0 0
vn 0.690603 -0.486002 -0.535602
vn 0.985644 -0.153507 0.070303
vn 0.0056 -0.544101 -0.839001
vn 0.684304 0.0417 0.728004
vn -0.0013 0.213604 0.97692
vn -0.684995 0.0257 0.728094
vn -0.981906 -0.176701 0.0681
vn -0.67907 -0.501378 -0.536176
vn 1 -0 0
vn 0.690595 0.034999 -0.722395
vn 0.985638 -0.158306 -0.058802
vn 0.0056 0.208597 -0.977986
vn 0.684284 -0.485289 0.544288
vn -0.0013 -0.539796 0.841795
vn -0.684992 -0.496694 0.532993
vn -0.981905 -0.173101 -0.076801
vn -0.679067 0.024599 -0.733664
vn 1 -0 0
vn 0.690603 0.535602 -0.486002
vn 0.985644 -0.070303 -0.153507
vn 0.0056 0.839001 -0.544101
vn 0.684304 -0.728004 0.041701
vn -0.0013 -0.976919 0.213605
vn -0.684995 -0.728095 0.0257
vn -0.981906 -0.0681 -0.176701
vn -0.67907 0.536176 -0.501378
vn 1 -0 0
vn 0.690595 0.722395 0.035
vn 0.985638 0.058802 -0.158306
vn 0.0056 0.977986 0.208597
vn 0.684285 -0.544288 -0.485289
vn -0.0013 -0.841795 -0.539796
vn -0.684992 -0.532993 -0.496694
vn -0.981905 0.076801 -0.173101
vn -0.679067 0.733664 0.024598
vn 1 -0 0
vn 0.690603 0.486002 0.535602
vn 0.985644 0.153507 -0.070303
vn 0.0056 0.544101 0.839001
vn 0.684304 -0.0417 -0.728004
vn -0.0013 -0.213604 -0.976919
vn -0.684995 -0.0257 -0.728095
vn -0.981906 0.176701 -0.068101
vn -0.67907 0.501378 0.536176
vn 1 -0 0
vn 0.925588 0.264596 -0.270696
vn -0.849425 0.526816 0.0307
vn -0.946294 0.180699 0.268098
vn 0.801732 -0.305313 -0.51382
vn -0.946294 0.180699 0.268098
vn -0.947665 0.038898 -0.316889
vn -0.946294 0.180699 0.268098
vn -0.946294 0.180699 0.268098
vn -0.849425 0.526816 0.0307
vn -0.947665 0.038898 -0.316889
vn -0.397499 0.873999 0.279499
vn 0.832004 0.178401 0.525303
vn 0.882795 -0.244198 0.401298
vn -0.954426 0.281408 0.099402
vn 0.785232 -0.586924 0.197309
vn -0.850722 -0.410311 -0.328508
vn -0.958396 0.265899 0.103799
vn 0.447798 -0.894096 -0.008299
vn -0.850722 -0.410311 -0.328508
vn -0.397499 0.873999 0.279499
vn -0.954426 0.281408 0.099402
vn -0.958396 0.265899 0.103799
vn -0.137702 0.940015 0.312104
vn 0.764638 -0.049802 0.642533
vn -0.67908 -0.575184 -0.456086
vn 0.439686 -0.856673 0.269792
vn -0.67908 -0.575184 -0.456086
vn -0.137702 0.940015 0.312104
vn 0.536404 0.027701 0.843507
vn -0.336392 0.901979 0.270693
vn 0.094902 -0.965823 0.241206
vn -0.87152 -0.157404 -0.464411
vn -0.87152 -0.157404 -0.464411
vn -0.336392 0.901979 0.270693
vn -0.407005 -0.329803 0.851809
vn -0.407005 -0.329803 0.851809
vn 0.801732 -0.305313 -0.51382
vn -0.947665 0.038898 -0.316889
vn -0.946294 0.180699 0.268098
vn -0.958277 0.072498 -0.276494
vn -0.946294 0.180699 0.268098
vn -0.947665 0.038898 -0.316889
vn -0.108299 -0.391 -0.913997
vn -0.438995 0.769592 0.463694
vn 0.691516 0.236306 0.682616
vn 0.785232 -0.586924 0.197309
vn -0.958396 0.265899 0.103799
vn 0.094898 -0.814684 -0.572088
vn -0.801376 -0.381289 -0.460886
vn -0.968895 -0.0856 -0.232199
vn 0.470792 -0.877785 -0.088598
vn -0.968895 -0.0856 -0.232199
vn -0.438995 0.769592 0.463694
vn -0.958396 0.265899 0.103799
vn -0.801376 -0.381289 -0.460886
vn -0.1952 0.890999 0.409899
vn 0.744354 -0.050696 0.665859
vn -0.663977 -0.577681 -0.474784
vn 0.429777 -0.863054 0.265386
vn -0.1952 0.890999 0.409899
vn -0.663977 -0.577681 -0.474784
vn 0.521793 0.0388 0.852189
vn -0.52979 0.844185 0.081698
vn 0.107501 -0.972608 0.206102
vn -0.773365 -0.406982 -0.486078
vn -0.52979 0.844185 0.081698
vn -0.773365 -0.406982 -0.486078
vn -0.429278 -0.330182 0.840655
vn -0.429278 -0.330182 0.840655
vn 0.925588 0.264596 -0.270696
vn -0.946294 0.180699 0.268098
vn -0.849425 0.526816 0.0307
vn -0.849425 0.526816 0.0307
vn -0.758749 0.651242 0.0136
vn -0.116698 0.974785 -0.190198
vn -0.946294 0.180699 0.268098
vn -0.337089 0.91257 0.231491
vn 0.847297 0.2087 0.488398
vn 0.663032 0.708835 0.240711
vn -0.688534 0.697535 0.198409
vn 0.882795 -0.244198 0.401298
vn -0.867447 -0.460972 -0.187189
vn -0.954426 0.281408 0.099402
vn 0.280598 -0.958693 0.0466
vn -0.867447 -0.460972 -0.187189
vn -0.337089 0.91257 0.231491
vn -0.688534 0.697535 0.198409
vn -0.954426 0.281408 0.099402
vn -0.140699 0.93039 0.338495
vn 0.708006 -0.0531 0.704207
vn -0.708978 -0.588582 -0.388488
vn 0.468886 -0.852274 0.231894
vn -0.708978 -0.588582 -0.388488
vn -0.140699 0.93039 0.338495
vn 0.516508 0.186104 0.835814
vn -0.306911 0.921833 0.236708
vn 0.181102 -0.927012 0.328405
vn -0.876206 -0.151202 -0.457604
vn -0.876206 -0.151202 -0.457604
vn -0.306911 0.921833 0.236708
vn -0.422281 -0.309585 0.85196
vn -0.422281 -0.309585 0.85196
vn -0.579092 -0.63629 0.509693
vn -0.72571 -0.547907 0.416106
vn -0.253995 -0.632785 0.731484
vn -0.274603 -0.620204 0.734806
vn 0.421102 -0.901203 0.102502
vn -0.367102 -0.797606 -0.478603
vn 0.498296 -0.866792 -0.019299
vn -0.411377 -0.810956 -0.416077
vn -0.289807 -0.752019 -0.592014
vn 0.535009 -0.843214 -0.0525
vn 0.232995 -0.42729 -0.873577
vn 0.038399 -0.288989 -0.956562
vn 0.617707 -0.461705 -0.636606
vn 0.804707 -0.353703 -0.476803
vn -0.708202 0.214301 0.6727
vn -0.361802 0.244202 0.899703
vn -0.167696 0.169996 0.971071
vn -0.709302 0.189701 0.6789
vn -0.520783 0.853571 -0.014201
vn 0.298596 0.766291 0.568892
vn 0.338485 0.806665 0.484478
vn -0.446828 0.885255 -0.129109
vn 0.428487 0.831574 0.353389
vn -0.411881 0.897559 -0.157294
vn 0.080296 0.766862 -0.63677
vn 0.649201 0.717201 -0.253301
vn 0.649201 0.717201 -0.253301
vn 0.080296 0.766862 -0.63677
vn -0.0387 -0.241294 0.96968
vn -0.010201 -0.2368 0.971505
vn 0.85669 -0.095599 0.506895
vn 0.743541 0.072604 0.664737
vn 0.904221 -0.242105 0.351809
vn 0.968806 0.0031 -0.247801
vn 0.951198 0.250499 -0.180199
vn 0.542726 0.242511 -0.804138
vn 0.542726 0.242511 -0.804138
vn 0.542726 0.242511 -0.804138
vn 0.542726 0.242511 -0.804138
vn 0.542726 0.242511 -0.804138
vn 0.542726 0.242511 -0.804138
vn -0.169297 0.094898 -0.980986
vn -0.182306 0.340412 -0.922434
vn -0.818632 0.093703 -0.566623
vn -0.756485 0.288194 -0.58709
vn -0.854268 -0.126196 -0.504282
vn -0.880877 -0.174795 0.439888
vn -0.889575 -0.174395 0.422188
vn -0.108299 -0.391 -0.913997
vn -0.947665 0.038898 -0.316889
vn -0.363013 -0.391316 -0.845632
vn 0.643693 -0.423996 -0.637092
vn -0.116698 0.974785 -0.190198
vn 0.925588 0.264596 -0.270696
vn 0.708399 0.643799 -0.2893
vn -0.520918 0.84503 0.120703
vn 0.925674 0.063298 -0.372989
vn -0.849425 0.526816 0.0307
vn -0.93125 0.328682 -0.157293
vn -0.803849 0.527667 -0.274582
vn 0.820072 -0.186894 0.540881
vn 0.969675 0.110497 0.217994
vn -0.81245 -0.321419 -0.48643
vn 0.941319 -0.332807 -0.056201
vn 0.820072 -0.186894 0.540881
vn 0.820072 -0.186894 0.540881
vn 0.969675 0.110497 0.217994
vn 0.820072 -0.186894 0.540881
vn 0.941319 -0.332807 -0.056201
vn 0.658885 0.748282 0.077098
vn -0.956019 0.269606 0.115502
vn -0.721474 0.619578 0.309189
vn 0.915906 -0.144702 0.374403
vn -0.992726 -0.120103 -0.0084
vn 0.910674 -0.158796 0.381389
vn 0.582701 -0.806902 -0.0968
vn -0.761307 -0.640805 0.098901
vn 0.582701 -0.806902 -0.0968
vn 0.915906 -0.144702 0.374403
vn 0.658885 0.748282 0.077098
vn 0.910674 -0.158796 0.381389
vn 0.38998 0.92075 -0.0116
vn -0.630202 0.338202 0.698903
vn 0.384493 -0.824186 -0.415793
vn -0.535902 -0.643202 0.546902
vn 0.384493 -0.824186 -0.415793
vn 0.38998 0.92075 -0.0116
vn -0.194494 0.335691 0.921675
vn 0.542483 0.832874 -0.109697
vn -0.148993 -0.840158 0.521474
vn 0.6178 -0.456301 -0.640401
vn 0.6178 -0.456301 -0.640401
vn 0.542483 0.832874 -0.109697
vn 0.625691 -0.225097 0.746889
vn 0.625691 -0.225097 0.746889
vn -0.81245 -0.321419 -0.48643
vn 0.820072 -0.186894 0.540881
vn 0.941319 -0.332807 -0.056201
vn 0.906303 -0.420302 0.0443
vn 0.941319 -0.332807 -0.056201
vn 0.820072 -0.186894 0.540881
vn 0.262112 -0.627429 -0.733233
vn 0.634123 0.645422 0.425815
vn -0.992726 -0.120103 -0.0084
vn -0.592625 0.623927 0.509422
vn 0.910674 -0.158796 0.381389
vn -0.341297 -0.80649 -0.482794
vn 0.827677 -0.551085 0.106097
vn 0.548594 -0.742692 -0.383996
vn -0.773803 -0.633402 0.0056
vn 0.827677 -0.551085 0.106097
vn 0.910674 -0.158796 0.381389
vn 0.634123 0.645422 0.425815
vn 0.548594 -0.742692 -0.383996
vn 0.44282 0.89234 0.087404
vn -0.608067 0.342382 0.716261
vn 0.309409 -0.824824 -0.473214
vn -0.528615 -0.654118 0.541015
vn 0.44282 0.89234 0.087404
vn 0.309409 -0.824824 -0.473214
vn -0.176291 0.344583 0.922054
vn 0.64592 0.691421 -0.32361
vn -0.173997 -0.851183 0.49519
vn 0.481798 -0.673998 -0.559998
vn 0.64592 0.691421 -0.32361
vn 0.481798 -0.673998 -0.559998
vn 0.642307 -0.233203 0.730108
vn 0.642307 -0.233203 0.730108
vn -0.803849 0.527667 -0.274582
vn 0.969675 0.110497 0.217994
vn 0.820072 -0.186894 0.540881
vn 0.969675 0.110497 0.217994
vn 0.360491 0.794378 -0.488887
vn 0.951908 0.239402 0.191201
vn 0.820072 -0.186894 0.540881
vn 0.637406 0.769706 0.0356
vn -0.269001 0.961005 -0.0641
vn -0.715121 0.635819 0.290409
vn 0.871693 0.355597 0.337197
vn -0.956019 0.269606 0.115502
vn 0.915906 -0.144702 0.374403
vn 0.550372 -0.831259 0.078096
vn -0.678595 -0.720794 0.141299
vn 0.550372 -0.831259 0.078096
vn 0.871693 0.355597 0.337197
vn 0.637406 0.769706 0.0356
vn 0.915906 -0.144702 0.374403
vn 0.378282 0.925154 0.031498
vn -0.51469 0.313295 0.798086
vn 0.413717 -0.847235 -0.333214
vn -0.664402 -0.614702 0.425102
vn 0.413717 -0.847235 -0.333214
vn 0.378282 0.925154 0.031498
vn -0.154799 0.479297 0.863894
vn 0.506393 0.851286 -0.137398
vn -0.192008 -0.76413 0.615824
vn 0.625491 -0.449994 -0.637391
vn 0.625491 -0.449994 -0.637391
vn 0.506393 0.851286 -0.137398
vn 0.642965 -0.209589 0.73666
vn 0.642965 -0.209589 0.73666
vn 0.186899 -0.752096 0.631997
vn -0.239799 -0.749295 0.617296
vn 0.375702 -0.654204 0.656404
vn -0.225599 -0.738496 0.635397
vn -0.386294 -0.878084 -0.282395
vn -0.375396 -0.82589 -0.420695
vn 0.591486 -0.763282 -0.259894
vn 0.589602 -0.786104 -0.185501
vn -0.385095 -0.796588 -0.465993
vn 0.597086 -0.700885 -0.390191
vn 0.343388 -0.314789 -0.884869
vn -0.106001 -0.349803 -0.930807
vn 0.547004 -0.181102 -0.817306
vn -0.352917 -0.247811 -0.902242
vn 0.179296 0.135797 0.974378
vn -0.472197 0.0828 0.877595
vn -0.264598 0.159999 0.950993
vn 0.176396 0.109797 0.978176
vn 0.413708 0.814914 0.405907
vn -0.572221 0.76983 0.282711
vn -0.590477 0.718073 0.368386
vn 0.422996 0.863491 0.274697
vn -0.565989 0.814385 0.128198
vn 0.411795 0.880987 0.232996
vn 0.307506 0.834616 -0.457009
vn -0.376998 0.780496 -0.498697
vn -0.376998 0.780496 -0.498697
vn 0.307506 0.834616 -0.457009
vn -0.579008 -0.344404 0.73901
vn -0.603303 -0.336801 0.722904
vn -0.988119 -0.094501 -0.121202
vn -0.99456 0.048099 0.092396
vn -0.931121 -0.220104 -0.290806
vn -0.626383 0.091898 -0.774079
vn -0.656195 0.328998 -0.679094
vn 0.044998 0.362084 -0.931059
vn 0.044998 0.362084 -0.931059
vn 0.044998 0.362084 -0.931059
vn 0.044998 0.362084 -0.931059
vn 0.044998 0.362084 -0.931059
vn 0.044998 0.362084 -0.931059
vn 0.722613 0.189003 -0.664912
vn 0.69468 0.425487 -0.579983
vn 0.993532 0.101503 0.050901
vn 0.953501 0.3006 0.0218
vn 0.987599 -0.125601 0.0942
vn 0.490422 -0.264312 0.830437
vn 0.508795 -0.262498 0.819892
vn 0.262112 -0.627429 -0.733233
vn 0.608265 -0.434476 -0.664262
vn 0.941319 -0.332807 -0.056201
vn -0.450117 -0.498418 -0.740928
vn 0.360491 0.794378 -0.488887
vn -0.460395 0.732693 -0.501195
vn -0.803849 0.527667 -0.274582
vn 0.237496 0.615887 -0.751185
vn -0.873467 0.067498 -0.482182
vn 0.878085 0.265195 -0.398294
vn 0.969675 0.110497 0.217994
vn 0.864084 0.436675 -0.250348
vn 0.864084 0.436675 -0.250348
vn 0.864084 0.436675 -0.250348
vn 0.883011 0.327987 -0.335732
vn 0.883011 0.327987 -0.335732
vn 0.883011 0.327987 -0.335732
vn 0.864605 0.502309 -0.012016
vn 0.864605 0.502309 -0.012016
vn 0.864605 0.502309 -0.012016
vn 0.858478 0.460637 0.225452
vn 0.858478 0.460637 0.225452
vn 0.858478 0.460637 0.225452
vn -0.753219 0.601803 -0.265508
vn -0.753219 0.601803 -0.265508
vn -0.753219 0.601803 -0.265508
vn -0.893017 0.444093 -0.072821
vn -0.893017 0.444093 -0.072821
vn -0.893017 0.444093 -0.072821
vn -0.906232 0.422129 -0.023451
vn -0.906232 0.422129 -0.023451
vn -0.906232 0.422129 -0.023451
vn -0.845033 0.340781 -0.412053
vn -0.845033 0.340781 -0.412053
vn -0.845033 0.340781 -0.412053
vt 0.0771 0.8609
vt 0.0844 0.9087
vt 0.0446 0.9195
vt 0.0318 0.8665
vt 0.1258 0.8523
vt 0.1258 0.8965
vt 0.1258 0.9373
vt 0.2064 0.8965
vt 0.2155 0.8441
vt 0.2064 0.9373
vt 0.2638 0.8702
vt 0.3606 0.9581
vt 0.1258 0.957
vt 0.2064 0.9636
vt 0.0827 0.8192
vt 0.0354 0.8105
vt 0.1409 0.8234
vt 0.0827 0.8192
vt 0.0354 0.8105
vt 0.0647 0.7905
vt 0.0647 0.7905
vt 0.0972 0.7873
vt 0.1337 0.7522
vt 0.2096 0.7776
vt 0.0338 0.7277
vt 0.0748 0.7355
vt 0.2879 0.8558
vt 0.0771 0.8609
vt 0.0844 0.9087
vt 0.1258 0.8523
vt 0.1258 0.8965
vt 0.1258 0.9373
vt 0.2064 0.8965
vt 0.2155 0.8441
vt 0.2064 0.9373
vt 0.2638 0.8702
vt 0.0827 0.8192
vt 0.1409 0.8234
vt 0.0827 0.8192
vt 0.0647 0.7905
vt 0.0354 0.8105
vt 0.0972 0.7873
vt 0.1337 0.7522
vt 0.2096 0.7776
vt 0.0748 0.7355
vt 0.0241 0.6919
vt 0.021 0.5851
vt 0.0694 0.7102
vt 0.0748 0.5852
vt 0.1286 0.7215
vt 0.1286 0.5854
vt 0.1878 0.7102
vt 0.1824 0.5852
vt 0.2332 0.6919
vt 0.2363 0.5851
vt 0.5068 0.8632
vt 0.5381 0.9506
vt 0.4353 0.852
vt 0.5523 0.919
vt 0.5722 0.8833
vt 0.5793 0.8409
vt 0.6364 0.9373
vt 0.6479 0.8993
vt 0.7178 0.869
vt 0.7628 0.8988
vt 0.4336 0.8025
vt 0.6834 0.8156
vt 0.4886 0.7353
vt 0.5399 0.7426
vt 0.4361 0.7501
vt 0.5866 0.7856
vt 0.6605 0.7782
vt 0.8377 0.7774
vt 0.9886 0.7934
vt 0.4434 0.7107
vt 0.5136 0.7132
vt 0.4886 0.7353
vt 0.4361 0.7501
vt 0.5776 0.7186
vt 0.5399 0.7426
vt 0.6196 0.7072
vt 0.6586 0.6883
vt 0.5866 0.7856
vt 0.5776 0.7186
vt 0.7079 0.6669
vt 0.7696 0.6314
vt 0.4613 0.9241
vt 0.6122 0.9812
vt 0.7082 0.9773
vt 0.4893 0.9644
vt 0.6816 0.997
vt 0.5068 0.8632
vt 0.5381 0.9506
vt 0.5523 0.919
vt 0.5722 0.8833
vt 0.5793 0.8409
vt 0.6364 0.9373
vt 0.6479 0.8993
vt 0.7178 0.869
vt 0.6834 0.8156
vt 0.5399 0.7426
vt 0.4886 0.7353
vt 0.5866 0.7856
vt 0.6605 0.7782
vt 0.8377 0.7774
vt 0.4886 0.7353
vt 0.5136 0.7132
vt 0.5399 0.7426
vt 0.5776 0.7186
vt 0.6586 0.6883
vt 0.6196 0.7072
vt 0.5866 0.7856
vt 0.5776 0.7186
vt 0.7079 0.6669
vt 0.6122 0.9812
vt 0.9642 0.3617
vt 0.9137 0.3617
vt 0.9642 0.5568
vt 0.9137 0.5568
vt 0.8643 0.5568
vt 0.8643 0.3617
vt 0.9137 0.3617
vt 0.9137 0.5568
vt 0.9145 0.639
vt 0.936 0.6605
vt 0.9145 0.682
vt 0.893 0.6605
vt 0.9512 0.5708
vt 0.9137 0.5568
vt 0.9137 0.5708
vt 0.9642 0.5568
vt 0.9137 0.5568
vt 0.8643 0.5568
vt 0.8773 0.5708
vt 0.9137 0.5708
vt 0.8773 0.5708
vt 0.9137 0.5568
vt 0.9137 0.5708
vt 0.8643 0.5568
vt 0.9137 0.5568
vt 0.9642 0.5568
vt 0.9512 0.5708
vt 0.9137 0.5708
vt 0.9512 0.5708
vt 0.9137 0.5708
vt 0.9137 0.5818
vt 0.9512 0.5818
vt 0.9137 0.5818
vt 0.8773 0.5708
vt 0.8773 0.5818
vt 0.9137 0.5708
vt 0.8773 0.5708
vt 0.9137 0.5708
vt 0.9137 0.5818
vt 0.8773 0.5818
vt 0.9137 0.5818
vt 0.9512 0.5708
vt 0.9512 0.5818
vt 0.9137 0.5708
vt 0.9512 0.5818
vt 0.9137 0.5818
vt 0.9137 0.6041
vt 0.9137 0.6041
vt 0.9642 0.6041
vt 0.9512 0.5818
vt 0.9137 0.6041
vt 0.8773 0.5818
vt 0.8643 0.6041
vt 0.9137 0.5818
vt 0.8773 0.5818
vt 0.9137 0.5818
vt 0.9137 0.6041
vt 0.8643 0.6041
vt 0.9137 0.6041
vt 0.9512 0.5818
vt 0.9642 0.6041
vt 0.9137 0.5818
vt 0.9642 0.6041
vt 0.9137 0.6041
vt 0.9137 0.632
vt 0.9642 0.632
vt 0.9137 0.632
vt 0.8643 0.6041
vt 0.8643 0.632
vt 0.9137 0.6041
vt 0.8643 0.6041
vt 0.9137 0.6041
vt 0.9137 0.632
vt 0.8643 0.632
vt 0.9137 0.632
vt 0.9642 0.6041
vt 0.9642 0.632
vt 0.9137 0.6041
vt 0.9642 0.3617
vt 0.9642 0.5568
vt 0.9137 0.3617
vt 0.9137 0.5568
vt 0.8643 0.5568
vt 0.8643 0.3617
vt 0.9137 0.3617
vt 0.9137 0.5568
vt 0.9145 0.639
vt 0.9145 0.682
vt 0.936 0.6605
vt 0.893 0.6605
vt 0.9512 0.5708
vt 0.9137 0.5708
vt 0.9137 0.5568
vt 0.9642 0.5568
vt 0.9137 0.5568
vt 0.8773 0.5708
vt 0.8643 0.5568
vt 0.9137 0.5708
vt 0.8773 0.5708
vt 0.9137 0.5708
vt 0.9137 0.5568
vt 0.9137 0.5568
vt 0.8643 0.5568
vt 0.8773 0.5708
vt 0.9137 0.5568
vt 0.9512 0.5708
vt 0.9642 0.5568
vt 0.9512 0.5708
vt 0.9137 0.5568
vt 0.9137 0.5708
vt 0.9512 0.5708
vt 0.9137 0.5818
vt 0.9137 0.5708
vt 0.9137 0.5818
vt 0.9512 0.5708
vt 0.9512 0.5818
vt 0.9137 0.5818
vt 0.8773 0.5818
vt 0.8773 0.5708
vt 0.8773 0.5708
vt 0.9137 0.5708
vt 0.9137 0.5818
vt 0.8773 0.5708
vt 0.9137 0.5818
vt 0.9137 0.5708
vt 0.8773 0.5818
vt 0.9137 0.5818
vt 0.9512 0.5818
vt 0.9512 0.5708
vt 0.9137 0.5708
vt 0.9512 0.5818
vt 0.9137 0.6041
vt 0.9137 0.5818
vt 0.9642 0.6041
vt 0.9137 0.6041
vt 0.8643 0.6041
vt 0.8773 0.5818
vt 0.9137 0.5818
vt 0.8773 0.5818
vt 0.9137 0.6041
vt 0.9137 0.5818
vt 0.8643 0.6041
vt 0.9137 0.6041
vt 0.9642 0.6041
vt 0.9512 0.5818
vt 0.9137 0.5818
vt 0.9642 0.6041
vt 0.9137 0.632
vt 0.9137 0.6041
vt 0.9137 0.632
vt 0.9642 0.6041
vt 0.9642 0.632
vt 0.9137 0.632
vt 0.8643 0.632
vt 0.8643 0.6041
vt 0.8643 0.6041
vt 0.9137 0.6041
vt 0.9137 0.632
vt 0.8643 0.6041
vt 0.9137 0.632
vt 0.9137 0.6041
vt 0.8643 0.632
vt 0.9137 0.632
vt 0.9642 0.632
vt 0.9642 0.6041
vt 0.9137 0.6041
vt 0.3905 0.5086
vt 0.3024 0.5098
vt 0.3438 0.4588
vt 0.4021 0.4529
vt 0.4432 0.5322
vt 0.291 0.4757
vt 0.2739 0.5234
vt 0.352 0.4554
vt 0.3445 0.4033
vt 0.4072 0.4035
vt 0.2976 0.4076
vt 0.3476 0.4035
vt 0.3446 0.3522
vt 0.3943 0.3614
vt 0.3058 0.3423
vt 0.3567 0.3533
vt 0.421 0.3464
vt 0.3805 0.3059
vt 0.3441 0.3061
vt 0.2928 0.307
vt 0.351 0.3056
vt 0.3895 0.5814
vt 0.3027 0.5802
vt 0.3895 0.6091
vt 0.3027 0.606
vt 0.5916 0.2516
vt 0.5563 0.2112
vt 0.5831 0.193
vt 0.6718 0.2539
vt 0.677 0.1937
vt 0.709 0.2099
vt 0.6969 0.1135
vt 0.5869 0.1143
vt 0.6692 0.1144
vt 0.5608 0.1138
vt 0.5869 0.0413
vt 0.6692 0.042
vt 0.5474 0.2187
vt 0.5916 0.2516
vt 0.587 0.2639
vt 0.5563 0.2112
vt 0.6718 0.2539
vt 0.6768 0.2665
vt 0.709 0.2099
vt 0.7185 0.2172
vt 0.6969 0.1135
vt 0.7049 0.1092
vt 0.5525 0.1095
vt 0.5608 0.1138
vt 0.6738 0.0294
vt 0.5869 0.0413
vt 0.5817 0.0284
vt 0.6692 0.042
vt 0.5474 0.2171
vt 0.587 0.2623
vt 0.6768 0.2649
vt 0.7185 0.2156
vt 0.7049 0.1077
vt 0.5525 0.108
vt 0.6738 0.0279
vt 0.5817 0.0268
vt 0.7715 0.0016
vt 0.7717 0.1103
vt 0.7717 0.1103
vt 0.8058 0.0016
vt 0.7717 0.1103
vt 0.7708 0.0016
vt 0.7717 0.1103
vt 0.7365 0.0016
vt 0.7717 0.1103
vt 0.7706 0.0017
vt 0.7708 0.1073
vt 0.7708 0.1073
vt 0.8071 0.0017
vt 0.7708 0.1073
vt 0.7699 0.0017
vt 0.7708 0.1073
vt 0.7334 0.0017
vt 0.7708 0.1073
vt 0.5916 0.2516
vt 0.5831 0.193
vt 0.5563 0.2112
vt 0.6718 0.2539
vt 0.677 0.1937
vt 0.709 0.2099
vt 0.6969 0.1135
vt 0.5869 0.1143
vt 0.6692 0.1144
vt 0.5608 0.1138
vt 0.5869 0.0413
vt 0.6692 0.042
vt 0.5474 0.2187
vt 0.587 0.2639
vt 0.5916 0.2516
vt 0.5563 0.2112
vt 0.6768 0.2665
vt 0.6718 0.2539
vt 0.7185 0.2172
vt 0.709 0.2099
vt 0.7049 0.1092
vt 0.6969 0.1135
vt 0.5525 0.1095
vt 0.5608 0.1138
vt 0.6738 0.0294
vt 0.5817 0.0284
vt 0.5869 0.0413
vt 0.6692 0.042
vt 0.5474 0.2171
vt 0.587 0.2623
vt 0.6768 0.2649
vt 0.7185 0.2156
vt 0.7049 0.1077
vt 0.5525 0.108
vt 0.6738 0.0279
vt 0.5817 0.0268
vt 0.7715 0.0016
vt 0.7717 0.1102
vt 0.7717 0.1102
vt 0.8058 0.0016
vt 0.7717 0.1102
vt 0.7708 0.0016
vt 0.7717 0.1102
vt 0.7365 0.0016
vt 0.7717 0.1102
vt 0.7706 0.0017
vt 0.7708 0.1073
vt 0.7708 0.1073
vt 0.8071 0.0017
vt 0.7708 0.1073
vt 0.7699 0.0017
vt 0.7708 0.1073
vt 0.7334 0.0017
vt 0.7708 0.1073
vt 0.3905 0.5086
vt 0.3438 0.4588
vt 0.3024 0.5098
vt 0.4021 0.4529
vt 0.4432 0.5322
vt 0.291 0.4757
vt 0.2739 0.5234
vt 0.352 0.4554
vt 0.3445 0.4033
vt 0.4072 0.4035
vt 0.2976 0.4076
vt 0.3476 0.4035
vt 0.3446 0.3522
vt 0.3943 0.3614
vt 0.3058 0.3423
vt 0.3567 0.3533
vt 0.421 0.3464
vt 0.3805 0.3059
vt 0.3441 0.3061
vt 0.2928 0.307
vt 0.351 0.3056
vt 0.3895 0.5814
vt 0.3027 0.5802
vt 0.3895 0.6091
vt 0.3027 0.606
vt 0.4961 0.4114
vt 0.5826 0.4142
vt 0.5839 0.4714
vt 0.4789 0.4907
vt 0.6644 0.4142
vt 0.6654 0.4692
vt 0.7202 0.4679
vt 0.7139 0.3034
vt 0.7774 0.4706
vt 0.8073 0.3913
vt 0.466 0.3674
vt 0.5449 0.3149
vt 0.6658 0.3112
vt 0.5839 0.4714
vt 0.5826 0.4142
vt 0.6654 0.4692
vt 0.6644 0.4142
vt 0.7202 0.4679
vt 0.7139 0.3034
vt 0.5449 0.3149
vt 0.6658 0.3112
vt 0.4441 0.2448
vt 0.431 0.3329
vt 0.4441 0.2448
vt 0.2809 0.19
vt 0.3592 0.1767
vt 0.3592 0.1767
vt 0.8012 0.2221
vt 0.8773 0.3045
vt 0.8012 0.2221
vt 0.9709 0.1559
vt 0.8875 0.1108
vt 0.8875 0.1108
vt 0.6446 0.5045
vt 0.383 0.0054
vt 0.4432 0.1683
vt 0.4432 0.1683
vt 0.4432 0.0054
vt 0.4432 0.1683
vt 0.5035 0.0054
vt 0.4432 0.1683
vt 0.4432 0.0054
vt 0.4432 0.1683
vt 0.383 0.0054
vt 0.4432 0.1683
vt 0.4432 0.1683
vt 0.4432 0.0054
vt 0.4432 0.1683
vt 0.5035 0.0054
vt 0.4432 0.1683
vt 0.4432 0.0054
vt 0.4432 0.1683
vt 0.383 0.0054
vt 0.4432 0.1683
vt 0.4432 0.1683
vt 0.4432 0.0054
vt 0.4432 0.1683
vt 0.5035 0.0054
vt 0.4432 0.1683
vt 0.4432 0.0054
vt 0.4432 0.1683
vt 0.383 0.0054
vt 0.4432 0.1683
vt 0.4432 0.1683
vt 0.4432 0.0054
vt 0.4432 0.1683
vt 0.5035 0.0054
vt 0.4432 0.1683
vt 0.4432 0.0054
vt 0.4432 0.1683
vt 0.6188 0.6542
vt 0.6199 0.5408
vt 0.688 0.5349
vt 0.7011 0.6422
vt 0.7706 0.541
vt 0.7805 0.6381
vt 0.5418 0.5459
vt 0.4534 0.6848
vt 0.4646 0.5266
vt 0.5342 0.6632
vt 0.6188 0.6542
vt 0.688 0.5349
vt 0.6199 0.5408
vt 0.7011 0.6422
vt 0.5418 0.5459
vt 0.5342 0.6632
vt 0.316 0.7469
vt 0.316 0.8135
vt 0.2488 0.7736
vt 0.2647 0.6981
vt 0.316 0.66
vt 0.3673 0.6981
vt 0.3832 0.7736
vt 0.316 0.8415
vt 0.2228 0.7867
vt 0.2449 0.6787
vt 0.316 0.6385
vt 0.3871 0.6787
vt 0.4091 0.7867
vt 0.383 0.0054
vt 0.4432 0.1683
vt 0.4432 0.1683
vt 0.4432 0.0054
vt 0.4432 0.1683
vt 0.5035 0.0054
vt 0.4432 0.1683
vt 0.4432 0.0054
vt 0.4432 0.1683
vt 0.383 0.0054
vt 0.4432 0.1683
vt 0.4432 0.1683
vt 0.4432 0.0054
vt 0.4432 0.1683
vt 0.5035 0.0054
vt 0.4432 0.1683
vt 0.4432 0.0054
vt 0.4432 0.1683
vt 0.383 0.0054
vt 0.4432 0.1683
vt 0.4432 0.1683
vt 0.4432 0.0054
vt 0.4432 0.1683
vt 0.5035 0.0054
vt 0.4432 0.1683
vt 0.4432 0.0054
vt 0.4432 0.1683
vt 0.383 0.0054
vt 0.4432 0.1683
vt 0.4432 0.1683
vt 0.4432 0.0054
vt 0.4432 0.1683
vt 0.5035 0.0054
vt 0.4432 0.1683
vt 0.4432 0.0054
vt 0.4432 0.1683
vt 0.383 0.0054
vt 0.4432 0.1683
vt 0.4432 0.1683
vt 0.4432 0.0054
vt 0.4432 0.1683
vt 0.5035 0.0054
vt 0.4432 0.1683
vt 0.4432 0.0054
vt 0.4432 0.1683
vt 0.383 0.0054
vt 0.4432 0.1683
vt 0.4432 0.1683
vt 0.4432 0.0054
vt 0.4432 0.1683
vt 0.5035 0.0054
vt 0.4432 0.1683
vt 0.4432 0.0054
vt 0.4432 0.1683
vt 0.383 0.0054
vt 0.4432 0.1683
vt 0.4432 0.1683
vt 0.4432 0.0054
vt 0.4432 0.1683
vt 0.5035 0.0054
vt 0.4432 0.1683
vt 0.4432 0.0054
vt 0.4432 0.1683
vt 0.383 0.0054
vt 0.4432 0.1683
vt 0.4432 0.1683
vt 0.4432 0.0054
vt 0.4432 0.1683
vt 0.5035 0.0054
vt 0.4432 0.1683
vt 0.4432 0.0054
vt 0.4432 0.1683
vt 0.383 0.0054
vt 0.4432 0.1683
vt 0.4432 0.1683
vt 0.4432 0.0054
vt 0.4432 0.1683
vt 0.5035 0.0054
vt 0.4432 0.1683
vt 0.4432 0.0054
vt 0.4432 0.1683
vt 0.383 0.0054
vt 0.4432 0.1683
vt 0.4432 0.1683
vt 0.4432 0.0054
vt 0.4432 0.1683
vt 0.5035 0.0054
vt 0.4432 0.1683
vt 0.4432 0.0054
vt 0.4432 0.1683
vt 0.383 0.0054
vt 0.4432 0.1683
vt 0.4432 0.1683
vt 0.4432 0.0054
vt 0.4432 0.1683
vt 0.5035 0.0054
vt 0.4432 0.1683
vt 0.4432 0.0054
vt 0.4432 0.1683
vt 0.383 0.0054
vt 0.4432 0.1683
vt 0.4432 0.1683
vt 0.4432 0.0054
vt 0.4432 0.1683
vt 0.5035 0.0054
vt 0.4432 0.1683
vt 0.4432 0.0054
vt 0.4432 0.1683
vt 0.383 0.0054
vt 0.4432 0.1683
vt 0.4432 0.1683
vt 0.4432 0.0054
vt 0.4432 0.1683
vt 0.5035 0.0054
vt 0.4432 0.1683
vt 0.4432 0.0054
vt 0.4432 0.1683
vt 0.383 0.0054
vt 0.4432 0.1683
vt 0.4432 0.1683
vt 0.4432 0.0054
vt 0.4432 0.1683
vt 0.5035 0.0054
vt 0.4432 0.1683
vt 0.4432 0.0054
vt 0.4432 0.1683
vt 0.383 0.0054
vt 0.4432 0.1683
vt 0.4432 0.1683
vt 0.4432 0.0054
vt 0.4432 0.1683
vt 0.5035 0.0054
vt 0.4432 0.1683
vt 0.4432 0.0054
vt 0.4432 0.1683
vt 0.383 0.0054
vt 0.4432 0.1683
vt 0.4432 0.1683
vt 0.4432 0.0054
vt 0.4432 0.1683
vt 0.5035 0.0054
vt 0.4432 0.1683
vt 0.4432 0.0054
vt 0.4432 0.1683
vt 0.383 0.0054
vt 0.4432 0.1683
vt 0.4432 0.1683
vt 0.4432 0.0054
vt 0.4432 0.1683
vt 0.5035 0.0054
vt 0.4432 0.1683
vt 0.4432 0.0054
vt 0.4432 0.1683
vt 0.383 0.0054
vt 0.4432 0.1683
vt 0.4432 0.1683
vt 0.4432 0.0054
vt 0.4432 0.1683
vt 0.5035 0.0054
vt 0.4432 0.1683
vt 0.4432 0.0054
vt 0.4432 0.1683
vt 0.1155 0.2782
vt 0.0923 0.2782
vt 0.0923 0.26
vt 0.1851 0.26
vt 0.2082 0.26
vt 0.2082 0.2782
vt 0.1851 0.26
vt 0.1155 0.26
vt 0.1155 0.2782
vt 0.1851 0.2782
vt 0.0254 0.1583
vt 0.1023 0.1485
vt 0.1023 0.2298
vt 0.049 0.2298
vt 0.1983 0.2298
vt 0.2687 0.1583
vt 0.2462 0.2298
vt 0.1983 0.1485
vt 0.5584 0.558
vt 0.5584 0.5035
vt 0.5322 0.5035
vt 0.5322 0.558
vt 0.0254 0.0929
vt 0.1023 0.0831
vt 0.2687 0.0929
vt 0.1983 0.0831
vt 0.5878 0.558
vt 0.5878 0.5035
vt 0.1086 0.0299
vt 0.055 0.0299
vt 0.192 0.0299
vt 0.2455 0.0299
vt 0.6104 0.5545
vt 0.6104 0.5071
vt 0.1503 0.0059
vt 0.6331 0.5308
vt 0.1155 0.2782
vt 0.0923 0.2782
vt 0.0923 0.26
vt 0.1851 0.26
vt 0.1155 0.26
vt 0.1155 0.2782
vt 0.1851 0.2782
vt 0.0254 0.1583
vt 0.1023 0.1485
vt 0.1023 0.2298
vt 0.049 0.2298
vt 0.1983 0.2298
vt 0.2687 0.1583
vt 0.2462 0.2298
vt 0.1983 0.1485
vt 0.5322 0.558
vt 0.5584 0.5035
vt 0.5322 0.5035
vt 0.5584 0.558
vt 0.0254 0.0929
vt 0.1023 0.0831
vt 0.2687 0.0929
vt 0.1983 0.0831
vt 0.5878 0.5035
vt 0.5878 0.558
vt 0.1086 0.0299
vt 0.055 0.0299
vt 0.192 0.0299
vt 0.2455 0.0299
vt 0.6104 0.5071
vt 0.6104 0.5545
vt 0.1503 0.0059
vt 0.6331 0.5308
vt 0.1851 0.2782
vt 0.2082 0.26
vt 0.2082 0.2782
vt 0.1851 0.2782
vt 0.1155 0.26
vt 0.1155 0.2782
vt 0.1851 0.26
vt 0.0254 0.1583
vt 0.1023 0.1485
vt 0.1023 0.2298
vt 0.049 0.2298
vt 0.1983 0.2298
vt 0.2687 0.1583
vt 0.2462 0.2298
vt 0.1983 0.1485
vt 0.5584 0.558
vt 0.5584 0.5035
vt 0.5322 0.5035
vt 0.5322 0.558
vt 0.0254 0.0929
vt 0.1023 0.0831
vt 0.2687 0.0929
vt 0.1983 0.0831
vt 0.5878 0.558
vt 0.5878 0.5035
vt 0.1086 0.0299
vt 0.055 0.0299
vt 0.192 0.0299
vt 0.2455 0.0299
vt 0.6104 0.5545
vt 0.6104 0.5071
vt 0.1503 0.0059
vt 0.6331 0.5308
vt 0.1851 0.2782
vt 0.2077 0.301
vt 0.265 0.301
vt 0.2082 0.2782
vt 0.265 0.301
vt 0.2203 0.4116
vt 0.281 0.4097
vt 0.2077 0.301
vt 0.1989 0.5524
vt 0.2475 0.5524
vt 0.1989 0.5524
vt 0.1782 0.5808
vt 0.2062 0.5808
vt 0.2475 0.5524
vt 0.0498 0.301
vt 0.1155 0.2782
vt 0.0929 0.301
vt 0.0923 0.2782
vt 0.0498 0.301
vt 0.0929 0.301
vt 0.0803 0.4116
vt 0.0301 0.4116
vt 0.1017 0.5524
vt 0.0618 0.5524
vt 0.0618 0.5524
vt 0.1017 0.5524
vt 0.1223 0.5808
vt 0.0944 0.5808
vt 0.1851 0.2782
vt 0.2077 0.301
vt 0.2203 0.4116
vt 0.2077 0.301
vt 0.1989 0.5524
vt 0.1782 0.5808
vt 0.1989 0.5524
vt 0.2062 0.5808
vt 0.1782 0.5808
vt 0.1223 0.5808
vt 0.1223 0.5808
vt 0.1782 0.5808
vt 0.0944 0.5808
vt 0.1017 0.5524
vt 0.1223 0.5808
vt 0.0803 0.4116
vt 0.1017 0.5524
vt 0.0929 0.301
vt 0.1155 0.2782
vt 0.0929 0.301
vt 0.2082 0.26
vt 0.1851 0.26
vt 0.1851 0.2782
vt 0.2082 0.2782
vt 0.0923 0.26
vt 0.1155 0.26
vt 0.1155 0.2782
vt 0.0923 0.2782
vt 0.1851 0.2782
vt 0.1155 0.26
vt 0.1155 0.2782
vt 0.1155 0.2782
vt 0.0923 0.26
vt 0.0923 0.2782
vt 0.1851 0.26
vt 0.2082 0.2782
vt 0.2082 0.26
vt 0.1851 0.26
vt 0.1155 0.2782
vt 0.1155 0.26
vt 0.1851 0.2782
vt 0.0254 0.1583
vt 0.1023 0.2298
vt 0.1023 0.1485
vt 0.049 0.2298
vt 0.1983 0.2298
vt 0.2462 0.2298
vt 0.2687 0.1583
vt 0.1983 0.1485
vt 0.5584 0.558
vt 0.5322 0.5035
vt 0.5584 0.5035
vt 0.5322 0.558
vt 0.0254 0.0929
vt 0.1023 0.0831
vt 0.2687 0.0929
vt 0.1983 0.0831
vt 0.5878 0.558
vt 0.5878 0.5035
vt 0.1086 0.0299
vt 0.055 0.0299
vt 0.192 0.0299
vt 0.2455 0.0299
vt 0.6104 0.5545
vt 0.6104 0.5071
vt 0.1503 0.0059
vt 0.6331 0.5308
vt 0.1155 0.2782
vt 0.0923 0.26
vt 0.0923 0.2782
vt 0.1851 0.26
vt 0.1155 0.2782
vt 0.1155 0.26
vt 0.1851 0.2782
vt 0.0254 0.1583
vt 0.1023 0.2298
vt 0.1023 0.1485
vt 0.049 0.2298
vt 0.1983 0.2298
vt 0.2462 0.2298
vt 0.2687 0.1583
vt 0.1983 0.1485
vt 0.5322 0.558
vt 0.5322 0.5035
vt 0.5584 0.5035
vt 0.5584 0.558
vt 0.0254 0.0929
vt 0.1023 0.0831
vt 0.2687 0.0929
vt 0.1983 0.0831
vt 0.5878 0.5035
vt 0.5878 0.558
vt 0.1086 0.0299
vt 0.055 0.0299
vt 0.192 0.0299
vt 0.2455 0.0299
vt 0.6104 0.5071
vt 0.6104 0.5545
vt 0.1503 0.0059
vt 0.6331 0.5308
vt 0.1851 0.2782
vt 0.2082 0.2782
vt 0.2082 0.26
vt 0.1851 0.2782
vt 0.1155 0.2782
vt 0.1155 0.26
vt 0.1851 0.26
vt 0.0254 0.1583
vt 0.1023 0.2298
vt 0.1023 0.1485
vt 0.049 0.2298
vt 0.1983 0.2298
vt 0.2462 0.2298
vt 0.2687 0.1583
vt 0.1983 0.1485
vt 0.5584 0.558
vt 0.5322 0.5035
vt 0.5584 0.5035
vt 0.5322 0.558
vt 0.0254 0.0929
vt 0.1023 0.0831
vt 0.2687 0.0929
vt 0.1983 0.0831
vt 0.5878 0.558
vt 0.5878 0.5035
vt 0.1086 0.0299
vt 0.055 0.0299
vt 0.192 0.0299
vt 0.2455 0.0299
vt 0.6104 0.5545
vt 0.6104 0.5071
vt 0.1503 0.0059
vt 0.6331 0.5308
vt 0.1851 0.2782
vt 0.265 0.301
vt 0.2077 0.301
vt 0.2082 0.2782
vt 0.265 0.301
vt 0.281 0.4097
vt 0.2203 0.4116
vt 0.2077 0.301
vt 0.2475 0.5524
vt 0.1989 0.5524
vt 0.1989 0.5524
vt 0.2062 0.5808
vt 0.1782 0.5808
vt 0.2475 0.5524
vt 0.0498 0.301
vt 0.0929 0.301
vt 0.1155 0.2782
vt 0.0923 0.2782
vt 0.0498 0.301
vt 0.0803 0.4116
vt 0.0929 0.301
vt 0.0301 0.4116
vt 0.1017 0.5524
vt 0.0618 0.5524
vt 0.0618 0.5524
vt 0.1223 0.5808
vt 0.1017 0.5524
vt 0.0944 0.5808
vt 0.1851 0.2782
vt 0.2077 0.301
vt 0.2203 0.4116
vt 0.2077 0.301
vt 0.1989 0.5524
vt 0.1782 0.5808
vt 0.1989 0.5524
vt 0.2062 0.5808
vt 0.1223 0.5808
vt 0.1782 0.5808
vt 0.1223 0.5808
vt 0.1782 0.5808
vt 0.0944 0.5808
vt 0.1017 0.5524
vt 0.1223 0.5808
vt 0.0803 0.4116
vt 0.1017 0.5524
vt 0.0929 0.301
vt 0.1155 0.2782
vt 0.0929 0.301
vt 0.2082 0.26
vt 0.1851 0.2782
vt 0.1851 0.26
vt 0.2082 0.2782
vt 0.0923 0.26
vt 0.1155 0.2782
vt 0.1155 0.26
vt 0.0923 0.2782
vt 0.1851 0.2782
vt 0.1155 0.2782
vt 0.1155 0.26
vt 0.5866 0.7856
vt 0.6605 0.7782
vt 0.6834 0.8156
vt 0.5866 0.7856
vt 0.6834 0.8156
vt 0.6479 0.8993
vt 0.5866 0.7856
vt 0.6479 0.8993
vt 0.5722 0.8833
vt 0.5866 0.7856
vt 0.5722 0.8833
vt 0.5793 0.8409
vt 0.6605 0.7782
vt 0.5866 0.7856
vt 0.5793 0.8409
vt 0.6605 0.7782
vt 0.5793 0.8409
vt 0.5722 0.8833
vt 0.6605 0.7782
vt 0.5722 0.8833
vt 0.6479 0.8993
vt 0.6605 0.7782
vt 0.6479 0.8993
vt 0.6834 0.8156
f 1/1/1 3/3/3 2/2/2
f 3/3/3 1/1/1 4/4/4
f 5/5/5 2/2/2 6/6/6
f 2/2/2 5/5/5 1/1/1
f 6/6/6 2/2/2 7/7/7
f 5/5/5 6/6/6 8/8/8
f 8/8/8 9/9/9 5/5/5
f 8/8/8 7/7/7 10/10/10
f 7/7/7 8/8/8 6/6/6
f 9/9/9 8/8/8 11/11/11
f 10/10/10 12/12/12 8/8/8
f 2/2/2 3/3/3 13/13/13
f 13/13/13 7/7/7 2/2/2
f 7/7/7 13/13/13 14/14/14
f 14/14/14 10/10/10 7/7/7
f 1/1/1 15/15/15 4/4/4
f 16/16/16 4/4/4 15/15/15
f 17/17/17 15/15/15 1/1/1
f 1/1/1 5/5/5 17/17/17
f 9/9/9 17/17/17 5/5/5
f 18/18/18 20/20/20 19/19/19
f 21/21/21 15/15/15 22/22/22
f 17/17/17 22/22/22 15/15/15
f 22/22/22 17/17/17 23/23/23
f 9/9/9 23/23/23 17/17/17
f 23/23/23 9/9/9 24/24/24
f 22/22/22 25/25/25 21/21/21
f 25/25/25 22/22/22 26/26/26
f 23/23/23 26/26/26 22/22/22
f 27/27/27 11/11/11 12/12/12
f 11/11/11 8/8/8 12/12/12
f 10/10/10 14/14/14 12/12/12
f 28/28/28 29/29/29 3/3/3
f 3/3/3 4/4/4 28/28/28
f 30/30/30 31/31/31 29/29/29
f 29/29/29 28/28/28 30/30/30
f 31/31/31 32/32/32 29/29/29
f 30/30/30 33/33/33 31/31/31
f 33/33/33 30/30/30 34/34/34
f 33/33/33 35/35/35 32/32/32
f 32/32/32 31/31/31 33/33/33
f 34/34/34 36/36/36 33/33/33
f 35/35/35 33/33/33 12/12/12
f 29/29/29 13/13/13 3/3/3
f 13/13/13 29/29/29 32/32/32
f 32/32/32 14/14/14 13/13/13
f 14/14/14 32/32/32 35/35/35
f 28/28/28 4/4/4 37/37/37
f 16/16/16 37/37/37 4/4/4
f 38/38/38 28/28/28 37/37/37
f 28/28/28 38/38/38 30/30/30
f 34/34/34 30/30/30 38/38/38
f 39/39/39 41/41/41 40/40/40
f 21/21/21 42/42/42 37/37/37
f 38/38/38 37/37/37 42/42/42
f 42/42/42 43/43/43 38/38/38
f 34/34/34 38/38/38 43/43/43
f 43/43/43 44/44/44 34/34/34
f 42/42/42 21/21/21 25/25/25
f 25/25/25 45/45/45 42/42/42
f 43/43/43 42/42/42 45/45/45
f 27/27/27 12/12/12 36/36/36
f 36/36/36 12/12/12 33/33/33
f 35/35/35 12/12/12 14/14/14
f 46/46/46 48/48/48 47/47/47
f 49/49/49 47/47/47 48/48/48
f 48/48/48 50/50/50 49/49/49
f 51/51/51 49/49/49 50/50/50
f 50/50/50 52/52/52 51/51/51
f 53/53/53 51/51/51 52/52/52
f 52/52/52 54/54/54 53/53/53
f 55/55/55 53/53/53 54/54/54
f 56/56/56 58/58/58 57/57/57
f 59/59/59 60/60/60 56/56/56
f 61/61/61 56/56/56 60/60/60
f 62/62/62 63/63/63 59/59/59
f 60/60/60 59/59/59 63/63/63
f 62/62/62 65/65/65 64/64/64
f 63/63/63 62/62/62 64/64/64
f 66/66/66 58/58/58 56/56/56
f 64/64/64 67/67/67 63/63/63
f 61/61/61 69/69/69 68/68/68
f 68/68/68 70/70/70 66/66/66
f 56/56/56 61/61/61 66/66/66
f 68/68/68 66/66/66 61/61/61
f 69/69/69 61/61/61 71/71/71
f 72/72/72 67/67/67 73/73/73
f 64/64/64 73/73/73 67/67/67
f 73/73/73 65/65/65 74/74/74
f 65/65/65 73/73/73 64/64/64
f 75/75/75 77/77/77 76/76/76
f 77/77/77 75/75/75 78/78/78
f 77/77/77 80/80/80 79/79/79
f 79/79/79 76/76/76 77/77/77
f 71/71/71 82/82/82 81/81/81
f 83/83/83 79/79/79 80/80/80
f 71/71/71 72/72/72 82/82/82
f 81/81/81 84/84/84 71/71/71
f 72/72/72 73/73/73 85/85/85
f 85/85/85 82/82/82 72/72/72
f 85/85/85 73/73/73 86/86/86
f 73/73/73 74/74/74 86/86/86
f 57/57/57 58/58/58 87/87/87
f 56/56/56 57/57/57 59/59/59
f 88/88/88 62/62/62 59/59/59
f 59/59/59 57/57/57 88/88/88
f 62/62/62 89/89/89 65/65/65
f 57/57/57 87/87/87 90/90/90
f 62/62/62 91/91/91 89/89/89
f 91/91/91 62/62/62 88/88/88
f 92/92/92 93/93/93 58/58/58
f 94/94/94 92/92/92 95/95/95
f 96/96/96 95/95/95 92/92/92
f 97/97/97 94/94/94 98/98/98
f 95/95/95 98/98/98 94/94/94
f 97/97/97 99/99/99 65/65/65
f 98/98/98 99/99/99 97/97/97
f 66/66/66 92/92/92 58/58/58
f 99/99/99 98/98/98 100/100/100
f 96/96/96 102/102/102 101/101/101
f 102/102/102 66/66/66 70/70/70
f 92/92/92 66/66/66 96/96/96
f 102/102/102 96/96/96 66/66/66
f 101/101/101 103/103/103 96/96/96
f 104/104/104 105/105/105 100/100/100
f 99/99/99 100/100/100 105/105/105
f 105/105/105 74/74/74 65/65/65
f 65/65/65 99/99/99 105/105/105
f 75/75/75 107/107/107 106/106/106
f 106/106/106 78/78/78 75/75/75
f 106/106/106 109/109/109 108/108/108
f 109/109/109 106/106/106 107/107/107
f 103/103/103 111/111/111 110/110/110
f 112/112/112 108/108/108 109/109/109
f 103/103/103 110/110/110 104/104/104
f 111/111/111 103/103/103 113/113/113
f 104/104/104 114/114/114 105/105/105
f 114/114/114 104/104/104 110/110/110
f 114/114/114 86/86/86 105/105/105
f 105/105/105 86/86/86 74/74/74
f 93/93/93 87/87/87 58/58/58
f 92/92/92 94/94/94 93/93/93
f 115/115/115 94/94/94 97/97/97
f 94/94/94 115/115/115 93/93/93
f 97/97/97 65/65/65 89/89/89
f 93/93/93 90/90/90 87/87/87
f 97/97/97 89/89/89 91/91/91
f 91/91/91 115/115/115 97/97/97
f 116/116/116 118/118/118 117/117/117
f 118/118/118 119/119/119 117/117/117
f 117/117/117 119/119/119 120/120/120
f 117/117/117 120/120/120 121/121/121
f 121/121/121 120/120/120 122/122/122
f 120/120/120 123/123/123 122/122/122
f 122/122/122 123/123/123 118/118/118
f 122/122/122 118/118/118 116/116/116
f 124/124/124 126/126/126 125/125/125
f 124/124/124 127/127/127 126/126/126
f 128/128/128 130/130/130 129/129/129
f 129/129/129 131/131/131 128/128/128
f 132/132/132 134/134/134 133/133/133
f 134/134/134 132/132/132 135/135/135
f 136/136/136 138/138/138 137/137/137
f 137/137/137 139/139/139 136/136/136
f 140/140/140 142/142/142 141/141/141
f 142/142/142 140/140/140 143/143/143
f 144/144/144 146/146/146 145/145/145
f 146/146/146 144/144/144 147/147/147
f 148/148/148 150/150/150 149/149/149
f 149/149/149 151/151/151 148/148/148
f 152/152/152 154/154/154 153/153/153
f 154/154/154 152/152/152 155/155/155
f 156/156/156 158/158/158 157/157/157
f 157/157/157 159/159/159 156/156/156
f 160/160/160 162/162/162 161/161/161
f 163/163/163 165/165/165 164/164/164
f 166/166/166 168/168/168 167/167/167
f 167/167/167 169/169/169 166/166/166
f 170/170/170 172/172/172 171/171/171
f 172/172/172 170/170/170 173/173/173
f 174/174/174 176/176/176 175/175/175
f 175/175/175 177/177/177 174/174/174
f 178/178/178 180/180/180 179/179/179
f 180/180/180 178/178/178 181/181/181
f 182/182/182 184/184/184 183/183/183
f 183/183/183 185/185/185 182/182/182
f 186/186/186 188/188/188 187/187/187
f 188/188/188 186/186/186 189/189/189
f 190/190/190 192/192/192 191/191/191
f 191/191/191 193/193/193 190/190/190
f 194/194/194 196/196/196 195/195/195
f 195/195/195 196/196/196 197/197/197
f 196/196/196 198/198/198 197/197/197
f 196/196/196 199/199/199 198/198/198
f 199/199/199 200/200/200 198/198/198
f 198/198/198 200/200/200 201/201/201
f 200/200/200 195/195/195 201/201/201
f 200/200/200 194/194/194 195/195/195
f 202/202/202 204/204/204 203/203/203
f 202/202/202 203/203/203 205/205/205
f 206/206/206 208/208/208 207/207/207
f 208/208/208 206/206/206 209/209/209
f 210/210/210 212/212/212 211/211/211
f 211/211/211 213/213/213 210/210/210
f 214/214/214 216/216/216 215/215/215
f 217/217/217 219/219/219 218/218/218
f 220/220/220 222/222/222 221/221/221
f 223/223/223 225/225/225 224/224/224
f 226/226/226 228/228/228 227/227/227
f 229/229/229 231/231/231 230/230/230
f 232/232/232 234/234/234 233/233/233
f 235/235/235 237/237/237 236/236/236
f 238/238/238 240/240/240 239/239/239
f 239/239/239 241/241/241 238/238/238
f 242/242/242 244/244/244 243/243/243
f 244/244/244 242/242/242 245/245/245
f 246/246/246 248/248/248 247/247/247
f 247/247/247 249/249/249 246/246/246
f 250/250/250 252/252/252 251/251/251
f 252/252/252 250/250/250 253/253/253
f 254/254/254 256/256/256 255/255/255
f 255/255/255 257/257/257 254/254/254
f 258/258/258 260/260/260 259/259/259
f 260/260/260 258/258/258 261/261/261
f 262/262/262 264/264/264 263/263/263
f 265/265/265 267/267/267 266/266/266
f 268/268/268 270/270/270 269/269/269
f 271/271/271 273/273/273 272/272/272
f 274/274/274 276/276/276 275/275/275
f 275/275/275 277/277/277 274/274/274
f 278/278/278 280/280/280 279/279/279
f 280/280/280 278/278/278 281/281/281
f 282/282/282 284/284/284 283/283/283
f 285/285/285 284/284/284 282/282/282
f 282/282/282 286/286/286 285/285/285
f 284/284/284 287/287/287 283/283/283
f 288/288/288 283/283/283 287/287/287
f 289/289/289 285/285/285 286/286/286
f 289/289/289 288/288/288 287/287/287
f 290/290/290 285/285/285 291/291/291
f 285/285/285 290/290/290 284/284/284
f 287/287/287 284/284/284 290/290/290
f 290/290/290 292/292/292 287/287/287
f 285/285/285 289/289/289 293/293/293
f 293/293/293 291/291/291 285/285/285
f 293/293/293 287/287/287 292/292/292
f 287/287/287 293/293/293 289/289/289
f 294/294/294 291/291/291 295/295/295
f 291/291/291 294/294/294 290/290/290
f 292/292/292 290/290/290 296/296/296
f 294/294/294 296/296/296 290/290/290
f 291/291/291 293/293/293 297/297/297
f 297/297/297 295/295/295 291/291/291
f 293/293/293 292/292/292 296/296/296
f 296/296/296 297/297/297 293/293/293
f 294/294/294 295/295/295 298/298/298
f 297/297/297 298/298/298 295/295/295
f 294/294/294 298/298/298 299/299/299
f 299/299/299 300/300/300 294/294/294
f 301/301/301 294/294/294 300/300/300
f 294/294/294 301/301/301 296/296/296
f 298/298/298 297/297/297 299/299/299
f 302/302/302 299/299/299 297/297/297
f 297/297/297 296/296/296 301/301/301
f 301/301/301 302/302/302 297/297/297
f 303/303/303 283/283/283 304/304/304
f 283/283/283 303/303/303 282/282/282
f 286/286/286 282/282/282 303/303/303
f 288/288/288 304/304/304 283/283/283
f 305/305/305 304/304/304 306/306/306
f 304/304/304 305/305/305 303/303/303
f 286/286/286 303/303/303 305/305/305
f 288/288/288 306/306/306 304/304/304
f 288/288/288 289/289/289 286/286/286
f 307/307/307 309/309/309 308/308/308
f 310/310/310 311/311/311 307/307/307
f 309/309/309 307/307/307 311/311/311
f 311/311/311 310/310/310 312/312/312
f 312/312/312 313/313/313 311/311/311
f 311/311/311 314/314/314 309/309/309
f 314/314/314 311/311/311 315/315/315
f 309/309/309 316/316/316 308/308/308
f 316/316/316 309/309/309 314/314/314
f 313/313/313 315/315/315 311/311/311
f 317/317/317 315/315/315 318/318/318
f 315/315/315 317/317/317 314/314/314
f 316/316/316 314/314/314 317/317/317
f 313/313/313 318/318/318 315/315/315
f 319/319/319 321/321/321 320/320/320
f 320/320/320 322/322/322 319/319/319
f 321/321/321 324/324/324 323/323/323
f 323/323/323 320/320/320 321/321/321
f 324/324/324 326/326/326 325/325/325
f 325/325/325 323/323/323 324/324/324
f 326/326/326 328/328/328 327/327/327
f 327/327/327 325/325/325 326/326/326
f 329/329/329 319/319/319 322/322/322
f 322/322/322 330/330/330 329/329/329
f 331/331/331 333/333/333 332/332/332
f 332/332/332 334/334/334 331/331/331
f 333/333/333 329/329/329 330/330/330
f 330/330/330 332/332/332 333/333/333
f 328/328/328 331/331/331 334/334/334
f 334/334/334 327/327/327 328/328/328
f 335/335/335 336/336/336 321/321/321
f 321/321/321 319/319/319 335/335/335
f 336/336/336 337/337/337 324/324/324
f 324/324/324 321/321/321 336/336/336
f 337/337/337 338/338/338 326/326/326
f 326/326/326 324/324/324 337/337/337
f 338/338/338 339/339/339 328/328/328
f 328/328/328 326/326/326 338/338/338
f 340/340/340 335/335/335 319/319/319
f 319/319/319 329/329/329 340/340/340
f 341/341/341 342/342/342 333/333/333
f 333/333/333 331/331/331 341/341/341
f 342/342/342 340/340/340 329/329/329
f 329/329/329 333/333/333 342/342/342
f 339/339/339 341/341/341 331/331/331
f 331/331/331 328/328/328 339/339/339
f 343/343/343 345/345/345 344/344/344
f 343/343/343 344/344/344 346/346/346
f 346/346/346 344/344/344 347/347/347
f 346/346/346 347/347/347 348/348/348
f 348/348/348 347/347/347 349/349/349
f 348/348/348 349/349/349 350/350/350
f 350/350/350 349/349/349 345/345/345
f 350/350/350 345/345/345 343/343/343
f 351/351/351 344/344/344 345/345/345
f 351/351/351 347/347/347 344/344/344
f 351/351/351 349/349/349 347/347/347
f 351/351/351 345/345/345 349/349/349
f 352/352/352 354/354/354 353/353/353
f 352/352/352 353/353/353 355/355/355
f 355/355/355 353/353/353 356/356/356
f 355/355/355 356/356/356 357/357/357
f 357/357/357 356/356/356 358/358/358
f 357/357/357 358/358/358 359/359/359
f 359/359/359 358/358/358 354/354/354
f 359/359/359 354/354/354 352/352/352
f 360/360/360 353/353/353 354/354/354
f 360/360/360 356/356/356 353/353/353
f 360/360/360 358/358/358 356/356/356
f 360/360/360 354/354/354 358/358/358
f 361/361/361 363/363/363 362/362/362
f 364/364/364 361/361/361 365/365/365
f 362/362/362 365/365/365 361/361/361
f 365/365/365 366/366/366 364/364/364
f 366/366/366 365/365/365 367/367/367
f 365/365/365 362/362/362 368/368/368
f 368/368/368 369/369/369 365/365/365
f 362/362/362 363/363/363 370/370/370
f 370/370/370 368/368/368 362/362/362
f 367/367/367 365/365/365 369/369/369
f 371/371/371 372/372/372 369/369/369
f 369/369/369 368/368/368 371/371/371
f 370/370/370 371/371/371 368/368/368
f 367/367/367 369/369/369 372/372/372
f 373/373/373 375/375/375 374/374/374
f 375/375/375 373/373/373 376/376/376
f 374/374/374 378/378/378 377/377/377
f 378/378/378 374/374/374 375/375/375
f 377/377/377 380/380/380 379/379/379
f 380/380/380 377/377/377 378/378/378
f 379/379/379 382/382/382 381/381/381
f 382/382/382 379/379/379 380/380/380
f 383/383/383 376/376/376 373/373/373
f 376/376/376 383/383/383 384/384/384
f 385/385/385 387/387/387 386/386/386
f 387/387/387 385/385/385 388/388/388
f 386/386/386 384/384/384 383/383/383
f 384/384/384 386/386/386 387/387/387
f 381/381/381 388/388/388 385/385/385
f 388/388/388 381/381/381 382/382/382
f 389/389/389 374/374/374 390/390/390
f 374/374/374 389/389/389 373/373/373
f 390/390/390 377/377/377 391/391/391
f 377/377/377 390/390/390 374/374/374
f 391/391/391 379/379/379 392/392/392
f 379/379/379 391/391/391 377/377/377
f 392/392/392 381/381/381 393/393/393
f 381/381/381 392/392/392 379/379/379
f 394/394/394 373/373/373 389/389/389
f 373/373/373 394/394/394 383/383/383
f 395/395/395 386/386/386 396/396/396
f 386/386/386 395/395/395 385/385/385
f 396/396/396 383/383/383 394/394/394
f 383/383/383 396/396/396 386/386/386
f 393/393/393 385/385/385 395/395/395
f 385/385/385 393/393/393 381/381/381
f 397/397/397 399/399/399 398/398/398
f 397/397/397 400/400/400 399/399/399
f 400/400/400 401/401/401 399/399/399
f 400/400/400 402/402/402 401/401/401
f 402/402/402 403/403/403 401/401/401
f 402/402/402 404/404/404 403/403/403
f 404/404/404 398/398/398 403/403/403
f 404/404/404 397/397/397 398/398/398
f 405/405/405 398/398/398 399/399/399
f 405/405/405 399/399/399 401/401/401
f 405/405/405 401/401/401 403/403/403
f 405/405/405 403/403/403 398/398/398
f 406/406/406 408/408/408 407/407/407
f 406/406/406 409/409/409 408/408/408
f 409/409/409 410/410/410 408/408/408
f 409/409/409 411/411/411 410/410/410
f 411/411/411 412/412/412 410/410/410
f 411/411/411 413/413/413 412/412/412
f 413/413/413 407/407/407 412/412/412
f 413/413/413 406/406/406 407/407/407
f 414/414/414 407/407/407 408/408/408
f 414/414/414 408/408/408 410/410/410
f 414/414/414 410/410/410 412/412/412
f 414/414/414 412/412/412 407/407/407
f 415/415/415 417/417/417 416/416/416
f 418/418/418 415/415/415 416/416/416
f 415/415/415 418/418/418 419/419/419
f 416/416/416 417/417/417 420/420/420
f 421/421/421 420/420/420 417/417/417
f 422/422/422 419/419/419 418/418/418
f 422/422/422 420/420/420 421/421/421
f 423/423/423 424/424/424 418/418/418
f 418/418/418 416/416/416 423/423/423
f 420/420/420 423/423/423 416/416/416
f 423/423/423 420/420/420 425/425/425
f 418/418/418 426/426/426 422/422/422
f 426/426/426 418/418/418 424/424/424
f 426/426/426 425/425/425 420/420/420
f 420/420/420 422/422/422 426/426/426
f 427/427/427 428/428/428 424/424/424
f 424/424/424 423/423/423 427/427/427
f 425/425/425 429/429/429 423/423/423
f 427/427/427 423/423/423 429/429/429
f 424/424/424 430/430/430 426/426/426
f 430/430/430 424/424/424 428/428/428
f 426/426/426 429/429/429 425/425/425
f 429/429/429 426/426/426 430/430/430
f 427/427/427 431/431/431 428/428/428
f 430/430/430 428/428/428 431/431/431
f 427/427/427 432/432/432 431/431/431
f 432/432/432 427/427/427 433/433/433
f 434/434/434 433/433/433 427/427/427
f 427/427/427 429/429/429 434/434/434
f 431/431/431 432/432/432 430/430/430
f 435/435/435 430/430/430 432/432/432
f 430/430/430 434/434/434 429/429/429
f 434/434/434 430/430/430 435/435/435
f 436/436/436 437/437/437 417/417/417
f 417/417/417 415/415/415 436/436/436
f 419/419/419 436/436/436 415/415/415
f 421/421/421 417/417/417 437/437/437
f 438/438/438 439/439/439 437/437/437
f 437/437/437 436/436/436 438/438/438
f 419/419/419 438/438/438 436/436/436
f 421/421/421 437/437/437 439/439/439
f 421/421/421 419/419/419 422/422/422
f 440/440/440 442/442/442 441/441/441
f 442/442/442 440/440/440 443/443/443
f 441/441/441 445/445/445 444/444/444
f 445/445/445 441/441/441 442/442/442
f 445/445/445 446/446/446 444/444/444
f 447/447/447 444/444/444 446/446/446
f 448/448/448 449/449/449 446/446/446
f 450/450/450 441/441/441 451/451/451
f 441/441/441 450/450/450 440/440/440
f 451/451/451 444/444/444 452/452/452
f 444/444/444 451/451/451 441/441/441
f 446/446/446 449/449/449 447/447/447
f 447/447/447 452/452/452 444/444/444
f 440/440/440 454/454/454 453/453/453
f 453/453/453 443/443/443 440/440/440
f 454/454/454 456/456/456 455/455/455
f 455/455/455 453/453/453 454/454/454
f 456/456/456 457/457/457 455/455/455
f 457/457/457 458/458/458 449/449/449
f 448/448/448 457/457/457 449/449/449
f 450/450/450 454/454/454 440/440/440
f 454/454/454 450/450/450 459/459/459
f 459/459/459 460/460/460 456/456/456
f 456/456/456 454/454/454 459/459/459
f 460/460/460 458/458/458 456/456/456
f 457/457/457 456/456/456 458/458/458
f 461/461/461 462/462/462 450/450/450
f 450/450/450 451/451/451 461/461/461
f 450/450/450 463/463/463 459/459/459
f 463/463/463 450/450/450 462/462/462
f 461/461/461 464/464/464 462/462/462
f 464/464/464 461/461/461 465/465/465
f 464/464/464 466/466/466 463/463/463
f 463/463/463 462/462/462 464/464/464
f 449/449/449 467/467/467 447/447/447
f 467/467/467 449/449/449 468/468/468
f 469/469/469 468/468/468 449/449/449
f 449/449/449 458/458/458 469/469/469
f 470/470/470 471/471/471 467/467/467
f 467/467/467 468/468/468 470/470/470
f 469/469/469 470/470/470 468/468/468
f 470/470/470 469/469/469 472/472/472
f 443/443/443 473/473/473 442/442/442
f 442/442/442 473/473/473 445/445/445
f 445/445/445 473/473/473 446/446/446
f 446/446/446 473/473/473 448/448/448
f 443/443/443 453/453/453 473/473/473
f 455/455/455 473/473/473 453/453/453
f 457/457/457 473/473/473 455/455/455
f 448/448/448 473/473/473 457/457/457
f 474/474/474 476/476/476 475/475/475
f 474/474/474 475/475/475 477/477/477
f 477/477/477 475/475/475 478/478/478
f 477/477/477 478/478/478 479/479/479
f 479/479/479 478/478/478 480/480/480
f 479/479/479 480/480/480 481/481/481
f 481/481/481 480/480/480 476/476/476
f 481/481/481 476/476/476 474/474/474
f 482/482/482 475/475/475 476/476/476
f 482/482/482 478/478/478 475/475/475
f 482/482/482 480/480/480 478/478/478
f 482/482/482 476/476/476 480/480/480
f 483/483/483 485/485/485 484/484/484
f 483/483/483 484/484/484 486/486/486
f 486/486/486 484/484/484 487/487/487
f 486/486/486 487/487/487 488/488/488
f 488/488/488 487/487/487 489/489/489
f 488/488/488 489/489/489 490/490/490
f 490/490/490 489/489/489 485/485/485
f 490/490/490 485/485/485 483/483/483
f 491/491/491 484/484/484 485/485/485
f 491/491/491 487/487/487 484/484/484
f 491/491/491 489/489/489 487/487/487
f 491/491/491 485/485/485 489/489/489
f 492/492/492 494/494/494 493/493/493
f 492/492/492 495/495/495 494/494/494
f 495/495/495 496/496/496 494/494/494
f 495/495/495 497/497/497 496/496/496
f 497/497/497 498/498/498 496/496/496
f 497/497/497 499/499/499 498/498/498
f 499/499/499 493/493/493 498/498/498
f 499/499/499 492/492/492 493/493/493
f 500/500/500 493/493/493 494/494/494
f 500/500/500 494/494/494 496/496/496
f 500/500/500 496/496/496 498/498/498
f 500/500/500 498/498/498 493/493/493
f 501/501/501 503/503/503 502/502/502
f 501/501/501 504/504/504 503/503/503
f 504/504/504 505/505/505 503/503/503
f 504/504/504 506/506/506 505/505/505
f 506/506/506 507/507/507 505/505/505
f 506/506/506 508/508/508 507/507/507
f 508/508/508 502/502/502 507/507/507
f 508/508/508 501/501/501 502/502/502
f 509/509/509 502/502/502 503/503/503
f 509/509/509 503/503/503 505/505/505
f 509/509/509 505/505/505 507/507/507
f 509/509/509 507/507/507 502/502/502
f 510/510/510 512/512/512 511/511/511
f 510/510/510 513/513/513 512/512/512
f 512/512/512 513/513/513 514/514/514
f 515/515/515 514/514/514 513/513/513
f 516/516/516 518/518/518 517/517/517
f 516/516/516 519/519/519 511/511/511
f 510/510/510 511/511/511 519/519/519
f 519/519/519 516/516/516 517/517/517
f 520/520/520 522/522/522 521/521/521
f 520/520/520 521/521/521 523/523/523
f 521/521/521 514/514/514 523/523/523
f 515/515/515 523/523/523 514/514/514
f 524/524/524 517/517/517 518/518/518
f 524/524/524 522/522/522 525/525/525
f 520/520/520 525/525/525 522/522/522
f 525/525/525 517/517/517 524/524/524
f 526/526/526 528/528/528 527/527/527
f 526/526/526 529/529/529 528/528/528
f 526/526/526 530/530/530 529/529/529
f 526/526/526 531/531/531 530/530/530
f 526/526/526 532/532/532 531/531/531
f 526/526/526 527/527/527 532/532/532
f 527/527/527 534/534/534 533/533/533
f 527/527/527 528/528/528 534/534/534
f 528/528/528 535/535/535 534/534/534
f 528/528/528 529/529/529 535/535/535
f 529/529/529 536/536/536 535/535/535
f 529/529/529 530/530/530 536/536/536
f 530/530/530 537/537/537 536/536/536
f 530/530/530 531/531/531 537/537/537
f 531/531/531 538/538/538 537/537/537
f 531/531/531 532/532/532 538/538/538
f 532/532/532 533/533/533 538/538/538
f 532/532/532 527/527/527 533/533/533
f 539/539/539 541/541/541 540/540/540
f 539/539/539 542/542/542 541/541/541
f 542/542/542 543/543/543 541/541/541
f 542/542/542 544/544/544 543/543/543
f 544/544/544 545/545/545 543/543/543
f 544/544/544 546/546/546 545/545/545
f 546/546/546 540/540/540 545/545/545
f 546/546/546 539/539/539 540/540/540
f 547/547/547 540/540/540 541/541/541
f 547/547/547 541/541/541 543/543/543
f 547/547/547 543/543/543 545/545/545
f 547/547/547 545/545/545 540/540/540
f 548/548/548 550/550/550 549/549/549
f 548/548/548 551/551/551 550/550/550
f 551/551/551 552/552/552 550/550/550
f 551/551/551 553/553/553 552/552/552
f 553/553/553 554/554/554 552/552/552
f 553/553/553 555/555/555 554/554/554
f 555/555/555 549/549/549 554/554/554
f 555/555/555 548/548/548 549/549/549
f 556/556/556 549/549/549 550/550/550
f 556/556/556 550/550/550 552/552/552
f 556/556/556 552/552/552 554/554/554
f 556/556/556 554/554/554 549/549/549
f 557/557/557 559/559/559 558/558/558
f 557/557/557 560/560/560 559/559/559
f 560/560/560 561/561/561 559/559/559
f 560/560/560 562/562/562 561/561/561
f 562/562/562 563/563/563 561/561/561
f 562/562/562 564/564/564 563/563/563
f 564/564/564 558/558/558 563/563/563
f 564/564/564 557/557/557 558/558/558
f 565/565/565 558/558/558 559/559/559
f 565/565/565 559/559/559 561/561/561
f 565/565/565 561/561/561 563/563/563
f 565/565/565 563/563/563 558/558/558
f 566/566/566 568/568/568 567/567/567
f 566/566/566 569/569/569 568/568/568
f 569/569/569 570/570/570 568/568/568
f 569/569/569 571/571/571 570/570/570
f 571/571/571 572/572/572 570/570/570
f 571/571/571 573/573/573 572/572/572
f 573/573/573 567/567/567 572/572/572
f 573/573/573 566/566/566 567/567/567
f 574/574/574 567/567/567 568/568/568
f 574/574/574 568/568/568 570/570/570
f 574/574/574 570/570/570 572/572/572
f 574/574/574 572/572/572 567/567/567
f 575/575/575 577/577/577 576/576/576
f 575/575/575 578/578/578 577/577/577
f 578/578/578 579/579/579 577/577/577
f 578/578/578 580/580/580 579/579/579
f 580/580/580 581/581/581 579/579/579
f 580/580/580 582/582/582 581/581/581
f 582/582/582 576/576/576 581/581/581
f 582/582/582 575/575/575 576/576/576
f 583/583/583 576/576/576 577/577/577
f 583/583/583 577/577/577 579/579/579
f 583/583/583 579/579/579 581/581/581
f 583/583/583 581/581/581 576/576/576
f 584/584/584 586/586/586 585/585/585
f 584/584/584 587/587/587 586/586/586
f 587/587/587 588/588/588 586/586/586
f 587/587/587 589/589/589 588/588/588
f 589/589/589 590/590/590 588/588/588
f 589/589/589 591/591/591 590/590/590
f 591/591/591 585/585/585 590/590/590
f 591/591/591 584/584/584 585/585/585
f 592/592/592 585/585/585 586/586/586
f 592/592/592 586/586/586 588/588/588
f 592/592/592 588/588/588 590/590/590
f 592/592/592 590/590/590 585/585/585
f 593/593/593 595/595/595 594/594/594
f 593/593/593 596/596/596 595/595/595
f 596/596/596 597/597/597 595/595/595
f 596/596/596 598/598/598 597/597/597
f 598/598/598 599/599/599 597/597/597
f 598/598/598 600/600/600 599/599/599
f 600/600/600 594/594/594 599/599/599
f 600/600/600 593/593/593 594/594/594
f 601/601/601 594/594/594 595/595/595
f 601/601/601 595/595/595 597/597/597
f 601/601/601 597/597/597 599/599/599
f 601/601/601 599/599/599 594/594/594
f 602/602/602 604/604/604 603/603/603
f 602/602/602 605/605/605 604/604/604
f 605/605/605 606/606/606 604/604/604
f 605/605/605 607/607/607 606/606/606
f 607/607/607 608/608/608 606/606/606
f 607/607/607 609/609/609 608/608/608
f 609/609/609 603/603/603 608/608/608
f 609/609/609 602/602/602 603/603/603
f 610/610/610 603/603/603 604/604/604
f 610/610/610 604/604/604 606/606/606
f 610/610/610 606/606/606 608/608/608
f 610/610/610 608/608/608 603/603/603
f 611/611/611 613/613/613 612/612/612
f 611/611/611 614/614/614 613/613/613
f 614/614/614 615/615/615 613/613/613
f 614/614/614 616/616/616 615/615/615
f 616/616/616 617/617/617 615/615/615
f 616/616/616 618/618/618 617/617/617
f 618/618/618 612/612/612 617/617/617
f 618/618/618 611/611/611 612/612/612
f 619/619/619 612/612/612 613/613/613
f 619/619/619 613/613/613 615/615/615
f 619/619/619 615/615/615 617/617/617
f 619/619/619 617/617/617 612/612/612
f 620/620/620 622/622/622 621/621/621
f 620/620/620 621/621/621 623/623/623
f 623/623/623 621/621/621 624/624/624
f 623/623/623 624/624/624 625/625/625
f 625/625/625 624/624/624 626/626/626
f 625/625/625 626/626/626 627/627/627
f 627/627/627 626/626/626 622/622/622
f 627/627/627 622/622/622 620/620/620
f 628/628/628 621/621/621 622/622/622
f 628/628/628 624/624/624 621/621/621
f 628/628/628 626/626/626 624/624/624
f 628/628/628 622/622/622 626/626/626
f 629/629/629 631/631/631 630/630/630
f 629/629/629 630/630/630 632/632/632
f 632/632/632 630/630/630 633/633/633
f 632/632/632 633/633/633 634/634/634
f 634/634/634 633/633/633 635/635/635
f 634/634/634 635/635/635 636/636/636
f 636/636/636 635/635/635 631/631/631
f 636/636/636 631/631/631 629/629/629
f 637/637/637 630/630/630 631/631/631
f 637/637/637 633/633/633 630/630/630
f 637/637/637 635/635/635 633/633/633
f 637/637/637 631/631/631 635/635/635
f 638/638/638 640/640/640 639/639/639
f 638/638/638 639/639/639 641/641/641
f 641/641/641 639/639/639 642/642/642
f 641/641/641 642/642/642 643/643/643
f 643/643/643 642/642/642 644/644/644
f 643/643/643 644/644/644 645/645/645
f 645/645/645 644/644/644 640/640/640
f 645/645/645 640/640/640 638/638/638
f 646/646/646 639/639/639 640/640/640
f 646/646/646 642/642/642 639/639/639
f 646/646/646 644/644/644 642/642/642
f 646/646/646 640/640/640 644/644/644
f 647/647/647 649/649/649 648/648/648
f 647/647/647 648/648/648 650/650/650
f 650/650/650 648/648/648 651/651/651
f 650/650/650 651/651/651 652/652/652
f 652/652/652 651/651/651 653/653/653
f 652/652/652 653/653/653 654/654/654
f 654/654/654 653/653/653 649/649/649
f 654/654/654 649/649/649 647/647/647
f 655/655/655 648/648/648 649/649/649
f 655/655/655 651/651/651 648/648/648
f 655/655/655 653/653/653 651/651/651
f 655/655/655 649/649/649 653/653/653
f 656/656/656 658/658/658 657/657/657
f 656/656/656 657/657/657 659/659/659
f 659/659/659 657/657/657 660/660/660
f 659/659/659 660/660/660 661/661/661
f 661/661/661 660/660/660 662/662/662
f 661/661/661 662/662/662 663/663/663
f 663/663/663 662/662/662 658/658/658
f 663/663/663 658/658/658 656/656/656
f 664/664/664 657/657/657 658/658/658
f 664/664/664 660/660/660 657/657/657
f 664/664/664 662/662/662 660/660/660
f 664/664/664 658/658/658 662/662/662
f 665/665/665 667/667/667 666/666/666
f 665/665/665 666/666/666 668/668/668
f 668/668/668 666/666/666 669/669/669
f 668/668/668 669/669/669 670/670/670
f 670/670/670 669/669/669 671/671/671
f 670/670/670 671/671/671 672/672/672
f 672/672/672 671/671/671 667/667/667
f 672/672/672 667/667/667 665/665/665
f 673/673/673 666/666/666 667/667/667
f 673/673/673 669/669/669 666/666/666
f 673/673/673 671/671/671 669/669/669
f 673/673/673 667/667/667 671/671/671
f 674/674/674 676/676/676 675/675/675
f 674/674/674 675/675/675 677/677/677
f 677/677/677 675/675/675 678/678/678
f 677/677/677 678/678/678 679/679/679
f 679/679/679 678/678/678 680/680/680
f 679/679/679 680/680/680 681/681/681
f 681/681/681 680/680/680 676/676/676
f 681/681/681 676/676/676 674/674/674
f 682/682/682 675/675/675 676/676/676
f 682/682/682 678/678/678 675/675/675
f 682/682/682 680/680/680 678/678/678
f 682/682/682 676/676/676 680/680/680
f 683/683/683 685/685/685 684/684/684
f 683/683/683 684/684/684 686/686/686
f 686/686/686 684/684/684 687/687/687
f 686/686/686 687/687/687 688/688/688
f 688/688/688 687/687/687 689/689/689
f 688/688/688 689/689/689 690/690/690
f 690/690/690 689/689/689 685/685/685
f 690/690/690 685/685/685 683/683/683
f 691/691/691 684/684/684 685/685/685
f 691/691/691 687/687/687 684/684/684
f 691/691/691 689/689/689 687/687/687
f 691/691/691 685/685/685 689/689/689
f 692/692/692 694/694/694 693/693/693
f 692/692/692 693/693/693 695/695/695
f 695/695/695 693/693/693 696/696/696
f 695/695/695 696/696/696 697/697/697
f 697/697/697 696/696/696 698/698/698
f 697/697/697 698/698/698 699/699/699
f 699/699/699 698/698/698 694/694/694
f 699/699/699 694/694/694 692/692/692
f 700/700/700 693/693/693 694/694/694
f 700/700/700 696/696/696 693/693/693
f 700/700/700 698/698/698 696/696/696
f 700/700/700 694/694/694 698/698/698
f 701/701/701 703/703/703 702/702/702
f 704/704/704 706/706/706 705/705/705
f 707/707/707 709/709/709 708/708/708
f 709/709/709 707/707/707 710/710/710
f 711/711/711 713/713/713 712/712/712
f 713/713/713 711/711/711 714/714/714
f 715/715/715 717/717/717 716/716/716
f 716/716/716 718/718/718 715/715/715
f 712/712/712 715/715/715 718/718/718
f 715/715/715 712/712/712 713/713/713
f 719/719/719 721/721/721 720/720/720
f 721/721/721 719/719/719 722/722/722
f 723/723/723 712/712/712 724/724/724
f 712/712/712 723/723/723 711/711/711
f 718/718/718 716/716/716 725/725/725
f 725/725/725 726/726/726 718/718/718
f 724/724/724 718/718/718 726/726/726
f 718/718/718 724/724/724 712/712/712
f 727/727/727 720/720/720 728/728/728
f 720/720/720 727/727/727 719/719/719
f 723/723/723 724/724/724 729/729/729
f 729/729/729 730/730/730 723/723/723
f 731/731/731 725/725/725 732/732/732
f 725/725/725 731/731/731 726/726/726
f 729/729/729 726/726/726 731/731/731
f 726/726/726 729/729/729 724/724/724
f 733/733/733 728/728/728 734/734/734
f 728/728/728 733/733/733 727/727/727
f 729/729/729 735/735/735 730/730/730
f 732/732/732 735/735/735 731/731/731
f 731/731/731 735/735/735 729/729/729
f 734/734/734 736/736/736 733/733/733
f 737/737/737 739/739/739 738/738/738
f 740/740/740 742/742/742 741/741/741
f 742/742/742 740/740/740 743/743/743
f 744/744/744 746/746/746 745/745/745
f 746/746/746 744/744/744 747/747/747
f 748/748/748 750/750/750 749/749/749
f 749/749/749 751/751/751 748/748/748
f 746/746/746 748/748/748 751/751/751
f 751/751/751 745/745/745 746/746/746
f 752/752/752 754/754/754 753/753/753
f 753/753/753 755/755/755 752/752/752
f 756/756/756 745/745/745 757/757/757
f 745/745/745 756/756/756 744/744/744
f 751/751/751 749/749/749 758/758/758
f 758/758/758 759/759/759 751/751/751
f 757/757/757 751/751/751 759/759/759
f 751/751/751 757/757/757 745/745/745
f 755/755/755 753/753/753 760/760/760
f 760/760/760 761/761/761 755/755/755
f 756/756/756 757/757/757 762/762/762
f 762/762/762 763/763/763 756/756/756
f 764/764/764 758/758/758 765/765/765
f 758/758/758 764/764/764 759/759/759
f 762/762/762 759/759/759 764/764/764
f 759/759/759 762/762/762 757/757/757
f 761/761/761 760/760/760 766/766/766
f 766/766/766 767/767/767 761/761/761
f 762/762/762 768/768/768 763/763/763
f 765/765/765 768/768/768 764/764/764
f 764/764/764 768/768/768 762/762/762
f 766/766/766 769/769/769 767/767/767
f 770/770/770 772/772/772 771/771/771
f 773/773/773 775/775/775 774/774/774
f 774/774/774 776/776/776 773/773/773
f 777/777/777 779/779/779 778/778/778
f 779/779/779 777/777/777 780/780/780
f 781/781/781 783/783/783 782/782/782
f 782/782/782 784/784/784 781/781/781
f 778/778/778 781/781/781 784/784/784
f 781/781/781 778/778/778 779/779/779
f 785/785/785 787/787/787 786/786/786
f 787/787/787 785/785/785 788/788/788
f 789/789/789 778/778/778 790/790/790
f 778/778/778 789/789/789 777/777/777
f 784/784/784 782/782/782 791/791/791
f 791/791/791 792/792/792 784/784/784
f 778/778/778 784/784/784 792/792/792
f 792/792/792 790/790/790 778/778/778
f 793/793/793 786/786/786 794/794/794
f 786/786/786 793/793/793 785/785/785
f 789/789/789 790/790/790 795/795/795
f 795/795/795 796/796/796 789/789/789
f 797/797/797 791/791/791 798/798/798
f 791/791/791 797/797/797 792/792/792
f 790/790/790 792/792/792 797/797/797
f 797/797/797 795/795/795 790/790/790
f 799/799/799 794/794/794 800/800/800
f 794/794/794 799/799/799 793/793/793
f 795/795/795 801/801/801 796/796/796
f 798/798/798 801/801/801 797/797/797
f 797/797/797 801/801/801 795/795/795
f 800/800/800 802/802/802 799/799/799
f 803/803/803 805/805/805 804/804/804
f 805/805/805 803/803/803 806/806/806
f 807/807/807 809/809/809 808/808/808
f 808/808/808 810/810/810 807/807/807
f 809/809/809 812/812/812 811/811/811
f 811/811/811 808/808/808 809/809/809
f 813/813/813 815/815/815 814/814/814
f 815/815/815 813/813/813 816/816/816
f 817/817/817 819/819/819 818/818/818
f 818/818/818 820/820/820 817/817/817
f 821/821/821 823/823/823 822/822/822
f 823/823/823 821/821/821 824/824/824
f 824/824/824 825/825/825 823/823/823
f 825/825/825 824/824/824 826/826/826
f 827/827/827 829/829/829 828/828/828
f 829/829/829 827/827/827 830/830/830
f 831/831/831 832/832/832 805/805/805
f 805/805/805 806/806/806 831/831/831
f 807/807/807 833/833/833 809/809/809
f 833/833/833 807/807/807 834/834/834
f 809/809/809 835/835/835 812/812/812
f 835/835/835 809/809/809 833/833/833
f 816/816/816 836/836/836 815/815/815
f 836/836/836 816/816/816 837/837/837
f 831/831/831 819/819/819 832/832/832
f 819/819/819 831/831/831 818/818/818
f 834/834/834 823/823/823 833/833/833
f 823/823/823 834/834/834 822/822/822
f 833/833/833 825/825/825 835/835/835
f 825/825/825 833/833/833 823/823/823
f 837/837/837 829/829/829 836/836/836
f 829/829/829 837/837/837 828/828/828
f 838/838/838 840/840/840 839/839/839
f 841/841/841 839/839/839 840/840/840
f 840/840/840 838/838/838 842/842/842
f 840/840/840 843/843/843 841/841/841
f 814/814/814 844/844/844 813/813/813
f 844/844/844 814/814/814 845/845/845
f 811/811/811 846/846/846 808/808/808
f 846/846/846 811/811/811 847/847/847
f 808/808/808 848/848/848 810/810/810
f 848/848/848 808/808/808 846/846/846
f 804/804/804 849/849/849 803/803/803
f 849/849/849 804/804/804 850/850/850
f 845/845/845 827/827/827 844/844/844
f 827/827/827 845/845/845 830/830/830
f 847/847/847 824/824/824 846/846/846
f 824/824/824 847/847/847 826/826/826
f 846/846/846 821/821/821 848/848/848
f 821/821/821 846/846/846 824/824/824
f 817/817/817 820/820/820 849/849/849
f 849/849/849 850/850/850 817/817/817
f 851/851/851 853/853/853 852/852/852
f 853/853/853 851/851/851 854/854/854
f 855/855/855 857/857/857 856/856/856
f 857/857/857 855/855/855 858/858/858
f 704/704/704 854/854/854 851/851/851
f 854/854/854 704/704/704 859/859/859
f 856/856/856 859/859/859 704/704/704
f 859/859/859 856/856/856 857/857/857
f 852/852/852 861/861/861 860/860/860
f 861/861/861 852/852/852 853/853/853
f 861/861/861 858/858/858 855/855/855
f 855/855/855 860/860/860 861/861/861
f 862/862/862 864/864/864 863/863/863
f 865/865/865 867/867/867 866/866/866
f 868/868/868 870/870/870 869/869/869
f 869/869/869 871/871/871 868/868/868
f 872/872/872 874/874/874 873/873/873
f 873/873/873 875/875/875 872/872/872
f 876/876/876 878/878/878 877/877/877
f 878/878/878 876/876/876 879/879/879
f 874/874/874 879/879/879 876/876/876
f 876/876/876 873/873/873 874/874/874
f 880/880/880 882/882/882 881/881/881
f 881/881/881 883/883/883 880/880/880
f 884/884/884 885/885/885 874/874/874
f 874/874/874 872/872/872 884/884/884
f 879/879/879 886/886/886 878/878/878
f 886/886/886 879/879/879 887/887/887
f 885/885/885 887/887/887 879/879/879
f 879/879/879 874/874/874 885/885/885
f 888/888/888 889/889/889 882/882/882
f 882/882/882 880/880/880 888/888/888
f 884/884/884 890/890/890 885/885/885
f 890/890/890 884/884/884 891/891/891
f 892/892/892 893/893/893 886/886/886
f 886/886/886 887/887/887 892/892/892
f 890/890/890 892/892/892 887/887/887
f 887/887/887 885/885/885 890/890/890
f 894/894/894 895/895/895 889/889/889
f 889/889/889 888/888/888 894/894/894
f 890/890/890 891/891/891 896/896/896
f 893/893/893 892/892/892 896/896/896
f 892/892/892 890/890/890 896/896/896
f 895/895/895 894/894/894 897/897/897
f 898/898/898 900/900/900 899/899/899
f 901/901/901 903/903/903 902/902/902
f 902/902/902 904/904/904 901/901/901
f 905/905/905 907/907/907 906/906/906
f 906/906/906 908/908/908 905/905/905
f 909/909/909 911/911/911 910/910/910
f 911/911/911 909/909/909 912/912/912
f 906/906/906 912/912/912 909/909/909
f 912/912/912 906/906/906 907/907/907
f 913/913/913 915/915/915 914/914/914
f 915/915/915 913/913/913 916/916/916
f 917/917/917 918/918/918 907/907/907
f 907/907/907 905/905/905 917/917/917
f 912/912/912 919/919/919 911/911/911
f 919/919/919 912/912/912 920/920/920
f 918/918/918 920/920/920 912/912/912
f 912/912/912 907/907/907 918/918/918
f 916/916/916 921/921/921 915/915/915
f 921/921/921 916/916/916 922/922/922
f 917/917/917 923/923/923 918/918/918
f 923/923/923 917/917/917 924/924/924
f 925/925/925 926/926/926 919/919/919
f 919/919/919 920/920/920 925/925/925
f 923/923/923 925/925/925 920/920/920
f 920/920/920 918/918/918 923/923/923
f 922/922/922 927/927/927 921/921/921
f 927/927/927 922/922/922 928/928/928
f 923/923/923 924/924/924 929/929/929
f 926/926/926 925/925/925 929/929/929
f 925/925/925 923/923/923 929/929/929
f 927/927/927 928/928/928 930/930/930
f 931/931/931 933/933/933 932/932/932
f 934/934/934 936/936/936 935/935/935
f 936/936/936 934/934/934 937/937/937
f 938/938/938 940/940/940 939/939/939
f 939/939/939 941/941/941 938/938/938
f 942/942/942 944/944/944 943/943/943
f 944/944/944 942/942/942 945/945/945
f 940/940/940 945/945/945 942/942/942
f 942/942/942 939/939/939 940/940/940
f 946/946/946 948/948/948 947/947/947
f 947/947/947 949/949/949 946/946/946
f 950/950/950 951/951/951 940/940/940
f 940/940/940 938/938/938 950/950/950
f 945/945/945 952/952/952 944/944/944
f 952/952/952 945/945/945 953/953/953
f 940/940/940 953/953/953 945/945/945
f 953/953/953 940/940/940 951/951/951
f 954/954/954 955/955/955 948/948/948
f 948/948/948 946/946/946 954/954/954
f 950/950/950 956/956/956 951/951/951
f 956/956/956 950/950/950 957/957/957
f 958/958/958 959/959/959 952/952/952
f 952/952/952 953/953/953 958/958/958
f 951/951/951 958/958/958 953/953/953
f 958/958/958 951/951/951 956/956/956
f 960/960/960 961/961/961 955/955/955
f 955/955/955 954/954/954 960/960/960
f 956/956/956 957/957/957 962/962/962
f 959/959/959 958/958/958 962/962/962
f 958/958/958 956/956/956 962/962/962
f 961/961/961 960/960/960 963/963/963
f 964/964/964 966/966/966 965/965/965
f 965/965/965 967/967/967 964/964/964
f 968/968/968 970/970/970 969/969/969
f 970/970/970 968/968/968 971/971/971
f 969/969/969 973/973/973 972/972/972
f 973/973/973 969/969/969 970/970/970
f 974/974/974 976/976/976 975/975/975
f 975/975/975 977/977/977 974/974/974
f 978/978/978 980/980/980 979/979/979
f 980/980/980 978/978/978 981/981/981
f 982/982/982 984/984/984 983/983/983
f 983/983/983 985/985/985 982/982/982
f 985/985/985 983/983/983 986/986/986
f 986/986/986 987/987/987 985/985/985
f 988/988/988 990/990/990 989/989/989
f 989/989/989 991/991/991 988/988/988
f 992/992/992 965/965/965 993/993/993
f 965/965/965 992/992/992 967/967/967
f 968/968/968 969/969/969 994/994/994
f 994/994/994 995/995/995 968/968/968
f 969/969/969 972/972/972 996/996/996
f 996/996/996 994/994/994 969/969/969
f 977/977/977 975/975/975 997/997/997
f 997/997/997 998/998/998 977/977/977
f 992/992/992 993/993/993 979/979/979
f 979/979/979 980/980/980 992/992/992
f 995/995/995 994/994/994 983/983/983
f 983/983/983 984/984/984 995/995/995
f 994/994/994 996/996/996 986/986/986
f 986/986/986 983/983/983 994/994/994
f 998/998/998 997/997/997 989/989/989
f 989/989/989 990/990/990 998/998/998
f 999/999/999 1001/1001/1001 1000/1000/1000
f 1002/1002/1002 1000/1000/1000 1001/1001/1001
f 1000/1000/1000 1003/1003/1003 999/999/999
f 1000/1000/1000 1002/1002/1002 1004/1004/1004
f 976/976/976 974/974/974 1005/1005/1005
f 1005/1005/1005 1006/1006/1006 976/976/976
f 973/973/973 970/970/970 1007/1007/1007
f 1007/1007/1007 1008/1008/1008 973/973/973
f 970/970/970 971/971/971 1009/1009/1009
f 1009/1009/1009 1007/1007/1007 970/970/970
f 966/966/966 964/964/964 1010/1010/1010
f 1010/1010/1010 1011/1011/1011 966/966/966
f 1006/1006/1006 1005/1005/1005 988/988/988
f 988/988/988 991/991/991 1006/1006/1006
f 1008/1008/1008 1007/1007/1007 985/985/985
f 985/985/985 987/987/987 1008/1008/1008
f 1007/1007/1007 1009/1009/1009 982/982/982
f 982/982/982 985/985/985 1007/1007/1007
f 978/978/978 1010/1010/1010 981/981/981
f 1010/1010/1010 978/978/978 1011/1011/1011
f 1012/1012/1012 1014/1014/1014 1013/1013/1013
f 1013/1013/1013 1015/1015/1015 1012/1012/1012
f 1016/1016/1016 1018/1018/1018 1017/1017/1017
f 1017/1017/1017 1019/1019/1019 1016/1016/1016
f 865/865/865 1012/1012/1012 1015/1015/1015
f 1015/1015/1015 1020/1020/1020 865/865/865
f 1018/1018/1018 865/865/865 1020/1020/1020
f 1020/1020/1020 1017/1017/1017 1018/1018/1018
f 1014/1014/1014 1022/1022/1022 1021/1021/1021
f 1021/1021/1021 1013/1013/1013 1014/1014/1014
f 1021/1021/1021 1016/1016/1016 1019/1019/1019
f 1016/1016/1016 1021/1021/1021 1022/1022/1022
f 523/523/523 525/525/525 520/520/520
f 523/523/523 517/517/517 525/525/525
f 523/523/523 519/519/519 517/517/517
f 523/523/523 510/510/510 519/519/519
f 523/523/523 513/513/513 510/510/510
f 523/523/523 515/515/515 513/513/513
f 1023/1023/1023 1025/1025/1025 1024/1024/1024
f 1026/1026/1026 1028/1028/1028 1027/1027/1027
f 1029/1029/1029 1031/1031/1031 1030/1030/1030
f 1032/1032/1032 1034/1034/1034 1033/1033/1033
f 1035/1035/1035 1037/1037/1037 1036/1036/1036
f 1038/1038/1038 1040/1040/1040 1039/1039/1039
f 1041/1041/1041 1043/1043/1043 1042/1042/1042
f 1044/1044/1044 1046/1046/1046 1045/1045/1045

g w
# texture: w.jpg
v -11.15138 52.4163 2.641508
v -11.1514 52.41681 46.85331
v -11.1514 21.15389 33.90402
v -11.15139 8.204487 2.641525
v -11.15138 21.15389 -28.62098
v -11.15137 52.41639 -41.5703
v -11.15137 83.6788 -28.62101
v -11.15138 96.6282 2.641495
v -11.15139 83.6788 33.9039
v -16.68051 52.41601 53.88882
v -81.31952 52.41602 53.8888
v -81.3195 16.179 38.87882
v -16.6805 16.179 38.87883
v -81.3195 1.168991 2.668905
v -16.68049 1.168983 2.641521
v -16.68049 1.168983 2.641521
v -81.3195 1.168991 2.668905
v -81.31948 16.179 -33.5684
v -16.68048 16.17899 -33.59589
v -81.77959 52.4157 -48.60592
v -16.68046 52.41569 -48.6059
v -81.31949 88.65371 -33.56842
v -16.68047 88.6537 -33.59592
v -81.3195 103.6637 2.66888
v -16.68048 103.6637 2.641491
v -81.3195 88.65371 38.8788
v -16.68049 88.6537 38.8788
v -85.41949 52.41631 2.641495
v -85.4195 20.5416 34.51621
v -85.41952 52.41612 47.71921
v -85.4195 7.3386 2.668915
v -85.4194 20.5416 -29.20579
v -85.41938 52.4158 -42.40881
v -85.41939 84.29111 -29.20581
v -85.41949 97.49412 2.668888
v -85.4195 84.29111 34.5162
v -81.31952 52.41602 53.8888
v -85.4195 20.5416 34.51621
v -81.3195 16.179 38.87882
v -85.41952 52.41612 47.71921
v -81.3195 16.179 38.87882
v -85.4195 7.3386 2.668915
v -81.3195 1.168991 2.668905
v -85.4195 20.5416 34.51621
v -81.3195 1.168991 2.668905
v -85.4194 20.5416 -29.20579
v -81.31948 16.179 -33.5684
v -85.4195 7.3386 2.668915
v -81.31948 16.179 -33.5684
v -85.41938 52.4158 -42.40881
v -81.77959 52.4157 -48.60592
v -85.4194 20.5416 -29.20579
v -81.77959 52.4157 -48.60592
v -85.41939 84.29111 -29.20581
v -81.31949 88.65371 -33.56842
v -85.41938 52.4158 -42.40881
v -81.31949 88.65371 -33.56842
v -85.41949 97.49412 2.668888
v -81.3195 103.6637 2.66888
v -85.41939 84.29111 -29.20581
v -81.3195 103.6637 2.66888
v -85.4195 84.29111 34.5162
v -81.3195 88.65371 38.8788
v -85.41949 97.49412 2.668888
v -81.3195 88.65371 38.8788
v -85.41952 52.41612 47.71921
v -81.31952 52.41602 53.8888
v -85.4195 84.29111 34.5162
v -16.6805 16.179 38.87883
v -11.1514 52.41681 46.85331
v -16.68051 52.41601 53.88882
v -11.1514 21.15389 33.90402
v -16.68049 1.168983 2.641521
v -11.1514 21.15389 33.90402
v -16.6805 16.179 38.87883
v -11.15139 8.204487 2.641525
v -16.68048 16.17899 -33.59589
v -11.15139 8.204487 2.641525
v -16.68049 1.168983 2.641521
v -11.15138 21.15389 -28.62098
v -16.68046 52.41569 -48.6059
v -11.15138 21.15389 -28.62098
v -16.68048 16.17899 -33.59589
v -11.15137 52.41639 -41.5703
v -16.68047 88.6537 -33.59592
v -11.15137 52.41639 -41.5703
v -16.68046 52.41569 -48.6059
v -11.15137 83.6788 -28.62101
v -16.68048 103.6637 2.641491
v -11.15137 83.6788 -28.62101
v -16.68047 88.6537 -33.59592
v -11.15138 96.6282 2.641495
v -16.68049 88.6537 38.8788
v -11.15138 96.6282 2.641495
v -16.68048 103.6637 2.641491
v -11.15139 83.6788 33.9039
v -16.68051 52.41601 53.88882
v -11.15139 83.6788 33.9039
v -16.68049 88.6537 38.8788
v -11.1514 52.41681 46.85331
v -85.96817 53.00071 3.919006
v -80.58569 62.2031 19.85799
v -80.58569 71.40561 3.918999
v -80.58571 43.79831 19.85801
v -80.58569 34.59581 3.918999
v -80.58571 43.7983 -12.02009
v -80.58571 62.20322 -12.0201
v -72.54419 65.752 26.00481
v -72.54419 78.50331 3.918999
v -72.54419 40.24941 26.0048
v -72.54419 27.49819 3.918915
v -72.54419 40.24939 -18.16689
v -72.54417 65.752 -18.16689
v 11.15192 52.41629 2.641512
v 11.15191 21.15389 33.90392
v 11.15191 52.4168 46.85332
v 11.15191 8.204483 2.641525
v 11.15193 21.15388 -28.62098
v 11.15193 52.41648 -41.57029
v 11.15193 83.67879 -28.621
v 11.15192 96.6282 2.641495
v 11.15191 83.6788 33.90391
v 16.681 52.416 53.88882
v 81.32001 16.17898 38.87885
v 81.32001 52.41599 53.88883
v 16.68101 16.17899 38.87883
v 81.32003 1.168961 2.668934
v 16.68102 1.168983 2.641525
v 16.68102 1.168983 2.641525
v 81.32004 16.17897 -33.56837
v 81.32003 1.168961 2.668934
v 16.68103 16.17898 -33.59588
v 81.78024 52.41566 -48.60588
v 16.68104 52.41568 -48.6059
v 81.32005 88.65369 -33.5684
v 16.68104 88.65369 -33.59591
v 81.32004 103.6637 2.668905
v 16.68102 103.6637 2.641502
v 81.32002 88.65369 38.87881
v 16.68101 88.6537 38.87881
v 85.42003 52.41628 2.641521
v 85.42001 52.41608 47.71923
v 85.42001 20.54158 34.51624
v 85.42003 7.33857 2.668941
v 85.42004 20.54156 -29.20577
v 85.42004 52.41576 -42.40879
v 85.42004 84.29107 -29.20579
v 85.42003 97.49409 2.668911
v 85.42002 84.29109 34.51622
v 81.32001 52.41599 53.88883
v 81.32001 16.17898 38.87885
v 85.42001 20.54158 34.51624
v 85.42001 52.41608 47.71923
v 81.32001 16.17898 38.87885
v 81.32003 1.168961 2.668934
v 85.42003 7.33857 2.668941
v 85.42001 20.54158 34.51624
v 81.32003 1.168961 2.668934
v 81.32004 16.17897 -33.56837
v 85.42004 20.54156 -29.20577
v 85.42003 7.33857 2.668941
v 81.32004 16.17897 -33.56837
v 81.78024 52.41566 -48.60588
v 85.42004 52.41576 -42.40879
v 85.42004 20.54156 -29.20577
v 81.78024 52.41566 -48.60588
v 81.32005 88.65369 -33.5684
v 85.42004 84.29107 -29.20579
v 85.42004 52.41576 -42.40879
v 81.32005 88.65369 -33.5684
v 81.32004 103.6637 2.668905
v 85.42003 97.49409 2.668911
v 85.42004 84.29107 -29.20579
v 81.32004 103.6637 2.668905
v 81.32002 88.65369 38.87881
v 85.42002 84.29109 34.51622
v 85.42003 97.49409 2.668911
v 81.32002 88.65369 38.87881
v 81.32001 52.41599 53.88883
v 85.42001 52.41608 47.71923
v 85.42002 84.29109 34.51622
v 16.68101 16.17899 38.87883
v 16.681 52.416 53.88882
v 11.15191 52.4168 46.85332
v 11.15191 21.15389 33.90392
v 16.68102 1.168983 2.641525
v 16.68101 16.17899 38.87883
v 11.15191 21.15389 33.90392
v 11.15191 8.204483 2.641525
v 16.68103 16.17898 -33.59588
v 16.68102 1.168983 2.641525
v 11.15191 8.204483 2.641525
v 11.15193 21.15388 -28.62098
v 16.68104 52.41568 -48.6059
v 16.68103 16.17898 -33.59588
v 11.15193 21.15388 -28.62098
v 11.15193 52.41648 -41.57029
v 16.68104 88.65369 -33.59591
v 16.68104 52.41568 -48.6059
v 11.15193 52.41648 -41.57029
v 11.15193 83.67879 -28.621
v 16.68102 103.6637 2.641502
v 16.68104 88.65369 -33.59591
v 11.15193 83.67879 -28.621
v 11.15192 96.6282 2.641495
v 16.68101 88.6537 38.87881
v 16.68102 103.6637 2.641502
v 11.15192 96.6282 2.641495
v 11.15191 83.6788 33.90391
v 16.681 52.416 53.88882
v 16.68101 88.6537 38.87881
v 11.15191 83.6788 33.90391
v 11.15191 52.4168 46.85332
v 94.53215 53.00067 3.918933
v 89.14966 71.40558 3.918931
v 89.14965 62.20307 19.85803
v 89.14965 43.79827 19.85804
v 89.14965 34.59577 3.918932
v 89.14966 43.79827 -12.02017
v 89.14966 62.20317 -12.02017
v 81.10825 78.50328 3.918928
v 81.10825 65.75198 26.00483
v 81.10825 40.24937 26.00484
v 81.10825 27.49817 3.918932
v 81.10826 40.24937 -18.16687
v 81.10826 65.75197 -18.16687
v 21.89883 52.81068 -19.11609
v -22.50138 31.34489 2.349712
v -22.50138 52.81069 -19.1161
v 21.89882 31.34488 2.34972
v 21.89882 31.34488 2.34972
v -22.50139 52.8106 23.81551
v -22.50138 31.34489 2.349712
v 21.89882 52.81069 23.81542
v -22.50139 74.2764 2.349705
v 21.89882 74.27639 2.349709
vn 1 -0 0
vn 1 -0 0
vn 1 -0 0
vn 1 -0 0
vn 1 -0 0
vn 1 -0 0
vn 1 -0 0
vn 1 -0 0
vn 1 -0 0
vn -0 -0.1368 0.990599
vn -0 0.1368 0.990599
vn -0 -0.603705 0.797208
vn 0.0001 -0.797123 0.603818
vn -0 -0.990585 0.136898
vn -0.0001 -0.990599 -0.1368
vn -0.0001 -0.990599 -0.1368
vn -0 -0.990585 0.136898
vn -0.0003 -0.797292 -0.603594
vn -0.0002 -0.603929 -0.797038
vn -0.0001 -0.1368 -0.990599
vn -0.0001 0.136996 -0.990572
vn -0.0002 0.603929 -0.797038
vn -0.0003 0.797207 -0.603706
vn -0.0001 0.990612 -0.136702
vn 0 0.990585 0.136898
vn 0.0001 0.797123 0.603817
vn -0 0.603706 0.797207
vn -1 0 -0
vn -1 0 -0
vn -1 0 -0
vn -1 0 -0
vn -1 0 -0
vn -1 0 -0
vn -1 0 -0
vn -1 0 -0
vn -1 0 -0
vn -0.830415 -0.076201 0.55191
vn -0.830447 -0.336319 0.444125
vn -0.830419 -0.44411 0.336408
vn -0.830415 0.076202 0.55191
vn -0.830419 -0.44411 0.336408
vn -0.830486 -0.55179 0.076299
vn -0.830421 -0.551914 -0.076102
vn -0.830447 -0.336319 0.444125
vn -0.830421 -0.551914 -0.076102
vn -0.830447 -0.444125 -0.336319
vn -0.839888 -0.333395 -0.428294
vn -0.830486 -0.55179 0.076299
vn -0.839888 -0.333395 -0.428294
vn -0.85008 -0.079698 -0.520588
vn -0.851509 0.075301 -0.518906
vn -0.830447 -0.444125 -0.336319
vn -0.851509 0.075301 -0.518906
vn -0.841111 0.332604 -0.426506
vn -0.83023 0.446416 -0.333812
vn -0.85008 -0.079698 -0.520588
vn -0.83023 0.446416 -0.333812
vn -0.830421 0.551914 -0.076102
vn -0.830485 0.551791 0.076298
vn -0.841111 0.332604 -0.426506
vn -0.830485 0.551791 0.076298
vn -0.830391 0.444096 0.336496
vn -0.830447 0.336319 0.444125
vn -0.830421 0.551914 -0.076102
vn -0.830447 0.336319 0.444125
vn -0.830415 0.076202 0.55191
vn -0.830415 -0.076201 0.55191
vn -0.830391 0.444096 0.336496
vn 0.783434 -0.375217 0.495422
vn 0.783389 -0.084999 0.615692
vn 0.783389 0.084999 0.615692
vn 0.783434 -0.495422 0.375217
vn 0.783389 -0.615692 0.084999
vn 0.783434 -0.495422 0.375217
vn 0.783434 -0.375217 0.495422
vn 0.783389 -0.615692 -0.084999
vn 0.783396 -0.495498 -0.375198
vn 0.783389 -0.615692 -0.084999
vn 0.783389 -0.615692 0.084999
vn 0.783435 -0.375217 -0.495422
vn 0.78339 -0.084999 -0.615692
vn 0.783435 -0.375217 -0.495422
vn 0.783396 -0.495498 -0.375198
vn 0.78339 0.084999 -0.615692
vn 0.783396 0.375198 -0.495497
vn 0.78339 0.084999 -0.615692
vn 0.78339 -0.084999 -0.615692
vn 0.783396 0.495497 -0.375198
vn 0.783389 0.615692 -0.084999
vn 0.783396 0.495497 -0.375198
vn 0.783396 0.375198 -0.495497
vn 0.783389 0.615692 0.084999
vn 0.783435 0.495422 0.375217
vn 0.783389 0.615692 0.084999
vn 0.783389 0.615692 -0.084999
vn 0.783396 0.375198 0.495497
vn 0.783389 0.084999 0.615692
vn 0.783396 0.375198 0.495497
vn 0.783435 0.495422 0.375217
vn 0.783389 -0.084999 0.615692
vn -1 0 -0
vn -0.814395 0.211499 0.540397
vn -0.814421 0.573715 0.087002
vn -0.814434 -0.362215 0.453319
vn -0.814421 -0.573715 -0.087002
vn -0.814395 -0.211499 -0.540397
vn -0.814434 0.362215 -0.453319
vn -0.654993 0.494695 0.571193
vn -0.655006 0.742007 -0.142802
vn -0.655007 -0.247302 0.714008
vn -0.655006 -0.742007 0.142802
vn -0.654993 -0.494695 -0.571194
vn -0.655007 0.247303 -0.714008
vn -1 0 -0
vn -1 0 -0
vn -1 0 -0
vn -1 0 -0
vn -1 0 -0
vn -1 0 -0
vn -1 0 -0
vn -1 0 -0
vn -1 0 -0
vn -0 -0.1368 0.990599
vn -0 -0.603705 0.797208
vn -0 0.1368 0.990599
vn -0.0001 -0.797123 0.603818
vn -0 -0.990585 0.136898
vn 0.0001 -0.990599 -0.1368
vn 0.0001 -0.990599 -0.1368
vn 0.0003 -0.797292 -0.603594
vn -0 -0.990585 0.136898
vn 0.0002 -0.603929 -0.797038
vn 0.0001 -0.1368 -0.990599
vn 0.0001 0.136996 -0.990572
vn 0.0002 0.603929 -0.797038
vn 0.0003 0.797207 -0.603706
vn 0.0001 0.990612 -0.136702
vn 0 0.990585 0.136898
vn -0.0001 0.797123 0.603817
vn -0 0.603706 0.797207
vn 1 -0 0
vn 1 -0 0
vn 1 -0 0
vn 1 -0 0
vn 1 -0 0
vn 1 -0 0
vn 1 -0 0
vn 1 -0 0
vn 1 -0 0
vn 0.830415 -0.076201 0.55191
vn 0.830419 -0.44411 0.336408
vn 0.830447 -0.336319 0.444125
vn 0.830415 0.076201 0.55191
vn 0.830419 -0.44411 0.336408
vn 0.830421 -0.551914 -0.076102
vn 0.830485 -0.55179 0.076299
vn 0.830447 -0.336319 0.444125
vn 0.830421 -0.551914 -0.076102
vn 0.839888 -0.333396 -0.428294
vn 0.830447 -0.444126 -0.336319
vn 0.830485 -0.55179 0.076299
vn 0.839888 -0.333396 -0.428294
vn 0.851509 0.075301 -0.518905
vn 0.85008 -0.079698 -0.520588
vn 0.830447 -0.444126 -0.336319
vn 0.851509 0.075301 -0.518905
vn 0.83023 0.446416 -0.333812
vn 0.841111 0.332604 -0.426505
vn 0.85008 -0.079698 -0.520588
vn 0.83023 0.446416 -0.333812
vn 0.830486 0.55179 0.076299
vn 0.830421 0.551914 -0.076102
vn 0.841111 0.332604 -0.426505
vn 0.830486 0.55179 0.076299
vn 0.830447 0.336319 0.444125
vn 0.830391 0.444095 0.336497
vn 0.830421 0.551914 -0.076102
vn 0.830447 0.336319 0.444125
vn 0.830415 -0.076201 0.55191
vn 0.830415 0.076201 0.55191
vn 0.830391 0.444095 0.336497
vn -0.783435 -0.375216 0.495422
vn -0.78339 0.084999 0.615692
vn -0.78339 -0.084999 0.615692
vn -0.783435 -0.495422 0.375217
vn -0.783389 -0.615692 0.084999
vn -0.783435 -0.375216 0.495422
vn -0.783435 -0.495422 0.375217
vn -0.783389 -0.615692 -0.084999
vn -0.783396 -0.495497 -0.375198
vn -0.783389 -0.615692 0.084999
vn -0.783389 -0.615692 -0.084999
vn -0.783435 -0.375217 -0.495422
vn -0.783389 -0.084999 -0.615692
vn -0.783396 -0.495497 -0.375198
vn -0.783435 -0.375217 -0.495422
vn -0.783389 0.084999 -0.615692
vn -0.783396 0.375198 -0.495498
vn -0.783389 -0.084999 -0.615692
vn -0.783389 0.084999 -0.615692
vn -0.783434 0.495422 -0.375217
vn -0.783389 0.615692 -0.084999
vn -0.783396 0.375198 -0.495498
vn -0.783434 0.495422 -0.375217
vn -0.783389 0.615692 0.084999
vn -0.783435 0.495422 0.375216
vn -0.783389 0.615692 -0.084999
vn -0.783389 0.615692 0.084999
vn -0.783396 0.375198 0.495497
vn -0.78339 0.084999 0.615692
vn -0.783435 0.495422 0.375216
vn -0.783396 0.375198 0.495497
vn -0.78339 -0.084999 0.615692
vn 1 -0 0
vn 0.814421 0.573715 0.087002
vn 0.814395 0.211499 0.540397
vn 0.814434 -0.362215 0.453319
vn 0.814421 -0.573715 -0.087002
vn 0.814395 -0.211499 -0.540397
vn 0.814434 0.362215 -0.453319
vn 0.655006 0.742007 -0.142801
vn 0.654993 0.494694 0.571194
vn 0.655007 -0.247303 0.714008
vn 0.655006 -0.742007 0.142802
vn 0.654993 -0.494695 -0.571193
vn 0.655007 0.247302 -0.714008
vn 0 -0.316198 -0.948693
vn 0 -0.948693 -0.316197
vn 0 0.316198 -0.948694
vn -0 -0.948693 0.316198
vn -0 -0.948693 0.316198
vn -0 -0.316198 0.948694
vn 0 -0.948693 -0.316197
vn -0 0.316198 0.948693
vn -0 0.948693 0.316197
vn 0 0.948693 -0.316198
vt 0.5072 0.2826
vt 0.6986 0.2826
vt 0.6425 0.4179
vt 0.5072 0.474
vt 0.3719 0.4179
vt 0.3159 0.2826
vt 0.3719 0.1473
vt 0.5072 0.0913
vt 0.6425 0.1473
vt 0.5787 0.2537
vt 0.9737 0.2537
vt 0.9737 0.1299
vt 0.5787 0.1299
vt 0.9737 0.0062
vt 0.5787 0.0062
vt 0.5787 0.9964
vt 0.9737 0.9964
vt 0.9737 0.8726
vt 0.5787 0.8726
vt 0.9761 0.7488
vt 0.5787 0.7488
vt 0.9737 0.625
vt 0.5787 0.625
vt 0.9737 0.5012
vt 0.5787 0.5013
vt 0.9737 0.3775
vt 0.5787 0.3775
vt 0.2874 0.6135
vt 0.4757 0.8018
vt 0.5537 0.6135
vt 0.2875 0.8798
vt 0.0992 0.8018
vt 0.0211 0.6135
vt 0.0992 0.4252
vt 0.2875 0.3472
vt 0.4757 0.4252
vt 0.1345 0.1215
vt 0.4938 0.1657
vt 0.5168 0.1215
vt 0.1575 0.1657
vt 0.1579 0.1195
vt 0.4672 0.169
vt 0.4918 0.1195
vt 0.1825 0.169
vt 0.1345 0.1215
vt 0.4935 0.1657
vt 0.5167 0.1215
vt 0.1575 0.1657
vt 0.1579 0.1195
vt 0.4672 0.169
vt 0.4918 0.1195
vt 0.1825 0.169
vt 0.1344 0.1218
vt 0.4934 0.1658
vt 0.5167 0.1218
vt 0.1575 0.1658
vt 0.1579 0.1195
vt 0.4672 0.169
vt 0.4918 0.1195
vt 0.1825 0.169
vt 0.1346 0.1216
vt 0.4943 0.1657
vt 0.5168 0.1216
vt 0.1576 0.1657
vt 0.1579 0.1195
vt 0.4672 0.169
vt 0.4918 0.1195
vt 0.1825 0.169
vt 0.5001 0.1246
vt 0.2441 0.168
vt 0.2179 0.1246
vt 0.4739 0.168
vt 0.4918 0.1195
vt 0.1825 0.1691
vt 0.1579 0.1195
vt 0.4671 0.1691
vt 0.5001 0.1245
vt 0.2441 0.168
vt 0.2179 0.1245
vt 0.4739 0.168
vt 0.4918 0.1195
vt 0.1825 0.1691
vt 0.1579 0.1195
vt 0.4671 0.1691
vt 0.5001 0.1247
vt 0.2441 0.168
vt 0.2179 0.1247
vt 0.4739 0.168
vt 0.4918 0.1195
vt 0.1825 0.1691
vt 0.1579 0.1195
vt 0.4671 0.1691
vt 0.5002 0.1246
vt 0.2441 0.168
vt 0.2179 0.1246
vt 0.4739 0.168
vt 0.4918 0.1195
vt 0.1825 0.1691
vt 0.1579 0.1195
vt 0.4671 0.1691
vt 0.2874 0.6111
vt 0.1908 0.6594
vt 0.2874 0.7078
vt 0.1908 0.5628
vt 0.2874 0.5145
vt 0.3841 0.5628
vt 0.3841 0.6594
vt 0.1535 0.6781
vt 0.2874 0.745
vt 0.1535 0.5442
vt 0.2874 0.4772
vt 0.4214 0.5442
vt 0.4214 0.6781
vt 0.5072 0.2826
vt 0.6425 0.4179
vt 0.6986 0.2826
vt 0.5072 0.474
vt 0.3719 0.4179
vt 0.3159 0.2826
vt 0.3719 0.1473
vt 0.5072 0.0913
vt 0.6425 0.1473
vt 0.5787 0.2537
vt 0.9737 0.1299
vt 0.9737 0.2537
vt 0.5787 0.1299
vt 0.9737 0.0062
vt 0.5787 0.0062
vt 0.5787 0.9964
vt 0.9737 0.8726
vt 0.9737 0.9964
vt 0.5787 0.8726
vt 0.9761 0.7488
vt 0.5787 0.7488
vt 0.9737 0.625
vt 0.5787 0.625
vt 0.9737 0.5012
vt 0.5787 0.5013
vt 0.9737 0.3775
vt 0.5787 0.3775
vt 0.2874 0.6135
vt 0.5537 0.6135
vt 0.4757 0.8018
vt 0.2875 0.8798
vt 0.0992 0.8018
vt 0.0211 0.6135
vt 0.0992 0.4252
vt 0.2875 0.3472
vt 0.4757 0.4252
vt 0.1345 0.1215
vt 0.5168 0.1215
vt 0.4938 0.1657
vt 0.1575 0.1657
vt 0.1579 0.1195
vt 0.4918 0.1195
vt 0.4672 0.169
vt 0.1825 0.169
vt 0.1345 0.1215
vt 0.5167 0.1215
vt 0.4935 0.1657
vt 0.1575 0.1657
vt 0.1579 0.1195
vt 0.4918 0.1195
vt 0.4672 0.169
vt 0.1825 0.169
vt 0.1344 0.1218
vt 0.5167 0.1218
vt 0.4934 0.1658
vt 0.1575 0.1658
vt 0.1579 0.1195
vt 0.4918 0.1195
vt 0.4672 0.169
vt 0.1825 0.169
vt 0.1346 0.1216
vt 0.5168 0.1216
vt 0.4943 0.1657
vt 0.1576 0.1657
vt 0.1579 0.1195
vt 0.4918 0.1195
vt 0.4672 0.169
vt 0.1825 0.169
vt 0.5001 0.1246
vt 0.2179 0.1246
vt 0.2441 0.168
vt 0.4739 0.168
vt 0.4918 0.1195
vt 0.1579 0.1195
vt 0.1825 0.1691
vt 0.4671 0.1691
vt 0.5001 0.1245
vt 0.2179 0.1245
vt 0.2441 0.168
vt 0.4739 0.168
vt 0.4918 0.1195
vt 0.1579 0.1195
vt 0.1825 0.1691
vt 0.4671 0.1691
vt 0.5001 0.1247
vt 0.2179 0.1247
vt 0.2441 0.168
vt 0.4739 0.168
vt 0.4918 0.1195
vt 0.1579 0.1195
vt 0.1825 0.1691
vt 0.4671 0.1691
vt 0.5002 0.1246
vt 0.2179 0.1246
vt 0.2441 0.168
vt 0.4739 0.168
vt 0.4918 0.1195
vt 0.1579 0.1195
vt 0.1825 0.1691
vt 0.4671 0.1691
vt 0.2874 0.6111
vt 0.2874 0.7078
vt 0.1908 0.6594
vt 0.1908 0.5628
vt 0.2874 0.5145
vt 0.3841 0.5628
vt 0.3841 0.6594
vt 0.2874 0.745
vt 0.1535 0.6781
vt 0.1535 0.5442
vt 0.2874 0.4772
vt 0.4214 0.5442
vt 0.4214 0.6781
vt 0.6918 0.0147
vt 0.7903 0.4085
vt 0.6918 0.4085
vt 0.7903 0.0147
vt 0.3962 0.0147
vt 0.4947 0.4085
vt 0.3962 0.4085
vt 0.4947 0.0147
vt 0.5932 0.4085
vt 0.5932 0.0147
f 1047/1047/1047 1049/1049/1049 1048/1048/1048
f 1047/1047/1047 1050/1050/1050 1049/1049/1049
f 1047/1047/1047 1051/1051/1051 1050/1050/1050
f 1047/1047/1047 1052/1052/1052 1051/1051/1051
f 1047/1047/1047 1053/1053/1053 1052/1052/1052
f 1047/1047/1047 1054/1054/1054 1053/1053/1053
f 1047/1047/1047 1055/1055/1055 1054/1054/1054
f 1047/1047/1047 1048/1048/1048 1055/1055/1055
f 1056/1056/1056 1058/1058/1058 1057/1057/1057
f 1056/1056/1056 1059/1059/1059 1058/1058/1058
f 1059/1059/1059 1060/1060/1060 1058/1058/1058
f 1059/1059/1059 1061/1061/1061 1060/1060/1060
f 1062/1062/1062 1064/1064/1064 1063/1063/1063
f 1062/1062/1062 1065/1065/1065 1064/1064/1064
f 1065/1065/1065 1066/1066/1066 1064/1064/1064
f 1065/1065/1065 1067/1067/1067 1066/1066/1066
f 1067/1067/1067 1068/1068/1068 1066/1066/1066
f 1067/1067/1067 1069/1069/1069 1068/1068/1068
f 1069/1069/1069 1070/1070/1070 1068/1068/1068
f 1069/1069/1069 1071/1071/1071 1070/1070/1070
f 1071/1071/1071 1072/1072/1072 1070/1070/1070
f 1071/1071/1071 1073/1073/1073 1072/1072/1072
f 1073/1073/1073 1057/1057/1057 1072/1072/1072
f 1073/1073/1073 1056/1056/1056 1057/1057/1057
f 1074/1074/1074 1076/1076/1076 1075/1075/1075
f 1074/1074/1074 1075/1075/1075 1077/1077/1077
f 1074/1074/1074 1077/1077/1077 1078/1078/1078
f 1074/1074/1074 1078/1078/1078 1079/1079/1079
f 1074/1074/1074 1079/1079/1079 1080/1080/1080
f 1074/1074/1074 1080/1080/1080 1081/1081/1081
f 1074/1074/1074 1081/1081/1081 1082/1082/1082
f 1074/1074/1074 1082/1082/1082 1076/1076/1076
f 1083/1083/1083 1085/1085/1085 1084/1084/1084
f 1084/1084/1084 1086/1086/1086 1083/1083/1083
f 1087/1087/1087 1089/1089/1089 1088/1088/1088
f 1088/1088/1088 1090/1090/1090 1087/1087/1087
f 1091/1091/1091 1093/1093/1093 1092/1092/1092
f 1092/1092/1092 1094/1094/1094 1091/1091/1091
f 1095/1095/1095 1097/1097/1097 1096/1096/1096
f 1096/1096/1096 1098/1098/1098 1095/1095/1095
f 1099/1099/1099 1101/1101/1101 1100/1100/1100
f 1100/1100/1100 1102/1102/1102 1099/1099/1099
f 1103/1103/1103 1105/1105/1105 1104/1104/1104
f 1104/1104/1104 1106/1106/1106 1103/1103/1103
f 1107/1107/1107 1109/1109/1109 1108/1108/1108
f 1108/1108/1108 1110/1110/1110 1107/1107/1107
f 1111/1111/1111 1113/1113/1113 1112/1112/1112
f 1112/1112/1112 1114/1114/1114 1111/1111/1111
f 1115/1115/1115 1117/1117/1117 1116/1116/1116
f 1116/1116/1116 1118/1118/1118 1115/1115/1115
f 1119/1119/1119 1121/1121/1121 1120/1120/1120
f 1120/1120/1120 1122/1122/1122 1119/1119/1119
f 1123/1123/1123 1125/1125/1125 1124/1124/1124
f 1124/1124/1124 1126/1126/1126 1123/1123/1123
f 1127/1127/1127 1129/1129/1129 1128/1128/1128
f 1128/1128/1128 1130/1130/1130 1127/1127/1127
f 1131/1131/1131 1133/1133/1133 1132/1132/1132
f 1132/1132/1132 1134/1134/1134 1131/1131/1131
f 1135/1135/1135 1137/1137/1137 1136/1136/1136
f 1136/1136/1136 1138/1138/1138 1135/1135/1135
f 1139/1139/1139 1141/1141/1141 1140/1140/1140
f 1140/1140/1140 1142/1142/1142 1139/1139/1139
f 1143/1143/1143 1145/1145/1145 1144/1144/1144
f 1144/1144/1144 1146/1146/1146 1143/1143/1143
f 1147/1147/1147 1149/1149/1149 1148/1148/1148
f 1147/1147/1147 1148/1148/1148 1150/1150/1150
f 1147/1147/1147 1150/1150/1150 1151/1151/1151
f 1147/1147/1147 1151/1151/1151 1152/1152/1152
f 1147/1147/1147 1152/1152/1152 1153/1153/1153
f 1147/1147/1147 1153/1153/1153 1149/1149/1149
f 1149/1149/1149 1155/1155/1155 1154/1154/1154
f 1149/1149/1149 1154/1154/1154 1148/1148/1148
f 1148/1148/1148 1154/1154/1154 1156/1156/1156
f 1148/1148/1148 1156/1156/1156 1150/1150/1150
f 1150/1150/1150 1156/1156/1156 1157/1157/1157
f 1150/1150/1150 1157/1157/1157 1151/1151/1151
f 1151/1151/1151 1157/1157/1157 1158/1158/1158
f 1151/1151/1151 1158/1158/1158 1152/1152/1152
f 1152/1152/1152 1158/1158/1158 1159/1159/1159
f 1152/1152/1152 1159/1159/1159 1153/1153/1153
f 1153/1153/1153 1159/1159/1159 1155/1155/1155
f 1153/1153/1153 1155/1155/1155 1149/1149/1149
f 1160/1160/1160 1162/1162/1162 1161/1161/1161
f 1160/1160/1160 1161/1161/1161 1163/1163/1163
f 1160/1160/1160 1163/1163/1163 1164/1164/1164
f 1160/1160/1160 1164/1164/1164 1165/1165/1165
f 1160/1160/1160 1165/1165/1165 1166/1166/1166
f 1160/1160/1160 1166/1166/1166 1167/1167/1167
f 1160/1160/1160 1167/1167/1167 1168/1168/1168
f 1160/1160/1160 1168/1168/1168 1162/1162/1162
f 1169/1169/1169 1171/1171/1171 1170/1170/1170
f 1169/1169/1169 1170/1170/1170 1172/1172/1172
f 1172/1172/1172 1170/1170/1170 1173/1173/1173
f 1172/1172/1172 1173/1173/1173 1174/1174/1174
f 1175/1175/1175 1177/1177/1177 1176/1176/1176
f 1175/1175/1175 1176/1176/1176 1178/1178/1178
f 1178/1178/1178 1176/1176/1176 1179/1179/1179
f 1178/1178/1178 1179/1179/1179 1180/1180/1180
f 1180/1180/1180 1179/1179/1179 1181/1181/1181
f 1180/1180/1180 1181/1181/1181 1182/1182/1182
f 1182/1182/1182 1181/1181/1181 1183/1183/1183
f 1182/1182/1182 1183/1183/1183 1184/1184/1184
f 1184/1184/1184 1183/1183/1183 1185/1185/1185
f 1184/1184/1184 1185/1185/1185 1186/1186/1186
f 1186/1186/1186 1185/1185/1185 1171/1171/1171
f 1186/1186/1186 1171/1171/1171 1169/1169/1169
f 1187/1187/1187 1189/1189/1189 1188/1188/1188
f 1187/1187/1187 1190/1190/1190 1189/1189/1189
f 1187/1187/1187 1191/1191/1191 1190/1190/1190
f 1187/1187/1187 1192/1192/1192 1191/1191/1191
f 1187/1187/1187 1193/1193/1193 1192/1192/1192
f 1187/1187/1187 1194/1194/1194 1193/1193/1193
f 1187/1187/1187 1195/1195/1195 1194/1194/1194
f 1187/1187/1187 1188/1188/1188 1195/1195/1195
f 1196/1196/1196 1198/1198/1198 1197/1197/1197
f 1198/1198/1198 1196/1196/1196 1199/1199/1199
f 1200/1200/1200 1202/1202/1202 1201/1201/1201
f 1202/1202/1202 1200/1200/1200 1203/1203/1203
f 1204/1204/1204 1206/1206/1206 1205/1205/1205
f 1206/1206/1206 1204/1204/1204 1207/1207/1207
f 1208/1208/1208 1210/1210/1210 1209/1209/1209
f 1210/1210/1210 1208/1208/1208 1211/1211/1211
f 1212/1212/1212 1214/1214/1214 1213/1213/1213
f 1214/1214/1214 1212/1212/1212 1215/1215/1215
f 1216/1216/1216 1218/1218/1218 1217/1217/1217
f 1218/1218/1218 1216/1216/1216 1219/1219/1219
f 1220/1220/1220 1222/1222/1222 1221/1221/1221
f 1222/1222/1222 1220/1220/1220 1223/1223/1223
f 1224/1224/1224 1226/1226/1226 1225/1225/1225
f 1226/1226/1226 1224/1224/1224 1227/1227/1227
f 1228/1228/1228 1230/1230/1230 1229/1229/1229
f 1230/1230/1230 1228/1228/1228 1231/1231/1231
f 1232/1232/1232 1234/1234/1234 1233/1233/1233
f 1234/1234/1234 1232/1232/1232 1235/1235/1235
f 1236/1236/1236 1238/1238/1238 1237/1237/1237
f 1238/1238/1238 1236/1236/1236 1239/1239/1239
f 1240/1240/1240 1242/1242/1242 1241/1241/1241
f 1242/1242/1242 1240/1240/1240 1243/1243/1243
f 1244/1244/1244 1246/1246/1246 1245/1245/1245
f 1246/1246/1246 1244/1244/1244 1247/1247/1247
f 1248/1248/1248 1250/1250/1250 1249/1249/1249
f 1250/1250/1250 1248/1248/1248 1251/1251/1251
f 1252/1252/1252 1254/1254/1254 1253/1253/1253
f 1254/1254/1254 1252/1252/1252 1255/1255/1255
f 1256/1256/1256 1258/1258/1258 1257/1257/1257
f 1258/1258/1258 1256/1256/1256 1259/1259/1259
f 1260/1260/1260 1262/1262/1262 1261/1261/1261
f 1260/1260/1260 1263/1263/1263 1262/1262/1262
f 1260/1260/1260 1264/1264/1264 1263/1263/1263
f 1260/1260/1260 1265/1265/1265 1264/1264/1264
f 1260/1260/1260 1266/1266/1266 1265/1265/1265
f 1260/1260/1260 1261/1261/1261 1266/1266/1266
f 1261/1261/1261 1268/1268/1268 1267/1267/1267
f 1261/1261/1261 1262/1262/1262 1268/1268/1268
f 1262/1262/1262 1269/1269/1269 1268/1268/1268
f 1262/1262/1262 1263/1263/1263 1269/1269/1269
f 1263/1263/1263 1270/1270/1270 1269/1269/1269
f 1263/1263/1263 1264/1264/1264 1270/1270/1270
f 1264/1264/1264 1271/1271/1271 1270/1270/1270
f 1264/1264/1264 1265/1265/1265 1271/1271/1271
f 1265/1265/1265 1272/1272/1272 1271/1271/1271
f 1265/1265/1265 1266/1266/1266 1272/1272/1272
f 1266/1266/1266 1267/1267/1267 1272/1272/1272
f 1266/1266/1266 1261/1261/1261 1267/1267/1267
f 1273/1273/1273 1275/1275/1275 1274/1274/1274
f 1273/1273/1273 1274/1274/1274 1276/1276/1276
f 1277/1277/1277 1279/1279/1279 1278/1278/1278
f 1277/1277/1277 1278/1278/1278 1280/1280/1280
f 1280/1280/1280 1278/1278/1278 1281/1281/1281
f 1280/1280/1280 1281/1281/1281 1282/1282/1282
f 1282/1282/1282 1281/1281/1281 1275/1275/1275
f 1282/1282/1282 1275/1275/1275 1273/1273/1273
