# Monster58.bmd — MU geometry at action 0 key 0, exported for MU2
# 2 mesh(es)

g hop01
# texture: hop01.jpg
v 6.669695 123.9408 61.00421
v -3.929651 167.7713 47.38172
v -18.70076 152.5895 46.35783
v 39.55929 130.2018 55.55807
v 28.95992 174.0322 41.93568
v 47.07841 165.1114 35.46556
v 16.01939 40.41 56.37875
v 27.91284 43.39304 61.34712
v 49.79688 47.55899 57.72345
v 59.78751 48.74175 49.13126
v 59.78751 48.74175 49.13126
v 49.79688 47.55899 57.72345
v 28.95992 174.0322 41.93568
v 47.07841 165.1114 35.46556
v 27.91284 43.39304 61.34712
v -3.929651 167.7713 47.38172
v 16.01939 40.41 56.37875
v -18.70076 152.5895 46.35783
v 12.75012 166.015 22.84223
v 12.75008 160.5728 21.38405
v 12.75007 142.1518 27.43707
v 12.75014 170.3074 6.822914
v 12.75016 164.8652 5.364603
v 12.75012 151.6812 -8.942734
v 28.89789 142.5551 25.93179
v 28.89802 159.2991 20.33672
v 12.75012 166.015 22.84223
v 12.75007 142.1518 27.43707
v 28.89806 163.237 5.640063
v 12.75014 170.3074 6.822914
v 28.89798 151.2807 -7.448692
v 12.75012 151.6812 -8.942734
v 28.89798 151.2807 -7.448692
v 28.89806 163.237 5.640063
v 12.75016 164.8652 5.364603
v 12.75012 151.6812 -8.942734
v 28.89802 159.2991 20.33672
v 12.75008 160.5728 21.38405
v 28.89789 142.5551 25.93179
v 12.75007 142.1518 27.43707
v 28.24906 159.0775 18.28564
v 28.24912 153.6353 16.82742
v 28.24907 143.2724 21.57426
v 28.24916 162.0164 7.317951
v 28.24912 156.5741 5.859761
v 28.24916 149.7323 -3.350384
v 44.39699 143.9525 19.03596
v 44.39702 151.7965 15.66839
v 28.24906 159.0775 18.28564
v 28.24907 143.2724 21.57426
v 44.39703 154.4008 5.94904
v 28.24916 162.0164 7.317951
v 44.39698 148.9367 -0.381238
v 28.24916 149.7323 -3.350384
v 44.39698 148.9367 -0.381238
v 44.39703 154.4008 5.94904
v 28.24912 156.5741 5.859761
v 28.24916 149.7323 -3.350384
v 44.39702 151.7965 15.66839
v 28.24912 153.6353 16.82742
v 44.39699 143.9525 19.03596
v 28.24907 143.2724 21.57426
v 26.2592 119.3204 8.971539
v 21.7728 121.116 8.253251
v 17.48074 123.989 15.88092
v 25.23537 111.4584 -4.287263
v 20.74897 113.2539 -5.005523
v 15.43317 108.265 -10.63659
v 38.54721 61.6671 51.20912
v 46.44992 59.58917 42.83119
v 26.2592 119.3204 8.971539
v 17.48074 123.989 15.88092
v 45.42618 51.72715 29.57239
v 25.23537 111.4584 -4.287263
v 36.49975 45.94299 24.69164
v 15.43317 108.265 -10.63659
v 36.49975 45.94299 24.69164
v 45.42618 51.72715 29.57239
v 20.74897 113.2539 -5.005523
v 15.43317 108.265 -10.63659
v 46.44992 59.58917 42.83119
v 21.7728 121.116 8.253251
v 38.54721 61.6671 51.20912
v 17.48074 123.989 15.88092
v 18.83774 92.89413 -84.9558
v 15.75573 106.8462 -71.00372
v 18.83777 111.819 -75.97657
v 18.83774 92.89413 -84.9558
v 18.83777 111.819 -75.97657
v 21.91972 106.8463 -71.00376
v 15.7559 167.2903 -10.55963
v 18.83795 174.0816 -19.10258
v 18.83795 174.0816 -19.10258
v 21.91979 167.2904 -10.55964
v 15.7559 176.6665 -1.183489
v 18.83789 180.7343 -3.734346
v 18.83789 180.7343 -3.734346
v 21.9198 176.6665 -1.183496
v 18.83793 209.6072 31.75722
v 18.83794 210.3848 24.01072
v 15.75593 206.1227 28.27269
v 21.91992 206.1227 28.27265
v 18.83789 180.7343 -3.734346
v 15.7559 176.6665 -1.183489
v 15.75599 184.0192 6.169188
v 18.8379 183.8672 -1.323549
v 21.9198 176.6665 -1.183496
v 18.83789 180.7343 -3.734346
v 18.8379 183.8672 -1.323549
v 21.91988 184.0192 6.16918
v 15.75596 189.1567 -3.37892
v 18.83797 194.658 -5.131742
v 18.83797 190.4801 -9.309744
v 21.91989 189.1567 -3.378836
v 18.83797 190.4801 -9.309744
v 18.83797 194.658 -5.131742
v 18.83793 188.727 5.209879
v 18.83793 188.727 5.209879
v 18.83793 188.727 5.209879
v 15.75599 184.0192 6.169188
v 15.75598 203.2936 25.44359
v 18.83793 206.1271 22.60997
v 21.91988 184.0192 6.16918
v 21.91988 203.2935 25.44355
v 31.90339 158.9123 -10.15002
v 26.37218 146.6169 -13.44461
v 26.37228 162.2069 -22.44549
v 26.37223 155.6178 2.145397
v 26.37233 171.2077 -6.855503
v 26.37228 162.2069 -22.44549
v -0.041363 144.0348 -14.13642
v -0.041253 162.8987 -25.02745
v 26.37218 146.6169 -13.44461
v -0.04133 154.9259 4.727547
v 26.37223 155.6178 2.145397
v -0.041253 173.7898 -6.163609
v 26.37233 171.2077 -6.855503
v 18.83771 101.8734 -66.03085
v 18.83771 101.8734 -66.03085
v 18.83785 158.7473 -3.768389
v 18.83785 158.7473 -3.768389
v 18.83788 174.1156 2.884251
v 18.83788 174.1156 2.884251
v 18.83796 201.8607 32.53474
v 18.83788 174.1156 2.884251
v 18.83782 176.5264 6.01725
v 18.83782 176.5264 6.01725
v 18.83788 174.1156 2.884251
v 15.75588 174.4712 11.30669
v 18.83781 168.5403 12.63017
v 18.83777 172.7183 16.80807
v 21.91981 174.4711 11.30674
v 18.83777 172.7183 16.80807
v 18.83781 168.5403 12.63017
v 18.8379 183.0599 10.87699
v 18.8379 183.0599 10.87699
v 18.8379 183.0599 10.87699
v 18.83789 200.46 28.27708
v -12.83273 166.015 22.84233
v -12.8328 142.1518 27.43708
v -12.8327 160.5729 21.38405
v -12.83265 170.3074 6.822887
v -12.83268 164.8653 5.364731
v -12.83272 151.6812 -8.94264
v -28.9807 142.5551 25.93189
v -12.83273 166.015 22.84233
v -28.98057 159.2992 20.33685
v -12.8328 142.1518 27.43708
v -12.83265 170.3074 6.822887
v -28.98057 163.2372 5.640109
v -12.83272 151.6812 -8.94264
v -28.98061 151.2808 -7.448557
v -28.98061 151.2808 -7.448557
v -12.83268 164.8653 5.364731
v -28.98057 163.2372 5.640109
v -12.83272 151.6812 -8.94264
v -12.8327 160.5729 21.38405
v -28.98057 159.2992 20.33685
v -12.8328 142.1518 27.43708
v -28.9807 142.5551 25.93189
v -28.33175 159.0776 18.28573
v -28.33183 143.2724 21.57436
v -28.33179 153.6354 16.82755
v -28.33173 162.0163 7.318048
v -28.33168 156.5742 5.859858
v -28.33175 149.7323 -3.350256
v -44.47966 143.9525 19.03609
v -28.33175 159.0776 18.28573
v -44.47963 151.7966 15.66853
v -28.33183 143.2724 21.57436
v -28.33173 162.0163 7.318048
v -44.47962 154.4009 5.949171
v -28.33175 149.7323 -3.350256
v -44.47968 148.9368 -0.381105
v -44.47968 148.9368 -0.381105
v -28.33168 156.5742 5.859858
v -44.47962 154.4009 5.949171
v -28.33175 149.7323 -3.350256
v -28.33179 153.6354 16.82755
v -44.47963 151.7966 15.66853
v -28.33183 143.2724 21.57436
v -44.47966 143.9525 19.03609
v -26.7903 116.4555 14.27227
v -17.8544 119.3964 21.89433
v -22.43281 118.639 13.93687
v -26.16085 112.8921 -0.74644
v -21.80335 115.0756 -1.081847
v -16.59541 112.2696 -8.143127
v -34.2062 48.35376 38.06468
v -26.7903 116.4555 14.27227
v -42.46242 48.36615 29.77041
v -17.8544 119.3964 21.89433
v -26.16085 112.8921 -0.74644
v -41.83285 44.80275 14.75177
v -16.59541 112.2696 -8.143127
v -32.94716 41.22699 8.02732
v -32.94716 41.22699 8.02732
v -21.80335 115.0756 -1.081847
v -41.83285 44.80275 14.75177
v -16.59541 112.2696 -8.143127
v -22.43281 118.639 13.93687
v -42.46242 48.36615 29.77041
v -17.8544 119.3964 21.89433
v -34.2062 48.35376 38.06468
v -18.92044 92.89413 -84.95573
v -18.9204 111.8191 -75.97649
v -15.83845 106.8463 -71.00372
v -18.92044 92.89413 -84.95573
v -22.00235 106.8462 -71.00371
v -18.9204 111.8191 -75.97649
v -18.92033 174.0816 -19.1025
v -15.83839 167.2904 -10.5596
v -22.00229 167.2905 -10.55956
v -18.92033 174.0816 -19.1025
v -18.92029 180.7343 -3.734301
v -15.83837 176.6665 -1.183458
v -22.00228 176.6666 -1.18342
v -18.92029 180.7343 -3.734301
v -18.92024 209.6072 31.75726
v -15.83835 206.1227 28.27273
v -18.92024 210.3848 24.01076
v -22.00224 206.1227 28.27273
v -18.92029 180.7343 -3.734301
v -15.8383 184.0192 6.169226
v -15.83837 176.6665 -1.183458
v -18.92028 183.8672 -1.323509
v -22.00228 176.6666 -1.18342
v -18.92028 183.8672 -1.323509
v -18.92029 180.7343 -3.734301
v -22.00229 184.0192 6.169266
v -15.83828 189.1567 -3.37879
v -18.92021 190.4801 -9.309698
v -18.92021 194.6581 -5.13167
v -22.00218 189.1567 -3.378756
v -18.92021 194.6581 -5.13167
v -18.92021 190.4801 -9.309698
v -18.92024 188.727 5.209925
v -18.92024 188.727 5.209925
v -18.92024 188.727 5.209925
v -15.83829 203.2935 25.44359
v -15.8383 184.0192 6.169226
v -18.92024 206.1271 22.61001
v -22.00229 184.0192 6.169266
v -22.00219 203.2936 25.44363
v -31.98588 158.9123 -10.14994
v -26.45476 162.2068 -22.44546
v -26.45482 146.6168 -13.44446
v -26.4548 155.6178 2.145461
v -26.45471 171.2077 -6.85544
v -26.45476 162.2068 -22.44546
v -26.45482 146.6168 -13.44446
v -26.4548 155.6178 2.145461
v -26.45471 171.2077 -6.85544
v -18.92046 101.8734 -66.03082
v -18.92046 101.8734 -66.03082
v -18.92041 158.7474 -3.768286
v -18.92041 158.7474 -3.768286
v -18.92029 174.1157 2.884323
v -18.92029 174.1157 2.884323
v -18.9203 201.8607 32.53481
v -18.92029 174.1157 2.884323
v -18.92035 176.5264 6.017294
v -18.92029 174.1157 2.884323
v -18.92035 176.5264 6.017294
v -15.83836 174.4711 11.30679
v -18.9204 172.7183 16.80812
v -18.92037 168.5403 12.63021
v -22.0023 174.4712 11.30673
v -18.92037 168.5403 12.63021
v -18.9204 172.7183 16.80812
v -18.92028 183.06 10.87704
v -18.92028 183.06 10.87704
v -18.92028 183.06 10.87704
v -18.92029 200.46 28.27712
v 17.89873 131.0468 27.62196
v -0.105336 132.2537 32.59077
v 16.32785 125.4343 21.60062
v -0.105348 141.9084 33.5862
v 16.26937 147.8582 23.5167
v 17.87018 142.1397 23.2983
v -0.105199 150.6488 28.69652
v 17.64764 123.4387 13.09237
v 20.05196 129.6606 12.11316
v 25.88728 142.1196 3.933357
v 14.79353 130.2869 -2.734042
v 18.48051 146.8843 -4.453418
v -0.105187 138.5477 -6.91049
v -0.105315 123.6182 -2.24642
v 8.965451 153.9144 -1.995687
v -0.105113 154.0228 -4.704697
v -0.105317 130.2914 26.50576
v 10.12888 112.9872 22.47066
v 15.57082 114.0103 13.15637
v 8.681019 118.3432 1.993669
v -0.105333 115.0239 0.004062
v 25.66981 138.7882 14.17264
v 12.7555 156.8484 7.834626
v 11.83113 157.0745 22.44274
v 25.68442 149.6068 20.77841
v 25.60306 154.4564 2.097157
v 19.45682 156.3787 -0.551588
v 24.67911 158.8014 13.54881
v 12.36498 111.1369 21.38966
v 16.97526 109.8294 13.69551
v -0.10544 109.3811 24.4432
v 12.6485 114.8162 -2.511179
v -0.105239 109.7019 -2.36354
v 11.43725 161.5301 6.299049
v -0.105075 162.0028 1.594812
v 11.83113 157.0745 22.44274
v -0.105174 151.0359 17.20282
v -0.105199 150.6488 28.69652
v 15.76995 100.0952 22.3884
v 21.41968 102.6597 12.6196
v -0.105479 99.72743 27.95573
v 17.05616 99.81412 -3.567183
v -0.105249 97.87437 -6.75963
v -0.105522 88.43185 16.02998
v 6.316462 91.68341 23.74511
v -0.105582 91.80499 28.97445
v 24.91874 88.53374 33.87088
v 18.488 106.4045 31.45724
v 25.59416 98.76436 15.0661
v -0.105421 88.93526 10.41684
v -0.10536 93.92313 -4.007767
v 9.16464 89.85833 -4.481209
v 9.455609 82.13054 9.802958
v 9.756833 81.08386 29.48899
v 27.91286 82.02973 13.72666
v 13.37867 63.86481 28.02713
v 15.52906 76.10641 36.16976
v 30.88008 65.00603 26.69793
v 19.34798 63.24687 18.00733
v 17.95226 81.72523 5.485947
v 24.79422 77.06805 34.84434
v 28.09375 65.64473 19.18085
v 20.1214 51.23138 35.74157
v 15.21939 60.38864 32.0583
v 15.91396 50.39716 25.59096
v 29.68101 52.67896 34.44805
v 35.24372 50.19321 25.41773
v 31.09326 59.1279 32.39976
v 17.7768 49.19581 21.45673
v 20.00035 59.36077 19.61712
v 19.75481 52.7094 11.17615
v 27.85119 60.26524 19.47325
v 33.20273 51.5029 18.67924
v 28.36899 53.47465 9.624023
v 19.71116 44.23884 31.54182
v 17.03256 42.49416 26.9701
v 18.43221 32.13979 19.90713
v 23.39581 23.07095 26.04135
v 30.50348 46.04867 30.69245
v 30.85174 24.07134 25.20677
v 33.90946 34.80306 17.10182
v 17.43624 43.84606 20.30646
v 20.51993 42.80975 10.16015
v 21.70285 33.32519 12.52078
v 29.59919 34.06473 11.32581
v 33.87797 46.34416 17.35629
v 28.73774 43.55878 8.678867
v 24.70128 21.77512 31.92819
v 22.60946 18.03614 23.06166
v 21.9073 16.29313 18.1548
v 33.56746 19.95789 15.72725
v 30.85174 24.07134 25.20677
v 36.42616 22.07675 29.26556
v 36.42616 22.07675 29.26556
v 34.06998 14.08472 16.14261
v 33.56746 19.95789 15.72725
v 23.65439 13.25828 13.81849
v 22.54104 22.47972 11.46606
v 21.89163 18.71174 5.643223
v 30.06231 23.38374 11.04281
v 27.43445 19.06575 4.249863
v 32.5552 0.360153 48.73823
v 30.56186 6.826354 40.19791
v 24.04512 0.145298 29.14755
v 33.17883 13.48513 25.49465
v 37.17106 6.959044 36.27525
v 20.58011 0.148775 16.50164
v 20.97495 -0.180235 9.322744
v 21.43002 11.34427 19.3257
v 32.31047 0.189205 5.526367
v 29.35072 12.656 9.392759
v 24.04581 12.56409 24.11183
v 27.83568 13.07622 27.16564
v 40.13795 0.142983 26.36353
v 39.93005 0.386955 45.51431
v 20.85284 59.88207 49.84077
v 20.51389 74.54106 56.28089
v 29.14065 75.82307 53.09969
v 30.80638 61.43111 48.50382
v 20.51389 74.54106 56.28089
v 15.52906 76.10641 36.16976
v 13.37867 63.86481 28.02713
v 24.79422 77.06805 34.84434
v 29.14065 75.82307 53.09969
v 30.88008 65.00603 26.69793
v 23.39581 23.07095 26.04135
v 24.70128 21.77512 31.92819
v 32.31047 0.189205 5.526367
v 20.58011 0.148775 16.50164
v 20.97495 -0.180235 9.322744
v 24.04512 0.145298 29.14755
v 40.13795 0.142983 26.36353
v 39.93005 0.386955 45.51431
v 32.5552 0.360153 48.73823
v -0.105075 162.0028 1.594812
v 11.43725 161.5301 6.299049
v 28.51228 116.0412 25.28418
v 25.67643 114.0674 19.05569
v 30.83738 111.4341 17.84058
v 21.90615 124.1686 22.55857
v 26.98516 126.0702 27.25829
v 33.66806 125.5721 24.69097
v 34.26852 132.9767 13.96521
v 32.66472 135.3762 21.23223
v 35.27199 123.1726 17.42392
v 29.1895 131.0751 9.265495
v 30.19292 121.271 12.72422
v 22.5066 131.5732 11.83282
v 23.51002 121.769 15.29154
v 20.90273 133.9728 19.09985
v 25.98183 135.8743 23.79955
v 34.27135 145.4116 8.345421
v 32.0901 148.675 18.22862
v 28.76347 140.0154 3.190603
v 21.35799 139.153 7.562119
v 19.17672 142.4164 17.44522
v 24.40096 146.5422 22.9569
v 25.31961 154.4099 6.407972
v 25.31954 152.0219 15.32019
v 22.94325 152.6864 1.170076
v 18.84842 146.3101 4.237593
v 18.84837 143.9221 13.14991
v 22.94313 147.9104 18.99461
v 34.59717 115.4128 20.59695
v 6.316462 91.68341 23.74511
v 18.488 106.4045 31.45724
v 15.76995 100.0952 22.3884
v 25.59416 98.76436 15.0661
v 15.09597 88.69949 47.38969
v 14.73698 89.18708 48.99389
v 9.697968 93.06691 50.9435
v 9.395148 93.16703 49.16492
v 31.95174 112.7765 21.73376
v 34.72004 117.623 23.91055
v 34.17304 112.762 32.48228
v 30.9119 105.6385 29.53008
v 23.70351 115.9236 22.08088
v 20.49063 111.0196 29.49319
v 29.94436 120.2825 25.38448
v 28.9231 118.1323 32.95978
v 24.34395 120.7435 24.91933
v 22.21254 119.2787 32.11549
v 30.22122 105.3211 43.62777
v 25.41241 101.8329 42.38382
v 24.92414 104.8432 40.60294
v 28.21665 109.751 45.34019
v 22.22212 109.1642 45.40532
v 28.28065 102.2142 47.69921
v 23.38451 107.4713 48.94682
v 24.75612 98.02641 48.55128
v 21.80682 94.28614 46.80203
v 19.48866 103.1926 50.79372
v 18.15049 97.71958 47.36203
v 13.27086 103.937 42.52443
v 13.39263 102.5953 41.52693
v 12.975 101.8362 42.58557
v 12.85321 103.1779 43.5831
v 20.94434 93.94733 49.02401
v 16.15548 98.89858 51.42289
v 16.54945 99.90299 48.68964
v 18.74616 103.8578 40.99143
v 18.21564 106.5546 42.14149
v 17.98895 102.4165 43.63711
v 17.45852 105.1132 44.78726
v 37.61634 113.7769 19.17983
v 22.67534 124.1013 23.19242
v 33.24213 125.6439 25.11737
v 24.09087 111.8023 16.7159
v 32.68499 122.7474 30.49627
v 37.05933 110.8804 24.5587
v 22.11828 121.2047 28.57127
v 23.53386 108.9058 22.09476
v 32.3562 104.5913 16.27067
v 33.66905 114.5399 1.092051
v -0.105025 184.1975 18.71248
v 7.93017 178.8681 19.18709
v 8.37567 178.8708 11.40748
v 5.891468 179.1471 6.533881
v -0.10503 179.1471 3.030379
v 7.072271 178.8678 25.87149
v -0.105131 174.6688 31.3769
v 7.503168 173.5321 27.6263
v -0.105025 183.3554 26.01339
v 9.762465 173.1334 11.49619
v 9.762465 173.1334 11.49619
v 8.375664 170.7258 4.904284
v -0.105039 171.524 -1.514216
v -0.105246 157.647 30.29771
v 7.718058 161.3279 26.35711
v 5.891355 159.1417 15.2183
v 9.558557 162.0868 11.52569
v 5.891357 164.9673 4.688289
v -0.105042 167.2466 -0.987016
v 5.891355 159.1417 15.2183
v -0.105151 154.7188 17.6172
v 5.891355 159.1417 15.2183
v 10.90465 158.4482 9.714695
v 9.558557 162.0868 11.52569
v 10.22615 155.2337 -3.501709
v 5.891357 164.9673 4.688289
v -0.105053 156.4078 -14.87931
v -0.105042 167.2466 -0.987016
v -0.105025 184.1975 18.71248
v 7.93017 178.8681 19.18709
v -0.105145 158.7232 26.5363
v 7.718058 161.3279 26.35711
v -0.105246 157.647 30.29771
v -0.105145 158.7232 26.5363
v -18.10938 131.0468 27.62206
v -16.53865 125.4342 21.60073
v -16.47988 147.8582 23.51677
v -18.08071 142.1397 23.29832
v -20.26253 129.6605 12.11325
v -17.85834 123.4387 13.09237
v -26.09768 142.1196 3.933491
v -18.69078 146.8842 -4.453321
v -15.00396 130.287 -2.733932
v -9.175704 153.9145 -1.995598
v -10.33973 112.9872 22.4707
v -15.78166 114.0103 13.15648
v -8.891693 118.3432 1.993718
v -25.88035 138.7881 14.17279
v -12.96568 156.8484 7.834684
v -12.04157 157.0744 22.44278
v -25.89482 149.6068 20.77851
v -25.81324 154.4563 2.097271
v -19.66703 156.3787 -0.551516
v -24.88939 158.8014 13.54887
v -12.5759 111.1369 21.38977
v -17.18599 109.8294 13.69563
v -12.85914 114.8162 -2.511162
v -11.64749 161.5302 6.299108
v -12.04157 157.0744 22.44278
v -15.98083 100.0952 22.38842
v -21.63044 102.6596 12.61967
v -17.2668 99.81409 -3.567068
v -6.527465 91.68345 23.74521
v -22.86576 79.86443 28.89225
v -18.69897 106.4045 31.45739
v -25.02421 95.09475 13.9887
v -9.375334 89.85831 -4.481181
v -8.493913 81.69264 3.407141
v -7.660119 74.91331 21.90249
v -26.68399 79.38055 7.862765
v -12.83218 67.87332 27.04183
v -10.60548 58.69738 15.56882
v -28.18655 59.16372 15.33838
v -17.08731 60.69555 6.060936
v -17.1906 82.07825 -0.492819
v -22.18946 68.64343 26.43175
v -25.85067 62.13501 8.239606
v -16.34115 43.86124 19.07032
v -12.62929 46.57433 9.055565
v -12.0744 53.99807 18.36792
v -26.0126 45.05657 18.63541
v -27.83205 51.7224 18.82129
v -31.91085 45.25034 9.479126
v -14.6445 46.64519 4.820131
v -17.31513 53.13128 -3.7089
v -17.43814 56.70824 6.42716
v -25.31986 57.12754 6.847479
v -30.2852 48.76724 3.456051
v -26.02458 53.82212 -4.64011
v -15.81845 38.61643 12.83164
v -14.57205 30.97229 -2.114964
v -13.30021 38.59203 7.85398
v -18.77769 20.13205 0.937027
v -26.30571 20.88696 0.721333
v -26.71375 39.9368 12.97533
v -30.28222 33.43697 -3.388931
v -14.11129 41.97497 1.997932
v -18.27244 34.25269 -8.611404
v -17.66295 44.04811 -7.83152
v -26.24627 34.84924 -9.237261
v -30.78326 44.27069 0.566311
v -25.97247 44.72523 -8.714233
v -20.27976 21.91047 5.563614
v -17.48562 16.42838 -8.209739
v -18.18782 18.17138 -3.302854
v -29.1457 20.09316 -10.63727
v -32.00463 22.21196 2.901061
v -26.30571 20.88696 0.721333
v -32.00463 22.21196 2.901061
v -29.1457 20.09316 -10.63727
v -29.6483 14.21996 -10.22189
v -19.23266 13.39358 -12.54615
v -17.46978 18.84698 -20.72127
v -18.65039 24.28307 -13.07264
v -26.21782 24.8115 -12.92801
v -23.01264 19.20108 -22.11463
v -28.13393 0.495449 22.37365
v -19.62362 0.280569 2.783022
v -26.14046 6.961656 13.83334
v -32.74963 7.094349 9.910715
v -28.75722 13.62046 -0.869941
v -16.15851 0.284079 -9.862909
v -16.55331 -0.04492 -17.04182
v -17.00835 11.47958 -7.038929
v -24.929 12.79127 -16.97173
v -27.88874 0.324467 -20.83812
v -19.62419 12.69937 -2.252779
v -23.41407 13.21157 0.801123
v -35.71654 0.278248 -0.000971
v -35.50881 0.52224 19.1497
v -16.75094 47.49088 35.2201
v -16.77293 59.31497 46.02133
v -26.82229 48.77184 34.79017
v -25.60354 61.01423 43.71556
v -16.77293 59.31497 46.02133
v -10.60548 58.69738 15.56882
v -12.83218 67.87332 27.04183
v -22.18946 68.64343 26.43175
v -28.18655 59.16372 15.33838
v -25.60354 61.01423 43.71556
v -20.27976 21.91047 5.563614
v -18.77769 20.13205 0.937027
v -27.88874 0.324467 -20.83812
v -16.55331 -0.04492 -17.04182
v -16.15851 0.284079 -9.862909
v -19.62362 0.280569 2.783022
v -35.71654 0.278248 -0.000971
v -35.50881 0.52224 19.1497
v -28.13393 0.495449 22.37365
v -11.64749 161.5302 6.299108
v -45.59823 119.8255 20.68205
v -46.13 117.435 11.96193
v -41.32483 117.6567 15.41258
v -35.82097 125.3354 21.11311
v -41.05516 129.159 24.19256
v -46.34467 131.0043 19.70747
v -40.88779 139.6105 17.41677
v -40.94312 137.6321 9.852138
v -46.39993 129.0259 12.14281
v -39.30106 126.1945 0.986879
v -41.16573 125.2022 9.063358
v -30.41948 131.9632 11.25782
v -35.87629 123.357 13.5485
v -30.36416 133.9416 18.82244
v -34.90571 136.4714 11.92413
v -34.69536 151.6456 15.67885
v -34.77055 148.9549 5.390999
v -30.27197 141.7025 1.758791
v -25.38401 138.4099 8.080185
v -25.3089 141.1005 18.36809
v -30.12169 147.0837 22.33446
v -25.52991 152.0217 15.32031
v -25.52987 154.4098 6.408003
v -23.15353 152.6864 1.17021
v -19.05879 146.31 4.237759
v -19.05878 143.922 13.14995
v -23.15365 147.9104 18.99474
v -49.18388 122.2112 14.29146
v -6.527465 91.68345 23.74521
v -15.98083 100.0952 22.38842
v -18.69897 106.4045 31.45739
v -25.02421 95.09475 13.9887
v -57.51037 93.29271 51.94195
v -57.04425 99.11401 57.11286
v -58.59721 94.36724 52.71921
v -55.35901 98.57625 56.74458
v -48.19962 118.6304 15.49575
v -54.36791 118.2033 24.56424
v -49.89295 123.8765 17.84151
v -52.67207 110.7811 21.0815
v -40.22883 118.2086 19.28345
v -41.96382 111.5853 25.7978
v -48.3185 120.9726 28.08075
v -45.51349 124.2427 21.41058
v -41.84046 119.4758 29.77007
v -40.36056 122.513 22.91013
v -57.75494 108.5295 34.05899
v -54.2393 103.6059 33.57163
v -50.96969 104.6097 37.24201
v -55.28896 111.5718 37.4113
v -50.34174 108.6685 39.24923
v -59.00195 104.7688 37.02057
v -56.48167 110.5183 40.72952
v -59.58413 101.514 41.46508
v -58.02266 97.6632 44.3769
v -57.79751 107.5788 45.87967
v -55.97091 101.3639 47.12756
v -47.92339 105.754 48.48044
v -48.49763 103.8583 49.24274
v -47.52358 104.1336 48.32259
v -48.89732 105.4786 49.40059
v -59.68952 98.24471 46.01379
v -58.29769 104.1271 50.09606
v -55.79691 104.0132 48.5573
v -48.8508 104.64 42.9819
v -48.80179 107.6058 43.2605
v -51.26226 104.3487 44.91858
v -51.21333 107.3145 45.19711
v -51.74614 122.0791 11.60497
v -46.53131 130.4595 21.4939
v -37.16653 125.123 22.7447
v -39.75927 115.2485 13.20598
v -54.32095 118.5751 15.93223
v -49.10604 126.9554 25.82113
v -39.74127 121.619 27.07184
v -42.33399 111.7444 17.53321
v -49.00626 111.9853 8.271039
v -40.94972 123.3887 -3.396992
v -8.585732 178.8708 11.40759
v -8.140333 178.8681 19.18709
v -6.101534 179.1471 6.533884
v -7.282429 178.8678 25.8715
v -7.713434 173.5321 27.6263
v -9.972637 173.1333 11.49619
v -9.972637 173.1333 11.49619
v -8.585738 170.7258 4.90439
v -7.928445 161.3278 26.35711
v -9.768845 162.0867 11.5258
v -6.101648 159.1416 15.2184
v -6.101544 164.9672 4.688393
v -6.101648 159.1416 15.2184
v -6.101648 159.1416 15.2184
v -9.768845 162.0867 11.5258
v -11.11495 158.4482 9.714701
v -6.101544 164.9672 4.688393
v -10.43635 155.2337 -3.501705
v -8.140333 178.8681 19.18709
v -7.928445 161.3278 26.35711
vn -0.21023 0.080394 0.974341
vn -0.03331 0.289274 0.956667
vn -0.450842 0.056125 0.890838
vn 0.365908 0.203086 0.908222
vn 0.287141 0.34694 0.892851
vn 0.654196 0.266509 0.707814
vn -0.479652 -0.101932 0.871519
vn -0.018721 -0.000645 0.999825
vn 0.413807 0.075023 0.907268
vn 0.730103 0.128355 0.671174
vn -0.516397 -0.175192 -0.838237
vn -0.30872 -0.167698 -0.936253
vn -0.395789 -0.168052 -0.902834
vn -0.397084 -0.149716 -0.905489
vn 0.132535 -0.062908 -0.98918
vn -0.04212 -0.122159 -0.991616
vn 0.377884 0.034363 -0.925215
vn 0.263384 -0.019961 -0.964485
vn -1 0.000042 -0.000017
vn -1 0.000042 -0.000017
vn -1 0.000042 -0.000017
vn -1 0.000042 -0.000017
vn -1 0.000042 -0.000017
vn -1 0.000042 -0.000017
vn 0.178771 0.248415 0.952014
vn 0.396519 0.762922 0.510611
vn 0.286916 0.520312 0.804335
vn 0.086454 0.188346 0.97829
vn 0.267822 0.8532 -0.447572
vn 0.392624 0.913886 -0.103247
vn 0.080395 0.735921 -0.672278
vn 0.151586 0.686106 -0.711534
vn -0.083131 -0.734324 0.67369
vn -0.101095 -0.993155 0.058509
vn -0.096704 -0.908224 0.407158
vn -0.080644 -0.733019 0.675411
vn -0.096358 -0.591594 -0.800457
vn -0.100973 -0.832542 -0.544683
vn -0.080195 -0.315859 -0.945411
vn -0.083082 -0.313431 -0.94597
vn -1 0.000042 -0.000017
vn -1 0.000042 -0.000017
vn -1 0.000042 -0.000017
vn -1 0.000042 -0.000017
vn -1 0.000042 -0.000017
vn -1 0.000042 -0.000017
vn 0.229153 0.290695 0.92897
vn 0.423659 0.765426 0.484392
vn 0.330169 0.540098 0.774134
vn 0.143769 0.201635 0.968852
vn 0.309807 0.847843 -0.430328
vn 0.417358 0.903109 -0.101026
vn 0.155593 0.747768 -0.645472
vn 0.197527 0.694684 -0.691663
vn -0.126402 -0.774099 0.620317
vn -0.133455 -0.989762 0.050597
vn -0.139861 -0.921756 0.36167
vn -0.147534 -0.793993 0.589754
vn -0.133479 -0.642361 -0.754689
vn -0.133431 -0.846777 -0.514942
vn -0.126842 -0.391305 -0.911478
vn -0.119362 -0.402599 -0.907561
vn 0.395701 0.862549 -0.315327
vn 0.39554 0.837739 -0.376487
vn 0.385995 0.913727 -0.12693
vn 0.378408 0.706038 -0.598597
vn 0.369932 0.664524 -0.649275
vn 0.335465 0.525249 -0.782034
vn 0.681501 0.521454 0.513461
vn 0.939076 0.341156 0.041823
vn 0.839368 0.453563 0.29957
vn 0.681501 0.521454 0.513461
vn 0.767317 -0.099752 -0.633462
vn 0.903034 0.064502 -0.4247
vn 0.581896 -0.243188 -0.776052
vn 0.581896 -0.243188 -0.776052
vn -0.67571 0.159393 0.719729
vn -0.888229 -0.104909 0.447262
vn -0.810236 0.022487 0.585672
vn -0.766416 0.100542 0.634427
vn -0.87023 -0.448845 -0.203071
vn -0.937276 -0.343909 0.056916
vn -0.681501 -0.521454 -0.513461
vn -0.761005 -0.510052 -0.400897
vn -0.988016 -0.109123 -0.10916
vn -0.996992 -0.054804 -0.0548
vn -0.932135 0.21699 -0.289897
vn 0.988016 -0.109126 -0.109157
vn 0.912979 0.226316 -0.339487
vn 0.998358 -0.040525 -0.040496
vn -0.999991 -0.003081 -0.003108
vn -0.932668 0.296025 -0.206156
vn 0.946714 0.248879 -0.204431
vn 0.999169 0.028817 0.028831
vn -0.997122 0.053612 0.053611
vn -0.858945 0.393848 -0.327258
vn 0.882259 0.342107 -0.323393
vn 0.999581 -0.020487 -0.020447
vn 0.000038 0.707145 0.707068
vn -0.000032 0.885604 -0.464441
vn -0.994253 0.075723 0.075682
vn 0.994254 0.075672 0.075719
vn -0.858945 0.393848 -0.327258
vn -0.997122 0.053612 0.053611
vn -0.991325 0.092957 0.092923
vn -0.850997 -0.31342 -0.421394
vn 0.999581 -0.020487 -0.020447
vn 0.882259 0.342107 -0.323393
vn 0.884499 -0.122782 -0.450096
vn 1 -0.000196 -0.000165
vn -0.961064 -0.074152 -0.266192
vn -0.85144 0.517107 0.087465
vn -0.869841 -0.119366 -0.478674
vn 0.987083 0.084167 -0.136319
vn 0.869828 -0.119386 -0.478693
vn 0.876039 0.48132 -0.02978
vn -0.760259 0.563537 0.323159
vn 0.776196 0.5512 0.306102
vn -0.397616 0.648822 -0.648793
vn -1 0.000042 -0.000017
vn -1 0.000042 -0.000017
vn 0.196192 0.610466 -0.76736
vn 1 -0.000042 0.000017
vn 1 -0.000042 0.000017
vn 1 -0.000042 0.000017
vn 0.91716 -0.384928 -0.103189
vn 0.917157 0.103107 -0.384957
vn 0.917158 -0.103101 0.384955
vn 0.917144 0.384978 0.103141
vn 0.095524 -0.059673 -0.993637
vn 0.000008 -0.834506 -0.550999
vn -0.000019 0.551033 -0.834484
vn 0.095591 -0.99363 0.059684
vn 0.000019 -0.551033 0.834484
vn 0.095591 0.059611 0.993634
vn -0.000008 0.834506 0.550999
vn 0.095558 0.993639 -0.059586
vn -0.932139 -0.289908 0.216956
vn 0.91295 -0.339543 0.226346
vn -0.932671 -0.206182 0.295998
vn 0.946696 -0.204437 0.248943
vn -0.85894 -0.327313 0.393812
vn 0.882258 -0.323417 0.342085
vn -0.000052 -0.464493 0.885577
vn -0.85894 -0.327313 0.393812
vn -0.85097 -0.421432 -0.31344
vn 0.884502 -0.450092 -0.122773
vn 0.882258 -0.323417 0.342085
vn -0.961058 -0.266213 -0.074156
vn -0.869828 -0.478699 -0.11936
vn -0.851463 0.087446 0.517072
vn 0.987075 -0.136342 0.084232
vn 0.876067 -0.029708 0.481273
vn 0.869862 -0.478632 -0.119377
vn -0.760215 0.323241 0.563551
vn 0.776219 0.306136 0.551149
vn -0.397694 -0.648803 0.648764
vn 0.196179 -0.76734 0.610494
vn 1 -0.000042 0.000017
vn 1 -0.000042 0.000017
vn 1 -0.000042 0.000017
vn 1 -0.000042 0.000017
vn 1 -0.000042 0.000017
vn 1 -0.000042 0.000017
vn -0.178779 0.248391 0.952019
vn -0.286967 0.520315 0.804315
vn -0.396557 0.762863 0.510669
vn -0.086505 0.188362 0.978283
vn -0.392559 0.913913 -0.103253
vn -0.267741 0.853242 -0.44754
vn -0.151581 0.686062 -0.711577
vn -0.080476 0.735954 -0.672232
vn 0.083178 -0.734322 0.673686
vn 0.096751 -0.908218 0.407159
vn 0.101098 -0.993154 0.058527
vn 0.080674 -0.732982 0.675447
vn 0.100988 -0.832534 -0.544692
vn 0.096366 -0.591618 -0.800438
vn 0.083041 -0.313441 -0.94597
vn 0.080261 -0.315856 -0.945406
vn 1 -0.000042 0.000017
vn 1 -0.000042 0.000017
vn 1 -0.000042 0.000017
vn 1 -0.000042 0.000017
vn 1 -0.000042 0.000017
vn 1 -0.000042 0.000017
vn -0.229151 0.290692 0.928972
vn -0.330139 0.54009 0.774152
vn -0.423639 0.76542 0.484419
vn -0.143834 0.201564 0.968857
vn -0.417321 0.903129 -0.101
vn -0.309825 0.84782 -0.43036
vn -0.197481 0.694666 -0.691694
vn -0.155561 0.747791 -0.645453
vn 0.12634 -0.774072 0.620364
vn 0.139808 -0.921743 0.361723
vn 0.133518 -0.989756 0.050565
vn 0.147569 -0.793937 0.58982
vn 0.133361 -0.84681 -0.514905
vn 0.133408 -0.642343 -0.754717
vn 0.119401 -0.40255 -0.907577
vn 0.126855 -0.391299 -0.911479
vn -0.449643 0.892687 -0.030521
vn -0.431807 0.886924 0.164038
vn -0.451839 0.886897 -0.096206
vn -0.44126 0.827195 -0.347905
vn -0.433784 0.802943 -0.408796
vn -0.400706 0.710914 -0.577958
vn -0.674052 0.307985 0.671416
vn -0.840452 0.296643 0.453478
vn -0.949253 0.259075 0.17832
vn -0.674052 0.307985 0.671416
vn -0.927105 0.133733 -0.35013
vn -0.796112 0.045871 -0.603408
vn -0.612851 -0.038591 -0.789256
vn -0.612851 -0.038591 -0.789256
vn 0.706954 -0.019493 0.706991
vn 0.839669 -0.10316 0.533211
vn 0.91534 -0.179737 0.360343
vn 0.795238 -0.045386 0.604596
vn 0.953055 -0.290688 -0.084779
vn 0.876362 -0.318563 -0.361259
vn 0.759118 -0.325512 -0.563722
vn 0.674052 -0.307985 -0.671416
vn 0.988016 -0.109126 -0.109157
vn 0.932116 0.217065 -0.289901
vn 0.996991 -0.054798 -0.054837
vn -0.988016 -0.109123 -0.10916
vn -0.998359 -0.040487 -0.0405
vn -0.912961 0.226334 -0.339522
vn 0.932669 0.295987 -0.206203
vn 0.999991 -0.003061 -0.003077
vn -0.999167 0.02887 0.028841
vn -0.946715 0.248925 -0.204373
vn 0.858926 0.393857 -0.327295
vn 0.997123 0.053607 0.053596
vn -0.999582 -0.020423 -0.020442
vn -0.882247 0.342128 -0.323402
vn 0.000038 0.707145 0.707068
vn 0.994254 0.075672 0.075719
vn -0.000032 0.885604 -0.464441
vn -0.994253 0.075723 0.075682
vn 0.858926 0.393857 -0.327295
vn 0.991337 0.092895 0.092853
vn 0.997123 0.053607 0.053596
vn 0.850981 -0.313391 -0.421447
vn -0.999582 -0.020423 -0.020442
vn -0.884469 -0.122805 -0.450149
vn -0.882247 0.342128 -0.323402
vn -1 -0.000216 -0.000196
vn 0.961054 -0.074123 -0.266236
vn 0.869828 -0.119386 -0.478693
vn 0.851437 0.517106 0.087502
vn -0.987075 0.084162 -0.136377
vn -0.87605 0.481303 -0.029742
vn -0.869841 -0.119366 -0.478674
vn 0.760231 0.563545 0.323211
vn -0.77618 0.551196 0.30615
vn 0.397694 0.648803 -0.648764
vn 1 -0.000042 0.000017
vn 1 -0.000042 0.000017
vn -0.196248 0.610492 -0.767324
vn -1 0.000042 -0.000017
vn -1 0.000042 -0.000017
vn -1 0.000042 -0.000017
vn -0.917158 0.103101 -0.384955
vn -0.917144 -0.384978 -0.103141
vn -0.917157 -0.103107 0.384957
vn -0.91716 0.384928 0.103189
vn -0.095591 -0.059611 -0.993634
vn -0.095558 -0.993639 0.059586
vn -0.095524 0.059673 0.993637
vn -0.095591 0.99363 -0.059684
vn 0.932144 -0.289859 0.217001
vn -0.912949 -0.339548 0.226342
vn 0.932648 -0.206238 0.296032
vn -0.946714 -0.204373 0.248925
vn 0.85895 -0.32728 0.393818
vn -0.882243 -0.323432 0.342111
vn -0.000052 -0.464493 0.885577
vn 0.85895 -0.32728 0.393818
vn 0.85098 -0.421454 -0.313385
vn -0.882243 -0.323432 0.342111
vn -0.88447 -0.45016 -0.122755
vn 0.961061 -0.266186 -0.074206
vn 0.851427 0.087421 0.517136
vn 0.869862 -0.478632 -0.119377
vn -0.98708 -0.136341 0.084169
vn -0.869828 -0.478699 -0.11936
vn -0.876039 -0.029769 0.48132
vn 0.76021 0.323224 0.563566
vn -0.776194 0.306121 0.551192
vn 0.397616 -0.648822 0.648793
vn -0.196263 -0.767356 0.610448
vn 0.683857 -0.256262 0.683132
vn 0.000023 -0.679094 0.734051
vn 0.601203 -0.60235 0.5251
vn -0.000002 0.221364 0.975191
vn 0.446576 0.418914 0.790621
vn 0.556739 0.059993 0.828518
vn -0.000008 0.386987 0.922085
vn 0.927212 -0.369847 -0.059092
vn 0.88248 -0.468823 -0.037865
vn 0.796835 -0.359155 -0.485863
vn 0.561693 -0.410367 -0.718401
vn 0.373584 0.097343 -0.922475
vn 0.000033 0.001993 -0.999998
vn -0.000005 -0.332866 -0.942974
vn 0.260396 0.525549 -0.809934
vn 0.000008 0.395627 -0.918411
vn -0.000045 -0.440792 0.897609
vn 0.637688 -0.402952 0.656494
vn 0.976705 -0.190027 0.099685
vn 0.678248 0.141804 -0.721021
vn 0.000257 0.641097 -0.76746
vn 0.866712 -0.34493 0.360326
vn 0.430633 0.893351 0.128368
vn 0.839209 0.380546 0.388476
vn 0.140862 0.331695 0.932811
vn 0.596984 0.409025 -0.690152
vn 0.1401 0.814964 -0.562321
vn -0.055964 0.990609 0.124746
vn 0.631245 -0.236928 0.738508
vn 0.911721 0.367317 0.183965
vn 0.029374 -0.498825 0.866205
vn 0.439689 0.849118 -0.292699
vn 0.051231 0.635459 -0.770433
vn 0.826612 0.406171 -0.389535
vn -0.000037 0.653373 -0.757036
vn -0.493942 0.858893 0.135365
vn -0.000047 0.949115 0.314931
vn -0.000003 0.999433 0.033667
vn 0.661922 0.183301 0.726815
vn 0.889628 0.451562 0.068225
vn -0.003466 -0.033226 0.999442
vn 0.537961 0.23259 -0.810247
vn 0.000015 -0.097167 -0.995268
vn -0.009591 -0.956895 0.290275
vn -0.07593 -0.309149 0.947978
vn -0.000014 -0.641661 0.766988
vn 0.467553 0.239363 0.850941
vn 0.554301 -0.052612 0.830652
vn 0.920713 0.383759 0.070831
vn -0.037361 -0.902032 -0.430049
vn -0.000002 -0.79313 -0.609053
vn -0.324541 -0.453936 -0.829828
vn -0.671507 -0.640183 -0.373155
vn -0.87388 -0.338954 0.348488
vn 0.875668 -0.076068 -0.476886
vn -0.910466 -0.400898 0.101651
vn -0.50064 0.010689 0.86559
vn 0.98336 0.161593 -0.083013
vn -0.313938 -0.625334 -0.714423
vn 0.248938 -0.500592 -0.829119
vn 0.525698 0.066279 0.848085
vn 0.65345 -0.274178 -0.705571
vn -0.350216 -0.639469 0.684418
vn -0.953869 -0.295976 -0.050326
vn -0.999271 -0.037474 -0.007295
vn 0.703716 -0.405557 0.583359
vn 0.981112 0.030727 0.190983
vn 0.977719 0.021741 0.208789
vn -0.945725 0.140578 -0.292989
vn -0.71602 0.329322 -0.615518
vn -0.718709 0.247325 -0.649837
vn 0.487766 0.381861 -0.785026
vn 0.862087 0.306674 -0.403431
vn 0.312453 0.582654 -0.750258
vn -0.605602 -0.334648 0.721982
vn -0.947103 -0.202788 0.248744
vn -0.979041 -0.195201 0.058103
vn -0.628118 -0.197315 0.752685
vn 0.392909 -0.323816 0.860678
vn 0.805488 -0.163452 0.569625
vn 0.964178 -0.021789 -0.264362
vn -0.966884 -0.040945 -0.25191
vn -0.557167 -0.159791 -0.814882
vn -0.6083 -0.082547 -0.789403
vn 0.404952 -0.100055 -0.908847
vn 0.902162 0.081403 -0.423647
vn 0.419009 0.032508 -0.9074
vn -0.21268 -0.614623 0.759609
vn -0.831514 -0.353103 0.42884
vn -0.966261 -0.194592 0.168741
vn 0.664822 0.70375 -0.250494
vn 0.250889 0.898773 0.35953
vn 0.421514 0.899425 0.115587
vn 0.895516 -0.326268 0.302656
vn 0.942293 0.146234 -0.301164
vn 0.961557 0.00743 -0.274504
vn -0.899624 -0.040294 -0.434803
vn -0.820468 0.287563 -0.494105
vn -0.723906 -0.278132 -0.63135
vn 0.552875 0.256903 -0.792673
vn 0.40232 0.331068 -0.853541
vn -0.425138 0.67113 0.607324
vn -0.250305 0.794082 0.553878
vn -0.917876 0.171141 0.358071
vn 0.635248 0.309425 0.707613
vn 0.685972 0.689554 0.232288
vn -0.989171 0.110436 0.096669
vn -0.757243 0.337951 -0.558903
vn -0.995004 0.078147 0.062134
vn 0.258963 0.334279 -0.906199
vn 0.113434 -0.349908 -0.929891
vn -0.8236 0.315193 0.471525
vn -0.431865 0.418951 0.798732
vn 0.940201 0.320068 -0.116526
vn 0.534465 0.748615 0.39233
vn -0.466234 -0.504222 0.726902
vn -0.412194 -0.374422 0.830605
vn 0.628444 -0.221414 0.745677
vn 0.776799 -0.443191 0.447398
vn -0.511998 0.852476 -0.105561
vn -0.703495 0.598725 -0.382915
vn -0.981077 0.191479 -0.028688
vn 0.011739 0.765038 -0.643878
vn 0.14225 0.94573 -0.292165
vn 0.462622 0.644529 -0.608739
vn -0.059041 0.861166 0.504884
vn 0.018068 0.90977 0.41472
vn 0.01695 -0.999742 0.015139
vn 0.02563 -0.99939 0.023714
vn 0.048672 -0.997642 0.048401
vn 0.002762 -0.999986 0.004435
vn 0.000839 -0.999985 0.005406
vn 0.00458 -0.999937 0.010299
vn 0.007078 -0.999944 0.007872
vn -0.000054 0.818221 0.574903
vn -0.368196 0.833334 0.412295
vn -0.036028 -0.723916 0.688947
vn -0.739324 -0.669699 -0.070025
vn -0.002033 -0.795555 -0.605879
vn -0.872027 -0.124005 0.47349
vn -0.060975 0.127194 0.990002
vn 0.779923 0.077977 0.620999
vn 0.964081 -0.076683 -0.2543
vn 0.761995 0.234099 0.60379
vn 0.922496 -0.13026 -0.363366
vn 0.20497 -0.420518 -0.883828
vn 0.203531 -0.454247 -0.867315
vn -0.752413 -0.340163 -0.56406
vn -0.741192 -0.400514 -0.538724
vn -0.946278 -0.079351 0.313469
vn -0.174823 0.203823 0.963272
vn 0.838282 0.420097 -0.347565
vn 0.811333 0.27006 0.518466
vn 0.029434 0.052322 -0.998196
vn -0.824995 -0.192958 -0.531179
vn -0.878768 -0.322259 0.352017
vn 0.0037 -0.29495 0.955506
vn 0.106313 0.984872 0.136836
vn 0.837175 0.192939 0.511774
vn -0.502978 0.733 -0.457957
vn -0.839447 -0.073294 -0.538477
vn -0.534502 -0.843594 -0.051548
vn 0.493644 -0.743464 0.451195
vn 0.919697 -0.392124 -0.019921
vn -0.659579 0.695137 -0.285903
vn -0.422166 0.798547 -0.429067
vn -0.422166 0.798547 -0.429067
vn -0.13124 0.606655 -0.784057
vn -0.332187 -0.789385 -0.516259
vn 0.267713 -0.824856 0.497939
vn -0.492224 -0.463089 0.737065
vn -0.813385 0.332446 -0.477373
vn 0.647071 -0.619641 -0.444235
vn 0.882627 0.418157 0.214741
vn 0.980349 0.050145 0.190792
vn 0.304612 -0.855468 -0.418791
vn -0.642897 -0.455795 -0.615576
vn -0.908253 -0.289797 -0.301819
vn 0.24682 0.929577 0.2738
vn 0.35109 0.815773 0.459621
vn -0.765916 0.634913 -0.10128
vn -0.610551 0.749562 0.255703
vn 0.932567 -0.330164 0.145983
vn 0.071554 -0.937798 -0.339728
vn -0.285602 -0.611669 -0.737762
vn 0.539741 0.681906 0.493643
vn -0.228539 0.965347 0.126
vn 0.60448 -0.188501 0.773997
vn -0.187135 0.702554 0.686584
vn 0.28855 -0.230081 0.929409
vn 0.714541 -0.693356 0.093216
vn -0.218239 0.327498 0.919302
vn -0.563372 -0.822578 0.077311
vn -0.778236 0.609872 -0.149684
vn -0.467054 0.06735 -0.88166
vn -0.604807 -0.749425 -0.269389
vn -0.649575 -0.031019 0.759665
vn 0.628654 0.10154 0.771028
vn -0.14062 0.784621 0.603819
vn -0.9489 0.283502 0.138621
vn 0.009125 -0.33702 -0.941453
vn -0.298572 0.817897 -0.491832
vn -0.156645 -0.972339 0.17326
vn -0.709288 0.519496 0.476482
vn 0.858145 0.353663 -0.37217
vn -0.653839 0.560194 -0.508604
vn 0.244145 0.965035 0.095396
vn -0.776542 0.030854 -0.62931
vn 0.72165 0.575559 0.384647
vn 0.832195 -0.462262 0.306212
vn -0.603738 0.726319 0.328574
vn -0.855259 -0.517563 -0.025725
vn 0.178867 -0.960861 -0.211548
vn 0.199296 -0.158406 -0.967052
vn 0.000001 0.987019 -0.160604
vn 0.817297 0.574297 0.046999
vn 0.817015 0.551508 -0.168304
vn 0.548803 0.648502 -0.527504
vn 0.000001 0.793533 -0.608527
vn 0.743499 0.534798 0.401499
vn 0 0.283796 0.958885
vn 0.756088 0.067398 0.65099
vn 0.000001 0.829627 0.558318
vn 0.997051 -0.004701 0.076596
vn 0.999908 0.007699 -0.0112
vn 0.829586 0.025598 -0.557791
vn 0 0.281608 -0.95953
vn 0 -0.078401 0.996922
vn 0.805733 -0.492221 0.329414
vn 0.713977 -0.0113 0.700078
vn 0.990285 -0.017901 0.137898
vn 0.860004 -0.231603 -0.454702
vn -0 -0.2128 -0.977096
vn 0.821192 -0.570196 -0.0228
vn -0.000001 -0.96574 0.259512
vn 0.733569 -0.065298 0.676471
vn 0.933609 0.346202 0.0923
vn 0.942902 0.227999 0.2428
vn 0.708461 0.603865 -0.36528
vn 0.788615 0.542309 -0.289806
vn 0.000001 0.78843 -0.615125
vn 0.000001 0.81219 -0.583394
vn 0.000001 0.995037 0.099503
vn 0.837721 0.535412 0.107502
vn -0.000001 -0.912271 0.409588
vn 0.299401 -0.917307 -0.262501
vn -0.000001 -0.961415 -0.275104
vn -0.000001 -0.961415 -0.275104
vn -0.683894 -0.256249 0.6831
vn -0.601259 -0.60237 0.525013
vn -0.446646 0.418913 0.790582
vn -0.55675 0.060026 0.828509
vn -0.882488 -0.468805 -0.037901
vn -0.927182 -0.369908 -0.059174
vn -0.796825 -0.359191 -0.485852
vn -0.373524 0.097319 -0.922502
vn -0.561705 -0.41037 -0.71839
vn -0.260399 0.525539 -0.809939
vn -0.637951 -0.335705 0.693052
vn -0.982693 -0.122687 0.138787
vn -0.694625 0.093881 -0.71322
vn -0.866728 -0.34488 0.360335
vn -0.430627 0.89334 0.128464
vn -0.839257 0.38053 0.388388
vn -0.140824 0.331722 0.932807
vn -0.596983 0.408961 -0.69019
vn -0.140167 0.81497 -0.562297
vn 0.055997 0.990601 0.124796
vn -0.710582 -0.063407 0.700752
vn -0.890422 0.437453 0.125636
vn -0.533052 0.797652 -0.282148
vn -0.826626 0.406205 -0.38947
vn 0.493895 0.858923 0.135347
vn -0.644168 0.230123 0.729446
vn -0.880171 0.472017 0.049984
vn -0.595034 0.215381 -0.774304
vn 0.194239 -0.250992 0.948301
vn -0.479121 -0.057425 0.875868
vn -0.427803 -0.021597 0.903614
vn -0.970267 0.229506 0.076866
vn 0.239039 -0.521807 -0.818888
vn 0.729436 -0.486339 -0.481039
vn 0.913628 -0.271126 0.302943
vn -0.887082 0.017442 -0.461283
vn 0.510138 -0.164448 0.844225
vn 0.94142 -0.329688 -0.070959
vn -0.993809 0.109211 0.020398
vn 0.343556 -0.279189 -0.896673
vn -0.226561 -0.290185 -0.929765
vn -0.48037 -0.21537 0.850212
vn -0.67764 -0.05242 -0.733523
vn 0.414973 -0.80191 0.429812
vn 0.998213 0.028191 -0.052688
vn 0.963702 -0.220648 -0.150312
vn -0.65258 -0.61317 0.445155
vn -0.964907 -0.107243 0.239693
vn -0.969938 -0.094307 0.224336
vn 0.921622 0.28453 -0.263925
vn 0.671661 0.485591 -0.559529
vn 0.68119 0.512357 -0.522945
vn -0.571922 0.516248 -0.63749
vn -0.894689 0.365638 -0.256594
vn -0.378005 0.771497 -0.511766
vn 0.657233 -0.510009 0.55492
vn 0.987803 -0.151346 -0.036593
vn 0.967219 -0.213086 0.138141
vn 0.694362 -0.371703 0.616197
vn -0.773064 -0.39489 0.496423
vn -0.332207 -0.605339 0.723328
vn -0.970895 0.005252 -0.239448
vn 0.953422 0.10111 -0.284191
vn 0.569818 0.211551 -0.794074
vn 0.52124 0.143481 -0.841263
vn -0.446179 0.170924 -0.87847
vn -0.925686 0.156968 -0.344189
vn -0.46642 0.294933 -0.833946
vn 0.217598 -0.591714 0.776226
vn 0.982068 -0.124902 0.14122
vn 0.877484 -0.2973 0.376345
vn -0.113561 0.977642 -0.176977
vn -0.047177 0.995963 -0.076365
vn 0.0511 0.991145 0.12256
vn -0.895526 -0.326196 0.302703
vn -0.95154 -0.038501 -0.305104
vn -0.940939 0.1437 -0.30657
vn 0.897424 -0.005399 -0.441136
vn 0.722291 -0.264199 -0.639136
vn 0.75646 0.401499 -0.516301
vn -0.562764 0.423141 -0.710105
vn -0.414902 0.285692 -0.86385
vn 0.425121 0.671082 0.607388
vn 0.917876 0.171112 0.358084
vn 0.250279 0.794105 0.553858
vn -0.685943 0.689566 0.232337
vn -0.635242 0.309386 0.707636
vn 0.98917 0.110407 0.096715
vn 0.757242 0.337996 -0.558877
vn 0.995006 0.078101 0.062163
vn -0.113499 -0.349889 -0.92989
vn -0.258895 0.3343 -0.90621
vn 0.823588 0.315198 0.471544
vn 0.431849 0.418989 0.798721
vn -0.940187 0.320084 -0.116597
vn -0.53451 0.748609 0.39228
vn 0.528461 -0.677089 0.512133
vn 0.473255 -0.593673 0.650832
vn -0.731516 -0.608588 0.307416
vn -0.577951 -0.486184 0.655437
vn 0.472075 0.793528 0.384004
vn 0.984835 0.02418 0.171803
vn 0.700649 0.665909 0.256235
vn -0.250181 0.95703 0.14664
vn -0.830192 0.556822 -0.027036
vn -0.440275 0.868984 0.225887
vn 0.014065 0.999371 0.032552
vn 0.092264 0.976254 0.195999
vn -0.016923 -0.999742 0.015169
vn -0.048737 -0.997638 0.0484
vn -0.02567 -0.999389 0.023717
vn -0.002769 -0.999986 0.004448
vn -0.000788 -0.999986 0.005317
vn -0.004571 -0.999936 0.010351
vn -0.007045 -0.999944 0.007842
vn 0.368172 0.833349 0.412286
vn -0.491702 -0.858906 0.143215
vn 0.162583 -0.376679 -0.911965
vn 0.420035 -0.899746 -0.118435
vn 0.611419 -0.161743 0.774601
vn 0.220493 0.357105 0.907667
vn -0.824899 0.388312 0.4108
vn -0.609496 0.71207 0.348529
vn -0.817628 0.366164 -0.444306
vn -0.952987 0.206298 -0.22194
vn 0.576435 -0.282154 -0.766885
vn -0.162237 -0.933938 -0.318496
vn 0.777547 -0.616484 0.123965
vn 0.61416 -0.721775 -0.319136
vn 0.478298 -0.504387 0.718905
vn -0.635899 -0.452869 0.624934
vn -0.069639 0.978246 0.195411
vn -0.528895 0.628017 -0.570846
vn -0.401549 0.889974 -0.216115
vn 0.897706 -0.439527 0.030663
vn 0.814564 -0.291464 0.501531
vn -0.116983 0.436856 0.891893
vn -0.57784 0.326094 0.748174
vn -0.087442 0.941304 0.326038
vn -0.688473 -0.180906 0.702337
vn -0.882593 -0.1206 0.454407
vn 0.231034 -0.792934 0.563808
vn -0.006734 -0.509661 0.860349
vn -0.844127 0.065624 -0.532112
vn 0.659587 0.695122 -0.28592
vn 0.376391 0.80959 -0.450438
vn 0.376391 0.80959 -0.450438
vn 0.058662 0.827683 -0.558122
vn 0.33837 -0.892194 0.299157
vn -0.576399 -0.113793 0.809206
vn -0.789625 -0.602594 0.115643
vn 0.843044 0.201888 0.498516
vn -0.579674 -0.25655 -0.773408
vn -0.903397 0.408943 -0.128996
vn -0.710996 0.702921 0.019674
vn -0.370323 -0.609438 -0.701032
vn 0.651156 -0.594694 -0.471524
vn 0.796158 -0.598321 -0.090247
vn -0.223095 0.826599 0.516684
vn -0.023343 0.911507 0.410621
vn 0.668628 0.406058 0.622939
vn 0.902612 0.289147 0.318881
vn -0.912871 0.053373 -0.404744
vn -0.082135 -0.6818 -0.726913
vn 0.76678 -0.608596 0.204108
vn -0.4872 0.727978 0.482374
vn 0.370963 0.645056 0.668048
vn -0.984478 0.110049 -0.13672
vn -0.214594 0.909458 0.356141
vn -0.979306 0.108775 0.170669
vn -0.502738 -0.631012 -0.590828
vn -0.56497 0.682457 0.463748
vn -0.078027 -0.615979 0.783889
vn 0.631389 0.576539 0.518605
vn 0.248605 -0.74047 0.62442
vn 0.969561 -0.222673 0.101823
vn -0.399941 0.308073 0.863214
vn -0.892609 0.309806 -0.327521
vn -0.211482 0.957955 0.193899
vn 0.365478 0.415766 0.832805
vn 0.62726 -0.757983 -0.178906
vn 0.79488 0.60227 -0.073741
vn -0.33859 -0.804981 0.487199
vn 0.041993 0.735726 0.675976
vn -0.478455 0.704859 -0.523693
vn 0.060874 0.964176 0.258184
vn 0.943306 0.314035 -0.107498
vn 0.927313 -0.202268 -0.314927
vn -0.985471 -0.130334 -0.108903
vn -0.589271 0.76258 0.266892
vn 0.622262 0.38472 0.681748
vn 0.580896 -0.805396 0.117891
vn -0.37773 -0.779886 -0.499097
vn 0.160217 0.050095 -0.98581
vn -0.817013 0.55151 -0.168303
vn -0.817296 0.574298 0.047
vn -0.548802 0.648504 -0.527503
vn -0.743497 0.5348 0.401499
vn -0.756088 0.0674 0.65099
vn -0.997051 -0.004698 0.076597
vn -0.999908 0.007701 -0.0112
vn -0.829587 0.0256 -0.557791
vn -0.805734 -0.492219 0.329414
vn -0.990285 -0.017898 0.137898
vn -0.713977 -0.011298 0.700078
vn -0.860004 -0.2316 -0.454702
vn -0.821194 -0.570194 -0.022799
vn -0.733569 -0.065296 0.676472
vn -0.942902 0.228002 0.242801
vn -0.933608 0.346204 0.092301
vn -0.788614 0.542311 -0.289806
vn -0.70846 0.603867 -0.36528
vn -0.83772 0.535414 0.107503
vn -0.299403 -0.917306 -0.262501
vt 0.5762 0.3319
vt 0.5762 0.5266
vt 0.5074 0.4835
vt 0.7136 0.3319
vt 0.7136 0.5266
vt 0.7824 0.4835
vt 0.5415 0.0009
vt 0.5932 0.0009
vt 0.6966 0.0009
vt 0.7483 0.0009
vt 0.1909 0.4392
vt 0.1682 0.4392
vt 0.1796 0.6912
vt 0.2138 0.6684
vt 0.1228 0.4392
vt 0.1114 0.6912
vt 0.1001 0.4392
vt 0.0773 0.6684
vt 0.3529 0.3007
vt 0.3529 0.2981
vt 0.2634 0.2908
vt 0.4312 0.3007
vt 0.4312 0.2981
vt 0.5193 0.2907
vt 0.274 0.1974
vt 0.3561 0.2066
vt 0.3529 0.3007
vt 0.2634 0.2908
vt 0.428 0.2066
vt 0.4312 0.3007
vt 0.5087 0.1973
vt 0.5193 0.2907
vt 0.1021 0.4552
vt 0.1084 0.5164
vt 0.1872 0.512
vt 0.1803 0.4453
vt 0.1084 0.6141
vt 0.1872 0.6185
vt 0.1022 0.6766
vt 0.1804 0.6866
vt 0.3652 0.1963
vt 0.3652 0.1938
vt 0.3039 0.1898
vt 0.4188 0.1963
vt 0.4188 0.1938
vt 0.4791 0.1897
vt 0.3139 0.0992
vt 0.3682 0.0979
vt 0.3652 0.1963
vt 0.3039 0.1898
vt 0.4158 0.0979
vt 0.4188 0.1963
vt 0.4692 0.0991
vt 0.4791 0.1897
vt 0.0996 0.482
vt 0.1027 0.5306
vt 0.1859 0.5256
vt 0.1819 0.4707
vt 0.1027 0.6081
vt 0.1859 0.613
vt 0.0997 0.6576
vt 0.182 0.669
vt 0.107 0.3639
vt 0.107 0.3975
vt 0.0592 0.3795
vt 0.2095 0.3639
vt 0.2095 0.3975
vt 0.2574 0.3795
vt 0.0592 0.0033
vt 0.107 0.0033
vt 0.107 0.3639
vt 0.0592 0.3795
vt 0.2095 0.0033
vt 0.2095 0.3639
vt 0.2574 0.0033
vt 0.2574 0.3795
vt 0.1897 0.4357
vt 0.1675 0.4357
vt 0.1675 0.6862
vt 0.1897 0.6862
vt 0.123 0.4357
vt 0.123 0.6862
vt 0.1007 0.4357
vt 0.1007 0.6862
vt 0.6895 0.5385
vt 0.6895 0.5949
vt 0.6454 0.5949
vt 0.6895 0.5385
vt 0.6454 0.5949
vt 0.6895 0.5949
vt 0.6895 0.9419
vt 0.6215 0.937
vt 0.6215 0.937
vt 0.6895 0.9419
vt 0.6895 0.9944
vt 0.6469 0.9987
vt 0.6469 0.9987
vt 0.6895 0.9944
vt 0.0007 1.0025
vt 0.038 0.975
vt 0.0007 0.975
vt 0.0007 0.975
vt 0.0427 0.6937
vt 0.0007 0.6877
vt 0.0007 0.7761
vt 0.0474 0.7245
vt 0.0007 0.6877
vt 0.0427 0.6937
vt 0.0474 0.7245
vt 0.0007 0.7761
vt 0.0946 0.7463
vt 0.1412 0.7716
vt 0.1412 0.7153
vt 0.0946 0.7463
vt 0.1412 0.7153
vt 0.1412 0.7716
vt 0.0253 0.8013
vt 0.0253 0.8013
vt 0.0253 0.8013
vt 0.0007 0.7761
vt 0.0007 0.9437
vt 0.0253 0.9437
vt 0.0007 0.7761
vt 0.0007 0.9437
vt 0.0278 0.91
vt 0.0656 0.8411
vt 0.0656 0.91
vt 0.0656 0.91
vt 0.0656 0.9789
vt 0.0656 0.91
vt 0.2459 0.8266
vt 0.2459 0.91
vt 0.0656 0.8411
vt 0.2459 0.91
vt 0.0656 0.91
vt 0.2459 0.9933
vt 0.0656 0.9789
vt 0.7336 0.5949
vt 0.7336 0.5949
vt 0.7575 0.937
vt 0.7575 0.937
vt 0.732 0.9987
vt 0.732 0.9987
vt 0.038 0.975
vt 0.0427 0.6937
vt 0.0474 0.7245
vt 0.0474 0.7245
vt 0.0427 0.6937
vt 0.0946 0.7463
vt 0.1412 0.7153
vt 0.1412 0.7716
vt 0.0946 0.7463
vt 0.1412 0.7716
vt 0.1412 0.7153
vt 0.0253 0.8013
vt 0.0253 0.8013
vt 0.0253 0.8013
vt 0.0253 0.9437
vt 0.3529 0.3007
vt 0.2634 0.2908
vt 0.3529 0.2981
vt 0.4312 0.3007
vt 0.4312 0.2981
vt 0.5193 0.2907
vt 0.274 0.1974
vt 0.3529 0.3007
vt 0.3561 0.2066
vt 0.2634 0.2908
vt 0.4312 0.3007
vt 0.428 0.2066
vt 0.5193 0.2907
vt 0.5087 0.1973
vt 0.1021 0.4552
vt 0.1872 0.512
vt 0.1084 0.5164
vt 0.1803 0.4453
vt 0.1872 0.6185
vt 0.1084 0.6141
vt 0.1804 0.6866
vt 0.1022 0.6766
vt 0.3652 0.1963
vt 0.3039 0.1898
vt 0.3652 0.1938
vt 0.4188 0.1963
vt 0.4188 0.1938
vt 0.4791 0.1897
vt 0.3139 0.0992
vt 0.3652 0.1963
vt 0.3682 0.0979
vt 0.3039 0.1898
vt 0.4188 0.1963
vt 0.4158 0.0979
vt 0.4791 0.1897
vt 0.4692 0.0991
vt 0.0996 0.482
vt 0.1859 0.5256
vt 0.1027 0.5306
vt 0.1819 0.4707
vt 0.1859 0.613
vt 0.1027 0.6081
vt 0.182 0.669
vt 0.0997 0.6576
vt 0.107 0.3639
vt 0.0592 0.3795
vt 0.107 0.3975
vt 0.2095 0.3639
vt 0.2095 0.3975
vt 0.2574 0.3795
vt 0.0592 0.0033
vt 0.107 0.3639
vt 0.107 0.0033
vt 0.0592 0.3795
vt 0.2095 0.3639
vt 0.2095 0.0033
vt 0.2574 0.3795
vt 0.2574 0.0033
vt 0.1897 0.4357
vt 0.1675 0.6862
vt 0.1675 0.4357
vt 0.1897 0.6862
vt 0.123 0.6862
vt 0.123 0.4357
vt 0.1007 0.6862
vt 0.1007 0.4357
vt 0.6895 0.5385
vt 0.6454 0.5949
vt 0.6895 0.5949
vt 0.6895 0.5385
vt 0.6895 0.5949
vt 0.6454 0.5949
vt 0.6215 0.937
vt 0.6895 0.9419
vt 0.6895 0.9419
vt 0.6215 0.937
vt 0.6469 0.9987
vt 0.6895 0.9944
vt 0.6895 0.9944
vt 0.6469 0.9987
vt 0.0007 1.0025
vt 0.0007 0.975
vt 0.038 0.975
vt 0.0007 0.975
vt 0.0427 0.6937
vt 0.0007 0.7761
vt 0.0007 0.6877
vt 0.0474 0.7245
vt 0.0007 0.6877
vt 0.0474 0.7245
vt 0.0427 0.6937
vt 0.0007 0.7761
vt 0.0946 0.7463
vt 0.1412 0.7153
vt 0.1412 0.7716
vt 0.0946 0.7463
vt 0.1412 0.7716
vt 0.1412 0.7153
vt 0.0253 0.8013
vt 0.0253 0.8013
vt 0.0253 0.8013
vt 0.0007 0.9437
vt 0.0007 0.7761
vt 0.0253 0.9437
vt 0.0007 0.7761
vt 0.0007 0.9437
vt 0.0278 0.91
vt 0.0656 0.91
vt 0.0656 0.8411
vt 0.0656 0.91
vt 0.0656 0.9789
vt 0.0656 0.91
vt 0.0656 0.8411
vt 0.0656 0.91
vt 0.0656 0.9789
vt 0.7336 0.5949
vt 0.7336 0.5949
vt 0.7575 0.937
vt 0.7575 0.937
vt 0.732 0.9987
vt 0.732 0.9987
vt 0.038 0.975
vt 0.0427 0.6937
vt 0.0474 0.7245
vt 0.0427 0.6937
vt 0.0474 0.7245
vt 0.0946 0.7463
vt 0.1412 0.7716
vt 0.1412 0.7153
vt 0.0946 0.7463
vt 0.1412 0.7153
vt 0.1412 0.7716
vt 0.0253 0.8013
vt 0.0253 0.8013
vt 0.0253 0.8013
vt 0.0253 0.9437
vt 0.8902 0.8569
vt 0.7735 0.8715
vt 0.88 0.8153
vt 0.7735 0.9286
vt 0.8797 0.9474
vt 0.89 0.9141
vt 0.7735 0.9714
vt 0.8886 0.7907
vt 0.9042 0.825
vt 0.942 0.8841
vt 0.8701 0.8057
vt 0.894 0.8986
vt 0.7735 0.8468
vt 0.7735 0.7681
vt 0.8323 0.9429
vt 0.7735 0.9393
vt 0.7735 0.8508
vt 0.8398 0.745
vt 0.8751 0.7365
vt 0.8304 0.7442
vt 0.7735 0.7221
vt 0.9406 0.8807
vt 0.8484 0.9722
vt 0.843 0.996
vt 0.9407 0.9532
vt 0.9402 0.9523
vt 0.9003 0.9593
vt 0.9342 0.995
vt 0.8543 0.7034
vt 0.8842 0.6956
vt 0.7735 0.7273
vt 0.8562 0.717
vt 0.7735 0.6949
vt 0.8308 0.9871
vt 0.7735 0.995
vt 0.843 0.996
vt 0.7735 0.9559
vt 0.7735 0.9714
vt 0.8764 0.6376
vt 0.9113 0.6529
vt 0.7735 0.6354
vt 0.8848 0.6359
vt 0.7735 0.6244
vt 0.7723 0.5681
vt 0.8151 0.5875
vt 0.7735 0.5882
vt 0.9077 0.4846
vt 0.894 0.6752
vt 0.9388 0.5941
vt 0.7735 0.5711
vt 0.7735 0.6008
vt 0.8336 0.5766
vt 0.8235 0.5339
vt 0.8105 0.4696
vt 0.9444 0.5079
vt 0.8278 0.3835
vt 0.8406 0.4204
vt 0.9418 0.3816
vt 0.8733 0.4062
vt 0.8811 0.5391
vt 0.9016 0.4231
vt 0.9297 0.4092
vt 0.8585 0.3066
vt 0.8339 0.3628
vt 0.8431 0.3038
vt 0.9214 0.3128
vt 0.9648 0.2945
vt 0.9344 0.3511
vt 0.8594 0.2966
vt 0.8783 0.3567
vt 0.8846 0.3181
vt 0.9288 0.3601
vt 0.9598 0.3036
vt 0.9415 0.3206
vt 0.8589 0.2655
vt 0.8466 0.2563
vt 0.8608 0.1951
vt 0.8831 0.1391
vt 0.9292 0.2736
vt 0.9319 0.1432
vt 0.9635 0.2072
vt 0.8571 0.265
vt 0.8881 0.2591
vt 0.8904 0.202
vt 0.9424 0.2045
vt 0.9642 0.2728
vt 0.9424 0.2615
vt 0.8753 0.1314
vt 0.8771 0.1091
vt 0.8809 0.0987
vt 0.958 0.1205
vt 0.9319 0.1432
vt 0.9532 0.1332
vt 0.9532 0.1332
vt 0.9605 0.0855
vt 0.958 0.1205
vt 0.8991 0.0806
vt 0.8942 0.1374
vt 0.9018 0.1131
vt 0.9428 0.1408
vt 0.9389 0.1152
vt 0.8963 0.0037
vt 0.8981 0.0423
vt 0.8759 0.0024
vt 0.9392 0.0819
vt 0.9461 0.043
vt 0.8754 0.0025
vt 0.8899 0.0005
vt 0.876 0.0692
vt 0.9673 0.0027
vt 0.9422 0.077
vt 0.8843 0.0765
vt 0.9029 0.0795
vt 0.9813 0.0024
vt 0.9479 0.0039
vt 0.8494 0.3564
vt 0.8437 0.4431
vt 0.9027 0.4488
vt 0.9148 0.3632
vt 0.8437 0.4431
vt 0.8406 0.4204
vt 0.8278 0.3835
vt 0.9016 0.4231
vt 0.9027 0.4488
vt 0.9418 0.3816
vt 0.8831 0.1391
vt 0.8753 0.1314
vt 0.9673 0.0027
vt 0.8754 0.0025
vt 0.8899 0.0005
vt 0.8759 0.0024
vt 0.9813 0.0024
vt 0.9479 0.0039
vt 0.8963 0.0037
vt 0.7735 0.995
vt 0.8308 0.9871
vt 0.4847 0.5131
vt 0.5141 0.53
vt 0.5435 0.538
vt 0.4553 0.5576
vt 0.4258 0.5656
vt 0.4553 0.5736
vt 0.5141 0.6293
vt 0.4553 0.6293
vt 0.5141 0.5736
vt 0.5435 0.6213
vt 0.5435 0.5656
vt 0.5141 0.6133
vt 0.5141 0.5576
vt 0.4553 0.6133
vt 0.4258 0.6213
vt 0.5247 0.703
vt 0.4447 0.703
vt 0.5647 0.677
vt 0.5247 0.6584
vt 0.4447 0.6584
vt 0.4046 0.677
vt 0.5194 0.7325
vt 0.45 0.7325
vt 0.5541 0.7157
vt 0.5194 0.6859
vt 0.45 0.6859
vt 0.4152 0.7157
vt 0.5141 0.5437
vt 0.8151 0.5875
vt 0.894 0.6752
vt 0.8764 0.6376
vt 0.9388 0.5941
vt 0.3271 0.3641
vt 0.3213 0.3618
vt 0.2758 0.355
vt 0.2758 0.3576
vt 0.3384 0.6197
vt 0.3063 0.6233
vt 0.3083 0.5664
vt 0.3559 0.5602
vt 0.3063 0.6222
vt 0.3083 0.5696
vt 0.2787 0.6206
vt 0.2666 0.5758
vt 0.2692 0.6213
vt 0.2526 0.5797
vt 0.3129 0.4875
vt 0.331 0.4818
vt 0.3021 0.4781
vt 0.2779 0.4899
vt 0.2725 0.4848
vt 0.3234 0.4667
vt 0.2726 0.4674
vt 0.3262 0.4352
vt 0.3324 0.4125
vt 0.273 0.4323
vt 0.2973 0.4117
vt 0.2486 0.4277
vt 0.2569 0.4246
vt 0.2575 0.418
vt 0.2492 0.4211
vt 0.3275 0.4038
vt 0.2775 0.4015
vt 0.2774 0.4121
vt 0.2769 0.4505
vt 0.2598 0.4572
vt 0.2775 0.437
vt 0.2604 0.4437
vt 0.3485 0.636
vt 0.2518 0.636
vt 0.2518 0.636
vt 0.3485 0.636
vt 0.2518 0.6006
vt 0.3473 0.6067
vt 0.2518 0.6006
vt 0.3473 0.6067
vt 0.3895 0.6199
vt 0.3808 0.7155
vt 0.4391 0.8927
vt 0.4088 0.8707
vt 0.4391 0.8688
vt 0.4748 0.8704
vt 0.5004 0.8704
vt 0.3629 0.8891
vt 0.308 0.8644
vt 0.3355 0.8577
vt 0.4095 0.983
vt 0.4385 0.835
vt 0.4385 0.835
vt 0.4867 0.8208
vt 0.5337 0.8255
vt 0.3329 0.7471
vt 0.3618 0.7687
vt 0.4113 0.7525
vt 0.4383 0.7699
vt 0.4883 0.7869
vt 0.5298 0.8003
vt 0.4113 0.7525
vt 0.3937 0.7265
vt 0.4113 0.7525
vt 0.4515 0.7484
vt 0.4383 0.7699
vt 0.5157 0.7514
vt 0.4883 0.7869
vt 0.5811 0.766
vt 0.5298 0.8003
vt 0.4391 0.8927
vt 0.4088 0.8707
vt 0.3604 0.7534
vt 0.3618 0.7687
vt 0.3329 0.7471
vt 0.3604 0.7534
vt 0.8902 0.8569
vt 0.88 0.8153
vt 0.8797 0.9474
vt 0.89 0.9141
vt 0.9042 0.825
vt 0.8886 0.7907
vt 0.942 0.8841
vt 0.894 0.8986
vt 0.8701 0.8057
vt 0.8323 0.9429
vt 0.8398 0.745
vt 0.8751 0.7365
vt 0.8304 0.7442
vt 0.9406 0.8807
vt 0.8484 0.9722
vt 0.843 0.996
vt 0.9407 0.9532
vt 0.9402 0.9523
vt 0.9003 0.9593
vt 0.9342 0.995
vt 0.8543 0.7034
vt 0.8842 0.6956
vt 0.8562 0.717
vt 0.8308 0.9871
vt 0.843 0.996
vt 0.8764 0.6376
vt 0.9113 0.6529
vt 0.8848 0.6359
vt 0.8151 0.5875
vt 0.9077 0.4846
vt 0.894 0.6752
vt 0.9388 0.5941
vt 0.8336 0.5766
vt 0.8235 0.5339
vt 0.8105 0.4696
vt 0.9444 0.5079
vt 0.8406 0.4204
vt 0.8278 0.3835
vt 0.9418 0.3816
vt 0.8733 0.4062
vt 0.8811 0.5391
vt 0.9016 0.4231
vt 0.9297 0.4092
vt 0.8585 0.3066
vt 0.8431 0.3038
vt 0.8339 0.3628
vt 0.9214 0.3128
vt 0.9344 0.3511
vt 0.9648 0.2945
vt 0.8594 0.2966
vt 0.8846 0.3181
vt 0.8783 0.3567
vt 0.9288 0.3601
vt 0.9598 0.3036
vt 0.9415 0.3206
vt 0.8589 0.2655
vt 0.8608 0.1951
vt 0.8466 0.2563
vt 0.8831 0.1391
vt 0.9319 0.1432
vt 0.9292 0.2736
vt 0.9635 0.2072
vt 0.8571 0.265
vt 0.8904 0.202
vt 0.8881 0.2591
vt 0.9424 0.2045
vt 0.9642 0.2728
vt 0.9424 0.2615
vt 0.8753 0.1314
vt 0.8809 0.0987
vt 0.8771 0.1091
vt 0.958 0.1205
vt 0.9532 0.1332
vt 0.9319 0.1432
vt 0.9532 0.1332
vt 0.958 0.1205
vt 0.9605 0.0855
vt 0.8991 0.0806
vt 0.9018 0.1131
vt 0.8942 0.1374
vt 0.9428 0.1408
vt 0.9389 0.1152
vt 0.8963 0.0037
vt 0.8759 0.0024
vt 0.8981 0.0423
vt 0.9461 0.043
vt 0.9392 0.0819
vt 0.8754 0.0025
vt 0.8899 0.0005
vt 0.876 0.0692
vt 0.9422 0.077
vt 0.9673 0.0027
vt 0.8843 0.0765
vt 0.9029 0.0795
vt 0.9813 0.0024
vt 0.9479 0.0039
vt 0.8494 0.3564
vt 0.8437 0.4431
vt 0.9148 0.3632
vt 0.9027 0.4488
vt 0.8437 0.4431
vt 0.8278 0.3835
vt 0.8406 0.4204
vt 0.9016 0.4231
vt 0.9418 0.3816
vt 0.9027 0.4488
vt 0.8753 0.1314
vt 0.8831 0.1391
vt 0.9673 0.0027
vt 0.8899 0.0005
vt 0.8754 0.0025
vt 0.8759 0.0024
vt 0.9813 0.0024
vt 0.9479 0.0039
vt 0.8963 0.0037
vt 0.8308 0.9871
vt 0.4847 0.5131
vt 0.5435 0.538
vt 0.5141 0.53
vt 0.4553 0.5576
vt 0.4258 0.5656
vt 0.4553 0.5736
vt 0.4553 0.6293
vt 0.5141 0.6293
vt 0.5141 0.5736
vt 0.5435 0.6213
vt 0.5435 0.5656
vt 0.5141 0.6133
vt 0.5141 0.5576
vt 0.4553 0.6133
vt 0.4258 0.6213
vt 0.4447 0.703
vt 0.5247 0.703
vt 0.5647 0.677
vt 0.5247 0.6584
vt 0.4447 0.6584
vt 0.4046 0.677
vt 0.45 0.7325
vt 0.5194 0.7325
vt 0.5541 0.7157
vt 0.5194 0.6859
vt 0.45 0.6859
vt 0.4152 0.7157
vt 0.5141 0.5437
vt 0.8151 0.5875
vt 0.8764 0.6376
vt 0.894 0.6752
vt 0.9388 0.5941
vt 0.3271 0.3641
vt 0.2758 0.355
vt 0.3213 0.3618
vt 0.2758 0.3576
vt 0.3384 0.6197
vt 0.3083 0.5664
vt 0.3063 0.6233
vt 0.3559 0.5602
vt 0.3063 0.6222
vt 0.3083 0.5696
vt 0.2666 0.5758
vt 0.2787 0.6206
vt 0.2526 0.5797
vt 0.2692 0.6213
vt 0.3129 0.4875
vt 0.331 0.4818
vt 0.3021 0.4781
vt 0.2779 0.4899
vt 0.2725 0.4848
vt 0.3234 0.4667
vt 0.2726 0.4674
vt 0.3262 0.4352
vt 0.3324 0.4125
vt 0.273 0.4323
vt 0.2973 0.4117
vt 0.2486 0.4277
vt 0.2575 0.418
vt 0.2569 0.4246
vt 0.2492 0.4211
vt 0.3275 0.4038
vt 0.2775 0.4015
vt 0.2774 0.4121
vt 0.2769 0.4505
vt 0.2598 0.4572
vt 0.2775 0.437
vt 0.2604 0.4437
vt 0.3485 0.636
vt 0.2518 0.636
vt 0.2518 0.636
vt 0.3485 0.636
vt 0.3473 0.6067
vt 0.2518 0.6006
vt 0.2518 0.6006
vt 0.3473 0.6067
vt 0.3895 0.6199
vt 0.3808 0.7155
vt 0.4391 0.8688
vt 0.4088 0.8707
vt 0.4748 0.8704
vt 0.3629 0.8891
vt 0.3355 0.8577
vt 0.4385 0.835
vt 0.4385 0.835
vt 0.4867 0.8208
vt 0.3618 0.7687
vt 0.4383 0.7699
vt 0.4113 0.7525
vt 0.4883 0.7869
vt 0.4113 0.7525
vt 0.4113 0.7525
vt 0.4383 0.7699
vt 0.4515 0.7484
vt 0.4883 0.7869
vt 0.5157 0.7514
vt 0.4088 0.8707
vt 0.3618 0.7687
f 1/1/1 3/3/3 2/2/2
f 2/2/2 4/4/4 1/1/1
f 4/4/4 2/2/2 5/5/5
f 5/5/5 6/6/6 4/4/4
f 7/7/7 1/1/1 8/8/8
f 1/1/1 7/7/7 3/3/3
f 8/8/8 4/4/4 9/9/9
f 4/4/4 8/8/8 1/1/1
f 4/4/4 6/6/6 10/10/10
f 10/10/10 9/9/9 4/4/4
f 11/11/11 13/13/13 12/12/12
f 13/13/13 11/11/11 14/14/14
f 12/12/12 16/16/16 15/15/15
f 16/16/16 12/12/12 13/13/13
f 15/15/15 18/18/18 17/17/17
f 18/18/18 15/15/15 16/16/16
f 19/19/19 21/21/21 20/20/20
f 20/20/20 22/22/22 19/19/19
f 22/22/22 20/20/20 23/23/23
f 23/23/23 24/24/24 22/22/22
f 25/25/25 27/27/27 26/26/26
f 27/27/27 25/25/25 28/28/28
f 26/26/26 30/30/30 29/29/29
f 30/30/30 26/26/26 27/27/27
f 29/29/29 32/32/32 31/31/31
f 32/32/32 29/29/29 30/30/30
f 33/33/33 35/35/35 34/34/34
f 35/35/35 33/33/33 36/36/36
f 34/34/34 38/38/38 37/37/37
f 38/38/38 34/34/34 35/35/35
f 37/37/37 40/40/40 39/39/39
f 40/40/40 37/37/37 38/38/38
f 41/41/41 43/43/43 42/42/42
f 42/42/42 44/44/44 41/41/41
f 44/44/44 42/42/42 45/45/45
f 45/45/45 46/46/46 44/44/44
f 47/47/47 49/49/49 48/48/48
f 49/49/49 47/47/47 50/50/50
f 48/48/48 52/52/52 51/51/51
f 52/52/52 48/48/48 49/49/49
f 51/51/51 54/54/54 53/53/53
f 54/54/54 51/51/51 52/52/52
f 55/55/55 57/57/57 56/56/56
f 57/57/57 55/55/55 58/58/58
f 56/56/56 60/60/60 59/59/59
f 60/60/60 56/56/56 57/57/57
f 59/59/59 62/62/62 61/61/61
f 62/62/62 59/59/59 60/60/60
f 63/63/63 65/65/65 64/64/64
f 64/64/64 66/66/66 63/63/63
f 66/66/66 64/64/64 67/67/67
f 67/67/67 68/68/68 66/66/66
f 69/69/69 71/71/71 70/70/70
f 71/71/71 69/69/69 72/72/72
f 70/70/70 74/74/74 73/73/73
f 74/74/74 70/70/70 71/71/71
f 73/73/73 76/76/76 75/75/75
f 76/76/76 73/73/73 74/74/74
f 77/77/77 79/79/79 78/78/78
f 79/79/79 77/77/77 80/80/80
f 78/78/78 82/82/82 81/81/81
f 82/82/82 78/78/78 79/79/79
f 81/81/81 84/84/84 83/83/83
f 84/84/84 81/81/81 82/82/82
f 85/85/85 87/87/87 86/86/86
f 88/88/88 90/90/90 89/89/89
f 87/87/87 92/92/92 91/91/91
f 87/87/87 91/91/91 86/86/86
f 90/90/90 94/94/94 93/93/93
f 90/90/90 93/93/93 89/89/89
f 92/92/92 96/96/96 95/95/95
f 92/92/92 95/95/95 91/91/91
f 94/94/94 98/98/98 97/97/97
f 94/94/94 97/97/97 93/93/93
f 99/99/99 101/101/101 100/100/100
f 99/99/99 100/100/100 102/102/102
f 103/103/103 105/105/105 104/104/104
f 105/105/105 103/103/103 106/106/106
f 107/107/107 109/109/109 108/108/108
f 109/109/109 107/107/107 110/110/110
f 111/111/111 113/113/113 112/112/112
f 114/114/114 116/116/116 115/115/115
f 105/105/105 112/112/112 117/117/117
f 112/112/112 105/105/105 111/111/111
f 118/118/118 114/114/114 110/110/110
f 114/114/114 118/118/118 116/116/116
f 106/106/106 111/111/111 105/105/105
f 111/111/111 106/106/106 113/113/113
f 114/114/114 115/115/115 109/109/109
f 109/109/109 110/110/110 114/114/114
f 119/119/119 121/121/121 120/120/120
f 121/121/121 119/119/119 122/122/122
f 123/123/123 122/122/122 119/119/119
f 122/122/122 123/123/123 124/124/124
f 122/122/122 101/101/101 121/121/121
f 101/101/101 122/122/122 100/100/100
f 102/102/102 100/100/100 122/122/122
f 122/122/122 124/124/124 102/102/102
f 125/125/125 127/127/127 126/126/126
f 125/125/125 126/126/126 128/128/128
f 125/125/125 128/128/128 129/129/129
f 125/125/125 129/129/129 127/127/127
f 130/130/130 132/132/132 131/131/131
f 130/130/130 131/131/131 133/133/133
f 133/133/133 131/131/131 134/134/134
f 133/133/133 134/134/134 135/135/135
f 135/135/135 134/134/134 136/136/136
f 135/135/135 136/136/136 137/137/137
f 137/137/137 136/136/136 132/132/132
f 137/137/137 132/132/132 130/130/130
f 85/85/85 86/86/86 138/138/138
f 88/88/88 139/139/139 90/90/90
f 138/138/138 91/91/91 140/140/140
f 138/138/138 86/86/86 91/91/91
f 90/90/90 141/141/141 94/94/94
f 90/90/90 139/139/139 141/141/141
f 140/140/140 95/95/95 142/142/142
f 140/140/140 91/91/91 95/95/95
f 94/94/94 143/143/143 98/98/98
f 94/94/94 141/141/141 143/143/143
f 99/99/99 144/144/144 101/101/101
f 99/99/99 102/102/102 144/144/144
f 145/145/145 104/104/104 105/105/105
f 105/105/105 146/146/146 145/145/145
f 107/107/107 148/148/148 147/147/147
f 147/147/147 110/110/110 107/107/107
f 149/149/149 151/151/151 150/150/150
f 152/152/152 154/154/154 153/153/153
f 105/105/105 155/155/155 151/151/151
f 151/151/151 149/149/149 105/105/105
f 156/156/156 110/110/110 152/152/152
f 152/152/152 153/153/153 156/156/156
f 146/146/146 105/105/105 149/149/149
f 149/149/149 150/150/150 146/146/146
f 152/152/152 147/147/147 154/154/154
f 147/147/147 152/152/152 110/110/110
f 157/157/157 120/120/120 121/121/121
f 121/121/121 158/158/158 157/157/157
f 123/123/123 157/157/157 158/158/158
f 158/158/158 124/124/124 123/123/123
f 158/158/158 121/121/121 101/101/101
f 101/101/101 144/144/144 158/158/158
f 102/102/102 158/158/158 144/144/144
f 158/158/158 102/102/102 124/124/124
f 159/159/159 161/161/161 160/160/160
f 161/161/161 159/159/159 162/162/162
f 162/162/162 163/163/163 161/161/161
f 163/163/163 162/162/162 164/164/164
f 165/165/165 167/167/167 166/166/166
f 166/166/166 168/168/168 165/165/165
f 167/167/167 170/170/170 169/169/169
f 169/169/169 166/166/166 167/167/167
f 170/170/170 172/172/172 171/171/171
f 171/171/171 169/169/169 170/170/170
f 173/173/173 175/175/175 174/174/174
f 174/174/174 176/176/176 173/173/173
f 175/175/175 178/178/178 177/177/177
f 177/177/177 174/174/174 175/175/175
f 178/178/178 180/180/180 179/179/179
f 179/179/179 177/177/177 178/178/178
f 181/181/181 183/183/183 182/182/182
f 183/183/183 181/181/181 184/184/184
f 184/184/184 185/185/185 183/183/183
f 185/185/185 184/184/184 186/186/186
f 187/187/187 189/189/189 188/188/188
f 188/188/188 190/190/190 187/187/187
f 189/189/189 192/192/192 191/191/191
f 191/191/191 188/188/188 189/189/189
f 192/192/192 194/194/194 193/193/193
f 193/193/193 191/191/191 192/192/192
f 195/195/195 197/197/197 196/196/196
f 196/196/196 198/198/198 195/195/195
f 197/197/197 200/200/200 199/199/199
f 199/199/199 196/196/196 197/197/197
f 200/200/200 202/202/202 201/201/201
f 201/201/201 199/199/199 200/200/200
f 203/203/203 205/205/205 204/204/204
f 205/205/205 203/203/203 206/206/206
f 206/206/206 207/207/207 205/205/205
f 207/207/207 206/206/206 208/208/208
f 209/209/209 211/211/211 210/210/210
f 210/210/210 212/212/212 209/209/209
f 211/211/211 214/214/214 213/213/213
f 213/213/213 210/210/210 211/211/211
f 214/214/214 216/216/216 215/215/215
f 215/215/215 213/213/213 214/214/214
f 217/217/217 219/219/219 218/218/218
f 218/218/218 220/220/220 217/217/217
f 219/219/219 222/222/222 221/221/221
f 221/221/221 218/218/218 219/219/219
f 222/222/222 224/224/224 223/223/223
f 223/223/223 221/221/221 222/222/222
f 225/225/225 227/227/227 226/226/226
f 228/228/228 230/230/230 229/229/229
f 226/226/226 232/232/232 231/231/231
f 226/226/226 227/227/227 232/232/232
f 229/229/229 234/234/234 233/233/233
f 229/229/229 230/230/230 234/234/234
f 231/231/231 236/236/236 235/235/235
f 231/231/231 232/232/232 236/236/236
f 233/233/233 238/238/238 237/237/237
f 233/233/233 234/234/234 238/238/238
f 239/239/239 241/241/241 240/240/240
f 239/239/239 242/242/242 241/241/241
f 243/243/243 245/245/245 244/244/244
f 244/244/244 246/246/246 243/243/243
f 247/247/247 249/249/249 248/248/248
f 248/248/248 250/250/250 247/247/247
f 251/251/251 253/253/253 252/252/252
f 254/254/254 256/256/256 255/255/255
f 244/244/244 257/257/257 253/253/253
f 253/253/253 251/251/251 244/244/244
f 258/258/258 250/250/250 254/254/254
f 254/254/254 255/255/255 258/258/258
f 246/246/246 244/244/244 251/251/251
f 251/251/251 252/252/252 246/246/246
f 254/254/254 248/248/248 256/256/256
f 248/248/248 254/254/254 250/250/250
f 259/259/259 261/261/261 260/260/260
f 260/260/260 262/262/262 259/259/259
f 263/263/263 259/259/259 262/262/262
f 262/262/262 264/264/264 263/263/263
f 262/262/262 260/260/260 240/240/240
f 240/240/240 241/241/241 262/262/262
f 242/242/242 262/262/262 241/241/241
f 262/262/262 242/242/242 264/264/264
f 265/265/265 267/267/267 266/266/266
f 265/265/265 268/268/268 267/267/267
f 265/265/265 269/269/269 268/268/268
f 265/265/265 266/266/266 269/269/269
f 270/270/270 131/131/131 132/132/132
f 270/270/270 271/271/271 131/131/131
f 271/271/271 134/134/134 131/131/131
f 271/271/271 272/272/272 134/134/134
f 272/272/272 136/136/136 134/134/134
f 272/272/272 273/273/273 136/136/136
f 273/273/273 132/132/132 136/136/136
f 273/273/273 270/270/270 132/132/132
f 225/225/225 274/274/274 227/227/227
f 228/228/228 229/229/229 275/275/275
f 274/274/274 276/276/276 232/232/232
f 274/274/274 232/232/232 227/227/227
f 229/229/229 233/233/233 277/277/277
f 229/229/229 277/277/277 275/275/275
f 276/276/276 278/278/278 236/236/236
f 276/276/276 236/236/236 232/232/232
f 233/233/233 237/237/237 279/279/279
f 233/233/233 279/279/279 277/277/277
f 239/239/239 240/240/240 280/280/280
f 239/239/239 280/280/280 242/242/242
f 281/281/281 244/244/244 245/245/245
f 244/244/244 281/281/281 282/282/282
f 247/247/247 284/284/284 283/283/283
f 284/284/284 247/247/247 250/250/250
f 285/285/285 287/287/287 286/286/286
f 288/288/288 290/290/290 289/289/289
f 244/244/244 286/286/286 291/291/291
f 286/286/286 244/244/244 285/285/285
f 292/292/292 288/288/288 250/250/250
f 288/288/288 292/292/292 290/290/290
f 282/282/282 285/285/285 244/244/244
f 285/285/285 282/282/282 287/287/287
f 288/288/288 289/289/289 284/284/284
f 284/284/284 250/250/250 288/288/288
f 293/293/293 260/260/260 261/261/261
f 260/260/260 293/293/293 294/294/294
f 263/263/263 294/294/294 293/293/293
f 294/294/294 263/263/263 264/264/264
f 294/294/294 240/240/240 260/260/260
f 240/240/240 294/294/294 280/280/280
f 242/242/242 280/280/280 294/294/294
f 294/294/294 264/264/264 242/242/242
f 295/295/295 297/297/297 296/296/296
f 298/298/298 295/295/295 296/296/296
f 299/299/299 300/300/300 298/298/298
f 298/298/298 301/301/301 299/299/299
f 297/297/297 303/303/303 302/302/302
f 297/297/297 295/295/295 303/303/303
f 304/304/304 306/306/306 305/305/305
f 302/302/302 303/303/303 305/305/305
f 307/307/307 308/308/308 305/305/305
f 307/307/307 305/305/305 306/306/306
f 307/307/307 306/306/306 309/309/309
f 307/307/307 309/309/309 310/310/310
f 297/297/297 311/311/311 296/296/296
f 311/311/311 297/297/297 312/312/312
f 302/302/302 312/312/312 297/297/297
f 312/312/312 302/302/302 313/313/313
f 308/308/308 314/314/314 305/305/305
f 314/314/314 308/308/308 315/315/315
f 314/314/314 313/313/313 302/302/302
f 302/302/302 305/305/305 314/314/314
f 298/298/298 300/300/300 295/295/295
f 295/295/295 316/316/316 303/303/303
f 316/316/316 295/295/295 300/300/300
f 317/317/317 299/299/299 318/318/318
f 299/299/299 317/317/317 319/319/319
f 305/305/305 303/303/303 304/304/304
f 320/320/320 321/321/321 306/306/306
f 321/321/321 322/322/322 317/317/317
f 317/317/317 309/309/309 321/321/321
f 313/313/313 323/323/323 312/312/312
f 323/323/323 313/313/313 324/324/324
f 312/312/312 325/325/325 311/311/311
f 325/325/325 312/312/312 323/323/323
f 315/315/315 326/326/326 314/314/314
f 326/326/326 315/315/315 327/327/327
f 314/314/314 324/324/324 313/313/313
f 324/324/324 314/314/314 326/326/326
f 316/316/316 300/300/300 319/319/319
f 322/322/322 319/319/319 317/317/317
f 300/300/300 299/299/299 319/319/319
f 306/306/306 321/321/321 309/309/309
f 322/322/322 321/321/321 320/320/320
f 317/317/317 328/328/328 309/309/309
f 309/309/309 329/329/329 310/310/310
f 329/329/329 309/309/309 328/328/328
f 328/328/328 317/317/317 318/318/318
f 318/318/318 299/299/299 301/301/301
f 330/330/330 332/332/332 331/331/331
f 324/324/324 333/333/333 323/323/323
f 333/333/333 324/324/324 334/334/334
f 323/323/323 335/335/335 325/325/325
f 335/335/335 323/323/323 333/333/333
f 327/327/327 336/336/336 326/326/326
f 336/336/336 327/327/327 337/337/337
f 326/326/326 334/334/334 324/324/324
f 334/334/334 326/326/326 336/336/336
f 338/338/338 340/340/340 339/339/339
f 341/341/341 339/339/339 342/342/342
f 333/333/333 334/334/334 343/343/343
f 333/333/333 339/339/339 335/335/335
f 344/344/344 346/346/346 345/345/345
f 347/347/347 338/338/338 348/348/348
f 337/337/337 346/346/346 336/336/336
f 336/336/336 343/343/343 334/334/334
f 343/343/343 336/336/336 349/349/349
f 348/348/348 351/351/351 350/350/350
f 343/343/343 341/341/341 342/342/342
f 341/341/341 343/343/343 352/352/352
f 353/353/353 354/354/354 347/347/347
f 354/354/354 349/349/349 336/336/336
f 336/336/336 346/346/346 354/354/354
f 352/352/352 355/355/355 341/341/341
f 343/343/343 349/349/349 352/352/352
f 350/350/350 353/353/353 347/347/347
f 347/347/347 348/348/348 350/350/350
f 356/356/356 352/352/352 349/349/349
f 357/357/357 359/359/359 358/358/358
f 360/360/360 362/362/362 361/361/361
f 363/363/363 365/365/365 364/364/364
f 364/364/364 358/358/358 359/359/359
f 366/366/366 367/367/367 352/352/352
f 367/367/367 366/366/366 368/368/368
f 369/369/369 371/371/371 370/370/370
f 371/371/371 369/369/369 372/372/372
f 361/361/361 374/374/374 373/373/373
f 374/374/374 361/361/361 375/375/375
f 376/376/376 378/378/378 377/377/377
f 378/378/378 376/376/376 371/371/371
f 379/379/379 375/375/375 380/380/380
f 380/380/380 381/381/381 379/379/379
f 382/382/382 384/384/384 383/383/383
f 383/383/383 372/372/372 382/382/382
f 385/385/385 387/387/387 386/386/386
f 388/388/388 390/390/390 389/389/389
f 391/391/391 393/393/393 392/392/392
f 392/392/392 371/371/371 384/384/384
f 394/394/394 389/389/389 390/390/390
f 389/389/389 394/394/394 395/395/395
f 396/396/396 398/398/398 397/397/397
f 389/389/389 400/400/400 399/399/399
f 401/401/401 402/402/402 391/391/391
f 391/391/391 403/403/403 401/401/401
f 389/389/389 405/405/405 404/404/404
f 397/397/397 398/398/398 406/406/406
f 406/406/406 407/407/407 397/397/397
f 408/408/408 400/400/400 389/389/389
f 400/400/400 408/408/408 409/409/409
f 400/400/400 409/409/409 397/397/397
f 397/397/397 399/399/399 400/400/400
f 410/410/410 358/358/358 350/350/350
f 350/350/350 411/411/411 410/410/410
f 352/352/352 413/413/413 412/412/412
f 304/304/304 303/303/303 316/316/316
f 347/347/347 346/346/346 344/344/344
f 338/338/338 347/347/347 344/344/344
f 335/335/335 339/339/339 340/340/340
f 345/345/345 346/346/346 337/337/337
f 338/338/338 339/339/339 348/348/348
f 347/347/347 354/354/354 346/346/346
f 356/356/356 349/349/349 354/354/354
f 414/414/414 416/416/416 415/415/415
f 412/412/412 410/410/410 411/411/411
f 412/412/412 413/413/413 410/410/410
f 417/417/417 419/419/419 418/418/418
f 351/351/351 341/341/341 355/355/355
f 417/417/417 418/418/418 414/414/414
f 417/417/417 414/414/414 415/415/415
f 356/356/356 354/354/354 353/353/353
f 366/366/366 352/352/352 356/356/356
f 364/364/364 368/368/368 366/366/366
f 364/364/364 365/365/365 368/368/368
f 364/364/364 359/359/359 363/363/363
f 353/353/353 358/358/358 364/364/364
f 353/353/353 350/350/350 358/358/358
f 353/353/353 366/366/366 356/356/356
f 366/366/366 353/353/353 364/364/364
f 376/376/376 365/365/365 363/363/363
f 376/376/376 377/377/377 365/365/365
f 370/370/370 371/371/371 376/376/376
f 359/359/359 369/369/369 370/370/370
f 359/359/359 357/357/357 369/369/369
f 359/359/359 370/370/370 376/376/376
f 359/359/359 376/376/376 363/363/363
f 373/373/373 372/372/372 369/369/369
f 373/373/373 374/374/374 372/372/372
f 360/360/360 361/361/361 373/373/373
f 357/357/357 360/360/360 373/373/373
f 357/357/357 373/373/373 369/369/369
f 380/380/380 375/375/375 361/361/361
f 367/367/367 381/381/381 380/380/380
f 367/367/367 368/368/368 381/381/381
f 361/361/361 352/352/352 367/367/367
f 361/361/361 362/362/362 352/352/352
f 361/361/361 367/367/367 380/380/380
f 377/377/377 379/379/379 381/381/381
f 377/377/377 378/378/378 379/379/379
f 368/368/368 365/365/365 381/381/381
f 381/381/381 365/365/365 377/377/377
f 371/371/371 392/392/392 378/378/378
f 383/383/383 384/384/384 371/371/371
f 371/371/371 372/372/372 383/383/383
f 386/386/386 421/421/421 420/420/420
f 386/386/386 387/387/387 421/421/421
f 374/374/374 375/375/375 390/390/390
f 375/375/375 394/394/394 390/390/390
f 375/375/375 379/379/379 394/394/394
f 392/392/392 395/395/395 394/394/394
f 392/392/392 393/393/393 395/395/395
f 392/392/392 394/394/394 378/378/378
f 378/378/378 394/394/394 379/379/379
f 391/391/391 392/392/392 384/384/384
f 403/403/403 391/391/391 384/384/384
f 406/406/406 401/401/401 403/403/403
f 406/406/406 398/398/398 401/401/401
f 384/384/384 407/407/407 406/406/406
f 384/384/384 382/382/382 407/407/407
f 403/403/403 384/384/384 406/406/406
f 399/399/399 397/397/397 407/407/407
f 388/388/388 389/389/389 399/399/399
f 399/399/399 407/407/407 382/382/382
f 399/399/399 382/382/382 388/388/388
f 405/405/405 389/389/389 395/395/395
f 391/391/391 404/404/404 405/405/405
f 391/391/391 402/402/402 404/404/404
f 395/395/395 393/393/393 405/405/405
f 405/405/405 393/393/393 391/391/391
f 422/422/422 424/424/424 423/423/423
f 425/425/425 426/426/426 422/422/422
f 425/425/425 422/422/422 423/423/423
f 408/408/408 389/389/389 404/404/404
f 425/425/425 427/427/427 426/426/426
f 396/396/396 397/397/397 409/409/409
f 427/427/427 425/425/425 428/428/428
f 358/358/358 410/410/410 357/357/357
f 413/413/413 362/362/362 360/360/360
f 413/413/413 352/352/352 362/362/362
f 360/360/360 357/357/357 413/413/413
f 413/413/413 357/357/357 410/410/410
f 341/341/341 351/351/351 339/339/339
f 348/348/348 339/339/339 351/351/351
f 320/320/320 306/306/306 304/304/304
f 429/429/429 430/430/430 331/331/331
f 430/430/430 330/330/330 331/331/331
f 431/431/431 433/433/433 432/432/432
f 431/431/431 432/432/432 434/434/434
f 431/431/431 434/434/434 435/435/435
f 436/436/436 438/438/438 437/437/437
f 436/436/436 437/437/437 439/439/439
f 439/439/439 437/437/437 440/440/440
f 439/439/439 440/440/440 441/441/441
f 441/441/441 440/440/440 442/442/442
f 441/441/441 442/442/442 443/443/443
f 443/443/443 442/442/442 444/444/444
f 443/443/443 444/444/444 434/434/434
f 434/434/434 444/444/444 445/445/445
f 434/434/434 445/445/445 435/435/435
f 435/435/435 445/445/445 438/438/438
f 435/435/435 438/438/438 436/436/436
f 438/438/438 447/447/447 446/446/446
f 438/438/438 446/446/446 437/437/437
f 437/437/437 446/446/446 448/448/448
f 437/437/437 448/448/448 440/440/440
f 440/440/440 448/448/448 449/449/449
f 440/440/440 449/449/449 442/442/442
f 442/442/442 449/449/449 450/450/450
f 442/442/442 450/450/450 444/444/444
f 444/444/444 450/450/450 451/451/451
f 444/444/444 451/451/451 445/445/445
f 445/445/445 451/451/451 447/447/447
f 445/445/445 447/447/447 438/438/438
f 447/447/447 453/453/453 452/452/452
f 447/447/447 452/452/452 446/446/446
f 446/446/446 452/452/452 454/454/454
f 446/446/446 454/454/454 448/448/448
f 448/448/448 454/454/454 455/455/455
f 448/448/448 455/455/455 449/449/449
f 449/449/449 455/455/455 456/456/456
f 449/449/449 456/456/456 450/450/450
f 450/450/450 456/456/456 457/457/457
f 450/450/450 457/457/457 451/451/451
f 451/451/451 457/457/457 453/453/453
f 451/451/451 453/453/453 447/447/447
f 458/458/458 431/431/431 436/436/436
f 433/433/433 431/431/431 458/458/458
f 431/431/431 435/435/435 436/436/436
f 459/459/459 461/461/461 460/460/460
f 462/462/462 460/460/460 461/461/461
f 463/463/463 465/465/465 464/464/464
f 465/465/465 463/463/463 466/466/466
f 467/467/467 469/469/469 468/468/468
f 469/469/469 467/467/467 470/470/470
f 471/471/471 470/470/470 467/467/467
f 470/470/470 471/471/471 472/472/472
f 468/468/468 474/474/474 473/473/473
f 474/474/474 468/468/468 469/469/469
f 473/473/473 476/476/476 475/475/475
f 476/476/476 473/473/473 474/474/474
f 475/475/475 472/472/472 471/471/471
f 472/472/472 475/475/475 476/476/476
f 477/477/477 470/470/470 478/478/478
f 470/470/470 477/477/477 469/469/469
f 472/472/472 478/478/478 470/470/470
f 478/478/478 472/472/472 479/479/479
f 469/469/469 480/480/480 474/474/474
f 480/480/480 469/469/469 477/477/477
f 474/474/474 481/481/481 476/476/476
f 481/481/481 474/474/474 480/480/480
f 476/476/476 479/479/479 472/472/472
f 479/479/479 476/476/476 481/481/481
f 478/478/478 482/482/482 477/477/477
f 483/483/483 477/477/477 482/482/482
f 477/477/477 483/483/483 480/480/480
f 481/481/481 480/480/480 483/483/483
f 478/478/478 484/484/484 482/482/482
f 484/484/484 478/478/478 485/485/485
f 482/482/482 486/486/486 483/483/483
f 486/486/486 482/482/482 484/484/484
f 479/479/479 485/485/485 478/478/478
f 485/485/485 479/479/479 487/487/487
f 488/488/488 490/490/490 489/489/489
f 490/490/490 488/488/488 491/491/491
f 485/485/485 492/492/492 484/484/484
f 484/484/484 493/493/493 486/486/486
f 493/493/493 484/484/484 492/492/492
f 494/494/494 486/486/486 493/493/493
f 485/485/485 464/464/464 492/492/492
f 464/464/464 485/485/485 463/463/463
f 492/492/492 465/465/465 493/493/493
f 465/465/465 492/492/492 464/464/464
f 487/487/487 463/463/463 485/485/485
f 463/463/463 487/487/487 466/466/466
f 493/493/493 466/466/466 494/494/494
f 466/466/466 493/493/493 465/465/465
f 494/494/494 466/466/466 487/487/487
f 481/481/481 495/495/495 479/479/479
f 495/495/495 481/481/481 496/496/496
f 479/479/479 497/497/497 487/487/487
f 497/497/497 479/479/479 495/495/495
f 487/487/487 498/498/498 494/494/494
f 498/498/498 487/487/487 497/497/497
f 496/496/496 489/489/489 495/495/495
f 489/489/489 496/496/496 488/488/488
f 495/495/495 490/490/490 497/497/497
f 490/490/490 495/495/495 489/489/489
f 497/497/497 491/491/491 498/498/498
f 491/491/491 497/497/497 490/490/490
f 498/498/498 488/488/488 496/496/496
f 488/488/488 498/498/498 491/491/491
f 486/486/486 494/494/494 498/498/498
f 486/486/486 498/498/498 483/483/483
f 483/483/483 498/498/498 481/481/481
f 498/498/498 496/496/496 481/481/481
f 499/499/499 501/501/501 500/500/500
f 499/499/499 500/500/500 502/502/502
f 499/499/499 504/504/504 503/503/503
f 499/499/499 503/503/503 501/501/501
f 501/501/501 503/503/503 505/505/505
f 501/501/501 505/505/505 500/500/500
f 500/500/500 505/505/505 506/506/506
f 500/500/500 506/506/506 502/502/502
f 504/504/504 507/507/507 506/506/506
f 506/506/506 507/507/507 502/502/502
f 499/499/499 507/507/507 504/504/504
f 502/502/502 508/508/508 499/499/499
f 507/507/507 499/499/499 508/508/508
f 507/507/507 508/508/508 502/502/502
f 443/443/443 433/433/433 441/441/441
f 433/433/433 443/443/443 432/432/432
f 434/434/434 432/432/432 443/443/443
f 436/436/436 439/439/439 458/458/458
f 441/441/441 458/458/458 439/439/439
f 458/458/458 441/441/441 433/433/433
f 509/509/509 511/511/511 510/510/510
f 509/509/509 512/512/512 511/511/511
f 509/509/509 513/513/513 512/512/512
f 514/514/514 516/516/516 515/515/515
f 517/517/517 514/514/514 515/515/515
f 514/514/514 518/518/518 516/516/516
f 510/510/510 511/511/511 519/519/519
f 511/511/511 520/520/520 519/519/519
f 511/511/511 512/512/512 520/520/520
f 512/512/512 521/521/521 520/520/520
f 512/512/512 513/513/513 521/521/521
f 516/516/516 523/523/523 522/522/522
f 515/515/515 516/516/516 522/522/522
f 519/519/519 525/525/525 524/524/524
f 516/516/516 518/518/518 523/523/523
f 519/519/519 526/526/526 525/525/525
f 519/519/519 520/520/520 526/526/526
f 520/520/520 527/527/527 526/526/526
f 520/520/520 521/521/521 527/527/527
f 528/528/528 529/529/529 523/523/523
f 530/530/530 532/532/532 531/531/531
f 531/531/531 534/534/534 533/533/533
f 534/534/534 531/531/531 532/532/532
f 533/533/533 536/536/536 535/535/535
f 536/536/536 533/533/533 534/534/534
f 514/514/514 517/517/517 537/537/537
f 537/537/537 538/538/538 514/514/514
f 518/518/518 514/514/514 538/538/538
f 539/539/539 523/523/523 529/529/529
f 540/540/540 542/542/542 541/541/541
f 518/518/518 528/528/528 523/523/523
f 543/543/543 296/296/296 544/544/544
f 298/298/298 296/296/296 543/543/543
f 545/545/545 298/298/298 546/546/546
f 298/298/298 545/545/545 301/301/301
f 544/544/544 548/548/548 547/547/547
f 544/544/544 547/547/547 543/543/543
f 549/549/549 551/551/551 550/550/550
f 548/548/548 551/551/551 547/547/547
f 307/307/307 551/551/551 308/308/308
f 307/307/307 550/550/550 551/551/551
f 307/307/307 552/552/552 550/550/550
f 307/307/307 310/310/310 552/552/552
f 544/544/544 296/296/296 311/311/311
f 311/311/311 553/553/553 544/544/544
f 548/548/548 544/544/544 553/553/553
f 553/553/553 554/554/554 548/548/548
f 308/308/308 551/551/551 555/555/555
f 555/555/555 315/315/315 308/308/308
f 555/555/555 548/548/548 554/554/554
f 548/548/548 555/555/555 551/551/551
f 298/298/298 543/543/543 546/546/546
f 543/543/543 547/547/547 556/556/556
f 556/556/556 546/546/546 543/543/543
f 557/557/557 558/558/558 545/545/545
f 545/545/545 559/559/559 557/557/557
f 551/551/551 549/549/549 547/547/547
f 560/560/560 550/550/550 561/561/561
f 561/561/561 557/557/557 562/562/562
f 557/557/557 561/561/561 552/552/552
f 554/554/554 553/553/553 563/563/563
f 563/563/563 564/564/564 554/554/554
f 553/553/553 311/311/311 325/325/325
f 325/325/325 563/563/563 553/553/553
f 315/315/315 555/555/555 565/565/565
f 565/565/565 327/327/327 315/315/315
f 555/555/555 554/554/554 564/564/564
f 564/564/564 565/565/565 555/555/555
f 556/556/556 559/559/559 546/546/546
f 562/562/562 557/557/557 559/559/559
f 546/546/546 559/559/559 545/545/545
f 550/550/550 552/552/552 561/561/561
f 562/562/562 560/560/560 561/561/561
f 557/557/557 552/552/552 566/566/566
f 552/552/552 310/310/310 329/329/329
f 329/329/329 566/566/566 552/552/552
f 566/566/566 558/558/558 557/557/557
f 558/558/558 301/301/301 545/545/545
f 567/567/567 331/331/331 332/332/332
f 564/564/564 563/563/563 568/568/568
f 568/568/568 569/569/569 564/564/564
f 563/563/563 325/325/325 335/335/335
f 335/335/335 568/568/568 563/563/563
f 327/327/327 565/565/565 570/570/570
f 570/570/570 337/337/337 327/327/327
f 565/565/565 564/564/564 569/569/569
f 569/569/569 570/570/570 565/565/565
f 338/338/338 571/571/571 340/340/340
f 572/572/572 573/573/573 571/571/571
f 568/568/568 574/574/574 569/569/569
f 568/568/568 335/335/335 571/571/571
f 344/344/344 345/345/345 575/575/575
f 576/576/576 577/577/577 338/338/338
f 337/337/337 570/570/570 575/575/575
f 570/570/570 569/569/569 574/574/574
f 574/574/574 578/578/578 570/570/570
f 577/577/577 580/580/580 579/579/579
f 574/574/574 573/573/573 572/572/572
f 572/572/572 581/581/581 574/574/574
f 582/582/582 576/576/576 583/583/583
f 583/583/583 570/570/570 578/578/578
f 570/570/570 583/583/583 575/575/575
f 581/581/581 572/572/572 584/584/584
f 574/574/574 581/581/581 578/578/578
f 580/580/580 576/576/576 582/582/582
f 576/576/576 580/580/580 577/577/577
f 585/585/585 578/578/578 581/581/581
f 586/586/586 588/588/588 587/587/587
f 589/589/589 591/591/591 590/590/590
f 592/592/592 594/594/594 593/593/593
f 594/594/594 587/587/587 588/588/588
f 595/595/595 581/581/581 596/596/596
f 596/596/596 597/597/597 595/595/595
f 598/598/598 600/600/600 599/599/599
f 599/599/599 601/601/601 598/598/598
f 591/591/591 603/603/603 602/602/602
f 602/602/602 604/604/604 591/591/591
f 605/605/605 607/607/607 606/606/606
f 606/606/606 599/599/599 605/605/605
f 608/608/608 609/609/609 604/604/604
f 609/609/609 608/608/608 610/610/610
f 611/611/611 613/613/613 612/612/612
f 613/613/613 611/611/611 601/601/601
f 614/614/614 616/616/616 615/615/615
f 617/617/617 619/619/619 618/618/618
f 620/620/620 622/622/622 621/621/621
f 622/622/622 612/612/612 599/599/599
f 623/623/623 618/618/618 619/619/619
f 619/619/619 624/624/624 623/623/623
f 625/625/625 627/627/627 626/626/626
f 619/619/619 629/629/629 628/628/628
f 630/630/630 620/620/620 631/631/631
f 620/620/620 630/630/630 632/632/632
f 619/619/619 634/634/634 633/633/633
f 627/627/627 635/635/635 626/626/626
f 635/635/635 627/627/627 636/636/636
f 637/637/637 619/619/619 628/628/628
f 628/628/628 638/638/638 637/637/637
f 628/628/628 627/627/627 638/638/638
f 627/627/627 628/628/628 629/629/629
f 639/639/639 580/580/580 588/588/588
f 580/580/580 639/639/639 640/640/640
f 581/581/581 642/642/642 641/641/641
f 549/549/549 556/556/556 547/547/547
f 576/576/576 344/344/344 575/575/575
f 338/338/338 344/344/344 576/576/576
f 335/335/335 340/340/340 571/571/571
f 345/345/345 337/337/337 575/575/575
f 338/338/338 577/577/577 571/571/571
f 576/576/576 575/575/575 583/583/583
f 585/585/585 583/583/583 578/578/578
f 643/643/643 645/645/645 644/644/644
f 642/642/642 640/640/640 639/639/639
f 642/642/642 639/639/639 641/641/641
f 646/646/646 648/648/648 647/647/647
f 579/579/579 584/584/584 572/572/572
f 646/646/646 643/643/643 648/648/648
f 646/646/646 645/645/645 643/643/643
f 585/585/585 582/582/582 583/583/583
f 595/595/595 585/585/585 581/581/581
f 594/594/594 595/595/595 597/597/597
f 594/594/594 597/597/597 593/593/593
f 594/594/594 592/592/592 587/587/587
f 582/582/582 594/594/594 588/588/588
f 582/582/582 588/588/588 580/580/580
f 582/582/582 585/585/585 595/595/595
f 595/595/595 594/594/594 582/582/582
f 605/605/605 592/592/592 593/593/593
f 605/605/605 593/593/593 607/607/607
f 600/600/600 605/605/605 599/599/599
f 587/587/587 600/600/600 598/598/598
f 587/587/587 598/598/598 586/586/586
f 587/587/587 605/605/605 600/600/600
f 587/587/587 592/592/592 605/605/605
f 603/603/603 598/598/598 601/601/601
f 603/603/603 601/601/601 602/602/602
f 589/589/589 603/603/603 591/591/591
f 586/586/586 603/603/603 589/589/589
f 586/586/586 598/598/598 603/603/603
f 609/609/609 591/591/591 604/604/604
f 596/596/596 609/609/609 610/610/610
f 596/596/596 610/610/610 597/597/597
f 591/591/591 596/596/596 581/581/581
f 591/591/591 581/581/581 590/590/590
f 591/591/591 609/609/609 596/596/596
f 607/607/607 610/610/610 608/608/608
f 607/607/607 608/608/608 606/606/606
f 597/597/597 610/610/610 593/593/593
f 610/610/610 607/607/607 593/593/593
f 599/599/599 606/606/606 622/622/622
f 613/613/613 599/599/599 612/612/612
f 599/599/599 613/613/613 601/601/601
f 616/616/616 650/650/650 649/649/649
f 616/616/616 649/649/649 615/615/615
f 602/602/602 618/618/618 604/604/604
f 604/604/604 618/618/618 623/623/623
f 604/604/604 623/623/623 608/608/608
f 622/622/622 623/623/623 624/624/624
f 622/622/622 624/624/624 621/621/621
f 622/622/622 606/606/606 623/623/623
f 606/606/606 608/608/608 623/623/623
f 620/620/620 612/612/612 622/622/622
f 632/632/632 612/612/612 620/620/620
f 635/635/635 632/632/632 630/630/630
f 635/635/635 630/630/630 626/626/626
f 612/612/612 635/635/635 636/636/636
f 612/612/612 636/636/636 611/611/611
f 632/632/632 635/635/635 612/612/612
f 629/629/629 636/636/636 627/627/627
f 617/617/617 629/629/629 619/619/619
f 629/629/629 611/611/611 636/636/636
f 629/629/629 617/617/617 611/611/611
f 633/633/633 624/624/624 619/619/619
f 620/620/620 633/633/633 634/634/634
f 620/620/620 634/634/634 631/631/631
f 624/624/624 633/633/633 621/621/621
f 633/633/633 620/620/620 621/621/621
f 651/651/651 653/653/653 652/652/652
f 654/654/654 651/651/651 655/655/655
f 654/654/654 653/653/653 651/651/651
f 637/637/637 634/634/634 619/619/619
f 654/654/654 655/655/655 656/656/656
f 625/625/625 638/638/638 627/627/627
f 656/656/656 657/657/657 654/654/654
f 588/588/588 586/586/586 639/639/639
f 641/641/641 589/589/589 590/590/590
f 641/641/641 590/590/590 581/581/581
f 589/589/589 641/641/641 586/586/586
f 641/641/641 639/639/639 586/586/586
f 572/572/572 571/571/571 579/579/579
f 577/577/577 579/579/579 571/571/571
f 560/560/560 549/549/549 550/550/550
f 429/429/429 331/331/331 658/658/658
f 658/658/658 331/331/331 567/567/567
f 659/659/659 661/661/661 660/660/660
f 659/659/659 662/662/662 661/661/661
f 659/659/659 663/663/663 662/662/662
f 664/664/664 666/666/666 665/665/665
f 664/664/664 667/667/667 666/666/666
f 667/667/667 668/668/668 666/666/666
f 667/667/667 669/669/669 668/668/668
f 669/669/669 670/670/670 668/668/668
f 669/669/669 671/671/671 670/670/670
f 671/671/671 672/672/672 670/670/670
f 671/671/671 662/662/662 672/672/672
f 662/662/662 673/673/673 672/672/672
f 662/662/662 663/663/663 673/673/673
f 663/663/663 665/665/665 673/673/673
f 663/663/663 664/664/664 665/665/665
f 665/665/665 675/675/675 674/674/674
f 665/665/665 666/666/666 675/675/675
f 666/666/666 676/676/676 675/675/675
f 666/666/666 668/668/668 676/676/676
f 668/668/668 677/677/677 676/676/676
f 668/668/668 670/670/670 677/677/677
f 670/670/670 678/678/678 677/677/677
f 670/670/670 672/672/672 678/678/678
f 672/672/672 679/679/679 678/678/678
f 672/672/672 673/673/673 679/679/679
f 673/673/673 674/674/674 679/679/679
f 673/673/673 665/665/665 674/674/674
f 674/674/674 681/681/681 680/680/680
f 674/674/674 675/675/675 681/681/681
f 675/675/675 682/682/682 681/681/681
f 675/675/675 676/676/676 682/682/682
f 676/676/676 683/683/683 682/682/682
f 676/676/676 677/677/677 683/683/683
f 677/677/677 684/684/684 683/683/683
f 677/677/677 678/678/678 684/684/684
f 678/678/678 685/685/685 684/684/684
f 678/678/678 679/679/679 685/685/685
f 679/679/679 680/680/680 685/685/685
f 679/679/679 674/674/674 680/680/680
f 686/686/686 664/664/664 659/659/659
f 660/660/660 686/686/686 659/659/659
f 659/659/659 664/664/664 663/663/663
f 687/687/687 689/689/689 688/688/688
f 690/690/690 688/688/688 689/689/689
f 691/691/691 693/693/693 692/692/692
f 692/692/692 694/694/694 691/691/691
f 695/695/695 697/697/697 696/696/696
f 696/696/696 698/698/698 695/695/695
f 699/699/699 695/695/695 698/698/698
f 698/698/698 700/700/700 699/699/699
f 697/697/697 702/702/702 701/701/701
f 701/701/701 696/696/696 697/697/697
f 702/702/702 704/704/704 703/703/703
f 703/703/703 701/701/701 702/702/702
f 704/704/704 699/699/699 700/700/700
f 700/700/700 703/703/703 704/704/704
f 705/705/705 706/706/706 698/698/698
f 698/698/698 696/696/696 705/705/705
f 700/700/700 698/698/698 706/706/706
f 706/706/706 707/707/707 700/700/700
f 696/696/696 701/701/701 708/708/708
f 708/708/708 705/705/705 696/696/696
f 701/701/701 703/703/703 709/709/709
f 709/709/709 708/708/708 701/701/701
f 703/703/703 700/700/700 707/707/707
f 707/707/707 709/709/709 703/703/703
f 706/706/706 705/705/705 710/710/710
f 711/711/711 710/710/710 705/705/705
f 705/705/705 708/708/708 711/711/711
f 709/709/709 711/711/711 708/708/708
f 706/706/706 710/710/710 712/712/712
f 712/712/712 713/713/713 706/706/706
f 710/710/710 711/711/711 714/714/714
f 714/714/714 712/712/712 710/710/710
f 707/707/707 706/706/706 713/713/713
f 713/713/713 715/715/715 707/707/707
f 716/716/716 718/718/718 717/717/717
f 717/717/717 719/719/719 716/716/716
f 713/713/713 712/712/712 720/720/720
f 712/712/712 714/714/714 721/721/721
f 721/721/721 720/720/720 712/712/712
f 722/722/722 721/721/721 714/714/714
f 713/713/713 720/720/720 693/693/693
f 693/693/693 691/691/691 713/713/713
f 720/720/720 721/721/721 692/692/692
f 692/692/692 693/693/693 720/720/720
f 715/715/715 713/713/713 691/691/691
f 691/691/691 694/694/694 715/715/715
f 721/721/721 722/722/722 694/694/694
f 694/694/694 692/692/692 721/721/721
f 722/722/722 715/715/715 694/694/694
f 709/709/709 707/707/707 723/723/723
f 723/723/723 724/724/724 709/709/709
f 707/707/707 715/715/715 725/725/725
f 725/725/725 723/723/723 707/707/707
f 715/715/715 722/722/722 726/726/726
f 726/726/726 725/725/725 715/715/715
f 724/724/724 723/723/723 718/718/718
f 718/718/718 716/716/716 724/724/724
f 723/723/723 725/725/725 717/717/717
f 717/717/717 718/718/718 723/723/723
f 725/725/725 726/726/726 719/719/719
f 719/719/719 717/717/717 725/725/725
f 726/726/726 724/724/724 716/716/716
f 716/716/716 719/719/719 726/726/726
f 714/714/714 726/726/726 722/722/722
f 714/714/714 711/711/711 726/726/726
f 711/711/711 709/709/709 726/726/726
f 726/726/726 709/709/709 724/724/724
f 727/727/727 729/729/729 728/728/728
f 727/727/727 730/730/730 729/729/729
f 727/727/727 732/732/732 731/731/731
f 727/727/727 728/728/728 732/732/732
f 728/728/728 733/733/733 732/732/732
f 728/728/728 729/729/729 733/733/733
f 729/729/729 734/734/734 733/733/733
f 729/729/729 730/730/730 734/734/734
f 731/731/731 734/734/734 735/735/735
f 734/734/734 730/730/730 735/735/735
f 727/727/727 731/731/731 735/735/735
f 730/730/730 727/727/727 736/736/736
f 735/735/735 736/736/736 727/727/727
f 735/735/735 730/730/730 736/736/736
f 671/671/671 669/669/669 660/660/660
f 660/660/660 661/661/661 671/671/671
f 662/662/662 671/671/671 661/661/661
f 664/664/664 686/686/686 667/667/667
f 669/669/669 667/667/667 686/686/686
f 686/686/686 660/660/660 669/669/669
f 509/509/509 738/738/738 737/737/737
f 509/509/509 737/737/737 739/739/739
f 509/509/509 739/739/739 513/513/513
f 740/740/740 515/515/515 741/741/741
f 517/517/517 515/515/515 740/740/740
f 740/740/740 741/741/741 742/742/742
f 738/738/738 743/743/743 737/737/737
f 737/737/737 743/743/743 744/744/744
f 737/737/737 744/744/744 739/739/739
f 739/739/739 744/744/744 521/521/521
f 739/739/739 521/521/521 513/513/513
f 741/741/741 522/522/522 745/745/745
f 515/515/515 522/522/522 741/741/741
f 743/743/743 747/747/747 746/746/746
f 741/741/741 745/745/745 742/742/742
f 743/743/743 746/746/746 748/748/748
f 743/743/743 748/748/748 744/744/744
f 744/744/744 748/748/748 527/527/527
f 744/744/744 527/527/527 521/521/521
f 749/749/749 745/745/745 529/529/529
f 750/750/750 752/752/752 751/751/751
f 752/752/752 754/754/754 753/753/753
f 753/753/753 751/751/751 752/752/752
f 754/754/754 535/535/535 536/536/536
f 536/536/536 753/753/753 754/754/754
f 740/740/740 537/537/537 517/517/517
f 537/537/537 740/740/740 755/755/755
f 742/742/742 755/755/755 740/740/740
f 539/539/539 529/529/529 745/745/745
f 756/756/756 541/541/541 542/542/542
f 742/742/742 745/745/745 749/749/749

g bons
# texture: bons.jpg
v -0.452225 180.9223 27.91819
v -6.483128 178.4725 26.8548
v -5.75573 178.5018 28.6462
v -2.54673 178.5018 31.3389
v 1.642273 178.5018 31.3389
v 4.851273 178.5018 28.64619
v 5.578672 178.4725 26.85469
v -9.692134 173.0998 27.2316
v -8.577735 173.5452 29.3202
v -3.661232 173.5604 34.2743
v 2.756668 173.5604 34.2743
v 7.673168 173.5452 29.3202
v 8.787668 173.0998 27.23149
v -8.265141 167.5032 27.313
v -7.322839 165.9949 32.19521
v -8.317835 172.3424 32.8177
v -6.595938 168.2594 33.5519
v -1.626937 167.9694 33.3282
v 0.722364 167.9694 33.3282
v 5.691264 168.2594 33.5518
v 7.413268 172.3424 32.8177
v 6.418262 165.9949 32.1952
v 7.360663 167.5032 27.313
v -0.452347 156.5811 25.87111
v -2.609447 156.4244 32.89041
v -5.433646 157.3317 28.67341
v 1.704754 156.4244 32.89041
v 4.529056 157.3318 28.67341
v -6.678944 161.9805 28.59541
v -2.518742 162.171 33.50401
v 1.614159 162.171 33.50401
v 5.774359 161.9805 28.5953
v -0.452242 162.6016 26.0284
vn 0.006401 0.919901 0.3921
vn -0.72088 0.630984 0.286692
vn -0.594634 0.648439 0.475328
vn -0.191099 0.6442 0.740599
vn 0.34232 0.631036 0.69614
vn 0.643103 0.645502 0.412001
vn 0.657191 0.709889 0.253296
vn -0.943026 0.089304 0.320509
vn -0.864035 0.299414 0.404717
vn -0.298494 0.282696 0.911584
vn 0.207105 0.329608 0.921122
vn 0.851372 0.29109 0.436385
vn 0.875209 0.265302 0.404504
vn -0.914399 -0.298999 -0.272899
vn -0.752276 -0.315889 0.578182
vn -0.541508 0.169104 0.823513
vn -0.602894 -0.223097 0.765994
vn -0.134295 -0.177792 0.974862
vn 0.023699 -0.115293 0.993049
vn 0.262293 -0.195994 0.944875
vn 0.749924 0.193406 0.63262
vn 0.770101 -0.265601 0.580001
vn 0.970939 -0.235611 -0.042002
vn -0.100795 -0.725258 -0.68106
vn -0.309702 -0.640102 0.703104
vn -0.862061 -0.498476 0.091496
vn 0.503813 -0.646217 0.573216
vn 0.71567 -0.468082 -0.518379
vn -0.932019 -0.338406 -0.129702
vn -0.436714 -0.0258 0.89923
vn 0.293803 -0.124601 0.94771
vn 0.943668 -0.33089 0.0016
vn 0.102404 -0.135006 -0.985539
vt 0.5868 0.7126
vt 0.4967 0.6814
vt 0.5075 0.6817
vt 0.5555 0.6817
vt 0.6181 0.6817
vt 0.6661 0.6817
vt 0.677 0.6814
vt 0.4487 0.6129
vt 0.4654 0.6186
vt 0.5389 0.6188
vt 0.6348 0.6188
vt 0.7083 0.6186
vt 0.725 0.6129
vt 0.47 0.5416
vt 0.4841 0.5223
vt 0.4692 0.6032
vt 0.495 0.5512
vt 0.5693 0.5475
vt 0.6044 0.5475
vt 0.6787 0.5512
vt 0.7044 0.6032
vt 0.6896 0.5223
vt 0.7036 0.5416
vt 0.5868 0.4024
vt 0.5546 0.4004
vt 0.5124 0.4119
vt 0.6191 0.4004
vt 0.6613 0.4119
vt 0.4937 0.4712
vt 0.5559 0.4736
vt 0.6177 0.4736
vt 0.6799 0.4712
vt 0.5868 0.4791
f 757/757/757 759/759/759 758/758/758
f 757/757/757 760/760/760 759/759/759
f 757/757/757 761/761/761 760/760/760
f 757/757/757 762/762/762 761/761/761
f 757/757/757 763/763/763 762/762/762
f 758/758/758 765/765/765 764/764/764
f 758/758/758 759/759/759 765/765/765
f 759/759/759 766/766/766 765/765/765
f 759/759/759 760/760/760 766/766/766
f 760/760/760 767/767/767 766/766/766
f 760/760/760 761/761/761 767/767/767
f 761/761/761 768/768/768 767/767/767
f 761/761/761 762/762/762 768/768/768
f 762/762/762 769/769/769 768/768/768
f 762/762/762 763/763/763 769/769/769
f 764/764/764 771/771/771 770/770/770
f 764/764/764 765/765/765 771/771/771
f 772/772/772 774/774/774 773/773/773
f 772/772/772 766/766/766 774/774/774
f 766/766/766 775/775/775 774/774/774
f 766/766/766 767/767/767 775/775/775
f 767/767/767 776/776/776 775/775/775
f 767/767/767 777/777/777 776/776/776
f 768/768/768 779/779/779 778/778/778
f 768/768/768 769/769/769 779/779/779
f 780/780/780 782/782/782 781/781/781
f 780/780/780 781/781/781 783/783/783
f 780/780/780 783/783/783 784/784/784
f 774/774/774 785/785/785 771/771/771
f 785/785/785 774/774/774 786/786/786
f 775/775/775 786/786/786 774/774/774
f 786/786/786 775/775/775 787/787/787
f 778/778/778 787/787/787 775/775/775
f 787/787/787 778/778/778 788/788/788
f 786/786/786 782/782/782 785/785/785
f 782/782/782 786/786/786 781/781/781
f 785/785/785 780/780/780 789/789/789
f 780/780/780 785/785/785 782/782/782
f 787/787/787 781/781/781 786/786/786
f 781/781/781 787/787/787 783/783/783
f 789/789/789 784/784/784 788/788/788
f 784/784/784 789/789/789 780/780/780
f 788/788/788 783/783/783 787/787/787
f 783/783/783 788/788/788 784/784/784
f 779/779/779 788/788/788 778/778/778
f 788/788/788 779/779/779 789/789/789
f 771/771/771 785/785/785 770/770/770
f 770/770/770 785/785/785 789/789/789
f 766/766/766 772/772/772 765/765/765
f 767/767/767 768/768/768 777/777/777
f 765/765/765 773/773/773 771/771/771
f 773/773/773 765/765/765 772/772/772
f 774/774/774 771/771/771 773/773/773
f 775/775/775 776/776/776 778/778/778
f 778/778/778 777/777/777 768/768/768
f 777/777/777 778/778/778 776/776/776
