# Monster61.bmd — MU geometry at action 0 key 0, exported for MU2
# 1 mesh(es)

g skR
# texture: skR.jpg
v 30.216 191.0715 0.719605
v -0.0473 195.132 8.007401
v 27.7851 182.1051 5.247902
v -0.0473 209.2113 -9.187103
v -0.0473 195.132 8.007401
v 30.216 191.0715 0.719605
v 25.2506 203.268 -24.4974
v 34.1488 192.0897 -16.7927
v 25.2506 203.268 -24.4974
v -0.0473 209.44 -21.9637
v 27.7851 182.1051 5.247902
v 28.7767 166.039 -0.012802
v 31.0935 171.1962 -8.945198
v 9.5609 191.3445 35.2617
v 6.6871 179.9435 40.3101
v 14.0409 193.4308 44.2748
v 36.3081 174.0606 -22.4502
v 22.9707 150.7674 -26.3256
v 33.1128 161.1808 -35.1422
v 31.0935 171.1962 -8.945198
v 12.9307 185.1128 50.2109
v -0.0473 158.7853 -33.371
v 22.9707 150.7674 -26.3256
v -0.0473 147.9471 -21.4553
v 33.1128 161.1808 -35.1422
v 13.9679 178.8023 -47.6012
v -0.0473 179.2823 -48.99619
v -0.0473 178.5087 16.0571
v 16.9791 167.0142 9.5042
v 28.7767 166.039 -0.012802
v 16.9791 167.0142 9.5042
v 26.9724 155.4345 6.289398
v 21.2285 141.8484 -15.3074
v -0.2569 138.8591 -12.24611
v 28.7767 166.039 -0.012802
v 26.9724 155.4345 6.289398
v 31.0935 171.1962 -8.945198
v 36.3081 174.0606 -22.4502
v 22.8218 199.1077 -45.4128
v 12.4621 211.0867 -36.0122
v 30.825 196.9102 -25.062
v 31.0935 171.1962 -8.945198
v 52.7736 190.119 -36.18641
v 30.4352 186.1559 -50.1783
v 22.8218 199.1077 -45.4128
v 37.5539 202.0791 -40.7461
v 17.5829 158.2006 15.5912
v -0.0473 178.5087 16.0571
v 3.4636 163.3667 22.974
v 17.5829 158.2006 15.5912
v 29.4774 192.8008 -21.78371
v 37.5539 202.0791 -40.7461
v 22.8218 199.1077 -45.4128
v 30.825 196.9102 -25.062
v 55.7777 182.8721 -26.3088
v 41.7255 182.8281 6.418999
v 46.5246 202.0706 -21.501
v 36.3081 174.0606 -22.4502
v 52.7736 190.119 -36.18641
v 37.5539 202.0791 -40.7461
v 46.5246 202.0706 -21.501
v 55.7777 182.8721 -26.3088
v 41.7255 182.8281 6.418999
v 36.3081 174.0606 -22.4502
v 45.3808 170.6142 -3.086998
v 29.4774 192.8008 -21.78371
v 55.971 189.2939 7.234104
v 63.6043 176.0608 -3.782398
v 45.3808 170.6142 -3.086998
v 55.7777 182.8721 -26.3088
v 55.971 189.2939 7.234104
v 63.6043 176.0608 -3.782398
v 54.4659 163.5937 21.0549
v 49.8215 173.3663 25.5286
v 60.8413 178.0815 25.1172
v 49.8215 173.3663 25.5286
v 64.6768 168.7714 18.602
v 54.4659 163.5937 21.0549
v 60.8413 178.0815 25.1172
v 64.6768 168.7714 18.602
v 50.1716 162.8709 23.3915
v 53.4977 175.3396 16.2736
v 58.8507 180.1752 28.6484
v 57.7557 167.4654 35.1629
v 57.7557 167.4654 35.1629
v 58.8507 180.1752 28.6484
v 30.8649 167.7057 29.7588
v 35.8407 184.8515 20.8647
v 42.061 190.0281 36.5403
v 53.4977 175.3396 16.2736
v 35.8407 184.8515 20.8647
v 41.3335 174.6938 45.2319
v 42.061 190.0281 36.5403
v 41.3335 174.6938 45.2319
v 14.0409 193.4308 44.2748
v 12.9307 185.1128 50.2109
v 13.7776 200.9794 -48.2049
v -0.0473 191.8042 -59.0797
v 13.7776 200.9794 -48.2049
v -0.0473 209.44 -21.9637
v -0.0473 213.5498 -33.1585
v 26.9724 155.4345 6.289398
v 19.7729 145.3526 28.0723
v 28.5192 135.9821 18.0783
v 3.4636 163.3667 22.974
v -2.3739 145.334 37.0081
v 19.7729 145.3526 28.0723
v 22.6864 121.9685 5.798801
v -2.1726 119.2175 5.708496
v 21.2285 141.8484 -15.3074
v 26.9724 155.4345 6.289398
v 28.5192 135.9821 18.0783
v 22.6864 121.9685 5.798801
v -8.1519 206.3942 23.28461
v -9.893 211.2118 32.1973
v -4.4172 196.4298 30.3924
v -7.4344 204.653 39.7215
v -14.0626 178.8022 -47.6011
v -28.2332 200.4896 -33.7806
v -38.1314 202.5203 -46.3187
v -46.2244 212.0424 -34.60801
v -38.9118 182.7664 -53.7514
v -46.2244 212.0424 -34.60801
v -38.9118 182.7664 -53.7514
v -61.746 192.3103 -12.9954
v -41.7589 199.0323 7.832397
v -45.992 184.6851 0.258701
v -42.6248 188.5974 -17.3383
v -51.529 211.3968 -14.09249
v -41.7589 199.0323 7.832397
v -28.2332 200.4896 -33.7806
v -51.529 211.3968 -14.09249
v -64.6768 190.9617 1.652802
v -61.746 192.3103 -12.9954
v -51.6112 179.5751 27.772
v -46.5694 189.8688 30.1611
v -57.6176 194.5206 30.529
v -62.1302 184.3891 25.9652
v -64.6768 190.9617 1.652802
v -57.6176 194.5206 30.529
v -62.1302 184.3891 25.9652
v -48.7478 177.9223 30.3669
v -53.4798 188.4179 21.1644
v -54.9872 196.8526 32.6447
v -52.5733 186.2177 41.9335
v -30.8204 181.7432 29.9891
v -37.4636 196.4515 18.2652
v -38.8692 206.1632 32.9273
v -37.4636 196.4515 18.2652
v -53.4798 188.4179 21.1644
v -54.9872 196.8526 32.6447
v -36.2941 193.6133 45.0574
v -38.8692 206.1632 32.9273
v -36.2941 193.6133 45.0574
v -9.893 211.2118 32.1973
v -7.4344 204.653 39.7215
v -19.5335 203.3794 -48.49419
v -12.5568 211.0867 -36.0122
v -0.0473 213.5498 -33.1585
v 22.0306 114.4604 57.8961
v 31.4739 107.4978 45.671
v 28.5192 135.9821 18.0783
v 19.7729 145.3526 28.0723
v -1.2291 118.0087 69.4312
v 22.0306 114.4604 57.8961
v 19.7729 145.3526 28.0723
v -2.3739 145.334 37.0081
v 25.1239 88.5161 32.3241
v -2.1706 84.19881 33.8897
v -2.1726 119.2175 5.708496
v 22.6864 121.9685 5.798801
v 31.4739 107.4978 45.671
v 25.1239 88.5161 32.3241
v 22.6864 121.9685 5.798801
v 28.5192 135.9821 18.0783
v -39.245 104.641 48.1209
v -28.8625 114.8651 62.0786
v -28.204 142.9489 33.6133
v -38.1156 133.2841 18.3453
v -28.8625 114.8651 62.0786
v -1.2291 118.0087 69.4312
v -2.3739 145.334 37.0081
v -28.204 142.9489 33.6133
v -2.1726 119.2175 5.708496
v -31.8831 89.6734 35.5238
v -32.0258 122.4299 9.8992
v -2.1706 84.19881 33.8897
v -31.8831 89.6734 35.5238
v -39.245 104.641 48.1209
v -38.1156 133.2841 18.3453
v -32.0258 122.4299 9.8992
v 24.4172 71.8336 94.4537
v 34.7105 66.1703 81.4792
v 31.4739 107.4978 45.671
v 22.0306 114.4604 57.8961
v -0.4576 79.363 106.977
v -1.2291 118.0087 69.4312
v 26.4039 47.005 66.8174
v -1.7946 38.74739 69.8521
v -2.1706 84.19881 33.8897
v 25.1239 88.5161 32.3241
v 34.7105 66.1703 81.4792
v 31.4739 107.4978 45.671
v -40.2777 64.5619 82.89421
v -28.8462 75.1498 101.3827
v -28.8625 114.8651 62.0786
v -39.245 104.641 48.1209
v -28.8462 75.1498 101.3827
v -28.8625 114.8651 62.0786
v -32.9093 46.63059 70.257
v -31.8831 89.6734 35.5238
v -32.9093 46.63059 70.257
v -31.8831 89.6734 35.5238
v 24.4157 36.85789 126.1956
v 38.741 31.1945 113.2211
v 34.7105 66.1703 81.4792
v 24.4172 71.8336 94.4537
v -0.1106 45.3219 140.1548
v 24.4157 36.85789 126.1956
v 24.4172 71.8336 94.4537
v -0.4576 79.363 106.977
v 26.4024 10.10019 96.3462
v -1.7915 3.703003 98.57379
v -1.7946 38.74739 69.8521
v 26.4039 47.005 66.8174
v 38.741 31.1945 113.2211
v 26.4024 10.10019 96.3462
v 26.4039 47.005 66.8174
v 34.7105 66.1703 81.4792
v -41.2115 32.00549 112.5077
v -28.0783 42.21149 131.7227
v -28.8462 75.1498 101.3827
v -40.2777 64.5619 82.89421
v -28.0783 42.21149 131.7227
v -0.1106 45.3219 140.1548
v -0.4576 79.363 106.977
v -28.8462 75.1498 101.3827
v -1.7915 3.703003 98.57379
v -32.9374 10.74198 95.8391
v -32.9093 46.63059 70.257
v -1.7946 38.74739 69.8521
v -32.9374 10.74198 95.8391
v -41.2115 32.00549 112.5077
v -40.2777 64.5619 82.89421
v -32.9093 46.63059 70.257
v 28.672 14.96359 155.3565
v 45.0753 6.327301 136.4081
v 38.741 31.1945 113.2211
v 24.4157 36.85789 126.1956
v -0.1105 21.51338 169.6082
v -0.1106 45.3219 140.1548
v 36.602 -12.336 114.1728
v -1.7914 -15.6739 110.2034
v -1.7915 3.703003 98.57379
v 26.4024 10.10019 96.3462
v 45.0753 6.327301 136.4081
v 38.741 31.1945 113.2211
v -49.9791 6.327301 136.4081
v -29.0861 17.7953 160.7531
v -28.0783 42.21149 131.7227
v -41.2115 32.00549 112.5077
v -29.0861 17.7953 160.7531
v -28.0783 42.21149 131.7227
v -34.2905 -11.93222 114.6539
v -32.9374 10.74198 95.8391
v -34.2905 -11.93222 114.6539
v -32.9374 10.74198 95.8391
v -19.5335 203.3794 -48.49419
v -12.5568 211.0867 -36.0122
v -32.0258 122.4299 9.8992
v -33.2149 145.1026 -13.5321
v -18.1789 143.7657 -15.1254
v -5.172 142.3217 -16.8462
v -38.3764 171.5949 -43.2526
v -24.8382 164.2099 -37.0558
v -15.5128 164.2099 -37.0558
v -38.9118 182.7664 -53.7514
v -27.6029 184.0301 -54.81179
v -19.5335 182.8091 -53.78721
v -28.204 142.9489 33.6133
v -2.3739 145.334 37.0081
v -18.1789 171.0725 16.2291
v -33.2149 171.0725 16.2291
v -5.172 171.0725 16.2291
v -33.2149 171.0725 16.2291
v -18.1789 171.0725 16.2291
v -24.8382 199.1586 3.405899
v -24.8382 199.1586 3.405899
v -38.3764 197.3335 1.230499
v -33.2149 171.0725 16.2291
v -15.5127 199.1586 3.405899
v -24.8382 199.1586 3.405899
v -38.3764 197.3335 1.230499
v -27.6029 209.2024 -24.81251
v -38.9118 207.9387 -23.7522
v -24.8382 199.1586 3.405899
v -15.5127 199.1586 3.405899
v -19.5335 207.9814 -23.788
v -19.5335 207.9814 -23.788
v -27.6029 209.2024 -24.81251
v -24.8382 199.1586 3.405899
v -19.5335 182.8091 -53.78721
v -27.6029 184.0301 -54.81179
v -27.6029 204.6004 -49.5187
v -19.5335 203.3794 -48.49419
v -38.1314 202.5203 -46.3187
v -27.6029 204.6004 -49.5187
v -27.6029 204.6004 -49.5187
v -19.5335 207.9814 -23.788
v -27.6029 204.6004 -49.5187
v -38.1314 202.5203 -46.3187
v -38.9118 207.9387 -23.7522
v -38.9118 207.9387 -23.7522
v -27.6029 209.2024 -24.81251
v -27.6029 204.6004 -49.5187
v -38.3764 171.5949 -43.2526
v -33.2149 145.1026 -13.5321
v -36.3225 156.3963 -2.732903
v -34.4445 172.9218 -16.5995
v -32.0258 122.4299 9.8992
v -38.1156 133.2841 18.3453
v -33.2149 171.0725 16.2291
v -38.3764 197.3335 1.230499
v -36.3225 156.3963 -2.732903
v -38.1156 133.2841 18.3453
v -28.204 142.9489 33.6133
v -28.204 142.9489 33.6133
v -33.2149 171.0725 16.2291
v -36.3225 156.3963 -2.732903
v -0.0473 209.2113 -9.187103
v -19.5335 207.9814 -23.788
v -28.2332 200.4896 -33.7806
v -42.6248 188.5974 -17.3383
v -38.3764 171.5949 -43.2526
v -18.7302 180.3509 48.3803
v -20.9589 182.4108 47.9996
v -23.6935 187.3193 38.2844
v -21.1074 185.607 37.2175
v 11.4765 183.24 48.5932
v 14.1418 191.3732 46.5707
v 8.353 189.3998 51.2236
v 8.2313 195.8371 40.7998
v 11.5955 193.0529 38.4804
v 7.311 186.1814 35.1539
v -1.5506 191.5849 53.7446
v -8.9282 191.4276 55.7202
v 8.353 189.3998 51.2236
v 8.2313 195.8371 40.7998
v -2.0649 199.861 43.761
v -2.0649 199.861 43.761
v -1.5506 191.5849 53.7446
v 8.353 189.3998 51.2236
v 7.6055 181.3767 40.98161
v -9.093 195.0745 48.0625
v -11.4143 191.8366 32.44011
v -13.1491 189.6559 33.5366
v -14.3973 191.4909 34.8563
v -12.6626 193.6716 33.7599
v -13.1074 192.6108 55.1926
v -2.0649 199.861 43.761
v -15.4513 199.6439 45.3934
v -10.2193 198.6993 44.6377
v -4.1886 186.0963 36.66491
v -1.3254 189.1674 33.5756
v -6.3441 190.6551 39.6606
v -3.4808 193.7262 36.5713
v 16.9426 189.2668 30.8762
v 19.5149 191.524 18.09301
v 19.439 189.7367 29.17261
v 16.2638 191.4177 18.5149
v -6.5408 202.3848 38.38271
v -1.0897 207.8192 38.5507
v -9.3714 209.9635 34.9318
v -2.736 212.2892 27.2626
v -9.127 209.2009 26.3219
v -6.1912 201.2703 24.0547
v 9.289 206.9668 37.6745
v 17.7224 204.4659 37.2815
v -1.0897 207.8192 38.5507
v 8.6354 213.0874 26.2491
v -2.736 212.2892 27.2626
v 8.6354 213.0874 26.2491
v -1.0897 207.8192 38.5507
v 9.289 206.9668 37.6745
v -5.0188 198.1986 30.8617
v 16.1461 206.7755 29.2722
v 11.173 200.8966 15.0728
v 14.5834 199.941 16.5933
v 12.5249 198.4486 16.1436
v 13.2314 202.389 15.5224
v 21.2539 203.1284 35.0716
v 21.9684 206.8934 23.3969
v 8.6354 213.0874 26.2491
v 17.169 208.8968 24.73441
v 21.2539 203.1284 35.0716
v 19.5149 191.524 18.09301
v 21.9684 206.8934 23.3969
v 19.5149 191.524 18.09301
v 21.2539 203.1284 35.0716
v 19.439 189.7367 29.17261
v 4.5152 198.5204 22.35571
v 1.7163 201.8838 19.5224
v 8.68 202.4983 23.4668
v 5.8811 205.8617 20.6335
v 17.435 204.1679 -43.86959
v 10.4505 205.7626 -59.33851
v 14.9675 211.015 -48.9604
v 12.1953 197.8431 -54.8246
v -0.4544 204.3401 -64.2783
v -0.4544 196.3085 -63.37951
v -0.4544 213.1126 -28.3769
v 10.4506 215.8285 -39.4728
v -0.4544 217.1133 -33.7972
v 12.1953 210.4928 -32.9146
v 12.1953 210.4928 -32.9146
v 10.4506 215.8285 -39.4728
v 9.9253 213.9919 -65.34681
v 14.2247 220.5083 -57.5808
v -0.4544 211.0885 -68.807
v -0.4544 217.1133 -33.7972
v 9.9253 229.1552 -46.48041
v -0.4544 230.4944 -38.4988
v 7.5704 225.3944 -72.84701
v 10.8944 230.3194 -65.8133
v -0.4544 223.3544 -75.76049
v -0.4544 230.4944 -38.4988
v 9.9253 229.1552 -46.48041
v -0.4544 237.2845 -55.8662
v 7.5704 235.2445 -58.77959
v 7.5704 235.2445 -58.77959
v -0.4544 235.3058 -69.9974
v -0.4544 235.3058 -69.9974
v 7.5704 225.3944 -72.84701
v -0.4544 223.3544 -75.76049
v -0.4544 237.2845 -55.8662
v 10.8944 230.3194 -65.8133
v -18.3438 204.1679 -43.86959
v -15.8763 211.015 -48.9604
v -11.3593 205.7626 -59.33851
v -13.1041 197.8431 -54.8246
v -0.4544 213.1126 -28.3769
v -11.3593 215.8285 -39.4728
v -13.1041 210.4928 -32.9146
v -15.1335 220.5083 -57.5808
v -10.8341 213.9919 -65.34681
v -10.8341 229.1552 -46.48041
v -11.3593 215.8285 -39.4728
v -10.8341 229.1552 -46.48041
v -11.8032 230.3194 -65.8133
v -8.4792 225.3944 -72.84701
v -8.4792 235.2445 -58.77959
v -8.4792 225.3944 -72.84701
v -11.8032 230.3194 -65.8133
v -8.4792 235.2445 -58.77959
v 14.6751 217.8417 -51.0503
v 24.1419 204.0239 -75.01931
v 20.7676 232.0974 -98.7478
v 12.2033 229.1191 -55.4842
v -15.3781 217.8417 -51.0503
v -21.4705 232.0974 -98.7478
v -24.8448 204.0239 -75.0192
v -12.9062 229.1191 -55.4842
v -13.0178 200.0853 -49.22281
v -35.319 202.3355 -49.96581
v -19.7922 206.4265 -51.56269
v -37.5501 193.6215 -46.6996
v -28.732 213.0877 -39.89759
v -27.1427 210.61 -30.79189
v -35.8389 229.8434 -66.0722
v 12.5164 200.0853 -49.22269
v 19.2908 206.4265 -51.5626
v 34.8176 202.3355 -49.96571
v 37.0487 193.6215 -46.6996
v 37.0487 193.6215 -46.6996
v 34.8176 202.3355 -49.96571
v 28.2306 213.0877 -39.89749
v 26.6413 210.61 -30.7918
v 26.6413 210.61 -30.7918
v 28.2306 213.0877 -39.89749
v 35.3375 229.8433 -66.0722
v 35.3375 229.8433 -66.0722
v 19.2908 206.4265 -51.5626
vn 0.831407 0.287503 0.475504
vn 0.043201 0.547913 0.835419
vn 0.461906 0.086401 0.882711
vn 0.30781 0.89093 0.333911
vn 0.270807 0.596915 0.755219
vn 0.633936 0.594033 0.495228
vn 0.714697 0.698697 0.0321
vn 0.907443 0.332579 -0.256784
vn 0.326109 0.928326 0.178505
vn -0.037 0.981491 0.187898
vn 0.735771 0.085797 0.671774
vn 0.842378 0.163496 0.513487
vn 0.941231 -0.217507 0.258409
vn -0.695906 0.592005 -0.406504
vn -0.970188 -0.200598 -0.135998
vn -0.519684 0.853674 0.034199
vn -0.043397 -0.857249 0.51307
vn 0.81707 -0.511981 0.26509
vn 0.79942 -0.510513 0.316708
vn 0.941231 -0.217507 0.258409
vn -0.549097 -0.562097 0.618497
vn 0.0088 -0.652305 -0.757906
vn 0.592498 -0.651798 -0.473398
vn 0.0527 -0.735199 -0.675799
vn 0.356405 -0.675209 -0.645809
vn 0.137999 -0.337397 -0.931193
vn 0 -0.61681 -0.787112
vn 0.329111 0.216107 0.91923
vn 0.577512 0.267205 0.771416
vn 0.918705 -0.299802 0.257101
vn 0.603101 0.26 0.754101
vn 0.871207 0.271202 0.409203
vn 0.271597 -0.736691 -0.619292
vn 0.0856 -0.701103 -0.707903
vn 0.918705 -0.299802 0.257101
vn 0.970215 0.116302 0.212503
vn 0.949173 -0.257793 0.180595
vn 0.848284 -0.52839 -0.034899
vn 0.382883 0.541477 -0.748468
vn 0.339996 0.923888 -0.175598
vn -0.032901 0.854433 0.51852
vn 0.949173 -0.257793 0.180595
vn 0.795719 0.133303 -0.590814
vn 0.239306 0.0063 -0.970924
vn 0.382883 0.541477 -0.748468
vn 0.468196 0.509996 -0.721594
vn 0.513098 0.526998 0.677498
vn -0.097403 0.397013 0.91263
vn 0.179505 0.520113 0.835021
vn 0.599196 0.546896 0.584696
vn 0.691931 0.720832 -0.040402
vn -0.298105 0.937215 0.181003
vn -0.254799 0.945596 0.202299
vn -0.298105 0.937215 0.181003
vn 0.817591 -0.565694 -0.107399
vn -0.892604 0.155701 0.423102
vn 0.368795 0.928387 0.045699
vn 0.848284 -0.52839 -0.034899
vn 0.795719 0.133303 -0.590814
vn 0.468196 0.509996 -0.721594
vn 0.518708 0.849713 0.094501
vn 0.817591 -0.565694 -0.107399
vn -0.800189 0.235697 0.551493
vn -0.043397 -0.857249 0.51307
vn -0.094998 -0.980976 -0.169296
vn -0.901006 -0.338102 0.271802
vn 0.056101 0.895109 0.442304
vn 0.905804 -0.370802 -0.205001
vn -0.415907 -0.907815 -0.053801
vn 0.854482 0.509289 -0.102398
vn 0.598 0.7852 0.1608
vn 0.891425 -0.288208 -0.34971
vn -0.505997 -0.860195 -0.0635
vn -0.168398 -0.434295 -0.88489
vn 0.397103 0.625505 0.671605
vn -0.318007 0.789119 0.525512
vn 0.667576 -0.732874 -0.131295
vn 0.344397 -0.858793 -0.379297
vn 0.681001 0.696601 -0.2258
vn 0.928133 -0.349512 0.128105
vn 0.042802 -0.99534 -0.086404
vn 0.346595 -0.725489 -0.594591
vn 0.928088 0.287696 0.236397
vn 0.508794 -0.574793 0.640892
vn 0.90553 0.121504 0.406513
vn 0.76738 0.640884 -0.019899
vn -0.42819 -0.868881 -0.248394
vn -0.367985 0.301588 -0.879564
vn 0.392199 0.919797 -0.0124
vn 0.314599 0.844097 -0.434198
vn 0.345491 0.841677 -0.414989
vn 0.059504 -0.726252 0.684849
vn 0.505413 0.710519 0.489613
vn 0.308502 0.491003 0.814704
vn 0.308502 0.491003 0.814704
vn 0.328721 0.519133 0.788951
vn 0.255802 0.556904 -0.790205
vn 0.036701 -0.177005 -0.983526
vn 0.255802 0.556904 -0.790205
vn 0.148102 0.960914 0.233903
vn 0.073801 0.918316 -0.388907
vn 0.970215 0.116302 0.212503
vn 0.756797 0.460898 0.463498
vn 0.841612 0.327305 0.429606
vn 0.535589 0.403792 0.741685
vn 0.410487 0.560482 0.719277
vn 0.268801 0.694302 0.667602
vn 0.040601 -0.703216 -0.709816
vn -0.0176 -0.696216 -0.717617
vn 0.964999 -0.1219 -0.2322
vn 0.871207 0.271202 0.409203
vn 0.964999 -0.1219 -0.2322
vn 0.95269 -0.185598 -0.240698
vn 0.5673 0.3915 -0.724499
vn 0.506294 0.78649 -0.353696
vn 0.903287 -0.299096 -0.307596
vn 0.711365 -0.40968 0.571072
vn 0.1024 -0.4619 -0.881001
vn -0.230207 0.788724 -0.570017
vn -0.348009 0.271807 -0.897224
vn 0.184405 0.904727 -0.384011
vn -0.506214 -0.137204 -0.851424
vn -0.882977 0.292192 -0.36739
vn -0.854371 0.117596 -0.506183
vn -0.882977 0.292192 -0.36739
vn 0.957142 -0.002 0.289613
vn 0.24 -0.9609 -0.1381
vn -0.316299 -0.925598 0.2079
vn -0.509911 0.858518 0.054201
vn 0.553514 0.806421 0.208105
vn 0.553514 0.806421 0.208105
vn -0.0302 0.982908 0.181602
vn -0.580115 -0.77602 -0.247507
vn -0.749704 -0.660704 -0.0376
vn 0.28341 -0.956634 -0.067302
vn 0.962617 0.245005 -0.115502
vn 0.127003 0.929223 0.347009
vn -0.669084 -0.671484 0.318492
vn -0.868855 0.470376 0.154392
vn -0.868855 0.470376 0.154392
vn -0.925964 0.328687 0.185893
vn -0.110002 -0.972518 0.205204
vn -0.476611 -0.84532 -0.241406
vn -0.752392 0.172998 0.635593
vn -0.598593 -0.214897 0.771691
vn 0.358092 -0.92838 -0.099398
vn 0.109499 0.0282 -0.993587
vn -0.407499 0.899398 -0.1582
vn -0.456097 0.721195 -0.521396
vn -0.429016 0.717226 -0.54912
vn -0.401291 0.712184 -0.575987
vn 0.119399 -0.509594 0.85209
vn -0.384094 0.842687 0.377294
vn -0.125503 0.701116 0.701916
vn -0.125503 0.701116 0.701916
vn -0.150395 0.720378 0.677079
vn 0.0076 0.807804 -0.589403
vn -0.174208 0.948042 0.266212
vn -0.254786 0.907749 0.333281
vn 0.827692 0.426096 0.365196
vn 0.813013 0.446407 0.373806
vn 0.827692 0.426096 0.365196
vn 0.841704 0.405602 0.356402
vn 0.333888 0.699374 0.631977
vn 0.415591 0.647287 0.638987
vn 0.333888 0.699374 0.631977
vn 0.249089 0.744867 0.618973
vn 0.062703 -0.621329 -0.781037
vn 0.054401 -0.626011 -0.777914
vn 0.062703 -0.621329 -0.781037
vn 0.071098 -0.61658 -0.784075
vn 0.952978 -0.148797 -0.263994
vn 0.955802 -0.1367 -0.260301
vn 0.952978 -0.148797 -0.263994
vn 0.949991 -0.160798 -0.267697
vn -0.860817 0.377407 0.341407
vn -0.853415 0.380807 0.355906
vn -0.860817 0.377407 0.341407
vn -0.86799 0.373896 0.326796
vn -0.2039 0.721601 0.661601
vn -0.251088 0.735766 0.628971
vn -0.2039 0.721601 0.661601
vn -0.156004 0.704919 0.691919
vn -0.165295 -0.613281 -0.772376
vn -0.165295 -0.613281 -0.772376
vn -0.174202 -0.607208 -0.775211
vn -0.1564 -0.6192 -0.7695
vn -0.922933 -0.247909 -0.29451
vn -0.9348 -0.2376 -0.264
vn -0.922933 -0.247909 -0.29451
vn -0.91001 -0.257903 -0.324604
vn 0.716798 0.480599 0.505199
vn 0.998781 0.035699 -0.034099
vn 0.942601 0.2538 0.217
vn 0.596004 0.552903 0.582304
vn 0.2404 0.668801 0.703501
vn -0.0279 0.699393 0.714193
vn 0.425003 -0.564004 -0.708005
vn -0.075697 -0.620473 -0.780566
vn -0.0008 -0.62651 -0.779413
vn 0.769501 -0.3852 -0.509401
vn 0.998781 0.035699 -0.034099
vn 0.942601 0.2538 0.217
vn -0.969709 0.177502 0.167802
vn -0.492876 0.60877 0.621669
vn -0.711108 0.490105 0.504106
vn -0.997688 -0.0237 -0.063699
vn -0.492876 0.60877 0.621669
vn -0.711108 0.490105 0.504106
vn -0.772507 -0.390804 -0.500505
vn -0.473302 -0.544703 -0.692303
vn -0.772507 -0.390804 -0.500505
vn -0.473302 -0.544703 -0.692303
vn 0.736155 0.475771 0.481371
vn 0.672683 0.538286 0.507687
vn 0.736155 0.475771 0.481371
vn 0.793336 0.409119 0.450821
vn 0.521781 0.585979 0.619978
vn 0.546999 0.562599 0.619899
vn 0.521781 0.585979 0.619978
vn 0.496014 0.608618 0.619318
vn 0.090401 -0.626809 -0.773911
vn 0.082401 -0.63171 -0.770813
vn 0.090401 -0.626809 -0.773911
vn 0.098404 -0.621724 -0.77703
vn 0.922118 -0.218204 -0.319506
vn 0.905689 -0.264897 -0.330996
vn 0.922118 -0.218204 -0.319506
vn 0.936222 -0.170804 -0.307107
vn -0.862586 0.343095 0.371794
vn -0.850007 0.346003 0.397203
vn -0.862586 0.343095 0.371794
vn -0.874471 0.339889 0.346088
vn -0.260307 0.661818 0.70302
vn -0.281901 0.668203 0.688503
vn -0.260307 0.661818 0.70302
vn -0.238499 0.654897 0.717097
vn -0.114094 -0.603368 -0.789259
vn -0.059598 -0.579382 -0.812874
vn -0.114094 -0.603368 -0.789259
vn -0.168196 -0.624886 -0.762383
vn -0.948122 -0.190504 -0.254506
vn -0.95382 -0.186704 -0.235305
vn -0.948122 -0.190504 -0.254506
vn -0.942013 -0.194303 -0.273604
vn 0.60469 0.664689 0.438793
vn 0.968925 0.175505 -0.174305
vn 0.898578 0.41399 0.145497
vn 0.53039 0.696087 0.483891
vn 0.240404 0.772911 0.587209
vn -0.0063 0.775015 0.631912
vn 0.434708 -0.401707 -0.806015
vn -0.028601 -0.554612 -0.831618
vn 0.055003 -0.543432 -0.837649
vn 0.723337 -0.268314 -0.636232
vn 0.968925 0.175505 -0.174305
vn 0.898578 0.41399 0.145497
vn -0.936982 0.341494 0.073799
vn -0.451192 0.693087 0.562189
vn -0.63899 0.62299 0.451193
vn -0.980668 0.076997 -0.179894
vn -0.451192 0.693087 0.562189
vn -0.63899 0.62299 0.451193
vn -0.743994 -0.353697 -0.566896
vn -0.454493 -0.505692 -0.733288
vn -0.743994 -0.353697 -0.566896
vn -0.454493 -0.505692 -0.733288
vn 0.0076 0.807804 -0.589403
vn -0.349399 0.871897 -0.343099
vn -0.457187 -0.646282 -0.610983
vn -0.652916 -0.572514 -0.495912
vn -0.130802 -0.718509 -0.683108
vn 0.0231 -0.711006 -0.702806
vn -0.676093 -0.671993 -0.302197
vn -0.046699 -0.707784 -0.704884
vn 0.0255 -0.671692 -0.740391
vn -0.506214 -0.137204 -0.851424
vn -0.109595 -0.330685 -0.937356
vn 0.337685 -0.496978 -0.799364
vn -0.079598 0.544489 0.834983
vn -0.070501 0.605508 0.79271
vn -0.0319 0.512306 0.85821
vn -0.882833 0.223108 0.413315
vn -0.169901 0.461903 0.870505
vn 0 0.415294 0.909687
vn 0 0.415294 0.909687
vn 0 0.415294 0.909687
vn -0.200806 0.455814 0.867128
vn -0.200806 0.455814 0.867128
vn -0.200806 0.455814 0.867128
vn -0.144002 0.567606 0.810609
vn -0.097499 0.725491 0.681291
vn -0.922457 0.333885 0.193891
vn 0.0246 0.994793 0.098899
vn -0.8642 -0.446 0.2329
vn 0 0.951193 0.308598
vn 0 0.951193 0.308598
vn 0 0.951193 0.308598
vn 0.100998 0.940377 0.324792
vn 0.100998 0.940377 0.324792
vn 0.100998 0.940377 0.324792
vn 0.158601 0.246002 -0.956206
vn 0.158601 0.246002 -0.956206
vn 0.158601 0.246002 -0.956206
vn 0.158601 0.246002 -0.956206
vn -0.348009 0.271807 -0.897224
vn -0.094998 0.736182 -0.670084
vn -0.094998 0.736182 -0.670084
vn -0.219212 0.975653 0.0069
vn -0.256404 0.937816 -0.234004
vn -0.256404 0.937816 -0.234004
vn -0.256404 0.937816 -0.234004
vn -0.125994 0.975251 -0.181691
vn -0.125994 0.975251 -0.181691
vn -0.125994 0.975251 -0.181691
vn -0.676093 -0.671993 -0.302197
vn -0.652916 -0.572514 -0.495912
vn -0.999862 0.0119 -0.0116
vn -0.977616 -0.141502 0.155703
vn -0.457187 -0.646282 -0.610983
vn -0.953311 -0.204402 -0.222303
vn -0.882833 0.223108 0.413315
vn -0.922457 0.333885 0.193891
vn -0.868775 0.36879 0.330491
vn -0.868775 0.36879 0.330491
vn -0.868775 0.36879 0.330491
vn -0.978533 -0.050902 0.199707
vn -0.978533 -0.050902 0.199707
vn -0.978533 -0.050902 0.199707
vn -0.129297 0.92988 0.344393
vn -0.091398 0.976376 0.195795
vn -0.230207 0.788724 -0.570017
vn -0.316299 -0.925598 0.2079
vn -0.676093 -0.671993 -0.302197
vn -0.024401 -0.997041 -0.072903
vn -0.682349 -0.346574 0.643652
vn -0.983479 -0.107298 -0.145797
vn 0.280506 -0.179504 -0.942919
vn 0.237593 -0.413888 0.878775
vn 0.559389 0.652588 0.51109
vn 0.375392 0.209495 0.90288
vn 0.231996 0.850086 -0.472792
vn 0.283803 0.792507 -0.539805
vn 0.0618 0.0467 -0.996995
vn 0.185499 0.446597 0.875295
vn -0.087101 -0.577107 0.81201
vn 0.435196 0.768292 0.469395
vn 0.435196 0.768292 0.469395
vn 0.435196 0.768292 0.469395
vn 0.314692 0.738682 0.596085
vn 0.314692 0.738682 0.596085
vn 0.314692 0.738682 0.596085
vn -0.472504 -0.879208 0.061101
vn -0.1399 -0.816801 -0.559701
vn -0.198708 0.260011 -0.944939
vn -0.412395 -0.621492 -0.666092
vn -0.974975 -0.179695 0.130897
vn -0.399004 0.913609 -0.078201
vn -0.430897 0.486397 0.760096
vn -0.044898 0.826271 -0.56148
vn -0.243298 0.913492 -0.326097
vn 0.140596 0.163496 -0.976474
vn -0.360404 -0.930211 -0.069401
vn 0.3478 -0.192 -0.917699
vn -0.769586 -0.086998 0.632589
vn -0.0192 0.754417 -0.656115
vn -0.471811 -0.850819 0.231305
vn -0.0217 -0.790403 -0.612203
vn 0.411006 -0.707011 0.575509
vn -0.714908 -0.075701 -0.695108
vn -0.029301 -0.196109 0.980144
vn -0.062898 0.443686 0.893972
vn -0.261102 0.846205 0.464503
vn -0.2075 0.785602 -0.582901
vn -0.253895 0.721587 -0.644088
vn -0.369687 -0.098997 -0.923868
vn 0.317098 0.665395 0.675795
vn 0.214289 -0.480775 0.850256
vn -0.031999 0.927684 0.371994
vn -0.031999 0.927684 0.371994
vn -0.031999 0.927684 0.371994
vn 0.111404 0.878634 0.464318
vn 0.111404 0.878634 0.464318
vn 0.111404 0.878634 0.464318
vn 0.235193 -0.964071 0.123496
vn -0.386705 -0.848011 -0.362405
vn -0.065898 0.041498 -0.996963
vn 0.877201 -0.469401 -0.1009
vn -0.015001 -0.811447 -0.584234
vn 0.57858 0.710476 -0.400586
vn 0.494705 0.709407 0.502005
vn 0.045398 0.696764 -0.715863
vn 0.0155 0.603219 -0.797425
vn -0.599811 -0.187703 -0.777814
vn 0.986998 -0.1605 0.0086
vn 0.986998 -0.1605 0.0086
vn 0.986998 -0.1605 0.0086
vn 0.991637 -0.128305 -0.013901
vn 0.991637 -0.128305 -0.013901
vn 0.991637 -0.128305 -0.013901
vn 0.087196 -0.994759 0.053398
vn -0.663095 -0.227598 -0.713095
vn 0.89317 -0.274291 0.356388
vn -0.0247 0.5866 -0.8095
vn 0.9603 0.1528 -0.2334
vn 0.721315 -0.288606 -0.629613
vn 0.98399 0.158498 -0.081499
vn 0.667082 -0.177295 -0.72358
vn 0 -0.376798 -0.926295
vn 0 -0.1112 -0.993798
vn 0.362694 0.758088 0.541992
vn 0.362694 0.758088 0.541992
vn -0.26381 0.54852 0.793429
vn 0.350712 0.769926 0.533118
vn 0.871027 0.462515 0.165505
vn 0.844592 0.369997 0.386997
vn 0.710215 -0.343107 -0.614713
vn 0.990543 0.091204 -0.102504
vn 0 -0.54101 -0.841016
vn 0.26381 0.54852 0.793429
vn 0.830001 0.3721 0.4155
vn 0.150105 0.712024 0.685923
vn 0.766192 0.0049 -0.642593
vn 0.886019 0.389508 -0.251505
vn -0.049102 -0.317616 -0.946947
vn -0.150105 0.712024 0.685923
vn 0.361099 0.864597 0.349399
vn 0.1869 0.961701 0.2005
vn 0.444903 0.895505 0.0115
vn 0.591814 0.805319 -0.034901
vn -0.0002 0.81282 -0.582515
vn 0.0002 0.81282 -0.582515
vn 0.211706 0.424512 -0.880324
vn 0.211706 0.424512 -0.880324
vn -0.1869 0.961701 0.2005
vn 0.480384 0.808773 -0.339289
vn -0.9603 0.1528 -0.2334
vn -0.98399 0.158498 -0.081499
vn -0.721315 -0.288606 -0.629613
vn -0.667082 -0.177295 -0.72358
vn -0.362694 0.758088 0.541992
vn -0.749932 0.539423 0.382916
vn -0.739899 0.599299 0.3056
vn -0.990543 0.091204 -0.102504
vn -0.710215 -0.343107 -0.614713
vn -0.536274 0.347783 0.769063
vn -0.456407 0.428106 0.780012
vn -0.761811 0.602809 0.237203
vn -0.877794 0.449097 -0.166699
vn -0.694616 -0.040901 -0.718217
vn -0.619192 0.78449 0.0343
vn -0.494116 0.585018 -0.64312
vn -0.494116 0.585018 -0.64312
vn -0.197507 0.970835 -0.135905
vn 0.936105 0.285802 0.205001
vn 0.936105 0.285802 0.205001
vn 0.936105 0.285802 0.205001
vn 0.936105 0.285802 0.205001
vn -0.936105 0.285802 0.205001
vn -0.936105 0.285802 0.205001
vn -0.936105 0.285802 0.205001
vn -0.936105 0.285802 0.205001
vn 0.344718 0.022001 -0.938449
vn -0.626065 -0.237387 -0.742759
vn 0.742903 0.445302 -0.499802
vn -0.959802 0.159 -0.2313
vn -0.464314 0.785623 0.408912
vn 0.219292 0.950465 0.220292
vn -0.258807 0.73992 -0.620917
vn -0.344718 0.022001 -0.938449
vn -0.617415 0.283907 -0.733618
vn 0.320808 -0.36991 -0.871923
vn 0.0041 -0.350013 -0.936736
vn 0.912085 0.326495 0.247996
vn 0.912085 0.326495 0.247996
vn 0.592892 0.70729 0.384995
vn 0.912085 0.326495 0.247996
vn -0.664894 0.741994 0.085799
vn 0.222197 0.876188 0.427694
vn 0.832327 -0.291709 -0.471315
vn -0.74306 0.636766 0.205889
vn -0.74306 0.636766 0.205889
vt 0.3709 0.8425
vt 0.273 0.8367
vt 0.3631 0.8065
vt 0.273 0.9171
vt 0.273 0.8367
vt 0.3709 0.8425
vt 0.3549 0.9365
vt 0.3837 0.8868
vt 0.3549 0.9365
vt 0.273 0.948
vt 0.3631 0.8065
vt 0.3663 0.7736
vt 0.3738 0.8093
vt 0.5187 0.5092
vt 0.489 0.4968
vt 0.5373 0.5168
vt 0.5654 0.8493
vt 0.607 0.7892
vt 0.5754 0.8431
vt 0.5817 0.8093
vt 0.5187 0.5092
vt 0.6787 0.8321
vt 0.607 0.7892
vt 0.6787 0.7734
vt 0.5754 0.8431
vt 0.635 0.9222
vt 0.6787 0.9269
vt 0.273 0.7789
vt 0.3281 0.7539
vt 0.3663 0.7736
vt 0.3281 0.7539
vt 0.3568 0.7288
vt 0.6187 0.738
vt 0.6794 0.7259
vt 0.5889 0.7736
vt 0.5981 0.7288
vt 0.3738 0.8093
vt 0.3907 0.8493
vt 0.347 0.9743
vt 0.3135 0.9858
vt 0.4072 0.9155
vt 0.5817 0.8093
vt 0.5509 0.918
vt 0.5846 0.9491
vt 0.6075 0.9743
vt 0.5525 0.9674
vt 0.3301 0.7146
vt 0.273 0.7789
vt 0.2723 0.691
vt 0.3301 0.7146
vt 0.4008 0.8976
vt 0.4041 0.9674
vt 0.347 0.9743
vt 0.4072 0.9155
vt 0.5477 0.8717
vt 0.4411 0.788
vt 0.4486 0.9079
vt 0.5654 0.8493
vt 0.4058 0.918
vt 0.4041 0.9674
vt 0.4486 0.9079
vt 0.4091 0.8717
vt 0.4411 0.788
vt 0.3907 0.8493
vt 0.4021 0.7845
vt 0.4008 0.8976
vt 0.479 0.792
vt 0.4411 0.788
vt 0.4021 0.7845
vt 0.4091 0.8717
vt 0.479 0.792
vt 0.4411 0.788
vt 0.4381 0.695
vt 0.4617 0.7077
vt 0.4886 0.7131
vt 0.4617 0.7077
vt 0.4617 0.7077
vt 0.4381 0.695
vt 0.4886 0.7131
vt 0.4617 0.7077
vt 0.4385 0.6704
vt 0.4692 0.6861
vt 0.5003 0.6932
vt 0.4692 0.6861
vt 0.4692 0.6861
vt 0.5003 0.6932
vt 0.4514 0.5949
vt 0.4948 0.6171
vt 0.5311 0.6242
vt 0.4692 0.6861
vt 0.4948 0.6171
vt 0.4948 0.6171
vt 0.5311 0.6242
vt 0.4948 0.6171
vt 0.5373 0.5168
vt 0.5187 0.5092
vt 0.6356 0.9862
vt 0.6787 0.986
vt 0.3177 0.9862
vt 0.273 0.948
vt 0.273 0.986
vt 0.3568 0.7288
vt 0.341 0.6377
vt 0.3654 0.6536
vt 0.2723 0.691
vt 0.2661 0.6271
vt 0.341 0.6377
vt 0.6079 0.636
vt 0.6853 0.6281
vt 0.6187 0.738
vt 0.5981 0.7288
vt 0.5897 0.6536
vt 0.6079 0.636
vt 0.0198 0.5146
vt 0.0008 0.5203
vt 0.0504 0.5052
vt 0.0198 0.5146
vt 0.7224 0.9222
vt 0.1419 0.9426
vt 0.1498 0.9861
vt 0.0885 0.9581
vt 0.1473 0.9479
vt 0.0885 0.9581
vt 0.1473 0.9479
vt 0.0964 0.8501
vt 0.0787 0.7987
vt 0.1214 0.7993
vt 0.1361 0.8647
vt 0.0589 0.8877
vt 0.0787 0.7987
vt 0.1419 0.9426
vt 0.0589 0.8877
vt 0.0787 0.7987
vt 0.0964 0.8501
vt 0.0951 0.6986
vt 0.0707 0.7089
vt 0.0435 0.7115
vt 0.0707 0.7089
vt 0.0787 0.7987
vt 0.0435 0.7115
vt 0.0707 0.7089
vt 0.0966 0.674
vt 0.0648 0.6866
vt 0.0333 0.6906
vt 0.0648 0.6866
vt 0.0898 0.607
vt 0.0448 0.6248
vt 0.0082 0.6283
vt 0.0448 0.6248
vt 0.0648 0.6866
vt 0.0333 0.6906
vt 0.0448 0.6248
vt 0.0082 0.6283
vt 0.0448 0.6248
vt 0.0008 0.5203
vt 0.0198 0.5146
vt 0.7394 0.9936
vt 0.2325 0.9858
vt 0.273 0.986
vt 0.3523 0.4884
vt 0.3805 0.5043
vt 0.3654 0.6536
vt 0.341 0.6377
vt 0.2729 0.4725
vt 0.3523 0.4884
vt 0.341 0.6377
vt 0.2661 0.6271
vt 0.5962 0.4866
vt 0.6788 0.4639
vt 0.6853 0.6281
vt 0.6079 0.636
vt 0.5752 0.5043
vt 0.5962 0.4866
vt 0.6079 0.636
vt 0.5897 0.6536
vt 0.9093 0.5263
vt 0.9625 0.5091
vt 0.9652 0.6649
vt 0.901 0.7276
vt 0.1676 0.4801
vt 0.2729 0.4725
vt 0.2661 0.6271
vt 0.1688 0.6271
vt 0.6853 0.6281
vt 0.7864 0.4784
vt 0.779 0.6281
vt 0.6788 0.4639
vt 0.8448 0.5073
vt 0.9093 0.5263
vt 0.901 0.7276
vt 0.8384 0.666
vt 0.3522 0.2827
vt 0.3804 0.2985
vt 0.3805 0.5043
vt 0.3523 0.4884
vt 0.2728 0.2668
vt 0.2729 0.4725
vt 0.5963 0.2809
vt 0.6789 0.2582
vt 0.6788 0.4639
vt 0.5962 0.4866
vt 0.5753 0.2986
vt 0.5752 0.5043
vt 0.9088 0.3082
vt 0.9703 0.291
vt 0.9625 0.5091
vt 0.9093 0.5263
vt 0.1563 0.2744
vt 0.1676 0.4801
vt 0.7864 0.2727
vt 0.7864 0.4784
vt 0.8384 0.2891
vt 0.8448 0.5073
vt 0.3522 0.1088
vt 0.3804 0.1247
vt 0.3804 0.2985
vt 0.3522 0.2827
vt 0.2728 0.0929
vt 0.3522 0.1088
vt 0.3522 0.2827
vt 0.2728 0.2668
vt 0.5963 0.1071
vt 0.6789 0.0844
vt 0.6789 0.2582
vt 0.5963 0.2809
vt 0.5753 0.1247
vt 0.5963 0.1071
vt 0.5963 0.2809
vt 0.5753 0.2986
vt 0.9104 0.1364
vt 0.9719 0.1196
vt 0.9703 0.291
vt 0.9088 0.3082
vt 0.1444 0.1128
vt 0.2728 0.0929
vt 0.2728 0.2668
vt 0.1563 0.2744
vt 0.6789 0.0844
vt 0.784 0.1111
vt 0.7864 0.2727
vt 0.6789 0.2582
vt 0.8347 0.1177
vt 0.9104 0.1364
vt 0.9088 0.3082
vt 0.8384 0.2891
vt 0.3659 0.0005
vt 0.3991 0.0005
vt 0.3804 0.1247
vt 0.3522 0.1088
vt 0.2728 0.0005
vt 0.2728 0.0929
vt 0.582 0.0005
vt 0.6789 0.0005
vt 0.6789 0.0844
vt 0.5963 0.1071
vt 0.5573 0.0005
vt 0.5753 0.1247
vt 0.9136 0.0005
vt 0.9822 0.0005
vt 0.9719 0.1196
vt 0.9104 0.1364
vt 0.1411 0.0005
vt 0.1444 0.1128
vt 0.7882 0.0005
vt 0.784 0.1111
vt 0.8178 0.0005
vt 0.8347 0.1177
vt 0.21 0.9936
vt 0.2325 0.9858
vt 0.779 0.6281
vt 0.7821 0.7466
vt 0.7352 0.7466
vt 0.6947 0.7466
vt 0.7981 0.8916
vt 0.756 0.8561
vt 0.7269 0.8561
vt 0.7998 0.948
vt 0.7646 0.954
vt 0.7394 0.9482
vt 0.1688 0.6271
vt 0.2661 0.6271
vt 0.2143 0.7494
vt 0.1657 0.7494
vt 0.2564 0.7494
vt 0.1657 0.7494
vt 0.2143 0.7494
vt 0.1928 0.8589
vt 0.1928 0.8589
vt 0.1572 0.8589
vt 0.1657 0.7494
vt 0.223 0.8589
vt 0.1928 0.8589
vt 0.1572 0.8589
vt 0.1839 0.954
vt 0.1473 0.9479
vt 0.1928 0.8589
vt 0.223 0.8589
vt 0.21 0.9482
vt 0.21 0.9482
vt 0.1839 0.954
vt 0.1928 0.8589
vt 0.7394 0.9482
vt 0.7646 0.954
vt 0.7646 0.9995
vt 0.7394 0.9936
vt 0.7974 0.9861
vt 0.7646 0.9995
vt 0.1839 0.9995
vt 0.21 0.9482
vt 0.1839 0.9995
vt 0.1498 0.9861
vt 0.1473 0.9479
vt 0.1473 0.9479
vt 0.1839 0.954
vt 0.1839 0.9995
vt 0.8375 0.9454
vt 0.8401 0.7916
vt 0.8981 0.8274
vt 0.8981 0.8825
vt 0.8384 0.666
vt 0.901 0.7276
vt 0.9668 0.7946
vt 0.9683 0.9059
vt 0.8981 0.8274
vt 0.901 0.7276
vt 0.9652 0.6649
vt 0.9652 0.6649
vt 0.9668 0.7946
vt 0.8981 0.8274
vt 0.273 0.9171
vt 0.21 0.9482
vt 0.9228 0.9417
vt 0.8896 0.9168
vt 0.1572 0.8916
vt 0.2846 0.7616
vt 0.2926 0.7614
vt 0.3543 0.7534
vt 0.3543 0.7533
vt 0.2794 0.93
vt 0.3039 0.9413
vt 0.2897 0.915
vt 0.3586 0.9162
vt 0.3515 0.9387
vt 0.3588 0.9259
vt 0.2859 0.8702
vt 0.2774 0.8327
vt 0.2897 0.915
vt 0.3586 0.9162
vt 0.3581 0.8681
vt 0.3581 0.8681
vt 0.2859 0.8702
vt 0.2897 0.915
vt 0.3186 0.9222
vt 0.3251 0.831
vt 0.3913 0.8413
vt 0.38 0.8348
vt 0.3792 0.8275
vt 0.3905 0.8339
vt 0.2841 0.8245
vt 0.3581 0.8681
vt 0.352 0.8239
vt 0.3521 0.8335
vt 0.3528 0.8733
vt 0.376 0.885
vt 0.352 0.8591
vt 0.3752 0.8709
vt 0.2846 0.7676
vt 0.3543 0.7579
vt 0.2926 0.7664
vt 0.3543 0.759
vt 0.2794 0.9371
vt 0.2897 0.9194
vt 0.3039 0.9457
vt 0.3586 0.9205
vt 0.3515 0.9437
vt 0.3588 0.934
vt 0.2859 0.8744
vt 0.2774 0.8384
vt 0.2897 0.9194
vt 0.3581 0.8716
vt 0.3586 0.9205
vt 0.3581 0.8716
vt 0.2897 0.9194
vt 0.2859 0.8744
vt 0.3186 0.9312
vt 0.3251 0.8368
vt 0.3913 0.8503
vt 0.3792 0.8364
vt 0.38 0.8445
vt 0.3905 0.8422
vt 0.2841 0.8288
vt 0.352 0.8273
vt 0.3581 0.8716
vt 0.3521 0.8387
vt 0.2841 0.8288
vt 0.3543 0.7579
vt 0.352 0.8273
vt 0.3543 0.7579
vt 0.2841 0.8288
vt 0.2926 0.7664
vt 0.3528 0.8826
vt 0.376 0.8937
vt 0.352 0.8667
vt 0.3752 0.8778
vt 0.4731 0.0808
vt 0.429 0.1746
vt 0.4752 0.1523
vt 0.4224 0.0992
vt 0.4099 0.1921
vt 0.3984 0.1403
vt 0.5381 0.0546
vt 0.5174 0.1321
vt 0.5356 0.1097
vt 0.5239 0.0623
vt 0.5239 0.0623
vt 0.5174 0.1321
vt 0.4318 0.26
vt 0.4731 0.26
vt 0.4134 0.26
vt 0.5356 0.1097
vt 0.5304 0.2557
vt 0.5559 0.2212
vt 0.4383 0.3739
vt 0.4731 0.3677
vt 0.4239 0.3766
vt 0.5559 0.2212
vt 0.5304 0.2557
vt 0.5099 0.3729
vt 0.4954 0.3755
vt 0.4954 0.3755
vt 0.4731 0.4224
vt 0.4731 0.4224
vt 0.4383 0.3739
vt 0.4239 0.3766
vt 0.5099 0.3729
vt 0.4731 0.3677
vt 0.4731 0.0808
vt 0.4752 0.1523
vt 0.429 0.1746
vt 0.4224 0.0992
vt 0.5381 0.0546
vt 0.5174 0.1321
vt 0.5239 0.0623
vt 0.4731 0.26
vt 0.4318 0.26
vt 0.5304 0.2557
vt 0.5174 0.1321
vt 0.5304 0.2557
vt 0.4731 0.3677
vt 0.4383 0.3739
vt 0.4954 0.3755
vt 0.4383 0.3739
vt 0.4731 0.3677
vt 0.4954 0.3755
vt 0.2304 0.7132
vt 0.3133 0.4484
vt 0.1993 0.3897
vt 0.1835 0.7104
vt 0.2304 0.7132
vt 0.1993 0.3897
vt 0.3133 0.4484
vt 0.1835 0.7104
vt 0.0771 0.0004
vt 0.0309 0.0575
vt 0.0663 0.0575
vt 0.0212 0.0004
vt 0.0459 0.0575
vt 0.0449 0.0004
vt 0.0445 0.3088
vt 0.0771 0.0004
vt 0.0663 0.0575
vt 0.0309 0.0575
vt 0.0212 0.0004
vt 0.0212 0.0004
vt 0.0309 0.0575
vt 0.0459 0.0575
vt 0.0449 0.0004
vt 0.0449 0.0004
vt 0.0459 0.0575
vt 0.0445 0.3088
vt 0.0445 0.3088
vt 0.0663 0.0575
f 1/1/1 3/3/3 2/2/2
f 4/4/4 6/6/6 5/5/5
f 7/7/7 8/8/8 1/1/1
f 4/4/4 10/10/10 9/9/9
f 11/11/11 13/13/13 12/12/12
f 11/11/11 6/6/6 13/13/13
f 14/14/14 16/16/16 15/15/15
f 17/17/17 19/19/19 18/18/18
f 20/20/20 17/17/17 18/18/18
f 15/15/15 16/16/16 21/21/21
f 22/22/22 24/24/24 23/23/23
f 22/22/22 23/23/23 25/25/25
f 22/22/22 25/25/25 26/26/26
f 22/22/22 26/26/26 27/27/27
f 11/11/11 28/28/28 5/5/5
f 28/28/28 11/11/11 29/29/29
f 30/30/30 31/31/31 3/3/3
f 29/29/29 12/12/12 32/32/32
f 24/24/24 33/33/33 23/23/23
f 33/33/33 24/24/24 34/34/34
f 23/23/23 36/36/36 35/35/35
f 36/36/36 23/23/23 33/33/33
f 4/4/4 9/9/9 6/6/6
f 1/1/1 38/38/38 37/37/37
f 38/38/38 1/1/1 8/8/8
f 39/39/39 7/7/7 40/40/40
f 7/7/7 39/39/39 41/41/41
f 35/35/35 42/42/42 23/23/23
f 43/43/43 44/44/44 25/25/25
f 44/44/44 46/46/46 45/45/45
f 45/45/45 26/26/26 44/44/44
f 32/32/32 47/47/47 29/29/29
f 31/31/31 49/49/49 48/48/48
f 49/49/49 31/31/31 50/50/50
f 38/38/38 8/8/8 51/51/51
f 52/52/52 54/54/54 53/53/53
f 8/8/8 7/7/7 51/51/51
f 25/25/25 44/44/44 26/26/26
f 43/43/43 25/25/25 55/55/55
f 46/46/46 44/44/44 43/43/43
f 56/56/56 51/51/51 41/41/41
f 54/54/54 52/52/52 57/57/57
f 41/41/41 51/51/51 7/7/7
f 58/58/58 55/55/55 25/25/25
f 59/59/59 61/61/61 60/60/60
f 61/61/61 59/59/59 62/62/62
f 63/63/63 65/65/65 64/64/64
f 64/64/64 66/66/66 63/63/63
f 67/67/67 56/56/56 41/41/41
f 41/41/41 61/61/61 67/67/67
f 38/38/38 68/68/68 62/62/62
f 68/68/68 38/38/38 69/69/69
f 70/70/70 71/71/71 57/57/57
f 71/71/71 70/70/70 72/72/72
f 56/56/56 73/73/73 69/69/69
f 73/73/73 56/56/56 74/74/74
f 75/75/75 76/76/76 63/63/63
f 63/63/63 71/71/71 75/75/75
f 65/65/65 77/77/77 72/72/72
f 77/77/77 65/65/65 78/78/78
f 68/68/68 79/79/79 67/67/67
f 79/79/79 68/68/68 80/80/80
f 74/74/74 81/81/81 73/73/73
f 81/81/81 74/74/74 82/82/82
f 83/83/83 82/82/82 74/74/74
f 74/74/74 79/79/79 83/83/83
f 73/73/73 84/84/84 80/80/80
f 84/84/84 73/73/73 81/81/81
f 85/85/85 86/86/86 75/75/75
f 75/75/75 77/77/77 85/85/85
f 82/82/82 87/87/87 81/81/81
f 87/87/87 82/82/82 88/88/88
f 89/89/89 91/91/91 90/90/90
f 90/90/90 86/86/86 89/89/89
f 81/81/81 92/92/92 84/84/84
f 92/92/92 81/81/81 87/87/87
f 84/84/84 93/93/93 83/83/83
f 93/93/93 84/84/84 92/92/92
f 88/88/88 15/15/15 87/87/87
f 15/15/15 88/88/88 14/14/14
f 16/16/16 14/14/14 88/88/88
f 88/88/88 93/93/93 16/16/16
f 87/87/87 21/21/21 92/92/92
f 21/21/21 87/87/87 15/15/15
f 94/94/94 95/95/95 89/89/89
f 95/95/95 94/94/94 96/96/96
f 45/45/45 97/97/97 26/26/26
f 26/26/26 98/98/98 27/27/27
f 98/98/98 26/26/26 97/97/97
f 99/99/99 39/39/39 40/40/40
f 40/40/40 7/7/7 100/100/100
f 40/40/40 100/100/100 101/101/101
f 102/102/102 103/103/103 50/50/50
f 103/103/103 102/102/102 104/104/104
f 47/47/47 106/106/106 105/105/105
f 106/106/106 47/47/47 107/107/107
f 34/34/34 108/108/108 33/33/33
f 108/108/108 34/34/34 109/109/109
f 110/110/110 112/112/112 111/111/111
f 112/112/112 110/110/110 113/113/113
f 114/114/114 116/116/116 115/115/115
f 116/116/116 117/117/117 115/115/115
f 22/22/22 27/27/27 118/118/118
f 119/119/119 121/121/121 120/120/120
f 122/122/122 120/120/120 121/121/121
f 123/123/123 125/125/125 124/124/124
f 126/126/126 128/128/128 127/127/127
f 128/128/128 126/126/126 119/119/119
f 129/129/129 131/131/131 130/130/130
f 119/119/119 132/132/132 121/121/121
f 128/128/128 134/134/134 133/133/133
f 133/133/133 127/127/127 128/128/128
f 125/125/125 123/123/123 129/129/129
f 132/132/132 133/133/133 134/134/134
f 126/126/126 127/127/127 135/135/135
f 135/135/135 136/136/136 126/126/126
f 137/137/137 126/126/126 136/136/136
f 126/126/126 137/137/137 132/132/132
f 127/127/127 133/133/133 138/138/138
f 138/138/138 135/135/135 127/127/127
f 139/139/139 129/129/129 140/140/140
f 140/140/140 141/141/141 139/139/139
f 136/136/136 135/135/135 142/142/142
f 142/142/142 143/143/143 136/136/136
f 144/144/144 136/136/136 143/143/143
f 136/136/136 144/144/144 137/137/137
f 135/135/135 138/138/138 145/145/145
f 145/145/145 142/142/142 135/135/135
f 138/138/138 137/137/137 144/144/144
f 144/144/144 145/145/145 138/138/138
f 143/143/143 142/142/142 146/146/146
f 146/146/146 147/147/147 143/143/143
f 148/148/148 150/150/150 149/149/149
f 150/150/150 148/148/148 151/151/151
f 142/142/142 145/145/145 152/152/152
f 152/152/152 146/146/146 142/142/142
f 145/145/145 144/144/144 153/153/153
f 153/153/153 152/152/152 145/145/145
f 147/147/147 146/146/146 116/116/116
f 116/116/116 114/114/114 147/147/147
f 115/115/115 147/147/147 114/114/114
f 147/147/147 115/115/115 153/153/153
f 146/146/146 152/152/152 117/117/117
f 117/117/117 116/116/116 146/146/146
f 154/154/154 148/148/148 155/155/155
f 155/155/155 156/156/156 154/154/154
f 118/118/118 27/27/27 98/98/98
f 98/98/98 157/157/157 118/118/118
f 158/158/158 159/159/159 10/10/10
f 160/160/160 162/162/162 161/161/161
f 162/162/162 160/160/160 163/163/163
f 164/164/164 166/166/166 165/165/165
f 166/166/166 164/164/164 167/167/167
f 168/168/168 170/170/170 169/169/169
f 170/170/170 168/168/168 171/171/171
f 172/172/172 174/174/174 173/173/173
f 174/174/174 172/172/172 175/175/175
f 176/176/176 178/178/178 177/177/177
f 178/178/178 176/176/176 179/179/179
f 180/180/180 182/182/182 181/181/181
f 182/182/182 180/180/180 183/183/183
f 184/184/184 186/186/186 185/185/185
f 185/185/185 187/187/187 184/184/184
f 188/188/188 190/190/190 189/189/189
f 190/190/190 188/188/188 191/191/191
f 192/192/192 194/194/194 193/193/193
f 194/194/194 192/192/192 195/195/195
f 196/196/196 195/195/195 192/192/192
f 195/195/195 196/196/196 197/197/197
f 198/198/198 200/200/200 199/199/199
f 200/200/200 198/198/198 201/201/201
f 202/202/202 201/201/201 198/198/198
f 201/201/201 202/202/202 203/203/203
f 204/204/204 206/206/206 205/205/205
f 206/206/206 204/204/204 207/207/207
f 208/208/208 197/197/197 196/196/196
f 197/197/197 208/208/208 209/209/209
f 199/199/199 211/211/211 210/210/210
f 211/211/211 199/199/199 200/200/200
f 212/212/212 207/207/207 204/204/204
f 207/207/207 212/212/212 213/213/213
f 214/214/214 216/216/216 215/215/215
f 216/216/216 214/214/214 217/217/217
f 218/218/218 220/220/220 219/219/219
f 220/220/220 218/218/218 221/221/221
f 222/222/222 224/224/224 223/223/223
f 224/224/224 222/222/222 225/225/225
f 226/226/226 228/228/228 227/227/227
f 228/228/228 226/226/226 229/229/229
f 230/230/230 232/232/232 231/231/231
f 232/232/232 230/230/230 233/233/233
f 234/234/234 236/236/236 235/235/235
f 236/236/236 234/234/234 237/237/237
f 238/238/238 240/240/240 239/239/239
f 240/240/240 238/238/238 241/241/241
f 242/242/242 244/244/244 243/243/243
f 244/244/244 242/242/242 245/245/245
f 246/246/246 248/248/248 247/247/247
f 248/248/248 246/246/246 249/249/249
f 250/250/250 249/249/249 246/246/246
f 249/249/249 250/250/250 251/251/251
f 252/252/252 254/254/254 253/253/253
f 254/254/254 252/252/252 255/255/255
f 256/256/256 255/255/255 252/252/252
f 255/255/255 256/256/256 257/257/257
f 258/258/258 260/260/260 259/259/259
f 260/260/260 258/258/258 261/261/261
f 262/262/262 251/251/251 250/250/250
f 251/251/251 262/262/262 263/263/263
f 253/253/253 265/265/265 264/264/264
f 265/265/265 253/253/253 254/254/254
f 266/266/266 261/261/261 258/258/258
f 261/261/261 266/266/266 267/267/267
f 99/99/99 40/40/40 101/101/101
f 98/98/98 97/97/97 157/157/157
f 101/101/101 268/268/268 99/99/99
f 101/101/101 269/269/269 268/268/268
f 270/270/270 272/272/272 271/271/271
f 109/109/109 273/273/273 272/272/272
f 272/272/272 270/270/270 109/109/109
f 271/271/271 275/275/275 274/274/274
f 275/275/275 271/271/271 272/272/272
f 272/272/272 276/276/276 275/275/275
f 276/276/276 272/272/272 273/273/273
f 274/274/274 278/278/278 277/277/277
f 278/278/278 274/274/274 275/275/275
f 275/275/275 279/279/279 278/278/278
f 279/279/279 275/275/275 276/276/276
f 280/280/280 282/282/282 281/281/281
f 282/282/282 280/280/280 283/283/283
f 284/284/284 281/281/281 282/282/282
f 285/285/285 287/287/287 286/286/286
f 288/288/288 290/290/290 289/289/289
f 282/282/282 291/291/291 284/284/284
f 291/291/291 282/282/282 292/292/292
f 293/293/293 294/294/294 292/292/292
f 294/294/294 293/293/293 295/295/295
f 296/296/296 298/298/298 297/297/297
f 299/299/299 301/301/301 300/300/300
f 302/302/302 304/304/304 303/303/303
f 304/304/304 302/302/302 305/305/305
f 278/278/278 306/306/306 277/277/277
f 306/306/306 278/278/278 307/307/307
f 268/268/268 294/294/294 308/308/308
f 294/294/294 268/268/268 309/309/309
f 310/310/310 312/312/312 311/311/311
f 313/313/313 315/315/315 314/314/314
f 316/316/316 318/318/318 317/317/317
f 318/318/318 316/316/316 319/319/319
f 317/317/317 321/321/321 320/320/320
f 321/321/321 317/317/317 318/318/318
f 319/319/319 322/322/322 318/318/318
f 322/322/322 319/319/319 323/323/323
f 324/324/324 326/326/326 325/325/325
f 327/327/327 329/329/329 328/328/328
f 100/100/100 330/330/330 309/309/309
f 330/330/330 291/291/291 309/309/309
f 291/291/291 330/330/330 2/2/2
f 48/48/48 284/284/284 291/291/291
f 291/291/291 2/2/2 48/48/48
f 10/10/10 331/331/331 158/158/158
f 49/49/49 281/281/281 284/284/284
f 48/48/48 49/49/49 284/284/284
f 269/269/269 309/309/309 268/268/268
f 279/279/279 118/118/118 157/157/157
f 279/279/279 276/276/276 118/118/118
f 276/276/276 22/22/22 118/118/118
f 276/276/276 273/273/273 22/22/22
f 273/273/273 24/24/24 22/22/22
f 273/273/273 34/34/34 24/24/24
f 273/273/273 109/109/109 34/34/34
f 293/293/293 119/119/119 295/295/295
f 323/323/323 333/333/333 332/332/332
f 333/333/333 323/323/323 319/319/319
f 333/333/333 319/319/319 316/316/316
f 128/128/128 334/334/334 134/134/134
f 134/134/134 334/334/334 122/122/122
f 295/295/295 119/119/119 120/120/120
f 335/335/335 337/337/337 336/336/336
f 337/337/337 335/335/335 338/338/338
f 339/339/339 341/341/341 340/340/340
f 342/342/342 340/340/340 341/341/341
f 340/340/340 342/342/342 343/343/343
f 344/344/344 343/343/343 342/342/342
f 339/339/339 345/345/345 341/341/341
f 345/345/345 339/339/339 346/346/346
f 347/347/347 349/349/349 348/348/348
f 350/350/350 352/352/352 351/351/351
f 353/353/353 346/346/346 339/339/339
f 346/346/346 353/353/353 354/354/354
f 355/355/355 357/357/357 356/356/356
f 357/357/357 355/355/355 358/358/358
f 346/346/346 359/359/359 345/345/345
f 345/345/345 361/361/361 360/360/360
f 361/361/361 345/345/345 359/359/359
f 362/362/362 360/360/360 361/361/361
f 346/346/346 336/336/336 359/359/359
f 336/336/336 346/346/346 335/335/335
f 359/359/359 337/337/337 361/361/361
f 337/337/337 359/359/359 336/336/336
f 354/354/354 335/335/335 346/346/346
f 335/335/335 354/354/354 338/338/338
f 361/361/361 338/338/338 362/362/362
f 338/338/338 361/361/361 337/337/337
f 362/362/362 338/338/338 354/354/354
f 344/344/344 363/363/363 353/353/353
f 363/363/363 344/344/344 364/364/364
f 353/353/353 365/365/365 354/354/354
f 365/365/365 353/353/353 363/363/363
f 364/364/364 362/362/362 366/366/366
f 354/354/354 366/366/366 362/362/362
f 366/366/366 354/354/354 365/365/365
f 364/364/364 356/356/356 363/363/363
f 356/356/356 364/364/364 355/355/355
f 363/363/363 357/357/357 365/365/365
f 357/357/357 363/363/363 356/356/356
f 365/365/365 358/358/358 366/366/366
f 358/358/358 365/365/365 357/357/357
f 366/366/366 355/355/355 364/364/364
f 355/355/355 366/366/366 358/358/358
f 360/360/360 362/362/362 366/366/366
f 360/360/360 366/366/366 342/342/342
f 342/342/342 366/366/366 344/344/344
f 366/366/366 364/364/364 344/344/344
f 367/367/367 369/369/369 368/368/368
f 368/368/368 370/370/370 367/367/367
f 371/371/371 373/373/373 372/372/372
f 374/374/374 372/372/372 373/373/373
f 373/373/373 375/375/375 374/374/374
f 376/376/376 374/374/374 375/375/375
f 371/371/371 372/372/372 377/377/377
f 377/377/377 378/378/378 371/371/371
f 379/379/379 381/381/381 380/380/380
f 382/382/382 384/384/384 383/383/383
f 385/385/385 371/371/371 378/378/378
f 378/378/378 386/386/386 385/385/385
f 387/387/387 389/389/389 388/388/388
f 388/388/388 390/390/390 387/387/387
f 378/378/378 377/377/377 391/391/391
f 377/377/377 393/393/393 392/392/392
f 392/392/392 391/391/391 377/377/377
f 394/394/394 392/392/392 393/393/393
f 378/378/378 391/391/391 369/369/369
f 369/369/369 367/367/367 378/378/378
f 395/395/395 397/397/397 396/396/396
f 398/398/398 400/400/400 399/399/399
f 386/386/386 378/378/378 367/367/367
f 367/367/367 370/370/370 386/386/386
f 392/392/392 394/394/394 370/370/370
f 370/370/370 368/368/368 392/392/392
f 394/394/394 386/386/386 370/370/370
f 376/376/376 385/385/385 401/401/401
f 401/401/401 402/402/402 376/376/376
f 385/385/385 386/386/386 403/403/403
f 403/403/403 401/401/401 385/385/385
f 402/402/402 404/404/404 394/394/394
f 386/386/386 394/394/394 404/404/404
f 404/404/404 403/403/403 386/386/386
f 402/402/402 401/401/401 389/389/389
f 389/389/389 387/387/387 402/402/402
f 401/401/401 403/403/403 388/388/388
f 388/388/388 389/389/389 401/401/401
f 403/403/403 404/404/404 390/390/390
f 390/390/390 388/388/388 403/403/403
f 404/404/404 402/402/402 387/387/387
f 387/387/387 390/390/390 404/404/404
f 393/393/393 404/404/404 394/394/394
f 393/393/393 374/374/374 404/404/404
f 374/374/374 376/376/376 404/404/404
f 404/404/404 376/376/376 402/402/402
f 405/405/405 407/407/407 406/406/406
f 405/405/405 406/406/406 408/408/408
f 408/408/408 406/406/406 409/409/409
f 408/408/408 409/409/409 410/410/410
f 411/411/411 413/413/413 412/412/412
f 411/411/411 412/412/412 414/414/414
f 415/415/415 416/416/416 407/407/407
f 415/415/415 407/407/407 405/405/405
f 407/407/407 418/418/418 417/417/417
f 407/407/407 417/417/417 406/406/406
f 406/406/406 417/417/417 419/419/419
f 406/406/406 419/419/419 409/409/409
f 420/420/420 422/422/422 421/421/421
f 420/420/420 421/421/421 416/416/416
f 416/416/416 421/421/421 418/418/418
f 416/416/416 418/418/418 407/407/407
f 418/418/418 424/424/424 423/423/423
f 418/418/418 423/423/423 417/417/417
f 417/417/417 423/423/423 425/425/425
f 417/417/417 425/425/425 419/419/419
f 426/426/426 428/428/428 427/427/427
f 428/428/428 429/429/429 427/427/427
f 421/421/421 430/430/430 424/424/424
f 421/421/421 424/424/424 418/418/418
f 431/431/431 423/423/423 424/424/424
f 432/432/432 434/434/434 433/433/433
f 431/431/431 430/430/430 435/435/435
f 432/432/432 436/436/436 429/429/429
f 437/437/437 439/439/439 438/438/438
f 437/437/437 440/440/440 439/439/439
f 440/440/440 409/409/409 439/439/439
f 440/440/440 410/410/410 409/409/409
f 441/441/441 442/442/442 420/420/420
f 441/441/441 443/443/443 442/442/442
f 443/443/443 438/438/438 442/442/442
f 443/443/443 437/437/437 438/438/438
f 438/438/438 445/445/445 444/444/444
f 438/438/438 439/439/439 445/445/445
f 439/439/439 419/419/419 445/445/445
f 439/439/439 409/409/409 419/419/419
f 413/413/413 446/446/446 426/426/426
f 413/413/413 447/447/447 446/446/446
f 442/442/442 444/444/444 448/448/448
f 442/442/442 438/438/438 444/444/444
f 444/444/444 450/450/450 449/449/449
f 444/444/444 445/445/445 450/450/450
f 445/445/445 425/425/425 450/450/450
f 445/445/445 419/419/419 425/425/425
f 448/448/448 451/451/451 435/435/435
f 422/422/422 448/448/448 435/435/435
f 448/448/448 449/449/449 451/451/451
f 448/448/448 444/444/444 449/449/449
f 432/432/432 453/453/453 452/452/452
f 431/431/431 450/450/450 425/425/425
f 432/432/432 428/428/428 454/454/454
f 431/431/431 451/451/451 449/449/449
f 455/455/455 457/457/457 456/456/456
f 457/457/457 455/455/455 458/458/458
f 459/459/459 461/461/461 460/460/460
f 460/460/460 462/462/462 459/459/459
f 463/463/463 465/465/465 464/464/464
f 463/463/463 464/464/464 466/466/466
f 466/466/466 464/464/464 467/467/467
f 466/466/466 467/467/467 468/468/468
f 468/468/468 467/467/467 465/465/465
f 468/468/468 465/465/465 463/463/463
f 469/469/469 464/464/464 465/465/465
f 469/469/469 467/467/467 464/464/464
f 469/469/469 465/465/465 467/467/467
f 470/470/470 472/472/472 471/471/471
f 470/470/470 473/473/473 472/472/472
f 474/474/474 476/476/476 475/475/475
f 474/474/474 477/477/477 476/476/476
f 478/478/478 471/471/471 479/479/479
f 478/478/478 470/470/470 471/471/471
f 480/480/480 471/471/471 472/472/472
f 480/480/480 472/472/472 479/479/479
f 481/481/481 476/476/476 482/482/482

# The Divine Staff of Archangel, baked in where MuMain links it (tools: merge_staff.py)
g staff_wand44_R
# texture: wand44_R.jpg
v 5.877803 242.953911 -158.861761
v 8.531155 259.065301 -170.771040
v 7.185677 257.047522 -172.955380
v 7.223288 244.971674 -156.677462
v 7.185677 257.047522 -172.955380
v 8.531155 259.065301 -170.771040
v 2.930720 288.209521 -204.117335
v 6.738551 280.110675 -196.018516
v 13.279955 259.375146 -171.080904
v 15.171793 262.887108 -178.794962
v 4.918469 280.854938 -192.560679
v 19.168172 267.627850 -183.535701
v 19.168172 267.627850 -183.535701
v 13.279955 259.375146 -171.080904
v 17.267243 255.933591 -171.841431
v 11.759197 248.982153 -160.687919
v 14.721947 249.878119 -165.785983
v 15.645605 241.932670 -153.638441
v 15.844580 248.064486 -163.972332
v 21.934055 252.878598 -168.786177
v 7.268359 227.941954 -143.849835
v 7.223288 244.971674 -156.677462
v 5.877803 242.953911 -158.861761
v 8.531155 259.065301 -170.771040
v 4.918469 280.854938 -192.560679
v 2.930720 288.209521 -204.117335
v 13.279955 259.375146 -171.080904
v 15.645605 241.932670 -153.638441
v 7.223288 244.971674 -156.677462
v 8.824980 236.029968 -147.735744
v 11.759197 248.982153 -160.687919
v 8.824980 236.029968 -147.735744
v 5.822335 220.021815 -135.929693
v 18.679930 233.383892 -145.089679
v 16.534002 231.789396 -147.697265
v 10.012189 222.087898 -133.793694
v 16.534002 231.789396 -147.697265
v 18.679930 233.383892 -145.089679
v 30.086780 247.434615 -163.342481
v 25.212689 231.949273 -147.857141
v 21.468380 229.876514 -141.582304
v 30.041630 232.820260 -148.728118
v 30.041630 232.820260 -148.728118
v 21.468380 229.876514 -141.582304
v 24.674739 225.959158 -141.867021
v 13.111614 221.904015 -133.609811
v 18.070239 220.619935 -136.527803
v 15.779655 218.002991 -129.708790
v 17.949568 218.714830 -134.622719
v 26.060118 221.664089 -137.571711
v 8.802843 199.412622 -115.320516
v 10.012189 222.087898 -133.793694
v 5.822335 220.021815 -135.929693
v 18.679930 233.383892 -145.089679
v 21.468380 229.876514 -141.582304
v 30.086780 247.434615 -163.342481
v 15.779655 218.002991 -129.708790
v 10.012189 222.087898 -133.793694
v 11.014939 212.389742 -124.095537
v 13.111614 221.904015 -133.609811
v 11.014939 212.389742 -124.095537
v 3.219838 115.205572 -31.113543
v 11.517452 130.537040 -42.242908
v 9.259252 128.532579 -44.440534
v 7.279664 118.039610 -29.745493
v 9.259252 128.532579 -44.440534
v 11.517452 130.537040 -42.242908
v 6.090792 143.459279 -59.367222
v 17.583652 130.275325 -46.183274
v 15.494598 127.659505 -39.365375
v 21.929252 132.000370 -47.908323
v 21.929252 132.000370 -47.908323
v 15.494598 127.659505 -39.365375
v 19.256573 124.390817 -40.298776
v 10.340761 118.429281 -30.135159
v 14.831348 118.024823 -33.932792
v 14.345723 115.149451 -26.855341
v 15.700223 116.203258 -32.111223
v 22.166823 120.495676 -36.403392
v 7.491325 88.338353 -4.246345
v 7.279664 118.039610 -29.745493
v 3.219838 115.205572 -31.113543
v 11.517452 130.537040 -42.242908
v 15.494598 127.659505 -39.365375
v 6.090792 143.459279 -59.367222
v 14.345723 115.149451 -26.855341
v 7.279664 118.039610 -29.745493
v 8.356348 104.204822 -15.910720
v 10.340761 118.429281 -30.135159
v 8.356348 104.204822 -15.910720
v 5.877803 242.953911 -158.861761
v 7.185677 257.047522 -172.955380
v 8.531155 254.863202 -174.973143
v 7.223288 240.769603 -160.879536
v 7.185677 257.047522 -172.955380
v 2.930720 288.209521 -204.117335
v 8.531155 254.863202 -174.973143
v 6.738551 280.110675 -196.018516
v 15.171793 262.887108 -178.794962
v 13.279964 255.173056 -175.282997
v 4.918462 276.652920 -196.762824
v 19.168172 267.627850 -183.535701
v 19.168172 267.627850 -183.535701
v 17.267243 255.933591 -171.841431
v 13.279964 255.173056 -175.282997
v 14.721947 249.878119 -165.785983
v 11.759197 244.780063 -164.890012
v 15.844580 248.064486 -163.972332
v 15.645597 237.730590 -157.840524
v 21.934055 252.878277 -168.786498
v 7.268359 227.941954 -143.849835
v 5.877803 242.953911 -158.861761
v 7.223288 240.769603 -160.879536
v 8.531155 254.863202 -174.973143
v 2.930720 288.209521 -204.117335
v 4.918462 276.652920 -196.762824
v 13.279964 255.173056 -175.282997
v 15.645597 237.730590 -157.840524
v 8.824980 231.827878 -151.937837
v 7.223288 240.769603 -160.879536
v 11.759197 244.780063 -164.890012
v 8.824980 231.827878 -151.937837
v 5.822335 220.021815 -135.929693
v 16.534002 231.789396 -147.697265
v 18.679930 229.181812 -149.291774
v 10.012189 217.885817 -137.995778
v 16.534002 231.789396 -147.697265
v 30.086780 247.434615 -163.342481
v 18.679930 229.181812 -149.291774
v 25.212689 231.949273 -147.857141
v 30.041630 232.820260 -148.728118
v 21.468380 225.674423 -145.784387
v 30.041630 232.820260 -148.728118
v 24.674739 225.959158 -141.867021
v 21.468380 225.674423 -145.784387
v 18.070239 220.619935 -136.527803
v 13.111614 217.701939 -137.811890
v 17.949568 218.714830 -134.622719
v 15.779664 213.800922 -133.910886
v 26.060118 221.663771 -137.572016
v 8.802843 199.412622 -115.320516
v 5.822335 220.021815 -135.929693
v 10.012189 217.885817 -137.995778
v 18.679930 229.181812 -149.291774
v 30.086780 247.434615 -163.342481
v 21.468380 225.674423 -145.784387
v 15.779664 213.800922 -133.910886
v 11.014939 208.187662 -128.297620
v 10.012189 217.885817 -137.995778
v 13.111614 217.701939 -137.811890
v 11.014939 208.187662 -128.297620
v 3.219838 115.205572 -31.113543
v 9.259252 128.532579 -44.440534
v 11.517461 126.334956 -46.444994
v 7.279661 113.837527 -33.947580
v 9.259252 128.532579 -44.440534
v 6.090792 143.459279 -59.367222
v 11.517461 126.334956 -46.444994
v 17.583652 130.275325 -46.183274
v 21.929252 132.000370 -47.908323
v 15.494598 123.457419 -43.567464
v 21.929252 132.000370 -47.908323
v 19.256573 124.390817 -40.298776
v 15.494598 123.457419 -43.567464
v 14.831348 118.024823 -33.932792
v 10.340761 114.227196 -34.337248
v 15.700223 116.203258 -32.111223
v 14.345723 110.947371 -31.057425
v 22.166823 120.495369 -36.403698
v 7.491325 88.338415 -4.246407
v 3.219838 115.205572 -31.113543
v 7.279661 113.837527 -33.947580
v 11.517461 126.334956 -46.444994
v 6.090792 143.459279 -59.367222
v 15.494598 123.457419 -43.567464
v 14.345723 110.947371 -31.057425
v 8.356352 100.002741 -20.112804
v 7.279661 113.837527 -33.947580
v 10.340761 114.227196 -34.337248
v 8.356352 100.002741 -20.112804
v -5.311959 242.953855 -158.861705
v -6.619726 257.047479 -172.955299
v -7.965307 259.065292 -170.771050
v -6.657447 244.971683 -156.677452
v -6.619726 257.047479 -172.955299
v -2.364876 288.209521 -204.117335
v -7.965307 259.065292 -170.771050
v -6.172693 280.110685 -196.018506
v -14.605936 262.887108 -178.794962
v -12.714107 259.375146 -171.080904
v -4.352604 280.854938 -192.560679
v -18.602253 267.627850 -183.535701
v -18.602253 267.627850 -183.535701
v -16.701395 255.933520 -171.841379
v -12.714107 259.375146 -171.080904
v -14.156116 249.878060 -165.785905
v -11.193357 248.982153 -160.687919
v -15.278741 248.064474 -163.972320
v -15.079748 241.932592 -153.638382
v -21.368198 252.878536 -168.786115
v -6.702504 227.941964 -143.849826
v -5.311959 242.953855 -158.861705
v -6.657447 244.971683 -156.677452
v -7.965307 259.065292 -170.771050
v -2.364876 288.209521 -204.117335
v -4.352604 280.854938 -192.560679
v -12.714107 259.375146 -171.080904
v -15.079748 241.932592 -153.638382
v -8.259126 236.029968 -147.735744
v -6.657447 244.971683 -156.677452
v -11.193357 248.982153 -160.687919
v -8.259126 236.029968 -147.735744
v -5.256474 220.021742 -135.929630
v -15.968145 231.789391 -147.697270
v -18.114073 233.383890 -145.089668
v -9.446323 222.087825 -133.793631
v -15.968145 231.789391 -147.697270
v -29.520941 247.434547 -163.342413
v -18.114073 233.383890 -145.089668
v -24.646823 231.949262 -147.857140
v -29.475773 232.820241 -148.728099
v -20.902427 229.876497 -141.582297
v -29.475773 232.820241 -148.728099
v -24.108873 225.959148 -141.867031
v -20.902427 229.876497 -141.582297
v -17.504295 220.619929 -136.527797
v -12.545757 221.904009 -133.609805
v -17.383720 218.714773 -134.622652
v -15.213798 218.002986 -129.708794
v -25.494173 221.664076 -137.571698
v -8.236993 199.412622 -115.320516
v -5.256474 220.021742 -135.929630
v -9.446323 222.087825 -133.793631
v -18.114073 233.383890 -145.089668
v -29.520941 247.434547 -163.342413
v -20.902427 229.876497 -141.582297
v -15.213798 218.002986 -129.708794
v -10.449073 212.389676 -124.095479
v -9.446323 222.087825 -133.793631
v -12.545757 221.904009 -133.609805
v -10.449073 212.389676 -124.095479
v -2.653861 115.205510 -31.113481
v -8.693378 128.532579 -44.440534
v -10.951577 130.537037 -42.242910
v -6.713773 118.039608 -29.745496
v -8.693378 128.532579 -44.440534
v -5.524921 143.459271 -59.367217
v -10.951577 130.537037 -42.242910
v -17.017777 130.275259 -46.183215
v -21.363377 132.000302 -47.908255
v -14.928714 127.659442 -39.365315
v -21.363377 132.000302 -47.908255
v -18.690689 124.390817 -40.298776
v -14.928714 127.659442 -39.365315
v -14.265464 118.024759 -33.932732
v -9.774868 118.429279 -30.135162
v -15.134339 116.203255 -32.111225
v -13.779839 115.149451 -26.855341
v -21.600939 120.495614 -36.403330
v -6.925433 88.338358 -4.246340
v -2.653861 115.205510 -31.113481
v -6.713773 118.039608 -29.745496
v -10.951577 130.537037 -42.242910
v -5.524921 143.459271 -59.367217
v -14.928714 127.659442 -39.365315
v -13.779839 115.149451 -26.855341
v -7.790460 104.204765 -15.910653
v -6.713773 118.039608 -29.745496
v -9.774868 118.429279 -30.135162
v -7.790460 104.204765 -15.910653
v -5.311959 242.953855 -158.861705
v -7.965314 254.863212 -174.973133
v -6.619726 257.047479 -172.955299
v -6.657444 240.769603 -160.879536
v -6.619726 257.047479 -172.955299
v -7.965314 254.863212 -174.973133
v -2.364876 288.209521 -204.117335
v -6.172693 280.110685 -196.018506
v -12.714107 255.173066 -175.282987
v -14.605936 262.887108 -178.794962
v -4.352611 276.652858 -196.762762
v -18.602253 267.627850 -183.535701
v -18.602253 267.627850 -183.535701
v -12.714107 255.173066 -175.282987
v -16.701395 255.933520 -171.841379
v -11.193366 244.780073 -164.890002
v -14.156116 249.878060 -165.785905
v -15.079757 237.730512 -157.840466
v -15.278741 248.064474 -163.972320
v -21.368198 252.878215 -168.786436
v -6.702504 227.941964 -143.849826
v -6.657444 240.769603 -160.879536
v -5.311959 242.953855 -158.861705
v -7.965314 254.863212 -174.973133
v -4.352611 276.652858 -196.762762
v -2.364876 288.209521 -204.117335
v -12.714107 255.173066 -175.282987
v -15.079757 237.730512 -157.840466
v -6.657444 240.769603 -160.879536
v -8.259129 231.827878 -151.937837
v -11.193366 244.780073 -164.890002
v -8.259129 231.827878 -151.937837
v -5.256474 220.021810 -135.929698
v -18.114082 229.181806 -149.291767
v -15.968145 231.789391 -147.697270
v -9.446323 217.885744 -137.995715
v -15.968145 231.789391 -147.697270
v -18.114082 229.181806 -149.291767
v -29.520941 247.434547 -163.342413
v -24.646823 231.949262 -147.857140
v -20.902436 225.674423 -145.784387
v -29.475773 232.820241 -148.728099
v -29.475773 232.820241 -148.728099
v -20.902436 225.674423 -145.784387
v -24.108873 225.959148 -141.867031
v -12.545757 217.701929 -137.811900
v -17.504295 220.619929 -136.527797
v -15.213798 213.800905 -133.910878
v -17.383720 218.714830 -134.622719
v -25.494173 221.663765 -137.572010
v -8.236993 199.412622 -115.320516
v -9.446323 217.885744 -137.995715
v -5.256474 220.021810 -135.929698
v -18.114082 229.181806 -149.291767
v -20.902436 225.674423 -145.784387
v -29.520941 247.434547 -163.342413
v -15.213798 213.800905 -133.910878
v -9.446323 217.885744 -137.995715
v -10.449073 208.187590 -128.297568
v -12.545757 217.701929 -137.811900
v -10.449073 208.187590 -128.297568
v -2.653861 115.205572 -31.113543
v -10.951577 126.334954 -46.444997
v -8.693378 128.532579 -44.440534
v -6.713777 113.837527 -33.947580
v -8.693378 128.532579 -44.440534
v -10.951577 126.334954 -46.444997
v -5.524921 143.459271 -59.367217
v -17.017777 130.275321 -46.183277
v -14.928714 123.457419 -43.567464
v -21.363377 132.000358 -47.908311
v -21.363377 132.000358 -47.908311
v -14.928714 123.457419 -43.567464
v -18.690689 124.390817 -40.298776
v -9.774877 114.227198 -34.337245
v -14.265464 118.024821 -33.932794
v -13.779839 110.947371 -31.057425
v -15.134339 116.203255 -32.111225
v -21.600939 120.495366 -36.403702
v -6.925433 88.338358 -4.246340
v -6.713777 113.837527 -33.947580
v -2.653861 115.205572 -31.113543
v -10.951577 126.334954 -46.444997
v -14.928714 123.457419 -43.567464
v -5.524921 143.459271 -59.367217
v -13.779839 110.947371 -31.057425
v -6.713777 113.837527 -33.947580
v -7.790467 100.002741 -20.112804
v -9.774877 114.227198 -34.337245
v -7.790467 100.002741 -20.112804
v 0.038784 75.421499 8.532899
v 0.038777 103.138527 -25.679658
v 4.631827 106.386302 -22.431880
v 4.631827 106.386302 -22.431880
v 0.038777 109.634075 -19.184105
v 0.038777 109.634075 -19.184105
v -4.554278 106.386302 -22.431880
v 0.038784 75.421499 8.532899
v -4.554278 106.386302 -22.431880
v 0.038777 103.138527 -25.679658
v 0.038777 115.813711 -31.859282
v 4.631827 106.386302 -22.431880
v 0.038777 109.634075 -19.184105
v 4.631827 106.386302 -22.431880
v 0.038777 109.634075 -19.184105
v 0.038777 115.813711 -31.859282
v 0.038757 245.986149 -162.031588
v 0.038751 261.581935 -184.122917
v 4.631806 264.829694 -180.875156
v 4.631806 264.829694 -180.875156
v 0.038751 268.077480 -177.627367
v 0.038751 268.077480 -177.627367
v -4.554298 264.829703 -180.875147
v 0.038757 245.986149 -162.031588
v -4.554298 264.829703 -180.875147
v 0.038751 261.581935 -184.122917
v 0.038757 287.673212 -203.718638
v 4.631806 264.829694 -180.875156
v 0.038751 268.077480 -177.627367
v 4.631806 264.829694 -180.875156
v 0.038751 268.077480 -177.627367
v 0.038757 287.673212 -203.718638
vn -0.908450 0.334692 0.250401
vn -0.908450 0.334692 0.250401
vn -0.908450 0.334692 0.250401
vn -0.908450 0.334692 0.250401
vn -0.908750 0.226498 0.350532
vn -0.908750 0.226498 0.350532
vn -0.154503 0.798198 0.582244
vn 0.689004 0.642268 0.335807
vn 0.274908 0.877758 0.392386
vn -0.084796 0.914527 0.395537
vn 0.756827 0.595121 0.270265
vn -0.663923 0.728486 0.168864
vn 0.575803 0.529413 0.623035
vn 0.576891 0.531312 0.620406
vn 0.681131 0.418979 0.600431
vn 0.676486 0.494823 0.545451
vn 0.649615 0.577294 0.494703
vn 0.264392 0.828137 0.494252
vn 0.112001 0.853629 0.508698
vn -0.270990 0.830111 0.487319
vn -0.837480 0.327382 0.437547
vn -0.837480 0.327382 0.437547
vn -0.910222 0.247634 0.331924
vn -0.298792 0.649603 0.699099
vn -0.651603 0.479632 0.587679
vn -0.983542 0.016830 0.179896
vn -0.000000 0.707107 0.707107
vn -0.000000 0.707107 0.707107
vn -0.000000 0.707107 0.707107
vn -0.000000 0.707107 0.707107
vn -0.000000 0.707107 0.707107
vn -0.745587 0.399720 0.533220
vn -0.618612 0.751809 0.228258
vn -0.618612 0.751809 0.228258
vn -0.676625 0.727780 0.111869
vn -0.549807 0.762624 0.340759
vn -0.684885 0.717909 0.124660
vn -0.684885 0.717909 0.124660
vn 0.062498 0.832939 0.549825
vn 0.385792 0.782538 0.488670
vn 0.385792 0.782538 0.488670
vn -0.130196 0.961989 0.240056
vn 0.517701 0.367555 0.772586
vn 0.494698 0.347046 0.796764
vn 0.509095 0.289345 0.810618
vn 0.513616 0.442238 0.735272
vn 0.648777 0.463280 0.603706
vn 0.388991 0.852045 0.350293
vn 0.333295 0.900983 0.277748
vn -0.347289 0.937594 -0.017535
vn -0.622029 0.514232 0.590462
vn -0.622029 0.514232 0.590462
vn -0.577931 0.533752 0.617337
vn 0.040501 0.722465 0.690220
vn 0.060798 0.729566 0.681202
vn 0.121296 0.748450 0.652004
vn -0.000000 0.707107 0.707107
vn -0.000000 0.707107 0.707107
vn -0.000000 0.707107 0.707107
vn -0.000000 0.707107 0.707107
vn -0.664293 0.493060 0.561790
vn -0.693394 0.629601 0.350439
vn -0.693394 0.629601 0.350439
vn -0.766294 0.593470 0.246143
vn -0.608301 0.654781 0.448589
vn -0.793126 0.338219 0.506517
vn -0.793126 0.338219 0.506517
vn -0.246705 0.746506 0.617952
vn 0.085300 0.921220 0.379575
vn 0.085300 0.921220 0.379575
vn -0.257892 0.925857 0.276188
vn 0.574200 0.469236 0.670903
vn 0.560184 0.445251 0.698530
vn 0.587188 0.391446 0.708506
vn 0.549795 0.541214 0.636248
vn 0.607404 0.622683 0.493281
vn 0.220298 0.933161 0.284042
vn 0.105203 0.969475 0.221474
vn -0.538913 0.841830 0.029911
vn -0.720329 0.448889 0.528795
vn -0.720329 0.448889 0.528795
vn -0.578495 0.528981 0.620904
vn 0.062802 0.747792 0.660957
vn 0.094297 0.766124 0.635738
vn 0.187004 0.811704 0.553322
vn -0.000000 0.707107 0.707107
vn -0.000000 0.707107 0.707107
vn -0.000000 0.707107 0.707107
vn -0.000000 0.707107 0.707107
vn -0.836905 0.353060 0.418256
vn -0.908450 -0.250400 -0.334692
vn -0.908450 -0.250400 -0.334692
vn -0.908450 -0.250400 -0.334692
vn -0.908450 -0.250400 -0.334692
vn -0.908750 -0.350531 -0.226498
vn -0.154503 -0.582244 -0.798199
vn -0.908750 -0.350531 -0.226498
vn 0.689004 -0.335806 -0.642268
vn -0.084796 -0.395536 -0.914528
vn 0.274908 -0.392385 -0.877758
vn 0.756827 -0.270265 -0.595121
vn -0.663923 -0.168863 -0.728486
vn 0.575803 -0.623034 -0.529414
vn 0.681131 -0.600431 -0.418979
vn 0.576891 -0.620406 -0.531312
vn 0.649615 -0.494703 -0.577295
vn 0.676486 -0.545450 -0.494823
vn 0.112001 -0.508698 -0.853629
vn 0.264392 -0.494252 -0.828138
vn -0.270990 -0.487318 -0.830111
vn -0.837480 -0.437547 -0.327383
vn -0.910222 -0.331924 -0.247634
vn -0.837480 -0.437547 -0.327383
vn -0.298793 -0.699098 -0.649603
vn -0.983542 -0.179896 -0.016830
vn -0.651603 -0.587678 -0.479633
vn 0.000000 -0.707107 -0.707107
vn 0.000000 -0.707107 -0.707107
vn 0.000000 -0.707107 -0.707107
vn 0.000000 -0.707107 -0.707107
vn 0.000000 -0.707107 -0.707107
vn -0.745587 -0.533220 -0.399720
vn -0.618612 -0.228258 -0.751810
vn -0.676625 -0.111868 -0.727780
vn -0.618612 -0.228258 -0.751810
vn -0.549807 -0.340759 -0.762624
vn -0.684885 -0.124660 -0.717909
vn 0.062498 -0.549824 -0.832939
vn -0.684885 -0.124660 -0.717909
vn 0.385792 -0.488670 -0.782538
vn -0.130196 -0.240055 -0.961989
vn 0.385792 -0.488670 -0.782538
vn 0.517701 -0.772586 -0.367555
vn 0.509094 -0.810618 -0.289346
vn 0.494698 -0.796763 -0.347047
vn 0.648777 -0.603705 -0.463280
vn 0.513616 -0.735271 -0.442238
vn 0.333295 -0.277748 -0.900983
vn 0.388991 -0.350293 -0.852045
vn -0.347289 0.017536 -0.937594
vn -0.622029 -0.590462 -0.514232
vn -0.577931 -0.617336 -0.533752
vn -0.622029 -0.590462 -0.514232
vn 0.040501 -0.690220 -0.722465
vn 0.121296 -0.652004 -0.748451
vn 0.060798 -0.681202 -0.729567
vn 0.000000 -0.707107 -0.707107
vn 0.000000 -0.707107 -0.707107
vn 0.000000 -0.707107 -0.707107
vn 0.000000 -0.707107 -0.707107
vn -0.664293 -0.561790 -0.493059
vn -0.693394 -0.350438 -0.629602
vn -0.766295 -0.246142 -0.593470
vn -0.693394 -0.350438 -0.629602
vn -0.608300 -0.448589 -0.654782
vn -0.793126 -0.506516 -0.338220
vn -0.246705 -0.617952 -0.746507
vn -0.793126 -0.506516 -0.338220
vn 0.085300 -0.379575 -0.921220
vn -0.257892 -0.276187 -0.925858
vn 0.085300 -0.379575 -0.921220
vn 0.574200 -0.670903 -0.469237
vn 0.587188 -0.708505 -0.391446
vn 0.560184 -0.698530 -0.445252
vn 0.607404 -0.493281 -0.622683
vn 0.549795 -0.636248 -0.541215
vn 0.105302 -0.221470 -0.969465
vn 0.220298 -0.284042 -0.933161
vn -0.538913 -0.029912 -0.841830
vn -0.720329 -0.528795 -0.448890
vn -0.578495 -0.620904 -0.528981
vn -0.720329 -0.528795 -0.448890
vn 0.062802 -0.660956 -0.747792
vn 0.187004 -0.553322 -0.811705
vn 0.094297 -0.635737 -0.766124
vn 0.000000 -0.707107 -0.707107
vn 0.000000 -0.707107 -0.707107
vn 0.000000 -0.707107 -0.707107
vn 0.000000 -0.707107 -0.707107
vn -0.836905 -0.418255 -0.353061
vn 0.908450 0.334692 0.250401
vn 0.908450 0.334692 0.250401
vn 0.908450 0.334692 0.250401
vn 0.908450 0.334692 0.250401
vn 0.908750 0.226498 0.350532
vn 0.154503 0.798198 0.582244
vn 0.908750 0.226498 0.350532
vn -0.689004 0.642268 0.335807
vn 0.084796 0.914527 0.395537
vn -0.274908 0.877758 0.392386
vn -0.756827 0.595121 0.270265
vn 0.663923 0.728486 0.168863
vn -0.575803 0.529413 0.623035
vn -0.681131 0.418979 0.600431
vn -0.576891 0.531312 0.620406
vn -0.649615 0.577294 0.494703
vn -0.676486 0.494823 0.545451
vn -0.112001 0.853629 0.508698
vn -0.264392 0.828137 0.494252
vn 0.270990 0.830111 0.487319
vn 0.837480 0.327382 0.437547
vn 0.910222 0.247635 0.331923
vn 0.837480 0.327382 0.437547
vn 0.298793 0.649602 0.699099
vn 0.983542 0.016830 0.179896
vn 0.651603 0.479632 0.587679
vn -0.000000 0.707107 0.707107
vn -0.000000 0.707107 0.707107
vn -0.000000 0.707107 0.707107
vn -0.000000 0.707107 0.707107
vn -0.000000 0.707107 0.707107
vn 0.745587 0.399721 0.533220
vn 0.618611 0.751810 0.228259
vn 0.676625 0.727780 0.111869
vn 0.618611 0.751810 0.228259
vn 0.549807 0.762624 0.340759
vn 0.684884 0.717909 0.124660
vn -0.062498 0.832939 0.549825
vn 0.684884 0.717909 0.124660
vn -0.385792 0.782538 0.488671
vn 0.130196 0.961989 0.240056
vn -0.385792 0.782538 0.488671
vn -0.517701 0.367554 0.772586
vn -0.509094 0.289345 0.810619
vn -0.494698 0.347045 0.796764
vn -0.648777 0.463280 0.603706
vn -0.513616 0.442238 0.735272
vn -0.333295 0.900983 0.277748
vn -0.388992 0.852044 0.350293
vn 0.347289 0.937594 -0.017535
vn 0.622029 0.514232 0.590462
vn 0.577931 0.533752 0.617337
vn 0.622029 0.514232 0.590462
vn -0.040501 0.722464 0.690221
vn -0.121296 0.748450 0.652004
vn -0.060798 0.729566 0.681202
vn -0.000000 0.707107 0.707107
vn -0.000000 0.707107 0.707107
vn -0.000000 0.707107 0.707107
vn -0.000000 0.707107 0.707107
vn 0.664293 0.493060 0.561790
vn 0.693394 0.629601 0.350439
vn 0.766294 0.593470 0.246143
vn 0.693394 0.629601 0.350439
vn 0.608300 0.654781 0.448589
vn 0.793126 0.338219 0.506517
vn 0.246705 0.746506 0.617952
vn 0.793126 0.338219 0.506517
vn -0.085300 0.921220 0.379575
vn 0.257892 0.925857 0.276188
vn -0.085300 0.921220 0.379575
vn -0.574200 0.469236 0.670903
vn -0.587188 0.391446 0.708506
vn -0.560184 0.445252 0.698531
vn -0.607404 0.622683 0.493281
vn -0.549795 0.541214 0.636248
vn -0.105204 0.969475 0.221474
vn -0.220298 0.933160 0.284043
vn 0.538913 0.841830 0.029912
vn 0.720329 0.448889 0.528795
vn 0.578495 0.528982 0.620904
vn 0.720329 0.448889 0.528795
vn -0.062802 0.747792 0.660957
vn -0.187004 0.811704 0.553322
vn -0.094297 0.766124 0.635738
vn -0.000000 0.707107 0.707107
vn -0.000000 0.707107 0.707107
vn -0.000000 0.707107 0.707107
vn -0.000000 0.707107 0.707107
vn 0.836905 0.353060 0.418256
vn 0.908450 -0.250400 -0.334692
vn 0.908450 -0.250400 -0.334692
vn 0.908450 -0.250400 -0.334692
vn 0.908450 -0.250400 -0.334692
vn 0.908750 -0.350531 -0.226498
vn 0.908750 -0.350531 -0.226498
vn 0.154503 -0.582244 -0.798199
vn -0.689004 -0.335806 -0.642268
vn -0.274908 -0.392385 -0.877758
vn 0.084796 -0.395536 -0.914528
vn -0.756827 -0.270266 -0.595122
vn 0.663923 -0.168862 -0.728486
vn -0.575803 -0.623035 -0.529413
vn -0.576891 -0.620406 -0.531312
vn -0.681131 -0.600431 -0.418979
vn -0.676486 -0.545450 -0.494823
vn -0.649615 -0.494703 -0.577295
vn -0.264392 -0.494252 -0.828138
vn -0.112001 -0.508698 -0.853629
vn 0.270990 -0.487318 -0.830111
vn 0.837480 -0.437547 -0.327383
vn 0.837480 -0.437547 -0.327383
vn 0.910222 -0.331923 -0.247635
vn 0.298793 -0.699098 -0.649603
vn 0.651603 -0.587678 -0.479633
vn 0.983542 -0.179896 -0.016830
vn 0.000000 -0.707107 -0.707107
vn 0.000000 -0.707107 -0.707107
vn 0.000000 -0.707107 -0.707107
vn 0.000000 -0.707107 -0.707107
vn 0.000000 -0.707107 -0.707107
vn 0.745588 -0.533219 -0.399721
vn 0.618611 -0.228258 -0.751810
vn 0.618611 -0.228258 -0.751810
vn 0.676625 -0.111868 -0.727780
vn 0.549807 -0.340759 -0.762624
vn 0.684884 -0.124659 -0.717909
vn 0.684884 -0.124659 -0.717909
vn -0.062498 -0.549824 -0.832939
vn -0.385792 -0.488671 -0.782538
vn -0.385792 -0.488671 -0.782538
vn 0.130196 -0.240055 -0.961989
vn -0.517701 -0.772586 -0.367554
vn -0.494698 -0.796764 -0.347046
vn -0.509095 -0.810618 -0.289345
vn -0.513616 -0.735271 -0.442238
vn -0.648777 -0.603706 -0.463279
vn -0.388992 -0.350293 -0.852045
vn -0.333384 -0.277738 -0.900953
vn 0.347289 0.017536 -0.937594
vn 0.622029 -0.590461 -0.514233
vn 0.622029 -0.590461 -0.514233
vn 0.577931 -0.617336 -0.533752
vn -0.040501 -0.690220 -0.722465
vn -0.060798 -0.681202 -0.729567
vn -0.121297 -0.652004 -0.748451
vn 0.000000 -0.707107 -0.707107
vn 0.000000 -0.707107 -0.707107
vn 0.000000 -0.707107 -0.707107
vn 0.000000 -0.707107 -0.707107
vn 0.664293 -0.561789 -0.493060
vn 0.693394 -0.350438 -0.629602
vn 0.693394 -0.350438 -0.629602
vn 0.766294 -0.246141 -0.593471
vn 0.608300 -0.448589 -0.654782
vn 0.793126 -0.506516 -0.338220
vn 0.793126 -0.506516 -0.338220
vn 0.246705 -0.617952 -0.746507
vn -0.085300 -0.379575 -0.921220
vn -0.085300 -0.379575 -0.921220
vn 0.257892 -0.276187 -0.925858
vn -0.574200 -0.670903 -0.469237
vn -0.560184 -0.698530 -0.445252
vn -0.587188 -0.708505 -0.391446
vn -0.549795 -0.636249 -0.541214
vn -0.607404 -0.493282 -0.622682
vn -0.220298 -0.284042 -0.933161
vn -0.105204 -0.221473 -0.969475
vn 0.538913 -0.029910 -0.841830
vn 0.720329 -0.528795 -0.448890
vn 0.720329 -0.528795 -0.448890
vn 0.578495 -0.620904 -0.528982
vn -0.062802 -0.660956 -0.747792
vn -0.094297 -0.635737 -0.766124
vn -0.187004 -0.553322 -0.811705
vn 0.000000 -0.707107 -0.707107
vn 0.000000 -0.707107 -0.707107
vn 0.000000 -0.707107 -0.707107
vn 0.000000 -0.707107 -0.707107
vn 0.836905 -0.418255 -0.353061
vn 0.000000 -0.707107 0.707107
vn 0.000000 -0.620226 -0.784423
vn 0.993237 0.082099 -0.082099
vn 0.993237 0.082099 -0.082099
vn -0.000000 0.784422 0.620227
vn -0.000000 0.784422 0.620227
vn -0.993237 0.082098 -0.082098
vn 0.000000 -0.707107 0.707107
vn -0.993237 0.082098 -0.082098
vn 0.000000 -0.620226 -0.784423
vn -0.000000 0.707107 -0.707107
vn 0.993237 0.082099 -0.082099
vn -0.000000 0.784422 0.620227
vn 0.993237 0.082099 -0.082099
vn -0.000000 0.784422 0.620227
vn -0.000000 0.707107 -0.707107
vn 0.000000 -0.707107 0.707107
vn 0.000000 -0.717564 -0.696493
vn 0.999889 -0.010536 0.010536
vn 0.999889 -0.010536 0.010536
vn -0.000000 0.696492 0.717564
vn -0.000000 0.696492 0.717564
vn -0.999889 -0.010536 0.010536
vn 0.000000 -0.707107 0.707107
vn -0.999889 -0.010536 0.010536
vn 0.000000 -0.717564 -0.696493
vn -0.000000 0.707107 -0.707107
vn 0.999889 -0.010536 0.010536
vn -0.000000 0.696492 0.717564
vn 0.999889 -0.010536 0.010536
vn -0.000000 0.696492 0.717564
vn -0.000000 0.707107 -0.707107
vt 0.0215 0.3857
vt 0.0659 0.5285
vt 0.0005 0.5285
vt 0.087 0.3857
vt 0.0005 0.5285
vt 0.0659 0.5285
vt 0.0021 0.9995
vt 0.2201 0.8564
vt 0.2933 0.5345
vt 0.3511 0.5922
vt 0.1404 0.8416
vt 0.5157 0.6425
vt 0.5157 0.6425
vt 0.2933 0.5345
vt 0.4938 0.5235
vt 0.282 0.4289
vt 0.4071 0.461
vt 0.5116 0.3604
vt 0.4721 0.4434
vt 0.7373 0.4957
vt 0.1783 0.2354
vt 0.087 0.3857
vt 0.0215 0.3857
vt 0.0659 0.5285
vt 0.1404 0.8416
vt 0.0021 0.9995
vt 0.2933 0.5345
vt 0.5116 0.3604
vt 0.087 0.3857
vt 0.2177 0.2967
vt 0.282 0.4289
vt 0.2177 0.2967
vt 0.1842 0.1906
vt 0.5971 0.2812
vt 0.5175 0.284
vt 0.3352 0.1923
vt 0.5175 0.284
vt 0.5971 0.2812
vt 0.9212 0.4328
vt 0.8294 0.2892
vt 0.7132 0.2561
vt 0.9995 0.298
vt 0.9995 0.298
vt 0.7132 0.2561
vt 0.8368 0.244
vt 0.4477 0.1923
vt 0.6227 0.2008
vt 0.5612 0.1643
vt 0.6374 0.1865
vt 0.9058 0.2123
vt 0.5612 0.0005
vt 0.3352 0.1923
vt 0.1842 0.1906
vt 0.5971 0.2812
vt 0.7132 0.2561
vt 0.9212 0.4328
vt 0.5612 0.1643
vt 0.3352 0.1923
vt 0.5134 0.0884
vt 0.4477 0.1923
vt 0.5134 0.0884
vt 0.1842 0.1906
vt 0.5971 0.2812
vt 0.5175 0.284
vt 0.3352 0.1923
vt 0.5175 0.284
vt 0.5971 0.2812
vt 0.9212 0.4328
vt 0.8294 0.2892
vt 0.7132 0.2561
vt 0.9995 0.298
vt 0.9995 0.298
vt 0.7132 0.2561
vt 0.8368 0.244
vt 0.4477 0.1923
vt 0.6227 0.2008
vt 0.5612 0.1643
vt 0.6374 0.1865
vt 0.9058 0.2123
vt 0.5612 0.0005
vt 0.3352 0.1923
vt 0.1842 0.1906
vt 0.5971 0.2812
vt 0.7132 0.2561
vt 0.9212 0.4328
vt 0.5612 0.1643
vt 0.3352 0.1923
vt 0.5134 0.0884
vt 0.4477 0.1923
vt 0.5134 0.0884
vt 0.0215 0.3857
vt 0.0005 0.5285
vt 0.0659 0.5285
vt 0.087 0.3857
vt 0.0005 0.5285
vt 0.0021 0.9995
vt 0.0659 0.5285
vt 0.2201 0.8564
vt 0.3511 0.5922
vt 0.2933 0.5345
vt 0.1404 0.8416
vt 0.5157 0.6425
vt 0.5157 0.6425
vt 0.4938 0.5235
vt 0.2933 0.5345
vt 0.4071 0.461
vt 0.282 0.4289
vt 0.4721 0.4434
vt 0.5116 0.3604
vt 0.7373 0.4957
vt 0.1783 0.2354
vt 0.0215 0.3857
vt 0.087 0.3857
vt 0.0659 0.5285
vt 0.0021 0.9995
vt 0.1404 0.8416
vt 0.2933 0.5345
vt 0.5116 0.3604
vt 0.2177 0.2967
vt 0.087 0.3857
vt 0.282 0.4289
vt 0.2177 0.2967
vt 0.1842 0.1906
vt 0.5175 0.284
vt 0.5971 0.2812
vt 0.3352 0.1923
vt 0.5175 0.284
vt 0.9212 0.4328
vt 0.5971 0.2812
vt 0.8294 0.2892
vt 0.9995 0.298
vt 0.7132 0.2561
vt 0.9995 0.298
vt 0.8368 0.244
vt 0.7132 0.2561
vt 0.6227 0.2008
vt 0.4477 0.1923
vt 0.6374 0.1865
vt 0.5612 0.1643
vt 0.9058 0.2123
vt 0.5612 0.0005
vt 0.1842 0.1906
vt 0.3352 0.1923
vt 0.5971 0.2812
vt 0.9212 0.4328
vt 0.7132 0.2561
vt 0.5612 0.1643
vt 0.5134 0.0884
vt 0.3352 0.1923
vt 0.4477 0.1923
vt 0.5134 0.0884
vt 0.1842 0.1906
vt 0.5175 0.284
vt 0.5971 0.2812
vt 0.3352 0.1923
vt 0.5175 0.284
vt 0.9212 0.4328
vt 0.5971 0.2812
vt 0.8294 0.2892
vt 0.9995 0.298
vt 0.7132 0.2561
vt 0.9995 0.298
vt 0.8368 0.244
vt 0.7132 0.2561
vt 0.6227 0.2008
vt 0.4477 0.1923
vt 0.6374 0.1865
vt 0.5612 0.1643
vt 0.9058 0.2123
vt 0.5612 0.0005
vt 0.1842 0.1906
vt 0.3352 0.1923
vt 0.5971 0.2812
vt 0.9212 0.4328
vt 0.7132 0.2561
vt 0.5612 0.1643
vt 0.5134 0.0884
vt 0.3352 0.1923
vt 0.4477 0.1923
vt 0.5134 0.0884
vt 0.0215 0.3857
vt 0.0005 0.5285
vt 0.0659 0.5285
vt 0.087 0.3857
vt 0.0005 0.5285
vt 0.0021 0.9995
vt 0.0659 0.5285
vt 0.2201 0.8564
vt 0.3511 0.5922
vt 0.2933 0.5345
vt 0.1404 0.8416
vt 0.5157 0.6425
vt 0.5157 0.6425
vt 0.4938 0.5235
vt 0.2933 0.5345
vt 0.4071 0.461
vt 0.282 0.4289
vt 0.4721 0.4434
vt 0.5116 0.3604
vt 0.7373 0.4957
vt 0.1783 0.2354
vt 0.0215 0.3857
vt 0.087 0.3857
vt 0.0659 0.5285
vt 0.0021 0.9995
vt 0.1404 0.8416
vt 0.2933 0.5345
vt 0.5116 0.3604
vt 0.2177 0.2967
vt 0.087 0.3857
vt 0.282 0.4289
vt 0.2177 0.2967
vt 0.1842 0.1906
vt 0.5175 0.284
vt 0.5971 0.2812
vt 0.3352 0.1923
vt 0.5175 0.284
vt 0.9212 0.4328
vt 0.5971 0.2812
vt 0.8294 0.2892
vt 0.9995 0.298
vt 0.7132 0.2561
vt 0.9995 0.298
vt 0.8368 0.244
vt 0.7132 0.2561
vt 0.6227 0.2008
vt 0.4477 0.1923
vt 0.6374 0.1865
vt 0.5612 0.1643
vt 0.9058 0.2123
vt 0.5612 0.0005
vt 0.1842 0.1906
vt 0.3352 0.1923
vt 0.5971 0.2812
vt 0.9212 0.4328
vt 0.7132 0.2561
vt 0.5612 0.1643
vt 0.5134 0.0884
vt 0.3352 0.1923
vt 0.4477 0.1923
vt 0.5134 0.0884
vt 0.1842 0.1906
vt 0.5175 0.284
vt 0.5971 0.2812
vt 0.3352 0.1923
vt 0.5175 0.284
vt 0.9212 0.4328
vt 0.5971 0.2812
vt 0.8294 0.2892
vt 0.9995 0.298
vt 0.7132 0.2561
vt 0.9995 0.298
vt 0.8368 0.244
vt 0.7132 0.2561
vt 0.6227 0.2008
vt 0.4477 0.1923
vt 0.6374 0.1865
vt 0.5612 0.1643
vt 0.9058 0.2123
vt 0.5612 0.0005
vt 0.1842 0.1906
vt 0.3352 0.1923
vt 0.5971 0.2812
vt 0.9212 0.4328
vt 0.7132 0.2561
vt 0.5612 0.1643
vt 0.5134 0.0884
vt 0.3352 0.1923
vt 0.4477 0.1923
vt 0.5134 0.0884
vt 0.0215 0.3857
vt 0.0659 0.5285
vt 0.0005 0.5285
vt 0.087 0.3857
vt 0.0005 0.5285
vt 0.0659 0.5285
vt 0.0021 0.9995
vt 0.2201 0.8564
vt 0.2933 0.5345
vt 0.3511 0.5922
vt 0.1404 0.8416
vt 0.5157 0.6425
vt 0.5157 0.6425
vt 0.2933 0.5345
vt 0.4938 0.5235
vt 0.282 0.4289
vt 0.4071 0.461
vt 0.5116 0.3604
vt 0.4721 0.4434
vt 0.7373 0.4957
vt 0.1783 0.2354
vt 0.087 0.3857
vt 0.0215 0.3857
vt 0.0659 0.5285
vt 0.1404 0.8416
vt 0.0021 0.9995
vt 0.2933 0.5345
vt 0.5116 0.3604
vt 0.087 0.3857
vt 0.2177 0.2967
vt 0.282 0.4289
vt 0.2177 0.2967
vt 0.1842 0.1906
vt 0.5971 0.2812
vt 0.5175 0.284
vt 0.3352 0.1923
vt 0.5175 0.284
vt 0.5971 0.2812
vt 0.9212 0.4328
vt 0.8294 0.2892
vt 0.7132 0.2561
vt 0.9995 0.298
vt 0.9995 0.298
vt 0.7132 0.2561
vt 0.8368 0.244
vt 0.4477 0.1923
vt 0.6227 0.2008
vt 0.5612 0.1643
vt 0.6374 0.1865
vt 0.9058 0.2123
vt 0.5612 0.0005
vt 0.3352 0.1923
vt 0.1842 0.1906
vt 0.5971 0.2812
vt 0.7132 0.2561
vt 0.9212 0.4328
vt 0.5612 0.1643
vt 0.3352 0.1923
vt 0.5134 0.0884
vt 0.4477 0.1923
vt 0.5134 0.0884
vt 0.1842 0.1906
vt 0.5971 0.2812
vt 0.5175 0.284
vt 0.3352 0.1923
vt 0.5175 0.284
vt 0.5971 0.2812
vt 0.9212 0.4328
vt 0.8294 0.2892
vt 0.7132 0.2561
vt 0.9995 0.298
vt 0.9995 0.298
vt 0.7132 0.2561
vt 0.8368 0.244
vt 0.4477 0.1923
vt 0.6227 0.2008
vt 0.5612 0.1643
vt 0.6374 0.1865
vt 0.9058 0.2123
vt 0.5612 0.0005
vt 0.3352 0.1923
vt 0.1842 0.1906
vt 0.5971 0.2812
vt 0.7132 0.2561
vt 0.9212 0.4328
vt 0.5612 0.1643
vt 0.3352 0.1923
vt 0.5134 0.0884
vt 0.4477 0.1923
vt 0.5134 0.0884
vt 0.1658 0.8551
vt 1 0.8986
vt 1 0.9879
vt 1 0.8986
vt 1 0.9879
vt 1 0.8986
vt 1 0.9879
vt 1 0.9879
vt 0 1
vt 0.1658 0.8551
vt 1 0.9879
vt 0 1
vt 0 1
vt 0.1658 0.8551
vt 0.1658 0.8551
vt 0.1658 0.8551
vt 0.1658 0.8551
vt 1 0.8986
vt 1 0.9879
vt 1 0.8986
vt 1 0.9879
vt 1 0.8986
vt 1 0.9879
vt 1 0.9879
vt 0 1
vt 0.1658 0.8551
vt 1 0.9879
vt 0 1
vt 0 1
vt 0.1658 0.8551
vt 0.1658 0.8551
vt 0.1658 0.8551
f 483/483/483 485/485/485 484/484/484
f 483/483/483 484/484/484 486/486/486
f 487/487/487 489/489/489 488/488/488
f 490/490/490 492/492/492 491/491/491
f 490/490/490 491/491/491 493/493/493
f 492/492/492 494/494/494 491/491/491
f 495/495/495 497/497/497 496/496/496
f 497/497/497 499/499/499 498/498/498
f 497/497/497 498/498/498 496/496/496
f 499/499/499 501/501/501 500/500/500
f 499/499/499 500/500/500 498/498/498
f 501/501/501 502/502/502 500/500/500
f 503/503/503 505/505/505 504/504/504
f 506/506/506 508/508/508 507/507/507
f 506/506/506 507/507/507 509/509/509
f 510/510/510 512/512/512 511/511/511
f 513/513/513 510/510/510 511/511/511
f 513/513/513 511/511/511 506/506/506
f 509/509/509 513/513/513 506/506/506
f 504/504/504 514/514/514 503/503/503
f 515/515/515 517/517/517 516/516/516
f 515/515/515 516/516/516 518/518/518
f 519/519/519 521/521/521 520/520/520
f 522/522/522 524/524/524 523/523/523
f 525/525/525 527/527/527 526/526/526
f 527/527/527 529/529/529 528/528/528
f 527/527/527 528/528/528 526/526/526
f 529/529/529 531/531/531 530/530/530
f 529/529/529 530/530/530 528/528/528
f 531/531/531 532/532/532 530/530/530
f 533/533/533 535/535/535 534/534/534
f 536/536/536 538/538/538 537/537/537
f 539/539/539 541/541/541 540/540/540
f 542/542/542 539/539/539 540/540/540
f 542/542/542 540/540/540 536/536/536
f 537/537/537 542/542/542 536/536/536
f 534/534/534 543/543/543 533/533/533
f 544/544/544 546/546/546 545/545/545
f 544/544/544 545/545/545 547/547/547
f 548/548/548 550/550/550 549/549/549
f 551/551/551 553/553/553 552/552/552
f 554/554/554 556/556/556 555/555/555
f 556/556/556 558/558/558 557/557/557
f 556/556/556 557/557/557 555/555/555
f 558/558/558 560/560/560 559/559/559
f 558/558/558 559/559/559 557/557/557
f 560/560/560 561/561/561 559/559/559
f 562/562/562 564/564/564 563/563/563
f 565/565/565 567/567/567 566/566/566
f 568/568/568 570/570/570 569/569/569
f 571/571/571 568/568/568 569/569/569
f 571/571/571 569/569/569 565/565/565
f 566/566/566 571/571/571 565/565/565
f 563/563/563 572/572/572 562/562/562
f 573/573/573 575/575/575 574/574/574
f 573/573/573 576/576/576 575/575/575
f 577/577/577 579/579/579 578/578/578
f 580/580/580 582/582/582 581/581/581
f 580/580/580 583/583/583 582/582/582
f 581/581/581 582/582/582 584/584/584
f 585/585/585 587/587/587 586/586/586
f 586/586/586 589/589/589 588/588/588
f 586/586/586 587/587/587 589/589/589
f 588/588/588 591/591/591 590/590/590
f 588/588/588 589/589/589 591/591/591
f 590/590/590 591/591/591 592/592/592
f 593/593/593 595/595/595 594/594/594
f 596/596/596 598/598/598 597/597/597
f 596/596/596 599/599/599 598/598/598
f 600/600/600 602/602/602 601/601/601
f 603/603/603 602/602/602 600/600/600
f 603/603/603 596/596/596 602/602/602
f 599/599/599 596/596/596 603/603/603
f 595/595/595 593/593/593 604/604/604
f 605/605/605 607/607/607 606/606/606
f 605/605/605 608/608/608 607/607/607
f 609/609/609 611/611/611 610/610/610
f 612/612/612 614/614/614 613/613/613
f 615/615/615 617/617/617 616/616/616
f 616/616/616 619/619/619 618/618/618
f 616/616/616 617/617/617 619/619/619
f 618/618/618 621/621/621 620/620/620
f 618/618/618 619/619/619 621/621/621
f 620/620/620 621/621/621 622/622/622
f 623/623/623 625/625/625 624/624/624
f 626/626/626 628/628/628 627/627/627
f 629/629/629 631/631/631 630/630/630
f 632/632/632 631/631/631 629/629/629
f 632/632/632 626/626/626 631/631/631
f 628/628/628 626/626/626 632/632/632
f 625/625/625 623/623/623 633/633/633
f 634/634/634 636/636/636 635/635/635
f 634/634/634 637/637/637 636/636/636
f 638/638/638 640/640/640 639/639/639
f 641/641/641 643/643/643 642/642/642
f 644/644/644 646/646/646 645/645/645
f 645/645/645 648/648/648 647/647/647
f 645/645/645 646/646/646 648/648/648
f 647/647/647 650/650/650 649/649/649
f 647/647/647 648/648/648 650/650/650
f 649/649/649 650/650/650 651/651/651
f 652/652/652 654/654/654 653/653/653
f 655/655/655 657/657/657 656/656/656
f 658/658/658 660/660/660 659/659/659
f 661/661/661 660/660/660 658/658/658
f 661/661/661 655/655/655 660/660/660
f 657/657/657 655/655/655 661/661/661
f 654/654/654 652/652/652 662/662/662
f 663/663/663 665/665/665 664/664/664
f 663/663/663 666/666/666 665/665/665
f 667/667/667 669/669/669 668/668/668
f 670/670/670 672/672/672 671/671/671
f 670/670/670 673/673/673 672/672/672
f 671/671/671 672/672/672 674/674/674
f 675/675/675 677/677/677 676/676/676
f 676/676/676 679/679/679 678/678/678
f 676/676/676 677/677/677 679/679/679
f 678/678/678 681/681/681 680/680/680
f 678/678/678 679/679/679 681/681/681
f 680/680/680 681/681/681 682/682/682
f 683/683/683 685/685/685 684/684/684
f 686/686/686 688/688/688 687/687/687
f 686/686/686 689/689/689 688/688/688
f 690/690/690 692/692/692 691/691/691
f 693/693/693 692/692/692 690/690/690
f 693/693/693 686/686/686 692/692/692
f 689/689/689 686/686/686 693/693/693
f 685/685/685 683/683/683 694/694/694
f 695/695/695 697/697/697 696/696/696
f 695/695/695 698/698/698 697/697/697
f 699/699/699 701/701/701 700/700/700
f 702/702/702 704/704/704 703/703/703
f 705/705/705 707/707/707 706/706/706
f 706/706/706 709/709/709 708/708/708
f 706/706/706 707/707/707 709/709/709
f 708/708/708 711/711/711 710/710/710
f 708/708/708 709/709/709 711/711/711
f 710/710/710 711/711/711 712/712/712
f 713/713/713 715/715/715 714/714/714
f 716/716/716 718/718/718 717/717/717
f 719/719/719 721/721/721 720/720/720
f 722/722/722 721/721/721 719/719/719
f 722/722/722 716/716/716 721/721/721
f 718/718/718 716/716/716 722/722/722
f 715/715/715 713/713/713 723/723/723
f 724/724/724 726/726/726 725/725/725
f 724/724/724 727/727/727 726/726/726
f 728/728/728 730/730/730 729/729/729
f 731/731/731 733/733/733 732/732/732
f 734/734/734 736/736/736 735/735/735
f 735/735/735 738/738/738 737/737/737
f 735/735/735 736/736/736 738/738/738
f 737/737/737 740/740/740 739/739/739
f 737/737/737 738/738/738 740/740/740
f 739/739/739 740/740/740 741/741/741
f 742/742/742 744/744/744 743/743/743
f 745/745/745 747/747/747 746/746/746
f 748/748/748 750/750/750 749/749/749
f 751/751/751 750/750/750 748/748/748
f 751/751/751 745/745/745 750/750/750
f 747/747/747 745/745/745 751/751/751
f 744/744/744 742/742/742 752/752/752
f 753/753/753 755/755/755 754/754/754
f 753/753/753 754/754/754 756/756/756
f 757/757/757 759/759/759 758/758/758
f 760/760/760 762/762/762 761/761/761
f 760/760/760 761/761/761 763/763/763
f 762/762/762 764/764/764 761/761/761
f 765/765/765 767/767/767 766/766/766
f 767/767/767 769/769/769 768/768/768
f 767/767/767 768/768/768 766/766/766
f 769/769/769 771/771/771 770/770/770
f 769/769/769 770/770/770 768/768/768
f 771/771/771 772/772/772 770/770/770
f 773/773/773 775/775/775 774/774/774
f 776/776/776 778/778/778 777/777/777
f 776/776/776 777/777/777 779/779/779
f 780/780/780 782/782/782 781/781/781
f 783/783/783 780/780/780 781/781/781
f 783/783/783 781/781/781 776/776/776
f 779/779/779 783/783/783 776/776/776
f 774/774/774 784/784/784 773/773/773
f 785/785/785 787/787/787 786/786/786
f 785/785/785 786/786/786 788/788/788
f 789/789/789 791/791/791 790/790/790
f 792/792/792 794/794/794 793/793/793
f 795/795/795 797/797/797 796/796/796
f 797/797/797 799/799/799 798/798/798
f 797/797/797 798/798/798 796/796/796
f 799/799/799 801/801/801 800/800/800
f 799/799/799 800/800/800 798/798/798
f 801/801/801 802/802/802 800/800/800
f 803/803/803 805/805/805 804/804/804
f 806/806/806 808/808/808 807/807/807
f 809/809/809 811/811/811 810/810/810
f 812/812/812 809/809/809 810/810/810
f 812/812/812 810/810/810 806/806/806
f 807/807/807 812/812/812 806/806/806
f 804/804/804 813/813/813 803/803/803
f 814/814/814 816/816/816 815/815/815
f 814/814/814 815/815/815 817/817/817
f 818/818/818 820/820/820 819/819/819
f 821/821/821 823/823/823 822/822/822
f 824/824/824 826/826/826 825/825/825
f 826/826/826 828/828/828 827/827/827
f 826/826/826 827/827/827 825/825/825
f 828/828/828 830/830/830 829/829/829
f 828/828/828 829/829/829 827/827/827
f 830/830/830 831/831/831 829/829/829
f 832/832/832 834/834/834 833/833/833
f 835/835/835 837/837/837 836/836/836
f 838/838/838 840/840/840 839/839/839
f 841/841/841 838/838/838 839/839/839
f 841/841/841 839/839/839 835/835/835
f 836/836/836 841/841/841 835/835/835
f 833/833/833 842/842/842 832/832/832
f 843/843/843 845/845/845 844/844/844
f 843/843/843 847/847/847 846/846/846
f 843/843/843 849/849/849 848/848/848
f 850/850/850 852/852/852 851/851/851
f 853/853/853 852/852/852 854/854/854
f 853/853/853 856/856/856 855/855/855
f 853/853/853 857/857/857 851/851/851
f 858/858/858 849/849/849 844/844/844
f 859/859/859 861/861/861 860/860/860
f 859/859/859 863/863/863 862/862/862
f 859/859/859 865/865/865 864/864/864
f 866/866/866 868/868/868 867/867/867
f 869/869/869 868/868/868 870/870/870
f 869/869/869 872/872/872 871/871/871
f 869/869/869 873/873/873 867/867/867
f 874/874/874 865/865/865 860/860/860
g staff_wand44
# texture: wand44.jpg
v 2.930720 288.209521 -204.117335
v 4.918469 280.854938 -192.560679
v 6.738551 280.110675 -196.018516
v 21.934055 252.878598 -168.786177
v 15.645605 241.932670 -153.638441
v 17.805893 239.520526 -155.428379
v 8.824980 236.029968 -147.735744
v 7.268359 227.941954 -143.849835
v 30.086780 247.434615 -163.342481
v 21.468380 229.876514 -141.582304
v 25.212689 231.949273 -147.857141
v 26.060118 221.664089 -137.571711
v 15.779655 218.002991 -129.708790
v 17.604643 215.110806 -131.018678
v 11.014939 212.389742 -124.095537
v 8.802843 199.412622 -115.320516
v 6.090792 143.459279 -59.367222
v 15.494598 127.659505 -39.365375
v 17.583652 130.275325 -46.183274
v 22.166823 120.495676 -36.403392
v 14.345723 115.149451 -26.855341
v 16.398211 112.618216 -28.526189
v 8.356348 104.204822 -15.910720
v 7.491325 88.338353 -4.246345
v 2.930720 288.209521 -204.117335
v 6.738551 280.110675 -196.018516
v 4.918462 276.652920 -196.762824
v 21.934055 252.878277 -168.786498
v 17.805893 239.520526 -155.428379
v 15.645597 237.730590 -157.840524
v 7.268359 227.941954 -143.849835
v 8.824980 231.827878 -151.937837
v 30.086780 247.434615 -163.342481
v 25.212689 231.949273 -147.857141
v 21.468380 225.674423 -145.784387
v 26.060118 221.663771 -137.572016
v 17.604643 215.110806 -131.018678
v 15.779664 213.800922 -133.910886
v 8.802843 199.412622 -115.320516
v 11.014939 208.187662 -128.297620
v 6.090792 143.459279 -59.367222
v 17.583652 130.275325 -46.183274
v 15.494598 123.457419 -43.567464
v 22.166823 120.495369 -36.403698
v 16.398211 112.618278 -28.526251
v 14.345723 110.947371 -31.057425
v 7.491325 88.338415 -4.246407
v 8.356352 100.002741 -20.112804
v -2.364876 288.209521 -204.117335
v -6.172693 280.110685 -196.018506
v -4.352604 280.854938 -192.560679
v -21.368198 252.878536 -168.786115
v -17.239948 239.520526 -155.428379
v -15.079748 241.932592 -153.638382
v -6.702504 227.941964 -143.849826
v -8.259126 236.029968 -147.735744
v -29.520941 247.434547 -163.342413
v -24.646823 231.949262 -147.857140
v -20.902427 229.876497 -141.582297
v -25.494173 221.664076 -137.571698
v -17.038786 215.110800 -131.018672
v -15.213798 218.002986 -129.708794
v -8.236993 199.412622 -115.320516
v -10.449073 212.389676 -124.095479
v -5.524921 143.459271 -59.367217
v -17.017777 130.275259 -46.183215
v -14.928714 127.659442 -39.365315
v -21.600939 120.495614 -36.403330
v -15.832327 112.618216 -28.526189
v -13.779839 115.149451 -26.855341
v -6.925433 88.338358 -4.246340
v -7.790460 104.204765 -15.910653
v -2.364876 288.209521 -204.117335
v -4.352611 276.652858 -196.762762
v -6.172693 280.110685 -196.018506
v -21.368198 252.878215 -168.786436
v -15.079757 237.730512 -157.840466
v -17.239948 239.520526 -155.428379
v -8.259129 231.827878 -151.937837
v -6.702504 227.941964 -143.849826
v -29.520941 247.434547 -163.342413
v -20.902436 225.674423 -145.784387
v -24.646823 231.949262 -147.857140
v -25.494173 221.663765 -137.572010
v -15.213798 213.800905 -133.910878
v -17.038786 215.110800 -131.018672
v -10.449073 208.187590 -128.297568
v -8.236993 199.412622 -115.320516
v -5.524921 143.459271 -59.367217
v -14.928714 123.457419 -43.567464
v -17.017777 130.275321 -46.183277
v -21.600939 120.495366 -36.403702
v -13.779839 110.947371 -31.057425
v -15.832327 112.618216 -28.526189
v -7.790467 100.002741 -20.112804
v -6.925433 88.338358 -4.246340
v 0.123273 250.195084 -166.240670
v 5.639373 227.358500 -143.404114
v 0.123282 226.198164 -145.803248
v 0.123273 250.195084 -166.240670
v 0.123282 229.757651 -142.243759
v 5.639373 227.358500 -143.404114
v 0.157860 113.124328 -29.170150
v 0.123302 114.137544 -33.848275
v 3.750345 115.969998 -32.015819
v 0.123302 117.802516 -30.183300
v 0.123286 216.991213 -136.701853
v 6.244173 224.161598 -140.207197
v 6.244173 224.161598 -140.207197
v 0.123289 220.656187 -133.036875
v 8.319414 219.710606 -138.129231
v 12.368905 223.041898 -139.087497
v 12.368827 219.152213 -135.197806
v 8.319414 222.083572 -135.756263
v 12.368827 219.152213 -135.197806
v 12.368905 223.041898 -139.087497
v 2.528227 216.206295 -132.251908
v 2.528227 216.206295 -132.251908
v 2.528227 216.206295 -132.251908
v 0.123299 117.379009 -37.089737
v 0.123286 216.991213 -136.701853
v 2.528241 119.211463 -35.257281
v 0.123289 220.656187 -133.036875
v 0.123299 121.043980 -33.424762
v 2.528241 119.211463 -35.257281
v 0.123299 117.379009 -37.089737
v 0.123299 121.043980 -33.424762
v -5.392719 227.358504 -143.404109
v -5.392719 227.358504 -143.404109
v 0.088822 113.124325 -29.170153
v -3.503754 115.970000 -32.015817
v -5.997515 224.161603 -140.207192
v -5.997515 224.161603 -140.207192
v -8.072747 219.710595 -138.129229
v -12.122257 219.152202 -135.197805
v -12.122257 223.041893 -139.087502
v -8.072747 222.083561 -135.756261
v -12.122257 223.041893 -139.087502
v -12.122257 219.152202 -135.197805
v -2.281656 216.206301 -132.251915
v -2.281656 216.206301 -132.251915
v -2.281656 216.206301 -132.251915
v -2.281639 119.211463 -35.257281
v -2.281639 119.211463 -35.257281
v -8.167519 238.662546 -157.081165
v -11.542045 243.554196 -159.599788
v -6.062089 244.025427 -160.071000
v -8.167512 241.035512 -154.708197
v -6.062089 244.025427 -160.071000
v -11.542045 243.554196 -159.599788
v -4.532071 230.295384 -149.900465
v -1.127524 235.571138 -151.616718
v -1.127524 235.571138 -151.616718
v -4.532068 233.854855 -146.340978
v -12.585648 237.421591 -153.467188
v -12.585648 237.421591 -153.467188
v 8.439798 238.662503 -157.081121
v 6.334463 244.025405 -160.070997
v 11.814418 243.554205 -159.599778
v 8.439805 241.035478 -154.708144
v 11.814418 243.554205 -159.599778
v 6.334463 244.025405 -160.070997
v 4.804361 230.295388 -149.900449
v 1.399913 235.571132 -151.616711
v 1.399913 235.571132 -151.616711
v 4.804361 233.854858 -146.340963
v 12.858030 237.421600 -153.467179
v 12.858030 237.421600 -153.467179
vn -0.154503 0.798198 0.582244
vn 0.756827 0.595121 0.270265
vn 0.689004 0.642268 0.335807
vn 0.784605 0.300027 0.542566
vn 0.729625 0.160094 0.664844
vn 0.678115 0.197074 0.708041
vn 0.611710 0.141495 0.778325
vn 0.565202 0.266297 0.780789
vn 0.062498 0.832939 0.549825
vn 0.385792 0.782538 0.488670
vn 0.385792 0.782538 0.488670
vn 0.603015 0.019375 0.797494
vn 0.651484 0.068941 0.755524
vn 0.638499 0.175008 0.749461
vn 0.649625 0.251880 0.717317
vn 0.590518 0.380576 0.711653
vn -0.246705 0.746506 0.617952
vn 0.085300 0.921220 0.379575
vn 0.085300 0.921220 0.379575
vn 0.724890 0.142975 0.673864
vn 0.741925 0.174236 0.647448
vn 0.694327 0.274792 0.665131
vn 0.673905 0.339626 0.656130
vn 0.572521 0.465151 0.675169
vn -0.154503 -0.582244 -0.798199
vn 0.689004 -0.335806 -0.642268
vn 0.756827 -0.270265 -0.595121
vn 0.784605 -0.542566 -0.300028
vn 0.678115 -0.708041 -0.197075
vn 0.729625 -0.664844 -0.160095
vn 0.565202 -0.780789 -0.266297
vn 0.611710 -0.778325 -0.141495
vn 0.062498 -0.549824 -0.832939
vn 0.385792 -0.488670 -0.782538
vn 0.385792 -0.488670 -0.782538
vn 0.603015 -0.797494 -0.019375
vn 0.638499 -0.749460 -0.175009
vn 0.651483 -0.755524 -0.068941
vn 0.590518 -0.711653 -0.380576
vn 0.649625 -0.717316 -0.251881
vn -0.246705 -0.617952 -0.746507
vn 0.085300 -0.379575 -0.921220
vn 0.085300 -0.379575 -0.921220
vn 0.724890 -0.673863 -0.142975
vn 0.694327 -0.665131 -0.274792
vn 0.741925 -0.647448 -0.174237
vn 0.572521 -0.675169 -0.465152
vn 0.673906 -0.656129 -0.339626
vn 0.154503 0.798198 0.582244
vn -0.689004 0.642268 0.335807
vn -0.756827 0.595121 0.270265
vn -0.784605 0.300027 0.542566
vn -0.678115 0.197074 0.708041
vn -0.729625 0.160094 0.664844
vn -0.565202 0.266297 0.780790
vn -0.611710 0.141494 0.778325
vn -0.062498 0.832939 0.549825
vn -0.385792 0.782538 0.488671
vn -0.385792 0.782538 0.488671
vn -0.603015 0.019374 0.797494
vn -0.638499 0.175008 0.749461
vn -0.651483 0.068940 0.755524
vn -0.590518 0.380576 0.711653
vn -0.649625 0.251880 0.717317
vn 0.246705 0.746506 0.617952
vn -0.085300 0.921220 0.379575
vn -0.085300 0.921220 0.379575
vn -0.724890 0.142975 0.673864
vn -0.694327 0.274792 0.665131
vn -0.741925 0.174236 0.647448
vn -0.572521 0.465151 0.675170
vn -0.673906 0.339625 0.656130
vn 0.154503 -0.582244 -0.798199
vn -0.756827 -0.270266 -0.595122
vn -0.689004 -0.335806 -0.642268
vn -0.784605 -0.542566 -0.300028
vn -0.729625 -0.664844 -0.160095
vn -0.678115 -0.708041 -0.197075
vn -0.611710 -0.778325 -0.141494
vn -0.565202 -0.780789 -0.266297
vn -0.062498 -0.549824 -0.832939
vn -0.385792 -0.488671 -0.782538
vn -0.385792 -0.488671 -0.782538
vn -0.603015 -0.797494 -0.019375
vn -0.651483 -0.755524 -0.068941
vn -0.638499 -0.749460 -0.175009
vn -0.649625 -0.717316 -0.251881
vn -0.590518 -0.711653 -0.380576
vn 0.246705 -0.617952 -0.746507
vn -0.085300 -0.379575 -0.921220
vn -0.085300 -0.379575 -0.921220
vn -0.724890 -0.673863 -0.142975
vn -0.741925 -0.647448 -0.174237
vn -0.694327 -0.665131 -0.274792
vn -0.673905 -0.656129 -0.339626
vn -0.572521 -0.675169 -0.465152
vn 0.000000 -0.648348 -0.761344
vn 0.393997 -0.620198 -0.678322
vn 0.000000 -0.676195 -0.736723
vn -0.000000 0.761344 0.648349
vn -0.000000 0.740905 0.671609
vn 0.422692 0.684749 0.593675
vn 0.746023 -0.470877 0.470876
vn 0.000000 -0.797924 -0.602758
vn 0.962469 -0.191902 0.191902
vn -0.000000 0.602757 0.797925
vn 0.000000 -0.762774 -0.646665
vn 0.144599 -0.492142 -0.858421
vn 0.229405 0.815098 0.531967
vn -0.000000 0.681194 0.732103
vn 0.177298 -0.613054 -0.769890
vn 0.247407 -0.533385 -0.808882
vn 0.269999 -0.839756 -0.471073
vn 0.188109 0.680196 0.708483
vn 0.275793 0.533285 0.799716
vn 0.247407 0.808882 0.533385
vn 0.199700 -0.940807 -0.273863
vn 0.204896 0.344425 0.916182
vn 0.955339 -0.208958 -0.208958
vn 0.000000 -0.707107 -0.707107
vn 0.000000 -0.707107 -0.707107
vn 0.988208 0.143190 0.054235
vn -0.000000 0.707107 0.707107
vn -0.000000 0.707107 0.707107
vn 0.988208 0.143190 0.054235
vn 0.000000 -0.707107 -0.707107
vn -0.000000 0.707107 0.707107
vn -0.393997 -0.620198 -0.678322
vn -0.422692 0.684749 0.593675
vn -0.746023 -0.470877 0.470877
vn -0.962469 -0.191903 0.191903
vn -0.144599 -0.492142 -0.858421
vn -0.229404 0.815098 0.531967
vn -0.177298 -0.613054 -0.769890
vn -0.269999 -0.839756 -0.471073
vn -0.247407 -0.533385 -0.808882
vn -0.188108 0.680197 0.708483
vn -0.247407 0.808881 0.533386
vn -0.275792 0.533285 0.799716
vn -0.199700 -0.940807 -0.273863
vn -0.204896 0.344425 0.916182
vn -0.955339 -0.208958 -0.208958
vn -0.988208 0.143190 0.054236
vn -0.988208 0.143190 0.054236
vn -0.121594 -0.611546 -0.781810
vn -0.215193 -0.560293 -0.799852
vn 0.225908 -0.522923 -0.821898
vn -0.005100 0.795718 0.605646
vn 0.157398 0.834940 0.527353
vn -0.215193 0.799852 0.560293
vn 0.130897 -0.621817 -0.772146
vn 0.413409 -0.511815 -0.753086
vn 0.363411 0.767162 0.528578
vn 0.029000 0.764742 0.643684
vn -0.358298 -0.656828 -0.663475
vn -0.358298 0.663475 0.656828
vn 0.121594 -0.611546 -0.781810
vn -0.225908 -0.522923 -0.821898
vn 0.215193 -0.560293 -0.799852
vn 0.005100 0.795718 0.605646
vn 0.215193 0.799852 0.560293
vn -0.157398 0.834940 0.527353
vn -0.130898 -0.621817 -0.772146
vn -0.413409 -0.511815 -0.753086
vn -0.363411 0.767162 0.528578
vn -0.029000 0.764742 0.643684
vn 0.358298 -0.656828 -0.663475
vn 0.358298 0.663475 0.656828
vt 0.2623 0.2992
vt 0.3527 0.0405
vt 0.0925 0.0855
vt 0.2483 0.3014
vt 0.3162 0.1527
vt 0.0806 0.1492
vt 0.3738 0.0213
vt 0.1041 0.032
vt 0.048 0.2754
vt 0.3651 0.0543
vt 0.0489 0.0511
vt 0.2562 0.3048
vt 0.3521 0.1833
vt 0.0913 0.1812
vt 0.3403 0.0193
vt 0.1067 0.0207
vt 0.2322 0.3139
vt 0.3316 0.0192
vt 0.1052 0.0248
vt 0.2821 0.3128
vt 0.3817 0.1754
vt 0.1189 0.1748
vt 0.3481 0.0326
vt 0.0926 0.0198
vt 0.2623 0.2992
vt 0.0925 0.0855
vt 0.3527 0.0405
vt 0.2483 0.3014
vt 0.0806 0.1492
vt 0.3162 0.1527
vt 0.1041 0.032
vt 0.3738 0.0213
vt 0.048 0.2754
vt 0.0489 0.0511
vt 0.3651 0.0543
vt 0.2562 0.3048
vt 0.0913 0.1812
vt 0.3521 0.1833
vt 0.1067 0.0207
vt 0.3403 0.0193
vt 0.2322 0.3139
vt 0.1052 0.0248
vt 0.3316 0.0192
vt 0.2821 0.3128
vt 0.1189 0.1748
vt 0.3817 0.1754
vt 0.0926 0.0198
vt 0.3481 0.0326
vt 0.2623 0.2992
vt 0.0925 0.0855
vt 0.3527 0.0405
vt 0.2483 0.3014
vt 0.0806 0.1492
vt 0.3162 0.1527
vt 0.1041 0.032
vt 0.3738 0.0213
vt 0.048 0.2754
vt 0.0489 0.0511
vt 0.3651 0.0543
vt 0.2562 0.3048
vt 0.0913 0.1812
vt 0.3521 0.1833
vt 0.1067 0.0207
vt 0.3403 0.0193
vt 0.2322 0.3139
vt 0.1052 0.0248
vt 0.3316 0.0192
vt 0.2821 0.3128
vt 0.1189 0.1748
vt 0.3817 0.1754
vt 0.0926 0.0198
vt 0.3481 0.0326
vt 0.2623 0.2992
vt 0.3527 0.0405
vt 0.0925 0.0855
vt 0.2483 0.3014
vt 0.3162 0.1527
vt 0.0806 0.1492
vt 0.3738 0.0213
vt 0.1041 0.032
vt 0.048 0.2754
vt 0.3651 0.0543
vt 0.0489 0.0511
vt 0.2562 0.3048
vt 0.3521 0.1833
vt 0.0913 0.1812
vt 0.3403 0.0193
vt 0.1067 0.0207
vt 0.2322 0.3139
vt 0.3316 0.0192
vt 0.1052 0.0248
vt 0.2821 0.3128
vt 0.3817 0.1754
vt 0.1189 0.1748
vt 0.3481 0.0326
vt 0.0926 0.0198
vt 0.0226 1.1923
vt 0.5735 0.7381
vt 0.0226 0.7584
vt 0.0226 1.1923
vt 0.0226 0.7584
vt 0.5735 0.7381
vt 0.0226 -0.3111
vt 0.0226 -0.2177
vt 0.5111 -0.2177
vt 0.0226 -0.2177
vt 0.0226 0.4582
vt 0.6344 0.6332
vt 0.6344 0.6332
vt 0.0226 0.4582
vt 0.8434 0.5262
vt 1.2513 0.5965
vt 1.2513 0.4689
vt 0.8434 0.5262
vt 1.2513 0.4689
vt 1.2513 0.5965
vt 0.3449 0.3723
vt 0.3449 0.3723
vt 0.8251 -0.9742
vt 0.0783 2.0279
vt 0.0784 -1.0553
vt 0.8251 2.0279
vt 0.0784 -1.0553
vt 0.0783 2.0279
vt 0.3449 -0.1114
vt 0.0226 -0.1114
vt 0.0226 -0.1114
vt 0.5735 0.7381
vt 0.5735 0.7381
vt 0.0226 -0.3111
vt 0.5111 -0.2177
vt 0.6344 0.6332
vt 0.6344 0.6332
vt 0.8434 0.5262
vt 1.2513 0.4689
vt 1.2513 0.5965
vt 0.8434 0.5262
vt 1.2513 0.5965
vt 1.2513 0.4689
vt 0.3449 0.3723
vt 0.3449 0.3723
vt 0.8288 -0.9742
vt 0.8288 2.0279
vt 0.3449 -0.1114
vt 0.8434 0.5262
vt 1.2513 0.5965
vt 1.2513 0.4689
vt 0.8434 0.5262
vt 1.2513 0.4689
vt 1.2513 0.5965
vt 0.0226 0.4582
vt 0.3449 0.3723
vt 0.3449 0.3723
vt 0.0226 0.4582
vt 0.6344 0.6332
vt 0.6344 0.6332
vt 0.8434 0.5262
vt 1.2513 0.4689
vt 1.2513 0.5965
vt 0.8434 0.5262
vt 1.2513 0.5965
vt 1.2513 0.4689
vt 0.0226 0.4582
vt 0.3449 0.3723
vt 0.3449 0.3723
vt 0.0226 0.4582
vt 0.6344 0.6332
vt 0.6344 0.6332
f 875/875/875 877/877/877 876/876/876
f 878/878/878 880/880/880 879/879/879
f 880/880/880 882/882/882 881/881/881
f 880/880/880 881/881/881 879/879/879
f 883/883/883 885/885/885 884/884/884
f 886/886/886 888/888/888 887/887/887
f 888/888/888 890/890/890 889/889/889
f 888/888/888 889/889/889 887/887/887
f 891/891/891 893/893/893 892/892/892
f 894/894/894 896/896/896 895/895/895
f 896/896/896 898/898/898 897/897/897
f 896/896/896 897/897/897 895/895/895
f 899/899/899 901/901/901 900/900/900
f 902/902/902 904/904/904 903/903/903
f 903/903/903 906/906/906 905/905/905
f 903/903/903 904/904/904 906/906/906
f 907/907/907 909/909/909 908/908/908
f 910/910/910 912/912/912 911/911/911
f 911/911/911 914/914/914 913/913/913
f 911/911/911 912/912/912 914/914/914
f 915/915/915 917/917/917 916/916/916
f 918/918/918 920/920/920 919/919/919
f 919/919/919 922/922/922 921/921/921
f 919/919/919 920/920/920 922/922/922
f 923/923/923 925/925/925 924/924/924
f 926/926/926 928/928/928 927/927/927
f 927/927/927 930/930/930 929/929/929
f 927/927/927 928/928/928 930/930/930
f 931/931/931 933/933/933 932/932/932
f 934/934/934 936/936/936 935/935/935
f 935/935/935 938/938/938 937/937/937
f 935/935/935 936/936/936 938/938/938
f 939/939/939 941/941/941 940/940/940
f 942/942/942 944/944/944 943/943/943
f 943/943/943 946/946/946 945/945/945
f 943/943/943 944/944/944 946/946/946
f 947/947/947 949/949/949 948/948/948
f 950/950/950 952/952/952 951/951/951
f 952/952/952 954/954/954 953/953/953
f 952/952/952 953/953/953 951/951/951
f 955/955/955 957/957/957 956/956/956
f 958/958/958 960/960/960 959/959/959
f 960/960/960 962/962/962 961/961/961
f 960/960/960 961/961/961 959/959/959
f 963/963/963 965/965/965 964/964/964
f 966/966/966 968/968/968 967/967/967
f 968/968/968 970/970/970 969/969/969
f 968/968/968 969/969/969 967/967/967
f 971/971/971 973/973/973 972/972/972
f 974/974/974 976/976/976 975/975/975
f 977/977/977 979/979/979 978/978/978
f 977/977/977 980/980/980 979/979/979
f 972/972/972 973/973/973 981/981/981
f 981/981/981 982/982/982 972/972/972
f 975/975/975 976/976/976 983/983/983
f 983/983/983 984/984/984 975/975/975
f 985/985/985 987/987/987 986/986/986
f 988/988/988 990/990/990 989/989/989
f 981/981/981 991/991/991 987/987/987
f 987/987/987 985/985/985 981/981/981
f 992/992/992 984/984/984 988/988/988
f 988/988/988 989/989/989 992/992/992
f 982/982/982 981/981/981 985/985/985
f 985/985/985 986/986/986 982/982/982
f 988/988/988 983/983/983 990/990/990
f 983/983/983 988/988/988 984/984/984
f 993/993/993 995/995/995 994/994/994
f 994/994/994 996/996/996 993/993/993
f 997/997/997 993/993/993 996/996/996
f 996/996/996 998/998/998 997/997/997
f 999/999/999 1000/1000/1000 978/978/978
f 978/978/978 979/979/979 999/999/999
f 980/980/980 999/999/999 979/979/979
f 999/999/999 980/980/980 1001/1001/1001
f 971/971/971 1002/1002/1002 973/973/973
f 974/974/974 975/975/975 1003/1003/1003
f 1004/1004/1004 978/978/978 1005/1005/1005
f 1004/1004/1004 1005/1005/1005 980/980/980
f 1002/1002/1002 981/981/981 973/973/973
f 981/981/981 1002/1002/1002 1006/1006/1006
f 975/975/975 1007/1007/1007 1003/1003/1003
f 1007/1007/1007 975/975/975 984/984/984
f 1008/1008/1008 1010/1010/1010 1009/1009/1009
f 1011/1011/1011 1013/1013/1013 1012/1012/1012
f 981/981/981 1009/1009/1009 1014/1014/1014
f 1009/1009/1009 981/981/981 1008/1008/1008
f 1015/1015/1015 1011/1011/1011 984/984/984
f 1011/1011/1011 1015/1015/1015 1013/1013/1013
f 1006/1006/1006 1008/1008/1008 981/981/981
f 1008/1008/1008 1006/1006/1006 1010/1010/1010
f 1011/1011/1011 1012/1012/1012 1007/1007/1007
f 1007/1007/1007 984/984/984 1011/1011/1011
f 1016/1016/1016 994/994/994 995/995/995
f 994/994/994 1016/1016/1016 1017/1017/1017
f 997/997/997 1017/1017/1017 1016/1016/1016
f 1017/1017/1017 997/997/997 998/998/998
f 1018/1018/1018 978/978/978 1000/1000/1000
f 978/978/978 1018/1018/1018 1005/1005/1005
f 980/980/980 1005/1005/1005 1018/1018/1018
f 1018/1018/1018 1001/1001/1001 980/980/980
f 1019/1019/1019 1021/1021/1021 1020/1020/1020
f 1022/1022/1022 1024/1024/1024 1023/1023/1023
f 1025/1025/1025 1026/1026/1026 1021/1021/1021
f 1021/1021/1021 1019/1019/1019 1025/1025/1025
f 1027/1027/1027 1028/1028/1028 1022/1022/1022
f 1022/1022/1022 1023/1023/1023 1027/1027/1027
f 1029/1029/1029 1025/1025/1025 1019/1019/1019
f 1019/1019/1019 1020/1020/1020 1029/1029/1029
f 1022/1022/1022 1030/1030/1030 1024/1024/1024
f 1030/1030/1030 1022/1022/1022 1028/1028/1028
f 1031/1031/1031 1033/1033/1033 1032/1032/1032
f 1034/1034/1034 1036/1036/1036 1035/1035/1035
f 1037/1037/1037 1032/1032/1032 1038/1038/1038
f 1032/1032/1032 1037/1037/1037 1031/1031/1031
f 1039/1039/1039 1034/1034/1034 1040/1040/1040
f 1034/1034/1034 1039/1039/1039 1036/1036/1036
f 1041/1041/1041 1031/1031/1031 1037/1037/1037
f 1031/1031/1031 1041/1041/1041 1033/1033/1033
f 1034/1034/1034 1035/1035/1035 1042/1042/1042
f 1042/1042/1042 1040/1040/1040 1034/1034/1034
