# Monster43.bmd — MU geometry at action 0 key 0, exported for MU2
# 3 mesh(es)

g bv02
# texture: bv02.jpg
v 46.82159 149.6375 -18.85253
v 68.26027 151.2492 -16.77203
v 62.89131 145.1641 -18.89013
v 42.38247 154.4931 -14.68761
v 62.96626 162.4466 -4.464123
v 59.16098 173.4302 -0.918123
v 47.36792 148.3148 -13.99243
v 62.11707 139.0332 -22.33905
v 65.01794 148.0653 -13.65163
v 46.57967 146.0997 -20.90076
v 76.26736 146.5506 -4.477786
v 70.90833 137.2891 -8.499384
v 67.83513 160.528 6.278151
v 66.72743 171.4117 13.10497
v 69.9136 130.0841 -12.52842
v 71.13313 144.4768 -4.262146
v 71.54535 136.7105 8.351164
v 66.17639 130.6254 6.233067
v 65.47517 151.3429 14.72304
v 62.44606 158.8914 24.20507
v 65.40215 124.4945 2.784141
v 67.52686 136.9617 5.535632
v 51.4674 129.0766 16.67703
v 50.91606 132.6119 13.14236
v 47.02828 133.9323 20.84196
v 51.22549 125.5389 14.6288
v 46.82159 149.6375 -18.85253
v 62.89131 145.1641 -18.89013
v 64.65432 141.9502 -24.26758
v 46.19859 149.1291 -23.15781
v 65.38423 166.2963 -6.952345
v 43.72137 154.8624 -19.02437
v 63.20612 171.9554 -5.902292
v 70.90833 137.2891 -8.499384
v 73.89099 131.9307 -12.55188
v 71.91733 163.5827 6.947851
v 71.78649 169.3873 10.45833
v 66.17639 130.6254 6.233067
v 68.49781 124.9399 5.126541
v 68.66931 151.7576 18.17085
v 67.04961 154.9451 23.49183
v 51.4674 129.0766 16.67703
v 51.63421 125.0728 18.41182
v 49.15691 130.8061 22.54525
v 42.38247 154.4931 -14.68761
v 59.16098 173.4302 -0.918123
v 62.11707 139.0332 -22.33905
v 46.57967 146.0997 -20.90076
v 66.72743 171.4117 13.10497
v 69.9136 130.0841 -12.52842
v 62.44606 158.8914 24.20507
v 65.40215 124.4945 2.784141
v 47.02828 133.9323 20.84196
v 51.22549 125.5389 14.6288
v 65.38423 166.2963 -6.952345
v 71.91733 163.5827 6.947851
v 68.66931 151.7576 18.17085
v -43.03915 156.4462 -14.92161
v -59.54077 154.4407 -13.53442
v -63.72906 161.25 -10.99826
v -37.57565 160.5515 -11.18994
v -50.05583 181.7054 3.859469
v -55.76296 171.4425 0.729535
v -43.35417 155.1887 -10.02382
v -60.74391 157.5941 -8.15025
v -59.99965 148.2859 -16.99717
v -43.51078 152.9258 -16.95988
v -67.71806 147.7927 -2.435273
v -71.25372 157.7281 1.975387
v -56.59328 180.7556 18.49961
v -59.91374 170.2074 11.86642
v -66.49059 154.9044 1.75808
v -68.17175 140.5466 -6.48799
v -62.78102 140.3964 11.87418
v -66.96941 147.2057 14.41032
v -53.29619 167.661 29.26805
v -58.23767 160.7165 20.1348
v -63.21859 146.8681 11.25492
v -63.24001 134.2416 8.411409
v -47.62169 136.5844 21.01162
v -42.15817 140.6898 24.74329
v -46.85389 140.0199 17.41929
v -48.0933 133.0641 18.97334
v -43.03915 156.4462 -14.92161
v -62.22716 151.5638 -18.71727
v -59.54077 154.4407 -13.53442
v -42.87587 155.8781 -19.26134
v -57.78127 175.6284 -1.56453
v -39.21512 161.1464 -15.3964
v -54.69397 180.8885 -0.744809
v -71.81306 142.9706 -6.178106
v -67.71806 147.7927 -2.435273
v -63.41631 173.8367 12.86797
v -62.10978 179.5325 16.31563
v -66.01832 135.132 11.01082
v -62.78102 140.3964 11.87418
v -61.02152 161.5841 23.84407
v -58.48523 164.4567 28.98326
v -48.23742 132.64 22.78059
v -47.62169 136.5844 21.01162
v -44.5767 137.9082 26.64554
v -37.57565 160.5515 -11.18994
v -50.05583 181.7054 3.859469
v -59.99965 148.2859 -16.99717
v -43.51078 152.9258 -16.95988
v -56.59328 180.7556 18.49961
v -68.17175 140.5466 -6.48799
v -53.29619 167.661 29.26805
v -63.24001 134.2416 8.411409
v -42.15817 140.6898 24.74329
v -48.0933 133.0641 18.97334
v -57.78127 175.6284 -1.56453
v -63.41631 173.8367 12.86797
v -61.02152 161.5841 23.84407
v 0.606789 113.1796 -34.5164
v 13.55683 113.9444 -28.071
v 14.80456 105.7987 -32.86382
v 1.802202 100.7731 -39.34143
v 7.706274 28.30783 -40.9049
v 21.08285 36.94805 -34.77078
v 16.91459 48.87124 -37.92447
v 6.575857 42.78335 -41.80141
v 1.388796 103.6063 -34.7724
v 11.33618 107.446 -29.82452
v 12.59909 122.0965 -27.34694
v -0.205613 122.7866 -33.57748
v 20.00967 113.1633 -14.02817
v 20.44198 106.7665 -10.12716
v 19.47028 117.8649 -13.79191
v 0.606789 113.1796 -34.5164
v 15.20056 120.0773 -29.71863
v 13.55683 113.9444 -28.071
v 0.140557 120.272 -37.11894
v 20.42841 46.34944 -40.23767
v 7.675809 30.93223 -45.37509
v 7.055898 38.65892 -45.44542
v 23.13135 40.74395 -38.4504
v 22.73061 116.5119 -13.62379
v 20.00967 113.1633 -14.02817
v 23.41958 108.9264 -11.46568
v 7.706274 28.30783 -40.9049
v 21.08285 36.94805 -34.77078
v 12.59909 122.0965 -27.34694
v -0.205613 122.7866 -33.57748
v 20.44198 106.7665 -10.12716
v 19.47028 117.8649 -13.79191
v 7.055898 38.65892 -45.44542
v 20.42841 46.34944 -40.23767
v 16.69765 152.557 -15.39491
v 48.82196 162.9424 -8.097088
v 43.14514 151.8622 -12.91483
v 7.233347 158.713 -10.29946
v 34.07608 179.3949 8.016705
v 23.52177 194.5047 13.57577
v 17.01007 151.7154 -9.514233
v 44.86146 142.1256 -18.43353
v 44.30664 157.7464 -5.483288
v 18.01669 147.0017 -18.60871
v 60.3362 161.2387 7.908363
v 56.20814 145.2405 0.172539
v 40.0645 180.2973 21.95269
v 33.03577 196.8178 32.10571
v 58.08887 133.772 -6.300917
v 53.10046 156.4453 6.740471
v 53.91111 147.651 21.01834
v 48.23439 136.5709 16.20073
v 37.96275 167.7165 30.25286
v 28.61092 179.2135 42.6913
v 49.9506 126.8344 10.68201
v 48.19341 146.0681 16.75289
v 23.89492 130.9319 25.78064
v 22.50681 135.1998 21.93248
v 14.43052 137.0879 30.87607
v 25.21385 125.3765 22.56682
v 16.69765 152.557 -15.39491
v 43.14514 151.8622 -12.91483
v 48.13594 146.897 -19.7685
v 16.80862 150.8297 -20.93375
v 36.94738 185.3685 6.132504
v 10.06805 158.9493 -15.31385
v 31.3342 192.9365 7.991837
v 56.20814 145.2405 0.172539
v 63.57849 137.8573 -5.175698
v 45.13938 186.2864 24.17224
v 42.12859 195.2389 29.52111
v 48.23439 136.5709 16.20073
v 54.09026 129.0061 14.29655
v 42.03664 170.0772 35.24796
v 37.28861 175.0457 42.05692
v 23.89492 130.9319 25.78064
v 25.22939 125.5282 27.24159
v 18.4888 133.6479 32.86158
v 7.233347 158.713 -10.29946
v 23.52177 194.5047 13.57577
v 44.86146 142.1256 -18.43353
v 18.01669 147.0017 -18.60871
v 33.03577 196.8178 32.10571
v 58.08887 133.772 -6.300917
v 28.61092 179.2135 42.6913
v 49.9506 126.8344 10.68201
v 14.43052 137.0879 30.87607
v 25.21385 125.3765 22.56682
v 36.94738 185.3685 6.132504
v 45.13938 186.2864 24.17224
v 42.03664 170.0772 35.24796
v -2.925907 114.9326 12.91931
v 1.904493 111.2781 16.76101
v 3.496694 112.9738 13.20141
v -4.081608 111.5951 17.48581
v -3.76141 91.13541 22.73671
v -0.371108 102.5076 16.78301
v 2.370991 93.43941 20.88731
v -3.58101 97.2635 20.31541
v -3.197108 111.1704 14.89871
v 4.045595 116.0316 11.35461
v 1.722893 110.9628 14.45861
v -2.531706 118.4745 10.62921
v 7.029695 109.8304 13.71661
v 5.411194 109.1754 13.19371
v 8.254494 105.59 11.82541
v 7.808795 111.3065 11.27021
v -2.925907 114.9326 12.91931
v 3.496694 112.9738 13.20141
v 4.091595 115.9827 13.24681
v -3.224707 118.6757 12.69651
v 1.387391 99.07121 21.41231
v -4.330309 96.85231 22.74201
v -4.49961 93.72101 24.21631
v 2.340592 96.18121 22.23071
v 7.029695 109.8304 13.71661
v 8.844296 110.6687 12.17831
v 8.911895 107.1846 13.06521
v -3.76141 91.13541 22.73671
v 2.370991 93.43941 20.88731
v 4.045595 116.0316 11.35461
v -2.531706 118.4745 10.62921
v 8.254494 105.59 11.82541
v 7.808795 111.3065 11.27021
v -4.330309 96.85231 22.74201
v 1.387391 99.07121 21.41231
v -12.31429 103.613 -33.96236
v -12.77442 111.8221 -29.13755
v -4.881083 47.11446 -38.80736
v -7.328898 34.65798 -35.92169
v -13.19383 120.0176 -28.39175
v -9.409546 105.7738 -30.66493
v -20.12671 109.9283 -15.65406
v -20.36674 114.654 -15.40552
v -19.84275 103.5196 -11.75896
v -12.77442 111.8221 -29.13755
v -15.23977 117.6239 -30.95168
v -7.748881 44.07845 -41.37905
v -9.655543 38.10141 -39.7785
v -20.12671 109.9283 -15.65406
v -23.37164 112.7961 -15.49119
v -23.01004 105.1842 -13.34636
v -7.328898 34.65798 -35.92169
v -13.19383 120.0176 -28.39175
v -19.84275 103.5196 -11.75896
v -20.36674 114.654 -15.40552
v -7.748881 44.07845 -41.37905
v -12.6336 154.7794 -14.11184
v -38.56847 158.0536 -9.340364
v -42.07445 169.8294 -4.120974
v -1.944908 159.4085 -9.8979
v -10.53033 197.0849 15.06534
v -23.67927 183.771 10.54307
v -12.55731 153.9557 -8.220844
v -38.1822 163.9966 -1.874893
v -42.20206 148.7223 -14.62501
v -15.04704 149.5069 -17.16239
v -51.29255 153.3858 4.875032
v -52.28033 169.7715 12.8347
v -17.94318 200.6805 34.33564
v -28.23112 185.472 24.9402
v -45.97672 163.9523 11.0745
v -55.43143 142.3733 -1.335062
v -43.35203 143.5104 20.20702
v -46.85801 155.2862 25.42641
v -15.31389 182.5417 44.61273
v -27.33264 172.664 33.10915
v -41.83554 152.8895 20.69109
v -46.98562 134.1791 14.92238
v -19.39857 134.2122 27.67451
v -8.709879 138.8412 31.88835
v -17.72384 138.248 23.69243
v -21.81199 128.9397 24.62386
v -12.6336 154.7794 -14.11184
v -44.82524 153.9404 -15.70207
v -38.56847 158.0536 -9.340364
v -13.48357 153.1249 -19.60866
v -25.77224 190.1207 8.876104
v -5.13644 160.1014 -14.64871
v -18.9448 196.7461 10.19113
v -60.12564 147.2302 0.235672
v -51.29255 153.3858 4.875032
v -32.1355 192.1414 27.55248
v -27.35966 200.504 32.56075
v -50.42192 136.9248 18.86832
v -43.35203 143.5104 20.20702
v -30.5559 175.5774 38.42346
v -24.54159 179.7305 44.7616
v -21.39861 129.0612 29.28127
v -19.39857 134.2122 27.67451
v -13.05139 136.0376 34.24123
v -1.944908 159.4085 -9.8979
v -10.53033 197.0849 15.06534
v -42.20206 148.7223 -14.62501
v -15.04704 149.5069 -17.16239
v -17.94318 200.6805 34.33564
v -55.43143 142.3733 -1.335062
v -15.31389 182.5417 44.61273
v -46.98562 134.1791 14.92238
v -8.709879 138.8412 31.88835
v -21.81199 128.9397 24.62386
v -25.77224 190.1207 8.876104
v -32.1355 192.1414 27.55248
v -30.5559 175.5774 38.42346
v -7.831208 111.85 9.513205
v -8.345309 110.2612 13.4239
v -7.950811 92.41531 17.52671
v -4.995508 102.0489 15.27741
v -6.801808 110.117 11.68311
v -7.732107 114.8631 7.520005
v -10.37231 108.104 8.050805
v -9.485209 103.83 6.049705
v -8.668308 107.7785 8.609705
v -9.824509 109.5571 5.529104
v -8.864108 114.6973 9.028605
v -7.831208 111.85 9.513205
v -8.479311 98.09231 18.19981
v -9.198211 95.03641 18.4739
v -11.06151 108.6939 5.697304
v -10.37231 108.104 8.050805
v -11.01311 105.2078 6.578005
v -7.950811 92.41531 17.52671
v -7.732107 114.8631 7.520005
v -9.485209 103.83 6.049705
v -9.824509 109.5571 5.529104
v -8.479311 98.09231 18.19981
v 41.45 118.6635 66.53642
v 37.38227 124.4245 64.1959
v 41.41475 118.7567 69.90041
v 43.47522 120.5331 63.53931
v 43.21172 116.7221 62.43465
v 46.56648 117.5842 61.74725
v 66.39455 90.93312 20.10294
v 49.9236 96.02027 48.78404
v 46.20219 94.21232 46.0634
v 64.40178 96.29191 18.01693
v 66.84391 115.4625 11.68773
v 38.85356 94.16852 52.84628
v 53.16074 107.9496 51.07381
v 38.42509 112.8947 49.7452
v 39.93155 105.4827 70.21566
v 35.15187 116.1198 70.8204
v 48.15473 111.7145 59.08868
v 38.42509 112.8947 49.7452
v 47.01029 115.2882 54.18672
v 45.14847 122.6434 64.07502
v 45.0976 124.5186 62.06442
v 46.14499 119.4443 57.68647
v 45.3895 113.0188 66.67038
v 48.15473 111.7145 59.08868
v 42.49236 110.7577 60.20704
v 46.89017 109.4931 68.55134
v 38.85356 94.16852 52.84628
v 30.83346 103.367 69.37204
v 45.3895 113.0188 66.67038
v 29.22132 112.5744 70.10711
v 28.0669 119.8976 64.32816
v 33.77456 108.5947 45.49311
v 49.9236 96.02027 48.78404
v 30.83346 103.367 69.37204
v 46.20219 94.21232 46.0634
v 49.9236 96.02027 48.78404
v 29.5008 106.5631 67.60294
v 29.22132 112.5744 70.10711
v 28.9674 113.3542 66.89241
v 29.04636 117.7766 62.4955
v 37.38227 124.4245 64.1959
v 38.33331 122.2694 62.35329
v 42.90414 114.7468 55.21492
v 46.14499 119.4443 57.68647
v 47.01029 115.2882 54.18672
v 33.77456 108.5947 45.49311
v 45.0976 124.5186 62.06442
v 42.98554 118.734 58.45128
v 42.77597 122.0699 61.54325
v 43.21172 116.7221 62.43465
v 45.14847 122.6434 64.07502
v 28.0669 119.8976 64.32816
v 43.47522 120.5331 63.53931
v 41.45 118.6635 66.53642
v 49.91673 124.8097 29.16203
v 71.53447 114.5788 21.47203
v 54.4525 123.4808 19.76645
v 45.18654 122.3572 15.93972
v 38.10773 124.3341 22.43845
v 33.77456 108.5947 45.49311
v 45.69569 109.2148 7.312659
v 58.35117 92.86131 6.934812
v 39.43337 106.6233 12.70357
v 56.02127 86.57414 10.57888
v 38.37495 106.3692 34.69812
v 51.12059 90.77819 27.62365
v 38.33331 122.2694 62.35329
v 42.49236 110.7577 60.20704
v 35.82643 21.43736 19.58371
v 30.75132 11.45107 -2.587698
v 42.14142 12.57179 5.668185
v 25.38495 10.51438 10.43044
v 26.59884 14.81705 16.56072
v 43.3553 16.87459 11.7984
v 16.22004 54.09081 19.70059
v 23.14197 51.33379 27.60415
v 18.7178 62.31857 16.78353
v 16.14452 82.14902 26.23047
v 24.47522 46.1254 30.04519
v 35.89484 48.74225 31.62142
v 24.39501 53.2626 32.84666
v 36.21035 60.74982 37.91939
v 45.00548 55.79342 26.98907
v 45.08569 48.65613 24.18757
v 39.32826 64.84929 10.92591
v 41.90757 85.31248 18.90844
v 43.75234 53.8645 21.74654
v 44.74605 57.59343 11.59332
v 27.62812 28.10902 -6.379972
v 40.58573 19.37883 3.135313
v 42.89307 15.88199 2.959015
v 29.63262 14.72813 -5.108095
v 23.82927 17.32138 7.897659
v 22.61773 13.3925 8.721346
v 24.61028 23.70415 13.40353
v 24.1548 19.07862 16.58627
v 31.23145 35.51398 9.497835
v 35.05145 26.67121 19.11835
v 41.36674 25.76159 8.641185
v 44.43013 21.56821 10.82398
v 42.14142 12.57179 5.668185
v 30.75132 11.45107 -2.587698
v 25.38495 10.51438 10.43044
v 26.59884 14.81705 16.56072
v 35.82643 21.43736 19.58371
v 43.3553 16.87459 11.7984
v 18.7178 62.31857 16.78353
v 16.14452 82.14902 26.23047
v 19.45682 73.26654 19.45628
v 30.28596 91.82053 30.49756
v 28.70174 78.77785 20.04042
v 41.90757 85.31248 18.90844
v 37.63816 75.75526 14.82633
v 39.32826 64.84929 10.92591
v 23.14197 51.33379 27.60415
v 34.56158 53.95072 29.18042
v 35.89484 48.74225 31.62142
v 24.47522 46.1254 30.04519
v 43.75234 53.8645 21.74654
v 45.08569 48.65613 24.18757
v 30.28596 91.82053 30.49756
v -3.638729 100.1203 68.03632
v -3.021717 100.5807 71.31248
v -3.206969 92.76225 66.78382
v -1.459578 99.5526 64.63696
v -1.454117 103.4492 62.13099
v -4.357503 102.0663 63.58975
v -42.58343 86.58043 22.96904
v -22.97684 94.30632 48.43124
v -26.93439 94.97627 51.3309
v -49.83066 110.3558 15.55851
v -42.16145 92.33752 21.04101
v -24.08172 114.6526 55.09633
v -20.27778 114.261 52.6255
v -33.11814 105.5411 54.19066
v -12.82667 109.6948 71.81802
v -9.182731 98.71144 73.67268
v -4.624452 108.4378 59.11333
v -3.950982 104.2154 54.66059
v -20.27778 114.261 52.6255
v 1.249012 99.12412 64.77902
v 2.101433 97.352 62.85681
v -1.23702 101.1147 58.3061
v -4.475929 106.9369 67.14796
v -9.203638 105.7223 61.53953
v -4.624452 108.4378 59.11333
v -5.379404 110.8544 68.5825
v -24.08172 114.6526 55.09633
v -21.02216 105.3322 73.14638
v -4.475929 106.9369 67.14796
v -15.98233 97.46857 74.3588
v -12.98341 90.23302 69.08803
v -14.82596 111.4834 48.06919
v -26.93439 94.97627 51.3309
v -21.02216 105.3322 73.14638
v -26.93439 94.97627 51.3309
v -22.97684 94.30632 48.43124
v -20.1939 101.7882 71.77724
v -16.20921 96.19198 71.30493
v -15.98233 97.46857 74.3588
v -13.98325 92.15149 67.05415
v -4.251731 94.68649 64.74664
v -3.206969 92.76225 66.78382
v -7.133501 102.1673 56.63232
v -1.23702 101.1147 58.3061
v -3.950982 104.2154 54.66059
v -14.82596 111.4834 48.06919
v 2.101433 97.352 62.85681
v -1.30212 97.62281 62.8801
v -3.884069 99.75524 59.79491
v -4.357503 102.0663 63.58975
v 1.249012 99.12412 64.77902
v -12.98341 90.23302 69.08803
v -1.459578 99.5526 64.63696
v -3.638729 100.1203 68.03632
v -35.30676 123.3221 32.88432
v -39.69378 121.1255 23.58136
v -53.73418 107.9579 25.43405
v -24.06462 126.207 25.80081
v -30.61758 122.6215 19.44035
v -14.82596 111.4834 48.06919
v -27.97119 110.0873 10.31351
v -35.85757 90.9793 9.656473
v -21.04058 109.0879 15.40875
v -31.80767 85.42812 12.97571
v -19.09296 108.4486 37.33458
v -27.52985 90.2571 30.02254
v -4.251731 94.68649 64.74664
v -9.203638 105.7223 61.53953
v -31.00531 15.50492 -15.19564
v -38.21096 14.81494 -31.31152
v -27.52307 18.94483 -39.54912
v -21.0649 11.70837 -29.29861
v -21.882 12.08036 -21.76463
v -39.02804 15.18684 -23.77753
v -12.37205 44.52047 0.977467
v -15.33208 52.86938 2.972156
v -18.53084 37.58017 6.623861
v -12.53105 64.96146 21.27652
v -19.51064 31.78782 6.030011
v -19.39516 36.39563 12.15782
v -30.82709 32.41782 9.388762
v -30.94924 39.31136 21.06804
v -40.48489 40.21664 9.681986
v -40.60036 35.60884 3.554176
v -38.89326 69.73773 18.1817
v -36.42181 56.6904 0.496321
v -39.62056 41.40118 4.148023
v -41.56145 49.80894 -2.449196
v -25.19107 35.29559 -34.17892
v -39.27778 18.99333 -31.82629
v -37.06182 22.02894 -29.96706
v -26.71005 23.12269 -40.02679
v -19.91567 18.92247 -27.95416
v -18.53097 15.23439 -29.3907
v -20.41144 21.41774 -19.87997
v -19.56354 15.8539 -19.6387
v -27.66089 33.04946 -16.60679
v -30.41755 20.2489 -12.88058
v -37.5576 24.5243 -21.89288
v -40.31036 19.61282 -22.0743
v -38.21096 14.81494 -31.31152
v -27.52307 18.94483 -39.54912
v -21.0649 11.70837 -29.29861
v -21.882 12.08036 -21.76463
v -31.00531 15.50492 -15.19564
v -39.02804 15.18684 -23.77753
v -15.33208 52.86938 2.972156
v -15.89902 61.02303 9.307322
v -12.53105 64.96146 21.27652
v -24.97803 65.48057 13.0336
v -26.5301 69.99767 30.78375
v -34.48509 64.3747 8.076052
v -38.89326 69.73773 18.1817
v -36.42181 56.6904 0.496321
v -18.53084 37.58017 6.623861
v -30.82709 32.41782 9.388762
v -29.8474 38.21016 9.982508
v -19.51064 31.78782 6.030011
v -40.60036 35.60884 3.554176
v -39.62056 41.40118 4.148023
v -26.5301 69.99767 30.78375
vn 0.056871 0.415673 -0.907734
vn 0.490214 0.249414 -0.835155
vn 0.554515 -0.097902 -0.826395
vn -0.51566 -0.422581 0.745332
vn -0.540255 -0.415808 0.731593
vn -0.713336 -0.402582 0.573654
vn -0.345554 -0.643079 0.683404
vn -0.468143 -0.665861 0.580923
vn -0.650228 -0.450184 0.611996
vn -0.583063 -0.751938 0.307615
vn 0.946272 -0.034059 -0.321575
vn 0.847089 -0.454699 -0.275116
vn -0.950759 -0.261663 0.166104
vn -0.994007 -0.095966 -0.052348
vn -0.958812 -0.072791 0.274555
vn -0.999253 -0.030278 -0.024028
vn 0.841257 -0.407955 0.354766
vn 0.665314 -0.687981 0.289896
vn -0.872908 0.190578 -0.449123
vn -0.79275 0.370514 -0.484011
vn -0.883674 0.23685 -0.40376
vn -0.741398 0.167398 -0.649852
vn 0.488903 -0.531738 0.691541
vn -0.67183 0.247055 -0.69829
vn -0.859761 0.202491 -0.468838
vn -0.665479 -0.024219 -0.746024
vn 0.5206 0.708186 -0.476916
vn 0.643422 0.722271 -0.253641
vn 0.458814 0.205835 -0.864362
vn -0.435546 -0.01761 -0.899994
vn 0.56989 0.319052 -0.757253
vn 0.013641 0.55486 -0.831832
vn 0.317913 0.786148 -0.530002
vn 0.901687 0.379111 0.20793
vn 0.919428 -0.261483 -0.293732
vn 0.959449 0.20216 -0.196439
vn 0.841008 0.520036 0.149223
vn 0.690487 0.25348 0.677477
vn 0.710492 -0.609821 0.35117
vn 0.905467 -0.23084 0.356151
vn 0.682682 -0.057092 0.728482
vn 0.7982 -0.154891 0.582139
vn 0.4751 -0.347986 0.808199
vn -0.159496 -0.399978 0.90254
vn -0.873603 0.321071 -0.365693
vn 0.10075 0.968884 -0.226083
vn -0.125023 -0.566461 -0.81455
vn -0.694694 -0.483881 -0.532221
vn 0.520547 0.686549 0.507624
vn 0.305284 -0.749445 -0.587481
vn 0.04813 0.202791 0.978039
vn 0.267263 -0.957047 -0.11239
vn -0.778736 -0.207735 0.59196
vn -0.52657 -0.848353 0.054973
vn 0.638661 0.516623 -0.570275
vn 0.981488 0.155286 0.112104
vn 0.785986 -0.225448 0.575672
vn -0.072322 0.425474 -0.902076
vn -0.632594 -0.007922 -0.774443
vn -0.517773 0.325767 -0.791067
vn 0.508987 -0.500257 0.700482
vn 0.691801 -0.50906 0.512123
vn 0.533027 -0.497099 0.684671
vn 0.302959 -0.692194 0.655044
vn 0.625768 -0.546853 0.556208
vn 0.411326 -0.732475 0.542487
vn 0.487843 -0.833067 0.260785
vn -0.926479 -0.32033 -0.19755
vn -0.964942 0.110752 -0.237952
vn 0.959922 -0.244029 -0.137837
vn 0.911376 -0.402763 0.084709
vn 0.977428 -0.180055 -0.110523
vn 0.957151 -0.217934 0.190701
vn -0.733538 -0.581925 0.35112
vn -0.859017 -0.279113 0.429169
vn 0.794413 0.250272 -0.553418
vn 0.849297 0.060106 -0.524483
vn 0.698927 0.058274 -0.712815
vn 0.870832 0.103894 -0.480477
vn -0.501432 -0.45663 0.734884
vn 0.836425 0.073981 -0.543066
vn 0.638172 0.147794 -0.755575
vn 0.587 -0.119054 -0.800785
vn -0.447605 0.781524 -0.434592
vn -0.495958 0.278232 -0.822565
vn -0.547027 0.812496 -0.201524
vn 0.348138 -0.077039 -0.934272
vn -0.578957 0.406068 -0.707049
vn -0.002311 0.55609 -0.831119
vn -0.240937 0.828496 -0.505514
vn -0.970293 -0.118318 -0.211028
vn -0.812879 0.509053 0.283008
vn -0.931545 0.345398 -0.113685
vn -0.737068 0.63962 0.218215
vn -0.760921 -0.498334 0.415526
vn -0.583086 0.35002 0.733141
vn -0.895493 -0.094446 0.434939
vn -0.617658 0.041488 0.785352
vn -0.449996 -0.277943 0.848676
vn -0.758816 -0.037013 0.650252
vn 0.175327 -0.425344 0.887887
vn 0.876886 0.18836 -0.442257
vn 0.026821 0.974493 -0.222808
vn -0.032768 -0.57345 -0.818585
vn 0.565108 -0.579388 -0.587335
vn -0.365349 0.753666 0.546359
vn -0.464362 -0.691154 -0.553781
vn 0.068012 0.201351 0.977155
vn -0.416916 -0.905192 -0.082518
vn 0.787087 -0.326378 0.523423
vn 0.395702 -0.918263 0.014598
vn -0.600766 0.61052 -0.516088
vn -0.933518 0.300299 0.195868
vn -0.758002 -0.108394 0.643183
vn 0.000649 0.442392 -0.896822
vn 0.644347 0.458713 -0.611882
vn 0.572141 0.297108 -0.764449
vn 0.020273 0.236066 -0.971526
vn -0.047399 0.088089 0.994984
vn -0.830408 -0.046226 0.555235
vn -0.553969 -0.087122 0.827966
vn -0.037951 -0.030704 0.998808
vn -0.031742 -0.105525 0.99391
vn -0.666432 -0.114218 0.736765
vn -0.60897 -0.073705 0.789761
vn -0.035127 -0.06506 0.997263
vn 0.906937 0.241632 -0.345079
vn -0.992274 -0.049323 0.113837
vn -0.906728 -0.090274 0.41194
vn 0.067283 -0.369661 -0.926727
vn 0.681839 0.381766 -0.623979
vn 0.692966 -0.430982 -0.577974
vn -0.01137 0.55814 -0.829669
vn 0.560469 0.058327 -0.826119
vn 0.065545 -0.341449 -0.937612
vn 0.040981 -0.005813 -0.999143
vn 0.838192 -0.228269 -0.495305
vn 0.955613 0.033488 -0.292717
vn 0.743292 -0.087404 -0.663233
vn 0.880675 0.062119 0.469631
vn 0.089727 -0.868877 -0.486829
vn 0.838638 -0.446456 0.312032
vn 0.389643 0.847731 -0.359904
vn -0.041963 0.812744 -0.581108
vn 0.393762 0.026587 0.918828
vn 0.377406 0.722987 0.578665
vn 0.030953 0.114604 -0.992929
vn 0.690408 0.152986 -0.707058
vn 0.056501 0.451069 -0.890699
vn 0.45422 0.392767 -0.799636
vn 0.592653 0.122445 -0.796097
vn -0.394114 -0.559248 0.729326
vn -0.43411 -0.552812 0.7113
vn -0.574864 -0.582708 0.574442
vn -0.22221 -0.678678 0.700014
vn -0.319246 -0.714199 0.622898
vn -0.522425 -0.591812 0.613865
vn -0.37424 -0.839603 0.393714
vn 0.939007 0.216217 -0.267425
vn 0.955895 -0.257246 -0.141739
vn -0.85694 -0.500925 0.121359
vn -0.931756 -0.304601 -0.197607
vn -0.919318 -0.325745 0.220782
vn -0.955077 -0.239684 -0.174298
vn 0.794116 -0.264885 0.547007
vn 0.67977 -0.556152 0.47813
vn -0.767868 0.056803 -0.638085
vn -0.686753 0.250875 -0.682226
vn -0.794686 0.112747 -0.596459
vn -0.592477 0.102669 -0.799019
vn 0.380298 -0.453078 0.806284
vn -0.509721 0.184777 -0.840263
vn -0.731111 0.081474 -0.677376
vn -0.473217 -0.041206 -0.879982
vn 0.334707 0.781514 -0.526505
vn 0.446667 0.836248 -0.318085
vn 0.407966 0.336254 -0.848821
vn -0.27327 0.007482 -0.961908
vn 0.466942 0.490866 -0.735538
vn -0.056202 0.544815 -0.836671
vn 0.16382 0.791373 -0.588976
vn 0.759529 0.562779 0.326184
vn 0.978363 -0.037166 -0.203531
vn 0.882296 0.446413 -0.14923
vn 0.682863 0.697548 0.217085
vn 0.483801 0.277772 0.829928
vn 0.6822 -0.47016 0.559957
vn 0.82254 -0.082713 0.56266
vn 0.498583 -0.012301 0.866755
vn 0.637894 -0.060016 0.767782
vn 0.322444 -0.340981 0.883041
vn -0.143135 -0.481942 0.864433
vn -0.807268 0.141336 -0.573011
vn -0.056984 0.928646 -0.366565
vn 0.106702 -0.448062 -0.887612
vn -0.492717 -0.560056 -0.666009
vn 0.283289 0.745532 0.603265
vn 0.534936 -0.621668 -0.572165
vn -0.089231 0.059115 0.994255
vn 0.465614 -0.88317 0.056685
vn -0.673359 -0.460608 0.578298
vn -0.313796 -0.938256 0.145629
vn 0.494773 0.649401 -0.577475
vn 0.898572 0.35557 0.257174
vn 0.665532 -0.115472 0.737383
vn -0.237215 0.850454 0.469529
vn 0.287191 0.576483 0.764977
vn 0.377002 0.759304 0.530403
vn -0.3009 0.599699 0.741499
vn 0.31931 -0.401213 -0.858527
vn -0.250703 -0.323504 -0.912411
vn -0.284011 -0.382015 -0.879433
vn 0.321093 -0.353793 -0.878482
vn 0.319502 -0.396802 -0.860504
vn -0.207297 -0.442293 -0.872586
vn -0.293308 -0.304209 -0.906326
vn 0.312508 -0.500413 -0.80742
vn 0.543917 0.483815 0.685622
vn -0.42789 -0.251694 -0.868079
vn -0.6001 -0.1783 -0.779801
vn -0.472206 -0.245503 -0.846611
vn -0.309591 -0.0002 0.95087
vn 0.177708 0.175308 0.968343
vn 0.472401 0.562801 0.678301
vn -0.204392 0.914567 0.348987
vn 0.210505 0.376409 0.902222
vn -0.318495 0.417794 0.850887
vn -0.316794 0.097398 0.943481
vn 0.529194 -0.0042 0.848491
vn 0.503586 0.35179 0.789078
vn 0.788117 0.394708 0.47231
vn 0.985265 -0.067398 0.157195
vn -0.209108 -0.548721 0.809431
vn 0.805014 -0.365607 0.467209
vn 0.507406 0.861609 0.013
vn -0.060402 0.991328 -0.116703
vn 0.949175 -0.206895 -0.237193
vn 0.831485 0.320194 -0.453992
vn -0.321608 0.332908 0.88642
vn 0.323887 0.324887 0.888564
vn -0.548973 0.206721 -0.809873
vn -0.658127 0.353722 -0.664642
vn 0.492441 -0.002699 0.870342
vn 0.779744 0.083608 0.620491
vn 0.547463 0.019548 0.836602
vn 0.614733 -0.011007 0.788658
vn -0.903237 0.095642 -0.418349
vn 0.873421 0.053223 0.484048
vn 0.975001 0.109217 0.193505
vn -0.566431 -0.532516 -0.628954
vn -0.681744 0.271881 -0.679195
vn -0.494312 -0.026655 -0.868876
vn -0.748301 -0.356166 -0.559635
vn -0.664055 -0.200846 -0.720203
vn -0.922032 -0.117873 -0.368732
vn -0.914111 -0.082611 0.39696
vn -0.77878 -0.576856 0.246451
vn -0.489978 0.776865 -0.395477
vn -0.465456 -0.042699 0.884041
vn -0.533466 0.649591 0.541707
vn -0.64687 0.045246 -0.761257
vn -0.065146 0.46028 -0.88538
vn -0.634346 0.215402 -0.742433
vn -0.457642 0.46188 -0.759757
vn 0.367301 -0.616943 0.69604
vn 0.528394 -0.666298 0.526162
vn 0.406125 -0.616531 0.674501
vn 0.177496 -0.708992 0.682514
vn 0.478807 -0.667668 0.570055
vn 0.26102 -0.758191 0.597508
vn 0.276441 -0.888917 0.365249
vn -0.992367 -0.109616 -0.056496
vn -0.915418 0.356798 -0.186296
vn 0.854642 -0.439969 -0.275706
vn 0.779121 -0.624897 0.049737
vn 0.889399 -0.379453 -0.25492
vn 0.875544 -0.461731 0.142223
vn -0.711585 -0.450729 0.538971
vn -0.774401 -0.145979 0.615625
vn 0.654736 0.149148 -0.740997
vn 0.709347 -0.055209 -0.702694
vn 0.52955 0.017613 -0.848096
vn 0.747808 -0.00411 -0.663903
vn -0.372667 -0.39599 0.839233
vn 0.673408 -0.024903 -0.738852
vn 0.456817 0.111624 -0.88253
vn 0.383374 -0.10609 -0.91748
vn -0.257786 0.826436 -0.50055
vn -0.424873 0.399396 -0.812383
vn -0.341703 0.895999 -0.283593
vn 0.18669 -0.027357 -0.982038
vn -0.449888 0.56032 -0.695444
vn 0.064622 0.535689 -0.841939
vn -0.093546 0.81087 -0.577702
vn -0.986768 0.111682 -0.11754
vn -0.635018 0.668463 0.387181
vn -0.814747 0.574942 -0.07503
vn -0.548724 0.790892 0.270912
vn -0.693905 -0.365854 0.620199
vn -0.362622 0.341916 0.866948
vn -0.773611 0.038252 0.632506
vn -0.417645 0.057087 0.906815
vn -0.292107 -0.294442 0.909933
vn -0.570577 0.031587 0.820636
vn 0.14352 -0.5037 0.851873
vn 0.76655 0.022122 -0.641803
vn 0.163945 0.911883 -0.376287
vn -0.249536 -0.421064 -0.872031
vn 0.343182 -0.623336 -0.702622
vn -0.114478 0.775657 0.620686
vn -0.669988 -0.530331 -0.519485
vn 0.183138 0.03843 0.982336
vn -0.586431 -0.803458 0.102738
vn 0.644055 -0.560454 0.520657
vn 0.18053 -0.97572 0.124017
vn -0.439784 0.720173 -0.536602
vn -0.809168 0.484943 0.331781
vn -0.608765 -0.018951 0.793124
vn -0.74327 0.648174 0.165593
vn -0.77646 0.470976 0.418678
vn 0.80619 -0.273797 -0.524493
vn 0.788578 -0.220394 -0.574083
vn 0.815379 -0.194195 -0.545386
vn 0.752116 -0.347108 -0.560212
vn -0.917108 0.338903 0.209901
vn 0.962272 -0.0233 -0.271092
vn 0.890412 -0.120902 -0.438805
vn 0.911898 -0.1082 -0.395899
vn -0.870208 0.429604 0.241202
vn -0.73709 0.084499 0.670491
vn -0.760204 0.280102 0.586203
vn -0.913719 -0.147303 0.378707
vn -0.970274 0.220294 -0.100198
vn -0.922056 0.21039 0.324884
vn -0.860466 -0.25049 -0.443682
vn -0.845524 -0.529315 -0.070102
vn -0.562819 0.755425 -0.335511
vn -0.576893 -0.358196 -0.734091
vn -0.450804 0.193002 -0.871508
vn -0.832939 0.21011 0.511924
vn 0.526221 0.472651 -0.70689
vn 0.17173 0.976716 -0.128588
vn 0.655887 0.384434 0.649634
vn -0.408133 -0.088246 0.908648
vn -0.716253 -0.20033 0.668469
vn 0.706933 -0.129598 0.695306
vn 0.698612 -0.712971 -0.060119
vn 0.644148 -0.591175 0.485372
vn -0.298565 -0.950216 -0.089157
vn 0.735456 -0.392699 -0.552171
vn 0.891811 0.42628 -0.151524
vn 0.310092 -0.793674 0.523378
vn 0.646868 0.267733 0.714059
vn -0.110034 0.941477 0.318612
vn 0.306821 -0.686899 0.65881
vn -0.007619 0.053753 0.998525
vn 0.942033 0.296191 0.157624
vn -0.110034 0.941477 0.318612
vn 0.607245 0.567437 -0.55612
vn -0.104726 0.336831 0.935723
vn 0.214342 0.920417 -0.32694
vn 0.51389 0.630235 -0.581998
vn 0.387183 0.912353 -0.133045
vn 0.942033 0.296191 0.157624
vn -0.725097 0.595638 0.345615
vn 0.90584 -0.237782 0.35059
vn 0.310092 -0.793674 0.523378
vn -0.658613 -0.594388 0.461446
vn 0.387183 0.912353 -0.133045
vn -0.732938 -0.122831 0.669115
vn -0.777403 0.609557 0.155196
vn -0.876786 -0.05005 -0.47827
vn 0.644148 -0.591175 0.485372
vn -0.658613 -0.594388 0.461446
vn -0.298565 -0.950216 -0.089157
vn 0.644148 -0.591175 0.485372
vn -0.747783 0.616868 -0.24555
vn -0.732938 -0.122831 0.669115
vn -0.752551 -0.033657 -0.657674
vn -0.634363 0.016578 -0.772858
vn 0.17173 0.976716 -0.128588
vn 0.400608 -0.035017 -0.91558
vn -0.612887 0.664721 -0.427217
vn 0.51389 0.630235 -0.581998
vn 0.607245 0.567437 -0.55612
vn -0.876786 -0.05005 -0.47827
vn 0.214342 0.920417 -0.32694
vn -0.828053 0.370877 -0.420451
vn -0.920355 0.346374 0.181584
vn -0.716253 -0.20033 0.668469
vn -0.104726 0.336831 0.935723
vn -0.777403 0.609557 0.155196
vn -0.408133 -0.088246 0.908648
vn 0.526221 0.472651 -0.70689
vn 0.174673 0.961844 0.210584
vn 0.827523 0.548061 0.121801
vn 0.295774 0.954606 0.035275
vn -0.398242 0.848608 -0.348235
vn -0.785533 0.562583 -0.257757
vn -0.876786 -0.05005 -0.47827
vn -0.817038 -0.042497 -0.575016
vn -0.014497 -0.636481 -0.771156
vn -0.800977 -0.245331 -0.546121
vn -0.109737 -0.865016 -0.489597
vn -0.865422 -0.482126 -0.136382
vn -0.386883 -0.917589 0.091392
vn 0.400608 -0.035017 -0.91558
vn -0.725097 0.595638 0.345615
vn 0.361886 -0.564272 0.742048
vn -0.103928 -0.966348 -0.23531
vn 0.526957 -0.842281 -0.113485
vn -0.302628 -0.881683 0.362012
vn -0.262541 -0.397063 0.879439
vn 0.83783 -0.400456 0.371046
vn -0.988618 0.086761 0.122911
vn -0.721054 -0.414207 0.55544
vn -0.98549 0.165875 -0.035987
vn -0.843182 -0.111674 0.525902
vn -0.611245 -0.295082 0.734375
vn 0.295683 -0.398245 0.868316
vn -0.551368 -0.17672 0.81533
vn 0.286382 -0.137964 0.94813
vn 0.957864 0.018728 0.286613
vn 0.951351 -0.103277 0.290284
vn 0.784006 0.147493 -0.602976
vn 0.975407 0.147242 0.164018
vn 0.979987 -0.174831 0.095182
vn 0.869728 0.243696 -0.429169
vn 0.028292 -0.173551 -0.984419
vn 0.783514 0.227604 -0.578189
vn 0.86112 -0.021902 -0.50793
vn -0.249866 -0.39751 -0.882923
vn -0.958441 -0.14059 -0.248245
vn -0.961868 -0.229446 -0.148877
vn -0.878363 0.295655 0.375588
vn -0.741123 0.039518 0.670205
vn 0.131777 0.194495 0.972012
vn 0.224358 0.427476 0.875744
vn 0.88328 0.4682 0.02462
vn 0.945105 0.29114 0.148375
vn 0.526957 -0.842281 -0.113485
vn -0.103928 -0.966348 -0.23531
vn -0.302628 -0.881683 0.362012
vn -0.262541 -0.397063 0.879439
vn 0.361886 -0.564272 0.742048
vn 0.83783 -0.400456 0.371046
vn 0.124388 0.439815 -0.889433
vn 0.066538 0.417447 -0.906262
vn 0.060692 0.157459 -0.985659
vn -0.297282 0.394934 -0.869282
vn -0.261923 0.126674 -0.956739
vn -0.609309 0.337882 -0.717341
vn -0.543043 0.073438 -0.836488
vn -0.648362 0.346191 -0.67807
vn 0.20973 -0.370348 -0.904906
vn -0.327539 -0.468436 -0.82054
vn -0.050381 -0.434347 -0.899336
vn 0.20973 -0.370348 -0.904906
vn -0.559412 -0.464841 -0.686281
vn -0.559412 -0.464841 -0.686281
vn 0.237582 0.242548 0.940599
vn 0.504448 0.14238 -0.851622
vn 0.869839 0.112128 0.480425
vn 0.763667 -0.635279 -0.115037
vn -0.199665 -0.045078 0.978827
vn 0.551678 0.663458 0.505445
vn -0.540504 -0.197249 0.817893
vn -0.48703 -0.870746 -0.067854
vn 0.535449 -0.833564 -0.135887
vn -0.445454 -0.755657 0.48016
vn -0.973375 0.198815 -0.114078
vn -0.633656 -0.526303 -0.566996
vn -0.206334 0.880607 0.426565
vn -0.130411 0.926654 0.352571
vn -0.666189 0.064258 0.74301
vn 0.069412 0.509164 0.857866
vn 0.279351 -0.241367 0.929357
vn 0.911615 0.405276 -0.068628
vn 0.722384 -0.129798 -0.679201
vn -0.130411 0.926654 0.352571
vn 0.307369 -0.166151 0.936973
vn 0.707466 -0.608438 -0.359576
vn 0.690988 -0.240948 -0.681528
vn 0.865 -0.367762 -0.341358
vn -0.077634 -0.854091 0.514298
vn 0.911615 0.405276 -0.068628
vn 0.643506 0.730975 0.227101
vn -0.206334 0.880607 0.426565
vn -0.725845 -0.004197 0.687846
vn 0.865 -0.367762 -0.341358
vn -0.469351 -0.401594 0.786404
vn -0.154819 -0.90786 0.389643
vn 0.83938 0.199328 -0.505677
vn -0.445454 -0.755657 0.48016
vn -0.725845 -0.004197 0.687846
vn -0.445454 -0.755657 0.48016
vn 0.535449 -0.833564 -0.135887
vn -0.386435 -0.877012 -0.285513
vn -0.916355 -0.185626 -0.354733
vn -0.469351 -0.401594 0.786404
vn -0.56986 -0.617746 -0.541894
vn 0.097361 0.190084 -0.976929
vn 0.763667 -0.635279 -0.115037
vn -0.083574 -0.961365 -0.262284
vn 0.690988 -0.240948 -0.681528
vn 0.722384 -0.129798 -0.679201
vn 0.83938 0.199328 -0.505677
vn 0.707466 -0.608438 -0.359576
vn -0.413155 -0.818546 0.399106
vn -0.433629 -0.876906 -0.207371
vn -0.540504 -0.197249 0.817893
vn 0.307369 -0.166151 0.936973
vn -0.154819 -0.90786 0.389643
vn -0.199665 -0.045078 0.978827
vn 0.504448 0.14238 -0.851622
vn -0.414407 0.873928 0.254
vn -0.535031 0.840799 0.082462
vn -0.937558 0.304529 0.168068
vn 0.598152 0.758649 -0.258197
vn 0.141005 0.923598 -0.356489
vn 0.83938 0.199328 -0.505677
vn 0.776826 0.20637 -0.59494
vn 0.138143 -0.567793 -0.811497
vn 0.815361 -0.00682 -0.578913
vn 0.315203 -0.789344 -0.526861
vn 0.956078 -0.230474 -0.181098
vn 0.618989 -0.784217 0.043086
vn 0.097361 0.190084 -0.976929
vn -0.077634 -0.854091 0.514298
vn -0.282874 -0.891726 0.35328
vn -0.510968 -0.692143 -0.509756
vn 0.110748 -0.691383 -0.71395
vn 0.356162 -0.918117 -0.17381
vn 0.345954 -0.779304 0.522495
vn -0.792501 -0.590788 0.151367
vn 0.99263 0.07626 0.094183
vn 0.972953 0.230971 0.003883
vn 0.776154 -0.593608 0.212638
vn 0.886931 -0.312841 0.339829
vn 0.678352 -0.593316 0.433376
vn 0.622186 -0.539048 0.567725
vn -0.210997 -0.81215 0.543961
vn -0.202286 -0.632017 0.748087
vn -0.930758 -0.198462 0.307087
vn -0.920579 -0.303628 0.24565
vn -0.962 -0.026324 0.271779
vn -0.832695 0.395267 -0.387793
vn -0.963379 -0.264487 0.044145
vn -0.908952 0.372697 -0.186823
vn -0.105511 0.365016 -0.925003
vn -0.899592 0.188628 -0.393895
vn -0.835087 0.442637 -0.326652
vn 0.186213 0.140342 -0.972435
vn 0.937937 0.074848 -0.338632
vn 0.952078 -0.052322 -0.301347
vn 0.898094 0.114359 0.424675
vn 0.793111 -0.266617 0.547623
vn -0.055546 -0.351467 0.934551
vn -0.162259 -0.10945 0.980659
vn -0.890773 0.325553 0.317081
vn -0.937132 0.106092 0.332457
vn -0.510968 -0.692143 -0.509756
vn 0.110748 -0.691383 -0.71395
vn 0.356162 -0.918117 -0.17381
vn 0.345954 -0.779304 0.522495
vn -0.282874 -0.891726 0.35328
vn -0.792501 -0.590788 0.151367
vn -0.299698 0.816459 -0.493534
vn -0.229925 0.487632 -0.842229
vn -0.209525 0.810669 -0.546732
vn 0.140282 0.443873 -0.885041
vn 0.213772 0.79265 -0.570971
vn 0.472347 0.361167 -0.804019
vn 0.580605 0.675194 -0.454984
vn 0.64688 0.654035 -0.392154
vn -0.274178 0.143822 -0.950864
vn -0.012786 0.104079 -0.994487
vn 0.270817 0.052695 -0.961188
vn -0.274178 0.143822 -0.950864
vn 0.512865 0.001246 -0.858468
vn 0.512865 0.001246 -0.858468
vn -0.164831 -0.30136 0.939155
vt 0.0818 0.5234
vt 0.2678 0.5851
vt 0.2366 0.5225
vt 0.2714 0.8437
vt 0.325 0.8787
vt 0.3173 0.8495
vt 0.2831 0.8655
vt 0.3182 0.9257
vt 0.3274 0.913
vt 0.2803 0.8725
vt 0.3445 0.6036
vt 0.3742 0.5233
vt 0.3378 0.8855
vt 0.3372 0.8609
vt 0.3373 0.9514
vt 0.343 0.9267
vt 0.2671 0.5852
vt 0.2359 0.5225
vt 0.3235 0.8778
vt 0.3177 0.8506
vt 0.3186 0.9269
vt 0.3259 0.912
vt 0.0826 0.5229
vt 0.2842 0.8674
vt 0.2753 0.8485
vt 0.2841 0.8773
vt 0.0818 0.5234
vt 0.2366 0.5225
vt 0.2481 0.5124
vt 0.0662 0.5199
vt 0.1811 0.6601
vt 0.0246 0.5441
vt 0.1538 0.687
vt 0.3742 0.5233
vt 0.3843 0.5117
vt 0.2361 0.7147
vt 0.2047 0.7421
vt 0.2359 0.5225
vt 0.2526 0.513
vt 0.1804 0.6602
vt 0.1583 0.6876
vt 0.0826 0.5229
vt 0.0744 0.5201
vt 0.0327 0.5443
vt 0.0205 0.541
vt 0.1113 0.7199
vt 0.2265 0.4978
vt 0.0669 0.5064
vt 0.1274 0.7411
vt 0.3492 0.4992
vt 0.1106 0.7199
vt 0.2257 0.4979
vt 0.0212 0.5405
vt 0.0677 0.5059
vt 0.1811 0.6601
vt 0.2361 0.7147
vt 0.1804 0.6602
vt 0.0818 0.5234
vt 0.2366 0.5225
vt 0.2678 0.5851
vt 0.2714 0.8437
vt 0.3173 0.8495
vt 0.325 0.8787
vt 0.2831 0.8655
vt 0.3274 0.913
vt 0.3182 0.9257
vt 0.2803 0.8725
vt 0.3742 0.5233
vt 0.3445 0.6036
vt 0.3372 0.8609
vt 0.3378 0.8855
vt 0.343 0.9267
vt 0.3373 0.9514
vt 0.2359 0.5225
vt 0.2671 0.5852
vt 0.3177 0.8506
vt 0.3235 0.8778
vt 0.3259 0.912
vt 0.3186 0.9269
vt 0.0826 0.5229
vt 0.2753 0.8485
vt 0.2842 0.8674
vt 0.2841 0.8773
vt 0.0818 0.5234
vt 0.2481 0.5124
vt 0.2366 0.5225
vt 0.0662 0.5199
vt 0.1811 0.6601
vt 0.0246 0.5441
vt 0.1538 0.687
vt 0.3843 0.5117
vt 0.3742 0.5233
vt 0.2361 0.7147
vt 0.2047 0.7421
vt 0.2526 0.513
vt 0.2359 0.5225
vt 0.1804 0.6602
vt 0.1583 0.6876
vt 0.0744 0.5201
vt 0.0826 0.5229
vt 0.0327 0.5443
vt 0.0205 0.541
vt 0.1113 0.7199
vt 0.2265 0.4978
vt 0.0669 0.5064
vt 0.1274 0.7411
vt 0.3492 0.4992
vt 0.1106 0.7199
vt 0.2257 0.4979
vt 0.0212 0.5405
vt 0.0677 0.5059
vt 0.1811 0.6601
vt 0.2361 0.7147
vt 0.1804 0.6602
vt 0.995 0.366
vt 0.8868 0.367
vt 0.8835 0.33
vt 0.995 0.3108
vt 0.2707 0.9567
vt 0.3209 0.9476
vt 0.3091 0.9339
vt 0.2693 0.9403
vt 0.2701 0.8699
vt 0.3072 0.866
vt 0.3163 0.8492
vt 0.2679 0.8478
vt 0.8293 0.3665
vt 0.3422 0.8657
vt 0.3414 0.8534
vt 0.995 0.366
vt 0.8843 0.387
vt 0.8868 0.367
vt 0.9951 0.3925
vt 0.8791 0.0597
vt 0.995 -0.0034
vt 0.995 0.0298
vt 0.8469 0.0345
vt 0.8061 0.374
vt 0.8293 0.3665
vt 0.7901 0.3471
vt 0.995 -0.013
vt 0.8781 0.0214
vt 0.889 0.3994
vt 0.9951 0.4046
vt 0.8287 0.3405
vt 0.8306 0.3868
vt 0.995 0.0298
vt 0.8791 0.0597
vt 0.1247 0.0596
vt 0.5434 0.1744
vt 0.5515 0.0593
vt 0.2714 0.8437
vt 0.325 0.8787
vt 0.3173 0.8495
vt 0.2831 0.8655
vt 0.3182 0.9257
vt 0.3274 0.913
vt 0.2803 0.8725
vt 0.6469 0.2167
vt 0.6743 0.0664
vt 0.3378 0.8855
vt 0.3372 0.8609
vt 0.3373 0.9514
vt 0.343 0.9267
vt 0.5426 0.1765
vt 0.5507 0.0614
vt 0.3235 0.8778
vt 0.3177 0.8506
vt 0.3186 0.9269
vt 0.3259 0.912
vt 0.1236 0.0626
vt 0.2842 0.8674
vt 0.2753 0.8485
vt 0.2841 0.8773
vt 0.1247 0.0596
vt 0.5515 0.0593
vt 0.5556 0.0311
vt 0.1622 0.037
vt 0.3553 0.3434
vt 0.0645 0.0827
vt 0.3041 0.3873
vt 0.6743 0.0664
vt 0.7136 0.0305
vt 0.4186 0.411
vt 0.3607 0.4657
vt 0.5507 0.0614
vt 0.5546 0.0336
vt 0.3544 0.3455
vt 0.3032 0.3898
vt 0.1236 0.0626
vt 0.1608 0.0405
vt 0.0632 0.0863
vt 0.0019 0.0813
vt 0.1827 0.4171
vt 0.5184 0.0146
vt 0.1171 0.0139
vt 0.2003 0.4677
vt 0.6612 0.0123
vt 0.1819 0.4193
vt 0.5176 0.0167
vt 0.0008 0.0844
vt 0.116 0.0169
vt 0.3553 0.3434
vt 0.4186 0.411
vt 0.3544 0.3455
vt 0.3742 0.5233
vt 0.2671 0.5852
vt 0.2359 0.5225
vt 0.3445 0.6036
vt 0.3372 0.8609
vt 0.3235 0.8778
vt 0.3177 0.8506
vt 0.3378 0.8855
vt 0.343 0.9267
vt 0.3186 0.9269
vt 0.3259 0.912
vt 0.3373 0.9514
vt 0.0826 0.5229
vt 0.2842 0.8674
vt 0.2753 0.8485
vt 0.2841 0.8773
vt 0.3742 0.5233
vt 0.2359 0.5225
vt 0.2526 0.513
vt 0.3843 0.5117
vt 0.1804 0.6602
vt 0.2361 0.7147
vt 0.2047 0.7421
vt 0.1583 0.6876
vt 0.0826 0.5229
vt 0.0744 0.5201
vt 0.0327 0.5443
vt 0.1274 0.7411
vt 0.1106 0.7199
vt 0.2257 0.4979
vt 0.3492 0.4992
vt 0.0212 0.5405
vt 0.0677 0.5059
vt 0.2361 0.7147
vt 0.1804 0.6602
vt 0.8835 0.33
vt 0.8868 0.367
vt 0.3091 0.9339
vt 0.3209 0.9476
vt 0.3163 0.8492
vt 0.3072 0.866
vt 0.8293 0.3665
vt 0.3414 0.8534
vt 0.3422 0.8657
vt 0.8868 0.367
vt 0.8843 0.387
vt 0.8791 0.0597
vt 0.8469 0.0345
vt 0.8293 0.3665
vt 0.8061 0.374
vt 0.7901 0.3471
vt 0.8781 0.0214
vt 0.889 0.3994
vt 0.8287 0.3405
vt 0.8306 0.3868
vt 0.8791 0.0597
vt 0.1247 0.0596
vt 0.5515 0.0593
vt 0.5434 0.1744
vt 0.2714 0.8437
vt 0.3173 0.8495
vt 0.325 0.8787
vt 0.2831 0.8655
vt 0.3274 0.913
vt 0.3182 0.9257
vt 0.2803 0.8725
vt 0.6743 0.0664
vt 0.6469 0.2167
vt 0.3372 0.8609
vt 0.3378 0.8855
vt 0.343 0.9267
vt 0.3373 0.9514
vt 0.5507 0.0614
vt 0.5426 0.1765
vt 0.3177 0.8506
vt 0.3235 0.8778
vt 0.3259 0.912
vt 0.3186 0.9269
vt 0.1236 0.0626
vt 0.2753 0.8485
vt 0.2842 0.8674
vt 0.2841 0.8773
vt 0.1247 0.0596
vt 0.5556 0.0311
vt 0.5515 0.0593
vt 0.1622 0.037
vt 0.3553 0.3434
vt 0.0645 0.0827
vt 0.3041 0.3873
vt 0.7136 0.0305
vt 0.6743 0.0664
vt 0.4186 0.411
vt 0.3607 0.4657
vt 0.5546 0.0336
vt 0.5507 0.0614
vt 0.3544 0.3455
vt 0.3032 0.3898
vt 0.1608 0.0405
vt 0.1236 0.0626
vt 0.0632 0.0863
vt 0.0019 0.0813
vt 0.1827 0.4171
vt 0.5184 0.0146
vt 0.1171 0.0139
vt 0.2003 0.4677
vt 0.6612 0.0123
vt 0.1819 0.4193
vt 0.5176 0.0167
vt 0.0008 0.0844
vt 0.116 0.0169
vt 0.3553 0.3434
vt 0.4186 0.411
vt 0.3544 0.3455
vt 0.2359 0.5225
vt 0.2671 0.5852
vt 0.3177 0.8506
vt 0.3235 0.8778
vt 0.3259 0.912
vt 0.3186 0.9269
vt 0.0826 0.5229
vt 0.2753 0.8485
vt 0.2842 0.8674
vt 0.2841 0.8773
vt 0.2526 0.513
vt 0.2359 0.5225
vt 0.1804 0.6602
vt 0.1583 0.6876
vt 0.0744 0.5201
vt 0.0826 0.5229
vt 0.0327 0.5443
vt 0.1106 0.7199
vt 0.2257 0.4979
vt 0.0212 0.5405
vt 0.0677 0.5059
vt 0.1804 0.6602
vt 0.5192 0.5602
vt 0.5467 0.5126
vt 0.557 0.5566
vt 0.4501 0.5837
vt 0.4827 0.6015
vt 0.4508 0.609
vt 0.938 0.9136
vt 0.8351 0.7308
vt 0.8381 0.7337
vt 0.906 0.9268
vt 0.7209 0.9887
vt 0.7325 0.7035
vt 0.7257 0.741
vt 0.6096 0.718
vt 0.6449 0.6004
vt 0.6267 0.5489
vt 0.4844 0.645
vt 0.5201 0.7216
vt 0.4445 0.651
vt 0.4304 0.5769
vt 0.4037 0.5788
vt 0.4189 0.6185
vt 0.8885 0.6016
vt 0.9328 0.6455
vt 0.8972 0.633
vt 0.5566 0.609
vt 0.679 0.7139
vt 0.717 0.5911
vt 0.5215 0.6012
vt 0.6868 0.5479
vt 0.669 0.507
vt 0.4778 0.7016
vt 0.7165 0.7123
vt 0.7421 0.5947
vt 0.7952 0.7158
vt 0.7494 0.7124
vt 0.7815 0.5891
vt 0.7639 0.5506
vt 0.8006 0.5489
vt 0.8275 0.5106
vt 0.8727 0.5124
vt 0.8858 0.5243
vt 0.9484 0.6427
vt 0.9849 0.6255
vt 0.9695 0.6528
vt 0.9327 0.7087
vt 0.9958 0.5815
vt 0.9658 0.6141
vt 0.9777 0.588
vt 0.936 0.6034
vt 0.9821 0.5789
vt 0.8 0.4993
vt 0.9613 0.5855
vt 0.8818 0.5598
vt 0.5439 0.8676
vt 0.7479 0.9481
vt 0.5806 0.9261
vt 0.5521 0.9221
vt 0.4983 0.8734
vt 0.6345 0.7237
vt 0.6913 0.9184
vt 0.8545 0.9291
vt 0.6899 0.9062
vt 0.8935 0.9169
vt 0.6812 0.7886
vt 0.9009 0.8378
vt 0.5271 0.5182
vt 0.5334 0.6309
vt 0.9928 0.85
vt 0.9928 0.9076
vt 0.9412 0.8802
vt 0.9412 0.8802
vt 0.9412 0.8634
vt 0.9412 0.8634
vt 0.1837 0.9024
vt 0.1344 0.8966
vt 0.1829 0.93
vt 0.0988 0.9886
vt 0.1174 0.8628
vt 0.0712 0.8642
vt 0.0963 0.8988
vt 0.0502 0.9002
vt 0.0963 0.8988
vt 0.1174 0.8628
vt 0.1829 0.93
vt 0.0988 0.9886
vt 0.1344 0.8966
vt 0.1837 0.9024
vt 0.7742 0.4602
vt 0.6921 0.4042
vt 0.7034 0.3839
vt 0.7946 0.4066
vt 0.6921 0.4042
vt 0.7034 0.3839
vt 0.6055 0.4259
vt 0.5933 0.3968
vt 0.6169 0.5
vt 0.5079 0.4185
vt 0.6055 0.4259
vt 0.5933 0.3968
vt 0.6912 0.3627
vt 0.7797 0.3838
vt 0.6912 0.3627
vt 0.606 0.3721
vt 0.5236 0.3898
vt 0.606 0.3721
vt 0.2755 0.8439
vt 0.2684 0.8794
vt 0.279 0.8659
vt 0.3038 0.9047
vt 0.3038 0.8778
vt 0.3392 0.8794
vt 0.3287 0.8659
vt 0.3321 0.8439
vt 0.9943 0.747
vt 0.9051 0.7476
vt 0.9051 0.8452
vt 0.9943 0.8447
vt 0.994 0.747
vt 0.994 0.8447
vt 0.0172 0.9999
vt 0.5192 0.5602
vt 0.557 0.5566
vt 0.5467 0.5126
vt 0.4501 0.5837
vt 0.4508 0.609
vt 0.4827 0.6015
vt 0.938 0.9136
vt 0.8381 0.7337
vt 0.8351 0.7308
vt 0.7209 0.9887
vt 0.906 0.9268
vt 0.7325 0.7035
vt 0.6096 0.718
vt 0.7257 0.741
vt 0.6449 0.6004
vt 0.6267 0.5489
vt 0.4844 0.645
vt 0.4445 0.651
vt 0.5201 0.7216
vt 0.4304 0.5769
vt 0.4037 0.5788
vt 0.4189 0.6185
vt 0.8885 0.6016
vt 0.8972 0.633
vt 0.9328 0.6455
vt 0.5566 0.609
vt 0.679 0.7139
vt 0.717 0.5911
vt 0.5215 0.6012
vt 0.6868 0.5479
vt 0.669 0.507
vt 0.4778 0.7016
vt 0.7165 0.7123
vt 0.7421 0.5947
vt 0.7494 0.7124
vt 0.7952 0.7158
vt 0.7815 0.5891
vt 0.8006 0.5489
vt 0.7639 0.5506
vt 0.8275 0.5106
vt 0.8858 0.5243
vt 0.8727 0.5124
vt 0.9484 0.6427
vt 0.9849 0.6255
vt 0.9695 0.6528
vt 0.9327 0.7087
vt 0.9958 0.5815
vt 0.9777 0.588
vt 0.9658 0.6141
vt 0.936 0.6034
vt 0.9821 0.5789
vt 0.8 0.4993
vt 0.9613 0.5855
vt 0.8818 0.5598
vt 0.5439 0.8676
vt 0.5806 0.9261
vt 0.7479 0.9481
vt 0.4983 0.8734
vt 0.5521 0.9221
vt 0.6345 0.7237
vt 0.6913 0.9184
vt 0.8545 0.9291
vt 0.6899 0.9062
vt 0.8935 0.9169
vt 0.6812 0.7886
vt 0.9009 0.8378
vt 0.5271 0.5182
vt 0.5334 0.6309
vt 0.9928 0.85
vt 0.9412 0.8802
vt 0.9928 0.9076
vt 0.9412 0.8802
vt 0.9412 0.8634
vt 0.9412 0.8634
vt 0.1837 0.9024
vt 0.1829 0.93
vt 0.1344 0.8966
vt 0.0988 0.9886
vt 0.1174 0.8628
vt 0.0963 0.8988
vt 0.0712 0.8642
vt 0.0502 0.9002
vt 0.0963 0.8988
vt 0.1174 0.8628
vt 0.0988 0.9886
vt 0.1829 0.93
vt 0.1344 0.8966
vt 0.1837 0.9024
vt 0.7742 0.4602
vt 0.7034 0.3839
vt 0.6921 0.4042
vt 0.7946 0.4066
vt 0.6921 0.4042
vt 0.7034 0.3839
vt 0.6055 0.4259
vt 0.5933 0.3968
vt 0.6169 0.5
vt 0.5079 0.4185
vt 0.6055 0.4259
vt 0.5933 0.3968
vt 0.6912 0.3627
vt 0.7797 0.3838
vt 0.6912 0.3627
vt 0.606 0.3721
vt 0.5236 0.3898
vt 0.606 0.3721
vt 0.2755 0.8439
vt 0.279 0.8659
vt 0.2684 0.8794
vt 0.3038 0.8778
vt 0.3038 0.9047
vt 0.3287 0.8659
vt 0.3392 0.8794
vt 0.3321 0.8439
vt 0.9943 0.747
vt 0.9051 0.8452
vt 0.9051 0.7476
vt 0.9943 0.8447
vt 0.994 0.8447
vt 0.994 0.747
vt 0.0172 0.9999
f 1/1/1 3/3/3 2/2/2
f 4/4/4 6/6/6 5/5/5
f 4/4/4 5/5/5 7/7/7
f 7/7/7 9/9/9 8/8/8
f 7/7/7 8/8/8 10/10/10
f 3/3/3 12/12/12 11/11/11
f 3/3/3 11/11/11 2/2/2
f 6/6/6 14/14/14 13/13/13
f 6/6/6 13/13/13 5/5/5
f 9/9/9 16/16/16 15/15/15
f 9/9/9 15/15/15 8/8/8
f 12/12/12 18/18/18 17/17/17
f 12/12/12 17/17/17 11/11/11
f 14/14/14 20/20/20 19/19/19
f 14/14/14 19/19/19 13/13/13
f 16/16/16 22/22/22 21/21/21
f 16/16/16 21/21/21 15/15/15
f 18/18/18 23/23/23 17/17/17
f 20/20/20 25/25/25 24/24/24
f 20/20/20 24/24/24 19/19/19
f 22/22/22 24/24/24 26/26/26
f 22/22/22 26/26/26 21/21/21
f 27/27/27 29/29/29 28/28/28
f 29/29/29 27/27/27 30/30/30
f 31/31/31 32/32/32 27/27/27
f 32/32/32 31/31/31 33/33/33
f 28/28/28 35/35/35 34/34/34
f 35/35/35 28/28/28 29/29/29
f 36/36/36 33/33/33 31/31/31
f 33/33/33 36/36/36 37/37/37
f 34/34/34 39/39/39 38/38/38
f 39/39/39 34/34/34 35/35/35
f 40/40/40 37/37/37 36/36/36
f 37/37/37 40/40/40 41/41/41
f 38/38/38 43/43/43 42/42/42
f 43/43/43 38/38/38 39/39/39
f 42/42/42 41/41/41 40/40/40
f 41/41/41 42/42/42 44/44/44
f 33/33/33 45/45/45 32/32/32
f 45/45/45 33/33/33 46/46/46
f 30/30/30 47/47/47 29/29/29
f 47/47/47 30/30/30 48/48/48
f 37/37/37 46/46/46 33/33/33
f 46/46/46 37/37/37 49/49/49
f 29/29/29 50/50/50 35/35/35
f 50/50/50 29/29/29 47/47/47
f 41/41/41 49/49/49 37/37/37
f 49/49/49 41/41/41 51/51/51
f 35/35/35 52/52/52 39/39/39
f 52/52/52 35/35/35 50/50/50
f 44/44/44 51/51/51 41/41/41
f 51/51/51 44/44/44 53/53/53
f 39/39/39 54/54/54 43/43/43
f 54/54/54 39/39/39 52/52/52
f 1/1/1 2/2/2 55/55/55
f 7/7/7 5/5/5 9/9/9
f 11/11/11 55/55/55 2/2/2
f 55/55/55 11/11/11 56/56/56
f 9/9/9 13/13/13 16/16/16
f 13/13/13 9/9/9 5/5/5
f 17/17/17 56/56/56 11/11/11
f 56/56/56 17/17/17 57/57/57
f 16/16/16 19/19/19 22/22/22
f 19/19/19 16/16/16 13/13/13
f 23/23/23 57/57/57 17/17/17
f 24/24/24 22/22/22 19/19/19
f 42/42/42 43/43/43 44/44/44
f 25/25/25 26/26/26 24/24/24
f 44/44/44 54/54/54 53/53/53
f 43/43/43 54/54/54 44/44/44
f 7/7/7 10/10/10 4/4/4
f 32/32/32 30/30/30 27/27/27
f 45/45/45 30/30/30 32/32/32
f 30/30/30 45/45/45 48/48/48
f 58/58/58 60/60/60 59/59/59
f 61/61/61 63/63/63 62/62/62
f 61/61/61 64/64/64 63/63/63
f 64/64/64 66/66/66 65/65/65
f 64/64/64 67/67/67 66/66/66
f 59/59/59 69/69/69 68/68/68
f 59/59/59 60/60/60 69/69/69
f 62/62/62 71/71/71 70/70/70
f 62/62/62 63/63/63 71/71/71
f 65/65/65 73/73/73 72/72/72
f 65/65/65 66/66/66 73/73/73
f 68/68/68 75/75/75 74/74/74
f 68/68/68 69/69/69 75/75/75
f 70/70/70 77/77/77 76/76/76
f 70/70/70 71/71/71 77/77/77
f 72/72/72 79/79/79 78/78/78
f 72/72/72 73/73/73 79/79/79
f 74/74/74 75/75/75 80/80/80
f 76/76/76 82/82/82 81/81/81
f 76/76/76 77/77/77 82/82/82
f 78/78/78 83/83/83 82/82/82
f 78/78/78 79/79/79 83/83/83
f 84/84/84 86/86/86 85/85/85
f 85/85/85 87/87/87 84/84/84
f 88/88/88 84/84/84 89/89/89
f 89/89/89 90/90/90 88/88/88
f 86/86/86 92/92/92 91/91/91
f 91/91/91 85/85/85 86/86/86
f 93/93/93 88/88/88 90/90/90
f 90/90/90 94/94/94 93/93/93
f 92/92/92 96/96/96 95/95/95
f 95/95/95 91/91/91 92/92/92
f 97/97/97 93/93/93 94/94/94
f 94/94/94 98/98/98 97/97/97
f 96/96/96 100/100/100 99/99/99
f 99/99/99 95/95/95 96/96/96
f 100/100/100 97/97/97 98/98/98
f 98/98/98 101/101/101 100/100/100
f 90/90/90 89/89/89 102/102/102
f 102/102/102 103/103/103 90/90/90
f 87/87/87 85/85/85 104/104/104
f 104/104/104 105/105/105 87/87/87
f 94/94/94 90/90/90 103/103/103
f 103/103/103 106/106/106 94/94/94
f 85/85/85 91/91/91 107/107/107
f 107/107/107 104/104/104 85/85/85
f 98/98/98 94/94/94 106/106/106
f 106/106/106 108/108/108 98/98/98
f 91/91/91 95/95/95 109/109/109
f 109/109/109 107/107/107 91/91/91
f 101/101/101 98/98/98 108/108/108
f 108/108/108 110/110/110 101/101/101
f 95/95/95 99/99/99 111/111/111
f 111/111/111 109/109/109 95/95/95
f 58/58/58 112/112/112 60/60/60
f 64/64/64 65/65/65 63/63/63
f 69/69/69 60/60/60 112/112/112
f 112/112/112 113/113/113 69/69/69
f 65/65/65 72/72/72 71/71/71
f 71/71/71 63/63/63 65/65/65
f 75/75/75 69/69/69 113/113/113
f 113/113/113 114/114/114 75/75/75
f 72/72/72 78/78/78 77/77/77
f 77/77/77 71/71/71 72/72/72
f 80/80/80 75/75/75 114/114/114
f 82/82/82 77/77/77 78/78/78
f 100/100/100 101/101/101 99/99/99
f 81/81/81 82/82/82 83/83/83
f 101/101/101 110/110/110 111/111/111
f 99/99/99 101/101/101 111/111/111
f 64/64/64 61/61/61 67/67/67
f 89/89/89 84/84/84 87/87/87
f 102/102/102 89/89/89 87/87/87
f 87/87/87 105/105/105 102/102/102
f 115/115/115 117/117/117 116/116/116
f 115/115/115 118/118/118 117/117/117
f 119/119/119 121/121/121 120/120/120
f 119/119/119 122/122/122 121/121/121
f 123/123/123 125/125/125 124/124/124
f 123/123/123 126/126/126 125/125/125
f 116/116/116 117/117/117 127/127/127
f 120/120/120 129/129/129 128/128/128
f 120/120/120 121/121/121 129/129/129
f 124/124/124 125/125/125 129/129/129
f 130/130/130 132/132/132 131/131/131
f 131/131/131 133/133/133 130/130/130
f 134/134/134 136/136/136 135/135/135
f 135/135/135 137/137/137 134/134/134
f 132/132/132 139/139/139 138/138/138
f 138/138/138 131/131/131 132/132/132
f 139/139/139 134/134/134 137/137/137
f 137/137/137 140/140/140 139/139/139
f 137/137/137 135/135/135 141/141/141
f 141/141/141 142/142/142 137/137/137
f 133/133/133 131/131/131 143/143/143
f 143/143/143 144/144/144 133/133/133
f 140/140/140 137/137/137 142/142/142
f 142/142/142 145/145/145 140/140/140
f 131/131/131 138/138/138 146/146/146
f 146/146/146 143/143/143 131/131/131
f 117/117/117 118/118/118 147/147/147
f 147/147/147 148/148/148 117/117/117
f 123/123/123 124/124/124 121/121/121
f 121/121/121 122/122/122 123/123/123
f 127/127/127 117/117/117 148/148/148
f 129/129/129 121/121/121 124/124/124
f 139/139/139 140/140/140 138/138/138
f 140/140/140 145/145/145 146/146/146
f 138/138/138 140/140/140 146/146/146
f 149/149/149 151/151/151 150/150/150
f 152/152/152 154/154/154 153/153/153
f 152/152/152 153/153/153 155/155/155
f 155/155/155 157/157/157 156/156/156
f 155/155/155 156/156/156 158/158/158
f 151/151/151 160/160/160 159/159/159
f 151/151/151 159/159/159 150/150/150
f 154/154/154 162/162/162 161/161/161
f 154/154/154 161/161/161 153/153/153
f 157/157/157 164/164/164 163/163/163
f 157/157/157 163/163/163 156/156/156
f 160/160/160 166/166/166 165/165/165
f 160/160/160 165/165/165 159/159/159
f 162/162/162 168/168/168 167/167/167
f 162/162/162 167/167/167 161/161/161
f 164/164/164 170/170/170 169/169/169
f 164/164/164 169/169/169 163/163/163
f 166/166/166 171/171/171 165/165/165
f 168/168/168 173/173/173 172/172/172
f 168/168/168 172/172/172 167/167/167
f 170/170/170 172/172/172 174/174/174
f 170/170/170 174/174/174 169/169/169
f 175/175/175 177/177/177 176/176/176
f 177/177/177 175/175/175 178/178/178
f 179/179/179 180/180/180 175/175/175
f 180/180/180 179/179/179 181/181/181
f 176/176/176 183/183/183 182/182/182
f 183/183/183 176/176/176 177/177/177
f 184/184/184 181/181/181 179/179/179
f 181/181/181 184/184/184 185/185/185
f 182/182/182 187/187/187 186/186/186
f 187/187/187 182/182/182 183/183/183
f 188/188/188 185/185/185 184/184/184
f 185/185/185 188/188/188 189/189/189
f 186/186/186 191/191/191 190/190/190
f 191/191/191 186/186/186 187/187/187
f 190/190/190 189/189/189 188/188/188
f 189/189/189 190/190/190 192/192/192
f 181/181/181 193/193/193 180/180/180
f 193/193/193 181/181/181 194/194/194
f 178/178/178 195/195/195 177/177/177
f 195/195/195 178/178/178 196/196/196
f 185/185/185 194/194/194 181/181/181
f 194/194/194 185/185/185 197/197/197
f 177/177/177 198/198/198 183/183/183
f 198/198/198 177/177/177 195/195/195
f 189/189/189 197/197/197 185/185/185
f 197/197/197 189/189/189 199/199/199
f 183/183/183 200/200/200 187/187/187
f 200/200/200 183/183/183 198/198/198
f 192/192/192 199/199/199 189/189/189
f 199/199/199 192/192/192 201/201/201
f 187/187/187 202/202/202 191/191/191
f 202/202/202 187/187/187 200/200/200
f 149/149/149 150/150/150 203/203/203
f 155/155/155 153/153/153 157/157/157
f 159/159/159 203/203/203 150/150/150
f 203/203/203 159/159/159 204/204/204
f 157/157/157 161/161/161 164/164/164
f 161/161/161 157/157/157 153/153/153
f 165/165/165 204/204/204 159/159/159
f 204/204/204 165/165/165 205/205/205
f 164/164/164 167/167/167 170/170/170
f 167/167/167 164/164/164 161/161/161
f 171/171/171 205/205/205 165/165/165
f 172/172/172 170/170/170 167/167/167
f 190/190/190 191/191/191 192/192/192
f 173/173/173 174/174/174 172/172/172
f 192/192/192 202/202/202 201/201/201
f 191/191/191 202/202/202 192/192/192
f 155/155/155 158/158/158 152/152/152
f 180/180/180 178/178/178 175/175/175
f 193/193/193 178/178/178 180/180/180
f 178/178/178 193/193/193 196/196/196
f 206/206/206 208/208/208 207/207/207
f 206/206/206 207/207/207 209/209/209
f 210/210/210 212/212/212 211/211/211
f 210/210/210 211/211/211 213/213/213
f 214/214/214 216/216/216 215/215/215
f 214/214/214 215/215/215 217/217/217
f 208/208/208 218/218/218 207/207/207
f 212/212/212 220/220/220 219/219/219
f 212/212/212 219/219/219 211/211/211
f 216/216/216 219/219/219 221/221/221
f 216/216/216 221/221/221 215/215/215
f 222/222/222 224/224/224 223/223/223
f 224/224/224 222/222/222 225/225/225
f 226/226/226 228/228/228 227/227/227
f 228/228/228 226/226/226 229/229/229
f 223/223/223 231/231/231 230/230/230
f 231/231/231 223/223/223 224/224/224
f 230/230/230 229/229/229 226/226/226
f 229/229/229 230/230/230 232/232/232
f 229/229/229 233/233/233 228/228/228
f 233/233/233 229/229/229 234/234/234
f 225/225/225 235/235/235 224/224/224
f 235/235/235 225/225/225 236/236/236
f 232/232/232 234/234/234 229/229/229
f 234/234/234 232/232/232 237/237/237
f 224/224/224 238/238/238 231/231/231
f 238/238/238 224/224/224 235/235/235
f 207/207/207 239/239/239 209/209/209
f 239/239/239 207/207/207 240/240/240
f 214/214/214 211/211/211 216/216/216
f 211/211/211 214/214/214 213/213/213
f 218/218/218 240/240/240 207/207/207
f 219/219/219 216/216/216 211/211/211
f 230/230/230 231/231/231 232/232/232
f 220/220/220 221/221/221 219/219/219
f 232/232/232 238/238/238 237/237/237
f 231/231/231 238/238/238 232/232/232
f 115/115/115 242/242/242 241/241/241
f 115/115/115 241/241/241 118/118/118
f 119/119/119 244/244/244 243/243/243
f 119/119/119 243/243/243 122/122/122
f 123/123/123 246/246/246 245/245/245
f 123/123/123 245/245/245 126/126/126
f 242/242/242 247/247/247 241/241/241
f 244/244/244 249/249/249 248/248/248
f 244/244/244 248/248/248 243/243/243
f 246/246/246 248/248/248 245/245/245
f 130/130/130 251/251/251 250/250/250
f 251/251/251 130/130/130 133/133/133
f 252/252/252 135/135/135 136/136/136
f 135/135/135 252/252/252 253/253/253
f 250/250/250 255/255/255 254/254/254
f 255/255/255 250/250/250 251/251/251
f 254/254/254 253/253/253 252/252/252
f 253/253/253 254/254/254 256/256/256
f 253/253/253 141/141/141 135/135/135
f 141/141/141 253/253/253 257/257/257
f 133/133/133 258/258/258 251/251/251
f 258/258/258 133/133/133 144/144/144
f 256/256/256 257/257/257 253/253/253
f 257/257/257 256/256/256 259/259/259
f 251/251/251 260/260/260 255/255/255
f 260/260/260 251/251/251 258/258/258
f 241/241/241 147/147/147 118/118/118
f 147/147/147 241/241/241 261/261/261
f 123/123/123 243/243/243 246/246/246
f 243/243/243 123/123/123 122/122/122
f 247/247/247 261/261/261 241/241/241
f 248/248/248 246/246/246 243/243/243
f 254/254/254 255/255/255 256/256/256
f 256/256/256 260/260/260 259/259/259
f 255/255/255 260/260/260 256/256/256
f 262/262/262 264/264/264 263/263/263
f 265/265/265 267/267/267 266/266/266
f 265/265/265 268/268/268 267/267/267
f 268/268/268 270/270/270 269/269/269
f 268/268/268 271/271/271 270/270/270
f 263/263/263 273/273/273 272/272/272
f 263/263/263 264/264/264 273/273/273
f 266/266/266 275/275/275 274/274/274
f 266/266/266 267/267/267 275/275/275
f 269/269/269 277/277/277 276/276/276
f 269/269/269 270/270/270 277/277/277
f 272/272/272 279/279/279 278/278/278
f 272/272/272 273/273/273 279/279/279
f 274/274/274 281/281/281 280/280/280
f 274/274/274 275/275/275 281/281/281
f 276/276/276 283/283/283 282/282/282
f 276/276/276 277/277/277 283/283/283
f 278/278/278 279/279/279 284/284/284
f 280/280/280 286/286/286 285/285/285
f 280/280/280 281/281/281 286/286/286
f 282/282/282 287/287/287 286/286/286
f 282/282/282 283/283/283 287/287/287
f 288/288/288 290/290/290 289/289/289
f 289/289/289 291/291/291 288/288/288
f 292/292/292 288/288/288 293/293/293
f 293/293/293 294/294/294 292/292/292
f 290/290/290 296/296/296 295/295/295
f 295/295/295 289/289/289 290/290/290
f 297/297/297 292/292/292 294/294/294
f 294/294/294 298/298/298 297/297/297
f 296/296/296 300/300/300 299/299/299
f 299/299/299 295/295/295 296/296/296
f 301/301/301 297/297/297 298/298/298
f 298/298/298 302/302/302 301/301/301
f 300/300/300 304/304/304 303/303/303
f 303/303/303 299/299/299 300/300/300
f 304/304/304 301/301/301 302/302/302
f 302/302/302 305/305/305 304/304/304
f 294/294/294 293/293/293 306/306/306
f 306/306/306 307/307/307 294/294/294
f 291/291/291 289/289/289 308/308/308
f 308/308/308 309/309/309 291/291/291
f 298/298/298 294/294/294 307/307/307
f 307/307/307 310/310/310 298/298/298
f 289/289/289 295/295/295 311/311/311
f 311/311/311 308/308/308 289/289/289
f 302/302/302 298/298/298 310/310/310
f 310/310/310 312/312/312 302/302/302
f 295/295/295 299/299/299 313/313/313
f 313/313/313 311/311/311 295/295/295
f 305/305/305 302/302/302 312/312/312
f 312/312/312 314/314/314 305/305/305
f 299/299/299 303/303/303 315/315/315
f 315/315/315 313/313/313 299/299/299
f 262/262/262 316/316/316 264/264/264
f 268/268/268 269/269/269 267/267/267
f 273/273/273 264/264/264 316/316/316
f 316/316/316 317/317/317 273/273/273
f 269/269/269 276/276/276 275/275/275
f 275/275/275 267/267/267 269/269/269
f 279/279/279 273/273/273 317/317/317
f 317/317/317 318/318/318 279/279/279
f 276/276/276 282/282/282 281/281/281
f 281/281/281 275/275/275 276/276/276
f 284/284/284 279/279/279 318/318/318
f 286/286/286 281/281/281 282/282/282
f 304/304/304 305/305/305 303/303/303
f 285/285/285 286/286/286 287/287/287
f 305/305/305 314/314/314 315/315/315
f 303/303/303 305/305/305 315/315/315
f 268/268/268 265/265/265 271/271/271
f 293/293/293 288/288/288 291/291/291
f 306/306/306 293/293/293 291/291/291
f 291/291/291 309/309/309 306/306/306
f 206/206/206 320/320/320 319/319/319
f 206/206/206 209/209/209 320/320/320
f 210/210/210 322/322/322 321/321/321
f 210/210/210 213/213/213 322/322/322
f 214/214/214 324/324/324 323/323/323
f 214/214/214 217/217/217 324/324/324
f 319/319/319 320/320/320 325/325/325
f 321/321/321 327/327/327 326/326/326
f 321/321/321 322/322/322 327/327/327
f 323/323/323 328/328/328 327/327/327
f 323/323/323 324/324/324 328/328/328
f 222/222/222 330/330/330 329/329/329
f 329/329/329 225/225/225 222/222/222
f 331/331/331 227/227/227 228/228/228
f 228/228/228 332/332/332 331/331/331
f 330/330/330 334/334/334 333/333/333
f 333/333/333 329/329/329 330/330/330
f 334/334/334 331/331/331 332/332/332
f 332/332/332 335/335/335 334/334/334
f 332/332/332 228/228/228 233/233/233
f 233/233/233 336/336/336 332/332/332
f 225/225/225 329/329/329 337/337/337
f 337/337/337 236/236/236 225/225/225
f 335/335/335 332/332/332 336/336/336
f 336/336/336 338/338/338 335/335/335
f 329/329/329 333/333/333 339/339/339
f 339/339/339 337/337/337 329/329/329
f 320/320/320 209/209/209 239/239/239
f 239/239/239 340/340/340 320/320/320
f 214/214/214 323/323/323 322/322/322
f 322/322/322 213/213/213 214/214/214
f 325/325/325 320/320/320 340/340/340
f 327/327/327 322/322/322 323/323/323
f 334/334/334 335/335/335 333/333/333
f 326/326/326 327/327/327 328/328/328
f 335/335/335 338/338/338 339/339/339
f 333/333/333 335/335/335 339/339/339
f 341/341/341 343/343/343 342/342/342
f 344/344/344 346/346/346 345/345/345
f 347/347/347 349/349/349 348/348/348
f 347/347/347 351/351/351 350/350/350
f 352/352/352 354/354/354 353/353/353
f 347/347/347 348/348/348 353/353/353
f 355/355/355 356/356/356 343/343/343
f 357/357/357 359/359/359 358/358/358
f 346/346/346 344/344/344 360/360/360
f 346/346/346 360/360/360 361/361/361
f 357/357/357 362/362/362 359/359/359
f 363/363/363 365/365/365 364/364/364
f 366/366/366 358/358/358 367/367/367
f 355/355/355 367/367/367 368/368/368
f 343/343/343 341/341/341 369/369/369
f 357/357/357 358/358/358 366/366/366
f 370/370/370 371/371/371 356/356/356
f 359/359/359 372/372/372 358/358/358
f 367/367/367 373/373/373 368/368/368
f 374/374/374 376/376/376 375/375/375
f 374/374/374 375/375/375 377/377/377
f 374/374/374 379/379/379 378/378/378
f 357/357/357 366/366/366 369/369/369
f 380/380/380 382/382/382 381/381/381
f 383/383/383 365/365/365 375/375/375
f 384/384/384 383/383/383 385/385/385
f 383/383/383 386/386/386 385/385/385
f 387/387/387 389/389/389 388/388/388
f 388/388/388 390/390/390 365/365/365
f 375/375/375 386/386/386 383/383/383
f 387/387/387 391/391/391 389/389/389
f 380/380/380 381/381/381 392/392/392
f 389/389/389 393/393/393 390/390/390
f 389/389/389 391/391/391 393/393/393
f 375/375/375 365/365/365 377/377/377
f 377/377/377 365/365/365 363/363/363
f 377/377/377 363/363/363 394/394/394
f 379/379/379 382/382/382 380/380/380
f 378/378/378 380/380/380 392/392/392
f 395/395/395 397/397/397 396/396/396
f 353/353/353 354/354/354 395/395/395
f 397/397/397 351/351/351 396/396/396
f 351/351/351 347/347/347 396/396/396
f 395/395/395 399/399/399 398/398/398
f 395/395/395 398/398/398 397/397/397
f 354/354/354 400/400/400 399/399/399
f 401/401/401 398/398/398 399/399/399
f 402/402/402 401/401/401 403/403/403
f 353/353/353 348/348/348 352/352/352
f 395/395/395 354/354/354 399/399/399
f 401/401/401 399/399/399 403/403/403
f 404/404/404 402/402/402 403/403/403
f 404/404/404 403/403/403 405/405/405
f 403/403/403 399/399/399 405/405/405
f 349/349/349 406/406/406 405/405/405
f 399/399/399 400/400/400 405/405/405
f 400/400/400 349/349/349 405/405/405
f 396/396/396 347/347/347 353/353/353
f 396/396/396 353/353/353 395/395/395
f 366/366/366 367/367/367 355/355/355
f 343/343/343 356/356/356 342/342/342
f 366/366/366 355/355/355 343/343/343
f 366/366/366 343/343/343 369/369/369
f 379/379/379 380/380/380 378/378/378
f 355/355/355 368/368/368 370/370/370
f 356/356/356 371/371/371 342/342/342
f 355/355/355 370/370/370 356/356/356
f 394/394/394 382/382/382 379/379/379
f 374/374/374 377/377/377 379/379/379
f 377/377/377 394/394/394 379/379/379
f 407/407/407 341/341/341 342/342/342
f 350/350/350 402/402/402 404/404/404
f 347/347/347 350/350/350 404/404/404
f 406/406/406 404/404/404 405/405/405
f 347/347/347 404/404/404 406/406/406
f 349/349/349 347/347/347 406/406/406
f 388/388/388 383/383/383 384/384/384
f 346/346/346 361/361/361 362/362/362
f 357/357/357 408/408/408 346/346/346
f 357/357/357 346/346/346 362/362/362
f 389/389/389 390/390/390 388/388/388
f 345/345/345 346/346/346 408/408/408
f 387/387/387 388/388/388 384/384/384
f 383/383/383 388/388/388 365/365/365
f 409/409/409 411/411/411 410/410/410
f 409/409/409 410/410/410 412/412/412
f 409/409/409 412/412/412 413/413/413
f 409/409/409 414/414/414 411/411/411
f 415/415/415 417/417/417 416/416/416
f 417/417/417 418/418/418 416/416/416
f 419/419/419 421/421/421 420/420/420
f 421/421/421 422/422/422 420/420/420
f 420/420/420 422/422/422 423/423/423
f 420/420/420 423/423/423 424/424/424
f 423/423/423 426/426/426 425/425/425
f 427/427/427 425/425/425 428/428/428
f 429/429/429 431/431/431 430/430/430
f 431/431/431 429/429/429 432/432/432
f 433/433/433 432/432/432 429/429/429
f 432/432/432 433/433/433 434/434/434
f 435/435/435 434/434/434 433/433/433
f 434/434/434 435/435/435 436/436/436
f 437/437/437 436/436/436 435/435/435
f 436/436/436 437/437/437 438/438/438
f 439/439/439 438/438/438 437/437/437
f 438/438/438 439/439/439 440/440/440
f 430/430/430 440/440/440 439/439/439
f 440/440/440 430/430/430 431/431/431
f 432/432/432 441/441/441 431/431/431
f 441/441/441 432/432/432 442/442/442
f 434/434/434 442/442/442 432/432/432
f 442/442/442 434/434/434 443/443/443
f 436/436/436 443/443/443 434/434/434
f 443/443/443 436/436/436 444/444/444
f 438/438/438 444/444/444 436/436/436
f 444/444/444 438/438/438 445/445/445
f 440/440/440 445/445/445 438/438/438
f 445/445/445 440/440/440 446/446/446
f 431/431/431 446/446/446 440/440/440
f 446/446/446 431/431/431 441/441/441
f 447/447/447 449/449/449 448/448/448
f 449/449/449 451/451/451 450/450/450
f 450/450/450 448/448/448 449/449/449
f 450/450/450 453/453/453 452/452/452
f 453/453/453 450/450/450 451/451/451
f 454/454/454 452/452/452 453/453/453
f 455/455/455 457/457/457 456/456/456
f 457/457/457 455/455/455 458/458/458
f 456/456/456 460/460/460 459/459/459
f 460/460/460 456/456/456 457/457/457
f 421/421/421 419/419/419 416/416/416
f 416/416/416 418/418/418 421/421/421
f 461/461/461 421/421/421 418/418/418
f 421/421/421 461/461/461 422/422/422
f 423/423/423 422/422/422 461/461/461
f 461/461/461 426/426/426 423/423/423
f 427/427/427 423/423/423 425/425/425
f 423/423/423 427/427/427 424/424/424
f 462/462/462 464/464/464 463/463/463
f 465/465/465 467/467/467 466/466/466
f 468/468/468 470/470/470 469/469/469
f 468/468/468 472/472/472 471/471/471
f 473/473/473 475/475/475 474/474/474
f 468/468/468 475/475/475 470/470/470
f 476/476/476 463/463/463 477/477/477
f 478/478/478 480/480/480 479/479/479
f 466/466/466 481/481/481 465/465/465
f 466/466/466 482/482/482 481/481/481
f 478/478/478 479/479/479 483/483/483
f 484/484/484 486/486/486 485/485/485
f 487/487/487 488/488/488 480/480/480
f 476/476/476 489/489/489 488/488/488
f 463/463/463 490/490/490 462/462/462
f 478/478/478 487/487/487 480/480/480
f 491/491/491 477/477/477 492/492/492
f 479/479/479 480/480/480 493/493/493
f 488/488/488 489/489/489 494/494/494
f 495/495/495 497/497/497 496/496/496
f 495/495/495 498/498/498 497/497/497
f 495/495/495 500/500/500 499/499/499
f 478/478/478 490/490/490 487/487/487
f 501/501/501 503/503/503 502/502/502
f 504/504/504 497/497/497 485/485/485
f 505/505/505 506/506/506 504/504/504
f 504/504/504 506/506/506 507/507/507
f 508/508/508 510/510/510 509/509/509
f 510/510/510 485/485/485 511/511/511
f 497/497/497 504/504/504 507/507/507
f 508/508/508 509/509/509 512/512/512
f 501/501/501 513/513/513 503/503/503
f 509/509/509 511/511/511 514/514/514
f 509/509/509 514/514/514 512/512/512
f 497/497/497 498/498/498 485/485/485
f 498/498/498 484/484/484 485/485/485
f 498/498/498 515/515/515 484/484/484
f 499/499/499 501/501/501 502/502/502
f 500/500/500 513/513/513 501/501/501
f 516/516/516 518/518/518 517/517/517
f 475/475/475 516/516/516 474/474/474
f 517/517/517 518/518/518 471/471/471
f 471/471/471 518/518/518 468/468/468
f 516/516/516 520/520/520 519/519/519
f 516/516/516 517/517/517 520/520/520
f 474/474/474 519/519/519 521/521/521
f 522/522/522 519/519/519 520/520/520
f 523/523/523 524/524/524 522/522/522
f 475/475/475 473/473/473 470/470/470
f 516/516/516 519/519/519 474/474/474
f 522/522/522 524/524/524 519/519/519
f 525/525/525 524/524/524 523/523/523
f 525/525/525 526/526/526 524/524/524
f 524/524/524 526/526/526 519/519/519
f 469/469/469 526/526/526 527/527/527
f 519/519/519 526/526/526 521/521/521
f 521/521/521 526/526/526 469/469/469
f 518/518/518 475/475/475 468/468/468
f 518/518/518 516/516/516 475/475/475
f 487/487/487 476/476/476 488/488/488
f 463/463/463 464/464/464 477/477/477
f 487/487/487 463/463/463 476/476/476
f 487/487/487 490/490/490 463/463/463
f 499/499/499 500/500/500 501/501/501
f 476/476/476 491/491/491 489/489/489
f 477/477/477 464/464/464 492/492/492
f 476/476/476 477/477/477 491/491/491
f 515/515/515 499/499/499 502/502/502
f 495/495/495 499/499/499 498/498/498
f 498/498/498 499/499/499 515/515/515
f 528/528/528 464/464/464 462/462/462
f 472/472/472 525/525/525 523/523/523
f 468/468/468 525/525/525 472/472/472
f 527/527/527 526/526/526 525/525/525
f 468/468/468 527/527/527 525/525/525
f 469/469/469 527/527/527 468/468/468
f 510/510/510 505/505/505 504/504/504
f 466/466/466 483/483/483 482/482/482
f 478/478/478 466/466/466 529/529/529
f 478/478/478 483/483/483 466/466/466
f 509/509/509 510/510/510 511/511/511
f 467/467/467 529/529/529 466/466/466
f 508/508/508 505/505/505 510/510/510
f 504/504/504 485/485/485 510/510/510
f 530/530/530 532/532/532 531/531/531
f 530/530/530 533/533/533 532/532/532
f 530/530/530 534/534/534 533/533/533
f 530/530/530 531/531/531 535/535/535
f 536/536/536 538/538/538 537/537/537
f 537/537/537 538/538/538 539/539/539
f 540/540/540 542/542/542 541/541/541
f 541/541/541 542/542/542 543/543/543
f 542/542/542 544/544/544 543/543/543
f 542/542/542 545/545/545 544/544/544
f 544/544/544 547/547/547 546/546/546
f 548/548/548 549/549/549 547/547/547
f 550/550/550 552/552/552 551/551/551
f 551/551/551 553/553/553 550/550/550
f 554/554/554 550/550/550 553/553/553
f 553/553/553 555/555/555 554/554/554
f 556/556/556 554/554/554 555/555/555
f 555/555/555 557/557/557 556/556/556
f 558/558/558 556/556/556 557/557/557
f 557/557/557 559/559/559 558/558/558
f 560/560/560 558/558/558 559/559/559
f 559/559/559 561/561/561 560/560/560
f 552/552/552 560/560/560 561/561/561
f 561/561/561 551/551/551 552/552/552
f 553/553/553 551/551/551 562/562/562
f 562/562/562 563/563/563 553/553/553
f 555/555/555 553/553/553 563/563/563
f 563/563/563 564/564/564 555/555/555
f 557/557/557 555/555/555 564/564/564
f 564/564/564 565/565/565 557/557/557
f 559/559/559 557/557/557 565/565/565
f 565/565/565 566/566/566 559/559/559
f 561/561/561 559/559/559 566/566/566
f 566/566/566 567/567/567 561/561/561
f 551/551/551 561/561/561 567/567/567
f 567/567/567 562/562/562 551/551/551
f 568/568/568 570/570/570 569/569/569
f 569/569/569 572/572/572 571/571/571
f 572/572/572 569/569/569 570/570/570
f 572/572/572 574/574/574 573/573/573
f 573/573/573 571/571/571 572/572/572
f 575/575/575 573/573/573 574/574/574
f 576/576/576 578/578/578 577/577/577
f 577/577/577 579/579/579 576/576/576
f 578/578/578 581/581/581 580/580/580
f 580/580/580 577/577/577 578/578/578
f 541/541/541 538/538/538 540/540/540
f 538/538/538 541/541/541 539/539/539
f 582/582/582 539/539/539 541/541/541
f 541/541/541 543/543/543 582/582/582
f 544/544/544 582/582/582 543/543/543
f 582/582/582 544/544/544 546/546/546
f 548/548/548 547/547/547 544/544/544
f 544/544/544 545/545/545 548/548/548

g bv01
# texture: bv01.jpg
v 4.427856 165.6498 48.76597
v 9.929961 167.7975 42.00497
v 4.427862 169.8411 43.05857
v 8.643059 163.315 45.83308
v 11.62376 167.2406 42.82787
v 12.50326 162.167 46.77258
v 10.68357 168.6869 34.64957
v 4.427865 171.9588 36.00807
v 12.06076 165.2478 38.20877
v 4.427865 171.9588 36.00807
v 11.32847 167.8756 31.00787
v 4.427868 169.6829 29.58657
v 10.68357 168.6869 34.64957
v 12.23557 158.5981 30.99077
v 11.32847 167.8756 31.00787
v 4.427853 157.8949 51.83527
v 6.306051 151.8798 54.76828
v 8.47555 152.4656 54.23158
v 5.590352 155.4687 52.27917
v 9.402552 151.8309 51.41548
v 11.00045 153.9906 51.59958
v 11.00045 153.9906 51.59958
v 9.857254 149.147 48.75578
v 10.53975 153.4252 48.64308
v 9.402552 151.8309 51.41548
v 10.29645 159.4643 51.76918
v 9.964758 161.5166 50.26617
v 11.65776 157.0338 49.30347
v 12.58616 157.6559 45.23848
v 4.427851 156.2923 53.43948
v 5.145653 156.2295 52.63978
v 4.427851 154.8859 53.33937
v 4.427752 152.3534 53.90068
v 7.989054 156.2205 49.84198
v 10.53975 153.4252 48.64308
v 12.58616 157.6559 45.23848
v 19.94506 162.9021 43.12827
v 17.40876 166.3264 44.57888
v 12.50326 162.167 46.77258
v 11.62376 167.2406 42.82787
v 13.63756 168.1657 41.76907
v 12.06076 165.2478 38.20877
v 23.11107 169.755 33.68607
v 20.34437 171.8623 35.18867
v 16.58907 170.7541 34.58327
v 15.64447 167.4236 32.42687
v 19.72887 173.8272 26.06987
v 17.82277 174.6817 29.74467
v 14.72967 172.7767 30.29717
v 13.59837 169.918 27.13007
v 18.33948 176.6903 20.05117
v 16.77638 177.2926 22.19827
v 13.95347 177.0467 21.77187
v 12.70778 176.1118 19.16476
v 15.09316 162.3135 36.41077
v 18.88836 160.2063 38.29728
v 13.21306 155.8288 39.46027
v 13.21306 155.8288 39.46027
v 18.88836 160.2063 38.29728
v 15.09316 162.3135 36.41077
v 18.53867 165.3037 30.89967
v 22.24997 166.5268 31.55357
v 15.61587 169.158 24.19127
v 18.65327 171.1623 23.68347
v 14.32718 175.4917 17.00247
v 17.13598 175.8243 17.46256
v 15.01158 182.4958 16.91486
v 17.5513 111.9916 -2.174997
v 18.65343 118.4774 -2.239156
v 9.683996 107.247 4.592401
v 48.86964 138.8608 6.874726
v 36.83178 138.7002 -10.58034
v 44.41708 146.5922 6.50852
v 13.60557 151.0222 29.07652
v 25.25549 153.8461 8.000161
v 16.61296 159.9232 13.58384
v 0.038745 127.6563 -15.26389
v 1.699551 148.3816 -13.19468
v 8.922302 149.0136 -16.04359
v 2.965773 158.5319 -1.831381
v 6.831755 159.3383 -4.251457
v 3.527989 147.5155 30.10345
v 3.193308 142.9325 30.38901
v 21.38267 145.8015 21.59171
v 6.220932 128.5235 29.07124
v 1.592196 125.3837 24.18484
v 17.55636 125.3206 -11.13335
v 25.48339 133.1768 22.45065
v 16.7354 123.5465 15.31241
v 20.16007 127.6098 24.922
v 1.338436 122.2322 23.84129
v 9.621386 119.5441 20.96362
v 0.003699 121.0462 -11.3153
v 14.99298 120.9924 -8.989805
v 5.4145 111.7511 -13.9631
v 15.7008 113.2137 -9.117798
v 3.833245 164.6148 7.462785
v 25.77667 156.7396 -9.943201
v 27.92591 134.0961 -3.528571
v 22.93677 123.2598 -2.347753
v 17.02435 115.518 11.42477
v 0.931687 121.0994 16.50515
v 15.49497 114.2979 4.684122
v 42.71845 134.55 15.72856
v 36.3683 140.9911 17.07242
v 26.5871 134.6536 15.46777
v 35.48206 128.0978 16.86294
v 46.83072 115.2015 11.46508
v 56.71452 123.8416 12.90477
v 46.00014 117.6115 0.923807
v 53.41464 130.8853 7.422979
v 54.4525 123.4808 19.76645
v 66.84391 115.4625 11.68773
v 45.18654 122.3572 15.93972
v 45.69569 109.2148 7.312659
v 0.003691 113.8967 12.2609
v 0.003595 103.4843 6.257097
v 12.91902 164.3012 24.51415
v 16.61296 159.9232 13.58384
v 4.848464 170.1682 21.054
v 3.833245 164.6148 7.462785
v 13.60557 151.0222 29.07652
v 40.01752 125.6803 -4.093378
v 48.31307 128.0535 -5.199718
v 47.1791 133.9698 -3.87855
v 52.86286 131.3896 -1.502232
v 52.68826 127.528 -4.098228
v 54.78111 113.9781 -12.17899
v 64.40178 96.29191 18.01693
v 62.62916 120.4279 -6.817881
v 0.0037 107.1674 -14.6365
v 58.35117 92.86131 6.934812
v 35.05141 151.1422 11.16618
v 34.50364 152.1677 -4.276755
v 28.44045 141.9743 19.6688
v 11.8617 101.9598 6.309204
v 19.85329 106.248 -2.515696
v 19.1595 110.8951 -10.7157
v 0.003594 100.4016 8.967903
v 7.402701 109.6438 -16.7165
v -0.795601 103.3845 -17.1168
v 12.6754 99.6528 7.045806
v 21.4612 99.0126 -2.302893
v 21.4447 101.6093 -14.1757
v 0.080595 93.3693 10.5724
v 9.073002 98.4105 -18.9664
v 0.283802 91.0471 -16.0576
v 0.4741 88.8715 -8.668699
v 4.427868 169.6829 29.58657
v 8.47555 152.4656 54.23158
v 6.306051 151.8798 54.76828
v 8.329351 147.2966 53.38158
v 6.326651 142.9895 52.31528
v 5.611053 143.7286 48.01067
v 8.496252 143.2283 51.55758
v 8.496252 143.2283 51.55758
v 11.02115 144.9693 49.06308
v 9.423254 146.0488 50.94257
v 11.02115 144.9693 49.06308
v 11.02115 144.9693 49.06308
v 10.56046 147.8877 48.32597
v 9.877954 149.5936 52.25098
v 9.423254 146.0488 50.94257
v 4.427753 143.1056 45.62418
v 12.52396 147.4982 41.23188
v 9.022155 142.4343 44.05627
v 12.60686 149.1853 43.05288
v 10.96666 145.9905 45.72688
v 4.427753 142.329 47.75457
v 4.427752 143.5756 51.51937
v 10.56046 147.8877 48.32597
v 13.23366 152.1712 44.77148
v 8.496252 143.2283 51.55758
v 8.350053 146.1832 55.88298
v 6.326651 142.9895 52.31528
v 4.427757 147.4982 38.33997
v 3.527989 147.5155 30.10345
v 13.21306 155.8288 39.46027
v 4.427757 152.1888 42.11947
v 13.23366 152.1712 44.77148
v 10.56046 147.8877 48.32597
v 4.427754 146.5303 47.67237
v 10.56046 147.8877 48.32597
v 4.427754 146.5303 47.67237
v 9.423254 146.0488 50.94257
v 6.326651 142.9895 52.31528
v 4.427752 143.5756 51.51937
v 10.53975 153.4252 48.64308
v 4.427755 153.5738 46.76657
v 9.402552 151.8309 51.41548
v 6.306051 151.8798 54.76828
v 4.427752 152.3534 53.90068
v 40.58573 19.37883 3.135313
v 27.62812 28.10902 -6.379972
v 36.21075 35.67345 -6.304356
v 25.58612 37.23194 -9.623383
v 23.82927 17.32138 7.897659
v 18.89104 33.54675 -1.382006
v 19.61017 36.48508 2.417744
v 24.61028 23.70415 13.40353
v 31.23145 35.51398 9.497835
v 41.36674 25.76159 8.641185
v 36.92989 38.61169 -2.504644
v 25.36616 55.54317 -2.486282
v 44.74605 57.59343 11.59332
v 16.22004 54.09081 19.70059
v 23.14197 51.33379 27.60415
v 34.56158 53.95072 29.18042
v 43.75234 53.8645 21.74654
v 27.40153 61.82732 7.390257
v 39.32826 64.84929 10.92591
v 18.7178 62.31857 16.78353
v 27.4464 63.97503 7.154085
v 38.40726 68.22208 8.381962
v 17.6806 65.38503 13.66012
v 19.45682 73.26654 19.45628
v 37.63816 75.75526 14.82633
v 18.84579 75.69029 -6.513579
v 33.79571 80.98032 -5.218111
v 8.990644 73.9388 3.765676
v 10.47262 80.95361 13.35572
v 28.70174 78.77785 20.04042
v 25.1315 89.26873 18.99485
v 35.27769 87.99512 4.371942
v 16.72719 83.47256 -14.81843
v 28.30328 86.7208 -10.79862
v 8.992756 80.889 1.223363
v 10.648 89.3846 12.28956
v 19.494 102.3432 6.189945
v 29.95599 93.41162 -0.712232
v 9.073002 98.4105 -18.9664
v 21.4447 101.6093 -14.1757
v 0.4741 88.8715 -8.668699
v 0.396797 89.7552 4.243904
v 12.6754 99.6528 7.045806
v 21.4612 99.0126 -2.302893
v 0.396797 89.7552 4.243904
v 50.39555 -0.641527 38.01209
v 52.07995 1.727868 29.45189
v 48.30395 8.119367 32.26538
v 50.39555 -0.641527 38.01209
v 43.60275 1.727866 32.53729
v 52.07995 1.727868 29.45189
v 43.60275 1.727866 32.53729
v 48.33505 1.120462 21.49769
v 46.54435 11.88996 27.43109
v 41.35875 1.120461 24.03689
v 48.33505 1.120462 21.49769
v 41.35875 1.120461 24.03689
v 44.53645 13.26436 21.91448
v 48.02306 1.025654 7.746494
v 39.64085 12.50355 8.463983
v 38.99046 1.92046 18.66499
v 48.02306 1.025654 7.746494
v 38.99046 1.92046 18.66499
v 37.72285 -0.641529 42.62459
v 39.40725 1.727865 34.06438
v 35.63125 8.119365 36.87788
v 37.72285 -0.641529 42.62459
v 30.93005 1.727865 37.14978
v 39.40725 1.727865 34.06438
v 30.93005 1.727865 37.14978
v 35.66245 1.120564 26.11019
v 33.87165 11.88996 32.04358
v 28.68595 1.12056 28.64939
v 35.66245 1.120564 26.11019
v 28.68595 1.12056 28.64939
v 31.86385 13.26436 26.52698
v 34.02365 1.920458 20.47279
v 26.96815 12.50355 13.07638
v 19.72646 1.00465 17.79038
v 34.02365 1.920458 20.47279
v 19.72646 1.00465 17.79038
v 22.65147 -1.127268 -14.37252
v 24.08126 6.418035 -10.44412
v 28.78857 -0.273861 -10.69901
v 22.65147 -1.127268 -14.37252
v 28.78857 -0.273861 -10.69901
v 20.31137 -0.273865 -7.613617
v 20.31137 -0.273865 -7.613617
v 27.43776 11.25544 -1.222322
v 34.65936 0.894646 -2.002413
v 34.65936 0.894646 -2.002413
v 21.40426 0.894642 2.822083
v 21.40426 0.894642 2.822083
v 29.48936 10.03325 4.414481
v 38.60835 4.349061 25.54119
v 37.22065 15.30546 21.92188
v 27.01035 20.55875 13.19217
v 32.04564 24.77415 9.466573
v 28.77805 16.36734 2.460277
v 34.71325 20.91265 15.03278
v 39.68304 20.55875 8.579678
v 38.60835 4.349061 25.54119
v -1.074241 167.7975 42.00497
v 0.212659 163.315 45.83307
v -2.768041 167.2406 42.82787
v -3.647546 162.167 46.77257
v -1.827836 168.6869 34.64957
v -3.205039 165.2478 38.20877
v -2.472734 167.8756 31.00786
v -1.827836 168.6869 34.64957
v -2.472734 167.8756 31.00786
v -3.379937 158.5981 30.99076
v 2.549648 151.8798 54.76828
v 3.265352 155.4687 52.27917
v 0.380149 152.4656 54.23158
v -2.14475 153.9906 51.59957
v -0.54685 151.8309 51.41547
v -2.14475 153.9906 51.59957
v -1.684048 153.4252 48.64307
v -1.00155 149.147 48.75578
v -0.54685 151.8309 51.41547
v -1.109144 161.5166 50.26617
v -1.440748 159.4643 51.76917
v -3.730443 157.6559 45.23847
v -2.802046 157.0338 49.30347
v 3.710052 156.2295 52.63978
v 0.866653 156.2205 49.84197
v -1.684048 153.4252 48.64307
v -3.730443 157.6559 45.23847
v -8.553043 166.3264 44.57887
v -11.08944 162.9021 43.12827
v -3.647546 162.167 46.77257
v -2.768041 167.2406 42.82787
v -4.78184 168.1657 41.76907
v -3.205039 165.2478 38.20877
v -11.48874 171.8624 35.18866
v -14.25534 169.755 33.68606
v -7.733436 170.7541 34.58326
v -6.788836 167.4236 32.42686
v -8.967031 174.6817 29.74466
v -10.87313 173.8272 26.06986
v -5.873933 172.7767 30.29716
v -4.742634 169.918 27.13006
v -7.920628 177.2926 22.19826
v -9.483727 176.6903 20.05115
v -5.097729 177.0467 21.77186
v -3.852025 176.1118 19.16476
v -10.03274 160.2063 38.29726
v -6.237438 162.3135 36.41077
v -4.357341 155.8288 39.46027
v -4.357341 155.8288 39.46027
v -10.03274 160.2063 38.29726
v -6.237438 162.3135 36.41077
v -13.39424 166.5268 31.55356
v -9.682936 165.3037 30.89976
v -9.797531 171.1623 23.68346
v -6.760132 169.158 24.19126
v -8.280226 175.8243 17.46255
v -5.471526 175.4917 17.00246
v -6.155823 182.4958 16.91485
v -17.5439 111.9916 -2.175006
v -9.676704 107.2471 4.592397
v -18.54259 121.2958 -0.612041
v -39.41488 137.7788 10.14013
v -37.35207 146.4501 9.602206
v -28.72629 140.8918 -7.906446
v -5.958248 152.5045 29.93231
v -8.926472 161.8583 14.70102
v -18.83643 157.1869 9.928978
v -5.565573 150.1114 -15.40977
v -0.93034 159.9265 -3.911863
v -15.05211 148.5621 23.18548
v -2.069662 129.1517 29.43391
v -17.20523 127.9544 -9.612709
v -20.91457 136.6924 24.48024
v -14.3674 125.9031 16.67293
v -16.2947 130.3719 26.51669
v -7.472799 120.8392 21.7114
v -5.407102 111.7511 -13.9631
v -15.14569 123.2759 -7.671395
v -15.6934 113.2137 -9.117805
v -20.47242 160.2439 -7.920134
v -25.43733 138.1393 -1.194184
v -22.05104 126.6685 -0.37988
v -16.19693 118.0351 12.87798
v -15.45947 116.6433 6.038191
v -31.85446 135.4485 18.63826
v -16.44425 140.1021 17.55653
v -27.52245 143.431 19.70237
v -30.54559 115.6945 14.45319
v -23.04228 131.3117 19.35675
v -42.38067 121.2018 16.45566
v -30.96689 118.1605 3.900536
v -41.48811 128.8488 10.86283
v -49.83066 110.3558 15.55851
v -39.69378 121.1255 23.58136
v -30.61758 122.6215 19.44035
v -27.97119 110.0873 10.31351
v -3.681225 165.559 25.24033
v -8.926472 161.8583 14.70102
v -5.958248 152.5045 29.93231
v -27.77033 127.552 -1.357699
v -36.44359 127.4771 -2.023088
v -36.9611 133.4827 -0.719641
v -40.43021 125.7457 -0.703818
v -41.55613 129.4204 1.924932
v -39.01894 112.0953 -8.763095
v -42.16145 92.33752 21.04101
v -48.08578 116.1064 -2.963491
v -35.85757 90.9793 9.656473
v -29.42859 153.4953 13.80865
v -29.97935 154.5162 -1.634542
v -20.07369 146.6329 21.89829
v -11.85441 101.9599 6.309196
v -19.846 106.248 -2.515707
v -19.1521 110.8951 -10.71571
v -7.3954 109.6438 -16.71651
v -13.41391 97.3703 7.045903
v -21.95501 95.21411 -2.302903
v -22.3897 97.77431 -14.17571
v -9.650599 96.7724 -18.9664
v 0.380149 152.4656 54.23158
v 0.526348 147.2966 53.38158
v 2.549648 151.8798 54.76828
v 2.52895 142.9895 52.31527
v 0.35945 143.2283 51.55758
v 3.244653 143.7286 48.01067
v 0.35945 143.2283 51.55758
v -0.567548 146.0488 50.94257
v -2.165449 144.9693 49.06307
v -2.165449 144.9693 49.06307
v -2.165449 144.9693 49.06307
v -1.022248 149.5936 52.25098
v -1.704747 147.8877 48.32607
v -0.567548 146.0488 50.94257
v -0.166447 142.4343 44.05627
v -3.668245 147.4982 41.23187
v -2.110947 145.9905 45.72687
v -3.751145 149.1853 43.05287
v -1.704747 147.8877 48.32607
v -4.378045 152.1712 44.77147
v 0.35945 143.2283 51.55758
v 2.52895 142.9895 52.31527
v 0.505651 146.1832 55.88308
v -4.357341 155.8288 39.46027
v -4.378045 152.1712 44.77147
v -1.704747 147.8877 48.32607
v -1.704747 147.8877 48.32607
v -0.567548 146.0488 50.94257
v 2.52895 142.9895 52.31527
v -1.684048 153.4252 48.64307
v -0.54685 151.8309 51.41547
v 2.549648 151.8798 54.76828
v -37.06182 22.02894 -29.96706
v -33.94417 41.10623 -29.6505
v -25.19107 35.29559 -34.17892
v -23.6811 44.88207 -32.24624
v -19.91567 18.92247 -27.95416
v -16.22169 37.89528 -27.56995
v -16.70246 38.35862 -22.75927
v -20.41144 21.41774 -19.87997
v -27.66089 33.04946 -16.60679
v -34.42495 41.56957 -24.83981
v -37.5576 24.5243 -21.89288
v -41.56145 49.80894 -2.449196
v -23.37482 56.73112 -16.56839
v -12.37205 44.52047 0.977467
v -18.53084 37.58017 6.623861
v -29.8474 38.21016 9.982508
v -39.62056 41.40118 4.148023
v -36.42181 56.6904 0.496321
v -24.75249 56.77419 -4.766746
v -15.33208 52.86938 2.972156
v -25.33908 56.96708 -4.69062
v -36.05356 59.93985 -0.68424
v -14.86543 56.11893 0.719556
v -15.89902 61.02303 9.307322
v -34.48509 64.3747 8.076052
v -18.34444 73.44024 -13.5074
v -33.00594 77.18111 -8.586897
v -7.354944 68.21253 -5.90765
v -7.653488 70.84709 5.76895
v -21.4954 75.68115 15.81164
v -24.97803 65.48057 13.0336
v -33.30439 79.81567 3.089691
v -17.17606 83.93199 -18.25928
v -28.17749 84.86842 -12.02971
v -7.61678 75.59683 -5.49283
v -7.904371 79.00791 8.132774
v -17.33332 92.944 8.645479
v -28.58881 87.00394 -0.008669
v -9.650599 96.7724 -18.9664
v -22.3897 97.77431 -14.17571
v -13.41391 97.3703 7.045903
v -21.95501 95.21411 -2.302903
v -48.91994 -0.226398 1.618042
v -46.33533 8.534504 -3.924557
v -49.85184 2.143006 -7.056458
v -48.91994 -0.226398 1.618042
v -49.85184 2.143006 -7.056458
v -41.67584 2.143001 -3.243961
v -41.67584 2.143001 -3.243961
v -44.16124 12.30511 -8.587057
v -45.42794 1.535707 -14.65396
v -45.42794 1.535707 -14.65396
v -38.69944 1.535702 -11.51636
v -38.69944 1.535702 -11.51636
v -41.68013 13.67951 -13.90766
v -35.63083 12.91871 -26.88036
v -43.91864 1.440811 -28.32566
v -43.91864 1.440811 -28.32566
v -35.87194 2.335604 -16.66146
v -35.87194 2.335604 -16.66146
v -36.69743 -0.226406 7.317436
v -34.11293 8.534494 1.774939
v -37.62934 2.142997 -1.357062
v -36.69743 -0.226406 7.317436
v -37.62934 2.142997 -1.357062
v -29.45333 2.142992 2.455534
v -29.45333 2.142992 2.455534
v -31.93873 12.3051 -2.887659
v -33.20554 1.535698 -8.954561
v -33.20554 1.535698 -8.954561
v -26.47693 1.535694 -5.816959
v -26.47693 1.535694 -5.816959
v -29.45762 13.6795 -8.208261
v -23.40843 12.9187 -21.18097
v -31.08163 2.3356 -14.42767
v -31.08163 2.3356 -14.42767
v -16.60503 1.419792 -15.85378
v -16.60503 1.419792 -15.85378
v -16.71575 -0.712091 -48.14919
v -23.14975 0.141308 -45.02458
v -18.48244 6.833206 -44.36048
v -16.71575 -0.712091 -48.14919
v -14.97375 0.141302 -41.21208
v -23.14975 0.141308 -45.02458
v -14.97375 0.141302 -41.21208
v -29.75615 1.309809 -36.87277
v -22.62993 11.67061 -35.46617
v -16.97194 1.309799 -30.91138
v -29.75615 1.309809 -36.87277
v -16.97194 1.309799 -30.91138
v -25.16504 10.44841 -30.02967
v -36.09063 4.764202 -9.778156
v -34.39282 15.7206 -13.26276
v -23.46042 20.9739 -21.06936
v -24.28613 16.78251 -31.91437
v -28.15192 25.18931 -25.21956
v -31.29452 21.32781 -19.90706
v -35.68293 20.97391 -26.76876
v -36.09063 4.764202 -9.778156
vn -0 0.589776 0.807567
vn 0.497907 0.783912 0.370906
vn 0 0.935062 0.354485
vn 0.182798 0.696192 0.694192
vn -0.094801 0.88331 0.459105
vn 0.361914 0.433218 0.825434
vn 0.814607 0.567904 0.117901
vn 0 0.957719 0.287706
vn -0.019799 0.713785 -0.700085
vn 0 0.971192 -0.238298
vn 0.373001 0.901102 -0.221101
vn 0 0.942545 -0.334081
vn 0.43939 0.890178 -0.120497
vn 0.950203 0.2027 -0.2367
vn 0.800511 0.586707 -0.122302
vn -0 0.483009 0.875616
vn -0.135896 0.362888 0.92187
vn 0.583791 0.116598 0.803488
vn 0.422889 0.497687 0.75728
vn 0.459098 -0.852397 0.250299
vn 0.804908 0.123501 0.580406
vn 0.804908 0.123501 0.580406
vn 0.760628 -0.611523 0.217909
vn 0.951539 -0.302713 -0.054202
vn 0.459098 -0.852397 0.250299
vn 0.598779 -0.0151 0.800772
vn 0.377803 0.665805 0.643405
vn 0.849174 -0.096697 0.519185
vn 0.856206 -0.187002 0.481604
vn -0 0.376919 0.926246
vn 0.695062 0.237287 0.678663
vn -0 0.2435 0.969901
vn -0 0.216401 0.976305
vn 0.420713 0.173605 0.890428
vn 0.951539 -0.302713 -0.054202
vn 0.856206 -0.187002 0.481604
vn 0.816991 -0.233198 0.527395
vn 0.314907 0.457611 0.83152
vn 0.361914 0.433218 0.825434
vn -0.094801 0.88331 0.459105
vn -0.491679 0.864865 0.101296
vn -0.019799 0.713785 -0.700085
vn 0.95731 0.264102 0.117502
vn 0.195107 0.843632 0.500219
vn -0.810292 0.503596 0.299697
vn -0.954259 -0.211513 -0.211313
vn 0.900764 0.420383 -0.109096
vn 0.193195 0.921474 0.33699
vn -0.72239 0.529193 0.445093
vn -0.934032 -0.357012 0.0113
vn 0.945429 0.300309 -0.126404
vn 0.375415 0.833633 0.405116
vn -0.543308 0.707911 0.451307
vn -0.993517 0.101302 -0.051601
vn 0.159897 -0.253694 -0.953977
vn 0.788323 -0.552017 -0.271708
vn 0.894418 -0.439909 0.080602
vn 0.894418 -0.439909 0.080602
vn 0.788323 -0.552017 -0.271708
vn 0.159897 -0.253694 -0.953977
vn -0.188601 -0.798704 -0.571403
vn 0.698903 -0.549002 -0.458401
vn -0.196492 -0.841965 -0.502479
vn 0.715865 -0.458078 -0.526974
vn -0.474404 -0.457304 -0.752206
vn 0.589209 -0.332906 -0.736211
vn -0.046001 0.936435 -0.347813
vn 0.853061 0.246389 0.459979
vn 0.812352 -0.550608 -0.192135
vn 0.472311 -0.066502 0.87892
vn 0.814485 0.57951 0.027965
vn 0.527412 -0.09723 -0.844028
vn 0.768008 0.606446 0.205883
vn 0.867898 -0.215646 0.447493
vn 0.417103 0.694549 0.586198
vn 0.745929 0.659131 0.095585
vn -0.072929 -0.158281 -0.984697
vn 0.003963 0.538909 -0.842355
vn -0.165411 0.479115 -0.862026
vn 0.033337 0.791837 -0.609821
vn -0.277504 0.777665 -0.564117
vn -0.011531 -0.641815 0.766773
vn 0.036899 -0.087837 0.995451
vn 0.721697 0.179967 0.668405
vn 0.044202 -0.482184 0.874954
vn 0.018416 -0.305957 0.951867
vn 0.480536 -0.486286 -0.729802
vn 0.696909 -0.176666 0.695059
vn 0.600086 -0.557214 0.573943
vn 0.583575 -0.689439 0.429085
vn -0.021224 -0.694547 0.719134
vn 0.269421 -0.574536 0.772866
vn -0.170796 -0.117497 -0.978276
vn 0.502532 -0.318412 -0.803789
vn 0.046702 0.453314 -0.890127
vn 0.821212 0.251304 -0.512307
vn 0.056642 0.940725 -0.334407
vn 0.065019 0.946905 -0.31487
vn -0.133964 -0.804594 -0.578518
vn 0.82478 -0.545956 -0.147209
vn 0.563776 -0.73872 0.369392
vn -0.142381 -0.855222 0.49832
vn 0.531794 -0.83174 0.159384
vn 0.329028 0.158325 0.930953
vn 0.383235 0.153418 0.910821
vn 0.492186 -0.319762 0.809633
vn -0.456634 -0.613434 0.644348
vn -0.841546 -0.084973 0.533461
vn 0.330053 0.7142 0.617239
vn -0.775445 -0.537899 -0.330682
vn 0.727278 0.68369 0.060291
vn 0.295774 0.954606 0.035275
vn 0.891811 0.42628 -0.151524
vn -0.398242 0.848608 -0.348235
vn -0.817038 -0.042497 -0.575016
vn -0.146793 -0.361481 0.920752
vn -0 0.115896 0.993261
vn 0.883124 0.468987 -0.011968
vn 0.745929 0.659131 0.095585
vn 0.083911 0.981693 -0.170992
vn 0.056642 0.940725 -0.334407
vn 0.867898 -0.215646 0.447493
vn -0.29639 -0.434921 -0.850292
vn -0.110775 0.079519 -0.990659
vn 0.494554 0.463024 -0.735544
vn 0.570527 0.741316 -0.353483
vn 0.31526 0.332719 -0.888768
vn -0.15176 -0.059591 -0.986619
vn 0.735456 -0.392699 -0.552171
vn 0.560495 0.361038 -0.745317
vn -0.0026 0.46959 -0.882881
vn -0.014497 -0.636481 -0.771156
vn 0.229334 0.838903 0.493607
vn 0.239321 0.855293 -0.459565
vn 0.529107 0.347609 0.774089
vn 0.359694 0.344395 0.867187
vn 0.818674 0.389488 0.421987
vn 0.69043 0.647028 -0.323514
vn -0.0001 0.426779 0.904356
vn -0.0042 0.509718 -0.860331
vn -0.0005 0.213106 -0.977029
vn 0.3064 0.544201 0.781002
vn 0.90354 0.404918 0.140206
vn 0.736806 0.251702 -0.627505
vn 0.0097 -0.120804 0.992629
vn 0.150096 -0.211094 -0.965873
vn 0.052403 -0.598727 -0.799237
vn 0.129905 -0.816031 -0.563221
vn 0.023901 0.998211 0.0548
vn 0.583791 0.116598 0.803488
vn -0.135896 0.362888 0.92187
vn 0.57139 -0.423793 0.702789
vn -0.012601 -0.995146 0.097605
vn 0.441999 -0.879299 -0.177399
vn 0.583789 -0.777486 0.233896
vn 0.583789 -0.777486 0.233896
vn 0.809028 -0.551119 0.204308
vn 0.459104 0.133401 0.878309
vn 0.809028 -0.551119 0.204308
vn 0.809028 -0.551119 0.204308
vn 0.988272 -0.0013 0.152696
vn 0.760624 0.061002 0.646321
vn 0.459104 0.133401 0.878309
vn -0 -0.976215 -0.216803
vn 0.557721 -0.683026 -0.471617
vn 0.439291 -0.854283 -0.277894
vn 0.942117 -0.295506 0.158403
vn 0.850057 -0.478777 0.21949
vn -0 -0.996985 -0.077599
vn -0 -0.949321 0.314307
vn 0.988272 -0.0013 0.152696
vn 0.978745 -0.179709 0.098805
vn 0.583789 -0.777486 0.233896
vn 0.571407 -0.457806 0.681109
vn -0.012601 -0.995146 0.097605
vn 0.0139 -0.900708 -0.434204
vn -0.011531 -0.641815 0.766773
vn 0.261899 -0.839997 0.475199
vn -0 0.517302 0.855803
vn -0.186802 0.757609 0.625407
vn -0.224413 0.745544 0.627537
vn 0 0.772776 0.63468
vn -0.224413 0.745544 0.627537
vn 0 0.772776 0.63468
vn -0.304106 0.758616 0.576212
vn -0.191003 0.741311 0.643409
vn 0 0.793096 0.609097
vn 0.085201 -0.932414 -0.351205
vn -0 -0.986692 -0.162598
vn -0.035899 -0.947781 -0.316894
vn -0.178804 -0.970221 -0.163403
vn -0 -0.985685 -0.168597
vn 0.783514 0.227604 -0.578189
vn 0.028292 -0.173551 -0.984419
vn 0.749008 -0.038081 -0.661466
vn -0.399553 -0.15639 -0.903272
vn -0.958441 -0.14059 -0.248245
vn -0.911895 -0.31537 -0.26266
vn -0.50038 -0.447998 0.74089
vn -0.878363 0.295655 0.375588
vn 0.131777 0.194495 0.972012
vn 0.88328 0.4682 0.02462
vn 0.971928 -0.187501 0.142125
vn -0.3602 0.561991 -0.744596
vn 0.869728 0.243696 -0.429169
vn -0.988618 0.086761 0.122911
vn -0.721054 -0.414207 0.55544
vn 0.048908 -0.783873 0.618992
vn 0.979987 -0.174831 0.095182
vn -0.195301 0.302752 -0.932844
vn 0.784006 0.147493 -0.602976
vn -0.98549 0.165875 -0.035987
vn -0.068108 -0.613164 -0.787015
vn 0.704108 -0.32844 -0.62957
vn -0.852324 -0.518894 -0.065526
vn -0.712635 0.003061 0.701528
vn 0.955025 0.294131 0.037619
vn -0.149851 -0.689429 -0.708684
vn 0.768455 -0.221314 -0.600413
vn -0.871373 -0.453473 -0.187276
vn -0.575215 0.046552 0.816677
vn 0.216896 0.389912 0.894944
vn 0.186142 0.476655 0.859157
vn 0.854371 0.511433 0.092124
vn -0.084385 -0.606508 -0.790587
vn 0.705978 0.232333 -0.669042
vn -0.762333 -0.632136 -0.138757
vn -0.662606 0.123206 0.738765
vn 0.205214 0.796317 0.569004
vn 0.580212 0.74355 -0.332398
vn 0.150096 -0.211094 -0.965873
vn 0.736806 0.251702 -0.627505
vn 0.129905 -0.816031 -0.563221
vn -0.006 -0.747848 0.663843
vn 0.3064 0.544201 0.781002
vn 0.90354 0.404918 0.140206
vn -0.006 -0.747848 0.663843
vn 0.280501 0.572403 0.770503
vn 0.84931 0.525207 -0.053201
vn 0.512708 0.756713 0.405606
vn -0.103397 -0.953176 -0.284192
vn -0.040601 -0.992934 -0.111503
vn -0.018999 -0.998456 -0.052197
vn -0.705917 0.43611 0.558112
vn 0.906585 0.365894 -0.210296
vn -0.2715 0.871398 0.408599
vn 0.0004 -1 0.001001
vn -0.036998 -0.999157 -0.017799
vn -0.873339 0.353616 0.335014
vn 0.437396 0.897493 0.056499
vn 0.685979 0.509785 -0.519184
vn 0.678597 0.444298 -0.584898
vn -0.005299 -0.997871 0.064999
vn -0.059599 -0.997693 0.0325
vn 0.80007 0.452484 0.393886
vn 0.280501 0.572403 0.770503
vn 0.84931 0.525207 -0.053201
vn 0.512708 0.756713 0.405606
vn -0.103397 -0.953176 -0.284192
vn -0.040601 -0.992934 -0.111503
vn -0.018999 -0.998456 -0.052197
vn -0.705878 0.436086 0.558181
vn 0.894388 0.363395 -0.260796
vn -0.2715 0.871398 0.408599
vn 0.0168 -0.998796 0.0461
vn 0.0405 -0.998689 -0.031299
vn -0.84293 0.397014 0.363112
vn 0.524688 0.848582 -0.067899
vn 0.306104 0.68171 0.664509
vn -0.79492 0.428011 0.43001
vn 0.053002 -0.997426 -0.048301
vn 0.063202 -0.996423 0.056102
vn -0.8 0.5996 0.021899
vn -0.299194 0.484589 -0.821983
vn 0.0256 0.713592 -0.700093
vn 0.577563 0.432672 -0.692255
vn 0.052 -0.988385 0.142798
vn 0.043302 -0.991937 0.119105
vn 0.045501 -0.991113 0.125002
vn -0.88144 0.463621 -0.090105
vn -0.335593 0.938879 -0.076699
vn 0.668081 0.579383 -0.466887
vn 0.0104 -0.997902 0.063901
vn 0.039 -0.996875 0.068699
vn -0.792593 0.599094 0.113498
vn -0.490716 0.590919 -0.640322
vn 0.314404 0.333406 0.888814
vn 0.415705 0.458607 0.78541
vn -0.903503 0.348401 0.2496
vn -0.078004 0.994548 -0.069204
vn -0.191602 0.249202 -0.949309
vn -0.004801 0.685582 0.72798
vn 0.772988 0.596591 -0.215797
vn 0.122494 -0.933652 0.336584
vn -0.497907 0.783912 0.370905
vn -0.182798 0.696192 0.694192
vn 0.094801 0.88331 0.459105
vn -0.361915 0.433218 0.825433
vn -0.814606 0.567905 0.117901
vn 0.0198 0.713785 -0.700085
vn -0.373 0.901102 -0.221101
vn -0.439389 0.890179 -0.120498
vn -0.782185 0.55769 0.277794
vn -0.979309 0.199902 0.0315
vn 0.135895 0.362888 0.92187
vn -0.422889 0.497687 0.75728
vn -0.583791 0.116599 0.803488
vn -0.804908 0.123502 0.580405
vn -0.459099 -0.852396 0.250299
vn -0.804908 0.123502 0.580405
vn -0.95154 -0.302712 -0.054203
vn -0.760629 -0.611523 0.217908
vn -0.459099 -0.852396 0.250299
vn -0.377803 0.665805 0.643404
vn -0.598779 -0.015099 0.800772
vn -0.856206 -0.187001 0.481603
vn -0.849175 -0.096697 0.519184
vn -0.695079 0.237193 0.678679
vn -0.420714 0.173606 0.890428
vn -0.95154 -0.302712 -0.054203
vn -0.856206 -0.187001 0.481603
vn -0.314908 0.457611 0.83152
vn -0.816991 -0.233197 0.527394
vn -0.361915 0.433218 0.825433
vn 0.094801 0.88331 0.459105
vn 0.49168 0.864864 0.101296
vn 0.0198 0.713785 -0.700085
vn -0.195107 0.843632 0.500219
vn -0.95731 0.264103 0.117501
vn 0.810292 0.503595 0.299697
vn 0.954258 -0.211514 -0.211313
vn -0.193194 0.921474 0.33699
vn -0.900764 0.420384 -0.109096
vn 0.722428 0.52912 0.445118
vn 0.934031 -0.357013 0.011301
vn -0.375415 0.833634 0.405116
vn -0.945429 0.30031 -0.126404
vn 0.543309 0.707911 0.451307
vn 0.993517 0.101301 -0.051601
vn -0.788323 -0.552016 -0.271708
vn -0.159896 -0.253694 -0.953977
vn -0.902268 -0.420285 0.096296
vn -0.902268 -0.420285 0.096296
vn -0.788323 -0.552016 -0.271708
vn -0.159896 -0.253694 -0.953977
vn -0.698903 -0.549002 -0.458402
vn 0.188601 -0.798704 -0.571403
vn -0.715865 -0.458077 -0.526975
vn 0.196492 -0.841966 -0.502479
vn -0.589209 -0.332905 -0.736212
vn 0.474404 -0.457304 -0.752206
vn 0.046002 0.936435 -0.347813
vn -0.879218 0.234505 0.414708
vn -0.481986 -0.0031 0.876174
vn -0.957182 -0.229942 -0.175867
vn -0.942469 0.326113 0.073508
vn -0.896514 0.366371 0.249067
vn -0.693665 -0.028967 -0.719715
vn -0.951783 -0.008407 0.306657
vn -0.615921 0.765363 0.186711
vn -0.421637 0.831763 0.361099
vn 0.011499 0.316622 -0.948482
vn 0.341255 0.730772 -0.5912
vn -0.321783 0.315928 0.89255
vn -0.040067 -0.475824 0.878627
vn -0.620109 -0.467345 -0.630122
vn -0.595455 -0.071798 0.800174
vn -0.548104 -0.489814 0.677986
vn -0.696282 -0.671693 0.253021
vn -0.284585 -0.532531 0.797134
vn -0.104098 0.595892 -0.796289
vn -0.50944 0.070203 -0.857638
vn -0.775106 0.547304 -0.315703
vn -0.41973 0.805682 -0.417976
vn 0.252518 -0.959242 0.126845
vn -0.906596 -0.41551 -0.073724
vn -0.521678 -0.703766 0.482252
vn -0.676635 -0.674877 0.29446
vn -0.312567 0.066078 0.947595
vn -0.514724 -0.661961 0.544855
vn -0.364079 0.045908 0.930236
vn 0.887506 0.217658 0.406151
vn 0.802899 -0.434928 0.407665
vn -0.528238 0.630787 0.568394
vn 0.938546 -0.153428 -0.30918
vn -0.888597 0.447264 0.101735
vn -0.973375 0.198815 -0.114078
vn -0.535031 0.840799 0.082462
vn 0.141005 0.923598 -0.356489
vn 0.776826 0.20637 -0.59494
vn -0.800526 0.572542 0.177071
vn -0.615921 0.765363 0.186711
vn -0.951783 -0.008407 0.306657
vn 0.497693 -0.279158 -0.821202
vn 0.033274 0.100021 -0.994429
vn -0.64199 0.298875 -0.706061
vn -0.451835 0.214038 -0.866044
vn -0.777975 0.543536 -0.315157
vn 0.098507 -0.057843 -0.993454
vn -0.633656 -0.526303 -0.566996
vn -0.682449 0.131958 -0.718923
vn 0.138143 -0.567793 -0.811497
vn -0.494326 0.688681 0.530435
vn -0.821237 0.565759 -0.074076
vn -0.283602 0.236214 0.929394
vn -0.384981 0.306184 0.870656
vn -0.834792 0.360997 0.415696
vn -0.703371 0.630474 -0.328287
vn -0.0082 0.47009 -0.882581
vn -0.478414 -0.035301 0.877425
vn -0.921148 0.284984 0.265085
vn -0.708523 0.389713 -0.588319
vn -0.068398 0.079598 -0.994478
vn -0.583791 0.116599 0.803488
vn -0.571391 -0.423793 0.702789
vn 0.135895 0.362888 0.92187
vn 0.0126 -0.995146 0.097605
vn -0.583789 -0.777485 0.233896
vn -0.441999 -0.879298 -0.1774
vn -0.583789 -0.777485 0.233896
vn -0.459105 0.133402 0.878309
vn -0.809028 -0.551119 0.204307
vn -0.809028 -0.551119 0.204307
vn -0.809028 -0.551119 0.204307
vn -0.760624 0.061003 0.64632
vn -0.988273 -0.001299 0.152695
vn -0.459105 0.133402 0.878309
vn -0.439291 -0.854282 -0.277894
vn -0.552292 -0.697689 -0.456293
vn -0.850058 -0.478776 0.219489
vn -0.930301 -0.3162 0.1859
vn -0.988273 -0.001299 0.152695
vn -0.97454 -0.167006 0.149606
vn -0.583789 -0.777485 0.233896
vn 0.0126 -0.995146 0.097605
vn -0.571407 -0.457805 0.681108
vn -0.2619 -0.839997 0.475199
vn 0.186802 0.757609 0.625407
vn 0.224413 0.745544 0.627537
vn 0.224413 0.745544 0.627537
vn 0.304107 0.758616 0.576212
vn 0.191003 0.741311 0.64341
vn -0.085201 -0.932414 -0.351205
vn 0.035899 -0.947782 -0.316894
vn 0.178804 -0.970221 -0.163403
vn -0.835087 0.442637 -0.326652
vn -0.800214 0.262716 -0.539108
vn -0.105511 0.365016 -0.925003
vn 0.326951 0.366111 -0.871244
vn 0.937937 0.074848 -0.338632
vn 0.895199 -0.069243 -0.440254
vn 0.572713 -0.734153 0.364718
vn 0.898094 0.114359 0.424675
vn -0.055546 -0.351467 0.934551
vn -0.951097 -0.299177 0.076863
vn -0.890773 0.325553 0.317081
vn -0.908952 0.372697 -0.186823
vn 0.281053 0.89104 -0.356451
vn 0.99263 0.07626 0.094183
vn 0.776154 -0.593608 0.212638
vn 0.024681 -0.993004 0.11547
vn -0.963379 -0.264487 0.044145
vn -0.832695 0.395267 -0.387793
vn 0.111146 0.765772 -0.633435
vn 0.972953 0.230971 0.003883
vn -0.029697 -0.258575 -0.965535
vn -0.775218 -0.083877 -0.626101
vn 0.833913 -0.41964 -0.358456
vn 0.789503 -0.244077 0.563127
vn -0.942056 0.217464 0.25542
vn 0.061092 -0.350331 -0.934632
vn -0.835265 -0.000095 -0.549848
vn 0.840486 -0.307759 -0.445947
vn 0.667795 -0.253144 0.699977
vn -0.080545 0.094364 0.992274
vn -0.107467 -0.000746 0.994209
vn -0.834537 0.398923 0.380011
vn 0.069908 -0.310434 -0.948021
vn -0.801299 0.349785 -0.485357
vn 0.867419 -0.330118 -0.372298
vn 0.717175 -0.070353 0.693333
vn -0.278051 0.362212 0.889657
vn -0.774662 0.573699 0.266024
vn -0.068398 0.079598 -0.994478
vn -0.708523 0.389713 -0.588319
vn -0.478414 -0.035301 0.877425
vn -0.921148 0.284984 0.265085
vn -0.346491 0.572386 0.743182
vn -0.546122 0.756732 0.359316
vn -0.841434 0.525222 -0.127005
vn 0.127796 -0.953174 -0.274093
vn 0.023498 -0.998458 -0.050298
vn 0.050201 -0.992926 -0.107603
vn 0.654546 0.43613 0.617543
vn 0.234899 0.871392 0.430696
vn -0.884806 0.365903 -0.288502
vn 0.038397 -0.999157 -0.0145
vn -0.000401 -1 0.0009
vn 0.840802 0.3536 0.409901
vn -0.440687 0.897476 0.0182
vn -0.62498 0.444287 -0.641879
vn -0.638101 0.509801 -0.577001
vn 0.056499 -0.997698 0.037499
vn -0.000401 -0.997872 0.065198
vn -0.83132 0.452511 0.322709
vn -0.346491 0.572386 0.743182
vn -0.546122 0.756732 0.359316
vn -0.841434 0.525222 -0.127005
vn 0.127796 -0.953174 -0.274093
vn 0.023498 -0.998458 -0.050298
vn 0.050201 -0.992926 -0.107603
vn 0.654546 0.43613 0.617543
vn 0.234804 0.871412 0.430707
vn -0.868226 0.363412 -0.33781
vn -0.037601 -0.99869 -0.0347
vn -0.020701 -0.998795 0.044499
vn 0.808087 0.396993 0.435193
vn -0.516783 0.848573 -0.113396
vn 0.754397 0.427998 0.497698
vn -0.362809 0.681719 0.635318
vn -0.067803 -0.99643 0.050301
vn -0.048602 -0.997427 -0.052702
vn 0.79507 0.599577 0.091496
vn 0.369691 0.484589 -0.792781
vn -0.514986 0.432689 -0.73998
vn 0.035599 0.713574 -0.699675
vn -0.0642 -0.988391 0.137699
vn -0.056201 -0.991109 0.120601
vn -0.053503 -0.991946 0.114805
vn 0.88594 0.46362 -0.012901
vn -0.624791 0.579393 -0.523393
vn 0.340995 0.938885 -0.047099
vn -0.0449 -0.996875 0.064998
vn -0.015901 -0.997906 0.0627
vn 0.779695 0.599096 0.182099
vn 0.544699 0.590898 -0.595099
vn -0.390621 0.333419 0.858049
vn -0.482592 0.458593 0.746189
vn 0.878307 0.348402 0.327402
vn 0.2736 0.2492 -0.929001
vn 0.083705 0.994554 -0.062103
vn -0.058699 0.685604 0.725605
vn -0.751227 0.596623 -0.28231
vn -0.151394 -0.933661 0.324586
vt 0.5376 0.3315
vt 0.5789 0.3392
vt 0.5764 0.3648
vt 0.5548 0.2991
vt 0.5817 0.298
vt 0.5597 0.2717
vt 0.6232 0.3235
vt 0.6165 0.3659
vt 0.6015 0.2985
vt 0.6165 0.3659
vt 0.6511 0.3282
vt 0.6611 0.3492
vt 0.6232 0.3235
vt 0.6461 0.2239
vt 0.6511 0.3282
vt 0.5156 0.299
vt 0.4744 0.119
vt 0.4781 0.1257
vt 0.5092 0.2486
vt 0.4956 0.1147
vt 0.4956 0.1419
vt 0.0679 0.1358
vt 0.0856 0.0225
vt 0.0572 0.0861
vt 0.0963 0.1036
vt 0.5257 0.2516
vt 0.5447 0.2498
vt 0.5298 0.2256
vt 0.5559 0.2289
vt 0.5058 0.2658
vt 0.5088 0.2614
vt 0.4873 0.1621
vt 0.4801 0.124
vt 0.5145 0.2371
vt 0.5316 0.1786
vt 0.573 0.9966
vt 0.6056 0.8287
vt 0.6135 0.8697
vt 0.5844 0.9933
vt 0.6283 0.9905
vt 0.6445 0.9385
vt 0.6456 0.9834
vt 0.6669 0.7818
vt 0.6684 0.8175
vt 0.6681 0.867
vt 0.6661 0.8802
vt 0.7239 0.793
vt 0.7122 0.8229
vt 0.7045 0.8668
vt 0.7082 0.8801
vt 0.7557 0.83
vt 0.7435 0.8507
vt 0.7356 0.8864
vt 0.7398 0.9011
vt 0.6042 0.2763
vt 0.6056 0.2426
vt 0.5985 0.1822
vt 0.596 0.992
vt 0.6202 0.8411
vt 0.6474 0.9119
vt 0.6647 0.8428
vt 0.6652 0.7938
vt 0.7172 0.8499
vt 0.7251 0.8067
vt 0.7521 0.8796
vt 0.7601 0.8441
vt 0.796 0.9167
vt 0.4308 0.3412
vt 0.4371 0.4567
vt 0.3865 0.306
vt 0.5851 0.7419
vt 0.4882 0.6934
vt 0.5571 0.8341
vt 0.3873 0.9951
vt 0.4694 0.9267
vt 0.4279 0.9737
vt 0.3321 0.4543
vt 0.3321 0.6916
vt 0.373 0.6886
vt 0.332 0.8725
vt 0.354 0.8704
vt 0.332 0.9528
vt 0.332 0.905
vt 0.435 0.901
vt 0.3555 0.7453
vt 0.3321 0.6763
vt 0.4302 0.4739
vt 0.4631 0.7752
vt 0.4199 0.6179
vt 0.435 0.7249
vt 0.3321 0.64
vt 0.3803 0.6023
vt 0.3321 0.4207
vt 0.4172 0.4379
vt 0.3625 0.3003
vt 0.4204 0.3335
vt 0.332 0.9964
vt 0.4627 0.8277
vt 0.4828 0.6266
vt 0.4591 0.5121
vt 0.4259 0.5079
vt 0.3321 0.5819
vt 0.4195 0.4513
vt 0.5719 0.7098
vt 0.5379 0.7902
vt 0.4865 0.7064
vt 0.5393 0.6322
vt 0.5975 0.4906
vt 0.6247 0.5505
vt 0.5836 0.4921
vt 0.6141 0.6471
vt 0.6675 0.449
vt 0.6567 0.5159
vt 0.624 0.448
vt 0.6038 0.4115
vt 0.3321 0.4106
vt 0.3322 0.2661
vt 0.7 0.247
vt 0.7462 0.1353
vt 0.7477 0.2941
vt 0.8004 0.2125
vt 0.6327 0.1325
vt 0.5368 0.5854
vt 0.5643 0.5798
vt 0.5579 0.655
vt 0.5937 0.6308
vt 0.5897 0.5772
vt 0.5959 0.4881
vt 0.6433 0.4231
vt 0.6219 0.5387
vt 0.3322 0.243
vt 0.6109 0.4062
vt 0.5293 0.8917
vt 0.4813 0.8728
vt 0.5007 0.8067
vt 0.3988 0.2479
vt 0.4437 0.271
vt 0.4398 0.3005
vt 0.3321 0.2377
vt 0.3737 0.2661
vt 0.3321 0.2087
vt 0.4057 0.1478
vt 0.4547 0.1303
vt 0.4559 0.1625
vt 0.3333 0.0586
vt 0.3849 0.1363
vt 0.3333 0.0296
vt 0.3381 0.0088
vt 0.6611 0.3492
vt 0.0683 0.1352
vt 0.0573 0.0866
vt 0.0849 0.0225
vt 0.5035 0.024
vt 0.5311 0.0285
vt 0.5084 0.0261
vt 0.4962 0.0031
vt 0.5167 0.0236
vt 0.5029 0.0404
vt 0.5251 0.0452
vt 0.0685 0.1326
vt 0.0567 0.0829
vt 0.0858 0.0164
vt 0.0974 0.1021
vt 0.5458 0.0181
vt 0.576 0.0682
vt 0.5554 0.008
vt 0.5655 0.0913
vt 0.5468 0.0543
vt 0.5319 0.0107
vt 0.5088 0.0304
vt 0.5345 0.0738
vt 0.5664 0.1563
vt 0.0681 0.1327
vt 0.0851 0.0206
vt 0.0583 0.0822
vt 0.5943 0.0651
vt 0.6159 0.0899
vt 0.0016 0.0944
vt 0.0166 0.2105
vt 0.0521 0.0835
vt 0.101 0.1042
vt 0.0844 0.2005
vt 0.5345 0.0738
vt 0.5379 0.0561
vt 0.5169 0.0537
vt 0.5035 0.024
vt 0.5088 0.0304
vt 0.0607 0.0834
vt 0.0356 0.2005
vt 0.1023 0.1035
vt 0.0984 0.1875
vt 0.0924 0.2028
vt 0.956 -0.002
vt 0.9837 0.0878
vt 0.9741 0.1935
vt 0.9938 0.2321
vt 0.956 -0.002
vt 0.9741 0.1935
vt 0.9564 0.2087
vt 0.9268 0.0328
vt 0.9423 0.1885
vt 0.9268 0.0328
vt 0.9564 0.2087
vt 0.9729 0.3429
vt 0.8596 0.4023
vt 0.8596 0.4023
vt 0.8233 0.3794
vt 0.8017 0.3788
vt 0.8233 0.3794
vt 0.8998 0.4453
vt 0.869 0.4426
vt 0.869 0.4426
vt 0.9032 0.5101
vt 0.8714 0.5018
vt 0.8714 0.5018
vt 0.8303 0.5379
vt 0.8303 0.5379
vt 0.934 0.6356
vt 0.9052 0.6679
vt 0.9005 0.6207
vt 0.838 0.6677
vt 0.8094 0.5606
vt 0.796 0.6769
vt 0.8397 0.7125
vt 0.9822 0.7868
vt 0.9107 0.72
vt 0.8951 0.6937
vt 0.8334 0.804
vt 0.813 0.831
vt 0.846 0.7613
vt 0.9804 0.9751
vt 0.9084 0.9906
vt 0.894 0.7315
vt 0.8261 0.7768
vt 0.8205 0.9204
vt 0.8544 0.9567
vt 0.3381 0.0199
vt 0.5133 0.2351
vt 0.5535 0.2516
vt 0.5124 0.2917
vt 0.5133 0.2351
vt 0.5535 0.2516
vt 0.5535 0.2516
vt 0.5535 0.2516
vt 0.6251 0.2207
vt 0.5664 0.3591
vt 0.6251 0.2207
vt 0.6251 0.2207
vt 0.6251 0.2207
vt 0.6245 0.3296
vt 0.6756 0.23
vt 0.6802 0.334
vt 0.6475 0.2324
vt 0.6756 0.23
vt 0.6475 0.2324
vt 0.5133 0.2351
vt 0.5535 0.2516
vt 0.5124 0.2917
vt 0.5133 0.2351
vt 0.5535 0.2516
vt 0.5535 0.2516
vt 0.5535 0.2516
vt 0.6251 0.2207
vt 0.5664 0.3591
vt 0.6251 0.2207
vt 0.6251 0.2207
vt 0.6251 0.2207
vt 0.6245 0.3296
vt 0.6475 0.2324
vt 0.6802 0.334
vt 0.6765 0.23
vt 0.6475 0.2324
vt 0.6765 0.23
vt 0.7946 0.2393
vt 0.773 0.3129
vt 0.7695 0.243
vt 0.7946 0.2393
vt 0.7695 0.243
vt 0.7695 0.243
vt 0.7695 0.243
vt 0.732 0.3332
vt 0.7288 0.2395
vt 0.7288 0.2395
vt 0.7288 0.2395
vt 0.7288 0.2395
vt 0.7092 0.3177
vt 0.6222 0.2491
vt 0.6335 0.3498
vt 0.677 0.4057
vt 0.6824 0.4447
vt 0.7151 0.3757
vt 0.66 0.4055
vt 0.677 0.4057
vt 0.6222 0.2491
vt 0.5789 0.3392
vt 0.5548 0.2991
vt 0.5817 0.298
vt 0.5597 0.2717
vt 0.6232 0.3235
vt 0.6015 0.2985
vt 0.6511 0.3282
vt 0.6232 0.3235
vt 0.6511 0.3282
vt 0.6461 0.2239
vt 0.4744 0.119
vt 0.5092 0.2486
vt 0.4781 0.1257
vt 0.4956 0.1419
vt 0.4956 0.1147
vt 0.0679 0.1358
vt 0.0572 0.0861
vt 0.0856 0.0225
vt 0.0963 0.1036
vt 0.5447 0.2498
vt 0.5257 0.2516
vt 0.5559 0.2289
vt 0.5298 0.2256
vt 0.5088 0.2614
vt 0.5145 0.2371
vt 0.5316 0.1786
vt 0.573 0.9966
vt 0.6135 0.8697
vt 0.6056 0.8287
vt 0.5844 0.9933
vt 0.6283 0.9905
vt 0.6445 0.9385
vt 0.6456 0.9834
vt 0.6684 0.8175
vt 0.6669 0.7818
vt 0.6681 0.867
vt 0.6661 0.8802
vt 0.7122 0.8229
vt 0.7239 0.793
vt 0.7045 0.8668
vt 0.7082 0.8801
vt 0.7435 0.8507
vt 0.7557 0.83
vt 0.7356 0.8864
vt 0.7398 0.9011
vt 0.6056 0.2426
vt 0.6042 0.2763
vt 0.5985 0.1822
vt 0.596 0.992
vt 0.6202 0.8411
vt 0.6474 0.9119
vt 0.6652 0.7938
vt 0.6647 0.8428
vt 0.7251 0.8067
vt 0.7172 0.8499
vt 0.7601 0.8441
vt 0.7521 0.8796
vt 0.796 0.9167
vt 0.4308 0.3412
vt 0.3865 0.306
vt 0.4371 0.4567
vt 0.5851 0.7419
vt 0.5571 0.8341
vt 0.4882 0.6934
vt 0.3873 0.9951
vt 0.4279 0.9737
vt 0.4694 0.9267
vt 0.373 0.6886
vt 0.354 0.8704
vt 0.435 0.901
vt 0.3555 0.7453
vt 0.4302 0.4739
vt 0.4631 0.7752
vt 0.4199 0.6179
vt 0.435 0.7249
vt 0.3803 0.6023
vt 0.3625 0.3003
vt 0.4172 0.4379
vt 0.4204 0.3335
vt 0.4627 0.8277
vt 0.4828 0.6266
vt 0.4591 0.5121
vt 0.4259 0.5079
vt 0.4195 0.4513
vt 0.5719 0.7098
vt 0.4865 0.7064
vt 0.5379 0.7902
vt 0.5975 0.4906
vt 0.5393 0.6322
vt 0.6247 0.5505
vt 0.5836 0.4921
vt 0.6141 0.6471
vt 0.6567 0.5159
vt 0.6675 0.449
vt 0.624 0.448
vt 0.6038 0.4115
vt 0.7 0.247
vt 0.7462 0.1353
vt 0.6327 0.1325
vt 0.5368 0.5854
vt 0.5643 0.5798
vt 0.5579 0.655
vt 0.5897 0.5772
vt 0.5937 0.6308
vt 0.5959 0.4881
vt 0.6433 0.4231
vt 0.6219 0.5387
vt 0.6109 0.4062
vt 0.5293 0.8917
vt 0.4813 0.8728
vt 0.5007 0.8067
vt 0.3988 0.2479
vt 0.4437 0.271
vt 0.4398 0.3005
vt 0.3737 0.2661
vt 0.4057 0.1478
vt 0.4547 0.1303
vt 0.4559 0.1625
vt 0.3849 0.1363
vt 0.0683 0.1352
vt 0.0849 0.0225
vt 0.0573 0.0866
vt 0.5035 0.024
vt 0.5084 0.0261
vt 0.5311 0.0285
vt 0.4962 0.0031
vt 0.5029 0.0404
vt 0.5167 0.0236
vt 0.5251 0.0452
vt 0.0685 0.1326
vt 0.0858 0.0164
vt 0.0567 0.0829
vt 0.0974 0.1021
vt 0.5554 0.008
vt 0.576 0.0682
vt 0.5468 0.0543
vt 0.5655 0.0913
vt 0.5345 0.0738
vt 0.5664 0.1563
vt 0.0681 0.1327
vt 0.0583 0.0822
vt 0.0851 0.0206
vt 0.0016 0.0944
vt 0.0521 0.0835
vt 0.101 0.1042
vt 0.5345 0.0738
vt 0.5169 0.0537
vt 0.5035 0.024
vt 0.0607 0.0834
vt 0.1023 0.1035
vt 0.0984 0.1875
vt 0.956 -0.002
vt 0.9741 0.1935
vt 0.9837 0.0878
vt 0.9938 0.2321
vt 0.956 -0.002
vt 0.9741 0.1935
vt 0.9564 0.2087
vt 0.9268 0.0328
vt 0.9423 0.1885
vt 0.9564 0.2087
vt 0.9268 0.0328
vt 0.8596 0.4023
vt 0.9729 0.3429
vt 0.8596 0.4023
vt 0.8233 0.3794
vt 0.8017 0.3788
vt 0.8233 0.3794
vt 0.869 0.4426
vt 0.8998 0.4453
vt 0.869 0.4426
vt 0.9032 0.5101
vt 0.8714 0.5018
vt 0.8714 0.5018
vt 0.8303 0.5379
vt 0.8303 0.5379
vt 0.934 0.6356
vt 0.9052 0.6679
vt 0.9005 0.6207
vt 0.838 0.6677
vt 0.796 0.6769
vt 0.8094 0.5606
vt 0.8397 0.7125
vt 0.9822 0.7868
vt 0.9107 0.72
vt 0.8951 0.6937
vt 0.8334 0.804
vt 0.813 0.831
vt 0.846 0.7613
vt 0.9804 0.9751
vt 0.9084 0.9906
vt 0.8205 0.9204
vt 0.8544 0.9567
vt 0.5133 0.2351
vt 0.5124 0.2917
vt 0.5535 0.2516
vt 0.5133 0.2351
vt 0.5535 0.2516
vt 0.5535 0.2516
vt 0.5535 0.2516
vt 0.5664 0.3591
vt 0.6251 0.2207
vt 0.6251 0.2207
vt 0.6251 0.2207
vt 0.6251 0.2207
vt 0.6245 0.3296
vt 0.6802 0.334
vt 0.6756 0.23
vt 0.6756 0.23
vt 0.6475 0.2324
vt 0.6475 0.2324
vt 0.5133 0.2351
vt 0.5124 0.2917
vt 0.5535 0.2516
vt 0.5133 0.2351
vt 0.5535 0.2516
vt 0.5535 0.2516
vt 0.5535 0.2516
vt 0.5664 0.3591
vt 0.6251 0.2207
vt 0.6251 0.2207
vt 0.6251 0.2207
vt 0.6251 0.2207
vt 0.6245 0.3296
vt 0.6802 0.334
vt 0.6475 0.2324
vt 0.6475 0.2324
vt 0.6765 0.23
vt 0.6765 0.23
vt 0.7946 0.2393
vt 0.7695 0.243
vt 0.773 0.3129
vt 0.7946 0.2393
vt 0.7695 0.243
vt 0.7695 0.243
vt 0.7695 0.243
vt 0.7288 0.2395
vt 0.732 0.3332
vt 0.7288 0.2395
vt 0.7288 0.2395
vt 0.7288 0.2395
vt 0.7092 0.3177
vt 0.6222 0.2491
vt 0.6335 0.3498
vt 0.677 0.4057
vt 0.7151 0.3757
vt 0.6824 0.4447
vt 0.66 0.4055
vt 0.677 0.4057
vt 0.6222 0.2491
f 583/583/583 585/585/585 584/584/584
f 583/583/583 584/584/584 586/586/586
f 586/586/586 584/584/584 587/587/587
f 586/586/586 587/587/587 588/588/588
f 585/585/585 590/590/590 589/589/589
f 585/585/585 589/589/589 584/584/584
f 584/584/584 589/589/589 591/591/591
f 584/584/584 591/591/591 587/587/587
f 592/592/592 594/594/594 593/593/593
f 592/592/592 593/593/593 595/595/595
f 589/589/589 597/597/597 596/596/596
f 589/589/589 596/596/596 591/591/591
f 598/598/598 583/583/583 586/586/586
f 599/599/599 601/601/601 600/600/600
f 600/600/600 603/603/603 602/602/602
f 603/603/603 600/600/600 601/601/601
f 604/604/604 606/606/606 605/605/605
f 605/605/605 607/607/607 604/604/604
f 598/598/598 609/609/609 608/608/608
f 608/608/608 611/611/611 610/610/610
f 611/611/611 608/608/608 609/609/609
f 612/612/612 598/598/598 613/613/613
f 609/609/609 588/588/588 611/611/611
f 614/614/614 613/613/613 601/601/601
f 613/613/613 614/614/614 612/612/612
f 614/614/614 601/601/601 599/599/599
f 599/599/599 615/615/615 614/614/614
f 588/588/588 609/609/609 586/586/586
f 598/598/598 586/586/586 609/609/609
f 616/616/616 601/601/601 613/613/613
f 616/616/616 603/603/603 601/601/601
f 608/608/608 610/610/610 616/616/616
f 610/610/610 603/603/603 616/616/616
f 617/617/617 603/603/603 610/610/610
f 608/608/608 616/616/616 598/598/598
f 598/598/598 616/616/616 613/613/613
f 618/618/618 620/620/620 619/619/619
f 618/618/618 621/621/621 620/620/620
f 621/621/621 622/622/622 620/620/620
f 620/620/620 622/622/622 623/623/623
f 622/622/622 624/624/624 623/623/623
f 619/619/619 626/626/626 625/625/625
f 619/619/619 620/620/620 626/626/626
f 620/620/620 623/623/623 626/626/626
f 626/626/626 623/623/623 627/627/627
f 623/623/623 628/628/628 627/627/627
f 623/623/623 624/624/624 628/628/628
f 625/625/625 630/630/630 629/629/629
f 625/625/625 626/626/626 630/630/630
f 626/626/626 631/631/631 630/630/630
f 626/626/626 627/627/627 631/631/631
f 627/627/627 632/632/632 631/631/631
f 627/627/627 628/628/628 632/632/632
f 629/629/629 634/634/634 633/633/633
f 629/629/629 630/630/630 634/634/634
f 630/630/630 635/635/635 634/634/634
f 630/630/630 631/631/631 635/635/635
f 631/631/631 636/636/636 635/635/635
f 631/631/631 632/632/632 636/636/636
f 596/596/596 638/638/638 637/637/637
f 596/596/596 639/639/639 638/638/638
f 640/640/640 619/619/619 641/641/641
f 640/640/640 618/618/618 619/619/619
f 642/642/642 644/644/644 643/643/643
f 642/642/642 641/641/641 644/644/644
f 641/641/641 625/625/625 644/644/644
f 641/641/641 619/619/619 625/625/625
f 624/624/624 643/643/643 628/628/628
f 624/624/624 642/642/642 643/643/643
f 643/643/643 646/646/646 645/645/645
f 643/643/643 644/644/644 646/646/646
f 644/644/644 629/629/629 646/646/646
f 644/644/644 625/625/625 629/629/629
f 628/628/628 645/645/645 632/632/632
f 628/628/628 643/643/643 645/645/645
f 645/645/645 648/648/648 647/647/647
f 645/645/645 646/646/646 648/648/648
f 646/646/646 633/633/633 648/648/648
f 646/646/646 629/629/629 633/633/633
f 632/632/632 647/647/647 636/636/636
f 632/632/632 645/645/645 647/647/647
f 637/637/637 591/591/591 596/596/596
f 633/633/633 634/634/634 649/649/649
f 634/634/634 635/635/635 649/649/649
f 635/635/635 636/636/636 649/649/649
f 647/647/647 648/648/648 649/649/649
f 648/648/648 633/633/633 649/649/649
f 636/636/636 647/647/647 649/649/649
f 617/617/617 611/611/611 639/639/639
f 611/611/611 617/617/617 610/610/610
f 650/650/650 652/652/652 651/651/651
f 653/653/653 655/655/655 654/654/654
f 656/656/656 658/658/658 657/657/657
f 659/659/659 661/661/661 660/660/660
f 662/662/662 660/660/660 663/663/663
f 660/660/660 661/661/661 663/663/663
f 656/656/656 665/665/665 664/664/664
f 656/656/656 666/666/666 665/665/665
f 656/656/656 657/657/657 666/666/666
f 667/667/667 668/668/668 665/665/665
f 669/669/669 654/654/654 659/659/659
f 667/667/667 665/665/665 670/670/670
f 667/667/667 671/671/671 668/668/668
f 667/667/667 672/672/672 671/671/671
f 667/667/667 670/670/670 672/672/672
f 665/665/665 666/666/666 670/670/670
f 668/668/668 674/674/674 673/673/673
f 675/675/675 677/677/677 676/676/676
f 669/669/669 659/659/659 675/675/675
f 651/651/651 678/678/678 650/650/650
f 679/679/679 680/680/680 658/658/658
f 679/679/679 662/662/662 663/663/663
f 658/658/658 680/680/680 657/657/657
f 681/681/681 669/669/669 682/682/682
f 681/681/681 654/654/654 669/669/669
f 651/651/651 669/669/669 676/676/676
f 683/683/683 685/685/685 684/684/684
f 668/668/668 671/671/671 674/674/674
f 682/682/682 651/651/651 685/685/685
f 686/686/686 688/688/688 687/687/687
f 686/686/686 690/690/690 689/689/689
f 686/686/686 689/689/689 688/688/688
f 686/686/686 653/653/653 691/691/691
f 686/686/686 655/655/655 653/653/653
f 686/686/686 691/691/691 690/690/690
f 686/686/686 687/687/687 655/655/655
f 690/690/690 692/692/692 689/689/689
f 692/692/692 681/681/681 689/689/689
f 681/681/681 688/688/688 689/689/689
f 653/653/653 693/693/693 691/691/691
f 691/691/691 695/695/695 694/694/694
f 691/691/691 696/696/696 690/690/690
f 691/691/691 694/694/694 696/696/696
f 697/697/697 692/692/692 690/690/690
f 672/672/672 670/670/670 688/688/688
f 683/683/683 671/671/671 688/688/688
f 683/683/683 688/688/688 682/682/682
f 688/688/688 681/681/681 682/682/682
f 685/685/685 652/652/652 684/684/684
f 685/685/685 651/651/651 652/652/652
f 698/698/698 652/652/652 699/699/699
f 671/671/671 672/672/672 688/688/688
f 700/700/700 702/702/702 701/701/701
f 702/702/702 703/703/703 701/701/701
f 701/701/701 704/704/704 596/596/596
f 693/693/693 695/695/695 691/691/691
f 696/696/696 697/697/697 690/690/690
f 674/674/674 684/684/684 673/673/673
f 681/681/681 692/692/692 705/705/705
f 692/692/692 706/706/706 705/705/705
f 707/707/707 709/709/709 708/708/708
f 707/707/707 693/693/693 653/653/653
f 707/707/707 653/653/653 654/654/654
f 654/654/654 681/681/681 705/705/705
f 710/710/710 711/711/711 709/709/709
f 709/709/709 711/711/711 712/712/712
f 692/692/692 710/710/710 706/706/706
f 709/709/709 712/712/712 708/708/708
f 669/669/669 675/675/675 676/676/676
f 651/651/651 676/676/676 678/678/678
f 675/675/675 713/713/713 677/677/677
f 676/676/676 677/677/677 678/678/678
f 679/679/679 663/663/663 680/680/680
f 663/663/663 661/661/661 680/680/680
f 661/661/661 654/654/654 680/680/680
f 659/659/659 654/654/654 661/661/661
f 683/683/683 684/684/684 674/674/674
f 671/671/671 683/683/683 674/674/674
f 683/683/683 682/682/682 685/685/685
f 682/682/682 669/669/669 651/651/651
f 684/684/684 652/652/652 698/698/698
f 706/706/706 709/709/709 707/707/707
f 706/706/706 710/710/710 709/709/709
f 707/707/707 708/708/708 693/693/693
f 708/708/708 695/695/695 693/693/693
f 697/697/697 714/714/714 710/710/710
f 692/692/692 697/697/697 710/710/710
f 712/712/712 695/695/695 708/708/708
f 712/712/712 711/711/711 695/695/695
f 714/714/714 711/711/711 710/710/710
f 654/654/654 705/705/705 707/707/707
f 705/705/705 706/706/706 707/707/707
f 700/700/700 701/701/701 596/596/596
f 655/655/655 687/687/687 715/715/715
f 655/655/655 716/716/716 654/654/654
f 716/716/716 680/680/680 654/654/654
f 715/715/715 717/717/717 657/657/657
f 715/715/715 687/687/687 717/717/717
f 717/717/717 666/666/666 657/657/657
f 687/687/687 688/688/688 717/717/717
f 657/657/657 716/716/716 715/715/715
f 670/670/670 666/666/666 717/717/717
f 717/717/717 688/688/688 670/670/670
f 657/657/657 680/680/680 716/716/716
f 655/655/655 715/715/715 716/716/716
f 718/718/718 650/650/650 719/719/719
f 650/650/650 718/718/718 652/652/652
f 719/719/719 678/678/678 720/720/720
f 678/678/678 719/719/719 650/650/650
f 721/721/721 652/652/652 718/718/718
f 652/652/652 721/721/721 699/699/699
f 722/722/722 713/713/713 723/723/723
f 713/713/713 722/722/722 677/677/677
f 720/720/720 677/677/677 722/722/722
f 677/677/677 720/720/720 678/678/678
f 724/724/724 719/719/719 725/725/725
f 719/719/719 724/724/724 718/718/718
f 725/725/725 720/720/720 726/726/726
f 720/720/720 725/725/725 719/719/719
f 727/727/727 718/718/718 724/724/724
f 718/718/718 727/727/727 721/721/721
f 728/728/728 723/723/723 729/729/729
f 723/723/723 728/728/728 722/722/722
f 726/726/726 722/722/722 728/728/728
f 722/722/722 726/726/726 720/720/720
f 729/729/729 730/730/730 728/728/728
f 702/702/702 700/700/700 597/597/597
f 731/731/731 702/702/702 597/597/597
f 700/700/700 596/596/596 597/597/597
f 704/704/704 639/639/639 596/596/596
f 732/732/732 734/734/734 733/733/733
f 607/607/607 734/734/734 732/732/732
f 735/735/735 737/737/737 736/736/736
f 738/738/738 740/740/740 739/739/739
f 741/741/741 736/736/736 737/737/737
f 742/742/742 744/744/744 743/743/743
f 744/744/744 742/742/742 745/745/745
f 746/746/746 748/748/748 747/747/747
f 748/748/748 750/750/750 749/749/749
f 749/749/749 747/747/747 748/748/748
f 751/751/751 736/736/736 746/746/746
f 751/751/751 735/735/735 736/736/736
f 735/735/735 751/751/751 752/752/752
f 746/746/746 736/736/736 741/741/741
f 748/748/748 746/746/746 750/750/750
f 750/750/750 746/746/746 741/741/741
f 753/753/753 750/750/750 741/741/741
f 749/749/749 704/704/704 747/747/747
f 754/754/754 639/639/639 704/704/704
f 754/754/754 704/704/704 749/749/749
f 753/753/753 754/754/754 749/749/749
f 749/749/749 750/750/750 753/753/753
f 755/755/755 757/757/757 756/756/756
f 745/745/745 755/755/755 756/756/756
f 747/747/747 704/704/704 758/758/758
f 758/758/758 704/704/704 759/759/759
f 747/747/747 758/758/758 748/748/748
f 748/748/748 758/758/758 746/746/746
f 607/607/607 605/605/605 606/606/606
f 733/733/733 734/734/734 607/607/607
f 744/744/744 745/745/745 743/743/743
f 756/756/756 757/757/757 745/745/745
f 760/760/760 762/762/762 761/761/761
f 762/762/762 763/763/763 761/761/761
f 761/761/761 763/763/763 764/764/764
f 765/765/765 767/767/767 766/766/766
f 767/767/767 768/768/768 766/766/766
f 766/766/766 768/768/768 769/769/769
f 760/760/760 771/771/771 770/770/770
f 770/770/770 771/771/771 772/772/772
f 772/772/772 771/771/771 773/773/773
f 773/773/773 771/771/771 774/774/774
f 760/760/760 761/761/761 771/771/771
f 775/775/775 777/777/777 776/776/776
f 777/777/777 778/778/778 776/776/776
f 776/776/776 778/778/778 779/779/779
f 778/778/778 780/780/780 779/779/779
f 779/779/779 780/780/780 781/781/781
f 779/779/779 781/781/781 782/782/782
f 782/782/782 781/781/781 783/783/783
f 783/783/783 785/785/785 784/784/784
f 784/784/784 785/785/785 777/777/777
f 784/784/784 777/777/777 775/775/775
f 777/777/777 787/787/787 786/786/786
f 777/777/777 786/786/786 778/778/778
f 778/778/778 786/786/786 780/780/780
f 786/786/786 788/788/788 780/780/780
f 780/780/780 788/788/788 789/789/789
f 780/780/780 789/789/789 781/781/781
f 781/781/781 789/789/789 790/790/790
f 781/781/781 790/790/790 783/783/783
f 783/783/783 790/790/790 791/791/791
f 783/783/783 791/791/791 785/785/785
f 785/785/785 791/791/791 787/787/787
f 785/785/785 787/787/787 777/777/777
f 787/787/787 793/793/793 792/792/792
f 787/787/787 792/792/792 786/786/786
f 786/786/786 792/792/792 794/794/794
f 786/786/786 794/794/794 788/788/788
f 793/793/793 795/795/795 792/792/792
f 795/795/795 793/793/793 796/796/796
f 792/792/792 797/797/797 794/794/794
f 797/797/797 792/792/792 795/795/795
f 798/798/798 794/794/794 797/797/797
f 799/799/799 796/796/796 793/793/793
f 796/796/796 800/800/800 795/795/795
f 800/800/800 796/796/796 801/801/801
f 795/795/795 802/802/802 797/797/797
f 802/802/802 795/795/795 800/800/800
f 797/797/797 803/803/803 798/798/798
f 803/803/803 797/797/797 802/802/802
f 803/803/803 805/805/805 804/804/804
f 804/804/804 798/798/798 803/803/803
f 804/804/804 806/806/806 799/799/799
f 806/806/806 804/804/804 805/805/805
f 799/799/799 801/801/801 796/796/796
f 801/801/801 799/799/799 806/806/806
f 801/801/801 807/807/807 800/800/800
f 807/807/807 801/801/801 808/808/808
f 800/800/800 809/809/809 802/802/802
f 809/809/809 800/800/800 807/807/807
f 802/802/802 810/810/810 803/803/803
f 810/810/810 802/802/802 809/809/809
f 803/803/803 811/811/811 805/805/805
f 811/811/811 803/803/803 810/810/810
f 811/811/811 812/812/812 806/806/806
f 806/806/806 805/805/805 811/811/811
f 806/806/806 808/808/808 801/801/801
f 808/808/808 806/806/806 812/812/812
f 808/808/808 813/813/813 807/807/807
f 813/813/813 808/808/808 814/814/814
f 807/807/807 815/815/815 809/809/809
f 815/815/815 807/807/807 813/813/813
f 809/809/809 816/816/816 810/810/810
f 816/816/816 809/809/809 815/815/815
f 810/810/810 817/817/817 811/811/811
f 817/817/817 810/810/810 816/816/816
f 817/817/817 818/818/818 812/812/812
f 812/812/812 811/811/811 817/817/817
f 818/818/818 814/814/814 808/808/808
f 808/808/808 812/812/812 818/818/818
f 724/724/724 819/819/819 727/727/727
f 820/820/820 822/822/822 821/821/821
f 823/823/823 825/825/825 824/824/824
f 820/820/820 826/826/826 822/822/822
f 822/822/822 828/828/828 827/827/827
f 822/822/822 827/827/827 821/821/821
f 825/825/825 830/830/830 829/829/829
f 825/825/825 829/829/829 824/824/824
f 826/826/826 831/831/831 828/828/828
f 826/826/826 828/828/828 822/822/822
f 828/828/828 832/832/832 827/827/827
f 831/831/831 832/832/832 828/828/828
f 832/832/832 834/834/834 833/833/833
f 832/832/832 833/833/833 827/827/827
f 830/830/830 836/836/836 835/835/835
f 830/830/830 835/835/835 829/829/829
f 831/831/831 837/837/837 834/834/834
f 831/831/831 834/834/834 832/832/832
f 838/838/838 840/840/840 839/839/839
f 841/841/841 843/843/843 842/842/842
f 838/838/838 844/844/844 840/840/840
f 840/840/840 846/846/846 845/845/845
f 840/840/840 845/845/845 839/839/839
f 843/843/843 848/848/848 847/847/847
f 843/843/843 847/847/847 842/842/842
f 844/844/844 849/849/849 846/846/846
f 844/844/844 846/846/846 840/840/840
f 846/846/846 850/850/850 845/845/845
f 849/849/849 850/850/850 846/846/846
f 850/850/850 852/852/852 851/851/851
f 850/850/850 851/851/851 845/845/845
f 848/848/848 854/854/854 853/853/853
f 848/848/848 853/853/853 847/847/847
f 849/849/849 855/855/855 852/852/852
f 849/849/849 852/852/852 850/850/850
f 856/856/856 858/858/858 857/857/857
f 859/859/859 861/861/861 860/860/860
f 856/856/856 857/857/857 862/862/862
f 857/857/857 864/864/864 863/863/863
f 857/857/857 858/858/858 864/864/864
f 860/860/860 866/866/866 865/865/865
f 860/860/860 861/861/861 866/866/866
f 862/862/862 863/863/863 867/867/867
f 862/862/862 857/857/857 863/863/863
f 863/863/863 864/864/864 868/868/868
f 867/867/867 863/863/863 868/868/868
f 869/869/869 851/851/851 870/870/870
f 870/870/870 851/851/851 852/852/852
f 868/868/868 833/833/833 834/834/834
f 864/864/864 833/833/833 868/868/868
f 852/852/852 855/855/855 868/868/868
f 855/855/855 867/867/867 868/868/868
f 871/871/871 873/873/873 872/872/872
f 834/834/834 837/837/837 870/870/870
f 837/837/837 869/869/869 870/870/870
f 872/872/872 874/874/874 871/871/871
f 875/875/875 874/874/874 872/872/872
f 872/872/872 873/873/873 875/875/875
f 852/852/852 874/874/874 870/870/870
f 874/874/874 852/852/852 871/871/871
f 834/834/834 873/873/873 868/868/868
f 873/873/873 834/834/834 875/875/875
f 868/868/868 871/871/871 852/852/852
f 871/871/871 868/868/868 873/873/873
f 870/870/870 875/875/875 834/834/834
f 875/875/875 870/870/870 874/874/874
f 853/853/853 854/854/854 866/866/866
f 854/854/854 835/835/835 865/865/865
f 835/835/835 836/836/836 865/865/865
f 854/854/854 865/865/865 866/866/866
f 854/854/854 876/876/876 835/835/835
f 583/583/583 877/877/877 585/585/585
f 583/583/583 878/878/878 877/877/877
f 878/878/878 879/879/879 877/877/877
f 878/878/878 880/880/880 879/879/879
f 585/585/585 881/881/881 590/590/590
f 585/585/585 877/877/877 881/881/881
f 877/877/877 882/882/882 881/881/881
f 877/877/877 879/879/879 882/882/882
f 592/592/592 883/883/883 594/594/594
f 592/592/592 884/884/884 883/883/883
f 881/881/881 886/886/886 885/885/885
f 881/881/881 882/882/882 886/886/886
f 598/598/598 878/878/878 583/583/583
f 887/887/887 889/889/889 888/888/888
f 889/889/889 891/891/891 890/890/890
f 890/890/890 888/888/888 889/889/889
f 892/892/892 894/894/894 893/893/893
f 894/894/894 892/892/892 895/895/895
f 598/598/598 897/897/897 896/896/896
f 897/897/897 899/899/899 898/898/898
f 898/898/898 896/896/896 897/897/897
f 612/612/612 900/900/900 598/598/598
f 896/896/896 898/898/898 880/880/880
f 614/614/614 888/888/888 900/900/900
f 900/900/900 612/612/612 614/614/614
f 614/614/614 887/887/887 888/888/888
f 887/887/887 614/614/614 615/615/615
f 880/880/880 878/878/878 896/896/896
f 598/598/598 896/896/896 878/878/878
f 901/901/901 900/900/900 888/888/888
f 901/901/901 888/888/888 890/890/890
f 897/897/897 901/901/901 899/899/899
f 899/899/899 901/901/901 890/890/890
f 902/902/902 899/899/899 890/890/890
f 897/897/897 598/598/598 901/901/901
f 598/598/598 900/900/900 901/901/901
f 903/903/903 905/905/905 904/904/904
f 903/903/903 904/904/904 906/906/906
f 906/906/906 904/904/904 907/907/907
f 904/904/904 908/908/908 907/907/907
f 907/907/907 908/908/908 909/909/909
f 905/905/905 911/911/911 910/910/910
f 905/905/905 910/910/910 904/904/904
f 904/904/904 910/910/910 908/908/908
f 910/910/910 912/912/912 908/908/908
f 908/908/908 912/912/912 913/913/913
f 908/908/908 913/913/913 909/909/909
f 911/911/911 915/915/915 914/914/914
f 911/911/911 914/914/914 910/910/910
f 910/910/910 914/914/914 916/916/916
f 910/910/910 916/916/916 912/912/912
f 912/912/912 916/916/916 917/917/917
f 912/912/912 917/917/917 913/913/913
f 915/915/915 919/919/919 918/918/918
f 915/915/915 918/918/918 914/914/914
f 914/914/914 918/918/918 920/920/920
f 914/914/914 920/920/920 916/916/916
f 916/916/916 920/920/920 921/921/921
f 916/916/916 921/921/921 917/917/917
f 886/886/886 923/923/923 922/922/922
f 886/886/886 922/922/922 924/924/924
f 925/925/925 926/926/926 905/905/905
f 925/925/925 905/905/905 903/903/903
f 927/927/927 929/929/929 928/928/928
f 927/927/927 928/928/928 926/926/926
f 926/926/926 928/928/928 911/911/911
f 926/926/926 911/911/911 905/905/905
f 909/909/909 913/913/913 929/929/929
f 909/909/909 929/929/929 927/927/927
f 929/929/929 931/931/931 930/930/930
f 929/929/929 930/930/930 928/928/928
f 928/928/928 930/930/930 915/915/915
f 928/928/928 915/915/915 911/911/911
f 913/913/913 917/917/917 931/931/931
f 913/913/913 931/931/931 929/929/929
f 931/931/931 933/933/933 932/932/932
f 931/931/931 932/932/932 930/930/930
f 930/930/930 932/932/932 919/919/919
f 930/930/930 919/919/919 915/915/915
f 917/917/917 921/921/921 933/933/933
f 917/917/917 933/933/933 931/931/931
f 923/923/923 886/886/886 882/882/882
f 919/919/919 934/934/934 918/918/918
f 918/918/918 934/934/934 920/920/920
f 920/920/920 934/934/934 921/921/921
f 933/933/933 934/934/934 932/932/932
f 932/932/932 934/934/934 919/919/919
f 921/921/921 934/934/934 933/933/933
f 902/902/902 924/924/924 898/898/898
f 898/898/898 899/899/899 902/902/902
f 935/935/935 937/937/937 936/936/936
f 938/938/938 940/940/940 939/939/939
f 941/941/941 943/943/943 942/942/942
f 659/659/659 660/660/660 944/944/944
f 662/662/662 945/945/945 660/660/660
f 660/660/660 945/945/945 944/944/944
f 941/941/941 664/664/664 665/665/665
f 941/941/941 665/665/665 946/946/946
f 941/941/941 946/946/946 943/943/943
f 947/947/947 665/665/665 668/668/668
f 948/948/948 659/659/659 940/940/940
f 947/947/947 949/949/949 665/665/665
f 947/947/947 668/668/668 950/950/950
f 947/947/947 950/950/950 951/951/951
f 947/947/947 951/951/951 949/949/949
f 665/665/665 949/949/949 946/946/946
f 668/668/668 673/673/673 952/952/952
f 675/675/675 954/954/954 953/953/953
f 948/948/948 675/675/675 659/659/659
f 937/937/937 935/935/935 955/955/955
f 679/679/679 942/942/942 956/956/956
f 679/679/679 945/945/945 662/662/662
f 942/942/942 943/943/943 956/956/956
f 957/957/957 958/958/958 948/948/948
f 957/957/957 948/948/948 940/940/940
f 937/937/937 954/954/954 948/948/948
f 959/959/959 684/684/684 960/960/960
f 668/668/668 952/952/952 950/950/950
f 958/958/958 960/960/960 937/937/937
f 961/961/961 963/963/963 962/962/962
f 961/961/961 965/965/965 964/964/964
f 961/961/961 962/962/962 965/965/965
f 961/961/961 966/966/966 938/938/938
f 961/961/961 938/938/938 939/939/939
f 961/961/961 964/964/964 966/966/966
f 961/961/961 939/939/939 963/963/963
f 964/964/964 965/965/965 967/967/967
f 967/967/967 965/965/965 957/957/957
f 957/957/957 965/965/965 962/962/962
f 938/938/938 966/966/966 968/968/968
f 966/966/966 970/970/970 969/969/969
f 966/966/966 964/964/964 971/971/971
f 966/966/966 971/971/971 970/970/970
f 972/972/972 964/964/964 967/967/967
f 951/951/951 962/962/962 949/949/949
f 959/959/959 962/962/962 950/950/950
f 959/959/959 958/958/958 962/962/962
f 962/962/962 958/958/958 957/957/957
f 960/960/960 684/684/684 936/936/936
f 960/960/960 936/936/936 937/937/937
f 698/698/698 699/699/699 936/936/936
f 950/950/950 962/962/962 951/951/951
f 973/973/973 974/974/974 702/702/702
f 702/702/702 974/974/974 703/703/703
f 974/974/974 886/886/886 975/975/975
f 968/968/968 966/966/966 969/969/969
f 971/971/971 964/964/964 972/972/972
f 952/952/952 673/673/673 684/684/684
f 957/957/957 976/976/976 967/967/967
f 967/967/967 976/976/976 977/977/977
f 978/978/978 980/980/980 979/979/979
f 978/978/978 938/938/938 968/968/968
f 978/978/978 940/940/940 938/938/938
f 940/940/940 976/976/976 957/957/957
f 981/981/981 979/979/979 982/982/982
f 979/979/979 983/983/983 982/982/982
f 967/967/967 977/977/977 981/981/981
f 979/979/979 980/980/980 983/983/983
f 948/948/948 954/954/954 675/675/675
f 937/937/937 955/955/955 954/954/954
f 675/675/675 953/953/953 713/713/713
f 954/954/954 955/955/955 953/953/953
f 679/679/679 956/956/956 945/945/945
f 945/945/945 956/956/956 944/944/944
f 944/944/944 956/956/956 940/940/940
f 659/659/659 944/944/944 940/940/940
f 959/959/959 952/952/952 684/684/684
f 950/950/950 952/952/952 959/959/959
f 959/959/959 960/960/960 958/958/958
f 958/958/958 937/937/937 948/948/948
f 684/684/684 698/698/698 936/936/936
f 977/977/977 978/978/978 979/979/979
f 977/977/977 979/979/979 981/981/981
f 978/978/978 968/968/968 980/980/980
f 980/980/980 968/968/968 969/969/969
f 972/972/972 981/981/981 984/984/984
f 967/967/967 981/981/981 972/972/972
f 983/983/983 980/980/980 969/969/969
f 983/983/983 969/969/969 982/982/982
f 984/984/984 981/981/981 982/982/982
f 940/940/940 978/978/978 976/976/976
f 976/976/976 978/978/978 977/977/977
f 973/973/973 886/886/886 974/974/974
f 939/939/939 985/985/985 963/963/963
f 939/939/939 940/940/940 986/986/986
f 986/986/986 940/940/940 956/956/956
f 985/985/985 943/943/943 987/987/987
f 985/985/985 987/987/987 963/963/963
f 987/987/987 943/943/943 946/946/946
f 963/963/963 987/987/987 962/962/962
f 943/943/943 985/985/985 986/986/986
f 949/949/949 987/987/987 946/946/946
f 987/987/987 949/949/949 962/962/962
f 943/943/943 986/986/986 956/956/956
f 939/939/939 986/986/986 985/985/985
f 988/988/988 989/989/989 935/935/935
f 935/935/935 936/936/936 988/988/988
f 989/989/989 990/990/990 955/955/955
f 955/955/955 935/935/935 989/989/989
f 721/721/721 988/988/988 936/936/936
f 936/936/936 699/699/699 721/721/721
f 991/991/991 723/723/723 713/713/713
f 713/713/713 953/953/953 991/991/991
f 990/990/990 991/991/991 953/953/953
f 953/953/953 955/955/955 990/990/990
f 992/992/992 993/993/993 989/989/989
f 989/989/989 988/988/988 992/992/992
f 993/993/993 994/994/994 990/990/990
f 990/990/990 989/989/989 993/993/993
f 727/727/727 992/992/992 988/988/988
f 988/988/988 721/721/721 727/727/727
f 995/995/995 729/729/729 723/723/723
f 723/723/723 991/991/991 995/995/995
f 994/994/994 995/995/995 991/991/991
f 991/991/991 990/990/990 994/994/994
f 729/729/729 995/995/995 730/730/730
f 702/702/702 885/885/885 973/973/973
f 731/731/731 885/885/885 702/702/702
f 973/973/973 885/885/885 886/886/886
f 975/975/975 886/886/886 924/924/924
f 996/996/996 998/998/998 997/997/997
f 895/895/895 996/996/996 997/997/997
f 999/999/999 1001/1001/1001 1000/1000/1000
f 1002/1002/1002 1004/1004/1004 1003/1003/1003
f 1005/1005/1005 1000/1000/1000 1001/1001/1001
f 1006/1006/1006 1008/1008/1008 1007/1007/1007
f 1007/1007/1007 1009/1009/1009 1006/1006/1006
f 746/746/746 1011/1011/1011 1010/1010/1010
f 1010/1010/1010 1013/1013/1013 1012/1012/1012
f 1013/1013/1013 1010/1010/1010 1011/1011/1011
f 751/751/751 746/746/746 1001/1001/1001
f 751/751/751 1001/1001/1001 999/999/999
f 999/999/999 752/752/752 751/751/751
f 746/746/746 1005/1005/1005 1001/1001/1001
f 1010/1010/1010 1012/1012/1012 746/746/746
f 1012/1012/1012 1005/1005/1005 746/746/746
f 1014/1014/1014 1005/1005/1005 1012/1012/1012
f 1013/1013/1013 1011/1011/1011 975/975/975
f 1015/1015/1015 975/975/975 924/924/924
f 1015/1015/1015 1013/1013/1013 975/975/975
f 1014/1014/1014 1013/1013/1013 1015/1015/1015
f 1013/1013/1013 1014/1014/1014 1012/1012/1012
f 1016/1016/1016 1018/1018/1018 1017/1017/1017
f 1009/1009/1009 1018/1018/1018 1016/1016/1016
f 1011/1011/1011 758/758/758 975/975/975
f 758/758/758 759/759/759 975/975/975
f 1011/1011/1011 1010/1010/1010 758/758/758
f 1010/1010/1010 746/746/746 758/758/758
f 895/895/895 893/893/893 894/894/894
f 998/998/998 895/895/895 997/997/997
f 1007/1007/1007 1008/1008/1008 1009/1009/1009
f 1018/1018/1018 1009/1009/1009 1017/1017/1017
f 1019/1019/1019 761/761/761 1020/1020/1020
f 1020/1020/1020 761/761/761 1021/1021/1021
f 761/761/761 764/764/764 1021/1021/1021
f 1022/1022/1022 766/766/766 1023/1023/1023
f 1023/1023/1023 766/766/766 1024/1024/1024
f 766/766/766 769/769/769 1024/1024/1024
f 1019/1019/1019 1025/1025/1025 771/771/771
f 1025/1025/1025 1026/1026/1026 771/771/771
f 1026/1026/1026 1027/1027/1027 771/771/771
f 1027/1027/1027 774/774/774 771/771/771
f 1019/1019/1019 771/771/771 761/761/761
f 1028/1028/1028 1030/1030/1030 1029/1029/1029
f 1029/1029/1029 1030/1030/1030 1031/1031/1031
f 1030/1030/1030 1032/1032/1032 1031/1031/1031
f 1031/1031/1031 1032/1032/1032 1033/1033/1033
f 1032/1032/1032 1034/1034/1034 1033/1033/1033
f 1032/1032/1032 1035/1035/1035 1034/1034/1034
f 1035/1035/1035 1036/1036/1036 1034/1034/1034
f 1036/1036/1036 1038/1038/1038 1037/1037/1037
f 1038/1038/1038 1029/1029/1029 1037/1037/1037
f 1038/1038/1038 1028/1028/1028 1029/1029/1029
f 1029/1029/1029 1040/1040/1040 1039/1039/1039
f 1029/1029/1029 1031/1031/1031 1040/1040/1040
f 1031/1031/1031 1033/1033/1033 1040/1040/1040
f 1040/1040/1040 1033/1033/1033 1041/1041/1041
f 1033/1033/1033 1042/1042/1042 1041/1041/1041
f 1033/1033/1033 1034/1034/1034 1042/1042/1042
f 1034/1034/1034 1043/1043/1043 1042/1042/1042
f 1034/1034/1034 1036/1036/1036 1043/1043/1043
f 1036/1036/1036 1044/1044/1044 1043/1043/1043
f 1036/1036/1036 1037/1037/1037 1044/1044/1044
f 1037/1037/1037 1039/1039/1039 1044/1044/1044
f 1037/1037/1037 1029/1029/1029 1039/1039/1039
f 1039/1039/1039 1046/1046/1046 1045/1045/1045
f 1039/1039/1039 1040/1040/1040 1046/1046/1046
f 1040/1040/1040 1047/1047/1047 1046/1046/1046
f 1040/1040/1040 1041/1041/1041 1047/1047/1047
f 1045/1045/1045 1046/1046/1046 1048/1048/1048
f 1048/1048/1048 1049/1049/1049 1045/1045/1045
f 1046/1046/1046 1047/1047/1047 1050/1050/1050
f 1050/1050/1050 1048/1048/1048 1046/1046/1046
f 1051/1051/1051 1050/1050/1050 1047/1047/1047
f 1052/1052/1052 1045/1045/1045 1049/1049/1049
f 1049/1049/1049 1048/1048/1048 1053/1053/1053
f 1053/1053/1053 1054/1054/1054 1049/1049/1049
f 1048/1048/1048 1050/1050/1050 1055/1055/1055
f 1055/1055/1055 1053/1053/1053 1048/1048/1048
f 1050/1050/1050 1051/1051/1051 1056/1056/1056
f 1056/1056/1056 1055/1055/1055 1050/1050/1050
f 1056/1056/1056 1058/1058/1058 1057/1057/1057
f 1058/1058/1058 1056/1056/1056 1051/1051/1051
f 1058/1058/1058 1052/1052/1052 1059/1059/1059
f 1059/1059/1059 1057/1057/1057 1058/1058/1058
f 1052/1052/1052 1049/1049/1049 1054/1054/1054
f 1054/1054/1054 1059/1059/1059 1052/1052/1052
f 1054/1054/1054 1053/1053/1053 1060/1060/1060
f 1060/1060/1060 1061/1061/1061 1054/1054/1054
f 1053/1053/1053 1055/1055/1055 1062/1062/1062
f 1062/1062/1062 1060/1060/1060 1053/1053/1053
f 1055/1055/1055 1056/1056/1056 1063/1063/1063
f 1063/1063/1063 1062/1062/1062 1055/1055/1055
f 1056/1056/1056 1057/1057/1057 1064/1064/1064
f 1064/1064/1064 1063/1063/1063 1056/1056/1056
f 1064/1064/1064 1059/1059/1059 1065/1065/1065
f 1059/1059/1059 1064/1064/1064 1057/1057/1057
f 1059/1059/1059 1054/1054/1054 1061/1061/1061
f 1061/1061/1061 1065/1065/1065 1059/1059/1059
f 1061/1061/1061 1060/1060/1060 1066/1066/1066
f 1066/1066/1066 1067/1067/1067 1061/1061/1061
f 1060/1060/1060 1062/1062/1062 815/815/815
f 815/815/815 1066/1066/1066 1060/1060/1060
f 1062/1062/1062 1063/1063/1063 816/816/816
f 816/816/816 815/815/815 1062/1062/1062
f 1063/1063/1063 1064/1064/1064 1068/1068/1068
f 1068/1068/1068 816/816/816 1063/1063/1063
f 1068/1068/1068 1065/1065/1065 1069/1069/1069
f 1065/1065/1065 1068/1068/1068 1064/1064/1064
f 1069/1069/1069 1061/1061/1061 1067/1067/1067
f 1061/1061/1061 1069/1069/1069 1065/1065/1065
f 992/992/992 727/727/727 819/819/819
f 1070/1070/1070 1072/1072/1072 1071/1071/1071
f 1073/1073/1073 1075/1075/1075 1074/1074/1074
f 1070/1070/1070 1071/1071/1071 1076/1076/1076
f 1071/1071/1071 1078/1078/1078 1077/1077/1077
f 1071/1071/1071 1072/1072/1072 1078/1078/1078
f 1074/1074/1074 1080/1080/1080 1079/1079/1079
f 1074/1074/1074 1075/1075/1075 1080/1080/1080
f 1076/1076/1076 1077/1077/1077 1081/1081/1081
f 1076/1076/1076 1071/1071/1071 1077/1077/1077
f 1077/1077/1077 1078/1078/1078 1082/1082/1082
f 1081/1081/1081 1077/1077/1077 1082/1082/1082
f 1082/1082/1082 1084/1084/1084 1083/1083/1083
f 1082/1082/1082 1078/1078/1078 1084/1084/1084
f 1079/1079/1079 1086/1086/1086 1085/1085/1085
f 1079/1079/1079 1080/1080/1080 1086/1086/1086
f 1081/1081/1081 1083/1083/1083 1087/1087/1087
f 1081/1081/1081 1082/1082/1082 1083/1083/1083
f 1088/1088/1088 1090/1090/1090 1089/1089/1089
f 1091/1091/1091 1093/1093/1093 1092/1092/1092
f 1088/1088/1088 1089/1089/1089 1094/1094/1094
f 1089/1089/1089 1096/1096/1096 1095/1095/1095
f 1089/1089/1089 1090/1090/1090 1096/1096/1096
f 1092/1092/1092 1098/1098/1098 1097/1097/1097
f 1092/1092/1092 1093/1093/1093 1098/1098/1098
f 1094/1094/1094 1095/1095/1095 1099/1099/1099
f 1094/1094/1094 1089/1089/1089 1095/1095/1095
f 1095/1095/1095 1096/1096/1096 1100/1100/1100
f 1099/1099/1099 1095/1095/1095 1100/1100/1100
f 1100/1100/1100 1102/1102/1102 1101/1101/1101
f 1100/1100/1100 1096/1096/1096 1102/1102/1102
f 1097/1097/1097 1104/1104/1104 1103/1103/1103
f 1097/1097/1097 1098/1098/1098 1104/1104/1104
f 1099/1099/1099 1101/1101/1101 1105/1105/1105
f 1099/1099/1099 1100/1100/1100 1101/1101/1101
f 1106/1106/1106 1108/1108/1108 1107/1107/1107
f 1109/1109/1109 1111/1111/1111 1110/1110/1110
f 1106/1106/1106 1112/1112/1112 1108/1108/1108
f 1108/1108/1108 1114/1114/1114 1113/1113/1113
f 1108/1108/1108 1113/1113/1113 1107/1107/1107
f 1111/1111/1111 1116/1116/1116 1115/1115/1115
f 1111/1111/1111 1115/1115/1115 1110/1110/1110
f 1112/1112/1112 1117/1117/1117 1114/1114/1114
f 1112/1112/1112 1114/1114/1114 1108/1108/1108
f 1114/1114/1114 1118/1118/1118 1113/1113/1113
f 1117/1117/1117 1118/1118/1118 1114/1114/1114
f 1119/1119/1119 1120/1120/1120 1102/1102/1102
f 1120/1120/1120 1101/1101/1101 1102/1102/1102
f 1118/1118/1118 1083/1083/1083 1084/1084/1084
f 1113/1113/1113 1118/1118/1118 1084/1084/1084
f 1101/1101/1101 1118/1118/1118 1105/1105/1105
f 1105/1105/1105 1118/1118/1118 1117/1117/1117
f 1121/1121/1121 1123/1123/1123 1122/1122/1122
f 1083/1083/1083 1120/1120/1120 1087/1087/1087
f 1087/1087/1087 1120/1120/1120 1119/1119/1119
f 1123/1123/1123 1121/1121/1121 1124/1124/1124
f 1125/1125/1125 1123/1123/1123 1124/1124/1124
f 1123/1123/1123 1125/1125/1125 1122/1122/1122
f 1101/1101/1101 1120/1120/1120 1124/1124/1124
f 1124/1124/1124 1121/1121/1121 1101/1101/1101
f 1083/1083/1083 1118/1118/1118 1122/1122/1122
f 1122/1122/1122 1125/1125/1125 1083/1083/1083
f 1118/1118/1118 1101/1101/1101 1121/1121/1121
f 1121/1121/1121 1122/1122/1122 1118/1118/1118
f 1120/1120/1120 1083/1083/1083 1125/1125/1125
f 1125/1125/1125 1124/1124/1124 1120/1120/1120
f 1104/1104/1104 1115/1115/1115 1103/1103/1103
f 1103/1103/1103 1116/1116/1116 1086/1086/1086
f 1086/1086/1086 1116/1116/1116 1085/1085/1085
f 1103/1103/1103 1115/1115/1115 1116/1116/1116
f 1103/1103/1103 1086/1086/1086 1126/1126/1126

g bv03
# texture: bv03.jpg
v 68.17854 201.8258 31.49036
v 57.14993 164.3967 2.92218
v 49.87124 174.9613 15.98013
v 68.17854 201.8258 31.49036
v 49.87124 174.9613 15.98013
v 57.14991 158.3704 13.35978
v 68.17854 201.8258 31.49036
v 57.14991 158.3704 13.35978
v 60.16479 161.1551 8.009129
v 68.17854 201.8258 31.49036
v 60.16479 161.1551 8.009129
v 57.14993 164.3967 2.92218
v 69.67388 181.4877 19.74816
v 49.87124 174.9613 15.98013
v 57.14993 164.3967 2.92218
v 69.67388 181.4877 19.74816
v 57.14991 158.3704 13.35978
v 49.87124 174.9613 15.98013
v 69.67388 181.4877 19.74816
v 60.16479 161.1551 8.009129
v 57.14991 158.3704 13.35978
v 69.67388 181.4877 19.74816
v 57.14993 164.3967 2.92218
v 60.16479 161.1551 8.009129
v -52.70859 210.9852 36.7784
v -48.21572 172.38 7.531267
v -51.23059 169.5954 12.88191
v -52.70859 210.9852 36.7784
v -51.23059 169.5954 12.88191
v -48.21573 166.3539 17.96886
v -52.70859 210.9852 36.7784
v -48.21573 166.3539 17.96886
v -38.32507 181.6438 19.83813
v -52.70859 210.9852 36.7784
v -38.32507 181.6438 19.83813
v -48.21572 172.38 7.531267
v -56.91626 191.0792 25.28565
v -51.23059 169.5954 12.88191
v -48.21572 172.38 7.531267
v -56.91626 191.0792 25.28565
v -48.21573 166.3539 17.96886
v -51.23059 169.5954 12.88191
v -56.91626 191.0792 25.28565
v -38.32507 181.6438 19.83813
v -48.21573 166.3539 17.96886
v -56.91626 191.0792 25.28565
v -48.21572 172.38 7.531267
v -38.32507 181.6438 19.83813
v 12.18256 193.6358 63.07568
v 4.416366 168.7612 33.83837
v 0.60806 165.1193 41.64847
v 12.18256 193.6358 63.07568
v 0.60806 165.1193 41.64847
v 4.416355 161.4774 49.45847
v 12.18256 193.6358 63.07568
v 4.416355 161.4774 49.45847
v 8.224661 165.1193 41.64847
v 12.18256 193.6358 63.07568
v 8.224661 165.1193 41.64847
v 4.416366 168.7612 33.83837
v -0.454151 175.2537 62.65348
v 0.60806 165.1193 41.64847
v 4.416366 168.7612 33.83837
v -0.454151 175.2537 62.65348
v 4.416355 161.4774 49.45847
v 0.60806 165.1193 41.64847
v -0.454151 175.2537 62.65348
v 8.224661 165.1193 41.64847
v 4.416355 161.4774 49.45847
v -0.454151 175.2537 62.65348
v 4.416366 168.7612 33.83837
v 8.224661 165.1193 41.64847
v 0.319578 201.4207 26.16456
v 4.83639 167.9791 24.83236
v 0.022266 164.671 29.95387
v 0.319578 201.4207 26.16456
v 0.022266 164.671 29.95387
v 4.416363 165.4221 38.53847
v 0.319578 201.4207 26.16456
v 4.416363 165.4221 38.53847
v 8.810567 164.671 29.95387
v 0.319578 201.4207 26.16456
v 8.810567 164.671 29.95387
v 4.83639 167.9791 24.83236
v 2.676664 186.2078 38.02876
v 0.022266 164.671 29.95387
v 4.83639 167.9791 24.83236
v 2.676664 186.2078 38.02876
v 4.416363 165.4221 38.53847
v 0.022266 164.671 29.95387
v 2.676664 186.2078 38.02876
v 8.810567 164.671 29.95387
v 4.416363 165.4221 38.53847
v 2.676664 186.2078 38.02876
v 4.83639 167.9791 24.83236
v 8.810567 164.671 29.95387
v 10.9341 191.0569 11.13568
v 4.247238 166.2537 14.35113
v 1.419229 167.2354 23.06898
v 10.9341 191.0569 11.13568
v 1.419229 167.2354 23.06898
v 4.416368 166.5185 27.52277
v 10.9341 191.0569 11.13568
v 4.416368 166.5185 27.52277
v 7.936814 166.7415 22.78382
v 10.9341 191.0569 11.13568
v 7.936814 166.7415 22.78382
v 4.247238 166.2537 14.35113
v 1.866977 182.2406 18.33866
v 1.419229 167.2354 23.06898
v 4.247238 166.2537 14.35113
v 1.866977 182.2406 18.33866
v 4.416368 166.5185 27.52277
v 1.419229 167.2354 23.06898
v 1.866977 182.2406 18.33866
v 7.936814 166.7415 22.78382
v 4.416368 166.5185 27.52277
v 1.866977 182.2406 18.33866
v 4.247238 166.2537 14.35113
v 7.936814 166.7415 22.78382
vn -0.335699 0.632017 -0.69847
vn -0.335699 0.632017 -0.69847
vn -0.335699 0.632017 -0.69847
vn -0.335682 -0.288894 0.896581
vn -0.335682 -0.288894 0.896581
vn -0.335682 -0.288894 0.896581
vn 0.881479 -0.354118 0.312404
vn 0.881479 -0.354118 0.312404
vn 0.881479 -0.354118 0.312404
vn 0.881491 0.093562 -0.462838
vn 0.881491 0.093562 -0.462838
vn 0.881491 0.093562 -0.462838
vn 0.117397 -0.739047 0.663346
vn 0.117397 -0.739047 0.663346
vn 0.117397 -0.739047 0.663346
vn 0.117376 0.204967 -0.971705
vn 0.117376 0.204967 -0.971705
vn 0.117376 0.204967 -0.971705
vn -0.835552 0.509468 -0.205657
vn -0.835552 0.509468 -0.205657
vn -0.835552 0.509468 -0.205657
vn -0.83555 0.076632 0.544045
vn -0.83555 0.076632 0.544045
vn -0.83555 0.076632 0.544045
vn -0.894453 0.199165 -0.40036
vn -0.894453 0.199165 -0.40036
vn -0.894453 0.199165 -0.40036
vn -0.894461 -0.247114 0.372658
vn -0.894461 -0.247114 0.372658
vn -0.894461 -0.247114 0.372658
vn 0.35026 -0.333629 0.87522
vn 0.35026 -0.333629 0.87522
vn 0.35026 -0.333629 0.87522
vn 0.35034 0.591146 -0.726505
vn 0.35034 0.591146 -0.726505
vn 0.35034 0.591146 -0.726505
vn 0.879484 -0.041038 0.474157
vn 0.879484 -0.041038 0.474157
vn 0.879484 -0.041038 0.474157
vn 0.879494 0.390098 -0.272607
vn 0.879494 0.390098 -0.272607
vn 0.879494 0.390098 -0.272607
vn -0.166915 0.225308 -0.959883
vn -0.166915 0.225308 -0.959883
vn -0.166915 0.225308 -0.959883
vn -0.166887 -0.71863 0.67507
vn -0.166887 -0.71863 0.67507
vn -0.166887 -0.71863 0.67507
vn -0.852498 0.487599 -0.1884
vn -0.852498 0.487599 -0.1884
vn -0.852498 0.487599 -0.1884
vn -0.893662 0.0261 0.447981
vn -0.893662 0.0261 0.447981
vn -0.893662 0.0261 0.447981
vn 0.898729 -0.336212 0.28151
vn 0.898729 -0.336212 0.28151
vn 0.898729 -0.336212 0.28151
vn 0.914497 0.154099 -0.374098
vn 0.914497 0.154099 -0.374098
vn 0.914497 0.154099 -0.374098
vn 0.88161 -0.406105 0.240503
vn 0.88161 -0.406105 0.240503
vn 0.88161 -0.406105 0.240503
vn 0.853867 0.484381 -0.190492
vn 0.853867 0.484381 -0.190492
vn 0.853867 0.484381 -0.190492
vn -0.909241 0.071304 -0.410119
vn -0.909241 0.071304 -0.410119
vn -0.909241 0.071304 -0.410119
vn -0.724797 -0.688196 0.0325
vn -0.724797 -0.688196 0.0325
vn -0.724797 -0.688196 0.0325
vn -0.917865 -0.033398 -0.395485
vn -0.803495 0.068157 -0.591397
vn -0.917865 -0.033398 -0.395485
vn -0.890765 0.053698 0.451282
vn -0.890765 0.053698 0.451282
vn -0.890765 0.053698 0.451282
vn 0.871498 0.245199 0.424699
vn 0.871498 0.245199 0.424699
vn 0.871498 0.245199 0.424699
vn 0.573494 0.048199 -0.817791
vn 0.573494 0.048199 -0.817791
vn 0.741834 -0.055107 -0.668316
vn 0.949488 -0.205798 0.236897
vn 0.949488 -0.205798 0.236897
vn 0.837776 -0.315165 0.445874
vn 0.886165 0.062897 -0.459081
vn 0.886165 0.062897 -0.459081
vn 0.886165 0.062897 -0.459081
vn -0.889928 -0.085502 -0.448015
vn -0.889928 -0.085502 -0.448015
vn -0.889928 -0.085502 -0.448015
vn -0.637318 -0.423011 0.644118
vn -0.814257 -0.314836 0.487713
vn -0.637318 -0.423011 0.644118
vn -0.923496 0.20707 -0.322921
vn -0.923496 0.20707 -0.322921
vn -0.923496 0.20707 -0.322921
vn -0.494281 0.539076 0.68197
vn -0.494281 0.539076 0.68197
vn -0.392395 0.463994 0.794189
vn 0.961549 0.012954 0.274328
vn 0.989058 0.137094 0.054498
vn 0.961549 0.012954 0.274328
vn 0.883802 -0.286224 -0.370093
vn 0.883802 -0.286224 -0.370093
vn 0.883802 -0.286224 -0.370093
vn 0.976981 -0.184897 0.106398
vn 0.896034 -0.302774 0.324732
vn 0.896034 -0.302774 0.324732
vn 0.40658 -0.41078 -0.816059
vn 0.40658 -0.41078 -0.816059
vn 0.519834 -0.488932 -0.700513
vn -0.978828 -0.195005 -0.062202
vn -0.95757 -0.07194 -0.279076
vn -0.978828 -0.195005 -0.062202
vn -0.80943 0.018601 0.586922
vn -0.9098 0.142548 0.389801
vn -0.9098 0.142548 0.389801
vt 0 0
vt 0.8693 0.2157
vt 0.6988 0.9583
vt 0 0
vt 1 0
vt 1 1
vt 0 0
vt 1 0
vt 1 1
vt 0.676 0.6174
vt 0 1
vt 0 0
vt 1 1
vt 0 1
vt 0 0
vt 1 1
vt 0 1
vt 0.3467 0.1252
vt 1 1
vt 0 1
vt 0 0
vt 0 0
vt 0.6988 0.1322
vt 0.4941 1.1948
vt 0 0
vt 0.8693 0.2157
vt 0.6988 0.9583
vt 0 0
vt 1 0
vt 1 1
vt 0 0
vt 1 0
vt 1 1
vt 0.676 0.6174
vt 0 1
vt 0 0
vt 1 1
vt 0 1
vt 0 0
vt 1 1
vt 0 1
vt 0.3467 0.1252
vt 1 1
vt 0 1
vt 0 0
vt 0 0
vt 0.6988 0.1322
vt 0.4941 1.1948
vt 0 0
vt 0.8693 0.2157
vt 0.6988 0.9583
vt 0 0
vt 1 0
vt 1 1
vt 0 0
vt 1 0
vt 1 1
vt 0.676 0.6174
vt 0 1
vt 0 0
vt 1 1
vt 0 1
vt 0 0
vt 1 1
vt 0 1
vt 0.3467 0.1252
vt 1 1
vt 0 1
vt 0 0
vt 0 0
vt 0.6988 0.1322
vt 0.4941 1.1948
vt 0 0
vt 0.8693 0.2157
vt 0.6988 0.9583
vt 0 0
vt 1 0
vt 1 1
vt 0 0
vt 1 0
vt 1 1
vt 0.676 0.6174
vt 0 1
vt 0 0
vt 1 1
vt 0 1
vt 0 0
vt 1 1
vt 0 1
vt 0.3467 0.1252
vt 1 1
vt 0 1
vt 0 0
vt 0 0
vt 0.6988 0.1322
vt 0.4941 1.1948
vt 0 0
vt 0.8693 0.2157
vt 0.6988 0.9583
vt 0 0
vt 1 0
vt 1 1
vt 0 0
vt 1 0
vt 1 1
vt 0.676 0.6174
vt 0 1
vt 0 0
vt 1 1
vt 0 1
vt 0 0
vt 1 1
vt 0 1
vt 0.3467 0.1252
vt 1 1
vt 0 1
vt 0 0
vt 0 0
vt 0.6988 0.1322
vt 0.4941 1.1948
f 1127/1127/1127 1129/1129/1129 1128/1128/1128
f 1130/1130/1130 1132/1132/1132 1131/1131/1131
f 1133/1133/1133 1135/1135/1135 1134/1134/1134
f 1136/1136/1136 1138/1138/1138 1137/1137/1137
f 1139/1139/1139 1141/1141/1141 1140/1140/1140
f 1142/1142/1142 1144/1144/1144 1143/1143/1143
f 1145/1145/1145 1147/1147/1147 1146/1146/1146
f 1148/1148/1148 1150/1150/1150 1149/1149/1149
f 1151/1151/1151 1153/1153/1153 1152/1152/1152
f 1154/1154/1154 1156/1156/1156 1155/1155/1155
f 1157/1157/1157 1159/1159/1159 1158/1158/1158
f 1160/1160/1160 1162/1162/1162 1161/1161/1161
f 1163/1163/1163 1165/1165/1165 1164/1164/1164
f 1166/1166/1166 1168/1168/1168 1167/1167/1167
f 1169/1169/1169 1171/1171/1171 1170/1170/1170
f 1172/1172/1172 1174/1174/1174 1173/1173/1173
f 1175/1175/1175 1177/1177/1177 1176/1176/1176
f 1178/1178/1178 1180/1180/1180 1179/1179/1179
f 1181/1181/1181 1183/1183/1183 1182/1182/1182
f 1184/1184/1184 1186/1186/1186 1185/1185/1185
f 1187/1187/1187 1189/1189/1189 1188/1188/1188
f 1190/1190/1190 1192/1192/1192 1191/1191/1191
f 1193/1193/1193 1195/1195/1195 1194/1194/1194
f 1196/1196/1196 1198/1198/1198 1197/1197/1197
f 1199/1199/1199 1201/1201/1201 1200/1200/1200
f 1202/1202/1202 1204/1204/1204 1203/1203/1203
f 1205/1205/1205 1207/1207/1207 1206/1206/1206
f 1208/1208/1208 1210/1210/1210 1209/1209/1209
f 1211/1211/1211 1213/1213/1213 1212/1212/1212
f 1214/1214/1214 1216/1216/1216 1215/1215/1215
f 1217/1217/1217 1219/1219/1219 1218/1218/1218
f 1220/1220/1220 1222/1222/1222 1221/1221/1221
f 1223/1223/1223 1225/1225/1225 1224/1224/1224
f 1226/1226/1226 1228/1228/1228 1227/1227/1227
f 1229/1229/1229 1231/1231/1231 1230/1230/1230
f 1232/1232/1232 1234/1234/1234 1233/1233/1233
f 1235/1235/1235 1237/1237/1237 1236/1236/1236
f 1238/1238/1238 1240/1240/1240 1239/1239/1239
f 1241/1241/1241 1243/1243/1243 1242/1242/1242
f 1244/1244/1244 1246/1246/1246 1245/1245/1245
