# Ship01.bmd — MU bind-pose geometry, exported for MU2
# 10 mesh(es)

g TileGround03
# texture: TileGround03.jpg
v -93.82609 194.1821 533.4185
v 81.44686 197.2411 533.4719
v 50.3547 91.25746 433.9897
v -59.17991 89.34584 433.9565
v -59.17991 89.34584 433.9565
v 50.3547 91.25746 433.9897
v 100.8015 94.81329 269.5641
v -109.6346 91.14064 269.5001
v 103.911 98.28459 73.59367
v -112.7923 94.50258 73.52769
v 100.757 101.9995 -142.7025
v -109.6345 98.32768 -142.7666
v 89.82238 104.2061 -279.5364
v -98.70098 100.9159 -279.5938
v -121.4439 385.2675 600.15
v 74.20168 397.4464 753.6064
v 101.8898 389.1653 600.218
v -94.15513 394.5082 753.5551
v 140.4543 87.09122 -357.0892
v 107.8873 19.36742 -155.6522
v 1.277899 -89.25757 -168.2633
v 0.214011 -24.60198 -379.9915
v 111.3214 9.18951 71.14428
v 1.466002 -100.155 69.3682
v 107.3984 39.4252 300.3572
v 0.723288 -66.18571 330.8593
v 96.20071 102.1535 475.7573
v -2.40928 97.39006 635.1663
v -105.8274 98.62775 475.6959
v -114.8325 35.54667 300.2895
v -117.5764 5.194675 71.0746
v -114.3436 15.48899 -155.72
v -150.6681 82.01036 -357.1778
v -8.70048 434.7652 907.7379
v -57.38313 348.6028 -575.3384
v 49.2221 350.4614 -575.1912
v 70.77151 103.0748 -505.5819
v -70.99046 100.6007 -505.625
v -8.70048 434.7652 907.7379
v -94.15513 394.5082 753.5551
v -107.8409 211.8669 597.8171
v -4.421426 211.3058 713.851
v 94.12356 215.3917 597.8785
v -107.8409 211.8669 597.8171
v -105.8274 98.62775 475.6959
v 96.20071 102.1535 475.7573
v 94.12356 215.3917 597.8785
v 74.20168 397.4464 753.6064
v 112.0227 390.0257 570.648
v 138.836 246.4607 425.9002
v 100.9876 245.7988 425.9087
v 80.4844 389.4684 570.731
v -153.2847 241.3625 425.8112
v -131.4111 385.7772 570.5739
v -99.62351 386.3251 570.6761
v -115.1418 242.0267 425.8428
v 154.7162 176.9097 270.0577
v 113.0663 176.173 270.1763
v -166.6848 171.3005 269.9599
v -124.7267 172.0229 270.1039
v 160.0942 144.1321 74.24328
v 117.213 143.3813 74.26319
v -170.8784 138.3559 74.14241
v -127.6617 139.1076 74.18869
v 155.28 147.8768 -142.0123
v 113.6478 147.1442 -141.9445
v -166.0526 142.2688 -142.1103
v -124.0946 142.9951 -142.0169
v 152.8742 288.3483 -291.9453
v 111.242 287.614 -291.8544
v -168.4585 282.7403 -292.0432
v -126.5005 283.4648 -291.9268
v -99.62351 386.3251 570.6761
v 80.4844 389.4684 570.731
v 81.44686 197.2411 533.4719
v -93.82609 194.1821 533.4185
v 79.69529 288.3405 -368.735
v -93.8393 285.312 -368.788
v -106.2563 102.3362 -372.2256
v 97.44527 105.8913 -372.1635
v 138.4999 347.7404 -311.8945
v 111.242 287.614 -291.8544
v 152.8742 288.3483 -291.9453
v -156.3007 342.5955 -311.9843
v -168.4585 282.7403 -292.0432
v -126.5005 283.4648 -291.9268
v 138.4999 347.7404 -311.8945
v -156.3007 342.5955 -311.9843
v -126.5005 283.4648 -291.9268
v 111.242 287.614 -291.8544
v -121.4439 385.2675 600.15
v -99.62351 386.3251 570.6761
v -131.4111 385.7772 570.5739
v 101.8898 389.1653 600.218
v 112.0227 390.0257 570.648
v 80.4844 389.4684 570.731
v 101.8898 389.1653 600.218
v 80.4844 389.4684 570.731
v -99.62351 386.3251 570.6761
v -121.4439 385.2675 600.15
v 97.44527 105.8913 -372.1635
v -106.2563 102.3362 -372.2256
v 89.82238 104.2061 -279.5364
v 111.242 287.614 -291.8544
v 79.69529 288.3405 -368.735
v 97.44527 105.8913 -372.1635
v -126.5005 283.4648 -291.9268
v -98.70098 100.9159 -279.5938
v -106.2563 102.3362 -372.2256
v -93.8393 285.312 -368.788
v 112.0227 390.0257 570.648
v 101.8898 389.1653 600.218
v 121.763 389.5122 600.2241
v -121.4439 385.2675 600.15
v -131.4111 385.7772 570.5739
v -141.1456 384.9237 600.144
v 221.4602 104.463 68.56717
v 221.4603 106.9105 -71.64882
v 221.2131 121.0669 -71.40172
v 221.2131 118.6195 68.81427
v 119.5216 69.0069 -72.44752
v 135.3114 119.5678 -71.42782
v 221.2131 121.0669 -71.40172
v 221.4603 106.9105 -71.64882
v 135.3114 119.5678 -71.42782
v 135.3114 117.1203 68.78808
v 221.2131 118.6195 68.81427
v 221.2131 121.0669 -71.40172
v 135.3114 117.1203 68.78808
v 119.5216 66.5594 67.76848
v 221.4602 104.463 68.56717
v 221.2131 118.6195 68.81427
v -150.6175 243.6083 441.6158
v 103.1775 225.5738 606.6198
v 134.5496 248.585 441.7026
v -118.5627 221.7038 606.5523
v -5.013528 220.3338 806.8698
v -150.6175 243.6083 441.6158
v 134.5496 248.585 441.7026
v 138.4788 224.1905 413.5694
v -153.8436 219.0889 413.4804
v -159.7824 186.4678 341.3269
v 107.5214 104.8314 481.8628
v 145.6888 191.799 341.4199
v -118.6958 100.8834 481.7939
v -2.709634 99.69032 659.3962
v -159.7824 186.4678 341.3269
v 145.6888 191.799 341.4199
v 149.7072 178.6671 314.5422
v -163.4285 173.2021 314.4468
v -67.38771 109.1574 51.3288
v 61.74778 111.4111 51.36819
v 61.74779 113.3687 -60.7842
v -67.38771 111.115 -60.82359
v -67.14299 95.14046 51.0842
v 61.9925 97.3942 51.12358
v 61.74778 111.4111 51.36819
v -67.38771 109.1574 51.3288
v 61.9925 97.3942 51.12358
v 61.99249 99.35181 -61.0289
v 61.74779 113.3687 -60.7842
v 61.74778 111.4111 51.36819
v 61.99249 99.35181 -61.0289
v -67.143 97.09807 -61.0683
v -67.38771 111.115 -60.82359
v 61.74779 113.3687 -60.7842
v -67.143 97.09807 -61.0683
v -67.14299 95.14046 51.0842
v -67.38771 109.1574 51.3288
v -67.38771 111.115 -60.82359
v 5.641013 249.4697 1.190674
v -12.95405 937.9289 5.433594
v -10.22944 937.8585 12.19684
v 1.445105 249.5782 -9.224792
v 1.445105 249.5782 -9.224792
v -21.77104 937.775 5.430847
v -12.95405 937.9289 5.433594
v -12.133 249.3412 -9.229004
v -24.49555 937.6095 12.19257
v -16.32888 249.0862 1.183899
v -17.36253 937.661 16.37421
v -5.343912 249.1656 7.623596
v -17.36253 937.661 16.37421
v -10.22944 937.8585 12.19684
v -12.95405 937.9289 5.433594
v -21.77104 937.775 5.430847
v -24.49555 937.6095 12.19257
v -581.9429 791.924 19.90936
v -581.7007 778.0512 19.6673
v -581.8217 784.8663 26.72589
v -581.8218 785.1086 12.85089
v -581.8218 785.1086 12.85089
v 553.2188 811.7354 20.25519
v 553.34 804.9199 13.19659
v -581.9429 791.924 19.90936
v 553.34 804.6779 27.07159
v -581.8217 784.8663 26.72589
v 553.4611 797.8624 20.013
v -581.7007 778.0512 19.6673
v 553.2188 811.7354 20.25519
v 553.34 804.6779 27.07159
v 553.4611 797.8624 20.013
v 553.34 804.9199 13.19659
v 138.4999 347.7404 -311.8945
v 152.8742 288.3483 -291.9453
v 153.2583 266.5304 -303.1199
v 153.2583 266.5304 -303.1199
v 139.9187 266.2976 -303.124
v 138.4999 347.7404 -311.8945
v -168.4585 282.7403 -292.0432
v -156.3007 342.5955 -311.9843
v -154.8819 261.1525 -303.2138
v -154.8819 261.1525 -303.2138
v -168.0743 260.9224 -303.2178
v -168.4585 282.7403 -292.0432
v 121.763 389.5122 600.2241
v 101.8898 389.1653 600.218
v 127.1482 220.2464 435.8122
v 121.763 389.5122 600.2241
v 127.1482 220.2464 435.8122
v 146.6021 220.0182 435.2345
v -141.1456 384.9237 600.144
v -160.1245 214.665 435.1411
v -140.8524 215.569 435.7305
v -141.1456 384.9237 600.144
v -140.8524 215.569 435.7305
v -121.4439 385.2675 600.15
v -134.722 320.38 -322.4568
v 114.5166 324.7298 -322.3808
v 112.3534 326.7901 -442.5703
v -130.1134 322.5593 -442.7026
v 73.33907 327.5236 -523.6198
v -87.23481 324.7246 -523.8665
v 39.03222 328.0663 -589.022
v -51.09693 326.4951 -589.1465
v -173.8504 326.8316 -294.0747
v 156.3263 332.5939 -293.9742
v 155.4127 385.2454 -295.3573
v -174.7639 379.4829 -295.4581
v -171.4476 187.8484 -203.1286
v 158.729 193.6107 -203.0278
v 157.4195 107.8125 -398.6308
v -163.7863 102.2081 -398.8062
v 105.7358 108.7843 -506.0006
v -106.9832 105.0766 -506.3275
v 60.16009 116.0991 -551.1057
v -59.23768 114.0177 -551.2707
v -171.1171 168.3271 -185.7261
v 159.0595 174.0894 -185.6256
v 158.729 193.6107 -203.0278
v -171.4476 187.8484 -203.1286
v -172.322 238.9393 -259.7816
v 157.8547 244.7017 -259.6808
v 155.3609 226.4003 -435.0199
v -165.8449 220.7959 -435.1953
v 103.6772 227.3722 -542.3897
v -109.0418 223.6644 -542.7166
v 58.03393 238.7177 -596.2985
v -61.3639 236.6361 -596.4636
v -171.9893 219.2753 -241.3227
v 158.1873 225.0376 -241.2223
v 157.8547 244.7017 -259.6808
v 157.8547 244.7017 -259.6808
v -172.322 238.9393 -259.7816
v -171.9893 219.2753 -241.3227
v -168.0743 260.9224 -303.2178
v -154.8819 261.1525 -303.2138
v -152.3473 113.1567 -144.731
v -168.0743 260.9224 -303.2178
v -152.3473 113.1567 -144.731
v -173.5834 113.3369 -144.6312
v 153.2583 266.5304 -303.1199
v 163.8159 119.2253 -144.5284
v 142.4532 118.3016 -144.6412
v 153.2583 266.5304 -303.1199
v 142.4532 118.3016 -144.6412
v 139.9187 266.2976 -303.124
v 15.2021 110.8893 0.583893
v 5.857504 249.7703 -14.18051
v 12.78069 249.5912 3.004883
v 8.278891 111.0684 -16.6015
v 8.278891 111.0684 -16.6015
v -16.5464 249.3793 -14.18741
v 5.857504 249.7703 -14.18051
v -14.12501 110.6774 -16.60829
v -23.46951 248.9585 2.993896
v -21.04811 110.2567 0.572907
v -5.344385 249.0895 13.61929
v -2.923013 110.3876 11.19839
v -5.344385 249.0895 13.61929
v 12.78069 249.5912 3.004883
v 5.857504 249.7703 -14.18051
v 5.857504 249.7703 -14.18051
v -16.5464 249.3793 -14.18741
v -23.46951 248.9585 2.993896
v -230.5218 96.57484 68.4295
v -230.7689 113.1788 -71.53937
v -230.5218 99.02228 -71.78647
v -230.7689 110.7312 68.67661
v -127.3222 64.69879 -72.52267
v -230.7689 113.1788 -71.53937
v -144.8673 114.678 -71.51308
v -230.5218 99.02228 -71.78647
v -144.8673 114.678 -71.51308
v -230.7689 110.7312 68.67661
v -144.8673 112.2305 68.70271
v -230.7689 113.1788 -71.53937
v -144.8673 112.2305 68.70271
v -230.5218 96.57484 68.4295
v -127.3222 62.25138 67.6933
v -230.7689 110.7312 68.67661
v -22.97917 565.7705 995.001
v 0.433432 566.1791 995.0081
v 0.447104 566.0211 959.5161
v -22.96574 565.6125 959.509
v -16.85307 218.8388 760.6765
v 6.559714 219.2474 760.6837
v 3.074301 416.0646 925.9561
v -20.3383 415.6561 925.9489
v 6.559714 219.2474 760.6837
v 6.551474 220.5989 709.9816
v 2.692709 438.3961 899.3386
v 3.074301 416.0646 925.9561
v 6.551474 220.5989 709.9816
v -16.86125 220.1902 709.9744
v -20.72001 437.9875 899.3314
v 2.692709 438.3961 899.3386
v -16.86125 220.1902 709.9744
v -16.85307 218.8388 760.6765
v -20.3383 415.6561 925.9489
v -20.72001 437.9875 899.3314
v -20.3383 415.6561 925.9489
v 3.074301 416.0646 925.9561
v 0.433432 566.1791 995.0081
v -22.97917 565.7705 995.001
v 3.074301 416.0646 925.9561
v 2.692709 438.3961 899.3386
v 0.447104 566.0211 959.5161
v 0.433432 566.1791 995.0081
v 2.692709 438.3961 899.3386
v -20.72001 437.9875 899.3314
v -22.96574 565.6125 959.509
v 0.447104 566.0211 959.5161
v -20.72001 437.9875 899.3314
v -20.3383 415.6561 925.9489
v -22.97917 565.7705 995.001
v -22.96574 565.6125 959.509
v 4.606162 423.2475 922.7391
v -10.02604 506.1463 1075.972
v 0.788779 498.4655 1079.478
v -8.774576 436.9906 929.7083
v -20.5684 498.0929 1079.471
v -21.66313 422.7889 922.7311
v -9.753702 490.412 1082.978
v -8.155436 401.8532 910.3437
v -10.02604 506.1463 1075.972
v -20.5684 498.0929 1079.471
v -9.753702 490.412 1082.978
v 0.788779 498.4655 1079.478
v -9.806559 494.4378 1026.243
v -9.585733 481.6804 1031.925
v -18.35429 487.908 1029.081
v -1.037637 488.2103 1029.086
v -1.037637 488.2103 1029.086
v -10.87528 553.2458 1164.922
v -8.418985 551.5012 1165.719
v -9.806559 494.4378 1026.243
v -13.26945 551.4166 1165.717
v -18.35429 487.908 1029.081
v -10.81315 549.6721 1166.514
v -9.585733 481.6804 1031.925
v -10.87528 553.2458 1164.922
v -13.26945 551.4166 1165.717
v -10.81315 549.6721 1166.514
v -8.418985 551.5012 1165.719
v 110.4305 193.7867 -250.4242
v -123.1558 189.7101 -250.4951
v -123.1538 188.7688 -203.2036
v 110.4326 192.8454 -203.1326
v 97.04728 244.691 -307.066
v -113.5514 241.0155 -307.1299
v -131.4502 239.7619 -259.8439
v 114.9503 244.0622 -259.7691
v 110.5009 179.0961 359.8785
v -123.0854 175.0194 359.8076
v -123.0849 173.9233 421.0797
v 110.5014 178 421.1506
v 109.305 245.8857 459.3331
v -124.2814 241.809 459.2622
v -106.4649 240.5987 544.8953
v 91.48959 244.0535 544.9553
v 15.02099 808.06 -2.481384
v 5.773642 831.2157 -31.62683
v 26.92229 831.0691 -2.079651
v 0.021994 808.1638 -23.43671
v -36.52366 830.4774 -31.63971
v -29.97611 807.6404 -23.44592
v -57.67228 829.5927 -2.105408
v -44.97514 807.0129 -2.499512
v -36.52363 829.4462 27.44183
v -29.97608 806.9089 18.45587
v 5.773734 830.1843 27.45465
v 0.021994 807.4325 18.46503
v -36.52366 830.4774 -31.63971
v 26.92229 831.0691 -2.079651
v 5.773642 831.2157 -31.62683
v -57.67228 829.5927 -2.105408
v -36.52363 829.4462 27.44183
v 5.773734 830.1843 27.45465
v 42.84887 451.6582 -11.04282
v 12.24778 460.4095 -40.43979
v 33.39637 460.263 -10.89273
v 17.05047 451.8369 -47.08618
v -30.04951 459.6714 -40.45279
v -34.5461 450.9364 -47.10193
v -51.19811 458.7865 -10.91852
v -60.34451 449.8571 -11.07428
v -30.04952 458.64 18.62878
v -34.54609 449.6783 24.96918
v 12.24779 459.3782 18.64169
v 17.05048 450.5789 24.98489
v -30.04951 459.6714 -40.45279
v 33.39637 460.263 -10.89273
v 12.24778 460.4095 -40.43979
v -51.19811 458.7865 -10.91852
v -30.04952 458.64 18.62878
v 12.24779 459.3782 18.64169
v -174.7639 379.4829 -295.4581
v 155.4127 385.2454 -295.3573
v 140.1139 385.2421 -309.3222
v -161.4647 379.9787 -309.4143
v 152.5471 387.584 -432.2064
v 137.4965 387.3781 -434.3182
v -168.6588 381.9795 -432.3818
v -155.8884 382.2591 -434.4786
v 100.8633 388.5559 -539.5762
v 90.28915 388.2659 -532.3884
v -111.8557 384.8481 -539.9031
v -104.0053 384.879 -532.687
v 55.41515 389.2882 -626.2169
v 48.77779 388.9226 -611.5248
v -63.98261 387.2067 -626.3818
v -60.27842 387.0213 -611.6754
vn -0.0118 0.686209 -0.727309
vn -0.0118 0.686209 -0.727309
vn -0.0118 0.686209 -0.727309
vn -0.0118 0.686209 -0.727309
vn -0.0175 0.999714 0.0163
vn -0.0175 0.999714 0.0163
vn -0.0175 0.999708 0.0167
vn -0.0175 0.999702 0.017
vn -0.0175 0.999696 0.0174
vn -0.0175 0.999696 0.0174
vn -0.0175 0.999694 0.0175
vn -0.0175 0.999694 0.0175
vn -0.0175 0.999697 0.0173
vn -0.0175 0.999702 0.017
vn -0.0174 0.998223 -0.057001
vn -0.017299 0.992648 -0.119794
vn -0.0174 0.998223 -0.057001
vn -0.017199 0.98837 -0.151095
vn 0.928021 -0.244105 -0.281406
vn 0.893491 -0.448195 -0.0282
vn 0.0122 -0.988089 -0.153398
vn -0.283987 -0.738466 -0.611572
vn 0.898638 -0.437119 0.037102
vn 0.029701 -0.998646 0.042702
vn 0.923711 -0.360104 0.130702
vn 0.190004 -0.932218 0.308006
vn 0.894617 -0.388807 0.220204
vn 0.027499 -0.880373 0.473485
vn -0.897578 -0.388491 0.208395
vn -0.880031 -0.461617 0.111604
vn -0.873316 -0.487109 0.0066
vn -0.880771 -0.465085 -0.089097
vn -0.93888 -0.145697 -0.311893
vn -0.0168 0.969681 -0.243795
vn -0.474895 -0.229498 -0.849591
vn 0.455119 -0.209909 -0.865336
vn 0.501277 -0.21339 -0.838562
vn -0.521122 -0.211209 -0.826936
vn 0.244193 -0.527386 0.813778
vn -0.922839 -0.192708 0.333514
vn -0.926727 -0.231807 0.295709
vn 0.023601 -0.654923 0.755327
vn 0.0126 -0.733102 0.680002
vn 0.0126 -0.733102 0.680002
vn 0.0126 -0.733102 0.680002
vn 0.0126 -0.733102 0.680002
vn 0.937311 -0.193702 0.289703
vn 0.958301 -0.1101 0.2637
vn -0.0138 0.708787 -0.705287
vn -0.0157 0.856875 -0.515285
vn -0.0148 0.787999 -0.615499
vn -0.014901 0.708826 -0.705226
vn -0.0124 0.788111 -0.615409
vn -0.0094 0.708674 -0.705474
vn -0.0105 0.708816 -0.705316
vn -0.013899 0.856969 -0.515181
vn -0.0178 0.968494 -0.248399
vn -0.017401 0.943745 -0.330216
vn -0.015299 0.943757 -0.330285
vn -0.0158 0.968503 -0.248501
vn -0.0176 0.998898 -0.0435
vn -0.017701 0.994335 -0.104804
vn -0.016901 0.994349 -0.104805
vn -0.0173 0.998904 -0.0435
vn -0.0142 0.871167 0.490782
vn -0.016499 0.966856 0.254788
vn -0.017401 0.966835 0.254809
vn -0.0165 0.871112 0.490807
vn -0.011 0.729593 0.683793
vn -0.0112 0.729591 0.683792
vn -0.0147 0.729511 0.683811
vn -0.0149 0.729509 0.683809
vn -0.003 0.190304 -0.981721
vn -0.003 0.190304 -0.981721
vn -0.003 0.190304 -0.981721
vn -0.003 0.190304 -0.981721
vn -0 -0.0188 0.999823
vn -0 -0.0188 0.999823
vn -0 -0.0188 0.999823
vn -0 -0.0188 0.999823
vn -0.0049 0.318293 0.94798
vn -0.0044 0.318114 0.948042
vn -0.003 0.317606 0.948218
vn -0.0073 0.318109 0.948026
vn -0.0087 0.317506 0.948217
vn -0.0068 0.3182 0.947999
vn -0.0049 0.318293 0.94798
vn -0.0073 0.318109 0.948026
vn -0.0068 0.3182 0.947999
vn -0.0044 0.318114 0.948042
vn -0.0173 0.999584 0.0231
vn -0.0173 0.999584 0.0231
vn -0.0173 0.999584 0.0231
vn -0.0176 0.999578 0.023099
vn -0.0176 0.999578 0.023099
vn -0.0176 0.999578 0.023099
vn -0.0175 0.999585 0.0229
vn -0.0175 0.999585 0.0229
vn -0.0175 0.999585 0.0229
vn -0.0175 0.999585 0.0229
vn -0.0175 0.999706 0.0168
vn -0.0175 0.999706 0.0168
vn -0.990484 0.087298 0.106398
vn -0.97203 0.102503 0.211307
vn -0.991948 0.0137 0.125906
vn -0.994506 -0.080101 -0.0674
vn 0.984126 0.112203 0.137504
vn 0.99213 0.125204 0.0014
vn 0.99058 0.033799 0.132697
vn 0.944964 -0.054598 0.322588
vn -0.0175 0.99958 0.023099
vn -0.0175 0.99958 0.023099
vn -0.0175 0.99958 0.023099
vn -0.0175 0.99958 0.023099
vn -0.0175 0.99958 0.023099
vn -0.0175 0.99958 0.023099
vn 0.999849 0.017401 0.0003
vn 0.999847 0.017501 0.0003
vn 0.999849 0.017401 0.0003
vn 0.999849 0.017401 0.0003
vn 0.0008 0.018801 -0.999823
vn 0 0.0202 -0.999796
vn 0.0008 0.018801 -0.999823
vn 0.0017 0.017501 -0.999846
vn -0.0175 0.999696 0.0174
vn -0.0175 0.999696 0.0174
vn -0.0175 0.999696 0.0174
vn -0.0175 0.999696 0.0174
vn -0.0002 -0.018701 0.999825
vn -0.0005 -0.02 0.9998
vn -0.0002 -0.018701 0.999825
vn 0 -0.017501 0.999847
vn -0.0173 0.990708 0.134901
vn -0.017399 0.995259 0.095696
vn -0.0173 0.990708 0.134901
vn -0.017399 0.996956 0.075997
vn -0.0175 0.999708 0.0167
vn -0.782482 0.472889 -0.40509
vn 0.953203 0.243201 -0.179601
vn 0.460924 0.696037 -0.550529
vn -0.770418 0.513312 -0.378109
vn -0.015 0.851896 0.523497
vn -0.0163 0.930279 0.366492
vn -0.015 0.851896 0.523497
vn -0.016799 0.959653 0.280686
vn -0.0175 0.999683 0.0181
vn -0.780782 0.578887 -0.235095
vn 0.947892 0.309098 -0.077199
vn 0.458988 0.818978 -0.344391
vn -0.7741 0.5969 -0.2109
vn -0.0175 0.999696 0.0174
vn -0.0175 0.999696 0.0174
vn -0.0175 0.999696 0.0174
vn -0.0175 0.999696 0.0174
vn 0 -0.017501 0.999847
vn 0 -0.017501 0.999847
vn 0 -0.017501 0.999847
vn 0 -0.017501 0.999847
vn 0.999849 0.017401 0.0003
vn 0.999849 0.017401 0.0003
vn 0.999849 0.017401 0.0003
vn 0.999849 0.017401 0.0003
vn 0 0.017501 -0.999847
vn 0 0.017501 -0.999847
vn 0 0.017501 -0.999847
vn 0 0.017401 -0.999849
vn -0.999849 -0.017401 -0.0003
vn -0.999849 -0.017401 -0.0003
vn -0.999849 -0.017401 -0.0003
vn -0.999849 -0.017401 -0.0003
vn 0.996824 0.020701 0.076902
vn 0.761504 0.0292 -0.647503
vn 0.851407 0.0103 0.524404
vn 0.380697 0.0274 -0.924294
vn 0.380697 0.0274 -0.924294
vn -0.380903 0.0141 -0.924508
vn 0.761504 0.0292 -0.647503
vn -0.761663 0.0026 -0.647968
vn -0.996993 -0.0141 0.0762
vn -0.851543 -0.019401 0.523926
vn -0.235391 -0.016499 0.971761
vn 0.235297 -0.0082 0.971889
vn -0.0175 0.999696 0.0174
vn -0.0175 0.999696 0.0174
vn -0.0175 0.999696 0.0174
vn -0.0174 0.999697 0.0174
vn -0.0174 0.999697 0.0174
vn -0.999847 -0.017501 -0.0003
vn -0.999847 -0.017501 -0.0003
vn -0.999847 -0.017501 -0.0003
vn -0.999847 -0.017501 -0.0003
vn -0.0055 0.332705 -0.943015
vn -0.0166 0.953919 -0.299606
vn 0.0055 -0.299585 -0.954054
vn -0.0166 0.942888 0.332696
vn -0.0055 0.299585 0.954054
vn 0.0055 -0.332705 0.943015
vn 0.0166 -0.953919 0.299606
vn 0.0166 -0.942888 -0.332696
vn 0.999849 0.017401 0.0003
vn 0.999849 0.017401 0.0003
vn 0.999849 0.017401 0.0003
vn 0.999849 0.017401 0.0003
vn 0.970568 0.123096 -0.206993
vn 0.970568 0.123096 -0.206993
vn 0.970568 0.123096 -0.206993
vn 0.0022 -0.106995 -0.994257
vn 0.0022 -0.106995 -0.994257
vn 0.0022 -0.106995 -0.994257
vn -0.782711 -0.080101 -0.617209
vn -0.782711 -0.080101 -0.617209
vn -0.782711 -0.080101 -0.617209
vn -0.0077 0.4557 -0.8901
vn -0.0077 0.4557 -0.8901
vn -0.0077 0.4557 -0.8901
vn 0.0119 -0.696479 0.717479
vn 0.0119 -0.696479 0.717479
vn 0.0119 -0.696479 0.717479
vn 0.013399 -0.696466 0.717465
vn 0.013399 -0.696466 0.717465
vn 0.013399 -0.696466 0.717465
vn 0.0104 -0.696491 0.71749
vn 0.0104 -0.696491 0.71749
vn 0.0104 -0.696491 0.71749
vn 0.0119 -0.696479 0.717479
vn 0.0119 -0.696479 0.717479
vn 0.0119 -0.696479 0.717479
vn -0.0175 0.999696 0.0174
vn -0.0175 0.999696 0.0174
vn -0.0175 0.999696 0.0174
vn -0.0175 0.999696 0.0174
vn -0.0175 0.999694 0.0175
vn -0.0175 0.999694 0.0175
vn -0.0175 0.999694 0.0175
vn -0.0175 0.999694 0.0175
vn -0.0008 0.026199 0.999657
vn -0.0008 0.026199 0.999657
vn -0.0008 0.026199 0.999657
vn -0.0008 0.026299 0.999654
vn -0.0158 0.915719 -0.401508
vn -0.0159 0.915681 -0.401592
vn -0.0167 0.963471 -0.267292
vn -0.017201 0.992045 -0.124706
vn -0.017501 0.99733 0.070902
vn -0.0175 0.992091 0.124299
vn -0.0175 0.984019 0.177203
vn -0.0174 0.984003 0.177301
vn -0.0118 0.665292 0.74649
vn -0.0118 0.665292 0.74649
vn -0.0118 0.665292 0.74649
vn -0.0118 0.665292 0.74649
vn -0.0173 0.994479 -0.103498
vn -0.017299 0.994469 -0.103597
vn -0.017401 0.997843 -0.063303
vn -0.0174 0.999586 -0.0229
vn -0.0175 0.996202 0.0853
vn -0.017501 0.988039 0.153206
vn -0.017401 0.975343 0.22001
vn -0.017401 0.975343 0.22001
vn -0.0122 0.684196 0.729196
vn -0.0122 0.684196 0.729196
vn -0.0122 0.684196 0.729196
vn -0.0122 0.684299 0.729099
vn -0.0122 0.684299 0.729099
vn -0.0122 0.684299 0.729099
vn 0.013 -0.730687 -0.682588
vn 0.013 -0.730687 -0.682588
vn 0.013 -0.730687 -0.682588
vn -0.014801 -0.731829 -0.681327
vn -0.014801 -0.731829 -0.681327
vn -0.014801 -0.731829 -0.681327
vn 0.040499 -0.730891 -0.681292
vn 0.040499 -0.730891 -0.681292
vn 0.040499 -0.730891 -0.681292
vn 0.013 -0.730687 -0.682588
vn 0.013 -0.730687 -0.682588
vn 0.013 -0.730687 -0.682588
vn 0.996916 0.016101 0.076801
vn 0.76159 0.0246 -0.647592
vn 0.851466 0.0057 0.524379
vn 0.380792 0.0228 -0.92438
vn 0.380792 0.0228 -0.92438
vn -0.380803 0.0095 -0.924607
vn 0.76159 0.0246 -0.647592
vn -0.761573 -0.002 -0.648077
vn -0.996917 -0.0187 0.076201
vn -0.851458 -0.023999 0.523874
vn -0.235299 -0.0211 0.971694
vn 0.235308 -0.0129 0.971835
vn -0.0175 0.999696 0.0174
vn -0.0175 0.999696 0.0174
vn -0.0175 0.999696 0.0174
vn -0.0175 0.999696 0.0174
vn -0.0175 0.999696 0.0174
vn -0.0175 0.999694 0.0175
vn -0.999849 -0.017401 -0.0003
vn -0.999849 -0.017401 -0.0003
vn -0.999849 -0.017401 -0.0003
vn -0.999849 -0.017401 -0.0003
vn -0.0009 0.018801 -0.999823
vn -0.0009 0.018801 -0.999823
vn 0 0.0202 -0.999796
vn -0.0017 0.017401 -0.999847
vn -0.0175 0.999696 0.0174
vn -0.0175 0.999696 0.0174
vn -0.0175 0.999696 0.0174
vn -0.0175 0.999696 0.0174
vn 0.0003 -0.018701 0.999825
vn 0.0003 -0.018701 0.999825
vn 0.0006 -0.02 0.9998
vn 0 -0.017501 0.999847
vn -0.017401 0.999839 -0.0045
vn -0.017401 0.999839 -0.0045
vn -0.017401 0.999839 -0.0045
vn -0.017401 0.999839 -0.0045
vn 0.011 -0.642886 0.765883
vn 0.011 -0.642886 0.765883
vn 0.011 -0.642886 0.765883
vn 0.011 -0.642886 0.765883
vn 0.999849 0.017401 0.0003
vn 0.999849 0.017401 0.0003
vn 0.999849 0.017401 0.0003
vn 0.999849 0.017401 0.0003
vn -0.0112 0.655989 -0.754687
vn -0.0112 0.655989 -0.754687
vn -0.0112 0.655989 -0.754687
vn -0.0112 0.655989 -0.754687
vn -0.999849 -0.017401 -0.0003
vn -0.999849 -0.017401 -0.0003
vn -0.999849 -0.017401 -0.0003
vn -0.999849 -0.017401 -0.0003
vn 0.007 -0.417805 0.90851
vn 0.007 -0.417805 0.90851
vn 0.007 -0.417805 0.90851
vn 0.007 -0.417805 0.90851
vn 0.999849 0.017401 0.0003
vn 0.999849 0.017401 0.0003
vn 0.999849 0.017401 0.0003
vn 0.999849 0.017401 0.0003
vn -0.0072 0.426402 -0.904505
vn -0.0072 0.426402 -0.904505
vn -0.0072 0.426402 -0.904505
vn -0.0072 0.426402 -0.904505
vn -0.999849 -0.017401 -0.0003
vn -0.999849 -0.017401 -0.0003
vn -0.999849 -0.017401 -0.0003
vn -0.999849 -0.017401 -0.0003
vn 0.928395 0.341798 -0.145799
vn 0.2835 0.8686 -0.4064
vn 0.966325 -0.221006 0.131803
vn -0.323703 0.854907 -0.405403
vn -0.948107 0.287302 -0.136201
vn -0.959697 -0.250299 0.1278
vn -0.342298 -0.839494 0.421997
vn 0.356916 -0.831438 0.425819
vn -0.0074 0.406712 0.913527
vn -0.0074 0.406712 0.913527
vn -0.0074 0.406712 0.913527
vn -0.0074 0.406712 0.913527
vn 0.0074 -0.406712 -0.913527
vn 0.0074 -0.406712 -0.913527
vn 0.0074 -0.406712 -0.913527
vn 0.0074 -0.406712 -0.913527
vn 0.942937 0.316313 -0.104004
vn 0.300998 0.878795 -0.370298
vn 0.952678 -0.257094 0.162196
vn -0.331311 0.867729 -0.370513
vn -0.953346 0.283214 -0.104505
vn -0.943248 -0.290115 0.161608
vn -0.301203 -0.852209 0.427805
vn 0.330495 -0.841187 0.427993
vn -0.0074 0.406712 0.913527
vn -0.0073 0.406712 0.913527
vn -0.0074 0.406712 0.913527
vn -0.0074 0.406712 0.913527
vn -0.017501 0.999649 0.019901
vn -0.017501 0.999649 0.019901
vn -0.017501 0.999649 0.019901
vn -0.017501 0.999649 0.019901
vn -0.017501 0.999649 0.019901
vn -0.017501 0.999649 0.019901
vn -0.017501 0.999649 0.019901
vn -0.017501 0.999649 0.019901
vn -0.0175 0.999687 0.0179
vn -0.0175 0.999687 0.0179
vn -0.0175 0.999687 0.0179
vn -0.0175 0.999687 0.0179
vn -0.0175 0.999688 0.0178
vn -0.0175 0.999688 0.0178
vn -0.0175 0.999688 0.0178
vn -0.0175 0.999688 0.0178
vn 0.909728 -0.374011 -0.180306
vn 0.608802 -0.370101 -0.701702
vn 0.909741 -0.380017 0.167207
vn 0.307796 -0.372296 -0.87559
vn -0.294118 -0.382823 -0.875752
vn -0.595086 -0.391091 -0.702083
vn -0.896013 -0.405506 -0.180903
vn -0.896043 -0.41152 0.166608
vn -0.595087 -0.415391 0.687985
vn -0.294085 -0.413179 0.861857
vn 0.307807 -0.40271 0.862021
vn 0.608775 -0.394384 0.688371
vn -0.0175 0.999696 0.0174
vn -0.0175 0.999694 0.0175
vn -0.0175 0.999694 0.0175
vn -0.0175 0.999696 0.0174
vn -0.0175 0.999696 0.0174
vn -0.0175 0.999696 0.0174
vn 0.740606 0.658605 -0.133201
vn 0.489995 0.661793 -0.567394
vn 0.74063 0.653527 0.156106
vn 0.239399 0.659897 -0.712197
vn -0.261804 0.651209 -0.71231
vn -0.512484 0.64428 -0.567682
vn -0.7631 0.6323 -0.1337
vn -0.763074 0.627278 0.155695
vn -0.512495 0.624093 0.589794
vn -0.26181 0.625923 0.734627
vn 0.23939 0.634672 0.734768
vn 0.490008 0.64161 0.590109
vn -0.0175 0.999696 0.0174
vn -0.0175 0.999696 0.0174
vn -0.0175 0.999696 0.0174
vn -0.0175 0.999696 0.0174
vn -0.0175 0.999696 0.0174
vn -0.0175 0.999696 0.0174
vn -0.018099 0.999667 0.018399
vn -0.0164 0.999705 0.0179
vn -0.0169 0.999688 0.0184
vn -0.018799 0.999663 0.017899
vn -0.015701 0.999732 0.017001
vn -0.0158 0.999727 0.0172
vn -0.019499 0.999664 0.017099
vn -0.019499 0.999669 0.016799
vn -0.016001 0.999729 0.0169
vn -0.015701 0.999737 0.016701
vn -0.0196 0.99967 0.0166
vn -0.0191 0.999677 0.016799
vn -0.0172 0.999706 0.0171
vn -0.0166 0.999718 0.017
vn -0.0184 0.999688 0.0169
vn -0.0177 0.999699 0.017
vt 1.0893 3.1591
vt -0.0582 3.1591
vt 0.1576 2.2647
vt 0.8747 2.2647
vt 0.8747 2.2647
vt 0.1576 2.2647
vt -0.1726 0.758
vt 1.2051 0.758
vt -0.193 -1.0377
vt 1.2258 -1.0377
vt -0.1723 -3.0197
vt 1.2051 -3.0197
vt -0.1007 -4.2735
vt 1.1335 -4.2735
vt -0.2649 2.0212
vt 1.0228 0.4692
vt 1.2036 2.0212
vt -0.0842 0.4692
vt -0.43 -4.9812
vt -0.2095 -3.1251
vt 0.5007 -3.2232
vt 0.5007 -5.1731
vt -0.2313 -1.0459
vt 0.5002 -1.0447
vt -0.2095 1.0489
vt 0.5007 1.3452
vt -0.1437 2.6456
vt 0.5019 4.1066
vt 1.1789 2.6456
vt 1.2454 1.0489
vt 1.2673 -1.0459
vt 1.2454 -3.1251
vt 1.4759 -4.9812
vt 0.4825 -1.0852
vt 0.8354 -7.0222
vt 0.1375 -7.0212
vt 0.0245 -6.344
vt 0.9526 -6.344
vt 0.504 6.5495
vt 1.0682 5.1436
vt 1.1789 3.7462
vt 0.5019 4.8092
vt -0.1433 3.7462
vt 1.1789 3.7462
vt 1.1789 2.6456
vt -0.1437 2.6456
vt -0.1433 3.7462
vt -0.034 5.1436
vt -0.2804 3.4688
vt -0.4392 2.1658
vt -0.1914 2.166
vt -0.0739 3.4696
vt 1.4733 2.1658
vt 1.3134 3.4688
vt 1.1053 3.4696
vt 1.2236 2.166
vt -0.5349 0.7494
vt -0.2622 0.7506
vt 1.5693 0.7494
vt 1.2946 0.7506
vt -0.5659 -1.0391
vt -0.2852 -1.0388
vt 1.6009 -1.0391
vt 1.318 -1.0388
vt -0.5344 -3.0207
vt -0.2618 -3.02
vt 1.5693 -3.0207
vt 1.2946 -3.02
vt -0.5344 -4.4166
vt -0.2618 -4.4156
vt 1.5693 -4.4166
vt 1.2946 -4.4156
vt -0.5084 1.2344
vt -0.5084 -0.2421
vt 1.1834 -0.2224
vt 1.1834 1.2145
vt -0.0553 -5.12
vt 1.0808 -5.12
vt 1.183 -5.1222
vt -0.1506 -5.1222
vt -0.4471 -4.6088
vt -0.2618 -4.4156
vt -0.5344 -4.4166
vt 1.483 -4.6088
vt 1.5693 -4.4166
vt 1.2946 -4.4156
vt 0.0016 -0.7094
vt 0.0016 1.7074
vt 0.5217 1.4716
vt 0.5217 -0.4775
vt 1.2481 3.7398
vt 1.1053 3.4696
vt 1.3134 3.4688
vt -0.214 3.7398
vt -0.2804 3.4688
vt -0.0739 3.4696
vt -0.214 3.7398
vt -0.0739 3.4696
vt 1.1053 3.4696
vt 1.2481 3.7398
vt -0.1506 -5.1222
vt 1.183 -5.1222
vt -0.1007 -4.2735
vt -0.2618 -4.4156
vt -0.0553 -5.12
vt -0.1506 -5.1222
vt 1.2946 -4.4156
vt 1.1335 -4.2735
vt 1.183 -5.1222
vt 1.0808 -5.12
vt -0.2804 3.4688
vt -0.214 3.7398
vt -0.3441 3.7398
vt 1.2481 3.7398
vt 1.3134 3.4688
vt 1.3771 3.7398
vt 0.5488 1.0054
vt 0.5488 -0.0054
vt 0.6713 -0.0054
vt 0.6713 1.0054
vt -0.1209 0.1032
vt -0.231 0.5364
vt -0.7985 0.5364
vt -0.7985 0.4144
vt -0.4006 -2.3696
vt -0.4006 -1.0848
vt -0.963 -1.0848
vt -0.963 -2.3696
vt -0.231 0.5364
vt -0.1209 0.1032
vt -0.7985 0.4144
vt -0.7985 0.5364
vt 1.4556 2.3102
vt -0.2038 3.8246
vt -0.4114 2.3102
vt 1.2479 3.8246
vt 0.5045 5.6598
vt 0.7553 1.6731
vt 0.7553 -0.6647
vt 0.9741 -0.6934
vt 0.9741 1.7031
vt 1.5223 1.4007
vt -0.2182 2.7011
vt -0.4776 1.4007
vt 1.2629 2.7011
vt 0.5035 4.3282
vt 1.2704 1.7566
vt 1.2704 -0.7476
vt 1.3903 -0.7786
vt 1.3903 1.7885
vt 0.927 -1.2434
vt 0.0815 -1.2434
vt 0.0815 -2.2711
vt 0.927 -2.2711
vt 0.9141 0.5551
vt 0.0611 0.5551
vt 0.0611 0.6759
vt 0.9141 0.6759
vt 0.5091 0.8806
vt 0.5091 0.0721
vt 0.6304 0.0721
vt 0.6304 0.8806
vt 0.0611 0.5551
vt 0.9141 0.5551
vt 0.9141 0.6759
vt 0.0611 0.6759
vt 0.5091 0.0721
vt 0.5091 0.8806
vt 0.6304 0.8806
vt 0.6304 0.0721
vt 0.7238 -1.8102
vt 0.9183 3.8529
vt 0.7373 3.8529
vt 0.9126 -1.8102
vt -0.0874 -1.8102
vt 0.0817 3.8529
vt -0.0817 3.8529
vt 0.0874 -1.8102
vt 0.2627 3.8529
vt 0.2762 -1.8102
vt 0.5 3.8529
vt 0.5 -1.8102
vt 0.505 -1.6961
vt 0.4583 -1.7344
vt 0.4761 -1.7964
vt 0.5339 -1.7964
vt 0.5517 -1.7344
vt 0.5061 -2.151
vt 0.5787 -2.151
vt 0.5424 -2.151
vt 0.5424 -2.151
vt 0.5424 -2.151
vt 0.5061 3.151
vt 0.5424 3.151
vt 0.5061 -2.151
vt 0.5424 3.151
vt 0.5424 -2.151
vt 0.5787 3.151
vt 0.5787 -2.151
vt 0.5061 3.151
vt 0.5424 3.151
vt 0.5787 3.151
vt 0.5424 3.151
vt -0.4471 -4.6088
vt -0.5344 -4.4166
vt -0.5344 -4.5155
vt -0.5344 -4.5155
vt -0.4471 -4.5155
vt -0.4471 -4.6088
vt 1.5693 -4.4166
vt 1.483 -4.6088
vt 1.4829 -4.5155
vt 1.4829 -4.5155
vt 1.5693 -4.5155
vt 1.5693 -4.4166
vt -0.3441 3.7398
vt -0.214 3.7398
vt -0.3597 2.2608
vt -0.3441 3.7398
vt -0.3597 2.2608
vt -0.487 2.2555
vt 1.3771 3.7398
vt 1.5211 2.2555
vt 1.3949 2.2608
vt 1.3771 3.7398
vt 1.3949 2.2608
vt 1.2481 3.7398
vt 1.3443 -4.7012
vt -0.2875 -4.7012
vt -0.2733 -5.8025
vt 1.3141 -5.8031
vt -0.0179 -6.5451
vt 1.0334 -6.5469
vt 0.2067 -7.1443
vt 0.7968 -7.1452
vt 0.1344 1.8534
vt 0.1344 -0.8534
vt -0.3273 -0.8534
vt -0.3273 1.8534
vt 1.5995 -3.5869
vt -0.5621 -3.5869
vt -0.5433 -5.365
vt 1.5596 -5.3657
vt -0.205 -6.3487
vt 1.1877 -6.3511
vt 0.0926 -6.7631
vt 0.8743 -6.7642
vt 1.5084 1.8534
vt 1.5084 -0.8534
vt 1.3398 -0.8534
vt 1.3398 1.8534
vt 1.5995 -4.1141
vt -0.5621 -4.1141
vt -0.5433 -5.7173
vt 1.5596 -5.718
vt -0.205 -6.701
vt 1.1877 -6.7034
vt 0.0926 -7.1966
vt 0.8743 -7.1978
vt 1.07 1.8534
vt 1.07 -0.8534
vt 0.9003 -0.8534
vt 0.9003 -0.8534
vt 0.9003 1.8534
vt 1.07 1.8534
vt 1.5693 -4.5155
vt 1.4829 -4.5155
vt 1.4829 -3.0401
vt 1.5693 -4.5155
vt 1.4829 -3.0401
vt 1.6219 -3.0392
vt -0.5344 -4.5155
vt -0.587 -3.0392
vt -0.4471 -3.0401
vt -0.5344 -4.5155
vt -0.4471 -3.0401
vt -0.4471 -4.5155
vt 0.7149 -2.8529
vt 0.9083 -1.81
vt 0.7149 -1.81
vt 0.9083 -2.8529
vt -0.0917 -2.8529
vt 0.0917 -1.81
vt -0.0917 -1.81
vt 0.0917 -2.8529
vt 0.2851 -1.81
vt 0.2851 -2.8529
vt 0.5 -1.81
vt 0.5 -2.8529
vt 0.5 -1.81
vt 0.7149 -1.81
vt 0.9083 -1.81
vt -0.0917 -1.81
vt 0.0917 -1.81
vt 0.2851 -1.81
vt 0.5488 1.0054
vt 0.6713 -0.0054
vt 0.5488 -0.0054
vt 0.6713 1.0054
vt 1.3153 0.1104
vt 1.9928 0.5436
vt 1.4254 0.5436
vt 1.9928 0.4216
vt 1.4337 -2.3696
vt 1.9961 -1.0848
vt 1.4337 -1.0848
vt 1.9961 -2.3696
vt 1.4254 0.5436
vt 1.9928 0.4216
vt 1.3153 0.1104
vt 1.9928 0.5436
vt 0.5823 7.3279
vt 0.429 7.3279
vt 0.429 7.0028
vt 0.5823 7.0028
vt 0.5823 5.2369
vt 0.429 5.2369
vt 0.429 6.7194
vt 0.5823 6.7194
vt 0.3256 -0.0292
vt 0.5097 -0.1746
vt 0.5097 1.1268
vt 0.3464 1.1295
vt 0.429 4.7722
vt 0.5823 4.7722
vt 0.5823 6.472
vt 0.429 6.472
vt 0.5097 -0.1746
vt 0.3256 -0.0292
vt 0.3464 1.1295
vt 0.5097 1.1268
vt 0.5823 6.7194
vt 0.429 6.7194
vt 0.429 7.3279
vt 0.5823 7.3279
vt 0.834 0.505
vt 0.9548 0.5289
vt 0.9615 0.9305
vt 0.8475 0.9752
vt 0.429 6.472
vt 0.5823 6.472
vt 0.5823 7.0028
vt 0.429 7.0028
vt 0.9548 0.5289
vt 0.834 0.505
vt 0.8475 0.9752
vt 0.9615 0.9305
vt 0.4132 -0.0712
vt 0.4524 0.7421
vt 0.4276 0.7421
vt 0.4418 -0.0148
vt 0.4276 0.7421
vt 0.4132 -0.0712
vt 0.4028 0.7421
vt 0.3721 -0.1644
vt 0.4524 0.7421
vt 0.4276 0.7421
vt 0.4028 0.7421
vt 0.4276 0.7421
vt 0.5042 7.6255
vt 0.5042 7.6796
vt 0.5608 7.6526
vt 0.4475 7.6526
vt 0.4597 0.5073
vt 0.4721 1.212
vt 0.4665 1.212
vt 0.4798 0.5073
vt 0.4665 1.212
vt 0.4597 0.5073
vt 0.4608 1.212
vt 0.4396 0.5073
vt 0.5042 8.8865
vt 0.52 8.894
vt 0.5042 8.9016
vt 0.4883 8.894
vt -0.2459 -4.0211
vt 1.2834 -4.0211
vt 1.2834 -3.5878
vt -0.2459 -3.5878
vt -0.164 -4.5481
vt 1.2148 -4.5481
vt 1.3319 -4.1148
vt -0.2812 -4.1148
vt -0.2459 1.5718
vt 1.2834 1.5718
vt 1.2834 2.1333
vt -0.2459 2.1333
vt -0.2459 2.4722
vt 1.2834 2.4722
vt 1.1667 3.2568
vt -0.1293 3.2568
vt 0.3079 -1.8481
vt 0.3658 -2.1188
vt 0.2274 -1.8481
vt 0.4061 -2.0401
vt 0.6427 -2.1188
vt 0.6025 -2.0401
vt 0.7812 -1.8481
vt 0.7007 -1.8481
vt 0.6427 -1.5774
vt 0.6025 -1.6561
vt 0.3658 -1.5774
vt 0.4061 -1.6561
vt 0.6427 -2.1188
vt 0.2274 -1.8481
vt 0.3658 -2.1188
vt 0.7812 -1.8481
vt 0.6427 -1.5774
vt 0.3658 -1.5774
vt 0.1665 -1.8695
vt 0.3658 -2.1402
vt 0.2274 -1.8695
vt 0.3354 -2.1997
vt 0.6427 -2.1402
vt 0.6732 -2.1997
vt 0.7812 -1.8695
vt 0.8421 -1.8695
vt 0.6427 -1.5989
vt 0.6732 -1.5393
vt 0.3658 -1.5989
vt 0.3354 -1.5393
vt 0.6427 -2.1402
vt 0.2274 -1.8695
vt 0.3658 -2.1402
vt 0.7812 -1.8695
vt 0.6427 -1.5989
vt 0.3658 -1.5989
vt 1.5995 -4.4633
vt -0.5621 -4.4633
vt -0.4619 -4.5913
vt 1.5125 -4.5913
vt -0.5433 -5.7173
vt -0.4448 -5.7366
vt 1.5596 -5.718
vt 1.476 -5.7373
vt -0.205 -6.701
vt -0.1357 -6.6351
vt 1.1877 -6.7034
vt 1.1363 -6.6373
vt 0.0926 -7.494801
vt 0.136 -7.3601
vt 0.8743 -7.496
vt 0.85 -7.3612
f 1/1/1 3/3/3 2/2/2
f 1/1/1 4/4/4 3/3/3
f 5/5/5 7/7/7 6/6/6
f 5/5/5 8/8/8 7/7/7
f 8/8/8 9/9/9 7/7/7
f 8/8/8 10/10/10 9/9/9
f 10/10/10 11/11/11 9/9/9
f 10/10/10 12/12/12 11/11/11
f 12/12/12 13/13/13 11/11/11
f 12/12/12 14/14/14 13/13/13
f 15/15/15 17/17/17 16/16/16
f 18/18/18 15/15/15 16/16/16
f 19/19/19 21/21/21 20/20/20
f 19/19/19 22/22/22 21/21/21
f 20/20/20 24/24/24 23/23/23
f 20/20/20 21/21/21 24/24/24
f 23/23/23 26/26/26 25/25/25
f 23/23/23 24/24/24 26/26/26
f 27/27/27 26/26/26 28/28/28
f 27/27/27 25/25/25 26/26/26
f 29/29/29 26/26/26 30/30/30
f 29/29/29 28/28/28 26/26/26
f 30/30/30 24/24/24 31/31/31
f 30/30/30 26/26/26 24/24/24
f 31/31/31 21/21/21 32/32/32
f 31/31/31 24/24/24 21/21/21
f 32/32/32 22/22/22 33/33/33
f 32/32/32 21/21/21 22/22/22
f 18/18/18 16/16/16 34/34/34
f 35/35/35 37/37/37 36/36/36
f 35/35/35 38/38/38 37/37/37
f 33/33/33 22/22/22 19/19/19
f 39/39/39 41/41/41 40/40/40
f 39/39/39 42/42/42 41/41/41
f 43/43/43 45/45/45 44/44/44
f 43/43/43 46/46/46 45/45/45
f 39/39/39 47/47/47 42/42/42
f 39/39/39 48/48/48 47/47/47
f 49/49/49 51/51/51 50/50/50
f 51/51/51 49/49/49 52/52/52
f 53/53/53 55/55/55 54/54/54
f 55/55/55 53/53/53 56/56/56
f 50/50/50 58/58/58 57/57/57
f 58/58/58 50/50/50 51/51/51
f 59/59/59 56/56/56 53/53/53
f 56/56/56 59/59/59 60/60/60
f 57/57/57 62/62/62 61/61/61
f 62/62/62 57/57/57 58/58/58
f 63/63/63 60/60/60 59/59/59
f 60/60/60 63/63/63 64/64/64
f 61/61/61 66/66/66 65/65/65
f 66/66/66 61/61/61 62/62/62
f 67/67/67 64/64/64 63/63/63
f 64/64/64 67/67/67 68/68/68
f 65/65/65 70/70/70 69/69/69
f 70/70/70 65/65/65 66/66/66
f 71/71/71 68/68/68 67/67/67
f 68/68/68 71/71/71 72/72/72
f 73/73/73 75/75/75 74/74/74
f 75/75/75 73/73/73 76/76/76
f 77/77/77 79/79/79 78/78/78
f 79/79/79 77/77/77 80/80/80
f 81/81/81 83/83/83 82/82/82
f 84/84/84 86/86/86 85/85/85
f 87/87/87 89/89/89 88/88/88
f 87/87/87 90/90/90 89/89/89
f 91/91/91 93/93/93 92/92/92
f 94/94/94 96/96/96 95/95/95
f 97/97/97 99/99/99 98/98/98
f 97/97/97 100/100/100 99/99/99
f 14/14/14 101/101/101 13/13/13
f 101/101/101 14/14/14 102/102/102
f 103/103/103 105/105/105 104/104/104
f 105/105/105 103/103/103 106/106/106
f 107/107/107 109/109/109 108/108/108
f 109/109/109 107/107/107 110/110/110
f 111/111/111 113/113/113 112/112/112
f 114/114/114 116/116/116 115/115/115
f 117/117/117 119/119/119 118/118/118
f 119/119/119 117/117/117 120/120/120
f 121/121/121 123/123/123 122/122/122
f 123/123/123 121/121/121 124/124/124
f 125/125/125 127/127/127 126/126/126
f 127/127/127 125/125/125 128/128/128
f 129/129/129 131/131/131 130/130/130
f 131/131/131 129/129/129 132/132/132
f 133/133/133 135/135/135 134/134/134
f 136/136/136 133/133/133 134/134/134
f 136/136/136 134/134/134 137/137/137
f 138/138/138 140/140/140 139/139/139
f 138/138/138 141/141/141 140/140/140
f 142/142/142 144/144/144 143/143/143
f 145/145/145 142/142/142 143/143/143
f 145/145/145 143/143/143 146/146/146
f 147/147/147 149/149/149 148/148/148
f 147/147/147 150/150/150 149/149/149
f 151/151/151 153/153/153 152/152/152
f 153/153/153 151/151/151 154/154/154
f 155/155/155 157/157/157 156/156/156
f 157/157/157 155/155/155 158/158/158
f 159/159/159 161/161/161 160/160/160
f 161/161/161 159/159/159 162/162/162
f 163/163/163 165/165/165 164/164/164
f 165/165/165 163/163/163 166/166/166
f 167/167/167 169/169/169 168/168/168
f 169/169/169 167/167/167 170/170/170
f 171/171/171 173/173/173 172/172/172
f 171/171/171 172/172/172 174/174/174
f 175/175/175 177/177/177 176/176/176
f 175/175/175 176/176/176 178/178/178
f 178/178/178 176/176/176 179/179/179
f 178/178/178 179/179/179 180/180/180
f 180/180/180 179/179/179 181/181/181
f 180/180/180 181/181/181 182/182/182
f 182/182/182 181/181/181 173/173/173
f 182/182/182 173/173/173 171/171/171
f 183/183/183 185/185/185 184/184/184
f 183/183/183 186/186/186 185/185/185
f 183/183/183 187/187/187 186/186/186
f 188/188/188 190/190/190 189/189/189
f 188/188/188 189/189/189 191/191/191
f 192/192/192 194/194/194 193/193/193
f 192/192/192 193/193/193 195/195/195
f 195/195/195 193/193/193 196/196/196
f 195/195/195 196/196/196 197/197/197
f 197/197/197 196/196/196 198/198/198
f 197/197/197 198/198/198 199/199/199
f 199/199/199 198/198/198 194/194/194
f 199/199/199 194/194/194 192/192/192
f 200/200/200 202/202/202 201/201/201
f 200/200/200 203/203/203 202/202/202
f 204/204/204 206/206/206 205/205/205
f 207/207/207 209/209/209 208/208/208
f 210/210/210 212/212/212 211/211/211
f 213/213/213 215/215/215 214/214/214
f 216/216/216 218/218/218 217/217/217
f 219/219/219 221/221/221 220/220/220
f 222/222/222 224/224/224 223/223/223
f 225/225/225 227/227/227 226/226/226
f 228/228/228 230/230/230 229/229/229
f 231/231/231 230/230/230 228/228/228
f 231/231/231 232/232/232 230/230/230
f 232/232/232 231/231/231 233/233/233
f 233/233/233 234/234/234 232/232/232
f 234/234/234 233/233/233 235/235/235
f 236/236/236 238/238/238 237/237/237
f 238/238/238 236/236/236 239/239/239
f 240/240/240 242/242/242 241/241/241
f 243/243/243 242/242/242 240/240/240
f 243/243/243 244/244/244 242/242/242
f 244/244/244 243/243/243 245/245/245
f 245/245/245 246/246/246 244/244/244
f 246/246/246 245/245/245 247/247/247
f 248/248/248 250/250/250 249/249/249
f 250/250/250 248/248/248 251/251/251
f 252/252/252 254/254/254 253/253/253
f 255/255/255 254/254/254 252/252/252
f 255/255/255 256/256/256 254/254/254
f 256/256/256 255/255/255 257/257/257
f 257/257/257 258/258/258 256/256/256
f 258/258/258 257/257/257 259/259/259
f 260/260/260 262/262/262 261/261/261
f 263/263/263 265/265/265 264/264/264
f 266/266/266 268/268/268 267/267/267
f 269/269/269 271/271/271 270/270/270
f 272/272/272 274/274/274 273/273/273
f 275/275/275 277/277/277 276/276/276
f 278/278/278 280/280/280 279/279/279
f 278/278/278 279/279/279 281/281/281
f 282/282/282 284/284/284 283/283/283
f 282/282/282 283/283/283 285/285/285
f 285/285/285 283/283/283 286/286/286
f 285/285/285 286/286/286 287/287/287
f 287/287/287 286/286/286 288/288/288
f 287/287/287 288/288/288 289/289/289
f 289/289/289 288/288/288 280/280/280
f 289/289/289 280/280/280 278/278/278
f 290/290/290 292/292/292 291/291/291
f 290/290/290 294/294/294 293/293/293
f 290/290/290 295/295/295 294/294/294
f 296/296/296 298/298/298 297/297/297
f 297/297/297 299/299/299 296/296/296
f 300/300/300 302/302/302 301/301/301
f 301/301/301 303/303/303 300/300/300
f 304/304/304 306/306/306 305/305/305
f 305/305/305 307/307/307 304/304/304
f 308/308/308 310/310/310 309/309/309
f 309/309/309 311/311/311 308/308/308
f 312/312/312 314/314/314 313/313/313
f 314/314/314 312/312/312 315/315/315
f 316/316/316 318/318/318 317/317/317
f 318/318/318 316/316/316 319/319/319
f 320/320/320 322/322/322 321/321/321
f 322/322/322 320/320/320 323/323/323
f 324/324/324 326/326/326 325/325/325
f 326/326/326 324/324/324 327/327/327
f 328/328/328 330/330/330 329/329/329
f 330/330/330 328/328/328 331/331/331
f 332/332/332 334/334/334 333/333/333
f 334/334/334 332/332/332 335/335/335
f 336/336/336 338/338/338 337/337/337
f 338/338/338 336/336/336 339/339/339
f 340/340/340 342/342/342 341/341/341
f 342/342/342 340/340/340 343/343/343
f 344/344/344 346/346/346 345/345/345
f 346/346/346 344/344/344 347/347/347
f 348/348/348 350/350/350 349/349/349
f 348/348/348 349/349/349 351/351/351
f 351/351/351 349/349/349 352/352/352
f 351/351/351 352/352/352 353/353/353
f 353/353/353 352/352/352 354/354/354
f 353/353/353 354/354/354 355/355/355
f 355/355/355 354/354/354 350/350/350
f 355/355/355 350/350/350 348/348/348
f 356/356/356 358/358/358 357/357/357
f 356/356/356 359/359/359 358/358/358
f 360/360/360 362/362/362 361/361/361
f 360/360/360 361/361/361 363/363/363
f 364/364/364 366/366/366 365/365/365
f 364/364/364 365/365/365 367/367/367
f 367/367/367 365/365/365 368/368/368
f 367/367/367 368/368/368 369/369/369
f 369/369/369 368/368/368 370/370/370
f 369/369/369 370/370/370 371/371/371
f 371/371/371 370/370/370 366/366/366
f 371/371/371 366/366/366 364/364/364
f 372/372/372 374/374/374 373/373/373
f 372/372/372 375/375/375 374/374/374
f 376/376/376 378/378/378 377/377/377
f 378/378/378 376/376/376 379/379/379
f 380/380/380 382/382/382 381/381/381
f 382/382/382 380/380/380 383/383/383
f 384/384/384 386/386/386 385/385/385
f 386/386/386 384/384/384 387/387/387
f 388/388/388 390/390/390 389/389/389
f 390/390/390 388/388/388 391/391/391
f 392/392/392 394/394/394 393/393/393
f 392/392/392 393/393/393 395/395/395
f 395/395/395 393/393/393 396/396/396
f 395/395/395 396/396/396 397/397/397
f 397/397/397 396/396/396 398/398/398
f 397/397/397 398/398/398 399/399/399
f 399/399/399 398/398/398 400/400/400
f 399/399/399 400/400/400 401/401/401
f 401/401/401 400/400/400 402/402/402
f 401/401/401 402/402/402 403/403/403
f 403/403/403 402/402/402 394/394/394
f 403/403/403 394/394/394 392/392/392
f 404/404/404 406/406/406 405/405/405
f 404/404/404 408/408/408 407/407/407
f 404/404/404 409/409/409 408/408/408
f 404/404/404 405/405/405 409/409/409
f 410/410/410 412/412/412 411/411/411
f 410/410/410 411/411/411 413/413/413
f 413/413/413 411/411/411 414/414/414
f 413/413/413 414/414/414 415/415/415
f 415/415/415 414/414/414 416/416/416
f 415/415/415 416/416/416 417/417/417
f 417/417/417 416/416/416 418/418/418
f 417/417/417 418/418/418 419/419/419
f 419/419/419 418/418/418 420/420/420
f 419/419/419 420/420/420 421/421/421
f 421/421/421 420/420/420 412/412/412
f 421/421/421 412/412/412 410/410/410
f 422/422/422 424/424/424 423/423/423
f 422/422/422 426/426/426 425/425/425
f 422/422/422 427/427/427 426/426/426
f 422/422/422 423/423/423 427/427/427
f 428/428/428 430/430/430 429/429/429
f 430/430/430 428/428/428 431/431/431
f 429/429/429 433/433/433 432/432/432
f 433/433/433 429/429/429 430/430/430
f 434/434/434 431/431/431 428/428/428
f 431/431/431 434/434/434 435/435/435
f 432/432/432 437/437/437 436/436/436
f 437/437/437 432/432/432 433/433/433
f 438/438/438 435/435/435 434/434/434
f 435/435/435 438/438/438 439/439/439
f 436/436/436 441/441/441 440/440/440
f 441/441/441 436/436/436 437/437/437
f 440/440/440 443/443/443 442/442/442
f 443/443/443 440/440/440 441/441/441
f 442/442/442 439/439/439 438/438/438
f 439/439/439 442/442/442 443/443/443

g ship01
# texture: ship01.jpg
v -105.8274 98.62775 475.6959
v -140.8524 215.569 435.7305
v -153.1764 153.3266 275.4213
v -114.8325 35.54667 300.2895
v 127.1482 220.2464 435.8122
v 96.20071 102.1535 475.7573
v 107.3984 39.4252 300.3572
v 141.6243 158.4717 275.5111
v -156.9633 119.8765 73.28209
v -117.5764 5.194675 71.0746
v 111.3214 9.18951 71.14428
v 146.6813 125.1759 73.37467
v -152.3473 113.1567 -144.731
v -114.3436 15.48899 -155.72
v 107.8873 19.36742 -155.6522
v 142.4532 118.3016 -144.6412
v -154.8819 261.1525 -303.2138
v -150.6681 82.01036 -357.1778
v 140.4543 87.09122 -357.0892
v 139.9187 266.2976 -303.124
v -156.3007 342.5955 -311.9843
v -150.8985 344.8238 -434.2376
v 135.8924 349.8277 -434.0809
v 138.4999 347.7404 -311.8945
v -100.1815 347.3847 -530.2389
v -98.55686 88.6364 -458.7103
v 94.2394 92.00124 -458.6518
v 89.74621 350.6952 -529.947
v 70.77151 103.0748 -505.5819
v 49.2221 350.4614 -575.1912
v -57.38313 348.6028 -575.3384
v -70.99046 100.6007 -505.625
v 101.8898 389.1653 600.218
v 74.20168 397.4464 753.6064
v 94.12356 215.3917 597.8785
v -107.8409 211.8669 597.8171
v -94.15513 394.5082 753.5551
v -121.4439 385.2675 600.15
vn -0.897578 -0.388491 0.208395
vn -0.977501 -0.1484 0.1499
vn -0.969296 -0.223099 0.1034
vn -0.880031 -0.461617 0.111604
vn 0.98023 -0.135904 0.143804
vn 0.894617 -0.388807 0.220204
vn 0.923711 -0.360104 0.130702
vn 0.973253 -0.214411 0.082504
vn -0.964618 -0.261905 0.030301
vn -0.873316 -0.487109 0.0066
vn 0.898638 -0.437119 0.037102
vn 0.969013 -0.246803 0.0101
vn -0.955463 -0.280989 -0.090196
vn -0.880771 -0.465085 -0.089097
vn 0.893491 -0.448195 -0.0282
vn 0.983885 -0.178697 0.0062
vn -0.992133 -0.118004 -0.041801
vn -0.93888 -0.145697 -0.311893
vn 0.928021 -0.244105 -0.281406
vn 0.999819 0.0118 -0.0149
vn -0.999573 -0.0167 -0.023999
vn -0.973634 -0.067803 -0.217808
vn 0.981261 -0.035998 -0.189293
vn 0.999736 0.015601 -0.016901
vn -0.875812 -0.136302 -0.463006
vn -0.868047 -0.126007 -0.480226
vn 0.92622 -0.087002 -0.366808
vn 0.889091 -0.093899 -0.447996
vn 0.501277 -0.21339 -0.838562
vn 0.455119 -0.209909 -0.865336
vn -0.474895 -0.229498 -0.849591
vn -0.521122 -0.211209 -0.826936
vn 0.988318 -0.024 0.150503
vn 0.958301 -0.1101 0.2637
vn 0.937311 -0.193702 0.289703
vn -0.926727 -0.231807 0.295709
vn -0.922839 -0.192708 0.333514
vn -0.986637 -0.071503 0.146406
vt -2.6807 0.7535
vt -2.3995 1.6147
vt -1.3335 1.1369
vt -1.5138 0.2672
vt -2.3995 1.6147
vt -2.6807 0.7535
vt -1.5138 0.2672
vt -1.3335 1.1369
vt 0.0158 0.8649
vt 0.0172 0.0143
vt 0.0172 0.0143
vt 0.0158 0.8649
vt 1.4746 0.7867
vt 1.5367 0.0606
vt 1.5367 0.0606
vt 1.4746 0.7867
vt 2.5529 1.8573
vt 2.8932 0.5296
vt 2.8932 0.5296
vt 2.5529 1.8573
vt 2.6211 2.4566
vt 3.4398 2.4566
vt 3.4394 2.4566
vt 2.6211 2.4566
vt 4.0828 2.4566
vt 3.5737 0.5587
vt 3.5737 0.5587
vt 4.0813 2.4566
vt 3.8892 0.6373
vt 4.3842 2.4543
vt 4.3849 2.4543
vt 3.8892 0.6373
vt -3.4804 2.8839
vt -4.5064 2.9683
vt -3.4851 1.604
vt -3.4851 1.604
vt -4.5064 2.9683
vt -3.4804 2.8839
f 444/444/444 446/446/446 445/445/445
f 444/444/444 447/447/447 446/446/446
f 448/448/448 450/450/450 449/449/449
f 448/448/448 451/451/451 450/450/450
f 447/447/447 452/452/452 446/446/446
f 447/447/447 453/453/453 452/452/452
f 451/451/451 454/454/454 450/450/450
f 451/451/451 455/455/455 454/454/454
f 453/453/453 456/456/456 452/452/452
f 453/453/453 457/457/457 456/456/456
f 455/455/455 458/458/458 454/454/454
f 455/455/455 459/459/459 458/458/458
f 457/457/457 460/460/460 456/456/456
f 457/457/457 461/461/461 460/460/460
f 459/459/459 462/462/462 458/458/458
f 459/459/459 463/463/463 462/462/462
f 461/461/461 464/464/464 460/460/460
f 464/464/464 461/461/461 465/465/465
f 463/463/463 466/466/466 462/462/462
f 466/466/466 463/463/463 467/467/467
f 461/461/461 468/468/468 465/465/465
f 468/468/468 461/461/461 469/469/469
f 466/466/466 470/470/470 462/462/462
f 470/470/470 466/466/466 471/471/471
f 471/471/471 472/472/472 470/470/470
f 472/472/472 471/471/471 473/473/473
f 469/469/469 474/474/474 468/468/468
f 474/474/474 469/469/469 475/475/475
f 476/476/476 478/478/478 477/477/477
f 476/476/476 448/448/448 478/478/478
f 448/448/448 449/449/449 478/478/478
f 479/479/479 481/481/481 480/480/480
f 479/479/479 445/445/445 481/481/481
f 479/479/479 444/444/444 445/445/445

g ship03
# texture: ship03.jpg
v -115.1418 242.0267 425.8428
v -99.62351 386.3251 570.6761
v -93.82609 194.1821 533.4185
v -59.17991 89.34584 433.9565
v 100.9876 245.7988 425.9087
v 113.0663 176.173 270.1763
v 100.8015 94.81329 269.5641
v 50.3547 91.25746 433.9897
v -124.7267 172.0229 270.1039
v -115.1418 242.0267 425.8428
v -59.17991 89.34584 433.9565
v -109.6346 91.14064 269.5001
v 113.0663 176.173 270.1763
v 117.213 143.3813 74.26319
v 103.911 98.28459 73.59367
v 100.8015 94.81329 269.5641
v -127.6617 139.1076 74.18869
v -124.7267 172.0229 270.1039
v -109.6346 91.14064 269.5001
v -112.7923 94.50258 73.52769
v 117.213 143.3813 74.26319
v 113.6478 147.1442 -141.9445
v 100.757 101.9995 -142.7025
v 103.911 98.28459 73.59367
v -124.0946 142.9951 -142.0169
v -127.6617 139.1076 74.18869
v -112.7923 94.50258 73.52769
v -109.6345 98.32768 -142.7666
v 113.6478 147.1442 -141.9445
v 111.242 287.614 -291.8544
v 89.82238 104.2061 -279.5364
v 100.757 101.9995 -142.7025
v -126.5005 283.4648 -291.9268
v -124.0946 142.9951 -142.0169
v -109.6345 98.32768 -142.7666
v -98.70098 100.9159 -279.5938
v 121.763 389.5122 600.2241
v 146.6021 220.0182 435.2345
v 138.836 246.4607 425.9002
v 112.0227 390.0257 570.648
v -160.1245 214.665 435.1411
v -141.1456 384.9237 600.144
v -131.4111 385.7772 570.5739
v -153.2847 241.3625 425.8112
v -174.2069 141.7415 275.2191
v -160.1245 214.665 435.1411
v -153.2847 241.3625 425.8112
v -166.6848 171.3005 269.9599
v 146.6021 220.0182 435.2345
v 163.1924 147.63 275.3218
v 154.7162 176.9097 270.0577
v 138.836 246.4607 425.9002
v -178.631 108.2803 73.07968
v -174.2069 141.7415 275.2191
v -166.6848 171.3005 269.9599
v -170.8784 138.3559 74.14241
v 163.1924 147.63 275.3218
v 168.8902 114.3454 73.18558
v 160.0942 144.1321 74.24328
v 154.7162 176.9097 270.0577
v -173.5834 113.3369 -144.6312
v -178.631 108.2803 73.07968
v -170.8784 138.3559 74.14241
v -166.0526 142.2688 -142.1103
v 168.8902 114.3454 73.18558
v 163.8159 119.2253 -144.5284
v 155.28 147.8768 -142.0123
v 160.0942 144.1321 74.24328
v -168.0743 260.9224 -303.2178
v -173.5834 113.3369 -144.6312
v -166.0526 142.2688 -142.1103
v -168.4585 282.7403 -292.0432
v 163.8159 119.2253 -144.5284
v 153.2583 266.5304 -303.1199
v 152.8742 288.3483 -291.9453
v 155.28 147.8768 -142.0123
v 81.44686 197.2411 533.4719
v 80.4844 389.4684 570.731
v 100.9876 245.7988 425.9087
v 50.3547 91.25746 433.9897
v 107.689 225.7433 -250.4112
v -121.5312 221.7427 -250.481
v -120.9741 189.8348 -251.1538
v 108.2462 193.8354 -251.084
v 114.6469 287.6266 -292.0839
v -130.6187 283.3457 -292.1586
v -129.8563 239.6759 -293.0366
v 115.4094 243.9566 -292.962
v 110.7797 162.0562 420.6927
v -122.8066 157.9798 420.6216
v -123.876 219.2427 421.7176
v 109.7103 223.3191 421.7887
v -161.4647 379.9787 -309.4143
v 140.1139 385.2421 -309.3222
v 114.5166 324.7298 -322.3808
v -134.722 320.38 -322.4568
v 140.1139 385.2421 -309.3222
v 137.4965 387.3781 -434.3182
v 112.3534 326.7901 -442.5703
v 114.5166 324.7298 -322.3808
v -155.8884 382.2591 -434.4786
v -161.4647 379.9787 -309.4143
v -134.722 320.38 -322.4568
v -130.1134 322.5593 -442.7026
v 90.28915 388.2659 -532.3884
v 73.33907 327.5236 -523.6198
v -104.0053 384.879 -532.687
v -87.23481 324.7246 -523.8665
v 90.28915 388.2659 -532.3884
v 48.77779 388.9226 -611.5248
v 39.03222 328.0663 -589.022
v 73.33907 327.5236 -523.6198
v 48.77779 388.9226 -611.5248
v -60.27842 387.0213 -611.6754
v -51.09693 326.4951 -589.1465
v 39.03222 328.0663 -589.022
v -60.27842 387.0213 -611.6754
v -104.0053 384.879 -532.687
v -87.23481 324.7246 -523.8665
v -51.09693 326.4951 -589.1465
vn 0.972246 0.205689 -0.111494
vn 0.989307 0.053701 -0.135601
vn 0.981898 0.1706 -0.0823
vn 0.960585 0.237297 -0.144798
vn -0.979358 0.156693 -0.127694
vn -0.986041 0.155006 -0.060802
vn -0.98031 0.157501 -0.119101
vn -0.96112 0.244305 -0.128703
vn 0.97004 0.192808 -0.147806
vn 0.972246 0.205689 -0.111494
vn 0.960585 0.237297 -0.144798
vn 0.977391 0.189298 -0.094199
vn -0.986041 0.155006 -0.060802
vn -0.974025 0.226306 -0.0078
vn -0.98125 0.19199 -0.016999
vn -0.98031 0.157501 -0.119101
vn 0.974086 0.225997 -0.0091
vn 0.97004 0.192808 -0.147806
vn 0.977391 0.189298 -0.094199
vn 0.965573 0.259993 0.0085
vn -0.974025 0.226306 -0.0078
vn -0.98165 0.179809 0.063503
vn -0.974217 0.223204 0.032901
vn -0.98125 0.19199 -0.016999
vn 0.963188 0.255597 0.083299
vn 0.974086 0.225997 -0.0091
vn 0.965573 0.259993 0.0085
vn 0.972322 0.211305 0.099702
vn -0.98165 0.179809 0.063503
vn -0.97203 0.102503 0.211307
vn -0.990484 0.087298 0.106398
vn -0.974217 0.223204 0.032901
vn 0.984126 0.112203 0.137504
vn 0.963188 0.255597 0.083299
vn 0.972322 0.211305 0.099702
vn 0.99213 0.125204 0.0014
vn 0.943542 0.289713 -0.160607
vn 0.97479 0.219098 -0.0422
vn 0.956294 0.269398 -0.113699
vn 0.898799 0.372 -0.2319
vn -0.967828 0.228007 -0.106403
vn -0.921458 0.308586 -0.235989
vn -0.957897 0.244999 -0.149699
vn -0.981485 0.188497 -0.033999
vn -0.980784 0.194197 -0.0187
vn -0.967828 0.228007 -0.106403
vn -0.981485 0.188497 -0.033999
vn -0.980237 0.197007 -0.018001
vn 0.97479 0.219098 -0.0422
vn 0.973087 0.229797 -0.0172
vn 0.973718 0.227004 -0.0185
vn 0.956294 0.269398 -0.113699
vn -0.979833 0.199207 -0.0156
vn -0.980784 0.194197 -0.0187
vn -0.980237 0.197007 -0.018001
vn -0.979292 0.201898 -0.015
vn 0.973087 0.229797 -0.0172
vn 0.971677 0.235894 -0.0141
vn 0.97248 0.232495 -0.0151
vn 0.973718 0.227004 -0.0185
vn -0.979343 0.198009 0.041002
vn -0.979833 0.199207 -0.0156
vn -0.979292 0.201898 -0.015
vn -0.991027 0.125603 0.045701
vn 0.971677 0.235894 -0.0141
vn 0.985296 0.1635 0.0496
vn 0.971502 0.230801 0.054
vn 0.97248 0.232495 -0.0151
vn -0.99344 0.085803 0.075603
vn -0.979343 0.198009 0.041002
vn -0.991027 0.125603 0.045701
vn -0.999847 -0.017501 -0.0003
vn 0.985296 0.1635 0.0496
vn 0.999125 0.031601 -0.027401
vn 0.988782 0.125498 0.080998
vn 0.971502 0.230801 0.054
vn -0.987299 0.1362 -0.0818
vn -0.990639 0.018801 -0.135205
vn -0.979358 0.156693 -0.127694
vn -0.96112 0.244305 -0.128703
vn 0.0001 -0.0211 0.999777
vn 0.0001 -0.0211 0.999777
vn 0.0001 -0.0211 0.999777
vn 0.0001 -0.0211 0.999777
vn -0 -0.0201 0.999798
vn -0 -0.0201 0.999798
vn -0 -0.0201 0.999798
vn -0 -0.0201 0.999798
vn 0 0.017901 -0.99984
vn 0 0.017901 -0.99984
vn 0 0.017901 -0.99984
vn 0 0.017901 -0.99984
vn -0.0034 0.2123 -0.977199
vn -0.0034 0.2123 -0.977199
vn -0.0034 0.2123 -0.977199
vn -0.0034 0.2123 -0.977199
vn -0.949076 0.314392 0.0203
vn -0.929599 0.275 0.2454
vn -0.945531 0.29721 0.132805
vn -0.948328 0.316709 0.019201
vn 0.937602 0.311101 0.1553
vn 0.941482 0.334694 0.039899
vn 0.942992 0.330697 0.0375
vn 0.919118 0.285306 0.271705
vn -0.901487 0.250996 0.352595
vn -0.901487 0.250996 0.352595
vn 0.886396 0.258399 0.384098
vn 0.886396 0.258399 0.384098
vn -0.890241 0.252383 0.379175
vn -0.890241 0.252383 0.379175
vn -0.890241 0.252383 0.379175
vn -0.890241 0.252383 0.379175
vn -0.0076 0.347812 0.937534
vn -0.0076 0.347812 0.937534
vn -0.0076 0.347812 0.937534
vn -0.0076 0.347812 0.937534
vn 0.879517 0.259005 0.399208
vn 0.879517 0.259005 0.399208
vn 0.879517 0.259005 0.399208
vn 0.879517 0.259005 0.399208
vt 1.5264 0.9826
vt -1.9747 1.003
vt 1.8881 -1.1714
vt 4.4173 -1.2765
vt -1.8031 1.0007
vt 0.4874 0.9913
vt 1.6555 -0.6394
vt 0.3323 -1.8463
vt 0.4874 0.9913
vt -1.8031 1.0007
vt 0.3323 -1.8463
vt 1.6555 -0.6394
vt -1.2496 0.9952
vt 1.0148 0.9922
vt 1.3424 0.0883
vt -0.6632 -0.6416
vt 1.0148 0.9922
vt -1.2496 0.9952
vt -0.6632 -0.6416
vt 1.3424 0.0883
vt -0.0065 0.9844
vt 2.3482 0.9855
vt 2.3479 0.0229
vt -0.0078 0.023
vt 2.3482 0.9855
vt -0.0065 0.9844
vt -0.0078 0.023
vt 2.3479 0.0229
vt -0.0233 0.9114
vt 3.3646 0.8841
vt -0.1427 -1.6723
vt -0.8654 0.2305
vt 3.3646 0.8841
vt -0.0233 0.9114
vt -0.8654 0.2305
vt -0.1427 -1.6723
vt -0.2277 0.7046
vt 1.1912 0.6932
vt 0.9995 1.0049
vt -0.2074 1.0032
vt 1.1912 0.6932
vt -0.2277 0.7046
vt -0.2074 1.0032
vt 0.9995 1.0049
vt 1.156 0.6926
vt -0.1504 0.6924
vt -0.3152 0.9844
vt 0.9501 0.9941
vt -0.1504 0.6924
vt 1.156 0.6926
vt 0.9501 0.9941
vt -0.3152 0.9844
vt 1.1499 0.6939
vt 0.1166 0.6857
vt -0.07 1.0111
vt 0.9347 1.0126
vt 0.1166 0.6857
vt 1.1499 0.6939
vt 0.9347 1.0126
vt -0.07 1.0111
vt 1.5273 0.6831
vt 0.0067 0.684
vt 0.0074 0.9955
vt 1.5269 0.9962
vt 0.0067 0.684
vt 1.5273 0.6831
vt 1.5269 0.9962
vt 0.0074 0.9955
vt 0.9499 0.6545
vt -0.3071 0.6883
vt -0.0854 0.9866
vt 1.1114 0.9649
vt -0.3071 0.6883
vt 0.9499 0.6545
vt 1.1114 0.9649
vt -0.0854 0.9866
vt 1.8881 -1.1714
vt -1.9747 1.003
vt 1.5264 0.9826
vt 4.4173 -1.2765
vt -0.2515 1.0225
vt 1.4721 1.0225
vt 1.4721 0.0271
vt -0.2515 0.0271
vt -0.3207 0.9993
vt 1.5235 0.9993
vt 1.5235 0.008
vt -0.3207 0.008
vt -0.268 0.0327
vt 1.4885 0.0327
vt 1.4885 1.0127
vt -0.268 1.0127
vt 2.0347 0.9995
vt -0.9423 0.9995
vt -0.6792 0.0005
vt 1.7811 0.0005
vt -2.1532 1.0004
vt -0.2888 1.0004
vt -0.1815 0.0141
vt -1.9742 0.0141
vt -0.2877 1.0004
vt -2.1532 1.0004
vt -1.9742 0.0141
vt -0.1806 0.0141
vt 1.1738 1.0004
vt 1.0273 0.0141
vt 1.1774 1.0004
vt 1.0302 0.0141
vt 1.1738 1.0004
vt 2.3541 1.0004
vt 2.0027 0.0141
vt 1.0273 0.0141
vt 0.0225 1.0279
vt 1.0693 1.0279
vt 1.0628 0.0379
vt 0.0327 0.0379
vt 2.3558 1.0004
vt 1.1774 1.0004
vt 1.0302 0.0141
vt 2.0041 0.0141
f 482/482/482 484/484/484 483/483/483
f 484/484/484 482/482/482 485/485/485
f 486/486/486 488/488/488 487/487/487
f 488/488/488 486/486/486 489/489/489
f 490/490/490 492/492/492 491/491/491
f 492/492/492 490/490/490 493/493/493
f 494/494/494 496/496/496 495/495/495
f 496/496/496 494/494/494 497/497/497
f 498/498/498 500/500/500 499/499/499
f 500/500/500 498/498/498 501/501/501
f 502/502/502 504/504/504 503/503/503
f 504/504/504 502/502/502 505/505/505
f 506/506/506 508/508/508 507/507/507
f 508/508/508 506/506/506 509/509/509
f 510/510/510 512/512/512 511/511/511
f 512/512/512 510/510/510 513/513/513
f 514/514/514 516/516/516 515/515/515
f 516/516/516 514/514/514 517/517/517
f 518/518/518 520/520/520 519/519/519
f 520/520/520 518/518/518 521/521/521
f 522/522/522 524/524/524 523/523/523
f 524/524/524 522/522/522 525/525/525
f 526/526/526 528/528/528 527/527/527
f 528/528/528 526/526/526 529/529/529
f 530/530/530 532/532/532 531/531/531
f 532/532/532 530/530/530 533/533/533
f 534/534/534 536/536/536 535/535/535
f 536/536/536 534/534/534 537/537/537
f 538/538/538 540/540/540 539/539/539
f 540/540/540 538/538/538 541/541/541
f 542/542/542 544/544/544 543/543/543
f 544/544/544 542/542/542 545/545/545
f 546/546/546 548/548/548 547/547/547
f 548/548/548 546/546/546 549/549/549
f 550/550/550 552/552/552 551/551/551
f 552/552/552 550/550/550 553/553/553
f 554/554/554 556/556/556 555/555/555
f 556/556/556 554/554/554 557/557/557
f 558/558/558 560/560/560 559/559/559
f 558/558/558 561/561/561 560/560/560
f 562/562/562 564/564/564 563/563/563
f 564/564/564 562/562/562 565/565/565
f 566/566/566 568/568/568 567/567/567
f 568/568/568 566/566/566 569/569/569
f 570/570/570 572/572/572 571/571/571
f 572/572/572 570/570/570 573/573/573
f 574/574/574 576/576/576 575/575/575
f 576/576/576 574/574/574 577/577/577
f 578/578/578 580/580/580 579/579/579
f 580/580/580 578/578/578 581/581/581
f 582/582/582 584/584/584 583/583/583
f 584/584/584 582/582/582 585/585/585
f 579/579/579 587/587/587 586/586/586
f 587/587/587 579/579/579 580/580/580
f 588/588/588 585/585/585 582/582/582
f 585/585/585 588/588/588 589/589/589
f 590/590/590 592/592/592 591/591/591
f 592/592/592 590/590/590 593/593/593
f 594/594/594 596/596/596 595/595/595
f 596/596/596 594/594/594 597/597/597
f 598/598/598 600/600/600 599/599/599
f 600/600/600 598/598/598 601/601/601

g ship04
# texture: ship04.jpg
v 134.5496 248.585 441.7026
v 103.1775 225.5738 606.6198
v 100.3109 200.8356 584.6075
v 138.4788 224.1905 413.5694
v -5.013528 220.3338 806.8698
v -118.5627 221.7038 606.5523
v -115.0455 197.077 584.5419
v -4.232584 193.6756 780.7266
v -150.6175 243.6083 441.6158
v -153.8436 219.0889 413.4804
v 145.6888 191.799 341.4199
v 107.5214 104.8314 481.8628
v 104.6615 77.99767 462.6365
v 149.7072 178.6671 314.5422
v -2.709634 99.69032 659.3962
v -118.6958 100.8834 481.7939
v -115.0432 74.16336 462.5696
v -2.042093 72.23085 631.7902
v -159.7824 186.4678 341.3269
v -163.4285 173.2021 314.4468
v 156.3263 332.5939 -293.9742
v 153.5275 331.1416 -438.3404
v 152.5471 387.584 -432.2064
v 155.4127 385.2454 -295.3573
v -167.6782 325.5371 -438.5156
v -173.8504 326.8316 -294.0747
v -174.7639 379.4829 -295.4581
v -168.6588 381.9795 -432.3818
v 57.10336 291.697 -593.0717
v -62.29435 289.6155 -593.2366
v -63.98261 387.2067 -626.3818
v 55.41515 389.2882 -626.2169
v 102.2338 309.5274 -531.9381
v 100.8633 388.5559 -539.5762
v -110.4852 305.8195 -532.2652
v -111.8557 384.8481 -539.9031
v 57.10336 291.697 -593.0717
v 55.41515 389.2882 -626.2169
v -62.29435 289.6155 -593.2366
v -63.98261 387.2067 -626.3818
v 159.0595 174.0894 -185.6256
v 133.7571 70.22475 -395.1682
v 157.4195 107.8125 -398.6308
v 158.729 193.6107 -203.0278
v -138.4512 65.47551 -395.3286
v -171.1171 168.3271 -185.7261
v -171.4476 187.8484 -203.1286
v -163.7863 102.2081 -398.8062
v 60.58871 91.81653 -582.9146
v -58.80906 89.73503 -583.0793
v -59.23768 114.0177 -551.2707
v -59.23768 114.0177 -551.2707
v 60.16009 116.0991 -551.1057
v 60.58871 91.81653 -582.9146
v 103.4776 71.57014 -502.5315
v 105.7358 108.7843 -506.0006
v -103.8333 67.95671 -502.8566
v -106.9832 105.0766 -506.3275
v 60.58871 91.81653 -582.9146
v 60.16009 116.0991 -551.1057
v -58.80906 89.73503 -583.0793
v -59.23768 114.0177 -551.2707
v 158.1873 225.0376 -241.2223
v 155.8082 200.3725 -433.1721
v 155.3609 226.4003 -435.0199
v 157.8547 244.7017 -259.6808
v -165.3976 194.768 -433.3474
v -171.9893 219.2753 -241.3227
v -172.322 238.9393 -259.7816
v -165.8449 220.7959 -435.1953
v 58.64471 203.4068 -594.6129
v -60.75309 201.3253 -594.7776
v -61.3639 236.6361 -596.4636
v 58.03393 238.7177 -596.2985
v 104.1245 201.3442 -540.5419
v 103.6772 227.3722 -542.3897
v -108.5946 197.6364 -540.8687
v -109.0418 223.6644 -542.7166
v 58.64471 203.4068 -594.6129
v 58.03393 238.7177 -596.2985
v -60.75309 201.3253 -594.7776
v -61.3639 236.6361 -596.4636
vn 0.953203 0.243201 -0.179601
vn 0.922288 -0.299996 0.243697
vn 0.933361 -0.250589 0.256989
vn 0.460924 0.696037 -0.550529
vn 0.0249 -0.725291 0.687992
vn -0.909176 -0.332191 0.251093
vn -0.919955 -0.289518 0.264316
vn 0.029299 -0.699466 0.714065
vn -0.782482 0.472889 -0.40509
vn -0.770418 0.513312 -0.378109
vn 0.947892 0.309098 -0.077199
vn 0.926176 -0.267193 0.266093
vn 0.924197 -0.259299 0.280399
vn 0.458988 0.818978 -0.344391
vn 0.024701 -0.691527 0.721928
vn -0.912862 -0.301588 0.275189
vn -0.909773 -0.297891 0.289092
vn 0.027999 -0.708378 0.705278
vn -0.780782 0.578887 -0.235095
vn -0.7741 0.5969 -0.2109
vn 0.999707 0.018 -0.0162
vn 0.964691 0.0176 -0.262798
vn 0.990647 0.030902 -0.132906
vn 0.999719 0.016901 -0.0166
vn -0.984335 0.0005 -0.176306
vn -0.999241 -0.018301 -0.034401
vn -0.99925 -0.015899 -0.035298
vn -0.954647 -0.011601 -0.297515
vn 0.0072 -0.321495 -0.946884
vn 0.0072 -0.321495 -0.946884
vn 0.0072 -0.321495 -0.946884
vn 0.0072 -0.321495 -0.946884
vn 0.904313 -0.063601 -0.422106
vn 0.923493 0.0037 -0.383597
vn -0.88947 -0.028799 -0.456085
vn -0.892175 -0.091198 -0.442388
vn 0.868406 -0.145901 -0.473903
vn 0.897372 -0.084097 -0.433187
vn -0.87758 -0.109798 -0.466689
vn -0.900855 -0.153492 -0.40608
vn 0.973354 -0.220312 0.063603
vn 0.932822 -0.330008 -0.144703
vn 0.949279 -0.306293 -0.071098
vn 0.99992 0.0097 -0.0081
vn -0.931168 -0.361588 -0.046698
vn -0.992534 -0.090103 -0.082203
vn -0.956779 -0.286794 0.048199
vn -0.91572 -0.370508 -0.155503
vn -0.0129 0.794683 -0.606887
vn -0.0129 0.794683 -0.606887
vn -0.0129 0.794683 -0.606887
vn -0.012901 0.794732 -0.606824
vn -0.012901 0.794732 -0.606824
vn -0.012901 0.794732 -0.606824
vn 0.913616 0.078602 -0.398907
vn 0.887206 -0.210601 -0.410503
vn -0.902601 -0.2377 -0.358901
vn -0.880034 0.135005 -0.455318
vn 0.879201 0.384401 -0.2815
vn 0.862361 0.152193 -0.482878
vn -0.839414 0.259004 -0.477808
vn -0.668019 0.587117 -0.457213
vn 0.99987 0.0112 -0.0116
vn 0.968581 -0.001 -0.248695
vn 0.991466 0.0043 -0.130296
vn 0.999914 0.006 -0.0117
vn -0.988041 -0.034402 -0.150306
vn -0.998982 -0.038699 -0.0232
vn -0.999249 -0.029002 -0.025701
vn -0.960656 -0.036098 -0.275387
vn 0.0025 -0.047598 -0.998864
vn 0.0025 -0.047598 -0.998864
vn 0.0025 -0.047598 -0.998864
vn 0.0025 -0.047598 -0.998864
vn 0.865769 -0.016199 -0.500182
vn 0.901118 -0.0152 -0.433309
vn -0.887366 -0.047798 -0.458582
vn -0.850403 -0.0473 -0.524002
vn 0.827232 -0.0125 -0.561722
vn 0.825002 -0.0193 -0.564801
vn -0.809206 -0.0487 -0.585504
vn -0.808119 -0.042101 -0.587513
vt 2.1211 0.7729
vt 1.1796 0.4516
vt 1.3025 0.0403
vt 2.2789 0.3635
vt 0.0387 0.454
vt 1.1796 0.4516
vt 1.3025 0.0403
vt 0.185 0.0089
vt 2.1211 0.7729
vt 2.2789 0.3635
vt 1.4116 1.577
vt 0.8218 0.4905
vt 0.9079 0.0404
vt 1.5961 1.3276
vt 0.006 0.4889
vt 0.8218 0.4905
vt 0.9079 0.0404
vt 0.1306 0.0278
vt 1.4116 1.577
vt 1.5961 1.3276
vt 0.9798 0.0225
vt 0.0001 0.0289
vt 0.0046 1.0029
vt 0.9856 0.9964
vt 0.0009 0.0289
vt 0.9798 0.0225
vt 0.9856 0.9964
vt 0.0053 1.0029
vt 0.0005 0.0124
vt 0.9995 0.0124
vt 0.9995 1.0053
vt 0.0005 1.0053
vt 0.9841 0.0246
vt 0.9791 1.0029
vt 0.9866 0.0246
vt 0.9815 1.0029
vt 0.001 0.0246
vt 0.0118 0.9966
vt 0.0022 0.0246
vt 0.013 0.9966
vt -1.4413 1.13
vt 0.0822 0.0268
vt 0.1124 0.4091
vt -1.3112 1.3281
vt 0.0828 0.0268
vt -1.4413 1.13
vt -1.3112 1.3281
vt 0.113 0.4091
vt 0.0005 -0.8916
vt 0.9995 -0.8916
vt 0.9995 -0.6374
vt 0.9995 -0.6374
vt 0.0005 -0.6374
vt 0.0005 -0.8916
vt 0.8698 0.0268
vt 0.9 0.4091
vt 0.8717 0.0268
vt 0.9019 0.4091
vt 1.4619 0.2286
vt 1.2317 0.4846
vt 1.4629 0.2286
vt 1.2327 0.4846
vt -1.9159 0.8952
vt -0.0957 0.5217
vt -0.0738 0.8689
vt -1.7372 1.1535
vt -0.095 0.5217
vt -1.9159 0.8952
vt -1.7372 1.1535
vt -0.0731 0.8689
vt 0.0005 0.2485
vt 0.9995 0.2485
vt 0.9995 0.6096
vt 0.0005 0.6096
vt 0.9249 0.5217
vt 0.9467 0.8689
vt 0.9274 0.5217
vt 0.9492 0.8689
vt 1.4391 0.5472
vt 1.461 1.0184
vt 1.4403 0.5472
vt 1.4622 1.0184
f 602/602/602 604/604/604 603/603/603
f 602/602/602 605/605/605 604/604/604
f 606/606/606 608/608/608 607/607/607
f 606/606/606 609/609/609 608/608/608
f 608/608/608 610/610/610 607/607/607
f 608/608/608 611/611/611 610/610/610
f 606/606/606 604/604/604 609/609/609
f 606/606/606 603/603/603 604/604/604
f 612/612/612 614/614/614 613/613/613
f 612/612/612 615/615/615 614/614/614
f 616/616/616 618/618/618 617/617/617
f 616/616/616 619/619/619 618/618/618
f 618/618/618 620/620/620 617/617/617
f 618/618/618 621/621/621 620/620/620
f 616/616/616 614/614/614 619/619/619
f 616/616/616 613/613/613 614/614/614
f 622/622/622 624/624/624 623/623/623
f 624/624/624 622/622/622 625/625/625
f 626/626/626 628/628/628 627/627/627
f 628/628/628 626/626/626 629/629/629
f 630/630/630 632/632/632 631/631/631
f 632/632/632 630/630/630 633/633/633
f 623/623/623 635/635/635 634/634/634
f 635/635/635 623/623/623 624/624/624
f 636/636/636 629/629/629 626/626/626
f 629/629/629 636/636/636 637/637/637
f 634/634/634 639/639/639 638/638/638
f 639/639/639 634/634/634 635/635/635
f 640/640/640 637/637/637 636/636/636
f 637/637/637 640/640/640 641/641/641
f 642/642/642 644/644/644 643/643/643
f 644/644/644 642/642/642 645/645/645
f 646/646/646 648/648/648 647/647/647
f 648/648/648 646/646/646 649/649/649
f 650/650/650 652/652/652 651/651/651
f 653/653/653 655/655/655 654/654/654
f 643/643/643 657/657/657 656/656/656
f 657/657/657 643/643/643 644/644/644
f 658/658/658 649/649/649 646/646/646
f 649/649/649 658/658/658 659/659/659
f 656/656/656 661/661/661 660/660/660
f 661/661/661 656/656/656 657/657/657
f 662/662/662 659/659/659 658/658/658
f 659/659/659 662/662/662 663/663/663
f 664/664/664 666/666/666 665/665/665
f 666/666/666 664/664/664 667/667/667
f 668/668/668 670/670/670 669/669/669
f 670/670/670 668/668/668 671/671/671
f 672/672/672 674/674/674 673/673/673
f 674/674/674 672/672/672 675/675/675
f 665/665/665 677/677/677 676/676/676
f 677/677/677 665/665/665 666/666/666
f 678/678/678 671/671/671 668/668/668
f 671/671/671 678/678/678 679/679/679
f 676/676/676 681/681/681 680/680/680
f 681/681/681 676/676/676 677/677/677
f 682/682/682 679/679/679 678/678/678
f 679/679/679 682/682/682 683/683/683

g ship07
# texture: ship07.jpg
v 129.5136 291.8363 568.4447
v 107.2887 335.424 566.1533
v 99.48263 312.6728 603.2217
v 100.2492 268.7639 602.4553
v 108.8217 247.6062 564.6204
v 116.6276 270.3574 527.5518
v 115.8612 314.2662 528.3182
v 112.7591 300.8832 653.4518
v 93.68502 329.4214 653.556
v 83.86861 319.8166 689.9182
v 81.73244 274.9118 677.7017
v 86.51162 242.4162 642.523
v 97.2289 281.9428 616.4771
v 102.6192 328.3241 615.8364
v -145.427 287.0379 568.3609
v -116.1626 308.9092 603.1561
v -124.735 331.3746 566.0825
v -115.396 265.0004 602.3896
v -123.202 243.5567 564.5497
v -131.7745 266.0221 527.4763
v -132.5409 309.931 528.2426
v -129.0501 296.663 653.3781
v -100.86 316.5926 689.8618
v -110.9836 325.8495 653.4935
v -97.15086 271.7899 677.6472
v -100.7718 239.1478 642.466
v -112.8459 278.2765 616.4133
v -119.851 324.4415 615.7689
v 145.4018 379.3386 639.0182
v 92.91781 422.4803 633.6707
v 101.2956 401.4829 664.2551
v 90.50698 328.8428 648.3222
v 98.34383 343.7114 598.5056
v 151.1178 398.3866 593.1973
v 126.3069 387.0562 576.5081
v 155.155 433.7999 552.744
v 129.5321 403.8816 603.1487
v 109.0821 391.4391 709.7381
v 82.68356 404.4032 703.6146
v 72.50314 415.5694 745.0839
v 80.48153 359.8016 718.088
v 100.1938 359.0262 676.2974
v 90.6993 410.7188 783.7307
v 50.43148 406.9018 833.9262
v 50.62496 385.2227 785.6797
v 72.28469 385.8422 746.1245
v 69.07552 430.5296 777.9982
v 44.70895 422.4485 902.5987
v 1.083701 487.0414 924.122
v -0.042642 440.3381 936.598
v 0.924155 399.2394 922.5746
v 25.01363 438.3549 851.7681
v 23.29732 408.5851 871.8223
v 66.99935 416.6967 835.8035
v 41.67318 432.5013 822.831
v 2.132041 349.6396 875.8054
v 45.56649 366.2272 863.3214
v 5.905234 356.8878 829.8318
v 2.513571 315.0045 816.7902
v -161.4908 373.9826 638.9246
v -118.1997 397.6522 664.1882
v -110.5409 418.9295 633.6088
v -113.1936 340.0194 598.4412
v -104.8731 325.433 648.2626
v -167.8399 392.82 593.1
v -173.0859 428.0713 552.6438
v -142.6387 382.3624 576.4261
v -146.4653 399.0647 603.0647
v -125.6586 387.3423 709.6665
v -89.96525 412.7337 745.0344
v -99.72489 401.2197 703.559
v -115.6242 355.2597 676.2316
v -95.97666 356.722 718.0341
v -108.0048 407.2509 783.6699
v -67.06632 383.1688 785.644
v -67.6591 404.8408 833.8903
v -88.71043 383.0324 746.0755
v -87.08207 427.8044 777.9506
v -62.52421 420.5771 902.5661
v -18.44474 440.017 936.5922
v -21.19267 486.6526 924.1152
v -17.96842 398.9097 922.5687
v -43.36491 437.1615 851.7473
v -40.62321 407.4695 871.8029
v -84.55973 414.0517 835.7573
v -59.7924 430.7305 822.8001
v -17.41618 349.2984 875.7995
v -61.39555 364.3604 863.2888
v -21.41209 356.4111 829.8237
v -16.55302 314.6718 816.7844
v 192.245 345.4097 -352.768
v 152.0623 363.3896 -381.3035
v 144.2913 388.9222 -354.4075
v 149.225 316.6179 -307.3375
v 142.2591 294.1512 -354.2411
v 197.2838 371.3821 -310.4715
v 200.7884 412.6807 -276.0417
v 174.608 362.8333 -292.2976
v 177.6173 375.2803 -321.2314
v 182.8902 346.7572 -424.6227
v 144.9901 365.0273 -463.4299
v 155.4281 360.4943 -420.6906
v 151.1507 319.5745 -386.5607
v 153.1437 314.1753 -428.0171
v 164.0384 354.2094 -500.781
v 122.344 328.6836 -498.8528
v 122.3252 342.5498 -549.8967
v 144.7378 335.5027 -459.8089
v 141.2278 393.1079 -497.8801
v 116.6186 347.1591 -620.1744
v 70.14349 363.3722 -666.4337
v 70.30856 469.4333 -669.2299
v 71.12771 321.069 -636.4207
v 95.85299 378.8514 -614.0104
v 94.23464 338.2592 -587.6801
v 139.571 351.9466 -553.2273
v 113.204 369.5616 -542.9713
v 72.17965 279.3951 -582.4656
v 117.3249 297.7731 -572.5844
v 75.95678 293.7484 -538.1793
v 72.3457 254.4166 -518.7587
v -210.1641 338.3867 -352.8906
v -163.757 383.5461 -354.5014
v -170.6159 357.758 -381.4019
v -158.4192 288.9035 -354.3328
v -166.1934 311.1131 -307.4337
v -216.1319 364.1669 -310.5974
v -193.1826 356.4144 -292.4097
v -221.0964 405.3177 -276.1701
v -196.6068 368.7492 -321.3452
v -200.8182 340.0605 -424.7396
v -173.8546 354.7476 -420.7908
v -163.5551 359.6425 -463.5239
v -169.9509 308.5365 -428.1154
v -168.1727 314.0015 -386.6578
v -182.1917 348.1669 -500.8865
v -140.067 337.9704 -549.9765
v -139.633 324.1115 -498.9324
v -162.275 330.1447 -459.9023
v -160.754 387.8375 -497.972
v -134.4819 342.7769 -620.2508
v -92.43693 466.5929 -669.2794
v -88.57267 360.6023 -666.482
v -88.09849 318.2901 -636.4691
v -114.8387 375.1743 -614.0748
v -111.8208 334.663 -587.7429
v -157.6283 346.7597 -553.3177
v -131.8982 365.2839 -543.0458
v -87.72861 276.6044 -582.5143
v -133.4935 293.3957 -572.6608
v -92.03117 290.8166 -538.2305
v -87.06159 251.6346 -518.8071
v 95.85299 378.8514 -614.0104
v 70.30856 469.4333 -669.2299
v 70.14349 363.3722 -666.4337
v -92.43693 466.5929 -669.2794
v -114.8387 375.1743 -614.0748
v -88.57267 360.6023 -666.482
v -114.8387 375.1743 -614.0748
v 95.85299 378.8514 -614.0104
v 70.14349 363.3722 -666.4337
v -88.57267 360.6023 -666.482
vn 0.984662 0.0142 0.173893
vn 0.907708 0.384503 0.168001
vn 0.855093 0.192298 0.481496
vn 0.861576 -0.179095 0.474987
vn 0.920691 -0.358196 0.154998
vn 0.973304 -0.166001 -0.158501
vn 0.966807 0.205302 -0.152101
vn 0.979992 -0.0075 0.198898
vn 0.85676 0.462879 0.227389
vn 0.865343 0.140707 0.481024
vn 0.803621 -0.284908 0.522514
vn 0.921805 -0.358702 0.147001
vn 0.954848 -0.20031 -0.219411
vn 0.976904 0.203101 -0.0664
vn -0.984663 -0.020199 0.173294
vn -0.861562 0.162393 0.480979
vn -0.920683 0.352593 0.167397
vn -0.855088 -0.208997 0.474494
vn -0.907693 -0.390197 0.154399
vn -0.966812 -0.199903 -0.159102
vn -0.97328 0.171496 -0.152697
vn -0.979256 -0.041698 0.198291
vn -0.870014 0.110402 0.480508
vn -0.872533 0.432716 0.226809
vn -0.793512 -0.312805 0.522008
vn -0.908837 -0.390616 0.146406
vn -0.947138 -0.233509 -0.220009
vn -0.983355 0.168892 -0.066997
vn 0.979793 -0.0157 0.199398
vn 0.668481 0.689781 0.278092
vn 0.580864 0.793051 0.183489
vn 0.756915 -0.635012 0.154403
vn 0.326189 -0.641978 -0.693877
vn 0.992345 0.044502 0.115205
vn 0.586076 -0.635474 -0.50268
vn 0.361108 -0.030601 -0.932022
vn 0.273011 0.886834 0.372814
vn 0.933514 0.202903 0.295604
vn 0.521286 0.853377 0.0029
vn 0.626693 0.765391 -0.146398
vn 0.779201 -0.452301 0.433901
vn 0.751387 -0.544191 0.373194
vn 0.965872 -0.026199 0.257692
vn 0.507626 -0.818141 0.270114
vn 0.601803 -0.742204 0.294902
vn 0.643303 -0.663503 0.382002
vn 0.743217 0.667515 0.045301
vn 0.891638 -0.173907 0.418018
vn 0.8732 0.3734 0.3132
vn 0.362122 -0.198012 0.910856
vn 0.275091 -0.528883 0.802874
vn 0.680895 0.731995 0.0238
vn 0.842832 -0.054402 -0.53542
vn 0.921655 0.284086 0.264287
vn 0.606484 0.77638 0.171496
vn 0.433288 -0.635983 0.638583
vn 0.961864 -0.079597 -0.26169
vn 0.651701 0.2889 -0.701301
vn 0.885964 -0.419883 -0.196892
vn -0.97877 -0.049899 0.198794
vn -0.6083 0.772299 0.1831
vn -0.692317 0.666016 0.277707
vn -0.303091 -0.65288 -0.694179
vn -0.734407 -0.661007 0.154002
vn -0.993363 0.009899 0.114596
vn -0.359014 -0.043102 -0.932337
vn -0.563205 -0.655505 -0.503104
vn -0.304012 0.876733 0.372714
vn -0.940215 0.170202 0.295005
vn -0.652892 0.74309 -0.146798
vn -0.5507 0.834699 0.0026
vn -0.73216 -0.570069 0.372779
vn -0.763185 -0.479291 0.433392
vn -0.9645 -0.0599 0.2572
vn -0.575693 -0.762791 0.294496
vn -0.478933 -0.835357 0.269819
vn -0.619998 -0.685498 0.381699
vn -0.766125 0.641121 0.044901
vn -0.88528 -0.204895 0.41749
vn -0.474008 -0.162403 0.865414
vn -0.885909 0.342703 0.312603
vn -0.258306 -0.45981 0.849619
vn -0.706013 0.707813 0.023401
vn -0.840109 -0.083801 -0.535906
vn -0.931189 0.251697 0.263697
vn -0.633327 0.754732 0.171107
vn -0.328707 -0.668414 0.667214
vn -0.958358 -0.113107 -0.262216
vn -0.66098 0.265992 -0.701679
vn -0.870621 -0.450611 -0.197405
vn 0.991469 -0.045898 -0.121996
vn 0.591513 0.790118 -0.160704
vn 0.702906 0.611205 -0.363803
vn 0.351013 -0.517419 0.780428
vn 0.78606 -0.616268 -0.048198
vn 0.993032 0.032401 -0.113304
vn 0.412689 0.091397 0.906275
vn 0.613282 -0.530184 0.585483
vn 0.313587 0.804966 -0.503679
vn 0.976946 0.150507 -0.151407
vn 0.678995 0.730495 0.073099
vn 0.526214 0.850122 -0.019801
vn 0.751635 -0.65323 -0.091304
vn 0.799656 -0.567469 -0.196289
vn 0.955264 -0.159294 -0.249191
vn 0.587671 -0.789861 -0.175392
vn 0.494288 -0.858179 -0.138597
vn 0.630098 -0.725697 -0.276299
vn 0.884113 0.433306 -0.174903
vn 0.894178 -0.321492 -0.311592
vn 0.387515 -0.447917 -0.805731
vn 0.957724 0.222306 -0.182605
vn 0.274103 -0.684808 -0.675208
vn 0.813435 0.581525 0.0123
vn 0.830168 0.037099 0.556278
vn 0.961982 0.123298 -0.243696
vn 0.667329 0.68623 -0.289413
vn 0.42311 -0.732718 -0.533013
vn 0.957174 -0.035799 0.287292
vn 0.634705 0.401103 0.660505
vn 0.877919 -0.392308 0.274506
vn -0.989186 -0.080499 -0.122598
vn -0.723605 0.586304 -0.364203
vn -0.618606 0.769008 -0.161102
vn -0.764079 -0.643282 -0.048699
vn -0.3332 -0.529401 0.780201
vn -0.99349 -0.0023 -0.113899
vn -0.594782 -0.551283 0.585082
vn -0.416206 0.076901 0.906013
vn -0.341204 0.79351 -0.503906
vn -0.981502 0.1164 -0.152
vn -0.555488 0.831282 -0.020099
vn -0.704135 0.706335 0.072704
vn -0.779291 -0.594993 -0.196698
vn -0.728291 -0.679092 -0.091799
vn -0.948973 -0.192495 -0.249793
vn -0.463912 -0.874924 -0.138904
vn -0.559601 -0.809902 -0.1758
vn -0.604193 -0.747292 -0.276597
vn -0.898595 0.402198 -0.175399
vn -0.882199 -0.3525 -0.3122
vn -0.964813 0.188703 -0.183103
vn -0.496286 -0.399888 -0.770578
vn -0.250391 -0.648478 -0.718875
vn -0.833221 0.552814 0.0118
vn -0.831284 0.0081 0.555789
vn -0.965539 0.089704 -0.24431
vn -0.690715 0.662514 -0.289806
vn -0.316591 -0.767379 -0.557584
vn -0.955516 -0.069201 0.286705
vn -0.648714 0.378708 0.660114
vn -0.863868 -0.422684 0.27399
vn -0.930979 0.0077 0.364992
vn -0.930979 0.0077 0.364992
vn -0.930979 0.0077 0.364992
vn 0.929907 0.0401 0.365603
vn 0.929907 0.0401 0.365603
vn 0.929907 0.0401 0.365603
vn -0.0167 0.961125 -0.275607
vn -0.0167 0.961125 -0.275607
vn -0.0167 0.961125 -0.275607
vn -0.0167 0.961125 -0.275607
vt 0.7015 0.8517
vt 0.7126 1.0057
vt 0.5769 0.9287
vt 0.5769 0.7746
vt 0.7126 0.6976
vt 0.8483 0.7746
vt 0.8483 0.9287
vt 0.4123 0.8986
vt 0.4223 1.0008
vt 0.2936 0.994
vt 0.296 0.8513
vt 0.4106 0.7127
vt 0.5451 0.8296
vt 0.5477 0.9884
vt 0.7015 0.8517
vt 0.5769 0.9287
vt 0.7126 1.0057
vt 0.5769 0.7746
vt 0.7126 0.6976
vt 0.8483 0.7746
vt 0.8483 0.9287
vt 0.4123 0.8986
vt 0.2936 0.994
vt 0.4223 1.0008
vt 0.296 0.8513
vt 0.4106 0.7127
vt 0.5451 0.8296
vt 0.5477 0.9884
vt 0.2352 0.3249
vt 0.2202 0.5205
vt 0.2963 0.4288
vt 0.2602 0.1052
vt 0.1371 0.1669
vt 0.1217 0.4056
vt 0.0811 0.3559
vt 0.0207 0.5597
vt 0.1459 0.4325
vt 0.4085 0.387
vt 0.3929 0.4463
vt 0.4944 0.5
vt 0.4304 0.2492
vt 0.3277 0.2409
vt 0.5896 0.48
vt 0.7132 0.47
vt 0.5955 0.3698
vt 0.4982 0.3678
vt 0.5747 0.5693
vt 0.8814 0.545
vt 0.9316 0.8374
vt 0.9642 0.6307
vt 0.9315 0.4467
vt 0.7557 0.6133
vt 0.8063 0.4826
vt 0.7174 0.5125
vt 0.6848 0.5837
vt 0.8187 0.2223
vt 0.7873 0.2917
vt 0.7053 0.2507
vt 0.675 0.0636
vt 0.2352 0.3249
vt 0.2963 0.4288
vt 0.2202 0.5205
vt 0.1371 0.1669
vt 0.2602 0.1052
vt 0.1217 0.4056
vt 0.0207 0.5597
vt 0.0811 0.3559
vt 0.1459 0.4325
vt 0.4085 0.387
vt 0.4944 0.5
vt 0.3929 0.4463
vt 0.3277 0.2409
vt 0.4304 0.2492
vt 0.5896 0.48
vt 0.5955 0.3698
vt 0.7132 0.47
vt 0.4982 0.3678
vt 0.5747 0.5693
vt 0.8814 0.545
vt 0.9642 0.6307
vt 0.9316 0.8374
vt 0.9315 0.4467
vt 0.7557 0.6133
vt 0.8063 0.4826
vt 0.7174 0.5125
vt 0.6848 0.5837
vt 0.8187 0.2223
vt 0.7872 0.2917
vt 0.7053 0.2507
vt 0.675 0.0636
vt 0.2043 0.4277
vt 0.2752 0.5086
vt 0.2102 0.6248
vt 0.0914 0.3065
vt 0.2057 0.2034
vt 0.1014 0.5461
vt 0.0185 0.7322
vt 0.0564 0.5113
vt 0.128 0.5641
vt 0.381 0.4288
vt 0.4772 0.51
vt 0.372 0.4924
vt 0.2863 0.3133
vt 0.388 0.2859
vt 0.5686 0.4575
vt 0.5628 0.3474
vt 0.6889 0.4051
vt 0.4671 0.379
vt 0.5631 0.6326
vt 0.8619 0.4206
vt 0.9763 0.4927
vt 0.9877 0.9643
vt 0.9007 0.3068
vt 0.8481 0.5636
vt 0.7816 0.3852
vt 0.6975 0.4453
vt 0.673 0.5265
vt 0.7662 0.1255
vt 0.7427 0.2045
vt 0.658 0.1925
vt 0.6085 0.0193
vt 0.2043 0.4277
vt 0.2102 0.6248
vt 0.2752 0.5086
vt 0.2057 0.2034
vt 0.0914 0.3065
vt 0.1014 0.5461
vt 0.0564 0.5113
vt 0.0185 0.7322
vt 0.128 0.5641
vt 0.381 0.4288
vt 0.372 0.4924
vt 0.4772 0.51
vt 0.388 0.2859
vt 0.2863 0.3133
vt 0.5686 0.4575
vt 0.6889 0.4051
vt 0.5628 0.3474
vt 0.4671 0.379
vt 0.5631 0.6326
vt 0.8619 0.4206
vt 0.9877 0.9643
vt 0.9763 0.4927
vt 0.9007 0.3068
vt 0.8481 0.5636
vt 0.7816 0.3852
vt 0.6975 0.4453
vt 0.673 0.5265
vt 0.7662 0.1255
vt 0.7427 0.2045
vt 0.658 0.1925
vt 0.6085 0.0193
vt 0.8481 0.5636
vt 0.9877 0.9643
vt 0.9763 0.4927
vt 0.9877 0.9643
vt 0.8481 0.5636
vt 0.9763 0.4927
vt 0.8481 0.5636
vt 0.8481 0.5636
vt 0.9763 0.4927
vt 0.9763 0.4927
f 684/684/684 686/686/686 685/685/685
f 684/684/684 687/687/687 686/686/686
f 684/684/684 688/688/688 687/687/687
f 684/684/684 689/689/689 688/688/688
f 684/684/684 690/690/690 689/689/689
f 684/684/684 685/685/685 690/690/690
f 691/691/691 693/693/693 692/692/692
f 691/691/691 694/694/694 693/693/693
f 691/691/691 695/695/695 694/694/694
f 691/691/691 696/696/696 695/695/695
f 691/691/691 697/697/697 696/696/696
f 691/691/691 692/692/692 697/697/697
f 698/698/698 700/700/700 699/699/699
f 698/698/698 699/699/699 701/701/701
f 698/698/698 701/701/701 702/702/702
f 698/698/698 702/702/702 703/703/703
f 698/698/698 703/703/703 704/704/704
f 698/698/698 704/704/704 700/700/700
f 705/705/705 707/707/707 706/706/706
f 705/705/705 706/706/706 708/708/708
f 705/705/705 708/708/708 709/709/709
f 705/705/705 709/709/709 710/710/710
f 705/705/705 710/710/710 711/711/711
f 705/705/705 711/711/711 707/707/707
f 712/712/712 714/714/714 713/713/713
f 712/712/712 716/716/716 715/715/715
f 717/717/717 719/719/719 718/718/718
f 712/712/712 713/713/713 720/720/720
f 721/721/721 723/723/723 722/722/722
f 721/721/721 725/725/725 724/724/724
f 721/721/721 722/722/722 714/714/714
f 726/726/726 728/728/728 727/727/727
f 726/726/726 729/729/729 728/728/728
f 726/726/726 730/730/730 723/723/723
f 731/731/731 733/733/733 732/732/732
f 731/731/731 734/734/734 733/733/733
f 731/731/731 732/732/732 735/735/735
f 714/714/714 712/712/712 721/721/721
f 712/712/712 725/725/725 721/721/721
f 712/712/712 715/715/715 725/725/725
f 721/721/721 726/726/726 723/723/723
f 721/721/721 724/724/724 729/729/729
f 721/721/721 729/729/729 726/726/726
f 731/731/731 727/727/727 736/736/736
f 727/727/727 731/731/731 737/737/737
f 735/735/735 737/737/737 731/731/731
f 737/737/737 735/735/735 738/738/738
f 730/730/730 726/726/726 738/738/738
f 726/726/726 737/737/737 738/738/738
f 726/726/726 727/727/727 737/737/737
f 731/731/731 739/739/739 734/734/734
f 739/739/739 731/731/731 740/740/740
f 736/736/736 740/740/740 731/731/731
f 740/740/740 736/736/736 741/741/741
f 740/740/740 742/742/742 739/739/739
f 741/741/741 742/742/742 740/740/740
f 712/712/712 718/718/718 716/716/716
f 718/718/718 712/712/712 717/717/717
f 716/716/716 719/719/719 720/720/720
f 719/719/719 716/716/716 718/718/718
f 720/720/720 717/717/717 712/712/712
f 717/717/717 720/720/720 719/719/719
f 743/743/743 745/745/745 744/744/744
f 743/743/743 747/747/747 746/746/746
f 748/748/748 750/750/750 749/749/749
f 743/743/743 751/751/751 745/745/745
f 752/752/752 754/754/754 753/753/753
f 752/752/752 756/756/756 755/755/755
f 752/752/752 744/744/744 754/754/754
f 757/757/757 759/759/759 758/758/758
f 757/757/757 758/758/758 760/760/760
f 757/757/757 753/753/753 761/761/761
f 762/762/762 764/764/764 763/763/763
f 762/762/762 763/763/763 765/765/765
f 762/762/762 766/766/766 764/764/764
f 744/744/744 752/752/752 743/743/743
f 743/743/743 752/752/752 755/755/755
f 743/743/743 755/755/755 747/747/747
f 752/752/752 753/753/753 757/757/757
f 752/752/752 760/760/760 756/756/756
f 752/752/752 757/757/757 760/760/760
f 762/762/762 767/767/767 759/759/759
f 759/759/759 768/768/768 762/762/762
f 766/766/766 762/762/762 768/768/768
f 768/768/768 769/769/769 766/766/766
f 761/761/761 769/769/769 757/757/757
f 757/757/757 769/769/769 768/768/768
f 757/757/757 768/768/768 759/759/759
f 762/762/762 765/765/765 770/770/770
f 770/770/770 771/771/771 762/762/762
f 767/767/767 762/762/762 771/771/771
f 771/771/771 772/772/772 767/767/767
f 771/771/771 770/770/770 773/773/773
f 772/772/772 771/771/771 773/773/773
f 743/743/743 746/746/746 750/750/750
f 750/750/750 748/748/748 743/743/743
f 746/746/746 751/751/751 749/749/749
f 749/749/749 750/750/750 746/746/746
f 751/751/751 743/743/743 748/748/748
f 748/748/748 749/749/749 751/751/751
f 734/734/734 770/770/770 765/765/765
f 734/734/734 739/739/739 770/770/770
f 733/733/733 765/765/765 763/763/763
f 733/733/733 734/734/734 765/765/765
f 774/774/774 776/776/776 775/775/775
f 774/774/774 778/778/778 777/777/777
f 779/779/779 781/781/781 780/780/780
f 774/774/774 782/782/782 776/776/776
f 783/783/783 785/785/785 784/784/784
f 783/783/783 787/787/787 786/786/786
f 783/783/783 775/775/775 785/785/785
f 788/788/788 790/790/790 789/789/789
f 788/788/788 789/789/789 791/791/791
f 788/788/788 784/784/784 792/792/792
f 793/793/793 795/795/795 794/794/794
f 793/793/793 794/794/794 796/796/796
f 793/793/793 797/797/797 795/795/795
f 775/775/775 783/783/783 774/774/774
f 774/774/774 783/783/783 786/786/786
f 774/774/774 786/786/786 778/778/778
f 783/783/783 784/784/784 788/788/788
f 783/783/783 791/791/791 787/787/787
f 783/783/783 788/788/788 791/791/791
f 793/793/793 798/798/798 790/790/790
f 790/790/790 799/799/799 793/793/793
f 797/797/797 793/793/793 799/799/799
f 799/799/799 800/800/800 797/797/797
f 792/792/792 800/800/800 788/788/788
f 788/788/788 800/800/800 799/799/799
f 788/788/788 799/799/799 790/790/790
f 793/793/793 796/796/796 801/801/801
f 801/801/801 802/802/802 793/793/793
f 798/798/798 793/793/793 802/802/802
f 802/802/802 803/803/803 798/798/798
f 802/802/802 801/801/801 804/804/804
f 803/803/803 802/802/802 804/804/804
f 774/774/774 777/777/777 781/781/781
f 781/781/781 779/779/779 774/774/774
f 777/777/777 782/782/782 780/780/780
f 780/780/780 781/781/781 777/777/777
f 782/782/782 774/774/774 779/779/779
f 779/779/779 780/780/780 782/782/782
f 805/805/805 807/807/807 806/806/806
f 805/805/805 809/809/809 808/808/808
f 810/810/810 812/812/812 811/811/811
f 805/805/805 806/806/806 813/813/813
f 814/814/814 816/816/816 815/815/815
f 814/814/814 818/818/818 817/817/817
f 814/814/814 815/815/815 807/807/807
f 819/819/819 821/821/821 820/820/820
f 819/819/819 822/822/822 821/821/821
f 819/819/819 823/823/823 816/816/816
f 824/824/824 826/826/826 825/825/825
f 824/824/824 827/827/827 826/826/826
f 824/824/824 825/825/825 828/828/828
f 807/807/807 805/805/805 814/814/814
f 805/805/805 818/818/818 814/814/814
f 805/805/805 808/808/808 818/818/818
f 814/814/814 819/819/819 816/816/816
f 814/814/814 817/817/817 822/822/822
f 814/814/814 822/822/822 819/819/819
f 824/824/824 820/820/820 829/829/829
f 820/820/820 824/824/824 830/830/830
f 828/828/828 830/830/830 824/824/824
f 830/830/830 828/828/828 831/831/831
f 823/823/823 819/819/819 831/831/831
f 819/819/819 830/830/830 831/831/831
f 819/819/819 820/820/820 830/830/830
f 824/824/824 832/832/832 827/827/827
f 832/832/832 824/824/824 833/833/833
f 829/829/829 833/833/833 824/824/824
f 833/833/833 829/829/829 834/834/834
f 833/833/833 835/835/835 832/832/832
f 834/834/834 835/835/835 833/833/833
f 805/805/805 811/811/811 809/809/809
f 811/811/811 805/805/805 810/810/810
f 809/809/809 812/812/812 813/813/813
f 812/812/812 809/809/809 811/811/811
f 813/813/813 810/810/810 805/805/805
f 810/810/810 813/813/813 812/812/812
f 796/796/796 827/827/827 832/832/832
f 796/796/796 832/832/832 801/801/801
f 794/794/794 826/826/826 827/827/827
f 794/794/794 827/827/827 796/796/796
f 836/836/836 838/838/838 837/837/837
f 839/839/839 841/841/841 840/840/840
f 842/842/842 844/844/844 843/843/843
f 842/842/842 845/845/845 844/844/844

g ship05
# texture: ship05.tga
v 100.297 439.1173 611.3441
v 72.32821 463.1487 783.1354
v 74.20168 397.4464 753.6064
v 101.8898 389.1653 600.218
v -10.6265 503.4654 938.5336
v -96.02854 460.2106 783.0843
v -94.15513 394.5082 753.5551
v -8.70048 434.7652 907.7379
v -123.037 435.2196 611.2759
v -121.4439 385.2675 600.15
vn 0.98997 -0.018999 0.139996
vn 0.934108 -0.125501 0.334203
vn 0.958301 -0.1101 0.2637
vn 0.988318 -0.024 0.150503
vn -0.503595 -0.364696 0.783192
vn -0.96121 -0.126301 0.245203
vn -0.922839 -0.192708 0.333514
vn 0.244193 -0.527386 0.813778
vn -0.989334 -0.058502 0.133405
vn -0.986637 -0.071503 0.146406
vt 0.0143 0.9861
vt 0.9947 1.0002
vt 0.9899 0.0237
vt 0.0065 0.0197
vt 0.0005 0.9995
vt 0.9947 1.0002
vt 0.9899 0.0237
vt 0.0025 0.024
vt 0.0143 0.9861
vt 0.0065 0.0197
f 846/846/846 848/848/848 847/847/847
f 848/848/848 846/846/846 849/849/849
f 850/850/850 852/852/852 851/851/851
f 852/852/852 850/850/850 853/853/853
f 851/851/851 855/855/855 854/854/854
f 855/855/855 851/851/851 852/852/852
f 847/847/847 853/853/853 850/850/850
f 853/853/853 847/847/847 848/848/848

g ship07
# texture: ship07.tga
v 148.7783 214.2549 411.2793
v 132.511 285.8736 354.9006
v 132.511 285.6828 365.8295
v 148.7783 214.4782 398.4926
v 152.2626 240.8939 -262.1249
v 132.132 317.915 -236.6009
v 132.132 317.7242 -225.6721
v 152.2626 241.1171 -274.9117
v 190.4785 117.9979 54.47358
v 167.2926 202.6886 37.31326
v 167.2926 202.4978 48.24207
v 190.4785 118.2211 41.68678
v 190.5516 115.5075 -42.98553
v 167.2925 204.1787 -47.75871
v 167.2925 203.9879 -36.82991
v 190.5516 115.7308 -55.77221
v -158.1396 208.8984 411.1859
v -144.3468 280.8509 365.7451
v -144.3468 281.0417 354.8163
v -158.1396 209.1216 398.399
v -162.1411 235.4068 -262.2207
v -144.7258 312.8924 -225.7564
v -144.7258 313.0831 -236.6853
v -162.1411 235.6301 -275.0075
v -196.2381 111.2488 54.35571
v -176.0111 196.5062 48.13748
v -176.0111 196.697 37.20862
v -196.2381 111.472 41.56902
v -196.165 108.7584 -43.10327
v -176.0112 197.9964 -36.93448
v -176.0112 198.1872 -47.86331
v -196.165 108.9815 -55.89008
v 96.29018 421.3128 631.7805
v 146.6001 443.781 575.0507
v 141.4672 453.5576 577.5314
v 102.3923 409.876 628.8781
v -114.0873 417.6412 631.7165
v -160.329 448.2905 577.4396
v -165.1161 438.3408 574.9557
v -119.785 405.9984 628.8104
v 124.5273 361.9711 -550.9868
v 162.1618 420.4117 -492.0317
v 168.9809 412.0786 -487.6603
v 116.549 371.7208 -556.1013
v -141.4882 357.3284 -551.0678
v -187.7017 405.8535 -487.7689
v -181.175 414.4196 -492.1364
v -133.8519 367.3505 -556.1778
vn 0.982601 0.1857 0.0032
vn 0.980916 0.194403 0.0034
vn 0.979154 0.203091 0.0035
vn 0.982601 0.1857 0.0032
vn 0.978101 0.2081 0.0036
vn 0.977264 0.211992 0.0037
vn 0.976387 0.215997 0.0038
vn 0.978101 0.2081 0.0036
vn 0.975653 0.21929 0.0038
vn 0.975177 0.221395 0.0039
vn 0.974675 0.223594 0.0039
vn 0.975653 0.21929 0.0038
vn 0.977654 0.21019 0.0037
vn 0.976539 0.215309 0.0038
vn 0.975381 0.220496 0.0038
vn 0.977654 0.21019 0.0037
vn -0.988485 0.151298 0.0026
vn -0.985645 0.168808 0.0029
vn -0.987113 0.160002 0.0028
vn -0.988485 0.151298 0.0026
vn -0.98476 0.173893 0.003
vn -0.983347 0.181709 0.0032
vn -0.984063 0.177793 0.0031
vn -0.98476 0.173893 0.003
vn -0.982714 0.185103 0.0032
vn -0.981895 0.189399 0.0033
vn -0.982297 0.187299 0.0033
vn -0.982714 0.185103 0.0032
vn -0.984403 0.175901 0.0031
vn -0.982488 0.186298 0.0033
vn -0.983461 0.181093 0.0032
vn -0.984403 0.175901 0.0031
vn 0.767974 0.173694 0.616479
vn 0.778628 0.181307 0.600722
vn 0.820334 0.119205 0.559323
vn 0.767208 0.175902 0.616806
vn -0.77394 0.146707 0.616032
vn -0.824366 0.090496 0.558777
vn -0.784879 0.154096 0.600184
vn -0.773205 0.149001 0.616404
vn 0.776701 0.201701 -0.596701
vn 0.789743 0.223612 -0.571231
vn 0.842128 0.178106 -0.509017
vn 0.776701 0.201701 -0.596701
vn -0.782902 0.1744 -0.597201
vn -0.84762 0.148803 -0.509312
vn -0.796787 0.195997 -0.571591
vn -0.782902 0.1744 -0.597201
vt 0.0096 -0.0001
vt 0.9808 1.0029
vt 0.0123 1.0032
vt 0.9874 0.0004
vt 0.0095 -0.0001
vt 0.9806 1.0029
vt 0.0122 1.0032
vt 0.9873 0.0004
vt 0.0106 -0.0001
vt 0.9795 1.0029
vt 0.012 1.0032
vt 0.9889 0.0004
vt 0.0118 -0.0001
vt 0.9805 1.0029
vt 0.0122 1.0032
vt 0.9907 0.0004
vt 0.0096 -0.0001
vt 0.0123 1.0032
vt 0.9808 1.0029
vt 0.9874 0.0004
vt 0.0095 -0.0001
vt 0.0122 1.0032
vt 0.9806 1.0029
vt 0.9873 0.0004
vt 0.0106 -0.0001
vt 0.012 1.0032
vt 0.9795 1.0029
vt 0.9889 0.0004
vt 0.0118 -0.0001
vt 0.0122 1.0032
vt 0.9805 1.0029
vt 0.9907 0.0004
vt 0.0091 -0.0002
vt 0.9808 1.0027
vt 0.0121 1.0031
vt 0.9906 0.0004
vt 0.0091 -0.0002
vt 0.0121 1.0031
vt 0.9808 1.0027
vt 0.9906 0.0004
vt 0.0095 -0.0003
vt 0.9813 1.0028
vt 0.0119 1.0032
vt 0.9887 0.0002
vt 0.0095 -0.0003
vt 0.0119 1.0032
vt 0.9813 1.0028
vt 0.9887 0.0002
f 856/856/856 858/858/858 857/857/857
f 856/856/856 857/857/857 859/859/859
f 860/860/860 862/862/862 861/861/861
f 860/860/860 861/861/861 863/863/863
f 864/864/864 866/866/866 865/865/865
f 864/864/864 865/865/865 867/867/867
f 868/868/868 870/870/870 869/869/869
f 868/868/868 869/869/869 871/871/871
f 872/872/872 874/874/874 873/873/873
f 872/872/872 875/875/875 874/874/874
f 876/876/876 878/878/878 877/877/877
f 876/876/876 879/879/879 878/878/878
f 880/880/880 882/882/882 881/881/881
f 880/880/880 883/883/883 882/882/882
f 884/884/884 886/886/886 885/885/885
f 884/884/884 887/887/887 886/886/886
f 888/888/888 890/890/890 889/889/889
f 888/888/888 889/889/889 891/891/891
f 892/892/892 894/894/894 893/893/893
f 892/892/892 895/895/895 894/894/894
f 896/896/896 898/898/898 897/897/897
f 896/896/896 897/897/897 899/899/899
f 900/900/900 902/902/902 901/901/901
f 900/900/900 903/903/903 902/902/902

g ship06
# texture: ship06.tga
v 132.511 285.6828 365.8295
v -4.20704 808.3707 16.448
v -4.20701 808.3165 19.55914
v 132.511 285.8736 354.9006
v 132.132 317.7242 -225.6721
v -4.20701 808.6646 -0.386108
v -4.20704 808.6104 2.724976
v 132.132 317.915 -236.6009
v 167.2926 202.4978 48.24207
v -4.20704 808.4611 11.26758
v -4.20701 808.4069 14.37866
v 167.2926 202.6886 37.31326
v 167.2925 203.9879 -36.82991
v -4.20701 808.5635 5.41217
v -4.20704 808.5092 8.523254
v 167.2925 204.1787 -47.75871
v -144.3468 280.8509 365.7451
v -25.73802 807.9407 19.55255
v -25.73802 807.995 16.44135
v -144.3468 281.0417 354.8163
v -144.7258 312.8924 -225.7564
v -25.73805 808.2345 2.718445
v -25.73802 808.2888 -0.392761
v -144.7258 313.0831 -236.6853
v -176.0111 196.5062 48.13748
v -25.73811 808.0311 14.37219
v -25.73802 808.0854 11.26105
v -176.0111 196.697 37.20862
v -176.0112 197.9964 -36.93448
v -25.73811 808.1333 8.516663
v -25.73802 808.1876 5.405518
v -176.0112 198.1872 -47.86331
v 141.4672 453.5576 577.5314
v 528.1446 799.7039 21.55579
v 526.8754 804.3876 23.56995
v 146.6001 443.781 575.0507
v -160.329 448.2905 577.4396
v -557.3011 785.466 23.23969
v -558.4051 780.741 21.22491
v -165.1161 438.3408 574.9557
v 168.9809 412.0786 -487.6603
v 410.615 801.2709 15.84595
v 412.2799 797.3212 18.34686
v 162.1618 420.4117 -492.0317
v -187.7017 405.8535 -487.7689
v -444.183 782.3738 18.08588
v -442.6553 786.3792 15.586
v -181.175 414.4196 -492.1364
vn 0.979154 0.203091 0.0035
vn 0.977327 0.211706 0.0037
vn 0.977327 0.211706 0.0037
vn 0.980916 0.194403 0.0034
vn 0.976387 0.215997 0.0038
vn 0.975514 0.219903 0.0038
vn 0.975514 0.219903 0.0038
vn 0.977264 0.211992 0.0037
vn 0.974675 0.223594 0.0039
vn 0.97419 0.225698 0.0039
vn 0.97419 0.225698 0.0039
vn 0.975177 0.221395 0.0039
vn 0.975381 0.220496 0.0038
vn 0.97419 0.225698 0.0039
vn 0.97419 0.225698 0.0039
vn 0.976539 0.215309 0.0038
vn -0.985645 0.168808 0.0029
vn -0.984116 0.177503 0.0031
vn -0.984116 0.177503 0.0031
vn -0.987113 0.160002 0.0028
vn -0.983347 0.181709 0.0032
vn -0.982601 0.1857 0.0032
vn -0.982601 0.1857 0.0032
vn -0.984063 0.177793 0.0031
vn -0.981895 0.189399 0.0033
vn -0.981469 0.191594 0.0033
vn -0.981469 0.191594 0.0033
vn -0.982297 0.187299 0.0033
vn -0.982488 0.186298 0.0033
vn -0.981469 0.191594 0.0033
vn -0.981469 0.191594 0.0033
vn -0.983461 0.181093 0.0032
vn 0.820334 0.119205 0.559323
vn 0.84362 0.092502 0.528913
vn 0.876192 -0.0127 0.481795
vn 0.778628 0.181307 0.600722
vn -0.824366 0.090496 0.558777
vn -0.875558 -0.043198 0.481177
vn -0.846707 0.0631 0.528305
vn -0.784879 0.154096 0.600184
vn 0.842128 0.178106 -0.509017
vn 0.871106 0.165401 -0.462403
vn 0.914894 0.0614 -0.398998
vn 0.789743 0.223612 -0.571231
vn -0.84762 0.148803 -0.509312
vn -0.916386 0.0297 -0.399194
vn -0.87621 0.135102 -0.462605
vn -0.796787 0.195997 -0.571591
vt 0.0018 0.0016
vt 0.9946 23.657
vt 0.0006 23.6569
vt 0.9945 0.0004
vt 0.0018 0.0016
vt 0.9946 23.657
vt 0.0006 23.6569
vt 0.9945 0.0004
vt 0.0018 0.0016
vt 0.9946 23.657
vt 0.0006 23.6569
vt 0.9945 0.0004
vt 0.0018 0.0016
vt 0.9946 23.657
vt 0.0006 23.6569
vt 0.9945 0.0004
vt 0.0018 0.0016
vt 0.0006 23.6569
vt 0.9946 23.657
vt 0.9945 0.0004
vt 0.0018 0.0016
vt 0.0006 23.6569
vt 0.9946 23.657
vt 0.9945 0.0004
vt 0.0018 0.0016
vt 0.0006 23.6569
vt 0.9946 23.657
vt 0.9945 0.0004
vt 0.0018 0.0016
vt 0.0006 23.6569
vt 0.9946 23.657
vt 0.9945 0.0004
vt 0.0015 0.0016
vt 0.9946 23.6569
vt 0.0006 23.6568
vt 0.9945 0.0004
vt 0.0015 0.0016
vt 0.0006 23.6568
vt 0.9946 23.6569
vt 0.9945 0.0004
vt 0.0014 0.002
vt 0.9946 23.6569
vt 0.0007 23.6568
vt 0.9945 0.0004
vt 0.0014 0.002
vt 0.0007 23.6568
vt 0.9946 23.6569
vt 0.9945 0.0004
f 904/904/904 906/906/906 905/905/905
f 904/904/904 905/905/905 907/907/907
f 908/908/908 910/910/910 909/909/909
f 908/908/908 909/909/909 911/911/911
f 912/912/912 914/914/914 913/913/913
f 912/912/912 913/913/913 915/915/915
f 916/916/916 918/918/918 917/917/917
f 916/916/916 917/917/917 919/919/919
f 920/920/920 922/922/922 921/921/921
f 920/920/920 923/923/923 922/922/922
f 924/924/924 926/926/926 925/925/925
f 924/924/924 927/927/927 926/926/926
f 928/928/928 930/930/930 929/929/929
f 928/928/928 931/931/931 930/930/930
f 932/932/932 934/934/934 933/933/933
f 932/932/932 935/935/935 934/934/934
f 936/936/936 938/938/938 937/937/937
f 936/936/936 937/937/937 939/939/939
f 940/940/940 942/942/942 941/941/941
f 940/940/940 943/943/943 942/942/942
f 944/944/944 946/946/946 945/945/945
f 944/944/944 945/945/945 947/947/947
f 948/948/948 950/950/950 949/949/949
f 948/948/948 951/951/951 950/950/950

g ship06
# texture: ship06.jpg
v -561.2848 766.6001 21.1319
v -567.0654 780.8843 21.54803
v -566.9012 771.7743 4.767029
v -566.8962 770.9086 37.82892
v -566.2123 731.7354 36.97858
v -566.0483 722.6254 20.19769
v -566.2172 732.6008 3.916687
v 544.6144 785.9006 21.46857
v 550.0567 791.268 5.107117
v 549.8925 800.3779 21.88788
v 550.0617 790.4022 38.16907
v 550.7457 751.2288 37.31863
v 550.9096 742.119 20.53775
v 550.7407 752.0945 4.256653
vn -0.993695 -0.1121 -0.0021
vn -0.89415 -0.447625 -0.011301
vn -0.918059 -0.238889 0.316386
vn -0.918501 -0.223201 -0.3264
vn -0.968997 0.0667 -0.237899
vn -0.990451 0.137807 0.004
vn -0.968392 0.056299 0.242998
vn 0.997007 -0.0773 -0.0015
vn 0.925653 -0.206712 0.316918
vn 0.909246 -0.416121 -0.010701
vn 0.925908 -0.191001 -0.325903
vn 0.966232 0.100404 -0.237308
vn 0.985033 0.172306 0.0046
vn 0.965715 0.090002 0.243504
vt 0.5 0.5702
vt 0.495 0.9995
vt 0.9945 0.719
vt 0.0005 0.7103
vt 0.0055 0.281
vt 0.505 0.0005
vt 0.9995 0.2897
vt 0.5 0.5702
vt 0.9945 0.719
vt 0.495 0.9995
vt 0.0005 0.7103
vt 0.0055 0.281
vt 0.505 0.0005
vt 0.9995 0.2897
f 952/952/952 954/954/954 953/953/953
f 952/952/952 953/953/953 955/955/955
f 952/952/952 955/955/955 956/956/956
f 952/952/952 956/956/956 957/957/957
f 952/952/952 957/957/957 958/958/958
f 952/952/952 958/958/958 954/954/954
f 959/959/959 961/961/961 960/960/960
f 959/959/959 962/962/962 961/961/961
f 959/959/959 963/963/963 962/962/962
f 959/959/959 964/964/964 963/963/963
f 959/959/959 965/965/965 964/964/964
f 959/959/959 960/960/960 965/965/965

g ship05
# texture: ship05.jpg
v -566.9012 771.7743 4.767029
v -343.5382 777.0166 21.58698
v -343.2691 762.0764 -5.933655
v -567.0654 780.8843 21.54803
v -343.261 760.6566 48.28796
v -566.8962 770.9086 37.82892
v -341.9832 729.0042 47.117
v -566.2123 731.7354 36.97858
v -342.2775 710.696 19.53749
v -566.0483 722.6254 20.19769
v -341.9089 730.4228 -7.104603
v -566.2172 732.6008 3.916687
v -120.2821 788.6816 21.68384
v -120.118 779.5719 4.903015
v -120.1129 778.7061 37.96497
v -119.5269 745.1367 37.2124
v -119.3629 736.0269 20.43152
v -119.5319 746.0025 4.150391
v 103.1095 792.5803 21.75195
v 103.2736 783.4705 4.971008
v 103.2786 782.6049 38.03296
v 103.8646 749.0354 37.2804
v 104.0287 739.9257 20.49951
v 103.8597 749.9011 4.218445
v 326.6365 788.7128 21.79108
v 326.9057 773.7725 -5.729553
v 326.9138 772.3529 48.49207
v 327.6392 730.8119 47.49358
v 327.9672 712.5042 19.91418
v 327.631 732.2317 -6.728016
v 549.8925 800.3779 21.88788
v 550.0567 791.268 5.107117
v 550.0617 790.4022 38.16907
v 550.7457 751.2288 37.31863
v 550.9096 742.119 20.53775
v 550.7407 752.0945 4.256653
vn -0.0072 0.673317 -0.739319
vn -0.0173 0.999507 0.0262
vn -0.0212 0.52471 -0.851017
vn 0.010099 0.976652 0.214589
vn 0.0031 0.474795 0.880091
vn -0.025201 0.299609 0.953729
vn 0.0161 -0.499098 0.866396
vn -0.035699 -0.64919 0.759788
vn 0.027799 -0.999283 -0.0257
vn -0.0347 -0.968902 -0.245
vn 0.0097 -0.448392 -0.893785
vn -0.0382 -0.301199 -0.952796
vn -0.031399 0.999164 0.026199
vn 0.0011 0.523321 -0.852135
vn -0.0104 0.478707 0.877913
vn 0.0342 -0.522099 0.852199
vn 0.0534 -0.9985 -0.0121
vn 0.039699 -0.464889 -0.884479
vn -0.0036 0.999653 0.026099
vn -0.0066 0.520897 -0.853594
vn -0.018801 0.478417 0.877932
vn -0.033801 -0.507613 0.860922
vn -0.036002 -0.998547 -0.040102
vn -0.022501 -0.478619 -0.877735
vn -0.0173 0.999507 0.0262
vn -0.020801 0.521119 -0.853231
vn 0.0033 0.478688 0.877979
vn 0.0123 -0.495003 0.868805
vn 0.0074 -0.999635 -0.026001
vn -0.0053 -0.451801 -0.892103
vn -0.044599 0.985585 -0.163198
vn 0.013401 0.350018 -0.936647
vn -0.0148 0.635589 0.771886
vn 0.060999 -0.347794 0.935585
vn 0.102796 -0.975662 0.193692
vn 0.080601 -0.607906 -0.789908
vt -3.9774 0.8409
vt -2.983 0.8685
vt -2.983 0.6083
vt -3.9774 0.9995
vt -2.983 0.6003
vt -3.9774 0.836
vt -2.983 0.3175
vt -3.9774 0.5932
vt -2.983 0.0005
vt -3.9774 0.4346
vt -2.983 0.3255
vt -3.9774 0.5981
vt -1.9885 0.9995
vt -1.9885 0.8409
vt -1.9885 0.836
vt -1.9885 0.5932
vt -1.9885 0.4346
vt -1.9885 0.5981
vt -0.9941 0.9995
vt -0.9941 0.8409
vt -0.9941 0.836
vt -0.9941 0.5932
vt -0.9941 0.4346
vt -0.9941 0.5981
vt 0.0004 0.8685
vt 0.0004 0.6083
vt 0.0004 0.6003
vt 0.0004 0.3175
vt 0.0004 0.0005
vt 0.0004 0.3255
vt 0.9949 0.9995
vt 0.9949 0.8408
vt 0.9949 0.836
vt 0.9949 0.5932
vt 0.9949 0.4346
vt 0.9949 0.5981
f 966/966/966 968/968/968 967/967/967
f 966/966/966 967/967/967 969/969/969
f 969/969/969 967/967/967 970/970/970
f 969/969/969 970/970/970 971/971/971
f 971/971/971 970/970/970 972/972/972
f 971/971/971 972/972/972 973/973/973
f 973/973/973 972/972/972 974/974/974
f 973/973/973 974/974/974 975/975/975
f 975/975/975 974/974/974 976/976/976
f 975/975/975 976/976/976 977/977/977
f 977/977/977 976/976/976 968/968/968
f 977/977/977 968/968/968 966/966/966
f 968/968/968 979/979/979 978/978/978
f 968/968/968 978/978/978 967/967/967
f 967/967/967 978/978/978 980/980/980
f 967/967/967 980/980/980 970/970/970
f 970/970/970 980/980/980 981/981/981
f 970/970/970 981/981/981 972/972/972
f 972/972/972 981/981/981 982/982/982
f 972/972/972 982/982/982 974/974/974
f 974/974/974 982/982/982 983/983/983
f 974/974/974 983/983/983 976/976/976
f 976/976/976 983/983/983 979/979/979
f 976/976/976 979/979/979 968/968/968
f 979/979/979 985/985/985 984/984/984
f 979/979/979 984/984/984 978/978/978
f 978/978/978 984/984/984 986/986/986
f 978/978/978 986/986/986 980/980/980
f 980/980/980 986/986/986 987/987/987
f 980/980/980 987/987/987 981/981/981
f 981/981/981 987/987/987 988/988/988
f 981/981/981 988/988/988 982/982/982
f 982/982/982 988/988/988 989/989/989
f 982/982/982 989/989/989 983/983/983
f 983/983/983 989/989/989 985/985/985
f 983/983/983 985/985/985 979/979/979
f 985/985/985 991/991/991 990/990/990
f 985/985/985 990/990/990 984/984/984
f 984/984/984 990/990/990 992/992/992
f 984/984/984 992/992/992 986/986/986
f 986/986/986 992/992/992 993/993/993
f 986/986/986 993/993/993 987/987/987
f 987/987/987 993/993/993 994/994/994
f 987/987/987 994/994/994 988/988/988
f 988/988/988 994/994/994 995/995/995
f 988/988/988 995/995/995 989/989/989
f 989/989/989 995/995/995 991/991/991
f 989/989/989 991/991/991 985/985/985
f 991/991/991 997/997/997 996/996/996
f 991/991/991 996/996/996 990/990/990
f 990/990/990 996/996/996 998/998/998
f 990/990/990 998/998/998 992/992/992
f 992/992/992 998/998/998 999/999/999
f 992/992/992 999/999/999 993/993/993
f 993/993/993 999/999/999 1000/1000/1000
f 993/993/993 1000/1000/1000 994/994/994
f 994/994/994 1000/1000/1000 1001/1001/1001
f 994/994/994 1001/1001/1001 995/995/995
f 995/995/995 1001/1001/1001 997/997/997
f 995/995/995 997/997/997 991/991/991
