# Object111.bmd — MU bind-pose geometry, exported for MU2
# 1 mesh(es)

g door_01
# texture: door_01.jpg
v -49.4266 452.9338 5.5463
v -34.6622 452.9338 5.5463
v -42.0444 548.1969 0.0001
v -34.6622 452.9338 5.5463
v -34.6622 452.9338 -5.5462
v -42.0444 548.1969 0.0001
v -42.0444 548.1969 0.0001
v -49.4266 452.9338 -5.5462
v -49.4266 452.9338 5.5463
v -47.119 447.9627 3.8126
v -36.9697 447.9627 3.8126
v -47.119 447.9627 -3.8126
v -47.119 447.9627 3.8126
v -36.9697 447.9627 3.8126
v -36.9697 447.9627 -3.8126
v -44.0786 438.5307 3.8126
v -39.8439 438.5307 3.8126
v -44.0714 438.5322 -3.8126
v -44.0786 438.5307 3.8126
v -39.8439 438.5307 3.8126
v -39.8488 438.5322 -3.8126
v -33.3285 377.0905 3.8029
v -33.3307 429.5106 3.8029
v -50.5825 429.5106 3.8029
v -50.5805 377.0905 3.8029
v -44.0802 366.6375 -3.8196
v -44.0817 366.6457 3.8029
v -50.5805 377.0905 3.8029
v -50.5805 377.0905 -3.8195
v -33.3285 377.0905 -3.8195
v -33.3307 429.5106 -3.8195
v -33.3307 429.5106 3.8029
v -33.3285 377.0905 3.8029
v -39.8437 434.2249 -3.8196
v -39.834 434.2452 3.8029
v -33.3307 429.5106 3.8029
v -33.3307 429.5106 -3.8195
v -50.5825 429.5107 -3.8195
v -50.5825 429.5106 3.8029
v -39.8274 366.6456 3.8029
v -39.8328 366.6375 -3.8196
v -50.5825 429.5107 -3.8195
v -50.5825 429.5106 3.8029
v -44.0903 434.2454 3.8029
v -44.076 434.2251 -3.8196
v -39.834 434.2452 3.8029
v -39.8437 434.2249 -3.8196
v -44.076 434.2251 -3.8196
v -44.0903 434.2454 3.8029
v -44.0903 434.2454 3.8029
v -39.834 434.2452 3.8029
v -39.834 434.2452 3.8029
v -44.0903 434.2454 3.8029
v -44.0817 366.6457 3.8029
v -39.8274 366.6456 3.8029
v -33.3285 303.7725 3.8029
v -33.3307 356.1927 3.8029
v -50.5825 356.1927 3.8029
v -50.5805 303.7725 3.8029
v -44.0805 293.2134 -3.8196
v -44.0815 293.2217 3.8029
v -50.5805 303.7725 3.8029
v -50.5805 303.7725 -3.8195
v -33.3285 303.7725 -3.8195
v -33.3307 356.1927 -3.8195
v -33.3307 356.1927 3.8029
v -33.3285 303.7725 3.8029
v -39.8328 366.6375 -3.8196
v -39.8274 366.6456 3.8029
v -50.5825 356.1927 -3.8195
v -50.5825 356.1927 3.8029
v -39.8299 293.2215 3.8029
v -39.8305 293.2134 -3.8196
v -44.0817 366.6457 3.8029
v -44.0802 366.6375 -3.8196
v -39.8274 366.6456 3.8029
v -44.0817 366.6457 3.8029
v -44.0815 293.2217 3.8029
v -39.8299 293.2215 3.8029
v -33.3285 230.2424 3.8029
v -33.3307 282.6626 3.8029
v -50.5825 282.6626 3.8029
v -50.5805 230.2424 3.8029
v -44.0805 219.7894 -3.8196
v -44.0815 219.7976 3.8029
v -50.5805 230.2424 3.8029
v -50.5805 230.2424 -3.8195
v -33.3285 230.2424 -3.8195
v -33.3307 282.6626 -3.8195
v -33.3307 282.6626 3.8029
v -33.3285 230.2424 3.8029
v -39.8305 293.2134 -3.8196
v -39.8299 293.2215 3.8029
v -50.5825 282.6626 -3.8195
v -50.5825 282.6626 3.8029
v -39.8299 219.7975 3.8029
v -39.8304 219.7894 -3.8196
v -44.0815 293.2217 3.8029
v -44.0805 293.2134 -3.8196
v -39.8299 293.2215 3.8029
v -44.0815 293.2217 3.8029
v -44.0815 219.7976 3.8029
v -39.8299 219.7975 3.8029
v -33.3285 156.9244 3.8029
v -33.3307 209.3447 3.8029
v -50.5825 209.3447 3.8029
v -50.5805 156.9244 3.8029
v -44.0805 146.4714 -3.8196
v -44.0815 146.4797 3.8029
v -50.5805 156.9244 3.8029
v -50.5805 156.9244 -3.8195
v -33.3285 156.9244 -3.8195
v -33.3307 209.3447 -3.8195
v -33.3307 209.3447 3.8029
v -33.3285 156.9244 3.8029
v -39.8304 219.7894 -3.8196
v -39.8299 219.7975 3.8029
v -50.5825 209.3447 -3.8195
v -50.5825 209.3447 3.8029
v -39.829 146.4797 3.8029
v -39.8297 146.4714 -3.8196
v -44.0815 219.7976 3.8029
v -44.0805 219.7894 -3.8196
v -39.8299 219.7975 3.8029
v -44.0815 219.7976 3.8029
v -44.0815 146.4797 3.8029
v -39.829 146.4797 3.8029
v -33.3285 83.6066 3.8029
v -33.3307 136.0268 3.8029
v -50.5825 136.0268 3.8029
v -50.5805 83.6066 3.8029
v -44.0805 73.1536 -3.8196
v -44.0815 73.1618 3.8029
v -50.5805 83.6066 3.8029
v -50.5805 83.6066 -3.8195
v -33.3285 83.6066 -3.8195
v -33.3307 136.0267 -3.8195
v -33.3307 136.0268 3.8029
v -33.3285 83.6066 3.8029
v -39.8297 146.4714 -3.8196
v -39.829 146.4797 3.8029
v -50.5825 136.0267 -3.8195
v -50.5825 136.0268 3.8029
v -39.8301 73.1617 3.8029
v -39.8301 73.1536 -3.8196
v -44.0815 146.4797 3.8029
v -44.0805 146.4714 -3.8196
v -39.829 146.4797 3.8029
v -44.0815 146.4797 3.8029
v -44.0815 73.1618 3.8029
v -39.8301 73.1617 3.8029
v -33.3285 10.2886 3.8029
v -33.3307 62.709 3.8029
v -50.5825 62.709 3.8029
v -50.5805 10.2888 3.8029
v -44.0769 -0.1644 -3.8196
v -44.0851 -0.1561 3.8029
v -50.5805 10.2888 3.8029
v -50.5805 10.2888 -3.8195
v -33.3285 10.2886 -3.8195
v -33.3307 62.709 -3.8195
v -33.3307 62.709 3.8029
v -33.3285 10.2886 3.8029
v -39.8301 73.1536 -3.8196
v -39.8301 73.1617 3.8029
v -50.5825 62.709 -3.8195
v -50.5825 62.709 3.8029
v -39.8274 -0.1563 3.8029
v -39.8328 -0.1644 -3.8196
v -44.0815 73.1618 3.8029
v -44.0805 73.1536 -3.8196
v -39.8301 73.1617 3.8029
v -44.0815 73.1618 3.8029
v -44.0851 -0.1561 3.8029
v -39.8274 -0.1563 3.8029
v -93.7418 380.0484 5.5463
v -78.9774 380.0484 5.5463
v -86.3597 477.4872 0.0001
v -78.9774 380.0484 5.5463
v -78.9774 380.0484 -5.5462
v -86.3597 477.4872 0.0001
v -86.3597 477.4872 0.0001
v -93.7418 380.0484 -5.5462
v -93.7418 380.0484 5.5463
v -91.4343 375.0773 3.8126
v -81.285 375.0773 3.8126
v -91.4343 375.0773 -3.8126
v -91.4343 375.0773 3.8126
v -81.285 375.0773 3.8126
v -81.285 375.0773 -3.8126
v -88.3939 365.6451 3.8126
v -84.1593 365.6451 3.8126
v -88.3867 365.6467 -3.8126
v -88.3939 365.6451 3.8126
v -84.1593 365.6451 3.8126
v -84.1641 365.6467 -3.8126
v -77.6438 304.2051 3.8029
v -77.646 356.6252 3.8029
v -94.8978 356.6252 3.8029
v -94.8957 304.2049 3.8029
v -88.3954 293.7521 -3.8196
v -88.3971 293.7602 3.8029
v -94.8957 304.2049 3.8029
v -94.8957 304.2051 -3.8195
v -77.6438 304.2051 -3.8195
v -77.646 356.6252 -3.8195
v -77.646 356.6252 3.8029
v -77.6438 304.2051 3.8029
v -84.1589 361.3396 -3.8196
v -84.1493 361.3596 3.8029
v -77.646 356.6252 3.8029
v -77.646 356.6252 -3.8195
v -94.8978 356.6252 -3.8195
v -94.8978 356.6252 3.8029
v -84.1428 293.7602 3.8029
v -84.1481 293.7521 -3.8196
v -94.8978 356.6252 -3.8195
v -94.8978 356.6252 3.8029
v -88.4056 361.3598 3.8029
v -88.3912 361.3396 -3.8196
v -84.1493 361.3596 3.8029
v -84.1589 361.3396 -3.8196
v -88.3912 361.3396 -3.8196
v -88.4056 361.3598 3.8029
v -88.4056 361.3598 3.8029
v -84.1493 361.3596 3.8029
v -84.1493 361.3596 3.8029
v -88.4056 361.3598 3.8029
v -88.3971 293.7602 3.8029
v -84.1428 293.7602 3.8029
v -77.6438 230.8871 3.8029
v -77.646 283.3073 3.8029
v -94.8978 283.3073 3.8029
v -94.8957 230.8871 3.8029
v -88.3958 220.3279 -3.8196
v -88.3968 220.3363 3.8029
v -94.8957 230.8871 3.8029
v -94.8957 230.8871 -3.8195
v -77.6438 230.8871 -3.8195
v -77.646 283.3073 -3.8195
v -77.646 283.3073 3.8029
v -77.6438 230.8871 3.8029
v -84.1481 293.7521 -3.8196
v -84.1428 293.7602 3.8029
v -94.8978 283.3073 -3.8195
v -94.8978 283.3073 3.8029
v -84.1451 220.3361 3.8029
v -84.1458 220.3279 -3.8196
v -88.3971 293.7602 3.8029
v -88.3954 293.7521 -3.8196
v -84.1428 293.7602 3.8029
v -88.3971 293.7602 3.8029
v -88.3968 220.3363 3.8029
v -84.1451 220.3361 3.8029
v -77.6438 157.3568 3.8029
v -77.646 209.7771 3.8029
v -94.8978 209.7771 3.8029
v -94.8957 157.3568 3.8029
v -88.3958 146.904 -3.8196
v -88.3968 146.9121 3.8029
v -94.8957 157.3568 3.8029
v -94.8957 157.3568 -3.8195
v -77.6438 157.3568 -3.8195
v -77.646 209.7771 -3.8195
v -77.646 209.7771 3.8029
v -77.6438 157.3568 3.8029
v -84.1458 220.3279 -3.8196
v -84.1451 220.3361 3.8029
v -94.8978 209.7771 -3.8195
v -94.8978 209.7771 3.8029
v -84.1452 146.9119 3.8029
v -84.1457 146.904 -3.8196
v -88.3968 220.3363 3.8029
v -88.3958 220.3279 -3.8196
v -84.1451 220.3361 3.8029
v -88.3968 220.3363 3.8029
v -88.3968 146.9121 3.8029
v -84.1452 146.9119 3.8029
v -77.6438 84.039 3.8029
v -77.646 136.4593 3.8029
v -94.8978 136.4593 3.8029
v -94.8957 84.039 3.8029
v -88.3958 73.5858 -3.8196
v -88.3968 73.5943 3.8029
v -94.8957 84.039 3.8029
v -94.8957 84.0388 -3.8195
v -77.6438 84.0388 -3.8195
v -77.646 136.4593 -3.8195
v -77.646 136.4593 3.8029
v -77.6438 84.039 3.8029
v -84.1457 146.904 -3.8196
v -84.1452 146.9119 3.8029
v -94.8978 136.4593 -3.8195
v -94.8978 136.4593 3.8029
v -84.1443 73.5941 3.8029
v -84.1451 73.5858 -3.8196
v -88.3968 146.9121 3.8029
v -88.3958 146.904 -3.8196
v -84.1452 146.9119 3.8029
v -88.3968 146.9121 3.8029
v -88.3968 73.5943 3.8029
v -84.1443 73.5941 3.8029
v -77.6438 10.721 3.8029
v -77.646 63.1413 3.8029
v -94.8978 63.1413 3.8029
v -94.8957 10.721 3.8029
v -88.3958 0.2682 -3.8196
v -88.3968 0.2763 3.8029
v -94.8957 10.721 3.8029
v -94.8957 10.721 -3.8195
v -77.6438 10.721 -3.8195
v -77.646 63.1411 -3.8195
v -77.646 63.1413 3.8029
v -77.6438 10.721 3.8029
v -84.1451 73.5858 -3.8196
v -84.1443 73.5941 3.8029
v -94.8978 63.1411 -3.8195
v -94.8978 63.1413 3.8029
v -84.1454 0.2761 3.8029
v -84.1454 0.268 -3.8196
v -88.3968 73.5943 3.8029
v -88.3958 73.5858 -3.8196
v -84.1443 73.5941 3.8029
v -88.3968 73.5943 3.8029
v -88.3968 0.2763 3.8029
v -84.1454 0.2761 3.8029
v -137.6476 305.1443 5.5463
v -122.8832 305.1443 5.5463
v -130.2655 436.8294 0.0001
v -122.8832 305.1443 5.5463
v -122.8832 305.1443 -5.5462
v -130.2655 436.8294 0.0001
v -130.2655 436.8294 0.0001
v -137.6476 305.1443 -5.5462
v -137.6476 305.1443 5.5463
v -135.34 300.173 3.8126
v -125.1908 300.173 3.8126
v -135.34 300.173 -3.8126
v -135.34 300.173 3.8126
v -125.1908 300.173 3.8126
v -125.1908 300.173 -3.8126
v -132.2995 290.741 3.8126
v -128.0649 290.741 3.8126
v -132.2925 290.7426 -3.8126
v -132.2995 290.741 3.8126
v -128.0649 290.741 3.8126
v -128.0698 290.7426 -3.8126
v -121.5495 229.3008 3.8029
v -121.5518 281.721 3.8029
v -138.8035 281.721 3.8029
v -138.8015 229.3008 3.8029
v -132.3012 218.848 -3.8196
v -132.3027 218.8561 3.8029
v -138.8015 229.3008 3.8029
v -138.8015 229.3008 -3.8195
v -121.5495 229.3008 -3.8195
v -121.5518 281.721 -3.8195
v -121.5518 281.721 3.8029
v -121.5495 229.3008 3.8029
v -128.0647 286.4354 -3.8196
v -128.0549 286.4555 3.8029
v -121.5518 281.721 3.8029
v -121.5518 281.721 -3.8195
v -138.8035 281.721 -3.8195
v -138.8035 281.721 3.8029
v -128.0484 218.8561 3.8029
v -128.0538 218.848 -3.8196
v -138.8035 281.721 -3.8195
v -138.8035 281.721 3.8029
v -132.3113 286.4557 3.8029
v -132.297 286.4354 -3.8196
v -128.0549 286.4555 3.8029
v -128.0647 286.4354 -3.8196
v -132.297 286.4354 -3.8196
v -132.3113 286.4557 3.8029
v -132.3113 286.4557 3.8029
v -128.0549 286.4555 3.8029
v -128.0549 286.4555 3.8029
v -132.3113 286.4557 3.8029
v -132.3027 218.8561 3.8029
v -128.0484 218.8561 3.8029
v -121.5495 155.983 3.8029
v -121.5517 208.4032 3.8029
v -138.8035 208.4032 3.8029
v -138.8015 155.983 3.8029
v -132.3015 145.4239 -3.8196
v -132.3025 145.432 3.8029
v -138.8015 155.983 3.8029
v -138.8015 155.983 -3.8195
v -121.5495 155.983 -3.8195
v -121.5517 208.4032 -3.8195
v -121.5517 208.4032 3.8029
v -121.5495 155.983 3.8029
v -128.0538 218.848 -3.8196
v -128.0484 218.8561 3.8029
v -138.8035 208.4032 -3.8195
v -138.8035 208.4032 3.8029
v -128.0508 145.432 3.8029
v -128.0515 145.4239 -3.8196
v -132.3027 218.8561 3.8029
v -132.3012 218.848 -3.8196
v -128.0484 218.8561 3.8029
v -132.3027 218.8561 3.8029
v -132.3025 145.432 3.8029
v -128.0508 145.432 3.8029
v -121.5495 82.4527 3.8029
v -121.5517 134.8729 3.8029
v -138.8035 134.8729 3.8029
v -138.8015 82.4527 3.8029
v -132.3015 71.9999 -3.8196
v -132.3025 72.008 3.8029
v -138.8015 82.4527 3.8029
v -138.8015 82.4527 -3.8195
v -121.5495 82.4527 -3.8195
v -121.5517 134.8729 -3.8195
v -121.5517 134.8729 3.8029
v -121.5495 82.4527 3.8029
v -128.0515 145.4239 -3.8196
v -128.0508 145.432 3.8029
v -138.8035 134.8729 -3.8195
v -138.8035 134.8729 3.8029
v -128.0508 72.0076 3.8029
v -128.0514 71.9999 -3.8196
v -132.3025 145.432 3.8029
v -132.3015 145.4239 -3.8196
v -128.0508 145.432 3.8029
v -132.3025 145.432 3.8029
v -132.3025 72.008 3.8029
v -128.0508 72.0076 3.8029
v -121.5495 9.1347 3.8029
v -121.5517 61.5551 3.8029
v -138.8035 61.5551 3.8029
v -138.8015 9.1347 3.8029
v -132.3015 -1.3183 -3.8196
v -132.3025 -1.3098 3.8029
v -138.8015 9.1347 3.8029
v -138.8015 9.1345 -3.8195
v -121.5495 9.1345 -3.8195
v -121.5517 61.5551 -3.8195
v -121.5517 61.5551 3.8029
v -121.5495 9.1347 3.8029
v -128.0514 71.9999 -3.8196
v -128.0508 72.0076 3.8029
v -138.8035 61.5551 -3.8195
v -138.8035 61.5551 3.8029
v -128.05 -1.31 3.8029
v -128.0507 -1.3183 -3.8196
v -132.3025 72.008 3.8029
v -132.3015 71.9999 -3.8196
v -128.0508 72.0076 3.8029
v -132.3025 72.008 3.8029
v -132.3025 -1.3098 3.8029
v -128.05 -1.31 3.8029
v -180.9852 231.8148 5.5463
v -166.2208 231.8148 5.5463
v -173.603 363.4999 0.0001
v -166.2208 231.8148 5.5463
v -166.2208 231.8148 -5.5462
v -173.603 363.4999 0.0001
v -173.603 363.4999 0.0001
v -180.9852 231.8148 -5.5462
v -180.9852 231.8148 5.5463
v -178.6776 226.8437 3.8126
v -168.5283 226.8437 3.8126
v -178.6776 226.8437 -3.8126
v -178.6776 226.8437 3.8126
v -168.5283 226.8437 3.8126
v -168.5283 226.8437 -3.8126
v -175.6371 217.4116 3.8126
v -171.4025 217.4116 3.8126
v -175.63 217.4131 -3.8126
v -175.6371 217.4116 3.8126
v -171.4025 217.4116 3.8126
v -171.4074 217.4131 -3.8126
v -164.8871 155.9715 3.8029
v -164.8894 208.3916 3.8029
v -182.1411 208.3916 3.8029
v -182.1391 155.9713 3.8029
v -175.6388 145.5185 -3.8196
v -175.6404 145.5266 3.8029
v -182.1391 155.9713 3.8029
v -182.1391 155.9715 -3.8195
v -164.8871 155.9715 -3.8195
v -164.8894 208.3916 -3.8195
v -164.8894 208.3916 3.8029
v -164.8871 155.9715 3.8029
v -171.4023 213.106 -3.8196
v -171.3926 213.1261 3.8029
v -164.8894 208.3916 3.8029
v -164.8894 208.3916 -3.8195
v -182.1411 208.3916 -3.8195
v -182.1411 208.3916 3.8029
v -171.386 145.5266 3.8029
v -171.3914 145.5185 -3.8196
v -182.1411 208.3916 -3.8195
v -182.1411 208.3916 3.8029
v -175.6489 213.1262 3.8029
v -175.6346 213.106 -3.8196
v -171.3926 213.1261 3.8029
v -171.4023 213.106 -3.8196
v -175.6346 213.106 -3.8196
v -175.6489 213.1262 3.8029
v -175.6489 213.1262 3.8029
v -171.3926 213.1261 3.8029
v -171.3926 213.1261 3.8029
v -175.6489 213.1262 3.8029
v -175.6404 145.5266 3.8029
v -171.386 145.5266 3.8029
v -164.8871 82.6535 3.8029
v -164.8894 135.0738 3.8029
v -182.1411 135.0738 3.8029
v -182.1391 82.6535 3.8029
v -175.6391 72.0943 -3.8196
v -175.6401 72.1026 3.8029
v -182.1391 82.6535 3.8029
v -182.1391 82.6535 -3.8195
v -164.8871 82.6535 -3.8195
v -164.8894 135.0738 -3.8195
v -164.8894 135.0738 3.8029
v -164.8871 82.6535 3.8029
v -171.3914 145.5185 -3.8196
v -171.386 145.5266 3.8029
v -182.1411 135.0738 -3.8195
v -182.1411 135.0738 3.8029
v -171.3885 72.1024 3.8029
v -171.3891 72.0943 -3.8196
v -175.6404 145.5266 3.8029
v -175.6388 145.5185 -3.8196
v -171.386 145.5266 3.8029
v -175.6404 145.5266 3.8029
v -175.6401 72.1026 3.8029
v -171.3885 72.1024 3.8029
v -164.8871 9.1234 3.8029
v -164.8894 61.5435 3.8029
v -182.1411 61.5435 3.8029
v -182.1391 9.1234 3.8029
v -175.6391 -1.3296 -3.8196
v -175.6401 -1.3215 3.8029
v -182.1391 9.1234 3.8029
v -182.1391 9.1234 -3.8195
v -164.8871 9.1234 -3.8195
v -164.8894 61.5435 -3.8195
v -164.8894 61.5435 3.8029
v -164.8871 9.1234 3.8029
v -171.3891 72.0943 -3.8196
v -171.3885 72.1024 3.8029
v -182.1411 61.5435 -3.8195
v -182.1411 61.5435 3.8029
v -171.3885 -1.3217 3.8029
v -171.3891 -1.3296 -3.8196
v -175.6401 72.1026 3.8029
v -175.6391 72.0943 -3.8196
v -171.3885 72.1024 3.8029
v -175.6401 72.1026 3.8029
v -175.6401 -1.3215 3.8029
v -171.3885 -1.3217 3.8029
v -223.3508 231.8148 5.5463
v -208.5865 231.8148 5.5463
v -215.9687 325.4062 0.0001
v -208.5865 231.8148 5.5463
v -208.5865 231.8148 -5.5462
v -215.9687 325.4062 0.0001
v -215.9687 325.4062 0.0001
v -223.3508 231.8148 -5.5462
v -223.3508 231.8148 5.5463
v -221.0433 226.8436 3.8126
v -210.8941 226.8436 3.8126
v -221.0433 226.8436 -3.8126
v -221.0433 226.8436 3.8126
v -210.8941 226.8436 3.8126
v -210.8941 226.8436 -3.8126
v -218.0029 217.4116 3.8126
v -213.7683 217.4116 3.8126
v -217.9957 217.4131 -3.8126
v -218.0029 217.4116 3.8126
v -213.7683 217.4116 3.8126
v -213.7732 217.4131 -3.8126
v -207.2527 155.9713 3.8029
v -207.2551 208.3914 3.8029
v -224.5068 208.3914 3.8029
v -224.5048 155.9713 3.8029
v -218.0045 145.5184 -3.8196
v -218.006 145.5266 3.8029
v -224.5048 155.9713 3.8029
v -224.5048 155.9713 -3.8195
v -207.2527 155.9713 -3.8195
v -207.2551 208.3916 -3.8195
v -207.2551 208.3914 3.8029
v -207.2527 155.9713 3.8029
v -213.7679 213.106 -3.8196
v -213.7582 213.1261 3.8029
v -207.2551 208.3914 3.8029
v -207.2551 208.3916 -3.8195
v -224.5068 208.3916 -3.8195
v -224.5068 208.3914 3.8029
v -213.7518 145.5266 3.8029
v -213.7572 145.5184 -3.8196
v -224.5068 208.3916 -3.8195
v -224.5068 208.3914 3.8029
v -218.0146 213.1262 3.8029
v -218.0002 213.106 -3.8196
v -213.7582 213.1261 3.8029
v -213.7679 213.106 -3.8196
v -218.0002 213.106 -3.8196
v -218.0146 213.1262 3.8029
v -218.0146 213.1262 3.8029
v -213.7582 213.1261 3.8029
v -213.7582 213.1261 3.8029
v -218.0146 213.1262 3.8029
v -218.006 145.5266 3.8029
v -213.7518 145.5266 3.8029
v -207.2527 82.6534 3.8029
v -207.2551 135.0736 3.8029
v -224.5068 135.0736 3.8029
v -224.5048 82.6534 3.8029
v -218.0047 72.0943 -3.8196
v -218.0057 72.1026 3.8029
v -224.5048 82.6534 3.8029
v -224.5048 82.6534 -3.8195
v -207.2527 82.6534 -3.8195
v -207.2551 135.0736 -3.8195
v -207.2551 135.0736 3.8029
v -207.2527 82.6534 3.8029
v -213.7572 145.5184 -3.8196
v -213.7518 145.5266 3.8029
v -224.5068 135.0736 -3.8195
v -224.5068 135.0736 3.8029
v -213.7541 72.1024 3.8029
v -213.7547 72.0943 -3.8196
v -218.006 145.5266 3.8029
v -218.0045 145.5184 -3.8196
v -213.7518 145.5266 3.8029
v -218.006 145.5266 3.8029
v -218.0057 72.1026 3.8029
v -213.7541 72.1024 3.8029
v -207.2527 9.1234 3.8029
v -207.2551 61.5433 3.8029
v -224.5068 61.5433 3.8029
v -224.5048 9.1234 3.8029
v -218.0047 -1.3297 -3.8196
v -218.0057 -1.3217 3.8029
v -224.5048 9.1234 3.8029
v -224.5048 9.1234 -3.8195
v -207.2527 9.1234 -3.8195
v -207.2551 61.5433 -3.8195
v -207.2551 61.5433 3.8029
v -207.2527 9.1234 3.8029
v -213.7547 72.0943 -3.8196
v -213.7541 72.1024 3.8029
v -224.5068 61.5433 -3.8195
v -224.5068 61.5433 3.8029
v -213.7542 -1.3217 3.8029
v -213.7547 -1.3297 -3.8196
v -218.0057 72.1026 3.8029
v -218.0047 72.0943 -3.8196
v -213.7541 72.1024 3.8029
v -218.0057 72.1026 3.8029
v -218.0057 -1.3217 3.8029
v -213.7542 -1.3217 3.8029
v 48.7537 452.9338 5.5463
v 41.3714 548.1969 0.0001
v 33.9893 452.9338 5.5463
v 33.9893 452.9338 5.5463
v 41.3714 548.1969 0.0001
v 33.9893 452.9338 -5.5462
v 41.3714 548.1969 0.0001
v 48.7537 452.9338 5.5463
v 48.7537 452.9338 -5.5462
v 36.2969 447.9627 3.8126
v 46.4461 447.9627 3.8126
v 46.4461 447.9627 3.8126
v 46.4461 447.9627 -3.8126
v 36.2969 447.9627 -3.8126
v 36.2969 447.9627 3.8126
v 39.171 438.5307 3.8126
v 43.4056 438.5307 3.8126
v 43.4056 438.5307 3.8126
v 43.3986 438.5322 -3.8126
v 39.176 438.5322 -3.8126
v 39.171 438.5307 3.8126
v 32.6556 377.0905 3.8029
v 49.9076 377.0905 3.8029
v 49.9096 429.5106 3.8029
v 32.6579 429.5106 3.8029
v 43.4073 366.6375 -3.8196
v 49.9076 377.0905 -3.8195
v 49.9076 377.0905 3.8029
v 43.4088 366.6457 3.8029
v 32.6556 377.0905 -3.8195
v 32.6556 377.0905 3.8029
v 32.6579 429.5106 3.8029
v 32.6579 429.5106 -3.8195
v 39.1707 434.2249 -3.8196
v 32.6579 429.5106 -3.8195
v 32.6579 429.5106 3.8029
v 39.161 434.2452 3.8029
v 49.9096 429.5107 -3.8195
v 49.9096 429.5106 3.8029
v 39.16 366.6375 -3.8196
v 39.1546 366.6456 3.8029
v 49.9096 429.5107 -3.8195
v 43.403 434.2251 -3.8196
v 43.4174 434.2454 3.8029
v 49.9096 429.5106 3.8029
v 39.161 434.2452 3.8029
v 39.1707 434.2249 -3.8196
v 43.403 434.2251 -3.8196
v 43.4174 434.2454 3.8029
v 43.4174 434.2454 3.8029
v 39.161 434.2452 3.8029
v 39.161 434.2452 3.8029
v 43.4174 434.2454 3.8029
v 43.4088 366.6457 3.8029
v 39.1546 366.6456 3.8029
v 32.6556 303.7725 3.8029
v 49.9076 303.7725 3.8029
v 49.9096 356.1927 3.8029
v 32.6579 356.1927 3.8029
v 43.4075 293.2134 -3.8196
v 49.9076 303.7725 -3.8195
v 49.9076 303.7725 3.8029
v 43.4085 293.2217 3.8029
v 32.6556 303.7725 -3.8195
v 32.6556 303.7725 3.8029
v 32.6579 356.1927 3.8029
v 32.6579 356.1927 -3.8195
v 39.16 366.6375 -3.8196
v 39.1546 366.6456 3.8029
v 49.9096 356.1927 -3.8195
v 49.9096 356.1927 3.8029
v 39.1576 293.2134 -3.8196
v 39.1569 293.2215 3.8029
v 43.4073 366.6375 -3.8196
v 43.4088 366.6457 3.8029
v 39.1546 366.6456 3.8029
v 43.4088 366.6457 3.8029
v 43.4085 293.2217 3.8029
v 39.1569 293.2215 3.8029
v 32.6556 230.2424 3.8029
v 49.9076 230.2424 3.8029
v 49.9096 282.6626 3.8029
v 32.6579 282.6626 3.8029
v 43.4075 219.7894 -3.8196
v 49.9076 230.2424 -3.8195
v 49.9076 230.2424 3.8029
v 43.4085 219.7976 3.8029
v 32.6556 230.2424 -3.8195
v 32.6556 230.2424 3.8029
v 32.6579 282.6626 3.8029
v 32.6579 282.6626 -3.8195
v 39.1576 293.2134 -3.8196
v 39.1569 293.2215 3.8029
v 49.9096 282.6626 -3.8195
v 49.9096 282.6626 3.8029
v 39.1576 219.7894 -3.8196
v 39.157 219.7975 3.8029
v 43.4075 293.2134 -3.8196
v 43.4085 293.2217 3.8029
v 39.1569 293.2215 3.8029
v 43.4085 293.2217 3.8029
v 43.4085 219.7976 3.8029
v 39.157 219.7975 3.8029
v 32.6556 156.9244 3.8029
v 49.9076 156.9244 3.8029
v 49.9096 209.3447 3.8029
v 32.6579 209.3447 3.8029
v 43.4076 146.4714 -3.8196
v 49.9076 156.9244 -3.8195
v 49.9076 156.9244 3.8029
v 43.4087 146.4797 3.8029
v 32.6556 156.9244 -3.8195
v 32.6556 156.9244 3.8029
v 32.6579 209.3447 3.8029
v 32.6579 209.3447 -3.8195
v 39.1576 219.7894 -3.8196
v 39.157 219.7975 3.8029
v 49.9096 209.3447 -3.8195
v 49.9096 209.3447 3.8029
v 39.1568 146.4714 -3.8196
v 39.156 146.4797 3.8029
v 43.4075 219.7894 -3.8196
v 43.4085 219.7976 3.8029
v 39.157 219.7975 3.8029
v 43.4085 219.7976 3.8029
v 43.4087 146.4797 3.8029
v 39.156 146.4797 3.8029
v 32.6556 83.6066 3.8029
v 49.9076 83.6066 3.8029
v 49.9096 136.0268 3.8029
v 32.6579 136.0268 3.8029
v 43.4075 73.1536 -3.8196
v 49.9076 83.6066 -3.8195
v 49.9076 83.6066 3.8029
v 43.4085 73.1618 3.8029
v 32.6556 83.6066 -3.8195
v 32.6556 83.6066 3.8029
v 32.6579 136.0268 3.8029
v 32.6579 136.0267 -3.8195
v 39.1568 146.4714 -3.8196
v 39.156 146.4797 3.8029
v 49.9096 136.0267 -3.8195
v 49.9096 136.0268 3.8029
v 39.1573 73.1536 -3.8196
v 39.1572 73.1617 3.8029
v 43.4076 146.4714 -3.8196
v 43.4087 146.4797 3.8029
v 39.156 146.4797 3.8029
v 43.4087 146.4797 3.8029
v 43.4085 73.1618 3.8029
v 39.1572 73.1617 3.8029
v 32.6556 10.2886 3.8029
v 49.9076 10.2888 3.8029
v 49.9096 62.709 3.8029
v 32.6579 62.709 3.8029
v 43.4039 -0.1644 -3.8196
v 49.9076 10.2888 -3.8195
v 49.9076 10.2888 3.8029
v 43.4121 -0.1561 3.8029
v 32.6556 10.2886 -3.8195
v 32.6556 10.2886 3.8029
v 32.6579 62.709 3.8029
v 32.6579 62.709 -3.8195
v 39.1573 73.1536 -3.8196
v 39.1572 73.1617 3.8029
v 49.9096 62.709 -3.8195
v 49.9096 62.709 3.8029
v 39.16 -0.1644 -3.8196
v 39.1546 -0.1563 3.8029
v 43.4075 73.1536 -3.8196
v 43.4085 73.1618 3.8029
v 39.1572 73.1617 3.8029
v 43.4085 73.1618 3.8029
v 43.4121 -0.1561 3.8029
v 39.1546 -0.1563 3.8029
v 93.069 380.0484 5.5463
v 85.6867 477.4872 0.0001
v 78.3046 380.0484 5.5463
v 78.3046 380.0484 5.5463
v 85.6867 477.4872 0.0001
v 78.3046 380.0484 -5.5462
v 85.6867 477.4872 0.0001
v 93.069 380.0484 5.5463
v 93.069 380.0484 -5.5462
v 80.6121 375.0773 3.8126
v 90.7614 375.0773 3.8126
v 90.7614 375.0773 3.8126
v 90.7614 375.0773 -3.8126
v 80.6121 375.0773 -3.8126
v 80.6121 375.0773 3.8126
v 83.4863 365.6451 3.8126
v 87.7209 365.6451 3.8126
v 87.7209 365.6451 3.8126
v 87.7138 365.6467 -3.8126
v 83.4912 365.6467 -3.8126
v 83.4863 365.6451 3.8126
v 76.9709 304.2051 3.8029
v 94.2229 304.2049 3.8029
v 94.2248 356.6252 3.8029
v 76.9732 356.6252 3.8029
v 87.7226 293.7521 -3.8196
v 94.2229 304.2051 -3.8195
v 94.2229 304.2049 3.8029
v 87.7241 293.7602 3.8029
v 76.9709 304.2051 -3.8195
v 76.9709 304.2051 3.8029
v 76.9732 356.6252 3.8029
v 76.9732 356.6252 -3.8195
v 83.4861 361.3396 -3.8196
v 76.9732 356.6252 -3.8195
v 76.9732 356.6252 3.8029
v 83.4763 361.3596 3.8029
v 94.2248 356.6252 -3.8195
v 94.2248 356.6252 3.8029
v 83.4753 293.7521 -3.8196
v 83.4698 293.7602 3.8029
v 94.2248 356.6252 -3.8195
v 87.7184 361.3396 -3.8196
v 87.7327 361.3598 3.8029
v 94.2248 356.6252 3.8029
v 83.4763 361.3596 3.8029
v 83.4861 361.3396 -3.8196
v 87.7184 361.3396 -3.8196
v 87.7327 361.3598 3.8029
v 87.7327 361.3598 3.8029
v 83.4763 361.3596 3.8029
v 83.4763 361.3596 3.8029
v 87.7327 361.3598 3.8029
v 87.7241 293.7602 3.8029
v 83.4698 293.7602 3.8029
v 76.9709 230.8871 3.8029
v 94.2229 230.8871 3.8029
v 94.2248 283.3073 3.8029
v 76.9732 283.3073 3.8029
v 87.7228 220.3279 -3.8196
v 94.2229 230.8871 -3.8195
v 94.2229 230.8871 3.8029
v 87.7239 220.3363 3.8029
v 76.9709 230.8871 -3.8195
v 76.9709 230.8871 3.8029
v 76.9732 283.3073 3.8029
v 76.9732 283.3073 -3.8195
v 83.4753 293.7521 -3.8196
v 83.4698 293.7602 3.8029
v 94.2248 283.3073 -3.8195
v 94.2248 283.3073 3.8029
v 83.4729 220.3279 -3.8196
v 83.4722 220.3361 3.8029
v 87.7226 293.7521 -3.8196
v 87.7241 293.7602 3.8029
v 83.4698 293.7602 3.8029
v 87.7241 293.7602 3.8029
v 87.7239 220.3363 3.8029
v 83.4722 220.3361 3.8029
v 76.9709 157.3568 3.8029
v 94.2229 157.3568 3.8029
v 94.2248 209.7771 3.8029
v 76.9732 209.7771 3.8029
v 87.7228 146.904 -3.8196
v 94.2229 157.3568 -3.8195
v 94.2229 157.3568 3.8029
v 87.7239 146.9121 3.8029
v 76.9709 157.3568 -3.8195
v 76.9709 157.3568 3.8029
v 76.9732 209.7771 3.8029
v 76.9732 209.7771 -3.8195
v 83.4729 220.3279 -3.8196
v 83.4722 220.3361 3.8029
v 94.2248 209.7771 -3.8195
v 94.2248 209.7771 3.8029
v 83.4727 146.904 -3.8196
v 83.4722 146.9119 3.8029
v 87.7228 220.3279 -3.8196
v 87.7239 220.3363 3.8029
v 83.4722 220.3361 3.8029
v 87.7239 220.3363 3.8029
v 87.7239 146.9121 3.8029
v 83.4722 146.9119 3.8029
v 76.9709 84.039 3.8029
v 94.2229 84.039 3.8029
v 94.2248 136.4593 3.8029
v 76.9732 136.4593 3.8029
v 87.7228 73.5858 -3.8196
v 94.2229 84.0388 -3.8195
v 94.2229 84.039 3.8029
v 87.724 73.5943 3.8029
v 76.9709 84.0388 -3.8195
v 76.9709 84.039 3.8029
v 76.9732 136.4593 3.8029
v 76.9732 136.4593 -3.8195
v 83.4727 146.904 -3.8196
v 83.4722 146.9119 3.8029
v 94.2248 136.4593 -3.8195
v 94.2248 136.4593 3.8029
v 83.4721 73.5858 -3.8196
v 83.4713 73.5941 3.8029
v 87.7228 146.904 -3.8196
v 87.7239 146.9121 3.8029
v 83.4722 146.9119 3.8029
v 87.7239 146.9121 3.8029
v 87.724 73.5943 3.8029
v 83.4713 73.5941 3.8029
v 76.9709 10.721 3.8029
v 94.2229 10.721 3.8029
v 94.2248 63.1413 3.8029
v 76.9732 63.1413 3.8029
v 87.7228 0.2682 -3.8196
v 94.2229 10.721 -3.8195
v 94.2229 10.721 3.8029
v 87.7239 0.2763 3.8029
v 76.9709 10.721 -3.8195
v 76.9709 10.721 3.8029
v 76.9732 63.1413 3.8029
v 76.9732 63.1411 -3.8195
v 83.4721 73.5858 -3.8196
v 83.4713 73.5941 3.8029
v 94.2248 63.1411 -3.8195
v 94.2248 63.1413 3.8029
v 83.4726 0.268 -3.8196
v 83.4725 0.2761 3.8029
v 87.7228 73.5858 -3.8196
v 87.724 73.5943 3.8029
v 83.4713 73.5941 3.8029
v 87.724 73.5943 3.8029
v 87.7239 0.2763 3.8029
v 83.4725 0.2761 3.8029
v 136.9748 305.1443 5.5463
v 129.5925 436.8294 0.0001
v 122.2104 305.1443 5.5463
v 122.2104 305.1443 5.5463
v 129.5925 436.8294 0.0001
v 122.2104 305.1443 -5.5462
v 129.5925 436.8294 0.0001
v 136.9748 305.1443 5.5463
v 136.9748 305.1443 -5.5462
v 124.5179 300.173 3.8126
v 134.6672 300.173 3.8126
v 134.6672 300.173 3.8126
v 134.6672 300.173 -3.8126
v 124.5179 300.173 -3.8126
v 124.5179 300.173 3.8126
v 127.3921 290.741 3.8126
v 131.6267 290.741 3.8126
v 131.6267 290.741 3.8126
v 131.6196 290.7426 -3.8126
v 127.397 290.7426 -3.8126
v 127.3921 290.741 3.8126
v 120.8767 229.3008 3.8029
v 138.1287 229.3008 3.8029
v 138.1306 281.721 3.8029
v 120.8789 281.721 3.8029
v 131.6283 218.848 -3.8196
v 138.1287 229.3008 -3.8195
v 138.1287 229.3008 3.8029
v 131.6298 218.8561 3.8029
v 120.8767 229.3008 -3.8195
v 120.8767 229.3008 3.8029
v 120.8789 281.721 3.8029
v 120.8789 281.721 -3.8195
v 127.3919 286.4354 -3.8196
v 120.8789 281.721 -3.8195
v 120.8789 281.721 3.8029
v 127.3821 286.4555 3.8029
v 138.1306 281.721 -3.8195
v 138.1306 281.721 3.8029
v 127.381 218.848 -3.8196
v 127.3756 218.8561 3.8029
v 138.1306 281.721 -3.8195
v 131.6242 286.4354 -3.8196
v 131.6385 286.4557 3.8029
v 138.1306 281.721 3.8029
v 127.3821 286.4555 3.8029
v 127.3919 286.4354 -3.8196
v 131.6242 286.4354 -3.8196
v 131.6385 286.4557 3.8029
v 131.6385 286.4557 3.8029
v 127.3821 286.4555 3.8029
v 127.3821 286.4555 3.8029
v 131.6385 286.4557 3.8029
v 131.6298 218.8561 3.8029
v 127.3756 218.8561 3.8029
v 120.8765 155.983 3.8029
v 138.1286 155.983 3.8029
v 138.1306 208.4032 3.8029
v 120.8789 208.4032 3.8029
v 131.6285 145.4239 -3.8196
v 138.1286 155.983 -3.8195
v 138.1286 155.983 3.8029
v 131.6295 145.432 3.8029
v 120.8765 155.983 -3.8195
v 120.8765 155.983 3.8029
v 120.8789 208.4032 3.8029
v 120.8789 208.4032 -3.8195
v 127.381 218.848 -3.8196
v 127.3756 218.8561 3.8029
v 138.1306 208.4032 -3.8195
v 138.1306 208.4032 3.8029
v 127.3785 145.4239 -3.8196
v 127.3779 145.432 3.8029
v 131.6283 218.848 -3.8196
v 131.6298 218.8561 3.8029
v 127.3756 218.8561 3.8029
v 131.6298 218.8561 3.8029
v 131.6295 145.432 3.8029
v 127.3779 145.432 3.8029
v 120.8765 82.4527 3.8029
v 138.1286 82.4527 3.8029
v 138.1306 134.8729 3.8029
v 120.8789 134.8729 3.8029
v 131.6285 71.9999 -3.8196
v 138.1286 82.4527 -3.8195
v 138.1286 82.4527 3.8029
v 131.6295 72.008 3.8029
v 120.8765 82.4527 -3.8195
v 120.8765 82.4527 3.8029
v 120.8789 134.8729 3.8029
v 120.8789 134.8729 -3.8195
v 127.3785 145.4239 -3.8196
v 127.3779 145.432 3.8029
v 138.1306 134.8729 -3.8195
v 138.1306 134.8729 3.8029
v 127.3785 71.9999 -3.8196
v 127.378 72.0076 3.8029
v 131.6285 145.4239 -3.8196
v 131.6295 145.432 3.8029
v 127.3779 145.432 3.8029
v 131.6295 145.432 3.8029
v 131.6295 72.008 3.8029
v 127.378 72.0076 3.8029
v 120.8765 9.1347 3.8029
v 138.1286 9.1347 3.8029
v 138.1306 61.5551 3.8029
v 120.8789 61.5551 3.8029
v 131.6286 -1.3183 -3.8196
v 138.1286 9.1345 -3.8195
v 138.1286 9.1347 3.8029
v 131.6297 -1.3098 3.8029
v 120.8765 9.1345 -3.8195
v 120.8765 9.1347 3.8029
v 120.8789 61.5551 3.8029
v 120.8789 61.5551 -3.8195
v 127.3785 71.9999 -3.8196
v 127.378 72.0076 3.8029
v 138.1306 61.5551 -3.8195
v 138.1306 61.5551 3.8029
v 127.3778 -1.3183 -3.8196
v 127.3771 -1.31 3.8029
v 131.6285 71.9999 -3.8196
v 131.6295 72.008 3.8029
v 127.378 72.0076 3.8029
v 131.6295 72.008 3.8029
v 131.6297 -1.3098 3.8029
v 127.3771 -1.31 3.8029
v 180.3124 231.8148 5.5463
v 172.9301 363.4999 0.0001
v 165.5479 231.8148 5.5463
v 165.5479 231.8148 5.5463
v 172.9301 363.4999 0.0001
v 165.5479 231.8148 -5.5462
v 172.9301 363.4999 0.0001
v 180.3124 231.8148 5.5463
v 180.3124 231.8148 -5.5462
v 167.8555 226.8437 3.8126
v 178.0048 226.8437 3.8126
v 178.0048 226.8437 3.8126
v 178.0048 226.8437 -3.8126
v 167.8555 226.8437 -3.8126
v 167.8555 226.8437 3.8126
v 170.7297 217.4116 3.8126
v 174.9643 217.4116 3.8126
v 174.9643 217.4116 3.8126
v 174.9572 217.4131 -3.8126
v 170.7346 217.4131 -3.8126
v 170.7297 217.4116 3.8126
v 164.2143 155.9715 3.8029
v 181.4662 155.9713 3.8029
v 181.4682 208.3916 3.8029
v 164.2165 208.3916 3.8029
v 174.9659 145.5185 -3.8196
v 181.4662 155.9715 -3.8195
v 181.4662 155.9713 3.8029
v 174.9675 145.5266 3.8029
v 164.2143 155.9715 -3.8195
v 164.2143 155.9715 3.8029
v 164.2165 208.3916 3.8029
v 164.2165 208.3916 -3.8195
v 170.7293 213.106 -3.8196
v 164.2165 208.3916 -3.8195
v 164.2165 208.3916 3.8029
v 170.7196 213.1261 3.8029
v 181.4682 208.3916 -3.8195
v 181.4682 208.3916 3.8029
v 170.7186 145.5185 -3.8196
v 170.7132 145.5266 3.8029
v 181.4682 208.3916 -3.8195
v 174.9618 213.106 -3.8196
v 174.9761 213.1262 3.8029
v 181.4682 208.3916 3.8029
v 170.7196 213.1261 3.8029
v 170.7293 213.106 -3.8196
v 174.9618 213.106 -3.8196
v 174.9761 213.1262 3.8029
v 174.9761 213.1262 3.8029
v 170.7196 213.1261 3.8029
v 170.7196 213.1261 3.8029
v 174.9761 213.1262 3.8029
v 174.9675 145.5266 3.8029
v 170.7132 145.5266 3.8029
v 164.2143 82.6535 3.8029
v 181.4662 82.6535 3.8029
v 181.4682 135.0738 3.8029
v 164.2165 135.0738 3.8029
v 174.9662 72.0943 -3.8196
v 181.4662 82.6535 -3.8195
v 181.4662 82.6535 3.8029
v 174.9673 72.1026 3.8029
v 164.2143 82.6535 -3.8195
v 164.2143 82.6535 3.8029
v 164.2165 135.0738 3.8029
v 164.2165 135.0738 -3.8195
v 170.7186 145.5185 -3.8196
v 170.7132 145.5266 3.8029
v 181.4682 135.0738 -3.8195
v 181.4682 135.0738 3.8029
v 170.7163 72.0943 -3.8196
v 170.7155 72.1024 3.8029
v 174.9659 145.5185 -3.8196
v 174.9675 145.5266 3.8029
v 170.7132 145.5266 3.8029
v 174.9675 145.5266 3.8029
v 174.9673 72.1026 3.8029
v 170.7155 72.1024 3.8029
v 164.2143 9.1234 3.8029
v 181.4662 9.1234 3.8029
v 181.4682 61.5435 3.8029
v 164.2165 61.5435 3.8029
v 174.9661 -1.3296 -3.8196
v 181.4662 9.1234 -3.8195
v 181.4662 9.1234 3.8029
v 174.9673 -1.3215 3.8029
v 164.2143 9.1234 -3.8195
v 164.2143 9.1234 3.8029
v 164.2165 61.5435 3.8029
v 164.2165 61.5435 -3.8195
v 170.7163 72.0943 -3.8196
v 170.7155 72.1024 3.8029
v 181.4682 61.5435 -3.8195
v 181.4682 61.5435 3.8029
v 170.7161 -1.3296 -3.8196
v 170.7156 -1.3217 3.8029
v 174.9662 72.0943 -3.8196
v 174.9673 72.1026 3.8029
v 170.7155 72.1024 3.8029
v 174.9673 72.1026 3.8029
v 174.9673 -1.3215 3.8029
v 170.7156 -1.3217 3.8029
v 222.6779 231.8148 5.5463
v 215.2958 325.4062 0.0001
v 207.9137 231.8148 5.5463
v 207.9137 231.8148 5.5463
v 215.2958 325.4062 0.0001
v 207.9137 231.8148 -5.5462
v 215.2958 325.4062 0.0001
v 222.6779 231.8148 5.5463
v 222.6779 231.8148 -5.5462
v 210.2211 226.8436 3.8126
v 220.3704 226.8436 3.8126
v 220.3704 226.8436 3.8126
v 220.3704 226.8436 -3.8126
v 210.2211 226.8436 -3.8126
v 210.2211 226.8436 3.8126
v 213.0954 217.4116 3.8126
v 217.33 217.4116 3.8126
v 217.33 217.4116 3.8126
v 217.3228 217.4131 -3.8126
v 213.1002 217.4131 -3.8126
v 213.0954 217.4116 3.8126
v 206.5799 155.9713 3.8029
v 223.832 155.9713 3.8029
v 223.8339 208.3914 3.8029
v 206.5822 208.3914 3.8029
v 217.3316 145.5184 -3.8196
v 223.832 155.9713 -3.8195
v 223.832 155.9713 3.8029
v 217.3332 145.5266 3.8029
v 206.5799 155.9713 -3.8195
v 206.5799 155.9713 3.8029
v 206.5822 208.3914 3.8029
v 206.5822 208.3916 -3.8195
v 213.0951 213.106 -3.8196
v 206.5822 208.3916 -3.8195
v 206.5822 208.3914 3.8029
v 213.0854 213.1261 3.8029
v 223.8339 208.3916 -3.8195
v 223.8339 208.3914 3.8029
v 213.0842 145.5184 -3.8196
v 213.0788 145.5266 3.8029
v 223.8339 208.3916 -3.8195
v 217.3274 213.106 -3.8196
v 217.3418 213.1262 3.8029
v 223.8339 208.3914 3.8029
v 213.0854 213.1261 3.8029
v 213.0951 213.106 -3.8196
v 217.3274 213.106 -3.8196
v 217.3418 213.1262 3.8029
v 217.3418 213.1262 3.8029
v 213.0854 213.1261 3.8029
v 213.0854 213.1261 3.8029
v 217.3418 213.1262 3.8029
v 217.3332 145.5266 3.8029
v 213.0788 145.5266 3.8029
v 206.5799 82.6534 3.8029
v 223.832 82.6534 3.8029
v 223.8339 135.0736 3.8029
v 206.5822 135.0736 3.8029
v 217.3319 72.0943 -3.8196
v 223.832 82.6534 -3.8195
v 223.832 82.6534 3.8029
v 217.3328 72.1026 3.8029
v 206.5799 82.6534 -3.8195
v 206.5799 82.6534 3.8029
v 206.5822 135.0736 3.8029
v 206.5822 135.0736 -3.8195
v 213.0842 145.5184 -3.8196
v 213.0788 145.5266 3.8029
v 223.8339 135.0736 -3.8195
v 223.8339 135.0736 3.8029
v 213.0819 72.0943 -3.8196
v 213.0813 72.1024 3.8029
v 217.3316 145.5184 -3.8196
v 217.3332 145.5266 3.8029
v 213.0788 145.5266 3.8029
v 217.3332 145.5266 3.8029
v 217.3328 72.1026 3.8029
v 213.0813 72.1024 3.8029
v 206.5799 9.1234 3.8029
v 223.832 9.1234 3.8029
v 223.8339 61.5433 3.8029
v 206.5822 61.5433 3.8029
v 217.3319 -1.3297 -3.8196
v 223.832 9.1234 -3.8195
v 223.832 9.1234 3.8029
v 217.3329 -1.3217 3.8029
v 206.5799 9.1234 -3.8195
v 206.5799 9.1234 3.8029
v 206.5822 61.5433 3.8029
v 206.5822 61.5433 -3.8195
v 213.0819 72.0943 -3.8196
v 213.0813 72.1024 3.8029
v 223.8339 61.5433 -3.8195
v 223.8339 61.5433 3.8029
v 213.0818 -1.3297 -3.8196
v 213.0813 -1.3217 3.8029
v 217.3319 72.0943 -3.8196
v 217.3328 72.1026 3.8029
v 213.0813 72.1024 3.8029
v 217.3328 72.1026 3.8029
v 217.3329 -1.3217 3.8029
v 213.0813 -1.3217 3.8029
v -7.5126 452.9338 5.5463
v 7.2518 452.9338 5.5463
v -0.1305 584.8398 0.0001
v 7.2518 452.9338 5.5463
v 7.2518 452.9338 -5.5462
v -0.1305 584.8398 0.0001
v -0.1305 584.8398 0.0001
v -7.5126 452.9338 -5.5462
v -7.5126 452.9338 5.5463
v -5.2052 447.9627 3.8126
v 4.9442 447.9627 3.8126
v -5.2052 447.9627 -3.8126
v -5.2052 447.9627 3.8126
v 4.9442 447.9627 3.8126
v 4.9442 447.9627 -3.8126
v -2.1647 438.5307 3.8126
v 2.0699 438.5307 3.8126
v -2.1575 438.5322 -3.8126
v -2.1647 438.5307 3.8126
v 2.0699 438.5307 3.8126
v 2.0651 438.5322 -3.8126
v 8.5854 377.0905 3.8029
v 8.5832 429.5106 3.8029
v -8.6686 429.5106 3.8029
v -8.6667 377.0905 3.8029
v -2.1662 366.6375 -3.8196
v -2.1679 366.6457 3.8029
v -8.6667 377.0905 3.8029
v -8.6667 377.0905 -3.8195
v 8.5854 377.0905 -3.8195
v 8.5832 429.5106 -3.8195
v 8.5832 429.5106 3.8029
v 8.5854 377.0905 3.8029
v 2.0702 434.2249 -3.8196
v 2.0799 434.2452 3.8029
v 8.5832 429.5106 3.8029
v 8.5832 429.5106 -3.8195
v -8.6686 429.5107 -3.8195
v -8.6686 429.5106 3.8029
v 2.0864 366.6456 3.8029
v 2.0811 366.6375 -3.8196
v -8.6686 429.5107 -3.8195
v -8.6686 429.5106 3.8029
v -2.1765 434.2454 3.8029
v -2.162 434.2251 -3.8196
v 2.0799 434.2452 3.8029
v 2.0702 434.2249 -3.8196
v -2.162 434.2251 -3.8196
v -2.1765 434.2454 3.8029
v -2.1765 434.2454 3.8029
v 2.0799 434.2452 3.8029
v 2.0799 434.2452 3.8029
v -2.1765 434.2454 3.8029
v -2.1679 366.6457 3.8029
v 2.0864 366.6456 3.8029
v 8.5854 303.7725 3.8029
v 8.5832 356.1927 3.8029
v -8.6686 356.1927 3.8029
v -8.6667 303.7725 3.8029
v -2.1666 293.2134 -3.8196
v -2.1675 293.2217 3.8029
v -8.6667 303.7725 3.8029
v -8.6667 303.7725 -3.8195
v 8.5854 303.7725 -3.8195
v 8.5832 356.1927 -3.8195
v 8.5832 356.1927 3.8029
v 8.5854 303.7725 3.8029
v 2.0811 366.6375 -3.8196
v 2.0864 366.6456 3.8029
v -8.6686 356.1927 -3.8195
v -8.6686 356.1927 3.8029
v 2.0841 293.2215 3.8029
v 2.0834 293.2134 -3.8196
v -2.1679 366.6457 3.8029
v -2.1662 366.6375 -3.8196
v 2.0864 366.6456 3.8029
v -2.1679 366.6457 3.8029
v -2.1675 293.2217 3.8029
v 2.0841 293.2215 3.8029
v 8.5854 230.2424 3.8029
v 8.5832 282.6626 3.8029
v -8.6686 282.6626 3.8029
v -8.6667 230.2424 3.8029
v -2.1666 219.7894 -3.8196
v -2.1676 219.7976 3.8029
v -8.6667 230.2424 3.8029
v -8.6667 230.2424 -3.8195
v 8.5854 230.2424 -3.8195
v 8.5832 282.6626 -3.8195
v 8.5832 282.6626 3.8029
v 8.5854 230.2424 3.8029
v 2.0834 293.2134 -3.8196
v 2.0841 293.2215 3.8029
v -8.6686 282.6626 -3.8195
v -8.6686 282.6626 3.8029
v 2.084 219.7975 3.8029
v 2.0835 219.7894 -3.8196
v -2.1675 293.2217 3.8029
v -2.1666 293.2134 -3.8196
v 2.0841 293.2215 3.8029
v -2.1675 293.2217 3.8029
v -2.1676 219.7976 3.8029
v 2.084 219.7975 3.8029
v 8.5854 156.9244 3.8029
v 8.5832 209.3447 3.8029
v -8.6686 209.3447 3.8029
v -8.6667 156.9244 3.8029
v -2.1666 146.4714 -3.8196
v -2.1676 146.4797 3.8029
v -8.6667 156.9244 3.8029
v -8.6667 156.9244 -3.8195
v 8.5854 156.9244 -3.8195
v 8.5832 209.3447 -3.8195
v 8.5832 209.3447 3.8029
v 8.5854 156.9244 3.8029
v 2.0835 219.7894 -3.8196
v 2.084 219.7975 3.8029
v -8.6686 209.3447 -3.8195
v -8.6686 209.3447 3.8029
v 2.0849 146.4797 3.8029
v 2.0841 146.4714 -3.8196
v -2.1676 219.7976 3.8029
v -2.1666 219.7894 -3.8196
v 2.084 219.7975 3.8029
v -2.1676 219.7976 3.8029
v -2.1676 146.4797 3.8029
v 2.0849 146.4797 3.8029
v 8.5854 83.6066 3.8029
v 8.5832 136.0268 3.8029
v -8.6686 136.0268 3.8029
v -8.6667 83.6066 3.8029
v -2.1666 73.1536 -3.8196
v -2.1676 73.1618 3.8029
v -8.6667 83.6066 3.8029
v -8.6667 83.6066 -3.8195
v 8.5854 83.6066 -3.8195
v 8.5832 136.0267 -3.8195
v 8.5832 136.0268 3.8029
v 8.5854 83.6066 3.8029
v 2.0841 146.4714 -3.8196
v 2.0849 146.4797 3.8029
v -8.6686 136.0267 -3.8195
v -8.6686 136.0268 3.8029
v 2.0837 73.1617 3.8029
v 2.0837 73.1536 -3.8196
v -2.1676 146.4797 3.8029
v -2.1666 146.4714 -3.8196
v 2.0849 146.4797 3.8029
v -2.1676 146.4797 3.8029
v -2.1676 73.1618 3.8029
v 2.0837 73.1617 3.8029
v 8.5854 10.2886 3.8029
v 8.5832 62.709 3.8029
v -8.6686 62.709 3.8029
v -8.6667 10.2886 3.8029
v -2.163 -0.1644 -3.8196
v -2.1712 -0.1561 3.8029
v -8.6667 10.2886 3.8029
v -8.6667 10.2886 -3.8195
v 8.5854 10.2886 -3.8195
v 8.5832 62.709 -3.8195
v 8.5832 62.709 3.8029
v 8.5854 10.2886 3.8029
v 2.0837 73.1536 -3.8196
v 2.0837 73.1617 3.8029
v -8.6686 62.709 -3.8195
v -8.6686 62.709 3.8029
v 2.0864 -0.1563 3.8029
v 2.0811 -0.1644 -3.8196
v -2.1676 73.1618 3.8029
v -2.1666 73.1536 -3.8196
v 2.0837 73.1617 3.8029
v -2.1676 73.1618 3.8029
v -2.1712 -0.1561 3.8029
v 2.0864 -0.1563 3.8029
v -223.4895 182.5567 -0.9627
v -223.4895 184.7633 1.8576
v -234.1278 184.7633 0.4475
v -223.4895 184.7633 1.8576
v -223.4895 186.9697 -0.9627
v -234.1278 184.7633 0.4475
v -206.8932 182.5567 -0.9627
v -196.2549 184.7632 0.4475
v -206.8932 184.7633 1.8576
v -206.8932 184.7633 1.8576
v -196.2549 184.7632 0.4475
v -206.8932 186.9697 -0.9627
v -223.4895 111.6946 1.8576
v -234.1278 111.6946 0.4475
v -223.4895 109.488 -0.9627
v -223.4895 113.901 -0.9627
v -234.1278 111.6946 0.4475
v -223.4895 111.6946 1.8576
v -196.9795 111.6944 0.4475
v -207.6178 111.6946 1.8575
v -207.6178 109.488 -0.9627
v -196.9795 111.6944 0.4475
v -207.6178 113.901 -0.9627
v -207.6178 111.6946 1.8575
v -223.4895 36.1992 -0.9627
v -223.4895 38.4056 1.8576
v -234.1278 38.4056 0.4475
v -223.4895 38.4056 1.8576
v -223.4895 40.6121 -0.9627
v -234.1278 38.4056 0.4475
v -207.6288 36.199 -0.9627
v -196.9905 38.4056 0.4475
v -207.6288 38.4056 1.8575
v -207.6288 38.4056 1.8575
v -196.9905 38.4056 0.4475
v -207.6288 40.6121 -0.9627
v -181.7457 182.5567 -0.9627
v -181.7457 184.7632 1.8576
v -192.384 184.7632 0.4475
v -181.7457 184.7632 1.8576
v -181.7457 186.9697 -0.9627
v -192.384 184.7632 0.4475
v -165.1494 182.5567 -0.9627
v -154.5111 184.7632 0.4475
v -165.1494 184.7632 1.8576
v -165.1494 184.7632 1.8576
v -154.5111 184.7632 0.4475
v -165.1494 186.9697 -0.9627
v -181.7457 111.6944 1.8576
v -192.384 111.6944 0.4475
v -181.7457 109.488 -0.9627
v -181.7457 113.901 -0.9627
v -192.384 111.6944 0.4475
v -181.7457 111.6944 1.8576
v -154.5111 111.6944 0.4475
v -165.1494 109.488 -0.9627
v -165.1494 111.6944 1.8576
v -154.5111 111.6944 0.4475
v -165.1494 111.6944 1.8576
v -165.1494 113.901 -0.9627
v -181.7457 36.199 -0.9627
v -181.7457 38.4055 1.8576
v -192.384 38.4055 0.4475
v -181.7457 38.4055 1.8576
v -181.7457 40.6121 -0.9627
v -192.384 38.4055 0.4475
v -165.1494 36.199 -0.9627
v -154.5111 38.4055 0.4475
v -165.1494 38.4055 1.8576
v -165.1494 38.4055 1.8576
v -154.5111 38.4055 0.4475
v -165.1494 40.6121 -0.9627
v -138.4308 255.6379 -0.9627
v -138.4308 257.8443 1.8576
v -149.0692 257.8443 0.4475
v -138.4308 257.8443 1.8576
v -138.4308 260.0508 -0.9627
v -149.0692 257.8443 0.4475
v -121.8345 255.6379 -0.9627
v -111.1963 257.8443 0.4475
v -121.8345 257.8443 1.8576
v -121.8345 257.8443 1.8576
v -111.1963 257.8443 0.4475
v -121.8345 260.0508 -0.9627
v -138.4308 182.5567 -0.9627
v -138.4308 184.7632 1.8576
v -149.0692 184.7632 0.4475
v -138.4308 184.7632 1.8576
v -138.4308 186.9697 -0.9627
v -149.0692 184.7632 0.4475
v -121.8345 182.5567 -0.9627
v -111.1963 184.7632 0.4475
v -121.8345 184.7632 1.8576
v -121.8345 184.7632 1.8576
v -111.1963 184.7632 0.4475
v -121.8345 186.9697 -0.9627
v -138.4308 109.488 -0.9627
v -138.4308 111.6944 1.8576
v -149.0692 111.6944 0.4475
v -138.4308 111.6944 1.8576
v -138.4308 113.901 -0.9627
v -149.0692 111.6944 0.4475
v -121.8345 109.488 -0.9627
v -111.1963 111.6944 0.4475
v -121.8345 111.6944 1.8576
v -121.8345 111.6944 1.8576
v -111.1963 111.6944 0.4475
v -121.8345 113.901 -0.9627
v -138.4308 36.199 -0.9627
v -138.4308 38.4055 1.8576
v -149.0692 38.4055 0.4475
v -138.4308 38.4055 1.8576
v -138.4308 40.6121 -0.9627
v -149.0692 38.4055 0.4475
v -121.8345 36.199 -0.9627
v -111.1963 38.4055 0.4475
v -121.8345 38.4055 1.8576
v -121.8345 38.4055 1.8576
v -111.1963 38.4055 0.4475
v -121.8345 40.6121 -0.9627
v -94.5688 332.6956 1.8576
v -94.5688 330.4892 -0.9627
v -105.2071 332.6956 0.4475
v -94.5688 334.9021 -0.9627
v -94.5688 332.6956 1.8576
v -105.2071 332.6956 0.4475
v -77.9724 330.4891 -0.9627
v -67.334 332.6956 0.4475
v -77.9724 332.6956 1.8576
v -77.9724 332.6956 1.8576
v -67.334 332.6956 0.4475
v -77.9724 334.9021 -0.9627
v -94.5688 257.8443 1.8576
v -94.5688 255.6379 -0.9627
v -105.2071 257.8443 0.4475
v -94.5688 260.0508 -0.9627
v -94.5688 257.8443 1.8576
v -105.2071 257.8443 0.4475
v -77.9724 255.6379 -0.9627
v -67.334 257.8443 0.4475
v -77.9724 257.8443 1.8576
v -77.9724 257.8443 1.8576
v -67.334 257.8443 0.4475
v -77.9724 260.0508 -0.9627
v -94.5688 182.5567 -0.9627
v -94.5688 184.7632 1.8576
v -105.2071 184.7632 0.4475
v -94.5688 184.7632 1.8576
v -94.5688 186.9697 -0.9627
v -105.2071 184.7632 0.4475
v -77.9724 182.5567 -0.9627
v -67.334 184.7632 0.4475
v -77.9724 184.7632 1.8576
v -77.9724 184.7632 1.8576
v -67.334 184.7632 0.4475
v -77.9724 186.9697 -0.9627
v -94.5688 111.6944 1.8576
v -105.2071 111.6944 0.4475
v -94.5688 109.488 -0.9627
v -94.5688 113.901 -0.9627
v -105.2071 111.6944 0.4475
v -94.5688 111.6944 1.8576
v -77.9724 109.488 -0.9627
v -67.334 111.6944 0.4475
v -77.9724 111.6944 1.8576
v -77.9724 111.6944 1.8576
v -67.334 111.6944 0.4475
v -77.9724 113.901 -0.9627
v -94.5688 36.199 -0.9627
v -94.5688 38.4055 1.8576
v -105.2071 38.4055 0.4475
v -94.5688 38.4055 1.8576
v -94.5688 40.6121 -0.9627
v -105.2071 38.4055 0.4475
v -77.9724 36.199 -0.9627
v -67.334 38.4055 0.4475
v -77.9724 38.4055 1.8576
v -77.9724 38.4055 1.8576
v -67.334 38.4055 0.4475
v -77.9724 40.6121 -0.9627
v -50.1924 403.6087 -0.9627
v -50.1924 405.8153 1.8576
v -60.8308 405.8151 0.4475
v -50.1924 405.8153 1.8576
v -50.1924 408.0217 -0.9627
v -60.8308 405.8151 0.4475
v -33.5961 403.6087 -0.9627
v -22.9578 405.8151 0.4475
v -33.5961 405.8151 1.8576
v -33.5961 405.8151 1.8576
v -22.9578 405.8151 0.4475
v -33.5961 408.0217 -0.9627
v -50.1924 330.4892 -0.9627
v -50.1924 332.6956 1.8576
v -60.8308 332.6956 0.4475
v -50.1924 332.6956 1.8576
v -50.1924 334.9021 -0.9627
v -60.8308 332.6956 0.4475
v -33.5961 330.4891 -0.9627
v -22.9578 332.6956 0.4475
v -33.5961 332.6956 1.8576
v -33.5961 332.6956 1.8576
v -22.9578 332.6956 0.4475
v -33.5961 334.9021 -0.9627
v -50.1924 255.6379 -0.9627
v -50.1924 257.8443 1.8576
v -60.8308 257.8443 0.4475
v -50.1924 257.8443 1.8576
v -50.1924 260.0508 -0.9627
v -60.8308 257.8443 0.4475
v -33.5961 255.6379 -0.9627
v -22.9578 257.8443 0.4475
v -33.5961 257.8443 1.8576
v -33.5961 257.8443 1.8576
v -22.9578 257.8443 0.4475
v -33.5961 260.0508 -0.9627
v -50.1924 182.5567 -0.9627
v -50.1924 184.7632 1.8576
v -60.8308 184.7632 0.4475
v -50.1924 184.7632 1.8576
v -50.1924 186.9697 -0.9627
v -60.8308 184.7632 0.4475
v -33.5961 182.5567 -0.9627
v -22.9578 184.7632 0.4475
v -33.5961 184.7632 1.8576
v -33.5961 184.7632 1.8576
v -22.9578 184.7632 0.4475
v -33.5961 186.9697 -0.9627
v -50.1924 109.488 -0.9627
v -50.1924 111.6944 1.8576
v -60.8308 111.6944 0.4475
v -50.1924 111.6944 1.8576
v -50.1924 113.901 -0.9627
v -60.8308 111.6944 0.4475
v -33.5961 109.488 -0.9627
v -22.9578 111.6944 0.4475
v -33.5961 111.6944 1.8576
v -33.5961 111.6944 1.8576
v -22.9578 111.6944 0.4475
v -33.5961 113.901 -0.9627
v -50.1924 36.199 -0.9627
v -50.1924 38.4055 1.8576
v -60.8308 38.4055 0.4475
v -50.1924 38.4055 1.8576
v -50.1924 40.6121 -0.9627
v -60.8308 38.4055 0.4475
v -33.5961 36.199 -0.9627
v -22.9578 38.4055 0.4475
v -33.5961 38.4055 1.8576
v -33.5961 38.4055 1.8576
v -22.9578 38.4055 0.4475
v -33.5961 40.6121 -0.9627
v -8.4336 405.8153 1.8576
v -19.072 405.8151 0.4475
v -8.4336 403.6087 -0.9627
v -8.4336 408.0217 -0.9627
v -19.072 405.8151 0.4475
v -8.4336 405.8153 1.8576
v 8.1626 403.6087 -0.9627
v 18.801 405.8151 0.4475
v 8.1626 405.8151 1.8576
v 8.1626 405.8151 1.8576
v 18.801 405.8151 0.4475
v 8.1626 408.0217 -0.9627
v -8.4336 330.4892 -0.9627
v -8.4336 332.6956 1.8576
v -19.072 332.6956 0.4475
v -8.4336 332.6956 1.8576
v -8.4336 334.9021 -0.9627
v -19.072 332.6956 0.4475
v 8.1626 330.4891 -0.9627
v 18.801 332.6956 0.4475
v 8.1626 332.6956 1.8576
v 8.1626 332.6956 1.8576
v 18.801 332.6956 0.4475
v 8.1626 334.9021 -0.9627
v -8.4336 255.6379 -0.9627
v -8.4336 257.8443 1.8576
v -19.072 257.8443 0.4475
v -8.4336 257.8443 1.8576
v -8.4336 260.0508 -0.9627
v -19.072 257.8443 0.4475
v 8.1626 255.6379 -0.9627
v 18.801 257.8443 0.4475
v 8.1626 257.8443 1.8576
v 8.1626 257.8443 1.8576
v 18.801 257.8443 0.4475
v 8.1626 260.0508 -0.9627
v -8.4336 182.5567 -0.9627
v -8.4336 184.7632 1.8576
v -19.072 184.7632 0.4475
v -8.4336 184.7632 1.8576
v -8.4336 186.9697 -0.9627
v -19.072 184.7632 0.4475
v 8.1626 182.5567 -0.9627
v 18.801 184.7632 0.4475
v 8.1626 184.7632 1.8576
v 8.1626 184.7632 1.8576
v 18.801 184.7632 0.4475
v 8.1626 186.9697 -0.9627
v -8.4336 109.488 -0.9627
v -8.4336 111.6944 1.8576
v -19.072 111.6944 0.4475
v -8.4336 111.6944 1.8576
v -8.4336 113.901 -0.9627
v -19.072 111.6944 0.4475
v 8.1626 109.488 -0.9627
v 18.801 111.6944 0.4475
v 8.1626 111.6944 1.8576
v 8.1626 111.6944 1.8576
v 18.801 111.6944 0.4475
v 8.1626 113.901 -0.9627
v -8.4336 36.199 -0.9627
v -8.4336 38.4055 1.8576
v -19.072 38.4055 0.4475
v -8.4336 38.4055 1.8576
v -8.4336 40.6121 -0.9627
v -19.072 38.4055 0.4475
v 8.1626 36.199 -0.9627
v 18.801 38.4055 0.4475
v 8.1626 38.4055 1.8576
v 8.1626 38.4055 1.8576
v 18.801 38.4055 0.4475
v 8.1626 40.6121 -0.9627
v 33.1195 405.8153 1.8576
v 22.4811 405.8151 0.4475
v 33.1195 403.6087 -0.9627
v 33.1195 408.0217 -0.9627
v 22.4811 405.8151 0.4475
v 33.1195 405.8153 1.8576
v 49.7158 403.6087 -0.9627
v 60.3541 405.8151 0.4475
v 49.7158 405.8151 1.8576
v 49.7158 405.8151 1.8576
v 60.3541 405.8151 0.4475
v 49.7158 408.0217 -0.9627
v 33.1195 330.4891 -0.9627
v 33.1195 332.6956 1.8576
v 22.4811 332.6956 0.4475
v 33.1195 332.6956 1.8576
v 33.1195 334.9021 -0.9627
v 22.4811 332.6956 0.4475
v 49.7158 330.4891 -0.9627
v 60.3541 332.6956 0.4475
v 49.7158 332.6956 1.8576
v 49.7158 332.6956 1.8576
v 60.3541 332.6956 0.4475
v 49.7158 334.9021 -0.9627
v 33.1195 255.6379 -0.9627
v 33.1195 257.8443 1.8576
v 22.4811 257.8443 0.4475
v 33.1195 257.8443 1.8576
v 33.1195 260.0508 -0.9627
v 22.4811 257.8443 0.4475
v 49.7158 255.6379 -0.9627
v 60.3541 257.8443 0.4475
v 49.7158 257.8443 1.8576
v 49.7158 257.8443 1.8576
v 60.3541 257.8443 0.4475
v 49.7158 260.0508 -0.9627
v 33.1195 182.5567 -0.9627
v 33.1195 184.7632 1.8576
v 22.4811 184.7632 0.4475
v 33.1195 184.7632 1.8576
v 33.1195 186.9696 -0.9627
v 22.4811 184.7632 0.4475
v 49.7158 182.5565 -0.9627
v 60.3541 184.7632 0.4475
v 49.7158 184.7632 1.8576
v 49.7158 184.7632 1.8576
v 60.3541 184.7632 0.4475
v 49.7158 186.9696 -0.9627
v 33.1195 109.488 -0.9627
v 33.1195 111.6944 1.8576
v 22.4811 111.6944 0.4475
v 33.1195 111.6944 1.8576
v 33.1195 113.9009 -0.9627
v 22.4811 111.6944 0.4475
v 49.7158 109.4878 -0.9627
v 60.3541 111.6944 0.4475
v 49.7158 111.6944 1.8576
v 49.7158 111.6944 1.8576
v 60.3541 111.6944 0.4475
v 49.7158 113.9009 -0.9627
v 33.1195 36.199 -0.9627
v 33.1195 38.4055 1.8576
v 22.4811 38.4055 0.4475
v 33.1195 38.4055 1.8576
v 33.1195 40.6119 -0.9627
v 22.4811 38.4055 0.4475
v 49.7158 36.199 -0.9627
v 60.3541 38.4055 0.4474
v 49.7158 38.4055 1.8576
v 49.7158 38.4055 1.8576
v 60.3541 38.4055 0.4474
v 49.7158 40.6119 -0.9627
v 77.3128 330.4891 -0.9627
v 77.3128 332.6956 1.8576
v 66.6744 332.6956 0.4475
v 77.3128 332.6956 1.8576
v 77.3128 334.9021 -0.9627
v 66.6744 332.6956 0.4475
v 93.909 330.4891 -0.9627
v 104.5474 332.6956 0.4475
v 93.909 332.6956 1.8576
v 93.909 332.6956 1.8576
v 104.5474 332.6956 0.4475
v 93.909 334.9021 -0.9627
v 77.3128 255.6379 -0.9627
v 77.3128 257.8443 1.8576
v 66.6744 257.8443 0.4475
v 77.3128 257.8443 1.8576
v 77.3128 260.0508 -0.9627
v 66.6744 257.8443 0.4475
v 93.909 255.6379 -0.9627
v 104.5474 257.8443 0.4475
v 93.909 257.8443 1.8576
v 93.909 257.8443 1.8576
v 104.5474 257.8443 0.4475
v 93.909 260.0508 -0.9627
v 77.3128 182.5565 -0.9627
v 77.3128 184.7632 1.8576
v 66.6744 184.7632 0.4475
v 77.3128 184.7632 1.8576
v 77.3128 186.9696 -0.9627
v 66.6744 184.7632 0.4475
v 93.909 182.5565 -0.9627
v 104.5474 184.7632 0.4475
v 93.909 184.7632 1.8576
v 93.909 184.7632 1.8576
v 104.5474 184.7632 0.4475
v 93.909 186.9696 -0.9627
v 77.3128 109.4878 -0.9627
v 77.3128 111.6944 1.8576
v 66.6744 111.6944 0.4475
v 77.3128 111.6944 1.8576
v 77.3128 113.9009 -0.9627
v 66.6744 111.6944 0.4475
v 93.909 109.4878 -0.9627
v 104.5474 111.6944 0.4474
v 93.909 111.6944 1.8576
v 93.909 111.6944 1.8576
v 104.5474 111.6944 0.4474
v 93.909 113.9009 -0.9627
v 77.3128 36.199 -0.9627
v 77.3128 38.4055 1.8576
v 66.6744 38.4055 0.4475
v 77.3128 38.4055 1.8576
v 77.3128 40.6119 -0.9627
v 66.6744 38.4055 0.4475
v 93.909 36.199 -0.9627
v 104.5474 38.4055 0.4474
v 93.909 38.4055 1.8576
v 93.909 38.4055 1.8576
v 104.5474 38.4055 0.4474
v 93.909 40.6119 -0.9627
v 120.6623 255.6379 -0.9627
v 120.6623 257.8443 1.8576
v 110.0239 257.8443 0.4475
v 120.6623 257.8443 1.8576
v 120.6623 260.0508 -0.9627
v 110.0239 257.8443 0.4475
v 137.2586 255.6379 -0.9627
v 147.8969 257.8443 0.4475
v 137.2586 257.8443 1.8576
v 137.2586 257.8443 1.8576
v 147.8969 257.8443 0.4475
v 137.2586 260.0508 -0.9627
v 120.6623 182.5565 -0.9627
v 120.6623 184.7632 1.8576
v 110.0239 184.7632 0.4475
v 120.6623 184.7632 1.8576
v 120.6623 186.9696 -0.9627
v 110.0239 184.7632 0.4475
v 137.2586 182.5565 -0.9627
v 147.8969 184.7632 0.4475
v 137.2586 184.7632 1.8576
v 137.2586 184.7632 1.8576
v 147.8969 184.7632 0.4475
v 137.2586 186.9696 -0.9627
v 120.6623 109.4878 -0.9627
v 120.6623 111.6944 1.8576
v 110.0239 111.6944 0.4475
v 120.6623 111.6944 1.8576
v 120.6623 113.9007 -0.9627
v 110.0239 111.6944 0.4475
v 137.2586 109.4878 -0.9627
v 147.8969 111.6944 0.4474
v 137.2586 111.6944 1.8576
v 137.2586 111.6944 1.8576
v 147.8969 111.6944 0.4474
v 137.2586 113.9007 -0.9627
v 120.6623 36.199 -0.9627
v 120.6623 38.4055 1.8576
v 110.0239 38.4055 0.4475
v 120.6623 38.4055 1.8576
v 120.6623 40.6119 -0.9627
v 110.0239 38.4055 0.4475
v 137.2586 36.199 -0.9627
v 147.8969 38.4055 0.4474
v 137.2586 38.4055 1.8576
v 137.2586 38.4055 1.8576
v 147.8969 38.4055 0.4474
v 137.2586 40.6119 -0.9627
v 164.0372 182.5565 -0.9627
v 164.0372 184.7632 1.8576
v 153.3988 184.7632 0.4475
v 164.0372 184.7632 1.8576
v 164.0372 186.9696 -0.9627
v 153.3988 184.7632 0.4475
v 180.6334 182.5565 -0.9627
v 191.2718 184.7632 0.4474
v 180.6334 184.7632 1.8576
v 180.6334 184.7632 1.8576
v 191.2718 184.7632 0.4474
v 180.6334 186.9696 -0.9627
v 164.0372 109.4878 -0.9627
v 164.0372 111.6944 1.8576
v 153.3988 111.6944 0.4475
v 164.0372 111.6944 1.8576
v 164.0372 113.9007 -0.9627
v 153.3988 111.6944 0.4475
v 180.6334 109.4878 -0.9627
v 191.2718 111.6944 0.4474
v 180.6334 111.6944 1.8576
v 180.6334 111.6944 1.8576
v 191.2718 111.6944 0.4474
v 180.6334 113.9007 -0.9627
v 164.0372 36.199 -0.9627
v 164.0372 38.4055 1.8576
v 153.3988 38.4055 0.4474
v 164.0372 38.4055 1.8576
v 164.0372 40.6119 -0.9627
v 153.3988 38.4055 0.4474
v 180.6334 36.199 -0.9627
v 191.2718 38.4055 0.4474
v 180.6334 38.4055 1.8576
v 180.6334 38.4055 1.8576
v 191.2718 38.4055 0.4474
v 180.6334 40.6119 -0.9627
v 206.893 182.5565 -0.9627
v 206.893 184.7632 1.8576
v 196.2547 184.7632 0.4475
v 206.893 184.7632 1.8576
v 206.893 186.9696 -0.9627
v 196.2547 184.7632 0.4475
v 223.4894 182.5565 -0.9627
v 234.1277 184.7632 0.4474
v 223.4894 184.7632 1.8576
v 223.4894 184.7632 1.8576
v 234.1277 184.7632 0.4474
v 223.4894 186.9696 -0.9627
v 206.893 109.4878 -0.9627
v 206.893 111.6944 1.8576
v 196.2547 111.6944 0.4474
v 206.893 111.6944 1.8576
v 206.893 113.9007 -0.9627
v 196.2547 111.6944 0.4474
v 223.4894 109.4878 -0.9627
v 234.1277 111.6944 0.4474
v 223.4894 111.6944 1.8576
v 223.4894 111.6944 1.8576
v 234.1277 111.6944 0.4474
v 223.4894 113.9007 -0.9627
v 206.893 36.199 -0.9627
v 206.893 38.4055 1.8576
v 196.2547 38.4055 0.4474
v 206.893 38.4055 1.8576
v 206.893 40.6119 -0.9627
v 196.2547 38.4055 0.4474
v 234.1277 38.4055 0.4474
v 223.4894 38.4055 1.8576
v 223.4894 36.199 -0.9627
v 234.1277 38.4055 0.4474
v 223.4894 40.6119 -0.9627
v 223.4894 38.4055 1.8576
v 215.2595 291.6613 1.7628
v 215.2595 293.3241 0.5001
v -217.0975 293.3241 0.5003
v -217.0975 291.6613 1.7628
v 215.2595 289.9985 0.5001
v 215.2595 291.6613 1.7628
v -217.0975 291.6613 1.7628
v -217.0975 289.9985 0.5003
v 214.615 220.315 1.7628
v 214.615 221.9779 0.5001
v -217.0975 221.9779 0.5003
v -217.0975 220.315 1.7628
v 214.615 218.6522 0.5001
v 214.615 220.315 1.7628
v -217.0975 220.315 1.7628
v -217.0975 218.6522 0.5003
v 214.615 147.1881 1.7628
v 214.615 148.851 0.5001
v -217.0975 148.851 0.5003
v -217.0975 147.1881 1.7628
v 214.615 145.5255 0.5003
v 214.615 147.1881 1.7628
v -217.0975 147.1881 1.7628
v -217.0975 145.5255 0.5003
v 214.615 71.9999 1.7628
v 214.615 73.6627 0.5003
v -217.0975 73.6627 0.5003
v -217.0975 71.9999 1.7628
v 214.615 70.337 0.5003
v 214.615 71.9999 1.7628
v -217.0975 71.9999 1.7628
v -217.0975 70.3372 0.5003
v 85.6355 366.9702 1.7628
v 85.6355 368.6331 0.5001
v -85.2186 368.6331 0.5003
v -85.2186 366.9702 1.7628
v 85.6355 365.3073 0.5003
v 85.6355 366.9702 1.7628
v -85.2186 366.9702 1.7628
v -85.2186 365.3073 0.5003
v 42.1066 442.5209 1.7628
v 42.1066 444.1837 0.5001
v -40.9372 444.1837 0.5003
v -40.9372 442.5209 1.7628
v 42.1066 440.858 0.5001
v 42.1066 442.5209 1.7628
v -40.9372 442.5209 1.7628
v -40.9372 440.858 0.5003
vn 0 -0.113197 0.993573
vn 0 -0.113197 0.993573
vn 0 0.058101 0.998311
vn 0.987978 -0.154597 -0
vn 0.987978 -0.154597 -0
vn 0.997008 0.077301 -0
vn -0.997008 0.077301 -0
vn -0.987978 -0.154597 -0
vn -0.987978 -0.154597 -0
vn 0 -0.204206 0.978928
vn 0 -0.203207 0.979136
vn -0.929027 -0.370011 -0
vn -0.929076 -0.36989 -0.0002
vn 0.931824 -0.36291 -0
vn 0.931791 -0.362996 -0.0001
vn 0 -0.001 1
vn 0 -0.001 1
vn -0.987944 -0.154807 -0.0008
vn -0.988023 -0.154304 -0.0013
vn 0.98921 -0.146502 -0.0005
vn 0.989167 -0.146795 -0.0009
vn 0 0 1
vn 0 0 1
vn 0 0 1
vn 0 0 1
vn -0.849114 -0.528209 0.0003
vn -0.84907 -0.528281 0.0004
vn -0.961528 -0.274708 0.0001
vn -0.961562 -0.274589 -0
vn 0.961528 -0.274708 -0
vn 1 0 -0
vn 1 0 -0
vn 0.961528 -0.274708 -0
vn 0.587511 0.809215 -0.0015
vn 0.588609 0.808413 -0.0029
vn 0.587398 0.809297 -0.0014
vn 0.586363 0.810049 -0
vn -1 0 -0
vn -1 0 -0
vn 0.84907 -0.528281 -0
vn 0.849042 -0.528326 -0
vn -0.588028 0.808839 -0.0016
vn -0.589194 0.807992 -0
vn -0.587981 0.808873 -0.0017
vn -0.586699 0.809799 -0.0033
vn 0.999998 0.002 -0.0008
vn 0.999999 0.0012 -0.0013
vn -0.999998 0.0016 -0.0012
vn -0.999994 0.0028 -0.0019
vn 0 -0.0009 1
vn 0 -0.0009 1
vn 0 -0.0009 1
vn 0 -0.0009 1
vn 0 0 1
vn 0 0 1
vn 0 0 1
vn 0 0 1
vn 0 0 1
vn 0 0 1
vn -0.85148 -0.524388 0.0003
vn -0.851408 -0.524505 0.0005
vn -0.962159 -0.272488 0.0001
vn -0.962185 -0.272396 -0
vn 0.962125 -0.272607 0.0001
vn 0.961501 0.2748 -0
vn 0.961528 0.274708 -0.0002
vn 0.962125 -0.272607 -0
vn 0.849187 0.528092 -0.0008
vn 0.849304 0.527903 -0.0012
vn -0.961528 0.274708 -0.0001
vn -0.961562 0.274589 -0
vn 0.85148 -0.524388 0.0003
vn 0.851524 -0.524315 0.0005
vn -0.848997 0.528398 -0.0005
vn -0.848924 0.528515 -0.0007
vn 0 0 1
vn 0 0 1
vn 0 0 1
vn 0 0 1
vn 0 0 1
vn 0 0 1
vn 0 0 1
vn 0 0 1
vn -0.849114 -0.528209 0.0003
vn -0.84907 -0.528281 0.0005
vn -0.961528 -0.274708 0.0001
vn -0.961562 -0.274589 -0
vn 0.961528 -0.274708 0.0001
vn 0.962125 0.272607 -0
vn 0.962152 0.272515 -0.0001
vn 0.961501 -0.2748 -0
vn 0.851524 0.524315 -0.0004
vn 0.851596 0.524198 -0.0006
vn -0.962159 0.272488 -0.0001
vn -0.962185 0.272396 -0
vn 0.84907 -0.528281 0.0003
vn 0.849114 -0.528209 0.0005
vn -0.851408 0.524505 -0.0004
vn -0.851335 0.524622 -0.0007
vn 0 0 1
vn 0 0 1
vn 0 0 1
vn 0 0 1
vn 0 0 1
vn 0 0 1
vn 0 0 1
vn 0 0 1
vn -0.849114 -0.528209 0.0003
vn -0.84907 -0.528281 0.0005
vn -0.961528 -0.274708 0.0001
vn -0.961562 -0.274589 -0
vn 0.961528 -0.274708 0.0001
vn 0.961501 0.2748 -0
vn 0.961528 0.274708 -0.0001
vn 0.961501 -0.2748 -0
vn 0.849187 0.528092 -0.0004
vn 0.849232 0.52802 -0.0006
vn -0.961528 0.274708 -0.0001
vn -0.961562 0.274589 -0
vn 0.849114 -0.528209 0.0003
vn 0.849187 -0.528092 0.0005
vn -0.848997 0.528398 -0.0004
vn -0.848924 0.528515 -0.0007
vn 0 0 1
vn 0 0 1
vn 0 0 1
vn 0 0 1
vn 0 0 1
vn 0 0 1
vn 0 0 1
vn 0 0 1
vn -0.849114 -0.528209 0.0003
vn -0.84907 -0.528281 0.0005
vn -0.961528 -0.274708 0.0001
vn -0.961562 -0.274589 -0
vn 0.961528 -0.274708 0.0001
vn 0.961528 0.274708 -0
vn 0.961528 0.274708 -0.0001
vn 0.961501 -0.2748 -0
vn 0.849187 0.528092 -0.0004
vn 0.84926 0.527975 -0.0007
vn -0.961528 0.274708 -0.0001
vn -0.961562 0.274589 -0
vn 0.84907 -0.528281 0.0004
vn 0.849114 -0.528209 0.0006
vn -0.848997 0.528398 -0.0004
vn -0.848924 0.528515 -0.0007
vn 0 0 1
vn 0 0 1
vn 0 0 1
vn 0 0 1
vn 0 0 1
vn 0 0 1
vn 0 0 1
vn 0 0 1
vn -0.849114 -0.528209 -0.0002
vn -0.849187 -0.528092 -0.0003
vn -0.961528 -0.274708 -0.0001
vn -0.961528 -0.274708 -0
vn 0.961528 -0.274708 -0
vn 0.961501 0.2748 -0
vn 0.961528 0.274708 -0.0001
vn 0.961528 -0.274708 -0
vn 0.849187 0.528092 -0.0004
vn 0.849232 0.52802 -0.0006
vn -0.961528 0.274708 -0.0001
vn -0.961562 0.274589 -0
vn 0.84907 -0.528281 -0
vn 0.849042 -0.528326 -0
vn -0.848997 0.528398 -0.0004
vn -0.848924 0.528515 -0.0007
vn 0 0 1
vn 0 0 1
vn 0 0 1
vn 0 0 1
vn 0 -0.1138 0.993504
vn 0 -0.1138 0.993504
vn 0 0.056799 0.998386
vn 0.98785 -0.155408 -0
vn 0.98785 -0.155408 -0
vn 0.997146 0.075503 -0
vn -0.997146 0.075503 -0
vn -0.98785 -0.155408 -0
vn -0.98785 -0.155408 -0
vn 0 -0.204206 0.978928
vn 0 -0.203207 0.979136
vn -0.929027 -0.370011 -0
vn -0.929076 -0.36989 -0.0002
vn 0.931824 -0.36291 -0
vn 0.931791 -0.362996 -0.0001
vn 0 -0.001 1
vn 0 -0.001 1
vn -0.987944 -0.154807 -0.0008
vn -0.988023 -0.154304 -0.0013
vn 0.989225 -0.146404 -0.0005
vn 0.989167 -0.146795 -0.0009
vn 0 0 1
vn 0 0 1
vn 0 0 1
vn 0 0 1
vn -0.849114 -0.528209 0.0002
vn -0.84907 -0.528281 0.0004
vn -0.961528 -0.274708 0.0001
vn -0.961562 -0.274589 -0
vn 0.961528 -0.274708 -0
vn 1 0 -0
vn 1 0 -0
vn 0.961528 -0.274708 -0
vn 0.587511 0.809215 -0.0015
vn 0.588609 0.808413 -0.0029
vn 0.587398 0.809297 -0.0014
vn 0.58641 0.810014 -0
vn -1 0 -0
vn -1 0 -0
vn 0.84907 -0.528281 -0
vn 0.849042 -0.528326 -0
vn -0.588028 0.808839 -0.0016
vn -0.589194 0.807992 -0
vn -0.587915 0.808921 -0.0017
vn -0.586699 0.809799 -0.0033
vn 0.999998 0.002 -0.0008
vn 0.999999 0.0012 -0.0013
vn -0.999998 0.0016 -0.0013
vn -0.999994 0.0028 -0.0019
vn 0 -0.0009 1
vn 0 -0.0009 1
vn 0 -0.0009 1
vn 0 -0.0009 1
vn 0 0 1
vn 0 0 1
vn 0 0 1
vn 0 0 1
vn 0 0 1
vn 0 0 1
vn -0.85148 -0.524388 0.0003
vn -0.851408 -0.524505 0.0005
vn -0.962159 -0.272488 0.0001
vn -0.962185 -0.272396 -0
vn 0.962152 -0.272515 0.0001
vn 0.961501 0.2748 -0
vn 0.961528 0.274708 -0.0002
vn 0.962125 -0.272607 -0
vn 0.849187 0.528092 -0.0007
vn 0.849304 0.527903 -0.0012
vn -0.961528 0.274708 -0.0001
vn -0.961562 0.274589 -0
vn 0.85148 -0.524388 0.0003
vn 0.851524 -0.524315 0.0005
vn -0.848997 0.528398 -0.0005
vn -0.848924 0.528515 -0.0007
vn 0 0 1
vn 0 0 1
vn 0 0 1
vn 0 0 1
vn 0 0 1
vn 0 0 1
vn 0 0 1
vn 0 0 1
vn -0.849114 -0.528209 0.0003
vn -0.84907 -0.528281 0.0004
vn -0.961528 -0.274708 0.0001
vn -0.961562 -0.274589 -0
vn 0.961528 -0.274708 0.0001
vn 0.962125 0.272607 -0
vn 0.962152 0.272515 -0.0001
vn 0.961501 -0.2748 -0
vn 0.851524 0.524315 -0.0004
vn 0.851596 0.524198 -0.0007
vn -0.962159 0.272488 -0.0001
vn -0.962185 0.272396 -0
vn 0.84907 -0.528281 0.0003
vn 0.849114 -0.528209 0.0005
vn -0.851408 0.524505 -0.0005
vn -0.851335 0.524622 -0.0007
vn 0 0 1
vn 0 0 1
vn 0 0 1
vn 0 0 1
vn 0 0 1
vn 0 0 1
vn 0 0 1
vn 0 0 1
vn -0.849114 -0.528209 0.0003
vn -0.84907 -0.528281 0.0005
vn -0.961554 -0.274616 0.0001
vn -0.961562 -0.274589 -0
vn 0.961528 -0.274708 0.0001
vn 0.961501 0.2748 -0
vn 0.961528 0.274708 -0.0001
vn 0.961528 -0.274708 -0
vn 0.849187 0.528092 -0.0004
vn 0.849232 0.52802 -0.0006
vn -0.961528 0.274708 -0.0001
vn -0.961562 0.274589 -0
vn 0.849114 -0.528209 0.0003
vn 0.849187 -0.528092 0.0005
vn -0.848997 0.528398 -0.0004
vn -0.848924 0.528515 -0.0007
vn 0 0 1
vn 0 0 1
vn 0 0 1
vn 0 0 1
vn 0 0 1
vn 0 0 1
vn 0 0 1
vn 0 0 1
vn -0.849114 -0.528209 0.0003
vn -0.84907 -0.528281 0.0004
vn -0.961528 -0.274708 0.0001
vn -0.961562 -0.274589 -0
vn 0.961528 -0.274708 0.0001
vn 0.961528 0.274708 -0
vn 0.961528 0.274708 -0.0001
vn 0.961501 -0.2748 -0
vn 0.849187 0.528092 -0.0004
vn 0.84926 0.527975 -0.0007
vn -0.961528 0.274708 -0.0001
vn -0.961562 0.274589 -0
vn 0.84907 -0.528281 0.0004
vn 0.849114 -0.528209 0.0006
vn -0.848997 0.528398 -0.0005
vn -0.848924 0.528515 -0.0007
vn 0 0 1
vn 0 0 1
vn 0 0 1
vn 0 0 1
vn 0 -0.120896 0.992665
vn 0 -0.120896 0.992665
vn 0 0.042101 0.999113
vn 0.98631 -0.164902 -0
vn 0.98631 -0.164902 -0
vn 0.998431 0.056002 -0
vn -0.998431 0.056002 -0
vn -0.98631 -0.164902 -0
vn -0.98631 -0.164902 -0
vn 0 -0.204206 0.978928
vn 0 -0.203207 0.979136
vn -0.929027 -0.370011 -0
vn -0.929076 -0.36989 -0.0002
vn 0.931824 -0.36291 -0
vn 0.931791 -0.362996 -0.0001
vn 0 -0.001 1
vn 0 -0.001 1
vn -0.987945 -0.154807 -0.0007
vn -0.988023 -0.154304 -0.0013
vn 0.989225 -0.146404 -0.0005
vn 0.989167 -0.146795 -0.0009
vn 0 0 1
vn 0 0 1
vn 0 0 1
vn 0 0 1
vn -0.849114 -0.528209 0.0003
vn -0.84907 -0.528281 0.0004
vn -0.961528 -0.274708 0.0001
vn -0.961562 -0.274589 -0
vn 0.961528 -0.274708 -0
vn 1 0 -0
vn 1 0 -0
vn 0.961528 -0.274708 -0
vn 0.587511 0.809215 -0.0015
vn 0.588609 0.808413 -0.0029
vn 0.587398 0.809297 -0.0014
vn 0.586363 0.810049 -0
vn -1 0 -0
vn -1 0 -0
vn 0.849042 -0.528326 -0
vn 0.849042 -0.528326 -0
vn -0.588028 0.808839 -0.0016
vn -0.589194 0.807992 -0
vn -0.587915 0.808921 -0.0017
vn -0.586699 0.809799 -0.0033
vn 0.999998 0.002 -0.0008
vn 0.999999 0.0012 -0.0013
vn -0.999998 0.0016 -0.0012
vn -0.999994 0.0028 -0.0019
vn 0 -0.0009 1
vn 0 -0.0009 1
vn 0 -0.0009 1
vn 0 -0.0009 1
vn 0 0 1
vn 0 0 1
vn 0 0 1
vn 0 0 1
vn 0 0 1
vn 0 0 1
vn -0.85148 -0.524388 0.0003
vn -0.851408 -0.524505 0.0004
vn -0.962159 -0.272488 0.0001
vn -0.962185 -0.272396 -0
vn 0.962125 -0.272607 0.0001
vn 0.961501 0.2748 -0
vn 0.961528 0.274708 -0.0002
vn 0.962125 -0.272607 -0
vn 0.849187 0.528092 -0.0008
vn 0.849304 0.527903 -0.0012
vn -0.961528 0.274708 -0.0001
vn -0.961562 0.274589 -0
vn 0.85148 -0.524388 0.0003
vn 0.851524 -0.524315 0.0005
vn -0.848997 0.528398 -0.0005
vn -0.848924 0.528515 -0.0007
vn 0 0 1
vn 0 0 1
vn 0 0 1
vn 0 0 1
vn 0 0 1
vn 0 0 1
vn 0 0 1
vn 0 0 1
vn -0.849114 -0.528209 0.0003
vn -0.84907 -0.528281 0.0004
vn -0.961528 -0.274708 0.0001
vn -0.961562 -0.274589 -0
vn 0.961528 -0.274708 0.0001
vn 0.962125 0.272607 -0
vn 0.962152 0.272515 -0.0001
vn 0.961501 -0.2748 -0
vn 0.851524 0.524315 -0.0004
vn 0.851596 0.524198 -0.0006
vn -0.962159 0.272488 -0.0001
vn -0.962185 0.272396 -0
vn 0.84907 -0.528281 0.0003
vn 0.849114 -0.528209 0.0005
vn -0.851408 0.524505 -0.0004
vn -0.851335 0.524622 -0.0007
vn 0 0 1
vn 0 0 1
vn 0 0 1
vn 0 0 1
vn 0 0 1
vn 0 0 1
vn 0 0 1
vn 0 0 1
vn -0.849114 -0.528209 0.0003
vn -0.849042 -0.528326 0.0005
vn -0.961528 -0.274708 0.0001
vn -0.961562 -0.274589 -0
vn 0.961528 -0.274708 0.0001
vn 0.961501 0.2748 -0
vn 0.961528 0.274708 -0.0001
vn 0.961528 -0.274708 -0
vn 0.849187 0.528092 -0.0004
vn 0.849232 0.52802 -0.0006
vn -0.961528 0.274708 -0.0001
vn -0.961562 0.274589 -0
vn 0.849114 -0.528209 0.0003
vn 0.849187 -0.528092 0.0005
vn -0.848997 0.528398 -0.0004
vn -0.848924 0.528515 -0.0007
vn 0 0 1
vn 0 0 1
vn 0 0 1
vn 0 0 1
vn 0 -0.120896 0.992665
vn 0 -0.120896 0.992665
vn 0 0.042101 0.999113
vn 0.986326 -0.164804 -0
vn 0.986326 -0.164804 -0
vn 0.998431 0.056002 -0
vn -0.998431 0.056002 -0
vn -0.98631 -0.164902 -0
vn -0.98631 -0.164902 -0
vn 0 -0.204206 0.978928
vn 0 -0.203207 0.979136
vn -0.929027 -0.370011 -0
vn -0.929076 -0.36989 -0.0002
vn 0.931824 -0.36291 -0
vn 0.931791 -0.362996 -0.0001
vn 0 -0.001 1
vn 0 -0.001 1
vn -0.987944 -0.154807 -0.0008
vn -0.988023 -0.154304 -0.0013
vn 0.98921 -0.146502 -0.0005
vn 0.989167 -0.146795 -0.0009
vn 0 0 1
vn 0 0 1
vn 0 0 1
vn 0 0 1
vn -0.849114 -0.528209 0.0002
vn -0.84907 -0.528281 0.0004
vn -0.961528 -0.274708 0.0001
vn -0.961562 -0.274589 -0
vn 0.961528 -0.274708 -0
vn 1 0 -0
vn 1 0 -0
vn 0.961528 -0.274708 -0
vn 0.587511 0.809215 -0.0015
vn 0.588609 0.808413 -0.0029
vn 0.587398 0.809297 -0.0014
vn 0.586363 0.810049 -0
vn -1 0 -0
vn -1 0 -0
vn 0.84907 -0.528281 -0
vn 0.849042 -0.528326 -0
vn -0.588028 0.808839 -0.0016
vn -0.589194 0.807992 -0
vn -0.587915 0.808921 -0.0017
vn -0.586699 0.809799 -0.0033
vn 0.999998 0.002 -0.0008
vn 0.999999 0.0012 -0.0013
vn -0.999998 0.0016 -0.0012
vn -0.999994 0.0028 -0.0019
vn 0 -0.0009 1
vn 0 -0.0009 1
vn 0 -0.0009 1
vn 0 -0.0009 1
vn 0 0 1
vn 0 0 1
vn 0 0 1
vn 0 0 1
vn 0 0 1
vn 0 0 1
vn -0.85148 -0.524388 0.0003
vn -0.851408 -0.524505 0.0005
vn -0.962159 -0.272488 0.0001
vn -0.962185 -0.272396 -0
vn 0.962152 -0.272515 0.0001
vn 0.961501 0.2748 -0
vn 0.961528 0.274708 -0.0002
vn 0.962125 -0.272607 -0
vn 0.849187 0.528092 -0.0008
vn 0.849304 0.527903 -0.0012
vn -0.961528 0.274708 -0.0001
vn -0.961562 0.274589 -0
vn 0.85148 -0.524388 0.0003
vn 0.851524 -0.524315 0.0005
vn -0.848997 0.528398 -0.0005
vn -0.848924 0.528515 -0.0007
vn 0 0 1
vn 0 0 1
vn 0 0 1
vn 0 0 1
vn 0 0 1
vn 0 0 1
vn 0 0 1
vn 0 0 1
vn -0.849114 -0.528209 0.0003
vn -0.84907 -0.528281 0.0004
vn -0.961528 -0.274708 0.0001
vn -0.961562 -0.274589 -0
vn 0.961528 -0.274708 0.0001
vn 0.962125 0.272607 -0
vn 0.962152 0.272515 -0.0001
vn 0.961501 -0.2748 -0
vn 0.851524 0.524315 -0.0004
vn 0.851596 0.524198 -0.0006
vn -0.962159 0.272488 -0.0001
vn -0.962185 0.272396 -0
vn 0.84907 -0.528281 0.0003
vn 0.849114 -0.528209 0.0005
vn -0.851408 0.524505 -0.0004
vn -0.851335 0.524622 -0.0007
vn 0 0 1
vn 0 0 1
vn 0 0 1
vn 0 0 1
vn 0 -0.112703 0.993629
vn 0 -0.112703 0.993629
vn 0 0.059203 0.998246
vn 0.988087 -0.153898 -0
vn 0.988087 -0.153898 -0
vn 0.996906 0.0786 -0
vn -0.996906 0.0786 -0
vn -0.988087 -0.153898 -0
vn -0.988087 -0.153898 -0
vn 0 -0.204206 0.978928
vn 0 -0.203207 0.979136
vn -0.929027 -0.370011 -0
vn -0.929076 -0.36989 -0.0002
vn 0.931824 -0.36291 -0
vn 0.931791 -0.362996 -0.0001
vn 0 -0.001 1
vn 0 -0.001 1
vn -0.987944 -0.154807 -0.0008
vn -0.988023 -0.154304 -0.0013
vn 0.989225 -0.146404 -0.0005
vn 0.989167 -0.146795 -0.0009
vn 0 0 1
vn 0 0 1
vn 0 0 1
vn 0 0 1
vn -0.849114 -0.528209 0.0003
vn -0.84907 -0.528281 0.0004
vn -0.961528 -0.274708 0.0001
vn -0.961562 -0.274589 -0
vn 0.961528 -0.274708 -0
vn 1 0 -0
vn 1 0 -0
vn 0.961528 -0.274708 -0
vn 0.587511 0.809215 -0.0015
vn 0.588609 0.808413 -0.0029
vn 0.587398 0.809297 -0.0014
vn 0.586363 0.810049 -0
vn -1 0 -0
vn -1 0 -0
vn 0.849042 -0.528326 -0
vn 0.849042 -0.528326 -0
vn -0.588028 0.808839 -0.0016
vn -0.589194 0.807992 -0
vn -0.587915 0.808921 -0.0017
vn -0.586699 0.809799 -0.0033
vn 0.999998 0.002 -0.0008
vn 0.999999 0.0012 -0.0013
vn -0.999998 0.0016 -0.0012
vn -0.999995 0.0027 -0.0019
vn 0 -0.0009 1
vn 0 -0.0009 1
vn 0 -0.0009 1
vn 0 -0.0009 1
vn 0 0 1
vn 0 0 1
vn 0 0 1
vn 0 0 1
vn 0 0 1
vn 0 0 1
vn -0.85148 -0.524388 0.0003
vn -0.851408 -0.524505 0.0005
vn -0.962159 -0.272488 0.0001
vn -0.962185 -0.272396 -0
vn 0.962125 -0.272607 0.0001
vn 0.961501 0.2748 -0
vn 0.961528 0.274708 -0.0002
vn 0.962125 -0.272607 -0
vn 0.849187 0.528092 -0.0008
vn 0.849304 0.527903 -0.0012
vn -0.961528 0.274708 -0.0001
vn -0.961562 0.274589 -0
vn 0.85148 -0.524388 0.0003
vn 0.851524 -0.524315 0.0005
vn -0.848997 0.528398 -0.0005
vn -0.848924 0.528515 -0.0007
vn 0 0 1
vn 0 0 1
vn 0 0 1
vn 0 0 1
vn 0 0 1
vn 0 0 1
vn 0 0 1
vn 0 0 1
vn -0.849114 -0.528209 0.0003
vn -0.84907 -0.528281 0.0004
vn -0.961528 -0.274708 0.0001
vn -0.961562 -0.274589 -0
vn 0.961528 -0.274708 0.0001
vn 0.962125 0.272607 -0
vn 0.962152 0.272515 -0.0001
vn 0.961501 -0.2748 -0
vn 0.851524 0.524315 -0.0004
vn 0.851596 0.524198 -0.0006
vn -0.962159 0.272488 -0.0001
vn -0.962185 0.272396 -0
vn 0.84907 -0.528281 0.0003
vn 0.849114 -0.528209 0.0005
vn -0.851408 0.524505 -0.0004
vn -0.851335 0.524622 -0.0007
vn 0 0 1
vn 0 0 1
vn 0 0 1
vn 0 0 1
vn 0 -0.113197 0.993573
vn 0 0.058101 0.998311
vn 0 -0.113197 0.993573
vn -0.987978 -0.154597 -0
vn -0.997008 0.077301 -0
vn -0.987978 -0.154597 -0
vn 0.997008 0.077301 -0
vn 0.987978 -0.154597 -0
vn 0.987978 -0.154597 -0
vn 0 -0.203207 0.979136
vn 0 -0.204206 0.978928
vn 0.929076 -0.36989 -0.0002
vn 0.929027 -0.370011 -0
vn -0.931791 -0.362996 -0.0001
vn -0.931824 -0.36291 -0
vn 0 -0.001 1
vn 0 -0.001 1
vn 0.988023 -0.154304 -0.0013
vn 0.987945 -0.154807 -0.0007
vn -0.989167 -0.146795 -0.0009
vn -0.98921 -0.146502 -0.0005
vn 0 0 1
vn 0 0 1
vn 0 0 1
vn 0 0 1
vn 0.849114 -0.528209 0.0003
vn 0.961562 -0.274589 -0
vn 0.961528 -0.274708 0.0001
vn 0.84907 -0.528281 0.0004
vn -0.961528 -0.274708 -0
vn -0.961528 -0.274708 -0
vn -1 0 -0
vn -1 0 -0
vn -0.587511 0.809215 -0.0015
vn -0.586363 0.810049 -0
vn -0.587398 0.809297 -0.0014
vn -0.588609 0.808413 -0.0029
vn 1 0 -0
vn 1 0 -0
vn -0.849042 -0.528326 -0
vn -0.849042 -0.528326 -0
vn 0.588028 0.808839 -0.0016
vn 0.586699 0.809799 -0.0033
vn 0.587915 0.808921 -0.0017
vn 0.589194 0.807992 -0
vn -0.999998 0.002 -0.0009
vn -0.999999 0.0012 -0.0013
vn 0.999998 0.0016 -0.0012
vn 0.999994 0.0028 -0.0019
vn 0 -0.0009 1
vn 0 -0.0009 1
vn 0 -0.0009 1
vn 0 -0.0009 1
vn 0 0 1
vn 0 0 1
vn 0 0 1
vn 0 0 1
vn 0 0 1
vn 0 0 1
vn 0.85148 -0.524388 0.0003
vn 0.962185 -0.272396 -0
vn 0.962159 -0.272488 0.0001
vn 0.851408 -0.524505 0.0005
vn -0.962125 -0.272607 0.0001
vn -0.962125 -0.272607 -0
vn -0.961528 0.274708 -0.0002
vn -0.961501 0.2748 -0
vn -0.849187 0.528092 -0.0008
vn -0.849304 0.527903 -0.0012
vn 0.961528 0.274708 -0.0001
vn 0.961562 0.274589 -0
vn -0.851524 -0.524315 0.0005
vn -0.85148 -0.524388 0.0003
vn 0.848924 0.528515 -0.0007
vn 0.848997 0.528398 -0.0005
vn 0 0 1
vn 0 0 1
vn 0 0 1
vn 0 0 1
vn 0 0 1
vn 0 0 1
vn 0 0 1
vn 0 0 1
vn 0.849114 -0.528209 0.0003
vn 0.961562 -0.274589 -0
vn 0.961528 -0.274708 0.0001
vn 0.84907 -0.528281 0.0005
vn -0.961528 -0.274708 0.0001
vn -0.961501 -0.2748 -0
vn -0.962152 0.272515 -0.0001
vn -0.962125 0.272607 -0
vn -0.851524 0.524315 -0.0004
vn -0.851596 0.524198 -0.0006
vn 0.962159 0.272488 -0.0001
vn 0.962185 0.272396 -0
vn -0.849114 -0.528209 0.0005
vn -0.84907 -0.528281 0.0003
vn 0.851335 0.524622 -0.0007
vn 0.851408 0.524505 -0.0004
vn 0 0 1
vn 0 0 1
vn 0 0 1
vn 0 0 1
vn 0 0 1
vn 0 0 1
vn 0 0 1
vn 0 0 1
vn 0.849114 -0.528209 0.0003
vn 0.961562 -0.274589 -0
vn 0.961528 -0.274708 0.0001
vn 0.84907 -0.528281 0.0005
vn -0.961528 -0.274708 0.0001
vn -0.961501 -0.2748 -0
vn -0.961528 0.274708 -0.0001
vn -0.961501 0.2748 -0
vn -0.849187 0.528092 -0.0004
vn -0.849232 0.52802 -0.0006
vn 0.961528 0.274708 -0.0001
vn 0.961562 0.274589 -0
vn -0.849187 -0.528092 0.0005
vn -0.849114 -0.528209 0.0003
vn 0.848924 0.528515 -0.0007
vn 0.848997 0.528398 -0.0004
vn 0 0 1
vn 0 0 1
vn 0 0 1
vn 0 0 1
vn 0 0 1
vn 0 0 1
vn 0 0 1
vn 0 0 1
vn 0.849114 -0.528209 0.0003
vn 0.961562 -0.274589 -0
vn 0.961528 -0.274708 0.0001
vn 0.84907 -0.528281 0.0005
vn -0.961528 -0.274708 0.0001
vn -0.961501 -0.2748 -0
vn -0.961528 0.274708 -0.0001
vn -0.961528 0.274708 -0
vn -0.849187 0.528092 -0.0004
vn -0.84926 0.527975 -0.0007
vn 0.961528 0.274708 -0.0001
vn 0.961562 0.274589 -0
vn -0.849114 -0.528209 0.0005
vn -0.84907 -0.528281 0.0004
vn 0.848924 0.528515 -0.0007
vn 0.848997 0.528398 -0.0004
vn 0 0 1
vn 0 0 1
vn 0 0 1
vn 0 0 1
vn 0 0 1
vn 0 0 1
vn 0 0 1
vn 0 0 1
vn 0.849114 -0.528209 -0.0002
vn 0.961528 -0.274708 -0
vn 0.961528 -0.274708 -0.0001
vn 0.849187 -0.528092 -0.0003
vn -0.961528 -0.274708 -0
vn -0.961528 -0.274708 -0
vn -0.961528 0.274708 -0.0001
vn -0.961501 0.2748 -0
vn -0.849187 0.528092 -0.0004
vn -0.849232 0.52802 -0.0006
vn 0.961528 0.274708 -0.0001
vn 0.961562 0.274589 -0
vn -0.849042 -0.528326 -0
vn -0.849042 -0.528326 -0
vn 0.848924 0.528515 -0.0007
vn 0.848997 0.528398 -0.0004
vn 0 0 1
vn 0 0 1
vn 0 0 1
vn 0 0 1
vn 0 -0.1138 0.993504
vn 0 0.056799 0.998386
vn 0 -0.1138 0.993504
vn -0.98785 -0.155408 -0
vn -0.997146 0.075503 -0
vn -0.98785 -0.155408 -0
vn 0.997146 0.075503 -0
vn 0.98785 -0.155408 -0
vn 0.98785 -0.155408 -0
vn 0 -0.203207 0.979136
vn 0 -0.204206 0.978928
vn 0.929076 -0.36989 -0.0002
vn 0.929027 -0.370011 -0
vn -0.931791 -0.362996 -0.0001
vn -0.931824 -0.36291 -0
vn 0 -0.001 1
vn 0 -0.001 1
vn 0.988023 -0.154304 -0.0013
vn 0.987944 -0.154807 -0.0008
vn -0.989167 -0.146795 -0.0009
vn -0.989225 -0.146404 -0.0005
vn 0 0 1
vn 0 0 1
vn 0 0 1
vn 0 0 1
vn 0.849114 -0.528209 0.0002
vn 0.961562 -0.274589 -0
vn 0.961528 -0.274708 0.0001
vn 0.84907 -0.528281 0.0004
vn -0.961528 -0.274708 -0
vn -0.961528 -0.274708 -0
vn -1 0 -0
vn -1 0 -0
vn -0.587511 0.809215 -0.0015
vn -0.58641 0.810014 -0
vn -0.587398 0.809297 -0.0014
vn -0.588609 0.808413 -0.0029
vn 1 0 -0
vn 1 0 -0
vn -0.849042 -0.528326 -0.0001
vn -0.84907 -0.528281 -0
vn 0.588028 0.808839 -0.0016
vn 0.586699 0.809799 -0.0033
vn 0.587915 0.808921 -0.0017
vn 0.589194 0.807992 -0
vn -0.999998 0.002 -0.0008
vn -0.999999 0.0012 -0.0013
vn 0.999998 0.0016 -0.0012
vn 0.999994 0.0028 -0.0019
vn 0 -0.0009 1
vn 0 -0.0009 1
vn 0 -0.0009 1
vn 0 -0.0009 1
vn 0 0 1
vn 0 0 1
vn 0 0 1
vn 0 0 1
vn 0 0 1
vn 0 0 1
vn 0.85148 -0.524388 0.0003
vn 0.962185 -0.272396 -0
vn 0.962159 -0.272488 0.0001
vn 0.851408 -0.524505 0.0005
vn -0.962125 -0.272607 0.0001
vn -0.962125 -0.272607 -0
vn -0.961528 0.274708 -0.0002
vn -0.961501 0.2748 -0
vn -0.849187 0.528092 -0.0008
vn -0.849304 0.527903 -0.0012
vn 0.961528 0.274708 -0.0001
vn 0.961562 0.274589 -0
vn -0.851524 -0.524315 0.0005
vn -0.85148 -0.524388 0.0003
vn 0.848924 0.528515 -0.0007
vn 0.848997 0.528398 -0.0005
vn 0 0 1
vn 0 0 1
vn 0 0 1
vn 0 0 1
vn 0 0 1
vn 0 0 1
vn 0 0 1
vn 0 0 1
vn 0.849114 -0.528209 0.0003
vn 0.961562 -0.274589 -0
vn 0.961528 -0.274708 0.0001
vn 0.84907 -0.528281 0.0004
vn -0.961528 -0.274708 0.0001
vn -0.961501 -0.2748 -0
vn -0.962152 0.272515 -0.0001
vn -0.962125 0.272607 -0
vn -0.851524 0.524315 -0.0004
vn -0.851596 0.524198 -0.0006
vn 0.962159 0.272488 -0.0001
vn 0.962185 0.272396 -0
vn -0.849114 -0.528209 0.0005
vn -0.84907 -0.528281 0.0003
vn 0.851335 0.524622 -0.0007
vn 0.851408 0.524505 -0.0005
vn 0 0 1
vn 0 0 1
vn 0 0 1
vn 0 0 1
vn 0 0 1
vn 0 0 1
vn 0 0 1
vn 0 0 1
vn 0.849114 -0.528209 0.0003
vn 0.961562 -0.274589 -0
vn 0.961554 -0.274616 0.0001
vn 0.84907 -0.528281 0.0005
vn -0.961528 -0.274708 0.0001
vn -0.961528 -0.274708 -0
vn -0.961528 0.274708 -0.0001
vn -0.961501 0.2748 -0
vn -0.849187 0.528092 -0.0004
vn -0.849232 0.52802 -0.0006
vn 0.961528 0.274708 -0.0001
vn 0.961562 0.274589 -0
vn -0.849187 -0.528092 0.0005
vn -0.849114 -0.528209 0.0003
vn 0.848924 0.528515 -0.0007
vn 0.848997 0.528398 -0.0004
vn 0 0 1
vn 0 0 1
vn 0 0 1
vn 0 0 1
vn 0 0 1
vn 0 0 1
vn 0 0 1
vn 0 0 1
vn 0.849114 -0.528209 0.0003
vn 0.961562 -0.274589 -0
vn 0.961528 -0.274708 0.0001
vn 0.84907 -0.528281 0.0004
vn -0.961528 -0.274708 0.0001
vn -0.961501 -0.2748 -0
vn -0.961528 0.274708 -0.0001
vn -0.961528 0.274708 -0
vn -0.849187 0.528092 -0.0004
vn -0.84926 0.527975 -0.0007
vn 0.961528 0.274708 -0.0001
vn 0.961562 0.274589 -0
vn -0.849114 -0.528209 0.0005
vn -0.84907 -0.528281 0.0004
vn 0.848924 0.528515 -0.0007
vn 0.848997 0.528398 -0.0005
vn 0 0 1
vn 0 0 1
vn 0 0 1
vn 0 0 1
vn 0 -0.120896 0.992665
vn 0 0.042101 0.999113
vn 0 -0.120896 0.992665
vn -0.986326 -0.164804 -0
vn -0.998431 0.056002 -0
vn -0.986326 -0.164804 -0
vn 0.998431 0.056002 -0
vn 0.98631 -0.164902 -0
vn 0.98631 -0.164902 -0
vn 0 -0.203207 0.979136
vn 0 -0.204206 0.978928
vn 0.929076 -0.36989 -0.0002
vn 0.929027 -0.370011 -0
vn -0.931791 -0.362996 -0.0001
vn -0.931824 -0.36291 -0
vn 0 -0.001 1
vn 0 -0.001 1
vn 0.988023 -0.154304 -0.0013
vn 0.987944 -0.154807 -0.0008
vn -0.989167 -0.146795 -0.0009
vn -0.98921 -0.146502 -0.0005
vn 0 0 1
vn 0 0 1
vn 0 0 1
vn 0 0 1
vn 0.849114 -0.528209 0.0003
vn 0.961562 -0.274589 -0
vn 0.961528 -0.274708 0.0001
vn 0.84907 -0.528281 0.0004
vn -0.961528 -0.274708 -0
vn -0.961528 -0.274708 -0
vn -1 0 -0
vn -1 0 -0
vn -0.587511 0.809215 -0.0015
vn -0.586363 0.810049 -0
vn -0.587398 0.809297 -0.0014
vn -0.588609 0.808413 -0.0029
vn 1 0 -0
vn 1 0 -0
vn -0.849042 -0.528326 -0
vn -0.849042 -0.528326 -0
vn 0.588028 0.808839 -0.0016
vn 0.586699 0.809799 -0.0033
vn 0.587915 0.808921 -0.0017
vn 0.589194 0.807992 -0
vn -0.999998 0.002 -0.0008
vn -0.999999 0.0012 -0.0013
vn 0.999998 0.0016 -0.0012
vn 0.999994 0.0028 -0.0019
vn 0 -0.0009 1
vn 0 -0.0009 1
vn 0 -0.0009 1
vn 0 -0.0009 1
vn 0 0 1
vn 0 0 1
vn 0 0 1
vn 0 0 1
vn 0 0 1
vn 0 0 1
vn 0.85148 -0.524388 0.0003
vn 0.962185 -0.272396 -0
vn 0.962159 -0.272488 0.0001
vn 0.851408 -0.524505 0.0004
vn -0.962125 -0.272607 0.0001
vn -0.962125 -0.272607 -0
vn -0.961528 0.274708 -0.0002
vn -0.961501 0.2748 -0
vn -0.849187 0.528092 -0.0008
vn -0.849304 0.527903 -0.0012
vn 0.961528 0.274708 -0.0001
vn 0.961562 0.274589 -0
vn -0.851524 -0.524315 0.0005
vn -0.85148 -0.524388 0.0003
vn 0.848924 0.528515 -0.0007
vn 0.848997 0.528398 -0.0005
vn 0 0 1
vn 0 0 1
vn 0 0 1
vn 0 0 1
vn 0 0 1
vn 0 0 1
vn 0 0 1
vn 0 0 1
vn 0.849114 -0.528209 0.0003
vn 0.961562 -0.274589 -0
vn 0.961528 -0.274708 0.0001
vn 0.84907 -0.528281 0.0004
vn -0.961528 -0.274708 0.0001
vn -0.961501 -0.2748 -0
vn -0.962152 0.272515 -0.0001
vn -0.962125 0.272607 -0
vn -0.851524 0.524315 -0.0004
vn -0.851596 0.524198 -0.0006
vn 0.962159 0.272488 -0.0001
vn 0.962185 0.272396 -0
vn -0.849114 -0.528209 0.0005
vn -0.84907 -0.528281 0.0003
vn 0.851335 0.524622 -0.0007
vn 0.851408 0.524505 -0.0004
vn 0 0 1
vn 0 0 1
vn 0 0 1
vn 0 0 1
vn 0 0 1
vn 0 0 1
vn 0 0 1
vn 0 0 1
vn 0.849114 -0.528209 0.0003
vn 0.961562 -0.274589 -0
vn 0.961528 -0.274708 0.0001
vn 0.84907 -0.528281 0.0005
vn -0.961528 -0.274708 0.0001
vn -0.961501 -0.2748 -0
vn -0.961528 0.274708 -0.0001
vn -0.961501 0.2748 -0
vn -0.849187 0.528092 -0.0004
vn -0.849232 0.52802 -0.0006
vn 0.961528 0.274708 -0.0001
vn 0.961562 0.274589 -0
vn -0.849187 -0.528092 0.0005
vn -0.849114 -0.528209 0.0003
vn 0.848924 0.528515 -0.0007
vn 0.848997 0.528398 -0.0004
vn 0 0 1
vn 0 0 1
vn 0 0 1
vn 0 0 1
vn 0 -0.120896 0.992665
vn 0 0.042101 0.999113
vn 0 -0.120896 0.992665
vn -0.98631 -0.164902 -0
vn -0.998431 0.056002 -0
vn -0.98631 -0.164902 -0
vn 0.998431 0.056002 -0
vn 0.98631 -0.164902 -0
vn 0.98631 -0.164902 -0
vn 0 -0.203207 0.979136
vn 0 -0.204206 0.978928
vn 0.929076 -0.36989 -0.0002
vn 0.929027 -0.370011 -0
vn -0.931791 -0.362996 -0.0001
vn -0.931824 -0.36291 -0
vn 0 -0.001 1
vn 0 -0.001 1
vn 0.988023 -0.154304 -0.0013
vn 0.987944 -0.154807 -0.0008
vn -0.989167 -0.146795 -0.0009
vn -0.989225 -0.146404 -0.0005
vn 0 0 1
vn 0 0 1
vn 0 0 1
vn 0 0 1
vn 0.849114 -0.528209 0.0002
vn 0.961562 -0.274589 -0
vn 0.961528 -0.274708 0.0001
vn 0.84907 -0.528281 0.0004
vn -0.961528 -0.274708 -0
vn -0.961528 -0.274708 -0
vn -1 0 -0
vn -1 0 -0
vn -0.587511 0.809215 -0.0015
vn -0.586363 0.810049 -0
vn -0.587398 0.809297 -0.0014
vn -0.588609 0.808413 -0.0029
vn 1 0 -0
vn 1 0 -0
vn -0.849042 -0.528326 -0
vn -0.84907 -0.528281 -0
vn 0.588028 0.808839 -0.0016
vn 0.586699 0.809799 -0.0033
vn 0.587915 0.808921 -0.0017
vn 0.589194 0.807992 -0
vn -0.999998 0.002 -0.0008
vn -0.999999 0.0012 -0.0013
vn 0.999998 0.0016 -0.0012
vn 0.999994 0.0028 -0.0019
vn 0 -0.0009 1
vn 0 -0.0009 1
vn 0 -0.0009 1
vn 0 -0.0009 1
vn 0 0 1
vn 0 0 1
vn 0 0 1
vn 0 0 1
vn 0 0 1
vn 0 0 1
vn 0.85148 -0.524388 0.0003
vn 0.962185 -0.272396 -0
vn 0.962159 -0.272488 0.0001
vn 0.851452 -0.524432 0.0005
vn -0.962152 -0.272515 0.0001
vn -0.962125 -0.272607 -0
vn -0.961528 0.274708 -0.0002
vn -0.961501 0.2748 -0
vn -0.849187 0.528092 -0.0008
vn -0.849304 0.527903 -0.0012
vn 0.961528 0.274708 -0.0001
vn 0.961562 0.274589 -0
vn -0.851524 -0.524315 0.0005
vn -0.85148 -0.524388 0.0003
vn 0.848924 0.528515 -0.0007
vn 0.848997 0.528398 -0.0005
vn 0 0 1
vn 0 0 1
vn 0 0 1
vn 0 0 1
vn 0 0 1
vn 0 0 1
vn 0 0 1
vn 0 0 1
vn 0.849114 -0.528209 0.0003
vn 0.961562 -0.274589 -0
vn 0.961528 -0.274708 0.0001
vn 0.84907 -0.528281 0.0004
vn -0.961528 -0.274708 0.0001
vn -0.961501 -0.2748 -0
vn -0.962152 0.272515 -0.0001
vn -0.962125 0.272607 -0
vn -0.851524 0.524315 -0.0004
vn -0.851596 0.524198 -0.0006
vn 0.962159 0.272488 -0.0001
vn 0.962185 0.272396 -0
vn -0.849114 -0.528209 0.0005
vn -0.84907 -0.528281 0.0003
vn 0.851335 0.524622 -0.0007
vn 0.851408 0.524505 -0.0004
vn 0 0 1
vn 0 0 1
vn 0 0 1
vn 0 0 1
vn 0 -0.112703 0.993629
vn 0 0.059203 0.998246
vn 0 -0.112703 0.993629
vn -0.988087 -0.153898 -0
vn -0.996906 0.0786 -0
vn -0.988087 -0.153898 -0
vn 0.996906 0.0786 -0
vn 0.988087 -0.153898 -0
vn 0.988087 -0.153898 -0
vn 0 -0.203207 0.979136
vn 0 -0.204206 0.978928
vn 0.929076 -0.36989 -0.0002
vn 0.929027 -0.370011 -0
vn -0.931791 -0.362996 -0.0001
vn -0.931824 -0.36291 -0
vn 0 -0.001 1
vn 0 -0.001 1
vn 0.988023 -0.154304 -0.0013
vn 0.987944 -0.154807 -0.0008
vn -0.989167 -0.146795 -0.0009
vn -0.98921 -0.146502 -0.0005
vn 0 0 1
vn 0 0 1
vn 0 0 1
vn 0 0 1
vn 0.849114 -0.528209 0.0003
vn 0.961562 -0.274589 -0
vn 0.961528 -0.274708 0.0001
vn 0.84907 -0.528281 0.0004
vn -0.961528 -0.274708 -0
vn -0.961528 -0.274708 -0
vn -1 0 -0
vn -1 0 -0
vn -0.587511 0.809215 -0.0015
vn -0.58641 0.810014 -0
vn -0.587398 0.809297 -0.0014
vn -0.588609 0.808413 -0.0029
vn 1 0 -0
vn 1 0 -0
vn -0.849042 -0.528326 -0
vn -0.84907 -0.528281 -0
vn 0.588028 0.808839 -0.0016
vn 0.586699 0.809799 -0.0033
vn 0.587981 0.808873 -0.0017
vn 0.589194 0.807992 -0
vn -0.999998 0.002 -0.0008
vn -0.999999 0.0012 -0.0013
vn 0.999998 0.0016 -0.0012
vn 0.999994 0.0028 -0.0019
vn 0 -0.0009 1
vn 0 -0.0009 1
vn 0 -0.0009 1
vn 0 -0.0009 1
vn 0 0 1
vn 0 0 1
vn 0 0 1
vn 0 0 1
vn 0 0 1
vn 0 0 1
vn 0.85148 -0.524388 0.0003
vn 0.962185 -0.272396 -0
vn 0.962159 -0.272488 0.0001
vn 0.851408 -0.524505 0.0005
vn -0.962125 -0.272607 0.0001
vn -0.962125 -0.272607 -0
vn -0.961528 0.274708 -0.0002
vn -0.961501 0.2748 -0
vn -0.849187 0.528092 -0.0008
vn -0.849304 0.527903 -0.0012
vn 0.961528 0.274708 -0.0001
vn 0.961562 0.274589 -0
vn -0.851524 -0.524315 0.0005
vn -0.85148 -0.524388 0.0003
vn 0.848924 0.528515 -0.0007
vn 0.848997 0.528398 -0.0005
vn 0 0 1
vn 0 0 1
vn 0 0 1
vn 0 0 1
vn 0 0 1
vn 0 0 1
vn 0 0 1
vn 0 0 1
vn 0.849114 -0.528209 0.0003
vn 0.961562 -0.274589 -0
vn 0.961554 -0.274616 0.0001
vn 0.84907 -0.528281 0.0004
vn -0.961528 -0.274708 0.0001
vn -0.961501 -0.2748 -0
vn -0.962152 0.272515 -0.0001
vn -0.962125 0.272607 -0
vn -0.851524 0.524315 -0.0004
vn -0.851596 0.524198 -0.0006
vn 0.962159 0.272488 -0.0001
vn 0.962185 0.272396 -0
vn -0.849114 -0.528209 0.0005
vn -0.84907 -0.528281 0.0003
vn 0.851335 0.524622 -0.0007
vn 0.851408 0.524505 -0.0004
vn 0 0 1
vn 0 0 1
vn 0 0 1
vn 0 0 1
vn 0 -0.120896 0.992665
vn 0 -0.120896 0.992665
vn 0 0.042001 0.999118
vn 0.98631 -0.164902 -0
vn 0.98631 -0.164902 -0
vn 0.998436 0.055902 -0
vn -0.998436 0.055902 -0
vn -0.98631 -0.164902 -0
vn -0.98631 -0.164902 -0
vn 0 -0.204206 0.978928
vn 0 -0.203207 0.979136
vn -0.929027 -0.370011 -0
vn -0.929076 -0.36989 -0.0002
vn 0.931824 -0.36291 -0
vn 0.931791 -0.362996 -0.0001
vn 0 -0.001 1
vn 0 -0.001 1
vn -0.987929 -0.154905 -0.0008
vn -0.988023 -0.154304 -0.0013
vn 0.98921 -0.146502 -0.0005
vn 0.989167 -0.146795 -0.0009
vn 0 0 1
vn 0 0 1
vn 0 0 1
vn 0 0 1
vn -0.849114 -0.528209 0.0003
vn -0.84907 -0.528281 0.0004
vn -0.961528 -0.274708 0.0001
vn -0.961562 -0.274589 -0
vn 0.961528 -0.274708 -0
vn 1 0 -0
vn 1 0 -0
vn 0.961528 -0.274708 -0
vn 0.587511 0.809215 -0.0015
vn 0.588609 0.808413 -0.0029
vn 0.587398 0.809297 -0.0014
vn 0.586363 0.810049 -0
vn -1 0 -0
vn -1 0 -0
vn 0.84907 -0.528281 -0
vn 0.849042 -0.528326 -0
vn -0.588028 0.808839 -0.0016
vn -0.589194 0.807992 -0
vn -0.587915 0.808921 -0.0017
vn -0.586699 0.809799 -0.0033
vn 0.999998 0.002 -0.0008
vn 0.999999 0.0012 -0.0013
vn -0.999998 0.0016 -0.0013
vn -0.999994 0.0028 -0.0019
vn 0 -0.0009 1
vn 0 -0.0009 1
vn 0 -0.0009 1
vn 0 -0.0009 1
vn 0 0 1
vn 0 0 1
vn 0 0 1
vn 0 0 1
vn 0 0 1
vn 0 0 1
vn -0.85148 -0.524388 0.0003
vn -0.851408 -0.524505 0.0005
vn -0.962159 -0.272488 0.0001
vn -0.962185 -0.272396 -0
vn 0.962152 -0.272515 0.0001
vn 0.961501 0.2748 -0
vn 0.961528 0.274708 -0.0002
vn 0.962125 -0.272607 -0
vn 0.849187 0.528092 -0.0008
vn 0.849304 0.527903 -0.0012
vn -0.961528 0.274708 -0.0001
vn -0.961562 0.274589 -0
vn 0.85148 -0.524388 0.0003
vn 0.851524 -0.524315 0.0005
vn -0.848997 0.528398 -0.0005
vn -0.848924 0.528515 -0.0008
vn 0 0 1
vn 0 0 1
vn 0 0 1
vn 0 0 1
vn 0 0 1
vn 0 0 1
vn 0 0 1
vn 0 0 1
vn -0.849114 -0.528209 0.0003
vn -0.84907 -0.528281 0.0005
vn -0.961528 -0.274708 0.0001
vn -0.961562 -0.274589 -0
vn 0.961528 -0.274708 0.0001
vn 0.962125 0.272607 -0
vn 0.962152 0.272515 -0.0001
vn 0.961501 -0.2748 -0
vn 0.851524 0.524315 -0.0004
vn 0.851596 0.524198 -0.0006
vn -0.962159 0.272488 -0.0001
vn -0.962185 0.272396 -0
vn 0.84907 -0.528281 0.0003
vn 0.849114 -0.528209 0.0005
vn -0.851408 0.524505 -0.0004
vn -0.851335 0.524622 -0.0007
vn 0 0 1
vn 0 0 1
vn 0 0 1
vn 0 0 1
vn 0 0 1
vn 0 0 1
vn 0 0 1
vn 0 0 1
vn -0.849114 -0.528209 0.0003
vn -0.84907 -0.528281 0.0005
vn -0.961528 -0.274708 0.0001
vn -0.961562 -0.274589 -0
vn 0.961528 -0.274708 0.0001
vn 0.961501 0.2748 -0
vn 0.961528 0.274708 -0.0001
vn 0.961501 -0.2748 -0
vn 0.849187 0.528092 -0.0004
vn 0.849232 0.52802 -0.0006
vn -0.961528 0.274708 -0.0001
vn -0.961562 0.274589 -0
vn 0.849114 -0.528209 0.0003
vn 0.849187 -0.528092 0.0005
vn -0.848997 0.528398 -0.0004
vn -0.848924 0.528515 -0.0007
vn 0 0 1
vn 0 0 1
vn 0 0 1
vn 0 0 1
vn 0 0 1
vn 0 0 1
vn 0 0 1
vn 0 0 1
vn -0.849114 -0.528209 0.0003
vn -0.84907 -0.528281 0.0005
vn -0.961528 -0.274708 0.0001
vn -0.961562 -0.274589 -0
vn 0.961528 -0.274708 0.0001
vn 0.961528 0.274708 -0
vn 0.961528 0.274708 -0.0001
vn 0.961501 -0.2748 -0
vn 0.849187 0.528092 -0.0004
vn 0.84926 0.527975 -0.0007
vn -0.961528 0.274708 -0.0001
vn -0.961562 0.274589 -0
vn 0.84907 -0.528281 0.0004
vn 0.849114 -0.528209 0.0006
vn -0.848997 0.528398 -0.0004
vn -0.848924 0.528515 -0.0007
vn 0 0 1
vn 0 0 1
vn 0 0 1
vn 0 0 1
vn 0 0 1
vn 0 0 1
vn 0 0 1
vn 0 0 1
vn -0.849114 -0.528209 -0.0002
vn -0.849187 -0.528092 -0.0003
vn -0.961528 -0.274708 -0.0001
vn -0.961528 -0.274708 -0
vn 0.961528 -0.274708 -0
vn 0.961501 0.2748 -0
vn 0.961528 0.274708 -0.0001
vn 0.961528 -0.274708 -0
vn 0.849187 0.528092 -0.0004
vn 0.849232 0.52802 -0.0006
vn -0.961528 0.274708 -0.0001
vn -0.961562 0.274589 -0
vn 0.84907 -0.528281 -0
vn 0.849042 -0.528326 -0
vn -0.848997 0.528398 -0.0004
vn -0.848924 0.528515 -0.0007
vn 0 0 1
vn 0 0 1
vn 0 0 1
vn 0 0 1
vn -0.081396 -0.784964 0.614172
vn -0.081396 -0.784964 0.614172
vn -0.081396 -0.784964 0.614172
vn -0.081401 0.785012 0.614109
vn -0.081401 0.785012 0.614109
vn -0.081401 0.785012 0.614109
vn 0.081396 -0.784964 0.614172
vn 0.081396 -0.784964 0.614172
vn 0.081396 -0.784964 0.614172
vn 0.081401 0.785012 0.614109
vn 0.081401 0.785012 0.614109
vn 0.081401 0.785012 0.614109
vn -0.081396 -0.784964 0.614172
vn -0.081396 -0.784964 0.614172
vn -0.081396 -0.784964 0.614172
vn -0.081401 0.785012 0.614109
vn -0.081401 0.785012 0.614109
vn -0.081401 0.785012 0.614109
vn 0.081396 -0.784964 0.614172
vn 0.081396 -0.784964 0.614172
vn 0.081396 -0.784964 0.614172
vn 0.081401 0.785012 0.614109
vn 0.081401 0.785012 0.614109
vn 0.081401 0.785012 0.614109
vn -0.081401 -0.785012 0.614109
vn -0.081401 -0.785012 0.614109
vn -0.081401 -0.785012 0.614109
vn -0.081401 0.785012 0.614109
vn -0.081401 0.785012 0.614109
vn -0.081401 0.785012 0.614109
vn 0.081396 -0.784964 0.614172
vn 0.081396 -0.784964 0.614172
vn 0.081396 -0.784964 0.614172
vn 0.081401 0.785012 0.614109
vn 0.081401 0.785012 0.614109
vn 0.081401 0.785012 0.614109
vn -0.081401 -0.785012 0.614109
vn -0.081401 -0.785012 0.614109
vn -0.081401 -0.785012 0.614109
vn -0.081396 0.784964 0.614172
vn -0.081396 0.784964 0.614172
vn -0.081396 0.784964 0.614172
vn 0.081401 -0.785012 0.614109
vn 0.081401 -0.785012 0.614109
vn 0.081401 -0.785012 0.614109
vn 0.081396 0.784964 0.614172
vn 0.081396 0.784964 0.614172
vn 0.081396 0.784964 0.614172
vn -0.081401 -0.785012 0.614109
vn -0.081401 -0.785012 0.614109
vn -0.081401 -0.785012 0.614109
vn -0.081396 0.784964 0.614172
vn -0.081396 0.784964 0.614172
vn -0.081396 0.784964 0.614172
vn -0.081401 0.785012 -0.614109
vn -0.081401 0.785012 -0.614109
vn -0.081401 0.785012 -0.614109
vn -0.081396 -0.784964 -0.614172
vn -0.081396 -0.784964 -0.614172
vn -0.081396 -0.784964 -0.614172
vn -0.081401 -0.785012 0.614109
vn -0.081401 -0.785012 0.614109
vn -0.081401 -0.785012 0.614109
vn -0.081396 0.784964 0.614172
vn -0.081396 0.784964 0.614172
vn -0.081396 0.784964 0.614172
vn 0.081401 -0.785012 0.614109
vn 0.081401 -0.785012 0.614109
vn 0.081401 -0.785012 0.614109
vn 0.081396 0.784964 0.614172
vn 0.081396 0.784964 0.614172
vn 0.081396 0.784964 0.614172
vn -0.081401 -0.785012 0.614109
vn -0.081401 -0.785012 0.614109
vn -0.081401 -0.785012 0.614109
vn -0.081401 0.785012 0.614109
vn -0.081401 0.785012 0.614109
vn -0.081401 0.785012 0.614109
vn 0.081401 -0.785012 0.614109
vn 0.081401 -0.785012 0.614109
vn 0.081401 -0.785012 0.614109
vn 0.081401 0.785012 0.614109
vn 0.081401 0.785012 0.614109
vn 0.081401 0.785012 0.614109
vn -0.081401 -0.785012 0.614109
vn -0.081401 -0.785012 0.614109
vn -0.081401 -0.785012 0.614109
vn -0.081396 0.784964 0.614172
vn -0.081396 0.784964 0.614172
vn -0.081396 0.784964 0.614172
vn 0.081401 -0.785012 0.614109
vn 0.081401 -0.785012 0.614109
vn 0.081401 -0.785012 0.614109
vn 0.081396 0.784964 0.614172
vn 0.081396 0.784964 0.614172
vn 0.081396 0.784964 0.614172
vn -0.081401 -0.785012 0.614109
vn -0.081401 -0.785012 0.614109
vn -0.081401 -0.785012 0.614109
vn -0.081396 0.784964 0.614172
vn -0.081396 0.784964 0.614172
vn -0.081396 0.784964 0.614172
vn 0.081401 -0.785012 0.614109
vn 0.081401 -0.785012 0.614109
vn 0.081401 -0.785012 0.614109
vn 0.081396 0.784964 0.614172
vn 0.081396 0.784964 0.614172
vn 0.081396 0.784964 0.614172
vn -0.081401 -0.785012 0.614109
vn -0.081401 -0.785012 0.614109
vn -0.081401 -0.785012 0.614109
vn -0.081396 0.784964 0.614172
vn -0.081396 0.784964 0.614172
vn -0.081396 0.784964 0.614172
vn 0.081401 -0.785012 0.614109
vn 0.081401 -0.785012 0.614109
vn 0.081401 -0.785012 0.614109
vn 0.081396 0.784964 0.614172
vn 0.081396 0.784964 0.614172
vn 0.081396 0.784964 0.614172
vn 0.081401 0.785012 -0.614109
vn 0.081401 0.785012 -0.614109
vn 0.081401 0.785012 -0.614109
vn 0.081401 -0.785012 -0.614109
vn 0.081401 -0.785012 -0.614109
vn 0.081401 -0.785012 -0.614109
vn 0.081396 -0.784964 0.614172
vn 0.081396 -0.784964 0.614172
vn 0.081396 -0.784964 0.614172
vn 0.081401 0.785012 0.614109
vn 0.081401 0.785012 0.614109
vn 0.081401 0.785012 0.614109
vn 0.081401 0.785012 -0.614109
vn 0.081401 0.785012 -0.614109
vn 0.081401 0.785012 -0.614109
vn 0.081401 -0.785012 -0.614109
vn 0.081401 -0.785012 -0.614109
vn 0.081401 -0.785012 -0.614109
vn 0.081401 -0.785012 0.614109
vn 0.081401 -0.785012 0.614109
vn 0.081401 -0.785012 0.614109
vn 0.081401 0.785012 0.614109
vn 0.081401 0.785012 0.614109
vn 0.081401 0.785012 0.614109
vn -0.081401 -0.785012 0.614109
vn -0.081401 -0.785012 0.614109
vn -0.081401 -0.785012 0.614109
vn -0.081396 0.784964 0.614172
vn -0.081396 0.784964 0.614172
vn -0.081396 0.784964 0.614172
vn 0.081401 -0.785012 0.614109
vn 0.081401 -0.785012 0.614109
vn 0.081401 -0.785012 0.614109
vn 0.081396 0.784964 0.614172
vn 0.081396 0.784964 0.614172
vn 0.081396 0.784964 0.614172
vn -0.081401 -0.785012 0.614109
vn -0.081401 -0.785012 0.614109
vn -0.081401 -0.785012 0.614109
vn -0.081396 0.784964 0.614172
vn -0.081396 0.784964 0.614172
vn -0.081396 0.784964 0.614172
vn 0.081401 -0.785012 0.614109
vn 0.081401 -0.785012 0.614109
vn 0.081401 -0.785012 0.614109
vn 0.081396 0.784964 0.614172
vn 0.081396 0.784964 0.614172
vn 0.081396 0.784964 0.614172
vn -0.081401 -0.785012 0.614109
vn -0.081401 -0.785012 0.614109
vn -0.081401 -0.785012 0.614109
vn -0.081396 0.784964 0.614172
vn -0.081396 0.784964 0.614172
vn -0.081396 0.784964 0.614172
vn 0.081401 -0.785012 0.614109
vn 0.081401 -0.785012 0.614109
vn 0.081401 -0.785012 0.614109
vn 0.081396 0.784964 0.614172
vn 0.081396 0.784964 0.614172
vn 0.081396 0.784964 0.614172
vn -0.081396 -0.784964 0.614172
vn -0.081396 -0.784964 0.614172
vn -0.081396 -0.784964 0.614172
vn -0.081401 0.785012 0.614109
vn -0.081401 0.785012 0.614109
vn -0.081401 0.785012 0.614109
vn 0.081401 -0.785012 0.614109
vn 0.081401 -0.785012 0.614109
vn 0.081401 -0.785012 0.614109
vn 0.081396 0.784964 0.614172
vn 0.081396 0.784964 0.614172
vn 0.081396 0.784964 0.614172
vn -0.081401 -0.785012 0.614109
vn -0.081401 -0.785012 0.614109
vn -0.081401 -0.785012 0.614109
vn -0.081401 0.785012 0.614109
vn -0.081401 0.785012 0.614109
vn -0.081401 0.785012 0.614109
vn 0.081396 -0.784964 0.614172
vn 0.081396 -0.784964 0.614172
vn 0.081396 -0.784964 0.614172
vn 0.081401 0.785012 0.614109
vn 0.081401 0.785012 0.614109
vn 0.081401 0.785012 0.614109
vn -0.081401 -0.785012 0.614109
vn -0.081401 -0.785012 0.614109
vn -0.081401 -0.785012 0.614109
vn -0.081401 0.785012 0.614109
vn -0.081401 0.785012 0.614109
vn -0.081401 0.785012 0.614109
vn 0.081401 -0.785012 0.614109
vn 0.081401 -0.785012 0.614109
vn 0.081401 -0.785012 0.614109
vn 0.081401 0.785012 0.614109
vn 0.081401 0.785012 0.614109
vn 0.081401 0.785012 0.614109
vn -0.081401 -0.785012 0.614109
vn -0.081401 -0.785012 0.614109
vn -0.081401 -0.785012 0.614109
vn -0.081396 0.784964 0.614172
vn -0.081396 0.784964 0.614172
vn -0.081396 0.784964 0.614172
vn 0.081401 -0.785012 0.614109
vn 0.081401 -0.785012 0.614109
vn 0.081401 -0.785012 0.614109
vn 0.081396 0.784964 0.614172
vn 0.081396 0.784964 0.614172
vn 0.081396 0.784964 0.614172
vn -0.081401 -0.785012 0.614109
vn -0.081401 -0.785012 0.614109
vn -0.081401 -0.785012 0.614109
vn -0.081396 0.784964 0.614172
vn -0.081396 0.784964 0.614172
vn -0.081396 0.784964 0.614172
vn 0.081401 -0.785012 0.614109
vn 0.081401 -0.785012 0.614109
vn 0.081401 -0.785012 0.614109
vn 0.081396 0.784964 0.614172
vn 0.081396 0.784964 0.614172
vn 0.081396 0.784964 0.614172
vn -0.081401 -0.785012 0.614109
vn -0.081401 -0.785012 0.614109
vn -0.081401 -0.785012 0.614109
vn -0.081396 0.784964 0.614172
vn -0.081396 0.784964 0.614172
vn -0.081396 0.784964 0.614172
vn 0.081401 -0.785012 0.614109
vn 0.081401 -0.785012 0.614109
vn 0.081401 -0.785012 0.614109
vn 0.081396 0.784964 0.614172
vn 0.081396 0.784964 0.614172
vn 0.081396 0.784964 0.614172
vn -0.081396 -0.784964 0.614172
vn -0.081396 -0.784964 0.614172
vn -0.081396 -0.784964 0.614172
vn -0.081401 0.785012 0.614109
vn -0.081401 0.785012 0.614109
vn -0.081401 0.785012 0.614109
vn 0.081401 -0.785012 0.614109
vn 0.081401 -0.785012 0.614109
vn 0.081401 -0.785012 0.614109
vn 0.081396 0.784964 0.614172
vn 0.081396 0.784964 0.614172
vn 0.081396 0.784964 0.614172
vn -0.081401 -0.785012 0.614109
vn -0.081401 -0.785012 0.614109
vn -0.081401 -0.785012 0.614109
vn -0.081401 0.785012 0.614109
vn -0.081401 0.785012 0.614109
vn -0.081401 0.785012 0.614109
vn 0.081396 -0.784964 0.614172
vn 0.081396 -0.784964 0.614172
vn 0.081396 -0.784964 0.614172
vn 0.081401 0.785012 0.614109
vn 0.081401 0.785012 0.614109
vn 0.081401 0.785012 0.614109
vn -0.081401 -0.785012 0.614109
vn -0.081401 -0.785012 0.614109
vn -0.081401 -0.785012 0.614109
vn -0.081401 0.785012 0.614109
vn -0.081401 0.785012 0.614109
vn -0.081401 0.785012 0.614109
vn 0.081401 -0.785012 0.614109
vn 0.081401 -0.785012 0.614109
vn 0.081401 -0.785012 0.614109
vn 0.081401 0.785012 0.614109
vn 0.081401 0.785012 0.614109
vn 0.081401 0.785012 0.614109
vn -0.081401 -0.785012 0.614109
vn -0.081401 -0.785012 0.614109
vn -0.081401 -0.785012 0.614109
vn -0.081396 0.784964 0.614172
vn -0.081396 0.784964 0.614172
vn -0.081396 0.784964 0.614172
vn 0.081401 -0.785012 0.614109
vn 0.081401 -0.785012 0.614109
vn 0.081401 -0.785012 0.614109
vn 0.081396 0.784964 0.614172
vn 0.081396 0.784964 0.614172
vn 0.081396 0.784964 0.614172
vn -0.081401 -0.785012 0.614109
vn -0.081401 -0.785012 0.614109
vn -0.081401 -0.785012 0.614109
vn -0.081396 0.784964 0.614172
vn -0.081396 0.784964 0.614172
vn -0.081396 0.784964 0.614172
vn 0.081401 -0.785012 0.614109
vn 0.081401 -0.785012 0.614109
vn 0.081401 -0.785012 0.614109
vn 0.081396 0.784964 0.614172
vn 0.081396 0.784964 0.614172
vn 0.081396 0.784964 0.614172
vn -0.081401 -0.785012 0.614109
vn -0.081401 -0.785012 0.614109
vn -0.081401 -0.785012 0.614109
vn -0.081396 0.784964 0.614172
vn -0.081396 0.784964 0.614172
vn -0.081396 0.784964 0.614172
vn 0.081401 -0.785012 0.614109
vn 0.081401 -0.785012 0.614109
vn 0.081401 -0.785012 0.614109
vn 0.081396 0.784964 0.614172
vn 0.081396 0.784964 0.614172
vn 0.081396 0.784964 0.614172
vn -0.081396 -0.784964 0.614172
vn -0.081396 -0.784964 0.614172
vn -0.081396 -0.784964 0.614172
vn -0.081401 0.785012 0.614109
vn -0.081401 0.785012 0.614109
vn -0.081401 0.785012 0.614109
vn 0.081401 -0.785012 0.614109
vn 0.081401 -0.785012 0.614109
vn 0.081401 -0.785012 0.614109
vn 0.081396 0.784964 0.614172
vn 0.081396 0.784964 0.614172
vn 0.081396 0.784964 0.614172
vn -0.081396 -0.784964 0.614172
vn -0.081396 -0.784964 0.614172
vn -0.081396 -0.784964 0.614172
vn -0.081401 0.785012 0.614109
vn -0.081401 0.785012 0.614109
vn -0.081401 0.785012 0.614109
vn 0.081396 -0.784964 0.614172
vn 0.081396 -0.784964 0.614172
vn 0.081396 -0.784964 0.614172
vn 0.081401 0.785012 0.614109
vn 0.081401 0.785012 0.614109
vn 0.081401 0.785012 0.614109
vn -0.081401 -0.785012 0.614109
vn -0.081401 -0.785012 0.614109
vn -0.081401 -0.785012 0.614109
vn -0.081401 0.785012 0.614109
vn -0.081401 0.785012 0.614109
vn -0.081401 0.785012 0.614109
vn 0.081401 -0.785012 0.614109
vn 0.081401 -0.785012 0.614109
vn 0.081401 -0.785012 0.614109
vn 0.081401 0.785012 0.614109
vn 0.081401 0.785012 0.614109
vn 0.081401 0.785012 0.614109
vn -0.081401 -0.785012 0.614109
vn -0.081401 -0.785012 0.614109
vn -0.081401 -0.785012 0.614109
vn -0.081401 0.785012 0.614109
vn -0.081401 0.785012 0.614109
vn -0.081401 0.785012 0.614109
vn 0.081396 -0.784964 0.614172
vn 0.081396 -0.784964 0.614172
vn 0.081396 -0.784964 0.614172
vn 0.081401 0.785012 0.614109
vn 0.081401 0.785012 0.614109
vn 0.081401 0.785012 0.614109
vn -0.081401 -0.785012 0.614109
vn -0.081401 -0.785012 0.614109
vn -0.081401 -0.785012 0.614109
vn -0.081401 0.785012 0.614109
vn -0.081401 0.785012 0.614109
vn -0.081401 0.785012 0.614109
vn 0.081396 -0.784964 0.614172
vn 0.081396 -0.784964 0.614172
vn 0.081396 -0.784964 0.614172
vn 0.081401 0.785012 0.614109
vn 0.081401 0.785012 0.614109
vn 0.081401 0.785012 0.614109
vn -0.081401 -0.785012 0.614109
vn -0.081401 -0.785012 0.614109
vn -0.081401 -0.785012 0.614109
vn -0.081401 0.785012 0.614109
vn -0.081401 0.785012 0.614109
vn -0.081401 0.785012 0.614109
vn 0.081401 -0.785012 0.614109
vn 0.081401 -0.785012 0.614109
vn 0.081401 -0.785012 0.614109
vn 0.081401 0.785012 0.614109
vn 0.081401 0.785012 0.614109
vn 0.081401 0.785012 0.614109
vn -0.081396 -0.784964 0.614172
vn -0.081396 -0.784964 0.614172
vn -0.081396 -0.784964 0.614172
vn -0.081401 0.785012 0.614109
vn -0.081401 0.785012 0.614109
vn -0.081401 0.785012 0.614109
vn 0.081396 -0.784964 0.614172
vn 0.081396 -0.784964 0.614172
vn 0.081396 -0.784964 0.614172
vn 0.081401 0.785012 0.614109
vn 0.081401 0.785012 0.614109
vn 0.081401 0.785012 0.614109
vn -0.081401 -0.785012 0.614109
vn -0.081401 -0.785012 0.614109
vn -0.081401 -0.785012 0.614109
vn -0.081401 0.785012 0.614109
vn -0.081401 0.785012 0.614109
vn -0.081401 0.785012 0.614109
vn 0.081401 -0.785012 0.614109
vn 0.081401 -0.785012 0.614109
vn 0.081401 -0.785012 0.614109
vn 0.081401 0.785012 0.614109
vn 0.081401 0.785012 0.614109
vn 0.081401 0.785012 0.614109
vn -0.081396 -0.784964 0.614172
vn -0.081396 -0.784964 0.614172
vn -0.081396 -0.784964 0.614172
vn -0.081401 0.785012 0.614109
vn -0.081401 0.785012 0.614109
vn -0.081401 0.785012 0.614109
vn 0.081396 -0.784964 0.614172
vn 0.081396 -0.784964 0.614172
vn 0.081396 -0.784964 0.614172
vn 0.081401 0.785012 0.614109
vn 0.081401 0.785012 0.614109
vn 0.081401 0.785012 0.614109
vn -0.081396 -0.784964 0.614172
vn -0.081396 -0.784964 0.614172
vn -0.081396 -0.784964 0.614172
vn -0.081401 0.785012 0.614109
vn -0.081401 0.785012 0.614109
vn -0.081401 0.785012 0.614109
vn 0.081396 -0.784964 0.614172
vn 0.081396 -0.784964 0.614172
vn 0.081396 -0.784964 0.614172
vn 0.081401 0.785012 0.614109
vn 0.081401 0.785012 0.614109
vn 0.081401 0.785012 0.614109
vn -0.081401 -0.785012 0.614109
vn -0.081401 -0.785012 0.614109
vn -0.081401 -0.785012 0.614109
vn -0.081401 0.785012 0.614109
vn -0.081401 0.785012 0.614109
vn -0.081401 0.785012 0.614109
vn 0.081401 -0.785012 0.614109
vn 0.081401 -0.785012 0.614109
vn 0.081401 -0.785012 0.614109
vn 0.081401 0.785012 0.614109
vn 0.081401 0.785012 0.614109
vn 0.081401 0.785012 0.614109
vn -0.081401 -0.785012 0.614109
vn -0.081401 -0.785012 0.614109
vn -0.081401 -0.785012 0.614109
vn -0.081401 0.785012 0.614109
vn -0.081401 0.785012 0.614109
vn -0.081401 0.785012 0.614109
vn 0.081401 -0.785012 0.614109
vn 0.081401 -0.785012 0.614109
vn 0.081401 -0.785012 0.614109
vn 0.081401 0.785012 0.614109
vn 0.081401 0.785012 0.614109
vn 0.081401 0.785012 0.614109
vn -0.081396 -0.784964 0.614172
vn -0.081396 -0.784964 0.614172
vn -0.081396 -0.784964 0.614172
vn -0.081401 0.785012 0.614109
vn -0.081401 0.785012 0.614109
vn -0.081401 0.785012 0.614109
vn 0.081396 -0.784964 0.614172
vn 0.081396 -0.784964 0.614172
vn 0.081396 -0.784964 0.614172
vn 0.081401 0.785012 0.614109
vn 0.081401 0.785012 0.614109
vn 0.081401 0.785012 0.614109
vn -0.081396 -0.784964 0.614172
vn -0.081396 -0.784964 0.614172
vn -0.081396 -0.784964 0.614172
vn -0.081401 0.785012 0.614109
vn -0.081401 0.785012 0.614109
vn -0.081401 0.785012 0.614109
vn 0.081396 -0.784964 0.614172
vn 0.081396 -0.784964 0.614172
vn 0.081396 -0.784964 0.614172
vn 0.081401 0.785012 0.614109
vn 0.081401 0.785012 0.614109
vn 0.081401 0.785012 0.614109
vn -0.081401 -0.785012 0.614109
vn -0.081401 -0.785012 0.614109
vn -0.081401 -0.785012 0.614109
vn -0.081401 0.785012 0.614109
vn -0.081401 0.785012 0.614109
vn -0.081401 0.785012 0.614109
vn 0.081401 -0.785012 0.614109
vn 0.081401 -0.785012 0.614109
vn 0.081401 -0.785012 0.614109
vn 0.081401 0.785012 0.614109
vn 0.081401 0.785012 0.614109
vn 0.081401 0.785012 0.614109
vn -0.081396 -0.784964 0.614172
vn -0.081396 -0.784964 0.614172
vn -0.081396 -0.784964 0.614172
vn -0.081401 0.785012 0.614109
vn -0.081401 0.785012 0.614109
vn -0.081401 0.785012 0.614109
vn 0.081396 -0.784964 0.614172
vn 0.081396 -0.784964 0.614172
vn 0.081396 -0.784964 0.614172
vn 0.081401 0.785012 0.614109
vn 0.081401 0.785012 0.614109
vn 0.081401 0.785012 0.614109
vn -0.081396 -0.784964 0.614172
vn -0.081396 -0.784964 0.614172
vn -0.081396 -0.784964 0.614172
vn -0.081401 0.785012 0.614109
vn -0.081401 0.785012 0.614109
vn -0.081401 0.785012 0.614109
vn 0.081396 -0.784964 0.614172
vn 0.081396 -0.784964 0.614172
vn 0.081396 -0.784964 0.614172
vn 0.081401 0.785012 0.614109
vn 0.081401 0.785012 0.614109
vn 0.081401 0.785012 0.614109
vn -0.081401 -0.785012 0.614109
vn -0.081401 -0.785012 0.614109
vn -0.081401 -0.785012 0.614109
vn -0.081401 0.785012 0.614109
vn -0.081401 0.785012 0.614109
vn -0.081401 0.785012 0.614109
vn 0.081401 -0.785012 0.614109
vn 0.081401 -0.785012 0.614109
vn 0.081401 -0.785012 0.614109
vn 0.081401 0.785012 0.614109
vn 0.081401 0.785012 0.614109
vn 0.081401 0.785012 0.614109
vn -0.081396 -0.784964 0.614172
vn -0.081396 -0.784964 0.614172
vn -0.081396 -0.784964 0.614172
vn -0.081401 0.785012 0.614109
vn -0.081401 0.785012 0.614109
vn -0.081401 0.785012 0.614109
vn 0.081396 -0.784964 0.614172
vn 0.081396 -0.784964 0.614172
vn 0.081396 -0.784964 0.614172
vn 0.081401 0.785012 0.614109
vn 0.081401 0.785012 0.614109
vn 0.081401 0.785012 0.614109
vn -0.081396 -0.784964 0.614172
vn -0.081396 -0.784964 0.614172
vn -0.081396 -0.784964 0.614172
vn -0.081401 0.785012 0.614109
vn -0.081401 0.785012 0.614109
vn -0.081401 0.785012 0.614109
vn 0.081396 -0.784964 0.614172
vn 0.081396 -0.784964 0.614172
vn 0.081396 -0.784964 0.614172
vn 0.081401 0.785012 0.614109
vn 0.081401 0.785012 0.614109
vn 0.081401 0.785012 0.614109
vn -0.081401 -0.785012 0.614109
vn -0.081401 -0.785012 0.614109
vn -0.081401 -0.785012 0.614109
vn -0.081401 0.785012 0.614109
vn -0.081401 0.785012 0.614109
vn -0.081401 0.785012 0.614109
vn 0.081401 -0.785012 0.614109
vn 0.081401 -0.785012 0.614109
vn 0.081401 -0.785012 0.614109
vn 0.081401 0.785012 0.614109
vn 0.081401 0.785012 0.614109
vn 0.081401 0.785012 0.614109
vn 0 0.604789 0.796386
vn 0 0.604789 0.796386
vn 0 0.604726 0.796434
vn 0 0.604726 0.796434
vn 0 -0.604726 0.796434
vn 0 -0.604726 0.796434
vn 0 -0.604678 0.79647
vn 0 -0.604678 0.79647
vn 0 0.604726 0.796434
vn 0 0.604726 0.796434
vn 0 0.604678 0.79647
vn 0 0.604678 0.79647
vn 0 -0.604726 0.796434
vn 0 -0.604726 0.796434
vn 0 -0.604678 0.79647
vn 0 -0.604678 0.79647
vn 0 0.604726 0.796434
vn 0 0.604726 0.796434
vn 0 0.604678 0.79647
vn 0 0.604678 0.79647
vn 0 -0.604726 0.796434
vn 0 -0.604726 0.796434
vn 0 -0.604726 0.796434
vn 0 -0.604726 0.796434
vn 0 0.604678 0.79647
vn 0 0.604678 0.79647
vn 0 0.604678 0.79647
vn 0 0.604678 0.79647
vn 0 -0.604678 0.79647
vn 0 -0.604678 0.79647
vn 0 -0.604726 0.796434
vn 0 -0.604726 0.796434
vn 0 0.604726 0.796434
vn 0 0.604726 0.796434
vn 0 0.604678 0.79647
vn 0 0.604678 0.79647
vn 0 -0.604678 0.79647
vn 0 -0.604678 0.79647
vn 0 -0.604678 0.79647
vn 0 -0.604678 0.79647
vn 0 0.604789 0.796386
vn 0 0.604789 0.796386
vn 0 0.604726 0.796434
vn 0 0.604726 0.796434
vn 0 -0.604726 0.796434
vn 0 -0.604726 0.796434
vn 0 -0.604678 0.79647
vn 0 -0.604678 0.79647
vt 0.5227 0.4495
vt 0.5728 0.4495
vt 0.5476 0.7571
vt 0.5728 0.4495
vt 0.6248 0.4497
vt 0.5476 0.7571
vt 0.5476 0.7571
vt 0.4705 0.4497
vt 0.5227 0.4495
vt 0.5305 0.4421
vt 0.565 0.4421
vt 0.4754 0.442
vt 0.5305 0.4421
vt 0.565 0.4421
vt 0.619 0.4415
vt 0.5399 0.4136
vt 0.5552 0.4136
vt 0.4755 0.4129
vt 0.5399 0.4136
vt 0.5552 0.4136
vt 0.6188 0.4129
vt 0.4833 0.6501
vt 0.4833 0.807
vt 0.4153 0.807
vt 0.4153 0.6501
vt 0.1581 0.0057
vt 0.1581 0.025
vt 0.1309 0.025
vt 0.1309 0.0057
vt 0.1309 0.025
vt 0.0254 0.025
vt 0.0254 0.0057
vt 0.1309 0.0057
vt 0.0057 0.025
vt 0.0057 0.0057
vt 0.0254 0.0057
vt 0.0254 0.025
vt 0.0254 0.0057
vt 0.0254 0.025
vt 0.1581 0.0057
vt 0.1581 0.025
vt 0.0254 0.0057
vt 0.0254 0.025
vt 0.0057 0.025
vt 0.0057 0.0057
vt 0.556 0.3981
vt 0.6188 0.3981
vt 0.4755 0.3981
vt 0.5406 0.3981
vt 0.5406 0.3981
vt 0.556 0.3981
vt 0.4577 0.8383
vt 0.4409 0.8386
vt 0.4409 0.6189
vt 0.4577 0.6189
vt 0.4833 0.6504
vt 0.4833 0.8074
vt 0.4153 0.8074
vt 0.4153 0.6504
vt 0.3181 0.0057
vt 0.3181 0.025
vt 0.2907 0.025
vt 0.2907 0.0057
vt 0.2908 0.025
vt 0.1853 0.025
vt 0.1853 0.0057
vt 0.2908 0.0057
vt 0.1581 0.025
vt 0.1581 0.0057
vt 0.1852 0.0057
vt 0.1852 0.025
vt 0.3181 0.0057
vt 0.3181 0.025
vt 0.1581 0.025
vt 0.1581 0.0057
vt 0.4577 0.8386
vt 0.4409 0.8386
vt 0.4409 0.6189
vt 0.4577 0.6189
vt 0.4833 0.6501
vt 0.4833 0.807
vt 0.4153 0.807
vt 0.4153 0.6501
vt 0.4781 0.0057
vt 0.4781 0.025
vt 0.4509 0.025
vt 0.4509 0.0057
vt 0.451 0.025
vt 0.3455 0.025
vt 0.3455 0.0057
vt 0.4509 0.0057
vt 0.3181 0.025
vt 0.3181 0.0057
vt 0.3454 0.0057
vt 0.3454 0.025
vt 0.4781 0.0057
vt 0.4781 0.025
vt 0.3181 0.025
vt 0.3181 0.0057
vt 0.4577 0.8386
vt 0.4409 0.8386
vt 0.4409 0.6189
vt 0.4577 0.6189
vt 0.4833 0.6501
vt 0.4833 0.807
vt 0.4153 0.807
vt 0.4153 0.6501
vt 0.638 0.0057
vt 0.6379 0.025
vt 0.6108 0.025
vt 0.6108 0.0057
vt 0.6108 0.025
vt 0.5053 0.025
vt 0.5053 0.0057
vt 0.6108 0.0057
vt 0.4781 0.025
vt 0.4781 0.0057
vt 0.5053 0.0057
vt 0.5053 0.025
vt 0.638 0.0057
vt 0.6379 0.025
vt 0.4781 0.025
vt 0.4781 0.0057
vt 0.4577 0.8383
vt 0.4409 0.8383
vt 0.4409 0.6189
vt 0.4577 0.6189
vt 0.4833 0.6501
vt 0.4833 0.807
vt 0.4153 0.807
vt 0.4153 0.6501
vt 0.7978 0.0057
vt 0.7979 0.025
vt 0.7706 0.025
vt 0.7707 0.0057
vt 0.7706 0.025
vt 0.6651 0.025
vt 0.6652 0.0057
vt 0.7707 0.0057
vt 0.6379 0.025
vt 0.638 0.0057
vt 0.6652 0.0057
vt 0.6651 0.025
vt 0.7978 0.0057
vt 0.7979 0.025
vt 0.6379 0.025
vt 0.638 0.0057
vt 0.4577 0.8383
vt 0.4409 0.8383
vt 0.4409 0.6189
vt 0.4577 0.6189
vt 0.4833 0.6501
vt 0.4833 0.807
vt 0.4153 0.807
vt 0.4153 0.6501
vt 0.9577 0.0057
vt 0.9577 0.025
vt 0.9305 0.025
vt 0.9305 0.0057
vt 0.9305 0.025
vt 0.825 0.025
vt 0.825 0.0057
vt 0.9305 0.0057
vt 0.7979 0.025
vt 0.7978 0.0057
vt 0.825 0.0057
vt 0.825 0.025
vt 0.9577 0.0057
vt 0.9577 0.025
vt 0.7979 0.025
vt 0.7978 0.0057
vt 0.4577 0.8383
vt 0.4409 0.8383
vt 0.4409 0.6189
vt 0.4577 0.6189
vt 0.5227 0.4495
vt 0.5728 0.4495
vt 0.5476 0.7571
vt 0.5728 0.4495
vt 0.6248 0.4497
vt 0.5476 0.7571
vt 0.5476 0.7571
vt 0.4705 0.4497
vt 0.5227 0.4495
vt 0.5305 0.4421
vt 0.565 0.4421
vt 0.4754 0.442
vt 0.5305 0.4421
vt 0.565 0.4421
vt 0.619 0.4415
vt 0.5399 0.4136
vt 0.5552 0.4136
vt 0.4755 0.4129
vt 0.5399 0.4136
vt 0.5552 0.4136
vt 0.6188 0.4129
vt 0.4833 0.6501
vt 0.4833 0.807
vt 0.4153 0.807
vt 0.4153 0.6501
vt 0.1581 0.0057
vt 0.1581 0.025
vt 0.1309 0.025
vt 0.1309 0.0057
vt 0.1309 0.025
vt 0.0254 0.025
vt 0.0254 0.0057
vt 0.1309 0.0057
vt 0.0057 0.025
vt 0.0057 0.0057
vt 0.0254 0.0057
vt 0.0254 0.025
vt 0.0254 0.0057
vt 0.0254 0.025
vt 0.1581 0.0057
vt 0.1581 0.025
vt 0.0254 0.0057
vt 0.0254 0.025
vt 0.0057 0.025
vt 0.0057 0.0057
vt 0.556 0.3981
vt 0.6188 0.3981
vt 0.4755 0.3981
vt 0.5406 0.3981
vt 0.5406 0.3981
vt 0.556 0.3981
vt 0.4577 0.8383
vt 0.4409 0.8386
vt 0.4409 0.6189
vt 0.4577 0.6189
vt 0.4833 0.6504
vt 0.4833 0.8074
vt 0.4153 0.8074
vt 0.4153 0.6504
vt 0.3181 0.0057
vt 0.3181 0.025
vt 0.2907 0.025
vt 0.2907 0.0057
vt 0.2908 0.025
vt 0.1853 0.025
vt 0.1853 0.0057
vt 0.2908 0.0057
vt 0.1581 0.025
vt 0.1581 0.0057
vt 0.1852 0.0057
vt 0.1852 0.025
vt 0.3181 0.0057
vt 0.3181 0.025
vt 0.1581 0.025
vt 0.1581 0.0057
vt 0.4577 0.8386
vt 0.4409 0.8386
vt 0.4409 0.6189
vt 0.4577 0.6189
vt 0.4833 0.6501
vt 0.4833 0.807
vt 0.4153 0.807
vt 0.4153 0.6501
vt 0.4781 0.0057
vt 0.4781 0.025
vt 0.4509 0.025
vt 0.4509 0.0057
vt 0.451 0.025
vt 0.3455 0.025
vt 0.3455 0.0057
vt 0.4509 0.0057
vt 0.3181 0.025
vt 0.3181 0.0057
vt 0.3454 0.0057
vt 0.3454 0.025
vt 0.4781 0.0057
vt 0.4781 0.025
vt 0.3181 0.025
vt 0.3181 0.0057
vt 0.4577 0.8386
vt 0.4409 0.8386
vt 0.4409 0.6189
vt 0.4577 0.6189
vt 0.4833 0.6501
vt 0.4833 0.807
vt 0.4153 0.807
vt 0.4153 0.6501
vt 0.638 0.0057
vt 0.6379 0.025
vt 0.6108 0.025
vt 0.6108 0.0057
vt 0.6108 0.025
vt 0.5053 0.025
vt 0.5053 0.0057
vt 0.6108 0.0057
vt 0.4781 0.025
vt 0.4781 0.0057
vt 0.5053 0.0057
vt 0.5053 0.025
vt 0.638 0.0057
vt 0.6379 0.025
vt 0.4781 0.025
vt 0.4781 0.0057
vt 0.4577 0.8383
vt 0.4409 0.8383
vt 0.4409 0.6189
vt 0.4577 0.6189
vt 0.4833 0.6501
vt 0.4833 0.807
vt 0.4153 0.807
vt 0.4153 0.6501
vt 0.7978 0.0057
vt 0.7979 0.025
vt 0.7706 0.025
vt 0.7707 0.0057
vt 0.7706 0.025
vt 0.6651 0.025
vt 0.6652 0.0057
vt 0.7707 0.0057
vt 0.6379 0.025
vt 0.638 0.0057
vt 0.6652 0.0057
vt 0.6651 0.025
vt 0.7978 0.0057
vt 0.7979 0.025
vt 0.6379 0.025
vt 0.638 0.0057
vt 0.4577 0.8383
vt 0.4409 0.8383
vt 0.4409 0.6189
vt 0.4577 0.6189
vt 0.5227 0.4495
vt 0.5728 0.4495
vt 0.5476 0.7571
vt 0.5728 0.4495
vt 0.6248 0.4497
vt 0.5476 0.7571
vt 0.5476 0.7571
vt 0.4705 0.4497
vt 0.5227 0.4495
vt 0.5305 0.4421
vt 0.565 0.4421
vt 0.4754 0.442
vt 0.5305 0.4421
vt 0.565 0.4421
vt 0.619 0.4415
vt 0.5399 0.4136
vt 0.5552 0.4136
vt 0.4755 0.4129
vt 0.5399 0.4136
vt 0.5552 0.4136
vt 0.6188 0.4129
vt 0.4833 0.6501
vt 0.4833 0.807
vt 0.4153 0.807
vt 0.4153 0.6501
vt 0.1581 0.0057
vt 0.1581 0.025
vt 0.1309 0.025
vt 0.1309 0.0057
vt 0.1309 0.025
vt 0.0254 0.025
vt 0.0254 0.0057
vt 0.1309 0.0057
vt 0.0057 0.025
vt 0.0057 0.0057
vt 0.0254 0.0057
vt 0.0254 0.025
vt 0.0254 0.0057
vt 0.0254 0.025
vt 0.1581 0.0057
vt 0.1581 0.025
vt 0.0254 0.0057
vt 0.0254 0.025
vt 0.0057 0.025
vt 0.0057 0.0057
vt 0.556 0.3981
vt 0.6188 0.3981
vt 0.4755 0.3981
vt 0.5406 0.3981
vt 0.5406 0.3981
vt 0.556 0.3981
vt 0.4577 0.8383
vt 0.4409 0.8386
vt 0.4409 0.6189
vt 0.4577 0.6189
vt 0.4833 0.6504
vt 0.4833 0.8074
vt 0.4153 0.8074
vt 0.4153 0.6504
vt 0.3181 0.0057
vt 0.3181 0.025
vt 0.2907 0.025
vt 0.2907 0.0057
vt 0.2908 0.025
vt 0.1853 0.025
vt 0.1853 0.0057
vt 0.2908 0.0057
vt 0.1581 0.025
vt 0.1581 0.0057
vt 0.1852 0.0057
vt 0.1852 0.025
vt 0.3181 0.0057
vt 0.3181 0.025
vt 0.1581 0.025
vt 0.1581 0.0057
vt 0.4577 0.8386
vt 0.4409 0.8386
vt 0.4409 0.6189
vt 0.4577 0.6189
vt 0.4833 0.6501
vt 0.4833 0.807
vt 0.4153 0.807
vt 0.4153 0.6501
vt 0.4781 0.0057
vt 0.4781 0.025
vt 0.4509 0.025
vt 0.4509 0.0057
vt 0.451 0.025
vt 0.3455 0.025
vt 0.3455 0.0057
vt 0.4509 0.0057
vt 0.3181 0.025
vt 0.3181 0.0057
vt 0.3454 0.0057
vt 0.3454 0.025
vt 0.4781 0.0057
vt 0.4781 0.025
vt 0.3181 0.025
vt 0.3181 0.0057
vt 0.4577 0.8386
vt 0.4409 0.8386
vt 0.4409 0.6189
vt 0.4577 0.6189
vt 0.4833 0.6501
vt 0.4833 0.807
vt 0.4153 0.807
vt 0.4153 0.6501
vt 0.638 0.0057
vt 0.6379 0.025
vt 0.6108 0.025
vt 0.6108 0.0057
vt 0.6108 0.025
vt 0.5053 0.025
vt 0.5053 0.0057
vt 0.6108 0.0057
vt 0.4781 0.025
vt 0.4781 0.0057
vt 0.5053 0.0057
vt 0.5053 0.025
vt 0.638 0.0057
vt 0.6379 0.025
vt 0.4781 0.025
vt 0.4781 0.0057
vt 0.4577 0.8383
vt 0.4409 0.8383
vt 0.4409 0.6189
vt 0.4577 0.6189
vt 0.5227 0.4495
vt 0.5728 0.4495
vt 0.5476 0.7571
vt 0.5728 0.4495
vt 0.6248 0.4497
vt 0.5476 0.7571
vt 0.5476 0.7571
vt 0.4705 0.4497
vt 0.5227 0.4495
vt 0.5305 0.4421
vt 0.565 0.4421
vt 0.4754 0.442
vt 0.5305 0.4421
vt 0.565 0.4421
vt 0.619 0.4415
vt 0.5399 0.4136
vt 0.5552 0.4136
vt 0.4755 0.4129
vt 0.5399 0.4136
vt 0.5552 0.4136
vt 0.6188 0.4129
vt 0.4833 0.6501
vt 0.4833 0.807
vt 0.4153 0.807
vt 0.4153 0.6501
vt 0.6386 0.0056
vt 0.6386 0.0249
vt 0.6114 0.0249
vt 0.6114 0.0056
vt 0.6114 0.0249
vt 0.5059 0.0249
vt 0.5059 0.0056
vt 0.6114 0.0056
vt 0.4862 0.0249
vt 0.4862 0.0056
vt 0.5059 0.0056
vt 0.5059 0.0249
vt 0.5059 0.0056
vt 0.5059 0.0249
vt 0.6386 0.0056
vt 0.6386 0.0249
vt 0.5059 0.0056
vt 0.5059 0.0249
vt 0.4862 0.0249
vt 0.4862 0.0056
vt 0.556 0.3981
vt 0.6188 0.3981
vt 0.4755 0.3981
vt 0.5406 0.3981
vt 0.5406 0.3981
vt 0.556 0.3981
vt 0.4577 0.8383
vt 0.4409 0.8386
vt 0.4409 0.6189
vt 0.4577 0.6189
vt 0.4833 0.6504
vt 0.4833 0.8074
vt 0.4153 0.8074
vt 0.4153 0.6504
vt 0.7986 0.0056
vt 0.7986 0.0249
vt 0.7712 0.0249
vt 0.7712 0.0056
vt 0.7713 0.0249
vt 0.6658 0.0249
vt 0.6658 0.0056
vt 0.7713 0.0056
vt 0.6386 0.0249
vt 0.6386 0.0056
vt 0.6658 0.0056
vt 0.6657 0.0249
vt 0.7986 0.0056
vt 0.7986 0.0249
vt 0.6386 0.0249
vt 0.6386 0.0056
vt 0.4577 0.8386
vt 0.4409 0.8386
vt 0.4409 0.6189
vt 0.4577 0.6189
vt 0.4833 0.6501
vt 0.4833 0.807
vt 0.4153 0.807
vt 0.4153 0.6501
vt 0.9586 0.0056
vt 0.9586 0.0249
vt 0.9314 0.0249
vt 0.9314 0.0056
vt 0.9315 0.0249
vt 0.826 0.0249
vt 0.826 0.0056
vt 0.9315 0.0056
vt 0.7986 0.0249
vt 0.7986 0.0056
vt 0.8259 0.0056
vt 0.8259 0.0249
vt 0.9586 0.0056
vt 0.9586 0.0249
vt 0.7986 0.0249
vt 0.7986 0.0056
vt 0.4577 0.8386
vt 0.4409 0.8386
vt 0.4409 0.6189
vt 0.4577 0.6189
vt 0.5227 0.4495
vt 0.5728 0.4495
vt 0.5476 0.7571
vt 0.5728 0.4495
vt 0.6248 0.4497
vt 0.5476 0.7571
vt 0.5476 0.7571
vt 0.4705 0.4497
vt 0.5227 0.4495
vt 0.5305 0.4421
vt 0.565 0.4421
vt 0.4754 0.442
vt 0.5305 0.4421
vt 0.565 0.4421
vt 0.619 0.4415
vt 0.5399 0.4136
vt 0.5552 0.4136
vt 0.4755 0.4129
vt 0.5399 0.4136
vt 0.5552 0.4136
vt 0.6188 0.4129
vt 0.4833 0.6501
vt 0.4833 0.807
vt 0.4153 0.807
vt 0.4153 0.6501
vt 0.6386 0.0056
vt 0.6386 0.0249
vt 0.6114 0.0249
vt 0.6114 0.0056
vt 0.6114 0.0249
vt 0.5059 0.0249
vt 0.5059 0.0056
vt 0.6114 0.0056
vt 0.4862 0.0249
vt 0.4862 0.0056
vt 0.5059 0.0056
vt 0.5059 0.0249
vt 0.5059 0.0056
vt 0.5059 0.0249
vt 0.6386 0.0056
vt 0.6386 0.0249
vt 0.5059 0.0056
vt 0.5059 0.0249
vt 0.4862 0.0249
vt 0.4862 0.0056
vt 0.556 0.3981
vt 0.6188 0.3981
vt 0.4755 0.3981
vt 0.5406 0.3981
vt 0.5406 0.3981
vt 0.556 0.3981
vt 0.4577 0.8383
vt 0.4409 0.8386
vt 0.4409 0.6189
vt 0.4577 0.6189
vt 0.4833 0.6504
vt 0.4833 0.8074
vt 0.4153 0.8074
vt 0.4153 0.6504
vt 0.7986 0.0056
vt 0.7986 0.0249
vt 0.7712 0.0249
vt 0.7712 0.0056
vt 0.7713 0.0249
vt 0.6658 0.0249
vt 0.6658 0.0056
vt 0.7713 0.0056
vt 0.6386 0.0249
vt 0.6386 0.0056
vt 0.6658 0.0056
vt 0.6657 0.0249
vt 0.7986 0.0056
vt 0.7986 0.0249
vt 0.6386 0.0249
vt 0.6386 0.0056
vt 0.4577 0.8386
vt 0.4409 0.8386
vt 0.4409 0.6189
vt 0.4577 0.6189
vt 0.4833 0.6501
vt 0.4833 0.807
vt 0.4153 0.807
vt 0.4153 0.6501
vt 0.9586 0.0056
vt 0.9586 0.0249
vt 0.9314 0.0249
vt 0.9314 0.0056
vt 0.9315 0.0249
vt 0.826 0.0249
vt 0.826 0.0056
vt 0.9315 0.0056
vt 0.7986 0.0249
vt 0.7986 0.0056
vt 0.8259 0.0056
vt 0.8259 0.0249
vt 0.9586 0.0056
vt 0.9586 0.0249
vt 0.7986 0.0249
vt 0.7986 0.0056
vt 0.4577 0.8386
vt 0.4409 0.8386
vt 0.4409 0.6189
vt 0.4577 0.6189
vt 0.5227 0.4495
vt 0.5476 0.7571
vt 0.5728 0.4495
vt 0.5728 0.4495
vt 0.5476 0.7571
vt 0.6248 0.4497
vt 0.5476 0.7571
vt 0.5227 0.4495
vt 0.4705 0.4497
vt 0.565 0.4421
vt 0.5305 0.4421
vt 0.5305 0.4421
vt 0.4754 0.442
vt 0.619 0.4415
vt 0.565 0.4421
vt 0.5552 0.4136
vt 0.5399 0.4136
vt 0.5399 0.4136
vt 0.4755 0.4129
vt 0.6188 0.4129
vt 0.5552 0.4136
vt 0.4833 0.6501
vt 0.4153 0.6501
vt 0.4153 0.807
vt 0.4833 0.807
vt 0.1581 0.0057
vt 0.1309 0.0057
vt 0.1309 0.025
vt 0.1581 0.025
vt 0.1309 0.025
vt 0.1309 0.0057
vt 0.0254 0.0057
vt 0.0254 0.025
vt 0.0057 0.025
vt 0.0254 0.025
vt 0.0254 0.0057
vt 0.0057 0.0057
vt 0.0254 0.0057
vt 0.0254 0.025
vt 0.1581 0.025
vt 0.1581 0.0057
vt 0.0254 0.0057
vt 0.0057 0.0057
vt 0.0057 0.025
vt 0.0254 0.025
vt 0.556 0.3981
vt 0.6188 0.3981
vt 0.4755 0.3981
vt 0.5406 0.3981
vt 0.5406 0.3981
vt 0.556 0.3981
vt 0.4577 0.8383
vt 0.4409 0.8386
vt 0.4409 0.6189
vt 0.4577 0.6189
vt 0.4833 0.6504
vt 0.4153 0.6504
vt 0.4153 0.8074
vt 0.4833 0.8074
vt 0.3181 0.0057
vt 0.2907 0.0057
vt 0.2907 0.025
vt 0.3181 0.025
vt 0.2908 0.025
vt 0.2908 0.0057
vt 0.1853 0.0057
vt 0.1853 0.025
vt 0.1581 0.025
vt 0.1581 0.0057
vt 0.1852 0.0057
vt 0.1852 0.025
vt 0.3181 0.025
vt 0.3181 0.0057
vt 0.1581 0.0057
vt 0.1581 0.025
vt 0.4577 0.8386
vt 0.4409 0.8386
vt 0.4409 0.6189
vt 0.4577 0.6189
vt 0.4833 0.6501
vt 0.4153 0.6501
vt 0.4153 0.807
vt 0.4833 0.807
vt 0.4781 0.0057
vt 0.4509 0.0057
vt 0.4509 0.025
vt 0.4781 0.025
vt 0.451 0.025
vt 0.4509 0.0057
vt 0.3455 0.0057
vt 0.3455 0.025
vt 0.3181 0.025
vt 0.3181 0.0057
vt 0.3454 0.0057
vt 0.3454 0.025
vt 0.4781 0.025
vt 0.4781 0.0057
vt 0.3181 0.0057
vt 0.3181 0.025
vt 0.4577 0.8386
vt 0.4409 0.8386
vt 0.4409 0.6189
vt 0.4577 0.6189
vt 0.4833 0.6501
vt 0.4153 0.6501
vt 0.4153 0.807
vt 0.4833 0.807
vt 0.638 0.0057
vt 0.6108 0.0057
vt 0.6108 0.025
vt 0.6379 0.025
vt 0.6108 0.025
vt 0.6108 0.0057
vt 0.5053 0.0057
vt 0.5053 0.025
vt 0.4781 0.025
vt 0.4781 0.0057
vt 0.5053 0.0057
vt 0.5053 0.025
vt 0.6379 0.025
vt 0.638 0.0057
vt 0.4781 0.0057
vt 0.4781 0.025
vt 0.4577 0.8383
vt 0.4409 0.8383
vt 0.4409 0.6189
vt 0.4577 0.6189
vt 0.4833 0.6501
vt 0.4153 0.6501
vt 0.4153 0.807
vt 0.4833 0.807
vt 0.7978 0.0057
vt 0.7707 0.0057
vt 0.7706 0.025
vt 0.7979 0.025
vt 0.7706 0.025
vt 0.7707 0.0057
vt 0.6652 0.0057
vt 0.6651 0.025
vt 0.6379 0.025
vt 0.638 0.0057
vt 0.6652 0.0057
vt 0.6651 0.025
vt 0.7979 0.025
vt 0.7978 0.0057
vt 0.638 0.0057
vt 0.6379 0.025
vt 0.4577 0.8383
vt 0.4409 0.8383
vt 0.4409 0.6189
vt 0.4577 0.6189
vt 0.4833 0.6501
vt 0.4153 0.6501
vt 0.4153 0.807
vt 0.4833 0.807
vt 0.9577 0.0057
vt 0.9305 0.0057
vt 0.9305 0.025
vt 0.9577 0.025
vt 0.9305 0.025
vt 0.9305 0.0057
vt 0.825 0.0057
vt 0.825 0.025
vt 0.7979 0.025
vt 0.7978 0.0057
vt 0.825 0.0057
vt 0.825 0.025
vt 0.9577 0.025
vt 0.9577 0.0057
vt 0.7978 0.0057
vt 0.7979 0.025
vt 0.4577 0.8383
vt 0.4409 0.8383
vt 0.4409 0.6189
vt 0.4577 0.6189
vt 0.5227 0.4495
vt 0.5476 0.7571
vt 0.5728 0.4495
vt 0.5728 0.4495
vt 0.5476 0.7571
vt 0.6248 0.4497
vt 0.5476 0.7571
vt 0.5227 0.4495
vt 0.4705 0.4497
vt 0.565 0.4421
vt 0.5305 0.4421
vt 0.5305 0.4421
vt 0.4754 0.442
vt 0.619 0.4415
vt 0.565 0.4421
vt 0.5552 0.4136
vt 0.5399 0.4136
vt 0.5399 0.4136
vt 0.4755 0.4129
vt 0.6188 0.4129
vt 0.5552 0.4136
vt 0.4833 0.6501
vt 0.4153 0.6501
vt 0.4153 0.807
vt 0.4833 0.807
vt 0.1581 0.0057
vt 0.1309 0.0057
vt 0.1309 0.025
vt 0.1581 0.025
vt 0.1309 0.025
vt 0.1309 0.0057
vt 0.0254 0.0057
vt 0.0254 0.025
vt 0.0057 0.025
vt 0.0254 0.025
vt 0.0254 0.0057
vt 0.0057 0.0057
vt 0.0254 0.0057
vt 0.0254 0.025
vt 0.1581 0.025
vt 0.1581 0.0057
vt 0.0254 0.0057
vt 0.0057 0.0057
vt 0.0057 0.025
vt 0.0254 0.025
vt 0.556 0.3981
vt 0.6188 0.3981
vt 0.4755 0.3981
vt 0.5406 0.3981
vt 0.5406 0.3981
vt 0.556 0.3981
vt 0.4577 0.8383
vt 0.4409 0.8386
vt 0.4409 0.6189
vt 0.4577 0.6189
vt 0.4833 0.6504
vt 0.4153 0.6504
vt 0.4153 0.8074
vt 0.4833 0.8074
vt 0.3181 0.0057
vt 0.2907 0.0057
vt 0.2907 0.025
vt 0.3181 0.025
vt 0.2908 0.025
vt 0.2908 0.0057
vt 0.1853 0.0057
vt 0.1853 0.025
vt 0.1581 0.025
vt 0.1581 0.0057
vt 0.1852 0.0057
vt 0.1852 0.025
vt 0.3181 0.025
vt 0.3181 0.0057
vt 0.1581 0.0057
vt 0.1581 0.025
vt 0.4577 0.8386
vt 0.4409 0.8386
vt 0.4409 0.6189
vt 0.4577 0.6189
vt 0.4833 0.6501
vt 0.4153 0.6501
vt 0.4153 0.807
vt 0.4833 0.807
vt 0.4781 0.0057
vt 0.4509 0.0057
vt 0.4509 0.025
vt 0.4781 0.025
vt 0.451 0.025
vt 0.4509 0.0057
vt 0.3455 0.0057
vt 0.3455 0.025
vt 0.3181 0.025
vt 0.3181 0.0057
vt 0.3454 0.0057
vt 0.3454 0.025
vt 0.4781 0.025
vt 0.4781 0.0057
vt 0.3181 0.0057
vt 0.3181 0.025
vt 0.4577 0.8386
vt 0.4409 0.8386
vt 0.4409 0.6189
vt 0.4577 0.6189
vt 0.4833 0.6501
vt 0.4153 0.6501
vt 0.4153 0.807
vt 0.4833 0.807
vt 0.638 0.0057
vt 0.6108 0.0057
vt 0.6108 0.025
vt 0.6379 0.025
vt 0.6108 0.025
vt 0.6108 0.0057
vt 0.5053 0.0057
vt 0.5053 0.025
vt 0.4781 0.025
vt 0.4781 0.0057
vt 0.5053 0.0057
vt 0.5053 0.025
vt 0.6379 0.025
vt 0.638 0.0057
vt 0.4781 0.0057
vt 0.4781 0.025
vt 0.4577 0.8383
vt 0.4409 0.8383
vt 0.4409 0.6189
vt 0.4577 0.6189
vt 0.4833 0.6501
vt 0.4153 0.6501
vt 0.4153 0.807
vt 0.4833 0.807
vt 0.7978 0.0057
vt 0.7707 0.0057
vt 0.7706 0.025
vt 0.7979 0.025
vt 0.7706 0.025
vt 0.7707 0.0057
vt 0.6652 0.0057
vt 0.6651 0.025
vt 0.6379 0.025
vt 0.638 0.0057
vt 0.6652 0.0057
vt 0.6651 0.025
vt 0.7979 0.025
vt 0.7978 0.0057
vt 0.638 0.0057
vt 0.6379 0.025
vt 0.4577 0.8383
vt 0.4409 0.8383
vt 0.4409 0.6189
vt 0.4577 0.6189
vt 0.5227 0.4495
vt 0.5476 0.7571
vt 0.5728 0.4495
vt 0.5728 0.4495
vt 0.5476 0.7571
vt 0.6248 0.4497
vt 0.5476 0.7571
vt 0.5227 0.4495
vt 0.4705 0.4497
vt 0.565 0.4421
vt 0.5305 0.4421
vt 0.5305 0.4421
vt 0.4754 0.442
vt 0.619 0.4415
vt 0.565 0.4421
vt 0.5552 0.4136
vt 0.5399 0.4136
vt 0.5399 0.4136
vt 0.4755 0.4129
vt 0.6188 0.4129
vt 0.5552 0.4136
vt 0.4833 0.6501
vt 0.4153 0.6501
vt 0.4153 0.807
vt 0.4833 0.807
vt 0.1581 0.0057
vt 0.1309 0.0057
vt 0.1309 0.025
vt 0.1581 0.025
vt 0.1309 0.025
vt 0.1309 0.0057
vt 0.0254 0.0057
vt 0.0254 0.025
vt 0.0057 0.025
vt 0.0254 0.025
vt 0.0254 0.0057
vt 0.0057 0.0057
vt 0.0254 0.0057
vt 0.0254 0.025
vt 0.1581 0.025
vt 0.1581 0.0057
vt 0.0254 0.0057
vt 0.0057 0.0057
vt 0.0057 0.025
vt 0.0254 0.025
vt 0.556 0.3981
vt 0.6188 0.3981
vt 0.4755 0.3981
vt 0.5406 0.3981
vt 0.5406 0.3981
vt 0.556 0.3981
vt 0.4577 0.8383
vt 0.4409 0.8386
vt 0.4409 0.6189
vt 0.4577 0.6189
vt 0.4833 0.6504
vt 0.4153 0.6504
vt 0.4153 0.8074
vt 0.4833 0.8074
vt 0.3181 0.0057
vt 0.2907 0.0057
vt 0.2907 0.025
vt 0.3181 0.025
vt 0.2908 0.025
vt 0.2908 0.0057
vt 0.1853 0.0057
vt 0.1853 0.025
vt 0.1581 0.025
vt 0.1581 0.0057
vt 0.1852 0.0057
vt 0.1852 0.025
vt 0.3181 0.025
vt 0.3181 0.0057
vt 0.1581 0.0057
vt 0.1581 0.025
vt 0.4577 0.8386
vt 0.4409 0.8386
vt 0.4409 0.6189
vt 0.4577 0.6189
vt 0.4833 0.6501
vt 0.4153 0.6501
vt 0.4153 0.807
vt 0.4833 0.807
vt 0.4781 0.0057
vt 0.4509 0.0057
vt 0.4509 0.025
vt 0.4781 0.025
vt 0.451 0.025
vt 0.4509 0.0057
vt 0.3455 0.0057
vt 0.3455 0.025
vt 0.3181 0.025
vt 0.3181 0.0057
vt 0.3454 0.0057
vt 0.3454 0.025
vt 0.4781 0.025
vt 0.4781 0.0057
vt 0.3181 0.0057
vt 0.3181 0.025
vt 0.4577 0.8386
vt 0.4409 0.8386
vt 0.4409 0.6189
vt 0.4577 0.6189
vt 0.4833 0.6501
vt 0.4153 0.6501
vt 0.4153 0.807
vt 0.4833 0.807
vt 0.638 0.0057
vt 0.6108 0.0057
vt 0.6108 0.025
vt 0.6379 0.025
vt 0.6108 0.025
vt 0.6108 0.0057
vt 0.5053 0.0057
vt 0.5053 0.025
vt 0.4781 0.025
vt 0.4781 0.0057
vt 0.5053 0.0057
vt 0.5053 0.025
vt 0.6379 0.025
vt 0.638 0.0057
vt 0.4781 0.0057
vt 0.4781 0.025
vt 0.4577 0.8383
vt 0.4409 0.8383
vt 0.4409 0.6189
vt 0.4577 0.6189
vt 0.5227 0.4495
vt 0.5476 0.7571
vt 0.5728 0.4495
vt 0.5728 0.4495
vt 0.5476 0.7571
vt 0.6248 0.4497
vt 0.5476 0.7571
vt 0.5227 0.4495
vt 0.4705 0.4497
vt 0.565 0.4421
vt 0.5305 0.4421
vt 0.5305 0.4421
vt 0.4754 0.442
vt 0.619 0.4415
vt 0.565 0.4421
vt 0.5552 0.4136
vt 0.5399 0.4136
vt 0.5399 0.4136
vt 0.4755 0.4129
vt 0.6188 0.4129
vt 0.5552 0.4136
vt 0.4833 0.6501
vt 0.4153 0.6501
vt 0.4153 0.807
vt 0.4833 0.807
vt 0.6386 0.0056
vt 0.6114 0.0056
vt 0.6114 0.0249
vt 0.6386 0.0249
vt 0.6114 0.0249
vt 0.6114 0.0056
vt 0.5059 0.0056
vt 0.5059 0.0249
vt 0.4862 0.0249
vt 0.5059 0.0249
vt 0.5059 0.0056
vt 0.4862 0.0056
vt 0.5059 0.0056
vt 0.5059 0.0249
vt 0.6386 0.0249
vt 0.6386 0.0056
vt 0.5059 0.0056
vt 0.4862 0.0056
vt 0.4862 0.0249
vt 0.5059 0.0249
vt 0.556 0.3981
vt 0.6188 0.3981
vt 0.4755 0.3981
vt 0.5406 0.3981
vt 0.5406 0.3981
vt 0.556 0.3981
vt 0.4577 0.8383
vt 0.4409 0.8386
vt 0.4409 0.6189
vt 0.4577 0.6189
vt 0.4833 0.6504
vt 0.4153 0.6504
vt 0.4153 0.8074
vt 0.4833 0.8074
vt 0.7986 0.0056
vt 0.7712 0.0056
vt 0.7712 0.0249
vt 0.7986 0.0249
vt 0.7713 0.0249
vt 0.7713 0.0056
vt 0.6658 0.0056
vt 0.6658 0.0249
vt 0.6386 0.0249
vt 0.6386 0.0056
vt 0.6658 0.0056
vt 0.6657 0.0249
vt 0.7986 0.0249
vt 0.7986 0.0056
vt 0.6386 0.0056
vt 0.6386 0.0249
vt 0.4577 0.8386
vt 0.4409 0.8386
vt 0.4409 0.6189
vt 0.4577 0.6189
vt 0.4833 0.6501
vt 0.4153 0.6501
vt 0.4153 0.807
vt 0.4833 0.807
vt 0.9586 0.0056
vt 0.9314 0.0056
vt 0.9314 0.0249
vt 0.9586 0.0249
vt 0.9315 0.0249
vt 0.9315 0.0056
vt 0.826 0.0056
vt 0.826 0.0249
vt 0.7986 0.0249
vt 0.7986 0.0056
vt 0.8259 0.0056
vt 0.8259 0.0249
vt 0.9586 0.0249
vt 0.9586 0.0056
vt 0.7986 0.0056
vt 0.7986 0.0249
vt 0.4577 0.8386
vt 0.4409 0.8386
vt 0.4409 0.6189
vt 0.4577 0.6189
vt 0.5227 0.4495
vt 0.5476 0.7571
vt 0.5728 0.4495
vt 0.5728 0.4495
vt 0.5476 0.7571
vt 0.6248 0.4497
vt 0.5476 0.7571
vt 0.5227 0.4495
vt 0.4705 0.4497
vt 0.565 0.4421
vt 0.5305 0.4421
vt 0.5305 0.4421
vt 0.4754 0.442
vt 0.619 0.4415
vt 0.565 0.4421
vt 0.5552 0.4136
vt 0.5399 0.4136
vt 0.5399 0.4136
vt 0.4755 0.4129
vt 0.6188 0.4129
vt 0.5552 0.4136
vt 0.4833 0.6501
vt 0.4153 0.6501
vt 0.4153 0.807
vt 0.4833 0.807
vt 0.6386 0.0056
vt 0.6114 0.0056
vt 0.6114 0.0249
vt 0.6386 0.0249
vt 0.6114 0.0249
vt 0.6114 0.0056
vt 0.5059 0.0056
vt 0.5059 0.0249
vt 0.4862 0.0249
vt 0.5059 0.0249
vt 0.5059 0.0056
vt 0.4862 0.0056
vt 0.5059 0.0056
vt 0.5059 0.0249
vt 0.6386 0.0249
vt 0.6386 0.0056
vt 0.5059 0.0056
vt 0.4862 0.0056
vt 0.4862 0.0249
vt 0.5059 0.0249
vt 0.556 0.3981
vt 0.6188 0.3981
vt 0.4755 0.3981
vt 0.5406 0.3981
vt 0.5406 0.3981
vt 0.556 0.3981
vt 0.4577 0.8383
vt 0.4409 0.8386
vt 0.4409 0.6189
vt 0.4577 0.6189
vt 0.4833 0.6504
vt 0.4153 0.6504
vt 0.4153 0.8074
vt 0.4833 0.8074
vt 0.7986 0.0056
vt 0.7712 0.0056
vt 0.7712 0.0249
vt 0.7986 0.0249
vt 0.7713 0.0249
vt 0.7713 0.0056
vt 0.6658 0.0056
vt 0.6658 0.0249
vt 0.6386 0.0249
vt 0.6386 0.0056
vt 0.6658 0.0056
vt 0.6657 0.0249
vt 0.7986 0.0249
vt 0.7986 0.0056
vt 0.6386 0.0056
vt 0.6386 0.0249
vt 0.4577 0.8386
vt 0.4409 0.8386
vt 0.4409 0.6189
vt 0.4577 0.6189
vt 0.4833 0.6501
vt 0.4153 0.6501
vt 0.4153 0.807
vt 0.4833 0.807
vt 0.9586 0.0056
vt 0.9314 0.0056
vt 0.9314 0.0249
vt 0.9586 0.0249
vt 0.9315 0.0249
vt 0.9315 0.0056
vt 0.826 0.0056
vt 0.826 0.0249
vt 0.7986 0.0249
vt 0.7986 0.0056
vt 0.8259 0.0056
vt 0.8259 0.0249
vt 0.9586 0.0249
vt 0.9586 0.0056
vt 0.7986 0.0056
vt 0.7986 0.0249
vt 0.4577 0.8386
vt 0.4409 0.8386
vt 0.4409 0.6189
vt 0.4577 0.6189
vt 0.5227 0.4495
vt 0.5728 0.4495
vt 0.5476 0.7571
vt 0.5728 0.4495
vt 0.6248 0.4497
vt 0.5476 0.7571
vt 0.5476 0.7571
vt 0.4705 0.4497
vt 0.5227 0.4495
vt 0.5305 0.4421
vt 0.565 0.4421
vt 0.4754 0.442
vt 0.5305 0.4421
vt 0.565 0.4421
vt 0.619 0.4415
vt 0.5399 0.4136
vt 0.5552 0.4136
vt 0.4755 0.4129
vt 0.5399 0.4136
vt 0.5552 0.4136
vt 0.6188 0.4129
vt 0.4833 0.6501
vt 0.4833 0.807
vt 0.4153 0.807
vt 0.4153 0.6501
vt 0.1581 0.0057
vt 0.1581 0.025
vt 0.1309 0.025
vt 0.1309 0.0057
vt 0.1309 0.025
vt 0.0254 0.025
vt 0.0254 0.0057
vt 0.1309 0.0057
vt 0.0057 0.025
vt 0.0057 0.0057
vt 0.0254 0.0057
vt 0.0254 0.025
vt 0.0254 0.0057
vt 0.0254 0.025
vt 0.1581 0.0057
vt 0.1581 0.025
vt 0.0254 0.0057
vt 0.0254 0.025
vt 0.0057 0.025
vt 0.0057 0.0057
vt 0.556 0.3981
vt 0.6188 0.3981
vt 0.4755 0.3981
vt 0.5406 0.3981
vt 0.5406 0.3981
vt 0.556 0.3981
vt 0.4577 0.8383
vt 0.4409 0.8386
vt 0.4409 0.6189
vt 0.4577 0.6189
vt 0.4833 0.6504
vt 0.4833 0.8074
vt 0.4153 0.8074
vt 0.4153 0.6504
vt 0.3181 0.0057
vt 0.3181 0.025
vt 0.2907 0.025
vt 0.2907 0.0057
vt 0.2908 0.025
vt 0.1853 0.025
vt 0.1853 0.0057
vt 0.2908 0.0057
vt 0.1581 0.025
vt 0.1581 0.0057
vt 0.1852 0.0057
vt 0.1852 0.025
vt 0.3181 0.0057
vt 0.3181 0.025
vt 0.1581 0.025
vt 0.1581 0.0057
vt 0.4577 0.8386
vt 0.4409 0.8386
vt 0.4409 0.6189
vt 0.4577 0.6189
vt 0.4833 0.6501
vt 0.4833 0.807
vt 0.4153 0.807
vt 0.4153 0.6501
vt 0.4781 0.0057
vt 0.4781 0.025
vt 0.4509 0.025
vt 0.4509 0.0057
vt 0.451 0.025
vt 0.3455 0.025
vt 0.3455 0.0057
vt 0.4509 0.0057
vt 0.3181 0.025
vt 0.3181 0.0057
vt 0.3454 0.0057
vt 0.3454 0.025
vt 0.4781 0.0057
vt 0.4781 0.025
vt 0.3181 0.025
vt 0.3181 0.0057
vt 0.4577 0.8386
vt 0.4409 0.8386
vt 0.4409 0.6189
vt 0.4577 0.6189
vt 0.4833 0.6501
vt 0.4833 0.807
vt 0.4153 0.807
vt 0.4153 0.6501
vt 0.638 0.0057
vt 0.6379 0.025
vt 0.6108 0.025
vt 0.6108 0.0057
vt 0.6108 0.025
vt 0.5053 0.025
vt 0.5053 0.0057
vt 0.6108 0.0057
vt 0.4781 0.025
vt 0.4781 0.0057
vt 0.5053 0.0057
vt 0.5053 0.025
vt 0.638 0.0057
vt 0.6379 0.025
vt 0.4781 0.025
vt 0.4781 0.0057
vt 0.4577 0.8383
vt 0.4409 0.8383
vt 0.4409 0.6189
vt 0.4577 0.6189
vt 0.4833 0.6501
vt 0.4833 0.807
vt 0.4153 0.807
vt 0.4153 0.6501
vt 0.7978 0.0057
vt 0.7979 0.025
vt 0.7706 0.025
vt 0.7707 0.0057
vt 0.7706 0.025
vt 0.6651 0.025
vt 0.6652 0.0057
vt 0.7707 0.0057
vt 0.6379 0.025
vt 0.638 0.0057
vt 0.6652 0.0057
vt 0.6651 0.025
vt 0.7978 0.0057
vt 0.7979 0.025
vt 0.6379 0.025
vt 0.638 0.0057
vt 0.4577 0.8383
vt 0.4409 0.8383
vt 0.4409 0.6189
vt 0.4577 0.6189
vt 0.4833 0.6501
vt 0.4833 0.807
vt 0.4153 0.807
vt 0.4153 0.6501
vt 0.9577 0.0057
vt 0.9577 0.025
vt 0.9305 0.025
vt 0.9305 0.0057
vt 0.9305 0.025
vt 0.825 0.025
vt 0.825 0.0057
vt 0.9305 0.0057
vt 0.7979 0.025
vt 0.7978 0.0057
vt 0.825 0.0057
vt 0.825 0.025
vt 0.9577 0.0057
vt 0.9577 0.025
vt 0.7979 0.025
vt 0.7978 0.0057
vt 0.4577 0.8383
vt 0.4409 0.8383
vt 0.4409 0.6189
vt 0.4577 0.6189
vt 0.5851 0.299
vt 0.546 0.299
vt 0.546 0.3771
vt 0.546 0.299
vt 0.5069 0.299
vt 0.546 0.3771
vt 0.5851 0.299
vt 0.546 0.3771
vt 0.546 0.299
vt 0.546 0.299
vt 0.546 0.3771
vt 0.5069 0.299
vt 0.546 0.299
vt 0.546 0.3771
vt 0.5851 0.299
vt 0.5069 0.299
vt 0.546 0.3771
vt 0.546 0.299
vt 0.546 0.3771
vt 0.546 0.299
vt 0.5851 0.299
vt 0.546 0.3771
vt 0.5069 0.299
vt 0.546 0.299
vt 0.5851 0.299
vt 0.546 0.299
vt 0.546 0.3771
vt 0.546 0.299
vt 0.5069 0.299
vt 0.546 0.3771
vt 0.5851 0.299
vt 0.546 0.3771
vt 0.546 0.299
vt 0.546 0.299
vt 0.546 0.3771
vt 0.5069 0.299
vt 0.5851 0.299
vt 0.546 0.299
vt 0.546 0.3771
vt 0.546 0.299
vt 0.5069 0.299
vt 0.546 0.3771
vt 0.5851 0.299
vt 0.546 0.3771
vt 0.546 0.299
vt 0.546 0.299
vt 0.546 0.3771
vt 0.5069 0.299
vt 0.546 0.299
vt 0.546 0.3771
vt 0.5851 0.299
vt 0.5069 0.299
vt 0.546 0.3771
vt 0.546 0.299
vt 0.546 0.3771
vt 0.5851 0.299
vt 0.546 0.299
vt 0.546 0.3771
vt 0.546 0.299
vt 0.5069 0.299
vt 0.5851 0.299
vt 0.546 0.299
vt 0.546 0.3771
vt 0.546 0.299
vt 0.5069 0.299
vt 0.546 0.3771
vt 0.5851 0.299
vt 0.546 0.3771
vt 0.546 0.299
vt 0.546 0.299
vt 0.546 0.3771
vt 0.5069 0.299
vt 0.5851 0.299
vt 0.546 0.299
vt 0.546 0.3771
vt 0.546 0.299
vt 0.5069 0.299
vt 0.546 0.3771
vt 0.5851 0.299
vt 0.546 0.3771
vt 0.546 0.299
vt 0.546 0.299
vt 0.546 0.3771
vt 0.5069 0.299
vt 0.5851 0.299
vt 0.546 0.299
vt 0.546 0.3771
vt 0.546 0.299
vt 0.5069 0.299
vt 0.546 0.3771
vt 0.5851 0.299
vt 0.546 0.3771
vt 0.546 0.299
vt 0.546 0.299
vt 0.546 0.3771
vt 0.5069 0.299
vt 0.5851 0.299
vt 0.546 0.299
vt 0.546 0.3771
vt 0.546 0.299
vt 0.5069 0.299
vt 0.546 0.3771
vt 0.5851 0.299
vt 0.546 0.3771
vt 0.546 0.299
vt 0.546 0.299
vt 0.546 0.3771
vt 0.5069 0.299
vt 0.5851 0.299
vt 0.546 0.299
vt 0.546 0.3771
vt 0.546 0.299
vt 0.5069 0.299
vt 0.546 0.3771
vt 0.5851 0.299
vt 0.546 0.3771
vt 0.546 0.299
vt 0.546 0.299
vt 0.546 0.3771
vt 0.5069 0.299
vt 0.546 0.299
vt 0.5851 0.299
vt 0.546 0.3771
vt 0.5069 0.299
vt 0.546 0.299
vt 0.546 0.3771
vt 0.5851 0.299
vt 0.546 0.3771
vt 0.546 0.299
vt 0.546 0.299
vt 0.546 0.3771
vt 0.5069 0.299
vt 0.546 0.299
vt 0.5851 0.299
vt 0.546 0.3771
vt 0.5069 0.299
vt 0.546 0.299
vt 0.546 0.3771
vt 0.5851 0.299
vt 0.546 0.3771
vt 0.546 0.299
vt 0.546 0.299
vt 0.546 0.3771
vt 0.5069 0.299
vt 0.5851 0.299
vt 0.546 0.299
vt 0.546 0.3771
vt 0.546 0.299
vt 0.5069 0.299
vt 0.546 0.3771
vt 0.5851 0.299
vt 0.546 0.3771
vt 0.546 0.299
vt 0.546 0.299
vt 0.546 0.3771
vt 0.5069 0.299
vt 0.546 0.299
vt 0.546 0.3771
vt 0.5851 0.299
vt 0.5069 0.299
vt 0.546 0.3771
vt 0.546 0.299
vt 0.5851 0.299
vt 0.546 0.3771
vt 0.546 0.299
vt 0.546 0.299
vt 0.546 0.3771
vt 0.5069 0.299
vt 0.5851 0.299
vt 0.546 0.299
vt 0.546 0.3771
vt 0.546 0.299
vt 0.5069 0.299
vt 0.546 0.3771
vt 0.5851 0.299
vt 0.546 0.3771
vt 0.546 0.299
vt 0.546 0.299
vt 0.546 0.3771
vt 0.5069 0.299
vt 0.5851 0.299
vt 0.546 0.299
vt 0.546 0.3771
vt 0.546 0.299
vt 0.5069 0.299
vt 0.546 0.3771
vt 0.5851 0.299
vt 0.546 0.3771
vt 0.546 0.299
vt 0.546 0.299
vt 0.546 0.3771
vt 0.5069 0.299
vt 0.5851 0.299
vt 0.546 0.299
vt 0.546 0.3771
vt 0.546 0.299
vt 0.5069 0.299
vt 0.546 0.3771
vt 0.5851 0.299
vt 0.546 0.3771
vt 0.546 0.299
vt 0.546 0.299
vt 0.546 0.3771
vt 0.5069 0.299
vt 0.5851 0.299
vt 0.546 0.299
vt 0.546 0.3771
vt 0.546 0.299
vt 0.5069 0.299
vt 0.546 0.3771
vt 0.5851 0.299
vt 0.546 0.3771
vt 0.546 0.299
vt 0.546 0.299
vt 0.546 0.3771
vt 0.5069 0.299
vt 0.5851 0.299
vt 0.546 0.299
vt 0.546 0.3771
vt 0.546 0.299
vt 0.5069 0.299
vt 0.546 0.3771
vt 0.5851 0.299
vt 0.546 0.3771
vt 0.546 0.299
vt 0.546 0.299
vt 0.546 0.3771
vt 0.5069 0.299
vt 0.5851 0.299
vt 0.546 0.299
vt 0.546 0.3771
vt 0.546 0.299
vt 0.5069 0.299
vt 0.546 0.3771
vt 0.5851 0.299
vt 0.546 0.3771
vt 0.546 0.299
vt 0.546 0.299
vt 0.546 0.3771
vt 0.5069 0.299
vt 0.5851 0.299
vt 0.546 0.299
vt 0.546 0.3771
vt 0.546 0.299
vt 0.5069 0.299
vt 0.546 0.3771
vt 0.5851 0.299
vt 0.546 0.3771
vt 0.546 0.299
vt 0.546 0.299
vt 0.546 0.3771
vt 0.5069 0.299
vt 0.546 0.299
vt 0.546 0.3771
vt 0.5851 0.299
vt 0.5069 0.299
vt 0.546 0.3771
vt 0.546 0.299
vt 0.5851 0.299
vt 0.546 0.3771
vt 0.546 0.299
vt 0.546 0.299
vt 0.546 0.3771
vt 0.5069 0.299
vt 0.5851 0.299
vt 0.546 0.299
vt 0.546 0.3771
vt 0.546 0.299
vt 0.5069 0.299
vt 0.546 0.3771
vt 0.5851 0.299
vt 0.546 0.3771
vt 0.546 0.299
vt 0.546 0.299
vt 0.546 0.3771
vt 0.5069 0.299
vt 0.5851 0.299
vt 0.546 0.299
vt 0.546 0.3771
vt 0.546 0.299
vt 0.5069 0.299
vt 0.546 0.3771
vt 0.5851 0.299
vt 0.546 0.3771
vt 0.546 0.299
vt 0.546 0.299
vt 0.546 0.3771
vt 0.5069 0.299
vt 0.5851 0.299
vt 0.546 0.299
vt 0.546 0.3771
vt 0.546 0.299
vt 0.5069 0.299
vt 0.546 0.3771
vt 0.5851 0.299
vt 0.546 0.3771
vt 0.546 0.299
vt 0.546 0.299
vt 0.546 0.3771
vt 0.5069 0.299
vt 0.5851 0.299
vt 0.546 0.299
vt 0.546 0.3771
vt 0.546 0.299
vt 0.5069 0.299
vt 0.546 0.3771
vt 0.5851 0.299
vt 0.546 0.3771
vt 0.546 0.299
vt 0.546 0.299
vt 0.546 0.3771
vt 0.5069 0.299
vt 0.5851 0.299
vt 0.546 0.299
vt 0.546 0.3771
vt 0.546 0.299
vt 0.5069 0.299
vt 0.546 0.3771
vt 0.5851 0.299
vt 0.546 0.3771
vt 0.546 0.299
vt 0.546 0.299
vt 0.546 0.3771
vt 0.5069 0.299
vt 0.546 0.299
vt 0.546 0.3771
vt 0.5851 0.299
vt 0.5069 0.299
vt 0.546 0.3771
vt 0.546 0.299
vt 0.5851 0.299
vt 0.546 0.3771
vt 0.546 0.299
vt 0.546 0.299
vt 0.546 0.3771
vt 0.5069 0.299
vt 0.5851 0.299
vt 0.546 0.299
vt 0.546 0.3771
vt 0.546 0.299
vt 0.5069 0.299
vt 0.546 0.3771
vt 0.5851 0.299
vt 0.546 0.3771
vt 0.546 0.299
vt 0.546 0.299
vt 0.546 0.3771
vt 0.5069 0.299
vt 0.5851 0.299
vt 0.546 0.299
vt 0.546 0.3771
vt 0.546 0.299
vt 0.5069 0.299
vt 0.546 0.3771
vt 0.5851 0.299
vt 0.546 0.3771
vt 0.546 0.299
vt 0.546 0.299
vt 0.546 0.3771
vt 0.5069 0.299
vt 0.5851 0.299
vt 0.546 0.299
vt 0.546 0.3771
vt 0.546 0.299
vt 0.5069 0.299
vt 0.546 0.3771
vt 0.5851 0.299
vt 0.546 0.3771
vt 0.546 0.299
vt 0.546 0.299
vt 0.546 0.3771
vt 0.5069 0.299
vt 0.5851 0.299
vt 0.546 0.299
vt 0.546 0.3771
vt 0.546 0.299
vt 0.5069 0.299
vt 0.546 0.3771
vt 0.5851 0.299
vt 0.546 0.3771
vt 0.546 0.299
vt 0.546 0.299
vt 0.546 0.3771
vt 0.5069 0.299
vt 0.5851 0.299
vt 0.546 0.299
vt 0.546 0.3771
vt 0.546 0.299
vt 0.5069 0.299
vt 0.546 0.3771
vt 0.5851 0.299
vt 0.546 0.3771
vt 0.546 0.299
vt 0.546 0.299
vt 0.546 0.3771
vt 0.5069 0.299
vt 0.5851 0.299
vt 0.546 0.299
vt 0.546 0.3771
vt 0.546 0.299
vt 0.5069 0.299
vt 0.546 0.3771
vt 0.5851 0.299
vt 0.546 0.3771
vt 0.546 0.299
vt 0.546 0.299
vt 0.546 0.3771
vt 0.5069 0.299
vt 0.5851 0.299
vt 0.546 0.299
vt 0.546 0.3771
vt 0.546 0.299
vt 0.5069 0.299
vt 0.546 0.3771
vt 0.5851 0.299
vt 0.546 0.3771
vt 0.546 0.299
vt 0.546 0.299
vt 0.546 0.3771
vt 0.5069 0.299
vt 0.5851 0.299
vt 0.546 0.299
vt 0.546 0.3771
vt 0.546 0.299
vt 0.5069 0.299
vt 0.546 0.3771
vt 0.5851 0.299
vt 0.546 0.3771
vt 0.546 0.299
vt 0.546 0.299
vt 0.546 0.3771
vt 0.5069 0.299
vt 0.5851 0.299
vt 0.546 0.299
vt 0.546 0.3771
vt 0.546 0.299
vt 0.5069 0.299
vt 0.546 0.3771
vt 0.5851 0.299
vt 0.546 0.3771
vt 0.546 0.299
vt 0.546 0.299
vt 0.546 0.3771
vt 0.5069 0.299
vt 0.5851 0.299
vt 0.546 0.299
vt 0.546 0.3771
vt 0.546 0.299
vt 0.5069 0.299
vt 0.546 0.3771
vt 0.5851 0.299
vt 0.546 0.3771
vt 0.546 0.299
vt 0.546 0.299
vt 0.546 0.3771
vt 0.5069 0.299
vt 0.5851 0.299
vt 0.546 0.299
vt 0.546 0.3771
vt 0.546 0.299
vt 0.5069 0.299
vt 0.546 0.3771
vt 0.5851 0.299
vt 0.546 0.3771
vt 0.546 0.299
vt 0.546 0.299
vt 0.546 0.3771
vt 0.5069 0.299
vt 0.5851 0.299
vt 0.546 0.299
vt 0.546 0.3771
vt 0.546 0.299
vt 0.5069 0.299
vt 0.546 0.3771
vt 0.5851 0.299
vt 0.546 0.3771
vt 0.546 0.299
vt 0.546 0.299
vt 0.546 0.3771
vt 0.5069 0.299
vt 0.5851 0.299
vt 0.546 0.299
vt 0.546 0.3771
vt 0.546 0.299
vt 0.5069 0.299
vt 0.546 0.3771
vt 0.5851 0.299
vt 0.546 0.3771
vt 0.546 0.299
vt 0.546 0.299
vt 0.546 0.3771
vt 0.5069 0.299
vt 0.5851 0.299
vt 0.546 0.299
vt 0.546 0.3771
vt 0.546 0.299
vt 0.5069 0.299
vt 0.546 0.3771
vt 0.5851 0.299
vt 0.546 0.3771
vt 0.546 0.299
vt 0.546 0.299
vt 0.546 0.3771
vt 0.5069 0.299
vt 0.5851 0.299
vt 0.546 0.299
vt 0.546 0.3771
vt 0.546 0.299
vt 0.5069 0.299
vt 0.546 0.3771
vt 0.5851 0.299
vt 0.546 0.3771
vt 0.546 0.299
vt 0.546 0.299
vt 0.546 0.3771
vt 0.5069 0.299
vt 0.5851 0.299
vt 0.546 0.299
vt 0.546 0.3771
vt 0.546 0.299
vt 0.5069 0.299
vt 0.546 0.3771
vt 0.5851 0.299
vt 0.546 0.3771
vt 0.546 0.299
vt 0.546 0.299
vt 0.546 0.3771
vt 0.5069 0.299
vt 0.5851 0.299
vt 0.546 0.299
vt 0.546 0.3771
vt 0.546 0.299
vt 0.5069 0.299
vt 0.546 0.3771
vt 0.5851 0.299
vt 0.546 0.3771
vt 0.546 0.299
vt 0.546 0.299
vt 0.546 0.3771
vt 0.5069 0.299
vt 0.5851 0.299
vt 0.546 0.299
vt 0.546 0.3771
vt 0.546 0.299
vt 0.5069 0.299
vt 0.546 0.3771
vt 0.5851 0.299
vt 0.546 0.3771
vt 0.546 0.299
vt 0.546 0.299
vt 0.546 0.3771
vt 0.5069 0.299
vt 0.5851 0.299
vt 0.546 0.299
vt 0.546 0.3771
vt 0.546 0.299
vt 0.5069 0.299
vt 0.546 0.3771
vt 0.5851 0.299
vt 0.546 0.3771
vt 0.546 0.299
vt 0.546 0.299
vt 0.546 0.3771
vt 0.5069 0.299
vt 0.5851 0.299
vt 0.546 0.299
vt 0.546 0.3771
vt 0.546 0.299
vt 0.5069 0.299
vt 0.546 0.3771
vt 0.546 0.3771
vt 0.546 0.299
vt 0.5851 0.299
vt 0.546 0.3771
vt 0.5069 0.299
vt 0.546 0.299
vt 0.9761 0.004
vt 0.9855 0.004
vt 0.9855 0.9988
vt 0.9761 0.9988
vt 0.9666 0.004
vt 0.9761 0.004
vt 0.9761 0.9988
vt 0.9666 0.9988
vt 0.9761 0.004
vt 0.9855 0.004
vt 0.9855 0.9988
vt 0.9761 0.9988
vt 0.9666 0.004
vt 0.9761 0.004
vt 0.9761 0.9988
vt 0.9666 0.9988
vt 0.9761 0.004
vt 0.9855 0.004
vt 0.9855 0.9988
vt 0.9761 0.9988
vt 0.9666 0.004
vt 0.9761 0.004
vt 0.9761 0.9988
vt 0.9666 0.9988
vt 0.9761 0.004
vt 0.9855 0.004
vt 0.9855 0.9988
vt 0.9761 0.9988
vt 0.9666 0.004
vt 0.9761 0.004
vt 0.9761 0.9988
vt 0.9666 0.9988
vt 0.9761 0.004
vt 0.9855 0.004
vt 0.9855 0.9988
vt 0.9761 0.9988
vt 0.9666 0.004
vt 0.9761 0.004
vt 0.9761 0.9988
vt 0.9666 0.9988
vt 0.9761 0.004
vt 0.9855 0.004
vt 0.9855 0.9988
vt 0.9761 0.9988
vt 0.9666 0.004
vt 0.9761 0.004
vt 0.9761 0.9988
vt 0.9666 0.9988
f 1/1/1 3/3/3 2/2/2
f 4/4/4 6/6/6 5/5/5
f 7/7/7 9/9/9 8/8/8
f 2/2/2 10/10/10 1/1/1
f 10/10/10 2/2/2 11/11/11
f 9/9/9 12/12/12 8/8/8
f 12/12/12 9/9/9 13/13/13
f 5/5/5 14/14/14 4/4/4
f 14/14/14 5/5/5 15/15/15
f 11/11/11 16/16/16 10/10/10
f 16/16/16 11/11/11 17/17/17
f 13/13/13 18/18/18 12/12/12
f 18/18/18 13/13/13 19/19/19
f 15/15/15 20/20/20 14/14/14
f 20/20/20 15/15/15 21/21/21
f 22/22/22 24/24/24 23/23/23
f 24/24/24 22/22/22 25/25/25
f 26/26/26 28/28/28 27/27/27
f 28/28/28 26/26/26 29/29/29
f 30/30/30 32/32/32 31/31/31
f 32/32/32 30/30/30 33/33/33
f 34/34/34 36/36/36 35/35/35
f 36/36/36 34/34/34 37/37/37
f 38/38/38 28/28/28 29/29/29
f 28/28/28 38/38/38 39/39/39
f 30/30/30 40/40/40 33/33/33
f 40/40/40 30/30/30 41/41/41
f 42/42/42 44/44/44 43/43/43
f 44/44/44 42/42/42 45/45/45
f 46/46/46 21/21/21 47/47/47
f 21/21/21 46/46/46 20/20/20
f 48/48/48 19/19/19 49/49/49
f 19/19/19 48/48/48 18/18/18
f 50/50/50 17/17/17 51/51/51
f 17/17/17 50/50/50 16/16/16
f 52/52/52 24/24/24 53/53/53
f 24/24/24 52/52/52 23/23/23
f 54/54/54 22/22/22 55/55/55
f 22/22/22 54/54/54 25/25/25
f 56/56/56 58/58/58 57/57/57
f 58/58/58 56/56/56 59/59/59
f 60/60/60 62/62/62 61/61/61
f 62/62/62 60/60/60 63/63/63
f 64/64/64 66/66/66 65/65/65
f 66/66/66 64/64/64 67/67/67
f 68/68/68 66/66/66 69/69/69
f 66/66/66 68/68/68 65/65/65
f 70/70/70 62/62/62 63/63/63
f 62/62/62 70/70/70 71/71/71
f 64/64/64 72/72/72 67/67/67
f 72/72/72 64/64/64 73/73/73
f 70/70/70 74/74/74 71/71/71
f 74/74/74 70/70/70 75/75/75
f 76/76/76 58/58/58 77/77/77
f 58/58/58 76/76/76 57/57/57
f 78/78/78 56/56/56 79/79/79
f 56/56/56 78/78/78 59/59/59
f 80/80/80 82/82/82 81/81/81
f 82/82/82 80/80/80 83/83/83
f 84/84/84 86/86/86 85/85/85
f 86/86/86 84/84/84 87/87/87
f 88/88/88 90/90/90 89/89/89
f 90/90/90 88/88/88 91/91/91
f 92/92/92 90/90/90 93/93/93
f 90/90/90 92/92/92 89/89/89
f 94/94/94 86/86/86 87/87/87
f 86/86/86 94/94/94 95/95/95
f 88/88/88 96/96/96 91/91/91
f 96/96/96 88/88/88 97/97/97
f 94/94/94 98/98/98 95/95/95
f 98/98/98 94/94/94 99/99/99
f 100/100/100 82/82/82 101/101/101
f 82/82/82 100/100/100 81/81/81
f 102/102/102 80/80/80 103/103/103
f 80/80/80 102/102/102 83/83/83
f 104/104/104 106/106/106 105/105/105
f 106/106/106 104/104/104 107/107/107
f 108/108/108 110/110/110 109/109/109
f 110/110/110 108/108/108 111/111/111
f 112/112/112 114/114/114 113/113/113
f 114/114/114 112/112/112 115/115/115
f 116/116/116 114/114/114 117/117/117
f 114/114/114 116/116/116 113/113/113
f 118/118/118 110/110/110 111/111/111
f 110/110/110 118/118/118 119/119/119
f 112/112/112 120/120/120 115/115/115
f 120/120/120 112/112/112 121/121/121
f 118/118/118 122/122/122 119/119/119
f 122/122/122 118/118/118 123/123/123
f 124/124/124 106/106/106 125/125/125
f 106/106/106 124/124/124 105/105/105
f 126/126/126 104/104/104 127/127/127
f 104/104/104 126/126/126 107/107/107
f 128/128/128 130/130/130 129/129/129
f 130/130/130 128/128/128 131/131/131
f 132/132/132 134/134/134 133/133/133
f 134/134/134 132/132/132 135/135/135
f 136/136/136 138/138/138 137/137/137
f 138/138/138 136/136/136 139/139/139
f 140/140/140 138/138/138 141/141/141
f 138/138/138 140/140/140 137/137/137
f 142/142/142 134/134/134 135/135/135
f 134/134/134 142/142/142 143/143/143
f 136/136/136 144/144/144 139/139/139
f 144/144/144 136/136/136 145/145/145
f 142/142/142 146/146/146 143/143/143
f 146/146/146 142/142/142 147/147/147
f 148/148/148 130/130/130 149/149/149
f 130/130/130 148/148/148 129/129/129
f 150/150/150 128/128/128 151/151/151
f 128/128/128 150/150/150 131/131/131
f 152/152/152 154/154/154 153/153/153
f 154/154/154 152/152/152 155/155/155
f 156/156/156 158/158/158 157/157/157
f 158/158/158 156/156/156 159/159/159
f 160/160/160 162/162/162 161/161/161
f 162/162/162 160/160/160 163/163/163
f 164/164/164 162/162/162 165/165/165
f 162/162/162 164/164/164 161/161/161
f 166/166/166 158/158/158 159/159/159
f 158/158/158 166/166/166 167/167/167
f 160/160/160 168/168/168 163/163/163
f 168/168/168 160/160/160 169/169/169
f 166/166/166 170/170/170 167/167/167
f 170/170/170 166/166/166 171/171/171
f 172/172/172 154/154/154 173/173/173
f 154/154/154 172/172/172 153/153/153
f 174/174/174 152/152/152 175/175/175
f 152/152/152 174/174/174 155/155/155
f 176/176/176 178/178/178 177/177/177
f 179/179/179 181/181/181 180/180/180
f 182/182/182 184/184/184 183/183/183
f 177/177/177 185/185/185 176/176/176
f 185/185/185 177/177/177 186/186/186
f 184/184/184 187/187/187 183/183/183
f 187/187/187 184/184/184 188/188/188
f 180/180/180 189/189/189 179/179/179
f 189/189/189 180/180/180 190/190/190
f 186/186/186 191/191/191 185/185/185
f 191/191/191 186/186/186 192/192/192
f 188/188/188 193/193/193 187/187/187
f 193/193/193 188/188/188 194/194/194
f 190/190/190 195/195/195 189/189/189
f 195/195/195 190/190/190 196/196/196
f 197/197/197 199/199/199 198/198/198
f 199/199/199 197/197/197 200/200/200
f 201/201/201 203/203/203 202/202/202
f 203/203/203 201/201/201 204/204/204
f 205/205/205 207/207/207 206/206/206
f 207/207/207 205/205/205 208/208/208
f 209/209/209 211/211/211 210/210/210
f 211/211/211 209/209/209 212/212/212
f 213/213/213 203/203/203 204/204/204
f 203/203/203 213/213/213 214/214/214
f 205/205/205 215/215/215 208/208/208
f 215/215/215 205/205/205 216/216/216
f 217/217/217 219/219/219 218/218/218
f 219/219/219 217/217/217 220/220/220
f 221/221/221 196/196/196 222/222/222
f 196/196/196 221/221/221 195/195/195
f 223/223/223 194/194/194 224/224/224
f 194/194/194 223/223/223 193/193/193
f 225/225/225 192/192/192 226/226/226
f 192/192/192 225/225/225 191/191/191
f 227/227/227 199/199/199 228/228/228
f 199/199/199 227/227/227 198/198/198
f 229/229/229 197/197/197 230/230/230
f 197/197/197 229/229/229 200/200/200
f 231/231/231 233/233/233 232/232/232
f 233/233/233 231/231/231 234/234/234
f 235/235/235 237/237/237 236/236/236
f 237/237/237 235/235/235 238/238/238
f 239/239/239 241/241/241 240/240/240
f 241/241/241 239/239/239 242/242/242
f 243/243/243 241/241/241 244/244/244
f 241/241/241 243/243/243 240/240/240
f 245/245/245 237/237/237 238/238/238
f 237/237/237 245/245/245 246/246/246
f 239/239/239 247/247/247 242/242/242
f 247/247/247 239/239/239 248/248/248
f 245/245/245 249/249/249 246/246/246
f 249/249/249 245/245/245 250/250/250
f 251/251/251 233/233/233 252/252/252
f 233/233/233 251/251/251 232/232/232
f 253/253/253 231/231/231 254/254/254
f 231/231/231 253/253/253 234/234/234
f 255/255/255 257/257/257 256/256/256
f 257/257/257 255/255/255 258/258/258
f 259/259/259 261/261/261 260/260/260
f 261/261/261 259/259/259 262/262/262
f 263/263/263 265/265/265 264/264/264
f 265/265/265 263/263/263 266/266/266
f 267/267/267 265/265/265 268/268/268
f 265/265/265 267/267/267 264/264/264
f 269/269/269 261/261/261 262/262/262
f 261/261/261 269/269/269 270/270/270
f 263/263/263 271/271/271 266/266/266
f 271/271/271 263/263/263 272/272/272
f 269/269/269 273/273/273 270/270/270
f 273/273/273 269/269/269 274/274/274
f 275/275/275 257/257/257 276/276/276
f 257/257/257 275/275/275 256/256/256
f 277/277/277 255/255/255 278/278/278
f 255/255/255 277/277/277 258/258/258
f 279/279/279 281/281/281 280/280/280
f 281/281/281 279/279/279 282/282/282
f 283/283/283 285/285/285 284/284/284
f 285/285/285 283/283/283 286/286/286
f 287/287/287 289/289/289 288/288/288
f 289/289/289 287/287/287 290/290/290
f 291/291/291 289/289/289 292/292/292
f 289/289/289 291/291/291 288/288/288
f 293/293/293 285/285/285 286/286/286
f 285/285/285 293/293/293 294/294/294
f 287/287/287 295/295/295 290/290/290
f 295/295/295 287/287/287 296/296/296
f 293/293/293 297/297/297 294/294/294
f 297/297/297 293/293/293 298/298/298
f 299/299/299 281/281/281 300/300/300
f 281/281/281 299/299/299 280/280/280
f 301/301/301 279/279/279 302/302/302
f 279/279/279 301/301/301 282/282/282
f 303/303/303 305/305/305 304/304/304
f 305/305/305 303/303/303 306/306/306
f 307/307/307 309/309/309 308/308/308
f 309/309/309 307/307/307 310/310/310
f 311/311/311 313/313/313 312/312/312
f 313/313/313 311/311/311 314/314/314
f 315/315/315 313/313/313 316/316/316
f 313/313/313 315/315/315 312/312/312
f 317/317/317 309/309/309 310/310/310
f 309/309/309 317/317/317 318/318/318
f 311/311/311 319/319/319 314/314/314
f 319/319/319 311/311/311 320/320/320
f 317/317/317 321/321/321 318/318/318
f 321/321/321 317/317/317 322/322/322
f 323/323/323 305/305/305 324/324/324
f 305/305/305 323/323/323 304/304/304
f 325/325/325 303/303/303 326/326/326
f 303/303/303 325/325/325 306/306/306
f 327/327/327 329/329/329 328/328/328
f 330/330/330 332/332/332 331/331/331
f 333/333/333 335/335/335 334/334/334
f 328/328/328 336/336/336 327/327/327
f 336/336/336 328/328/328 337/337/337
f 335/335/335 338/338/338 334/334/334
f 338/338/338 335/335/335 339/339/339
f 331/331/331 340/340/340 330/330/330
f 340/340/340 331/331/331 341/341/341
f 337/337/337 342/342/342 336/336/336
f 342/342/342 337/337/337 343/343/343
f 339/339/339 344/344/344 338/338/338
f 344/344/344 339/339/339 345/345/345
f 341/341/341 346/346/346 340/340/340
f 346/346/346 341/341/341 347/347/347
f 348/348/348 350/350/350 349/349/349
f 350/350/350 348/348/348 351/351/351
f 352/352/352 354/354/354 353/353/353
f 354/354/354 352/352/352 355/355/355
f 356/356/356 358/358/358 357/357/357
f 358/358/358 356/356/356 359/359/359
f 360/360/360 362/362/362 361/361/361
f 362/362/362 360/360/360 363/363/363
f 364/364/364 354/354/354 355/355/355
f 354/354/354 364/364/364 365/365/365
f 356/356/356 366/366/366 359/359/359
f 366/366/366 356/356/356 367/367/367
f 368/368/368 370/370/370 369/369/369
f 370/370/370 368/368/368 371/371/371
f 372/372/372 347/347/347 373/373/373
f 347/347/347 372/372/372 346/346/346
f 374/374/374 345/345/345 375/375/375
f 345/345/345 374/374/374 344/344/344
f 376/376/376 343/343/343 377/377/377
f 343/343/343 376/376/376 342/342/342
f 378/378/378 350/350/350 379/379/379
f 350/350/350 378/378/378 349/349/349
f 380/380/380 348/348/348 381/381/381
f 348/348/348 380/380/380 351/351/351
f 382/382/382 384/384/384 383/383/383
f 384/384/384 382/382/382 385/385/385
f 386/386/386 388/388/388 387/387/387
f 388/388/388 386/386/386 389/389/389
f 390/390/390 392/392/392 391/391/391
f 392/392/392 390/390/390 393/393/393
f 394/394/394 392/392/392 395/395/395
f 392/392/392 394/394/394 391/391/391
f 396/396/396 388/388/388 389/389/389
f 388/388/388 396/396/396 397/397/397
f 390/390/390 398/398/398 393/393/393
f 398/398/398 390/390/390 399/399/399
f 396/396/396 400/400/400 397/397/397
f 400/400/400 396/396/396 401/401/401
f 402/402/402 384/384/384 403/403/403
f 384/384/384 402/402/402 383/383/383
f 404/404/404 382/382/382 405/405/405
f 382/382/382 404/404/404 385/385/385
f 406/406/406 408/408/408 407/407/407
f 408/408/408 406/406/406 409/409/409
f 410/410/410 412/412/412 411/411/411
f 412/412/412 410/410/410 413/413/413
f 414/414/414 416/416/416 415/415/415
f 416/416/416 414/414/414 417/417/417
f 418/418/418 416/416/416 419/419/419
f 416/416/416 418/418/418 415/415/415
f 420/420/420 412/412/412 413/413/413
f 412/412/412 420/420/420 421/421/421
f 414/414/414 422/422/422 417/417/417
f 422/422/422 414/414/414 423/423/423
f 420/420/420 424/424/424 421/421/421
f 424/424/424 420/420/420 425/425/425
f 426/426/426 408/408/408 427/427/427
f 408/408/408 426/426/426 407/407/407
f 428/428/428 406/406/406 429/429/429
f 406/406/406 428/428/428 409/409/409
f 430/430/430 432/432/432 431/431/431
f 432/432/432 430/430/430 433/433/433
f 434/434/434 436/436/436 435/435/435
f 436/436/436 434/434/434 437/437/437
f 438/438/438 440/440/440 439/439/439
f 440/440/440 438/438/438 441/441/441
f 442/442/442 440/440/440 443/443/443
f 440/440/440 442/442/442 439/439/439
f 444/444/444 436/436/436 437/437/437
f 436/436/436 444/444/444 445/445/445
f 438/438/438 446/446/446 441/441/441
f 446/446/446 438/438/438 447/447/447
f 444/444/444 448/448/448 445/445/445
f 448/448/448 444/444/444 449/449/449
f 450/450/450 432/432/432 451/451/451
f 432/432/432 450/450/450 431/431/431
f 452/452/452 430/430/430 453/453/453
f 430/430/430 452/452/452 433/433/433
f 454/454/454 456/456/456 455/455/455
f 457/457/457 459/459/459 458/458/458
f 460/460/460 462/462/462 461/461/461
f 455/455/455 463/463/463 454/454/454
f 463/463/463 455/455/455 464/464/464
f 462/462/462 465/465/465 461/461/461
f 465/465/465 462/462/462 466/466/466
f 458/458/458 467/467/467 457/457/457
f 467/467/467 458/458/458 468/468/468
f 464/464/464 469/469/469 463/463/463
f 469/469/469 464/464/464 470/470/470
f 466/466/466 471/471/471 465/465/465
f 471/471/471 466/466/466 472/472/472
f 468/468/468 473/473/473 467/467/467
f 473/473/473 468/468/468 474/474/474
f 475/475/475 477/477/477 476/476/476
f 477/477/477 475/475/475 478/478/478
f 479/479/479 481/481/481 480/480/480
f 481/481/481 479/479/479 482/482/482
f 483/483/483 485/485/485 484/484/484
f 485/485/485 483/483/483 486/486/486
f 487/487/487 489/489/489 488/488/488
f 489/489/489 487/487/487 490/490/490
f 491/491/491 481/481/481 482/482/482
f 481/481/481 491/491/491 492/492/492
f 483/483/483 493/493/493 486/486/486
f 493/493/493 483/483/483 494/494/494
f 495/495/495 497/497/497 496/496/496
f 497/497/497 495/495/495 498/498/498
f 499/499/499 474/474/474 500/500/500
f 474/474/474 499/499/499 473/473/473
f 501/501/501 472/472/472 502/502/502
f 472/472/472 501/501/501 471/471/471
f 503/503/503 470/470/470 504/504/504
f 470/470/470 503/503/503 469/469/469
f 505/505/505 477/477/477 506/506/506
f 477/477/477 505/505/505 476/476/476
f 507/507/507 475/475/475 508/508/508
f 475/475/475 507/507/507 478/478/478
f 509/509/509 511/511/511 510/510/510
f 511/511/511 509/509/509 512/512/512
f 513/513/513 515/515/515 514/514/514
f 515/515/515 513/513/513 516/516/516
f 517/517/517 519/519/519 518/518/518
f 519/519/519 517/517/517 520/520/520
f 521/521/521 519/519/519 522/522/522
f 519/519/519 521/521/521 518/518/518
f 523/523/523 515/515/515 516/516/516
f 515/515/515 523/523/523 524/524/524
f 517/517/517 525/525/525 520/520/520
f 525/525/525 517/517/517 526/526/526
f 523/523/523 527/527/527 524/524/524
f 527/527/527 523/523/523 528/528/528
f 529/529/529 511/511/511 530/530/530
f 511/511/511 529/529/529 510/510/510
f 531/531/531 509/509/509 532/532/532
f 509/509/509 531/531/531 512/512/512
f 533/533/533 535/535/535 534/534/534
f 535/535/535 533/533/533 536/536/536
f 537/537/537 539/539/539 538/538/538
f 539/539/539 537/537/537 540/540/540
f 541/541/541 543/543/543 542/542/542
f 543/543/543 541/541/541 544/544/544
f 545/545/545 543/543/543 546/546/546
f 543/543/543 545/545/545 542/542/542
f 547/547/547 539/539/539 540/540/540
f 539/539/539 547/547/547 548/548/548
f 541/541/541 549/549/549 544/544/544
f 549/549/549 541/541/541 550/550/550
f 547/547/547 551/551/551 548/548/548
f 551/551/551 547/547/547 552/552/552
f 553/553/553 535/535/535 554/554/554
f 535/535/535 553/553/553 534/534/534
f 555/555/555 533/533/533 556/556/556
f 533/533/533 555/555/555 536/536/536
f 557/557/557 559/559/559 558/558/558
f 560/560/560 562/562/562 561/561/561
f 563/563/563 565/565/565 564/564/564
f 558/558/558 566/566/566 557/557/557
f 566/566/566 558/558/558 567/567/567
f 565/565/565 568/568/568 564/564/564
f 568/568/568 565/565/565 569/569/569
f 561/561/561 570/570/570 560/560/560
f 570/570/570 561/561/561 571/571/571
f 567/567/567 572/572/572 566/566/566
f 572/572/572 567/567/567 573/573/573
f 569/569/569 574/574/574 568/568/568
f 574/574/574 569/569/569 575/575/575
f 571/571/571 576/576/576 570/570/570
f 576/576/576 571/571/571 577/577/577
f 578/578/578 580/580/580 579/579/579
f 580/580/580 578/578/578 581/581/581
f 582/582/582 584/584/584 583/583/583
f 584/584/584 582/582/582 585/585/585
f 586/586/586 588/588/588 587/587/587
f 588/588/588 586/586/586 589/589/589
f 590/590/590 592/592/592 591/591/591
f 592/592/592 590/590/590 593/593/593
f 594/594/594 584/584/584 585/585/585
f 584/584/584 594/594/594 595/595/595
f 586/586/586 596/596/596 589/589/589
f 596/596/596 586/586/586 597/597/597
f 598/598/598 600/600/600 599/599/599
f 600/600/600 598/598/598 601/601/601
f 602/602/602 577/577/577 603/603/603
f 577/577/577 602/602/602 576/576/576
f 604/604/604 575/575/575 605/605/605
f 575/575/575 604/604/604 574/574/574
f 606/606/606 573/573/573 607/607/607
f 573/573/573 606/606/606 572/572/572
f 608/608/608 580/580/580 609/609/609
f 580/580/580 608/608/608 579/579/579
f 610/610/610 578/578/578 611/611/611
f 578/578/578 610/610/610 581/581/581
f 612/612/612 614/614/614 613/613/613
f 614/614/614 612/612/612 615/615/615
f 616/616/616 618/618/618 617/617/617
f 618/618/618 616/616/616 619/619/619
f 620/620/620 622/622/622 621/621/621
f 622/622/622 620/620/620 623/623/623
f 624/624/624 622/622/622 625/625/625
f 622/622/622 624/624/624 621/621/621
f 626/626/626 618/618/618 619/619/619
f 618/618/618 626/626/626 627/627/627
f 620/620/620 628/628/628 623/623/623
f 628/628/628 620/620/620 629/629/629
f 626/626/626 630/630/630 627/627/627
f 630/630/630 626/626/626 631/631/631
f 632/632/632 614/614/614 633/633/633
f 614/614/614 632/632/632 613/613/613
f 634/634/634 612/612/612 635/635/635
f 612/612/612 634/634/634 615/615/615
f 636/636/636 638/638/638 637/637/637
f 638/638/638 636/636/636 639/639/639
f 640/640/640 642/642/642 641/641/641
f 642/642/642 640/640/640 643/643/643
f 644/644/644 646/646/646 645/645/645
f 646/646/646 644/644/644 647/647/647
f 648/648/648 646/646/646 649/649/649
f 646/646/646 648/648/648 645/645/645
f 650/650/650 642/642/642 643/643/643
f 642/642/642 650/650/650 651/651/651
f 644/644/644 652/652/652 647/647/647
f 652/652/652 644/644/644 653/653/653
f 650/650/650 654/654/654 651/651/651
f 654/654/654 650/650/650 655/655/655
f 656/656/656 638/638/638 657/657/657
f 638/638/638 656/656/656 637/637/637
f 658/658/658 636/636/636 659/659/659
f 636/636/636 658/658/658 639/639/639
f 660/660/660 662/662/662 661/661/661
f 663/663/663 665/665/665 664/664/664
f 666/666/666 668/668/668 667/667/667
f 662/662/662 670/670/670 669/669/669
f 670/670/670 662/662/662 660/660/660
f 667/667/667 672/672/672 671/671/671
f 672/672/672 667/667/667 668/668/668
f 665/665/665 674/674/674 673/673/673
f 674/674/674 665/665/665 663/663/663
f 669/669/669 676/676/676 675/675/675
f 676/676/676 669/669/669 670/670/670
f 671/671/671 678/678/678 677/677/677
f 678/678/678 671/671/671 672/672/672
f 673/673/673 680/680/680 679/679/679
f 680/680/680 673/673/673 674/674/674
f 681/681/681 683/683/683 682/682/682
f 683/683/683 681/681/681 684/684/684
f 685/685/685 687/687/687 686/686/686
f 687/687/687 685/685/685 688/688/688
f 689/689/689 691/691/691 690/690/690
f 691/691/691 689/689/689 692/692/692
f 693/693/693 695/695/695 694/694/694
f 695/695/695 693/693/693 696/696/696
f 697/697/697 687/687/687 698/698/698
f 687/687/687 697/697/697 686/686/686
f 689/689/689 700/700/700 699/699/699
f 700/700/700 689/689/689 690/690/690
f 701/701/701 703/703/703 702/702/702
f 703/703/703 701/701/701 704/704/704
f 705/705/705 679/679/679 680/680/680
f 679/679/679 705/705/705 706/706/706
f 707/707/707 677/677/677 678/678/678
f 677/677/677 707/707/707 708/708/708
f 709/709/709 675/675/675 676/676/676
f 675/675/675 709/709/709 710/710/710
f 711/711/711 683/683/683 684/684/684
f 683/683/683 711/711/711 712/712/712
f 713/713/713 681/681/681 682/682/682
f 681/681/681 713/713/713 714/714/714
f 715/715/715 717/717/717 716/716/716
f 717/717/717 715/715/715 718/718/718
f 719/719/719 721/721/721 720/720/720
f 721/721/721 719/719/719 722/722/722
f 723/723/723 725/725/725 724/724/724
f 725/725/725 723/723/723 726/726/726
f 727/727/727 725/725/725 726/726/726
f 725/725/725 727/727/727 728/728/728
f 729/729/729 721/721/721 730/730/730
f 721/721/721 729/729/729 720/720/720
f 723/723/723 732/732/732 731/731/731
f 732/732/732 723/723/723 724/724/724
f 729/729/729 734/734/734 733/733/733
f 734/734/734 729/729/729 730/730/730
f 735/735/735 717/717/717 718/718/718
f 717/717/717 735/735/735 736/736/736
f 737/737/737 715/715/715 716/716/716
f 715/715/715 737/737/737 738/738/738
f 739/739/739 741/741/741 740/740/740
f 741/741/741 739/739/739 742/742/742
f 743/743/743 745/745/745 744/744/744
f 745/745/745 743/743/743 746/746/746
f 747/747/747 749/749/749 748/748/748
f 749/749/749 747/747/747 750/750/750
f 751/751/751 749/749/749 750/750/750
f 749/749/749 751/751/751 752/752/752
f 753/753/753 745/745/745 754/754/754
f 745/745/745 753/753/753 744/744/744
f 747/747/747 756/756/756 755/755/755
f 756/756/756 747/747/747 748/748/748
f 753/753/753 758/758/758 757/757/757
f 758/758/758 753/753/753 754/754/754
f 759/759/759 741/741/741 742/742/742
f 741/741/741 759/759/759 760/760/760
f 761/761/761 739/739/739 740/740/740
f 739/739/739 761/761/761 762/762/762
f 763/763/763 765/765/765 764/764/764
f 765/765/765 763/763/763 766/766/766
f 767/767/767 769/769/769 768/768/768
f 769/769/769 767/767/767 770/770/770
f 771/771/771 773/773/773 772/772/772
f 773/773/773 771/771/771 774/774/774
f 775/775/775 773/773/773 774/774/774
f 773/773/773 775/775/775 776/776/776
f 777/777/777 769/769/769 778/778/778
f 769/769/769 777/777/777 768/768/768
f 771/771/771 780/780/780 779/779/779
f 780/780/780 771/771/771 772/772/772
f 777/777/777 782/782/782 781/781/781
f 782/782/782 777/777/777 778/778/778
f 783/783/783 765/765/765 766/766/766
f 765/765/765 783/783/783 784/784/784
f 785/785/785 763/763/763 764/764/764
f 763/763/763 785/785/785 786/786/786
f 787/787/787 789/789/789 788/788/788
f 789/789/789 787/787/787 790/790/790
f 791/791/791 793/793/793 792/792/792
f 793/793/793 791/791/791 794/794/794
f 795/795/795 797/797/797 796/796/796
f 797/797/797 795/795/795 798/798/798
f 799/799/799 797/797/797 798/798/798
f 797/797/797 799/799/799 800/800/800
f 801/801/801 793/793/793 802/802/802
f 793/793/793 801/801/801 792/792/792
f 795/795/795 804/804/804 803/803/803
f 804/804/804 795/795/795 796/796/796
f 801/801/801 806/806/806 805/805/805
f 806/806/806 801/801/801 802/802/802
f 807/807/807 789/789/789 790/790/790
f 789/789/789 807/807/807 808/808/808
f 809/809/809 787/787/787 788/788/788
f 787/787/787 809/809/809 810/810/810
f 811/811/811 813/813/813 812/812/812
f 813/813/813 811/811/811 814/814/814
f 815/815/815 817/817/817 816/816/816
f 817/817/817 815/815/815 818/818/818
f 819/819/819 821/821/821 820/820/820
f 821/821/821 819/819/819 822/822/822
f 823/823/823 821/821/821 822/822/822
f 821/821/821 823/823/823 824/824/824
f 825/825/825 817/817/817 826/826/826
f 817/817/817 825/825/825 816/816/816
f 819/819/819 828/828/828 827/827/827
f 828/828/828 819/819/819 820/820/820
f 825/825/825 830/830/830 829/829/829
f 830/830/830 825/825/825 826/826/826
f 831/831/831 813/813/813 814/814/814
f 813/813/813 831/831/831 832/832/832
f 833/833/833 811/811/811 812/812/812
f 811/811/811 833/833/833 834/834/834
f 835/835/835 837/837/837 836/836/836
f 838/838/838 840/840/840 839/839/839
f 841/841/841 843/843/843 842/842/842
f 837/837/837 845/845/845 844/844/844
f 845/845/845 837/837/837 835/835/835
f 842/842/842 847/847/847 846/846/846
f 847/847/847 842/842/842 843/843/843
f 840/840/840 849/849/849 848/848/848
f 849/849/849 840/840/840 838/838/838
f 844/844/844 851/851/851 850/850/850
f 851/851/851 844/844/844 845/845/845
f 846/846/846 853/853/853 852/852/852
f 853/853/853 846/846/846 847/847/847
f 848/848/848 855/855/855 854/854/854
f 855/855/855 848/848/848 849/849/849
f 856/856/856 858/858/858 857/857/857
f 858/858/858 856/856/856 859/859/859
f 860/860/860 862/862/862 861/861/861
f 862/862/862 860/860/860 863/863/863
f 864/864/864 866/866/866 865/865/865
f 866/866/866 864/864/864 867/867/867
f 868/868/868 870/870/870 869/869/869
f 870/870/870 868/868/868 871/871/871
f 872/872/872 862/862/862 873/873/873
f 862/862/862 872/872/872 861/861/861
f 864/864/864 875/875/875 874/874/874
f 875/875/875 864/864/864 865/865/865
f 876/876/876 878/878/878 877/877/877
f 878/878/878 876/876/876 879/879/879
f 880/880/880 854/854/854 855/855/855
f 854/854/854 880/880/880 881/881/881
f 882/882/882 852/852/852 853/853/853
f 852/852/852 882/882/882 883/883/883
f 884/884/884 850/850/850 851/851/851
f 850/850/850 884/884/884 885/885/885
f 886/886/886 858/858/858 859/859/859
f 858/858/858 886/886/886 887/887/887
f 888/888/888 856/856/856 857/857/857
f 856/856/856 888/888/888 889/889/889
f 890/890/890 892/892/892 891/891/891
f 892/892/892 890/890/890 893/893/893
f 894/894/894 896/896/896 895/895/895
f 896/896/896 894/894/894 897/897/897
f 898/898/898 900/900/900 899/899/899
f 900/900/900 898/898/898 901/901/901
f 902/902/902 900/900/900 901/901/901
f 900/900/900 902/902/902 903/903/903
f 904/904/904 896/896/896 905/905/905
f 896/896/896 904/904/904 895/895/895
f 898/898/898 907/907/907 906/906/906
f 907/907/907 898/898/898 899/899/899
f 904/904/904 909/909/909 908/908/908
f 909/909/909 904/904/904 905/905/905
f 910/910/910 892/892/892 893/893/893
f 892/892/892 910/910/910 911/911/911
f 912/912/912 890/890/890 891/891/891
f 890/890/890 912/912/912 913/913/913
f 914/914/914 916/916/916 915/915/915
f 916/916/916 914/914/914 917/917/917
f 918/918/918 920/920/920 919/919/919
f 920/920/920 918/918/918 921/921/921
f 922/922/922 924/924/924 923/923/923
f 924/924/924 922/922/922 925/925/925
f 926/926/926 924/924/924 925/925/925
f 924/924/924 926/926/926 927/927/927
f 928/928/928 920/920/920 929/929/929
f 920/920/920 928/928/928 919/919/919
f 922/922/922 931/931/931 930/930/930
f 931/931/931 922/922/922 923/923/923
f 928/928/928 933/933/933 932/932/932
f 933/933/933 928/928/928 929/929/929
f 934/934/934 916/916/916 917/917/917
f 916/916/916 934/934/934 935/935/935
f 936/936/936 914/914/914 915/915/915
f 914/914/914 936/936/936 937/937/937
f 938/938/938 940/940/940 939/939/939
f 940/940/940 938/938/938 941/941/941
f 942/942/942 944/944/944 943/943/943
f 944/944/944 942/942/942 945/945/945
f 946/946/946 948/948/948 947/947/947
f 948/948/948 946/946/946 949/949/949
f 950/950/950 948/948/948 949/949/949
f 948/948/948 950/950/950 951/951/951
f 952/952/952 944/944/944 953/953/953
f 944/944/944 952/952/952 943/943/943
f 946/946/946 955/955/955 954/954/954
f 955/955/955 946/946/946 947/947/947
f 952/952/952 957/957/957 956/956/956
f 957/957/957 952/952/952 953/953/953
f 958/958/958 940/940/940 941/941/941
f 940/940/940 958/958/958 959/959/959
f 960/960/960 938/938/938 939/939/939
f 938/938/938 960/960/960 961/961/961
f 962/962/962 964/964/964 963/963/963
f 964/964/964 962/962/962 965/965/965
f 966/966/966 968/968/968 967/967/967
f 968/968/968 966/966/966 969/969/969
f 970/970/970 972/972/972 971/971/971
f 972/972/972 970/970/970 973/973/973
f 974/974/974 972/972/972 973/973/973
f 972/972/972 974/974/974 975/975/975
f 976/976/976 968/968/968 977/977/977
f 968/968/968 976/976/976 967/967/967
f 970/970/970 979/979/979 978/978/978
f 979/979/979 970/970/970 971/971/971
f 976/976/976 981/981/981 980/980/980
f 981/981/981 976/976/976 977/977/977
f 982/982/982 964/964/964 965/965/965
f 964/964/964 982/982/982 983/983/983
f 984/984/984 962/962/962 963/963/963
f 962/962/962 984/984/984 985/985/985
f 986/986/986 988/988/988 987/987/987
f 989/989/989 991/991/991 990/990/990
f 992/992/992 994/994/994 993/993/993
f 988/988/988 996/996/996 995/995/995
f 996/996/996 988/988/988 986/986/986
f 993/993/993 998/998/998 997/997/997
f 998/998/998 993/993/993 994/994/994
f 991/991/991 1000/1000/1000 999/999/999
f 1000/1000/1000 991/991/991 989/989/989
f 995/995/995 1002/1002/1002 1001/1001/1001
f 1002/1002/1002 995/995/995 996/996/996
f 997/997/997 1004/1004/1004 1003/1003/1003
f 1004/1004/1004 997/997/997 998/998/998
f 999/999/999 1006/1006/1006 1005/1005/1005
f 1006/1006/1006 999/999/999 1000/1000/1000
f 1007/1007/1007 1009/1009/1009 1008/1008/1008
f 1009/1009/1009 1007/1007/1007 1010/1010/1010
f 1011/1011/1011 1013/1013/1013 1012/1012/1012
f 1013/1013/1013 1011/1011/1011 1014/1014/1014
f 1015/1015/1015 1017/1017/1017 1016/1016/1016
f 1017/1017/1017 1015/1015/1015 1018/1018/1018
f 1019/1019/1019 1021/1021/1021 1020/1020/1020
f 1021/1021/1021 1019/1019/1019 1022/1022/1022
f 1023/1023/1023 1013/1013/1013 1024/1024/1024
f 1013/1013/1013 1023/1023/1023 1012/1012/1012
f 1015/1015/1015 1026/1026/1026 1025/1025/1025
f 1026/1026/1026 1015/1015/1015 1016/1016/1016
f 1027/1027/1027 1029/1029/1029 1028/1028/1028
f 1029/1029/1029 1027/1027/1027 1030/1030/1030
f 1031/1031/1031 1005/1005/1005 1006/1006/1006
f 1005/1005/1005 1031/1031/1031 1032/1032/1032
f 1033/1033/1033 1003/1003/1003 1004/1004/1004
f 1003/1003/1003 1033/1033/1033 1034/1034/1034
f 1035/1035/1035 1001/1001/1001 1002/1002/1002
f 1001/1001/1001 1035/1035/1035 1036/1036/1036
f 1037/1037/1037 1009/1009/1009 1010/1010/1010
f 1009/1009/1009 1037/1037/1037 1038/1038/1038
f 1039/1039/1039 1007/1007/1007 1008/1008/1008
f 1007/1007/1007 1039/1039/1039 1040/1040/1040
f 1041/1041/1041 1043/1043/1043 1042/1042/1042
f 1043/1043/1043 1041/1041/1041 1044/1044/1044
f 1045/1045/1045 1047/1047/1047 1046/1046/1046
f 1047/1047/1047 1045/1045/1045 1048/1048/1048
f 1049/1049/1049 1051/1051/1051 1050/1050/1050
f 1051/1051/1051 1049/1049/1049 1052/1052/1052
f 1053/1053/1053 1051/1051/1051 1052/1052/1052
f 1051/1051/1051 1053/1053/1053 1054/1054/1054
f 1055/1055/1055 1047/1047/1047 1056/1056/1056
f 1047/1047/1047 1055/1055/1055 1046/1046/1046
f 1049/1049/1049 1058/1058/1058 1057/1057/1057
f 1058/1058/1058 1049/1049/1049 1050/1050/1050
f 1055/1055/1055 1060/1060/1060 1059/1059/1059
f 1060/1060/1060 1055/1055/1055 1056/1056/1056
f 1061/1061/1061 1043/1043/1043 1044/1044/1044
f 1043/1043/1043 1061/1061/1061 1062/1062/1062
f 1063/1063/1063 1041/1041/1041 1042/1042/1042
f 1041/1041/1041 1063/1063/1063 1064/1064/1064
f 1065/1065/1065 1067/1067/1067 1066/1066/1066
f 1067/1067/1067 1065/1065/1065 1068/1068/1068
f 1069/1069/1069 1071/1071/1071 1070/1070/1070
f 1071/1071/1071 1069/1069/1069 1072/1072/1072
f 1073/1073/1073 1075/1075/1075 1074/1074/1074
f 1075/1075/1075 1073/1073/1073 1076/1076/1076
f 1077/1077/1077 1075/1075/1075 1076/1076/1076
f 1075/1075/1075 1077/1077/1077 1078/1078/1078
f 1079/1079/1079 1071/1071/1071 1080/1080/1080
f 1071/1071/1071 1079/1079/1079 1070/1070/1070
f 1073/1073/1073 1082/1082/1082 1081/1081/1081
f 1082/1082/1082 1073/1073/1073 1074/1074/1074
f 1079/1079/1079 1084/1084/1084 1083/1083/1083
f 1084/1084/1084 1079/1079/1079 1080/1080/1080
f 1085/1085/1085 1067/1067/1067 1068/1068/1068
f 1067/1067/1067 1085/1085/1085 1086/1086/1086
f 1087/1087/1087 1065/1065/1065 1066/1066/1066
f 1065/1065/1065 1087/1087/1087 1088/1088/1088
f 1089/1089/1089 1091/1091/1091 1090/1090/1090
f 1091/1091/1091 1089/1089/1089 1092/1092/1092
f 1093/1093/1093 1095/1095/1095 1094/1094/1094
f 1095/1095/1095 1093/1093/1093 1096/1096/1096
f 1097/1097/1097 1099/1099/1099 1098/1098/1098
f 1099/1099/1099 1097/1097/1097 1100/1100/1100
f 1101/1101/1101 1099/1099/1099 1100/1100/1100
f 1099/1099/1099 1101/1101/1101 1102/1102/1102
f 1103/1103/1103 1095/1095/1095 1104/1104/1104
f 1095/1095/1095 1103/1103/1103 1094/1094/1094
f 1097/1097/1097 1106/1106/1106 1105/1105/1105
f 1106/1106/1106 1097/1097/1097 1098/1098/1098
f 1103/1103/1103 1108/1108/1108 1107/1107/1107
f 1108/1108/1108 1103/1103/1103 1104/1104/1104
f 1109/1109/1109 1091/1091/1091 1092/1092/1092
f 1091/1091/1091 1109/1109/1109 1110/1110/1110
f 1111/1111/1111 1089/1089/1089 1090/1090/1090
f 1089/1089/1089 1111/1111/1111 1112/1112/1112
f 1113/1113/1113 1115/1115/1115 1114/1114/1114
f 1116/1116/1116 1118/1118/1118 1117/1117/1117
f 1119/1119/1119 1121/1121/1121 1120/1120/1120
f 1115/1115/1115 1123/1123/1123 1122/1122/1122
f 1123/1123/1123 1115/1115/1115 1113/1113/1113
f 1120/1120/1120 1125/1125/1125 1124/1124/1124
f 1125/1125/1125 1120/1120/1120 1121/1121/1121
f 1118/1118/1118 1127/1127/1127 1126/1126/1126
f 1127/1127/1127 1118/1118/1118 1116/1116/1116
f 1122/1122/1122 1129/1129/1129 1128/1128/1128
f 1129/1129/1129 1122/1122/1122 1123/1123/1123
f 1124/1124/1124 1131/1131/1131 1130/1130/1130
f 1131/1131/1131 1124/1124/1124 1125/1125/1125
f 1126/1126/1126 1133/1133/1133 1132/1132/1132
f 1133/1133/1133 1126/1126/1126 1127/1127/1127
f 1134/1134/1134 1136/1136/1136 1135/1135/1135
f 1136/1136/1136 1134/1134/1134 1137/1137/1137
f 1138/1138/1138 1140/1140/1140 1139/1139/1139
f 1140/1140/1140 1138/1138/1138 1141/1141/1141
f 1142/1142/1142 1144/1144/1144 1143/1143/1143
f 1144/1144/1144 1142/1142/1142 1145/1145/1145
f 1146/1146/1146 1148/1148/1148 1147/1147/1147
f 1148/1148/1148 1146/1146/1146 1149/1149/1149
f 1150/1150/1150 1140/1140/1140 1151/1151/1151
f 1140/1140/1140 1150/1150/1150 1139/1139/1139
f 1142/1142/1142 1153/1153/1153 1152/1152/1152
f 1153/1153/1153 1142/1142/1142 1143/1143/1143
f 1154/1154/1154 1156/1156/1156 1155/1155/1155
f 1156/1156/1156 1154/1154/1154 1157/1157/1157
f 1158/1158/1158 1132/1132/1132 1133/1133/1133
f 1132/1132/1132 1158/1158/1158 1159/1159/1159
f 1160/1160/1160 1130/1130/1130 1131/1131/1131
f 1130/1130/1130 1160/1160/1160 1161/1161/1161
f 1162/1162/1162 1128/1128/1128 1129/1129/1129
f 1128/1128/1128 1162/1162/1162 1163/1163/1163
f 1164/1164/1164 1136/1136/1136 1137/1137/1137
f 1136/1136/1136 1164/1164/1164 1165/1165/1165
f 1166/1166/1166 1134/1134/1134 1135/1135/1135
f 1134/1134/1134 1166/1166/1166 1167/1167/1167
f 1168/1168/1168 1170/1170/1170 1169/1169/1169
f 1170/1170/1170 1168/1168/1168 1171/1171/1171
f 1172/1172/1172 1174/1174/1174 1173/1173/1173
f 1174/1174/1174 1172/1172/1172 1175/1175/1175
f 1176/1176/1176 1178/1178/1178 1177/1177/1177
f 1178/1178/1178 1176/1176/1176 1179/1179/1179
f 1180/1180/1180 1178/1178/1178 1179/1179/1179
f 1178/1178/1178 1180/1180/1180 1181/1181/1181
f 1182/1182/1182 1174/1174/1174 1183/1183/1183
f 1174/1174/1174 1182/1182/1182 1173/1173/1173
f 1176/1176/1176 1185/1185/1185 1184/1184/1184
f 1185/1185/1185 1176/1176/1176 1177/1177/1177
f 1182/1182/1182 1187/1187/1187 1186/1186/1186
f 1187/1187/1187 1182/1182/1182 1183/1183/1183
f 1188/1188/1188 1170/1170/1170 1171/1171/1171
f 1170/1170/1170 1188/1188/1188 1189/1189/1189
f 1190/1190/1190 1168/1168/1168 1169/1169/1169
f 1168/1168/1168 1190/1190/1190 1191/1191/1191
f 1192/1192/1192 1194/1194/1194 1193/1193/1193
f 1194/1194/1194 1192/1192/1192 1195/1195/1195
f 1196/1196/1196 1198/1198/1198 1197/1197/1197
f 1198/1198/1198 1196/1196/1196 1199/1199/1199
f 1200/1200/1200 1202/1202/1202 1201/1201/1201
f 1202/1202/1202 1200/1200/1200 1203/1203/1203
f 1204/1204/1204 1202/1202/1202 1203/1203/1203
f 1202/1202/1202 1204/1204/1204 1205/1205/1205
f 1206/1206/1206 1198/1198/1198 1207/1207/1207
f 1198/1198/1198 1206/1206/1206 1197/1197/1197
f 1200/1200/1200 1209/1209/1209 1208/1208/1208
f 1209/1209/1209 1200/1200/1200 1201/1201/1201
f 1206/1206/1206 1211/1211/1211 1210/1210/1210
f 1211/1211/1211 1206/1206/1206 1207/1207/1207
f 1212/1212/1212 1194/1194/1194 1195/1195/1195
f 1194/1194/1194 1212/1212/1212 1213/1213/1213
f 1214/1214/1214 1192/1192/1192 1193/1193/1193
f 1192/1192/1192 1214/1214/1214 1215/1215/1215
f 1216/1216/1216 1218/1218/1218 1217/1217/1217
f 1219/1219/1219 1221/1221/1221 1220/1220/1220
f 1222/1222/1222 1224/1224/1224 1223/1223/1223
f 1218/1218/1218 1226/1226/1226 1225/1225/1225
f 1226/1226/1226 1218/1218/1218 1216/1216/1216
f 1223/1223/1223 1228/1228/1228 1227/1227/1227
f 1228/1228/1228 1223/1223/1223 1224/1224/1224
f 1221/1221/1221 1230/1230/1230 1229/1229/1229
f 1230/1230/1230 1221/1221/1221 1219/1219/1219
f 1225/1225/1225 1232/1232/1232 1231/1231/1231
f 1232/1232/1232 1225/1225/1225 1226/1226/1226
f 1227/1227/1227 1234/1234/1234 1233/1233/1233
f 1234/1234/1234 1227/1227/1227 1228/1228/1228
f 1229/1229/1229 1236/1236/1236 1235/1235/1235
f 1236/1236/1236 1229/1229/1229 1230/1230/1230
f 1237/1237/1237 1239/1239/1239 1238/1238/1238
f 1239/1239/1239 1237/1237/1237 1240/1240/1240
f 1241/1241/1241 1243/1243/1243 1242/1242/1242
f 1243/1243/1243 1241/1241/1241 1244/1244/1244
f 1245/1245/1245 1247/1247/1247 1246/1246/1246
f 1247/1247/1247 1245/1245/1245 1248/1248/1248
f 1249/1249/1249 1251/1251/1251 1250/1250/1250
f 1251/1251/1251 1249/1249/1249 1252/1252/1252
f 1253/1253/1253 1243/1243/1243 1254/1254/1254
f 1243/1243/1243 1253/1253/1253 1242/1242/1242
f 1245/1245/1245 1256/1256/1256 1255/1255/1255
f 1256/1256/1256 1245/1245/1245 1246/1246/1246
f 1257/1257/1257 1259/1259/1259 1258/1258/1258
f 1259/1259/1259 1257/1257/1257 1260/1260/1260
f 1261/1261/1261 1235/1235/1235 1236/1236/1236
f 1235/1235/1235 1261/1261/1261 1262/1262/1262
f 1263/1263/1263 1233/1233/1233 1234/1234/1234
f 1233/1233/1233 1263/1263/1263 1264/1264/1264
f 1265/1265/1265 1231/1231/1231 1232/1232/1232
f 1231/1231/1231 1265/1265/1265 1266/1266/1266
f 1267/1267/1267 1239/1239/1239 1240/1240/1240
f 1239/1239/1239 1267/1267/1267 1268/1268/1268
f 1269/1269/1269 1237/1237/1237 1238/1238/1238
f 1237/1237/1237 1269/1269/1269 1270/1270/1270
f 1271/1271/1271 1273/1273/1273 1272/1272/1272
f 1273/1273/1273 1271/1271/1271 1274/1274/1274
f 1275/1275/1275 1277/1277/1277 1276/1276/1276
f 1277/1277/1277 1275/1275/1275 1278/1278/1278
f 1279/1279/1279 1281/1281/1281 1280/1280/1280
f 1281/1281/1281 1279/1279/1279 1282/1282/1282
f 1283/1283/1283 1281/1281/1281 1282/1282/1282
f 1281/1281/1281 1283/1283/1283 1284/1284/1284
f 1285/1285/1285 1277/1277/1277 1286/1286/1286
f 1277/1277/1277 1285/1285/1285 1276/1276/1276
f 1279/1279/1279 1288/1288/1288 1287/1287/1287
f 1288/1288/1288 1279/1279/1279 1280/1280/1280
f 1285/1285/1285 1290/1290/1290 1289/1289/1289
f 1290/1290/1290 1285/1285/1285 1286/1286/1286
f 1291/1291/1291 1273/1273/1273 1274/1274/1274
f 1273/1273/1273 1291/1291/1291 1292/1292/1292
f 1293/1293/1293 1271/1271/1271 1272/1272/1272
f 1271/1271/1271 1293/1293/1293 1294/1294/1294
f 1295/1295/1295 1297/1297/1297 1296/1296/1296
f 1297/1297/1297 1295/1295/1295 1298/1298/1298
f 1299/1299/1299 1301/1301/1301 1300/1300/1300
f 1301/1301/1301 1299/1299/1299 1302/1302/1302
f 1303/1303/1303 1305/1305/1305 1304/1304/1304
f 1305/1305/1305 1303/1303/1303 1306/1306/1306
f 1307/1307/1307 1305/1305/1305 1306/1306/1306
f 1305/1305/1305 1307/1307/1307 1308/1308/1308
f 1309/1309/1309 1301/1301/1301 1310/1310/1310
f 1301/1301/1301 1309/1309/1309 1300/1300/1300
f 1303/1303/1303 1312/1312/1312 1311/1311/1311
f 1312/1312/1312 1303/1303/1303 1304/1304/1304
f 1309/1309/1309 1314/1314/1314 1313/1313/1313
f 1314/1314/1314 1309/1309/1309 1310/1310/1310
f 1315/1315/1315 1297/1297/1297 1298/1298/1298
f 1297/1297/1297 1315/1315/1315 1316/1316/1316
f 1317/1317/1317 1295/1295/1295 1296/1296/1296
f 1295/1295/1295 1317/1317/1317 1318/1318/1318
f 1319/1319/1319 1321/1321/1321 1320/1320/1320
f 1322/1322/1322 1324/1324/1324 1323/1323/1323
f 1325/1325/1325 1327/1327/1327 1326/1326/1326
f 1320/1320/1320 1328/1328/1328 1319/1319/1319
f 1328/1328/1328 1320/1320/1320 1329/1329/1329
f 1327/1327/1327 1330/1330/1330 1326/1326/1326
f 1330/1330/1330 1327/1327/1327 1331/1331/1331
f 1323/1323/1323 1332/1332/1332 1322/1322/1322
f 1332/1332/1332 1323/1323/1323 1333/1333/1333
f 1329/1329/1329 1334/1334/1334 1328/1328/1328
f 1334/1334/1334 1329/1329/1329 1335/1335/1335
f 1331/1331/1331 1336/1336/1336 1330/1330/1330
f 1336/1336/1336 1331/1331/1331 1337/1337/1337
f 1333/1333/1333 1338/1338/1338 1332/1332/1332
f 1338/1338/1338 1333/1333/1333 1339/1339/1339
f 1340/1340/1340 1342/1342/1342 1341/1341/1341
f 1342/1342/1342 1340/1340/1340 1343/1343/1343
f 1344/1344/1344 1346/1346/1346 1345/1345/1345
f 1346/1346/1346 1344/1344/1344 1347/1347/1347
f 1348/1348/1348 1350/1350/1350 1349/1349/1349
f 1350/1350/1350 1348/1348/1348 1351/1351/1351
f 1352/1352/1352 1354/1354/1354 1353/1353/1353
f 1354/1354/1354 1352/1352/1352 1355/1355/1355
f 1356/1356/1356 1346/1346/1346 1347/1347/1347
f 1346/1346/1346 1356/1356/1356 1357/1357/1357
f 1348/1348/1348 1358/1358/1358 1351/1351/1351
f 1358/1358/1358 1348/1348/1348 1359/1359/1359
f 1360/1360/1360 1362/1362/1362 1361/1361/1361
f 1362/1362/1362 1360/1360/1360 1363/1363/1363
f 1364/1364/1364 1339/1339/1339 1365/1365/1365
f 1339/1339/1339 1364/1364/1364 1338/1338/1338
f 1366/1366/1366 1337/1337/1337 1367/1367/1367
f 1337/1337/1337 1366/1366/1366 1336/1336/1336
f 1368/1368/1368 1335/1335/1335 1369/1369/1369
f 1335/1335/1335 1368/1368/1368 1334/1334/1334
f 1370/1370/1370 1342/1342/1342 1371/1371/1371
f 1342/1342/1342 1370/1370/1370 1341/1341/1341
f 1372/1372/1372 1340/1340/1340 1373/1373/1373
f 1340/1340/1340 1372/1372/1372 1343/1343/1343
f 1374/1374/1374 1376/1376/1376 1375/1375/1375
f 1376/1376/1376 1374/1374/1374 1377/1377/1377
f 1378/1378/1378 1380/1380/1380 1379/1379/1379
f 1380/1380/1380 1378/1378/1378 1381/1381/1381
f 1382/1382/1382 1384/1384/1384 1383/1383/1383
f 1384/1384/1384 1382/1382/1382 1385/1385/1385
f 1386/1386/1386 1384/1384/1384 1387/1387/1387
f 1384/1384/1384 1386/1386/1386 1383/1383/1383
f 1388/1388/1388 1380/1380/1380 1381/1381/1381
f 1380/1380/1380 1388/1388/1388 1389/1389/1389
f 1382/1382/1382 1390/1390/1390 1385/1385/1385
f 1390/1390/1390 1382/1382/1382 1391/1391/1391
f 1388/1388/1388 1392/1392/1392 1389/1389/1389
f 1392/1392/1392 1388/1388/1388 1393/1393/1393
f 1394/1394/1394 1376/1376/1376 1395/1395/1395
f 1376/1376/1376 1394/1394/1394 1375/1375/1375
f 1396/1396/1396 1374/1374/1374 1397/1397/1397
f 1374/1374/1374 1396/1396/1396 1377/1377/1377
f 1398/1398/1398 1400/1400/1400 1399/1399/1399
f 1400/1400/1400 1398/1398/1398 1401/1401/1401
f 1402/1402/1402 1404/1404/1404 1403/1403/1403
f 1404/1404/1404 1402/1402/1402 1405/1405/1405
f 1406/1406/1406 1408/1408/1408 1407/1407/1407
f 1408/1408/1408 1406/1406/1406 1409/1409/1409
f 1410/1410/1410 1408/1408/1408 1411/1411/1411
f 1408/1408/1408 1410/1410/1410 1407/1407/1407
f 1412/1412/1412 1404/1404/1404 1405/1405/1405
f 1404/1404/1404 1412/1412/1412 1413/1413/1413
f 1406/1406/1406 1414/1414/1414 1409/1409/1409
f 1414/1414/1414 1406/1406/1406 1415/1415/1415
f 1412/1412/1412 1416/1416/1416 1413/1413/1413
f 1416/1416/1416 1412/1412/1412 1417/1417/1417
f 1418/1418/1418 1400/1400/1400 1419/1419/1419
f 1400/1400/1400 1418/1418/1418 1399/1399/1399
f 1420/1420/1420 1398/1398/1398 1421/1421/1421
f 1398/1398/1398 1420/1420/1420 1401/1401/1401
f 1422/1422/1422 1424/1424/1424 1423/1423/1423
f 1424/1424/1424 1422/1422/1422 1425/1425/1425
f 1426/1426/1426 1428/1428/1428 1427/1427/1427
f 1428/1428/1428 1426/1426/1426 1429/1429/1429
f 1430/1430/1430 1432/1432/1432 1431/1431/1431
f 1432/1432/1432 1430/1430/1430 1433/1433/1433
f 1434/1434/1434 1432/1432/1432 1435/1435/1435
f 1432/1432/1432 1434/1434/1434 1431/1431/1431
f 1436/1436/1436 1428/1428/1428 1429/1429/1429
f 1428/1428/1428 1436/1436/1436 1437/1437/1437
f 1430/1430/1430 1438/1438/1438 1433/1433/1433
f 1438/1438/1438 1430/1430/1430 1439/1439/1439
f 1436/1436/1436 1440/1440/1440 1437/1437/1437
f 1440/1440/1440 1436/1436/1436 1441/1441/1441
f 1442/1442/1442 1424/1424/1424 1443/1443/1443
f 1424/1424/1424 1442/1442/1442 1423/1423/1423
f 1444/1444/1444 1422/1422/1422 1445/1445/1445
f 1422/1422/1422 1444/1444/1444 1425/1425/1425
f 1446/1446/1446 1448/1448/1448 1447/1447/1447
f 1448/1448/1448 1446/1446/1446 1449/1449/1449
f 1450/1450/1450 1452/1452/1452 1451/1451/1451
f 1452/1452/1452 1450/1450/1450 1453/1453/1453
f 1454/1454/1454 1456/1456/1456 1455/1455/1455
f 1456/1456/1456 1454/1454/1454 1457/1457/1457
f 1458/1458/1458 1456/1456/1456 1459/1459/1459
f 1456/1456/1456 1458/1458/1458 1455/1455/1455
f 1460/1460/1460 1452/1452/1452 1453/1453/1453
f 1452/1452/1452 1460/1460/1460 1461/1461/1461
f 1454/1454/1454 1462/1462/1462 1457/1457/1457
f 1462/1462/1462 1454/1454/1454 1463/1463/1463
f 1460/1460/1460 1464/1464/1464 1461/1461/1461
f 1464/1464/1464 1460/1460/1460 1465/1465/1465
f 1466/1466/1466 1448/1448/1448 1467/1467/1467
f 1448/1448/1448 1466/1466/1466 1447/1447/1447
f 1468/1468/1468 1446/1446/1446 1469/1469/1469
f 1446/1446/1446 1468/1468/1468 1449/1449/1449
f 1470/1470/1470 1472/1472/1472 1471/1471/1471
f 1472/1472/1472 1470/1470/1470 1473/1473/1473
f 1474/1474/1474 1476/1476/1476 1475/1475/1475
f 1476/1476/1476 1474/1474/1474 1477/1477/1477
f 1478/1478/1478 1480/1480/1480 1479/1479/1479
f 1480/1480/1480 1478/1478/1478 1481/1481/1481
f 1482/1482/1482 1480/1480/1480 1483/1483/1483
f 1480/1480/1480 1482/1482/1482 1479/1479/1479
f 1484/1484/1484 1476/1476/1476 1477/1477/1477
f 1476/1476/1476 1484/1484/1484 1485/1485/1485
f 1478/1478/1478 1486/1486/1486 1481/1481/1481
f 1486/1486/1486 1478/1478/1478 1487/1487/1487
f 1484/1484/1484 1488/1488/1488 1485/1485/1485
f 1488/1488/1488 1484/1484/1484 1489/1489/1489
f 1490/1490/1490 1472/1472/1472 1491/1491/1491
f 1472/1472/1472 1490/1490/1490 1471/1471/1471
f 1492/1492/1492 1470/1470/1470 1493/1493/1493
f 1470/1470/1470 1492/1492/1492 1473/1473/1473
f 1494/1494/1494 1496/1496/1496 1495/1495/1495
f 1497/1497/1497 1499/1499/1499 1498/1498/1498
f 1500/1500/1500 1502/1502/1502 1501/1501/1501
f 1503/1503/1503 1505/1505/1505 1504/1504/1504
f 1506/1506/1506 1508/1508/1508 1507/1507/1507
f 1509/1509/1509 1511/1511/1511 1510/1510/1510
f 1512/1512/1512 1514/1514/1514 1513/1513/1513
f 1515/1515/1515 1517/1517/1517 1516/1516/1516
f 1518/1518/1518 1520/1520/1520 1519/1519/1519
f 1521/1521/1521 1523/1523/1523 1522/1522/1522
f 1524/1524/1524 1526/1526/1526 1525/1525/1525
f 1527/1527/1527 1529/1529/1529 1528/1528/1528
f 1530/1530/1530 1532/1532/1532 1531/1531/1531
f 1533/1533/1533 1535/1535/1535 1534/1534/1534
f 1536/1536/1536 1538/1538/1538 1537/1537/1537
f 1539/1539/1539 1541/1541/1541 1540/1540/1540
f 1542/1542/1542 1544/1544/1544 1543/1543/1543
f 1545/1545/1545 1547/1547/1547 1546/1546/1546
f 1548/1548/1548 1550/1550/1550 1549/1549/1549
f 1551/1551/1551 1553/1553/1553 1552/1552/1552
f 1554/1554/1554 1556/1556/1556 1555/1555/1555
f 1557/1557/1557 1559/1559/1559 1558/1558/1558
f 1560/1560/1560 1562/1562/1562 1561/1561/1561
f 1563/1563/1563 1565/1565/1565 1564/1564/1564
f 1566/1566/1566 1568/1568/1568 1567/1567/1567
f 1569/1569/1569 1571/1571/1571 1570/1570/1570
f 1572/1572/1572 1574/1574/1574 1573/1573/1573
f 1575/1575/1575 1577/1577/1577 1576/1576/1576
f 1578/1578/1578 1580/1580/1580 1579/1579/1579
f 1581/1581/1581 1583/1583/1583 1582/1582/1582
f 1584/1584/1584 1586/1586/1586 1585/1585/1585
f 1587/1587/1587 1589/1589/1589 1588/1588/1588
f 1590/1590/1590 1592/1592/1592 1591/1591/1591
f 1593/1593/1593 1595/1595/1595 1594/1594/1594
f 1596/1596/1596 1598/1598/1598 1597/1597/1597
f 1599/1599/1599 1601/1601/1601 1600/1600/1600
f 1602/1602/1602 1604/1604/1604 1603/1603/1603
f 1605/1605/1605 1607/1607/1607 1606/1606/1606
f 1608/1608/1608 1610/1610/1610 1609/1609/1609
f 1611/1611/1611 1613/1613/1613 1612/1612/1612
f 1614/1614/1614 1616/1616/1616 1615/1615/1615
f 1617/1617/1617 1619/1619/1619 1618/1618/1618
f 1620/1620/1620 1622/1622/1622 1621/1621/1621
f 1623/1623/1623 1625/1625/1625 1624/1624/1624
f 1626/1626/1626 1628/1628/1628 1627/1627/1627
f 1629/1629/1629 1631/1631/1631 1630/1630/1630
f 1632/1632/1632 1634/1634/1634 1633/1633/1633
f 1635/1635/1635 1637/1637/1637 1636/1636/1636
f 1638/1638/1638 1640/1640/1640 1639/1639/1639
f 1641/1641/1641 1643/1643/1643 1642/1642/1642
f 1644/1644/1644 1646/1646/1646 1645/1645/1645
f 1647/1647/1647 1649/1649/1649 1648/1648/1648
f 1650/1650/1650 1652/1652/1652 1651/1651/1651
f 1653/1653/1653 1655/1655/1655 1654/1654/1654
f 1656/1656/1656 1658/1658/1658 1657/1657/1657
f 1659/1659/1659 1661/1661/1661 1660/1660/1660
f 1662/1662/1662 1664/1664/1664 1663/1663/1663
f 1665/1665/1665 1667/1667/1667 1666/1666/1666
f 1668/1668/1668 1670/1670/1670 1669/1669/1669
f 1671/1671/1671 1673/1673/1673 1672/1672/1672
f 1674/1674/1674 1676/1676/1676 1675/1675/1675
f 1677/1677/1677 1679/1679/1679 1678/1678/1678
f 1680/1680/1680 1682/1682/1682 1681/1681/1681
f 1683/1683/1683 1685/1685/1685 1684/1684/1684
f 1686/1686/1686 1688/1688/1688 1687/1687/1687
f 1689/1689/1689 1691/1691/1691 1690/1690/1690
f 1692/1692/1692 1694/1694/1694 1693/1693/1693
f 1695/1695/1695 1697/1697/1697 1696/1696/1696
f 1698/1698/1698 1700/1700/1700 1699/1699/1699
f 1701/1701/1701 1703/1703/1703 1702/1702/1702
f 1704/1704/1704 1706/1706/1706 1705/1705/1705
f 1707/1707/1707 1709/1709/1709 1708/1708/1708
f 1710/1710/1710 1712/1712/1712 1711/1711/1711
f 1713/1713/1713 1715/1715/1715 1714/1714/1714
f 1716/1716/1716 1718/1718/1718 1717/1717/1717
f 1719/1719/1719 1721/1721/1721 1720/1720/1720
f 1722/1722/1722 1724/1724/1724 1723/1723/1723
f 1725/1725/1725 1727/1727/1727 1726/1726/1726
f 1728/1728/1728 1730/1730/1730 1729/1729/1729
f 1731/1731/1731 1733/1733/1733 1732/1732/1732
f 1734/1734/1734 1736/1736/1736 1735/1735/1735
f 1737/1737/1737 1739/1739/1739 1738/1738/1738
f 1740/1740/1740 1742/1742/1742 1741/1741/1741
f 1743/1743/1743 1745/1745/1745 1744/1744/1744
f 1746/1746/1746 1748/1748/1748 1747/1747/1747
f 1749/1749/1749 1751/1751/1751 1750/1750/1750
f 1752/1752/1752 1754/1754/1754 1753/1753/1753
f 1755/1755/1755 1757/1757/1757 1756/1756/1756
f 1758/1758/1758 1760/1760/1760 1759/1759/1759
f 1761/1761/1761 1763/1763/1763 1762/1762/1762
f 1764/1764/1764 1766/1766/1766 1765/1765/1765
f 1767/1767/1767 1769/1769/1769 1768/1768/1768
f 1770/1770/1770 1772/1772/1772 1771/1771/1771
f 1773/1773/1773 1775/1775/1775 1774/1774/1774
f 1776/1776/1776 1778/1778/1778 1777/1777/1777
f 1779/1779/1779 1781/1781/1781 1780/1780/1780
f 1782/1782/1782 1784/1784/1784 1783/1783/1783
f 1785/1785/1785 1787/1787/1787 1786/1786/1786
f 1788/1788/1788 1790/1790/1790 1789/1789/1789
f 1791/1791/1791 1793/1793/1793 1792/1792/1792
f 1794/1794/1794 1796/1796/1796 1795/1795/1795
f 1797/1797/1797 1799/1799/1799 1798/1798/1798
f 1800/1800/1800 1802/1802/1802 1801/1801/1801
f 1803/1803/1803 1805/1805/1805 1804/1804/1804
f 1806/1806/1806 1808/1808/1808 1807/1807/1807
f 1809/1809/1809 1811/1811/1811 1810/1810/1810
f 1812/1812/1812 1814/1814/1814 1813/1813/1813
f 1815/1815/1815 1817/1817/1817 1816/1816/1816
f 1818/1818/1818 1820/1820/1820 1819/1819/1819
f 1821/1821/1821 1823/1823/1823 1822/1822/1822
f 1824/1824/1824 1826/1826/1826 1825/1825/1825
f 1827/1827/1827 1829/1829/1829 1828/1828/1828
f 1830/1830/1830 1832/1832/1832 1831/1831/1831
f 1833/1833/1833 1835/1835/1835 1834/1834/1834
f 1836/1836/1836 1838/1838/1838 1837/1837/1837
f 1839/1839/1839 1841/1841/1841 1840/1840/1840
f 1842/1842/1842 1844/1844/1844 1843/1843/1843
f 1845/1845/1845 1847/1847/1847 1846/1846/1846
f 1848/1848/1848 1850/1850/1850 1849/1849/1849
f 1851/1851/1851 1853/1853/1853 1852/1852/1852
f 1854/1854/1854 1856/1856/1856 1855/1855/1855
f 1857/1857/1857 1859/1859/1859 1858/1858/1858
f 1860/1860/1860 1862/1862/1862 1861/1861/1861
f 1863/1863/1863 1865/1865/1865 1864/1864/1864
f 1866/1866/1866 1868/1868/1868 1867/1867/1867
f 1869/1869/1869 1871/1871/1871 1870/1870/1870
f 1872/1872/1872 1874/1874/1874 1873/1873/1873
f 1875/1875/1875 1877/1877/1877 1876/1876/1876
f 1878/1878/1878 1880/1880/1880 1879/1879/1879
f 1881/1881/1881 1883/1883/1883 1882/1882/1882
f 1884/1884/1884 1886/1886/1886 1885/1885/1885
f 1887/1887/1887 1889/1889/1889 1888/1888/1888
f 1890/1890/1890 1892/1892/1892 1891/1891/1891
f 1893/1893/1893 1895/1895/1895 1894/1894/1894
f 1896/1896/1896 1898/1898/1898 1897/1897/1897
f 1899/1899/1899 1901/1901/1901 1900/1900/1900
f 1902/1902/1902 1904/1904/1904 1903/1903/1903
f 1905/1905/1905 1907/1907/1907 1906/1906/1906
f 1908/1908/1908 1910/1910/1910 1909/1909/1909
f 1911/1911/1911 1913/1913/1913 1912/1912/1912
f 1914/1914/1914 1916/1916/1916 1915/1915/1915
f 1917/1917/1917 1919/1919/1919 1918/1918/1918
f 1920/1920/1920 1922/1922/1922 1921/1921/1921
f 1923/1923/1923 1925/1925/1925 1924/1924/1924
f 1926/1926/1926 1928/1928/1928 1927/1927/1927
f 1929/1929/1929 1931/1931/1931 1930/1930/1930
f 1932/1932/1932 1934/1934/1934 1933/1933/1933
f 1935/1935/1935 1937/1937/1937 1936/1936/1936
f 1938/1938/1938 1940/1940/1940 1939/1939/1939
f 1941/1941/1941 1943/1943/1943 1942/1942/1942
f 1944/1944/1944 1946/1946/1946 1945/1945/1945
f 1947/1947/1947 1949/1949/1949 1948/1948/1948
f 1950/1950/1950 1952/1952/1952 1951/1951/1951
f 1953/1953/1953 1955/1955/1955 1954/1954/1954
f 1956/1956/1956 1958/1958/1958 1957/1957/1957
f 1959/1959/1959 1961/1961/1961 1960/1960/1960
f 1962/1962/1962 1964/1964/1964 1963/1963/1963
f 1965/1965/1965 1967/1967/1967 1966/1966/1966
f 1968/1968/1968 1970/1970/1970 1969/1969/1969
f 1971/1971/1971 1973/1973/1973 1972/1972/1972
f 1974/1974/1974 1976/1976/1976 1975/1975/1975
f 1977/1977/1977 1979/1979/1979 1978/1978/1978
f 1980/1980/1980 1982/1982/1982 1981/1981/1981
f 1983/1983/1983 1985/1985/1985 1984/1984/1984
f 1986/1986/1986 1988/1988/1988 1987/1987/1987
f 1989/1989/1989 1991/1991/1991 1990/1990/1990
f 1992/1992/1992 1994/1994/1994 1993/1993/1993
f 1995/1995/1995 1997/1997/1997 1996/1996/1996
f 1998/1998/1998 2000/2000/2000 1999/1999/1999
f 2001/2001/2001 2003/2003/2003 2002/2002/2002
f 2004/2004/2004 2006/2006/2006 2005/2005/2005
f 2007/2007/2007 2009/2009/2009 2008/2008/2008
f 2010/2010/2010 2012/2012/2012 2011/2011/2011
f 2013/2013/2013 2015/2015/2015 2014/2014/2014
f 2016/2016/2016 2018/2018/2018 2017/2017/2017
f 2019/2019/2019 2021/2021/2021 2020/2020/2020
f 2022/2022/2022 2024/2024/2024 2023/2023/2023
f 2025/2025/2025 2027/2027/2027 2026/2026/2026
f 2028/2028/2028 2030/2030/2030 2029/2029/2029
f 2031/2031/2031 2033/2033/2033 2032/2032/2032
f 2034/2034/2034 2036/2036/2036 2035/2035/2035
f 2037/2037/2037 2039/2039/2039 2038/2038/2038
f 2040/2040/2040 2042/2042/2042 2041/2041/2041
f 2043/2043/2043 2045/2045/2045 2044/2044/2044
f 2046/2046/2046 2048/2048/2048 2047/2047/2047
f 2049/2049/2049 2051/2051/2051 2050/2050/2050
f 2052/2052/2052 2054/2054/2054 2053/2053/2053
f 2055/2055/2055 2057/2057/2057 2056/2056/2056
f 2058/2058/2058 2060/2060/2060 2059/2059/2059
f 2061/2061/2061 2063/2063/2063 2062/2062/2062
f 2064/2064/2064 2066/2066/2066 2065/2065/2065
f 2067/2067/2067 2069/2069/2069 2068/2068/2068
f 2070/2070/2070 2072/2072/2072 2071/2071/2071
f 2072/2072/2072 2070/2070/2070 2073/2073/2073
f 2074/2074/2074 2076/2076/2076 2075/2075/2075
f 2076/2076/2076 2074/2074/2074 2077/2077/2077
f 2078/2078/2078 2080/2080/2080 2079/2079/2079
f 2080/2080/2080 2078/2078/2078 2081/2081/2081
f 2082/2082/2082 2084/2084/2084 2083/2083/2083
f 2084/2084/2084 2082/2082/2082 2085/2085/2085
f 2086/2086/2086 2088/2088/2088 2087/2087/2087
f 2088/2088/2088 2086/2086/2086 2089/2089/2089
f 2090/2090/2090 2092/2092/2092 2091/2091/2091
f 2092/2092/2092 2090/2090/2090 2093/2093/2093
f 2094/2094/2094 2096/2096/2096 2095/2095/2095
f 2096/2096/2096 2094/2094/2094 2097/2097/2097
f 2098/2098/2098 2100/2100/2100 2099/2099/2099
f 2100/2100/2100 2098/2098/2098 2101/2101/2101
f 2102/2102/2102 2104/2104/2104 2103/2103/2103
f 2104/2104/2104 2102/2102/2102 2105/2105/2105
f 2106/2106/2106 2108/2108/2108 2107/2107/2107
f 2108/2108/2108 2106/2106/2106 2109/2109/2109
f 2110/2110/2110 2112/2112/2112 2111/2111/2111
f 2112/2112/2112 2110/2110/2110 2113/2113/2113
f 2114/2114/2114 2116/2116/2116 2115/2115/2115
f 2116/2116/2116 2114/2114/2114 2117/2117/2117
