# Object50.bmd — MU bind-pose geometry, exported for MU2
# 3 mesh(es)

g gatelight01_R
# texture: gatelight01_R.jpg
v 11.03677 609.5284 -15.14052
v 15.95137 596.7272 -14.76751
v 20.17956 597.3553 14.68978
v 14.00917 613.4277 14.22137
v -0.595027 616.2347 -15.32812
v 11.03677 609.5284 -15.14052
v 14.00917 613.4277 14.22137
v -0.595042 621.8477 13.98578
v -12.22673 609.5284 -15.14053
v -0.595027 616.2347 -15.32812
v -0.595042 621.8477 13.98578
v -15.19914 613.4277 14.22137
v -17.14123 596.7272 -14.76753
v -12.22673 609.5284 -15.14053
v -15.19914 613.4277 14.22137
v -21.36954 597.3553 14.68977
v -12.22674 585.1488 -14.39893
v -17.14123 596.7272 -14.76753
v -21.36954 597.3553 14.68977
v -15.19913 582.8181 15.15247
v -0.595031 579.6653 -14.21571
v -12.22674 585.1488 -14.39893
v -15.19913 582.8181 15.15247
v -0.595034 575.9333 15.38258
v 11.03676 585.1488 -14.39892
v -0.595031 579.6653 -14.21571
v -0.595034 575.9333 15.38258
v 14.00916 582.8181 15.15259
v 15.95137 596.7272 -14.76751
v 11.03676 585.1488 -14.39892
v 14.00916 582.8181 15.15259
v 20.17956 597.3553 14.68978
v -12.49022 610.0643 -16.52771
v 0.310981 614.9789 -15.3557
v -0.317035 619.2071 77.20029
v -16.38944 613.0366 75.72878
v -19.19652 598.4325 -17.11721
v -12.49022 610.0643 -16.52771
v -16.38944 613.0366 75.72878
v -24.80953 598.4324 74.98868
v -12.49022 586.8008 -16.52771
v -19.19652 598.4325 -17.11721
v -24.80953 598.4324 74.98868
v -16.38943 583.8284 75.72878
v 0.310977 581.8862 -15.3557
v -12.49022 586.8008 -16.52771
v -16.38943 583.8284 75.72878
v -0.317141 577.658 77.20029
v 11.88938 586.8008 -14.1975
v 0.310977 581.8862 -15.3557
v -0.317141 577.658 77.20029
v 14.22006 583.8284 78.6545
v 17.37288 598.4325 -13.6218
v 11.88938 586.8008 -14.1975
v 14.22006 583.8284 78.6545
v 21.10486 598.4324 79.37718
v 11.88938 610.0643 -14.1975
v 17.37288 598.4325 -13.6218
v 21.10486 598.4324 79.37718
v 14.22016 613.0366 78.6545
v 0.310981 614.9789 -15.3557
v 11.88938 610.0643 -14.1975
v 14.22016 613.0366 78.6545
v -0.317035 619.2071 77.20029
v -37.9558 657.9668 -16.1021
v -34.41501 648.7438 -15.8333
v -31.36861 649.1963 5.390091
v -35.81431 660.7761 5.052589
v -46.3363 662.7986 -16.2372
v -37.9558 657.9668 -16.1021
v -35.81431 660.7761 5.052589
v -46.3364 666.8426 4.882889
v -54.71671 657.9668 -16.1021
v -46.3363 662.7986 -16.2372
v -46.3364 666.8426 4.882889
v -56.8583 660.7761 5.052589
v -58.2576 648.7438 -15.8333
v -54.71671 657.9668 -16.1021
v -56.8583 660.7761 5.052589
v -61.304 649.1963 5.390106
v -54.71671 640.4017 -15.5677
v -58.2576 648.7438 -15.8333
v -61.304 649.1963 5.390106
v -56.8583 638.7225 5.723495
v -46.33631 636.451 -15.4357
v -54.71671 640.4017 -15.5677
v -56.8583 638.7225 5.723495
v -46.3364 633.7622 5.889198
v -37.95581 640.4017 -15.5677
v -46.33631 636.451 -15.4357
v -46.3364 633.7622 5.889198
v -35.81431 638.7225 5.723495
v -34.41501 648.7438 -15.8333
v -37.95581 640.4017 -15.5677
v -35.81431 638.7225 5.723495
v -31.36861 649.1963 5.390091
v -54.90671 658.353 -17.1015
v -45.68362 661.8939 -16.2571
v -46.13611 664.9402 50.42768
v -57.71601 660.4945 49.36749
v -59.73841 649.9726 -17.5262
v -54.90671 658.353 -17.1015
v -57.71601 660.4945 49.36749
v -63.78252 649.9725 48.83429
v -54.90672 641.5921 -17.1015
v -59.73841 649.9726 -17.5262
v -63.78252 649.9725 48.83429
v -57.71601 639.4506 49.36749
v -45.68362 638.0513 -16.2571
v -54.90672 641.5921 -17.1015
v -57.71601 639.4506 49.36749
v -46.13612 635.0049 50.42769
v -37.34162 641.5921 -15.4226
v -45.68362 638.0513 -16.2571
v -46.13612 635.0049 50.42769
v -35.66242 639.4506 51.47539
v -33.39091 649.9725 -15.0079
v -37.34162 641.5921 -15.4226
v -35.66242 639.4506 51.47539
v -30.70201 649.9725 51.99609
v -37.34161 658.353 -15.4226
v -33.39091 649.9725 -15.0079
v -30.70201 649.9725 51.99609
v -35.66241 660.4945 51.47538
v -45.68362 661.8939 -16.2571
v -37.34161 658.353 -15.4226
v -35.66241 660.4945 51.47538
v -46.13611 664.9402 50.42768
v 119.3067 720.6474 -17.5062
v 123.3272 710.1751 -17.2011
v 126.7862 710.6889 6.897011
v 121.7383 723.8373 6.513809
v 109.7912 726.1336 -17.65969
v 119.3067 720.6474 -17.5062
v 121.7383 723.8373 6.513809
v 109.7911 730.7255 6.321106
v 100.2756 720.6474 -17.50619
v 109.7912 726.1336 -17.65969
v 109.7911 730.7255 6.321106
v 97.84401 723.8373 6.513809
v 96.2551 710.1751 -17.20109
v 100.2756 720.6474 -17.50619
v 97.84401 723.8373 6.513809
v 92.7961 710.6889 6.897018
v 100.2756 700.7032 -16.89949
v 96.2551 710.1751 -17.20109
v 92.7961 710.6889 6.897018
v 97.84401 698.7964 7.275604
v 109.7911 696.2173 -16.74969
v 100.2756 700.7032 -16.89949
v 97.84401 698.7964 7.275604
v 109.7911 693.1643 7.463806
v 119.3067 700.7032 -16.89949
v 109.7911 696.2173 -16.74969
v 109.7911 693.1643 7.463806
v 121.7383 698.7964 7.275604
v 123.3272 710.1751 -17.2011
v 119.3067 700.7032 -16.89949
v 121.7383 698.7964 7.275604
v 126.7862 710.6889 6.897011
v 100.0599 721.0858 -18.64108
v 110.5322 725.1063 -17.68218
v 110.0185 728.5652 58.03501
v 96.87009 723.5174 56.83121
v 94.57368 711.5702 -19.12328
v 100.0599 721.0858 -18.64108
v 96.87009 723.5174 56.83121
v 89.98189 711.5701 56.22571
v 100.0599 702.0546 -18.64108
v 94.57368 711.5702 -19.12328
v 89.98189 711.5701 56.22571
v 96.8701 699.623 56.83121
v 110.5322 698.0342 -17.68218
v 100.0599 702.0546 -18.64108
v 96.8701 699.623 56.83121
v 110.0185 694.5752 58.03501
v 120.0042 702.0546 -16.73468
v 110.5322 698.0342 -17.68218
v 110.0185 694.5752 58.03501
v 121.9109 699.623 59.22461
v 124.4901 711.5702 -16.26378
v 120.0042 702.0546 -16.73468
v 121.9109 699.623 59.22461
v 127.5431 711.5701 59.81591
v 120.0042 721.0858 -16.73468
v 124.4901 711.5702 -16.26378
v 127.5431 711.5701 59.81591
v 121.9109 723.5174 59.22461
v 110.5322 725.1063 -17.68218
v 120.0042 721.0858 -16.73468
v 121.9109 723.5174 59.22461
v 110.0185 728.5652 58.03501
vn -0.92568 -0.351292 0.140397
vn -0.92568 -0.351292 0.140397
vn -0.92568 -0.351292 0.140397
vn -0.92568 -0.351292 0.140397
vn -0.494727 -0.853547 0.163409
vn -0.494727 -0.853547 0.163409
vn -0.494727 -0.853547 0.163409
vn -0.494727 -0.853547 0.163409
vn 0.494727 -0.853547 0.163409
vn 0.494727 -0.853547 0.163409
vn 0.494727 -0.853547 0.163409
vn 0.494727 -0.853547 0.163409
vn 0.925679 -0.351292 0.140397
vn 0.925679 -0.351292 0.140397
vn 0.925679 -0.351292 0.140397
vn 0.925679 -0.351292 0.140397
vn 0.912155 0.391081 0.122594
vn 0.912155 0.391081 0.122594
vn 0.912155 0.391081 0.122594
vn 0.912155 0.391081 0.122594
vn 0.422193 0.899385 0.113398
vn 0.422193 0.899385 0.113398
vn 0.422193 0.899385 0.113398
vn 0.422193 0.899385 0.113398
vn -0.422193 0.899385 0.113398
vn -0.422193 0.899385 0.113398
vn -0.422193 0.899385 0.113398
vn -0.422193 0.899385 0.113398
vn -0.912155 0.391081 0.122594
vn -0.912155 0.391081 0.122594
vn -0.912155 0.391081 0.122594
vn -0.912155 0.391081 0.122594
vn 0.351292 -0.92568 0.140397
vn 0.351292 -0.92568 0.140397
vn 0.351292 -0.92568 0.140397
vn 0.351292 -0.92568 0.140397
vn 0.853547 -0.494727 0.163409
vn 0.853547 -0.494727 0.163409
vn 0.853547 -0.494727 0.163409
vn 0.853547 -0.494727 0.163409
vn 0.853547 0.494727 0.163409
vn 0.853547 0.494727 0.163409
vn 0.853547 0.494727 0.163409
vn 0.853547 0.494727 0.163409
vn 0.351292 0.92568 0.140397
vn 0.351292 0.92568 0.140397
vn 0.351292 0.92568 0.140397
vn 0.351292 0.92568 0.140397
vn -0.391081 0.912155 0.122594
vn -0.391081 0.912155 0.122594
vn -0.391081 0.912155 0.122594
vn -0.391081 0.912155 0.122594
vn -0.899385 0.422193 0.113398
vn -0.899385 0.422193 0.113398
vn -0.899385 0.422193 0.113398
vn -0.899385 0.422193 0.113398
vn -0.899386 -0.422193 0.113398
vn -0.899386 -0.422193 0.113398
vn -0.899386 -0.422193 0.113398
vn -0.899386 -0.422193 0.113398
vn -0.391081 -0.912155 0.122594
vn -0.391081 -0.912155 0.122594
vn -0.391081 -0.912155 0.122594
vn -0.391081 -0.912155 0.122594
vn -0.92568 -0.351292 0.140397
vn -0.92568 -0.351292 0.140397
vn -0.92568 -0.351292 0.140397
vn -0.92568 -0.351292 0.140397
vn -0.494728 -0.853547 0.163409
vn -0.494728 -0.853547 0.163409
vn -0.494728 -0.853547 0.163409
vn -0.494728 -0.853547 0.163409
vn 0.494727 -0.853547 0.163409
vn 0.494727 -0.853547 0.163409
vn 0.494727 -0.853547 0.163409
vn 0.494727 -0.853547 0.163409
vn 0.925679 -0.351293 0.140397
vn 0.925679 -0.351293 0.140397
vn 0.925679 -0.351293 0.140397
vn 0.925679 -0.351293 0.140397
vn 0.912155 0.39108 0.122594
vn 0.912155 0.39108 0.122594
vn 0.912155 0.39108 0.122594
vn 0.912155 0.39108 0.122594
vn 0.422193 0.899385 0.113398
vn 0.422193 0.899385 0.113398
vn 0.422193 0.899385 0.113398
vn 0.422193 0.899385 0.113398
vn -0.422193 0.899385 0.113398
vn -0.422193 0.899385 0.113398
vn -0.422193 0.899385 0.113398
vn -0.422193 0.899385 0.113398
vn -0.912155 0.391081 0.122594
vn -0.912155 0.391081 0.122594
vn -0.912155 0.391081 0.122594
vn -0.912155 0.391081 0.122594
vn 0.351292 -0.92568 0.140397
vn 0.351292 -0.92568 0.140397
vn 0.351292 -0.92568 0.140397
vn 0.351292 -0.92568 0.140397
vn 0.853547 -0.494728 0.163409
vn 0.853547 -0.494728 0.163409
vn 0.853547 -0.494728 0.163409
vn 0.853547 -0.494728 0.163409
vn 0.853547 0.494727 0.163409
vn 0.853547 0.494727 0.163409
vn 0.853547 0.494727 0.163409
vn 0.853547 0.494727 0.163409
vn 0.351292 0.925679 0.140397
vn 0.351292 0.925679 0.140397
vn 0.351292 0.925679 0.140397
vn 0.351292 0.925679 0.140397
vn -0.39108 0.912155 0.122594
vn -0.39108 0.912155 0.122594
vn -0.39108 0.912155 0.122594
vn -0.39108 0.912155 0.122594
vn -0.899385 0.422193 0.113398
vn -0.899385 0.422193 0.113398
vn -0.899385 0.422193 0.113398
vn -0.899385 0.422193 0.113398
vn -0.899386 -0.422193 0.113398
vn -0.899386 -0.422193 0.113398
vn -0.899386 -0.422193 0.113398
vn -0.899386 -0.422193 0.113398
vn -0.391081 -0.912155 0.122594
vn -0.391081 -0.912155 0.122594
vn -0.391081 -0.912155 0.122594
vn -0.391081 -0.912155 0.122594
vn -0.92568 -0.351292 0.140397
vn -0.92568 -0.351292 0.140397
vn -0.92568 -0.351292 0.140397
vn -0.92568 -0.351292 0.140397
vn -0.494727 -0.853547 0.163409
vn -0.494727 -0.853547 0.163409
vn -0.494727 -0.853547 0.163409
vn -0.494727 -0.853547 0.163409
vn 0.494727 -0.853547 0.163409
vn 0.494727 -0.853547 0.163409
vn 0.494727 -0.853547 0.163409
vn 0.494727 -0.853547 0.163409
vn 0.92568 -0.351292 0.140397
vn 0.92568 -0.351292 0.140397
vn 0.92568 -0.351292 0.140397
vn 0.92568 -0.351292 0.140397
vn 0.912155 0.391081 0.122594
vn 0.912155 0.391081 0.122594
vn 0.912155 0.391081 0.122594
vn 0.912155 0.391081 0.122594
vn 0.422193 0.899385 0.113398
vn 0.422193 0.899385 0.113398
vn 0.422193 0.899385 0.113398
vn 0.422193 0.899385 0.113398
vn -0.422193 0.899385 0.113398
vn -0.422193 0.899385 0.113398
vn -0.422193 0.899385 0.113398
vn -0.422193 0.899385 0.113398
vn -0.912155 0.391081 0.122594
vn -0.912155 0.391081 0.122594
vn -0.912155 0.391081 0.122594
vn -0.912155 0.391081 0.122594
vn 0.351292 -0.92568 0.140397
vn 0.351292 -0.92568 0.140397
vn 0.351292 -0.92568 0.140397
vn 0.351292 -0.92568 0.140397
vn 0.853547 -0.494727 0.163409
vn 0.853547 -0.494727 0.163409
vn 0.853547 -0.494727 0.163409
vn 0.853547 -0.494727 0.163409
vn 0.853547 0.494727 0.163409
vn 0.853547 0.494727 0.163409
vn 0.853547 0.494727 0.163409
vn 0.853547 0.494727 0.163409
vn 0.351292 0.925679 0.140397
vn 0.351292 0.925679 0.140397
vn 0.351292 0.925679 0.140397
vn 0.351292 0.925679 0.140397
vn -0.391081 0.912155 0.122594
vn -0.391081 0.912155 0.122594
vn -0.391081 0.912155 0.122594
vn -0.391081 0.912155 0.122594
vn -0.899385 0.422193 0.113398
vn -0.899385 0.422193 0.113398
vn -0.899385 0.422193 0.113398
vn -0.899385 0.422193 0.113398
vn -0.899385 -0.422193 0.113398
vn -0.899385 -0.422193 0.113398
vn -0.899385 -0.422193 0.113398
vn -0.899385 -0.422193 0.113398
vn -0.391081 -0.912155 0.122594
vn -0.391081 -0.912155 0.122594
vn -0.391081 -0.912155 0.122594
vn -0.391081 -0.912155 0.122594
vt -0.3719 0.0989
vt -0.074 0.1281
vt -0.0877 0.9285
vt -0.4617 0.8918
vt -0.66 0.0364
vt -0.3719 0.0989
vt -0.4617 0.8918
vt -0.8235 0.8133
vt 1.0893 0.1265
vt 1.3797 0.083
vt 1.5097 0.8695
vt 1.1451 0.9242
vt 0.7906 0.1363
vt 1.0893 0.1265
vt 1.1451 0.9242
vt 0.77 0.9364
vt 0.5172 0.1101
vt 0.7906 0.1363
vt 0.77 0.9364
vt 0.4268 0.9035
vt 0.2417 0.0473
vt 0.5172 0.1101
vt 0.4268 0.9035
vt 0.0809 0.8247
vt 0.2001 0.1197
vt 0.4779 0.075
vt 0.6052 0.8618
vt 0.2564 0.9179
vt -0.074 0.1281
vt 0.2001 0.1197
vt 0.2564 0.9179
vt -0.0877 0.9285
vt -0.3719 0.0989
vt -0.074 0.1281
vt -0.0877 0.9285
vt -0.4617 0.8918
vt -0.66 0.0364
vt -0.3719 0.0989
vt -0.4617 0.8918
vt -0.8235 0.8133
vt 1.0893 0.1265
vt 1.3797 0.083
vt 1.5097 0.8695
vt 1.1451 0.9242
vt 0.7906 0.1363
vt 1.0893 0.1265
vt 1.1451 0.9242
vt 0.77 0.9364
vt 0.5172 0.1101
vt 0.7906 0.1363
vt 0.77 0.9364
vt 0.4268 0.9035
vt 0.2417 0.0473
vt 0.5172 0.1101
vt 0.4268 0.9035
vt 0.0809 0.8247
vt 0.2001 0.1197
vt 0.4779 0.075
vt 0.6052 0.8618
vt 0.2564 0.9179
vt -0.074 0.1281
vt 0.2001 0.1197
vt 0.2564 0.9179
vt -0.0877 0.9285
vt -0.3719 0.0989
vt -0.074 0.1281
vt -0.0877 0.9285
vt -0.4617 0.8918
vt -0.66 0.0364
vt -0.3719 0.0989
vt -0.4617 0.8918
vt -0.8235 0.8133
vt 1.0893 0.1265
vt 1.3797 0.083
vt 1.5097 0.8695
vt 1.1451 0.9242
vt 0.7906 0.1363
vt 1.0893 0.1265
vt 1.1451 0.9242
vt 0.77 0.9364
vt 0.5172 0.1101
vt 0.7906 0.1363
vt 0.77 0.9364
vt 0.4268 0.9035
vt 0.2417 0.0473
vt 0.5172 0.1101
vt 0.4268 0.9035
vt 0.0809 0.8247
vt 0.2001 0.1197
vt 0.4779 0.075
vt 0.6052 0.8618
vt 0.2564 0.9179
vt -0.074 0.1281
vt 0.2001 0.1197
vt 0.2564 0.9179
vt -0.0877 0.9285
vt -0.3719 0.0989
vt -0.074 0.1281
vt -0.0877 0.9285
vt -0.4617 0.8918
vt -0.66 0.0364
vt -0.3719 0.0989
vt -0.4617 0.8918
vt -0.8235 0.8133
vt 1.0893 0.1265
vt 1.3797 0.083
vt 1.5097 0.8695
vt 1.1451 0.9242
vt 0.7906 0.1363
vt 1.0893 0.1265
vt 1.1451 0.9242
vt 0.77 0.9364
vt 0.5172 0.1101
vt 0.7906 0.1363
vt 0.77 0.9364
vt 0.4268 0.9035
vt 0.2417 0.0473
vt 0.5172 0.1101
vt 0.4268 0.9035
vt 0.0809 0.8247
vt 0.2001 0.1197
vt 0.4779 0.075
vt 0.6052 0.8618
vt 0.2564 0.9179
vt -0.074 0.1281
vt 0.2001 0.1197
vt 0.2564 0.9179
vt -0.0877 0.9285
vt -0.3719 0.0989
vt -0.074 0.1281
vt -0.0877 0.9285
vt -0.4617 0.8918
vt -0.66 0.0364
vt -0.3719 0.0989
vt -0.4617 0.8918
vt -0.8235 0.8133
vt 1.0893 0.1265
vt 1.3797 0.083
vt 1.5097 0.8695
vt 1.1451 0.9242
vt 0.7906 0.1363
vt 1.0893 0.1265
vt 1.1451 0.9242
vt 0.77 0.9364
vt 0.5172 0.1101
vt 0.7906 0.1363
vt 0.77 0.9364
vt 0.4268 0.9035
vt 0.2417 0.0473
vt 0.5172 0.1101
vt 0.4268 0.9035
vt 0.0809 0.8247
vt 0.2001 0.1197
vt 0.4779 0.075
vt 0.6052 0.8618
vt 0.2564 0.9179
vt -0.074 0.1281
vt 0.2001 0.1197
vt 0.2564 0.9179
vt -0.0877 0.9285
vt -0.3719 0.0989
vt -0.074 0.1281
vt -0.0877 0.9285
vt -0.4617 0.8918
vt -0.66 0.0364
vt -0.3719 0.0989
vt -0.4617 0.8918
vt -0.8235 0.8133
vt 1.0893 0.1265
vt 1.3797 0.083
vt 1.5097 0.8695
vt 1.1451 0.9242
vt 0.7906 0.1363
vt 1.0893 0.1265
vt 1.1451 0.9242
vt 0.77 0.9364
vt 0.5172 0.1101
vt 0.7906 0.1363
vt 0.77 0.9364
vt 0.4268 0.9035
vt 0.2417 0.0473
vt 0.5172 0.1101
vt 0.4268 0.9035
vt 0.0809 0.8247
vt 0.2001 0.1197
vt 0.4779 0.075
vt 0.6052 0.8618
vt 0.2564 0.9179
vt -0.074 0.1281
vt 0.2001 0.1197
vt 0.2564 0.9179
vt -0.0877 0.9285
f 1/1/1 3/3/3 2/2/2
f 3/3/3 1/1/1 4/4/4
f 5/5/5 7/7/7 6/6/6
f 7/7/7 5/5/5 8/8/8
f 9/9/9 11/11/11 10/10/10
f 11/11/11 9/9/9 12/12/12
f 13/13/13 15/15/15 14/14/14
f 15/15/15 13/13/13 16/16/16
f 17/17/17 19/19/19 18/18/18
f 19/19/19 17/17/17 20/20/20
f 21/21/21 23/23/23 22/22/22
f 23/23/23 21/21/21 24/24/24
f 25/25/25 27/27/27 26/26/26
f 27/27/27 25/25/25 28/28/28
f 29/29/29 31/31/31 30/30/30
f 31/31/31 29/29/29 32/32/32
f 33/33/33 35/35/35 34/34/34
f 35/35/35 33/33/33 36/36/36
f 37/37/37 39/39/39 38/38/38
f 39/39/39 37/37/37 40/40/40
f 41/41/41 43/43/43 42/42/42
f 43/43/43 41/41/41 44/44/44
f 45/45/45 47/47/47 46/46/46
f 47/47/47 45/45/45 48/48/48
f 49/49/49 51/51/51 50/50/50
f 51/51/51 49/49/49 52/52/52
f 53/53/53 55/55/55 54/54/54
f 55/55/55 53/53/53 56/56/56
f 57/57/57 59/59/59 58/58/58
f 59/59/59 57/57/57 60/60/60
f 61/61/61 63/63/63 62/62/62
f 63/63/63 61/61/61 64/64/64
f 65/65/65 67/67/67 66/66/66
f 67/67/67 65/65/65 68/68/68
f 69/69/69 71/71/71 70/70/70
f 71/71/71 69/69/69 72/72/72
f 73/73/73 75/75/75 74/74/74
f 75/75/75 73/73/73 76/76/76
f 77/77/77 79/79/79 78/78/78
f 79/79/79 77/77/77 80/80/80
f 81/81/81 83/83/83 82/82/82
f 83/83/83 81/81/81 84/84/84
f 85/85/85 87/87/87 86/86/86
f 87/87/87 85/85/85 88/88/88
f 89/89/89 91/91/91 90/90/90
f 91/91/91 89/89/89 92/92/92
f 93/93/93 95/95/95 94/94/94
f 95/95/95 93/93/93 96/96/96
f 97/97/97 99/99/99 98/98/98
f 99/99/99 97/97/97 100/100/100
f 101/101/101 103/103/103 102/102/102
f 103/103/103 101/101/101 104/104/104
f 105/105/105 107/107/107 106/106/106
f 107/107/107 105/105/105 108/108/108
f 109/109/109 111/111/111 110/110/110
f 111/111/111 109/109/109 112/112/112
f 113/113/113 115/115/115 114/114/114
f 115/115/115 113/113/113 116/116/116
f 117/117/117 119/119/119 118/118/118
f 119/119/119 117/117/117 120/120/120
f 121/121/121 123/123/123 122/122/122
f 123/123/123 121/121/121 124/124/124
f 125/125/125 127/127/127 126/126/126
f 127/127/127 125/125/125 128/128/128
f 129/129/129 131/131/131 130/130/130
f 131/131/131 129/129/129 132/132/132
f 133/133/133 135/135/135 134/134/134
f 135/135/135 133/133/133 136/136/136
f 137/137/137 139/139/139 138/138/138
f 139/139/139 137/137/137 140/140/140
f 141/141/141 143/143/143 142/142/142
f 143/143/143 141/141/141 144/144/144
f 145/145/145 147/147/147 146/146/146
f 147/147/147 145/145/145 148/148/148
f 149/149/149 151/151/151 150/150/150
f 151/151/151 149/149/149 152/152/152
f 153/153/153 155/155/155 154/154/154
f 155/155/155 153/153/153 156/156/156
f 157/157/157 159/159/159 158/158/158
f 159/159/159 157/157/157 160/160/160
f 161/161/161 163/163/163 162/162/162
f 163/163/163 161/161/161 164/164/164
f 165/165/165 167/167/167 166/166/166
f 167/167/167 165/165/165 168/168/168
f 169/169/169 171/171/171 170/170/170
f 171/171/171 169/169/169 172/172/172
f 173/173/173 175/175/175 174/174/174
f 175/175/175 173/173/173 176/176/176
f 177/177/177 179/179/179 178/178/178
f 179/179/179 177/177/177 180/180/180
f 181/181/181 183/183/183 182/182/182
f 183/183/183 181/181/181 184/184/184
f 185/185/185 187/187/187 186/186/186
f 187/187/187 185/185/185 188/188/188
f 189/189/189 191/191/191 190/190/190
f 191/191/191 189/189/189 192/192/192

g gatewall041
# texture: gatewall041.jpg
v 373.1907 0 192.3462
v 373.1907 18.9229 192.3462
v 155.74 18.92294 192.346
v 155.74 0.000046 192.346
v 358.6283 18.9229 152.9017
v 155.74 18.92294 152.9016
v 155.74 36.24014 152.9016
v 358.6283 36.24 152.9017
v 344.066 36.24 113.4573
v 155.74 36.24004 113.4572
v 344.066 36.24 113.4573
v 344.066 51.1803 113.4573
v 155.74 51.18034 113.4572
v 155.74 36.24004 113.4572
v 300.3789 83.6075 -4.875984
v 300.3789 101.0944 -4.875988
v 155.7401 101.0944 -4.876114
v 155.7401 83.60753 -4.87611
v 329.5036 51.1803 74.01283
v 155.7401 51.18034 74.01279
v 155.7402 101.0944 -44.09551
v 285.8997 101.0944 -44.09549
v 285.8166 101.0944 -44.32049
v 155.7402 101.0944 -44.32051
v 155.7401 83.60753 34.56838
v 314.9413 83.6075 34.56841
v 155.7401 66.29044 74.01279
v 329.5037 66.2904 74.01283
v 314.9413 66.2904 34.56841
v 155.7401 66.29043 34.56839
v 155.7401 66.29043 34.56839
v 314.9413 66.2904 34.56841
v 512.9653 -0.000145 -18.05134
v 512.9653 18.92276 -18.05135
v 489.0425 18.92276 -43.40575
v 489.0425 36.23996 -43.40575
v 407.9673 51.18028 -44.09547
v 407.9672 66.29037 -44.09547
v 367.2005 66.29038 -44.09547
v 367.2006 83.60748 -44.09547
v -150.1842 66.2905 73.99064
v -351.7581 66.29054 73.9905
v -351.7582 51.18044 73.9905
v -150.1842 51.1804 73.99064
v -150.1842 83.6076 34.54624
v -338.8227 83.60764 34.5461
v -338.8227 66.29053 34.5461
v -150.1842 66.2905 34.54624
v -150.1843 0.000099 192.3238
v -150.1843 18.923 192.3238
v -390.5648 18.92305 192.3237
v -390.5648 0.000153 192.3237
v -150.1843 18.923 152.8794
v -377.6293 18.92305 152.8794
v -150.1843 36.24021 152.8794
v -150.1843 36.2401 113.435
v -364.6938 36.24015 113.4349
v -377.6293 36.24015 152.8794
v -150.1843 36.2401 113.435
v -150.1843 51.1804 113.435
v -364.6938 51.18045 113.4349
v -364.6938 36.24015 113.4349
v -150.1842 83.60759 -4.898266
v -150.1842 101.0945 -4.898266
v -325.8871 101.0945 -4.898296
v -325.8871 83.60763 -4.8983
v -150.1841 101.0945 -44.09566
v -313.0327 101.0945 -44.0957
v -150.1842 66.2905 34.54624
v -338.8227 66.29053 34.5461
v -560.5395 0.000084 -22.36553
v -560.5394 18.92298 -22.36553
v -533.5792 18.92297 -44.09573
v -543.3351 18.92297 -44.09573
v -489.4146 36.24017 -44.09572
v -533.5792 36.24017 -44.09573
v -489.4146 51.18047 -44.09572
v -489.4146 36.24017 -44.09572
v -356.9207 101.0945 -44.0957
v -356.9207 83.60764 -44.0957
v -445.2499 51.18046 -44.09571
v -401.0853 83.60764 -44.09571
v -401.0853 66.29054 -44.09571
v -445.25 66.29055 -44.09571
v 448.7339 36.23997 -44.09546
v 448.7339 36.23997 -44.09546
v 448.7339 51.18027 -44.09546
v 326.4338 83.60749 -44.09548
v 326.4338 101.0944 -44.09549
v 367.2005 66.29038 -44.09547
v -150.1841 101.0945 -44.34267
v -312.9515 101.0945 -44.3427
v -401.0853 66.29054 -44.09571
v 155.5858 0.000046 192.324
v 155.5858 18.92294 192.324
v -150.1811 18.923 192.3238
v -150.1811 0.000099 192.3238
v 155.5858 18.92294 152.8796
v -150.1811 18.923 152.8794
v -150.1811 36.24021 152.8794
v 155.5858 36.24014 152.8796
v 155.5858 36.24004 113.4352
v -150.1811 36.2401 113.435
v 155.5858 36.24004 113.4352
v 155.5858 51.18034 113.4352
v -150.1811 51.1804 113.435
v -150.1811 36.2401 113.435
v 155.5858 83.60753 -4.898113
v 155.5858 101.0944 -4.898117
v -150.181 101.0945 -4.898266
v -150.181 83.60759 -4.898266
v -150.181 51.1804 73.99064
v 155.5858 51.18034 73.99069
v -150.181 83.6076 34.54624
v 155.5858 83.60753 34.54629
v 155.5858 66.29044 73.99069
v -150.181 66.2905 73.99064
v -150.181 66.2905 34.54624
v 155.5858 66.29043 34.5463
v 155.5858 66.29043 34.5463
v -150.181 66.2905 34.54624
v 155.5859 101.0944 -44.34111
v 2.70246 101.0945 -44.34114
v -150.1809 101.0945 -44.34127
v -215.8971 0.000122 201.7802
v -205.6363 0.000122 233.5661
v -202.3157 77.23282 230.4606
v -211.201 77.23272 201.7802
v -180.8646 0.000114 243.1619
v -180.8646 77.23281 238.7701
v -197.5042 80.41431 223.1762
v -204.3966 80.41431 201.7802
v -180.8646 80.41431 229.622
v -197.5042 80.41431 223.1762
v -197.5042 157.0319 158.7807
v -204.3966 155.941 145.2416
v -204.3966 103.2322 168.2264
v -197.5042 107.9797 178.2703
v -180.8645 157.6884 165.1285
v -180.8646 110.5341 183.0226
v -204.3965 183.9838 154.6176
v -197.5042 183.9838 170.179
v -202.3157 192.1375 174.6786
v -211.201 192.1375 154.6176
v -197.5042 183.9838 170.179
v -180.8645 183.9838 176.6247
v -180.8646 192.1375 182.9882
v -202.3157 192.1375 174.6786
v -202.3157 201.0972 174.6786
v -211.201 201.0972 154.6176
v -180.8646 201.0972 182.9882
v -202.3157 201.0972 174.6786
v -199.3745 208.109 171.928
v -207.0416 208.109 154.6175
v -180.8646 208.109 179.0982
v -199.3745 208.109 171.928
v -211.201 77.2327 7.276924
v -215.8971 0.000008 7.276928
v -204.3966 80.41431 201.7802
v -204.3965 80.41431 7.276928
v -204.3966 80.41431 201.7802
v -204.3966 103.2322 168.2264
v -204.3965 80.41431 7.276928
v -204.3965 183.9838 154.6176
v -211.201 192.1375 154.6176
v -211.2009 192.1374 7.276817
v -204.3965 183.9837 7.276821
v -211.201 201.0972 154.6176
v -211.2009 201.0972 7.276821
v -207.0416 208.109 154.6175
v -207.0414 208.109 7.276817
v -180.8645 208.109 154.6176
v -180.8644 208.109 7.276821
v -197.5042 183.9838 170.179
v -204.3965 183.9838 154.6176
v -204.3966 155.941 145.2416
v -204.3966 80.41431 201.7802
v -197.5042 80.41431 223.1762
v -204.3966 103.2322 168.2264
v -180.8645 183.9838 176.6247
v -180.8646 80.41431 229.622
v -204.3966 155.941 145.2416
v -204.3965 183.9838 154.6176
v -204.3965 183.9837 7.276821
v -180.8645 208.109 154.6176
v -180.8645 208.109 154.6176
v -145.832 0.000099 201.7803
v -150.5281 77.2327 201.7803
v -159.4135 77.2328 230.4606
v -156.0929 0.000107 233.5661
v -157.3325 80.41431 201.7802
v -164.2249 80.41431 223.1762
v -164.2249 80.41431 223.1762
v -164.2249 157.0319 158.7807
v -164.2249 107.9797 178.2703
v -157.3325 103.2322 168.2264
v -157.3325 155.941 145.2417
v -157.3325 183.9838 154.6176
v -150.5281 192.1375 154.6176
v -159.4135 192.1375 174.6786
v -164.2249 183.9838 170.179
v -164.2249 183.9838 170.179
v -159.4135 192.1375 174.6786
v -150.5281 201.0972 154.6176
v -159.4135 201.0972 174.6786
v -159.4135 201.0972 174.6786
v -154.6876 208.109 154.6176
v -162.3546 208.109 171.928
v -162.3546 208.109 171.928
v -145.832 -0.000008 7.276939
v -150.5281 77.2327 7.276936
v -157.3325 80.4143 7.276936
v -157.3325 80.41431 201.7802
v -157.3325 80.41431 201.7802
v -157.3325 80.4143 7.276936
v -157.3325 103.2322 168.2264
v -157.3325 183.9838 154.6176
v -157.3324 183.9837 7.276928
v -150.528 192.1374 7.276928
v -150.5281 192.1375 154.6176
v -150.528 201.0972 7.276829
v -150.5281 201.0972 154.6176
v -154.6874 208.109 7.276829
v -154.6876 208.109 154.6176
v -164.2249 183.9838 170.179
v -157.3325 155.941 145.2417
v -157.3325 183.9838 154.6176
v -157.3325 80.41431 201.7802
v -157.3325 103.2322 168.2264
v -164.2249 80.41431 223.1762
v -157.3325 155.941 145.2417
v -157.3324 183.9837 7.276928
v -157.3325 183.9838 154.6176
v 145.1744 0.000046 201.7804
v 155.4352 0.000046 233.5662
v 158.7559 77.23274 230.4608
v 149.8705 77.23264 201.7804
v 180.207 0.000038 243.1621
v 180.207 77.23273 238.7703
v 163.5673 80.41425 223.1764
v 156.6749 80.41425 201.7804
v 180.207 80.41424 229.6221
v 163.5673 80.41425 223.1764
v 163.5673 157.0318 158.7809
v 156.6749 155.9409 145.2418
v 156.6749 103.2321 168.2266
v 163.5673 107.9796 178.2704
v 180.207 157.6883 165.1287
v 180.207 110.534 183.0227
v 156.6749 183.9837 154.6177
v 163.5673 183.9837 170.1791
v 158.7559 192.1375 174.6788
v 149.8705 192.1375 154.6177
v 163.5673 183.9837 170.1791
v 180.207 183.9837 176.6249
v 180.207 192.1375 182.9883
v 158.7559 192.1375 174.6788
v 158.7559 201.0971 174.6788
v 149.8705 201.0972 154.6177
v 180.207 201.0971 182.9883
v 158.7559 201.0971 174.6788
v 161.6971 208.1089 171.9282
v 154.03 208.1089 154.6177
v 180.207 208.1089 179.0984
v 161.6971 208.1089 171.9282
v 149.8706 77.23263 7.276989
v 145.1745 -0.000069 7.276993
v 156.6749 80.41425 201.7804
v 156.6749 80.41423 7.276989
v 156.6749 80.41425 201.7804
v 156.6749 103.2321 168.2266
v 156.6749 80.41423 7.276989
v 156.6749 183.9837 154.6177
v 149.8705 192.1375 154.6177
v 149.8707 192.1373 7.276981
v 156.675 183.9836 7.276981
v 149.8705 201.0972 154.6177
v 149.8707 201.0971 7.276981
v 154.03 208.1089 154.6177
v 154.0301 208.1089 7.276981
v 180.207 208.1089 154.6177
v 180.2071 208.1089 7.276985
v 163.5673 183.9837 170.1791
v 156.6749 183.9837 154.6177
v 156.6749 155.9409 145.2418
v 156.6749 80.41425 201.7804
v 163.5673 80.41425 223.1764
v 156.6749 103.2321 168.2266
v 180.207 183.9837 176.6249
v 180.207 80.41424 229.6221
v 156.6749 155.9409 145.2418
v 156.6749 183.9837 154.6177
v 156.675 183.9836 7.276981
v 180.207 208.1089 154.6177
v 180.207 208.1089 154.6177
v 215.2395 0.000031 201.7804
v 210.5434 77.23263 201.7804
v 201.6581 77.23273 230.4608
v 204.9787 0.000031 233.5662
v 203.739 80.41423 201.7804
v 196.8466 80.41424 223.1764
v 196.8466 80.41424 223.1764
v 196.8466 157.0318 158.7809
v 196.8466 107.9796 178.2704
v 203.739 103.2321 168.2266
v 203.7391 155.9409 145.2418
v 203.7392 183.9837 154.6177
v 210.5434 192.1374 154.6177
v 201.6581 192.1374 174.6788
v 196.8466 183.9837 170.1791
v 196.8466 183.9837 170.1791
v 201.6581 192.1374 174.6788
v 210.5434 201.0971 154.6177
v 201.6581 201.0971 174.6788
v 201.6581 201.0971 174.6788
v 206.384 208.1089 154.6177
v 198.7169 208.1089 171.9282
v 198.7169 208.1089 171.9282
v 215.2395 -0.000084 7.277004
v 210.5434 77.23262 7.276997
v 203.7392 80.41422 7.276997
v 203.739 80.41423 201.7804
v 203.739 80.41423 201.7804
v 203.7392 80.41422 7.276997
v 203.739 103.2321 168.2266
v 203.7392 183.9837 154.6177
v 203.7392 183.9836 7.276993
v 210.5435 192.1373 7.276993
v 210.5434 192.1374 154.6177
v 210.5435 201.0971 7.276993
v 210.5434 201.0971 154.6177
v 206.3841 208.1089 7.276993
v 206.384 208.1089 154.6177
v 196.8466 183.9837 170.1791
v 203.7391 155.9409 145.2418
v 203.7392 183.9837 154.6177
v 203.739 80.41423 201.7804
v 203.739 103.2321 168.2266
v 196.8466 80.41424 223.1764
v 203.7391 155.9409 145.2418
v 203.7392 183.9836 7.276993
v 203.7392 183.9837 154.6177
v 215.2069 756.9241 33.46656
v 215.1242 805.7441 10.76696
v 178.1938 738.8661 10.76695
v 178.2766 697.6984 33.46655
v 178.1936 76.57553 33.46669
v 215.1239 76.57552 33.4667
v 215.1379 423.143 33.46658
v 178.2193 468.4548 33.46657
v 120.3513 76.57554 -41.19272
v 120.3513 76.57554 -15.36862
v 120.3512 505.3825 -15.36864
v 120.3512 505.3826 -41.19284
v 215.1242 876.1023 -15.26214
v 178.1939 811.9875 -15.36875
v 178.1936 76.57553 33.46669
v 178.2193 468.4548 33.46657
v 178.1937 475.1984 10.76697
v 178.1936 76.57553 10.76709
v 178.1939 811.9875 -15.36875
v 147.6736 769.5137 -15.36875
v 147.6736 705.5204 10.76695
v 147.6736 705.5204 10.76695
v 178.1938 738.8661 10.76695
v 178.1939 811.9875 -15.36875
v 178.1937 475.1984 10.76697
v 147.6735 491.9373 10.76696
v 147.6735 76.57553 10.76709
v 178.1936 76.57553 10.76709
v 147.6735 76.57553 10.76709
v 147.6735 491.9373 10.76696
v 147.6735 495.8467 -15.36863
v 147.6735 76.57553 -15.36861
v 147.6735 495.8467 -15.36863
v 120.3512 505.3825 -15.36864
v 120.3513 76.57554 -15.36862
v 147.6735 76.57553 -15.36861
v 215.1242 958.1385 -41.50445
v 178.1939 884.6288 -41.50435
v 178.1939 811.9875 -15.36875
v 215.1242 876.1023 -15.26214
v 178.1939 884.6288 -41.50435
v 134.0125 828.5425 -41.50436
v 147.6736 769.5137 -15.36875
v 147.6736 769.5137 -15.36875
v 178.1939 811.9875 -15.36875
v 178.1939 884.6288 -41.50435
v 178.2238 583.9778 33.46657
v 215.1414 636.3882 33.46657
v 215.2069 756.9241 33.46656
v 178.2766 697.6984 33.46655
v 215.1242 805.7441 10.76696
v 215.2069 756.9241 33.46656
v 215.1414 636.3882 33.46657
v 215.1242 876.1023 -15.26214
v 215.1242 636.5 -41.50433
v 215.1242 958.1385 -41.50445
v 147.6735 556.5862 -15.36874
v 147.6735 560.4956 10.76696
v 147.6736 705.5204 10.76695
v 147.6736 769.5137 -15.36875
v 147.6736 630.0685 -15.36874
v 147.6735 560.4956 10.76696
v 178.1937 577.2347 10.76696
v 178.1938 738.8661 10.76695
v 147.6736 705.5204 10.76695
v 178.1937 577.2347 10.76696
v 178.2238 583.9778 33.46657
v 178.2766 697.6984 33.46655
v 178.2766 697.6984 33.46655
v 178.1938 738.8661 10.76695
v 178.1937 577.2347 10.76696
v 177.9884 464.0788 43.36227
v 217.0896 420.4218 40.94958
v 217.0935 632.0097 40.94827
v 177.9941 583.4564 43.36307
v 173.6643 470.2482 36.93747
v 173.6684 577.2861 36.93866
v 172.5509 572.3342 18.52256
v 172.5509 572.3342 18.52256
v 172.55 475.1984 18.52067
v 173.6643 470.2482 36.93747
v 142.8 492.893 13.49717
v 142.801 556.1664 13.49706
v 142.2424 553.213 -7.183941
v 142.2424 553.213 -7.183941
v 142.2378 495.8467 -7.192833
v 142.8 492.893 13.49717
v 172.55 475.1984 18.52067
v 172.5509 572.3342 18.52256
v 146.9032 559.3423 19.97076
v 146.9032 489.7173 19.97047
v 115.4548 505.3825 -13.02124
v 115.451 543.1401 -13.02835
v 115.6507 543.1401 -40.11945
v 115.6507 543.1401 -40.11945
v 115.6522 505.3826 -40.11884
v 115.4548 505.3825 -13.02124
v 142.2378 495.8467 -7.192833
v 142.2424 553.213 -7.183941
v 119.3307 544.4994 -6.451843
v 119.3307 544.4994 -6.451843
v 119.3353 503.988 -6.447144
v 142.2378 495.8467 -7.192833
v 223.8586 636.3957 34.00407
v 223.8549 416.0376 34.00558
v 223.6362 415.9628 -42.58632
v 223.6351 636.4916 -42.58983
v 215.1239 76.57552 33.4667
v 215.1241 76.57552 -41.5042
v 215.1241 423.0543 -41.50422
v 215.1379 423.143 33.46658
v 120.3513 614.5875 -15.36875
v 147.6736 630.0685 -15.36874
v 147.6736 769.5137 -15.36875
v 120.3512 547.2883 -15.36874
v 120.3513 614.5875 -15.36875
v 120.3513 614.5875 -41.19284
v 120.3513 547.2884 -41.19284
v 120.3512 547.2883 -15.36874
v 120.3513 547.2884 -41.19284
v 115.6507 543.1401 -40.11945
v 115.6507 543.1401 -40.11945
v 115.451 543.1401 -13.02835
v 120.3512 547.2883 -15.36874
v 215.1242 636.5 -41.50433
v 215.1414 636.3882 33.46657
v 223.8586 636.3957 34.00407
v 223.8586 636.3957 34.00407
v 223.6351 636.4916 -42.58983
v 215.1242 636.5 -41.50433
v 215.1414 636.3882 33.46657
v 178.2238 583.9778 33.46657
v 177.9941 583.4564 43.36307
v 177.9941 583.4564 43.36307
v 217.0935 632.0097 40.94827
v 215.1414 636.3882 33.46657
v 178.2238 583.9778 33.46657
v 178.1937 577.2347 10.76696
v 172.5509 572.3342 18.52256
v 172.5509 572.3342 18.52256
v 173.6684 577.2861 36.93866
v 178.2238 583.9778 33.46657
v 178.1937 577.2347 10.76696
v 147.6735 560.4956 10.76696
v 146.9032 559.3423 19.97076
v 146.9032 559.3423 19.97076
v 172.5509 572.3342 18.52256
v 178.1937 577.2347 10.76696
v 147.6735 560.4956 10.76696
v 147.6735 556.5862 -15.36874
v 142.2424 553.213 -7.183941
v 142.2424 553.213 -7.183941
v 142.801 556.1664 13.49706
v 147.6735 560.4956 10.76696
v 147.6735 556.5862 -15.36874
v 120.3512 547.2883 -15.36874
v 119.3307 544.4994 -6.451843
v 119.3307 544.4994 -6.451843
v 142.2424 553.213 -7.183941
v 147.6735 556.5862 -15.36874
v 120.3512 547.2883 -15.36874
v 115.451 543.1401 -13.02835
v 119.3307 544.4994 -6.451843
v 215.1414 636.3882 33.46657
v 217.0935 632.0097 40.94827
v 223.8586 636.3957 34.00407
v 178.2238 583.9778 33.46657
v 173.6684 577.2861 36.93866
v 177.9941 583.4564 43.36307
v 147.6735 560.4956 10.76696
v 142.801 556.1664 13.49706
v 146.9032 559.3423 19.97076
v 177.9941 583.4564 43.36307
v 173.6684 577.2861 36.93866
v 173.6643 470.2482 36.93747
v 173.6643 470.2482 36.93747
v 177.9884 464.0788 43.36227
v 177.9941 583.4564 43.36307
v 146.9032 559.3423 19.97076
v 142.801 556.1664 13.49706
v 142.8 492.893 13.49717
v 142.8 492.893 13.49717
v 146.9032 489.7173 19.97047
v 146.9032 559.3423 19.97076
v 119.3307 544.4994 -6.451843
v 115.451 543.1401 -13.02835
v 115.4548 505.3825 -13.02124
v 115.4548 505.3825 -13.02124
v 119.3353 503.988 -6.447144
v 119.3307 544.4994 -6.451843
v 217.0896 420.4218 40.94958
v 223.8549 416.0376 34.00558
v 223.8586 636.3957 34.00407
v 223.8586 636.3957 34.00407
v 217.0935 632.0097 40.94827
v 217.0896 420.4218 40.94958
v 134.0125 828.5425 -41.50436
v 77.8268 791.5222 -41.50436
v 77.82677 717.6823 -15.36876
v 77.82677 717.6823 -15.36876
v 147.6736 769.5137 -15.36875
v 134.0125 828.5425 -41.50436
v 77.82677 717.6823 -15.36876
v -0.095624 680.1224 -15.36877
v -0.095651 550.5707 -15.36876
v -0.095604 753.9623 -41.50447
v -0.095624 680.1224 -15.36877
v 77.82677 717.6823 -15.36876
v 77.8268 791.5222 -41.50436
v 120.3513 614.5875 -15.36875
v 120.3512 547.2883 -15.36874
v 147.6735 556.5862 -15.36874
v 147.6736 630.0685 -15.36874
v -215.3982 756.9242 33.46638
v -178.4679 697.6985 33.4665
v -178.3851 738.8662 10.76679
v -215.3154 805.7442 10.76678
v -178.3853 76.57561 33.46663
v -178.4108 468.4549 33.46651
v -215.3294 423.1431 33.4665
v -215.3156 76.57561 33.46662
v -120.5427 76.57558 -41.19276
v -120.5427 505.3826 -41.19288
v -120.5427 505.3826 -15.36878
v -120.5428 76.57559 -15.36866
v -215.3154 876.1024 -15.26232
v -178.3851 811.9875 -15.36881
v -178.3853 76.57561 33.46663
v -178.3853 76.5756 10.76693
v -178.3852 475.1985 10.76691
v -178.4108 468.4549 33.46651
v -178.3851 811.9875 -15.36881
v -178.3851 738.8662 10.76679
v -147.8649 705.5205 10.7668
v -147.8649 705.5205 10.7668
v -147.8649 769.5138 -15.3688
v -178.3851 811.9875 -15.36881
v -178.3852 475.1985 10.76691
v -178.3853 76.5756 10.76693
v -147.8651 76.5756 10.76693
v -147.865 491.9374 10.76691
v -147.8651 76.5756 10.76693
v -147.8651 76.57559 -15.36866
v -147.865 495.8468 -15.36879
v -147.865 491.9374 10.76691
v -147.865 495.8468 -15.36879
v -147.8651 76.57559 -15.36866
v -120.5428 76.57559 -15.36866
v -120.5427 505.3826 -15.36878
v -215.3154 958.1386 -41.50452
v -215.3154 876.1024 -15.26232
v -178.3851 811.9875 -15.36881
v -178.3851 884.6288 -41.50451
v -178.3851 884.6288 -41.50451
v -178.3851 811.9875 -15.36881
v -147.8649 769.5138 -15.3688
v -147.8649 769.5138 -15.3688
v -134.2038 828.5425 -41.5045
v -178.3851 884.6288 -41.50451
v -178.4153 583.9779 33.4665
v -178.4679 697.6985 33.4665
v -215.3982 756.9242 33.46638
v -215.3326 636.3882 33.46639
v -215.3154 876.1024 -15.26232
v -215.3154 958.1386 -41.50452
v -215.3154 636.5001 -41.50451
v -215.3326 636.3882 33.46639
v -215.3982 756.9242 33.46638
v -215.3154 805.7442 10.76678
v -147.8649 630.0686 -15.36879
v -147.8649 769.5138 -15.3688
v -147.8649 705.5205 10.7668
v -147.865 556.5863 -15.36879
v -147.865 560.4957 10.76681
v -147.865 560.4957 10.76681
v -147.8649 705.5205 10.7668
v -178.3851 738.8662 10.76679
v -178.3852 577.2347 10.7668
v -178.3852 577.2347 10.7668
v -178.3851 738.8662 10.76679
v -178.4679 697.6985 33.4665
v -178.4679 697.6985 33.4665
v -178.4153 583.9779 33.4665
v -178.3852 577.2347 10.7668
v -178.1799 464.0789 43.36211
v -178.1856 583.4565 43.3629
v -217.2849 632.0098 40.94819
v -217.281 420.4219 40.9494
v -173.8558 470.2483 36.93742
v -172.7415 475.1985 18.52051
v -172.7424 572.3344 18.5225
v -172.7424 572.3344 18.5225
v -173.8599 577.2862 36.93861
v -173.8558 470.2483 36.93742
v -142.9914 492.8931 13.49711
v -142.4293 495.8468 -7.192886
v -142.4339 553.2131 -7.183987
v -142.4339 553.2131 -7.183987
v -142.9925 556.1665 13.49701
v -142.9914 492.8931 13.49711
v -172.7415 475.1985 18.52051
v -147.0947 489.7174 19.97041
v -147.0947 559.3424 19.9706
v -172.7424 572.3344 18.5225
v -115.6462 505.3826 -13.02138
v -115.8437 505.3826 -40.11898
v -115.8422 543.1401 -40.11948
v -115.8422 543.1401 -40.11948
v -115.6424 543.1401 -13.02839
v -115.6462 505.3826 -13.02138
v -142.4293 495.8468 -7.192886
v -119.5268 503.9881 -6.447285
v -119.5221 544.4994 -6.451988
v -119.5221 544.4994 -6.451988
v -142.4339 553.2131 -7.183987
v -142.4293 495.8468 -7.192886
v -224.0499 636.3958 34.0039
v -223.8264 636.4916 -42.58991
v -223.8277 415.9629 -42.58649
v -224.0464 416.0377 34.0054
v -215.3156 76.57561 33.46662
v -215.3294 423.1431 33.4665
v -215.3155 423.0544 -41.50439
v -215.3156 76.57561 -41.50438
v -120.5426 614.5875 -15.36879
v -147.8649 769.5138 -15.3688
v -147.8649 630.0686 -15.36879
v -120.5427 547.2884 -15.36878
v -120.5426 547.2885 -41.19288
v -120.5426 614.5875 -41.19289
v -120.5426 614.5875 -15.36879
v -120.5427 547.2884 -15.36878
v -115.6424 543.1401 -13.02839
v -115.8422 543.1401 -40.11948
v -115.8422 543.1401 -40.11948
v -120.5426 547.2885 -41.19288
v -120.5427 547.2884 -15.36878
v -215.3154 636.5001 -41.50451
v -223.8264 636.4916 -42.58991
v -224.0499 636.3958 34.0039
v -224.0499 636.3958 34.0039
v -215.3326 636.3882 33.46639
v -215.3154 636.5001 -41.50451
v -215.3326 636.3882 33.46639
v -217.2849 632.0098 40.94819
v -178.1856 583.4565 43.3629
v -178.1856 583.4565 43.3629
v -178.4153 583.9779 33.4665
v -215.3326 636.3882 33.46639
v -178.4153 583.9779 33.4665
v -173.8599 577.2862 36.93861
v -172.7424 572.3344 18.5225
v -172.7424 572.3344 18.5225
v -178.3852 577.2347 10.7668
v -178.4153 583.9779 33.4665
v -178.3852 577.2347 10.7668
v -172.7424 572.3344 18.5225
v -147.0947 559.3424 19.9706
v -147.0947 559.3424 19.9706
v -147.865 560.4957 10.76681
v -178.3852 577.2347 10.7668
v -147.865 560.4957 10.76681
v -142.9925 556.1665 13.49701
v -142.4339 553.2131 -7.183987
v -142.4339 553.2131 -7.183987
v -147.865 556.5863 -15.36879
v -147.865 560.4957 10.76681
v -147.865 556.5863 -15.36879
v -142.4339 553.2131 -7.183987
v -119.5221 544.4994 -6.451988
v -119.5221 544.4994 -6.451988
v -120.5427 547.2884 -15.36878
v -147.865 556.5863 -15.36879
v -120.5427 547.2884 -15.36878
v -119.5221 544.4994 -6.451988
v -115.6424 543.1401 -13.02839
v -215.3326 636.3882 33.46639
v -224.0499 636.3958 34.0039
v -217.2849 632.0098 40.94819
v -178.4153 583.9779 33.4665
v -178.1856 583.4565 43.3629
v -173.8599 577.2862 36.93861
v -147.865 560.4957 10.76681
v -147.0947 559.3424 19.9706
v -142.9925 556.1665 13.49701
v -178.1856 583.4565 43.3629
v -178.1799 464.0789 43.36211
v -173.8558 470.2483 36.93742
v -173.8558 470.2483 36.93742
v -173.8599 577.2862 36.93861
v -178.1856 583.4565 43.3629
v -147.0947 559.3424 19.9706
v -147.0947 489.7174 19.97041
v -142.9914 492.8931 13.49711
v -142.9914 492.8931 13.49711
v -142.9925 556.1665 13.49701
v -147.0947 559.3424 19.9706
v -119.5221 544.4994 -6.451988
v -119.5268 503.9881 -6.447285
v -115.6462 505.3826 -13.02138
v -115.6462 505.3826 -13.02138
v -115.6424 543.1401 -13.02839
v -119.5221 544.4994 -6.451988
v -217.281 420.4219 40.9494
v -217.2849 632.0098 40.94819
v -224.0499 636.3958 34.0039
v -224.0499 636.3958 34.0039
v -224.0464 416.0377 34.0054
v -217.281 420.4219 40.9494
v -134.2038 828.5425 -41.5045
v -147.8649 769.5138 -15.3688
v -78.01812 717.6824 -15.36879
v -78.01812 717.6824 -15.36879
v -78.0181 791.5222 -41.50449
v -134.2038 828.5425 -41.5045
v -78.01812 717.6824 -15.36879
v -0.095604 753.9623 -41.50447
v -78.0181 791.5222 -41.50449
v -78.01812 717.6824 -15.36879
v -0.095624 680.1224 -15.36877
v -120.5426 614.5875 -15.36879
v -147.8649 630.0686 -15.36879
v -147.865 556.5863 -15.36879
v -120.5427 547.2884 -15.36878
v 120.3513 612.4145 -13.07315
v -0.095652 548.3978 -13.07317
v -0.095654 536.8785 -13.07316
v 120.3513 600.8953 -13.07315
v -0.095652 548.3978 -13.07317
v -120.5426 612.4145 -13.07319
v -120.5426 600.8953 -13.07319
v -0.095654 536.8785 -13.07316
v 120.3513 614.5875 -15.36875
v -0.095651 550.5707 -15.36876
v -0.095652 548.3978 -13.07317
v 120.3513 612.4145 -13.07315
v -0.095651 550.5707 -15.36876
v -120.5426 614.5875 -15.36879
v -120.5426 612.4145 -13.07319
v -0.095652 548.3978 -13.07317
v -120.5426 614.5875 -15.36879
v -120.5426 599.0707 -15.36879
v -120.5426 600.8953 -13.07319
v -120.5426 612.4145 -13.07319
v 120.3513 599.0707 -15.36875
v 120.3513 614.5875 -15.36875
v 120.3513 612.4145 -13.07315
v 120.3513 600.8953 -13.07315
v 120.3513 76.57554 -41.19272
v 120.3512 505.3826 -41.19284
v 120.3514 505.3825 -87.25494
v 120.3513 76.57554 -87.25491
v 178.1938 76.57542 -173.9056
v 178.1938 76.57542 -133.6286
v 178.1938 475.1984 -133.6286
v 178.2195 468.4548 -173.9056
v 147.6736 76.57542 -133.6286
v 147.6736 76.57553 -87.25491
v 147.6736 495.8466 -87.25493
v 147.6737 491.9372 -133.6286
v 173.6644 470.2481 -180.0642
v 172.55 475.1984 -147.3863
v 172.5511 572.3342 -147.3898
v 172.5511 572.3342 -147.3898
v 173.6686 577.286 -180.0664
v 173.6644 470.2481 -180.0642
v 142.8 492.893 -138.4731
v 142.2378 495.8466 -101.7617
v 142.2424 553.213 -101.7775
v 142.2424 553.213 -101.7775
v 142.8011 556.1664 -138.4728
v 142.8 492.893 -138.4731
v 115.4549 505.3825 -91.42014
v 115.6522 505.3826 -40.11884
v 115.6507 543.1401 -40.11945
v 115.451 543.1401 -91.40765
v 120.3514 547.2883 -87.25494
v 120.3514 614.5875 -87.25504
v 120.3514 547.2883 -87.25494
v 115.451 543.1401 -91.40765
v 115.6507 543.1401 -40.11945
v 120.3514 547.2883 -87.25494
v 215.1414 636.3881 -173.9057
v 217.0935 632.0096 -187.1808
v 177.9942 583.4564 -191.4654
v 177.9942 583.4564 -191.4654
v 178.2239 583.9778 -173.9057
v 215.1414 636.3881 -173.9057
v 178.2239 583.9778 -173.9057
v 173.6686 577.286 -180.0664
v 172.5511 572.3342 -147.3898
v 172.5511 572.3342 -147.3898
v 178.1939 577.2347 -133.6287
v 178.2239 583.9778 -173.9057
v 178.1939 577.2347 -133.6287
v 172.5511 572.3342 -147.3898
v 146.9033 559.3423 -149.9594
v 146.9033 559.3423 -149.9594
v 147.6737 560.4956 -133.6287
v 178.1939 577.2347 -133.6287
v 147.6737 560.4956 -133.6287
v 142.8011 556.1664 -138.4728
v 142.2424 553.213 -101.7775
v 142.2424 553.213 -101.7775
v 147.6737 556.5862 -87.25494
v 147.6737 560.4956 -133.6287
v 147.6737 556.5862 -87.25494
v 142.2424 553.213 -101.7775
v 119.3307 544.4994 -103.0765
v 119.3307 544.4994 -103.0765
v 120.3514 547.2883 -87.25494
v 147.6737 556.5862 -87.25494
v 120.3514 547.2883 -87.25494
v 119.3307 544.4994 -103.0765
v 115.451 543.1401 -91.40765
v 178.2239 583.9778 -173.9057
v 177.9942 583.4564 -191.4654
v 173.6686 577.286 -180.0664
v 147.6737 560.4956 -133.6287
v 146.9033 559.3423 -149.9594
v 142.8011 556.1664 -138.4728
v 177.9942 583.4564 -191.4654
v 177.9884 464.0787 -191.4639
v 173.6644 470.2481 -180.0642
v 173.6644 470.2481 -180.0642
v 173.6686 577.286 -180.0664
v 177.9942 583.4564 -191.4654
v 146.9033 559.3423 -149.9594
v 146.9033 489.7173 -149.9588
v 142.8 492.893 -138.4731
v 142.8 492.893 -138.4731
v 142.8011 556.1664 -138.4728
v 146.9033 559.3423 -149.9594
v 119.3307 544.4994 -103.0765
v 119.3354 503.988 -103.0848
v 115.4549 505.3825 -91.42014
v 115.4549 505.3825 -91.42014
v 115.451 543.1401 -91.40765
v 119.3307 544.4994 -103.0765
v -120.5427 76.57558 -41.19276
v -120.5427 76.57558 -87.25496
v -120.5426 505.3826 -87.25508
v -120.5427 505.3826 -41.19288
v -147.865 76.57549 -133.6287
v -147.8649 491.9373 -133.6288
v -147.865 495.8467 -87.25508
v -147.865 76.57559 -87.25496
v -142.9913 492.8931 -138.4731
v -142.9924 556.1665 -138.473
v -142.4339 553.2131 -101.7777
v -142.4339 553.2131 -101.7777
v -142.4293 495.8467 -101.7619
v -142.9913 492.8931 -138.4731
v -115.6462 505.3826 -91.42018
v -115.6422 543.1401 -91.40768
v -115.8422 543.1401 -40.11948
v -115.8437 505.3826 -40.11898
v -120.5426 547.2885 -87.25508
v -120.5426 614.5875 -87.25508
v -120.5426 547.2885 -87.25508
v -115.8422 543.1401 -40.11948
v -115.6422 543.1401 -91.40768
v -120.5426 547.2885 -87.25508
v -147.8649 560.4957 -133.6288
v -147.8649 556.5863 -87.25509
v -142.4339 553.2131 -101.7777
v -142.4339 553.2131 -101.7777
v -142.9924 556.1665 -138.473
v -147.8649 560.4957 -133.6288
v -147.8649 556.5863 -87.25509
v -120.5426 547.2885 -87.25508
v -119.522 544.4994 -103.0766
v -119.522 544.4994 -103.0766
v -142.4339 553.2131 -101.7777
v -147.8649 556.5863 -87.25509
v -120.5426 547.2885 -87.25508
v -115.6422 543.1401 -91.40768
v -119.522 544.4994 -103.0766
v -147.8649 560.4957 -133.6288
v -142.9924 556.1665 -138.473
v -147.0945 559.3424 -149.9595
v -147.0945 559.3424 -149.9595
v -142.9924 556.1665 -138.473
v -142.9913 492.8931 -138.4731
v -142.9913 492.8931 -138.4731
v -147.0945 489.7174 -149.959
v -147.0945 559.3424 -149.9595
v -119.522 544.4994 -103.0766
v -115.6422 543.1401 -91.40768
v -115.6462 505.3826 -91.42018
v -115.6462 505.3826 -91.42018
v -119.5267 503.9881 -103.0849
v -119.522 544.4994 -103.0766
v 215.1242 876.1023 -67.74664
v 178.1939 811.9875 -67.64005
v 178.1939 884.6288 -41.50435
v 178.1939 811.9875 -67.64005
v 147.6737 769.5137 -67.64005
v 147.6737 769.5137 -67.64005
v 134.0125 828.5425 -41.50436
v 178.1939 884.6288 -41.50435
v 215.1242 876.1023 -67.74664
v 215.1414 636.3881 -116.4752
v 215.207 756.9241 -116.4752
v 215.1242 805.744 -93.77563
v 134.0125 828.5425 -41.50436
v 147.6737 769.5137 -67.64005
v 77.82679 717.6824 -67.64006
v 77.82679 717.6824 -67.64006
v 77.8268 791.5222 -41.50436
v 134.0125 828.5425 -41.50436
v -0.095604 753.9623 -41.50447
v 77.8268 791.5222 -41.50436
v 77.82679 717.6824 -67.64006
v -0.095615 680.1224 -67.64007
v -178.3851 811.9876 -67.64011
v -215.3154 876.1024 -67.74672
v -178.3851 884.6288 -41.50451
v -134.2038 828.5425 -41.5045
v -147.8649 769.5137 -67.64011
v -147.8649 769.5137 -67.64011
v -178.3851 811.9876 -67.64011
v -178.3851 884.6288 -41.50451
v -215.3154 805.7441 -93.77582
v -215.3982 756.9242 -116.4754
v -215.3326 636.3882 -116.4754
v -215.3154 876.1024 -67.74672
v -134.2038 828.5425 -41.5045
v -78.0181 791.5222 -41.50449
v -78.018 717.6824 -67.64008
v -78.018 717.6824 -67.64008
v -147.8649 769.5137 -67.64011
v -134.2038 828.5425 -41.5045
v -0.095604 753.9623 -41.50447
v -0.095615 680.1224 -67.64007
v -78.018 717.6824 -67.64008
v -78.0181 791.5222 -41.50449
v -62.57453 642.9963 -13.84638
v -60.14273 636.6523 -13.66118
v -58.76283 636.5785 -13.66098
v -58.76283 636.5785 -13.66098
v -61.65673 644.1047 -13.87998
v -62.57453 642.9963 -13.84638
v -68.41914 646.3655 -13.94108
v -62.57453 642.9963 -13.84638
v -61.65673 644.1047 -13.87998
v -61.65673 644.1047 -13.87998
v -68.41913 648.003 -13.98858
v -68.41914 646.3655 -13.94108
v -74.26363 642.9963 -13.84638
v -68.41914 646.3655 -13.94108
v -68.41913 648.003 -13.98858
v -68.41913 648.003 -13.98858
v -75.18153 644.1047 -13.87998
v -74.26363 642.9963 -13.84638
v -76.69553 636.6523 -13.66118
v -74.26363 642.9963 -13.84638
v -75.18153 644.1047 -13.87998
v -75.18153 644.1047 -13.87998
v -78.07533 636.5785 -13.66098
v -76.69553 636.6523 -13.66118
v -74.23774 630.8627 -13.47718
v -76.69553 636.6523 -13.66118
v -78.07533 636.5785 -13.66098
v -78.07533 636.5785 -13.66098
v -75.20763 629.8229 -13.44558
v -74.23774 630.8627 -13.47718
v -68.41913 628.1202 -13.38588
v -74.23774 630.8627 -13.47718
v -75.20763 629.8229 -13.44558
v -75.20763 629.8229 -13.44558
v -68.41914 626.6233 -13.33828
v -68.41913 628.1202 -13.38588
v -62.60054 630.8627 -13.47718
v -68.41913 628.1202 -13.38588
v -68.41914 626.6233 -13.33828
v -68.41914 626.6233 -13.33828
v -61.63064 629.8229 -13.44558
v -62.60054 630.8627 -13.47718
v -60.14273 636.6523 -13.66118
v -62.60054 630.8627 -13.47718
v -61.63064 629.8229 -13.44558
v -61.63064 629.8229 -13.44558
v -58.76283 636.5785 -13.66098
v -60.14273 636.6523 -13.66118
v -63.09533 642.4911 -14.97568
v -60.84594 636.6321 -14.80498
v -60.14273 636.6523 -13.66118
v -60.14273 636.6523 -13.66118
v -62.57453 642.9963 -13.84638
v -63.09533 642.4911 -14.97568
v -60.84594 636.6321 -14.80498
v -63.09533 631.3326 -14.63628
v -62.60054 630.8627 -13.47718
v -62.60054 630.8627 -13.47718
v -60.14273 636.6523 -13.66118
v -60.84594 636.6321 -14.80498
v -63.09533 631.3326 -14.63628
v -68.41913 628.8229 -14.55238
v -68.41913 628.1202 -13.38588
v -68.41913 628.1202 -13.38588
v -62.60054 630.8627 -13.47718
v -63.09533 631.3326 -14.63628
v -68.41913 628.8229 -14.55238
v -73.74293 631.3326 -14.63628
v -74.23774 630.8627 -13.47718
v -74.23774 630.8627 -13.47718
v -68.41913 628.1202 -13.38588
v -68.41913 628.8229 -14.55238
v -73.74293 631.3326 -14.63628
v -75.99223 636.6321 -14.80498
v -76.69553 636.6523 -13.66118
v -76.69553 636.6523 -13.66118
v -74.23774 630.8627 -13.47718
v -73.74293 631.3326 -14.63628
v -75.99223 636.6321 -14.80498
v -73.74292 642.4911 -14.97568
v -74.26363 642.9963 -13.84638
v -74.26363 642.9963 -13.84638
v -76.69553 636.6523 -13.66118
v -75.99223 636.6321 -14.80498
v -73.74292 642.4911 -14.97568
v -68.41914 645.5605 -15.06158
v -68.41914 646.3655 -13.94108
v -68.41914 646.3655 -13.94108
v -74.26363 642.9963 -13.84638
v -73.74292 642.4911 -14.97568
v -68.41914 645.5605 -15.06158
v -63.09533 642.4911 -14.97568
v -62.57453 642.9963 -13.84638
v -62.57453 642.9963 -13.84638
v -68.41914 646.3655 -13.94108
v -68.41914 645.5605 -15.06158
v -58.06163 636.5292 -14.80458
v -61.13803 644.5422 -15.03808
v -61.65673 644.1047 -13.87998
v -61.65673 644.1047 -13.87998
v -58.76283 636.5785 -13.66098
v -58.06163 636.5292 -14.80458
v -61.13803 644.5422 -15.03808
v -68.41913 648.7402 -15.15558
v -68.41913 648.003 -13.98858
v -68.41913 648.003 -13.98858
v -61.65673 644.1047 -13.87998
v -61.13803 644.5422 -15.03808
v -68.41913 648.7402 -15.15558
v -75.70023 644.5422 -15.03808
v -75.18153 644.1047 -13.87998
v -75.18153 644.1047 -13.87998
v -68.41913 648.003 -13.98858
v -68.41913 648.7402 -15.15558
v -75.70023 644.5422 -15.03808
v -78.77652 636.5292 -14.80458
v -78.07533 636.5785 -13.66098
v -78.07533 636.5785 -13.66098
v -75.18153 644.1047 -13.87998
v -75.70023 644.5422 -15.03808
v -78.77652 636.5292 -14.80458
v -75.70023 629.2814 -14.57388
v -75.20763 629.8229 -13.44558
v -75.20763 629.8229 -13.44558
v -78.07533 636.5785 -13.66098
v -78.77652 636.5292 -14.80458
v -75.70023 629.2814 -14.57388
v -68.41914 625.8489 -14.45918
v -68.41914 626.6233 -13.33828
v -68.41914 626.6233 -13.33828
v -75.20763 629.8229 -13.44558
v -75.70023 629.2814 -14.57388
v -68.41914 625.8489 -14.45918
v -61.13804 629.2814 -14.57388
v -61.63064 629.8229 -13.44558
v -61.63064 629.8229 -13.44558
v -68.41914 626.6233 -13.33828
v -68.41914 625.8489 -14.45918
v -61.13804 629.2814 -14.57388
v -58.06163 636.5292 -14.80458
v -58.76283 636.5785 -13.66098
v -58.76283 636.5785 -13.66098
v -61.63064 629.8229 -13.44558
v -61.13804 629.2814 -14.57388
v -36.53653 658.289 -13.67708
v -32.73103 648.3615 -13.38737
v -30.57173 648.2458 -13.38698
v -30.57173 648.2458 -13.38698
v -35.10023 660.0234 -13.72968
v -36.53653 658.289 -13.67708
v -45.68263 663.561 -13.82518
v -36.53653 658.289 -13.67708
v -35.10023 660.0234 -13.72968
v -35.10023 660.0234 -13.72968
v -45.68262 666.1237 -13.89968
v -45.68263 663.561 -13.82518
v -54.82863 658.2889 -13.67708
v -45.68263 663.561 -13.82518
v -45.68262 666.1237 -13.89968
v -45.68262 666.1237 -13.89968
v -56.26493 660.0234 -13.72968
v -54.82863 658.2889 -13.67708
v -58.63414 648.3615 -13.38738
v -54.82863 658.2889 -13.67708
v -56.26493 660.0234 -13.72968
v -56.26493 660.0234 -13.72968
v -60.79343 648.2458 -13.38698
v -58.63414 648.3615 -13.38738
v -54.78803 639.3013 -13.09938
v -58.63414 648.3615 -13.38738
v -60.79343 648.2458 -13.38698
v -60.79343 648.2458 -13.38698
v -56.30573 637.6744 -13.04988
v -54.78803 639.3013 -13.09938
v -45.68263 635.0096 -12.95658
v -54.78803 639.3013 -13.09938
v -56.30573 637.6744 -13.04988
v -56.30573 637.6744 -13.04988
v -45.68263 632.6672 -12.88208
v -45.68263 635.0096 -12.95658
v -36.57713 639.3014 -13.09938
v -45.68263 635.0096 -12.95658
v -45.68263 632.6672 -12.88208
v -45.68263 632.6672 -12.88208
v -35.05943 637.6744 -13.04988
v -36.57713 639.3014 -13.09938
v -32.73103 648.3615 -13.38737
v -36.57713 639.3014 -13.09938
v -35.05943 637.6744 -13.04988
v -35.05943 637.6744 -13.04988
v -30.57173 648.2458 -13.38698
v -32.73103 648.3615 -13.38737
v -37.35143 657.4984 -15.44438
v -33.83143 648.3297 -15.17718
v -32.73103 648.3615 -13.38737
v -32.73103 648.3615 -13.38737
v -36.53653 658.289 -13.67708
v -37.35143 657.4984 -15.44438
v -33.83143 648.3297 -15.17718
v -37.35143 640.0367 -14.91318
v -36.57713 639.3014 -13.09938
v -36.57713 639.3014 -13.09938
v -32.73103 648.3615 -13.38737
v -33.83143 648.3297 -15.17718
v -37.35143 640.0367 -14.91318
v -45.68263 636.1091 -14.78198
v -45.68263 635.0096 -12.95658
v -45.68263 635.0096 -12.95658
v -36.57713 639.3014 -13.09938
v -37.35143 640.0367 -14.91318
v -45.68263 636.1091 -14.78198
v -54.01363 640.0367 -14.91318
v -54.78803 639.3013 -13.09938
v -54.78803 639.3013 -13.09938
v -45.68263 635.0096 -12.95658
v -45.68263 636.1091 -14.78198
v -54.01363 640.0367 -14.91318
v -57.53363 648.3296 -15.17718
v -58.63414 648.3615 -13.38738
v -58.63414 648.3615 -13.38738
v -54.78803 639.3013 -13.09938
v -54.01363 640.0367 -14.91318
v -57.53363 648.3296 -15.17718
v -54.01363 657.4983 -15.44438
v -54.82863 658.2889 -13.67708
v -54.82863 658.2889 -13.67708
v -58.63414 648.3615 -13.38738
v -57.53363 648.3296 -15.17718
v -54.01363 657.4983 -15.44438
v -45.68263 662.3016 -15.57878
v -45.68263 663.561 -13.82518
v -45.68263 663.561 -13.82518
v -54.82863 658.2889 -13.67708
v -54.01363 657.4983 -15.44438
v -45.68263 662.3016 -15.57878
v -37.35143 657.4984 -15.44438
v -36.53653 658.289 -13.67708
v -36.53653 658.289 -13.67708
v -45.68263 663.561 -13.82518
v -45.68263 662.3016 -15.57878
v -29.47443 648.1686 -15.17657
v -34.28863 660.7083 -15.54198
v -35.10023 660.0234 -13.72968
v -35.10023 660.0234 -13.72968
v -30.57173 648.2458 -13.38698
v -29.47443 648.1686 -15.17657
v -34.28863 660.7083 -15.54198
v -45.68262 667.2773 -15.72578
v -45.68262 666.1237 -13.89968
v -45.68262 666.1237 -13.89968
v -35.10023 660.0234 -13.72968
v -34.28863 660.7083 -15.54198
v -45.68262 667.2773 -15.72578
v -57.07663 660.7082 -15.54198
v -56.26493 660.0234 -13.72968
v -56.26493 660.0234 -13.72968
v -45.68262 666.1237 -13.89968
v -45.68262 667.2773 -15.72578
v -57.07663 660.7082 -15.54198
v -61.89074 648.1686 -15.17658
v -60.79343 648.2458 -13.38698
v -60.79343 648.2458 -13.38698
v -56.26493 660.0234 -13.72968
v -57.07663 660.7082 -15.54198
v -61.89074 648.1686 -15.17658
v -57.07663 636.8268 -14.81558
v -56.30573 637.6744 -13.04988
v -56.30573 637.6744 -13.04988
v -60.79343 648.2458 -13.38698
v -61.89074 648.1686 -15.17658
v -57.07663 636.8268 -14.81558
v -45.68264 631.4554 -14.63608
v -45.68263 632.6672 -12.88208
v -45.68263 632.6672 -12.88208
v -56.30573 637.6744 -13.04988
v -57.07663 636.8268 -14.81558
v -45.68264 631.4554 -14.63608
v -34.28864 636.8268 -14.81557
v -35.05943 637.6744 -13.04988
v -35.05943 637.6744 -13.04988
v -45.68263 632.6672 -12.88208
v -45.68264 631.4554 -14.63608
v -34.28864 636.8268 -14.81557
v -29.47443 648.1686 -15.17657
v -30.57173 648.2458 -13.38698
v -30.57173 648.2458 -13.38698
v -35.05943 637.6744 -13.04988
v -34.28864 636.8268 -14.81557
v 12.68986 610.6321 -12.67326
v 18.00306 596.7715 -12.26867
v 21.01786 596.6099 -12.26816
v 21.01786 596.6099 -12.26816
v 14.69516 613.0536 -12.74667
v 12.68986 610.6321 -12.67326
v -0.079737 617.9932 -12.88007
v 12.68986 610.6321 -12.67326
v 14.69516 613.0536 -12.74667
v 14.69516 613.0536 -12.74667
v -0.079737 621.571 -12.98407
v -0.079737 617.9932 -12.88007
v -12.84924 610.6321 -12.67327
v -0.079737 617.9932 -12.88007
v -0.079737 621.571 -12.98407
v -0.079737 621.571 -12.98407
v -14.85464 613.0536 -12.74667
v -12.84924 610.6321 -12.67327
v -18.16244 596.7715 -12.26867
v -12.84924 610.6321 -12.67327
v -14.85464 613.0536 -12.74667
v -14.85464 613.0536 -12.74667
v -21.17724 596.61 -12.26817
v -18.16244 596.7715 -12.26867
v -12.79254 584.1219 -11.86667
v -18.16244 596.7715 -12.26867
v -21.17724 596.61 -12.26817
v -21.17724 596.61 -12.26817
v -14.91164 581.8503 -11.79757
v -12.79254 584.1219 -11.86667
v -0.079746 578.1299 -11.66726
v -12.79254 584.1219 -11.86667
v -14.91164 581.8503 -11.79757
v -14.91164 581.8503 -11.79757
v -0.079747 574.8594 -11.56327
v -0.079746 578.1299 -11.66726
v 12.63315 584.1219 -11.86666
v -0.079746 578.1299 -11.66726
v -0.079747 574.8594 -11.56327
v -0.079747 574.8594 -11.56327
v 14.75216 581.8503 -11.79757
v 12.63315 584.1219 -11.86666
v 18.00306 596.7715 -12.26867
v 12.63315 584.1219 -11.86666
v 14.75216 581.8503 -11.79757
v 14.75216 581.8503 -11.79757
v 21.01786 596.6099 -12.26816
v 18.00306 596.7715 -12.26867
v 11.55206 609.5284 -15.14067
v 16.46666 596.7272 -14.76767
v 18.00306 596.7715 -12.26867
v 18.00306 596.7715 -12.26867
v 12.68986 610.6321 -12.67326
v 11.55206 609.5284 -15.14067
v 16.46666 596.7272 -14.76767
v 11.55206 585.1487 -14.39907
v 12.63315 584.1219 -11.86666
v 12.63315 584.1219 -11.86666
v 18.00306 596.7715 -12.26867
v 16.46666 596.7272 -14.76767
v 11.55206 585.1487 -14.39907
v -0.079745 579.6652 -14.21587
v -0.079746 578.1299 -11.66726
v -0.079746 578.1299 -11.66726
v 12.63315 584.1219 -11.86666
v 11.55206 585.1487 -14.39907
v -0.079745 579.6652 -14.21587
v -11.71144 585.1487 -14.39907
v -12.79254 584.1219 -11.86667
v -12.79254 584.1219 -11.86667
v -0.079746 578.1299 -11.66726
v -0.079745 579.6652 -14.21587
v -11.71144 585.1487 -14.39907
v -16.62604 596.7272 -14.76767
v -18.16244 596.7715 -12.26867
v -18.16244 596.7715 -12.26867
v -12.79254 584.1219 -11.86667
v -11.71144 585.1487 -14.39907
v -16.62604 596.7272 -14.76767
v -11.71144 609.5284 -15.14067
v -12.84924 610.6321 -12.67327
v -12.84924 610.6321 -12.67327
v -18.16244 596.7715 -12.26867
v -16.62604 596.7272 -14.76767
v -11.71144 609.5284 -15.14067
v -0.079737 616.2347 -15.32827
v -0.079737 617.9932 -12.88007
v -0.079737 617.9932 -12.88007
v -12.84924 610.6321 -12.67327
v -11.71144 609.5284 -15.14067
v -0.079737 616.2347 -15.32827
v 11.55206 609.5284 -15.14067
v 12.68986 610.6321 -12.67326
v 12.68986 610.6321 -12.67326
v -0.079737 617.9932 -12.88007
v -0.079737 616.2347 -15.32827
v 22.54986 596.5023 -14.76686
v 15.82836 614.0099 -15.27707
v 14.69516 613.0536 -12.74667
v 14.69516 613.0536 -12.74667
v 21.01786 596.6099 -12.26816
v 22.54986 596.5023 -14.76686
v 15.82836 614.0099 -15.27707
v -0.079736 623.1818 -15.53357
v -0.079737 621.571 -12.98407
v -0.079737 621.571 -12.98407
v 14.69516 613.0536 -12.74667
v 15.82836 614.0099 -15.27707
v -0.079736 623.1818 -15.53357
v -15.98794 614.0099 -15.27707
v -14.85464 613.0536 -12.74667
v -14.85464 613.0536 -12.74667
v -0.079737 621.571 -12.98407
v -0.079736 623.1818 -15.53357
v -15.98794 614.0099 -15.27707
v -22.70924 596.5024 -14.76687
v -21.17724 596.61 -12.26817
v -21.17724 596.61 -12.26817
v -14.85464 613.0536 -12.74667
v -15.98794 614.0099 -15.27707
v -22.70924 596.5024 -14.76687
v -15.98794 580.6671 -14.26277
v -14.91164 581.8503 -11.79757
v -14.91164 581.8503 -11.79757
v -21.17724 596.61 -12.26817
v -22.70924 596.5024 -14.76687
v -15.98794 580.6671 -14.26277
v -0.079746 573.1675 -14.01217
v -0.079747 574.8594 -11.56327
v -0.079747 574.8594 -11.56327
v -14.91164 581.8503 -11.79757
v -15.98794 580.6671 -14.26277
v -0.079746 573.1675 -14.01217
v 15.82835 580.6671 -14.26276
v 14.75216 581.8503 -11.79757
v 14.75216 581.8503 -11.79757
v -0.079747 574.8594 -11.56327
v -0.079746 573.1675 -14.01217
v 15.82835 580.6671 -14.26276
v 22.54986 596.5023 -14.76686
v 21.01786 596.6099 -12.26816
v 21.01786 596.6099 -12.26816
v 14.75216 581.8503 -11.79757
v 15.82835 580.6671 -14.26276
v 80.75217 648.1249 -13.87705
v 84.66686 637.9127 -13.95735
v 86.60897 637.8026 -13.95695
v 86.60897 637.8026 -13.95695
v 82.03418 649.7004 -13.92476
v 80.75217 648.1249 -13.87705
v 71.34378 653.5483 -14.02946
v 80.75217 648.1249 -13.87705
v 82.03418 649.7004 -13.92476
v 82.03418 649.7004 -13.92476
v 71.34378 655.8632 -14.09656
v 71.34378 653.5483 -14.02946
v 61.93536 648.1249 -13.87706
v 71.34378 653.5483 -14.02946
v 71.34378 655.8632 -14.09656
v 71.34378 655.8632 -14.09656
v 60.65337 649.7004 -13.92476
v 61.93536 648.1249 -13.87706
v 58.02066 637.9128 -13.95736
v 61.93536 648.1249 -13.87706
v 60.65337 649.7004 -13.92476
v 60.65337 649.7004 -13.92476
v 56.07867 637.8027 -13.95696
v 58.02066 637.9128 -13.95736
v 61.97716 628.5928 -13.66116
v 58.02066 637.9128 -13.95736
v 56.07867 637.8027 -13.95696
v 56.07867 637.8027 -13.95696
v 60.61206 627.1233 -13.61646
v 61.97716 628.5928 -13.66116
v 71.34377 624.178 -13.51426
v 61.97716 628.5928 -13.66116
v 60.61206 627.1233 -13.61646
v 60.61206 627.1233 -13.61646
v 71.34377 622.0649 -13.44695
v 71.34377 624.178 -13.51426
v 80.71037 628.5927 -13.66116
v 71.34377 624.178 -13.51426
v 71.34377 622.0649 -13.44695
v 71.34377 622.0649 -13.44695
v 82.07537 627.1232 -13.61645
v 80.71037 628.5927 -13.66116
v 84.66686 637.9127 -13.95735
v 80.71037 628.5927 -13.66116
v 82.07537 627.1232 -13.61645
v 82.07537 627.1232 -13.61645
v 86.60897 637.8026 -13.95695
v 84.66686 637.9127 -13.95735
v 79.29817 646.6695 -15.54305
v 82.65907 637.9153 -15.66645
v 84.66686 637.9127 -13.95735
v 84.66686 637.9127 -13.95735
v 80.75217 648.1249 -13.87705
v 79.29817 646.6695 -15.54305
v 82.65907 637.9153 -15.66645
v 79.29816 629.9974 -15.41435
v 80.71037 628.5927 -13.66116
v 84.66686 637.9127 -13.95735
v 79.29816 629.9974 -15.41435
v 71.34378 626.2476 -15.28906
v 71.34377 624.178 -13.51426
v 80.71037 628.5927 -13.66116
v 71.34378 626.2476 -15.28906
v 63.38937 629.9974 -15.41436
v 61.97716 628.5928 -13.66116
v 71.34377 624.178 -13.51426
v 63.38937 629.9974 -15.41436
v 60.02857 637.9153 -15.66646
v 58.02066 637.9128 -13.95736
v 58.02066 637.9128 -13.95736
v 61.97716 628.5928 -13.66116
v 63.38937 629.9974 -15.41436
v 60.02857 637.9153 -15.66646
v 63.38937 646.6696 -15.54316
v 61.93536 648.1249 -13.87706
v 61.93536 648.1249 -13.87706
v 58.02066 637.9128 -13.95736
v 60.02857 637.9153 -15.66646
v 63.38937 646.6696 -15.54316
v 71.34378 651.2557 -15.67136
v 71.34378 653.5483 -14.02946
v 61.93536 648.1249 -13.87706
v 71.34378 651.2557 -15.67136
v 79.29817 646.6695 -15.54305
v 80.75217 648.1249 -13.87705
v 71.34378 653.5483 -14.02946
v 88.31637 637.7064 -15.66565
v 83.27507 650.8372 -15.66985
v 82.03418 649.7004 -13.92476
v 82.03418 649.7004 -13.92476
v 86.60897 637.8026 -13.95695
v 88.31637 637.7064 -15.66565
v 83.27507 650.8372 -15.66985
v 71.34378 657.7164 -15.86236
v 71.34378 655.8632 -14.09656
v 71.34378 655.8632 -14.09656
v 82.03418 649.7004 -13.92476
v 83.27507 650.8372 -15.66985
v 71.34378 657.7164 -15.86236
v 59.41237 650.8373 -15.66986
v 60.65337 649.7004 -13.92476
v 60.65337 649.7004 -13.92476
v 71.34378 655.8632 -14.09656
v 71.34378 657.7164 -15.86236
v 59.41237 650.8373 -15.66986
v 54.37127 637.7064 -15.66566
v 56.07867 637.8027 -13.95696
v 56.07867 637.8027 -13.95696
v 60.65337 649.7004 -13.92476
v 59.41237 650.8373 -15.66986
v 54.37127 637.7064 -15.66566
v 59.41236 625.8297 -15.28756
v 60.61206 627.1233 -13.61646
v 56.07867 637.8027 -13.95696
v 59.41236 625.8297 -15.28756
v 71.34378 620.2048 -15.09966
v 71.34377 622.0649 -13.44695
v 71.34377 622.0649 -13.44695
v 60.61206 627.1233 -13.61646
v 59.41236 625.8297 -15.28756
v 71.34378 620.2048 -15.09966
v 83.27506 625.8296 -15.28755
v 82.07537 627.1232 -13.61645
v 82.07537 627.1232 -13.61645
v 71.34377 622.0649 -13.44695
v 71.34378 620.2048 -15.09966
v 83.27506 625.8296 -15.28755
v 88.31637 637.7064 -15.66565
v 86.60897 637.8026 -13.95695
v 82.07537 627.1232 -13.61645
v 121.8715 722.1548 -13.14795
v 126.7818 709.3452 -12.77405
v 129.5679 709.1959 -12.77355
v 129.5679 709.1959 -12.77355
v 123.7247 724.3926 -13.21575
v 121.8715 722.1548 -13.14795
v 110.0703 728.9575 -13.33906
v 121.8715 722.1548 -13.14795
v 123.7247 724.3926 -13.21575
v 123.7247 724.3926 -13.21575
v 110.0703 732.264 -13.43516
v 110.0703 728.9575 -13.33906
v 98.26909 722.1548 -13.14795
v 110.0703 728.9575 -13.33906
v 110.0703 732.264 -13.43516
v 110.0703 732.264 -13.43516
v 96.41579 724.3926 -13.21576
v 98.26909 722.1548 -13.14795
v 93.35889 709.3453 -12.77406
v 98.26909 722.1548 -13.14795
v 96.41579 724.3926 -13.21576
v 96.41579 724.3926 -13.21576
v 90.57269 709.196 -12.77356
v 93.35889 709.3453 -12.77406
v 98.32148 697.655 -12.40256
v 93.35889 709.3453 -12.77406
v 90.57269 709.196 -12.77356
v 90.57269 709.196 -12.77356
v 96.36318 695.5555 -12.33865
v 98.32148 697.655 -12.40256
v 110.0703 692.1174 -12.21815
v 98.32148 697.655 -12.40256
v 96.36318 695.5555 -12.33865
v 96.36318 695.5555 -12.33865
v 110.0703 689.0948 -12.12206
v 110.0703 692.1174 -12.21815
v 121.8191 697.655 -12.40255
v 110.0703 692.1174 -12.21815
v 110.0703 689.0948 -12.12206
v 110.0703 689.0948 -12.12206
v 123.7774 695.5555 -12.33865
v 121.8191 697.655 -12.40255
v 126.7818 709.3452 -12.77405
v 121.8191 697.655 -12.40255
v 123.7774 695.5555 -12.33865
v 123.7774 695.5555 -12.33865
v 129.5679 709.1959 -12.77355
v 126.7818 709.3452 -12.77405
v 120.8199 721.1346 -15.42825
v 125.3619 709.3041 -15.08345
v 126.7818 709.3452 -12.77405
v 126.7818 709.3452 -12.77405
v 121.8715 722.1548 -13.14795
v 120.8199 721.1346 -15.42825
v 125.3619 709.3041 -15.08345
v 120.8199 698.6038 -14.74285
v 121.8191 697.655 -12.40255
v 121.8191 697.655 -12.40255
v 126.7818 709.3452 -12.77405
v 125.3619 709.3041 -15.08345
v 120.8199 698.6038 -14.74285
v 110.0703 693.5361 -14.57355
v 110.0703 692.1174 -12.21815
v 110.0703 692.1174 -12.21815
v 121.8191 697.655 -12.40255
v 120.8199 698.6038 -14.74285
v 110.0703 693.5361 -14.57355
v 99.32069 698.6038 -14.74285
v 98.32148 697.655 -12.40256
v 98.32148 697.655 -12.40256
v 110.0703 692.1174 -12.21815
v 110.0703 693.5361 -14.57355
v 99.32069 698.6038 -14.74285
v 94.77879 709.3041 -15.08356
v 93.35889 709.3453 -12.77406
v 93.35889 709.3453 -12.77406
v 98.32148 697.655 -12.40256
v 99.32069 698.6038 -14.74285
v 94.77879 709.3041 -15.08356
v 99.32069 721.1346 -15.42826
v 98.26909 722.1548 -13.14795
v 98.26909 722.1548 -13.14795
v 93.35889 709.3453 -12.77406
v 94.77879 709.3041 -15.08356
v 99.32069 721.1346 -15.42826
v 110.0703 727.3323 -15.60166
v 110.0703 728.9575 -13.33906
v 110.0703 728.9575 -13.33906
v 98.26909 722.1548 -13.14795
v 99.32069 721.1346 -15.42826
v 110.0703 727.3323 -15.60166
v 120.8199 721.1346 -15.42825
v 121.8715 722.1548 -13.14795
v 121.8715 722.1548 -13.14795
v 110.0703 728.9575 -13.33906
v 110.0703 727.3323 -15.60166
v 130.9838 709.0963 -15.08275
v 124.772 725.2762 -15.55425
v 123.7247 724.3926 -13.21575
v 123.7247 724.3926 -13.21575
v 129.5679 709.1959 -12.77355
v 130.9838 709.0963 -15.08275
v 124.772 725.2762 -15.55425
v 110.0703 733.7526 -15.79136
v 110.0703 732.264 -13.43516
v 110.0703 732.264 -13.43516
v 123.7247 724.3926 -13.21575
v 124.772 725.2762 -15.55425
v 110.0703 733.7526 -15.79136
v 95.36848 725.2762 -15.55426
v 96.41579 724.3926 -13.21576
v 96.41579 724.3926 -13.21576
v 110.0703 732.264 -13.43516
v 110.0703 733.7526 -15.79136
v 95.36848 725.2762 -15.55426
v 89.15688 709.0964 -15.08276
v 90.57269 709.196 -12.77356
v 90.57269 709.196 -12.77356
v 96.41579 724.3926 -13.21576
v 95.36848 725.2762 -15.55426
v 89.15688 709.0964 -15.08276
v 95.36848 694.462 -14.61686
v 96.36318 695.5555 -12.33865
v 96.36318 695.5555 -12.33865
v 90.57269 709.196 -12.77356
v 89.15688 709.0964 -15.08276
v 95.36848 694.462 -14.61686
v 110.0703 687.5312 -14.38525
v 110.0703 689.0948 -12.12206
v 110.0703 689.0948 -12.12206
v 96.36318 695.5555 -12.33865
v 95.36848 694.462 -14.61686
v 110.0703 687.5312 -14.38525
v 124.772 694.462 -14.61685
v 123.7774 695.5555 -12.33865
v 123.7774 695.5555 -12.33865
v 110.0703 689.0948 -12.12206
v 110.0703 687.5312 -14.38525
v 124.772 694.462 -14.61685
v 130.9838 709.0963 -15.08275
v 129.5679 709.1959 -12.77355
v 129.5679 709.1959 -12.77355
v 123.7774 695.5555 -12.33865
v 124.772 694.462 -14.61685
v -150.1809 0.000084 -279.5795
v -150.1809 18.92298 -279.5795
v 155.5859 18.92291 -279.5793
v 155.5859 0.000015 -279.5793
v -150.1809 18.92298 -240.1352
v 155.586 18.92292 -240.1349
v 155.586 36.24012 -240.135
v -150.1809 36.24018 -240.1351
v -150.1809 36.24018 -200.6907
v 155.5859 36.24012 -200.6905
v -150.1809 36.24018 -200.6907
v -150.1809 51.18049 -200.6907
v 155.5859 51.18042 -200.6905
v 155.5859 36.24012 -200.6905
v -150.181 83.60759 -82.35747
v -150.181 101.0945 -82.35747
v 155.5858 101.0944 -82.35732
v 155.5858 83.60753 -82.35732
v 155.5859 51.18032 -161.2461
v -150.1809 51.18039 -161.2463
v 155.5859 83.60762 -121.8017
v -150.181 83.60769 -121.8019
v -150.1809 66.29048 -161.2463
v 155.5859 66.29042 -161.2461
v 155.5859 66.29042 -121.8017
v -150.181 66.29049 -121.8019
v -150.181 66.29049 -121.8019
v 155.5859 66.29042 -121.8017
v -150.181 101.0945 -42.91446
v 2.70246 101.0945 -42.91434
v 155.5859 101.0944 -42.91431
v -365.7154 0.000031 -281.4873
v -365.7154 18.92302 -281.4874
v -148.2647 18.92298 -281.4872
v -148.2647 -0.000023 -281.4871
v -351.1532 18.92302 -242.0429
v -148.2647 18.92298 -242.0428
v -148.2647 36.24008 -242.0427
v -351.1531 36.24013 -242.0429
v -336.5907 36.24013 -202.5986
v -148.2647 36.24009 -202.5983
v -336.5907 36.24013 -202.5986
v -336.5907 51.18043 -202.5985
v -148.2647 51.18039 -202.5984
v -148.2647 36.24009 -202.5983
v -292.9037 83.60762 -84.26518
v -292.9036 101.0945 -84.26509
v -148.2648 101.0945 -84.26507
v -148.2648 83.60759 -84.26506
v -322.0283 51.18042 -163.1541
v -148.2648 51.18039 -163.1539
v -148.2648 101.0945 -45.04567
v -278.4244 101.0945 -45.04559
v -278.3413 101.0945 -44.82069
v -148.2648 101.0945 -44.82066
v -148.2648 83.60759 -123.7095
v -307.4661 83.60762 -123.7096
v -148.2648 66.29048 -163.1539
v -322.0284 66.29052 -163.1541
v -307.4661 66.29052 -123.7096
v -148.2648 66.29049 -123.7095
v -148.2648 66.29049 -123.7095
v -307.4661 66.29052 -123.7096
v -505.4901 0.000069 -71.08982
v -505.4901 18.92297 -71.08982
v -481.5673 18.92296 -45.73552
v -481.5673 36.24016 -45.73552
v -400.4919 51.18045 -45.04581
v -400.492 66.29054 -45.04571
v -359.7254 66.29053 -45.0457
v -359.7253 83.60764 -45.0457
v 152.9929 66.29042 -163.1317
v 354.5668 66.29038 -163.1316
v 354.5669 51.18028 -163.1316
v 152.9929 51.18033 -163.1317
v 152.9929 83.60752 -123.6873
v 341.6313 83.60748 -123.6872
v 341.6313 66.29038 -123.6872
v 152.9929 66.29042 -123.6873
v 152.9929 -0.000076 -281.4649
v 152.9929 18.92292 -281.4649
v 393.3734 18.92287 -281.4648
v 393.3734 -0.00013 -281.4648
v 152.9929 18.92292 -242.0205
v 380.4378 18.92287 -242.0204
v 152.9929 36.24002 -242.0205
v 152.9929 36.24002 -202.5761
v 367.5024 36.23998 -202.576
v 380.4379 36.23997 -242.0204
v 152.9929 36.24002 -202.5761
v 152.9929 51.18032 -202.5761
v 367.5024 51.18028 -202.576
v 367.5024 36.23998 -202.576
v 152.9928 83.60753 -84.24281
v 152.9928 101.0944 -84.24281
v 328.6958 101.0944 -84.24268
v 328.6957 83.60749 -84.24268
v 152.9929 101.0944 -45.04541
v 315.8412 101.0944 -45.04528
v 152.9929 66.29042 -123.6873
v 341.6313 66.29038 -123.6872
v 563.3482 -0.000153 -66.77544
v 563.3482 18.92274 -66.77554
v 536.388 18.92275 -45.04534
v 546.1438 18.92274 -45.04524
v 492.2232 36.23996 -45.04535
v 536.388 36.23995 -45.04524
v 492.2232 51.18026 -45.04535
v 492.2232 36.23996 -45.04535
v 359.7293 101.0944 -45.04538
v 359.7293 83.60748 -45.04528
v 448.0585 51.18027 -45.04526
v 403.894 83.60748 -45.04537
v 403.8939 66.29037 -45.04527
v 448.0585 66.29037 -45.04526
v -441.2588 36.24015 -45.04581
v -441.2588 36.24015 -45.04581
v -441.2588 51.18046 -45.04581
v -318.9586 83.60763 -45.0457
v -318.9586 101.0945 -45.0456
v -359.7254 66.29053 -45.0457
v 152.9929 101.0944 -44.79841
v 315.7602 101.0944 -44.79829
v 403.8939 66.29037 -45.04527
vn 0.422606 -0 0.906314
vn 0.330499 0.623198 0.708798
vn 0 0.707107 0.707107
vn -0 0 1
vn 0.244496 0.815685 0.52429
vn 0 0.707107 0.707107
vn 0 0.707107 0.707107
vn 0.330499 0.623198 0.708798
vn 0.244496 0.815685 0.52429
vn 0 0.707107 0.707107
vn 0.244496 0.815685 0.52429
vn 0.330499 0.623198 0.708798
vn 0 0.707107 0.707107
vn 0 0.707107 0.707107
vn 0.244496 0.815685 0.52429
vn 0.330499 0.623198 0.708798
vn 0 0.707107 0.707107
vn 0 0.707107 0.707107
vn 0.244496 0.815685 0.52429
vn 0 0.707107 0.707107
vn 0 1 -0
vn 0 1 -0
vn 0 1 -0
vn 0 1 -0
vn 0 0.707107 0.707107
vn 0.330499 0.623198 0.708798
vn 0 0.707107 0.707107
vn 0.330499 0.623198 0.708798
vn 0.244496 0.815685 0.52429
vn 0 0.707107 0.707107
vn 0 0.707107 0.707107
vn 0.244496 0.815685 0.52429
vn 0.76602 -0 0.642817
vn 0.5417 0.7071 0.4545
vn 0.5417 0.7071 0.4545
vn 0.667198 0.491398 0.559799
vn 0.436002 0.822203 0.365902
vn 0.669632 0.485623 0.561927
vn 0.436002 0.822203 0.365902
vn 0.669632 0.485623 0.561927
vn 0 0.707107 0.707107
vn -0.29709 0.630279 0.717276
vn -0.227499 0.804198 0.549099
vn 0 0.707107 0.707107
vn 0 0.707107 0.707107
vn -0.29709 0.630279 0.717276
vn -0.227499 0.804198 0.549099
vn 0 0.707107 0.707107
vn -0 0 1
vn 0 0.707107 0.707107
vn -0.29709 0.630279 0.717276
vn -0.382691 0 0.923877
vn 0 0.707107 0.707107
vn -0.227499 0.804198 0.549099
vn 0 0.707107 0.707107
vn 0 0.707107 0.707107
vn -0.227499 0.804198 0.549099
vn -0.29709 0.630279 0.717276
vn 0 0.707107 0.707107
vn 0 0.707107 0.707107
vn -0.29709 0.630279 0.717276
vn -0.227499 0.804198 0.549099
vn 0 0.707107 0.707107
vn 0 0.707107 0.707107
vn -0.29709 0.630279 0.717276
vn -0.227499 0.804198 0.549099
vn 0 1 -0
vn 0 1 -0
vn 0 0.707107 0.707107
vn -0.227499 0.804198 0.549099
vn -0.707107 0 0.707107
vn -0.500002 0.707104 0.500002
vn -0.392226 0.832056 0.392226
vn 0 1 -0
vn -0.392194 0.832087 0.392194
vn -0.632468 0.447178 0.632468
vn -0.632468 0.447178 0.632468
vn -0.392194 0.832087 0.392194
vn -0.632468 0.447178 0.632468
vn -0.392194 0.832087 0.392194
vn -0.392194 0.832087 0.392194
vn -0.632468 0.447178 0.632468
vn -0.392194 0.832087 0.392194
vn -0.632468 0.447178 0.632468
vn 0.437792 0.820585 0.367393
vn 0.437792 0.820585 0.367393
vn 0.669632 0.485623 0.561927
vn 0.436002 0.822203 0.365902
vn 0.669632 0.485623 0.561927
vn 0.436002 0.822203 0.365902
vn 0 1 -0
vn 0 1 -0
vn -0.392194 0.832087 0.392194
vn -0 0 1
vn 0 0.707107 0.707107
vn 0 0.707107 0.707107
vn -0 0 1
vn 0 0.707107 0.707107
vn 0 0.707107 0.707107
vn 0 0.707107 0.707107
vn 0 0.707107 0.707107
vn 0 0.707107 0.707107
vn 0 0.707107 0.707107
vn 0 0.707107 0.707107
vn 0 0.707107 0.707107
vn 0 0.707107 0.707107
vn 0 0.707107 0.707107
vn 0 0.707107 0.707107
vn 0 0.707107 0.707107
vn 0 0.707107 0.707107
vn 0 0.707107 0.707107
vn 0 0.707107 0.707107
vn 0 0.707107 0.707107
vn 0 0.707107 0.707107
vn 0 0.707107 0.707107
vn 0 0.707107 0.707107
vn 0 0.707107 0.707107
vn 0 0.707107 0.707107
vn 0 0.707107 0.707107
vn 0 0.707107 0.707107
vn 0 0.707107 0.707107
vn 0 1 -0
vn 0 1 -0
vn 0 1 -0
vn -0.979351 0.073097 0.18849
vn -0.675803 0.0662 0.734103
vn -0.565719 0.546019 0.617921
vn -0.806608 0.571606 0.150501
vn -0 0.056799 0.998386
vn -0 0.556822 0.830632
vn -0.276903 0.900311 0.335804
vn -0.621877 0.762173 0.179893
vn 0 0.907426 0.420212
vn -0.276903 0.900311 0.335804
vn -0.644414 -0.0096 0.764616
vn -0.9769 0.0064 0.2136
vn -0.961888 0.165598 0.217597
vn -0.574412 0.528711 0.624913
vn -0 -0.0284 0.999597
vn 0 0.643797 0.765196
vn -0.852187 -0.453093 0.261696
vn -0.497097 -0.520297 0.694396
vn -0.601605 -0.333802 0.725705
vn -0.901994 -0.367997 0.225798
vn -0.497097 -0.520297 0.694396
vn -0 -0.519677 0.854363
vn -0 -0.307996 0.951388
vn -0.601605 -0.333802 0.725705
vn -0.614519 0.265109 0.743023
vn -0.926451 0.296017 0.232513
vn -0 0.2399 0.970798
vn -0.614519 0.265109 0.743023
vn -0.335508 0.82662 0.451811
vn -0.490408 0.859714 0.142802
vn 0 0.820316 0.571911
vn -0.335508 0.82662 0.451811
vn -0.798196 0.602398 -0
vn -0.997062 0.076597 -0
vn -0.621877 0.762173 0.179893
vn -0.820728 0.57132 -0
vn -0.621877 0.762173 0.179893
vn -0.961888 0.165598 0.217597
vn -0.820728 0.57132 -0
vn -0.852187 -0.453093 0.261696
vn -0.901994 -0.367997 0.225798
vn -0.918772 -0.394788 -0
vn -0.918772 -0.394788 -0
vn -0.926451 0.296017 0.232513
vn -0.948763 0.315988 -0
vn -0.490408 0.859714 0.142802
vn -0.447413 0.894327 -0
vn 0 1 -0
vn 0 1 -0
vn -0.497097 -0.520297 0.694396
vn -0.852187 -0.453093 0.261696
vn -0.9769 0.0064 0.2136
vn -0.621877 0.762173 0.179893
vn -0.276903 0.900311 0.335804
vn -0.961888 0.165598 0.217597
vn -0 -0.519677 0.854363
vn 0 0.907426 0.420212
vn -0.9769 0.0064 0.2136
vn -0.852187 -0.453093 0.261696
vn -0.918772 -0.394788 -0
vn 0 1 -0
vn 0 1 -0
vn 0.979351 0.073096 0.188491
vn 0.806608 0.571606 0.150502
vn 0.565719 0.546018 0.617921
vn 0.675803 0.0662 0.734104
vn 0.621878 0.762172 0.179894
vn 0.276904 0.900311 0.335804
vn 0.276904 0.900311 0.335804
vn 0.644414 -0.0096 0.764617
vn 0.574412 0.528711 0.624913
vn 0.961888 0.165598 0.217598
vn 0.9769 0.0064 0.2136
vn 0.852187 -0.453093 0.261696
vn 0.901994 -0.367998 0.225799
vn 0.601604 -0.333803 0.725705
vn 0.497097 -0.520297 0.694396
vn 0.497097 -0.520297 0.694396
vn 0.601604 -0.333803 0.725705
vn 0.926451 0.296016 0.232513
vn 0.614519 0.265108 0.743024
vn 0.614519 0.265108 0.743024
vn 0.490408 0.859714 0.142802
vn 0.335508 0.82662 0.451811
vn 0.335508 0.82662 0.451811
vn 0.997062 0.076597 0
vn 0.798197 0.602397 0
vn 0.820728 0.571319 0
vn 0.621878 0.762172 0.179894
vn 0.621878 0.762172 0.179894
vn 0.820728 0.571319 0
vn 0.961888 0.165598 0.217598
vn 0.852187 -0.453093 0.261696
vn 0.918772 -0.394788 0
vn 0.918772 -0.394788 0
vn 0.901994 -0.367998 0.225799
vn 0.948763 0.315988 0
vn 0.926451 0.296016 0.232513
vn 0.447414 0.894327 0
vn 0.490408 0.859714 0.142802
vn 0.497097 -0.520297 0.694396
vn 0.9769 0.0064 0.2136
vn 0.852187 -0.453093 0.261696
vn 0.621878 0.762172 0.179894
vn 0.961888 0.165598 0.217598
vn 0.276904 0.900311 0.335804
vn 0.9769 0.0064 0.2136
vn 0.918772 -0.394788 0
vn 0.852187 -0.453093 0.261696
vn -0.979351 0.073097 0.18849
vn -0.675803 0.0662 0.734103
vn -0.565719 0.546019 0.617921
vn -0.806608 0.571606 0.150501
vn -0 0.056799 0.998386
vn -0 0.556822 0.830632
vn -0.276903 0.900311 0.335804
vn -0.621877 0.762173 0.179893
vn 0 0.907426 0.420212
vn -0.276903 0.900311 0.335804
vn -0.644414 -0.0096 0.764616
vn -0.9769 0.0064 0.2136
vn -0.961888 0.165598 0.217597
vn -0.574412 0.528711 0.624913
vn -0 -0.0284 0.999597
vn 0 0.643797 0.765196
vn -0.852187 -0.453093 0.261696
vn -0.497097 -0.520297 0.694396
vn -0.601605 -0.333802 0.725705
vn -0.901994 -0.367997 0.225798
vn -0.497097 -0.520297 0.694396
vn -0 -0.519677 0.854363
vn -0 -0.307996 0.951388
vn -0.601605 -0.333802 0.725705
vn -0.614519 0.265109 0.743023
vn -0.926451 0.296017 0.232513
vn -0 0.2399 0.970798
vn -0.614519 0.265109 0.743023
vn -0.335508 0.82662 0.451811
vn -0.490408 0.859714 0.142802
vn 0 0.820316 0.571911
vn -0.335508 0.82662 0.451811
vn -0.798196 0.602398 -0
vn -0.997062 0.076597 -0
vn -0.621877 0.762173 0.179893
vn -0.820728 0.57132 -0
vn -0.621877 0.762173 0.179893
vn -0.961888 0.165598 0.217597
vn -0.820728 0.57132 -0
vn -0.852187 -0.453093 0.261696
vn -0.901994 -0.367997 0.225798
vn -0.918772 -0.394788 -0
vn -0.918772 -0.394788 -0
vn -0.926451 0.296017 0.232513
vn -0.948763 0.315988 -0
vn -0.490408 0.859714 0.142802
vn -0.447413 0.894327 -0
vn 0 1 -0
vn 0 1 -0
vn -0.497097 -0.520297 0.694396
vn -0.852187 -0.453093 0.261696
vn -0.9769 0.0064 0.2136
vn -0.621877 0.762173 0.179893
vn -0.276903 0.900311 0.335804
vn -0.961888 0.165598 0.217597
vn -0 -0.519677 0.854363
vn 0 0.907426 0.420212
vn -0.9769 0.0064 0.2136
vn -0.852187 -0.453093 0.261696
vn -0.918772 -0.394788 -0
vn 0 1 -0
vn 0 1 -0
vn 0.979351 0.073096 0.188491
vn 0.806608 0.571606 0.150502
vn 0.565719 0.546018 0.617921
vn 0.675803 0.0662 0.734104
vn 0.621878 0.762172 0.179894
vn 0.276904 0.900311 0.335804
vn 0.276904 0.900311 0.335804
vn 0.644414 -0.0096 0.764617
vn 0.574412 0.528711 0.624913
vn 0.961888 0.165598 0.217598
vn 0.9769 0.0064 0.2136
vn 0.852187 -0.453093 0.261696
vn 0.901994 -0.367998 0.225799
vn 0.601604 -0.333803 0.725705
vn 0.497097 -0.520297 0.694396
vn 0.497097 -0.520297 0.694396
vn 0.601604 -0.333803 0.725705
vn 0.926451 0.296016 0.232513
vn 0.614519 0.265108 0.743024
vn 0.614519 0.265108 0.743024
vn 0.490408 0.859714 0.142802
vn 0.335508 0.82662 0.451811
vn 0.335508 0.82662 0.451811
vn 0.997062 0.076597 0
vn 0.798197 0.602397 0
vn 0.820728 0.571319 0
vn 0.621878 0.762172 0.179894
vn 0.621878 0.762172 0.179894
vn 0.820728 0.571319 0
vn 0.961888 0.165598 0.217598
vn 0.852187 -0.453093 0.261696
vn 0.918772 -0.394788 0
vn 0.918772 -0.394788 0
vn 0.901994 -0.367998 0.225799
vn 0.948763 0.315988 0
vn 0.926451 0.296016 0.232513
vn 0.447414 0.894327 0
vn 0.490408 0.859714 0.142802
vn 0.497097 -0.520297 0.694396
vn 0.9769 0.0064 0.2136
vn 0.852187 -0.453093 0.261696
vn 0.621878 0.762172 0.179894
vn 0.961888 0.165598 0.217598
vn 0.276904 0.900311 0.335804
vn 0.9769 0.0064 0.2136
vn 0.918772 -0.394788 0
vn 0.852187 -0.453093 0.261696
vn -0.518091 0.374694 0.768886
vn -0.462197 0.322398 0.826095
vn -0.501686 0.37679 0.778679
vn -0.521722 0.410918 0.747632
vn -0 0 1
vn -0 0 1
vn -0 0 1
vn -0 0 1
vn -1 0 -0
vn -1 0 -0
vn -1 0 -0
vn -1 0 -0
vn -0.398419 0.287014 0.871141
vn -0.423198 0.301799 0.854296
vn -1 0 0.0001
vn -0.999999 0.0001 0.0014
vn -0.999999 0.0001 0.0014
vn -1 0 -0
vn -0.384589 0.34899 0.854575
vn -0.384589 0.34899 0.854575
vn -0.384589 0.34899 0.854575
vn -0.279504 0.323204 0.904111
vn -0.279504 0.323204 0.904111
vn -0.279504 0.323204 0.904111
vn -0 0 1
vn -0 0 1
vn -0 0 1
vn -0 0 1
vn -1 0 -0
vn -1 0 -0
vn -1 0 -0
vn -1 0 -0
vn -0 0 1
vn -0 0 1
vn -0 0 1
vn -0 0 1
vn -0.828215 0.560411 -0
vn -0.844361 0.535775 -0
vn -0.423198 0.301799 0.854296
vn -0.398419 0.287014 0.871141
vn -0.309492 0.307892 0.899676
vn -0.309492 0.307892 0.899676
vn -0.309492 0.307892 0.899676
vn -0.349503 0.317203 0.881607
vn -0.349503 0.317203 0.881607
vn -0.349503 0.317203 0.881607
vn -0 0 1
vn -0 0 1
vn -0 0 1
vn -0 0 1
vn 1 0.0001 -0.0001
vn 0.999981 -0.0007 -0.0061
vn 1 -0 -0.0007
vn 1 -0 0
vn 1 -0 0
vn 1 -0 0
vn -1 0 -0
vn -1 0 -0
vn -1 0 -0
vn -1 0 -0
vn -1 0 -0
vn -0 0 1
vn -0 0 1
vn -0 0 1
vn -0 0 1
vn -0.999999 0.0006 0.0015
vn -0.999999 0.0006 0.0015
vn -0.999999 0.0006 0.0015
vn -0.99999 0 0.0046
vn -0.99999 0 0.0046
vn -0.99999 0 0.0046
vn 0.0488 0 0.998809
vn 0.0488 0 0.998809
vn 0.0488 0 0.998809
vn 0.0488 0 0.998809
vn -0.997077 0 0.076398
vn -0.997077 0 0.076398
vn -0.997077 0 0.076398
vn -0.997093 0 0.076199
vn -0.997093 0 0.076199
vn -0.997093 0 0.076199
vn -0.999418 0 0.0341
vn -0.999418 0 0.0341
vn -0.999418 0 0.0341
vn -0.999412 0.0001 0.0343
vn -0.999412 0.0001 0.0343
vn -0.999412 0.0001 0.0343
vn 0.0447 0 0.999001
vn 0.0447 0 0.999001
vn 0.0447 0 0.999001
vn 0.0447 0 0.999001
vn -0.999957 -0.0001 -0.0093
vn -0.999957 -0.0001 -0.0093
vn -0.999957 -0.0001 -0.0093
vn -0.999958 -0.0001 -0.0092
vn -0.999958 -0.0001 -0.0092
vn -0.999958 -0.0001 -0.0092
vn 0.025299 -0.0002 0.99968
vn 0.025299 -0.0002 0.99968
vn 0.025299 -0.0002 0.99968
vn 0.025799 0.0001 0.999667
vn 0.025799 0.0001 0.999667
vn 0.025799 0.0001 0.999667
vn 0.999993 -0 -0.0037
vn 0.999994 -0 -0.0036
vn 0.999994 -0 -0.0036
vn 0.999993 -0 -0.0037
vn 1 -0 0
vn 1 -0 0
vn 1 -0 -0.0002
vn 1 -0.0001 -0.0002
vn -0 0 1
vn -0 0 1
vn -0 0 1
vn -1 0 -0
vn -1 0 -0
vn -1 0 -0
vn -1 0 -0
vn -0.57273 0.819744 -0
vn -0.57273 0.819744 -0
vn -0.57273 0.819744 -0
vn -0.55808 0.829771 -0.0052
vn -0.55808 0.829771 -0.0052
vn -0.55808 0.829771 -0.0052
vn -0.0008 0.999999 0.0015
vn -0.0008 0.999999 0.0015
vn -0.0008 0.999999 0.0015
vn 0.0009 0.999999 0.0012
vn 0.0009 0.999999 0.0012
vn 0.0009 0.999999 0.0012
vn -0.747047 0.664642 0.013101
vn -0.747047 0.664642 0.013101
vn -0.747047 0.664642 0.013101
vn -0.573484 0.610483 0.546285
vn -0.573484 0.610483 0.546285
vn -0.573484 0.610483 0.546285
vn -0.695389 0.68919 -0.203597
vn -0.695389 0.68919 -0.203597
vn -0.695389 0.68919 -0.203597
vn -0.78051 0.616108 -0.105902
vn -0.78051 0.616108 -0.105902
vn -0.78051 0.616108 -0.105902
vn -0.39722 0.914847 0.072604
vn -0.39722 0.914847 0.072604
vn -0.39722 0.914847 0.072604
vn -0.35102 0.902953 0.247914
vn -0.35102 0.902953 0.247914
vn -0.35102 0.902953 0.247914
vn -0.552474 0.824361 -0.123294
vn -0.552474 0.824361 -0.123294
vn -0.552474 0.824361 -0.123294
vn -0.6001 0.7945 -0.093
vn -0.6001 0.7945 -0.093
vn -0.6001 0.7945 -0.093
vn -0.251499 0.933497 0.255599
vn -0.251499 0.933497 0.255599
vn -0.251499 0.933497 0.255599
vn -0.281296 0.947086 0.154598
vn -0.281296 0.947086 0.154598
vn -0.281296 0.947086 0.154598
vn -0.494678 0.847263 0.193491
vn -0.494678 0.847263 0.193491
vn -0.494678 0.847263 0.193491
vn -0.0255 0.859088 0.511193
vn -0.0255 0.859088 0.511193
vn -0.0255 0.859088 0.511193
vn -0.755004 0.655603 0.0124
vn -0.755004 0.655603 0.0124
vn -0.755004 0.655603 0.0124
vn -0.561613 0.826219 0.044201
vn -0.561613 0.826219 0.044201
vn -0.561613 0.826219 0.044201
vn -0.761806 0 0.647805
vn -0.761806 0 0.647805
vn -0.761806 0 0.647805
vn -0.761898 0 0.647698
vn -0.761898 0 0.647698
vn -0.761898 0 0.647698
vn -0.780703 0 0.624902
vn -0.780703 0 0.624902
vn -0.780703 0 0.624902
vn -0.780615 0 0.625012
vn -0.780615 0 0.625012
vn -0.780615 0 0.625012
vn -0.80188 0 0.597485
vn -0.80188 0 0.597485
vn -0.80188 0 0.597485
vn -0.801713 0 0.597709
vn -0.801713 0 0.597709
vn -0.801713 0 0.597709
vn 0.630664 -0 0.776056
vn 0.630664 -0 0.776056
vn 0.630664 -0 0.776056
vn 0.630713 -0 0.776016
vn 0.630713 -0 0.776016
vn 0.630713 -0 0.776016
vn -0.171505 0.32871 0.928728
vn -0.171505 0.32871 0.928728
vn -0.171505 0.32871 0.928728
vn -0.203301 0.346102 0.915905
vn -0.203301 0.346102 0.915905
vn -0.203301 0.346102 0.915905
vn -0 0 1
vn -0 0 1
vn -0 0 1
vn -0.126305 0.331013 0.935135
vn -0.126305 0.331013 0.935135
vn -0.126305 0.331013 0.935135
vn -0.126305 0.331013 0.935135
vn -0 0 1
vn -0 0 1
vn -0 0 1
vn -0 0 1
vn 0.518091 0.374693 0.768887
vn 0.521722 0.410917 0.747632
vn 0.501686 0.37679 0.778679
vn 0.462197 0.322398 0.826095
vn -0 0 1
vn -0 0 1
vn -0 0 1
vn -0 0 1
vn 1 -0 0
vn 1 -0 0
vn 1 -0 0
vn 1 -0 0
vn 0.398419 0.287013 0.871141
vn 0.423198 0.301798 0.854296
vn 1 -0 0.0001
vn 1 -0 0
vn 0.999999 0.0001 0.0014
vn 0.999999 0.0001 0.0014
vn 0.279503 0.323204 0.904111
vn 0.279503 0.323204 0.904111
vn 0.279503 0.323204 0.904111
vn 0.384589 0.34899 0.854575
vn 0.384589 0.34899 0.854575
vn 0.384589 0.34899 0.854575
vn -0 0 1
vn -0 0 1
vn -0 0 1
vn -0 0 1
vn 1 -0 0
vn 1 -0 0
vn 1 -0 0
vn 1 -0 0
vn -0 0 1
vn -0 0 1
vn -0 0 1
vn -0 0 1
vn 0.828215 0.56041 0
vn 0.398419 0.287013 0.871141
vn 0.423198 0.301798 0.854296
vn 0.844361 0.535775 0
vn 0.349503 0.317202 0.881607
vn 0.349503 0.317202 0.881607
vn 0.349503 0.317202 0.881607
vn 0.309401 0.307901 0.899704
vn 0.309401 0.307901 0.899704
vn 0.309401 0.307901 0.899704
vn -0 0 1
vn -0 0 1
vn -0 0 1
vn -0 0 1
vn -1 0 -0
vn -1 0 -0
vn -1 0 -0
vn -1 0 -0.0007
vn -0.999981 -0.0007 -0.0061
vn -1 0.0001 -0.0001
vn 1 -0 0
vn 1 -0 0
vn 1 -0 0
vn 1 -0 0
vn 1 -0 0
vn -0 0 1
vn -0 0 1
vn -0 0 1
vn -0 0 1
vn 0.999989 -0 0.0046
vn 0.999989 -0 0.0046
vn 0.999989 -0 0.0046
vn 0.999999 0.0006 0.0015
vn 0.999999 0.0006 0.0015
vn 0.999999 0.0006 0.0015
vn -0.048801 0 0.998809
vn -0.048801 0 0.998809
vn -0.048801 0 0.998809
vn -0.048801 0 0.998809
vn 0.997093 -0 0.0762
vn 0.997093 -0 0.0762
vn 0.997093 -0 0.0762
vn 0.997077 -0 0.076398
vn 0.997077 -0 0.076398
vn 0.997077 -0 0.076398
vn 0.999412 0.0001 0.034301
vn 0.999412 0.0001 0.034301
vn 0.999412 0.0001 0.034301
vn 0.999418 -0 0.034101
vn 0.999418 -0 0.034101
vn 0.999418 -0 0.034101
vn -0.0447 0 0.999
vn -0.0447 0 0.999
vn -0.0447 0 0.999
vn -0.0447 0 0.999
vn 0.999958 -0.0001 -0.009199
vn 0.999958 -0.0001 -0.009199
vn 0.999958 -0.0001 -0.009199
vn 0.999957 -0.0001 -0.009299
vn 0.999957 -0.0001 -0.009299
vn 0.999957 -0.0001 -0.009299
vn -0.025799 0.0001 0.999667
vn -0.025799 0.0001 0.999667
vn -0.025799 0.0001 0.999667
vn -0.0253 -0.0002 0.99968
vn -0.0253 -0.0002 0.99968
vn -0.0253 -0.0002 0.99968
vn -0.999993 0 -0.0037
vn -0.999993 0 -0.0037
vn -0.999994 0 -0.0036
vn -0.999994 0 -0.0036
vn -1 0 -0
vn -1 -0.0001 -0.0002
vn -1 0 -0.0002
vn -1 0 -0
vn -0 0 1
vn -0 0 1
vn -0 0 1
vn 1 -0 0
vn 1 -0 0
vn 1 -0 0
vn 1 -0 0
vn 0.55808 0.829771 -0.0052
vn 0.55808 0.829771 -0.0052
vn 0.55808 0.829771 -0.0052
vn 0.572731 0.819744 0
vn 0.572731 0.819744 0
vn 0.572731 0.819744 0
vn -0.0009 0.999999 0.0012
vn -0.0009 0.999999 0.0012
vn -0.0009 0.999999 0.0012
vn 0.0008 0.999999 0.0015
vn 0.0008 0.999999 0.0015
vn 0.0008 0.999999 0.0015
vn 0.573484 0.610483 0.546285
vn 0.573484 0.610483 0.546285
vn 0.573484 0.610483 0.546285
vn 0.747047 0.664642 0.013101
vn 0.747047 0.664642 0.013101
vn 0.747047 0.664642 0.013101
vn 0.78051 0.616108 -0.105901
vn 0.78051 0.616108 -0.105901
vn 0.78051 0.616108 -0.105901
vn 0.69539 0.689189 -0.203597
vn 0.69539 0.689189 -0.203597
vn 0.69539 0.689189 -0.203597
vn 0.351021 0.902952 0.247914
vn 0.351021 0.902952 0.247914
vn 0.351021 0.902952 0.247914
vn 0.397221 0.914847 0.072604
vn 0.397221 0.914847 0.072604
vn 0.397221 0.914847 0.072604
vn 0.6001 0.7945 -0.093
vn 0.6001 0.7945 -0.093
vn 0.6001 0.7945 -0.093
vn 0.552474 0.824361 -0.123294
vn 0.552474 0.824361 -0.123294
vn 0.552474 0.824361 -0.123294
vn 0.281296 0.947086 0.154598
vn 0.281296 0.947086 0.154598
vn 0.281296 0.947086 0.154598
vn 0.251499 0.933497 0.255599
vn 0.251499 0.933497 0.255599
vn 0.251499 0.933497 0.255599
vn 0.494679 0.847263 0.193492
vn 0.494679 0.847263 0.193492
vn 0.494679 0.847263 0.193492
vn 0.0255 0.859088 0.511193
vn 0.0255 0.859088 0.511193
vn 0.0255 0.859088 0.511193
vn 0.755004 0.655603 0.0124
vn 0.755004 0.655603 0.0124
vn 0.755004 0.655603 0.0124
vn 0.561613 0.826219 0.044201
vn 0.561613 0.826219 0.044201
vn 0.561613 0.826219 0.044201
vn 0.761897 -0 0.647698
vn 0.761897 -0 0.647698
vn 0.761897 -0 0.647698
vn 0.761806 -0 0.647805
vn 0.761806 -0 0.647805
vn 0.761806 -0 0.647805
vn 0.780615 -0 0.625012
vn 0.780615 -0 0.625012
vn 0.780615 -0 0.625012
vn 0.780703 -0 0.624902
vn 0.780703 -0 0.624902
vn 0.780703 -0 0.624902
vn 0.801713 -0 0.59771
vn 0.801713 -0 0.59771
vn 0.801713 -0 0.59771
vn 0.80188 -0 0.597485
vn 0.80188 -0 0.597485
vn 0.80188 -0 0.597485
vn -0.630713 0 0.776016
vn -0.630713 0 0.776016
vn -0.630713 0 0.776016
vn -0.630664 0 0.776056
vn -0.630664 0 0.776056
vn -0.630664 0 0.776056
vn 0.203301 0.346102 0.915905
vn 0.203301 0.346102 0.915905
vn 0.203301 0.346102 0.915905
vn 0.171505 0.32871 0.928728
vn 0.171505 0.32871 0.928728
vn 0.171505 0.32871 0.928728
vn -0 0 1
vn 0.126305 0.331013 0.935135
vn 0.126305 0.331013 0.935135
vn 0.126305 0.331013 0.935135
vn 0.126305 0.331013 0.935135
vn -0 0 1
vn -0 0 1
vn -0 0 1
vn -0 0 1
vn -0 0 1
vn -0 0 1
vn -0 0 1
vn -0 0 1
vn -0 0 1
vn -0 0 1
vn -0 0 1
vn -0 0 1
vn -0.292308 0.69452 0.657418
vn -0.292308 0.69452 0.657418
vn -0.292308 0.69452 0.657418
vn -0.292308 0.69452 0.657418
vn 0.292308 0.694519 0.657418
vn 0.292308 0.694519 0.657418
vn 0.292308 0.694519 0.657418
vn 0.292308 0.694519 0.657418
vn -1 0 -0
vn -1 0 -0
vn -1 0 -0
vn -1 0 -0
vn 1 -0 0
vn 1 -0 0
vn 1 -0 0
vn 1 -0 0
vn -1 0 -0
vn -1 0 -0
vn -1 0 -0
vn -1 0 -0
vn -1 0 -0.0001
vn -1 0 -0
vn -1 0.0001 -0.0008
vn -1 0.0001 -0.0008
vn -1 0 -0
vn -1 0 -0
vn -1 0 -0
vn -1 0 -0
vn -0.999075 0 -0.042999
vn -0.999075 0 -0.042999
vn -0.999075 0 -0.042999
vn -0.999071 0 -0.043099
vn -0.999071 0 -0.043099
vn -0.999071 0 -0.043099
vn -0.999814 0.0001 -0.0193
vn -0.999814 0.0001 -0.0193
vn -0.999814 0.0001 -0.0193
vn -0.999816 0 -0.0192
vn -0.999816 0 -0.0192
vn -0.999816 0 -0.0192
vn -0.999988 -0.0001 0.0049
vn -0.999988 -0.0001 0.0049
vn -0.999988 -0.0001 0.0049
vn -0.999988 -0.0001 0.0049
vn -1 0 -0
vn -1 0 -0
vn -0.558017 0.829825 0.0027
vn -0.558017 0.829825 0.0027
vn -0.558017 0.829825 0.0027
vn -0.57273 0.819744 -0
vn -0.642615 0.684116 -0.345008
vn -0.642615 0.684116 -0.345008
vn -0.642615 0.684116 -0.345008
vn -0.747085 0.664687 -0.0074
vn -0.747085 0.664687 -0.0074
vn -0.747085 0.664687 -0.0074
vn -0.783499 0.6185 0.0599
vn -0.783499 0.6185 0.0599
vn -0.783499 0.6185 0.0599
vn -0.705393 0.699194 0.116399
vn -0.705393 0.699194 0.116399
vn -0.705393 0.699194 0.116399
vn -0.358601 0.922504 -0.142801
vn -0.358601 0.922504 -0.142801
vn -0.358601 0.922504 -0.142801
vn -0.397988 0.916474 -0.040999
vn -0.397988 0.916474 -0.040999
vn -0.397988 0.916474 -0.040999
vn -0.601918 0.796824 0.052601
vn -0.601918 0.796824 0.052601
vn -0.601918 0.796824 0.052601
vn -0.555373 0.828659 0.069896
vn -0.555373 0.828659 0.069896
vn -0.555373 0.828659 0.069896
vn -0.283604 0.954914 -0.087801
vn -0.283604 0.954914 -0.087801
vn -0.283604 0.954914 -0.087801
vn -0.257306 0.955022 -0.147403
vn -0.257306 0.955022 -0.147403
vn -0.257306 0.955022 -0.147403
vn -0.501102 0.858304 -0.110501
vn -0.501102 0.858304 -0.110501
vn -0.501102 0.858304 -0.110501
vn -0.755043 0.655638 -0.007001
vn -0.755043 0.655638 -0.007001
vn -0.755043 0.655638 -0.007001
vn -0.561982 0.826774 -0.024899
vn -0.561982 0.826774 -0.024899
vn -0.561982 0.826774 -0.024899
vn -0.901821 0 -0.43211
vn -0.901821 0 -0.43211
vn -0.901821 0 -0.43211
vn -0.901782 0 -0.432192
vn -0.901782 0 -0.432192
vn -0.901782 0 -0.432192
vn -0.9115 0 -0.4113
vn -0.9115 0 -0.4113
vn -0.9115 0 -0.4113
vn -0.911554 0 -0.41118
vn -0.911554 0 -0.41118
vn -0.911554 0 -0.41118
vn -0.92191 -0.0001 -0.387404
vn -0.92191 -0.0001 -0.387404
vn -0.92191 -0.0001 -0.387404
vn -0.921996 0 -0.387199
vn -0.921996 0 -0.387199
vn -0.921996 0 -0.387199
vn 1 -0 0
vn 1 -0 0
vn 1 -0 0
vn 1 -0 0
vn 1 -0 0
vn 1 -0 0
vn 1 -0 0
vn 1 -0 0
vn 0.999816 -0 -0.0192
vn 0.999816 -0 -0.0192
vn 0.999816 -0 -0.0192
vn 0.999814 0.0001 -0.0193
vn 0.999814 0.0001 -0.0193
vn 0.999814 0.0001 -0.0193
vn 0.999988 -0.0001 0.0049
vn 0.999988 -0.0001 0.0049
vn 0.999988 -0.0001 0.0049
vn 0.999988 -0.0001 0.0049
vn 1 -0 0
vn 1 -0 0
vn 0.572731 0.819744 0
vn 0.558017 0.829825 0.0027
vn 0.558017 0.829825 0.0027
vn 0.558017 0.829825 0.0027
vn 0.555373 0.828659 0.069897
vn 0.555373 0.828659 0.069897
vn 0.555373 0.828659 0.069897
vn 0.601918 0.796824 0.052602
vn 0.601918 0.796824 0.052602
vn 0.601918 0.796824 0.052602
vn 0.257306 0.955021 -0.147403
vn 0.257306 0.955021 -0.147403
vn 0.257306 0.955021 -0.147403
vn 0.283604 0.954913 -0.087801
vn 0.283604 0.954913 -0.087801
vn 0.283604 0.954913 -0.087801
vn 0.501103 0.858304 -0.110501
vn 0.501103 0.858304 -0.110501
vn 0.501103 0.858304 -0.110501
vn 0.561983 0.826774 -0.024899
vn 0.561983 0.826774 -0.024899
vn 0.561983 0.826774 -0.024899
vn 0.911555 -0 -0.411179
vn 0.911555 -0 -0.411179
vn 0.911555 -0 -0.411179
vn 0.9115 -0 -0.4113
vn 0.9115 -0 -0.4113
vn 0.9115 -0 -0.4113
vn 0.921996 -0 -0.387198
vn 0.921996 -0 -0.387198
vn 0.921996 -0 -0.387198
vn 0.92191 -0.0001 -0.387404
vn 0.92191 -0.0001 -0.387404
vn 0.92191 -0.0001 -0.387404
vn -0.388014 0.280811 -0.877833
vn -0.429008 0.289905 -0.855516
vn -0.349502 0.317203 -0.881607
vn -0.349502 0.317203 -0.881607
vn -0.349502 0.317203 -0.881607
vn -0.309401 0.307902 -0.899704
vn -0.309401 0.307902 -0.899704
vn -0.309401 0.307902 -0.899704
vn 1 -0 0
vn 1 -0 0.0007
vn 0.999981 -0.0007 0.0061
vn 1 0.0001 0.0001
vn -0.203301 0.346102 -0.915905
vn -0.203301 0.346102 -0.915905
vn -0.203301 0.346102 -0.915905
vn -0.171505 0.32871 -0.928728
vn -0.171505 0.32871 -0.928728
vn -0.171505 0.32871 -0.928728
vn -0.126305 0.331012 -0.935135
vn -0.126305 0.331012 -0.935135
vn -0.126305 0.331012 -0.935135
vn -0.126305 0.331012 -0.935135
vn 0.429008 0.289905 -0.855516
vn 0.388015 0.28081 -0.877833
vn 0.309492 0.307892 -0.899676
vn 0.309492 0.307892 -0.899676
vn 0.309492 0.307892 -0.899676
vn 0.349503 0.317202 -0.881607
vn 0.349503 0.317202 -0.881607
vn 0.349503 0.317202 -0.881607
vn -1 0.0001 0.0001
vn -0.999981 -0.0007 0.0061
vn -1 0 0.0007
vn -1 0 -0
vn 0.171505 0.32871 -0.928728
vn 0.171505 0.32871 -0.928728
vn 0.171505 0.32871 -0.928728
vn 0.203301 0.346102 -0.915905
vn 0.203301 0.346102 -0.915905
vn 0.203301 0.346102 -0.915905
vn 0.126305 0.331012 -0.935135
vn 0.126305 0.331012 -0.935135
vn 0.126305 0.331012 -0.935135
vn 0.126305 0.331012 -0.935135
vn 0.0011 0.029699 0.999558
vn 0.0011 0.029699 0.999558
vn 0.0011 0.029699 0.999558
vn 0.0008 0.029499 0.999565
vn 0.0008 0.029499 0.999565
vn 0.0008 0.029499 0.999565
vn 0.0007 0.029599 0.999562
vn 0.0007 0.029599 0.999562
vn 0.0007 0.029599 0.999562
vn 0.0005 0.028999 0.999579
vn 0.0005 0.028999 0.999579
vn 0.0005 0.028999 0.999579
vn -0.0004 0.028999 0.999579
vn -0.0004 0.028999 0.999579
vn -0.0004 0.028999 0.999579
vn -0.0008 0.029499 0.999565
vn -0.0008 0.029499 0.999565
vn -0.0008 0.029499 0.999565
vn -0.0007 0.029499 0.999565
vn -0.0007 0.029499 0.999565
vn -0.0007 0.029499 0.999565
vn -0.0011 0.029599 0.999561
vn -0.0011 0.029599 0.999561
vn -0.0011 0.029599 0.999561
vn -0.0012 0.031101 0.999516
vn -0.0012 0.031101 0.999516
vn -0.0012 0.031101 0.999516
vn -0.0008 0.0314 0.999507
vn -0.0008 0.0314 0.999507
vn -0.0008 0.0314 0.999507
vn -0.0007 0.0313 0.99951
vn -0.0007 0.0313 0.99951
vn -0.0007 0.0313 0.99951
vn -0.0006 0.0318 0.999494
vn -0.0006 0.0318 0.999494
vn -0.0006 0.0318 0.999494
vn 0.0006 0.0318 0.999494
vn 0.0006 0.0318 0.999494
vn 0.0006 0.0318 0.999494
vn 0.0008 0.0314 0.999507
vn 0.0008 0.0314 0.999507
vn 0.0008 0.0314 0.999507
vn 0.0008 0.0313 0.99951
vn 0.0008 0.0313 0.99951
vn 0.0008 0.0313 0.99951
vn 0.0012 0.0312 0.999512
vn 0.0012 0.0312 0.999512
vn 0.0012 0.0312 0.999512
vn -0.739342 -0.341619 0.580233
vn -0.739342 -0.341619 0.580233
vn -0.739342 -0.341619 0.580233
vn -0.738288 -0.340394 0.582291
vn -0.738288 -0.340394 0.582291
vn -0.738288 -0.340394 0.582291
vn -0.725174 0.406486 0.55578
vn -0.725174 0.406486 0.55578
vn -0.725174 0.406486 0.55578
vn -0.725087 0.406493 0.55589
vn -0.725087 0.406493 0.55589
vn -0.725087 0.406493 0.55589
vn -0.299 0.8174 0.4924
vn -0.299 0.8174 0.4924
vn -0.299 0.8174 0.4924
vn -0.298894 0.817384 0.49249
vn -0.298894 0.817384 0.49249
vn -0.298894 0.817384 0.49249
vn 0.298919 0.81735 0.49253
vn 0.298919 0.81735 0.49253
vn 0.298919 0.81735 0.49253
vn 0.298909 0.817424 0.492414
vn 0.298909 0.817424 0.492414
vn 0.298909 0.817424 0.492414
vn 0.725116 0.406409 0.555912
vn 0.725116 0.406409 0.555912
vn 0.725116 0.406409 0.555912
vn 0.725174 0.406485 0.55578
vn 0.725174 0.406485 0.55578
vn 0.725174 0.406485 0.55578
vn 0.737983 -0.340892 0.582387
vn 0.737983 -0.340892 0.582387
vn 0.737983 -0.340892 0.582387
vn 0.739516 -0.341107 0.580313
vn 0.739516 -0.341107 0.580313
vn 0.739516 -0.341107 0.580313
vn 0.353693 -0.759686 0.54569
vn 0.353693 -0.759686 0.54569
vn 0.353693 -0.759686 0.54569
vn 0.353701 -0.759603 0.545802
vn 0.353701 -0.759603 0.545802
vn 0.353701 -0.759603 0.545802
vn -0.353702 -0.759603 0.545802
vn -0.353702 -0.759603 0.545802
vn -0.353702 -0.759603 0.545802
vn -0.353694 -0.759686 0.54569
vn -0.353694 -0.759686 0.54569
vn -0.353694 -0.759686 0.54569
vn 0.739125 0.374712 0.559719
vn 0.739125 0.374712 0.559719
vn 0.739125 0.374712 0.559719
vn 0.740441 0.375821 0.557231
vn 0.740441 0.375821 0.557231
vn 0.740441 0.375821 0.557231
vn 0.354507 0.790515 0.49941
vn 0.354507 0.790515 0.49941
vn 0.354507 0.790515 0.49941
vn 0.354497 0.790592 0.499295
vn 0.354497 0.790592 0.499295
vn 0.354497 0.790592 0.499295
vn -0.354497 0.790593 0.499295
vn -0.354497 0.790593 0.499295
vn -0.354497 0.790593 0.499295
vn -0.354402 0.790504 0.499503
vn -0.354402 0.790504 0.499503
vn -0.354402 0.790504 0.499503
vn -0.74056 0.37538 0.55737
vn -0.74056 0.37538 0.55737
vn -0.74056 0.37538 0.55737
vn -0.738923 0.375112 0.559717
vn -0.738923 0.375112 0.559717
vn -0.738923 0.375112 0.559717
vn -0.726373 -0.370986 0.578578
vn -0.726373 -0.370986 0.578578
vn -0.726373 -0.370986 0.578578
vn -0.726415 -0.371007 0.578511
vn -0.726415 -0.371007 0.578511
vn -0.726415 -0.371007 0.578511
vn -0.299704 -0.784909 0.542306
vn -0.299704 -0.784909 0.542306
vn -0.299704 -0.784909 0.542306
vn -0.299713 -0.785032 0.542122
vn -0.299713 -0.785032 0.542122
vn -0.299713 -0.785032 0.542122
vn 0.299803 -0.785009 0.542106
vn 0.299803 -0.785009 0.542106
vn 0.299803 -0.785009 0.542106
vn 0.299703 -0.784909 0.542306
vn 0.299703 -0.784909 0.542306
vn 0.299703 -0.784909 0.542306
vn 0.726414 -0.371008 0.578512
vn 0.726414 -0.371008 0.578512
vn 0.726414 -0.371008 0.578512
vn 0.726325 -0.371013 0.57862
vn 0.726325 -0.371013 0.57862
vn 0.726325 -0.371013 0.57862
vn 0.0011 0.029699 0.999558
vn 0.0011 0.029699 0.999558
vn 0.0011 0.029699 0.999558
vn 0.0008 0.029499 0.999565
vn 0.0008 0.029499 0.999565
vn 0.0008 0.029499 0.999565
vn 0.0007 0.029599 0.999562
vn 0.0007 0.029599 0.999562
vn 0.0007 0.029599 0.999562
vn 0.0005 0.028999 0.999579
vn 0.0005 0.028999 0.999579
vn 0.0005 0.028999 0.999579
vn -0.0004 0.028999 0.999579
vn -0.0004 0.028999 0.999579
vn -0.0004 0.028999 0.999579
vn -0.0008 0.029499 0.999565
vn -0.0008 0.029499 0.999565
vn -0.0008 0.029499 0.999565
vn -0.0007 0.029499 0.999565
vn -0.0007 0.029499 0.999565
vn -0.0007 0.029499 0.999565
vn -0.0011 0.029599 0.999561
vn -0.0011 0.029599 0.999561
vn -0.0011 0.029599 0.999561
vn -0.0012 0.031101 0.999516
vn -0.0012 0.031101 0.999516
vn -0.0012 0.031101 0.999516
vn -0.0008 0.0314 0.999507
vn -0.0008 0.0314 0.999507
vn -0.0008 0.0314 0.999507
vn -0.0007 0.0313 0.99951
vn -0.0007 0.0313 0.99951
vn -0.0007 0.0313 0.99951
vn -0.0006 0.0318 0.999494
vn -0.0006 0.0318 0.999494
vn -0.0006 0.0318 0.999494
vn 0.0006 0.0318 0.999494
vn 0.0006 0.0318 0.999494
vn 0.0006 0.0318 0.999494
vn 0.0008 0.0314 0.999507
vn 0.0008 0.0314 0.999507
vn 0.0008 0.0314 0.999507
vn 0.0008 0.0313 0.99951
vn 0.0008 0.0313 0.99951
vn 0.0008 0.0313 0.99951
vn 0.0012 0.0312 0.999512
vn 0.0012 0.0312 0.999512
vn 0.0012 0.0312 0.999512
vn -0.739342 -0.341619 0.580233
vn -0.739342 -0.341619 0.580233
vn -0.739342 -0.341619 0.580233
vn -0.738288 -0.340394 0.582291
vn -0.738288 -0.340394 0.582291
vn -0.738288 -0.340394 0.582291
vn -0.725174 0.406486 0.55578
vn -0.725174 0.406486 0.55578
vn -0.725174 0.406486 0.55578
vn -0.725087 0.406493 0.55589
vn -0.725087 0.406493 0.55589
vn -0.725087 0.406493 0.55589
vn -0.299 0.8174 0.4924
vn -0.299 0.8174 0.4924
vn -0.299 0.8174 0.4924
vn -0.298894 0.817384 0.49249
vn -0.298894 0.817384 0.49249
vn -0.298894 0.817384 0.49249
vn 0.298919 0.81735 0.49253
vn 0.298919 0.81735 0.49253
vn 0.298919 0.81735 0.49253
vn 0.298909 0.817424 0.492414
vn 0.298909 0.817424 0.492414
vn 0.298909 0.817424 0.492414
vn 0.725116 0.406409 0.555912
vn 0.725116 0.406409 0.555912
vn 0.725116 0.406409 0.555912
vn 0.725174 0.406485 0.55578
vn 0.725174 0.406485 0.55578
vn 0.725174 0.406485 0.55578
vn 0.737983 -0.340892 0.582387
vn 0.737983 -0.340892 0.582387
vn 0.737983 -0.340892 0.582387
vn 0.739516 -0.341107 0.580313
vn 0.739516 -0.341107 0.580313
vn 0.739516 -0.341107 0.580313
vn 0.353693 -0.759686 0.54569
vn 0.353693 -0.759686 0.54569
vn 0.353693 -0.759686 0.54569
vn 0.353701 -0.759603 0.545802
vn 0.353701 -0.759603 0.545802
vn 0.353701 -0.759603 0.545802
vn -0.353702 -0.759603 0.545802
vn -0.353702 -0.759603 0.545802
vn -0.353702 -0.759603 0.545802
vn -0.353694 -0.759686 0.54569
vn -0.353694 -0.759686 0.54569
vn -0.353694 -0.759686 0.54569
vn 0.739125 0.374712 0.559719
vn 0.739125 0.374712 0.559719
vn 0.739125 0.374712 0.559719
vn 0.740441 0.375821 0.557231
vn 0.740441 0.375821 0.557231
vn 0.740441 0.375821 0.557231
vn 0.354507 0.790515 0.49941
vn 0.354507 0.790515 0.49941
vn 0.354507 0.790515 0.49941
vn 0.354497 0.790592 0.499295
vn 0.354497 0.790592 0.499295
vn 0.354497 0.790592 0.499295
vn -0.354497 0.790593 0.499295
vn -0.354497 0.790593 0.499295
vn -0.354497 0.790593 0.499295
vn -0.354402 0.790504 0.499503
vn -0.354402 0.790504 0.499503
vn -0.354402 0.790504 0.499503
vn -0.74056 0.37538 0.55737
vn -0.74056 0.37538 0.55737
vn -0.74056 0.37538 0.55737
vn -0.738923 0.375112 0.559717
vn -0.738923 0.375112 0.559717
vn -0.738923 0.375112 0.559717
vn -0.726373 -0.370986 0.578578
vn -0.726373 -0.370986 0.578578
vn -0.726373 -0.370986 0.578578
vn -0.726415 -0.371007 0.578511
vn -0.726415 -0.371007 0.578511
vn -0.726415 -0.371007 0.578511
vn -0.299704 -0.784909 0.542306
vn -0.299704 -0.784909 0.542306
vn -0.299704 -0.784909 0.542306
vn -0.299713 -0.785032 0.542122
vn -0.299713 -0.785032 0.542122
vn -0.299713 -0.785032 0.542122
vn 0.299803 -0.785009 0.542106
vn 0.299803 -0.785009 0.542106
vn 0.299803 -0.785009 0.542106
vn 0.299703 -0.784909 0.542306
vn 0.299703 -0.784909 0.542306
vn 0.299703 -0.784909 0.542306
vn 0.726414 -0.371008 0.578512
vn 0.726414 -0.371008 0.578512
vn 0.726414 -0.371008 0.578512
vn 0.726325 -0.371013 0.57862
vn 0.726325 -0.371013 0.57862
vn 0.726325 -0.371013 0.57862
vn 0.0011 0.029699 0.999558
vn 0.0011 0.029699 0.999558
vn 0.0011 0.029699 0.999558
vn 0.0008 0.029499 0.999565
vn 0.0008 0.029499 0.999565
vn 0.0008 0.029499 0.999565
vn 0.0007 0.029599 0.999562
vn 0.0007 0.029599 0.999562
vn 0.0007 0.029599 0.999562
vn 0.0005 0.028999 0.999579
vn 0.0005 0.028999 0.999579
vn 0.0005 0.028999 0.999579
vn -0.0004 0.028999 0.999579
vn -0.0004 0.028999 0.999579
vn -0.0004 0.028999 0.999579
vn -0.0008 0.029499 0.999565
vn -0.0008 0.029499 0.999565
vn -0.0008 0.029499 0.999565
vn -0.0007 0.029499 0.999565
vn -0.0007 0.029499 0.999565
vn -0.0007 0.029499 0.999565
vn -0.0011 0.029599 0.999561
vn -0.0011 0.029599 0.999561
vn -0.0011 0.029599 0.999561
vn -0.0012 0.031101 0.999516
vn -0.0012 0.031101 0.999516
vn -0.0012 0.031101 0.999516
vn -0.0008 0.0314 0.999507
vn -0.0008 0.0314 0.999507
vn -0.0008 0.0314 0.999507
vn -0.0007 0.0313 0.99951
vn -0.0007 0.0313 0.99951
vn -0.0007 0.0313 0.99951
vn -0.0006 0.0318 0.999494
vn -0.0006 0.0318 0.999494
vn -0.0006 0.0318 0.999494
vn 0.0006 0.0318 0.999494
vn 0.0006 0.0318 0.999494
vn 0.0006 0.0318 0.999494
vn 0.0008 0.0314 0.999507
vn 0.0008 0.0314 0.999507
vn 0.0008 0.0314 0.999507
vn 0.0008 0.0313 0.99951
vn 0.0008 0.0313 0.99951
vn 0.0008 0.0313 0.99951
vn 0.0012 0.0312 0.999512
vn 0.0012 0.0312 0.999512
vn 0.0012 0.0312 0.999512
vn -0.739342 -0.341619 0.580233
vn -0.739342 -0.341619 0.580233
vn -0.739342 -0.341619 0.580233
vn -0.738288 -0.340394 0.582291
vn -0.738288 -0.340394 0.582291
vn -0.738288 -0.340394 0.582291
vn -0.725174 0.406486 0.55578
vn -0.725174 0.406486 0.55578
vn -0.725174 0.406486 0.55578
vn -0.725087 0.406493 0.55589
vn -0.725087 0.406493 0.55589
vn -0.725087 0.406493 0.55589
vn -0.299 0.8174 0.4924
vn -0.299 0.8174 0.4924
vn -0.299 0.8174 0.4924
vn -0.298894 0.817384 0.49249
vn -0.298894 0.817384 0.49249
vn -0.298894 0.817384 0.49249
vn 0.298919 0.81735 0.49253
vn 0.298919 0.81735 0.49253
vn 0.298919 0.81735 0.49253
vn 0.298909 0.817424 0.492414
vn 0.298909 0.817424 0.492414
vn 0.298909 0.817424 0.492414
vn 0.725116 0.406409 0.555912
vn 0.725116 0.406409 0.555912
vn 0.725116 0.406409 0.555912
vn 0.725174 0.406485 0.55578
vn 0.725174 0.406485 0.55578
vn 0.725174 0.406485 0.55578
vn 0.737983 -0.340892 0.582387
vn 0.737983 -0.340892 0.582387
vn 0.737983 -0.340892 0.582387
vn 0.739516 -0.341107 0.580313
vn 0.739516 -0.341107 0.580313
vn 0.739516 -0.341107 0.580313
vn 0.353693 -0.759686 0.54569
vn 0.353693 -0.759686 0.54569
vn 0.353693 -0.759686 0.54569
vn 0.353701 -0.759603 0.545802
vn 0.353701 -0.759603 0.545802
vn 0.353701 -0.759603 0.545802
vn -0.353702 -0.759603 0.545802
vn -0.353702 -0.759603 0.545802
vn -0.353702 -0.759603 0.545802
vn -0.353694 -0.759686 0.54569
vn -0.353694 -0.759686 0.54569
vn -0.353694 -0.759686 0.54569
vn 0.739125 0.374712 0.559719
vn 0.739125 0.374712 0.559719
vn 0.739125 0.374712 0.559719
vn 0.740441 0.375821 0.557231
vn 0.740441 0.375821 0.557231
vn 0.740441 0.375821 0.557231
vn 0.354507 0.790515 0.49941
vn 0.354507 0.790515 0.49941
vn 0.354507 0.790515 0.49941
vn 0.354497 0.790592 0.499295
vn 0.354497 0.790592 0.499295
vn 0.354497 0.790592 0.499295
vn -0.354497 0.790593 0.499295
vn -0.354497 0.790593 0.499295
vn -0.354497 0.790593 0.499295
vn -0.354402 0.790504 0.499503
vn -0.354402 0.790504 0.499503
vn -0.354402 0.790504 0.499503
vn -0.74056 0.37538 0.55737
vn -0.74056 0.37538 0.55737
vn -0.74056 0.37538 0.55737
vn -0.738923 0.375112 0.559717
vn -0.738923 0.375112 0.559717
vn -0.738923 0.375112 0.559717
vn -0.726373 -0.370986 0.578578
vn -0.726373 -0.370986 0.578578
vn -0.726373 -0.370986 0.578578
vn -0.726415 -0.371007 0.578511
vn -0.726415 -0.371007 0.578511
vn -0.726415 -0.371007 0.578511
vn -0.299704 -0.784909 0.542306
vn -0.299704 -0.784909 0.542306
vn -0.299704 -0.784909 0.542306
vn -0.299713 -0.785032 0.542122
vn -0.299713 -0.785032 0.542122
vn -0.299713 -0.785032 0.542122
vn 0.299803 -0.785009 0.542106
vn 0.299803 -0.785009 0.542106
vn 0.299803 -0.785009 0.542106
vn 0.299703 -0.784909 0.542306
vn 0.299703 -0.784909 0.542306
vn 0.299703 -0.784909 0.542306
vn 0.726414 -0.371008 0.578512
vn 0.726414 -0.371008 0.578512
vn 0.726414 -0.371008 0.578512
vn 0.726325 -0.371013 0.57862
vn 0.726325 -0.371013 0.57862
vn 0.726325 -0.371013 0.57862
vn -0.0005 -0.0081 0.999967
vn -0.0005 -0.0081 0.999967
vn -0.0005 -0.0081 0.999967
vn 0.021801 0.0079 0.999731
vn 0.021801 0.0079 0.999731
vn 0.021801 0.0079 0.999731
vn 0.0007 0.029599 0.999562
vn 0.0007 0.029599 0.999562
vn 0.0007 0.029599 0.999562
vn 0.0005 0.028999 0.999579
vn 0.0005 0.028999 0.999579
vn 0.0005 0.028999 0.999579
vn -0.0004 0.028999 0.999579
vn -0.0004 0.028999 0.999579
vn -0.0004 0.028999 0.999579
vn -0.0008 0.029499 0.999565
vn -0.0008 0.029499 0.999565
vn -0.0008 0.029499 0.999565
vn -0.025199 0.0044 0.999673
vn -0.025199 0.0044 0.999673
vn -0.025199 0.0044 0.999673
vn 0.0003 -0.0028 0.999996
vn 0.0003 -0.0028 0.999996
vn 0.0003 -0.0028 0.999996
vn -0.0012 0.031101 0.999516
vn -0.0012 0.031101 0.999516
vn -0.0012 0.031101 0.999516
vn -0.0008 0.0314 0.999507
vn -0.0008 0.0314 0.999507
vn -0.0008 0.0314 0.999507
vn -0.0007 0.0313 0.99951
vn -0.0007 0.0313 0.99951
vn -0.0007 0.0313 0.99951
vn -0.0006 0.0318 0.999494
vn -0.0006 0.0318 0.999494
vn -0.0006 0.0318 0.999494
vn 0.0005 0.0318 0.999494
vn 0.0005 0.0318 0.999494
vn 0.0005 0.0318 0.999494
vn 0.0008 0.0314 0.999507
vn 0.0008 0.0314 0.999507
vn 0.0008 0.0314 0.999507
vn 0.0008 0.0313 0.99951
vn 0.0008 0.0313 0.99951
vn 0.0008 0.0313 0.99951
vn 0.0012 0.0312 0.999512
vn 0.0012 0.0312 0.999512
vn 0.0012 0.0312 0.999512
vn -0.538009 -0.272104 0.797813
vn -0.538009 -0.272104 0.797813
vn -0.538009 -0.272104 0.797813
vn -0.526684 -0.261392 0.808875
vn -0.526684 -0.261392 0.808875
vn -0.526684 -0.261392 0.808875
vn -0.531118 0.309811 0.788626
vn -0.531118 0.309811 0.788626
vn -0.531118 0.309811 0.788626
vn -0.531118 0.309811 0.788626
vn -0.227405 0.633914 0.739216
vn -0.227405 0.633914 0.739216
vn -0.227405 0.633914 0.739216
vn -0.227405 0.633914 0.739216
vn 0.227405 0.633914 0.739216
vn 0.227405 0.633914 0.739216
vn 0.227405 0.633914 0.739216
vn 0.227405 0.633914 0.739216
vn 0.531101 0.309901 0.788602
vn 0.531101 0.309901 0.788602
vn 0.531101 0.309901 0.788602
vn 0.531118 0.30981 0.788626
vn 0.531118 0.30981 0.788626
vn 0.531118 0.30981 0.788626
vn 0.52389 -0.265395 0.809385
vn 0.52389 -0.265395 0.809385
vn 0.52389 -0.265395 0.809385
vn 0.538716 -0.267108 0.799024
vn 0.538716 -0.267108 0.799024
vn 0.538716 -0.267108 0.799024
vn 0.266201 -0.561202 0.783703
vn 0.266201 -0.561202 0.783703
vn 0.266201 -0.561202 0.783703
vn 0.266201 -0.561202 0.783703
vn -0.266201 -0.561202 0.783702
vn -0.266201 -0.561202 0.783702
vn -0.266201 -0.561202 0.783702
vn -0.266201 -0.561202 0.783702
vn 0.607432 0.294815 0.737639
vn 0.607432 0.294815 0.737639
vn 0.607432 0.294815 0.737639
vn 0.60218 0.29039 0.743675
vn 0.60218 0.29039 0.743675
vn 0.60218 0.29039 0.743675
vn 0.292291 0.65968 0.692379
vn 0.292291 0.65968 0.692379
vn 0.292291 0.65968 0.692379
vn 0.292311 0.659726 0.692327
vn 0.292311 0.659726 0.692327
vn 0.292311 0.659726 0.692327
vn -0.292311 0.659726 0.692327
vn -0.292311 0.659726 0.692327
vn -0.292311 0.659726 0.692327
vn -0.292291 0.65968 0.692379
vn -0.292291 0.65968 0.692379
vn -0.292291 0.65968 0.692379
vn -0.601914 0.292107 0.743218
vn -0.601914 0.292107 0.743218
vn -0.601914 0.292107 0.743218
vn -0.608294 0.293398 0.737493
vn -0.608294 0.293398 0.737493
vn -0.608294 0.293398 0.737493
vn -0.586314 -0.290207 0.756318
vn -0.586314 -0.290207 0.756318
vn -0.586314 -0.290207 0.756318
vn -0.586314 -0.290207 0.756318
vn -0.249093 -0.64328 0.723978
vn -0.249093 -0.64328 0.723978
vn -0.249093 -0.64328 0.723978
vn -0.249111 -0.643327 0.72393
vn -0.249111 -0.643327 0.72393
vn -0.249111 -0.643327 0.72393
vn 0.24911 -0.643327 0.72393
vn 0.24911 -0.643327 0.72393
vn 0.24911 -0.643327 0.72393
vn 0.249092 -0.64328 0.723978
vn 0.249092 -0.64328 0.723978
vn 0.249092 -0.64328 0.723978
vn 0.586314 -0.290207 0.756318
vn 0.586314 -0.290207 0.756318
vn 0.586314 -0.290207 0.756318
vn 0.586314 -0.290207 0.756318
vn 0.0011 0.029699 0.999558
vn 0.0011 0.029699 0.999558
vn 0.0011 0.029699 0.999558
vn 0.0008 0.029499 0.999565
vn 0.0008 0.029499 0.999565
vn 0.0008 0.029499 0.999565
vn 0.0007 0.029599 0.999562
vn 0.0007 0.029599 0.999562
vn 0.0007 0.029599 0.999562
vn 0.0005 0.028999 0.999579
vn 0.0005 0.028999 0.999579
vn 0.0005 0.028999 0.999579
vn -0.0004 0.028999 0.999579
vn -0.0004 0.028999 0.999579
vn -0.0004 0.028999 0.999579
vn -0.0008 0.029499 0.999565
vn -0.0008 0.029499 0.999565
vn -0.0008 0.029499 0.999565
vn -0.0007 0.029499 0.999565
vn -0.0007 0.029499 0.999565
vn -0.0007 0.029499 0.999565
vn -0.0011 0.029599 0.999561
vn -0.0011 0.029599 0.999561
vn -0.0011 0.029599 0.999561
vn -0.0012 0.031101 0.999516
vn -0.0012 0.031101 0.999516
vn -0.0012 0.031101 0.999516
vn -0.0008 0.0314 0.999507
vn -0.0008 0.0314 0.999507
vn -0.0008 0.0314 0.999507
vn -0.0007 0.0313 0.99951
vn -0.0007 0.0313 0.99951
vn -0.0007 0.0313 0.99951
vn -0.0006 0.0318 0.999494
vn -0.0006 0.0318 0.999494
vn -0.0006 0.0318 0.999494
vn 0.0006 0.0318 0.999494
vn 0.0006 0.0318 0.999494
vn 0.0006 0.0318 0.999494
vn 0.0008 0.0314 0.999507
vn 0.0008 0.0314 0.999507
vn 0.0008 0.0314 0.999507
vn 0.0008 0.0313 0.99951
vn 0.0008 0.0313 0.99951
vn 0.0008 0.0313 0.99951
vn 0.0012 0.0312 0.999512
vn 0.0012 0.0312 0.999512
vn 0.0012 0.0312 0.999512
vn -0.739342 -0.341619 0.580233
vn -0.739342 -0.341619 0.580233
vn -0.739342 -0.341619 0.580233
vn -0.738288 -0.340394 0.582291
vn -0.738288 -0.340394 0.582291
vn -0.738288 -0.340394 0.582291
vn -0.725174 0.406486 0.55578
vn -0.725174 0.406486 0.55578
vn -0.725174 0.406486 0.55578
vn -0.725087 0.406493 0.55589
vn -0.725087 0.406493 0.55589
vn -0.725087 0.406493 0.55589
vn -0.299 0.8174 0.4924
vn -0.299 0.8174 0.4924
vn -0.299 0.8174 0.4924
vn -0.298894 0.817384 0.49249
vn -0.298894 0.817384 0.49249
vn -0.298894 0.817384 0.49249
vn 0.298919 0.81735 0.49253
vn 0.298919 0.81735 0.49253
vn 0.298919 0.81735 0.49253
vn 0.298909 0.817424 0.492414
vn 0.298909 0.817424 0.492414
vn 0.298909 0.817424 0.492414
vn 0.725116 0.406409 0.555912
vn 0.725116 0.406409 0.555912
vn 0.725116 0.406409 0.555912
vn 0.725174 0.406485 0.55578
vn 0.725174 0.406485 0.55578
vn 0.725174 0.406485 0.55578
vn 0.737983 -0.340892 0.582387
vn 0.737983 -0.340892 0.582387
vn 0.737983 -0.340892 0.582387
vn 0.739516 -0.341107 0.580313
vn 0.739516 -0.341107 0.580313
vn 0.739516 -0.341107 0.580313
vn 0.353693 -0.759686 0.54569
vn 0.353693 -0.759686 0.54569
vn 0.353693 -0.759686 0.54569
vn 0.353701 -0.759603 0.545802
vn 0.353701 -0.759603 0.545802
vn 0.353701 -0.759603 0.545802
vn -0.353702 -0.759603 0.545802
vn -0.353702 -0.759603 0.545802
vn -0.353702 -0.759603 0.545802
vn -0.353694 -0.759686 0.54569
vn -0.353694 -0.759686 0.54569
vn -0.353694 -0.759686 0.54569
vn 0.739125 0.374712 0.559719
vn 0.739125 0.374712 0.559719
vn 0.739125 0.374712 0.559719
vn 0.740441 0.375821 0.557231
vn 0.740441 0.375821 0.557231
vn 0.740441 0.375821 0.557231
vn 0.354489 0.790476 0.499485
vn 0.354489 0.790476 0.499485
vn 0.354489 0.790476 0.499485
vn 0.354497 0.790592 0.499295
vn 0.354497 0.790592 0.499295
vn 0.354497 0.790592 0.499295
vn -0.354497 0.790593 0.499295
vn -0.354497 0.790593 0.499295
vn -0.354497 0.790593 0.499295
vn -0.354402 0.790504 0.499503
vn -0.354402 0.790504 0.499503
vn -0.354402 0.790504 0.499503
vn -0.74056 0.37538 0.55737
vn -0.74056 0.37538 0.55737
vn -0.74056 0.37538 0.55737
vn -0.738923 0.375112 0.559717
vn -0.738923 0.375112 0.559717
vn -0.738923 0.375112 0.559717
vn -0.726373 -0.370986 0.578578
vn -0.726373 -0.370986 0.578578
vn -0.726373 -0.370986 0.578578
vn -0.726415 -0.371007 0.578511
vn -0.726415 -0.371007 0.578511
vn -0.726415 -0.371007 0.578511
vn -0.299704 -0.784909 0.542306
vn -0.299704 -0.784909 0.542306
vn -0.299704 -0.784909 0.542306
vn -0.299713 -0.785032 0.542122
vn -0.299713 -0.785032 0.542122
vn -0.299713 -0.785032 0.542122
vn 0.299803 -0.785009 0.542106
vn 0.299803 -0.785009 0.542106
vn 0.299803 -0.785009 0.542106
vn 0.299703 -0.784909 0.542306
vn 0.299703 -0.784909 0.542306
vn 0.299703 -0.784909 0.542306
vn 0.726414 -0.371008 0.578512
vn 0.726414 -0.371008 0.578512
vn 0.726414 -0.371008 0.578512
vn 0.726325 -0.371013 0.57862
vn 0.726325 -0.371013 0.57862
vn 0.726325 -0.371013 0.57862
vn 0 -0 -1
vn 0 0.707107 -0.707107
vn 0 0.707107 -0.707107
vn 0 -0 -1
vn 0 0.707107 -0.707107
vn 0 0.707107 -0.707107
vn 0 0.707107 -0.707107
vn 0 0.707107 -0.707107
vn 0 0.707107 -0.707107
vn 0 0.707107 -0.707107
vn 0 0.707107 -0.707107
vn 0 0.707107 -0.707107
vn 0 0.707107 -0.707107
vn 0 0.707107 -0.707107
vn 0 0.707107 -0.707107
vn 0 0.707107 -0.707107
vn 0 0.707107 -0.707107
vn 0 0.707107 -0.707107
vn 0 0.707107 -0.707107
vn 0 0.707107 -0.707107
vn 0 0.707107 -0.707107
vn 0 0.707107 -0.707107
vn 0 0.707107 -0.707107
vn 0 0.707107 -0.707107
vn 0 0.707107 -0.707107
vn 0 0.707107 -0.707107
vn 0 0.707107 -0.707107
vn 0 0.707107 -0.707107
vn 0 1 -0
vn 0 1 -0
vn 0 1 -0
vn -0.422606 0 -0.906314
vn -0.330499 0.623198 -0.708798
vn 0 0.707107 -0.707107
vn 0 -0 -1
vn -0.244495 0.815685 -0.52429
vn 0 0.707107 -0.707107
vn 0 0.707107 -0.707107
vn -0.330499 0.623198 -0.708798
vn -0.244495 0.815685 -0.52429
vn 0 0.707107 -0.707107
vn -0.244495 0.815685 -0.52429
vn -0.330499 0.623198 -0.708798
vn 0 0.707107 -0.707107
vn 0 0.707107 -0.707107
vn -0.244495 0.815685 -0.52429
vn -0.330499 0.623198 -0.708798
vn 0 0.707107 -0.707107
vn 0 0.707107 -0.707107
vn -0.244495 0.815685 -0.52429
vn 0 0.707107 -0.707107
vn 0 1 -0
vn 0 1 -0
vn 0 1 -0
vn 0 1 -0
vn 0 0.707107 -0.707107
vn -0.330499 0.623198 -0.708798
vn 0 0.707107 -0.707107
vn -0.330499 0.623198 -0.708798
vn -0.244495 0.815685 -0.52429
vn 0 0.707107 -0.707107
vn 0 0.707107 -0.707107
vn -0.244495 0.815685 -0.52429
vn -0.76602 0 -0.642817
vn -0.5417 0.7071 -0.4545
vn -0.5417 0.7071 -0.4545
vn -0.667198 0.491399 -0.559799
vn -0.436002 0.822204 -0.365902
vn -0.669632 0.485624 -0.561927
vn -0.436002 0.822204 -0.365902
vn -0.669632 0.485624 -0.561927
vn 0 0.707107 -0.707107
vn 0.297091 0.630279 -0.717276
vn 0.2275 0.804198 -0.549099
vn 0 0.707107 -0.707107
vn 0 0.707107 -0.707107
vn 0.297091 0.630279 -0.717276
vn 0.2275 0.804198 -0.549099
vn 0 0.707107 -0.707107
vn 0 -0 -1
vn 0 0.707107 -0.707107
vn 0.297091 0.630279 -0.717276
vn 0.382691 -0 -0.923877
vn 0 0.707107 -0.707107
vn 0.2275 0.804198 -0.549099
vn 0 0.707107 -0.707107
vn 0 0.707107 -0.707107
vn 0.2275 0.804198 -0.549099
vn 0.297091 0.630279 -0.717276
vn 0 0.707107 -0.707107
vn 0 0.707107 -0.707107
vn 0.297091 0.630279 -0.717276
vn 0.2275 0.804198 -0.549099
vn 0 0.707107 -0.707107
vn 0 0.707107 -0.707107
vn 0.297091 0.630279 -0.717276
vn 0.2275 0.804198 -0.549099
vn 0 1 -0
vn 0 1 -0
vn 0 0.707107 -0.707107
vn 0.2275 0.804198 -0.549099
vn 0.707107 -0 -0.707107
vn 0.500003 0.707103 -0.500002
vn 0.392227 0.832056 -0.392226
vn 0 1 -0
vn 0.392194 0.832087 -0.392194
vn 0.632469 0.447178 -0.632468
vn 0.632469 0.447178 -0.632468
vn 0.392194 0.832087 -0.392194
vn 0.632469 0.447178 -0.632468
vn 0.392194 0.832087 -0.392194
vn 0.392194 0.832087 -0.392194
vn 0.632469 0.447178 -0.632468
vn 0.392194 0.832087 -0.392194
vn 0.632469 0.447178 -0.632468
vn -0.437792 0.820585 -0.367394
vn -0.437792 0.820585 -0.367394
vn -0.669632 0.485624 -0.561927
vn -0.436002 0.822204 -0.365902
vn -0.669632 0.485624 -0.561927
vn -0.436002 0.822204 -0.365902
vn 0 1 -0
vn 0 1 -0
vn 0.392194 0.832087 -0.392194
vt 0.8259 0.8312
vt 0.8259 0.85
vt 0.4038 0.85
vt 0.4038 0.8312
vt 0.7976 0.9101
vt 0.4038 0.9101
vt 0.4038 0.9347
vt 0.7976 0.9347
vt 0.7693 0.9976
vt 0.4038 0.9976
vt 0.6318 0.8312
vt 0.6318 0.85
vt 0.9973 0.85
vt 0.9973 0.8312
vt 0.6845 0.91
vt 0.6845 0.9347
vt 0.4038 0.9347
vt 0.4038 0.91
vt 0.66 0.9101
vt 0.9973 0.9101
vt 0.4038 0.9972
vt 0.6564 0.9972
vt 0.6563 0.9975
vt 0.4038 0.9975
vt 0.4038 0.8498
vt 0.7128 0.8498
vt 0.9973 0.9347
vt 0.66 0.9347
vt 0.6883 0.9974
vt 0.9973 0.9974
vt 0.4038 0.8312
vt 0.7128 0.8312
vt 0.4038 0.8312
vt 0.4038 0.85
vt 0.4038 0.9101
vt 0.4038 0.9347
vt 0.8969 0.9101
vt 0.8969 0.9347
vt 0.555 0.8312
vt 0.555 0.8498
vt 0.4038 0.9347
vt 0.795 0.9347
vt 0.795 0.9101
vt 0.4038 0.9101
vt 0.9973 0.8498
vt 0.6312 0.8498
vt 0.6312 0.8312
vt 0.9973 0.8312
vt 0.9973 0.8312
vt 0.9973 0.85
vt 0.5307 0.85
vt 0.5307 0.8312
vt 0.9973 0.9101
vt 0.5558 0.9101
vt 0.9973 0.9347
vt 0.9973 0.9976
vt 0.5809 0.9976
vt 0.5558 0.9347
vt 0.4038 0.8312
vt 0.4038 0.85
vt 0.8201 0.85
vt 0.8201 0.8312
vt 0.9973 0.91
vt 0.9973 0.9347
vt 0.6563 0.9347
vt 0.6563 0.91
vt 0.9973 0.9971
vt 0.6812 0.9971
vt 0.4038 0.9974
vt 0.7699 0.9974
vt 0.9973 0.8312
vt 0.9973 0.85
vt 0.9839 0.9101
vt 0.9973 0.8968
vt 0.9233 0.9976
vt 0.9839 0.9347
vt 0.4778 0.85
vt 0.4778 0.8312
vt 0.7414 0.9347
vt 0.7414 0.91
vt 0.5384 0.9101
vt 0.802 0.8498
vt 0.599 0.9974
vt 0.5384 0.9347
vt 0.4533 0.9976
vt 0.9478 0.8312
vt 0.9478 0.85
vt 0.6059 0.91
vt 0.6059 0.9347
vt 0.8461 0.9974
vt 0.9973 0.9975
vt 0.6814 0.9975
vt 0.802 0.8312
vt 0.9973 0.8312
vt 0.9973 0.85
vt 0.4038 0.85
vt 0.4038 0.8312
vt 0.9973 0.9101
vt 0.4038 0.9101
vt 0.4038 0.9347
vt 0.9973 0.9347
vt 0.9973 0.9976
vt 0.4038 0.9976
vt 0.4038 0.8312
vt 0.4038 0.85
vt 0.9973 0.85
vt 0.9973 0.8312
vt 0.9973 0.91
vt 0.9973 0.9347
vt 0.4038 0.9347
vt 0.4038 0.91
vt 0.9973 0.9101
vt 0.4038 0.9101
vt 0.4038 0.8498
vt 0.9973 0.8498
vt 0.4038 0.9347
vt 0.9973 0.9347
vt 0.4038 0.8312
vt 0.9973 0.8312
vt 0.4038 0.9974
vt 0.9973 0.9974
vt 0.9973 0.9975
vt 0.7005 0.9975
vt 0.4038 0.9975
vt 0.6695 0.0019
vt 0.7241 0.003
vt 0.7183 0.1294
vt 0.6692 0.1284
vt 0.7675 0.0061
vt 0.7559 0.1321
vt 0.709 0.1414
vt 0.6723 0.1403
vt 0.7494 0.1466
vt 0.7203 0.1445
vt 0.9649 0.6373
vt 0.9903 0.6447
vt 0.9857 0.5458
vt 0.9633 0.5483
vt 0.9338 0.638
vt 0.9332 0.5473
vt 0.7934 0.0719
vt 0.7936 0.0997
vt 0.8104 0.1033
vt 0.8101 0.0671
vt 0.7948 0.0234
vt 0.7945 0.0529
vt 0.8112 0.057
vt 0.8116 0.0187
vt 0.8248 0.1021
vt 0.8248 0.0674
vt 0.8264 0.0571
vt 0.8261 0.0198
vt 0.8378 0.1011
vt 0.838 0.0692
vt 0.8396 0.0542
vt 0.8393 0.0209
vt 0.351 0.1278
vt 0.3513 0.0012
vt 0.6692 0.1407
vt 0.351 0.1401
vt 0.6705 0.1422
vt 0.6155 0.1793
vt 0.3524 0.1409
vt 0.7536 0.8205
vt 0.7546 0.8036
vt 0.5136 0.8031
vt 0.5139 0.8206
vt 0.7541 0.789
vt 0.5136 0.7883
vt 0.7553 0.7757
vt 0.5139 0.7749
vt 0.7545 0.7321
vt 0.5135 0.7321
vt 0.9635 0.6866
vt 0.9912 0.6774
vt 0.9889 0.6266
vt 0.9846 0.489
vt 0.9613 0.4584
vt 0.9833 0.5588
vt 0.9341 0.6894
vt 0.9324 0.4501
vt 0.5775 0.2654
vt 0.5914 0.3102
vt 0.3516 0.3095
vt 0.8772 0.039
vt 0.8771 0.0872
vt 0.6695 0.0019
vt 0.6692 0.1284
vt 0.7183 0.1294
vt 0.7241 0.003
vt 0.6723 0.1403
vt 0.709 0.1414
vt 0.7203 0.1445
vt 0.9027 0.6377
vt 0.903 0.5487
vt 0.8805 0.5465
vt 0.8774 0.6455
vt 0.7934 0.0719
vt 0.8101 0.0671
vt 0.8104 0.1033
vt 0.7936 0.0997
vt 0.7948 0.0234
vt 0.8116 0.0187
vt 0.8248 0.0674
vt 0.8248 0.1021
vt 0.8261 0.0198
vt 0.838 0.0692
vt 0.8378 0.1011
vt 0.8393 0.0209
vt 0.3513 0.0012
vt 0.351 0.1278
vt 0.351 0.1401
vt 0.6692 0.1407
vt 0.6705 0.1422
vt 0.3524 0.1409
vt 0.6155 0.1793
vt 0.7536 0.8205
vt 0.5139 0.8206
vt 0.5136 0.8031
vt 0.7546 0.8036
vt 0.5136 0.7883
vt 0.7541 0.789
vt 0.5139 0.7749
vt 0.7553 0.7757
vt 0.9046 0.687
vt 0.8785 0.6272
vt 0.8768 0.6781
vt 0.8809 0.4897
vt 0.8831 0.5595
vt 0.9036 0.4589
vt 0.5775 0.2654
vt 0.3516 0.3095
vt 0.5914 0.3102
vt 0.6695 0.0019
vt 0.7241 0.003
vt 0.7183 0.1294
vt 0.6692 0.1284
vt 0.7675 0.0061
vt 0.7559 0.1321
vt 0.709 0.1414
vt 0.6723 0.1403
vt 0.7494 0.1466
vt 0.7203 0.1445
vt 0.9649 0.6373
vt 0.9903 0.6447
vt 0.9857 0.5458
vt 0.9633 0.5483
vt 0.9338 0.638
vt 0.9332 0.5473
vt 0.7934 0.0719
vt 0.7936 0.0997
vt 0.8104 0.1033
vt 0.8101 0.0671
vt 0.7948 0.0234
vt 0.7945 0.0529
vt 0.8112 0.057
vt 0.8116 0.0187
vt 0.8248 0.1021
vt 0.8248 0.0674
vt 0.8264 0.0571
vt 0.8261 0.0198
vt 0.8378 0.1011
vt 0.838 0.0692
vt 0.8396 0.0542
vt 0.8393 0.0209
vt 0.351 0.1278
vt 0.3513 0.0012
vt 0.6692 0.1407
vt 0.351 0.1401
vt 0.6705 0.1422
vt 0.6155 0.1793
vt 0.3524 0.1409
vt 0.7536 0.8205
vt 0.7546 0.8036
vt 0.5136 0.8031
vt 0.5139 0.8206
vt 0.7541 0.789
vt 0.5136 0.7883
vt 0.7553 0.7757
vt 0.5139 0.7749
vt 0.7545 0.7321
vt 0.5135 0.7321
vt 0.9635 0.6866
vt 0.9912 0.6774
vt 0.9889 0.6266
vt 0.9846 0.489
vt 0.9613 0.4584
vt 0.9833 0.5588
vt 0.9341 0.6894
vt 0.9324 0.4501
vt 0.5775 0.2654
vt 0.5914 0.3102
vt 0.3516 0.3095
vt 0.8772 0.039
vt 0.8771 0.0872
vt 0.6695 0.0019
vt 0.6692 0.1284
vt 0.7183 0.1294
vt 0.7241 0.003
vt 0.6723 0.1403
vt 0.709 0.1414
vt 0.7203 0.1445
vt 0.9027 0.6377
vt 0.903 0.5487
vt 0.8805 0.5465
vt 0.8774 0.6455
vt 0.7934 0.0719
vt 0.8101 0.0671
vt 0.8104 0.1033
vt 0.7936 0.0997
vt 0.7948 0.0234
vt 0.8116 0.0187
vt 0.8248 0.0674
vt 0.8248 0.1021
vt 0.8261 0.0198
vt 0.838 0.0692
vt 0.8378 0.1011
vt 0.8393 0.0209
vt 0.3513 0.0012
vt 0.351 0.1278
vt 0.351 0.1401
vt 0.6692 0.1407
vt 0.6705 0.1422
vt 0.3524 0.1409
vt 0.6155 0.1793
vt 0.7536 0.8205
vt 0.5139 0.8206
vt 0.5136 0.8031
vt 0.7546 0.8036
vt 0.5136 0.7883
vt 0.7541 0.789
vt 0.5139 0.7749
vt 0.7553 0.7757
vt 0.9046 0.687
vt 0.8785 0.6272
vt 0.8768 0.6781
vt 0.8809 0.4897
vt 0.8831 0.5595
vt 0.9036 0.4589
vt 0.5775 0.2654
vt 0.3516 0.3095
vt 0.5914 0.3102
vt 0.7566 0.4118
vt 0.7545 0.491
vt 0.6895 0.3967
vt 0.6936 0.3281
vt 0.1934 0.0017
vt 0.2496 0.0017
vt 0.2489 0.5296
vt 0.1925 0.5985
vt 0.0031 0.0017
vt 0.0386 0.0017
vt 0.0386 0.6548
vt 0.0031 0.6548
vt 0.7562 0.6021
vt 0.6917 0.5118
vt 0.1934 0.0017
vt 0.1925 0.5985
vt 0.1617 0.6087
vt 0.1626 0.0016
vt 0.6917 0.5118
vt 0.6408 0.452
vt 0.6405 0.3499
vt 0.6405 0.3499
vt 0.6895 0.3967
vt 0.6917 0.5118
vt 0.1621 0.6087
vt 0.1156 0.6342
vt 0.116 0.0015
vt 0.1625 0.0016
vt 0.116 0.0015
vt 0.1156 0.6342
vt 0.0802 0.6401
vt 0.0806 0.0015
vt 0.0802 0.6402
vt 0.0386 0.6548
vt 0.0386 0.0017
vt 0.0802 0.0017
vt 0.2986 0.9826
vt 0.357 0.8644
vt 0.3503 0.7431
vt 0.2919 0.8464
vt 0.357 0.8644
vt 0.4268 0.7734
vt 0.3986 0.6744
vt 0.3986 0.6744
vt 0.3503 0.7431
vt 0.357 0.8644
vt 0.193 0.7135
vt 0.2489 0.7933
vt 0.2489 0.9764
vt 0.193 0.8863
vt 0.3191 0.7731
vt 0.3492 0.7003
vt 0.3492 0.5206
vt 0.2845 0.878
vt 0.2496 0.5207
vt 0.2496 1.0004
vt 0.0801 0.6723
vt 0.1153 0.6781
vt 0.1154 0.8985
vt 0.0801 0.9958
vt 0.0801 0.784
vt 0.1153 0.6781
vt 0.1618 0.7034
vt 0.1619 0.949
vt 0.1154 0.8985
vt 0.1622 0.7032
vt 0.193 0.7135
vt 0.193 0.8863
vt 0.193 0.8863
vt 0.1622 0.9488
vt 0.1622 0.7032
vt 0.8059 0.1895
vt 0.8688 0.1289
vt 0.8685 0.4234
vt 0.8055 0.3556
vt 0.7982 0.1981
vt 0.7977 0.347
vt 0.7744 0.34
vt 0.7744 0.34
vt 0.7752 0.2048
vt 0.7982 0.1981
vt 0.729 0.2291
vt 0.7285 0.3172
vt 0.7014 0.3129
vt 0.7014 0.3129
vt 0.7019 0.2331
vt 0.729 0.2291
vt 0.7752 0.2048
vt 0.7744 0.34
vt 0.7357 0.3217
vt 0.7363 0.2248
vt 0.6573 0.2461
vt 0.6569 0.2986
vt 0.6112 0.2983
vt 0.6112 0.2983
vt 0.6115 0.2458
vt 0.6573 0.2461
vt 0.7019 0.2331
vt 0.7014 0.3129
vt 0.6661 0.3006
vt 0.6661 0.3006
vt 0.6665 0.2442
vt 0.7019 0.2331
vt 0.8813 0.4295
vt 0.8815 0.1228
vt 0.9803 0.1229
vt 0.9801 0.4298
vt 0.2497 0.0022
vt 0.3491 0.0022
vt 0.3491 0.518
vt 0.2497 0.5182
vt 0.4418 0.4277
vt 0.3986 0.4535
vt 0.3986 0.6744
vt 0.0386 0.6583
vt 0.0385 0.7609
vt 0.0031 0.7609
vt 0.0031 0.6583
vt 0.8409 0.5727
vt 0.841 0.6728
vt 0.8142 0.6832
vt 0.8142 0.6832
vt 0.8133 0.5636
vt 0.8409 0.5727
vt 0.7798 0.7801
vt 0.7792 0.5186
vt 0.8092 0.5151
vt 0.8092 0.5151
vt 0.8091 0.7822
vt 0.7798 0.7801
vt 0.8106 0.5341
vt 0.8109 0.7702
vt 0.7742 0.7732
vt 0.7742 0.7732
vt 0.7813 0.5384
vt 0.8106 0.5341
vt 0.8474 0.577
vt 0.8496 0.6635
vt 0.8119 0.6411
vt 0.8119 0.6411
vt 0.8125 0.57
vt 0.8474 0.577
vt 0.8473 0.596
vt 0.8488 0.7454
vt 0.8134 0.751
vt 0.8134 0.751
vt 0.8173 0.6281
vt 0.8473 0.596
vt 0.8425 0.5733
vt 0.8493 0.6724
vt 0.817 0.6461
vt 0.817 0.6461
vt 0.8132 0.5673
vt 0.8425 0.5733
vt 0.8479 0.6192
vt 0.8509 0.7391
vt 0.8162 0.7496
vt 0.8162 0.7496
vt 0.8167 0.6468
vt 0.8479 0.6192
vt 0.8509 0.7391
vt 0.8418 0.7667
vt 0.8162 0.7496
vt 0.8106 0.5341
vt 0.7813 0.5384
vt 0.8059 0.5059
vt 0.8109 0.7702
vt 0.798 0.8002
vt 0.7742 0.7732
vt 0.8488 0.7454
vt 0.8381 0.7733
vt 0.8134 0.751
vt 0.8055 0.3556
vt 0.7977 0.347
vt 0.7982 0.1981
vt 0.7982 0.1981
vt 0.8059 0.1895
vt 0.8055 0.3556
vt 0.7357 0.3217
vt 0.7285 0.3172
vt 0.729 0.2291
vt 0.729 0.2291
vt 0.7363 0.2248
vt 0.7357 0.3217
vt 0.6661 0.3006
vt 0.6569 0.2986
vt 0.6573 0.2461
vt 0.6573 0.2461
vt 0.6665 0.2442
vt 0.6661 0.3006
vt 0.8688 0.1289
vt 0.8815 0.1228
vt 0.8813 0.4295
vt 0.8813 0.4295
vt 0.8685 0.4234
vt 0.8688 0.1289
vt 0.4268 0.7734
vt 0.5157 0.7121
vt 0.509 0.589
vt 0.509 0.589
vt 0.3986 0.6744
vt 0.4268 0.7734
vt 0.509 0.589
vt 0.6322 0.5257
vt 0.6322 0.3205
vt 0.6389 0.6489
vt 0.6322 0.5257
vt 0.509 0.589
vt 0.5157 0.7121
vt 0.0385 0.7609
vt 0.0386 0.6583
vt 0.0803 0.6725
vt 0.0802 0.7845
vt 0.7566 0.4118
vt 0.6936 0.3281
vt 0.6895 0.3967
vt 0.7545 0.491
vt 0.1934 0.0017
vt 0.1925 0.5985
vt 0.2489 0.5296
vt 0.2496 0.0017
vt 0.0031 0.0017
vt 0.0031 0.6548
vt 0.0386 0.6548
vt 0.0386 0.0017
vt 0.7562 0.6021
vt 0.6917 0.5118
vt 0.1934 0.0017
vt 0.1626 0.0016
vt 0.1617 0.6087
vt 0.1925 0.5985
vt 0.6917 0.5118
vt 0.6895 0.3967
vt 0.6405 0.3499
vt 0.6405 0.3499
vt 0.6408 0.452
vt 0.6917 0.5118
vt 0.1621 0.6087
vt 0.1625 0.0016
vt 0.116 0.0015
vt 0.1156 0.6342
vt 0.116 0.0015
vt 0.0806 0.0015
vt 0.0802 0.6401
vt 0.1156 0.6342
vt 0.0802 0.6402
vt 0.0802 0.0017
vt 0.0386 0.0017
vt 0.0386 0.6548
vt 0.2986 0.9826
vt 0.2919 0.8464
vt 0.3503 0.7431
vt 0.357 0.8644
vt 0.357 0.8644
vt 0.3503 0.7431
vt 0.3986 0.6744
vt 0.3986 0.6744
vt 0.4268 0.7734
vt 0.357 0.8644
vt 0.193 0.7135
vt 0.193 0.8863
vt 0.2489 0.9764
vt 0.2489 0.7933
vt 0.2845 0.878
vt 0.2496 1.0004
vt 0.2496 0.5207
vt 0.3492 0.5206
vt 0.3492 0.7003
vt 0.3191 0.7731
vt 0.0801 0.784
vt 0.0801 0.9958
vt 0.1154 0.8985
vt 0.0801 0.6723
vt 0.1153 0.6781
vt 0.1153 0.6781
vt 0.1154 0.8985
vt 0.1619 0.949
vt 0.1618 0.7034
vt 0.1622 0.7032
vt 0.1622 0.9488
vt 0.193 0.8863
vt 0.193 0.8863
vt 0.193 0.7135
vt 0.1622 0.7032
vt 0.8059 0.1895
vt 0.8055 0.3556
vt 0.8685 0.4234
vt 0.8688 0.1289
vt 0.7982 0.1981
vt 0.7752 0.2048
vt 0.7744 0.34
vt 0.7744 0.34
vt 0.7977 0.347
vt 0.7982 0.1981
vt 0.729 0.2291
vt 0.7019 0.2331
vt 0.7014 0.3129
vt 0.7014 0.3129
vt 0.7285 0.3172
vt 0.729 0.2291
vt 0.7752 0.2048
vt 0.7363 0.2248
vt 0.7357 0.3217
vt 0.7744 0.34
vt 0.6573 0.2461
vt 0.6115 0.2458
vt 0.6112 0.2983
vt 0.6112 0.2983
vt 0.6569 0.2986
vt 0.6573 0.2461
vt 0.7019 0.2331
vt 0.6665 0.2442
vt 0.6661 0.3006
vt 0.6661 0.3006
vt 0.7014 0.3129
vt 0.7019 0.2331
vt 0.8813 0.4295
vt 0.9801 0.4298
vt 0.9803 0.1229
vt 0.8815 0.1228
vt 0.2497 0.0022
vt 0.2497 0.5182
vt 0.3491 0.518
vt 0.3491 0.0022
vt 0.4418 0.4277
vt 0.3986 0.6744
vt 0.3986 0.4535
vt 0.0386 0.6583
vt 0.0031 0.6583
vt 0.0031 0.7609
vt 0.0385 0.7609
vt 0.8409 0.5727
vt 0.8133 0.5636
vt 0.8142 0.6832
vt 0.8142 0.6832
vt 0.841 0.6728
vt 0.8409 0.5727
vt 0.7798 0.7801
vt 0.8091 0.7822
vt 0.8092 0.5151
vt 0.8092 0.5151
vt 0.7792 0.5186
vt 0.7798 0.7801
vt 0.8106 0.5341
vt 0.7813 0.5384
vt 0.7742 0.7732
vt 0.7742 0.7732
vt 0.8109 0.7702
vt 0.8106 0.5341
vt 0.8474 0.577
vt 0.8125 0.57
vt 0.8119 0.6411
vt 0.8119 0.6411
vt 0.8496 0.6635
vt 0.8474 0.577
vt 0.8473 0.596
vt 0.8173 0.6281
vt 0.8134 0.751
vt 0.8134 0.751
vt 0.8488 0.7454
vt 0.8473 0.596
vt 0.8425 0.5733
vt 0.8132 0.5673
vt 0.817 0.6461
vt 0.817 0.6461
vt 0.8493 0.6724
vt 0.8425 0.5733
vt 0.8479 0.6192
vt 0.8167 0.6468
vt 0.8162 0.7496
vt 0.8162 0.7496
vt 0.8509 0.7391
vt 0.8479 0.6192
vt 0.8509 0.7391
vt 0.8162 0.7496
vt 0.8418 0.7667
vt 0.8106 0.5341
vt 0.8059 0.5059
vt 0.7813 0.5384
vt 0.8109 0.7702
vt 0.7742 0.7732
vt 0.798 0.8002
vt 0.8488 0.7454
vt 0.8134 0.751
vt 0.8381 0.7733
vt 0.8055 0.3556
vt 0.8059 0.1895
vt 0.7982 0.1981
vt 0.7982 0.1981
vt 0.7977 0.347
vt 0.8055 0.3556
vt 0.7357 0.3217
vt 0.7363 0.2248
vt 0.729 0.2291
vt 0.729 0.2291
vt 0.7285 0.3172
vt 0.7357 0.3217
vt 0.6661 0.3006
vt 0.6665 0.2442
vt 0.6573 0.2461
vt 0.6573 0.2461
vt 0.6569 0.2986
vt 0.6661 0.3006
vt 0.8688 0.1289
vt 0.8685 0.4234
vt 0.8813 0.4295
vt 0.8813 0.4295
vt 0.8815 0.1228
vt 0.8688 0.1289
vt 0.4268 0.7734
vt 0.3986 0.6744
vt 0.509 0.589
vt 0.509 0.589
vt 0.5157 0.7121
vt 0.4268 0.7734
vt 0.509 0.589
vt 0.6389 0.6489
vt 0.5157 0.7121
vt 0.509 0.589
vt 0.6322 0.5257
vt 0.0385 0.7609
vt 0.0802 0.7845
vt 0.0803 0.6725
vt 0.0386 0.6583
vt -0.4136 0.8187
vt -0.0844 0.8191
vt -0.0713 0.8436
vt -0.4006 0.8433
vt -0.5317 0.8191
vt -0.2025 0.8187
vt -0.2155 0.8433
vt -0.5448 0.8436
vt -0.4161 0.8142
vt -0.0868 0.8145
vt -0.0844 0.8191
vt -0.4136 0.8187
vt -0.5293 0.8145
vt -0.2 0.8142
vt -0.2025 0.8187
vt -0.5317 0.8191
vt 0.4418 0.4277
vt 0.4418 0.4277
vt 0.4418 0.4277
vt 0.4418 0.4277
vt 0.4418 0.4277
vt 0.4418 0.4277
vt 0.4418 0.4277
vt 0.4418 0.4277
vt -0.6819 0.0765
vt -0.6819 0.7296
vt -0.7384 0.7296
vt -0.7384 0.0765
vt -0.8099 0.0765
vt -0.8407 0.0764
vt -0.8416 0.6836
vt -0.8108 0.6733
vt -0.8873 0.0764
vt -0.9227 0.0763
vt -0.9231 0.7149
vt -0.8876 0.709
vt 0.7982 0.1981
vt 0.7752 0.2048
vt 0.7744 0.34
vt 0.7744 0.34
vt 0.7977 0.347
vt 0.7982 0.1981
vt 0.729 0.2291
vt 0.7019 0.2331
vt 0.7014 0.3129
vt 0.7014 0.3129
vt 0.7285 0.3172
vt 0.729 0.2291
vt 0.6573 0.2461
vt 0.6115 0.2458
vt 0.6112 0.2983
vt 0.6569 0.2986
vt 0.0386 0.6583
vt 0.0385 0.7609
vt 0.8409 0.5727
vt 0.8133 0.5636
vt 0.8142 0.6832
vt 0.8409 0.5727
vt 0.8106 0.5341
vt 0.7813 0.5384
vt 0.7742 0.7732
vt 0.7742 0.7732
vt 0.8109 0.7702
vt 0.8106 0.5341
vt 0.8474 0.577
vt 0.8125 0.57
vt 0.8119 0.6411
vt 0.8119 0.6411
vt 0.8496 0.6635
vt 0.8474 0.577
vt 0.8473 0.596
vt 0.8173 0.6281
vt 0.8134 0.751
vt 0.8134 0.751
vt 0.8488 0.7454
vt 0.8473 0.596
vt 0.8425 0.5733
vt 0.8132 0.5673
vt 0.817 0.6461
vt 0.817 0.6461
vt 0.8493 0.6724
vt 0.8425 0.5733
vt 0.8479 0.6192
vt 0.8167 0.6468
vt 0.8162 0.7496
vt 0.8162 0.7496
vt 0.8509 0.7391
vt 0.8479 0.6192
vt 0.8509 0.7391
vt 0.8162 0.7496
vt 0.8418 0.7667
vt 0.8109 0.7702
vt 0.7742 0.7732
vt 0.798 0.8002
vt 0.8488 0.7454
vt 0.8134 0.751
vt 0.8381 0.7733
vt 0.8055 0.3556
vt 0.8059 0.1895
vt 0.7982 0.1981
vt 0.7982 0.1981
vt 0.7977 0.347
vt 0.8055 0.3556
vt 0.7357 0.3217
vt 0.7363 0.2248
vt 0.729 0.2291
vt 0.729 0.2291
vt 0.7285 0.3172
vt 0.7357 0.3217
vt 0.6661 0.3006
vt 0.6665 0.2442
vt 0.6573 0.2461
vt 0.6573 0.2461
vt 0.6569 0.2986
vt 0.6661 0.3006
vt -0.6819 0.0765
vt -0.7384 0.0765
vt -0.7384 0.7296
vt -0.6819 0.7296
vt -0.8873 0.0764
vt -0.8876 0.709
vt -0.9231 0.7149
vt -0.9227 0.0763
vt 0.729 0.2291
vt 0.7285 0.3172
vt 0.7014 0.3129
vt 0.7014 0.3129
vt 0.7019 0.2331
vt 0.729 0.2291
vt 0.6573 0.2461
vt 0.6569 0.2986
vt 0.6112 0.2983
vt 0.6115 0.2458
vt 0.0386 0.6583
vt 0.0385 0.7609
vt 0.8409 0.5727
vt 0.8142 0.6832
vt 0.8133 0.5636
vt 0.8409 0.5727
vt 0.8425 0.5733
vt 0.8493 0.6724
vt 0.817 0.6461
vt 0.817 0.6461
vt 0.8132 0.5673
vt 0.8425 0.5733
vt 0.8479 0.6192
vt 0.8509 0.7391
vt 0.8162 0.7496
vt 0.8162 0.7496
vt 0.8167 0.6468
vt 0.8479 0.6192
vt 0.8509 0.7391
vt 0.8418 0.7667
vt 0.8162 0.7496
vt 0.8488 0.7454
vt 0.8381 0.7733
vt 0.8134 0.751
vt 0.7357 0.3217
vt 0.7285 0.3172
vt 0.729 0.2291
vt 0.729 0.2291
vt 0.7363 0.2248
vt 0.7357 0.3217
vt 0.6661 0.3006
vt 0.6569 0.2986
vt 0.6573 0.2461
vt 0.6573 0.2461
vt 0.6665 0.2442
vt 0.6661 0.3006
vt 0.2919 0.8464
vt 0.3503 0.7431
vt 0.357 0.8644
vt 0.3503 0.7431
vt 0.3986 0.6744
vt 0.3986 0.6744
vt 0.4268 0.7734
vt 0.357 0.8644
vt 0.2845 0.878
vt 0.3492 0.5206
vt 0.3492 0.7003
vt 0.3191 0.7731
vt 0.4268 0.7734
vt 0.3986 0.6744
vt 0.509 0.589
vt 0.509 0.589
vt 0.5157 0.7121
vt 0.4268 0.7734
vt 0.6389 0.6489
vt 0.5157 0.7121
vt 0.509 0.589
vt 0.6322 0.5257
vt 0.3503 0.7431
vt 0.2919 0.8464
vt 0.357 0.8644
vt 0.4268 0.7734
vt 0.3986 0.6744
vt 0.3986 0.6744
vt 0.3503 0.7431
vt 0.357 0.8644
vt 0.3191 0.7731
vt 0.3492 0.7003
vt 0.3492 0.5206
vt 0.2845 0.878
vt 0.4268 0.7734
vt 0.5157 0.7121
vt 0.509 0.589
vt 0.509 0.589
vt 0.3986 0.6744
vt 0.4268 0.7734
vt 0.6389 0.6489
vt 0.6322 0.5257
vt 0.509 0.589
vt 0.5157 0.7121
vt -0.2793 0.2211
vt -0.2793 0.2814
vt -0.2674 0.2862
vt -0.2674 0.2862
vt -0.2675 0.2147
vt -0.2793 0.2211
vt -0.2793 0.2749
vt -0.2793 0.2151
vt -0.2674 0.2129
vt -0.2674 0.2129
vt -0.2674 0.2821
vt -0.2793 0.2749
vt -0.2793 0.2787
vt -0.2793 0.2189
vt -0.2675 0.2117
vt -0.2675 0.2117
vt -0.2675 0.2809
vt -0.2793 0.2787
vt -0.2793 0.2784
vt -0.2793 0.2182
vt -0.2675 0.212
vt -0.2675 0.212
vt -0.2675 0.2835
vt -0.2793 0.2784
vt -0.2793 0.2767
vt -0.2793 0.2209
vt -0.2675 0.2167
vt -0.2675 0.2167
vt -0.2675 0.2818
vt -0.2793 0.2767
vt -0.2793 0.2765
vt -0.2793 0.2195
vt -0.2675 0.2156
vt -0.2675 0.2156
vt -0.2674 0.2822
vt -0.2793 0.2765
vt -0.2793 0.278
vt -0.2793 0.221
vt -0.2675 0.2154
vt -0.2675 0.2154
vt -0.2675 0.2819
vt -0.2793 0.278
vt -0.2793 0.2759
vt -0.2793 0.2201
vt -0.2675 0.215
vt -0.2675 0.215
vt -0.2675 0.2801
vt -0.2793 0.2759
vt -0.2851 0.2234
vt -0.2851 0.2791
vt -0.2793 0.2814
vt -0.2793 0.2814
vt -0.2793 0.2211
vt -0.2851 0.2234
vt -0.2851 0.2736
vt -0.2851 0.2225
vt -0.2793 0.2201
vt -0.2793 0.2201
vt -0.2793 0.2759
vt -0.2851 0.2736
vt -0.2851 0.2759
vt -0.2851 0.2238
vt -0.2793 0.221
vt -0.2793 0.221
vt -0.2793 0.278
vt -0.2851 0.2759
vt -0.2851 0.2738
vt -0.2851 0.2216
vt -0.2793 0.2195
vt -0.2793 0.2195
vt -0.2793 0.2765
vt -0.2851 0.2738
vt -0.2851 0.2743
vt -0.2851 0.2232
vt -0.2793 0.2209
vt -0.2793 0.2209
vt -0.2793 0.2767
vt -0.2851 0.2743
vt -0.2851 0.276
vt -0.2851 0.2204
vt -0.2793 0.2182
vt -0.2793 0.2182
vt -0.2793 0.2784
vt -0.2851 0.276
vt -0.2852 0.2767
vt -0.2851 0.2222
vt -0.2793 0.2189
vt -0.2793 0.2189
vt -0.2793 0.2787
vt -0.2852 0.2767
vt -0.2851 0.2715
vt -0.2851 0.2171
vt -0.2793 0.2151
vt -0.2793 0.2151
vt -0.2793 0.2749
vt -0.2851 0.2715
vt -0.2616 0.2885
vt -0.2616 0.2124
vt -0.2675 0.2147
vt -0.2675 0.2147
vt -0.2674 0.2862
vt -0.2616 0.2885
vt -0.2616 0.211
vt -0.2616 0.2855
vt -0.2674 0.2821
vt -0.2674 0.2821
vt -0.2674 0.2129
vt -0.2616 0.211
vt -0.2616 0.2084
vt -0.2616 0.2829
vt -0.2675 0.2809
vt -0.2675 0.2809
vt -0.2675 0.2117
vt -0.2616 0.2084
vt -0.2616 0.2098
vt -0.2616 0.2859
vt -0.2675 0.2835
vt -0.2675 0.2835
vt -0.2675 0.212
vt -0.2616 0.2098
vt -0.2616 0.2144
vt -0.2616 0.2842
vt -0.2675 0.2818
vt -0.2675 0.2818
vt -0.2675 0.2167
vt -0.2616 0.2144
vt -0.2616 0.2136
vt -0.2616 0.2849
vt -0.2674 0.2822
vt -0.2674 0.2822
vt -0.2675 0.2156
vt -0.2616 0.2136
vt -0.2616 0.2126
vt -0.2616 0.284
vt -0.2675 0.2819
vt -0.2675 0.2819
vt -0.2675 0.2154
vt -0.2616 0.2126
vt -0.2616 0.2126
vt -0.2616 0.2825
vt -0.2675 0.2801
vt -0.2675 0.2801
vt -0.2675 0.215
vt -0.2616 0.2126
vt -0.2793 0.2211
vt -0.2793 0.2814
vt -0.2674 0.2862
vt -0.2674 0.2862
vt -0.2675 0.2147
vt -0.2793 0.2211
vt -0.2793 0.2749
vt -0.2793 0.2151
vt -0.2674 0.2129
vt -0.2674 0.2129
vt -0.2674 0.2821
vt -0.2793 0.2749
vt -0.2793 0.2787
vt -0.2793 0.2189
vt -0.2675 0.2117
vt -0.2675 0.2117
vt -0.2675 0.2809
vt -0.2793 0.2787
vt -0.2793 0.2784
vt -0.2793 0.2182
vt -0.2675 0.212
vt -0.2675 0.212
vt -0.2675 0.2835
vt -0.2793 0.2784
vt -0.2793 0.2767
vt -0.2793 0.2209
vt -0.2675 0.2167
vt -0.2675 0.2167
vt -0.2675 0.2818
vt -0.2793 0.2767
vt -0.2793 0.2765
vt -0.2793 0.2195
vt -0.2675 0.2156
vt -0.2675 0.2156
vt -0.2674 0.2822
vt -0.2793 0.2765
vt -0.2793 0.278
vt -0.2793 0.221
vt -0.2675 0.2154
vt -0.2675 0.2154
vt -0.2675 0.2819
vt -0.2793 0.278
vt -0.2793 0.2759
vt -0.2793 0.2201
vt -0.2675 0.215
vt -0.2675 0.215
vt -0.2675 0.2801
vt -0.2793 0.2759
vt -0.2851 0.2234
vt -0.2851 0.2791
vt -0.2793 0.2814
vt -0.2793 0.2814
vt -0.2793 0.2211
vt -0.2851 0.2234
vt -0.2851 0.2736
vt -0.2851 0.2225
vt -0.2793 0.2201
vt -0.2793 0.2201
vt -0.2793 0.2759
vt -0.2851 0.2736
vt -0.2851 0.2759
vt -0.2851 0.2238
vt -0.2793 0.221
vt -0.2793 0.221
vt -0.2793 0.278
vt -0.2851 0.2759
vt -0.2851 0.2738
vt -0.2851 0.2216
vt -0.2793 0.2195
vt -0.2793 0.2195
vt -0.2793 0.2765
vt -0.2851 0.2738
vt -0.2851 0.2743
vt -0.2851 0.2232
vt -0.2793 0.2209
vt -0.2793 0.2209
vt -0.2793 0.2767
vt -0.2851 0.2743
vt -0.2851 0.276
vt -0.2851 0.2204
vt -0.2793 0.2182
vt -0.2793 0.2182
vt -0.2793 0.2784
vt -0.2851 0.276
vt -0.2852 0.2767
vt -0.2851 0.2222
vt -0.2793 0.2189
vt -0.2793 0.2189
vt -0.2793 0.2787
vt -0.2852 0.2767
vt -0.2851 0.2715
vt -0.2851 0.2171
vt -0.2793 0.2151
vt -0.2793 0.2151
vt -0.2793 0.2749
vt -0.2851 0.2715
vt -0.2616 0.2885
vt -0.2616 0.2124
vt -0.2675 0.2147
vt -0.2675 0.2147
vt -0.2674 0.2862
vt -0.2616 0.2885
vt -0.2616 0.211
vt -0.2616 0.2855
vt -0.2674 0.2821
vt -0.2674 0.2821
vt -0.2674 0.2129
vt -0.2616 0.211
vt -0.2616 0.2084
vt -0.2616 0.2829
vt -0.2675 0.2809
vt -0.2675 0.2809
vt -0.2675 0.2117
vt -0.2616 0.2084
vt -0.2616 0.2098
vt -0.2616 0.2859
vt -0.2675 0.2835
vt -0.2675 0.2835
vt -0.2675 0.212
vt -0.2616 0.2098
vt -0.2616 0.2144
vt -0.2616 0.2842
vt -0.2675 0.2818
vt -0.2675 0.2818
vt -0.2675 0.2167
vt -0.2616 0.2144
vt -0.2616 0.2136
vt -0.2616 0.2849
vt -0.2674 0.2822
vt -0.2674 0.2822
vt -0.2675 0.2156
vt -0.2616 0.2136
vt -0.2616 0.2126
vt -0.2616 0.284
vt -0.2675 0.2819
vt -0.2675 0.2819
vt -0.2675 0.2154
vt -0.2616 0.2126
vt -0.2616 0.2126
vt -0.2616 0.2825
vt -0.2675 0.2801
vt -0.2675 0.2801
vt -0.2675 0.215
vt -0.2616 0.2126
vt -0.2793 0.2211
vt -0.2793 0.2814
vt -0.2674 0.2862
vt -0.2674 0.2862
vt -0.2675 0.2147
vt -0.2793 0.2211
vt -0.2793 0.2749
vt -0.2793 0.2151
vt -0.2674 0.2129
vt -0.2674 0.2129
vt -0.2674 0.2821
vt -0.2793 0.2749
vt -0.2793 0.2787
vt -0.2793 0.2189
vt -0.2675 0.2117
vt -0.2675 0.2117
vt -0.2675 0.2809
vt -0.2793 0.2787
vt -0.2793 0.2784
vt -0.2793 0.2182
vt -0.2675 0.212
vt -0.2675 0.212
vt -0.2675 0.2835
vt -0.2793 0.2784
vt -0.2793 0.2767
vt -0.2793 0.2209
vt -0.2675 0.2167
vt -0.2675 0.2167
vt -0.2675 0.2818
vt -0.2793 0.2767
vt -0.2793 0.2765
vt -0.2793 0.2195
vt -0.2675 0.2156
vt -0.2675 0.2156
vt -0.2674 0.2822
vt -0.2793 0.2765
vt -0.2793 0.278
vt -0.2793 0.221
vt -0.2675 0.2154
vt -0.2675 0.2154
vt -0.2675 0.2819
vt -0.2793 0.278
vt -0.2793 0.2759
vt -0.2793 0.2201
vt -0.2675 0.215
vt -0.2675 0.215
vt -0.2675 0.2801
vt -0.2793 0.2759
vt -0.2851 0.2234
vt -0.2851 0.2791
vt -0.2793 0.2814
vt -0.2793 0.2814
vt -0.2793 0.2211
vt -0.2851 0.2234
vt -0.2851 0.2736
vt -0.2851 0.2225
vt -0.2793 0.2201
vt -0.2793 0.2201
vt -0.2793 0.2759
vt -0.2851 0.2736
vt -0.2851 0.2759
vt -0.2851 0.2238
vt -0.2793 0.221
vt -0.2793 0.221
vt -0.2793 0.278
vt -0.2851 0.2759
vt -0.2851 0.2738
vt -0.2851 0.2216
vt -0.2793 0.2195
vt -0.2793 0.2195
vt -0.2793 0.2765
vt -0.2851 0.2738
vt -0.2851 0.2743
vt -0.2851 0.2232
vt -0.2793 0.2209
vt -0.2793 0.2209
vt -0.2793 0.2767
vt -0.2851 0.2743
vt -0.2851 0.276
vt -0.2851 0.2204
vt -0.2793 0.2182
vt -0.2793 0.2182
vt -0.2793 0.2784
vt -0.2851 0.276
vt -0.2852 0.2767
vt -0.2851 0.2222
vt -0.2793 0.2189
vt -0.2793 0.2189
vt -0.2793 0.2787
vt -0.2852 0.2767
vt -0.2851 0.2715
vt -0.2851 0.2171
vt -0.2793 0.2151
vt -0.2793 0.2151
vt -0.2793 0.2749
vt -0.2851 0.2715
vt -0.2616 0.2885
vt -0.2616 0.2124
vt -0.2675 0.2147
vt -0.2675 0.2147
vt -0.2674 0.2862
vt -0.2616 0.2885
vt -0.2616 0.211
vt -0.2616 0.2855
vt -0.2674 0.2821
vt -0.2674 0.2821
vt -0.2674 0.2129
vt -0.2616 0.211
vt -0.2616 0.2084
vt -0.2616 0.2829
vt -0.2675 0.2809
vt -0.2675 0.2809
vt -0.2675 0.2117
vt -0.2616 0.2084
vt -0.2616 0.2098
vt -0.2616 0.2859
vt -0.2675 0.2835
vt -0.2675 0.2835
vt -0.2675 0.212
vt -0.2616 0.2098
vt -0.2616 0.2144
vt -0.2616 0.2842
vt -0.2675 0.2818
vt -0.2675 0.2818
vt -0.2675 0.2167
vt -0.2616 0.2144
vt -0.2616 0.2136
vt -0.2616 0.2849
vt -0.2674 0.2822
vt -0.2674 0.2822
vt -0.2675 0.2156
vt -0.2616 0.2136
vt -0.2616 0.2126
vt -0.2616 0.284
vt -0.2675 0.2819
vt -0.2675 0.2819
vt -0.2675 0.2154
vt -0.2616 0.2126
vt -0.2616 0.2126
vt -0.2616 0.2825
vt -0.2675 0.2801
vt -0.2675 0.2801
vt -0.2675 0.215
vt -0.2616 0.2126
vt -0.2793 0.2211
vt -0.2793 0.2814
vt -0.2674 0.2862
vt -0.2674 0.2862
vt -0.2675 0.2147
vt -0.2793 0.2211
vt -0.2793 0.2749
vt -0.2793 0.2151
vt -0.2674 0.2129
vt -0.2674 0.2129
vt -0.2674 0.2821
vt -0.2793 0.2749
vt -0.2793 0.2787
vt -0.2793 0.2189
vt -0.2675 0.2117
vt -0.2675 0.2117
vt -0.2675 0.2809
vt -0.2793 0.2787
vt -0.2793 0.2784
vt -0.2793 0.2182
vt -0.2675 0.212
vt -0.2675 0.212
vt -0.2675 0.2835
vt -0.2793 0.2784
vt -0.2793 0.2767
vt -0.2793 0.2209
vt -0.2675 0.2167
vt -0.2675 0.2167
vt -0.2675 0.2818
vt -0.2793 0.2767
vt -0.2793 0.2765
vt -0.2793 0.2195
vt -0.2675 0.2156
vt -0.2675 0.2156
vt -0.2674 0.2822
vt -0.2793 0.2765
vt -0.2793 0.278
vt -0.2793 0.221
vt -0.2675 0.2154
vt -0.2675 0.2154
vt -0.2675 0.2819
vt -0.2793 0.278
vt -0.2793 0.2759
vt -0.2793 0.2201
vt -0.2675 0.215
vt -0.2675 0.215
vt -0.2675 0.2801
vt -0.2793 0.2759
vt -0.2851 0.2234
vt -0.2851 0.2791
vt -0.2793 0.2814
vt -0.2793 0.2814
vt -0.2793 0.2211
vt -0.2851 0.2234
vt -0.2851 0.2736
vt -0.2851 0.2225
vt -0.2793 0.2201
vt -0.2793 0.2759
vt -0.2851 0.2759
vt -0.2851 0.2238
vt -0.2793 0.221
vt -0.2793 0.278
vt -0.2851 0.2738
vt -0.2851 0.2216
vt -0.2793 0.2195
vt -0.2793 0.2765
vt -0.2851 0.2743
vt -0.2851 0.2232
vt -0.2793 0.2209
vt -0.2793 0.2209
vt -0.2793 0.2767
vt -0.2851 0.2743
vt -0.2851 0.276
vt -0.2851 0.2204
vt -0.2793 0.2182
vt -0.2793 0.2182
vt -0.2793 0.2784
vt -0.2851 0.276
vt -0.2852 0.2767
vt -0.2851 0.2222
vt -0.2793 0.2189
vt -0.2793 0.2787
vt -0.2851 0.2715
vt -0.2851 0.2171
vt -0.2793 0.2151
vt -0.2793 0.2749
vt -0.2616 0.2885
vt -0.2616 0.2124
vt -0.2675 0.2147
vt -0.2675 0.2147
vt -0.2674 0.2862
vt -0.2616 0.2885
vt -0.2616 0.211
vt -0.2616 0.2855
vt -0.2674 0.2821
vt -0.2674 0.2821
vt -0.2674 0.2129
vt -0.2616 0.211
vt -0.2616 0.2084
vt -0.2616 0.2829
vt -0.2675 0.2809
vt -0.2675 0.2809
vt -0.2675 0.2117
vt -0.2616 0.2084
vt -0.2616 0.2098
vt -0.2616 0.2859
vt -0.2675 0.2835
vt -0.2675 0.2835
vt -0.2675 0.212
vt -0.2616 0.2098
vt -0.2616 0.2144
vt -0.2616 0.2842
vt -0.2675 0.2818
vt -0.2675 0.2167
vt -0.2616 0.2136
vt -0.2616 0.2849
vt -0.2674 0.2822
vt -0.2674 0.2822
vt -0.2675 0.2156
vt -0.2616 0.2136
vt -0.2616 0.2126
vt -0.2616 0.284
vt -0.2675 0.2819
vt -0.2675 0.2819
vt -0.2675 0.2154
vt -0.2616 0.2126
vt -0.2616 0.2126
vt -0.2616 0.2825
vt -0.2675 0.2801
vt -0.2675 0.215
vt -0.2793 0.2211
vt -0.2793 0.2814
vt -0.2674 0.2862
vt -0.2674 0.2862
vt -0.2675 0.2147
vt -0.2793 0.2211
vt -0.2793 0.2749
vt -0.2793 0.2151
vt -0.2674 0.2129
vt -0.2674 0.2129
vt -0.2674 0.2821
vt -0.2793 0.2749
vt -0.2793 0.2787
vt -0.2793 0.2189
vt -0.2675 0.2117
vt -0.2675 0.2117
vt -0.2675 0.2809
vt -0.2793 0.2787
vt -0.2793 0.2784
vt -0.2793 0.2182
vt -0.2675 0.212
vt -0.2675 0.212
vt -0.2675 0.2835
vt -0.2793 0.2784
vt -0.2793 0.2767
vt -0.2793 0.2209
vt -0.2675 0.2167
vt -0.2675 0.2167
vt -0.2675 0.2818
vt -0.2793 0.2767
vt -0.2793 0.2765
vt -0.2793 0.2195
vt -0.2675 0.2156
vt -0.2675 0.2156
vt -0.2674 0.2822
vt -0.2793 0.2765
vt -0.2793 0.278
vt -0.2793 0.221
vt -0.2675 0.2154
vt -0.2675 0.2154
vt -0.2675 0.2819
vt -0.2793 0.278
vt -0.2793 0.2759
vt -0.2793 0.2201
vt -0.2675 0.215
vt -0.2675 0.215
vt -0.2675 0.2801
vt -0.2793 0.2759
vt -0.2851 0.2234
vt -0.2851 0.2791
vt -0.2793 0.2814
vt -0.2793 0.2814
vt -0.2793 0.2211
vt -0.2851 0.2234
vt -0.2851 0.2736
vt -0.2851 0.2225
vt -0.2793 0.2201
vt -0.2793 0.2201
vt -0.2793 0.2759
vt -0.2851 0.2736
vt -0.2851 0.2759
vt -0.2851 0.2238
vt -0.2793 0.221
vt -0.2793 0.221
vt -0.2793 0.278
vt -0.2851 0.2759
vt -0.2851 0.2738
vt -0.2851 0.2216
vt -0.2793 0.2195
vt -0.2793 0.2195
vt -0.2793 0.2765
vt -0.2851 0.2738
vt -0.2851 0.2743
vt -0.2851 0.2232
vt -0.2793 0.2209
vt -0.2793 0.2209
vt -0.2793 0.2767
vt -0.2851 0.2743
vt -0.2851 0.276
vt -0.2851 0.2204
vt -0.2793 0.2182
vt -0.2793 0.2182
vt -0.2793 0.2784
vt -0.2851 0.276
vt -0.2852 0.2767
vt -0.2851 0.2222
vt -0.2793 0.2189
vt -0.2793 0.2189
vt -0.2793 0.2787
vt -0.2852 0.2767
vt -0.2851 0.2715
vt -0.2851 0.2171
vt -0.2793 0.2151
vt -0.2793 0.2151
vt -0.2793 0.2749
vt -0.2851 0.2715
vt -0.2616 0.2885
vt -0.2616 0.2124
vt -0.2675 0.2147
vt -0.2675 0.2147
vt -0.2674 0.2862
vt -0.2616 0.2885
vt -0.2616 0.211
vt -0.2616 0.2855
vt -0.2674 0.2821
vt -0.2674 0.2821
vt -0.2674 0.2129
vt -0.2616 0.211
vt -0.2616 0.2084
vt -0.2616 0.2829
vt -0.2675 0.2809
vt -0.2675 0.2809
vt -0.2675 0.2117
vt -0.2616 0.2084
vt -0.2616 0.2098
vt -0.2616 0.2859
vt -0.2675 0.2835
vt -0.2675 0.2835
vt -0.2675 0.212
vt -0.2616 0.2098
vt -0.2616 0.2144
vt -0.2616 0.2842
vt -0.2675 0.2818
vt -0.2675 0.2818
vt -0.2675 0.2167
vt -0.2616 0.2144
vt -0.2616 0.2136
vt -0.2616 0.2849
vt -0.2674 0.2822
vt -0.2674 0.2822
vt -0.2675 0.2156
vt -0.2616 0.2136
vt -0.2616 0.2126
vt -0.2616 0.284
vt -0.2675 0.2819
vt -0.2675 0.2819
vt -0.2675 0.2154
vt -0.2616 0.2126
vt -0.2616 0.2126
vt -0.2616 0.2825
vt -0.2675 0.2801
vt -0.2675 0.2801
vt -0.2675 0.215
vt -0.2616 0.2126
vt 0.9973 0.8312
vt 0.9973 0.85
vt 0.4038 0.85
vt 0.4038 0.8312
vt 0.9973 0.9101
vt 0.4038 0.9101
vt 0.4038 0.9347
vt 0.9973 0.9347
vt 0.9973 0.9976
vt 0.4038 0.9976
vt 0.4038 0.8312
vt 0.4038 0.85
vt 0.9973 0.85
vt 0.9973 0.8312
vt 0.9973 0.91
vt 0.9973 0.9347
vt 0.4038 0.9347
vt 0.4038 0.91
vt 0.9973 0.9101
vt 0.4038 0.9101
vt 0.4038 0.8498
vt 0.9973 0.8498
vt 0.4038 0.9347
vt 0.9973 0.9347
vt 0.4038 0.8312
vt 0.9973 0.8312
vt 0.4038 0.9974
vt 0.9973 0.9974
vt 0.9973 0.9975
vt 0.7005 0.9975
vt 0.4038 0.9975
vt 0.8259 0.8312
vt 0.8259 0.85
vt 0.4038 0.85
vt 0.4038 0.8312
vt 0.7976 0.9101
vt 0.4038 0.9101
vt 0.4038 0.9347
vt 0.7976 0.9347
vt 0.7693 0.9976
vt 0.4038 0.9976
vt 0.6318 0.8312
vt 0.6318 0.85
vt 0.9973 0.85
vt 0.9973 0.8312
vt 0.6845 0.91
vt 0.6845 0.9347
vt 0.4038 0.9347
vt 0.4038 0.91
vt 0.66 0.9101
vt 0.9973 0.9101
vt 0.4038 0.9972
vt 0.6564 0.9972
vt 0.6563 0.9975
vt 0.4038 0.9975
vt 0.4038 0.8498
vt 0.7128 0.8498
vt 0.9973 0.9347
vt 0.66 0.9347
vt 0.6883 0.9974
vt 0.9973 0.9974
vt 0.4038 0.8312
vt 0.7128 0.8312
vt 0.4038 0.8312
vt 0.4038 0.85
vt 0.4038 0.9101
vt 0.4038 0.9347
vt 0.8969 0.9101
vt 0.8969 0.9347
vt 0.555 0.8312
vt 0.555 0.8498
vt 0.4038 0.9347
vt 0.795 0.9347
vt 0.795 0.9101
vt 0.4038 0.9101
vt 0.9973 0.8498
vt 0.6312 0.8498
vt 0.6312 0.8312
vt 0.9973 0.8312
vt 0.9973 0.8312
vt 0.9973 0.85
vt 0.5307 0.85
vt 0.5307 0.8312
vt 0.9973 0.9101
vt 0.5558 0.9101
vt 0.9973 0.9347
vt 0.9973 0.9976
vt 0.5809 0.9976
vt 0.5558 0.9347
vt 0.4038 0.8312
vt 0.4038 0.85
vt 0.8201 0.85
vt 0.8201 0.8312
vt 0.9973 0.91
vt 0.9973 0.9347
vt 0.6563 0.9347
vt 0.6563 0.91
vt 0.9973 0.9971
vt 0.6812 0.9971
vt 0.4038 0.9974
vt 0.7699 0.9974
vt 0.9973 0.8312
vt 0.9973 0.85
vt 0.9839 0.9101
vt 0.9973 0.8968
vt 0.9233 0.9976
vt 0.9839 0.9347
vt 0.4778 0.85
vt 0.4778 0.8312
vt 0.7414 0.9347
vt 0.7414 0.91
vt 0.5384 0.9101
vt 0.802 0.8498
vt 0.599 0.9974
vt 0.5384 0.9347
vt 0.4533 0.9976
vt 0.9478 0.8312
vt 0.9478 0.85
vt 0.6059 0.91
vt 0.6059 0.9347
vt 0.8461 0.9974
vt 0.9973 0.9975
vt 0.6814 0.9975
vt 0.802 0.8312
f 193/193/193 195/195/195 194/194/194
f 195/195/195 193/193/193 196/196/196
f 195/195/195 197/197/197 194/194/194
f 197/197/197 195/195/195 198/198/198
f 199/199/199 201/201/201 200/200/200
f 201/201/201 199/199/199 202/202/202
f 197/197/197 199/199/199 200/200/200
f 199/199/199 197/197/197 198/198/198
f 203/203/203 205/205/205 204/204/204
f 205/205/205 203/203/203 206/206/206
f 207/207/207 209/209/209 208/208/208
f 209/209/209 207/207/207 210/210/210
f 205/205/205 211/211/211 204/204/204
f 211/211/211 205/205/205 212/212/212
f 213/213/213 215/215/215 214/214/214
f 215/215/215 213/213/213 216/216/216
f 217/217/217 207/207/207 218/218/218
f 207/207/207 217/217/217 210/210/210
f 219/219/219 221/221/221 220/220/220
f 221/221/221 219/219/219 222/222/222
f 219/219/219 211/211/211 212/212/212
f 211/211/211 219/219/219 220/220/220
f 217/217/217 224/224/224 223/223/223
f 224/224/224 217/217/217 218/218/218
f 193/193/193 226/226/226 225/225/225
f 226/226/226 193/193/193 194/194/194
f 226/226/226 197/197/197 227/227/227
f 197/197/197 226/226/226 194/194/194
f 197/197/197 228/228/228 227/227/227
f 228/228/228 197/197/197 200/200/200
f 211/211/211 230/230/230 229/229/229
f 230/230/230 211/211/211 220/220/220
f 224/224/224 232/232/232 231/231/231
f 232/232/232 224/224/224 218/218/218
f 233/233/233 235/235/235 234/234/234
f 235/235/235 233/233/233 236/236/236
f 237/237/237 239/239/239 238/238/238
f 239/239/239 237/237/237 240/240/240
f 241/241/241 243/243/243 242/242/242
f 243/243/243 241/241/241 244/244/244
f 242/242/242 246/246/246 245/245/245
f 246/246/246 242/242/242 243/243/243
f 247/247/247 249/249/249 248/248/248
f 249/249/249 247/247/247 250/250/250
f 245/245/245 250/250/250 247/247/247
f 250/250/250 245/245/245 246/246/246
f 251/251/251 253/253/253 252/252/252
f 253/253/253 251/251/251 254/254/254
f 255/255/255 257/257/257 256/256/256
f 257/257/257 255/255/255 258/258/258
f 252/252/252 235/235/235 236/236/236
f 235/235/235 252/252/252 253/253/253
f 256/256/256 260/260/260 259/259/259
f 260/260/260 256/256/256 257/257/257
f 237/237/237 258/258/258 255/255/255
f 258/258/258 237/237/237 238/238/238
f 233/233/233 262/262/262 261/261/261
f 262/262/262 233/233/233 234/234/234
f 263/263/263 243/243/243 244/244/244
f 243/243/243 263/263/263 264/264/264
f 246/246/246 266/266/266 265/265/265
f 246/246/246 264/264/264 266/266/266
f 243/243/243 264/264/264 246/246/246
f 250/250/250 267/267/267 249/249/249
f 267/267/267 250/250/250 268/268/268
f 250/250/250 265/265/265 268/268/268
f 265/265/265 250/250/250 246/246/246
f 253/253/253 270/270/270 269/269/269
f 270/270/270 253/253/253 254/254/254
f 257/257/257 272/272/272 271/271/271
f 272/272/272 257/257/257 258/258/258
f 253/253/253 273/273/273 235/235/235
f 273/273/273 253/253/253 269/269/269
f 257/257/257 271/271/271 260/260/260
f 238/238/238 272/272/272 258/258/258
f 272/272/272 238/238/238 274/274/274
f 234/234/234 275/275/275 262/262/262
f 275/275/275 234/234/234 276/276/276
f 209/209/209 214/214/214 208/208/208
f 214/214/214 209/209/209 213/213/213
f 201/201/201 228/228/228 200/200/200
f 228/228/228 201/201/201 277/277/277
f 204/204/204 278/278/278 203/203/203
f 278/278/278 204/204/204 279/279/279
f 208/208/208 280/280/280 207/207/207
f 280/280/280 208/208/208 281/281/281
f 229/229/229 204/204/204 211/211/211
f 204/204/204 229/229/229 279/279/279
f 214/214/214 281/281/281 208/208/208
f 280/280/280 218/218/218 207/207/207
f 218/218/218 280/280/280 232/232/232
f 282/282/282 220/220/220 221/221/221
f 220/220/220 282/282/282 230/230/230
f 283/283/283 260/260/260 284/284/284
f 260/260/260 283/283/283 259/259/259
f 235/235/235 276/276/276 234/234/234
f 276/276/276 235/235/235 273/273/273
f 239/239/239 274/274/274 238/238/238
f 274/274/274 239/239/239 285/285/285
f 286/286/286 288/288/288 287/287/287
f 288/288/288 286/286/286 289/289/289
f 288/288/288 290/290/290 287/287/287
f 290/290/290 288/288/288 291/291/291
f 292/292/292 294/294/294 293/293/293
f 294/294/294 292/292/292 295/295/295
f 290/290/290 292/292/292 293/293/293
f 292/292/292 290/290/290 291/291/291
f 296/296/296 298/298/298 297/297/297
f 298/298/298 296/296/296 299/299/299
f 300/300/300 302/302/302 301/301/301
f 302/302/302 300/300/300 303/303/303
f 304/304/304 297/297/297 298/298/298
f 297/297/297 304/304/304 305/305/305
f 306/306/306 300/300/300 307/307/307
f 300/300/300 306/306/306 303/303/303
f 305/305/305 309/309/309 308/308/308
f 309/309/309 305/305/305 304/304/304
f 307/307/307 310/310/310 306/306/306
f 310/310/310 307/307/307 311/311/311
f 309/309/309 312/312/312 308/308/308
f 312/312/312 309/309/309 313/313/313
f 302/302/302 314/314/314 301/301/301
f 302/302/302 315/315/315 314/314/314
f 316/316/316 315/315/315 302/302/302
f 317/317/317 319/319/319 318/318/318
f 319/319/319 317/317/317 320/320/320
f 318/318/318 322/322/322 321/321/321
f 322/322/322 318/318/318 319/319/319
f 320/320/320 323/323/323 319/319/319
f 323/323/323 320/320/320 324/324/324
f 319/319/319 325/325/325 322/322/322
f 325/325/325 319/319/319 326/326/326
f 327/327/327 329/329/329 328/328/328
f 329/329/329 327/327/327 330/330/330
f 331/331/331 330/330/330 327/327/327
f 330/330/330 331/331/331 332/332/332
f 333/333/333 335/335/335 334/334/334
f 335/335/335 333/333/333 336/336/336
f 337/337/337 339/339/339 338/338/338
f 339/339/339 337/337/337 340/340/340
f 336/336/336 341/341/341 335/335/335
f 341/341/341 336/336/336 342/342/342
f 340/340/340 343/343/343 339/339/339
f 343/343/343 340/340/340 344/344/344
f 342/342/342 345/345/345 341/341/341
f 345/345/345 342/342/342 346/346/346
f 344/344/344 347/347/347 343/343/343
f 347/347/347 344/344/344 348/348/348
f 317/317/317 349/349/349 320/320/320
f 349/349/349 317/317/317 350/350/350
f 320/320/320 352/352/352 351/351/351
f 352/352/352 320/320/320 349/349/349
f 353/353/353 355/355/355 354/354/354
f 356/356/356 358/358/358 357/357/357
f 358/358/358 356/356/356 359/359/359
f 357/357/357 361/361/361 360/360/360
f 361/361/361 357/357/357 358/358/358
f 360/360/360 363/363/363 362/362/362
f 363/363/363 360/360/360 361/361/361
f 364/364/364 363/363/363 365/365/365
f 363/363/363 364/364/364 362/362/362
f 366/366/366 368/368/368 367/367/367
f 368/368/368 366/366/366 327/327/327
f 369/369/369 330/330/330 370/370/370
f 330/330/330 369/369/369 371/371/371
f 372/372/372 327/327/327 366/366/366
f 327/327/327 372/372/372 331/331/331
f 370/370/370 332/332/332 373/373/373
f 332/332/332 370/370/370 330/330/330
f 374/374/374 376/376/376 375/375/375
f 354/354/354 355/355/355 374/374/374
f 377/377/377 347/347/347 348/348/348
f 378/378/378 345/345/345 346/346/346
f 374/374/374 355/355/355 376/376/376
f 379/379/379 381/381/381 380/380/380
f 381/381/381 379/379/379 382/382/382
f 382/382/382 322/322/322 381/381/381
f 322/322/322 382/382/382 321/321/321
f 380/380/380 384/384/384 383/383/383
f 384/384/384 380/380/380 381/381/381
f 381/381/381 325/325/325 385/385/385
f 325/325/325 381/381/381 322/322/322
f 386/386/386 388/388/388 387/387/387
f 388/388/388 386/386/386 389/389/389
f 331/331/331 387/387/387 332/332/332
f 387/387/387 331/331/331 386/386/386
f 390/390/390 392/392/392 391/391/391
f 392/392/392 390/390/390 393/393/393
f 394/394/394 339/339/339 395/395/395
f 339/339/339 394/394/394 338/338/338
f 391/391/391 397/397/397 396/396/396
f 397/397/397 391/391/391 392/392/392
f 395/395/395 343/343/343 398/398/398
f 343/343/343 395/395/395 339/339/339
f 396/396/396 400/400/400 399/399/399
f 400/400/400 396/396/396 397/397/397
f 398/398/398 347/347/347 401/401/401
f 347/347/347 398/398/398 343/343/343
f 379/379/379 403/403/403 402/402/402
f 403/403/403 379/379/379 380/380/380
f 380/380/380 404/404/404 403/403/403
f 404/404/404 380/380/380 405/405/405
f 406/406/406 408/408/408 407/407/407
f 409/409/409 411/411/411 410/410/410
f 411/411/411 409/409/409 412/412/412
f 412/412/412 413/413/413 411/411/411
f 413/413/413 412/412/412 414/414/414
f 414/414/414 415/415/415 413/413/413
f 415/415/415 414/414/414 416/416/416
f 364/364/364 415/415/415 416/416/416
f 415/415/415 364/364/364 365/365/365
f 417/417/417 418/418/418 386/386/386
f 418/418/418 417/417/417 419/419/419
f 420/420/420 387/387/387 421/421/421
f 387/387/387 420/420/420 422/422/422
f 372/372/372 386/386/386 331/331/331
f 386/386/386 372/372/372 417/417/417
f 422/422/422 332/332/332 387/387/387
f 332/332/332 422/422/422 373/373/373
f 423/423/423 425/425/425 424/424/424
f 408/408/408 423/423/423 407/407/407
f 377/377/377 401/401/401 347/347/347
f 378/378/378 399/399/399 400/400/400
f 423/423/423 424/424/424 407/407/407
f 426/426/426 428/428/428 427/427/427
f 428/428/428 426/426/426 429/429/429
f 427/427/427 431/431/431 430/430/430
f 431/431/431 427/427/427 428/428/428
f 429/429/429 432/432/432 428/428/428
f 432/432/432 429/429/429 433/433/433
f 428/428/428 434/434/434 431/431/431
f 434/434/434 428/428/428 435/435/435
f 436/436/436 438/438/438 437/437/437
f 438/438/438 436/436/436 439/439/439
f 440/440/440 439/439/439 436/436/436
f 439/439/439 440/440/440 441/441/441
f 442/442/442 444/444/444 443/443/443
f 444/444/444 442/442/442 445/445/445
f 446/446/446 448/448/448 447/447/447
f 448/448/448 446/446/446 449/449/449
f 445/445/445 450/450/450 444/444/444
f 450/450/450 445/445/445 451/451/451
f 449/449/449 452/452/452 448/448/448
f 452/452/452 449/449/449 453/453/453
f 451/451/451 454/454/454 450/450/450
f 454/454/454 451/451/451 455/455/455
f 453/453/453 456/456/456 452/452/452
f 456/456/456 453/453/453 457/457/457
f 426/426/426 458/458/458 429/429/429
f 458/458/458 426/426/426 459/459/459
f 429/429/429 461/461/461 460/460/460
f 461/461/461 429/429/429 458/458/458
f 462/462/462 464/464/464 463/463/463
f 465/465/465 467/467/467 466/466/466
f 467/467/467 465/465/465 468/468/468
f 466/466/466 470/470/470 469/469/469
f 470/470/470 466/466/466 467/467/467
f 469/469/469 472/472/472 471/471/471
f 472/472/472 469/469/469 470/470/470
f 473/473/473 472/472/472 474/474/474
f 472/472/472 473/473/473 471/471/471
f 475/475/475 477/477/477 476/476/476
f 477/477/477 475/475/475 436/436/436
f 478/478/478 439/439/439 479/479/479
f 439/439/439 478/478/478 480/480/480
f 481/481/481 436/436/436 475/475/475
f 436/436/436 481/481/481 440/440/440
f 479/479/479 441/441/441 482/482/482
f 441/441/441 479/479/479 439/439/439
f 483/483/483 485/485/485 484/484/484
f 463/463/463 464/464/464 483/483/483
f 486/486/486 456/456/456 457/457/457
f 487/487/487 454/454/454 455/455/455
f 483/483/483 464/464/464 485/485/485
f 488/488/488 490/490/490 489/489/489
f 490/490/490 488/488/488 491/491/491
f 491/491/491 431/431/431 490/490/490
f 431/431/431 491/491/491 430/430/430
f 489/489/489 493/493/493 492/492/492
f 493/493/493 489/489/489 490/490/490
f 490/490/490 434/434/434 494/494/494
f 434/434/434 490/490/490 431/431/431
f 495/495/495 497/497/497 496/496/496
f 497/497/497 495/495/495 498/498/498
f 440/440/440 496/496/496 441/441/441
f 496/496/496 440/440/440 495/495/495
f 499/499/499 501/501/501 500/500/500
f 501/501/501 499/499/499 502/502/502
f 503/503/503 448/448/448 504/504/504
f 448/448/448 503/503/503 447/447/447
f 500/500/500 506/506/506 505/505/505
f 506/506/506 500/500/500 501/501/501
f 504/504/504 452/452/452 507/507/507
f 452/452/452 504/504/504 448/448/448
f 505/505/505 509/509/509 508/508/508
f 509/509/509 505/505/505 506/506/506
f 507/507/507 456/456/456 510/510/510
f 456/456/456 507/507/507 452/452/452
f 488/488/488 512/512/512 511/511/511
f 512/512/512 488/488/488 489/489/489
f 489/489/489 513/513/513 512/512/512
f 513/513/513 489/489/489 514/514/514
f 515/515/515 517/517/517 516/516/516
f 518/518/518 520/520/520 519/519/519
f 520/520/520 518/518/518 521/521/521
f 521/521/521 522/522/522 520/520/520
f 522/522/522 521/521/521 523/523/523
f 523/523/523 524/524/524 522/522/522
f 524/524/524 523/523/523 525/525/525
f 473/473/473 524/524/524 525/525/525
f 524/524/524 473/473/473 474/474/474
f 526/526/526 527/527/527 495/495/495
f 527/527/527 526/526/526 528/528/528
f 529/529/529 496/496/496 530/530/530
f 496/496/496 529/529/529 531/531/531
f 481/481/481 495/495/495 440/440/440
f 495/495/495 481/481/481 526/526/526
f 531/531/531 441/441/441 496/496/496
f 441/441/441 531/531/531 482/482/482
f 532/532/532 534/534/534 533/533/533
f 517/517/517 532/532/532 516/516/516
f 486/486/486 510/510/510 456/456/456
f 487/487/487 508/508/508 509/509/509
f 532/532/532 533/533/533 516/516/516
f 535/535/535 537/537/537 536/536/536
f 537/537/537 535/535/535 538/538/538
f 539/539/539 541/541/541 540/540/540
f 541/541/541 539/539/539 542/542/542
f 543/543/543 545/545/545 544/544/544
f 545/545/545 543/543/543 546/546/546
f 547/547/547 537/537/537 548/548/548
f 537/537/537 547/547/547 536/536/536
f 549/549/549 551/551/551 550/550/550
f 551/551/551 549/549/549 552/552/552
f 553/553/553 555/555/555 554/554/554
f 556/556/556 558/558/558 557/557/557
f 559/559/559 561/561/561 560/560/560
f 561/561/561 559/559/559 562/562/562
f 563/563/563 565/565/565 564/564/564
f 565/565/565 563/563/563 566/566/566
f 567/567/567 569/569/569 568/568/568
f 569/569/569 567/567/567 570/570/570
f 571/571/571 573/573/573 572/572/572
f 573/573/573 571/571/571 574/574/574
f 575/575/575 577/577/577 576/576/576
f 578/578/578 580/580/580 579/579/579
f 581/581/581 583/583/583 582/582/582
f 583/583/583 581/581/581 584/584/584
f 585/585/585 587/587/587 586/586/586
f 588/588/588 587/587/587 585/585/585
f 588/588/588 589/589/589 587/587/587
f 588/588/588 590/590/590 589/589/589
f 591/591/591 593/593/593 592/592/592
f 593/593/593 595/595/595 594/594/594
f 591/591/591 595/595/595 593/593/593
f 596/596/596 598/598/598 597/597/597
f 598/598/598 596/596/596 599/599/599
f 600/600/600 602/602/602 601/601/601
f 603/603/603 605/605/605 604/604/604
f 606/606/606 608/608/608 607/607/607
f 608/608/608 606/606/606 609/609/609
f 610/610/610 612/612/612 611/611/611
f 613/613/613 615/615/615 614/614/614
f 616/616/616 618/618/618 617/617/617
f 619/619/619 621/621/621 620/620/620
f 622/622/622 624/624/624 623/623/623
f 624/624/624 622/622/622 625/625/625
f 626/626/626 628/628/628 627/627/627
f 629/629/629 631/631/631 630/630/630
f 632/632/632 634/634/634 633/633/633
f 635/635/635 637/637/637 636/636/636
f 638/638/638 640/640/640 639/639/639
f 640/640/640 638/638/638 641/641/641
f 642/642/642 644/644/644 643/643/643
f 644/644/644 642/642/642 645/645/645
f 646/646/646 648/648/648 647/647/647
f 649/649/649 651/651/651 650/650/650
f 651/651/651 649/649/649 652/652/652
f 653/653/653 655/655/655 654/654/654
f 656/656/656 658/658/658 657/657/657
f 659/659/659 661/661/661 660/660/660
f 662/662/662 664/664/664 663/663/663
f 665/665/665 667/667/667 666/666/666
f 668/668/668 670/670/670 669/669/669
f 671/671/671 673/673/673 672/672/672
f 674/674/674 676/676/676 675/675/675
f 677/677/677 679/679/679 678/678/678
f 680/680/680 682/682/682 681/681/681
f 683/683/683 685/685/685 684/684/684
f 686/686/686 688/688/688 687/687/687
f 689/689/689 691/691/691 690/690/690
f 692/692/692 694/694/694 693/693/693
f 695/695/695 697/697/697 696/696/696
f 698/698/698 700/700/700 699/699/699
f 701/701/701 703/703/703 702/702/702
f 704/704/704 706/706/706 705/705/705
f 707/707/707 709/709/709 708/708/708
f 710/710/710 712/712/712 711/711/711
f 713/713/713 715/715/715 714/714/714
f 716/716/716 718/718/718 717/717/717
f 719/719/719 721/721/721 720/720/720
f 722/722/722 724/724/724 723/723/723
f 725/725/725 727/727/727 726/726/726
f 728/728/728 730/730/730 729/729/729
f 731/731/731 733/733/733 732/732/732
f 734/734/734 736/736/736 735/735/735
f 737/737/737 739/739/739 738/738/738
f 739/739/739 737/737/737 646/646/646
f 740/740/740 742/742/742 741/741/741
f 742/742/742 740/740/740 743/743/743
f 744/744/744 746/746/746 745/745/745
f 746/746/746 744/744/744 747/747/747
f 646/646/646 737/737/737 648/648/648
f 748/748/748 750/750/750 749/749/749
f 750/750/750 748/748/748 751/751/751
f 752/752/752 754/754/754 753/753/753
f 754/754/754 752/752/752 755/755/755
f 756/756/756 758/758/758 757/757/757
f 758/758/758 756/756/756 759/759/759
f 760/760/760 750/750/750 751/751/751
f 750/750/750 760/760/760 761/761/761
f 762/762/762 764/764/764 763/763/763
f 764/764/764 762/762/762 765/765/765
f 766/766/766 768/768/768 767/767/767
f 769/769/769 771/771/771 770/770/770
f 772/772/772 774/774/774 773/773/773
f 774/774/774 772/772/772 775/775/775
f 776/776/776 778/778/778 777/777/777
f 778/778/778 776/776/776 779/779/779
f 780/780/780 782/782/782 781/781/781
f 782/782/782 780/780/780 783/783/783
f 784/784/784 786/786/786 785/785/785
f 786/786/786 784/784/784 787/787/787
f 788/788/788 790/790/790 789/789/789
f 791/791/791 793/793/793 792/792/792
f 794/794/794 796/796/796 795/795/795
f 796/796/796 794/794/794 797/797/797
f 798/798/798 800/800/800 799/799/799
f 798/798/798 801/801/801 800/800/800
f 801/801/801 803/803/803 802/802/802
f 798/798/798 803/803/803 801/801/801
f 804/804/804 806/806/806 805/805/805
f 807/807/807 806/806/806 804/804/804
f 807/807/807 808/808/808 806/806/806
f 809/809/809 811/811/811 810/810/810
f 811/811/811 809/809/809 812/812/812
f 813/813/813 815/815/815 814/814/814
f 816/816/816 818/818/818 817/817/817
f 819/819/819 821/821/821 820/820/820
f 821/821/821 819/819/819 822/822/822
f 823/823/823 825/825/825 824/824/824
f 826/826/826 828/828/828 827/827/827
f 829/829/829 831/831/831 830/830/830
f 832/832/832 834/834/834 833/833/833
f 835/835/835 837/837/837 836/836/836
f 837/837/837 835/835/835 838/838/838
f 839/839/839 841/841/841 840/840/840
f 842/842/842 844/844/844 843/843/843
f 845/845/845 847/847/847 846/846/846
f 848/848/848 850/850/850 849/849/849
f 851/851/851 853/853/853 852/852/852
f 853/853/853 851/851/851 854/854/854
f 855/855/855 857/857/857 856/856/856
f 857/857/857 855/855/855 858/858/858
f 859/859/859 861/861/861 860/860/860
f 862/862/862 864/864/864 863/863/863
f 864/864/864 862/862/862 865/865/865
f 866/866/866 868/868/868 867/867/867
f 869/869/869 871/871/871 870/870/870
f 872/872/872 874/874/874 873/873/873
f 875/875/875 877/877/877 876/876/876
f 878/878/878 880/880/880 879/879/879
f 881/881/881 883/883/883 882/882/882
f 884/884/884 886/886/886 885/885/885
f 887/887/887 889/889/889 888/888/888
f 890/890/890 892/892/892 891/891/891
f 893/893/893 895/895/895 894/894/894
f 896/896/896 898/898/898 897/897/897
f 899/899/899 901/901/901 900/900/900
f 902/902/902 904/904/904 903/903/903
f 905/905/905 907/907/907 906/906/906
f 908/908/908 910/910/910 909/909/909
f 911/911/911 913/913/913 912/912/912
f 914/914/914 916/916/916 915/915/915
f 917/917/917 919/919/919 918/918/918
f 920/920/920 922/922/922 921/921/921
f 923/923/923 925/925/925 924/924/924
f 926/926/926 928/928/928 927/927/927
f 929/929/929 931/931/931 930/930/930
f 932/932/932 934/934/934 933/933/933
f 935/935/935 937/937/937 936/936/936
f 938/938/938 940/940/940 939/939/939
f 941/941/941 943/943/943 942/942/942
f 944/944/944 946/946/946 945/945/945
f 947/947/947 949/949/949 948/948/948
f 950/950/950 739/739/739 859/859/859
f 739/739/739 950/950/950 738/738/738
f 951/951/951 953/953/953 952/952/952
f 953/953/953 951/951/951 954/954/954
f 955/955/955 957/957/957 956/956/956
f 957/957/957 955/955/955 958/958/958
f 859/859/859 860/860/860 950/950/950
f 959/959/959 961/961/961 960/960/960
f 961/961/961 959/959/959 962/962/962
f 963/963/963 965/965/965 964/964/964
f 965/965/965 963/963/963 966/966/966
f 967/967/967 969/969/969 968/968/968
f 969/969/969 967/967/967 970/970/970
f 971/971/971 973/973/973 972/972/972
f 973/973/973 971/971/971 974/974/974
f 975/975/975 977/977/977 976/976/976
f 977/977/977 975/975/975 978/978/978
f 979/979/979 981/981/981 980/980/980
f 981/981/981 979/979/979 982/982/982
f 983/983/983 985/985/985 984/984/984
f 985/985/985 983/983/983 986/986/986
f 987/987/987 989/989/989 988/988/988
f 989/989/989 987/987/987 990/990/990
f 991/991/991 993/993/993 992/992/992
f 993/993/993 991/991/991 994/994/994
f 995/995/995 997/997/997 996/996/996
f 998/998/998 1000/1000/1000 999/999/999
f 1001/1001/1001 1003/1003/1003 1002/1002/1002
f 1004/1004/1004 1006/1006/1006 1005/1005/1005
f 1007/1007/1007 1009/1009/1009 1008/1008/1008
f 1009/1009/1009 1007/1007/1007 1010/1010/1010
f 1011/1011/1011 651/651/651 652/652/652
f 651/651/651 1011/1011/1011 1012/1012/1012
f 1013/1013/1013 1015/1015/1015 1014/1014/1014
f 655/655/655 1016/1016/1016 654/654/654
f 1017/1017/1017 1019/1019/1019 1018/1018/1018
f 1020/1020/1020 1022/1022/1022 1021/1021/1021
f 1023/1023/1023 1025/1025/1025 1024/1024/1024
f 1026/1026/1026 1028/1028/1028 1027/1027/1027
f 1029/1029/1029 1031/1031/1031 1030/1030/1030
f 1032/1032/1032 1034/1034/1034 1033/1033/1033
f 1035/1035/1035 1037/1037/1037 1036/1036/1036
f 1038/1038/1038 1040/1040/1040 1039/1039/1039
f 1041/1041/1041 1043/1043/1043 1042/1042/1042
f 1044/1044/1044 1046/1046/1046 1045/1045/1045
f 1047/1047/1047 1049/1049/1049 1048/1048/1048
f 1050/1050/1050 1052/1052/1052 1051/1051/1051
f 1053/1053/1053 1055/1055/1055 1054/1054/1054
f 1056/1056/1056 1058/1058/1058 1057/1057/1057
f 1059/1059/1059 1061/1061/1061 1060/1060/1060
f 1062/1062/1062 1064/1064/1064 1063/1063/1063
f 1065/1065/1065 1067/1067/1067 1066/1066/1066
f 1068/1068/1068 1070/1070/1070 1069/1069/1069
f 1071/1071/1071 1073/1073/1073 1072/1072/1072
f 1074/1074/1074 1076/1076/1076 1075/1075/1075
f 1076/1076/1076 1074/1074/1074 1077/1077/1077
f 1078/1078/1078 1080/1080/1080 1079/1079/1079
f 1080/1080/1080 1078/1078/1078 1081/1081/1081
f 1082/1082/1082 1084/1084/1084 1083/1083/1083
f 1085/1085/1085 1087/1087/1087 1086/1086/1086
f 1088/1088/1088 1090/1090/1090 1089/1089/1089
f 1090/1090/1090 1088/1088/1088 1091/1091/1091
f 1092/1092/1092 864/864/864 1093/1093/1093
f 864/864/864 1092/1092/1092 863/863/863
f 1094/1094/1094 869/869/869 870/870/870
f 1095/1095/1095 1097/1097/1097 1096/1096/1096
f 1098/1098/1098 1100/1100/1100 1099/1099/1099
f 1101/1101/1101 1103/1103/1103 1102/1102/1102
f 1104/1104/1104 1106/1106/1106 1105/1105/1105
f 1107/1107/1107 1109/1109/1109 1108/1108/1108
f 1110/1110/1110 1112/1112/1112 1111/1111/1111
f 1113/1113/1113 1115/1115/1115 1114/1114/1114
f 1116/1116/1116 1118/1118/1118 1117/1117/1117
f 1119/1119/1119 1121/1121/1121 1120/1120/1120
f 1122/1122/1122 1124/1124/1124 1123/1123/1123
f 1125/1125/1125 1127/1127/1127 1126/1126/1126
f 571/571/571 1129/1129/1129 1128/1128/1128
f 1129/1129/1129 571/571/571 572/572/572
f 1130/1130/1130 1132/1132/1132 1131/1131/1131
f 1133/1133/1133 1135/1135/1135 1134/1134/1134
f 1136/1136/1136 589/589/589 590/590/590
f 1136/1136/1136 1137/1137/1137 589/589/589
f 1137/1137/1137 1139/1139/1139 1138/1138/1138
f 1136/1136/1136 1139/1139/1139 1137/1137/1137
f 1140/1140/1140 1142/1142/1142 1141/1141/1141
f 1143/1143/1143 1145/1145/1145 1144/1144/1144
f 1146/1146/1146 1148/1148/1148 1147/1147/1147
f 1148/1148/1148 1146/1146/1146 1149/1149/1149
f 784/784/784 1150/1150/1150 787/787/787
f 1150/1150/1150 784/784/784 1151/1151/1151
f 1152/1152/1152 1154/1154/1154 1153/1153/1153
f 1155/1155/1155 1157/1157/1157 1156/1156/1156
f 1158/1158/1158 1160/1160/1160 1159/1159/1159
f 1161/1161/1161 1160/1160/1160 1158/1158/1158
f 1161/1161/1161 800/800/800 1160/1160/1160
f 1161/1161/1161 799/799/799 800/800/800
f 1162/1162/1162 1164/1164/1164 1163/1163/1163
f 1165/1165/1165 1167/1167/1167 1166/1166/1166
f 1168/1168/1168 1170/1170/1170 1169/1169/1169
f 1170/1170/1170 1168/1168/1168 1171/1171/1171
f 1172/1172/1172 1174/1174/1174 1173/1173/1173
f 1175/1175/1175 1177/1177/1177 1176/1176/1176
f 1178/1178/1178 1180/1180/1180 1179/1179/1179
f 1181/1181/1181 1183/1183/1183 1182/1182/1182
f 1184/1184/1184 1186/1186/1186 1185/1185/1185
f 1187/1187/1187 1189/1189/1189 1188/1188/1188
f 1190/1190/1190 1192/1192/1192 1191/1191/1191
f 1193/1193/1193 1195/1195/1195 1194/1194/1194
f 1196/1196/1196 1198/1198/1198 1197/1197/1197
f 1199/1199/1199 1201/1201/1201 1200/1200/1200
f 1202/1202/1202 1204/1204/1204 1203/1203/1203
f 1205/1205/1205 1207/1207/1207 1206/1206/1206
f 1208/1208/1208 1210/1210/1210 1209/1209/1209
f 1211/1211/1211 1213/1213/1213 1212/1212/1212
f 1214/1214/1214 1216/1216/1216 1215/1215/1215
f 1217/1217/1217 1219/1219/1219 1218/1218/1218
f 1220/1220/1220 1222/1222/1222 1221/1221/1221
f 1223/1223/1223 1225/1225/1225 1224/1224/1224
f 1226/1226/1226 1228/1228/1228 1227/1227/1227
f 1229/1229/1229 1231/1231/1231 1230/1230/1230
f 1232/1232/1232 1234/1234/1234 1233/1233/1233
f 1235/1235/1235 1237/1237/1237 1236/1236/1236
f 1238/1238/1238 1240/1240/1240 1239/1239/1239
f 1241/1241/1241 1243/1243/1243 1242/1242/1242
f 1244/1244/1244 1246/1246/1246 1245/1245/1245
f 1247/1247/1247 1249/1249/1249 1248/1248/1248
f 1250/1250/1250 1252/1252/1252 1251/1251/1251
f 1253/1253/1253 1255/1255/1255 1254/1254/1254
f 1256/1256/1256 1258/1258/1258 1257/1257/1257
f 1259/1259/1259 1261/1261/1261 1260/1260/1260
f 1262/1262/1262 1264/1264/1264 1263/1263/1263
f 1265/1265/1265 1267/1267/1267 1266/1266/1266
f 1268/1268/1268 1270/1270/1270 1269/1269/1269
f 1271/1271/1271 1273/1273/1273 1272/1272/1272
f 1274/1274/1274 1276/1276/1276 1275/1275/1275
f 1277/1277/1277 1279/1279/1279 1278/1278/1278
f 1280/1280/1280 1282/1282/1282 1281/1281/1281
f 1283/1283/1283 1285/1285/1285 1284/1284/1284
f 1286/1286/1286 1288/1288/1288 1287/1287/1287
f 1289/1289/1289 1291/1291/1291 1290/1290/1290
f 1292/1292/1292 1294/1294/1294 1293/1293/1293
f 1295/1295/1295 1297/1297/1297 1296/1296/1296
f 1298/1298/1298 1300/1300/1300 1299/1299/1299
f 1301/1301/1301 1303/1303/1303 1302/1302/1302
f 1304/1304/1304 1306/1306/1306 1305/1305/1305
f 1307/1307/1307 1309/1309/1309 1308/1308/1308
f 1310/1310/1310 1312/1312/1312 1311/1311/1311
f 1313/1313/1313 1315/1315/1315 1314/1314/1314
f 1316/1316/1316 1318/1318/1318 1317/1317/1317
f 1319/1319/1319 1321/1321/1321 1320/1320/1320
f 1322/1322/1322 1324/1324/1324 1323/1323/1323
f 1325/1325/1325 1327/1327/1327 1326/1326/1326
f 1328/1328/1328 1330/1330/1330 1329/1329/1329
f 1331/1331/1331 1333/1333/1333 1332/1332/1332
f 1334/1334/1334 1336/1336/1336 1335/1335/1335
f 1337/1337/1337 1339/1339/1339 1338/1338/1338
f 1340/1340/1340 1342/1342/1342 1341/1341/1341
f 1343/1343/1343 1345/1345/1345 1344/1344/1344
f 1346/1346/1346 1348/1348/1348 1347/1347/1347
f 1349/1349/1349 1351/1351/1351 1350/1350/1350
f 1352/1352/1352 1354/1354/1354 1353/1353/1353
f 1355/1355/1355 1357/1357/1357 1356/1356/1356
f 1358/1358/1358 1360/1360/1360 1359/1359/1359
f 1361/1361/1361 1363/1363/1363 1362/1362/1362
f 1364/1364/1364 1366/1366/1366 1365/1365/1365
f 1367/1367/1367 1369/1369/1369 1368/1368/1368
f 1370/1370/1370 1372/1372/1372 1371/1371/1371
f 1373/1373/1373 1375/1375/1375 1374/1374/1374
f 1376/1376/1376 1378/1378/1378 1377/1377/1377
f 1379/1379/1379 1381/1381/1381 1380/1380/1380
f 1382/1382/1382 1384/1384/1384 1383/1383/1383
f 1385/1385/1385 1387/1387/1387 1386/1386/1386
f 1388/1388/1388 1390/1390/1390 1389/1389/1389
f 1391/1391/1391 1393/1393/1393 1392/1392/1392
f 1394/1394/1394 1396/1396/1396 1395/1395/1395
f 1397/1397/1397 1399/1399/1399 1398/1398/1398
f 1400/1400/1400 1402/1402/1402 1401/1401/1401
f 1403/1403/1403 1405/1405/1405 1404/1404/1404
f 1406/1406/1406 1408/1408/1408 1407/1407/1407
f 1409/1409/1409 1411/1411/1411 1410/1410/1410
f 1412/1412/1412 1414/1414/1414 1413/1413/1413
f 1415/1415/1415 1417/1417/1417 1416/1416/1416
f 1418/1418/1418 1420/1420/1420 1419/1419/1419
f 1421/1421/1421 1423/1423/1423 1422/1422/1422
f 1424/1424/1424 1426/1426/1426 1425/1425/1425
f 1427/1427/1427 1429/1429/1429 1428/1428/1428
f 1430/1430/1430 1432/1432/1432 1431/1431/1431
f 1433/1433/1433 1435/1435/1435 1434/1434/1434
f 1436/1436/1436 1438/1438/1438 1437/1437/1437
f 1439/1439/1439 1441/1441/1441 1440/1440/1440
f 1442/1442/1442 1444/1444/1444 1443/1443/1443
f 1445/1445/1445 1447/1447/1447 1446/1446/1446
f 1448/1448/1448 1450/1450/1450 1449/1449/1449
f 1451/1451/1451 1453/1453/1453 1452/1452/1452
f 1454/1454/1454 1456/1456/1456 1455/1455/1455
f 1457/1457/1457 1459/1459/1459 1458/1458/1458
f 1460/1460/1460 1462/1462/1462 1461/1461/1461
f 1463/1463/1463 1465/1465/1465 1464/1464/1464
f 1466/1466/1466 1468/1468/1468 1467/1467/1467
f 1469/1469/1469 1471/1471/1471 1470/1470/1470
f 1472/1472/1472 1474/1474/1474 1473/1473/1473
f 1475/1475/1475 1477/1477/1477 1476/1476/1476
f 1478/1478/1478 1480/1480/1480 1479/1479/1479
f 1481/1481/1481 1483/1483/1483 1482/1482/1482
f 1484/1484/1484 1486/1486/1486 1485/1485/1485
f 1487/1487/1487 1489/1489/1489 1488/1488/1488
f 1490/1490/1490 1492/1492/1492 1491/1491/1491
f 1493/1493/1493 1495/1495/1495 1494/1494/1494
f 1496/1496/1496 1498/1498/1498 1497/1497/1497
f 1499/1499/1499 1501/1501/1501 1500/1500/1500
f 1502/1502/1502 1504/1504/1504 1503/1503/1503
f 1505/1505/1505 1507/1507/1507 1506/1506/1506
f 1508/1508/1508 1510/1510/1510 1509/1509/1509
f 1511/1511/1511 1513/1513/1513 1512/1512/1512
f 1514/1514/1514 1516/1516/1516 1515/1515/1515
f 1517/1517/1517 1519/1519/1519 1518/1518/1518
f 1520/1520/1520 1522/1522/1522 1521/1521/1521
f 1523/1523/1523 1525/1525/1525 1524/1524/1524
f 1526/1526/1526 1528/1528/1528 1527/1527/1527
f 1529/1529/1529 1531/1531/1531 1530/1530/1530
f 1532/1532/1532 1534/1534/1534 1533/1533/1533
f 1535/1535/1535 1537/1537/1537 1536/1536/1536
f 1538/1538/1538 1540/1540/1540 1539/1539/1539
f 1541/1541/1541 1543/1543/1543 1542/1542/1542
f 1544/1544/1544 1546/1546/1546 1545/1545/1545
f 1547/1547/1547 1549/1549/1549 1548/1548/1548
f 1550/1550/1550 1552/1552/1552 1551/1551/1551
f 1553/1553/1553 1555/1555/1555 1554/1554/1554
f 1556/1556/1556 1558/1558/1558 1557/1557/1557
f 1559/1559/1559 1561/1561/1561 1560/1560/1560
f 1562/1562/1562 1564/1564/1564 1563/1563/1563
f 1565/1565/1565 1567/1567/1567 1566/1566/1566
f 1568/1568/1568 1570/1570/1570 1569/1569/1569
f 1571/1571/1571 1573/1573/1573 1572/1572/1572
f 1574/1574/1574 1576/1576/1576 1575/1575/1575
f 1577/1577/1577 1579/1579/1579 1578/1578/1578
f 1580/1580/1580 1582/1582/1582 1581/1581/1581
f 1583/1583/1583 1585/1585/1585 1584/1584/1584
f 1586/1586/1586 1588/1588/1588 1587/1587/1587
f 1589/1589/1589 1591/1591/1591 1590/1590/1590
f 1592/1592/1592 1594/1594/1594 1593/1593/1593
f 1595/1595/1595 1597/1597/1597 1596/1596/1596
f 1598/1598/1598 1600/1600/1600 1599/1599/1599
f 1601/1601/1601 1603/1603/1603 1602/1602/1602
f 1604/1604/1604 1606/1606/1606 1605/1605/1605
f 1607/1607/1607 1609/1609/1609 1608/1608/1608
f 1610/1610/1610 1612/1612/1612 1611/1611/1611
f 1613/1613/1613 1615/1615/1615 1614/1614/1614
f 1616/1616/1616 1618/1618/1618 1617/1617/1617
f 1619/1619/1619 1621/1621/1621 1620/1620/1620
f 1622/1622/1622 1624/1624/1624 1623/1623/1623
f 1625/1625/1625 1627/1627/1627 1626/1626/1626
f 1628/1628/1628 1630/1630/1630 1629/1629/1629
f 1631/1631/1631 1633/1633/1633 1632/1632/1632
f 1634/1634/1634 1636/1636/1636 1635/1635/1635
f 1637/1637/1637 1639/1639/1639 1638/1638/1638
f 1640/1640/1640 1642/1642/1642 1641/1641/1641
f 1643/1643/1643 1645/1645/1645 1644/1644/1644
f 1646/1646/1646 1648/1648/1648 1647/1647/1647
f 1649/1649/1649 1651/1651/1651 1650/1650/1650
f 1652/1652/1652 1654/1654/1654 1653/1653/1653
f 1655/1655/1655 1657/1657/1657 1656/1656/1656
f 1658/1658/1658 1660/1660/1660 1659/1659/1659
f 1660/1660/1660 1658/1658/1658 1661/1661/1661
f 1662/1662/1662 1664/1664/1664 1663/1663/1663
f 1664/1664/1664 1662/1662/1662 1665/1665/1665
f 1666/1666/1666 1668/1668/1668 1667/1667/1667
f 1668/1668/1668 1666/1666/1666 1669/1669/1669
f 1670/1670/1670 1672/1672/1672 1671/1671/1671
f 1673/1673/1673 1675/1675/1675 1674/1674/1674
f 1676/1676/1676 1678/1678/1678 1677/1677/1677
f 1679/1679/1679 1681/1681/1681 1680/1680/1680
f 1682/1682/1682 1684/1684/1684 1683/1683/1683
f 1684/1684/1684 1682/1682/1682 1685/1685/1685
f 1686/1686/1686 1688/1688/1688 1687/1687/1687
f 1688/1688/1688 1686/1686/1686 1689/1689/1689
f 1690/1690/1690 1692/1692/1692 1691/1691/1691
f 1693/1693/1693 1695/1695/1695 1694/1694/1694
f 1696/1696/1696 1698/1698/1698 1697/1697/1697
f 1699/1699/1699 1701/1701/1701 1700/1700/1700
f 1702/1702/1702 1704/1704/1704 1703/1703/1703
f 1705/1705/1705 1707/1707/1707 1706/1706/1706
f 1708/1708/1708 1710/1710/1710 1709/1709/1709
f 1711/1711/1711 1713/1713/1713 1712/1712/1712
f 1714/1714/1714 1716/1716/1716 1715/1715/1715
f 1716/1716/1716 1714/1714/1714 1717/1717/1717
f 1718/1718/1718 1720/1720/1720 1719/1719/1719
f 1721/1721/1721 1723/1723/1723 1722/1722/1722
f 1724/1724/1724 1726/1726/1726 1725/1725/1725
f 1727/1727/1727 1729/1729/1729 1728/1728/1728
f 1730/1730/1730 1732/1732/1732 1731/1731/1731
f 1732/1732/1732 1730/1730/1730 1733/1733/1733
f 1734/1734/1734 1736/1736/1736 1735/1735/1735
f 1737/1737/1737 1739/1739/1739 1738/1738/1738
f 1740/1740/1740 1742/1742/1742 1741/1741/1741
f 1743/1743/1743 1745/1745/1745 1744/1744/1744
f 1746/1746/1746 1748/1748/1748 1747/1747/1747
f 1749/1749/1749 1751/1751/1751 1750/1750/1750
f 1752/1752/1752 1754/1754/1754 1753/1753/1753
f 1755/1755/1755 1757/1757/1757 1756/1756/1756
f 1758/1758/1758 1760/1760/1760 1759/1759/1759
f 1761/1761/1761 1763/1763/1763 1762/1762/1762
f 1764/1764/1764 1766/1766/1766 1765/1765/1765
f 1767/1767/1767 1769/1769/1769 1768/1768/1768
f 1770/1770/1770 1772/1772/1772 1771/1771/1771
f 1773/1773/1773 1775/1775/1775 1774/1774/1774
f 1776/1776/1776 1778/1778/1778 1777/1777/1777
f 1779/1779/1779 1781/1781/1781 1780/1780/1780
f 1782/1782/1782 1784/1784/1784 1783/1783/1783
f 1785/1785/1785 1787/1787/1787 1786/1786/1786
f 1788/1788/1788 1790/1790/1790 1789/1789/1789
f 1791/1791/1791 1793/1793/1793 1792/1792/1792
f 1794/1794/1794 1796/1796/1796 1795/1795/1795
f 1797/1797/1797 1799/1799/1799 1798/1798/1798
f 1800/1800/1800 1802/1802/1802 1801/1801/1801
f 1803/1803/1803 1805/1805/1805 1804/1804/1804
f 1806/1806/1806 1808/1808/1808 1807/1807/1807
f 1809/1809/1809 1811/1811/1811 1810/1810/1810
f 1812/1812/1812 1814/1814/1814 1813/1813/1813
f 1815/1815/1815 1817/1817/1817 1816/1816/1816
f 1818/1818/1818 1820/1820/1820 1819/1819/1819
f 1821/1821/1821 1823/1823/1823 1822/1822/1822
f 1824/1824/1824 1826/1826/1826 1825/1825/1825
f 1827/1827/1827 1829/1829/1829 1828/1828/1828
f 1830/1830/1830 1832/1832/1832 1831/1831/1831
f 1833/1833/1833 1835/1835/1835 1834/1834/1834
f 1836/1836/1836 1838/1838/1838 1837/1837/1837
f 1839/1839/1839 1841/1841/1841 1840/1840/1840
f 1842/1842/1842 1844/1844/1844 1843/1843/1843
f 1845/1845/1845 1847/1847/1847 1846/1846/1846
f 1848/1848/1848 1850/1850/1850 1849/1849/1849
f 1851/1851/1851 1853/1853/1853 1852/1852/1852
f 1854/1854/1854 1856/1856/1856 1855/1855/1855
f 1857/1857/1857 1859/1859/1859 1858/1858/1858
f 1860/1860/1860 1862/1862/1862 1861/1861/1861
f 1863/1863/1863 1865/1865/1865 1864/1864/1864
f 1866/1866/1866 1868/1868/1868 1867/1867/1867
f 1869/1869/1869 1871/1871/1871 1870/1870/1870
f 1872/1872/1872 1874/1874/1874 1873/1873/1873
f 1875/1875/1875 1877/1877/1877 1876/1876/1876
f 1878/1878/1878 1880/1880/1880 1879/1879/1879
f 1880/1880/1880 1878/1878/1878 1881/1881/1881
f 1880/1880/1880 1882/1882/1882 1879/1879/1879
f 1882/1882/1882 1880/1880/1880 1883/1883/1883
f 1884/1884/1884 1886/1886/1886 1885/1885/1885
f 1886/1886/1886 1884/1884/1884 1887/1887/1887
f 1882/1882/1882 1884/1884/1884 1885/1885/1885
f 1884/1884/1884 1882/1882/1882 1883/1883/1883
f 1888/1888/1888 1890/1890/1890 1889/1889/1889
f 1890/1890/1890 1888/1888/1888 1891/1891/1891
f 1892/1892/1892 1894/1894/1894 1893/1893/1893
f 1894/1894/1894 1892/1892/1892 1895/1895/1895
f 1896/1896/1896 1889/1889/1889 1890/1890/1890
f 1889/1889/1889 1896/1896/1896 1897/1897/1897
f 1898/1898/1898 1892/1892/1892 1899/1899/1899
f 1892/1892/1892 1898/1898/1898 1895/1895/1895
f 1897/1897/1897 1901/1901/1901 1900/1900/1900
f 1901/1901/1901 1897/1897/1897 1896/1896/1896
f 1899/1899/1899 1902/1902/1902 1898/1898/1898
f 1902/1902/1902 1899/1899/1899 1903/1903/1903
f 1901/1901/1901 1904/1904/1904 1900/1900/1900
f 1904/1904/1904 1901/1901/1901 1905/1905/1905
f 1894/1894/1894 1906/1906/1906 1893/1893/1893
f 1894/1894/1894 1907/1907/1907 1906/1906/1906
f 1908/1908/1908 1907/1907/1907 1894/1894/1894
f 1909/1909/1909 1911/1911/1911 1910/1910/1910
f 1911/1911/1911 1909/1909/1909 1912/1912/1912
f 1911/1911/1911 1913/1913/1913 1910/1910/1910
f 1913/1913/1913 1911/1911/1911 1914/1914/1914
f 1915/1915/1915 1917/1917/1917 1916/1916/1916
f 1917/1917/1917 1915/1915/1915 1918/1918/1918
f 1913/1913/1913 1915/1915/1915 1916/1916/1916
f 1915/1915/1915 1913/1913/1913 1914/1914/1914
f 1919/1919/1919 1921/1921/1921 1920/1920/1920
f 1921/1921/1921 1919/1919/1919 1922/1922/1922
f 1923/1923/1923 1925/1925/1925 1924/1924/1924
f 1925/1925/1925 1923/1923/1923 1926/1926/1926
f 1921/1921/1921 1927/1927/1927 1920/1920/1920
f 1927/1927/1927 1921/1921/1921 1928/1928/1928
f 1929/1929/1929 1931/1931/1931 1930/1930/1930
f 1931/1931/1931 1929/1929/1929 1932/1932/1932
f 1933/1933/1933 1923/1923/1923 1934/1934/1934
f 1923/1923/1923 1933/1933/1933 1926/1926/1926
f 1935/1935/1935 1937/1937/1937 1936/1936/1936
f 1937/1937/1937 1935/1935/1935 1938/1938/1938
f 1935/1935/1935 1927/1927/1927 1928/1928/1928
f 1927/1927/1927 1935/1935/1935 1936/1936/1936
f 1933/1933/1933 1940/1940/1940 1939/1939/1939
f 1940/1940/1940 1933/1933/1933 1934/1934/1934
f 1909/1909/1909 1942/1942/1942 1941/1941/1941
f 1942/1942/1942 1909/1909/1909 1910/1910/1910
f 1942/1942/1942 1913/1913/1913 1943/1943/1943
f 1913/1913/1913 1942/1942/1942 1910/1910/1910
f 1913/1913/1913 1944/1944/1944 1943/1943/1943
f 1944/1944/1944 1913/1913/1913 1916/1916/1916
f 1927/1927/1927 1946/1946/1946 1945/1945/1945
f 1946/1946/1946 1927/1927/1927 1936/1936/1936
f 1940/1940/1940 1948/1948/1948 1947/1947/1947
f 1948/1948/1948 1940/1940/1940 1934/1934/1934
f 1949/1949/1949 1951/1951/1951 1950/1950/1950
f 1951/1951/1951 1949/1949/1949 1952/1952/1952
f 1953/1953/1953 1955/1955/1955 1954/1954/1954
f 1955/1955/1955 1953/1953/1953 1956/1956/1956
f 1957/1957/1957 1959/1959/1959 1958/1958/1958
f 1959/1959/1959 1957/1957/1957 1960/1960/1960
f 1958/1958/1958 1962/1962/1962 1961/1961/1961
f 1962/1962/1962 1958/1958/1958 1959/1959/1959
f 1963/1963/1963 1965/1965/1965 1964/1964/1964
f 1965/1965/1965 1963/1963/1963 1966/1966/1966
f 1961/1961/1961 1966/1966/1966 1963/1963/1963
f 1966/1966/1966 1961/1961/1961 1962/1962/1962
f 1967/1967/1967 1969/1969/1969 1968/1968/1968
f 1969/1969/1969 1967/1967/1967 1970/1970/1970
f 1971/1971/1971 1973/1973/1973 1972/1972/1972
f 1973/1973/1973 1971/1971/1971 1974/1974/1974
f 1968/1968/1968 1951/1951/1951 1952/1952/1952
f 1951/1951/1951 1968/1968/1968 1969/1969/1969
f 1972/1972/1972 1976/1976/1976 1975/1975/1975
f 1976/1976/1976 1972/1972/1972 1973/1973/1973
f 1953/1953/1953 1974/1974/1974 1971/1971/1971
f 1974/1974/1974 1953/1953/1953 1954/1954/1954
f 1949/1949/1949 1978/1978/1978 1977/1977/1977
f 1978/1978/1978 1949/1949/1949 1950/1950/1950
f 1979/1979/1979 1959/1959/1959 1960/1960/1960
f 1959/1959/1959 1979/1979/1979 1980/1980/1980
f 1962/1962/1962 1982/1982/1982 1981/1981/1981
f 1962/1962/1962 1980/1980/1980 1982/1982/1982
f 1959/1959/1959 1980/1980/1980 1962/1962/1962
f 1966/1966/1966 1983/1983/1983 1965/1965/1965
f 1983/1983/1983 1966/1966/1966 1984/1984/1984
f 1966/1966/1966 1981/1981/1981 1984/1984/1984
f 1981/1981/1981 1966/1966/1966 1962/1962/1962
f 1969/1969/1969 1986/1986/1986 1985/1985/1985
f 1986/1986/1986 1969/1969/1969 1970/1970/1970
f 1973/1973/1973 1988/1988/1988 1987/1987/1987
f 1988/1988/1988 1973/1973/1973 1974/1974/1974
f 1969/1969/1969 1989/1989/1989 1951/1951/1951
f 1989/1989/1989 1969/1969/1969 1985/1985/1985
f 1973/1973/1973 1987/1987/1987 1976/1976/1976
f 1954/1954/1954 1988/1988/1988 1974/1974/1974
f 1988/1988/1988 1954/1954/1954 1990/1990/1990
f 1950/1950/1950 1991/1991/1991 1978/1978/1978
f 1991/1991/1991 1950/1950/1950 1992/1992/1992
f 1925/1925/1925 1930/1930/1930 1924/1924/1924
f 1930/1930/1930 1925/1925/1925 1929/1929/1929
f 1917/1917/1917 1944/1944/1944 1916/1916/1916
f 1944/1944/1944 1917/1917/1917 1993/1993/1993
f 1920/1920/1920 1994/1994/1994 1919/1919/1919
f 1994/1994/1994 1920/1920/1920 1995/1995/1995
f 1924/1924/1924 1996/1996/1996 1923/1923/1923
f 1996/1996/1996 1924/1924/1924 1997/1997/1997
f 1945/1945/1945 1920/1920/1920 1927/1927/1927
f 1920/1920/1920 1945/1945/1945 1995/1995/1995
f 1930/1930/1930 1997/1997/1997 1924/1924/1924
f 1996/1996/1996 1934/1934/1934 1923/1923/1923
f 1934/1934/1934 1996/1996/1996 1948/1948/1948
f 1998/1998/1998 1936/1936/1936 1937/1937/1937
f 1936/1936/1936 1998/1998/1998 1946/1946/1946
f 1999/1999/1999 1976/1976/1976 2000/2000/2000
f 1976/1976/1976 1999/1999/1999 1975/1975/1975
f 1951/1951/1951 1992/1992/1992 1950/1950/1950
f 1992/1992/1992 1951/1951/1951 1989/1989/1989
f 1955/1955/1955 1990/1990/1990 1954/1954/1954
f 1990/1990/1990 1955/1955/1955 2001/2001/2001

g gatewall02
# texture: gatewall02.jpg
v -64.86994 640.6105 -12.70048
v -64.21182 636.7458 -12.03218
v -60.84594 636.6321 -14.80498
v -63.09533 642.4911 -14.97568
v -68.41913 641.675 -12.17468
v -68.41914 645.5605 -15.06158
v -68.41913 636.8752 -10.92338
v -71.96833 640.6105 -12.70048
v -73.74292 642.4911 -14.97568
v -72.62643 636.7458 -12.03218
v -75.99223 636.6321 -14.80498
v -71.96833 633.1714 -12.47418
v -73.74293 631.3326 -14.63628
v -68.41914 632.3763 -11.89178
v -68.41913 628.8229 -14.55238
v -64.86994 633.1714 -12.47418
v -63.09533 631.3326 -14.63628
v -40.12853 654.5553 -11.88398
v -39.09863 648.5076 -10.83818
v -33.83143 648.3297 -15.17718
v -37.35143 657.4984 -15.44438
v -45.68263 656.2212 -11.06108
v -45.68263 662.3016 -15.57878
v -45.68253 648.7101 -9.102974
v -51.23663 654.5552 -11.88398
v -54.01363 657.4983 -15.44438
v -52.26653 648.5076 -10.83818
v -57.53363 648.3296 -15.17718
v -51.23663 642.9142 -11.52988
v -54.01363 640.0367 -14.91318
v -45.68263 641.6697 -10.61838
v -45.68263 636.1091 -14.78198
v -40.12854 642.9142 -11.52988
v -37.35143 640.0367 -14.91318
v 7.67476 605.4193 -10.16967
v 9.112658 596.9756 -8.709564
v 16.46666 596.7272 -14.76767
v 11.55206 609.5284 -15.14067
v -0.07974 607.7452 -9.020763
v -0.079737 616.2347 -15.32827
v -0.079642 597.2584 -6.286964
v -7.83424 605.4193 -10.16967
v -11.71144 609.5284 -15.14067
v -9.272143 596.9756 -8.709568
v -16.62604 596.7272 -14.76767
v -7.834244 589.1661 -9.67527
v -11.71144 585.1487 -14.39907
v -0.079744 587.4288 -8.402767
v -0.079745 579.6652 -14.21587
v 7.674756 589.1661 -9.675266
v 11.55206 585.1487 -14.39907
v 76.64667 643.8595 -12.52205
v 77.63007 638.0853 -11.52356
v 82.65907 637.9153 -15.66645
v 79.29817 646.6695 -15.92156
v 71.34378 645.4501 -11.73635
v 71.34378 651.2557 -16.04986
v 71.34378 638.2787 -9.866856
v 66.04087 643.8596 -12.52206
v 63.38937 646.6696 -15.92156
v 65.05747 638.0854 -11.52356
v 60.02857 637.9153 -15.66646
v 66.04086 632.7449 -12.18396
v 63.38937 629.9974 -15.41436
v 71.34377 631.5566 -11.31376
v 71.34378 626.2476 -15.28906
v 76.64666 632.7448 -12.18396
v 79.29816 629.9974 -15.41435
v 117.2367 717.337 -10.83425
v 118.5656 709.5338 -9.484753
v 125.3619 709.3041 -15.08345
v 120.8199 721.1346 -15.42825
v 110.0703 719.4866 -9.772453
v 110.0703 727.3323 -15.60166
v 110.0703 709.795 -7.245953
v 102.9039 717.337 -10.83426
v 99.32069 721.1346 -15.42826
v 101.575 709.5338 -9.484756
v 94.77879 709.3041 -15.08356
v 102.9039 702.3166 -10.37725
v 99.32069 698.6038 -14.74285
v 110.0703 700.7109 -9.201252
v 110.0703 693.5361 -14.57355
v 117.2367 702.3166 -10.37725
v 120.8199 698.6038 -14.74285
vn 0.333893 0.392991 0.856781
vn 0.401697 0.012 0.915694
vn 0.552172 0.010999 0.833658
vn 0.415609 0.44701 0.792118
vn 0.0055 0.45232 0.891839
vn 0.0048 0.601704 0.798705
vn -0 0.0242 0.999707
vn -0.349909 0.37621 0.857922
vn -0.423184 0.437584 0.79337
vn -0.401191 0.024 0.91568
vn -0.552899 0.0204 0.832998
vn -0.3197 -0.377899 0.868898
vn -0.41199 -0.429189 0.803779
vn -0.0048 -0.430006 0.902813
vn -0.0049 -0.60432 0.796727
vn 0.336989 -0.361188 0.869472
vn 0.417909 -0.417609 0.806818
vn 0.333893 0.392991 0.856781
vn 0.401697 0.012 0.915694
vn 0.552172 0.010999 0.833658
vn 0.415609 0.44701 0.792118
vn 0.0056 0.45232 0.891838
vn 0.0048 0.601704 0.798705
vn -0 0.0242 0.999707
vn -0.349909 0.37621 0.857922
vn -0.423184 0.437584 0.79337
vn -0.401191 0.024 0.91568
vn -0.552899 0.0204 0.832998
vn -0.3197 -0.377899 0.868898
vn -0.41199 -0.429189 0.803779
vn -0.0048 -0.430006 0.902813
vn -0.0049 -0.60432 0.796727
vn 0.336989 -0.361188 0.869472
vn 0.417909 -0.417609 0.806818
vn 0.333893 0.392991 0.856781
vn 0.401697 0.012 0.915694
vn 0.552172 0.010999 0.833658
vn 0.415609 0.44701 0.792118
vn 0.0056 0.45232 0.891838
vn 0.0048 0.601704 0.798705
vn -0 0.0242 0.999707
vn -0.349909 0.37621 0.857922
vn -0.423184 0.437584 0.79337
vn -0.401191 0.024 0.91568
vn -0.552899 0.0204 0.832998
vn -0.3197 -0.377899 0.868898
vn -0.41199 -0.429189 0.803779
vn -0.0048 -0.430006 0.902813
vn -0.0049 -0.60432 0.796727
vn 0.336989 -0.361188 0.869472
vn 0.417909 -0.417609 0.806818
vn 0.333893 0.392991 0.856781
vn 0.401697 0.012 0.915694
vn 0.552172 0.010999 0.833658
vn 0.415609 0.44701 0.792118
vn 0.0056 0.45232 0.891838
vn 0.0048 0.601704 0.798705
vn -0 0.0242 0.999707
vn -0.349909 0.37621 0.857922
vn -0.423184 0.437584 0.79337
vn -0.401191 0.024 0.91568
vn -0.552899 0.0204 0.832998
vn -0.3197 -0.377899 0.868898
vn -0.41199 -0.429189 0.803779
vn -0.0048 -0.430006 0.902813
vn -0.0049 -0.60432 0.796727
vn 0.336989 -0.361188 0.869472
vn 0.417909 -0.417609 0.806818
vn 0.333893 0.392991 0.856781
vn 0.401697 0.012 0.915694
vn 0.552172 0.010999 0.833658
vn 0.415609 0.44701 0.792118
vn 0.0056 0.45232 0.891838
vn 0.0048 0.601704 0.798705
vn -0 0.0242 0.999707
vn -0.349909 0.37621 0.857922
vn -0.423184 0.437584 0.79337
vn -0.401191 0.024 0.91568
vn -0.552899 0.0204 0.832998
vn -0.3197 -0.377899 0.868898
vn -0.41199 -0.429189 0.803779
vn -0.0048 -0.430006 0.902813
vn -0.0049 -0.60432 0.796727
vn 0.336989 -0.361188 0.869472
vn 0.417909 -0.417609 0.806818
vt 0.9161 0.936
vt 0.9229 0.9065
vt 0.9504 0.9061
vt 0.9298 0.9507
vt 0.8886 0.944
vt 0.8886 0.9739
vt 0.8886 0.9072
vt 0.8611 0.936
vt 0.8474 0.9506
vt 0.8543 0.9064
vt 0.8268 0.906
vt 0.8612 0.879
vt 0.8474 0.8652
vt 0.8886 0.8728
vt 0.8886 0.8458
vt 0.9161 0.879
vt 0.9298 0.8652
vt 0.9147 0.936
vt 0.9216 0.9065
vt 0.9491 0.9061
vt 0.9285 0.9507
vt 0.8873 0.944
vt 0.8873 0.9739
vt 0.8873 0.9072
vt 0.8598 0.936
vt 0.8461 0.9506
vt 0.853 0.9064
vt 0.8255 0.906
vt 0.8598 0.879
vt 0.8461 0.8652
vt 0.8873 0.8728
vt 0.8873 0.8458
vt 0.9148 0.879
vt 0.9285 0.8652
vt 0.9157 0.935
vt 0.9226 0.9055
vt 0.9501 0.905
vt 0.9295 0.9497
vt 0.8883 0.9429
vt 0.8883 0.9729
vt 0.8883 0.9062
vt 0.8608 0.935
vt 0.8471 0.9496
vt 0.854 0.9054
vt 0.8265 0.905
vt 0.8608 0.878
vt 0.8471 0.8642
vt 0.8883 0.8718
vt 0.8883 0.8448
vt 0.9158 0.878
vt 0.9295 0.8642
vt 0.9152 0.936
vt 0.9221 0.9065
vt 0.9495 0.9061
vt 0.9289 0.9507
vt 0.8877 0.944
vt 0.8877 0.9739
vt 0.8877 0.9072
vt 0.8603 0.936
vt 0.8465 0.9506
vt 0.8534 0.9064
vt 0.826 0.906
vt 0.8603 0.879
vt 0.8466 0.8652
vt 0.8877 0.8728
vt 0.8878 0.8458
vt 0.9152 0.879
vt 0.9289 0.8652
vt 0.9188 0.936
vt 0.9256 0.9065
vt 0.9531 0.9061
vt 0.9325 0.9507
vt 0.8913 0.944
vt 0.8913 0.9739
vt 0.8913 0.9072
vt 0.8639 0.936
vt 0.8501 0.9506
vt 0.857 0.9064
vt 0.8295 0.906
vt 0.8639 0.879
vt 0.8501 0.8652
vt 0.8913 0.8728
vt 0.8913 0.8458
vt 0.9188 0.879
vt 0.9325 0.8652
f 2002/2002/2002 2004/2004/2004 2003/2003/2003
f 2004/2004/2004 2002/2002/2002 2005/2005/2005
f 2006/2006/2006 2005/2005/2005 2002/2002/2002
f 2005/2005/2005 2006/2006/2006 2007/2007/2007
f 2002/2002/2002 2008/2008/2008 2006/2006/2006
f 2008/2008/2008 2002/2002/2002 2003/2003/2003
f 2009/2009/2009 2007/2007/2007 2006/2006/2006
f 2007/2007/2007 2009/2009/2009 2010/2010/2010
f 2011/2011/2011 2010/2010/2010 2009/2009/2009
f 2010/2010/2010 2011/2011/2011 2012/2012/2012
f 2009/2009/2009 2008/2008/2008 2011/2011/2011
f 2008/2008/2008 2009/2009/2009 2006/2006/2006
f 2013/2013/2013 2012/2012/2012 2011/2011/2011
f 2012/2012/2012 2013/2013/2013 2014/2014/2014
f 2015/2015/2015 2014/2014/2014 2013/2013/2013
f 2014/2014/2014 2015/2015/2015 2016/2016/2016
f 2013/2013/2013 2008/2008/2008 2015/2015/2015
f 2008/2008/2008 2013/2013/2013 2011/2011/2011
f 2017/2017/2017 2016/2016/2016 2015/2015/2015
f 2016/2016/2016 2017/2017/2017 2018/2018/2018
f 2003/2003/2003 2018/2018/2018 2017/2017/2017
f 2018/2018/2018 2003/2003/2003 2004/2004/2004
f 2017/2017/2017 2008/2008/2008 2003/2003/2003
f 2008/2008/2008 2017/2017/2017 2015/2015/2015
f 2019/2019/2019 2021/2021/2021 2020/2020/2020
f 2021/2021/2021 2019/2019/2019 2022/2022/2022
f 2023/2023/2023 2022/2022/2022 2019/2019/2019
f 2022/2022/2022 2023/2023/2023 2024/2024/2024
f 2019/2019/2019 2025/2025/2025 2023/2023/2023
f 2025/2025/2025 2019/2019/2019 2020/2020/2020
f 2026/2026/2026 2024/2024/2024 2023/2023/2023
f 2024/2024/2024 2026/2026/2026 2027/2027/2027
f 2028/2028/2028 2027/2027/2027 2026/2026/2026
f 2027/2027/2027 2028/2028/2028 2029/2029/2029
f 2026/2026/2026 2025/2025/2025 2028/2028/2028
f 2025/2025/2025 2026/2026/2026 2023/2023/2023
f 2030/2030/2030 2029/2029/2029 2028/2028/2028
f 2029/2029/2029 2030/2030/2030 2031/2031/2031
f 2032/2032/2032 2031/2031/2031 2030/2030/2030
f 2031/2031/2031 2032/2032/2032 2033/2033/2033
f 2030/2030/2030 2025/2025/2025 2032/2032/2032
f 2025/2025/2025 2030/2030/2030 2028/2028/2028
f 2034/2034/2034 2033/2033/2033 2032/2032/2032
f 2033/2033/2033 2034/2034/2034 2035/2035/2035
f 2020/2020/2020 2035/2035/2035 2034/2034/2034
f 2035/2035/2035 2020/2020/2020 2021/2021/2021
f 2034/2034/2034 2025/2025/2025 2020/2020/2020
f 2025/2025/2025 2034/2034/2034 2032/2032/2032
f 2036/2036/2036 2038/2038/2038 2037/2037/2037
f 2038/2038/2038 2036/2036/2036 2039/2039/2039
f 2040/2040/2040 2039/2039/2039 2036/2036/2036
f 2039/2039/2039 2040/2040/2040 2041/2041/2041
f 2036/2036/2036 2042/2042/2042 2040/2040/2040
f 2042/2042/2042 2036/2036/2036 2037/2037/2037
f 2043/2043/2043 2041/2041/2041 2040/2040/2040
f 2041/2041/2041 2043/2043/2043 2044/2044/2044
f 2045/2045/2045 2044/2044/2044 2043/2043/2043
f 2044/2044/2044 2045/2045/2045 2046/2046/2046
f 2043/2043/2043 2042/2042/2042 2045/2045/2045
f 2042/2042/2042 2043/2043/2043 2040/2040/2040
f 2047/2047/2047 2046/2046/2046 2045/2045/2045
f 2046/2046/2046 2047/2047/2047 2048/2048/2048
f 2049/2049/2049 2048/2048/2048 2047/2047/2047
f 2048/2048/2048 2049/2049/2049 2050/2050/2050
f 2047/2047/2047 2042/2042/2042 2049/2049/2049
f 2042/2042/2042 2047/2047/2047 2045/2045/2045
f 2051/2051/2051 2050/2050/2050 2049/2049/2049
f 2050/2050/2050 2051/2051/2051 2052/2052/2052
f 2037/2037/2037 2052/2052/2052 2051/2051/2051
f 2052/2052/2052 2037/2037/2037 2038/2038/2038
f 2051/2051/2051 2042/2042/2042 2037/2037/2037
f 2042/2042/2042 2051/2051/2051 2049/2049/2049
f 2053/2053/2053 2055/2055/2055 2054/2054/2054
f 2055/2055/2055 2053/2053/2053 2056/2056/2056
f 2057/2057/2057 2056/2056/2056 2053/2053/2053
f 2056/2056/2056 2057/2057/2057 2058/2058/2058
f 2053/2053/2053 2059/2059/2059 2057/2057/2057
f 2059/2059/2059 2053/2053/2053 2054/2054/2054
f 2060/2060/2060 2058/2058/2058 2057/2057/2057
f 2058/2058/2058 2060/2060/2060 2061/2061/2061
f 2062/2062/2062 2061/2061/2061 2060/2060/2060
f 2061/2061/2061 2062/2062/2062 2063/2063/2063
f 2060/2060/2060 2059/2059/2059 2062/2062/2062
f 2059/2059/2059 2060/2060/2060 2057/2057/2057
f 2064/2064/2064 2063/2063/2063 2062/2062/2062
f 2063/2063/2063 2064/2064/2064 2065/2065/2065
f 2066/2066/2066 2065/2065/2065 2064/2064/2064
f 2065/2065/2065 2066/2066/2066 2067/2067/2067
f 2064/2064/2064 2059/2059/2059 2066/2066/2066
f 2059/2059/2059 2064/2064/2064 2062/2062/2062
f 2068/2068/2068 2067/2067/2067 2066/2066/2066
f 2067/2067/2067 2068/2068/2068 2069/2069/2069
f 2054/2054/2054 2069/2069/2069 2068/2068/2068
f 2069/2069/2069 2054/2054/2054 2055/2055/2055
f 2068/2068/2068 2059/2059/2059 2054/2054/2054
f 2059/2059/2059 2068/2068/2068 2066/2066/2066
f 2070/2070/2070 2072/2072/2072 2071/2071/2071
f 2072/2072/2072 2070/2070/2070 2073/2073/2073
f 2074/2074/2074 2073/2073/2073 2070/2070/2070
f 2073/2073/2073 2074/2074/2074 2075/2075/2075
f 2070/2070/2070 2076/2076/2076 2074/2074/2074
f 2076/2076/2076 2070/2070/2070 2071/2071/2071
f 2077/2077/2077 2075/2075/2075 2074/2074/2074
f 2075/2075/2075 2077/2077/2077 2078/2078/2078
f 2079/2079/2079 2078/2078/2078 2077/2077/2077
f 2078/2078/2078 2079/2079/2079 2080/2080/2080
f 2077/2077/2077 2076/2076/2076 2079/2079/2079
f 2076/2076/2076 2077/2077/2077 2074/2074/2074
f 2081/2081/2081 2080/2080/2080 2079/2079/2079
f 2080/2080/2080 2081/2081/2081 2082/2082/2082
f 2083/2083/2083 2082/2082/2082 2081/2081/2081
f 2082/2082/2082 2083/2083/2083 2084/2084/2084
f 2081/2081/2081 2076/2076/2076 2083/2083/2083
f 2076/2076/2076 2081/2081/2081 2079/2079/2079
f 2085/2085/2085 2084/2084/2084 2083/2083/2083
f 2084/2084/2084 2085/2085/2085 2086/2086/2086
f 2071/2071/2071 2086/2086/2086 2085/2085/2085
f 2086/2086/2086 2071/2071/2071 2072/2072/2072
f 2085/2085/2085 2076/2076/2076 2071/2071/2071
f 2076/2076/2076 2085/2085/2085 2083/2083/2083
