# Object28.bmd — MU geometry at action 0 key 0, exported for MU2
# 1 mesh(es)

g d_003
# texture: d_003.jpg
v 110.8369 150.5853 22.7436
v 113.3713 144.9545 13.2073
v 106.2375 134.4675 23.8627
v 115.3866 157.0574 22.2942
v 124.5542 161.7849 21.9659
v 117.9465 151.7352 12.7614
v 115.3866 157.7805 28.8539
v 117.9465 154.6249 38.9753
v 124.5542 162.508 28.5256
v 110.8369 151.3084 29.3033
v 106.2375 135.1906 30.4224
v 113.3713 147.8497 39.4707
v 109.381 119.3278 24.2481
v 124.0553 105.5764 21.9393
v 119.9681 103.7351 26.4032
v 116.8204 131.2799 13.5158
v 123.0949 138.1274 13.0154
v 132.9306 114.2576 25.6725
v 128.8881 111.7833 21.4672
v 130.0022 149.6716 22.1411
v 130.0022 150.5404 30.0225
v 128.8881 113.3752 35.9078
v 132.9306 114.8917 31.4253
v 123.0949 141.1683 40.6005
v 116.8204 134.3153 41.0515
v 119.9681 104.3692 32.156
v 124.0553 107.1593 36.2983
v 109.381 120.1967 32.1294
v 118.0506 72.3044 28.9416
v 116.4344 38.2852 27.1074
v 113.6532 38.3267 31.3008
v 123.4342 75.3147 22.7358
v 127.5689 77.3048 22.654
v 123.2177 41.0085 31.1146
v 120.4345 40.2292 26.9626
v 133.0429 81.5132 28.3021
v 133.0429 82.0694 33.3484
v 120.4345 41.7058 40.3571
v 123.2177 41.5648 36.1609
v 127.5689 79.1608 39.4907
v 123.4342 77.1831 39.6844
v 113.6532 38.883 36.3471
v 116.4344 39.7597 40.4825
v 118.0506 72.8606 33.9878
v 107.8754 12.233 34.2547
v 110.6641 11.9624 30.0674
v 99.8885 -11.9781 35.9358
v 112.5221 12.0767 30.0692
v 115.3076 12.686 34.22321
v 101.7379 -12.2739 35.9563
v 115.3076 12.9924 37.0027
v 112.5221 13.3013 41.1776
v 101.7379 -11.9675 38.7358
v 110.6641 13.189 41.19521
v 107.8754 12.5394 37.0342
v 99.8885 -11.6717 38.7153
v -6.041595 238.2849 64.5949
v -14.9662 237.4549 58.0902
v -6.041595 224.8165 58.9904
v -6.041504 246.724 64.009
v -6.041504 258.5323 56.6039
v -14.9662 245.894 57.5042
v -0.091797 246.7239 64.009
v 8.832901 245.894 57.5042
v -0.091797 258.5323 56.6039
v -0.091797 238.2849 64.595
v -0.091797 224.8164 58.9904
v 8.832901 237.4549 58.0902
v -6.056702 223.3412 45.7259
v -9.091995 235.4288 37.2939
v -6.056702 231.1585 37.6297
v -14.9814 235.9488 44.79321
v -14.9814 244.4306 44.2041
v -6.056702 248.1806 36.3687
v -9.091995 243.9104 36.70461
v -6.056702 257.0379 43.2711
v -0.076599 257.0379 43.2711
v 2.958694 243.9104 36.70461
v -0.076599 248.1805 36.3687
v 8.848007 244.4306 44.2041
v 8.848007 235.9488 44.79321
v -0.076706 231.1585 37.6297
v 2.958694 235.4288 37.2939
v -0.076706 223.3411 45.7259
v -6.056702 228.0699 11.6374
v -12.0251 229.7122 0.820101
v -5.314804 219.8309 1.338699
v -9.091995 232.3482 11.3101
v -9.091995 240.8045 10.6942
v -5.314804 245.6073 -0.283501
v -12.0251 236.0896 0.3773
v -6.056702 245.1078 10.3931
v -0.076706 245.1077 10.3931
v 5.8918 236.0896 0.3773
v -0.818497 245.6074 -0.283501
v 2.958694 240.8045 10.6942
v 2.958694 232.3482 11.3101
v -0.818497 219.8309 1.338699
v 5.8918 229.7122 0.820101
v -0.076706 228.0699 11.6374
v -6.041504 210.4353 -14.3574
v -14.9662 225.3524 -14.4813
v -6.041504 223.5336 -21.1402
v -14.9662 234.2192 -14.9299
v -6.041504 246.8778 -15.8088
v -6.041504 233.0061 -21.4203
v -0.091797 246.8778 -15.8088
v 8.832901 234.2192 -14.9299
v -0.091797 233.0061 -21.4203
v 8.832901 225.3524 -14.4813
v -0.091797 210.4353 -14.3574
v -0.091797 223.5336 -21.1402
v 3.038406 239.356 19.1791
v 11.7133 232.6807 9.094099
v 6.727203 222.0462 19.179
v 6.347 246.4709 19.1791
v 20.008 250.4301 19.1791
v 15.0219 239.7956 9.094099
v 6.347 246.4709 25.9023
v 15.0219 239.7956 35.98721
v 20.008 250.4301 25.9023
v 3.038406 239.3561 25.9023
v 6.727203 222.0462 25.9023
v 11.7133 232.6807 35.98721
v 24.48151 208.6308 19.162
v 39.6338 211.908 15.7321
v 37.90581 208.3436 19.162
v 29.5029 219.2079 9.077101
v 32.82851 226.3586 9.077101
v 44.68781 222.6225 19.162
v 42.95959 219.0583 15.7321
v 37.8503 236.9351 19.162
v 37.8503 236.9351 25.9194
v 42.95959 219.0583 29.3493
v 44.68781 222.6225 25.9194
v 32.82851 226.3586 36.0043
v 29.5029 219.2079 36.0043
v 37.90581 208.3436 25.9194
v 39.6338 211.908 29.3493
v 24.48151 208.6308 25.9194
v 72.6371 181.8765 19.162
v 87.9604 173.515 12.4177
v 84.3162 165.0317 20.0003
v 74.356 185.4558 15.7321
v 77.7107 192.5591 15.7321
v 94.1922 186.9159 20.0003
v 90.4607 178.8917 12.4177
v 79.4009 196.185 19.162
v 79.4009 196.185 25.9194
v 90.4607 178.8916 32.6637
v 94.1922 186.9159 25.0811
v 77.7108 192.5591 29.3493
v 74.356 185.4559 29.3493
v 84.3162 165.0317 25.0811
v 87.9604 173.515 32.6637
v 72.6371 181.8765 25.9194
v 103.0545 142.2239 19.1791
v 107.6521 155.6306 9.094099
v 116.2449 147.9188 19.1791
v 110.8993 163.2581 9.094099
v 115.8621 173.9304 19.1791
v 119.4408 156.2487 19.1791
v 115.8621 173.9305 25.9023
v 110.8992 163.2581 35.98721
v 119.4408 156.2487 25.9023
v 107.6521 155.6306 35.98721
v 103.0545 142.2239 25.9023
v 116.2449 147.9188 25.9023
v 95.505 142.7335 -43.6764
v 97.7088 136.0972 -51.168
v 91.5056 129.1438 -40.7864
v 99.4613 148.1904 -44.8368
v 107.4331 152.1763 -45.6845
v 101.6873 141.819 -52.3625
v 99.4613 150.0577 -39.3061
v 101.6873 149.281 -30.2603
v 107.4331 154.0436 -40.1537
v 95.505 144.6008 -38.1456
v 91.5056 131.0111 -35.2557
v 97.7088 143.5733 -29.0242
v 94.239 116.2523 -38.6421
v 106.9992 104.0369 -38.9713
v 103.4451 103.3093 -34.9279
v 100.7081 124.4455 -49.2651
v 106.1642 130.2142 -50.5142
v 114.7169 112.1813 -36.8146
v 111.2017 109.2623 -40.1194
v 112.1705 141.8363 -44.0828
v 112.1705 144.0799 -37.4377
v 111.2017 113.373 -27.9438
v 114.7169 113.8189 -31.9642
v 106.1642 138.0666 -27.256
v 100.7081 132.2838 -26.0485
v 103.4451 104.9469 -30.0775
v 106.9992 108.1243 -26.8646
v 94.239 118.4958 -31.997
v 101.7778 76.8765 -28.9875
v 100.3724 47.3951 -26.4814
v 97.954 48.2284 -22.8953
v 106.4592 78.2737 -34.6626
v 110.0546 79.9624 -34.9711
v 106.2709 50.4895 -23.3761
v 103.8508 49.0322 -26.8383
v 114.8146 84.6408 -30.6387
v 114.8146 86.0772 -26.3839
v 103.8508 52.8451 -15.5448
v 106.2709 51.926 -19.1214
v 110.0545 84.7551 -20.7754
v 106.4592 83.0983 -20.3725
v 97.954 49.6648 -18.6406
v 100.3724 51.2024 -15.2042
v 101.7778 78.3129 -24.7328
v 92.9298 26.4449 -17.2386
v 95.3548 25.4165 -20.792
v 85.9847 6.0315 -12.8975
v 96.9704 25.5148 -20.8042
v 99.3926 26.8269 -17.3199
v 87.5929 5.7821 -12.8445
v 99.3926 27.6181 -14.9763
v 96.9704 28.6769 -11.4382
v 87.5929 6.5733 -10.501
v 95.3548 28.5841 -11.4097
v 92.9298 27.2362 -14.8951
v 85.9847 6.8227 -10.554
v -6.128403 225.798 -18.3467
v -13.8891 223.8496 -23.8176
v -6.128403 213.1979 -21.5321
v -6.128403 232.9133 -19.8598
v -6.128403 241.6166 -27.6163
v -13.8891 230.965 -25.3307
v -0.954697 232.9133 -19.8598
v 6.805893 230.965 -25.3307
v -0.954697 241.6166 -27.6163
v -0.954697 225.798 -18.3467
v -0.954697 213.1979 -21.5321
v 6.805893 223.8496 -23.8176
v -6.141602 209.4108 -32.7145
v -8.781006 218.1579 -41.3838
v -6.141602 214.5649 -40.5845
v -13.90221 220.03 -35.024
v -13.90221 227.1813 -36.545
v -6.141602 228.9019 -43.7043
v -8.781006 225.3091 -42.9049
v -6.141602 237.8002 -38.8549
v -0.941605 237.8002 -38.8549
v 1.6978 225.3091 -42.9049
v -0.941605 228.9019 -43.7043
v 6.819 227.1813 -36.545
v 6.819 220.03 -35.024
v -0.941605 214.5649 -40.5845
v 1.6978 218.1579 -41.3838
v -0.941605 209.4108 -32.7144
v -6.141602 206.9747 -62.4729
v -11.3315 206.3231 -71.9332
v -5.496506 197.9598 -70.3049
v -8.781006 210.5762 -63.266
v -8.781006 217.7006 -64.8068
v -5.496506 219.7249 -74.7832
v -11.3315 211.7001 -73.0766
v -6.141602 221.3284 -65.5803
v -0.941605 221.3284 -65.5803
v 4.248398 211.7001 -73.0766
v -1.5867 219.725 -74.7832
v 1.6978 217.7006 -64.8068
v 1.6978 210.5762 -63.2659
v -1.5867 197.9598 -70.3049
v 4.248398 206.3231 -71.9332
v -0.941605 206.9747 -62.4729
v -6.128403 186.9275 -82.6204
v -13.8891 199.6783 -84.5141
v -6.128403 196.8539 -89.9986
v -13.8891 207.1861 -85.9609
v -6.128403 217.8591 -88.2306
v -6.128403 204.9124 -91.3737
v -0.954697 217.8591 -88.2306
v 6.805893 207.1861 -85.9609
v -0.954697 204.9124 -91.3737
v 6.805893 199.6783 -84.5141
v -0.954697 186.9275 -82.6204
v -0.954697 196.8539 -89.9986
v 1.767197 218.0745 -57.3671
v 9.310593 210.4394 -65.2034
v 4.974808 203.2511 -55.2927
v 4.644196 224.1674 -58.2198
v 16.5233 227.5578 -58.6943
v 12.18761 216.5322 -66.0561
v 4.644196 225.4465 -52.4623
v 12.18761 221.6488 -43.0261
v 16.5233 228.837 -52.9368
v 1.767197 219.3537 -51.6096
v 4.974899 204.5303 -49.5352
v 9.310501 215.556 -42.1734
v 20.41341 191.7596 -53.6997
v 33.58929 193.9135 -57.02959
v 32.08659 191.5136 -53.6652
v 24.7798 198.8986 -63.6035
v 27.6716 205.0221 -64.4604
v 37.98399 203.7414 -55.3764
v 36.4812 200.0367 -57.8865
v 32.03841 215.9981 -57.0916
v 32.03841 217.2838 -51.3049
v 36.4812 202.6275 -46.2253
v 37.98399 205.0271 -49.5897
v 27.6716 210.1452 -41.4011
v 24.7798 204.0217 -40.5442
v 32.08659 192.7993 -47.8785
v 33.58929 196.5043 -45.3684
v 20.4133 193.0452 -47.9129
v 62.2878 168.8484 -50.4934
v 75.6124 160.4048 -55.2669
v 72.4435 154.5828 -47.7568
v 63.7825 171.261 -53.8596
v 66.6996 177.3439 -54.7108
v 81.0313 173.3234 -50.3794
v 77.7866 165.0092 -55.9112
v 68.1694 181.1016 -52.2081
v 68.1694 182.3872 -46.4214
v 77.7866 168.8611 -38.5734
v 81.0314 174.2901 -46.0285
v 66.6997 179.9347 -43.0497
v 63.7825 173.8518 -42.1984
v 72.4435 155.5494 -43.4059
v 75.6124 164.2568 -37.9291
v 62.2878 170.134 -44.7067
v 88.7377 134.895 -45.7268
v 92.7356 144.4571 -55.9697
v 100.2076 139.7718 -46.4093
v 95.5592 150.989 -56.8838
v 99.8748 162.047 -49.5265
v 102.9867 146.9052 -47.4076
v 99.8747 163.3262 -43.769
v 95.5592 156.1057 -33.8538
v 102.9867 148.1843 -41.6501
v 92.7356 149.5737 -32.9397
v 88.7377 136.1741 -39.9693
v 100.2076 141.051 -40.6518
v 75.4913 126.9367 -96.9201
v 77.2636 120.3627 -102.1178
v 72.275 116.6825 -93.1252
v 78.6729 131.0543 -98.444
v 85.0839 134.0619 -99.557
v 80.4631 124.6841 -103.698
v 78.6729 133.5063 -94.2707
v 80.4631 134.4828 -87.0206
v 85.0839 136.5139 -95.3837
v 75.4913 129.3887 -92.7468
v 72.275 119.1345 -88.9519
v 77.2636 130.1799 -85.409
v 74.4732 106.8499 -89.9981
v 84.735 97.1177 -88.905
v 81.8768 97.2529 -85.6221
v 79.6756 111.4696 -99.3194
v 84.0634 115.8186 -100.948
v 90.9415 103.9474 -88.0996
v 88.1145 101.0541 -90.3934
v 88.8936 126.1547 -97.1425
v 88.8936 129.1007 -92.1284
v 88.1145 106.452 -81.2062
v 90.9415 106.0978 -84.4397
v 84.0634 126.1299 -83.3983
v 79.6756 121.7625 -81.8011
v 81.8768 99.4033 -81.9621
v 84.7349 102.4851 -79.7697
v 74.4732 109.796 -84.984
v 80.5359 77.3639 -77.9878
v 79.4057 54.4563 -72.7356
v 77.4608 55.7472 -69.9878
v 84.3006 77.4719 -82.6372
v 87.192 78.755 -83.0688
v 84.1492 57.4534 -70.6192
v 82.203 55.6901 -73.1997
v 91.02 83.2226 -80.156
v 91.02 85.1089 -76.9456
v 82.203 60.6969 -64.6781
v 84.1492 59.3397 -67.4088
v 87.192 85.0486 -72.3572
v 84.3006 83.8073 -71.8545
v 77.4608 57.6335 -66.7774
v 79.4057 59.4559 -64.2263
v 80.5359 79.2502 -74.7774
v 73.4204 39.4905 -63.0936
v 75.3705 38.0508 -65.7938
v 67.8352 24.0873 -57.3931
v 76.6698 38.1265 -65.8143
v 78.6177 39.7787 -63.20029
v 69.1284 23.8992 -57.3235
v 78.6177 40.8177 -61.4319
v 76.6698 42.2788 -58.7471
v 69.1284 24.9381 -55.5551
v 75.3705 42.2104 -58.71429
v 73.4203 40.5295 -61.32529
v 67.8352 25.1263 -55.6248
v -6.241898 197.1788 -86.0657
v -12.48289 194.6731 -90.1826
v -6.241898 186.6394 -87.192
v -6.241898 202.5478 -88.0526
v -6.241898 208.0758 -95.1602
v -12.48289 200.0421 -92.1696
v -2.081207 202.5478 -88.0526
v 4.159897 200.0421 -92.1696
v -2.081207 208.0758 -95.1602
v -2.081207 197.1788 -86.0657
v -2.081207 186.6393 -87.192
v 4.159897 194.6731 -90.1826
v -6.252396 181.6725 -95.6284
v -8.375 187.0746 -103.4638
v -6.252396 184.3696 -102.4326
v -12.4935 189.6763 -98.6345
v -12.4935 195.0723 -100.6317
v -6.252396 195.1753 -106.4923
v -8.375 192.4705 -105.461
v -6.252396 203.0758 -103.6379
v -2.070602 203.0758 -103.6379
v 0.052002 192.4705 -105.461
v -2.070602 195.1753 -106.4923
v 4.170395 195.0723 -100.6317
v 4.170395 189.6763 -98.6345
v -2.070602 184.3696 -102.4326
v 0.052002 187.0746 -103.4638
v -2.070602 181.6725 -95.6284
v -6.252396 174.507 -118.9265
v -10.4261 172.3263 -126.3466
v -5.733597 165.9893 -124.1301
v -8.375 177.2197 -119.9537
v -8.375 182.591 -121.9636
v -5.733597 182.4388 -130.0891
v -10.4261 176.3836 -127.8481
v -6.252396 185.328 -122.9783
v -2.070602 185.328 -122.9783
v 2.103104 176.3836 -127.8481
v -2.589401 182.4388 -130.0891
v 0.052002 182.591 -121.9636
v 0.052002 177.2197 -119.9537
v -2.589401 165.9893 -124.1301
v 2.103104 172.3263 -126.3466
v -2.070602 174.507 -118.9265
v -6.241898 155.085 -132.661
v -12.48289 164.8501 -135.574
v -6.241898 161.6482 -139.6045
v -12.48289 170.5415 -137.5519
v -6.241898 178.595 -140.5323
v -6.241898 167.7884 -141.5867
v -2.081207 178.595 -140.5323
v 4.159897 170.5415 -137.5519
v -2.081207 167.7884 -141.5867
v 4.159897 164.8501 -135.574
v -2.081207 155.085 -132.661
v -2.081207 161.6482 -139.6045
v 0.107697 184.1962 -116.113
v 6.174103 176.7704 -121.473
v 2.687302 172.8214 -112.8272
v 2.421402 188.8715 -117.4636
v 11.97459 191.4732 -118.2151
v 8.487793 181.4458 -122.8235
v 2.421402 190.8977 -113.0455
v 8.487793 189.5503 -105.1513
v 11.97459 193.4993 -113.7971
v 0.107697 186.2223 -111.695
v 2.687393 174.8475 -108.4092
v 6.174103 184.875 -103.8008
v 15.10291 164.0006 -110.2919
v 25.6989 165.1205 -113.1679
v 24.49049 163.8119 -110.2374
v 18.6144 167.9119 -118.9268
v 20.94 172.6108 -120.2841
v 29.2332 173.1949 -112.9479
v 28.0247 169.8192 -114.5252
v 24.45171 182.6002 -115.6647
v 24.45171 184.6366 -111.2242
v 28.0247 173.9229 -105.5769
v 29.2332 175.2314 -108.5074
v 20.94 180.7256 -102.5895
v 18.6144 176.0267 -101.2321
v 24.49049 165.8483 -105.7969
v 25.69901 169.2242 -104.2197
v 15.10291 166.037 -105.8515
v 48.7782 146.4196 -105.2134
v 59.4938 138.8926 -108.0581
v 56.9454 135.6031 -101.465
v 49.98021 147.7381 -108.1467
v 52.3262 152.4058 -109.4951
v 63.8517 149.9838 -105.6191
v 61.24229 142.4258 -109.0787
v 53.5081 155.8221 -107.9295
v 53.5081 157.8586 -103.489
v 61.2422 148.5271 -95.7745
v 63.8517 151.5149 -102.2804
v 52.3262 156.5095 -100.5468
v 49.98021 151.8418 -99.1985
v 56.9454 137.1342 -98.1263
v 59.4938 144.9939 -94.7538
v 48.7782 148.456 -100.7729
v 70.0491 120.3679 -97.6753
v 73.2642 126.1387 -106.8472
v 79.2732 124.1102 -98.7563
v 75.5349 131.151 -108.2951
v 79.0055 141.2032 -103.6938
v 81.508 129.584 -100.3375
v 79.0055 143.2293 -99.2758
v 75.5349 139.2555 -90.6229
v 81.508 131.6102 -95.9194
v 73.2642 134.2432 -89.175
v 70.0491 122.3941 -93.2572
v 79.2731 126.1364 -94.3382
v -118.3996 150.5853 22.7436
v -113.8002 134.4675 23.8627
v -120.934 144.9545 13.2073
v -122.9493 157.0574 22.2942
v -125.5092 151.7352 12.7614
v -132.1169 161.7849 21.9659
v -122.9493 157.7806 28.8539
v -132.117 162.508 28.5256
v -125.5092 154.6249 38.9753
v -118.3996 151.3084 29.3033
v -120.934 147.8497 39.4707
v -113.8002 135.1906 30.4224
v -116.9437 119.3279 24.2481
v -127.5308 103.7351 26.4032
v -131.618 105.5764 21.9393
v -124.3831 131.2799 13.5158
v -130.6576 138.1274 13.0154
v -136.4508 111.7833 21.4672
v -140.4933 114.2576 25.6725
v -137.5649 149.6716 22.1411
v -137.5649 150.5404 30.0225
v -140.4933 114.8917 31.4253
v -136.4508 113.3752 35.9078
v -130.6576 141.1683 40.6005
v -124.3831 134.3153 41.0515
v -131.618 107.1593 36.2983
v -127.5308 104.3692 32.156
v -116.9437 120.1967 32.1294
v -125.6133 72.3044 28.9416
v -121.216 38.3267 31.3008
v -123.9971 38.2853 27.1074
v -130.9969 75.3147 22.7358
v -135.1316 77.3049 22.654
v -127.9972 40.2292 26.9626
v -130.7804 41.0085 31.1146
v -140.6057 81.5132 28.3021
v -140.6057 82.0695 33.3484
v -130.7804 41.5648 36.1609
v -127.9972 41.7058 40.3571
v -135.1316 79.1609 39.4907
v -130.9969 77.1831 39.6844
v -123.9971 39.7597 40.4825
v -121.2159 38.883 36.3471
v -125.6133 72.8607 33.9878
v -115.4381 12.233 34.2547
v -107.4513 -11.9781 35.9358
v -118.2268 11.9624 30.0674
v -120.0848 12.0768 30.0692
v -109.3006 -12.2739 35.9563
v -122.8703 12.6861 34.22321
v -122.8703 12.9925 37.0027
v -109.3006 -11.9675 38.7358
v -120.0848 13.3013 41.1776
v -118.2268 13.1891 41.19521
v -107.4513 -11.6717 38.7153
v -115.4381 12.5395 37.0342
v -10.6011 239.356 19.1791
v -14.2899 222.0462 19.179
v -19.276 232.6807 9.094099
v -13.9097 246.4709 19.1791
v -22.58459 239.7956 9.094099
v -27.57069 250.43 19.1791
v -13.9097 246.4709 25.9023
v -27.57069 250.43 25.9023
v -22.58459 239.7956 35.98721
v -10.6011 239.3561 25.9023
v -19.276 232.6807 35.98721
v -14.2899 222.0462 25.9023
v -32.0442 208.6308 19.162
v -45.46849 208.3436 19.162
v -47.1965 211.908 15.7321
v -37.0657 219.2079 9.077101
v -40.3912 226.3586 9.077101
v -50.52229 219.0583 15.7321
v -52.2505 222.6225 19.162
v -45.41299 236.9351 19.162
v -45.41299 236.9351 25.9194
v -52.2505 222.6225 25.9194
v -50.52229 219.0583 29.3493
v -40.3912 226.3586 36.0043
v -37.0657 219.2079 36.0043
v -47.1965 211.908 29.3493
v -45.46849 208.3436 25.9194
v -32.0442 208.6308 25.9194
v -80.19981 181.8765 19.162
v -91.87901 165.0317 20.0003
v -95.52312 173.515 12.4177
v -81.91869 185.4558 15.7321
v -85.27348 192.5591 15.7321
v -98.02348 178.8917 12.4177
v -101.7549 186.9159 20.0003
v -86.96361 196.185 19.162
v -86.9637 196.185 25.9194
v -101.7549 186.9159 25.0811
v -98.02339 178.8916 32.6637
v -85.27348 192.5591 29.3493
v -81.91869 185.4559 29.3493
v -95.52312 173.515 32.6637
v -91.87889 165.0317 25.0811
v -80.19981 181.8765 25.9194
v -110.6172 142.2239 19.1791
v -123.8076 147.9188 19.1791
v -115.2149 155.6306 9.094099
v -118.462 163.2582 9.094099
v -127.0035 156.2487 19.1791
v -123.4249 173.9305 19.1791
v -123.4248 173.9305 25.9023
v -127.0035 156.2487 25.9023
v -118.462 163.2582 35.98721
v -115.2148 155.6306 35.98721
v -123.8076 147.9188 25.9023
v -110.6172 142.2239 25.9023
v -103.0677 142.7335 -43.6764
v -99.06828 129.1439 -40.7864
v -105.2715 136.0972 -51.168
v -107.024 148.1904 -44.8368
v -109.25 141.819 -52.3625
v -114.9958 152.1763 -45.6845
v -107.024 150.0577 -39.3061
v -114.9958 154.0436 -40.1537
v -109.25 149.2811 -30.2603
v -103.0677 144.6008 -38.1456
v -105.2716 143.5733 -29.0242
v -99.06828 131.0111 -35.2557
v -101.8017 116.2523 -38.6421
v -111.0079 103.3093 -34.9279
v -114.562 104.0369 -38.9713
v -108.2708 124.4455 -49.265
v -113.7269 130.2143 -50.5142
v -118.7644 109.2624 -40.1194
v -122.2796 112.1813 -36.8146
v -119.7332 141.8364 -44.0828
v -119.7332 144.0799 -37.4377
v -122.2796 113.8189 -31.9642
v -118.7644 113.373 -27.9438
v -113.7269 138.0666 -27.256
v -108.2708 132.2838 -26.0485
v -114.562 108.1243 -26.8646
v -111.0079 104.9469 -30.0775
v -101.8017 118.4958 -31.997
v -109.3405 76.8765 -28.9875
v -105.5167 48.2284 -22.8953
v -107.9351 47.3951 -26.4814
v -114.0219 78.2737 -34.6626
v -117.6173 79.9624 -34.9711
v -111.4135 49.0323 -26.8383
v -113.8336 50.4896 -23.3761
v -122.3773 84.6408 -30.6387
v -122.3773 86.0773 -26.3839
v -113.8336 51.926 -19.1214
v -111.4135 52.8451 -15.5448
v -117.6173 84.7551 -20.7754
v -114.0219 83.0983 -20.3725
v -107.9351 51.2024 -15.2042
v -105.5167 49.6649 -18.6405
v -109.3405 78.313 -24.7328
v -100.4925 26.445 -17.2386
v -93.54741 6.0315 -12.8975
v -102.9175 25.4165 -20.792
v -104.5331 25.5148 -20.8041
v -95.15559 5.7821 -12.8445
v -106.9553 26.8269 -17.3199
v -106.9553 27.6182 -14.9763
v -95.15559 6.5733 -10.501
v -104.5331 28.6769 -11.4382
v -102.9175 28.5842 -11.4097
v -93.54741 6.8227 -10.554
v -100.4925 27.2362 -14.8951
v -9.329895 218.0745 -57.3671
v -12.5376 203.2511 -55.2927
v -16.87331 210.4394 -65.2034
v -12.20689 224.1674 -58.2198
v -19.75031 216.5322 -66.0561
v -24.086 227.5578 -58.6943
v -12.20689 225.4465 -52.4623
v -24.08611 228.837 -52.9368
v -19.75031 221.6488 -43.0261
v -9.329895 219.3537 -51.6096
v -16.87331 215.556 -42.1734
v -12.5376 204.5303 -49.5352
v -27.9761 191.7596 -53.6997
v -39.64931 191.5136 -53.6652
v -41.15199 193.9135 -57.02959
v -32.3425 198.8986 -63.6035
v -35.2343 205.0221 -64.4604
v -44.04399 200.0367 -57.8865
v -45.5468 203.7414 -55.3764
v -39.6011 215.9981 -57.0916
v -39.6011 217.2838 -51.3049
v -45.54671 205.0271 -49.5897
v -44.04399 202.6275 -46.2253
v -35.2343 210.1452 -41.4011
v -32.3425 204.0217 -40.5442
v -41.15199 196.5043 -45.3684
v -39.64931 192.7993 -47.8785
v -27.9761 193.0452 -47.9129
v -69.85051 168.8484 -50.4934
v -80.0063 154.5828 -47.7568
v -83.17522 160.4048 -55.2669
v -71.3452 171.261 -53.8596
v -74.26241 177.3439 -54.7108
v -85.34929 165.0092 -55.9112
v -88.5941 173.3234 -50.3794
v -75.7321 181.1016 -52.2081
v -75.7321 182.3872 -46.4214
v -88.5941 174.2901 -46.0285
v -85.34929 168.8611 -38.5734
v -74.26241 179.9347 -43.0497
v -71.3452 173.8518 -42.1984
v -83.17522 164.2568 -37.9291
v -80.00621 155.5495 -43.4059
v -69.85051 170.1341 -44.7067
v -96.3004 134.895 -45.7268
v -107.7703 139.7719 -46.4093
v -100.2984 144.4571 -55.9697
v -103.1219 150.989 -56.8838
v -110.5494 146.9052 -47.4076
v -107.4375 162.047 -49.5265
v -107.4375 163.3262 -43.769
v -110.5494 148.1843 -41.65
v -103.1219 156.1057 -33.8538
v -100.2983 149.5737 -32.9397
v -107.7703 141.051 -40.6518
v -96.3004 136.1741 -39.9693
v -83.054 126.9367 -96.9201
v -79.83769 116.6825 -93.1252
v -84.8264 120.3627 -102.1178
v -86.23561 131.0543 -98.444
v -88.0258 124.6841 -103.698
v -92.64659 134.0619 -99.557
v -86.23561 133.5063 -94.2707
v -92.64659 136.5139 -95.3837
v -88.0258 134.4828 -87.0206
v -83.054 129.3887 -92.7468
v -84.8264 130.1799 -85.409
v -79.83769 119.1345 -88.9519
v -82.036 106.8499 -89.9981
v -89.4395 97.2529 -85.6221
v -92.29771 97.1177 -88.905
v -87.2383 111.4697 -99.3193
v -91.62608 115.8186 -100.948
v -95.67729 101.0541 -90.3934
v -98.5042 103.9474 -88.0996
v -96.45628 126.1547 -97.1425
v -96.45628 129.1007 -92.1284
v -98.5042 106.0978 -84.4397
v -95.67729 106.4521 -81.2062
v -91.62608 126.1299 -83.3983
v -87.2383 121.7625 -81.8011
v -92.29771 102.4851 -79.7697
v -89.4395 99.4034 -81.9621
v -82.036 109.796 -84.984
v -88.09862 77.3639 -77.9878
v -85.02348 55.7473 -69.9878
v -86.9684 54.4563 -72.7356
v -91.86339 77.472 -82.6372
v -94.75468 78.7551 -83.0688
v -89.7657 55.6901 -73.1997
v -91.7119 57.4534 -70.6192
v -98.58269 83.2226 -80.156
v -98.58269 85.1089 -76.9456
v -91.7119 59.3397 -67.4088
v -89.7657 60.697 -64.6781
v -94.75468 85.0486 -72.3572
v -91.8633 83.8073 -71.8545
v -86.9684 59.4559 -64.2263
v -85.02348 57.6335 -66.7774
v -88.09862 79.2502 -74.7774
v -80.98311 39.4906 -63.0936
v -75.3979 24.0874 -57.3931
v -82.93321 38.0508 -65.7938
v -84.2325 38.1265 -65.8143
v -76.69109 23.8992 -57.3235
v -86.1805 39.7788 -63.20029
v -86.1805 40.8178 -61.4319
v -76.69109 24.9382 -55.5551
v -84.2325 42.2788 -58.7471
v -82.93321 42.2104 -58.71429
v -75.3979 25.1264 -55.6248
v -80.98311 40.5295 -61.32529
v -7.670502 184.1962 -116.113
v -10.25011 172.8214 -112.8272
v -13.7368 176.7704 -121.473
v -9.9841 188.8715 -117.4636
v -16.05051 181.4458 -122.8235
v -19.53731 191.4732 -118.2151
v -9.9841 190.8977 -113.0455
v -19.53731 193.4993 -113.7971
v -16.05051 189.5503 -105.1513
v -7.670502 186.2223 -111.695
v -13.7368 184.875 -103.8008
v -10.25011 174.8475 -108.4092
v -22.6656 164.0006 -110.2919
v -32.0533 163.8119 -110.2374
v -33.2617 165.1205 -113.1679
v -26.17709 167.9119 -118.9268
v -28.5027 172.6108 -120.2841
v -35.5874 169.8192 -114.5252
v -36.7959 173.1949 -112.9479
v -32.0145 182.6002 -115.6647
v -32.0144 184.6366 -111.2242
v -36.7959 175.2314 -108.5074
v -35.5874 173.9229 -105.5769
v -28.5027 180.7256 -102.5895
v -26.17709 176.0267 -101.2321
v -33.2617 169.2242 -104.2197
v -32.0533 165.8483 -105.7969
v -22.6656 166.037 -105.8515
v -56.3409 146.4196 -105.2134
v -64.5081 135.6031 -101.465
v -67.0565 138.8926 -108.0581
v -57.54289 147.7381 -108.1467
v -59.8889 152.4058 -109.495
v -68.80501 142.4258 -109.0787
v -71.41441 149.9838 -105.6191
v -61.0708 155.8221 -107.9295
v -61.0708 157.8586 -103.489
v -71.41441 151.5149 -102.2804
v -68.80501 148.5271 -95.7744
v -59.8889 156.5095 -100.5468
v -57.54289 151.8418 -99.1985
v -67.0565 144.9939 -94.7538
v -64.5081 137.1342 -98.1263
v -56.3409 148.4561 -100.7729
v -77.6118 120.368 -97.6753
v -86.83589 124.1103 -98.7563
v -80.82701 126.1387 -106.8472
v -83.09761 131.151 -108.2951
v -89.07079 129.584 -100.3375
v -86.56819 141.2032 -103.6938
v -86.56819 143.2294 -99.2758
v -89.07079 131.6102 -95.9194
v -83.09761 139.2555 -90.6229
v -80.82689 134.2432 -89.175
v -86.83589 126.1364 -94.3382
v -77.6118 122.3941 -93.2572
vn -0.859558 0.419479 -0.291886
vn -0.600301 0.0517 -0.798101
vn -0.969647 0.086204 -0.228811
vn -0.647876 0.725974 -0.230692
vn 0.514013 0.686118 -0.514813
vn -0.325494 0.483991 -0.812285
vn -0.674287 0.711487 0.197796
vn 0.0111 0.573991 0.818787
vn 0.059902 0.971035 0.231308
vn -0.896994 0.433297 0.087499
vn -0.949384 -0.0038 0.314095
vn -0.623608 0.287604 0.726909
vn -0.833379 -0.345891 -0.431089
vn -0.374407 -0.186004 -0.908417
vn -0.893813 -0.346305 -0.284904
vn -0.174696 -0.245295 -0.953579
vn 0.451182 0.017299 -0.892264
vn 0.915013 -0.0098 -0.403306
vn 0.39538 -0.137593 -0.908154
vn 0.932488 0.180798 -0.312696
vn 0.8755 0.2736 0.3983
vn 0.568706 0.0412 0.821509
vn 0.955569 0.063298 0.287891
vn 0.321511 0.067002 0.944532
vn -0.414106 -0.138602 0.899614
vn -0.865661 -0.136794 0.481579
vn -0.175291 -0.038898 0.983748
vn -0.847026 -0.374712 0.377012
vn -0.920868 0.056998 -0.385687
vn -0.518983 0.0046 -0.854772
vn -0.961061 0.136994 -0.23999
vn -0.324899 -0.0446 -0.944697
vn 0.486403 -0.116701 -0.865906
vn 0.897413 -0.262904 -0.354305
vn 0.39071 -0.195005 -0.899622
vn 0.95288 -0.159397 -0.258095
vn 0.919009 -0.066401 0.388604
vn 0.600976 -0.123495 0.789669
vn 0.949223 -0.236206 0.207805
vn 0.273811 0.029301 0.961337
vn -0.563231 0.112206 0.818646
vn -0.92919 0.187698 0.318396
vn -0.297396 0.083599 0.951087
vn -0.958014 0.115102 0.262604
vn -0.93022 0.209104 -0.301606
vn -0.373098 -0.0544 -0.926196
vn -0.845715 -0.372507 -0.382107
vn 0.465793 -0.283096 -0.838388
vn 0.913269 -0.383487 -0.137395
vn 0.413705 -0.663108 -0.623808
vn 0.878076 -0.318991 0.35669
vn 0.295011 -0.135505 0.945837
vn 0.492206 -0.763109 0.418805
vn -0.563992 0.140798 0.813689
vn -0.940907 0.277802 0.193701
vn -0.592795 -0.171899 0.786794
vn -0.368482 -0.112894 0.922755
vn -0.861055 -0.323521 0.392325
vn -0.33101 -0.64972 0.684321
vn -0.205106 0.304009 0.930328
vn -0.45538 0.854362 0.250389
vn -0.875025 0.216406 0.433012
vn 0.373512 0.248108 0.89383
vn 0.911973 0.313691 0.264392
vn 0.340309 0.76152 0.551614
vn 0.201103 -0.160002 0.966415
vn 0.4461 -0.7893 0.4219
vn 0.808302 -0.179301 0.560802
vn -0.508615 -0.829925 -0.229207
vn -0.906888 -0.350895 -0.233297
vn -0.29819 -0.900369 -0.316889
vn -0.927769 -0.215993 -0.30429
vn -0.868221 0.360709 -0.340708
vn -0.578188 0.699685 -0.419691
vn -0.889881 0.203696 -0.408191
vn -0.353203 0.760406 -0.545005
vn 0.503501 0.775402 -0.381101
vn 0.903505 0.310702 -0.295202
vn 0.293994 0.827183 -0.47889
vn 0.890531 0.203807 -0.406714
vn 0.907072 -0.350489 -0.233193
vn 0.584511 -0.760914 -0.281705
vn 0.893883 -0.260295 -0.364993
vn 0.357585 -0.839564 -0.408982
vn -0.599188 -0.743485 0.296994
vn -0.907779 -0.297893 0.295293
vn -0.34699 -0.763277 0.544983
vn -0.953914 -0.223803 0.199903
vn -0.9374 0.3481 0.0104
vn -0.603295 0.796293 0.0442
vn -0.953808 0.252802 0.162301
vn -0.30341 0.95183 -0.044301
vn 0.605566 0.794255 -0.049497
vn 0.929101 0.3523 0.1125
vn 0.301505 0.951717 0.057701
vn 0.96389 0.250197 0.091199
vn 0.929976 -0.327092 0.167796
vn 0.503183 -0.721676 0.475384
vn 0.936165 -0.205992 0.284889
vn 0.301788 -0.881364 0.363485
vn -0.528598 -0.848696 0.0173
vn -0.869595 -0.219899 -0.442097
vn -0.259198 -0.288298 -0.921792
vn -0.934433 0.28901 -0.208107
vn -0.294094 0.798684 -0.524989
vn -0.306396 0.101399 -0.946488
vn 0.558105 0.738106 -0.379103
vn 0.839109 0.200902 -0.505505
vn 0.238193 0.216094 -0.946873
vn 0.95521 -0.278303 -0.100601
vn 0.415397 -0.771194 -0.482396
vn 0.321795 -0.170198 -0.931387
vn -0.879865 0.139194 -0.454382
vn -0.493192 -0.207197 -0.844886
vn -0.850193 -0.432497 -0.300198
vn -0.6228 0.7345 -0.2695
vn 0.298387 0.854061 -0.426081
vn -0.199691 0.344884 -0.917158
vn -0.611514 0.621714 0.489411
vn -0.0073 0.389414 0.921034
vn 0.055599 0.940791 0.334397
vn -0.964966 0.101396 0.241991
vn -0.717493 -0.574294 0.394196
vn -0.542783 -0.025899 0.839474
vn -0.332703 -0.812908 -0.478005
vn -0.0625 -0.410302 -0.909805
vn -0.315398 -0.907296 -0.278099
vn 0.081498 -0.293494 -0.952481
vn 0.460277 0.267686 -0.846457
vn 0.66748 0.533584 -0.519384
vn 0.418718 0.095904 -0.903038
vn 0.769913 0.555209 -0.314605
vn 0.671622 0.588719 0.449815
vn 0.399297 0.231198 0.887192
vn 0.751122 0.606418 0.260908
vn 0.417688 0.096297 0.903473
vn -0.062499 -0.409895 0.909989
vn -0.273303 -0.788408 0.551106
vn 0.097499 -0.355197 0.929693
vn -0.240489 -0.910758 0.335685
vn -0.603567 -0.591468 -0.534671
vn -0.385604 -0.224203 -0.89501
vn -0.761033 -0.566425 -0.316214
vn -0.275195 -0.169197 -0.946383
vn 0.212703 0.337405 -0.917014
vn 0.440503 0.710705 -0.548504
vn 0.050201 0.283305 -0.957715
vn 0.552883 0.787375 -0.272692
vn 0.488085 0.681978 0.544683
vn 0.149403 0.367809 0.917821
vn 0.504316 0.818826 0.274209
vn 0.094401 0.262103 0.960412
vn -0.316804 -0.277103 0.90711
vn -0.701003 -0.546402 0.458302
vn -0.322186 -0.135294 0.936959
vn -0.693578 -0.669078 0.266991
vn -0.4091 -0.779901 -0.4737
vn 0.215188 -0.349081 -0.912051
vn 0.613088 -0.714486 -0.337094
vn 0.347693 0.217296 -0.912081
vn 0.794373 0.550481 -0.256791
vn 0.912816 -0.161203 -0.375207
vn 0.680583 0.549087 0.485088
vn 0.514224 0.061603 0.855441
vn 0.958619 -0.0103 0.284506
vn -0.071902 -0.312107 0.947322
vn -0.057701 -0.919512 0.388805
vn 0.733093 -0.535895 0.418796
vn -0.851052 0.368679 -0.373879
vn -0.598499 -0.0623 -0.798698
vn -0.968188 0.052299 -0.244697
vn -0.637898 0.671198 -0.377599
vn 0.504795 0.584994 -0.634794
vn -0.312896 0.349896 -0.882989
vn -0.67906 0.732857 0.042398
vn 0.0135 0.705891 0.708191
vn 0.065002 0.997629 0.022601
vn -0.898171 0.439586 -0.0073
vn -0.949895 0.04 0.309999
vn -0.634901 0.392101 0.665701
vn -0.841096 -0.405898 -0.357498
vn -0.380289 -0.316091 -0.869176
vn -0.89911 -0.384004 -0.210102
vn -0.178294 -0.382787 -0.906469
vn 0.450404 -0.108501 -0.886208
vn 0.915779 -0.065598 -0.396291
vn 0.3996 -0.2655 -0.8774
vn 0.929054 0.134008 -0.34482
vn 0.882019 0.327907 0.338407
vn 0.572198 0.155199 0.805297
vn 0.95703 0.102403 0.271308
vn 0.325003 0.199602 0.924409
vn -0.410498 -0.0109 0.911796
vn -0.86311 -0.066601 0.500606
vn -0.175202 0.099301 0.979512
vn -0.838051 -0.313219 0.446727
vn -0.919915 0.0029 -0.392107
vn -0.517128 -0.115006 -0.848146
vn -0.958763 0.101696 -0.26539
vn -0.324986 -0.176193 -0.929161
vn 0.492077 -0.237389 -0.83756
vn 0.903654 -0.310284 -0.295185
vn 0.397103 -0.321803 -0.859507
vn 0.955772 -0.193494 -0.221494
vn 0.917828 -0.0115 0.396812
vn 0.595998 -0.0119 0.802898
vn 0.945408 -0.203302 0.254702
vn 0.273692 0.163195 0.947871
vn -0.569113 0.225905 0.790618
vn -0.933439 0.23011 0.275212
vn -0.3012 0.2159 0.928798
vn -0.960221 0.150203 0.235405
vn -0.925902 0.1636 -0.340501
vn -0.370214 -0.186007 -0.910134
vn -0.85421 -0.419905 -0.306604
vn 0.475471 -0.403475 -0.781752
vn 0.915784 -0.398093 -0.053499
vn 0.425917 -0.757331 -0.49502
vn 0.870402 -0.262701 0.416401
vn 0.290612 -0.0016 0.95684
vn 0.480074 -0.672164 0.56367
vn -0.573033 0.254715 0.778944
vn -0.944222 0.301607 0.132203
vn -0.590326 -0.054302 0.805336
vn -0.368097 0.019 0.929593
vn -0.85302 -0.260506 0.45221
vn -0.322115 -0.527924 0.785836
vn -0.209606 0.442512 0.871923
vn -0.460898 0.884495 0.0724
vn -0.880539 0.276012 0.385317
vn 0.380207 0.378707 0.843815
vn 0.916539 0.348115 0.196908
vn 0.347109 0.847623 0.401311
vn 0.199996 -0.0205 0.979582
vn 0.435326 -0.698041 0.568534
vn 0.803287 -0.096698 0.58769
vn -0.51429 -0.855983 -0.052899
vn -0.911259 -0.380983 -0.156393
vn -0.302093 -0.944578 -0.128497
vn -0.932083 -0.256895 -0.255395
vn -0.860485 0.303795 -0.408993
vn -0.566132 0.615134 -0.54873
vn -0.885088 0.141498 -0.443394
vn -0.345017 0.651732 -0.675433
vn 0.492486 0.69218 -0.527585
vn 0.897698 0.2618 -0.354399
vn 0.286914 0.724234 -0.627029
vn 0.885729 0.141805 -0.442014
vn 0.911415 -0.380606 -0.156403
vn 0.590582 -0.797976 -0.120196
vn 0.900084 -0.309694 -0.306494
vn 0.362001 -0.902304 -0.234101
vn -0.589665 -0.67546 0.442774
vn -0.902072 -0.248892 0.352589
vn -0.340002 -0.651904 0.677805
vn -0.950832 -0.190606 0.244108
vn -0.936934 0.343313 -0.065502
vn -0.602012 0.787816 -0.130103
vn -0.956598 0.271799 0.1051
vn -0.301307 0.920521 -0.248706
vn 0.601512 0.767915 -0.220204
vn 0.931173 0.362989 0.033999
vn 0.300797 0.941691 -0.150799
vn 0.965348 0.258513 0.035702
vn 0.925899 -0.2961 0.2346
vn 0.493308 -0.62431 0.60571
vn 0.93253 -0.160805 0.32331
vn 0.296394 -0.793584 0.531389
vn -0.529805 -0.829208 0.178102
vn -0.874793 -0.279998 -0.395397
vn -0.263892 -0.424588 -0.866075
vn -0.93006 0.254289 -0.265189
vn -0.285296 0.69309 -0.661991
vn -0.305808 -0.032901 -0.951525
vn 0.546303 0.660003 -0.515703
vn 0.833887 0.126298 -0.537291
vn 0.2367 0.0786 -0.968398
vn 0.956482 -0.288395 -0.044399
vn 0.420898 -0.840696 -0.340698
vn 0.326603 -0.303503 -0.895107
vn -0.877414 0.072601 -0.474208
vn -0.500797 -0.332398 -0.799196
vn -0.856313 -0.472807 -0.207803
vn -0.613324 0.672626 -0.414016
vn 0.290507 0.759517 -0.582013
vn -0.195691 0.203791 -0.959257
vn -0.62338 0.694278 0.359689
vn -0.0061 0.531588 0.846981
vn 0.057703 0.98915 0.135107
vn -0.9666 0.1346 0.2181
vn -0.706107 -0.501505 0.499905
vn -0.544612 0.096502 0.833118
vn -0.338913 -0.888134 -0.310412
vn -0.066298 -0.551887 -0.83128
vn -0.31909 -0.943869 -0.085397
vn 0.082397 -0.435786 -0.896271
vn 0.452714 0.139804 -0.880628
vn 0.654704 0.444603 -0.611303
vn 0.416509 -0.036001 -0.908419
vn 0.759601 0.496001 -0.420701
vn 0.682819 0.653418 0.326809
vn 0.409002 0.361202 0.838004
vn 0.757599 0.639399 0.1312
vn 0.423479 0.227189 0.876956
vn -0.059 -0.265501 0.962304
vn -0.265192 -0.677979 0.685579
vn 0.097897 -0.212393 0.972268
vn -0.234095 -0.828083 0.50939
vn -0.615769 -0.670966 -0.413079
vn -0.396184 -0.354286 -0.847066
vn -0.768924 -0.608619 -0.195806
vn -0.282714 -0.306415 -0.908946
vn 0.204695 0.197095 -0.958777
vn 0.427783 0.607075 -0.669673
vn 0.045402 0.140505 -0.989038
vn 0.541795 0.723793 -0.427296
vn 0.499706 0.765309 0.405705
vn 0.157396 0.507289 0.847281
vn 0.509801 0.854402 0.1005
vn 0.099897 0.403587 0.909471
vn -0.30869 -0.140895 0.94067
vn -0.687924 -0.466717 0.55582
vn -0.317188 0.0004 0.948363
vn -0.682687 -0.612488 0.398493
vn -0.417496 -0.853291 -0.312397
vn 0.221694 -0.486687 -0.844978
vn 0.621614 -0.761017 -0.185604
vn 0.344404 0.081101 -0.935312
vn 0.78601 0.499106 -0.364804
vn 0.916633 -0.212908 -0.338312
vn 0.690078 0.62118 0.371388
vn 0.516397 0.186499 0.835795
vn 0.959031 0.030001 0.281709
vn -0.070799 -0.168298 0.98319
vn -0.057197 -0.826262 0.560374
vn 0.721926 -0.460917 0.516119
vn -0.842149 0.307718 -0.442826
vn -0.599713 -0.176904 -0.780417
vn -0.967246 0.016401 -0.253312
vn -0.624899 0.5947 -0.5058
vn 0.497494 0.470494 -0.728791
vn -0.30169 0.212293 -0.92947
vn -0.678299 0.725699 -0.1152
vn 0.0192 0.822803 0.568002
vn 0.073501 0.979815 -0.185903
vn -0.896496 0.431198 -0.1018
vn -0.951081 0.082598 0.297694
vn -0.646323 0.489318 0.585521
vn -0.847841 -0.455522 -0.271413
vn -0.388272 -0.444167 -0.807441
vn -0.902794 -0.410397 -0.128599
vn -0.182402 -0.518805 -0.835207
vn 0.452899 -0.234399 -0.860198
vn 0.917815 -0.120102 -0.378406
vn 0.406415 -0.392414 -0.825129
vn 0.926216 0.083601 -0.367606
vn 0.888108 0.373703 0.267602
vn 0.578788 0.267994 0.770184
vn 0.958913 0.139202 0.247203
vn 0.330492 0.331492 0.883679
vn -0.410213 0.117204 0.904428
vn -0.862287 0.0053 0.506392
vn -0.175998 0.237597 0.955287
vn -0.829228 -0.243008 0.503317
vn -0.920263 -0.051598 -0.387884
vn -0.518077 -0.23519 -0.822364
vn -0.956937 0.063302 -0.283311
vn -0.326908 -0.308107 -0.893421
vn 0.499921 -0.356415 -0.789333
vn 0.909348 -0.34918 -0.226187
vn 0.404308 -0.446708 -0.798115
vn 0.958478 -0.222395 -0.178496
vn 0.917924 0.044001 0.39431
vn 0.59423 0.100905 0.79794
vn 0.941593 -0.164399 0.293898
vn 0.2753 0.2974 0.914201
vn -0.577398 0.337599 0.743397
vn -0.937618 0.266305 0.223504
vn -0.305703 0.347603 0.886407
vn -0.962543 0.181508 0.201409
vn -0.922173 0.113697 -0.369689
vn -0.369481 -0.318484 -0.872956
vn -0.861807 -0.452904 -0.228402
vn 0.485395 -0.519395 -0.703293
vn 0.915899 -0.4001 0.0324
vn 0.435086 -0.830173 -0.348589
vn 0.863466 -0.199492 0.463282
vn 0.287704 0.133202 0.948411
vn 0.468791 -0.56039 0.682787
vn -0.583594 0.365196 0.725293
vn -0.946276 0.316492 0.066298
vn -0.589521 0.067502 0.804928
vn -0.371002 0.150801 0.916306
vn -0.845686 -0.189797 0.498792
vn -0.313903 -0.396703 0.862607
vn -0.215411 0.577528 0.787439
vn -0.462094 0.880389 -0.106699
vn -0.886093 0.328997 0.326497
vn 0.389484 0.505879 0.769668
vn 0.919709 0.372604 0.123701
vn 0.350891 0.907377 0.231394
vn 0.200702 0.118901 0.97241
vn 0.42431 -0.586614 0.689816
vn 0.800383 -0.011 0.599388
vn -0.51519 -0.847883 0.125198
vn -0.91398 -0.398991 -0.073798
vn -0.302793 -0.950677 0.067298
vn -0.936167 -0.29009 -0.198593
vn -0.853117 0.238705 -0.463909
vn -0.553594 0.514695 -0.654693
vn -0.881859 0.075197 -0.465478
vn -0.336708 0.529512 -0.778618
vn 0.481002 0.589103 -0.649303
vn 0.892175 0.205594 -0.402189
vn 0.279804 0.603309 -0.746812
vn 0.882533 0.075703 -0.464117
vn 0.914159 -0.398582 -0.073797
vn 0.591606 -0.804809 0.047801
vn 0.905895 -0.350098 -0.238299
vn 0.36301 -0.930727 -0.044401
vn -0.578088 -0.587287 0.566488
vn -0.896973 -0.193294 0.397588
vn -0.332909 -0.528815 0.780722
vn -0.947959 -0.151593 0.279988
vn -0.93493 0.326811 -0.138205
vn -0.59629 0.746287 -0.295795
vn -0.958447 0.281684 0.045098
vn -0.297309 0.850026 -0.434813
vn 0.59349 0.711088 -0.376994
vn 0.931435 0.361114 -0.045002
vn 0.298007 0.889022 -0.347609
vn 0.965884 0.258196 -0.0201
vn 0.921302 -0.256101 0.292601
vn 0.483197 -0.513797 0.708896
vn 0.929779 -0.111297 0.350892
vn 0.289997 -0.682793 0.670593
vn -0.526279 -0.784969 0.326887
vn -0.880083 -0.333894 -0.337593
vn -0.270306 -0.557812 -0.784717
vn -0.925232 0.211007 -0.315311
vn -0.276794 0.568688 -0.774583
vn -0.307898 -0.167299 -0.936595
vn 0.532995 0.561795 -0.632695
vn 0.830206 0.0478 -0.555404
vn 0.237293 -0.058598 -0.969669
vn 0.956617 -0.291105 0.0119
vn 0.422415 -0.887632 -0.183507
vn 0.333703 -0.435203 -0.836206
vn -0.876533 0.0047 -0.481318
vn -0.511497 -0.453297 -0.729995
vn -0.86019 -0.498494 -0.107599
vn -0.602087 0.588687 -0.539388
vn 0.281884 0.644264 -0.710961
vn -0.193394 0.061898 -0.979167
vn -0.633013 0.743916 0.214205
vn -0.0049 0.667497 0.744597
vn 0.060301 0.995609 -0.071601
vn -0.968328 0.164305 0.188005
vn -0.694074 -0.415384 0.587978
vn -0.550282 0.217793 0.806074
vn -0.341702 -0.931405 -0.125401
vn -0.069799 -0.686486 -0.723785
vn -0.318893 -0.94128 0.110898
vn 0.084805 -0.574433 -0.814147
vn 0.448987 0.0107 -0.893474
vn 0.642613 0.346207 -0.683513
vn 0.418217 -0.168207 -0.892637
vn 0.747722 0.422912 -0.511915
vn 0.690516 0.697916 0.190004
vn 0.420898 0.486998 0.765296
vn 0.759407 0.650606 -0.0035
vn 0.432416 0.355513 0.82863
vn -0.055902 -0.120505 0.991138
vn -0.256997 -0.553093 0.79249
vn 0.099501 -0.069401 0.992614
vn -0.226795 -0.718983 0.656984
vn -0.624997 -0.731297 -0.273099
vn -0.409002 -0.480303 -0.775904
vn -0.772371 -0.631576 -0.067497
vn -0.291995 -0.440992 -0.848684
vn 0.198595 0.056099 -0.978475
vn 0.414713 0.490516 -0.766425
vn 0.040599 -0.0027 -0.999172
vn 0.527305 0.636906 -0.562406
vn 0.507716 0.825326 0.247108
vn 0.165102 0.641308 0.74931
vn 0.509187 0.857178 -0.077298
vn 0.105006 0.542229 0.833644
vn -0.303297 -0.0036 0.952889
vn -0.674523 -0.376013 0.635322
vn -0.315286 0.136994 0.939057
vn -0.668992 -0.536994 0.513894
vn -0.422997 -0.896094 -0.134499
vn 0.229402 -0.619406 -0.750807
vn 0.625924 -0.77943 -0.026601
vn 0.343684 -0.055297 -0.937456
vn 0.77658 0.431889 -0.458688
vn 0.920729 -0.259608 -0.291309
vn 0.697205 0.675005 0.241402
vn 0.522233 0.30952 0.794651
vn 0.960016 0.069401 0.271205
vn -0.0707 -0.0242 0.997204
vn -0.0583 -0.7083 0.7035
vn 0.710871 -0.373785 0.595775
vn 0.859558 0.419479 -0.291886
vn 0.969647 0.086204 -0.228811
vn 0.600301 0.0517 -0.798101
vn 0.647876 0.725974 -0.230692
vn 0.325494 0.483991 -0.812285
vn -0.514013 0.686118 -0.514813
vn 0.674287 0.711487 0.197796
vn -0.059902 0.971035 0.231308
vn -0.0111 0.573991 0.818787
vn 0.896994 0.433297 0.087499
vn 0.623608 0.287604 0.726909
vn 0.949384 -0.0038 0.314095
vn 0.833379 -0.345891 -0.431089
vn 0.893813 -0.346305 -0.284904
vn 0.374407 -0.186004 -0.908417
vn 0.174696 -0.245295 -0.953579
vn -0.451182 0.017299 -0.892264
vn -0.39538 -0.137593 -0.908154
vn -0.915013 -0.0098 -0.403306
vn -0.932488 0.180798 -0.312696
vn -0.8755 0.2736 0.3983
vn -0.955569 0.063298 0.287891
vn -0.568706 0.0412 0.821509
vn -0.321511 0.067002 0.944532
vn 0.414106 -0.138602 0.899614
vn 0.175291 -0.038898 0.983748
vn 0.865661 -0.136794 0.481579
vn 0.847026 -0.374712 0.377012
vn 0.920868 0.056998 -0.385687
vn 0.961061 0.136994 -0.23999
vn 0.518983 0.0046 -0.854772
vn 0.324899 -0.0446 -0.944697
vn -0.486403 -0.116701 -0.865906
vn -0.39071 -0.195005 -0.899622
vn -0.897413 -0.262904 -0.354305
vn -0.95288 -0.159397 -0.258095
vn -0.919009 -0.066401 0.388604
vn -0.949223 -0.236206 0.207805
vn -0.600976 -0.123495 0.789669
vn -0.273811 0.029301 0.961337
vn 0.563231 0.112206 0.818646
vn 0.297396 0.083599 0.951087
vn 0.92919 0.187698 0.318396
vn 0.958014 0.115102 0.262604
vn 0.93022 0.209104 -0.301606
vn 0.845715 -0.372507 -0.382107
vn 0.373098 -0.0544 -0.926196
vn -0.465793 -0.283096 -0.838388
vn -0.413705 -0.663108 -0.623808
vn -0.913269 -0.383487 -0.137395
vn -0.878076 -0.318991 0.35669
vn -0.492206 -0.763109 0.418805
vn -0.295011 -0.135505 0.945837
vn 0.563992 0.140798 0.813689
vn 0.592795 -0.171899 0.786794
vn 0.940907 0.277802 0.193701
vn 0.879865 0.139194 -0.454382
vn 0.850193 -0.432497 -0.300198
vn 0.493192 -0.207197 -0.844886
vn 0.6228 0.7345 -0.2695
vn 0.199691 0.344884 -0.917158
vn -0.298387 0.854061 -0.426081
vn 0.611514 0.621714 0.489411
vn -0.055599 0.940791 0.334397
vn 0.0073 0.389414 0.921034
vn 0.964966 0.101396 0.241991
vn 0.542783 -0.025899 0.839474
vn 0.717493 -0.574294 0.394196
vn 0.332703 -0.812908 -0.478005
vn 0.315398 -0.907296 -0.278099
vn 0.0625 -0.410302 -0.909805
vn -0.081498 -0.293494 -0.952481
vn -0.460277 0.267686 -0.846457
vn -0.418718 0.095904 -0.903038
vn -0.66748 0.533584 -0.519384
vn -0.769913 0.555209 -0.314605
vn -0.671622 0.588719 0.449815
vn -0.751122 0.606418 0.260908
vn -0.399297 0.231198 0.887192
vn -0.417688 0.096297 0.903473
vn 0.062499 -0.409895 0.909989
vn -0.097499 -0.355197 0.929693
vn 0.273303 -0.788408 0.551106
vn 0.240489 -0.910758 0.335685
vn 0.603567 -0.591468 -0.534671
vn 0.761033 -0.566425 -0.316214
vn 0.385604 -0.224203 -0.89501
vn 0.275195 -0.169197 -0.946383
vn -0.212703 0.337405 -0.917014
vn -0.050201 0.283305 -0.957715
vn -0.440503 0.710705 -0.548504
vn -0.552883 0.787375 -0.272692
vn -0.488085 0.681978 0.544683
vn -0.504316 0.818826 0.274209
vn -0.149403 0.367809 0.917821
vn -0.094401 0.262103 0.960412
vn 0.316804 -0.277103 0.90711
vn 0.322186 -0.135294 0.936959
vn 0.701003 -0.546402 0.458302
vn 0.693578 -0.669078 0.266991
vn 0.4091 -0.779901 -0.4737
vn -0.613088 -0.714486 -0.337094
vn -0.215188 -0.349081 -0.912051
vn -0.347693 0.217296 -0.912081
vn -0.912816 -0.161203 -0.375207
vn -0.794373 0.550481 -0.256791
vn -0.680583 0.549087 0.485088
vn -0.958619 -0.0103 0.284506
vn -0.514224 0.061603 0.855441
vn 0.071902 -0.312107 0.947322
vn -0.733093 -0.535895 0.418796
vn 0.057701 -0.919512 0.388805
vn 0.851052 0.368679 -0.373879
vn 0.968188 0.052299 -0.244697
vn 0.598499 -0.0623 -0.798698
vn 0.637898 0.671198 -0.377599
vn 0.312896 0.349896 -0.882989
vn -0.504795 0.584994 -0.634794
vn 0.67906 0.732857 0.042398
vn -0.065002 0.997629 0.022601
vn -0.0135 0.705891 0.708191
vn 0.898171 0.439586 -0.0073
vn 0.634901 0.392101 0.665701
vn 0.949895 0.04 0.309999
vn 0.841096 -0.405898 -0.357498
vn 0.89911 -0.384004 -0.210102
vn 0.380289 -0.316091 -0.869176
vn 0.178294 -0.382787 -0.906469
vn -0.450404 -0.108501 -0.886208
vn -0.3996 -0.2655 -0.8774
vn -0.915779 -0.065598 -0.396291
vn -0.929054 0.134008 -0.34482
vn -0.882019 0.327907 0.338407
vn -0.95703 0.102403 0.271308
vn -0.572198 0.155199 0.805297
vn -0.325003 0.199602 0.924409
vn 0.410498 -0.0109 0.911796
vn 0.175202 0.099301 0.979512
vn 0.86311 -0.066601 0.500606
vn 0.838051 -0.313219 0.446727
vn 0.919915 0.0029 -0.392107
vn 0.958763 0.101696 -0.26539
vn 0.517128 -0.115006 -0.848146
vn 0.324986 -0.176193 -0.929161
vn -0.492077 -0.237389 -0.83756
vn -0.397103 -0.321803 -0.859507
vn -0.903654 -0.310284 -0.295185
vn -0.955772 -0.193494 -0.221494
vn -0.917828 -0.0115 0.396812
vn -0.945408 -0.203302 0.254702
vn -0.595998 -0.0119 0.802898
vn -0.273692 0.163195 0.947871
vn 0.569113 0.225905 0.790618
vn 0.3012 0.2159 0.928798
vn 0.933439 0.23011 0.275212
vn 0.960221 0.150203 0.235405
vn 0.925902 0.1636 -0.340501
vn 0.85421 -0.419905 -0.306604
vn 0.370214 -0.186007 -0.910134
vn -0.475471 -0.403475 -0.781752
vn -0.425917 -0.757331 -0.49502
vn -0.915784 -0.398093 -0.053499
vn -0.870402 -0.262701 0.416401
vn -0.480074 -0.672164 0.56367
vn -0.290612 -0.0016 0.95684
vn 0.573033 0.254715 0.778944
vn 0.590326 -0.054302 0.805336
vn 0.944222 0.301607 0.132203
vn 0.877414 0.072601 -0.474208
vn 0.856313 -0.472807 -0.207803
vn 0.500797 -0.332398 -0.799196
vn 0.613324 0.672626 -0.414016
vn 0.195691 0.203791 -0.959257
vn -0.290507 0.759517 -0.582013
vn 0.62338 0.694278 0.359689
vn -0.057703 0.98915 0.135107
vn 0.0061 0.531588 0.846981
vn 0.9666 0.1346 0.2181
vn 0.544612 0.096502 0.833118
vn 0.706107 -0.501505 0.499905
vn 0.338913 -0.888134 -0.310412
vn 0.31909 -0.943869 -0.085397
vn 0.066298 -0.551887 -0.83128
vn -0.082397 -0.435786 -0.896271
vn -0.452714 0.139804 -0.880628
vn -0.416509 -0.036001 -0.908419
vn -0.654704 0.444603 -0.611303
vn -0.759601 0.496001 -0.420701
vn -0.682819 0.653418 0.326809
vn -0.757599 0.639399 0.1312
vn -0.409002 0.361202 0.838004
vn -0.423479 0.227189 0.876956
vn 0.059 -0.265501 0.962304
vn -0.097897 -0.212393 0.972268
vn 0.265192 -0.677979 0.685579
vn 0.234095 -0.828083 0.50939
vn 0.615769 -0.670966 -0.413079
vn 0.768924 -0.608619 -0.195806
vn 0.396184 -0.354286 -0.847066
vn 0.282714 -0.306415 -0.908946
vn -0.204695 0.197095 -0.958777
vn -0.045402 0.140505 -0.989038
vn -0.427783 0.607075 -0.669673
vn -0.541795 0.723793 -0.427296
vn -0.499706 0.765309 0.405705
vn -0.509801 0.854402 0.1005
vn -0.157396 0.507289 0.847281
vn -0.099897 0.403587 0.909471
vn 0.30869 -0.140895 0.94067
vn 0.317188 0.0004 0.948363
vn 0.687924 -0.466717 0.55582
vn 0.682687 -0.612488 0.398493
vn 0.417496 -0.853291 -0.312397
vn -0.621614 -0.761017 -0.185604
vn -0.221694 -0.486687 -0.844978
vn -0.344404 0.081101 -0.935312
vn -0.916633 -0.212908 -0.338312
vn -0.78601 0.499106 -0.364804
vn -0.690078 0.62118 0.371388
vn -0.959031 0.030001 0.281709
vn -0.516397 0.186499 0.835795
vn 0.070799 -0.168298 0.98319
vn -0.721926 -0.460917 0.516119
vn 0.057197 -0.826262 0.560374
vn 0.842149 0.307718 -0.442826
vn 0.967246 0.016401 -0.253312
vn 0.599713 -0.176904 -0.780417
vn 0.624899 0.5947 -0.5058
vn 0.30169 0.212293 -0.92947
vn -0.497494 0.470494 -0.728791
vn 0.678299 0.725699 -0.1152
vn -0.073501 0.979815 -0.185903
vn -0.0192 0.822803 0.568002
vn 0.896496 0.431198 -0.1018
vn 0.646323 0.489318 0.585521
vn 0.951081 0.082598 0.297694
vn 0.847841 -0.455522 -0.271413
vn 0.902794 -0.410397 -0.128599
vn 0.388272 -0.444167 -0.807441
vn 0.182402 -0.518805 -0.835207
vn -0.452899 -0.234399 -0.860198
vn -0.406415 -0.392414 -0.825129
vn -0.917815 -0.120102 -0.378406
vn -0.926216 0.083601 -0.367606
vn -0.888108 0.373703 0.267602
vn -0.958913 0.139202 0.247203
vn -0.578788 0.267994 0.770184
vn -0.330492 0.331492 0.883679
vn 0.410213 0.117204 0.904428
vn 0.175998 0.237597 0.955287
vn 0.862287 0.0053 0.506392
vn 0.829228 -0.243008 0.503317
vn 0.920263 -0.051598 -0.387884
vn 0.956937 0.063302 -0.283311
vn 0.518077 -0.23519 -0.822364
vn 0.326908 -0.308107 -0.893421
vn -0.499921 -0.356415 -0.789333
vn -0.404308 -0.446708 -0.798115
vn -0.909348 -0.34918 -0.226187
vn -0.958478 -0.222395 -0.178496
vn -0.917924 0.044001 0.39431
vn -0.941593 -0.164399 0.293898
vn -0.59423 0.100905 0.79794
vn -0.2753 0.2974 0.914201
vn 0.577398 0.337599 0.743397
vn 0.305703 0.347603 0.886407
vn 0.937618 0.266305 0.223504
vn 0.962543 0.181508 0.201409
vn 0.922173 0.113697 -0.369689
vn 0.861807 -0.452904 -0.228402
vn 0.369481 -0.318484 -0.872956
vn -0.485395 -0.519395 -0.703293
vn -0.435086 -0.830173 -0.348589
vn -0.915902 -0.400101 0.0323
vn -0.863466 -0.199492 0.463282
vn -0.468823 -0.560428 0.682734
vn -0.287704 0.133202 0.948411
vn 0.583594 0.365196 0.725293
vn 0.589586 0.067498 0.804881
vn 0.946276 0.316492 0.066298
vn 0.876533 0.0047 -0.481318
vn 0.86019 -0.498494 -0.107599
vn 0.511497 -0.453297 -0.729995
vn 0.602087 0.588687 -0.539388
vn 0.193394 0.061898 -0.979167
vn -0.281884 0.644264 -0.710961
vn 0.633013 0.743916 0.214205
vn -0.060301 0.995609 -0.071601
vn 0.0049 0.667497 0.744597
vn 0.968328 0.164305 0.188005
vn 0.550282 0.217793 0.806074
vn 0.694074 -0.415384 0.587978
vn 0.341702 -0.931405 -0.125401
vn 0.318893 -0.94128 0.110898
vn 0.069799 -0.686486 -0.723785
vn -0.084805 -0.574433 -0.814147
vn -0.448987 0.0107 -0.893474
vn -0.418217 -0.168207 -0.892637
vn -0.642613 0.346207 -0.683513
vn -0.747722 0.422912 -0.511915
vn -0.690516 0.697916 0.190004
vn -0.759407 0.650606 -0.0035
vn -0.420898 0.486998 0.765296
vn -0.432416 0.355513 0.82863
vn 0.055902 -0.120505 0.991138
vn -0.099501 -0.069401 0.992614
vn 0.256997 -0.553093 0.79249
vn 0.226795 -0.718983 0.656984
vn 0.624997 -0.731297 -0.273099
vn 0.772371 -0.631576 -0.067497
vn 0.409002 -0.480303 -0.775904
vn 0.291995 -0.440992 -0.848684
vn -0.198595 0.056099 -0.978475
vn -0.040599 -0.0027 -0.999172
vn -0.414713 0.490516 -0.766425
vn -0.527305 0.636906 -0.562406
vn -0.507716 0.825326 0.247108
vn -0.509187 0.857178 -0.077298
vn -0.165102 0.641308 0.74931
vn -0.105006 0.542229 0.833644
vn 0.303297 -0.0036 0.952889
vn 0.315286 0.136994 0.939057
vn 0.674523 -0.376013 0.635322
vn 0.668992 -0.536994 0.513894
vn 0.422997 -0.896094 -0.134499
vn -0.625924 -0.77943 -0.026601
vn -0.229385 -0.619359 -0.750851
vn -0.343684 -0.055297 -0.937456
vn -0.920729 -0.259608 -0.291309
vn -0.77658 0.431889 -0.458688
vn -0.697205 0.675005 0.241402
vn -0.960016 0.069401 0.271205
vn -0.522233 0.30952 0.794651
vn 0.0707 -0.0242 0.997204
vn -0.710871 -0.373785 0.595775
vn 0.0583 -0.7083 0.7035
vt 0.2042 0.9561
vt 0.1968 0.972
vt 0.2346 0.8986
vt 0.1783 0.9791
vt 0.1021 0.9936
vt 0.1627 0.9937
vt 0.1783 0.9577
vt 0.1627 0.9082
vt 0.1021 0.9722
vt 0.2042 0.9347
vt 0.2346 0.8772
vt 0.1968 0.8863
vt 0.2176 0.8471
vt 0.1067 0.8075
vt 0.1885 0.7756
vt 0.1731 0.9232
vt 0.1155 0.9477
vt 0.0155 0.8324
vt 0.0506 0.8346
vt 0.0403 0.9576
vt 0.0403 0.9319
vt 0.0506 0.7875
vt 0.0155 0.8136
vt 0.1155 0.8577
vt 0.1731 0.8334
vt 0.1885 0.7568
vt 0.1067 0.7607
vt 0.2176 0.8214
vt 0.1795 0.6719
vt 0.1147 0.5684
vt 0.158 0.5533
vt 0.1124 0.7044
vt 0.0626 0.7161
vt 0.0268 0.5677
vt 0.0524 0.5802
vt 0.0144 0.7144
vt 0.0144 0.698
vt 0.0524 0.5365
vt 0.0268 0.5512
vt 0.0626 0.6612
vt 0.1124 0.6491
vt 0.158 0.5368
vt 0.1147 0.5247
vt 0.1795 0.6555
vt 0.1513 0.4562
vt 0.1079 0.4705
vt 0.1161 0.3602
vt 0.0633 0.4684
vt 0.0377 0.4554
vt 0.0715 0.3568
vt 0.0377 0.4463
vt 0.0633 0.4322
vt 0.0715 0.3477
vt 0.1079 0.4342
vt 0.1513 0.4471
vt 0.1161 0.3512
vt 0.1112 0.3442
vt 0.0555 0.3885
vt 0.1748 0.3915
vt 0.0686 0.3451
vt 0.0043 0.3955
vt 0.0129 0.3894
vt 0.1054 0.3481
vt 0.1604 0.4015
vt 0.0411 0.3985
vt 0.1481 0.3472
vt 0.2116 0.3945
vt 0.203 0.4006
vt 0.1728 0.491
vt 0.0876 0.5474
vt 0.128 0.5482
vt 0.0537 0.4883
vt 0.0108 0.4892
vt 0.0419 0.5506
vt 0.0447 0.5483
vt 0.0023 0.4955
vt 0.0394 0.4986
vt 0.1194 0.5544
vt 0.0789 0.5537
vt 0.1585 0.5013
vt 0.2014 0.5004
vt 0.1651 0.5512
vt 0.1623 0.5535
vt 0.2099 0.4941
vt 0.1253 0.7433
vt 0.0726 0.8203
vt 0.164 0.8238
vt 0.0849 0.7424
vt 0.0421 0.7436
vt 0.0338 0.8254
vt 0.0403 0.821
vt 0.0391 0.7456
vt 0.0762 0.7486
vt 0.1514 0.83
vt 0.0616 0.8277
vt 0.1168 0.7497
vt 0.1595 0.7485
vt 0.1919 0.8261
vt 0.1836 0.8293
vt 0.1624 0.7463
vt 0.1956 0.9444
vt 0.0655 0.9347
vt 0.1253 0.9896
vt 0.0208 0.9344
vt 0.0121 0.9403
vt 0.0776 0.9878
vt 0.0489 0.9433
vt 0.1683 0.9464
vt 0.1145 0.9908
vt 0.213 0.9467
vt 0.2325 0.9474
vt 0.1621 0.9926
vt 0.1112 0.3442
vt 0.0555 0.3885
vt 0.1748 0.3915
vt 0.0686 0.3451
vt 0.0043 0.3955
vt 0.0129 0.3894
vt 0.1054 0.3481
vt 0.1604 0.4015
vt 0.0411 0.3985
vt 0.1481 0.3472
vt 0.2116 0.3945
vt 0.203 0.4006
vt 0.1728 0.491
vt 0.0876 0.5474
vt 0.128 0.5482
vt 0.0537 0.4883
vt 0.0108 0.4892
vt 0.0419 0.5506
vt 0.0447 0.5483
vt 0.0023 0.4955
vt 0.0394 0.4986
vt 0.1194 0.5544
vt 0.0789 0.5537
vt 0.1585 0.5013
vt 0.2014 0.5004
vt 0.1651 0.5512
vt 0.1623 0.5535
vt 0.2099 0.4941
vt 0.1253 0.7433
vt 0.0726 0.8203
vt 0.164 0.8238
vt 0.0849 0.7424
vt 0.0421 0.7436
vt 0.0338 0.8254
vt 0.0403 0.821
vt 0.0391 0.7456
vt 0.0762 0.7486
vt 0.1514 0.83
vt 0.0616 0.8277
vt 0.1168 0.7497
vt 0.1595 0.7485
vt 0.1919 0.8261
vt 0.1836 0.8293
vt 0.1624 0.7463
vt 0.1956 0.9444
vt 0.0655 0.9347
vt 0.1253 0.9896
vt 0.0208 0.9344
vt 0.0121 0.9403
vt 0.0776 0.9878
vt 0.0489 0.9433
vt 0.1683 0.9464
vt 0.1145 0.9908
vt 0.213 0.9467
vt 0.2325 0.9474
vt 0.1621 0.9926
vt 0.2042 0.9561
vt 0.1968 0.972
vt 0.2346 0.8986
vt 0.1783 0.9791
vt 0.1021 0.9936
vt 0.1627 0.9937
vt 0.1783 0.9577
vt 0.1627 0.9082
vt 0.1021 0.9722
vt 0.2042 0.9347
vt 0.2346 0.8772
vt 0.1968 0.8863
vt 0.2176 0.8471
vt 0.1067 0.8075
vt 0.1885 0.7756
vt 0.1731 0.9232
vt 0.1155 0.9477
vt 0.0155 0.8324
vt 0.0506 0.8346
vt 0.0403 0.9576
vt 0.0403 0.9319
vt 0.0506 0.7875
vt 0.0155 0.8136
vt 0.1155 0.8577
vt 0.1731 0.8334
vt 0.1885 0.7568
vt 0.1067 0.7607
vt 0.2176 0.8214
vt 0.1795 0.6719
vt 0.1147 0.5684
vt 0.158 0.5533
vt 0.1124 0.7044
vt 0.0626 0.7161
vt 0.0268 0.5677
vt 0.0524 0.5802
vt 0.0144 0.7144
vt 0.0144 0.698
vt 0.0524 0.5365
vt 0.0268 0.5512
vt 0.0626 0.6612
vt 0.1124 0.6491
vt 0.158 0.5368
vt 0.1147 0.5247
vt 0.1795 0.6555
vt 0.1513 0.4562
vt 0.1079 0.4705
vt 0.1161 0.3602
vt 0.0633 0.4684
vt 0.0377 0.4554
vt 0.0715 0.3568
vt 0.0377 0.4463
vt 0.0633 0.4322
vt 0.0715 0.3477
vt 0.1079 0.4342
vt 0.1513 0.4471
vt 0.1161 0.3512
vt 0.1112 0.3442
vt 0.0555 0.3885
vt 0.1748 0.3915
vt 0.0686 0.3451
vt 0.0043 0.3955
vt 0.0129 0.3894
vt 0.1054 0.3481
vt 0.1604 0.4015
vt 0.0411 0.3985
vt 0.1481 0.3472
vt 0.2116 0.3945
vt 0.203 0.4006
vt 0.1728 0.491
vt 0.0876 0.5474
vt 0.128 0.5482
vt 0.0537 0.4883
vt 0.0108 0.4892
vt 0.0419 0.5506
vt 0.0447 0.5483
vt 0.0023 0.4955
vt 0.0394 0.4986
vt 0.1194 0.5544
vt 0.0789 0.5537
vt 0.1585 0.5013
vt 0.2014 0.5004
vt 0.1651 0.5512
vt 0.1623 0.5535
vt 0.2099 0.4941
vt 0.1253 0.7433
vt 0.0726 0.8203
vt 0.164 0.8238
vt 0.0849 0.7424
vt 0.0421 0.7436
vt 0.0338 0.8254
vt 0.0403 0.821
vt 0.0391 0.7456
vt 0.0762 0.7486
vt 0.1514 0.83
vt 0.0616 0.8277
vt 0.1168 0.7497
vt 0.1595 0.7485
vt 0.1919 0.8261
vt 0.1836 0.8293
vt 0.1624 0.7463
vt 0.1956 0.9444
vt 0.0655 0.9347
vt 0.1253 0.9896
vt 0.0208 0.9344
vt 0.0121 0.9403
vt 0.0776 0.9878
vt 0.0489 0.9433
vt 0.1683 0.9464
vt 0.1145 0.9908
vt 0.213 0.9467
vt 0.2325 0.9474
vt 0.1621 0.9926
vt 0.1112 0.3442
vt 0.0555 0.3885
vt 0.1748 0.3915
vt 0.0686 0.3451
vt 0.0043 0.3955
vt 0.0129 0.3894
vt 0.1054 0.3481
vt 0.1604 0.4015
vt 0.0411 0.3985
vt 0.1481 0.3472
vt 0.2116 0.3945
vt 0.203 0.4006
vt 0.1728 0.491
vt 0.0876 0.5474
vt 0.128 0.5482
vt 0.0537 0.4883
vt 0.0108 0.4892
vt 0.0419 0.5506
vt 0.0447 0.5483
vt 0.0023 0.4955
vt 0.0394 0.4986
vt 0.1194 0.5544
vt 0.0789 0.5537
vt 0.1585 0.5013
vt 0.2014 0.5004
vt 0.1651 0.5512
vt 0.1623 0.5535
vt 0.2099 0.4941
vt 0.1253 0.7433
vt 0.0726 0.8203
vt 0.164 0.8238
vt 0.0849 0.7424
vt 0.0421 0.7436
vt 0.0338 0.8254
vt 0.0403 0.821
vt 0.0391 0.7456
vt 0.0762 0.7486
vt 0.1514 0.83
vt 0.0616 0.8277
vt 0.1168 0.7497
vt 0.1595 0.7485
vt 0.1919 0.8261
vt 0.1836 0.8293
vt 0.1624 0.7463
vt 0.1956 0.9444
vt 0.0655 0.9347
vt 0.1253 0.9896
vt 0.0208 0.9344
vt 0.0121 0.9403
vt 0.0776 0.9878
vt 0.0489 0.9433
vt 0.1683 0.9464
vt 0.1145 0.9908
vt 0.213 0.9467
vt 0.2325 0.9474
vt 0.1621 0.9926
vt 0.2042 0.9561
vt 0.1968 0.972
vt 0.2346 0.8986
vt 0.1783 0.9791
vt 0.1021 0.9936
vt 0.1627 0.9937
vt 0.1783 0.9577
vt 0.1627 0.9082
vt 0.1021 0.9722
vt 0.2042 0.9347
vt 0.2346 0.8772
vt 0.1968 0.8863
vt 0.2176 0.8471
vt 0.1067 0.8075
vt 0.1885 0.7756
vt 0.1731 0.9232
vt 0.1155 0.9477
vt 0.0155 0.8324
vt 0.0506 0.8346
vt 0.0403 0.9576
vt 0.0403 0.9319
vt 0.0506 0.7875
vt 0.0155 0.8136
vt 0.1155 0.8577
vt 0.1731 0.8334
vt 0.1885 0.7568
vt 0.1067 0.7607
vt 0.2176 0.8214
vt 0.1795 0.6719
vt 0.1147 0.5684
vt 0.158 0.5533
vt 0.1124 0.7044
vt 0.0626 0.7161
vt 0.0268 0.5677
vt 0.0524 0.5802
vt 0.0144 0.7144
vt 0.0144 0.698
vt 0.0524 0.5365
vt 0.0268 0.5512
vt 0.0626 0.6612
vt 0.1124 0.6491
vt 0.158 0.5368
vt 0.1147 0.5247
vt 0.1795 0.6555
vt 0.1513 0.4562
vt 0.1079 0.4705
vt 0.1161 0.3602
vt 0.0633 0.4684
vt 0.0377 0.4554
vt 0.0715 0.3568
vt 0.0377 0.4463
vt 0.0633 0.4322
vt 0.0715 0.3477
vt 0.1079 0.4342
vt 0.1513 0.4471
vt 0.1161 0.3512
vt 0.1112 0.3442
vt 0.0555 0.3885
vt 0.1748 0.3915
vt 0.0686 0.3451
vt 0.0043 0.3955
vt 0.0129 0.3894
vt 0.1054 0.3481
vt 0.1604 0.4015
vt 0.0411 0.3985
vt 0.1481 0.3472
vt 0.2116 0.3945
vt 0.203 0.4006
vt 0.1728 0.491
vt 0.0876 0.5474
vt 0.128 0.5482
vt 0.0537 0.4883
vt 0.0108 0.4892
vt 0.0419 0.5506
vt 0.0447 0.5483
vt 0.0023 0.4955
vt 0.0394 0.4986
vt 0.1194 0.5544
vt 0.0789 0.5537
vt 0.1585 0.5013
vt 0.2014 0.5004
vt 0.1651 0.5512
vt 0.1623 0.5535
vt 0.2099 0.4941
vt 0.1253 0.7433
vt 0.0726 0.8203
vt 0.164 0.8238
vt 0.0849 0.7424
vt 0.0421 0.7436
vt 0.0338 0.8254
vt 0.0403 0.821
vt 0.0391 0.7456
vt 0.0762 0.7486
vt 0.1514 0.83
vt 0.0616 0.8277
vt 0.1168 0.7497
vt 0.1595 0.7485
vt 0.1919 0.8261
vt 0.1836 0.8293
vt 0.1624 0.7463
vt 0.1956 0.9444
vt 0.0655 0.9347
vt 0.1253 0.9896
vt 0.0208 0.9344
vt 0.0121 0.9403
vt 0.0776 0.9878
vt 0.0489 0.9433
vt 0.1683 0.9464
vt 0.1145 0.9908
vt 0.213 0.9467
vt 0.2325 0.9474
vt 0.1621 0.9926
vt 0.1112 0.3442
vt 0.0555 0.3885
vt 0.1748 0.3915
vt 0.0686 0.3451
vt 0.0043 0.3955
vt 0.0129 0.3894
vt 0.1054 0.3481
vt 0.1604 0.4015
vt 0.0411 0.3985
vt 0.1481 0.3472
vt 0.2116 0.3945
vt 0.203 0.4006
vt 0.1728 0.491
vt 0.0876 0.5474
vt 0.128 0.5482
vt 0.0537 0.4883
vt 0.0108 0.4892
vt 0.0419 0.5506
vt 0.0447 0.5483
vt 0.0023 0.4955
vt 0.0394 0.4986
vt 0.1194 0.5544
vt 0.0789 0.5537
vt 0.1585 0.5013
vt 0.2014 0.5004
vt 0.1651 0.5512
vt 0.1623 0.5535
vt 0.2099 0.4941
vt 0.1253 0.7433
vt 0.0726 0.8203
vt 0.164 0.8238
vt 0.0849 0.7424
vt 0.0421 0.7436
vt 0.0338 0.8254
vt 0.0403 0.821
vt 0.0391 0.7456
vt 0.0762 0.7486
vt 0.1514 0.83
vt 0.0616 0.8277
vt 0.1168 0.7497
vt 0.1595 0.7485
vt 0.1919 0.8261
vt 0.1836 0.8293
vt 0.1624 0.7463
vt 0.1956 0.9444
vt 0.0655 0.9347
vt 0.1253 0.9896
vt 0.0208 0.9344
vt 0.0121 0.9403
vt 0.0776 0.9878
vt 0.0489 0.9433
vt 0.1683 0.9464
vt 0.1145 0.9908
vt 0.213 0.9467
vt 0.2325 0.9474
vt 0.1621 0.9926
vt 0.2042 0.9561
vt 0.2346 0.8986
vt 0.1968 0.972
vt 0.1783 0.9791
vt 0.1627 0.9937
vt 0.1021 0.9936
vt 0.1783 0.9577
vt 0.1021 0.9722
vt 0.1627 0.9082
vt 0.2042 0.9347
vt 0.1968 0.8863
vt 0.2346 0.8772
vt 0.2176 0.8471
vt 0.1885 0.7756
vt 0.1067 0.8075
vt 0.1731 0.9232
vt 0.1155 0.9477
vt 0.0506 0.8346
vt 0.0155 0.8324
vt 0.0403 0.9576
vt 0.0403 0.9319
vt 0.0155 0.8136
vt 0.0506 0.7875
vt 0.1155 0.8577
vt 0.1731 0.8334
vt 0.1067 0.7607
vt 0.1885 0.7568
vt 0.2176 0.8214
vt 0.1795 0.6719
vt 0.158 0.5533
vt 0.1147 0.5684
vt 0.1124 0.7044
vt 0.0626 0.7161
vt 0.0524 0.5802
vt 0.0268 0.5677
vt 0.0144 0.7144
vt 0.0144 0.698
vt 0.0268 0.5512
vt 0.0524 0.5365
vt 0.0626 0.6612
vt 0.1124 0.6491
vt 0.1147 0.5247
vt 0.158 0.5368
vt 0.1795 0.6555
vt 0.1513 0.4562
vt 0.1161 0.3602
vt 0.1079 0.4705
vt 0.0633 0.4684
vt 0.0715 0.3568
vt 0.0377 0.4554
vt 0.0377 0.4463
vt 0.0715 0.3477
vt 0.0633 0.4322
vt 0.1079 0.4342
vt 0.1161 0.3512
vt 0.1513 0.4471
vt 0.1112 0.3442
vt 0.1748 0.3915
vt 0.0555 0.3885
vt 0.0686 0.3451
vt 0.0129 0.3894
vt 0.0043 0.3955
vt 0.1054 0.3481
vt 0.0411 0.3985
vt 0.1604 0.4015
vt 0.1481 0.3472
vt 0.203 0.4006
vt 0.2116 0.3945
vt 0.1728 0.491
vt 0.128 0.5482
vt 0.0876 0.5474
vt 0.0537 0.4883
vt 0.0108 0.4892
vt 0.0447 0.5483
vt 0.0419 0.5506
vt 0.0023 0.4955
vt 0.0394 0.4986
vt 0.0789 0.5537
vt 0.1194 0.5544
vt 0.1585 0.5013
vt 0.2014 0.5004
vt 0.1623 0.5535
vt 0.1651 0.5512
vt 0.2099 0.4941
vt 0.1253 0.7433
vt 0.164 0.8238
vt 0.0726 0.8203
vt 0.0849 0.7424
vt 0.0421 0.7436
vt 0.0403 0.821
vt 0.0338 0.8254
vt 0.0391 0.7456
vt 0.0762 0.7486
vt 0.0616 0.8277
vt 0.1514 0.83
vt 0.1168 0.7497
vt 0.1595 0.7485
vt 0.1836 0.8293
vt 0.1919 0.8261
vt 0.1624 0.7463
vt 0.1956 0.9444
vt 0.1253 0.9896
vt 0.0655 0.9347
vt 0.0208 0.9344
vt 0.0776 0.9878
vt 0.0121 0.9403
vt 0.0489 0.9433
vt 0.1145 0.9908
vt 0.1683 0.9464
vt 0.213 0.9467
vt 0.1621 0.9926
vt 0.2325 0.9474
vt 0.2042 0.9561
vt 0.2346 0.8986
vt 0.1968 0.972
vt 0.1783 0.9791
vt 0.1627 0.9937
vt 0.1021 0.9936
vt 0.1783 0.9577
vt 0.1021 0.9722
vt 0.1627 0.9082
vt 0.2042 0.9347
vt 0.1968 0.8863
vt 0.2346 0.8772
vt 0.2176 0.8471
vt 0.1885 0.7756
vt 0.1067 0.8075
vt 0.1731 0.9232
vt 0.1155 0.9477
vt 0.0506 0.8346
vt 0.0155 0.8324
vt 0.0403 0.9576
vt 0.0403 0.9319
vt 0.0155 0.8136
vt 0.0506 0.7875
vt 0.1155 0.8577
vt 0.1731 0.8334
vt 0.1067 0.7607
vt 0.1885 0.7568
vt 0.2176 0.8214
vt 0.1795 0.6719
vt 0.158 0.5533
vt 0.1147 0.5684
vt 0.1124 0.7044
vt 0.0626 0.7161
vt 0.0524 0.5802
vt 0.0268 0.5677
vt 0.0144 0.7144
vt 0.0144 0.698
vt 0.0268 0.5512
vt 0.0524 0.5365
vt 0.0626 0.6612
vt 0.1124 0.6491
vt 0.1147 0.5247
vt 0.158 0.5368
vt 0.1795 0.6555
vt 0.1513 0.4562
vt 0.1161 0.3602
vt 0.1079 0.4705
vt 0.0633 0.4684
vt 0.0715 0.3568
vt 0.0377 0.4554
vt 0.0377 0.4463
vt 0.0715 0.3477
vt 0.0633 0.4322
vt 0.1079 0.4342
vt 0.1161 0.3512
vt 0.1513 0.4471
vt 0.1112 0.3442
vt 0.1748 0.3915
vt 0.0555 0.3885
vt 0.0686 0.3451
vt 0.0129 0.3894
vt 0.0043 0.3955
vt 0.1054 0.3481
vt 0.0411 0.3985
vt 0.1604 0.4015
vt 0.1481 0.3472
vt 0.203 0.4006
vt 0.2116 0.3945
vt 0.1728 0.491
vt 0.128 0.5482
vt 0.0876 0.5474
vt 0.0537 0.4883
vt 0.0108 0.4892
vt 0.0447 0.5483
vt 0.0419 0.5506
vt 0.0023 0.4955
vt 0.0394 0.4986
vt 0.0789 0.5537
vt 0.1194 0.5544
vt 0.1585 0.5013
vt 0.2014 0.5004
vt 0.1623 0.5535
vt 0.1651 0.5512
vt 0.2099 0.4941
vt 0.1253 0.7433
vt 0.164 0.8238
vt 0.0726 0.8203
vt 0.0849 0.7424
vt 0.0421 0.7436
vt 0.0403 0.821
vt 0.0338 0.8254
vt 0.0391 0.7456
vt 0.0762 0.7486
vt 0.0616 0.8277
vt 0.1514 0.83
vt 0.1168 0.7497
vt 0.1595 0.7485
vt 0.1836 0.8293
vt 0.1919 0.8261
vt 0.1624 0.7463
vt 0.1956 0.9444
vt 0.1253 0.9896
vt 0.0655 0.9347
vt 0.0208 0.9344
vt 0.0776 0.9878
vt 0.0121 0.9403
vt 0.0489 0.9433
vt 0.1145 0.9908
vt 0.1683 0.9464
vt 0.213 0.9467
vt 0.1621 0.9926
vt 0.2325 0.9474
vt 0.2042 0.9561
vt 0.2346 0.8986
vt 0.1968 0.972
vt 0.1783 0.9791
vt 0.1627 0.9937
vt 0.1021 0.9936
vt 0.1783 0.9577
vt 0.1021 0.9722
vt 0.1627 0.9082
vt 0.2042 0.9347
vt 0.1968 0.8863
vt 0.2346 0.8772
vt 0.2176 0.8471
vt 0.1885 0.7756
vt 0.1067 0.8075
vt 0.1731 0.9232
vt 0.1155 0.9477
vt 0.0506 0.8346
vt 0.0155 0.8324
vt 0.0403 0.9576
vt 0.0403 0.9319
vt 0.0155 0.8136
vt 0.0506 0.7875
vt 0.1155 0.8577
vt 0.1731 0.8334
vt 0.1067 0.7607
vt 0.1885 0.7568
vt 0.2176 0.8214
vt 0.1795 0.6719
vt 0.158 0.5533
vt 0.1147 0.5684
vt 0.1124 0.7044
vt 0.0626 0.7161
vt 0.0524 0.5802
vt 0.0268 0.5677
vt 0.0144 0.7144
vt 0.0144 0.698
vt 0.0268 0.5512
vt 0.0524 0.5365
vt 0.0626 0.6612
vt 0.1124 0.6491
vt 0.1147 0.5247
vt 0.158 0.5368
vt 0.1795 0.6555
vt 0.1513 0.4562
vt 0.1161 0.3602
vt 0.1079 0.4705
vt 0.0633 0.4684
vt 0.0715 0.3568
vt 0.0377 0.4554
vt 0.0377 0.4463
vt 0.0715 0.3477
vt 0.0633 0.4322
vt 0.1079 0.4342
vt 0.1161 0.3512
vt 0.1513 0.4471
vt 0.1112 0.3442
vt 0.1748 0.3915
vt 0.0555 0.3885
vt 0.0686 0.3451
vt 0.0129 0.3894
vt 0.0043 0.3955
vt 0.1054 0.3481
vt 0.0411 0.3985
vt 0.1604 0.4015
vt 0.1481 0.3472
vt 0.203 0.4006
vt 0.2116 0.3945
vt 0.1728 0.491
vt 0.128 0.5482
vt 0.0876 0.5474
vt 0.0537 0.4883
vt 0.0108 0.4892
vt 0.0447 0.5483
vt 0.0419 0.5506
vt 0.0023 0.4955
vt 0.0394 0.4986
vt 0.0789 0.5537
vt 0.1194 0.5544
vt 0.1585 0.5013
vt 0.2014 0.5004
vt 0.1623 0.5535
vt 0.1651 0.5512
vt 0.2099 0.4941
vt 0.1253 0.7433
vt 0.164 0.8238
vt 0.0726 0.8203
vt 0.0849 0.7424
vt 0.0421 0.7436
vt 0.0403 0.821
vt 0.0338 0.8254
vt 0.0391 0.7456
vt 0.0762 0.7486
vt 0.0616 0.8277
vt 0.1514 0.83
vt 0.1168 0.7497
vt 0.1595 0.7485
vt 0.1836 0.8293
vt 0.1919 0.8261
vt 0.1624 0.7463
vt 0.1956 0.9444
vt 0.1253 0.9896
vt 0.0655 0.9347
vt 0.0208 0.9344
vt 0.0776 0.9878
vt 0.0121 0.9403
vt 0.0489 0.9433
vt 0.1145 0.9908
vt 0.1683 0.9464
vt 0.213 0.9467
vt 0.1621 0.9926
vt 0.2325 0.9474
f 1/1/1 3/3/3 2/2/2
f 4/4/4 6/6/6 5/5/5
f 7/7/7 9/9/9 8/8/8
f 10/10/10 12/12/12 11/11/11
f 13/13/13 15/15/15 14/14/14
f 13/13/13 14/14/14 16/16/16
f 17/17/17 19/19/19 18/18/18
f 17/17/17 18/18/18 20/20/20
f 21/21/21 23/23/23 22/22/22
f 21/21/21 22/22/22 24/24/24
f 25/25/25 27/27/27 26/26/26
f 25/25/25 26/26/26 28/28/28
f 29/29/29 31/31/31 30/30/30
f 29/29/29 30/30/30 32/32/32
f 33/33/33 35/35/35 34/34/34
f 33/33/33 34/34/34 36/36/36
f 37/37/37 39/39/39 38/38/38
f 37/37/37 38/38/38 40/40/40
f 41/41/41 43/43/43 42/42/42
f 41/41/41 42/42/42 44/44/44
f 45/45/45 47/47/47 46/46/46
f 48/48/48 50/50/50 49/49/49
f 51/51/51 53/53/53 52/52/52
f 54/54/54 56/56/56 55/55/55
f 1/1/1 6/6/6 4/4/4
f 1/1/1 2/2/2 6/6/6
f 10/10/10 3/3/3 1/1/1
f 10/10/10 11/11/11 3/3/3
f 7/7/7 12/12/12 10/10/10
f 7/7/7 8/8/8 12/12/12
f 4/4/4 9/9/9 7/7/7
f 4/4/4 5/5/5 9/9/9
f 10/10/10 1/1/1 4/4/4
f 10/10/10 4/4/4 7/7/7
f 13/13/13 2/2/2 3/3/3
f 13/13/13 16/16/16 2/2/2
f 28/28/28 15/15/15 13/13/13
f 28/28/28 26/26/26 15/15/15
f 11/11/11 25/25/25 28/28/28
f 11/11/11 12/12/12 25/25/25
f 3/3/3 11/11/11 13/13/13
f 13/13/13 11/11/11 28/28/28
f 17/17/17 5/5/5 6/6/6
f 17/17/17 20/20/20 5/5/5
f 16/16/16 19/19/19 17/17/17
f 16/16/16 14/14/14 19/19/19
f 2/2/2 17/17/17 6/6/6
f 17/17/17 2/2/2 16/16/16
f 21/21/21 8/8/8 9/9/9
f 21/21/21 24/24/24 8/8/8
f 20/20/20 23/23/23 21/21/21
f 20/20/20 18/18/18 23/23/23
f 9/9/9 5/5/5 21/21/21
f 21/21/21 5/5/5 20/20/20
f 24/24/24 27/27/27 25/25/25
f 24/24/24 22/22/22 27/27/27
f 12/12/12 8/8/8 24/24/24
f 12/12/12 24/24/24 25/25/25
f 29/29/29 14/14/14 15/15/15
f 29/29/29 32/32/32 14/14/14
f 44/44/44 31/31/31 29/29/29
f 44/44/44 42/42/42 31/31/31
f 26/26/26 41/41/41 44/44/44
f 26/26/26 27/27/27 41/41/41
f 15/15/15 26/26/26 29/29/29
f 29/29/29 26/26/26 44/44/44
f 33/33/33 18/18/18 19/19/19
f 33/33/33 36/36/36 18/18/18
f 32/32/32 35/35/35 33/33/33
f 32/32/32 30/30/30 35/35/35
f 14/14/14 33/33/33 19/19/19
f 33/33/33 14/14/14 32/32/32
f 37/37/37 22/22/22 23/23/23
f 37/37/37 40/40/40 22/22/22
f 36/36/36 39/39/39 37/37/37
f 36/36/36 34/34/34 39/39/39
f 18/18/18 37/37/37 23/23/23
f 37/37/37 18/18/18 36/36/36
f 40/40/40 43/43/43 41/41/41
f 40/40/40 38/38/38 43/43/43
f 27/27/27 40/40/40 41/41/41
f 40/40/40 27/27/27 22/22/22
f 45/45/45 30/30/30 31/31/31
f 45/45/45 46/46/46 30/30/30
f 55/55/55 47/47/47 45/45/45
f 55/55/55 56/56/56 47/47/47
f 42/42/42 54/54/54 55/55/55
f 42/42/42 43/43/43 54/54/54
f 45/45/45 42/42/42 55/55/55
f 42/42/42 45/45/45 31/31/31
f 48/48/48 34/34/34 35/35/35
f 48/48/48 49/49/49 34/34/34
f 46/46/46 50/50/50 48/48/48
f 46/46/46 47/47/47 50/50/50
f 48/48/48 30/30/30 46/46/46
f 30/30/30 48/48/48 35/35/35
f 51/51/51 38/38/38 39/39/39
f 51/51/51 52/52/52 38/38/38
f 49/49/49 53/53/53 51/51/51
f 49/49/49 50/50/50 53/53/53
f 49/49/49 51/51/51 39/39/39
f 49/49/49 39/39/39 34/34/34
f 52/52/52 56/56/56 54/54/54
f 52/52/52 53/53/53 56/56/56
f 52/52/52 54/54/54 43/43/43
f 52/52/52 43/43/43 38/38/38
f 47/47/47 56/56/56 53/53/53
f 47/47/47 53/53/53 50/50/50
f 57/57/57 59/59/59 58/58/58
f 60/60/60 62/62/62 61/61/61
f 63/63/63 65/65/65 64/64/64
f 66/66/66 68/68/68 67/67/67
f 69/69/69 71/71/71 70/70/70
f 69/69/69 70/70/70 72/72/72
f 73/73/73 75/75/75 74/74/74
f 73/73/73 74/74/74 76/76/76
f 77/77/77 79/79/79 78/78/78
f 77/77/77 78/78/78 80/80/80
f 81/81/81 83/83/83 82/82/82
f 81/81/81 82/82/82 84/84/84
f 85/85/85 87/87/87 86/86/86
f 85/85/85 86/86/86 88/88/88
f 89/89/89 91/91/91 90/90/90
f 89/89/89 90/90/90 92/92/92
f 93/93/93 95/95/95 94/94/94
f 93/93/93 94/94/94 96/96/96
f 97/97/97 99/99/99 98/98/98
f 97/97/97 98/98/98 100/100/100
f 101/101/101 103/103/103 102/102/102
f 104/104/104 106/106/106 105/105/105
f 107/107/107 109/109/109 108/108/108
f 110/110/110 112/112/112 111/111/111
f 57/57/57 62/62/62 60/60/60
f 57/57/57 58/58/58 62/62/62
f 66/66/66 59/59/59 57/57/57
f 66/66/66 67/67/67 59/59/59
f 63/63/63 68/68/68 66/66/66
f 63/63/63 64/64/64 68/68/68
f 60/60/60 65/65/65 63/63/63
f 60/60/60 61/61/61 65/65/65
f 63/63/63 66/66/66 60/60/60
f 60/60/60 66/66/66 57/57/57
f 69/69/69 58/58/58 59/59/59
f 69/69/69 72/72/72 58/58/58
f 84/84/84 71/71/71 69/69/69
f 84/84/84 82/82/82 71/71/71
f 67/67/67 81/81/81 84/84/84
f 67/67/67 68/68/68 81/81/81
f 59/59/59 67/67/67 69/69/69
f 69/69/69 67/67/67 84/84/84
f 73/73/73 61/61/61 62/62/62
f 73/73/73 76/76/76 61/61/61
f 72/72/72 75/75/75 73/73/73
f 72/72/72 70/70/70 75/75/75
f 58/58/58 72/72/72 62/62/62
f 62/62/62 72/72/72 73/73/73
f 77/77/77 64/64/64 65/65/65
f 77/77/77 80/80/80 64/64/64
f 76/76/76 79/79/79 77/77/77
f 76/76/76 74/74/74 79/79/79
f 65/65/65 61/61/61 77/77/77
f 77/77/77 61/61/61 76/76/76
f 80/80/80 83/83/83 81/81/81
f 80/80/80 78/78/78 83/83/83
f 68/68/68 64/64/64 81/81/81
f 81/81/81 64/64/64 80/80/80
f 85/85/85 70/70/70 71/71/71
f 85/85/85 88/88/88 70/70/70
f 100/100/100 87/87/87 85/85/85
f 100/100/100 98/98/98 87/87/87
f 82/82/82 97/97/97 100/100/100
f 82/82/82 83/83/83 97/97/97
f 100/100/100 85/85/85 71/71/71
f 100/100/100 71/71/71 82/82/82
f 89/89/89 74/74/74 75/75/75
f 89/89/89 92/92/92 74/74/74
f 88/88/88 91/91/91 89/89/89
f 88/88/88 86/86/86 91/91/91
f 89/89/89 70/70/70 88/88/88
f 70/70/70 89/89/89 75/75/75
f 93/93/93 78/78/78 79/79/79
f 93/93/93 96/96/96 78/78/78
f 92/92/92 95/95/95 93/93/93
f 92/92/92 90/90/90 95/95/95
f 92/92/92 79/79/79 74/74/74
f 79/79/79 92/92/92 93/93/93
f 96/96/96 99/99/99 97/97/97
f 96/96/96 94/94/94 99/99/99
f 78/78/78 97/97/97 83/83/83
f 97/97/97 78/78/78 96/96/96
f 101/101/101 86/86/86 87/87/87
f 101/101/101 102/102/102 86/86/86
f 111/111/111 103/103/103 101/101/101
f 111/111/111 112/112/112 103/103/103
f 98/98/98 110/110/110 111/111/111
f 98/98/98 99/99/99 110/110/110
f 111/111/111 101/101/101 98/98/98
f 98/98/98 101/101/101 87/87/87
f 104/104/104 90/90/90 91/91/91
f 104/104/104 105/105/105 90/90/90
f 102/102/102 106/106/106 104/104/104
f 102/102/102 103/103/103 106/106/106
f 102/102/102 104/104/104 86/86/86
f 86/86/86 104/104/104 91/91/91
f 107/107/107 94/94/94 95/95/95
f 107/107/107 108/108/108 94/94/94
f 105/105/105 109/109/109 107/107/107
f 105/105/105 106/106/106 109/109/109
f 107/107/107 95/95/95 105/105/105
f 105/105/105 95/95/95 90/90/90
f 108/108/108 112/112/112 110/110/110
f 108/108/108 109/109/109 112/112/112
f 108/108/108 110/110/110 94/94/94
f 94/94/94 110/110/110 99/99/99
f 103/103/103 112/112/112 106/106/106
f 106/106/106 112/112/112 109/109/109
f 113/113/113 115/115/115 114/114/114
f 116/116/116 118/118/118 117/117/117
f 119/119/119 121/121/121 120/120/120
f 122/122/122 124/124/124 123/123/123
f 125/125/125 127/127/127 126/126/126
f 125/125/125 126/126/126 128/128/128
f 129/129/129 131/131/131 130/130/130
f 129/129/129 130/130/130 132/132/132
f 133/133/133 135/135/135 134/134/134
f 133/133/133 134/134/134 136/136/136
f 137/137/137 139/139/139 138/138/138
f 137/137/137 138/138/138 140/140/140
f 141/141/141 143/143/143 142/142/142
f 141/141/141 142/142/142 144/144/144
f 145/145/145 147/147/147 146/146/146
f 145/145/145 146/146/146 148/148/148
f 149/149/149 151/151/151 150/150/150
f 149/149/149 150/150/150 152/152/152
f 153/153/153 155/155/155 154/154/154
f 153/153/153 154/154/154 156/156/156
f 157/157/157 159/159/159 158/158/158
f 160/160/160 162/162/162 161/161/161
f 163/163/163 165/165/165 164/164/164
f 166/166/166 168/168/168 167/167/167
f 113/113/113 118/118/118 116/116/116
f 113/113/113 114/114/114 118/118/118
f 122/122/122 115/115/115 113/113/113
f 122/122/122 123/123/123 115/115/115
f 119/119/119 124/124/124 122/122/122
f 119/119/119 120/120/120 124/124/124
f 116/116/116 121/121/121 119/119/119
f 116/116/116 117/117/117 121/121/121
f 119/119/119 122/122/122 116/116/116
f 116/116/116 122/122/122 113/113/113
f 125/125/125 114/114/114 115/115/115
f 125/125/125 128/128/128 114/114/114
f 140/140/140 127/127/127 125/125/125
f 140/140/140 138/138/138 127/127/127
f 123/123/123 137/137/137 140/140/140
f 123/123/123 124/124/124 137/137/137
f 115/115/115 123/123/123 125/125/125
f 125/125/125 123/123/123 140/140/140
f 129/129/129 117/117/117 118/118/118
f 129/129/129 132/132/132 117/117/117
f 128/128/128 131/131/131 129/129/129
f 128/128/128 126/126/126 131/131/131
f 114/114/114 128/128/128 118/118/118
f 118/118/118 128/128/128 129/129/129
f 133/133/133 120/120/120 121/121/121
f 133/133/133 136/136/136 120/120/120
f 132/132/132 135/135/135 133/133/133
f 132/132/132 130/130/130 135/135/135
f 121/121/121 117/117/117 133/133/133
f 133/133/133 117/117/117 132/132/132
f 136/136/136 139/139/139 137/137/137
f 136/136/136 134/134/134 139/139/139
f 124/124/124 120/120/120 137/137/137
f 137/137/137 120/120/120 136/136/136
f 141/141/141 126/126/126 127/127/127
f 141/141/141 144/144/144 126/126/126
f 156/156/156 143/143/143 141/141/141
f 156/156/156 154/154/154 143/143/143
f 138/138/138 153/153/153 156/156/156
f 138/138/138 139/139/139 153/153/153
f 156/156/156 141/141/141 127/127/127
f 156/156/156 127/127/127 138/138/138
f 145/145/145 130/130/130 131/131/131
f 145/145/145 148/148/148 130/130/130
f 144/144/144 147/147/147 145/145/145
f 144/144/144 142/142/142 147/147/147
f 145/145/145 126/126/126 144/144/144
f 126/126/126 145/145/145 131/131/131
f 149/149/149 134/134/134 135/135/135
f 149/149/149 152/152/152 134/134/134
f 148/148/148 151/151/151 149/149/149
f 148/148/148 146/146/146 151/151/151
f 148/148/148 135/135/135 130/130/130
f 135/135/135 148/148/148 149/149/149
f 152/152/152 155/155/155 153/153/153
f 152/152/152 150/150/150 155/155/155
f 134/134/134 153/153/153 139/139/139
f 153/153/153 134/134/134 152/152/152
f 157/157/157 142/142/142 143/143/143
f 157/157/157 158/158/158 142/142/142
f 167/167/167 159/159/159 157/157/157
f 167/167/167 168/168/168 159/159/159
f 154/154/154 166/166/166 167/167/167
f 154/154/154 155/155/155 166/166/166
f 167/167/167 157/157/157 154/154/154
f 154/154/154 157/157/157 143/143/143
f 160/160/160 146/146/146 147/147/147
f 160/160/160 161/161/161 146/146/146
f 158/158/158 162/162/162 160/160/160
f 158/158/158 159/159/159 162/162/162
f 158/158/158 160/160/160 142/142/142
f 142/142/142 160/160/160 147/147/147
f 163/163/163 150/150/150 151/151/151
f 163/163/163 164/164/164 150/150/150
f 161/161/161 165/165/165 163/163/163
f 161/161/161 162/162/162 165/165/165
f 163/163/163 151/151/151 161/161/161
f 161/161/161 151/151/151 146/146/146
f 164/164/164 168/168/168 166/166/166
f 164/164/164 165/165/165 168/168/168
f 164/164/164 166/166/166 150/150/150
f 150/150/150 166/166/166 155/155/155
f 159/159/159 168/168/168 162/162/162
f 162/162/162 168/168/168 165/165/165
f 169/169/169 171/171/171 170/170/170
f 172/172/172 174/174/174 173/173/173
f 175/175/175 177/177/177 176/176/176
f 178/178/178 180/180/180 179/179/179
f 181/181/181 183/183/183 182/182/182
f 181/181/181 182/182/182 184/184/184
f 185/185/185 187/187/187 186/186/186
f 185/185/185 186/186/186 188/188/188
f 189/189/189 191/191/191 190/190/190
f 189/189/189 190/190/190 192/192/192
f 193/193/193 195/195/195 194/194/194
f 193/193/193 194/194/194 196/196/196
f 197/197/197 199/199/199 198/198/198
f 197/197/197 198/198/198 200/200/200
f 201/201/201 203/203/203 202/202/202
f 201/201/201 202/202/202 204/204/204
f 205/205/205 207/207/207 206/206/206
f 205/205/205 206/206/206 208/208/208
f 209/209/209 211/211/211 210/210/210
f 209/209/209 210/210/210 212/212/212
f 213/213/213 215/215/215 214/214/214
f 216/216/216 218/218/218 217/217/217
f 219/219/219 221/221/221 220/220/220
f 222/222/222 224/224/224 223/223/223
f 169/169/169 174/174/174 172/172/172
f 169/169/169 170/170/170 174/174/174
f 178/178/178 171/171/171 169/169/169
f 178/178/178 179/179/179 171/171/171
f 175/175/175 180/180/180 178/178/178
f 175/175/175 176/176/176 180/180/180
f 172/172/172 177/177/177 175/175/175
f 172/172/172 173/173/173 177/177/177
f 178/178/178 169/169/169 172/172/172
f 178/178/178 172/172/172 175/175/175
f 181/181/181 170/170/170 171/171/171
f 181/181/181 184/184/184 170/170/170
f 196/196/196 183/183/183 181/181/181
f 196/196/196 194/194/194 183/183/183
f 179/179/179 193/193/193 196/196/196
f 179/179/179 180/180/180 193/193/193
f 171/171/171 179/179/179 181/181/181
f 181/181/181 179/179/179 196/196/196
f 185/185/185 173/173/173 174/174/174
f 185/185/185 188/188/188 173/173/173
f 184/184/184 187/187/187 185/185/185
f 184/184/184 182/182/182 187/187/187
f 170/170/170 185/185/185 174/174/174
f 185/185/185 170/170/170 184/184/184
f 189/189/189 176/176/176 177/177/177
f 189/189/189 192/192/192 176/176/176
f 188/188/188 191/191/191 189/189/189
f 188/188/188 186/186/186 191/191/191
f 177/177/177 173/173/173 189/189/189
f 189/189/189 173/173/173 188/188/188
f 192/192/192 195/195/195 193/193/193
f 192/192/192 190/190/190 195/195/195
f 180/180/180 176/176/176 192/192/192
f 180/180/180 192/192/192 193/193/193
f 197/197/197 182/182/182 183/183/183
f 197/197/197 200/200/200 182/182/182
f 212/212/212 199/199/199 197/197/197
f 212/212/212 210/210/210 199/199/199
f 194/194/194 209/209/209 212/212/212
f 194/194/194 195/195/195 209/209/209
f 183/183/183 194/194/194 197/197/197
f 197/197/197 194/194/194 212/212/212
f 201/201/201 186/186/186 187/187/187
f 201/201/201 204/204/204 186/186/186
f 200/200/200 203/203/203 201/201/201
f 200/200/200 198/198/198 203/203/203
f 182/182/182 201/201/201 187/187/187
f 201/201/201 182/182/182 200/200/200
f 205/205/205 190/190/190 191/191/191
f 205/205/205 208/208/208 190/190/190
f 204/204/204 207/207/207 205/205/205
f 204/204/204 202/202/202 207/207/207
f 186/186/186 205/205/205 191/191/191
f 205/205/205 186/186/186 204/204/204
f 208/208/208 211/211/211 209/209/209
f 208/208/208 206/206/206 211/211/211
f 195/195/195 208/208/208 209/209/209
f 208/208/208 195/195/195 190/190/190
f 213/213/213 198/198/198 199/199/199
f 213/213/213 214/214/214 198/198/198
f 223/223/223 215/215/215 213/213/213
f 223/223/223 224/224/224 215/215/215
f 210/210/210 222/222/222 223/223/223
f 210/210/210 211/211/211 222/222/222
f 213/213/213 210/210/210 223/223/223
f 210/210/210 213/213/213 199/199/199
f 216/216/216 202/202/202 203/203/203
f 216/216/216 217/217/217 202/202/202
f 214/214/214 218/218/218 216/216/216
f 214/214/214 215/215/215 218/218/218
f 216/216/216 198/198/198 214/214/214
f 198/198/198 216/216/216 203/203/203
f 219/219/219 206/206/206 207/207/207
f 219/219/219 220/220/220 206/206/206
f 217/217/217 221/221/221 219/219/219
f 217/217/217 218/218/218 221/221/221
f 217/217/217 219/219/219 207/207/207
f 217/217/217 207/207/207 202/202/202
f 220/220/220 224/224/224 222/222/222
f 220/220/220 221/221/221 224/224/224
f 220/220/220 222/222/222 211/211/211
f 220/220/220 211/211/211 206/206/206
f 215/215/215 224/224/224 221/221/221
f 215/215/215 221/221/221 218/218/218
f 225/225/225 227/227/227 226/226/226
f 228/228/228 230/230/230 229/229/229
f 231/231/231 233/233/233 232/232/232
f 234/234/234 236/236/236 235/235/235
f 237/237/237 239/239/239 238/238/238
f 237/237/237 238/238/238 240/240/240
f 241/241/241 243/243/243 242/242/242
f 241/241/241 242/242/242 244/244/244
f 245/245/245 247/247/247 246/246/246
f 245/245/245 246/246/246 248/248/248
f 249/249/249 251/251/251 250/250/250
f 249/249/249 250/250/250 252/252/252
f 253/253/253 255/255/255 254/254/254
f 253/253/253 254/254/254 256/256/256
f 257/257/257 259/259/259 258/258/258
f 257/257/257 258/258/258 260/260/260
f 261/261/261 263/263/263 262/262/262
f 261/261/261 262/262/262 264/264/264
f 265/265/265 267/267/267 266/266/266
f 265/265/265 266/266/266 268/268/268
f 269/269/269 271/271/271 270/270/270
f 272/272/272 274/274/274 273/273/273
f 275/275/275 277/277/277 276/276/276
f 278/278/278 280/280/280 279/279/279
f 225/225/225 230/230/230 228/228/228
f 225/225/225 226/226/226 230/230/230
f 234/234/234 227/227/227 225/225/225
f 234/234/234 235/235/235 227/227/227
f 231/231/231 236/236/236 234/234/234
f 231/231/231 232/232/232 236/236/236
f 228/228/228 233/233/233 231/231/231
f 228/228/228 229/229/229 233/233/233
f 231/231/231 234/234/234 228/228/228
f 228/228/228 234/234/234 225/225/225
f 237/237/237 226/226/226 227/227/227
f 237/237/237 240/240/240 226/226/226
f 252/252/252 239/239/239 237/237/237
f 252/252/252 250/250/250 239/239/239
f 235/235/235 249/249/249 252/252/252
f 235/235/235 236/236/236 249/249/249
f 227/227/227 235/235/235 237/237/237
f 237/237/237 235/235/235 252/252/252
f 241/241/241 229/229/229 230/230/230
f 241/241/241 244/244/244 229/229/229
f 240/240/240 243/243/243 241/241/241
f 240/240/240 238/238/238 243/243/243
f 226/226/226 240/240/240 230/230/230
f 230/230/230 240/240/240 241/241/241
f 245/245/245 232/232/232 233/233/233
f 245/245/245 248/248/248 232/232/232
f 244/244/244 247/247/247 245/245/245
f 244/244/244 242/242/242 247/247/247
f 233/233/233 229/229/229 245/245/245
f 245/245/245 229/229/229 244/244/244
f 248/248/248 251/251/251 249/249/249
f 248/248/248 246/246/246 251/251/251
f 236/236/236 232/232/232 249/249/249
f 249/249/249 232/232/232 248/248/248
f 253/253/253 238/238/238 239/239/239
f 253/253/253 256/256/256 238/238/238
f 268/268/268 255/255/255 253/253/253
f 268/268/268 266/266/266 255/255/255
f 250/250/250 265/265/265 268/268/268
f 250/250/250 251/251/251 265/265/265
f 268/268/268 253/253/253 239/239/239
f 268/268/268 239/239/239 250/250/250
f 257/257/257 242/242/242 243/243/243
f 257/257/257 260/260/260 242/242/242
f 256/256/256 259/259/259 257/257/257
f 256/256/256 254/254/254 259/259/259
f 257/257/257 238/238/238 256/256/256
f 238/238/238 257/257/257 243/243/243
f 261/261/261 246/246/246 247/247/247
f 261/261/261 264/264/264 246/246/246
f 260/260/260 263/263/263 261/261/261
f 260/260/260 258/258/258 263/263/263
f 260/260/260 247/247/247 242/242/242
f 247/247/247 260/260/260 261/261/261
f 264/264/264 267/267/267 265/265/265
f 264/264/264 262/262/262 267/267/267
f 246/246/246 265/265/265 251/251/251
f 265/265/265 246/246/246 264/264/264
f 269/269/269 254/254/254 255/255/255
f 269/269/269 270/270/270 254/254/254
f 279/279/279 271/271/271 269/269/269
f 279/279/279 280/280/280 271/271/271
f 266/266/266 278/278/278 279/279/279
f 266/266/266 267/267/267 278/278/278
f 279/279/279 269/269/269 266/266/266
f 266/266/266 269/269/269 255/255/255
f 272/272/272 258/258/258 259/259/259
f 272/272/272 273/273/273 258/258/258
f 270/270/270 274/274/274 272/272/272
f 270/270/270 271/271/271 274/274/274
f 270/270/270 272/272/272 254/254/254
f 254/254/254 272/272/272 259/259/259
f 275/275/275 262/262/262 263/263/263
f 275/275/275 276/276/276 262/262/262
f 273/273/273 277/277/277 275/275/275
f 273/273/273 274/274/274 277/277/277
f 275/275/275 263/263/263 273/273/273
f 273/273/273 263/263/263 258/258/258
f 276/276/276 280/280/280 278/278/278
f 276/276/276 277/277/277 280/280/280
f 276/276/276 278/278/278 262/262/262
f 262/262/262 278/278/278 267/267/267
f 271/271/271 280/280/280 274/274/274
f 274/274/274 280/280/280 277/277/277
f 281/281/281 283/283/283 282/282/282
f 284/284/284 286/286/286 285/285/285
f 287/287/287 289/289/289 288/288/288
f 290/290/290 292/292/292 291/291/291
f 293/293/293 295/295/295 294/294/294
f 293/293/293 294/294/294 296/296/296
f 297/297/297 299/299/299 298/298/298
f 297/297/297 298/298/298 300/300/300
f 301/301/301 303/303/303 302/302/302
f 301/301/301 302/302/302 304/304/304
f 305/305/305 307/307/307 306/306/306
f 305/305/305 306/306/306 308/308/308
f 309/309/309 311/311/311 310/310/310
f 309/309/309 310/310/310 312/312/312
f 313/313/313 315/315/315 314/314/314
f 313/313/313 314/314/314 316/316/316
f 317/317/317 319/319/319 318/318/318
f 317/317/317 318/318/318 320/320/320
f 321/321/321 323/323/323 322/322/322
f 321/321/321 322/322/322 324/324/324
f 325/325/325 327/327/327 326/326/326
f 328/328/328 330/330/330 329/329/329
f 331/331/331 333/333/333 332/332/332
f 334/334/334 336/336/336 335/335/335
f 281/281/281 286/286/286 284/284/284
f 281/281/281 282/282/282 286/286/286
f 290/290/290 283/283/283 281/281/281
f 290/290/290 291/291/291 283/283/283
f 287/287/287 292/292/292 290/290/290
f 287/287/287 288/288/288 292/292/292
f 284/284/284 289/289/289 287/287/287
f 284/284/284 285/285/285 289/289/289
f 287/287/287 290/290/290 284/284/284
f 284/284/284 290/290/290 281/281/281
f 293/293/293 282/282/282 283/283/283
f 293/293/293 296/296/296 282/282/282
f 308/308/308 295/295/295 293/293/293
f 308/308/308 306/306/306 295/295/295
f 291/291/291 305/305/305 308/308/308
f 291/291/291 292/292/292 305/305/305
f 283/283/283 291/291/291 293/293/293
f 293/293/293 291/291/291 308/308/308
f 297/297/297 285/285/285 286/286/286
f 297/297/297 300/300/300 285/285/285
f 296/296/296 299/299/299 297/297/297
f 296/296/296 294/294/294 299/299/299
f 282/282/282 296/296/296 286/286/286
f 286/286/286 296/296/296 297/297/297
f 301/301/301 288/288/288 289/289/289
f 301/301/301 304/304/304 288/288/288
f 300/300/300 303/303/303 301/301/301
f 300/300/300 298/298/298 303/303/303
f 289/289/289 285/285/285 301/301/301
f 301/301/301 285/285/285 300/300/300
f 304/304/304 307/307/307 305/305/305
f 304/304/304 302/302/302 307/307/307
f 292/292/292 288/288/288 305/305/305
f 305/305/305 288/288/288 304/304/304
f 309/309/309 294/294/294 295/295/295
f 309/309/309 312/312/312 294/294/294
f 324/324/324 311/311/311 309/309/309
f 324/324/324 322/322/322 311/311/311
f 306/306/306 321/321/321 324/324/324
f 306/306/306 307/307/307 321/321/321
f 324/324/324 309/309/309 295/295/295
f 324/324/324 295/295/295 306/306/306
f 313/313/313 298/298/298 299/299/299
f 313/313/313 316/316/316 298/298/298
f 312/312/312 315/315/315 313/313/313
f 312/312/312 310/310/310 315/315/315
f 313/313/313 294/294/294 312/312/312
f 294/294/294 313/313/313 299/299/299
f 317/317/317 302/302/302 303/303/303
f 317/317/317 320/320/320 302/302/302
f 316/316/316 319/319/319 317/317/317
f 316/316/316 314/314/314 319/319/319
f 316/316/316 303/303/303 298/298/298
f 303/303/303 316/316/316 317/317/317
f 320/320/320 323/323/323 321/321/321
f 320/320/320 318/318/318 323/323/323
f 302/302/302 321/321/321 307/307/307
f 321/321/321 302/302/302 320/320/320
f 325/325/325 310/310/310 311/311/311
f 325/325/325 326/326/326 310/310/310
f 335/335/335 327/327/327 325/325/325
f 335/335/335 336/336/336 327/327/327
f 322/322/322 334/334/334 335/335/335
f 322/322/322 323/323/323 334/334/334
f 335/335/335 325/325/325 322/322/322
f 322/322/322 325/325/325 311/311/311
f 328/328/328 314/314/314 315/315/315
f 328/328/328 329/329/329 314/314/314
f 326/326/326 330/330/330 328/328/328
f 326/326/326 327/327/327 330/330/330
f 326/326/326 328/328/328 310/310/310
f 310/310/310 328/328/328 315/315/315
f 331/331/331 318/318/318 319/319/319
f 331/331/331 332/332/332 318/318/318
f 329/329/329 333/333/333 331/331/331
f 329/329/329 330/330/330 333/333/333
f 331/331/331 319/319/319 329/329/329
f 329/329/329 319/319/319 314/314/314
f 332/332/332 336/336/336 334/334/334
f 332/332/332 333/333/333 336/336/336
f 332/332/332 334/334/334 318/318/318
f 318/318/318 334/334/334 323/323/323
f 327/327/327 336/336/336 330/330/330
f 330/330/330 336/336/336 333/333/333
f 337/337/337 339/339/339 338/338/338
f 340/340/340 342/342/342 341/341/341
f 343/343/343 345/345/345 344/344/344
f 346/346/346 348/348/348 347/347/347
f 349/349/349 351/351/351 350/350/350
f 349/349/349 350/350/350 352/352/352
f 353/353/353 355/355/355 354/354/354
f 353/353/353 354/354/354 356/356/356
f 357/357/357 359/359/359 358/358/358
f 357/357/357 358/358/358 360/360/360
f 361/361/361 363/363/363 362/362/362
f 361/361/361 362/362/362 364/364/364
f 365/365/365 367/367/367 366/366/366
f 365/365/365 366/366/366 368/368/368
f 369/369/369 371/371/371 370/370/370
f 369/369/369 370/370/370 372/372/372
f 373/373/373 375/375/375 374/374/374
f 373/373/373 374/374/374 376/376/376
f 377/377/377 379/379/379 378/378/378
f 377/377/377 378/378/378 380/380/380
f 381/381/381 383/383/383 382/382/382
f 384/384/384 386/386/386 385/385/385
f 387/387/387 389/389/389 388/388/388
f 390/390/390 392/392/392 391/391/391
f 337/337/337 342/342/342 340/340/340
f 337/337/337 338/338/338 342/342/342
f 346/346/346 339/339/339 337/337/337
f 346/346/346 347/347/347 339/339/339
f 343/343/343 348/348/348 346/346/346
f 343/343/343 344/344/344 348/348/348
f 340/340/340 345/345/345 343/343/343
f 340/340/340 341/341/341 345/345/345
f 346/346/346 337/337/337 340/340/340
f 346/346/346 340/340/340 343/343/343
f 349/349/349 338/338/338 339/339/339
f 349/349/349 352/352/352 338/338/338
f 364/364/364 351/351/351 349/349/349
f 364/364/364 362/362/362 351/351/351
f 347/347/347 361/361/361 364/364/364
f 347/347/347 348/348/348 361/361/361
f 339/339/339 347/347/347 349/349/349
f 349/349/349 347/347/347 364/364/364
f 353/353/353 341/341/341 342/342/342
f 353/353/353 356/356/356 341/341/341
f 352/352/352 355/355/355 353/353/353
f 352/352/352 350/350/350 355/355/355
f 338/338/338 353/353/353 342/342/342
f 353/353/353 338/338/338 352/352/352
f 357/357/357 344/344/344 345/345/345
f 357/357/357 360/360/360 344/344/344
f 356/356/356 359/359/359 357/357/357
f 356/356/356 354/354/354 359/359/359
f 345/345/345 341/341/341 357/357/357
f 357/357/357 341/341/341 356/356/356
f 360/360/360 363/363/363 361/361/361
f 360/360/360 358/358/358 363/363/363
f 348/348/348 344/344/344 360/360/360
f 348/348/348 360/360/360 361/361/361
f 365/365/365 350/350/350 351/351/351
f 365/365/365 368/368/368 350/350/350
f 380/380/380 367/367/367 365/365/365
f 380/380/380 378/378/378 367/367/367
f 362/362/362 377/377/377 380/380/380
f 362/362/362 363/363/363 377/377/377
f 351/351/351 362/362/362 365/365/365
f 365/365/365 362/362/362 380/380/380
f 369/369/369 354/354/354 355/355/355
f 369/369/369 372/372/372 354/354/354
f 368/368/368 371/371/371 369/369/369
f 368/368/368 366/366/366 371/371/371
f 350/350/350 369/369/369 355/355/355
f 369/369/369 350/350/350 368/368/368
f 373/373/373 358/358/358 359/359/359
f 373/373/373 376/376/376 358/358/358
f 372/372/372 375/375/375 373/373/373
f 372/372/372 370/370/370 375/375/375
f 354/354/354 373/373/373 359/359/359
f 373/373/373 354/354/354 372/372/372
f 376/376/376 379/379/379 377/377/377
f 376/376/376 374/374/374 379/379/379
f 363/363/363 376/376/376 377/377/377
f 376/376/376 363/363/363 358/358/358
f 381/381/381 366/366/366 367/367/367
f 381/381/381 382/382/382 366/366/366
f 391/391/391 383/383/383 381/381/381
f 391/391/391 392/392/392 383/383/383
f 378/378/378 390/390/390 391/391/391
f 378/378/378 379/379/379 390/390/390
f 381/381/381 378/378/378 391/391/391
f 378/378/378 381/381/381 367/367/367
f 384/384/384 370/370/370 371/371/371
f 384/384/384 385/385/385 370/370/370
f 382/382/382 386/386/386 384/384/384
f 382/382/382 383/383/383 386/386/386
f 384/384/384 366/366/366 382/382/382
f 366/366/366 384/384/384 371/371/371
f 387/387/387 374/374/374 375/375/375
f 387/387/387 388/388/388 374/374/374
f 385/385/385 389/389/389 387/387/387
f 385/385/385 386/386/386 389/389/389
f 385/385/385 387/387/387 375/375/375
f 385/385/385 375/375/375 370/370/370
f 388/388/388 392/392/392 390/390/390
f 388/388/388 389/389/389 392/392/392
f 388/388/388 390/390/390 379/379/379
f 388/388/388 379/379/379 374/374/374
f 383/383/383 392/392/392 389/389/389
f 383/383/383 389/389/389 386/386/386
f 393/393/393 395/395/395 394/394/394
f 396/396/396 398/398/398 397/397/397
f 399/399/399 401/401/401 400/400/400
f 402/402/402 404/404/404 403/403/403
f 405/405/405 407/407/407 406/406/406
f 405/405/405 406/406/406 408/408/408
f 409/409/409 411/411/411 410/410/410
f 409/409/409 410/410/410 412/412/412
f 413/413/413 415/415/415 414/414/414
f 413/413/413 414/414/414 416/416/416
f 417/417/417 419/419/419 418/418/418
f 417/417/417 418/418/418 420/420/420
f 421/421/421 423/423/423 422/422/422
f 421/421/421 422/422/422 424/424/424
f 425/425/425 427/427/427 426/426/426
f 425/425/425 426/426/426 428/428/428
f 429/429/429 431/431/431 430/430/430
f 429/429/429 430/430/430 432/432/432
f 433/433/433 435/435/435 434/434/434
f 433/433/433 434/434/434 436/436/436
f 437/437/437 439/439/439 438/438/438
f 440/440/440 442/442/442 441/441/441
f 443/443/443 445/445/445 444/444/444
f 446/446/446 448/448/448 447/447/447
f 393/393/393 398/398/398 396/396/396
f 393/393/393 394/394/394 398/398/398
f 402/402/402 395/395/395 393/393/393
f 402/402/402 403/403/403 395/395/395
f 399/399/399 404/404/404 402/402/402
f 399/399/399 400/400/400 404/404/404
f 396/396/396 401/401/401 399/399/399
f 396/396/396 397/397/397 401/401/401
f 399/399/399 402/402/402 396/396/396
f 396/396/396 402/402/402 393/393/393
f 405/405/405 394/394/394 395/395/395
f 405/405/405 408/408/408 394/394/394
f 420/420/420 407/407/407 405/405/405
f 420/420/420 418/418/418 407/407/407
f 403/403/403 417/417/417 420/420/420
f 403/403/403 404/404/404 417/417/417
f 395/395/395 403/403/403 405/405/405
f 405/405/405 403/403/403 420/420/420
f 409/409/409 397/397/397 398/398/398
f 409/409/409 412/412/412 397/397/397
f 408/408/408 411/411/411 409/409/409
f 408/408/408 406/406/406 411/411/411
f 394/394/394 408/408/408 398/398/398
f 398/398/398 408/408/408 409/409/409
f 413/413/413 400/400/400 401/401/401
f 413/413/413 416/416/416 400/400/400
f 412/412/412 415/415/415 413/413/413
f 412/412/412 410/410/410 415/415/415
f 401/401/401 397/397/397 413/413/413
f 413/413/413 397/397/397 412/412/412
f 416/416/416 419/419/419 417/417/417
f 416/416/416 414/414/414 419/419/419
f 404/404/404 400/400/400 417/417/417
f 417/417/417 400/400/400 416/416/416
f 421/421/421 406/406/406 407/407/407
f 421/421/421 424/424/424 406/406/406
f 436/436/436 423/423/423 421/421/421
f 436/436/436 434/434/434 423/423/423
f 418/418/418 433/433/433 436/436/436
f 418/418/418 419/419/419 433/433/433
f 436/436/436 421/421/421 407/407/407
f 436/436/436 407/407/407 418/418/418
f 425/425/425 410/410/410 411/411/411
f 425/425/425 428/428/428 410/410/410
f 424/424/424 427/427/427 425/425/425
f 424/424/424 422/422/422 427/427/427
f 425/425/425 406/406/406 424/424/424
f 406/406/406 425/425/425 411/411/411
f 429/429/429 414/414/414 415/415/415
f 429/429/429 432/432/432 414/414/414
f 428/428/428 431/431/431 429/429/429
f 428/428/428 426/426/426 431/431/431
f 428/428/428 415/415/415 410/410/410
f 415/415/415 428/428/428 429/429/429
f 432/432/432 435/435/435 433/433/433
f 432/432/432 430/430/430 435/435/435
f 414/414/414 433/433/433 419/419/419
f 433/433/433 414/414/414 432/432/432
f 437/437/437 422/422/422 423/423/423
f 437/437/437 438/438/438 422/422/422
f 447/447/447 439/439/439 437/437/437
f 447/447/447 448/448/448 439/439/439
f 434/434/434 446/446/446 447/447/447
f 434/434/434 435/435/435 446/446/446
f 447/447/447 437/437/437 434/434/434
f 434/434/434 437/437/437 423/423/423
f 440/440/440 426/426/426 427/427/427
f 440/440/440 441/441/441 426/426/426
f 438/438/438 442/442/442 440/440/440
f 438/438/438 439/439/439 442/442/442
f 438/438/438 440/440/440 422/422/422
f 422/422/422 440/440/440 427/427/427
f 443/443/443 430/430/430 431/431/431
f 443/443/443 444/444/444 430/430/430
f 441/441/441 445/445/445 443/443/443
f 441/441/441 442/442/442 445/445/445
f 443/443/443 431/431/431 441/441/441
f 441/441/441 431/431/431 426/426/426
f 444/444/444 448/448/448 446/446/446
f 444/444/444 445/445/445 448/448/448
f 444/444/444 446/446/446 430/430/430
f 430/430/430 446/446/446 435/435/435
f 439/439/439 448/448/448 442/442/442
f 442/442/442 448/448/448 445/445/445
f 449/449/449 451/451/451 450/450/450
f 452/452/452 454/454/454 453/453/453
f 455/455/455 457/457/457 456/456/456
f 458/458/458 460/460/460 459/459/459
f 461/461/461 463/463/463 462/462/462
f 461/461/461 462/462/462 464/464/464
f 465/465/465 467/467/467 466/466/466
f 465/465/465 466/466/466 468/468/468
f 469/469/469 471/471/471 470/470/470
f 469/469/469 470/470/470 472/472/472
f 473/473/473 475/475/475 474/474/474
f 473/473/473 474/474/474 476/476/476
f 477/477/477 479/479/479 478/478/478
f 477/477/477 478/478/478 480/480/480
f 481/481/481 483/483/483 482/482/482
f 481/481/481 482/482/482 484/484/484
f 485/485/485 487/487/487 486/486/486
f 485/485/485 486/486/486 488/488/488
f 489/489/489 491/491/491 490/490/490
f 489/489/489 490/490/490 492/492/492
f 493/493/493 495/495/495 494/494/494
f 496/496/496 498/498/498 497/497/497
f 499/499/499 501/501/501 500/500/500
f 502/502/502 504/504/504 503/503/503
f 449/449/449 454/454/454 452/452/452
f 449/449/449 450/450/450 454/454/454
f 458/458/458 451/451/451 449/449/449
f 458/458/458 459/459/459 451/451/451
f 455/455/455 460/460/460 458/458/458
f 455/455/455 456/456/456 460/460/460
f 452/452/452 457/457/457 455/455/455
f 452/452/452 453/453/453 457/457/457
f 455/455/455 458/458/458 452/452/452
f 452/452/452 458/458/458 449/449/449
f 461/461/461 450/450/450 451/451/451
f 461/461/461 464/464/464 450/450/450
f 476/476/476 463/463/463 461/461/461
f 476/476/476 474/474/474 463/463/463
f 459/459/459 473/473/473 476/476/476
f 459/459/459 460/460/460 473/473/473
f 451/451/451 459/459/459 461/461/461
f 461/461/461 459/459/459 476/476/476
f 465/465/465 453/453/453 454/454/454
f 465/465/465 468/468/468 453/453/453
f 464/464/464 467/467/467 465/465/465
f 464/464/464 462/462/462 467/467/467
f 450/450/450 464/464/464 454/454/454
f 454/454/454 464/464/464 465/465/465
f 469/469/469 456/456/456 457/457/457
f 469/469/469 472/472/472 456/456/456
f 468/468/468 471/471/471 469/469/469
f 468/468/468 466/466/466 471/471/471
f 457/457/457 453/453/453 469/469/469
f 469/469/469 453/453/453 468/468/468
f 472/472/472 475/475/475 473/473/473
f 472/472/472 470/470/470 475/475/475
f 460/460/460 456/456/456 473/473/473
f 473/473/473 456/456/456 472/472/472
f 477/477/477 462/462/462 463/463/463
f 477/477/477 480/480/480 462/462/462
f 492/492/492 479/479/479 477/477/477
f 492/492/492 490/490/490 479/479/479
f 474/474/474 489/489/489 492/492/492
f 474/474/474 475/475/475 489/489/489
f 492/492/492 477/477/477 463/463/463
f 492/492/492 463/463/463 474/474/474
f 481/481/481 466/466/466 467/467/467
f 481/481/481 484/484/484 466/466/466
f 480/480/480 483/483/483 481/481/481
f 480/480/480 478/478/478 483/483/483
f 481/481/481 462/462/462 480/480/480
f 462/462/462 481/481/481 467/467/467
f 485/485/485 470/470/470 471/471/471
f 485/485/485 488/488/488 470/470/470
f 484/484/484 487/487/487 485/485/485
f 484/484/484 482/482/482 487/487/487
f 484/484/484 471/471/471 466/466/466
f 471/471/471 484/484/484 485/485/485
f 488/488/488 491/491/491 489/489/489
f 488/488/488 486/486/486 491/491/491
f 470/470/470 489/489/489 475/475/475
f 489/489/489 470/470/470 488/488/488
f 493/493/493 478/478/478 479/479/479
f 493/493/493 494/494/494 478/478/478
f 503/503/503 495/495/495 493/493/493
f 503/503/503 504/504/504 495/495/495
f 490/490/490 502/502/502 503/503/503
f 490/490/490 491/491/491 502/502/502
f 503/503/503 493/493/493 490/490/490
f 490/490/490 493/493/493 479/479/479
f 496/496/496 482/482/482 483/483/483
f 496/496/496 497/497/497 482/482/482
f 494/494/494 498/498/498 496/496/496
f 494/494/494 495/495/495 498/498/498
f 494/494/494 496/496/496 478/478/478
f 478/478/478 496/496/496 483/483/483
f 499/499/499 486/486/486 487/487/487
f 499/499/499 500/500/500 486/486/486
f 497/497/497 501/501/501 499/499/499
f 497/497/497 498/498/498 501/501/501
f 499/499/499 487/487/487 497/497/497
f 497/497/497 487/487/487 482/482/482
f 500/500/500 504/504/504 502/502/502
f 500/500/500 501/501/501 504/504/504
f 500/500/500 502/502/502 486/486/486
f 486/486/486 502/502/502 491/491/491
f 495/495/495 504/504/504 498/498/498
f 498/498/498 504/504/504 501/501/501
f 505/505/505 507/507/507 506/506/506
f 508/508/508 510/510/510 509/509/509
f 511/511/511 513/513/513 512/512/512
f 514/514/514 516/516/516 515/515/515
f 517/517/517 519/519/519 518/518/518
f 517/517/517 520/520/520 519/519/519
f 521/521/521 523/523/523 522/522/522
f 521/521/521 524/524/524 523/523/523
f 525/525/525 527/527/527 526/526/526
f 525/525/525 528/528/528 527/527/527
f 529/529/529 531/531/531 530/530/530
f 529/529/529 532/532/532 531/531/531
f 533/533/533 535/535/535 534/534/534
f 533/533/533 536/536/536 535/535/535
f 537/537/537 539/539/539 538/538/538
f 537/537/537 540/540/540 539/539/539
f 541/541/541 543/543/543 542/542/542
f 541/541/541 544/544/544 543/543/543
f 545/545/545 547/547/547 546/546/546
f 545/545/545 548/548/548 547/547/547
f 549/549/549 551/551/551 550/550/550
f 552/552/552 554/554/554 553/553/553
f 555/555/555 557/557/557 556/556/556
f 558/558/558 560/560/560 559/559/559
f 505/505/505 508/508/508 509/509/509
f 505/505/505 509/509/509 507/507/507
f 514/514/514 505/505/505 506/506/506
f 514/514/514 506/506/506 516/516/516
f 511/511/511 514/514/514 515/515/515
f 511/511/511 515/515/515 513/513/513
f 508/508/508 511/511/511 512/512/512
f 508/508/508 512/512/512 510/510/510
f 514/514/514 508/508/508 505/505/505
f 514/514/514 511/511/511 508/508/508
f 517/517/517 506/506/506 507/507/507
f 517/517/517 507/507/507 520/520/520
f 532/532/532 517/517/517 518/518/518
f 532/532/532 518/518/518 531/531/531
f 516/516/516 532/532/532 529/529/529
f 516/516/516 529/529/529 515/515/515
f 506/506/506 517/517/517 516/516/516
f 517/517/517 532/532/532 516/516/516
f 521/521/521 509/509/509 510/510/510
f 521/521/521 510/510/510 524/524/524
f 520/520/520 521/521/521 522/522/522
f 520/520/520 522/522/522 519/519/519
f 507/507/507 509/509/509 521/521/521
f 521/521/521 520/520/520 507/507/507
f 525/525/525 512/512/512 513/513/513
f 525/525/525 513/513/513 528/528/528
f 524/524/524 525/525/525 526/526/526
f 524/524/524 526/526/526 523/523/523
f 512/512/512 525/525/525 510/510/510
f 525/525/525 524/524/524 510/510/510
f 528/528/528 529/529/529 530/530/530
f 528/528/528 530/530/530 527/527/527
f 515/515/515 528/528/528 513/513/513
f 515/515/515 529/529/529 528/528/528
f 533/533/533 518/518/518 519/519/519
f 533/533/533 519/519/519 536/536/536
f 548/548/548 533/533/533 534/534/534
f 548/548/548 534/534/534 547/547/547
f 531/531/531 548/548/548 545/545/545
f 531/531/531 545/545/545 530/530/530
f 518/518/518 533/533/533 531/531/531
f 533/533/533 548/548/548 531/531/531
f 537/537/537 522/522/522 523/523/523
f 537/537/537 523/523/523 540/540/540
f 536/536/536 537/537/537 538/538/538
f 536/536/536 538/538/538 535/535/535
f 519/519/519 522/522/522 537/537/537
f 537/537/537 536/536/536 519/519/519
f 541/541/541 526/526/526 527/527/527
f 541/541/541 527/527/527 544/544/544
f 540/540/540 541/541/541 542/542/542
f 540/540/540 542/542/542 539/539/539
f 523/523/523 526/526/526 541/541/541
f 541/541/541 540/540/540 523/523/523
f 544/544/544 545/545/545 546/546/546
f 544/544/544 546/546/546 543/543/543
f 530/530/530 545/545/545 544/544/544
f 544/544/544 527/527/527 530/530/530
f 549/549/549 534/534/534 535/535/535
f 549/549/549 535/535/535 551/551/551
f 560/560/560 549/549/549 550/550/550
f 560/560/560 550/550/550 559/559/559
f 547/547/547 560/560/560 558/558/558
f 547/547/547 558/558/558 546/546/546
f 549/549/549 560/560/560 547/547/547
f 547/547/547 534/534/534 549/549/549
f 552/552/552 538/538/538 539/539/539
f 552/552/552 539/539/539 554/554/554
f 551/551/551 552/552/552 553/553/553
f 551/551/551 553/553/553 550/550/550
f 552/552/552 551/551/551 535/535/535
f 535/535/535 538/538/538 552/552/552
f 555/555/555 542/542/542 543/543/543
f 555/555/555 543/543/543 557/557/557
f 554/554/554 555/555/555 556/556/556
f 554/554/554 556/556/556 553/553/553
f 554/554/554 542/542/542 555/555/555
f 554/554/554 539/539/539 542/542/542
f 557/557/557 558/558/558 559/559/559
f 557/557/557 559/559/559 556/556/556
f 557/557/557 546/546/546 558/558/558
f 557/557/557 543/543/543 546/546/546
f 550/550/550 556/556/556 559/559/559
f 550/550/550 553/553/553 556/556/556
f 561/561/561 563/563/563 562/562/562
f 564/564/564 566/566/566 565/565/565
f 567/567/567 569/569/569 568/568/568
f 570/570/570 572/572/572 571/571/571
f 573/573/573 575/575/575 574/574/574
f 573/573/573 576/576/576 575/575/575
f 577/577/577 579/579/579 578/578/578
f 577/577/577 580/580/580 579/579/579
f 581/581/581 583/583/583 582/582/582
f 581/581/581 584/584/584 583/583/583
f 585/585/585 587/587/587 586/586/586
f 585/585/585 588/588/588 587/587/587
f 589/589/589 591/591/591 590/590/590
f 589/589/589 592/592/592 591/591/591
f 593/593/593 595/595/595 594/594/594
f 593/593/593 596/596/596 595/595/595
f 597/597/597 599/599/599 598/598/598
f 597/597/597 600/600/600 599/599/599
f 601/601/601 603/603/603 602/602/602
f 601/601/601 604/604/604 603/603/603
f 605/605/605 607/607/607 606/606/606
f 608/608/608 610/610/610 609/609/609
f 611/611/611 613/613/613 612/612/612
f 614/614/614 616/616/616 615/615/615
f 561/561/561 564/564/564 565/565/565
f 561/561/561 565/565/565 563/563/563
f 570/570/570 561/561/561 562/562/562
f 570/570/570 562/562/562 572/572/572
f 567/567/567 570/570/570 571/571/571
f 567/567/567 571/571/571 569/569/569
f 564/564/564 567/567/567 568/568/568
f 564/564/564 568/568/568 566/566/566
f 567/567/567 564/564/564 570/570/570
f 564/564/564 561/561/561 570/570/570
f 573/573/573 562/562/562 563/563/563
f 573/573/573 563/563/563 576/576/576
f 588/588/588 573/573/573 574/574/574
f 588/588/588 574/574/574 587/587/587
f 572/572/572 588/588/588 585/585/585
f 572/572/572 585/585/585 571/571/571
f 562/562/562 573/573/573 572/572/572
f 573/573/573 588/588/588 572/572/572
f 577/577/577 565/565/565 566/566/566
f 577/577/577 566/566/566 580/580/580
f 576/576/576 577/577/577 578/578/578
f 576/576/576 578/578/578 575/575/575
f 563/563/563 565/565/565 576/576/576
f 565/565/565 577/577/577 576/576/576
f 581/581/581 568/568/568 569/569/569
f 581/581/581 569/569/569 584/584/584
f 580/580/580 581/581/581 582/582/582
f 580/580/580 582/582/582 579/579/579
f 568/568/568 581/581/581 566/566/566
f 581/581/581 580/580/580 566/566/566
f 584/584/584 585/585/585 586/586/586
f 584/584/584 586/586/586 583/583/583
f 571/571/571 585/585/585 569/569/569
f 585/585/585 584/584/584 569/569/569
f 589/589/589 574/574/574 575/575/575
f 589/589/589 575/575/575 592/592/592
f 604/604/604 589/589/589 590/590/590
f 604/604/604 590/590/590 603/603/603
f 587/587/587 604/604/604 601/601/601
f 587/587/587 601/601/601 586/586/586
f 604/604/604 574/574/574 589/589/589
f 604/604/604 587/587/587 574/574/574
f 593/593/593 578/578/578 579/579/579
f 593/593/593 579/579/579 596/596/596
f 592/592/592 593/593/593 594/594/594
f 592/592/592 594/594/594 591/591/591
f 593/593/593 592/592/592 575/575/575
f 575/575/575 578/578/578 593/593/593
f 597/597/597 582/582/582 583/583/583
f 597/597/597 583/583/583 600/600/600
f 596/596/596 597/597/597 598/598/598
f 596/596/596 598/598/598 595/595/595
f 596/596/596 579/579/579 582/582/582
f 582/582/582 597/597/597 596/596/596
f 600/600/600 601/601/601 602/602/602
f 600/600/600 602/602/602 599/599/599
f 583/583/583 586/586/586 601/601/601
f 601/601/601 600/600/600 583/583/583
f 605/605/605 590/590/590 591/591/591
f 605/605/605 591/591/591 607/607/607
f 616/616/616 605/605/605 606/606/606
f 616/616/616 606/606/606 615/615/615
f 603/603/603 616/616/616 614/614/614
f 603/603/603 614/614/614 602/602/602
f 616/616/616 603/603/603 605/605/605
f 603/603/603 590/590/590 605/605/605
f 608/608/608 594/594/594 595/595/595
f 608/608/608 595/595/595 610/610/610
f 607/607/607 608/608/608 609/609/609
f 607/607/607 609/609/609 606/606/606
f 607/607/607 591/591/591 608/608/608
f 591/591/591 594/594/594 608/608/608
f 611/611/611 598/598/598 599/599/599
f 611/611/611 599/599/599 613/613/613
f 610/610/610 611/611/611 612/612/612
f 610/610/610 612/612/612 609/609/609
f 611/611/611 610/610/610 598/598/598
f 610/610/610 595/595/595 598/598/598
f 613/613/613 614/614/614 615/615/615
f 613/613/613 615/615/615 612/612/612
f 613/613/613 599/599/599 614/614/614
f 599/599/599 602/602/602 614/614/614
f 606/606/606 609/609/609 615/615/615
f 609/609/609 612/612/612 615/615/615
f 617/617/617 619/619/619 618/618/618
f 620/620/620 622/622/622 621/621/621
f 623/623/623 625/625/625 624/624/624
f 626/626/626 628/628/628 627/627/627
f 629/629/629 631/631/631 630/630/630
f 629/629/629 632/632/632 631/631/631
f 633/633/633 635/635/635 634/634/634
f 633/633/633 636/636/636 635/635/635
f 637/637/637 639/639/639 638/638/638
f 637/637/637 640/640/640 639/639/639
f 641/641/641 643/643/643 642/642/642
f 641/641/641 644/644/644 643/643/643
f 645/645/645 647/647/647 646/646/646
f 645/645/645 648/648/648 647/647/647
f 649/649/649 651/651/651 650/650/650
f 649/649/649 652/652/652 651/651/651
f 653/653/653 655/655/655 654/654/654
f 653/653/653 656/656/656 655/655/655
f 657/657/657 659/659/659 658/658/658
f 657/657/657 660/660/660 659/659/659
f 661/661/661 663/663/663 662/662/662
f 664/664/664 666/666/666 665/665/665
f 667/667/667 669/669/669 668/668/668
f 670/670/670 672/672/672 671/671/671
f 617/617/617 620/620/620 621/621/621
f 617/617/617 621/621/621 619/619/619
f 626/626/626 617/617/617 618/618/618
f 626/626/626 618/618/618 628/628/628
f 623/623/623 626/626/626 627/627/627
f 623/623/623 627/627/627 625/625/625
f 620/620/620 623/623/623 624/624/624
f 620/620/620 624/624/624 622/622/622
f 626/626/626 620/620/620 617/617/617
f 626/626/626 623/623/623 620/620/620
f 629/629/629 618/618/618 619/619/619
f 629/629/629 619/619/619 632/632/632
f 644/644/644 629/629/629 630/630/630
f 644/644/644 630/630/630 643/643/643
f 628/628/628 644/644/644 641/641/641
f 628/628/628 641/641/641 627/627/627
f 618/618/618 629/629/629 628/628/628
f 629/629/629 644/644/644 628/628/628
f 633/633/633 621/621/621 622/622/622
f 633/633/633 622/622/622 636/636/636
f 632/632/632 633/633/633 634/634/634
f 632/632/632 634/634/634 631/631/631
f 619/619/619 621/621/621 633/633/633
f 633/633/633 632/632/632 619/619/619
f 637/637/637 624/624/624 625/625/625
f 637/637/637 625/625/625 640/640/640
f 636/636/636 637/637/637 638/638/638
f 636/636/636 638/638/638 635/635/635
f 624/624/624 637/637/637 622/622/622
f 637/637/637 636/636/636 622/622/622
f 640/640/640 641/641/641 642/642/642
f 640/640/640 642/642/642 639/639/639
f 627/627/627 640/640/640 625/625/625
f 627/627/627 641/641/641 640/640/640
f 645/645/645 630/630/630 631/631/631
f 645/645/645 631/631/631 648/648/648
f 660/660/660 645/645/645 646/646/646
f 660/660/660 646/646/646 659/659/659
f 643/643/643 660/660/660 657/657/657
f 643/643/643 657/657/657 642/642/642
f 630/630/630 645/645/645 643/643/643
f 645/645/645 660/660/660 643/643/643
f 649/649/649 634/634/634 635/635/635
f 649/649/649 635/635/635 652/652/652
f 648/648/648 649/649/649 650/650/650
f 648/648/648 650/650/650 647/647/647
f 631/631/631 634/634/634 649/649/649
f 649/649/649 648/648/648 631/631/631
f 653/653/653 638/638/638 639/639/639
f 653/653/653 639/639/639 656/656/656
f 652/652/652 653/653/653 654/654/654
f 652/652/652 654/654/654 651/651/651
f 635/635/635 638/638/638 653/653/653
f 653/653/653 652/652/652 635/635/635
f 656/656/656 657/657/657 658/658/658
f 656/656/656 658/658/658 655/655/655
f 642/642/642 657/657/657 656/656/656
f 656/656/656 639/639/639 642/642/642
f 661/661/661 646/646/646 647/647/647
f 661/661/661 647/647/647 663/663/663
f 672/672/672 661/661/661 662/662/662
f 672/672/672 662/662/662 671/671/671
f 659/659/659 672/672/672 670/670/670
f 659/659/659 670/670/670 658/658/658
f 661/661/661 672/672/672 659/659/659
f 659/659/659 646/646/646 661/661/661
f 664/664/664 650/650/650 651/651/651
f 664/664/664 651/651/651 666/666/666
f 663/663/663 664/664/664 665/665/665
f 663/663/663 665/665/665 662/662/662
f 664/664/664 663/663/663 647/647/647
f 647/647/647 650/650/650 664/664/664
f 667/667/667 654/654/654 655/655/655
f 667/667/667 655/655/655 669/669/669
f 666/666/666 667/667/667 668/668/668
f 666/666/666 668/668/668 665/665/665
f 666/666/666 654/654/654 667/667/667
f 666/666/666 651/651/651 654/654/654
f 669/669/669 670/670/670 671/671/671
f 669/669/669 671/671/671 668/668/668
f 669/669/669 658/658/658 670/670/670
f 669/669/669 655/655/655 658/658/658
f 662/662/662 668/668/668 671/671/671
f 662/662/662 665/665/665 668/668/668
f 673/673/673 675/675/675 674/674/674
f 676/676/676 678/678/678 677/677/677
f 679/679/679 681/681/681 680/680/680
f 682/682/682 684/684/684 683/683/683
f 685/685/685 687/687/687 686/686/686
f 685/685/685 688/688/688 687/687/687
f 689/689/689 691/691/691 690/690/690
f 689/689/689 692/692/692 691/691/691
f 693/693/693 695/695/695 694/694/694
f 693/693/693 696/696/696 695/695/695
f 697/697/697 699/699/699 698/698/698
f 697/697/697 700/700/700 699/699/699
f 701/701/701 703/703/703 702/702/702
f 701/701/701 704/704/704 703/703/703
f 705/705/705 707/707/707 706/706/706
f 705/705/705 708/708/708 707/707/707
f 709/709/709 711/711/711 710/710/710
f 709/709/709 712/712/712 711/711/711
f 713/713/713 715/715/715 714/714/714
f 713/713/713 716/716/716 715/715/715
f 717/717/717 719/719/719 718/718/718
f 720/720/720 722/722/722 721/721/721
f 723/723/723 725/725/725 724/724/724
f 726/726/726 728/728/728 727/727/727
f 673/673/673 676/676/676 677/677/677
f 673/673/673 677/677/677 675/675/675
f 682/682/682 673/673/673 674/674/674
f 682/682/682 674/674/674 684/684/684
f 679/679/679 682/682/682 683/683/683
f 679/679/679 683/683/683 681/681/681
f 676/676/676 679/679/679 680/680/680
f 676/676/676 680/680/680 678/678/678
f 679/679/679 676/676/676 682/682/682
f 676/676/676 673/673/673 682/682/682
f 685/685/685 674/674/674 675/675/675
f 685/685/685 675/675/675 688/688/688
f 700/700/700 685/685/685 686/686/686
f 700/700/700 686/686/686 699/699/699
f 684/684/684 700/700/700 697/697/697
f 684/684/684 697/697/697 683/683/683
f 674/674/674 685/685/685 684/684/684
f 685/685/685 700/700/700 684/684/684
f 689/689/689 677/677/677 678/678/678
f 689/689/689 678/678/678 692/692/692
f 688/688/688 689/689/689 690/690/690
f 688/688/688 690/690/690 687/687/687
f 675/675/675 677/677/677 688/688/688
f 677/677/677 689/689/689 688/688/688
f 693/693/693 680/680/680 681/681/681
f 693/693/693 681/681/681 696/696/696
f 692/692/692 693/693/693 694/694/694
f 692/692/692 694/694/694 691/691/691
f 680/680/680 693/693/693 678/678/678
f 693/693/693 692/692/692 678/678/678
f 696/696/696 697/697/697 698/698/698
f 696/696/696 698/698/698 695/695/695
f 683/683/683 697/697/697 681/681/681
f 697/697/697 696/696/696 681/681/681
f 701/701/701 686/686/686 687/687/687
f 701/701/701 687/687/687 704/704/704
f 716/716/716 701/701/701 702/702/702
f 716/716/716 702/702/702 715/715/715
f 699/699/699 716/716/716 713/713/713
f 699/699/699 713/713/713 698/698/698
f 716/716/716 686/686/686 701/701/701
f 716/716/716 699/699/699 686/686/686
f 705/705/705 690/690/690 691/691/691
f 705/705/705 691/691/691 708/708/708
f 704/704/704 705/705/705 706/706/706
f 704/704/704 706/706/706 703/703/703
f 705/705/705 704/704/704 687/687/687
f 687/687/687 690/690/690 705/705/705
f 709/709/709 694/694/694 695/695/695
f 709/709/709 695/695/695 712/712/712
f 708/708/708 709/709/709 710/710/710
f 708/708/708 710/710/710 707/707/707
f 708/708/708 691/691/691 694/694/694
f 694/694/694 709/709/709 708/708/708
f 712/712/712 713/713/713 714/714/714
f 712/712/712 714/714/714 711/711/711
f 695/695/695 698/698/698 713/713/713
f 713/713/713 712/712/712 695/695/695
f 717/717/717 702/702/702 703/703/703
f 717/717/717 703/703/703 719/719/719
f 728/728/728 717/717/717 718/718/718
f 728/728/728 718/718/718 727/727/727
f 715/715/715 728/728/728 726/726/726
f 715/715/715 726/726/726 714/714/714
f 728/728/728 715/715/715 717/717/717
f 715/715/715 702/702/702 717/717/717
f 720/720/720 706/706/706 707/707/707
f 720/720/720 707/707/707 722/722/722
f 719/719/719 720/720/720 721/721/721
f 719/719/719 721/721/721 718/718/718
f 719/719/719 703/703/703 720/720/720
f 703/703/703 706/706/706 720/720/720
f 723/723/723 710/710/710 711/711/711
f 723/723/723 711/711/711 725/725/725
f 722/722/722 723/723/723 724/724/724
f 722/722/722 724/724/724 721/721/721
f 723/723/723 722/722/722 710/710/710
f 722/722/722 707/707/707 710/710/710
f 725/725/725 726/726/726 727/727/727
f 725/725/725 727/727/727 724/724/724
f 725/725/725 711/711/711 726/726/726
f 711/711/711 714/714/714 726/726/726
f 718/718/718 721/721/721 727/727/727
f 721/721/721 724/724/724 727/727/727
f 729/729/729 731/731/731 730/730/730
f 732/732/732 734/734/734 733/733/733
f 735/735/735 737/737/737 736/736/736
f 738/738/738 740/740/740 739/739/739
f 741/741/741 743/743/743 742/742/742
f 741/741/741 744/744/744 743/743/743
f 745/745/745 747/747/747 746/746/746
f 745/745/745 748/748/748 747/747/747
f 749/749/749 751/751/751 750/750/750
f 749/749/749 752/752/752 751/751/751
f 753/753/753 755/755/755 754/754/754
f 753/753/753 756/756/756 755/755/755
f 757/757/757 759/759/759 758/758/758
f 757/757/757 760/760/760 759/759/759
f 761/761/761 763/763/763 762/762/762
f 761/761/761 764/764/764 763/763/763
f 765/765/765 767/767/767 766/766/766
f 765/765/765 768/768/768 767/767/767
f 769/769/769 771/771/771 770/770/770
f 769/769/769 772/772/772 771/771/771
f 773/773/773 775/775/775 774/774/774
f 776/776/776 778/778/778 777/777/777
f 779/779/779 781/781/781 780/780/780
f 782/782/782 784/784/784 783/783/783
f 729/729/729 732/732/732 733/733/733
f 729/729/729 733/733/733 731/731/731
f 738/738/738 729/729/729 730/730/730
f 738/738/738 730/730/730 740/740/740
f 735/735/735 738/738/738 739/739/739
f 735/735/735 739/739/739 737/737/737
f 732/732/732 735/735/735 736/736/736
f 732/732/732 736/736/736 734/734/734
f 738/738/738 732/732/732 729/729/729
f 738/738/738 735/735/735 732/732/732
f 741/741/741 730/730/730 731/731/731
f 741/741/741 731/731/731 744/744/744
f 756/756/756 741/741/741 742/742/742
f 756/756/756 742/742/742 755/755/755
f 740/740/740 756/756/756 753/753/753
f 740/740/740 753/753/753 739/739/739
f 730/730/730 741/741/741 740/740/740
f 741/741/741 756/756/756 740/740/740
f 745/745/745 733/733/733 734/734/734
f 745/745/745 734/734/734 748/748/748
f 744/744/744 745/745/745 746/746/746
f 744/744/744 746/746/746 743/743/743
f 731/731/731 733/733/733 745/745/745
f 745/745/745 744/744/744 731/731/731
f 749/749/749 736/736/736 737/737/737
f 749/749/749 737/737/737 752/752/752
f 748/748/748 749/749/749 750/750/750
f 748/748/748 750/750/750 747/747/747
f 736/736/736 749/749/749 734/734/734
f 749/749/749 748/748/748 734/734/734
f 752/752/752 753/753/753 754/754/754
f 752/752/752 754/754/754 751/751/751
f 739/739/739 752/752/752 737/737/737
f 739/739/739 753/753/753 752/752/752
f 757/757/757 742/742/742 743/743/743
f 757/757/757 743/743/743 760/760/760
f 772/772/772 757/757/757 758/758/758
f 772/772/772 758/758/758 771/771/771
f 755/755/755 772/772/772 769/769/769
f 755/755/755 769/769/769 754/754/754
f 742/742/742 757/757/757 755/755/755
f 757/757/757 772/772/772 755/755/755
f 761/761/761 746/746/746 747/747/747
f 761/761/761 747/747/747 764/764/764
f 760/760/760 761/761/761 762/762/762
f 760/760/760 762/762/762 759/759/759
f 743/743/743 746/746/746 761/761/761
f 761/761/761 760/760/760 743/743/743
f 765/765/765 750/750/750 751/751/751
f 765/765/765 751/751/751 768/768/768
f 764/764/764 765/765/765 766/766/766
f 764/764/764 766/766/766 763/763/763
f 747/747/747 750/750/750 765/765/765
f 765/765/765 764/764/764 747/747/747
f 768/768/768 769/769/769 770/770/770
f 768/768/768 770/770/770 767/767/767
f 754/754/754 769/769/769 768/768/768
f 768/768/768 751/751/751 754/754/754
f 773/773/773 758/758/758 759/759/759
f 773/773/773 759/759/759 775/775/775
f 784/784/784 773/773/773 774/774/774
f 784/784/784 774/774/774 783/783/783
f 771/771/771 784/784/784 782/782/782
f 771/771/771 782/782/782 770/770/770
f 773/773/773 784/784/784 771/771/771
f 771/771/771 758/758/758 773/773/773
f 776/776/776 762/762/762 763/763/763
f 776/776/776 763/763/763 778/778/778
f 775/775/775 776/776/776 777/777/777
f 775/775/775 777/777/777 774/774/774
f 776/776/776 775/775/775 759/759/759
f 759/759/759 762/762/762 776/776/776
f 779/779/779 766/766/766 767/767/767
f 779/779/779 767/767/767 781/781/781
f 778/778/778 779/779/779 780/780/780
f 778/778/778 780/780/780 777/777/777
f 778/778/778 766/766/766 779/779/779
f 778/778/778 763/763/763 766/766/766
f 781/781/781 782/782/782 783/783/783
f 781/781/781 783/783/783 780/780/780
f 781/781/781 770/770/770 782/782/782
f 781/781/781 767/767/767 770/770/770
f 774/774/774 780/780/780 783/783/783
f 774/774/774 777/777/777 780/780/780
f 785/785/785 787/787/787 786/786/786
f 788/788/788 790/790/790 789/789/789
f 791/791/791 793/793/793 792/792/792
f 794/794/794 796/796/796 795/795/795
f 797/797/797 799/799/799 798/798/798
f 797/797/797 800/800/800 799/799/799
f 801/801/801 803/803/803 802/802/802
f 801/801/801 804/804/804 803/803/803
f 805/805/805 807/807/807 806/806/806
f 805/805/805 808/808/808 807/807/807
f 809/809/809 811/811/811 810/810/810
f 809/809/809 812/812/812 811/811/811
f 813/813/813 815/815/815 814/814/814
f 813/813/813 816/816/816 815/815/815
f 817/817/817 819/819/819 818/818/818
f 817/817/817 820/820/820 819/819/819
f 821/821/821 823/823/823 822/822/822
f 821/821/821 824/824/824 823/823/823
f 825/825/825 827/827/827 826/826/826
f 825/825/825 828/828/828 827/827/827
f 829/829/829 831/831/831 830/830/830
f 832/832/832 834/834/834 833/833/833
f 835/835/835 837/837/837 836/836/836
f 838/838/838 840/840/840 839/839/839
f 785/785/785 788/788/788 789/789/789
f 785/785/785 789/789/789 787/787/787
f 794/794/794 785/785/785 786/786/786
f 794/794/794 786/786/786 796/796/796
f 791/791/791 794/794/794 795/795/795
f 791/791/791 795/795/795 793/793/793
f 788/788/788 791/791/791 792/792/792
f 788/788/788 792/792/792 790/790/790
f 791/791/791 788/788/788 794/794/794
f 788/788/788 785/785/785 794/794/794
f 797/797/797 786/786/786 787/787/787
f 797/797/797 787/787/787 800/800/800
f 812/812/812 797/797/797 798/798/798
f 812/812/812 798/798/798 811/811/811
f 796/796/796 812/812/812 809/809/809
f 796/796/796 809/809/809 795/795/795
f 786/786/786 797/797/797 796/796/796
f 797/797/797 812/812/812 796/796/796
f 801/801/801 789/789/789 790/790/790
f 801/801/801 790/790/790 804/804/804
f 800/800/800 801/801/801 802/802/802
f 800/800/800 802/802/802 799/799/799
f 787/787/787 789/789/789 800/800/800
f 789/789/789 801/801/801 800/800/800
f 805/805/805 792/792/792 793/793/793
f 805/805/805 793/793/793 808/808/808
f 804/804/804 805/805/805 806/806/806
f 804/804/804 806/806/806 803/803/803
f 792/792/792 805/805/805 790/790/790
f 805/805/805 804/804/804 790/790/790
f 808/808/808 809/809/809 810/810/810
f 808/808/808 810/810/810 807/807/807
f 795/795/795 809/809/809 793/793/793
f 809/809/809 808/808/808 793/793/793
f 813/813/813 798/798/798 799/799/799
f 813/813/813 799/799/799 816/816/816
f 828/828/828 813/813/813 814/814/814
f 828/828/828 814/814/814 827/827/827
f 811/811/811 828/828/828 825/825/825
f 811/811/811 825/825/825 810/810/810
f 828/828/828 798/798/798 813/813/813
f 828/828/828 811/811/811 798/798/798
f 817/817/817 802/802/802 803/803/803
f 817/817/817 803/803/803 820/820/820
f 816/816/816 817/817/817 818/818/818
f 816/816/816 818/818/818 815/815/815
f 817/817/817 816/816/816 799/799/799
f 799/799/799 802/802/802 817/817/817
f 821/821/821 806/806/806 807/807/807
f 821/821/821 807/807/807 824/824/824
f 820/820/820 821/821/821 822/822/822
f 820/820/820 822/822/822 819/819/819
f 820/820/820 803/803/803 806/806/806
f 806/806/806 821/821/821 820/820/820
f 824/824/824 825/825/825 826/826/826
f 824/824/824 826/826/826 823/823/823
f 807/807/807 810/810/810 825/825/825
f 825/825/825 824/824/824 807/807/807
f 829/829/829 814/814/814 815/815/815
f 829/829/829 815/815/815 831/831/831
f 840/840/840 829/829/829 830/830/830
f 840/840/840 830/830/830 839/839/839
f 827/827/827 840/840/840 838/838/838
f 827/827/827 838/838/838 826/826/826
f 840/840/840 827/827/827 829/829/829
f 827/827/827 814/814/814 829/829/829
f 832/832/832 818/818/818 819/819/819
f 832/832/832 819/819/819 834/834/834
f 831/831/831 832/832/832 833/833/833
f 831/831/831 833/833/833 830/830/830
f 831/831/831 815/815/815 832/832/832
f 815/815/815 818/818/818 832/832/832
f 835/835/835 822/822/822 823/823/823
f 835/835/835 823/823/823 837/837/837
f 834/834/834 835/835/835 836/836/836
f 834/834/834 836/836/836 833/833/833
f 835/835/835 834/834/834 822/822/822
f 834/834/834 819/819/819 822/822/822
f 837/837/837 838/838/838 839/839/839
f 837/837/837 839/839/839 836/836/836
f 837/837/837 823/823/823 838/838/838
f 823/823/823 826/826/826 838/838/838
f 830/830/830 833/833/833 839/839/839
f 833/833/833 836/836/836 839/839/839
