# devin.bmd — MU geometry at action 0 key 0, exported for MU2
# 2 mesh(es)

g npc_devin01
# texture: npc_devin01.jpg
v 6.01651 162.1179 21.2303
v 7.219014 165.4858 17.76719
v 7.793614 173.5746 20.2471
v 8.759712 168.2305 23.7669
v 2.379211 158.088 22.34179
v 5.708012 160.1325 18.6217
v 3.815415 179.8013 25.11249
v 6.214512 171.8091 27.17799
v 6.141615 176.8244 17.19289
v 4.080917 183.7744 20.13029
v 6.431518 178.7003 12.48379
v 3.625318 185.2733 11.09289
v 5.574818 180.4569 8.772095
v 2.234921 182.792 6.041795
v 6.472818 171.0164 5.835693
v 2.94672 174.2775 2.610695
v 7.640915 167.1696 15.1587
v 9.085413 167.9434 14.0515
v 7.575016 166.875 7.481798
v 2.890618 165.4436 2.760798
v -2.398481 174.702 0.983193
v -1.344482 163.507 1.766597
v 7.880815 165.1054 13.5343
v 10.56531 164.4741 6.579299
v 4.903718 162.5357 1.076298
v 10.72432 163.2562 13.0737
v 7.315012 159.692 19.325
v 3.26101 156.2884 22.51019
v -3.01229 155.7421 23.49479
v -3.095091 154.5078 24.38739
v 12.98802 160.2455 5.634398
v 6.793816 157.7164 0.249699
v -1.266484 153.6986 -1.480002
v -1.148881 161.3069 -1.4642
v 12.90231 160.9323 12.305
v 9.469709 158.0624 19.2424
v 12.98802 160.2455 5.634398
v 12.90231 160.9323 12.305
v 16.46181 159.5668 12.547
v 16.09851 157.9014 5.924999
v 9.469709 158.0624 19.2424
v 3.26101 156.2884 22.51019
v 7.353709 152.7657 24.1001
v 12.93211 156.0253 20.1413
v -3.095091 154.5078 24.38739
v -1.224293 149.4392 26.59009
v 23.90181 155.5005 13.0422
v 20.87402 152.7327 4.7885
v 20.25411 152.064 20.629
v 28.03861 146.672 14.2446
v 25.85171 143.1443 4.828098
v 23.07921 144.2505 21.548
v 12.31511 147.9737 25.389
v 4.378705 145.703 28.1505
v 16.1642 141.0331 25.0783
v 6.793816 157.7164 0.249699
v 9.667213 152.5221 0.300504
v 11.40721 146.8847 -0.7982
v -1.133686 150.6272 -4.019403
v -1.251687 145.4763 -3.491599
v 11.81151 141.835 -2.586499
v -2.050087 141.3509 -5.243196
v 28.93691 139.3859 2.249207
v 35.41591 133.8139 12.89311
v 44.3488 122.13 4.069508
v 37.2993 121.4238 -4.070292
v 23.6969 119.4387 -13.98729
v 16.32151 135.4077 -7.039694
v 6.965513 121.2782 -15.67319
v 2.230415 136.8869 -7.301801
v 52.95729 101.4958 -1.162992
v 45.38059 101.7286 -11.41649
v 31.93399 100.6206 -20.96349
v 12.80141 102.3592 -22.14219
v 63.41388 76.95457 -6.389888
v 55.25478 77.27078 -18.38348
v 41.36678 76.56848 -29.51609
v 20.74902 78.08919 -32.18908
v 63.20285 40.42398 -8.637087
v 53.60766 42.92999 -23.03949
v 36.69026 48.16569 -34.29649
v 17.69721 42.12717 -36.03999
v 60.35284 14.43798 -4.427181
v 53.71984 16.02568 -26.54198
v 34.02535 22.02799 -40.17049
v 15.5913 15.56236 -39.67688
v 26.56571 137.8129 22.5939
v 16.1642 141.0331 25.0783
v 4.378705 145.703 28.1505
v 5.919099 126.3933 29.8765
v 17.1591 126.7758 27.1901
v 7.446896 108.8945 31.8548
v 18.77939 109.004 29.5263
v 9.482191 89.98991 34.4538
v 20.80639 90.04141 32.00529
v 7.200498 76.38023 41.3613
v 18.32119 73.17712 40.61559
v 5.760897 57.98563 48.0827
v 17.03819 55.57133 46.75749
v 2.719212 163.3356 22.52759
v 2.379211 158.088 22.34179
v 5.708012 160.1325 18.6217
v 5.755315 166.386 15.5851
v -3.356293 149.0529 26.86
v -3.478194 146.5052 28.0146
v -3.205492 151.1212 26.00039
v -0.215491 153.3716 24.77169
v -3.218691 154.3154 26.0813
v -0.215491 153.3716 24.77169
v -3.04109 155.751 23.90129
v -3.218691 154.3154 26.0813
v -2.346688 174.9841 32.10359
v -2.379687 181.457 28.64269
v -2.348388 175.3211 31.92749
v -2.420584 187.7935 20.18619
v -2.44608 189.9036 10.38269
v -2.43228 184.1103 4.227994
v -1.190184 151.9277 -2.9406
v -1.266484 153.6986 -1.480002
v 2.719212 163.3356 22.52759
v 0.14441 160.9125 25.6867
v 13.62315 0.021083 7.938511
v 15.50284 0.038183 21.76562
v 17.11035 2.652584 20.54042
v 14.10985 9.084473 7.543612
v 23.75305 0.031184 5.866214
v 27.34575 -0.509817 17.94032
v 15.50284 0.038183 21.76562
v 13.62315 0.021083 7.938511
v 21.15455 5.122085 19.60932
v 24.76725 3.048884 24.43633
v 25.30405 2.763386 18.48912
v 20.34715 3.010984 25.57433
v 25.61995 -0.038716 25.73363
v 20.06554 0.055883 26.99653
v 25.61995 -0.038716 25.73363
v 27.34575 -0.509817 17.94032
v 21.39805 9.654976 5.826511
v 18.22516 10.81157 9.735113
v 23.75305 0.031184 5.866214
v 20.06554 0.055883 26.99653
v -10.63889 162.0482 21.25869
v -13.42449 168.1377 23.80469
v -12.51509 173.4896 20.28169
v -11.88128 165.4059 17.79969
v -8.110786 158.2518 21.59509
v -10.81409 160.3904 17.44569
v -10.89769 171.7375 27.20719
v -8.572586 179.7495 25.13359
v -8.888281 183.7201 20.15239
v -10.90078 176.7531 17.22189
v -8.47608 185.2226 11.11349
v -11.22248 178.6265 12.51389
v -7.082181 182.753 6.057591
v -10.39308 180.3901 8.799291
v -7.734281 174.2328 2.628892
v -11.22208 170.9423 5.865891
v -12.01768 167.4765 13.75949
v -13.26608 168.2923 12.46059
v -5.615482 165.5764 2.155396
v -10.87448 167.163 6.168593
v -12.08918 165.4171 12.11279
v -7.45918 162.7287 0.196294
v -13.77998 164.8541 4.846393
v -14.89478 163.6561 11.25019
v -12.51739 160.0016 17.91329
v -9.06299 156.4808 21.63299
v -9.361883 157.9686 -0.900304
v -15.94368 160.9593 3.577291
v -16.75488 161.6705 10.19649
v -14.68829 158.4395 17.52279
v -15.94368 160.9593 3.577291
v -19.21388 158.8298 3.41469
v -20.39618 160.5472 9.926991
v -16.75488 161.6705 10.19649
v -14.68829 158.4395 17.52279
v -18.21868 156.8136 17.92659
v -13.44699 153.0904 22.61949
v -9.06299 156.4808 21.63299
v -5.415493 149.5046 26.29179
v -24.11588 153.9868 1.590789
v -28.08668 156.9899 9.347588
v -25.78458 153.3532 17.35689
v -29.58477 145.0336 0.727186
v -32.90027 148.4832 9.837887
v -29.18598 145.6128 17.69689
v -18.68729 148.4577 23.18229
v -11.29629 145.9477 27.03469
v -21.98099 139.7727 23.93769
v -9.361883 157.9686 -0.900304
v -12.37338 152.8662 -1.268405
v -14.11448 147.2831 -2.614806
v -14.41809 142.2445 -4.453502
v -26.99279 133.6716 -8.502206
v -23.69729 114.8365 -16.6802
v -33.53929 111.9373 -13.3363
v -35.30139 124.8633 -2.201705
v -11.00398 135.6952 -9.735405
v -7.364386 119.1363 -18.116
v -30.73889 91.04719 -20.7112
v -19.40939 94.77599 -25.2203
v -3.516485 99.27589 -25.8135
v -27.58419 64.90288 -27.45299
v -14.88549 69.05638 -33.11069
v 2.074911 74.21888 -34.84189
v -38.42941 53.13589 -19.8726
v -25.2176 49.43179 -30.71279
v -5.324795 45.97678 -36.42839
v -47.67262 29.06838 -13.8362
v -35.38631 24.37108 -32.87729
v -12.1276 20.17797 -40.02459
v -33.14288 139.3747 18.04399
v -21.98099 139.7727 23.93769
v -22.17419 126.5644 24.18419
v -11.40549 127.3276 28.32589
v -11.29629 145.9477 27.03469
v -10.7165 110.3899 31.36269
v -21.44289 108.5851 27.42008
v -10.29551 91.56091 35.04678
v -20.9868 89.69402 30.99128
v -12.21931 76.28693 43.47918
v -23.02561 74.36543 39.73497
v -15.01931 58.24122 50.69877
v -25.71631 57.08892 46.33897
v -7.347487 163.2934 22.54479
v -10.43259 166.3183 15.61269
v -10.81409 160.3904 17.44569
v -8.110786 158.2518 21.59509
v -3.319492 151.123 25.99229
v -6.034091 153.4625 24.35759
v -6.034091 153.4625 24.35759
v -4.74169 160.892 25.69509
v -7.347487 163.2934 22.54479
v -9.673593 0.22212 18.84341
v -10.60709 9.600613 17.76471
v -13.1608 2.853621 31.4453
v -11.55329 0.239321 32.67051
v -19.80359 0.232222 16.77111
v -9.673593 0.22212 18.84341
v -11.55329 0.239321 32.67051
v -23.39629 -0.308775 28.8452
v -17.20499 5.323222 30.5141
v -21.35449 2.964423 29.394
v -20.81769 3.250023 35.3412
v -16.39769 3.212021 36.47919
v -16.11609 0.256923 37.9014
v -21.67039 0.162325 36.6385
v -23.39629 -0.308775 28.8452
v -21.67039 0.162325 36.6385
v -14.452 11.02632 20.57631
v -18.09949 9.38892 17.30581
v -19.80359 0.232222 16.77111
v -16.11609 0.256923 37.9014
v 28.93691 139.3859 2.249207
v 37.2993 121.4238 -4.070292
v 44.3488 122.13 4.069508
v 35.41591 133.8139 12.89311
v 16.32151 135.4077 -7.039694
v 23.6969 119.4387 -13.98729
v 2.230415 136.8869 -7.301801
v 6.965513 121.2782 -15.67319
v 52.95729 101.4958 -1.162992
v 45.38059 101.7286 -11.41649
v 31.93399 100.6206 -20.96349
v 12.80141 102.3592 -22.14219
v 63.41388 76.95457 -6.389888
v 55.25478 77.27078 -18.38348
v 41.36678 76.56848 -29.51609
v 20.74902 78.08919 -32.18908
v 63.20285 40.42398 -8.637087
v 53.60766 42.92999 -23.03949
v 36.69026 48.16569 -34.29649
v 17.69721 42.12717 -36.03999
v 60.35284 14.43798 -4.427181
v 53.71984 16.02568 -26.54198
v 34.02535 22.02799 -40.17049
v 15.5913 15.56236 -39.67688
v 28.03861 146.672 14.2446
v 25.85171 143.1443 4.828098
v 26.56571 137.8129 22.5939
v 23.07921 144.2505 21.548
v 16.1642 141.0331 25.0783
v 11.81151 141.835 -2.586499
v -2.050087 141.3509 -5.243196
v 16.1642 141.0331 25.0783
v 17.1591 126.7758 27.1901
v 5.919099 126.3933 29.8765
v 4.378705 145.703 28.1505
v 7.446896 108.8945 31.8548
v 18.77939 109.004 29.5263
v 9.482191 89.98991 34.4538
v 20.80639 90.04141 32.00529
v 7.200498 76.38023 41.3613
v 18.32119 73.17712 40.61559
v 5.760897 57.98563 48.0827
v 17.03819 55.57133 46.75749
v -26.99279 133.6716 -8.502206
v -35.30139 124.8633 -2.201705
v -33.53929 111.9373 -13.3363
v -23.69729 114.8365 -16.6802
v -7.364386 119.1363 -18.116
v -11.00398 135.6952 -9.735405
v -30.73889 91.04719 -20.7112
v -19.40939 94.77599 -25.2203
v -3.516485 99.27589 -25.8135
v -27.58419 64.90288 -27.45299
v -14.88549 69.05638 -33.11069
v 2.074911 74.21888 -34.84189
v -38.42941 53.13589 -19.8726
v -25.2176 49.43179 -30.71279
v -5.324795 45.97678 -36.42839
v -47.67262 29.06838 -13.8362
v -35.38631 24.37108 -32.87729
v -12.1276 20.17797 -40.02459
v -32.90027 148.4832 9.837887
v -29.58477 145.0336 0.727186
v -33.14288 139.3747 18.04399
v -29.18598 145.6128 17.69689
v -21.98099 139.7727 23.93769
v -14.41809 142.2445 -4.453502
v -21.98099 139.7727 23.93769
v -11.29629 145.9477 27.03469
v -11.40549 127.3276 28.32589
v -22.17419 126.5644 24.18419
v -10.7165 110.3899 31.36269
v -21.44289 108.5851 27.42008
v -10.29551 91.56091 35.04678
v -20.9868 89.69402 30.99128
v -12.21931 76.28693 43.47918
v -23.02561 74.36543 39.73497
v -15.01931 58.24122 50.69877
v -25.71631 57.08892 46.33897
v 5.136416 174.6617 19.23719
v 4.759817 175.112 12.82039
v 4.926817 179.0624 12.41689
v 5.046315 179.2291 19.02779
v -2.380183 180.575 26.18339
v -2.358086 175.6256 26.99949
v 1.763013 175.9207 24.85919
v 1.846515 180.2481 23.74159
v 4.109715 175.5155 21.84849
v 2.836913 170.5421 23.12759
v 3.758614 167.9321 19.6277
v 0.717712 166.1976 23.71299
v 1.399112 164.4534 21.85829
v -1.779688 168.1538 27.26909
v -0.893588 168.4195 25.34149
v -1.416087 173.0682 25.25539
v -1.764687 173.5847 26.01109
v -2.351087 173.6002 26.09649
v -2.326288 168.1862 27.37829
v 1.950714 166.0442 17.05619
v 2.655215 168.2852 14.15419
v 3.892015 170.7443 13.26739
v 1.865613 160.2783 16.5135
v 3.684513 161.8813 13.4548
v 8.811708 157.387 18.598
v 1.865613 160.2783 16.5135
v 5.18251 156.2516 20.57549
v 0.79591 155.6169 22.20219
v -2.98289 155.4375 23.01449
v -3.296493 148.6641 25.93429
v 2.443307 148.5545 26.2312
v 7.854308 149.6973 24.98119
v 12.25831 152.7173 21.2062
v 3.120803 140.8181 28.84439
v 9.814404 142.9372 26.4465
v 7.854308 149.6973 24.98119
v 2.443307 148.5545 26.2312
v -3.296493 148.6641 25.93429
v -3.057697 140.1003 29.83579
v 15.03911 146.9573 20.8163
v 12.25831 152.7173 21.2062
v 2.794301 131.9301 28.20169
v 8.452602 135.1138 26.0008
v -2.686599 129.3082 29.3384
v 14.4446 138.6551 11.728
v 16.00861 142.8353 12.1564
v 15.03911 146.9573 20.8163
v 12.0373 138.6135 20.7939
v 9.226299 118.6101 24.3654
v 8.452602 135.1138 26.0008
v 2.794301 131.9301 28.20169
v 4.099697 116.9155 28.6188
v 12.0373 138.6135 20.7939
v 12.33411 140.166 6.511205
v 11.79891 143.3757 3.6739
v 16.30461 144.6413 5.385101
v 12.2611 120.8999 12.2585
v 7.138104 121.96 6.0872
v 6.831807 136.6904 4.593202
v 8.863098 113.4389 24.1486
v 4.076998 113.7471 27.8234
v 12.3927 114.7444 19.781
v 12.2198 120.0689 19.7062
v 12.1262 115.3423 12.2523
v 6.990703 115.948 6.713703
v -2.394395 122.4217 5.543998
v -2.677096 116.4182 5.995298
v 0.280613 164.3177 19.33159
v 0.302813 158.6292 18.42229
v -2.316188 162.9046 20.32339
v -2.653087 158.4555 19.04289
v -2.258902 113.7981 30.04219
v -1.390304 102.5983 29.6534
v 5.276296 104.1809 27.7446
v 11.3864 107.0022 24.7699
v -2.307388 161.9994 23.28419
v 0.302813 158.6292 18.42229
v 13.86559 109.487 18.8273
v 12.7997 108.9382 10.6878
v 8.428101 105.5755 4.584205
v -3.727097 103.7433 1.443705
v 1.580302 103.9517 2.811802
v -0.977415 91.2468 30.82431
v 7.169288 92.8187 28.55841
v 14.08379 95.4463 24.49241
v 16.36399 97.5813 18.82911
v 16.6903 97.4385 9.662405
v 11.229 95.2419 2.3555
v 3.967694 93.3333 -0.770106
v -3.764308 91.80039 -2.425205
v 11.53147 60.72248 26.58191
v 16.61218 61.13678 24.19791
v 21.42828 60.32708 15.18401
v 20.97528 61.62669 5.073406
v 15.22309 67.31749 -0.9308
v 6.461885 67.67749 -5.103704
v 17.92996 0.733883 -26.6039
v 4.004713 0.856014 -21.97596
v 0.708614 8.193314 -19.97967
v 12.94695 10.26367 -22.68841
v -1.848097 66.28868 -2.172093
v 12.03587 55.56249 26.39301
v 17.11717 55.58609 24.10242
v 16.80228 55.90959 -3.187199
v 7.607078 55.02089 -8.391306
v -1.122396 55.4884 -4.15309
v 14.46865 12.05727 23.16842
v 25.33626 16.92238 19.57492
v 30.74206 16.81067 9.022415
v 31.47316 14.42017 -2.227787
v 25.22696 11.65217 -14.4686
v 14.02594 2.562186 27.55352
v 28.28865 7.178088 21.94992
v 35.59946 1.391186 8.286719
v 36.79946 1.456886 -2.172488
v 30.72846 0.823186 -16.6741
v -2.325688 167.2293 25.36829
v -2.316688 164.7623 24.6032
v -2.653087 158.4555 19.04289
v -2.686599 129.3082 29.3384
v -2.136102 116.6299 30.2414
v -0.060629 60.19209 29.66561
v 0.098968 55.07149 29.40611
v -0.000053 10.15119 21.14191
v -0.000063 -0.039919 25.62812
v -9.870584 174.5989 19.26279
v -9.819384 179.1669 19.05309
v -9.72098 179.0011 12.44189
v -9.519583 175.0523 12.84469
v -6.612284 180.2127 23.75599
v -6.488686 175.8861 24.87319
v -8.842188 175.4613 21.87059
v -7.523488 170.4988 23.14519
v -8.435186 167.881 19.64849
v -5.365988 166.1721 23.72339
v -6.039088 164.4222 21.87089
v -2.872988 168.1492 27.27099
v -2.937686 173.5798 26.01309
v -3.284486 173.0604 25.25859
v -3.767788 168.4074 25.34639
v -6.620286 166.0083 17.07079
v -8.613785 170.6919 13.28869
v -7.353385 168.2434 14.17119
v -6.709188 160.4122 15.90309
v -8.025984 162.0641 12.62119
v -13.96699 157.7426 16.97659
v -10.69139 156.4994 19.44559
v -6.709188 160.4122 15.90309
v -6.601188 155.7324 21.67569
v -9.021091 148.7335 25.41519
v -17.89149 153.188 19.06009
v -14.16229 150.0409 23.41409
v -9.199894 140.411 28.47599
v -9.021091 148.7335 25.41519
v -14.16229 150.0409 23.41409
v -16.51919 143.3483 24.57209
v -20.76659 147.5162 18.26769
v -17.89149 153.188 19.06009
v -8.250698 131.5652 27.8714
v -13.96499 134.3732 25.33049
v -19.31479 137.5397 10.71859
v -17.45539 137.639 19.91199
v -20.76659 147.5162 18.26769
v -20.62749 143.4072 9.548592
v -13.5634 119.5592 24.91359
v -8.3972 117.4359 28.9194
v -8.250698 131.5652 27.8714
v -13.96499 134.3732 25.33049
v -17.45539 137.639 19.91199
v -17.00089 139.1968 5.634096
v -19.90549 145.2065 2.807694
v -15.24429 143.7979 1.748995
v -11.17689 136.0954 4.054798
v -16.9748 122.1174 12.96169
v -12.0835 122.7605 6.549599
v -13.6423 114.3761 24.68989
v -8.676401 114.2783 28.1302
v -17.2568 115.9791 20.49409
v -16.6453 121.271 20.40049
v -17.3031 116.5679 12.9602
v -12.4068 116.7559 7.180297
v -2.582695 122.4296 5.5485
v -2.778996 116.4225 5.997701
v -4.928087 164.2959 19.34049
v -5.484487 158.7196 18.01039
v -8.311801 104.046 28.88949
v -14.8876 106.7413 26.98359
v -5.484487 158.7196 18.01039
v -18.3742 109.1669 21.54359
v -18.6746 108.6257 13.3396
v -15.32089 105.3397 6.585098
v -3.828897 103.7422 1.452303
v -8.835696 103.8482 3.689403
v -9.218903 95.43449 30.72169
v -16.9592 96.81419 27.65059
v -20.3673 97.86959 22.25609
v -22.1867 96.32479 13.3985
v -17.7987 93.53659 5.587398
v -3.867109 91.79709 -2.416504
v -10.9875 91.81539 1.490704
v -15.6698 62.7606 32.37429
v -10.2508 63.1497 33.84109
v -21.7895 60.1936 24.5602
v -23.1618 59.99509 14.4509
v -19.15039 65.1958 6.809903
v -11.29479 65.6814 1.121711
v -13.98048 0.93502 -15.69898
v -14.65268 9.46611 -12.24079
v 0.599411 8.186008 -19.97027
v 3.894413 0.856013 -21.97598
v -1.952396 66.28169 -2.162488
v -15.5439 56.32551 33.1938
v -10.1754 56.89641 34.5793
v -19.84039 55.39691 6.256712
v -11.60519 55.1504 -0.417288
v -1.227897 55.4813 -4.143984
v -20.40189 16.88242 31.3019
v -8.645599 13.25521 33.1236
v -27.459 15.75811 21.8401
v -29.81599 12.78341 10.95841
v -25.45878 10.05542 -2.083288
v -24.33919 7.379224 32.8548
v -10.0764 2.763321 38.4583
v -31.64999 1.592327 19.1916
v -32.84998 1.657927 8.732409
v -26.77888 1.024227 -5.76918
v 15.023 104.4994 10.7663
v 8.769302 103.7399 3.276404
v 8.182901 109.4223 4.254804
v 13.7467 110.1703 11.127
v -3.899997 99.7992 -0.461195
v -3.799196 105.6188 1.415501
v 15.98249 104.2068 27.916
v 14.8484 109.9863 22.1289
v 5.211396 106.4172 29.1003
v 6.423997 101.1636 30.8571
v -1.361404 104.2871 30.256
v -1.295704 98.3867 30.221
v -23.4333 94.62319 14.2767
v -21.9029 100.7843 13.6294
v -14.78609 102.7556 3.313799
v -15.4949 95.4782 2.878401
v -3.799196 105.6188 1.415501
v -3.899997 99.7992 -0.461195
v -21.1149 95.424 25.08059
v -20.3902 100.1149 24.00749
v -12.8318 97.81939 30.05919
v -12.381 101.254 29.61189
v -1.295704 98.3867 30.221
v -1.361404 104.2871 30.256
v 16.00861 142.8353 12.1564
v 17.99301 139.265 13.164
v 15.03911 146.9573 20.8163
v 22.65611 137.6119 7.428896
v 16.30461 144.6413 5.385101
v 18.93741 140.612 20.1265
v 28.54391 127.6129 22.55529
v 33.23721 125.2512 17.4486
v 27.76441 143.3598 14.9526
v 23.79691 142.0482 20.0072
v 33.69291 122.9327 9.707697
v 26.32601 140.7839 8.628398
v 24.60631 126.1833 22.54039
v 30.87171 120.4692 7.375296
v 22.65611 137.6119 7.428896
v 30.87171 120.4692 7.375296
v 19.27031 133.0496 14.4634
v 29.60611 125.604 22.2733
v 30.50871 119.6605 26.65299
v 35.2147 118.216 21.3615
v 36.58381 112.6486 14.11959
v 34.16751 121.7484 9.898296
v 33.66861 110.7676 11.03159
v 31.39811 119.1224 7.350095
v 22.98601 122.6286 17.27609
v 31.39811 119.1224 7.350095
v 33.66861 110.7676 11.03159
v 24.46681 114.5288 20.22979
v 25.87321 124.5032 22.20639
v 26.71401 118.5492 26.37069
v 38.4024 92.9521 43.33189
v 32.55659 97.8096 46.91508
v 34.3019 99.946 37.96059
v 36.7697 98.4665 36.32619
v 38.6003 80.6633 32.12558
v 35.8449 96.5177 33.88039
v 26.2824 97.5953 44.60709
v 31.8309 100.2344 37.54169
v 33.566 78.2785 29.71168
v 34.2407 96.0811 32.70459
v 25.8533 88.6349 37.95848
v 30.9471 98.504 34.26078
v 32.55659 97.8096 46.91508
v 38.4024 92.9521 43.33189
v 38.6003 80.6633 32.12558
v 33.566 78.2785 29.71168
v 33.566 78.2785 29.71168
v 25.8533 88.6349 37.95848
v 26.2824 97.5953 44.60709
v 30.9471 98.504 34.26078
v 34.2407 96.0811 32.70459
v 33.5086 90.3232 34.14189
v 30.2523 93.1784 37.44549
v 35.8449 96.5177 33.88039
v 36.7697 98.4665 36.32619
v 37.1428 92.3005 40.72999
v 35.4817 90.1561 36.17219
v 34.3019 99.946 37.96059
v 33.5363 95.9876 42.84609
v 31.8309 100.2344 37.54169
v 30.3127 97.5033 42.30309
v 27.1983 84.1611 44.11669
v 26.4947 86.5403 45.50929
v 26.1401 85.2712 42.98599
v 28.8621 83.7798 39.41999
v 35.2617 89.1565 42.74709
v 34.8524 86.42551 37.82919
v 32.4416 92.4777 45.53459
v 30.4046 93.6819 44.86909
v 30.3127 97.5033 42.30309
v 30.6867 89.9069 40.55779
v 30.4046 93.6819 44.86909
v 32.4539 86.813 36.44969
v 35.4817 90.1561 36.17219
v 34.8524 86.42551 37.82919
v 35.8449 96.5177 33.88039
v 30.3127 97.5033 42.30309
v 31.8309 100.2344 37.54169
v 28.1504 98.1771 40.71419
v 30.9471 98.504 34.26078
v 28.46 95.3243 37.52469
v 30.2523 93.1784 37.44549
v 26.0731 95.4296 42.29439
v 28.0339 95.0712 43.25779
v 26.245 93.6438 40.34569
v 28.0188 92.7337 40.84479
v 30.3127 97.5033 42.30309
v 28.0339 95.0712 43.25779
v 26.2537 90.6069 43.81139
v 32.3975 85.8595 44.00699
v 32.5504 84.8512 39.37259
v 30.3585 89.4637 46.38009
v 29.1011 90.5246 46.02879
v 29.5795 87.712 41.66109
v 29.1011 90.5246 46.02879
v 31.1512 85.46111 37.78549
v 32.5504 84.8512 39.37259
v 26.1401 85.2712 42.98599
v 26.4947 86.5403 45.50929
v 28.8621 83.7798 39.41999
v -20.62749 143.4072 9.548592
v -20.76659 147.5162 18.26769
v -23.23627 140.5124 9.976489
v -27.11228 139.2651 3.589889
v -19.90549 145.2065 2.807694
v -25.09408 141.764 16.77099
v -35.66548 129.3147 17.42049
v -29.79748 143.491 16.00469
v -32.91728 145.1461 10.47869
v -39.70148 127.3485 11.63019
v -30.73218 142.6249 4.349386
v -39.16957 125.2281 3.837485
v -31.85328 127.6523 17.92309
v -27.11228 139.2651 3.589889
v -36.18557 122.6506 1.857587
v -36.18557 122.6506 1.857587
v -25.03438 134.3583 10.89519
v -36.05188 129.5046 14.64689
v -41.77058 122.3583 16.40739
v -37.03318 125.5247 20.85329
v -41.34078 119.779 5.660086
v -43.23618 114.5971 11.61899
v -38.69708 116.0817 5.027586
v -40.35518 111.6975 9.413385
v -29.69567 124.1206 12.83909
v -31.08048 118.3546 16.69959
v -40.35518 111.6975 9.413385
v -38.69708 116.0817 5.027586
v -32.33578 128.3981 14.98909
v -33.25588 124.3308 20.99809
v -45.28628 106.6263 45.92458
v -43.58658 109.2593 37.41978
v -41.09398 111.188 38.42828
v -39.36228 112.3562 47.56239
v -45.68788 91.15604 39.82978
v -42.69548 106.554 35.83169
v -38.61988 111.2725 37.94249
v -33.09658 111.243 45.50319
v -40.69408 87.99524 38.44059
v -41.10028 105.704 34.89389
v -32.81308 100.4968 42.48369
v -37.76818 108.4743 35.49609
v -39.36228 112.3562 47.56239
v -45.28628 106.6263 45.92458
v -45.68788 91.15604 39.82978
v -40.69408 87.99524 38.44059
v -40.69408 87.99524 38.44059
v -32.81308 100.4968 42.48369
v -33.09658 111.243 45.50319
v -37.76818 108.4743 35.49609
v -36.72058 107.3236 41.56568
v -39.03548 102.4163 41.08688
v -41.10028 105.704 34.89389
v -42.69548 106.554 35.83169
v -41.22388 103.2529 42.68498
v -43.79468 107.4963 44.56008
v -43.58658 109.2593 37.41978
v -41.09488 112.2791 43.60318
v -41.09398 111.188 38.42828
v -38.08468 113.6537 42.17748
v -38.61988 111.2725 37.94249
v -32.00268 106.3081 48.98147
v -32.23558 106.7717 47.14837
v -32.45378 109.1069 48.75547
v -34.49428 102.6402 46.66987
v -40.28908 101.8082 46.43978
v -41.76948 106.9647 48.18057
v -39.87908 111.7743 47.96368
v -37.96858 112.6047 46.65878
v -38.08468 113.6537 42.17748
v -37.96858 112.6047 46.65878
v -37.09608 106.9645 46.07217
v -37.80618 101.6493 45.16858
v -40.28908 101.8082 46.43978
v -41.22388 103.2529 42.68498
v -42.69548 106.554 35.83169
v -38.08468 113.6537 42.17748
v -35.84618 113.5131 40.55788
v -38.61988 111.2725 37.94249
v -35.29078 109.277 40.16448
v -37.76818 108.4743 35.49609
v -36.72058 107.3236 41.56568
v -35.58618 113.3415 44.34027
v -33.61368 113.3568 43.33527
v -33.16218 110.7473 43.28568
v -34.78168 110.0797 44.36057
v -35.58618 113.3415 44.34027
v -38.08468 113.6537 42.17748
v -32.89688 111.5866 47.89117
v -37.55718 102.2319 47.86937
v -37.41718 105.9317 50.83747
v -36.79068 110.5939 50.03117
v -36.09798 111.4751 48.77677
v -36.09798 111.4751 48.77677
v -35.79048 106.5396 47.11457
v -36.66228 102.0408 45.86657
v -37.55718 102.2319 47.86937
v -32.45378 109.1069 48.75547
v -32.23558 106.7717 47.14837
v -34.49428 102.6402 46.66987
v -29.50592 193.5378 55.13799
v -28.51373 194.5817 53.80909
v -29.63523 195.6604 53.46078
v -30.29872 196.1876 53.98077
v -29.63523 195.6604 53.46078
v -29.66523 194.7738 52.11628
v -31.38162 193.8904 52.38718
v -30.29872 196.1876 53.98077
v -40.50618 -1.475854 35.60058
v -29.19122 191.4884 52.62318
v -28.90382 191.8649 53.68789
v -40.95148 -1.654254 37.91888
v -29.64732 191.1264 54.92529
v -40.50618 -1.475854 35.60058
v -42.82718 -1.301554 35.16818
v -31.52302 191.479 52.17448
v -29.19122 191.4884 52.62318
v -30.01991 192.0747 52.05109
v -29.87643 191.9123 54.59099
v -29.64732 191.1264 54.92529
v -28.90382 191.8649 53.68789
v -30.01991 192.0747 52.05109
v -31.20591 192.1936 52.6412
v -28.54242 193.717 52.46648
v -29.19122 191.4884 52.62318
v -30.01991 192.0747 52.05109
v -28.90382 191.8649 53.68789
v -28.90382 191.8649 53.68789
v -30.01991 192.0747 52.05109
v -28.54242 193.717 52.46648
v -28.54242 193.717 52.46648
v -31.52302 191.479 52.17448
v -42.82718 -1.301554 35.16818
v -40.50618 -1.475854 35.60058
v -40.95148 -1.654254 37.91888
v -29.63523 195.6604 53.46078
v -28.51373 194.5817 53.80909
v -25.01893 199.8508 52.05539
v -25.01893 199.8508 52.05539
v -26.25911 200.6698 51.8009
v -29.63523 195.6604 53.46078
v -29.66523 194.7738 52.11628
v -26.40103 199.0071 50.48029
v -24.88612 199.2385 50.68118
v -28.54242 193.717 52.46648
v -24.88612 199.2385 50.68118
v -18.95671 204.5168 47.31479
v -19.29272 205.0526 48.60569
v -25.01893 199.8508 52.05539
v -20.54062 205.7593 48.5541
v -20.20361 205.2234 47.26439
v -26.40103 199.0071 50.48029
v -26.40103 199.0071 50.48029
v -26.25911 200.6698 51.8009
v -20.54062 205.7593 48.5541
v -20.54062 205.7593 48.5541
v -18.3668 205.78 48.32749
v -19.45842 206.3827 48.88669
v -17.15802 206.0277 46.282
v -18.95671 204.5168 47.31479
v -20.20361 205.2234 47.26439
v -19.51562 205.9954 46.6359
v -27.90379 227.9497 57.56339
v -26.62413 227.9505 56.69168
v -27.77031 228.1653 55.00629
v -29.05201 228.1646 55.87937
v -19.45842 206.3827 48.88669
v -24.91772 210.497 53.08338
v -26.12443 210.0313 52.86449
v -26.12443 210.0313 52.86449
v -20.54062 205.7593 48.5541
v -19.45842 206.3827 48.88669
v -19.28343 207.1752 47.87839
v -20.36403 206.5514 47.54799
v -25.81739 210.6626 51.75539
v -24.61071 211.1283 51.97419
v -26.12443 210.0313 52.86449
v -28.57261 216.4458 56.55738
v -29.72093 216.6606 54.87338
v -26.12443 210.0313 52.86449
v -24.91772 210.497 53.08338
v -27.304 216.4466 55.69329
v -27.304 216.4466 55.69329
v -28.57261 216.4458 56.55738
v -26.12443 210.0313 52.86449
v -28.45022 216.6614 54.00789
v -27.01791 216.5542 54.26559
v -27.304 216.4466 55.69329
v -26.7994 225.0067 56.44019
v -28.07371 225.0059 57.30817
v -28.57261 216.4458 56.55738
v -27.94561 225.2215 54.75478
v -26.62519 223.2062 54.84419
v -20.54062 205.7593 48.5541
v -19.29272 205.0526 48.60569
v -18.3668 205.78 48.32749
v -20.54062 205.7593 48.5541
v -20.36403 206.5514 47.54799
v -19.51562 205.9954 46.6359
v -28.51373 194.5817 53.80909
v -28.54242 193.717 52.46648
v -29.63523 195.6604 53.46078
v -26.25911 200.6698 51.8009
v -26.40103 199.0071 50.48029
v -26.40103 199.0071 50.48029
v -29.66523 194.7738 52.11628
v -29.63523 195.6604 53.46078
v -20.54062 205.7593 48.5541
v -26.25911 200.6698 51.8009
v -25.01893 199.8508 52.05539
v -25.01893 199.8508 52.05539
v -19.29272 205.0526 48.60569
v -20.54062 205.7593 48.5541
v -17.15802 206.0277 46.282
v -19.28343 207.1752 47.87839
v -19.45842 206.3827 48.88669
v -18.3668 205.78 48.32749
v -20.20361 205.2234 47.26439
v -20.54062 205.7593 48.5541
v -19.51562 205.9954 46.6359
v -26.7994 225.0067 56.44019
v -26.62519 223.2062 54.84419
v -27.94561 225.2215 54.75478
v -24.61071 211.1283 51.97419
v -24.91772 210.497 53.08338
v -20.36403 206.5514 47.54799
v -20.54062 205.7593 48.5541
v -26.12443 210.0313 52.86449
v -26.12443 210.0313 52.86449
v -25.81739 210.6626 51.75539
v -20.36403 206.5514 47.54799
v -27.01791 216.5542 54.26559
v -27.304 216.4466 55.69329
v -26.12443 210.0313 52.86449
v -29.72093 216.6606 54.87338
v -28.45022 216.6614 54.00789
v -28.45022 216.6614 54.00789
v -25.81739 210.6626 51.75539
v -26.12443 210.0313 52.86449
v -26.62519 223.2062 54.84419
v -26.7994 225.0067 56.44019
v -29.72093 216.6606 54.87338
v -29.22189 225.2207 55.62419
v -27.94561 225.2215 54.75478
v -28.45022 216.6614 54.00789
v -28.07371 225.0059 57.30817
v -26.7994 225.0067 56.44019
v -26.62413 227.9505 56.69168
v -27.90379 227.9497 57.56339
v -27.77031 228.1653 55.00629
v -26.62413 227.9505 56.69168
v -27.94561 225.2215 54.75478
v -29.22189 225.2207 55.62419
v -29.05201 228.1646 55.87937
v -27.77031 228.1653 55.00629
v -31.02414 195.6583 54.40759
v -31.10763 194.5778 55.57728
v -32.26292 194.7699 53.88709
v -31.02414 195.6583 54.40759
v -31.07232 191.8616 55.16608
v -31.95762 191.4843 54.50899
v -43.27258 -1.479954 37.48638
v -43.27258 -1.479954 37.48638
v -31.95762 191.4843 54.50899
v -32.18841 192.0715 53.52929
v -31.07232 191.8616 55.16608
v -32.18841 192.0715 53.52929
v -32.34512 193.7113 55.05868
v -31.95762 191.4843 54.50899
v -31.07232 191.8616 55.16608
v -32.18841 192.0715 53.52929
v -31.07232 191.8616 55.16608
v -32.34512 193.7113 55.05868
v -32.18841 192.0715 53.52929
v -32.34512 193.7113 55.05868
v -43.27258 -1.479954 37.48638
v -31.02414 195.6583 54.40759
v -33.8133 200.6585 56.95049
v -34.02801 199.8372 58.19678
v -34.02801 199.8372 58.19678
v -31.10763 194.5778 55.57728
v -31.02414 195.6583 54.40759
v -32.26292 194.7699 53.88709
v -32.34512 193.7113 55.05868
v -35.35443 199.2228 57.81728
v -34.98733 198.9942 56.33337
v -35.35443 199.2228 57.81728
v -34.02801 199.8372 58.19678
v -39.3424 205.0226 62.27328
v -40.66584 204.4843 62.11347
v -38.93592 205.7317 61.09387
v -33.8133 200.6585 56.95049
v -34.98733 198.9942 56.33337
v -34.98733 198.9942 56.33337
v -40.2584 205.1933 60.93548
v -38.93592 205.7317 61.09387
v -38.93592 205.7317 61.09387
v -39.02311 206.3534 62.22357
v -39.94131 205.7477 63.03447
v -42.28772 205.9901 63.41247
v -41.09652 205.963 61.34718
v -40.2584 205.1933 60.93548
v -40.66584 204.4843 62.11347
v -27.90379 227.9497 57.56339
v -29.05201 228.1646 55.87937
v -30.33361 228.1615 56.75367
v -29.18319 227.9467 58.43618
v -39.02311 206.3534 62.22357
v -38.93592 205.7317 61.09387
v -32.89172 210.0211 57.47757
v -32.89172 210.0211 57.47757
v -33.12992 210.4847 58.68147
v -39.02311 206.3534 62.22357
v -40.0272 207.1441 62.01907
v -34.27581 211.1138 58.56277
v -34.03762 210.6503 57.35888
v -39.93863 206.5221 60.89159
v -32.89172 210.0211 57.47757
v -29.72093 216.6606 54.87338
v -28.57261 216.4458 56.55738
v -32.89172 210.0211 57.47757
v -28.57261 216.4458 56.55738
v -29.84063 216.4428 57.42239
v -29.84063 216.4428 57.42239
v -33.12992 210.4847 58.68147
v -32.89172 210.0211 57.47757
v -31.27432 216.5478 57.16708
v -30.99101 216.6576 55.73988
v -29.84063 216.4428 57.42239
v -28.57261 216.4458 56.55738
v -28.07371 225.0059 57.30817
v -29.3473 225.0029 58.17698
v -30.89289 223.1997 57.75338
v -30.4976 225.2177 56.49448
v -38.93592 205.7317 61.09387
v -39.94131 205.7477 63.03447
v -39.3424 205.0226 62.27328
v -38.93592 205.7317 61.09387
v -41.09652 205.963 61.34718
v -39.93863 206.5221 60.89159
v -31.10763 194.5778 55.57728
v -32.34512 193.7113 55.05868
v -31.02414 195.6583 54.40759
v -32.26292 194.7699 53.88709
v -34.98733 198.9942 56.33337
v -34.98733 198.9942 56.33337
v -33.8133 200.6585 56.95049
v -31.02414 195.6583 54.40759
v -38.93592 205.7317 61.09387
v -39.3424 205.0226 62.27328
v -34.02801 199.8372 58.19678
v -34.02801 199.8372 58.19678
v -33.8133 200.6585 56.95049
v -38.93592 205.7317 61.09387
v -42.28772 205.9901 63.41247
v -39.94131 205.7477 63.03447
v -39.02311 206.3534 62.22357
v -40.0272 207.1441 62.01907
v -40.2584 205.1933 60.93548
v -41.09652 205.963 61.34718
v -38.93592 205.7317 61.09387
v -29.3473 225.0029 58.17698
v -30.4976 225.2177 56.49448
v -30.89289 223.1997 57.75338
v -33.12992 210.4847 58.68147
v -34.27581 211.1138 58.56277
v -39.93863 206.5221 60.89159
v -34.03762 210.6503 57.35888
v -32.89172 210.0211 57.47757
v -32.89172 210.0211 57.47757
v -38.93592 205.7317 61.09387
v -39.93863 206.5221 60.89159
v -29.84063 216.4428 57.42239
v -31.27432 216.5478 57.16708
v -32.89172 210.0211 57.47757
v -34.03762 210.6503 57.35888
v -30.99101 216.6576 55.73988
v -30.99101 216.6576 55.73988
v -29.72093 216.6606 54.87338
v -32.89172 210.0211 57.47757
v -29.3473 225.0029 58.17698
v -30.89289 223.1997 57.75338
v -29.72093 216.6606 54.87338
v -30.99101 216.6576 55.73988
v -30.4976 225.2177 56.49448
v -29.22189 225.2207 55.62419
v -28.07371 225.0059 57.30817
v -27.90379 227.9497 57.56339
v -29.18319 227.9467 58.43618
v -29.3473 225.0029 58.17698
v -29.18319 227.9467 58.43618
v -30.33361 228.1615 56.75367
v -30.4976 225.2177 56.49448
v -30.33361 228.1615 56.75367
v -29.05201 228.1646 55.87937
v -29.22189 225.2207 55.62419
v -26.5554 211.4464 54.71458
v -25.78833 208.7641 53.84769
v -24.97093 208.7654 53.29048
v -25.9367 212.1427 54.38209
v -27.7799 211.6766 52.91879
v -27.01281 208.9944 52.05189
v -25.78833 208.7641 53.84769
v -26.5554 211.4464 54.71458
v -27.16121 212.3729 52.58629
v -26.19542 208.9956 51.4947
v -27.01281 208.9944 52.05189
v -27.7799 211.6766 52.91879
v -25.9367 212.1427 54.38209
v -24.97093 208.7654 53.29048
v -26.19542 208.9956 51.4947
v -27.16121 212.3729 52.58629
v -28.71992 212.5556 56.33279
v -28.66223 213.5394 56.41959
v -29.94441 212.7858 54.53698
v -28.71992 212.5556 56.33279
v -29.88671 213.7696 54.62377
v -29.94441 212.7858 54.53698
v -28.66223 213.5394 56.41959
v -29.88671 213.7696 54.62377
v -31.01503 211.4397 57.75459
v -31.55203 212.1342 58.20988
v -32.23951 211.6699 55.95889
v -31.01503 211.4397 57.75459
v -32.7765 212.3645 56.41409
v -32.23951 211.6699 55.95889
v -31.55203 212.1342 58.20988
v -32.7765 212.3645 56.41409
v -32.09681 208.7547 58.14809
v -32.91424 208.7535 58.70528
v -33.32132 208.9849 56.35228
v -32.09681 208.7547 58.14809
v -34.13871 208.9837 56.90948
v -33.32132 208.9849 56.35228
v -32.91424 208.7535 58.70528
v -34.13871 208.9837 56.90948
v -31.32971 206.0725 57.28119
v -31.94831 205.3762 57.61368
v -32.55423 206.3027 55.48538
v -31.32971 206.0725 57.28119
v -33.17283 205.6064 55.81789
v -32.55423 206.3027 55.48538
v -31.94831 205.3762 57.61368
v -33.17283 205.6064 55.81789
v -29.16513 204.9633 55.66298
v -29.22282 203.9795 55.57618
v -30.38961 205.1935 53.86719
v -29.16513 204.9633 55.66298
v -30.44732 204.2097 53.7804
v -30.38961 205.1935 53.86719
v -29.22282 203.9795 55.57618
v -30.44732 204.2097 53.7804
v -26.87011 206.0792 54.24109
v -26.33302 205.3846 53.78588
v -28.09463 206.3094 52.4454
v -26.87011 206.0792 54.24109
v -27.55752 205.6148 51.99009
v -28.09463 206.3094 52.4454
v -26.33302 205.3846 53.78588
v -27.55752 205.6148 51.99009
v -22.21412 197.4334 50.09679
v -23.7555 197.1403 49.6413
v -23.31332 193.9074 48.92529
v -21.75752 193.7897 49.22519
v -23.02412 194.0279 47.3677
v -23.56643 197.6877 48.11349
v -22.02502 197.9808 48.5691
v -21.46823 193.9102 47.66759
v -26.20451 202.5942 53.47948
v -27.2882 201.7091 52.63588
v -25.04481 199.9617 50.88209
v -23.71331 200.6284 51.43559
v -24.97992 200.8666 49.57799
v -27.55691 202.8485 51.49609
v -26.47322 203.7336 52.3397
v -23.64842 201.5334 50.13149
v -32.27481 202.5851 57.61739
v -32.66212 201.701 56.29918
v -29.93063 202.4654 54.53459
v -29.23222 203.4566 55.56128
v -30.49882 203.6948 53.70378
v -33.62722 202.8394 55.63409
v -33.23982 203.7235 56.95238
v -29.80043 204.686 54.73049
v -36.87121 197.4115 60.08838
v -36.73132 197.1208 58.48669
v -35.11093 199.9466 57.74398
v -35.08371 200.6114 59.18658
v -36.35031 200.8495 57.32909
v -38.22361 197.6657 58.10508
v -38.36352 197.9563 59.70677
v -36.32324 201.5144 58.77158
v -37.29962 190.1058 59.44389
v -37.11062 190.6532 57.91618
v -37.55273 193.8861 58.63208
v -37.84201 193.7656 60.18977
v -39.10861 194.0038 58.33218
v -38.65203 190.3601 57.46058
v -38.84101 189.8127 58.98838
v -39.39782 193.8833 59.88988
v -33.30912 184.945 56.06128
v -33.57782 186.0844 54.92159
v -35.82132 187.8318 56.67528
v -35.88621 186.9269 57.97939
v -37.15283 187.1651 56.12187
v -34.66151 185.1993 54.07799
v -34.39283 184.0599 55.21768
v -37.21762 186.2601 57.42598
v -27.23893 184.9541 51.92328
v -28.20393 186.0925 51.25818
v -30.93553 185.3281 53.02277
v -30.36734 184.0987 53.85359
v -31.63392 184.3369 51.99609
v -28.59132 185.2084 49.93999
v -27.62623 184.07 50.60509
v -31.06573 183.1075 52.82688
v -22.64242 190.1278 49.45238
v -24.13472 190.6727 49.0707
v -25.75512 187.8469 49.81338
v -24.51573 186.944 50.22839
v -25.78233 187.1821 48.37079
v -23.99481 190.3821 47.4691
v -22.50251 189.8372 47.85068
v -24.54293 186.2791 48.78579
v -25.04481 199.9617 50.88209
v -24.97992 200.8666 49.57799
v -23.56643 197.6877 48.11349
v -23.7555 197.1403 49.6413
v -23.71331 200.6284 51.43559
v -22.21412 197.4334 50.09679
v -22.02502 197.9808 48.5691
v -23.64842 201.5334 50.13149
v -29.93063 202.4654 54.53459
v -30.49882 203.6948 53.70378
v -27.55691 202.8485 51.49609
v -27.2882 201.7091 52.63588
v -29.23222 203.4566 55.56128
v -26.20451 202.5942 53.47948
v -26.47322 203.7336 52.3397
v -29.80043 204.686 54.73049
v -35.11093 199.9466 57.74398
v -36.35031 200.8495 57.32909
v -33.62722 202.8394 55.63409
v -32.66212 201.701 56.29918
v -35.08371 200.6114 59.18658
v -32.27481 202.5851 57.61739
v -33.23982 203.7235 56.95238
v -36.32324 201.5144 58.77158
v -37.55273 193.8861 58.63208
v -39.10861 194.0038 58.33218
v -38.22361 197.6657 58.10508
v -36.73132 197.1208 58.48669
v -37.84201 193.7656 60.18977
v -36.87121 197.4115 60.08838
v -38.36352 197.9563 59.70677
v -39.39782 193.8833 59.88988
v -35.82132 187.8318 56.67528
v -37.15283 187.1651 56.12187
v -38.65203 190.3601 57.46058
v -37.11062 190.6532 57.91618
v -35.88621 186.9269 57.97939
v -37.29962 190.1058 59.44389
v -38.84101 189.8127 58.98838
v -37.21762 186.2601 57.42598
v -30.93553 185.3281 53.02277
v -31.63392 184.3369 51.99609
v -34.66151 185.1993 54.07799
v -33.57782 186.0844 54.92159
v -30.36734 184.0987 53.85359
v -33.30912 184.945 56.06128
v -34.39283 184.0599 55.21768
v -31.06573 183.1075 52.82688
v -25.75512 187.8469 49.81338
v -25.78233 187.1821 48.37079
v -28.59132 185.2084 49.93999
v -28.20393 186.0925 51.25818
v -24.51573 186.944 50.22839
v -27.23893 184.9541 51.92328
v -27.62623 184.07 50.60509
v -24.54293 186.2791 48.78579
v -23.31332 193.9074 48.92529
v -23.02412 194.0279 47.3677
v -23.99481 190.3821 47.4691
v -24.13472 190.6727 49.0707
v -21.75752 193.7897 49.22519
v -22.64242 190.1278 49.45238
v -22.50251 189.8372 47.85068
v -21.46823 193.9102 47.66759
v 6.01651 162.1179 21.2303
v 8.759712 168.2305 23.7669
v 7.793614 173.5746 20.2471
v 7.219014 165.4858 17.76719
v 2.379211 158.088 22.34179
v 5.708012 160.1325 18.6217
v 6.214512 171.8091 27.17799
v 3.815415 179.8013 25.11249
v 6.141615 176.8244 17.19289
v 7.640915 167.1696 15.1587
v 7.880815 165.1054 13.5343
v 2.719212 163.3356 22.52759
v 5.755315 166.386 15.5851
v 1.865613 160.2783 16.5135
v 2.379211 158.088 22.34179
v -2.346688 174.9841 32.10359
v -2.379687 181.457 28.64269
v -2.348388 175.3211 31.92749
v -3.01229 155.7421 23.49479
v 0.14441 160.9125 25.6867
v 2.719212 163.3356 22.52759
v -10.63889 162.0482 21.25869
v -11.88128 165.4059 17.79969
v -12.51509 173.4896 20.28169
v -13.42449 168.1377 23.80469
v -8.110786 158.2518 21.59509
v -10.81409 160.3904 17.44569
v -8.572586 179.7495 25.13359
v -10.89769 171.7375 27.20719
v -10.90078 176.7531 17.22189
v -12.01768 167.4765 13.75949
v -12.08918 165.4171 12.11279
v -7.347487 163.2934 22.54479
v -8.110786 158.2518 21.59509
v -6.709188 160.4122 15.90309
v -10.43259 166.3183 15.61269
v -7.347487 163.2934 22.54479
v -4.74169 160.892 25.69509
vn 0.76712 -0.537215 -0.350609
vn 0.980909 -0.172802 0.089201
vn 0.971052 0.226689 -0.075296
vn 0.976111 0.032 -0.214902
vn 0.552594 -0.0245 0.833091
vn 0.521723 0.516322 0.679129
vn 0.722844 0.468728 0.507731
vn 0.803814 0.363106 0.471208
vn 0.962603 0.265601 0.0534
vn 0.77282 0.572615 0.273607
vn 0.949425 0.306408 0.068602
vn 0.759387 0.631189 -0.157897
vn 0.869661 0.344584 -0.353484
vn 0.576118 0.477315 -0.66352
vn 0.824339 0.037902 -0.564826
vn 0.5407 0.1851 -0.820599
vn 0.899898 -0.0567 0.432399
vn 0.949871 -0.057598 0.307291
vn 0.805576 0.507484 -0.305791
vn 0.359006 0.298205 -0.884414
vn -0.0023 0.176905 -0.984225
vn 0.0732 0.485995 -0.870891
vn 0.907185 0.252296 0.336694
vn 0.665908 0.664307 -0.339504
vn 0.357609 0.496712 -0.790819
vn 0.631421 0.665023 0.398814
vn 0.257502 0.680004 0.686504
vn 0.215906 0.406611 0.887723
vn -0.083701 0.247704 0.965214
vn -0.053902 0.497613 0.865723
vn 0.602299 0.612699 -0.511699
vn 0.383299 0.262299 -0.885597
vn 0.070699 0.433289 -0.898478
vn 0.070697 0.435182 -0.897563
vn 0.581079 0.771471 0.259191
vn 0.353815 0.636828 0.68503
vn 0.602299 0.612699 -0.511699
vn 0.581079 0.771471 0.259191
vn 0.427588 0.886676 0.175996
vn 0.517588 0.650285 -0.556087
vn 0.353815 0.636828 0.68503
vn 0.215906 0.406611 0.887723
vn 0.178402 0.515506 0.838109
vn 0.286597 0.679192 0.675693
vn -0.053902 0.497613 0.865723
vn 0.069198 0.438687 0.895972
vn 0.74112 0.667818 0.069002
vn 0.589322 0.438216 -0.678724
vn 0.489505 0.504406 0.711308
vn 0.862007 0.481904 0.157202
vn 0.541196 0.597696 -0.591495
vn 0.532996 0.339098 0.775195
vn 0.2919 0.3164 0.9026
vn 0.200202 0.305803 0.930808
vn 0.316989 0.167794 0.933468
vn 0.383299 0.262299 -0.885597
vn 0.358201 0.2818 -0.890102
vn 0.315997 0.275797 -0.90779
vn 0.072503 0.283811 -0.956136
vn 0.076501 0.158401 -0.984407
vn 0.231195 0.500689 -0.834182
vn 0.036502 0.409817 -0.911437
vn 0.567975 0.628272 -0.531676
vn 0.817891 0.575293 0.0096
vn 0.683983 0.508887 -0.522687
vn 0.570196 0.479996 -0.666694
vn 0.300305 0.458507 -0.836414
vn 0.226404 0.561909 -0.795613
vn 0.108502 0.425107 -0.898616
vn 0.094598 0.520385 -0.848676
vn 0.715909 0.446205 -0.537006
vn 0.617117 0.463713 -0.635718
vn 0.299503 0.427204 -0.853109
vn 0.110296 0.365484 -0.92426
vn 0.803414 0.236104 -0.546609
vn 0.713212 0.244804 -0.656811
vn 0.404494 0.247596 -0.880387
vn 0.103195 0.269885 -0.957347
vn 0.82164 -0.083705 -0.563827
vn 0.737628 0.041601 -0.673925
vn 0.331102 0.1285 -0.934804
vn 0.0235 0.136999 -0.990293
vn 0.918006 -0.040401 -0.394503
vn 0.82351 0.0766 -0.562107
vn 0.252112 0.153507 -0.955445
vn -0.0139 0.136702 -0.990515
vn 0.617619 0.393912 0.680721
vn 0.316989 0.167794 0.933468
vn 0.200202 0.305803 0.930808
vn 0.240297 0.132698 0.961587
vn 0.220103 0.146502 0.964413
vn 0.203008 0.146606 0.96814
vn 0.199498 0.149099 0.968489
vn 0.198892 0.294388 0.934761
vn 0.200093 0.280491 0.938769
vn 0.172196 0.380092 0.908779
vn 0.172305 0.370711 0.912625
vn 0.169804 0.318108 0.932724
vn 0.176598 0.312697 0.933292
vn 0.815605 0.0242 0.578104
vn 0.552594 -0.0245 0.833091
vn 0.828632 0.102004 0.550422
vn 0.853693 0.222198 0.470996
vn 0.999749 0.0103 0.019901
vn -0.058202 0.414412 0.908226
vn 0.3939 -0.0216 0.9189
vn 0.3939 -0.0216 0.9189
vn -0.071202 -0.0163 0.997329
vn 0.45331 0.727016 0.515711
vn -0.025999 0.835884 0.54829
vn -0.025999 0.835884 0.54829
vn -0.0004 0.452007 0.892014
vn -0.0013 0.629997 0.776596
vn -0.999996 0.0028 0.0002
vn -0.0032 0.920721 0.390209
vn -0.0045 0.969565 -0.244791
vn -0.0037 0.545919 -0.83783
vn 0.067298 0.567576 -0.820566
vn 0.070699 0.433289 -0.898478
vn 0.815605 0.0242 0.578104
vn 0.638517 -0.322409 0.698819
vn -0.961642 0.137406 0.23741
vn -0.719394 0.603495 0.343897
vn -0.676886 0.648687 0.347893
vn -0.798922 0.421512 0.429012
vn -0.025001 -0.999609 -0.0125
vn -0.041902 -0.999122 0.0008
vn -0.032602 -0.999443 0.0072
vn 0.001199 -0.999999 0.0011
vn 0.061803 0.942232 0.329211
vn 0.580916 0.678518 0.449612
vn 0.770777 0.636181 0.034299
vn -0.297089 0.677576 0.672777
vn -0.003501 -0.998216 0.059601
vn -0.0249 -0.99879 0.0424
vn 0.650107 0.473205 0.594507
vn 0.843889 0.534393 -0.047699
vn 0.821092 0.566695 0.0683
vn 0.020801 0.868922 0.494512
vn 0.9398 0.2914 -0.1785
vn -0.288098 0.488897 0.823395
vn -0.874907 -0.438903 -0.204702
vn -0.977068 0.023799 -0.211593
vn -0.973157 0.218591 -0.071997
vn -0.987528 -0.144204 0.063202
vn -0.654292 0.0289 0.75569
vn -0.640802 0.502502 0.580401
vn -0.805211 0.356305 0.474006
vn -0.724993 0.462696 0.510195
vn -0.776609 0.566207 0.276203
vn -0.967961 0.24689 0.045798
vn -0.765191 0.624793 -0.155298
vn -0.957462 0.280089 0.069397
vn -0.582287 0.47249 -0.661586
vn -0.874806 0.335503 -0.349503
vn -0.547387 0.168796 -0.81968
vn -0.846427 0.020301 -0.532117
vn -0.948781 -0.073798 0.307194
vn -0.974699 -0.0986 0.2006
vn -0.225104 0.273305 -0.935218
vn -0.773878 0.36499 -0.517586
vn -0.940088 0.252397 0.229197
vn -0.226497 0.505794 -0.832389
vn -0.593899 0.6815 -0.4276
vn -0.663787 0.681787 0.307494
vn -0.3309 0.6892 0.6446
vn -0.326698 0.415098 0.849095
vn -0.243988 0.271987 -0.930856
vn -0.490304 0.638706 -0.593006
vn -0.577508 0.797011 0.176802
vn -0.402301 0.659202 0.635301
vn -0.490304 0.638706 -0.593006
vn -0.389385 0.679174 -0.622176
vn -0.387906 0.914114 0.118002
vn -0.577508 0.797011 0.176802
vn -0.402301 0.659202 0.635301
vn -0.324804 0.697809 0.638408
vn -0.273896 0.520892 0.808488
vn -0.326698 0.415098 0.849095
vn -0.181695 0.442687 0.878075
vn -0.451698 0.477398 -0.753698
vn -0.697483 0.715883 -0.032099
vn -0.550517 0.529616 0.64532
vn -0.691414 0.334007 -0.640614
vn -0.922096 0.386898 -0.007
vn -0.623621 0.366812 0.690323
vn -0.393608 0.358207 0.846617
vn -0.287413 0.313814 0.904939
vn -0.40541 0.174004 0.897422
vn -0.243988 0.271987 -0.930856
vn -0.212903 0.290104 -0.933013
vn -0.162001 0.286102 -0.944406
vn -0.111801 0.476004 -0.872308
vn -0.455225 0.452125 -0.767042
vn -0.281912 0.322714 -0.903539
vn -0.464999 0.3012 -0.832499
vn -0.828784 0.319494 -0.459392
vn -0.0165 0.542497 -0.839896
vn -0.034601 0.393816 -0.918538
vn -0.415897 0.223598 -0.881495
vn -0.285713 0.281813 -0.915942
vn -0.0039 0.350693 -0.936482
vn -0.363594 -0.131098 -0.922287
vn -0.296996 0.143798 -0.943989
vn 0.0026 0.192499 -0.981294
vn -0.597263 0.065696 -0.799351
vn -0.469606 0.169202 -0.866511
vn -0.089897 0.114296 -0.989371
vn -0.714234 0.243912 -0.656031
vn -0.539594 0.287296 -0.791391
vn -0.114199 0.163599 -0.979895
vn -0.839088 0.286896 0.462193
vn -0.40541 0.174004 0.897422
vn -0.36282 0.087405 0.927751
vn -0.352391 0.096397 0.930875
vn -0.287413 0.313814 0.904939
vn -0.364381 0.160291 0.917351
vn -0.365992 0.159896 0.916779
vn -0.382608 0.321907 0.866018
vn -0.380778 0.33858 0.860449
vn -0.366908 0.448109 0.815216
vn -0.366702 0.440202 0.819604
vn -0.376503 0.385703 0.842306
vn -0.383806 0.381305 0.841011
vn -0.819851 0.061496 0.569266
vn -0.859494 0.200699 0.470096
vn -0.853141 0.132307 0.504624
vn -0.654292 0.0289 0.75569
vn -0.520513 -0.0074 0.853822
vn -0.520513 -0.0074 0.853822
vn -0.498992 0.741889 0.447893
vn -0.658101 -0.2584 0.707201
vn -0.819851 0.061496 0.569266
vn 0.95609 0.187198 0.225498
vn 0.807819 0.43041 0.40271
vn 0.677107 0.652107 0.341004
vn 0.719394 0.603495 0.343897
vn 0.025 -0.999609 -0.0125
vn -0.0012 -0.999999 0.0011
vn 0.032601 -0.999443 0.0072
vn 0.041901 -0.999121 0.0008
vn -0.055999 0.94288 0.328393
vn -0.772511 0.633809 0.0389
vn -0.580916 0.678518 0.449612
vn 0.297089 0.677576 0.672777
vn 0.0249 -0.99879 0.0424
vn 0.0035 -0.998216 0.059601
vn -0.843889 0.534393 -0.0477
vn -0.650107 0.473205 0.594506
vn 0.072899 0.856189 0.511494
vn -0.826602 0.556301 0.0852
vn -0.950503 0.258301 -0.172701
vn 0.288098 0.488897 0.823395
vn -0.567975 -0.628272 0.531676
vn -0.570196 -0.479996 0.666694
vn -0.683983 -0.508887 0.522687
vn -0.817891 -0.575293 -0.0096
vn -0.226404 -0.561909 0.795613
vn -0.300305 -0.458507 0.836414
vn -0.094598 -0.520385 0.848676
vn -0.108502 -0.425107 0.898616
vn -0.715909 -0.446205 0.537006
vn -0.617117 -0.463713 0.635718
vn -0.299503 -0.427204 0.853109
vn -0.110296 -0.365484 0.92426
vn -0.803414 -0.236104 0.546609
vn -0.713212 -0.244804 0.656811
vn -0.404494 -0.247596 0.880387
vn -0.103195 -0.269885 0.957347
vn -0.82164 0.083705 0.563827
vn -0.737628 -0.041601 0.673925
vn -0.331102 -0.1285 0.934804
vn -0.0235 -0.136999 0.990293
vn -0.918006 0.040401 0.394503
vn -0.82351 -0.0766 0.562107
vn -0.252112 -0.153507 0.955445
vn 0.0139 -0.136702 0.990515
vn -0.821964 -0.528577 -0.212091
vn -0.437992 -0.722386 0.53509
vn -0.617619 -0.393912 -0.680721
vn -0.505293 -0.397994 -0.765689
vn -0.311508 -0.314408 -0.896722
vn -0.179603 -0.628111 0.757113
vn -0.0202 -0.434599 0.900398
vn -0.268099 -0.1254 -0.955195
vn -0.220103 -0.146502 -0.964413
vn -0.240297 -0.132698 -0.961587
vn -0.290693 -0.108198 -0.950679
vn -0.203008 -0.146606 -0.96814
vn -0.199498 -0.149099 -0.968489
vn -0.198892 -0.294388 -0.934761
vn -0.200093 -0.280491 -0.938769
vn -0.172196 -0.380092 -0.908779
vn -0.172305 -0.370711 -0.912625
vn -0.169804 -0.318108 -0.932724
vn -0.176598 -0.312697 -0.933292
vn 0.455225 -0.452125 0.767042
vn 0.828784 -0.319494 0.459392
vn 0.464999 -0.3012 0.832499
vn 0.281912 -0.322714 0.903539
vn 0.034601 -0.393816 0.918538
vn 0.0165 -0.542497 0.839896
vn 0.415897 -0.223598 0.881495
vn 0.285713 -0.281813 0.915942
vn 0.0039 -0.350693 0.936482
vn 0.363594 0.131098 0.922287
vn 0.296996 -0.143798 0.943989
vn -0.0026 -0.192499 0.981294
vn 0.597263 -0.065696 0.799351
vn 0.469606 -0.169202 0.866511
vn 0.089897 -0.114296 0.989371
vn 0.714234 -0.243912 0.656031
vn 0.539594 -0.287296 0.791391
vn 0.114199 -0.163599 0.979895
vn 0.967856 -0.251489 0.0029
vn 0.789127 -0.265009 0.55412
vn 0.839088 -0.286896 -0.462193
vn 0.604424 -0.421017 -0.676326
vn 0.449709 -0.331407 -0.829416
vn 0.099998 -0.576592 0.810889
vn 0.330502 -0.0514 -0.942405
vn 0.313586 -0.067497 -0.947158
vn 0.352391 -0.096397 -0.930875
vn 0.36282 -0.087405 -0.927751
vn 0.364381 -0.160291 -0.917351
vn 0.365992 -0.159896 -0.916779
vn 0.382608 -0.321907 -0.866018
vn 0.380778 -0.33858 -0.860449
vn 0.366908 -0.448109 -0.815216
vn 0.366702 -0.440202 -0.819604
vn 0.376503 -0.385703 -0.842306
vn 0.383806 -0.381305 -0.841011
vn 0.982615 -0.092101 0.161203
vn 0.990863 -0.117396 -0.066397
vn 0.998772 -0.0216 -0.044598
vn 0.964468 0.075797 0.253092
vn 0.0008 0.198596 0.980081
vn 0.0021 -0.089904 0.995948
vn 0.617596 -0.0006 0.786495
vn 0.691888 0.167997 0.702188
vn 0.86051 0.0465 0.507306
vn 0.744284 -0.164897 0.647187
vn 0.915207 -0.385503 0.117401
vn 0.602785 -0.354592 0.714783
vn 0.709715 -0.651314 0.268506
vn 0.533998 -0.408599 0.740198
vn 0.665702 -0.231801 0.709302
vn 0.690276 -0.160695 0.705476
vn 0.4863 -0.1948 0.851801
vn 0.0021 -0.105304 0.994438
vn 0.0032 -0.385295 0.922788
vn 0.932406 -0.352402 0.080201
vn 0.931724 -0.36281 -0.0161
vn 0.948668 -0.29679 -0.109296
vn 0.690717 0.260906 0.674417
vn 0.838999 0.076 0.5388
vn 0.188997 0.660789 0.726387
vn 0.690717 0.260906 0.674417
vn 0.166594 0.680377 0.713676
vn 0.115198 0.648688 0.752286
vn -0.0481 0.590098 0.805897
vn -0.055701 0.464508 0.883815
vn 0.030699 0.50069 0.865082
vn 0.172505 0.570015 0.803321
vn 0.233786 0.603963 0.761953
vn 0.207093 0.123696 0.97047
vn 0.552279 0.063098 0.831268
vn 0.402589 0.295492 0.866376
vn 0.0537 0.3238 0.9446
vn -0.0545 0.364797 0.929491
vn -0.034499 0.159597 0.986579
vn 0.681905 0.101201 0.724406
vn 0.549085 0.210294 0.808878
vn 0.268394 -0.068398 0.960878
vn 0.571813 -0.167904 0.803018
vn -0.0283 -0.047 0.998494
vn 0.938213 -0.292204 -0.185402
vn 0.898217 -0.439509 0.0062
vn 0.907375 -0.338191 0.249594
vn 0.935581 -0.158197 0.315694
vn 0.730268 -0.016099 0.682971
vn 0.697506 -0.0427 0.715306
vn 0.353413 -0.0078 0.935435
vn 0.453794 -0.056899 0.889288
vn 0.867421 -0.313108 0.38671
vn 0.647506 -0.622906 -0.439004
vn 0.426979 -0.557873 -0.711665
vn 0.635809 -0.66341 -0.394505
vn 0.941916 -0.031101 -0.334406
vn 0.558835 -0.076405 -0.825752
vn 0.711792 -0.242797 -0.659092
vn 0.712687 0.110098 0.692788
vn 0.449893 -0.063999 0.890787
vn 0.934786 0.090099 0.343595
vn 0.959217 0.0144 0.282305
vn 0.925718 0.095702 -0.365907
vn 0.43281 0.071802 -0.898621
vn 0.063503 -0.087503 -0.994138
vn 0.11 0.0969 -0.989197
vn 0.72843 -0.623526 0.283912
vn 0.299588 0.457782 0.837068
vn -0.0033 -0.852014 0.523509
vn -0.067603 0.376018 0.924143
vn 0.022299 -0.048798 0.99856
vn 0.106305 0.067403 0.992047
vn 0.351082 0.065497 0.934052
vn 0.683694 0.193699 0.703594
vn 0.0045 -0.906814 0.421507
vn 0.299588 0.457782 0.837068
vn 0.954078 0.224795 0.197996
vn 0.876555 0.242788 -0.415578
vn 0.44851 0.285006 -0.847119
vn 0.206406 0.326108 -0.922524
vn 0.210794 0.317091 -0.924673
vn 0.168993 0.060498 0.983759
vn 0.371593 0.061099 0.926383
vn 0.728696 0.110299 0.675897
vn 0.958906 0.180501 0.218902
vn 0.915994 0.250098 -0.313698
vn 0.54538 0.253391 -0.798971
vn 0.253603 0.255302 -0.933009
vn 0.104104 0.213708 -0.971335
vn 0.340208 -0.0071 0.940323
vn 0.690187 0.042399 0.722388
vn 0.962258 0.133594 0.23709
vn 0.92808 0.203296 -0.311993
vn 0.629004 0.208201 -0.749004
vn 0.075197 0.175193 -0.981658
vn 0.2431 0.461099 -0.853399
vn -0.312315 0.116206 -0.942845
vn -0.268895 0.243496 -0.931883
vn 0.092302 0.360407 -0.928217
vn -0.359389 0.076198 -0.930072
vn 0.326901 -0.0219 0.944805
vn 0.667481 0.050999 0.742879
vn 0.633685 0.269894 -0.724983
vn 0.024501 0.27111 -0.962236
vn -0.40972 0.183109 -0.893645
vn 0.080896 0.169792 0.982154
vn 0.636197 0.187899 0.748297
vn 0.946354 0.243088 0.21289
vn 0.9172 0.3053 -0.256
vn 0.660015 0.370008 -0.653815
vn -0.027901 0.414222 0.909748
vn 0.607805 0.352003 0.711806
vn 0.930544 0.317915 0.181709
vn 0.900291 0.404896 -0.159798
vn 0.67982 0.486914 -0.548416
vn 0.0039 -0.622896 0.782295
vn 0.0033 -0.415984 0.909366
vn -0.067603 0.376018 0.924143
vn -0.011801 0.062903 0.99795
vn 0.028999 -0.0031 0.999575
vn 0.315488 -0.032699 0.948366
vn 0.346785 -0.035798 0.937261
vn 0.349284 0.123394 0.928857
vn 0.395382 0.370083 0.840662
vn -0.98125 -0.100295 0.164591
vn -0.964197 0.0677 0.256399
vn -0.998704 -0.0299 -0.0412
vn -0.990067 -0.125696 -0.062998
vn -0.69091 0.162203 0.70451
vn -0.614893 -0.0057 0.78859
vn -0.859099 0.0393 0.510299
vn -0.740692 -0.171098 0.649693
vn -0.911572 -0.393088 0.120496
vn -0.5974 -0.3596 0.7168
vn -0.703306 -0.657205 0.271002
vn -0.528022 -0.413017 0.742031
vn -0.481696 -0.198798 0.853492
vn -0.686517 -0.166404 0.707817
vn -0.661283 -0.237394 0.711582
vn -0.927484 -0.362993 0.089498
vn -0.946518 -0.304706 -0.106102
vn -0.931525 -0.36281 -0.025101
vn -0.759287 0.265596 0.59409
vn -0.926882 0.0068 0.375292
vn -0.269397 0.667994 0.693693
vn -0.244703 0.686809 0.684408
vn -0.759287 0.265596 0.59409
vn -0.200404 0.653613 0.729814
vn -0.137304 0.503315 0.853125
vn -0.320409 0.612618 0.722521
vn -0.26671 0.576921 0.772028
vn -0.319905 0.105902 0.941513
vn -0.183195 0.342791 0.921376
vn -0.512003 0.309202 0.801404
vn -0.676679 0.055598 0.734176
vn -0.753225 0.136605 0.643421
vn -0.651305 0.229102 0.723405
vn -0.331905 -0.071301 0.940614
vn -0.577313 -0.097202 0.810717
vn -0.925868 -0.29299 -0.238592
vn -0.951567 -0.145395 0.27089
vn -0.955575 -0.253193 0.150896
vn -0.93564 -0.321114 -0.146507
vn -0.699575 0.011 0.714474
vn -0.414206 -0.0398 0.909313
vn -0.380279 0.020399 0.924647
vn -0.719413 -0.0327 0.693812
vn -0.875146 -0.221812 0.430022
vn -0.652938 -0.580234 -0.486828
vn -0.6263 -0.5585 -0.5439
vn -0.336789 -0.529083 -0.778874
vn -0.670708 -0.316704 -0.670708
vn -0.9535 -0.0189 -0.3008
vn -0.601506 -0.058701 -0.796709
vn -0.668123 0.140705 0.730625
vn -0.408706 -0.0215 0.912413
vn -0.928075 0.133896 0.34749
vn -0.945278 0.031999 0.324692
vn -0.937195 0.0911 -0.336699
vn -0.475005 0.0344 -0.87931
vn -0.118195 -0.079997 -0.989763
vn -0.186097 0.073399 -0.979786
vn -0.721435 -0.634531 0.277313
vn -0.392502 0.480102 0.784503
vn -0.194194 0.108296 0.974967
vn -0.554488 0.189696 0.810283
vn -0.392502 0.480102 0.784503
vn -0.912775 0.214694 0.34749
vn -0.942172 0.211093 -0.260292
vn -0.602307 0.225303 -0.76581
vn -0.399698 0.291099 -0.869197
vn -0.375014 0.26601 -0.888033
vn -0.164905 0.149405 0.974928
vn -0.619223 0.144906 0.771729
vn -0.922679 0.148097 0.355992
vn -0.971792 0.148399 -0.183299
vn -0.689797 0.1067 -0.716097
vn -0.458695 0.132299 -0.87869
vn -0.484694 0.120898 -0.866289
vn -0.561295 0.088299 0.822892
vn 0.0527 0.072001 0.996011
vn -0.91738 0.070099 0.391791
vn -0.984523 0.086702 -0.152304
vn -0.765061 0.049298 -0.642068
vn -0.479994 0.064599 -0.87489
vn -0.476873 0.265385 -0.837952
vn -0.528196 0.282098 -0.800893
vn -0.376908 0.205705 -0.90312
vn -0.328893 0.108798 -0.938079
vn -0.334909 0.058602 -0.940426
vn -0.536608 0.056901 0.841911
vn 0.107698 0.054599 0.992683
vn -0.774631 0.153006 -0.613625
vn -0.486409 0.192704 -0.852216
vn -0.345798 0.208299 -0.914896
vn -0.491406 0.156202 0.856809
vn 0.422906 0.130602 0.896713
vn -0.91766 0.186492 0.350885
vn -0.968864 0.225792 -0.101596
vn -0.794641 0.278114 -0.539628
vn -0.580915 0.340509 0.739318
vn 0.374423 0.393224 0.839751
vn -0.947783 0.230696 0.220196
vn -0.946076 0.282693 -0.158196
vn -0.742972 0.321088 -0.587278
vn 0.905325 0.222606 -0.36171
vn 0.450688 0.213494 -0.866776
vn 0.52389 0.201196 -0.827683
vn 0.908092 0.213098 -0.360497
vn -0.153496 0.305692 -0.939676
vn -0.0221 0.259404 -0.965516
vn 0.527026 0.585029 0.61643
vn 0.92113 0.350412 0.169506
vn 0.136598 0.425294 0.894688
vn 0.079597 0.263493 0.961372
vn -0.027999 0.081896 0.996248
vn -0.042399 -0.0064 0.99908
vn -0.962983 0.216796 -0.160197
vn -0.946479 0.199795 -0.253495
vn -0.494315 0.104103 -0.863027
vn -0.621481 0.136896 -0.771376
vn -0.0221 0.259404 -0.965516
vn -0.153496 0.305692 -0.939676
vn -0.83463 0.244609 0.493517
vn -0.841912 0.240603 0.483006
vn -0.351796 0.146199 0.924589
vn -0.298695 0.173297 0.938483
vn -0.042399 -0.0064 0.99908
vn -0.027999 0.081896 0.996248
vn -0.816938 -0.565426 -0.113605
vn -0.880767 -0.447983 -0.153495
vn -0.844969 -0.503581 0.180093
vn -0.502924 -0.324415 -0.801138
vn -0.693088 -0.688388 -0.213896
vn -0.766508 -0.317603 0.558206
vn 0.387702 0.169301 0.906104
vn 0.907157 0.346684 0.238489
vn 0.905287 0.370395 0.207997
vn 0.378205 0.275704 0.883713
vn 0.822491 0.270397 -0.500394
vn 0.696407 0.277303 -0.661907
vn -0.483911 -0.205205 0.850718
vn -0.120296 -0.046098 -0.991667
vn -0.502924 -0.324415 -0.801138
vn -0.120296 -0.046098 -0.991667
vn -0.964705 -0.249101 -0.085401
vn 0.460432 0.382926 0.800856
vn 0.285495 0.630489 0.721787
vn 0.903125 0.348009 0.251507
vn 0.951149 -0.021499 -0.307983
vn 0.881314 0.169703 -0.441007
vn 0.077099 -0.435694 -0.896787
vn -0.039898 -0.266291 -0.963067
vn -0.947596 -0.316399 -0.0442
vn -0.039898 -0.266291 -0.963067
vn 0.077099 -0.435694 -0.896787
vn -0.969937 -0.163106 -0.180607
vn -0.502219 -0.037401 0.863932
vn -0.690992 0.407295 0.597193
vn -0.906887 -0.410894 -0.093399
vn -0.296689 -0.906267 -0.30109
vn -0.443224 -0.838445 -0.317117
vn -0.89812 -0.438909 -0.027201
vn -0.567638 -0.175512 0.804353
vn -0.746013 -0.177603 0.641811
vn 0.592107 -0.80321 0.065301
vn 0.342802 -0.939205 -0.0195
vn 0.033099 -0.181198 0.982889
vn 0.034099 -0.078999 0.996291
vn 0.725113 -0.190304 0.661812
vn 0.720007 -0.275803 0.636807
vn 0.337807 0.655414 0.675514
vn 0.938677 0.285993 0.192596
vn 0.838362 -0.212291 -0.502077
vn -0.121198 -0.504292 -0.854986
vn -0.121198 -0.504292 -0.854986
vn -0.958184 -0.178197 -0.223897
vn -0.793021 0.411711 0.449012
vn -0.838096 0.128399 -0.530197
vn 0.0377 -0.262101 -0.964304
vn -0.049002 -0.377917 -0.924542
vn -0.792846 -0.432224 -0.429625
vn 0.841542 -0.218511 -0.494025
vn 0.958575 0.221894 0.178596
vn 0.962163 -0.059098 0.26599
vn 0.848124 -0.310309 -0.429412
vn 0.410816 0.710427 0.571422
vn 0.460982 0.537679 0.705973
vn -0.440811 0.878621 0.183605
vn -0.117102 0.591012 0.798117
vn -0.286797 -0.844391 0.452495
vn -0.762906 0.0643 0.643305
vn -0.966838 -0.030101 -0.25361
vn -0.452786 -0.67228 -0.585683
vn 0.819796 -0.320899 0.474298
vn 0.721499 -0.639699 -0.264999
vn 0.367392 0.243294 0.897681
vn -0.638076 0.463583 0.614777
vn -0.117102 0.591012 0.798117
vn -0.968255 0.052498 -0.244389
vn -0.638076 0.463583 0.614777
vn -0.324011 -0.518018 -0.791628
vn 0.848124 -0.310309 -0.429412
vn 0.721499 -0.639699 -0.264999
vn 0.841542 -0.218511 -0.494025
vn -0.117102 0.591012 0.798117
vn -0.440811 0.878621 0.183605
vn -0.616194 0.776792 0.129999
vn -0.838096 0.128399 -0.530197
vn -0.756034 -0.0021 -0.65453
vn -0.792846 -0.432224 -0.429625
vn -0.832975 0.439387 0.33629
vn 0.287897 0.080299 0.954289
vn -0.830092 -0.267098 -0.489496
vn 0.421425 -0.904755 -0.061804
vn -0.117102 0.591012 0.798117
vn 0.287897 0.080299 0.954289
vn -0.223396 -0.827885 0.514491
vn 0.516317 -0.643122 0.565519
vn 0.444002 -0.891605 -0.0889
vn 0.171204 -0.086602 0.981422
vn -0.682302 0.445301 0.579802
vn -0.788783 0.412292 -0.455891
vn -0.682302 0.445301 0.579802
vn -0.407281 -0.40988 -0.816162
vn 0.444002 -0.891605 -0.0889
vn -0.966838 -0.030101 -0.25361
vn -0.762906 0.0643 0.643305
vn -0.452786 -0.67228 -0.585683
vn 0.714166 -0.698867 0.039398
vn 0.722673 -0.618977 0.307589
vn 0.831126 -0.555918 -0.0136
vn 0.578915 -0.356309 -0.733418
vn 0.620898 -0.771398 -0.139399
vn 0.646123 -0.394414 0.653424
vn -0.5991 -0.4 0.693599
vn -0.485186 0.278792 0.828776
vn -0.903514 0.419406 0.088101
vn -0.911688 0.399295 0.096898
vn -0.57729 0.332695 -0.745688
vn -0.762104 0.215601 -0.610503
vn 0.039502 -0.642533 0.765239
vn 0.578915 -0.356309 -0.733418
vn 0.157297 -0.305593 -0.93908
vn 0.157297 -0.305593 -0.93908
vn 0.950345 -0.308015 0.044402
vn 0.027099 -0.599284 0.800078
vn -0.899302 0.425601 0.1006
vn -0.274703 0.850308 0.448904
vn -0.827282 -0.0002 -0.561788
vn -0.955511 -0.116201 -0.271103
vn 0.092495 -0.610166 -0.786856
vn -0.076903 -0.733129 -0.675727
vn 0.930882 -0.362193 0.047699
vn 0.965083 -0.227296 -0.130198
vn -0.076903 -0.733129 -0.675727
vn 0.092495 -0.610166 -0.786856
vn -0.225588 -0.580269 0.782559
vn 0.698121 0.583217 0.415313
vn 0.900538 -0.430318 0.062103
vn 0.89148 -0.43279 0.133997
vn 0.43021 -0.902721 0.0038
vn 0.282691 -0.958269 0.042499
vn 0.566612 0.114303 0.816018
vn 0.744595 0.0519 0.665496
vn -0.356594 -0.879485 0.315194
vn -0.603784 -0.718581 0.34509
vn -0.033799 0.181194 0.982867
vn -0.0332 0.281497 0.958988
vn -0.726522 0.068502 0.683721
vn -0.72273 -0.020401 0.690829
vn -0.326787 0.857865 0.396584
vn -0.933971 0.349389 0.074998
vn -0.842371 -0.365088 -0.396387
vn 0.112102 -0.777418 -0.618914
vn 0.112102 -0.777418 -0.618914
vn 0.954983 -0.260195 -0.142497
vn 0.799904 0.533102 0.275602
vn 0.840577 -0.250893 -0.480087
vn 0.907005 -0.421102 0.0039
vn 0.250607 -0.886623 -0.38871
vn 0.012699 -0.875372 -0.483284
vn -0.77588 -0.605485 -0.177196
vn -0.721039 -0.688237 -0.080204
vn -0.968784 -0.054699 0.241796
vn -0.982927 0.168105 -0.074802
vn -0.624984 0.773381 0.106197
vn -0.427592 0.862584 -0.270395
vn -0.136301 0.986607 0.089601
vn 0.304887 0.72527 -0.617274
vn 0.826754 -0.251586 0.503172
vn 0.666573 0.134694 -0.73317
vn 0.745796 0.662096 0.0736
vn 0.642309 -0.68921 -0.335304
vn -0.528798 -0.780097 0.334399
vn -0.750816 -0.099902 0.652914
vn -0.483009 0.669013 0.564911
vn 0.439421 0.888544 0.131906
vn -0.136301 0.986607 0.089601
vn 0.439421 0.888544 0.131906
vn 0.913835 0.117504 -0.388715
vn 0.450992 -0.877685 -0.162097
vn -0.528798 -0.780097 0.334399
vn -0.721039 -0.688237 -0.080204
vn -0.77588 -0.605485 -0.177196
vn -0.136301 0.986607 0.089601
vn 0.36039 0.75668 -0.545485
vn 0.304887 0.72527 -0.617274
vn 0.830211 -0.269804 -0.487807
vn 0.840577 -0.250893 -0.480087
vn 0.907005 -0.421102 0.0039
vn -0.446795 0.663793 0.599794
vn 0.663615 0.730916 -0.159303
vn 0.921163 -0.343686 -0.182592
vn -0.204307 -0.732025 0.649922
vn -0.446795 0.663793 0.599794
vn -0.136301 0.986607 0.089601
vn 0.341005 -0.050301 0.938715
vn -0.0041 -0.802172 0.597079
vn -0.112695 -0.25269 0.960962
vn -0.0085 0.484088 0.874978
vn 0.503673 0.862155 0.054797
vn 0.503673 0.862155 0.054797
vn 0.373313 0.245508 -0.89463
vn 0.475606 -0.701609 -0.530607
vn -0.0041 -0.802172 0.597079
vn 0.745796 0.662096 0.0736
vn 0.666573 0.134694 -0.73317
vn 0.642309 -0.68921 -0.335304
vn 0.56302 0.026101 0.826031
vn 0.773969 0.065998 0.629775
vn 0.633006 0.503305 0.588206
vn 0.49732 0.467819 0.730629
vn -0.242701 0.666805 -0.704605
vn -0.27651 0.252909 -0.927135
vn -0.542806 0.218602 -0.81091
vn -0.344197 0.710395 -0.613896
vn 0.980559 -0.075797 0.180993
vn 0.96788 -0.034799 -0.248994
vn 0.929876 -0.032999 0.366391
vn 0.56002 -0.108604 0.82133
vn 0.56063 0.094605 0.822645
vn 0.188092 0.075396 -0.979253
vn -0.560217 0.105303 -0.821626
vn -0.551601 0.2039 -0.808802
vn 0.18791 -0.127707 -0.973849
vn -0.044901 -0.154106 -0.987034
vn 0.562794 0.0365 0.825791
vn 0.56063 0.094605 0.822645
vn 0.929876 -0.032999 0.366391
vn -0.044901 -0.154106 -0.987034
vn -0.548799 0.2268 -0.8046
vn 0.0268 -0.018 -0.999479
vn 0.696977 0.59598 -0.398786
vn 0.696977 0.59598 -0.398786
vn 0.696977 0.59598 -0.398786
vn 0.691331 -0.486922 -0.533824
vn 0.691331 -0.486922 -0.533824
vn 0.691331 -0.486922 -0.533824
vn 0.928391 -0.184798 0.322398
vn -0.551601 0.2039 -0.808802
vn -0.058303 -0.994439 -0.087703
vn -0.058303 -0.994439 -0.087703
vn -0.058303 -0.994439 -0.087703
vn 0.0056 0.312501 0.949901
vn 0.0056 0.312501 0.949901
vn 0.0056 0.312501 0.949901
vn 0.009 0.309096 0.950988
vn 0.009 0.309096 0.950988
vn 0.009 0.309096 0.950988
vn 0.0231 -0.328298 -0.944292
vn 0.189098 -0.508093 -0.840288
vn 0.162404 -0.545812 -0.822018
vn 0.0044 -0.310309 -0.950626
vn 0.788319 -0.527913 0.316008
vn 0.717804 -0.556804 0.418003
vn 0.710395 -0.584397 0.392198
vn 0.793317 -0.523911 0.310107
vn -0.74279 0.526893 -0.413095
vn -0.74279 0.526893 -0.413095
vn -0.74279 0.526893 -0.413095
vn -0.713798 0.471898 -0.517499
vn -0.713798 0.471898 -0.517499
vn -0.713798 0.471898 -0.517499
vn 0.089504 -0.585329 0.80584
vn 0.089504 -0.585329 0.80584
vn 0.089504 -0.585329 0.80584
vn -0.189304 0.134803 -0.972621
vn -0.183093 -0.387586 -0.903468
vn -0.154795 -0.427688 -0.890574
vn -0.148402 0.185803 -0.971316
vn 0.0586 0.994492 0.086899
vn 0.0586 0.994492 0.086899
vn 0.0586 0.994492 0.086899
vn 0.0586 0.994492 0.086899
vn 0.107202 -0.636712 0.763614
vn 0.107202 -0.636712 0.763614
vn 0.107202 -0.636712 0.763614
vn 0.120898 -0.622293 0.773392
vn 0.120898 -0.622293 0.773392
vn 0.120898 -0.622293 0.773392
vn -0.151205 0.655924 -0.739527
vn -0.134793 0.671367 -0.728764
vn -0.027399 0.509589 -0.859982
vn -0.054302 0.536523 -0.842137
vn -0.731606 -0.527704 0.431603
vn -0.731606 -0.527704 0.431603
vn -0.731606 -0.527704 0.431603
vn -0.009601 -0.404904 0.914309
vn -0.009601 -0.404904 0.914309
vn -0.009601 -0.404904 0.914309
vn 0.544834 -0.252416 0.799651
vn 0.544834 -0.252416 0.799651
vn 0.544834 -0.252416 0.799651
vn 0.188708 0.225309 -0.955838
vn 0.179797 0.267694 -0.94658
vn 0.559908 -0.104701 0.821913
vn 0.559908 -0.104701 0.821913
vn 0.559908 -0.104701 0.821913
vn 0.559908 -0.104701 0.821913
vn 0.180697 0.074899 -0.980683
vn 0.180794 0.074897 -0.980665
vn 0.098199 0.243998 0.964791
vn 0.098199 0.243998 0.964791
vn 0.098199 0.243998 0.964791
vn -0.777835 -0.420219 -0.467321
vn -0.777835 -0.420219 -0.467321
vn -0.777835 -0.420219 -0.467321
vn 0.839497 -0.464398 0.2821
vn 0.839443 -0.464869 0.281482
vn -0.80998 0.40559 -0.42359
vn -0.80998 0.40559 -0.42359
vn -0.80998 0.40559 -0.42359
vn -0.806821 0.501313 -0.312609
vn -0.806821 0.501313 -0.312609
vn -0.806821 0.501313 -0.312609
vn 0.110296 0.443485 0.889469
vn 0.110296 0.443485 0.889469
vn 0.110296 0.443485 0.889469
vn 0.185394 0.393188 0.900573
vn 0.185394 0.393188 0.900573
vn 0.185394 0.393188 0.900573
vn 0.841004 -0.059 0.537803
vn 0.699727 0.49842 0.51182
vn 0.697194 0.517695 0.495896
vn 0.861066 -0.0035 0.508481
vn -0.822087 0.416693 -0.387995
vn -0.822087 0.416693 -0.387995
vn -0.822087 0.416693 -0.387995
vn 0.821377 0.204194 -0.532584
vn 0.754804 0.474502 -0.452901
vn 0.821393 0.204098 -0.532595
vn 0.813936 0.378517 0.44072
vn 0.83726 0.352783 0.41778
vn -0.735805 -0.463303 -0.493904
vn -0.735805 -0.463303 -0.493904
vn -0.735805 -0.463303 -0.493904
vn -0.733306 -0.483404 -0.478104
vn -0.733306 -0.483404 -0.478104
vn -0.733306 -0.483404 -0.478104
vn 0.968981 0.123098 0.214296
vn 0.976077 0.081198 0.201696
vn -0.562074 -0.054898 -0.825263
vn -0.562074 -0.054898 -0.825263
vn -0.562074 -0.054898 -0.825263
vn -0.889337 -0.24541 -0.385816
vn -0.889337 -0.24541 -0.385816
vn -0.889337 -0.24541 -0.385816
vn 0.978805 -0.0744 0.190802
vn 0.978824 -0.074402 0.190705
vn -0.559908 0.104701 -0.821913
vn -0.559908 0.104701 -0.821913
vn -0.559908 0.104701 -0.821913
vn -0.559908 0.104701 -0.821913
vn 0.559995 -0.103599 0.821993
vn 0.559995 -0.103599 0.821993
vn 0.559995 -0.103599 0.821993
vn 0.559995 -0.103599 0.821993
vn 0.826845 -0.0012 -0.562429
vn 0.826845 -0.0012 -0.562429
vn -0.559995 0.103599 -0.821993
vn -0.559995 0.103599 -0.821993
vn -0.559995 0.103599 -0.821993
vn -0.559995 0.103599 -0.821993
vn 0.31518 0.502869 0.80485
vn 0.303196 0.065299 0.950688
vn -0.824872 0.207193 -0.525983
vn -0.585505 0.810607 0.01
vn 0.0012 -0.0343 0.999411
vn -0.585398 -0.0371 0.809897
vn -0.189697 -0.077498 0.97878
vn -0.98041 0.073601 -0.182702
vn -0.974883 -0.129498 -0.181198
vn -0.901999 -0.1554 -0.4028
vn 0.0012 -0.0343 0.999411
vn -0.901999 -0.1554 -0.4028
vn -0.940083 -0.0194 -0.340394
vn -0.627191 0.593991 0.503792
vn -0.627191 0.593991 0.503792
vn -0.627191 0.593991 0.503792
vn -0.748579 -0.489086 0.447687
vn -0.748579 -0.489086 0.447687
vn -0.748579 -0.489086 0.447687
vn -0.038802 -0.186208 0.981744
vn -0.058303 -0.994439 -0.087703
vn 0.881274 0.310391 0.35639
vn 0.881274 0.310391 0.35639
vn 0.881274 0.310391 0.35639
vn 0.881508 0.313803 0.352804
vn 0.881508 0.313803 0.352804
vn 0.881508 0.313803 0.352804
vn -0.886759 -0.329585 -0.324086
vn -0.885859 -0.311621 -0.343724
vn -0.823377 -0.547285 -0.150096
vn -0.850198 -0.509699 -0.1318
vn 0.0071 -0.529113 0.848522
vn -0.000201 -0.525118 0.85103
vn 0.106697 -0.585284 0.803778
vn 0.127804 -0.557721 0.820131
vn -0.221696 0.472692 -0.852885
vn -0.221696 0.472692 -0.852885
vn -0.221696 0.472692 -0.852885
vn -0.114097 0.527787 -0.841679
vn -0.114097 0.527787 -0.841679
vn -0.114097 0.527787 -0.841679
vn 0.718586 -0.584389 0.376993
vn 0.718586 -0.584389 0.376993
vn 0.718586 -0.584389 0.376993
vn -0.836417 0.133803 -0.531511
vn -0.85031 0.184702 -0.492806
vn -0.771501 -0.428601 -0.470201
vn -0.773241 -0.388421 -0.501227
vn 0.0575 0.994486 0.087699
vn 0.0575 0.994486 0.087699
vn 0.0575 0.994486 0.087699
vn 0.0575 0.994486 0.087699
vn 0.676978 -0.62148 0.394288
vn 0.676978 -0.62148 0.394288
vn 0.676978 -0.62148 0.394288
vn 0.672884 -0.635885 0.377992
vn 0.672884 -0.635885 0.377992
vn 0.672884 -0.635885 0.377992
vn -0.634481 0.655181 -0.410088
vn -0.765121 0.535515 -0.35751
vn -0.791514 0.508509 -0.339006
vn -0.630488 0.670588 -0.390893
vn 0.6702 -0.5256 -0.524
vn 0.6702 -0.5256 -0.524
vn 0.6702 -0.5256 -0.524
vn 0.545728 -0.252413 0.799042
vn 0.545728 -0.252413 0.799042
vn 0.545728 -0.252413 0.799042
vn 0.855386 -0.403594 0.324695
vn 0.855386 -0.403594 0.324695
vn 0.855386 -0.403594 0.324695
vn -0.947363 0.26599 -0.178194
vn -0.95913 0.223607 -0.173406
vn 0.560619 -0.104703 0.821428
vn 0.560619 -0.104703 0.821428
vn 0.560619 -0.104703 0.821428
vn 0.560619 -0.104703 0.821428
vn -0.979061 0.073097 -0.189993
vn -0.979031 0.073202 -0.190107
vn 0.86166 0.245089 0.44438
vn 0.86166 0.245089 0.44438
vn 0.86166 0.245089 0.44438
vn -0.149898 -0.419295 -0.895389
vn -0.149898 -0.419295 -0.895389
vn -0.149898 -0.419295 -0.895389
vn -0.043198 -0.465773 0.883849
vn -0.0439 -0.466196 0.883592
vn 0.002901 0.502531 -0.864554
vn 0.002901 0.502531 -0.864554
vn 0.002901 0.502531 -0.864554
vn -0.099101 0.406606 -0.908213
vn -0.099101 0.406606 -0.908213
vn -0.099101 0.406606 -0.908213
vn 0.769746 0.394024 0.502231
vn 0.769746 0.394024 0.502231
vn 0.769746 0.394024 0.502231
vn 0.786698 0.444499 0.4284
vn 0.786698 0.444499 0.4284
vn 0.786698 0.444499 0.4284
vn 0.193301 -0.0599 0.979309
vn 0.158605 -0.0045 0.987332
vn 0.205796 0.51699 0.830885
vn 0.219693 0.497685 0.839074
vn -0.061503 0.417821 -0.906445
vn -0.061503 0.417821 -0.906445
vn -0.061503 0.417821 -0.906445
vn -0.796322 0.201806 0.570215
vn -0.796338 0.20171 0.570227
vn -0.69838 0.472286 0.537784
vn 0.082202 0.351611 0.93253
vn 0.112001 0.377504 0.91921
vn -0.176093 -0.482581 -0.857967
vn -0.176093 -0.482581 -0.857967
vn -0.176093 -0.482581 -0.857967
vn -0.189907 -0.462518 -0.866033
vn -0.189907 -0.462518 -0.866033
vn -0.189907 -0.462518 -0.866033
vn -0.169098 0.079499 0.982388
vn -0.154907 0.121405 0.980441
vn -0.033599 -0.244093 -0.96917
vn -0.033599 -0.244093 -0.96917
vn -0.033599 -0.244093 -0.96917
vn -0.562602 -0.0549 -0.824903
vn -0.562602 -0.0549 -0.824903
vn -0.562602 -0.0549 -0.824903
vn -0.180101 -0.0761 0.9807
vn -0.180004 -0.076101 0.980718
vn -0.560619 0.104703 -0.821428
vn -0.560619 0.104703 -0.821428
vn -0.560619 0.104703 -0.821428
vn -0.560619 0.104703 -0.821428
vn 0.560705 -0.103601 0.821509
vn 0.560705 -0.103601 0.821509
vn 0.560705 -0.103601 0.821509
vn 0.560705 -0.103601 0.821509
vn -0.825699 -0.0037 0.564099
vn -0.825699 -0.0037 0.564099
vn -0.560705 0.103601 -0.821509
vn -0.560705 0.103601 -0.821509
vn -0.560705 0.103601 -0.821509
vn -0.560705 0.103601 -0.821509
vn 0.560217 -0.105303 0.821626
vn 0.560217 -0.105303 0.821626
vn 0.560217 -0.105303 0.821626
vn 0.560217 -0.105303 0.821626
vn -0.625512 -0.704013 0.336306
vn -0.826267 -0.0012 0.563277
vn -0.826267 -0.0012 0.563277
vn -0.625512 -0.704013 0.336306
vn -0.560217 0.105303 -0.821626
vn -0.560217 0.105303 -0.821626
vn -0.560217 0.105303 -0.821626
vn -0.560217 0.105303 -0.821626
vn 0.625512 0.704013 -0.336306
vn 0.826267 0.0012 -0.563277
vn 0.826267 0.0012 -0.563277
vn 0.625512 0.704013 -0.336306
vn 0.560217 -0.105303 0.821626
vn 0.560217 -0.105303 0.821626
vn -0.058303 -0.994439 -0.087703
vn -0.058303 -0.994439 -0.087703
vn -0.560217 0.105303 -0.821626
vn -0.560217 0.105303 -0.821626
vn 0.058303 0.994439 0.087703
vn 0.058303 0.994439 0.087703
vn 0.560217 -0.105303 0.821626
vn 0.560217 -0.105303 0.821626
vn 0.543014 -0.702318 -0.460311
vn 0.543014 -0.702318 -0.460311
vn -0.560217 0.105303 -0.821626
vn -0.560217 0.105303 -0.821626
vn -0.543014 0.702318 0.460311
vn -0.543014 0.702318 0.460311
vn 0.560217 -0.105303 0.821626
vn 0.560217 -0.105303 0.821626
vn 0.826267 0.0012 -0.563277
vn 0.826267 0.0012 -0.563277
vn -0.560217 0.105303 -0.821626
vn -0.560217 0.105303 -0.821626
vn -0.826267 -0.0012 0.563277
vn -0.826267 -0.0012 0.563277
vn 0.560217 -0.105303 0.821626
vn 0.560217 -0.105303 0.821626
vn 0.625512 0.704013 -0.336306
vn 0.625512 0.704013 -0.336306
vn -0.560217 0.105303 -0.821626
vn -0.560217 0.105303 -0.821626
vn -0.625512 -0.704013 0.336306
vn -0.625512 -0.704013 0.336306
vn 0.560217 -0.105303 0.821626
vn 0.560217 -0.105303 0.821626
vn 0.058303 0.994439 0.087703
vn 0.058303 0.994439 0.087703
vn -0.560217 0.105303 -0.821626
vn -0.560217 0.105303 -0.821626
vn -0.058303 -0.994439 -0.087703
vn -0.058303 -0.994439 -0.087703
vn 0.560217 -0.105303 0.821626
vn 0.560217 -0.105303 0.821626
vn -0.543014 0.702318 0.460311
vn -0.543014 0.702318 0.460311
vn -0.560217 0.105303 -0.821626
vn -0.560217 0.105303 -0.821626
vn 0.543014 -0.702318 -0.460311
vn 0.543014 -0.702318 -0.460311
vn -0.1949 -0.3517 0.915599
vn -0.202801 -0.353201 0.913302
vn -0.202205 -0.074301 0.976521
vn -0.1942 -0.0749 0.978098
vn 0.202205 0.074301 -0.976521
vn 0.202801 0.353201 -0.913302
vn 0.194793 0.351587 -0.915665
vn 0.1942 0.0749 -0.978098
vn 0.109603 -0.745423 0.65752
vn 0.103994 -0.749956 0.653262
vn -0.058299 -0.578385 0.813678
vn -0.051502 -0.575015 0.816521
vn 0.058299 0.578385 -0.813678
vn -0.104001 0.749912 -0.653311
vn -0.109694 0.745365 -0.65757
vn 0.051502 0.575015 -0.816521
vn 0.573509 -0.744713 0.341306
vn 0.571623 -0.749231 0.334514
vn 0.348608 -0.786618 0.509612
vn 0.352216 -0.781536 0.514924
vn -0.348608 0.786618 -0.509612
vn -0.571604 0.749206 -0.334603
vn -0.573533 0.744643 -0.34142
vn -0.352216 0.781536 -0.514924
vn 0.924217 -0.350007 0.152704
vn 0.92496 -0.351485 0.144594
vn 0.779901 -0.577101 0.242301
vn 0.780046 -0.573734 0.249715
vn -0.779901 0.577101 -0.242301
vn -0.92496 0.351485 -0.144594
vn -0.924221 0.349908 -0.152904
vn -0.780046 0.573734 -0.249715
vn 0.95696 0.208391 0.201992
vn 0.95796 0.211191 0.194193
vn 0.983014 -0.072501 0.168603
vn 0.981566 -0.073097 0.176595
vn -0.983014 0.072501 -0.168603
vn -0.95796 -0.211191 -0.194193
vn -0.956952 -0.208311 -0.202112
vn -0.981566 0.073097 -0.176595
vn 0.652509 0.602108 0.460107
vn 0.651163 0.607965 0.454274
vn 0.839017 0.431609 0.331307
vn 0.838704 0.427002 0.338002
vn -0.839017 -0.431609 -0.331307
vn -0.651163 -0.607965 -0.454274
vn -0.652479 -0.602081 -0.460185
vn -0.838704 -0.427002 -0.338002
vn 0.188599 0.601496 0.776295
vn 0.183595 0.607285 0.77298
vn 0.4322 0.6398 0.6355
vn 0.435186 0.633479 0.639779
vn -0.4322 -0.6398 -0.6355
vn -0.183595 -0.607285 -0.77298
vn -0.188595 -0.601385 -0.776381
vn -0.435186 -0.633479 -0.639779
vn -0.162195 0.206693 0.964868
vn -0.169793 0.209491 0.962956
vn 0.0008 0.430376 0.902649
vn 0.0072 0.425714 0.904829
vn -0.0008 -0.430376 -0.902649
vn 0.169793 -0.209491 -0.962956
vn 0.162 -0.2067 -0.9649
vn -0.0072 -0.425714 -0.904829
vn -0.839017 -0.431609 -0.331307
vn -0.838704 -0.427002 -0.338002
vn -0.95696 -0.208391 -0.201992
vn -0.95796 -0.211191 -0.194193
vn 0.839017 0.431609 0.331307
vn 0.95796 0.211191 0.194193
vn 0.956952 0.208311 0.202112
vn 0.838704 0.427002 0.338002
vn -0.4322 -0.6398 -0.6355
vn -0.435186 -0.633479 -0.639779
vn -0.652509 -0.602108 -0.460107
vn -0.651163 -0.607965 -0.454274
vn 0.4322 0.6398 0.6355
vn 0.651163 0.607965 0.454274
vn 0.652479 0.602081 0.460185
vn 0.435186 0.633479 0.639779
vn -0.0008 -0.430376 -0.902649
vn -0.0072 -0.425714 -0.904829
vn -0.18861 -0.601432 -0.776341
vn -0.183595 -0.607285 -0.77298
vn 0.0008 0.430376 0.902649
vn 0.183595 0.607285 0.77298
vn 0.188595 0.601385 0.776381
vn 0.0072 0.425714 0.904829
vn 0.202205 0.074301 -0.976521
vn 0.1942 0.0749 -0.978098
vn 0.162195 -0.206693 -0.964868
vn 0.169793 -0.209491 -0.962956
vn -0.202205 -0.074301 0.976521
vn -0.169793 0.209491 0.962956
vn -0.162 0.2067 0.9649
vn -0.1942 -0.0749 0.978098
vn 0.058299 0.578385 -0.813678
vn 0.051502 0.575015 -0.816521
vn 0.1949 0.3517 -0.915599
vn 0.202801 0.353201 -0.913302
vn -0.058299 -0.578385 0.813678
vn -0.202801 -0.353201 0.913302
vn -0.194793 -0.351587 0.915665
vn -0.051502 -0.575015 0.816521
vn -0.348608 0.786618 -0.509612
vn -0.352216 0.781536 -0.514924
vn -0.109603 0.745423 -0.65752
vn -0.104001 0.749912 -0.653311
vn 0.348608 -0.786618 0.509612
vn 0.103994 -0.749956 0.653262
vn 0.109694 -0.745365 0.65757
vn 0.352216 -0.781536 0.514924
vn -0.779901 0.577101 -0.242301
vn -0.780046 0.573734 -0.249715
vn -0.573509 0.744713 -0.341306
vn -0.571623 0.749231 -0.334514
vn 0.779901 -0.577101 0.242301
vn 0.571623 -0.749231 0.334514
vn 0.57349 -0.744687 0.341395
vn 0.780046 -0.573734 0.249715
vn -0.983014 0.072501 -0.168603
vn -0.981566 0.073097 -0.176595
vn -0.924217 0.350007 -0.152704
vn -0.92496 0.351485 -0.144594
vn 0.983014 -0.072501 0.168603
vn 0.92496 -0.351485 0.144594
vn 0.924221 -0.349908 0.152904
vn 0.981566 -0.073097 0.176595
vn -0.76712 0.537215 0.350609
vn -0.976111 -0.032 0.214902
vn -0.982958 -0.144294 0.113895
vn -0.980909 0.172802 -0.089201
vn -0.853909 0.307303 -0.420005
vn -0.833213 0.137402 -0.535609
vn -0.803814 -0.363106 -0.471208
vn -0.680677 -0.381387 -0.625479
vn -0.962061 -0.078197 0.261389
vn -0.977035 0.025001 -0.211608
vn -0.949667 0.117996 -0.29019
vn -0.947871 0.228993 -0.221593
vn -0.844522 0.516213 -0.142504
vn -0.937332 0.345812 -0.042702
vn -0.853909 0.307303 -0.420005
vn 0.0004 -0.452007 -0.892014
vn 0.0005 -0.471486 -0.881874
vn 0.999996 -0.0028 -0.0002
vn 0.123696 0.570581 -0.811873
vn -0.638517 0.322409 -0.698819
vn -0.947871 0.228993 -0.221593
vn 0.874907 0.438903 0.204702
vn 0.987528 0.144204 -0.063202
vn 0.984513 -0.136102 0.110502
vn 0.977068 -0.023799 0.211593
vn 0.925687 0.161898 -0.341895
vn 0.922439 0.203909 -0.327914
vn 0.681701 -0.375701 -0.6278
vn 0.805211 -0.356305 -0.474006
vn 0.966393 -0.0709 0.247099
vn 0.996726 0.0227 -0.077602
vn 0.984381 0.087798 -0.152597
vn 0.956277 0.108997 -0.271393
vn 0.925687 0.161898 -0.341895
vn 0.962398 0.270499 -0.0249
vn 0.840075 0.522484 -0.145895
vn 0.956277 0.108997 -0.271393
vn 0.658101 0.2584 -0.707201
vt 0.5022 0.621
vt 0.5075 0.5912
vt 0.5588 0.577
vt 0.5456 0.6153
vt 0.4865 0.6481
vt 0.4844 0.6141
vt 0.6147 0.5748
vt 0.5822 0.6178
vt 0.5657 0.5484
vt 0.613 0.5373
vt 0.5595 0.5179
vt 0.5915 0.4867
vt 0.5586 0.4929
vt 0.5661 0.4649
vt 0.497 0.5047
vt 0.5098 0.4699
vt 0.5052 0.5673
vt 0.5042 0.5562
vt 0.4756 0.5197
vt 0.4554 0.4762
vt 0.5081 0.4348
vt 0.4402 0.4486
vt 0.4869 0.5639
vt 0.4524 0.53
vt 0.4319 0.4848
vt 0.4673 0.5671
vt 0.4725 0.6153
vt 0.4761 0.655
vt 0.5083 0.6787
vt 0.505 0.6866
vt 0.4252 0.5399
vt 0.4004 0.4954
vt 0.3739 0.4447
vt 0.4204 0.4462
vt 0.4496 0.5687
vt 0.4553 0.6156
vt 0.8744 0.8408
vt 0.8417 0.8673
vt 0.8315 0.8506
vt 0.8603 0.8258
vt 0.7986 0.8927
vt 0.7749 0.9247
vt 0.7555 0.901
vt 0.7877 0.8752
vt 0.7598 0.9572
vt 0.7289 0.9456
vt 0.8075 0.8162
vt 0.8419 0.7929
vt 0.7707 0.8347
vt 0.7794 0.7772
vt 0.8246 0.7488
vt 0.7383 0.7994
vt 0.7318 0.8698
vt 0.7076 0.9096
vt 0.697 0.8366
vt 0.919 0.8199
vt 0.9046 0.7911
vt 0.8981 0.7585
vt 0.9675 0.7798
vt 0.9679 0.7521
vt 0.8972 0.7293
vt 0.9692 0.7237
vt 0.8078 0.6995
vt 0.7306 0.6928
vt 0.7346 0.598
vt 0.7912 0.5912
vt 0.885 0.5833
vt 0.8954 0.684
vt 0.9655 0.5776
vt 0.9689 0.6769
vt 0.7102 0.4838
vt 0.7788 0.474
vt 0.8684 0.4678
vt 0.9609 0.4618
vt 0.6778 0.3401
vt 0.7554 0.3273
vt 0.8526 0.3207
vt 0.9579 0.3143
vt 0.6256 0.1913
vt 0.7174 0.1709
vt 0.8328 0.1611
vt 0.9606 0.1544
vt 0.5606 0.0637
vt 0.6809 0.0278
vt 0.8137 0.0154
vt 0.9666 0.0084
vt 0.7167 0.7654
vt 0.0388 0.9943
vt 0.0075 0.9381
vt 0.1035 0.9319
vt 0.1091 0.9898
vt 0.1932 0.9329
vt 0.1987 0.9908
vt 0.2896 0.933
vt 0.2953 0.9909
vt 0.3793 0.9328
vt 0.3825 0.991
vt 0.4771 0.9326
vt 0.4754 0.991
vt 0.4905 0.9567
vt 0.4759 0.9063
vt 0.5303 0.9067
vt 0.5708 0.9558
vt 0.7277 0.9585
vt 0.7125 0.9601
vt 0.7666 0.9784
vt 0.8035 0.9475
vt 0.8041 0.9891
vt 0.8035 0.9475
vt 0.8351 0.9814
vt 0.8041 0.9891
vt 0.6475 0.6312
vt 0.6597 0.5853
vt 0.6481 0.6289
vt 0.6556 0.5157
vt 0.6265 0.4545
vt 0.5732 0.4334
vt 0.966 0.7879
vt 0.9649 0.7982
vt 0.5098 0.6294
vt 0.5213 0.6524
vt 0.6035 0.9471
vt 0.6219 0.8876
vt 0.6343 0.8956
vt 0.6364 0.9609
vt 0.5379 0.8845
vt 0.5321 0.8874
vt 0.5275 0.8792
vt 0.5348 0.8774
vt 0.6559 0.8994
vt 0.6642 0.8728
vt 0.6776 0.8943
vt 0.6462 0.8731
vt 0.522 0.8868
vt 0.5215 0.8851
vt 0.6692 0.8592
vt 0.6935 0.8874
vt 0.6776 0.9584
vt 0.6556 0.9516
vt 0.7121 0.9384
vt 0.6406 0.8608
vt 0.5022 0.621
vt 0.5456 0.6153
vt 0.5588 0.577
vt 0.5075 0.5912
vt 0.4865 0.6481
vt 0.4844 0.6141
vt 0.5822 0.6178
vt 0.6147 0.5748
vt 0.613 0.5373
vt 0.5657 0.5484
vt 0.5915 0.4867
vt 0.5595 0.5179
vt 0.5661 0.4649
vt 0.5586 0.4929
vt 0.5098 0.4699
vt 0.497 0.5047
vt 0.5052 0.5673
vt 0.5042 0.5562
vt 0.4554 0.4762
vt 0.4756 0.5197
vt 0.4869 0.5639
vt 0.4319 0.4848
vt 0.4524 0.53
vt 0.4673 0.5671
vt 0.4725 0.6153
vt 0.4761 0.655
vt 0.4004 0.4954
vt 0.4252 0.5399
vt 0.4496 0.5687
vt 0.4553 0.6156
vt 0.8744 0.8408
vt 0.8603 0.8258
vt 0.8315 0.8506
vt 0.8417 0.8673
vt 0.7986 0.8927
vt 0.7877 0.8752
vt 0.7555 0.901
vt 0.7749 0.9247
vt 0.7289 0.9456
vt 0.8419 0.7929
vt 0.8075 0.8162
vt 0.7707 0.8347
vt 0.8246 0.7488
vt 0.7794 0.7772
vt 0.7383 0.7994
vt 0.7318 0.8698
vt 0.7076 0.9096
vt 0.697 0.8366
vt 0.919 0.8199
vt 0.9046 0.7911
vt 0.8981 0.7585
vt 0.8972 0.7293
vt 0.8078 0.6995
vt 0.7912 0.5912
vt 0.7346 0.598
vt 0.7306 0.6928
vt 0.8954 0.684
vt 0.885 0.5833
vt 0.7102 0.4838
vt 0.7788 0.474
vt 0.8684 0.4678
vt 0.6778 0.3401
vt 0.7554 0.3273
vt 0.8526 0.3207
vt 0.6256 0.1913
vt 0.7174 0.1709
vt 0.8328 0.1611
vt 0.5606 0.0637
vt 0.6809 0.0278
vt 0.8137 0.0154
vt 0.7167 0.7654
vt 0.0388 0.9943
vt 0.1091 0.9898
vt 0.1035 0.9319
vt 0.0075 0.9381
vt 0.1932 0.9329
vt 0.1987 0.9908
vt 0.2896 0.933
vt 0.2953 0.9909
vt 0.3793 0.9328
vt 0.3825 0.991
vt 0.4771 0.9326
vt 0.4754 0.991
vt 0.4905 0.9567
vt 0.5708 0.9558
vt 0.5303 0.9067
vt 0.4759 0.9063
vt 0.7666 0.9784
vt 0.8035 0.9475
vt 0.8035 0.9475
vt 0.5213 0.6524
vt 0.5098 0.6294
vt 0.6035 0.9471
vt 0.6364 0.9609
vt 0.6343 0.8956
vt 0.6219 0.8876
vt 0.5379 0.8845
vt 0.5348 0.8774
vt 0.5275 0.8792
vt 0.5321 0.8874
vt 0.6559 0.8994
vt 0.6776 0.8943
vt 0.6642 0.8728
vt 0.6462 0.8731
vt 0.5215 0.8851
vt 0.522 0.8868
vt 0.6935 0.8874
vt 0.6692 0.8592
vt 0.6556 0.9516
vt 0.6776 0.9584
vt 0.7121 0.9384
vt 0.6406 0.8608
vt 0.8078 0.6995
vt 0.7912 0.5912
vt 0.7346 0.598
vt 0.7306 0.6928
vt 0.8954 0.684
vt 0.885 0.5833
vt 0.9689 0.6769
vt 0.9655 0.5776
vt 0.7102 0.4838
vt 0.7788 0.474
vt 0.8684 0.4678
vt 0.9609 0.4618
vt 0.6778 0.3401
vt 0.7554 0.3273
vt 0.8526 0.3207
vt 0.9579 0.3143
vt 0.6256 0.1913
vt 0.7174 0.1709
vt 0.8328 0.1611
vt 0.9606 0.1544
vt 0.5606 0.0637
vt 0.6809 0.0278
vt 0.8137 0.0154
vt 0.9666 0.0084
vt 0.7794 0.7772
vt 0.8246 0.7488
vt 0.7167 0.7654
vt 0.7383 0.7994
vt 0.697 0.8366
vt 0.8972 0.7293
vt 0.9692 0.7237
vt 0.0388 0.9943
vt 0.1091 0.9898
vt 0.1035 0.9319
vt 0.0075 0.9381
vt 0.1932 0.9329
vt 0.1987 0.9908
vt 0.2896 0.933
vt 0.2953 0.9909
vt 0.3793 0.9328
vt 0.3825 0.991
vt 0.4771 0.9326
vt 0.4754 0.991
vt 0.8078 0.6995
vt 0.7306 0.6928
vt 0.7346 0.598
vt 0.7912 0.5912
vt 0.885 0.5833
vt 0.8954 0.684
vt 0.7102 0.4838
vt 0.7788 0.474
vt 0.8684 0.4678
vt 0.6778 0.3401
vt 0.7554 0.3273
vt 0.8526 0.3207
vt 0.6256 0.1913
vt 0.7174 0.1709
vt 0.8328 0.1611
vt 0.5606 0.0637
vt 0.6809 0.0278
vt 0.8137 0.0154
vt 0.7794 0.7772
vt 0.8246 0.7488
vt 0.7167 0.7654
vt 0.7383 0.7994
vt 0.697 0.8366
vt 0.8972 0.7293
vt 0.0388 0.9943
vt 0.0075 0.9381
vt 0.1035 0.9319
vt 0.1091 0.9898
vt 0.1932 0.9329
vt 0.1987 0.9908
vt 0.2896 0.933
vt 0.2953 0.9909
vt 0.3793 0.9328
vt 0.3825 0.991
vt 0.4771 0.9326
vt 0.4754 0.991
vt 0.6048 0.7299
vt 0.6423 0.7074
vt 0.6598 0.7289
vt 0.6223 0.7558
vt 0.5627 0.8014
vt 0.5423 0.773
vt 0.5707 0.7592
vt 0.5907 0.7821
vt 0.5918 0.7444
vt 0.5648 0.721
vt 0.5758 0.6933
vt 0.5404 0.6994
vt 0.5466 0.6825
vt 0.5177 0.7254
vt 0.5314 0.7198
vt 0.543 0.7497
vt 0.5405 0.756
vt 0.5372 0.7581
vt 0.5149 0.7264
vt 0.5786 0.6682
vt 0.605 0.6717
vt 0.6215 0.6834
vt 0.568 0.6301
vt 0.5938 0.6299
vt 0.077 0.0376
vt 0.0392 0.0156
vt 0.0554 0.0488
vt 0.0301 0.0568
vt 0.0085 0.0598
vt 0.0067 0.1022
vt 0.0385 0.1022
vt 0.0684 0.0927
vt 0.0953 0.068
vt 0.0419 0.1478
vt 0.0814 0.129
vt 0.0684 0.0927
vt 0.0385 0.1022
vt 0.0067 0.1022
vt 0.0076 0.1548
vt 0.1158 0.0966
vt 0.0953 0.068
vt 0.0487 0.1965
vt 0.0807 0.1754
vt 0.0188 0.2145
vt 0.1659 0.1423
vt 0.1644 0.112
vt 0.1158 0.0966
vt 0.1139 0.1507
vt 0.0985 0.2592
vt 0.0807 0.1754
vt 0.0487 0.1965
vt 0.0623 0.2731
vt 0.1139 0.1507
vt 0.197 0.1322
vt 0.2173 0.1092
vt 0.1973 0.0982
vt 0.1707 0.2379
vt 0.2135 0.2285
vt 0.2243 0.15
vt 0.1007 0.2882
vt 0.0657 0.2894
vt 0.133 0.2783
vt 0.1293 0.2476
vt 0.1764 0.2701
vt 0.2199 0.2596
vt 0.2607 0.2079
vt 0.2718 0.2386
vt 0.5542 0.6649
vt 0.549 0.6253
vt 0.5328 0.6586
vt 0.5291 0.6279
vt 0.0275 0.2915
vt 0.0265 0.3546
vt 0.0657 0.3464
vt 0.1034 0.3307
vt 0.5169 0.673
vt 0.0294 0.0295
vt 0.1385 0.314
vt 0.1854 0.3107
vt 0.2322 0.3199
vt 0.303 0.3047
vt 0.2733 0.3141
vt 0.0231 0.4163
vt 0.0705 0.4094
vt 0.1144 0.3959
vt 0.1462 0.3828
vt 0.1948 0.3793
vt 0.2454 0.3798
vt 0.2894 0.3751
vt 0.3335 0.3663
vt 0.0948 0.5894
vt 0.1266 0.5885
vt 0.1848 0.5922
vt 0.2426 0.5789
vt 0.2817 0.536
vt 0.3331 0.5159
vt 0.4748 0.8826
vt 0.5723 0.8417
vt 0.5518 0.8116
vt 0.4578 0.8355
vt 0.3849 0.4942
vt 0.096 0.6165
vt 0.1277 0.6183
vt 0.3013 0.6018
vt 0.3599 0.5876
vt 0.4183 0.5654
vt 0.0895 0.8627
vt 0.1591 0.841
vt 0.2282 0.8418
vt 0.2942 0.8513
vt 0.3748 0.8536
vt 0.0865 0.9272
vt 0.1679 0.9019
vt 0.2526 0.9265
vt 0.3068 0.9213
vt 0.3905 0.9091
vt 0.5205 0.7122
vt 0.5176 0.6946
vt 0.0125 0.0317
vt 0.0188 0.2145
vt 0.0267 0.2795
vt 0.0271 0.5897
vt 0.0277 0.614
vt 0.0111 0.8722
vt 0.0075 0.9332
vt 0.6048 0.7299
vt 0.6223 0.7558
vt 0.6598 0.7289
vt 0.6423 0.7074
vt 0.5907 0.7821
vt 0.5707 0.7592
vt 0.5918 0.7444
vt 0.5648 0.721
vt 0.5758 0.6933
vt 0.5404 0.6994
vt 0.5466 0.6825
vt 0.5177 0.7254
vt 0.5405 0.756
vt 0.543 0.7497
vt 0.5314 0.7198
vt 0.5786 0.6682
vt 0.6215 0.6834
vt 0.605 0.6717
vt 0.568 0.6301
vt 0.5938 0.6299
vt 0.077 0.0376
vt 0.0554 0.0488
vt 0.0392 0.0156
vt 0.0301 0.0568
vt 0.0385 0.1022
vt 0.0953 0.068
vt 0.0684 0.0927
vt 0.0419 0.1478
vt 0.0385 0.1022
vt 0.0684 0.0927
vt 0.0814 0.129
vt 0.1158 0.0966
vt 0.0953 0.068
vt 0.0487 0.1965
vt 0.0807 0.1754
vt 0.1659 0.1423
vt 0.1139 0.1507
vt 0.1158 0.0966
vt 0.1644 0.112
vt 0.0985 0.2592
vt 0.0623 0.2731
vt 0.0487 0.1965
vt 0.0807 0.1754
vt 0.1139 0.1507
vt 0.197 0.1322
vt 0.1973 0.0982
vt 0.2173 0.1092
vt 0.2243 0.15
vt 0.1707 0.2379
vt 0.2135 0.2285
vt 0.1007 0.2882
vt 0.0657 0.2894
vt 0.133 0.2783
vt 0.1293 0.2476
vt 0.1764 0.2701
vt 0.2199 0.2596
vt 0.2607 0.2079
vt 0.2718 0.2386
vt 0.5542 0.6649
vt 0.549 0.6253
vt 0.0657 0.3464
vt 0.1034 0.3307
vt 0.0294 0.0295
vt 0.1385 0.314
vt 0.1854 0.3107
vt 0.2322 0.3199
vt 0.303 0.3047
vt 0.2733 0.3141
vt 0.0705 0.4094
vt 0.1144 0.3959
vt 0.1462 0.3828
vt 0.1948 0.3793
vt 0.2454 0.3798
vt 0.3335 0.3663
vt 0.2894 0.3751
vt 0.1266 0.5885
vt 0.0948 0.5894
vt 0.1848 0.5922
vt 0.2426 0.5789
vt 0.2817 0.536
vt 0.3331 0.5159
vt 0.4748 0.8826
vt 0.4578 0.8355
vt 0.5518 0.8116
vt 0.5723 0.8417
vt 0.3849 0.4942
vt 0.1277 0.6183
vt 0.096 0.6165
vt 0.3013 0.6018
vt 0.3599 0.5876
vt 0.4183 0.5654
vt 0.1591 0.841
vt 0.0895 0.8627
vt 0.2282 0.8418
vt 0.2942 0.8513
vt 0.3748 0.8536
vt 0.1679 0.9019
vt 0.0865 0.9272
vt 0.2526 0.9265
vt 0.3068 0.9213
vt 0.3905 0.9091
vt 0.6355 0.9949
vt 0.6814 0.9949
vt 0.6817 0.9649
vt 0.6355 0.9649
vt 0.7441 0.9949
vt 0.7428 0.965
vt 0.5875 0.9949
vt 0.5877 0.9649
vt 0.5275 0.965
vt 0.5274 0.9949
vt 0.4888 0.965
vt 0.4888 0.9949
vt 0.2397 0.0403
vt 0.2398 0.0103
vt 0.2859 0.0103
vt 0.2856 0.0403
vt 0.347 0.0104
vt 0.3484 0.0403
vt 0.1917 0.0403
vt 0.192 0.0104
vt 0.1317 0.0403
vt 0.1317 0.0104
vt 0.0931 0.0403
vt 0.093 0.0104
vt 0.4125 0.4064
vt 0.4098 0.3933
vt 0.4608 0.4121
vt 0.3713 0.3955
vt 0.3852 0.4288
vt 0.4415 0.3809
vt 0.4437 0.2985
vt 0.4751 0.2787
vt 0.4942 0.3744
vt 0.4632 0.3753
vt 0.5153 0.267
vt 0.5255 0.3643
vt 0.4229 0.3033
vt 0.5366 0.2595
vt 0.5478 0.3552
vt 0.3215 0.3135
vt 0.4025 0.3604
vt 0.4382 0.2742
vt 0.4273 0.2363
vt 0.4653 0.2343
vt 0.5111 0.2223
vt 0.5146 0.2619
vt 0.5341 0.2215
vt 0.5364 0.2532
vt 0.3887 0.3032
vt 0.3194 0.3097
vt 0.3053 0.2857
vt 0.3679 0.256
vt 0.4175 0.2786
vt 0.4056 0.2409
vt 0.5752 0.8511
vt 0.6083 0.8489
vt 0.5943 0.8748
vt 0.5893 0.8773
vt 0.5409 0.8971
vt 0.5864 0.8803
vt 0.6224 0.8728
vt 0.5954 0.878
vt 0.5498 0.9209
vt 0.5873 0.8822
vt 0.6021 0.9085
vt 0.5914 0.8803
vt 0.3893 0.0876
vt 0.4256 0.0673
vt 0.5041 0.0356
vt 0.5347 0.0305
vt 0.23 0.1126
vt 0.3073 0.1069
vt 0.3623 0.1046
vt 0.9434 0.9905
vt 0.9266 0.9872
vt 0.922 0.9647
vt 0.9419 0.9657
vt 0.8938 0.9902
vt 0.878 0.9897
vt 0.8807 0.9579
vt 0.9036 0.9599
vt 0.8614 0.9899
vt 0.857 0.9623
vt 0.8499 0.9928
vt 0.842 0.9668
vt 0.8737 0.9028
vt 0.8613 0.9041
vt 0.8737 0.8955
vt 0.8957 0.9034
vt 0.8797 0.9414
vt 0.9047 0.9394
vt 0.8568 0.9424
vt 0.8464 0.9445
vt 0.9665 0.9673
vt 0.9427 0.9485
vt 0.965 0.95
vt 0.9218 0.9487
vt 0.9115 0.9636
vt 0.9112 0.947
vt 0.9188 0.9891
vt 0.9631 0.9877
vt 0.9545 0.9947
vt 0.9583 0.9859
vt 0.9473 0.993
vt 0.9511 0.9835
vt 0.947 0.9805
vt 0.9598 0.9801
vt 0.9635 0.9807
vt 0.9558 0.978
vt 0.9537 0.9753
vt 0.9463 0.9684
vt 0.9525 0.9691
vt 0.9612 0.9714
vt 0.8789 0.9242
vt 0.8997 0.9232
vt 0.8581 0.9265
vt 0.8509 0.9257
vt 0.942 0.9363
vt 0.9619 0.9363
vt 0.9238 0.9389
vt 0.9158 0.9357
vt 0.9435 0.9181
vt 0.9541 0.9198
vt 0.9271 0.9255
vt 0.4125 0.4064
vt 0.4608 0.4121
vt 0.4098 0.3933
vt 0.3713 0.3955
vt 0.3852 0.4288
vt 0.4415 0.3809
vt 0.4437 0.2985
vt 0.4632 0.3753
vt 0.4942 0.3744
vt 0.4751 0.2787
vt 0.5255 0.3643
vt 0.5153 0.267
vt 0.4229 0.3033
vt 0.5478 0.3552
vt 0.5366 0.2595
vt 0.3215 0.3135
vt 0.4025 0.3604
vt 0.4382 0.2742
vt 0.4653 0.2343
vt 0.4273 0.2363
vt 0.5146 0.2619
vt 0.5111 0.2223
vt 0.5364 0.2532
vt 0.5341 0.2215
vt 0.3887 0.3032
vt 0.3679 0.256
vt 0.3053 0.2857
vt 0.3194 0.3097
vt 0.4175 0.2786
vt 0.4056 0.2409
vt 0.5752 0.8511
vt 0.5893 0.8773
vt 0.5943 0.8748
vt 0.6083 0.8489
vt 0.5409 0.8971
vt 0.5864 0.8803
vt 0.5954 0.878
vt 0.6224 0.8728
vt 0.5498 0.9209
vt 0.5873 0.8822
vt 0.6021 0.9085
vt 0.5914 0.8803
vt 0.3893 0.0876
vt 0.4256 0.0673
vt 0.5041 0.0356
vt 0.5347 0.0305
vt 0.23 0.1126
vt 0.3073 0.1069
vt 0.3623 0.1046
vt 0.9434 0.9905
vt 0.9419 0.9657
vt 0.922 0.9647
vt 0.9266 0.9872
vt 0.8938 0.9902
vt 0.9036 0.9599
vt 0.8807 0.9579
vt 0.878 0.9897
vt 0.857 0.9623
vt 0.8614 0.9899
vt 0.842 0.9668
vt 0.8499 0.9928
vt 0.8737 0.9028
vt 0.8737 0.8955
vt 0.8613 0.9041
vt 0.8957 0.9034
vt 0.9047 0.9394
vt 0.8797 0.9414
vt 0.8568 0.9424
vt 0.8464 0.9445
vt 0.9665 0.9673
vt 0.965 0.95
vt 0.9427 0.9485
vt 0.9218 0.9487
vt 0.9112 0.947
vt 0.9115 0.9636
vt 0.9188 0.9891
vt 0.9631 0.9877
vt 0.9583 0.9859
vt 0.9545 0.9947
vt 0.9511 0.9835
vt 0.9473 0.993
vt 0.947 0.9805
vt 0.9635 0.9807
vt 0.9598 0.9801
vt 0.9558 0.978
vt 0.9537 0.9753
vt 0.9525 0.9691
vt 0.9463 0.9684
vt 0.9612 0.9714
vt 0.8997 0.9232
vt 0.8789 0.9242
vt 0.8581 0.9265
vt 0.8509 0.9257
vt 0.9619 0.9363
vt 0.942 0.9363
vt 0.9238 0.9389
vt 0.9158 0.9357
vt 0.9541 0.9198
vt 0.9435 0.9181
vt 0.9271 0.9255
vt 0.6622 0.4537
vt 0.6509 0.4533
vt 0.6525 0.4438
vt 0.6567 0.4382
vt 0.6525 0.4438
vt 0.6509 0.4533
vt 0.6622 0.4537
vt 0.6567 0.4382
vt 0.995 0.0067
vt 0.9947 0.9686
vt 0.9912 0.9727
vt 0.9862 0.0072
vt 0.9863 0.9695
vt 0.9783 0.0066
vt 0.9862 0.0072
vt 0.9863 0.9695
vt 0.9786 0.9685
vt 0.9818 0.9725
vt 0.6666 0.4645
vt 0.6684 0.4692
vt 0.661 0.4674
vt 0.661 0.4674
vt 0.6666 0.4645
vt 0.6471 0.4589
vt 0.6587 0.4744
vt 0.661 0.4674
vt 0.6496 0.4768
vt 0.6496 0.4768
vt 0.661 0.4674
vt 0.6471 0.4589
vt 0.6471 0.4589
vt 0.6684 0.4692
vt 0.9862 0.0072
vt 0.9783 0.0066
vt 0.9872 0.0059
vt 0.6525 0.4438
vt 0.6509 0.4533
vt 0.6142 0.4294
vt 0.6142 0.4294
vt 0.6158 0.4208
vt 0.6525 0.4438
vt 0.6509 0.4533
vt 0.6142 0.4294
vt 0.608 0.4346
vt 0.6471 0.4589
vt 0.608 0.4346
vt 0.5505 0.4176
vt 0.5553 0.4106
vt 0.6142 0.4294
vt 0.5604 0.4044
vt 0.5553 0.4106
vt 0.6142 0.4294
vt 0.6142 0.4294
vt 0.6158 0.4208
vt 0.5604 0.4044
vt 0.5604 0.4044
vt 0.5474 0.408
vt 0.5538 0.4012
vt 0.5333 0.4131
vt 0.5505 0.4176
vt 0.5553 0.4106
vt 0.5474 0.408
vt 0.5689 0.2136
vt 0.5566 0.2184
vt 0.5641 0.2341
vt 0.5751 0.2299
vt 0.5538 0.4012
vt 0.5878 0.3571
vt 0.595 0.3589
vt 0.595 0.3589
vt 0.5604 0.4044
vt 0.5538 0.4012
vt 0.5476 0.3988
vt 0.5538 0.4012
vt 0.5878 0.3571
vt 0.5809 0.3562
vt 0.595 0.3589
vt 0.6049 0.3063
vt 0.6049 0.3063
vt 0.595 0.3589
vt 0.5878 0.3571
vt 0.5947 0.3095
vt 0.5947 0.3095
vt 0.6049 0.3063
vt 0.595 0.3589
vt 0.5947 0.3095
vt 0.5882 0.3127
vt 0.5947 0.3095
vt 0.5731 0.2539
vt 0.5828 0.25
vt 0.6049 0.3063
vt 0.5731 0.2539
vt 0.5716 0.2709
vt 0.5604 0.4044
vt 0.5553 0.4106
vt 0.5474 0.408
vt 0.5604 0.4044
vt 0.5538 0.4012
vt 0.5474 0.408
vt 0.6509 0.4533
vt 0.6471 0.4589
vt 0.6525 0.4438
vt 0.6158 0.4208
vt 0.6142 0.4294
vt 0.6142 0.4294
vt 0.6509 0.4533
vt 0.6525 0.4438
vt 0.5604 0.4044
vt 0.6158 0.4208
vt 0.6142 0.4294
vt 0.6142 0.4294
vt 0.5553 0.4106
vt 0.5604 0.4044
vt 0.5333 0.4131
vt 0.5476 0.3988
vt 0.5538 0.4012
vt 0.5474 0.408
vt 0.5553 0.4106
vt 0.5604 0.4044
vt 0.5474 0.408
vt 0.5585 0.2595
vt 0.5716 0.2709
vt 0.5731 0.2539
vt 0.5809 0.3562
vt 0.5878 0.3571
vt 0.5538 0.4012
vt 0.5604 0.4044
vt 0.595 0.3589
vt 0.595 0.3589
vt 0.5878 0.3571
vt 0.5538 0.4012
vt 0.5882 0.3127
vt 0.5947 0.3095
vt 0.595 0.3589
vt 0.6049 0.3063
vt 0.5947 0.3095
vt 0.5947 0.3095
vt 0.5878 0.3571
vt 0.595 0.3589
vt 0.5716 0.2709
vt 0.5731 0.2539
vt 0.6049 0.3063
vt 0.5828 0.25
vt 0.5731 0.2539
vt 0.5947 0.3095
vt 0.5828 0.25
vt 0.5731 0.2539
vt 0.5641 0.2341
vt 0.5751 0.2299
vt 0.5641 0.2341
vt 0.5505 0.2394
vt 0.5731 0.2539
vt 0.5828 0.25
vt 0.5751 0.2299
vt 0.5641 0.2341
vt 0.6525 0.4438
vt 0.6509 0.4533
vt 0.6509 0.4533
vt 0.6525 0.4438
vt 0.9818 0.9725
vt 0.9786 0.9685
vt 0.9783 0.0066
vt 0.995 0.0067
vt 0.9947 0.9686
vt 0.9912 0.9727
vt 0.661 0.4674
vt 0.661 0.4674
vt 0.6471 0.4589
vt 0.6587 0.4744
vt 0.6496 0.4768
vt 0.661 0.4674
vt 0.6496 0.4768
vt 0.6471 0.4589
vt 0.661 0.4674
vt 0.6471 0.4589
vt 0.995 0.0067
vt 0.6525 0.4438
vt 0.6158 0.4208
vt 0.6142 0.4294
vt 0.6142 0.4294
vt 0.6509 0.4533
vt 0.6525 0.4438
vt 0.6509 0.4533
vt 0.6471 0.4589
vt 0.608 0.4346
vt 0.6142 0.4294
vt 0.608 0.4346
vt 0.6142 0.4294
vt 0.5553 0.4106
vt 0.5505 0.4176
vt 0.5604 0.4044
vt 0.6158 0.4208
vt 0.6142 0.4294
vt 0.6142 0.4294
vt 0.5553 0.4106
vt 0.5604 0.4044
vt 0.5604 0.4044
vt 0.5538 0.4012
vt 0.5474 0.408
vt 0.5333 0.4131
vt 0.5474 0.408
vt 0.5553 0.4106
vt 0.5505 0.4176
vt 0.5689 0.2136
vt 0.5751 0.2299
vt 0.5641 0.2341
vt 0.5566 0.2184
vt 0.5538 0.4012
vt 0.5604 0.4044
vt 0.595 0.3589
vt 0.595 0.3589
vt 0.5878 0.3571
vt 0.5538 0.4012
vt 0.5476 0.3988
vt 0.5809 0.3562
vt 0.5878 0.3571
vt 0.5538 0.4012
vt 0.595 0.3589
vt 0.6049 0.3063
vt 0.6049 0.3063
vt 0.595 0.3589
vt 0.6049 0.3063
vt 0.5947 0.3095
vt 0.5947 0.3095
vt 0.5878 0.3571
vt 0.595 0.3589
vt 0.5882 0.3127
vt 0.5947 0.3095
vt 0.5947 0.3095
vt 0.6049 0.3063
vt 0.5828 0.25
vt 0.5731 0.2539
vt 0.5716 0.2709
vt 0.5731 0.2539
vt 0.5604 0.4044
vt 0.5474 0.408
vt 0.5553 0.4106
vt 0.5604 0.4044
vt 0.5474 0.408
vt 0.5538 0.4012
vt 0.6509 0.4533
vt 0.6471 0.4589
vt 0.6525 0.4438
vt 0.6509 0.4533
vt 0.6142 0.4294
vt 0.6142 0.4294
vt 0.6158 0.4208
vt 0.6525 0.4438
vt 0.5604 0.4044
vt 0.5553 0.4106
vt 0.6142 0.4294
vt 0.6142 0.4294
vt 0.6158 0.4208
vt 0.5604 0.4044
vt 0.5333 0.4131
vt 0.5474 0.408
vt 0.5538 0.4012
vt 0.5476 0.3988
vt 0.5553 0.4106
vt 0.5474 0.408
vt 0.5604 0.4044
vt 0.5585 0.2595
vt 0.5731 0.2539
vt 0.5716 0.2709
vt 0.5878 0.3571
vt 0.5809 0.3562
vt 0.5538 0.4012
vt 0.5878 0.3571
vt 0.595 0.3589
vt 0.595 0.3589
vt 0.5604 0.4044
vt 0.5538 0.4012
vt 0.5947 0.3095
vt 0.5882 0.3127
vt 0.595 0.3589
vt 0.5878 0.3571
vt 0.5947 0.3095
vt 0.5947 0.3095
vt 0.6049 0.3063
vt 0.595 0.3589
vt 0.5731 0.2539
vt 0.5716 0.2709
vt 0.6049 0.3063
vt 0.5947 0.3095
vt 0.5731 0.2539
vt 0.5828 0.25
vt 0.5828 0.25
vt 0.5751 0.2299
vt 0.5641 0.2341
vt 0.5731 0.2539
vt 0.5505 0.2394
vt 0.5641 0.2341
vt 0.5731 0.2539
vt 0.5641 0.2341
vt 0.5751 0.2299
vt 0.5828 0.25
vt 0.9323 0.8937
vt 0.9356 0.8859
vt 0.9384 0.8859
vt 0.9343 0.8957
vt 0.6091 0.2901
vt 0.6131 0.3004
vt 0.637 0.2912
vt 0.633 0.2809
vt 0.9147 0.8957
vt 0.9106 0.8859
vt 0.9135 0.8859
vt 0.9167 0.8937
vt 0.5579 0.142
vt 0.5445 0.1074
vt 0.5637 0.1
vt 0.5771 0.1346
vt 0.9245 0.8969
vt 0.9245 0.8998
vt 0.5981 0.2614
vt 0.622 0.2522
vt 0.9245 0.8998
vt 0.9245 0.8969
vt 0.57 0.1733
vt 0.5892 0.1659
vt 0.9167 0.8937
vt 0.9147 0.8957
vt 0.5864 0.2312
vt 0.6103 0.222
vt 0.9343 0.8957
vt 0.9323 0.8937
vt 0.5806 0.2008
vt 0.5998 0.1934
vt 0.9135 0.8859
vt 0.9106 0.8859
vt 0.581 0.2171
vt 0.6048 0.2079
vt 0.9384 0.8859
vt 0.9356 0.8859
vt 0.5836 0.2085
vt 0.6027 0.2011
vt 0.9167 0.8781
vt 0.9147 0.876
vt 0.5849 0.2274
vt 0.6088 0.2182
vt 0.9343 0.876
vt 0.9323 0.8781
vt 0.5771 0.1918
vt 0.5963 0.1844
vt 0.9245 0.8748
vt 0.9245 0.872
vt 0.596 0.2561
vt 0.6199 0.2469
vt 0.9245 0.872
vt 0.9245 0.8748
vt 0.5651 0.1605
vt 0.5842 0.1531
vt 0.9323 0.8781
vt 0.9343 0.876
vt 0.6077 0.2863
vt 0.6315 0.2771
vt 0.9147 0.876
vt 0.9167 0.8781
vt 0.5544 0.1329
vt 0.5736 0.1256
vt 0.948 0.8959
vt 0.9453 0.8948
vt 0.9473 0.8863
vt 0.9502 0.8863
vt 0.8992 0.8863
vt 0.9014 0.8959
vt 0.8988 0.897
vt 0.8962 0.8863
vt 0.9343 0.9096
vt 0.9332 0.9069
vt 0.9407 0.9023
vt 0.9428 0.9043
vt 0.9066 0.9043
vt 0.9151 0.9096
vt 0.914 0.9122
vt 0.9046 0.9064
vt 0.9151 0.9096
vt 0.9162 0.9069
vt 0.9247 0.9089
vt 0.9247 0.9118
vt 0.9247 0.9118
vt 0.9343 0.9096
vt 0.9354 0.9122
vt 0.9247 0.9148
vt 0.9014 0.8959
vt 0.9041 0.8948
vt 0.9087 0.9023
vt 0.9066 0.9043
vt 0.9428 0.9043
vt 0.948 0.8959
vt 0.9506 0.897
vt 0.9448 0.9064
vt 0.9014 0.8766
vt 0.9041 0.8777
vt 0.9021 0.8863
vt 0.8992 0.8863
vt 0.9502 0.8863
vt 0.948 0.8767
vt 0.9506 0.8755
vt 0.9532 0.8863
vt 0.9151 0.863
vt 0.9162 0.8657
vt 0.9087 0.8703
vt 0.9066 0.8682
vt 0.9428 0.8682
vt 0.9343 0.863
vt 0.9354 0.8603
vt 0.9448 0.8662
vt 0.9343 0.863
vt 0.9332 0.8657
vt 0.9247 0.8637
vt 0.9247 0.8607
vt 0.9247 0.8607
vt 0.9151 0.863
vt 0.914 0.8603
vt 0.9247 0.8578
vt 0.948 0.8766
vt 0.9453 0.8777
vt 0.9407 0.8703
vt 0.9428 0.8682
vt 0.9066 0.8682
vt 0.9014 0.8766
vt 0.8988 0.8755
vt 0.9046 0.8662
vt 0.9087 0.9023
vt 0.9066 0.9043
vt 0.9014 0.8959
vt 0.9041 0.8948
vt 0.9428 0.9043
vt 0.948 0.8959
vt 0.9506 0.897
vt 0.9448 0.9064
vt 0.9247 0.9089
vt 0.9247 0.9118
vt 0.9151 0.9096
vt 0.9162 0.9069
vt 0.9247 0.9118
vt 0.9343 0.9096
vt 0.9354 0.9122
vt 0.9247 0.9148
vt 0.9407 0.9023
vt 0.9428 0.9043
vt 0.9343 0.9096
vt 0.9332 0.9069
vt 0.9066 0.9043
vt 0.9151 0.9096
vt 0.914 0.9122
vt 0.9046 0.9064
vt 0.9473 0.8863
vt 0.9502 0.8863
vt 0.948 0.8959
vt 0.9453 0.8948
vt 0.8992 0.8863
vt 0.9014 0.8959
vt 0.8988 0.897
vt 0.8962 0.8863
vt 0.9407 0.8703
vt 0.9428 0.8682
vt 0.948 0.8767
vt 0.9453 0.8777
vt 0.9066 0.8682
vt 0.9014 0.8766
vt 0.8988 0.8755
vt 0.9046 0.8662
vt 0.9247 0.8637
vt 0.9247 0.8607
vt 0.9343 0.863
vt 0.9332 0.8657
vt 0.9247 0.8607
vt 0.9151 0.863
vt 0.914 0.8603
vt 0.9247 0.8578
vt 0.9087 0.8703
vt 0.9066 0.8682
vt 0.9151 0.863
vt 0.9162 0.8657
vt 0.9428 0.8682
vt 0.9343 0.863
vt 0.9354 0.8603
vt 0.9448 0.8662
vt 0.9021 0.8863
vt 0.8992 0.8863
vt 0.9014 0.8766
vt 0.9041 0.8777
vt 0.9502 0.8863
vt 0.948 0.8766
vt 0.9506 0.8755
vt 0.9532 0.8863
vt 0.5022 0.621
vt 0.5456 0.6153
vt 0.5588 0.577
vt 0.5075 0.5912
vt 0.4865 0.6481
vt 0.4844 0.6141
vt 0.5822 0.6178
vt 0.6147 0.5748
vt 0.5657 0.5484
vt 0.5052 0.5673
vt 0.4869 0.5639
vt 0.4905 0.9567
vt 0.5708 0.9558
vt 0.5303 0.9067
vt 0.4759 0.9063
vt 0.6475 0.6312
vt 0.6597 0.5853
vt 0.6481 0.6289
vt 0.5083 0.6787
vt 0.5213 0.6524
vt 0.5098 0.6294
vt 0.5022 0.621
vt 0.5075 0.5912
vt 0.5588 0.577
vt 0.5456 0.6153
vt 0.4865 0.6481
vt 0.4844 0.6141
vt 0.6147 0.5748
vt 0.5822 0.6178
vt 0.5657 0.5484
vt 0.5052 0.5673
vt 0.4869 0.5639
vt 0.4905 0.9567
vt 0.4759 0.9063
vt 0.5303 0.9067
vt 0.5708 0.9558
vt 0.5098 0.6294
vt 0.5213 0.6524
f 1/1/1 3/3/3 2/2/2
f 3/3/3 1/1/1 4/4/4
f 5/5/5 2/2/2 6/6/6
f 2/2/2 5/5/5 1/1/1
f 4/4/4 7/7/7 3/3/3
f 7/7/7 4/4/4 8/8/8
f 7/7/7 9/9/9 3/3/3
f 9/9/9 7/7/7 10/10/10
f 9/9/9 12/12/12 11/11/11
f 12/12/12 9/9/9 10/10/10
f 12/12/12 13/13/13 11/11/11
f 13/13/13 12/12/12 14/14/14
f 14/14/14 15/15/15 13/13/13
f 15/15/15 14/14/14 16/16/16
f 9/9/9 2/2/2 3/3/3
f 2/2/2 9/9/9 17/17/17
f 11/11/11 17/17/17 9/9/9
f 17/17/17 11/11/11 18/18/18
f 13/13/13 18/18/18 11/11/11
f 18/18/18 13/13/13 15/15/15
f 16/16/16 19/19/19 15/15/15
f 19/19/19 16/16/16 20/20/20
f 21/21/21 20/20/20 16/16/16
f 20/20/20 21/21/21 22/22/22
f 17/17/17 6/6/6 2/2/2
f 6/6/6 17/17/17 23/23/23
f 18/18/18 23/23/23 17/17/17
f 15/15/15 23/23/23 18/18/18
f 23/23/23 15/15/15 19/19/19
f 19/19/19 25/25/25 24/24/24
f 25/25/25 19/19/19 20/20/20
f 19/19/19 26/26/26 23/23/23
f 26/26/26 19/19/19 24/24/24
f 6/6/6 27/27/27 5/5/5
f 6/6/6 26/26/26 27/27/27
f 26/26/26 6/6/6 23/23/23
f 28/28/28 29/29/29 5/5/5
f 29/29/29 28/28/28 30/30/30
f 24/24/24 32/32/32 31/31/31
f 32/32/32 24/24/24 25/25/25
f 32/32/32 34/34/34 33/33/33
f 34/34/34 32/32/32 25/25/25
f 35/35/35 24/24/24 31/31/31
f 24/24/24 35/35/35 26/26/26
f 28/28/28 27/27/27 36/36/36
f 27/27/27 28/28/28 5/5/5
f 36/36/36 26/26/26 35/35/35
f 26/26/26 36/36/36 27/27/27
f 37/37/37 39/39/39 38/38/38
f 39/39/39 37/37/37 40/40/40
f 41/41/41 43/43/43 42/42/42
f 43/43/43 41/41/41 44/44/44
f 38/38/38 44/44/44 41/41/41
f 44/44/44 38/38/38 39/39/39
f 42/42/42 46/46/46 45/45/45
f 46/46/46 42/42/42 43/43/43
f 40/40/40 47/47/47 39/39/39
f 47/47/47 40/40/40 48/48/48
f 39/39/39 49/49/49 44/44/44
f 49/49/49 39/39/39 47/47/47
f 48/48/48 50/50/50 47/47/47
f 50/50/50 48/48/48 51/51/51
f 49/49/49 50/50/50 52/52/52
f 50/50/50 49/49/49 47/47/47
f 44/44/44 53/53/53 43/43/43
f 53/53/53 44/44/44 49/49/49
f 43/43/43 54/54/54 46/46/46
f 54/54/54 43/43/43 53/53/53
f 53/53/53 52/52/52 55/55/55
f 52/52/52 53/53/53 49/49/49
f 53/53/53 55/55/55 54/54/54
f 56/56/56 40/40/40 37/37/37
f 40/40/40 56/56/56 57/57/57
f 57/57/57 48/48/48 40/40/40
f 48/48/48 57/57/57 58/58/58
f 59/59/59 58/58/58 57/57/57
f 58/58/58 59/59/59 60/60/60
f 58/58/58 51/51/51 48/48/48
f 51/51/51 58/58/58 61/61/61
f 60/60/60 61/61/61 58/58/58
f 61/61/61 60/60/60 62/62/62
f 63/63/63 65/65/65 64/64/64
f 65/65/65 63/63/63 66/66/66
f 63/63/63 67/67/67 66/66/66
f 67/67/67 63/63/63 68/68/68
f 68/68/68 69/69/69 67/67/67
f 69/69/69 68/68/68 70/70/70
f 71/71/71 66/66/66 72/72/72
f 66/66/66 71/71/71 65/65/65
f 66/66/66 73/73/73 72/72/72
f 73/73/73 66/66/66 67/67/67
f 73/73/73 69/69/69 74/74/74
f 69/69/69 73/73/73 67/67/67
f 75/75/75 72/72/72 76/76/76
f 72/72/72 75/75/75 71/71/71
f 72/72/72 77/77/77 76/76/76
f 77/77/77 72/72/72 73/73/73
f 77/77/77 74/74/74 78/78/78
f 74/74/74 77/77/77 73/73/73
f 79/79/79 76/76/76 80/80/80
f 76/76/76 79/79/79 75/75/75
f 76/76/76 81/81/81 80/80/80
f 81/81/81 76/76/76 77/77/77
f 81/81/81 78/78/78 82/82/82
f 78/78/78 81/81/81 77/77/77
f 83/83/83 80/80/80 84/84/84
f 80/80/80 83/83/83 79/79/79
f 80/80/80 85/85/85 84/84/84
f 85/85/85 80/80/80 81/81/81
f 85/85/85 82/82/82 86/86/86
f 82/82/82 85/85/85 81/81/81
f 50/50/50 63/63/63 64/64/64
f 63/63/63 50/50/50 51/51/51
f 87/87/87 50/50/50 64/64/64
f 50/50/50 87/87/87 52/52/52
f 55/55/55 52/52/52 87/87/87
f 51/51/51 68/68/68 63/63/63
f 68/68/68 51/51/51 61/61/61
f 61/61/61 70/70/70 68/68/68
f 70/70/70 61/61/61 62/62/62
f 88/88/88 90/90/90 89/89/89
f 90/90/90 88/88/88 91/91/91
f 92/92/92 91/91/91 93/93/93
f 91/91/91 92/92/92 90/90/90
f 94/94/94 93/93/93 95/95/95
f 93/93/93 94/94/94 92/92/92
f 96/96/96 95/95/95 97/97/97
f 95/95/95 96/96/96 94/94/94
f 98/98/98 97/97/97 99/99/99
f 97/97/97 98/98/98 96/96/96
f 100/100/100 102/102/102 101/101/101
f 102/102/102 100/100/100 103/103/103
f 45/45/45 105/105/105 104/104/104
f 105/105/105 45/45/45 46/46/46
f 106/106/106 108/108/108 107/107/107
f 109/109/109 111/111/111 110/110/110
f 112/112/112 7/7/7 8/8/8
f 112/112/112 113/113/113 7/7/7
f 114/114/114 113/113/113 112/112/112
f 113/113/113 10/10/10 7/7/7
f 10/10/10 113/113/113 115/115/115
f 10/10/10 116/116/116 12/12/12
f 116/116/116 10/10/10 115/115/115
f 116/116/116 14/14/14 12/12/12
f 14/14/14 116/116/116 117/117/117
f 14/14/14 21/21/21 16/16/16
f 21/21/21 14/14/14 117/117/117
f 22/22/22 25/25/25 20/20/20
f 25/25/25 22/22/22 34/34/34
f 57/57/57 118/118/118 59/59/59
f 56/56/56 118/118/118 57/57/57
f 119/119/119 118/118/118 56/56/56
f 5/5/5 121/121/121 120/120/120
f 121/121/121 5/5/5 29/29/29
f 122/122/122 124/124/124 123/123/123
f 124/124/124 122/122/122 125/125/125
f 126/126/126 128/128/128 127/127/127
f 128/128/128 126/126/126 129/129/129
f 130/130/130 132/132/132 131/131/131
f 124/124/124 130/130/130 133/133/133
f 127/127/127 135/135/135 134/134/134
f 135/135/135 127/127/127 128/128/128
f 132/132/132 136/136/136 131/131/131
f 136/136/136 132/132/132 137/137/137
f 130/130/130 138/138/138 132/132/132
f 138/138/138 130/130/130 139/139/139
f 125/125/125 130/130/130 124/124/124
f 130/130/130 125/125/125 139/139/139
f 132/132/132 140/140/140 137/137/137
f 140/140/140 132/132/132 138/138/138
f 124/124/124 141/141/141 123/123/123
f 141/141/141 124/124/124 133/133/133
f 131/131/131 133/133/133 130/130/130
f 131/131/131 141/141/141 133/133/133
f 141/141/141 131/131/131 136/136/136
f 142/142/142 144/144/144 143/143/143
f 144/144/144 142/142/142 145/145/145
f 146/146/146 145/145/145 142/142/142
f 145/145/145 146/146/146 147/147/147
f 143/143/143 149/149/149 148/148/148
f 149/149/149 143/143/143 144/144/144
f 149/149/149 151/151/151 150/150/150
f 151/151/151 149/149/149 144/144/144
f 151/151/151 152/152/152 150/150/150
f 152/152/152 151/151/151 153/153/153
f 152/152/152 155/155/155 154/154/154
f 155/155/155 152/152/152 153/153/153
f 154/154/154 157/157/157 156/156/156
f 157/157/157 154/154/154 155/155/155
f 151/151/151 145/145/145 158/158/158
f 145/145/145 151/151/151 144/144/144
f 153/153/153 158/158/158 159/159/159
f 158/158/158 153/153/153 151/151/151
f 155/155/155 159/159/159 157/157/157
f 159/159/159 155/155/155 153/153/153
f 156/156/156 161/161/161 160/160/160
f 161/161/161 156/156/156 157/157/157
f 21/21/21 160/160/160 22/22/22
f 160/160/160 21/21/21 156/156/156
f 158/158/158 147/147/147 162/162/162
f 147/147/147 158/158/158 145/145/145
f 159/159/159 158/158/158 162/162/162
f 157/157/157 162/162/162 161/161/161
f 162/162/162 157/157/157 159/159/159
f 161/161/161 163/163/163 160/160/160
f 163/163/163 161/161/161 164/164/164
f 161/161/161 165/165/165 164/164/164
f 165/165/165 161/161/161 162/162/162
f 147/147/147 146/146/146 166/166/166
f 147/147/147 165/165/165 162/162/162
f 165/165/165 147/147/147 166/166/166
f 167/167/167 29/29/29 30/30/30
f 29/29/29 167/167/167 146/146/146
f 164/164/164 168/168/168 163/163/163
f 168/168/168 164/164/164 169/169/169
f 168/168/168 34/34/34 163/163/163
f 34/34/34 168/168/168 33/33/33
f 170/170/170 164/164/164 165/165/165
f 164/164/164 170/170/170 169/169/169
f 167/167/167 166/166/166 146/146/146
f 166/166/166 167/167/167 171/171/171
f 171/171/171 165/165/165 166/166/166
f 165/165/165 171/171/171 170/170/170
f 172/172/172 174/174/174 173/173/173
f 174/174/174 172/172/172 175/175/175
f 176/176/176 178/178/178 177/177/177
f 178/178/178 176/176/176 179/179/179
f 175/175/175 177/177/177 174/174/174
f 177/177/177 175/175/175 176/176/176
f 179/179/179 180/180/180 178/178/178
f 180/180/180 179/179/179 45/45/45
f 173/173/173 182/182/182 181/181/181
f 182/182/182 173/173/173 174/174/174
f 174/174/174 183/183/183 182/182/182
f 183/183/183 174/174/174 177/177/177
f 181/181/181 185/185/185 184/184/184
f 185/185/185 181/181/181 182/182/182
f 183/183/183 185/185/185 182/182/182
f 185/185/185 183/183/183 186/186/186
f 177/177/177 187/187/187 183/183/183
f 187/187/187 177/177/177 178/178/178
f 178/178/178 188/188/188 187/187/187
f 188/188/188 178/178/178 180/180/180
f 187/187/187 186/186/186 183/183/183
f 186/186/186 187/187/187 189/189/189
f 187/187/187 188/188/188 189/189/189
f 190/190/190 173/173/173 191/191/191
f 173/173/173 190/190/190 172/172/172
f 191/191/191 181/181/181 192/192/192
f 181/181/181 191/191/191 173/173/173
f 59/59/59 192/192/192 60/60/60
f 192/192/192 59/59/59 191/191/191
f 192/192/192 184/184/184 193/193/193
f 184/184/184 192/192/192 181/181/181
f 60/60/60 193/193/193 62/62/62
f 193/193/193 60/60/60 192/192/192
f 194/194/194 196/196/196 195/195/195
f 196/196/196 194/194/194 197/197/197
f 194/194/194 199/199/199 198/198/198
f 199/199/199 194/194/194 195/195/195
f 198/198/198 69/69/69 70/70/70
f 69/69/69 198/198/198 199/199/199
f 200/200/200 195/195/195 196/196/196
f 195/195/195 200/200/200 201/201/201
f 195/195/195 202/202/202 199/199/199
f 202/202/202 195/195/195 201/201/201
f 202/202/202 69/69/69 199/199/199
f 69/69/69 202/202/202 74/74/74
f 203/203/203 201/201/201 200/200/200
f 201/201/201 203/203/203 204/204/204
f 201/201/201 205/205/205 202/202/202
f 205/205/205 201/201/201 204/204/204
f 205/205/205 74/74/74 202/202/202
f 74/74/74 205/205/205 78/78/78
f 206/206/206 204/204/204 203/203/203
f 204/204/204 206/206/206 207/207/207
f 204/204/204 208/208/208 205/205/205
f 208/208/208 204/204/204 207/207/207
f 208/208/208 78/78/78 205/205/205
f 78/78/78 208/208/208 82/82/82
f 209/209/209 207/207/207 206/206/206
f 207/207/207 209/209/209 210/210/210
f 207/207/207 211/211/211 208/208/208
f 211/211/211 207/207/207 210/210/210
f 211/211/211 82/82/82 208/208/208
f 82/82/82 211/211/211 86/86/86
f 185/185/185 194/194/194 184/184/184
f 194/194/194 185/185/185 197/197/197
f 212/212/212 185/185/185 186/186/186
f 185/185/185 212/212/212 197/197/197
f 189/189/189 212/212/212 186/186/186
f 184/184/184 198/198/198 193/193/193
f 198/198/198 184/184/184 194/194/194
f 193/193/193 70/70/70 62/62/62
f 70/70/70 193/193/193 198/198/198
f 213/213/213 215/215/215 214/214/214
f 215/215/215 213/213/213 216/216/216
f 217/217/217 214/214/214 215/215/215
f 214/214/214 217/217/217 218/218/218
f 219/219/219 218/218/218 217/217/217
f 218/218/218 219/219/219 220/220/220
f 221/221/221 220/220/220 219/219/219
f 220/220/220 221/221/221 222/222/222
f 223/223/223 222/222/222 221/221/221
f 222/222/222 223/223/223 224/224/224
f 225/225/225 227/227/227 226/226/226
f 227/227/227 225/225/225 228/228/228
f 45/45/45 105/105/105 180/180/180
f 105/105/105 45/45/45 104/104/104
f 229/229/229 230/230/230 108/108/108
f 231/231/231 110/110/110 111/111/111
f 149/149/149 112/112/112 148/148/148
f 113/113/113 112/112/112 149/149/149
f 114/114/114 112/112/112 113/113/113
f 113/113/113 150/150/150 115/115/115
f 150/150/150 113/113/113 149/149/149
f 150/150/150 116/116/116 115/115/115
f 116/116/116 150/150/150 152/152/152
f 116/116/116 154/154/154 117/117/117
f 154/154/154 116/116/116 152/152/152
f 154/154/154 21/21/21 117/117/117
f 21/21/21 154/154/154 156/156/156
f 22/22/22 163/163/163 34/34/34
f 163/163/163 22/22/22 160/160/160
f 118/118/118 191/191/191 59/59/59
f 118/118/118 190/190/190 191/191/191
f 119/119/119 190/190/190 118/118/118
f 146/146/146 232/232/232 29/29/29
f 232/232/232 146/146/146 233/233/233
f 234/234/234 236/236/236 235/235/235
f 236/236/236 234/234/234 237/237/237
f 238/238/238 240/240/240 239/239/239
f 240/240/240 238/238/238 241/241/241
f 242/242/242 244/244/244 243/243/243
f 236/236/236 245/245/245 242/242/242
f 241/241/241 246/246/246 240/240/240
f 246/246/246 241/241/241 247/247/247
f 243/243/243 249/249/249 248/248/248
f 249/249/249 243/243/243 244/244/244
f 242/242/242 251/251/251 250/250/250
f 251/251/251 242/242/242 243/243/243
f 235/235/235 242/242/242 250/250/250
f 242/242/242 235/235/235 236/236/236
f 243/243/243 252/252/252 251/251/251
f 252/252/252 243/243/243 248/248/248
f 236/236/236 253/253/253 245/245/245
f 253/253/253 236/236/236 237/237/237
f 244/244/244 242/242/242 245/245/245
f 244/244/244 253/253/253 249/249/249
f 253/253/253 244/244/244 245/245/245
f 254/254/254 256/256/256 255/255/255
f 256/256/256 254/254/254 257/257/257
f 254/254/254 259/259/259 258/258/258
f 259/259/259 254/254/254 255/255/255
f 258/258/258 261/261/261 260/260/260
f 261/261/261 258/258/258 259/259/259
f 262/262/262 255/255/255 256/256/256
f 255/255/255 262/262/262 263/263/263
f 255/255/255 264/264/264 259/259/259
f 264/264/264 255/255/255 263/263/263
f 264/264/264 261/261/261 259/259/259
f 261/261/261 264/264/264 265/265/265
f 266/266/266 263/263/263 262/262/262
f 263/263/263 266/266/266 267/267/267
f 263/263/263 268/268/268 264/264/264
f 268/268/268 263/263/263 267/267/267
f 268/268/268 265/265/265 264/264/264
f 265/265/265 268/268/268 269/269/269
f 270/270/270 267/267/267 266/266/266
f 267/267/267 270/270/270 271/271/271
f 267/267/267 272/272/272 268/268/268
f 272/272/272 267/267/267 271/271/271
f 272/272/272 269/269/269 268/268/268
f 269/269/269 272/272/272 273/273/273
f 274/274/274 271/271/271 270/270/270
f 271/271/271 274/274/274 275/275/275
f 271/271/271 276/276/276 272/272/272
f 276/276/276 271/271/271 275/275/275
f 276/276/276 273/273/273 272/272/272
f 273/273/273 276/276/276 277/277/277
f 278/278/278 254/254/254 279/279/279
f 254/254/254 278/278/278 257/257/257
f 280/280/280 278/278/278 281/281/281
f 278/278/278 280/280/280 257/257/257
f 282/282/282 280/280/280 281/281/281
f 279/279/279 258/258/258 283/283/283
f 258/258/258 279/279/279 254/254/254
f 283/283/283 260/260/260 284/284/284
f 260/260/260 283/283/283 258/258/258
f 285/285/285 287/287/287 286/286/286
f 287/287/287 285/285/285 288/288/288
f 289/289/289 286/286/286 287/287/287
f 286/286/286 289/289/289 290/290/290
f 291/291/291 290/290/290 289/289/289
f 290/290/290 291/291/291 292/292/292
f 293/293/293 292/292/292 291/291/291
f 292/292/292 293/293/293 294/294/294
f 295/295/295 294/294/294 293/293/293
f 294/294/294 295/295/295 296/296/296
f 297/297/297 299/299/299 298/298/298
f 299/299/299 297/297/297 300/300/300
f 297/297/297 301/301/301 300/300/300
f 301/301/301 297/297/297 302/302/302
f 302/302/302 261/261/261 301/301/301
f 261/261/261 302/302/302 260/260/260
f 303/303/303 300/300/300 304/304/304
f 300/300/300 303/303/303 299/299/299
f 300/300/300 305/305/305 304/304/304
f 305/305/305 300/300/300 301/301/301
f 305/305/305 261/261/261 265/265/265
f 261/261/261 305/305/305 301/301/301
f 306/306/306 304/304/304 307/307/307
f 304/304/304 306/306/306 303/303/303
f 304/304/304 308/308/308 307/307/307
f 308/308/308 304/304/304 305/305/305
f 308/308/308 265/265/265 269/269/269
f 265/265/265 308/308/308 305/305/305
f 309/309/309 307/307/307 310/310/310
f 307/307/307 309/309/309 306/306/306
f 307/307/307 311/311/311 310/310/310
f 311/311/311 307/307/307 308/308/308
f 311/311/311 269/269/269 273/273/273
f 269/269/269 311/311/311 308/308/308
f 312/312/312 310/310/310 313/313/313
f 310/310/310 312/312/312 309/309/309
f 310/310/310 314/314/314 313/313/313
f 314/314/314 310/310/310 311/311/311
f 314/314/314 273/273/273 277/277/277
f 273/273/273 314/314/314 311/311/311
f 315/315/315 297/297/297 298/298/298
f 297/297/297 315/315/315 316/316/316
f 317/317/317 315/315/315 298/298/298
f 315/315/315 317/317/317 318/318/318
f 319/319/319 318/318/318 317/317/317
f 316/316/316 302/302/302 297/297/297
f 302/302/302 316/316/316 320/320/320
f 320/320/320 260/260/260 302/302/302
f 260/260/260 320/320/320 284/284/284
f 321/321/321 323/323/323 322/322/322
f 323/323/323 321/321/321 324/324/324
f 325/325/325 324/324/324 326/326/326
f 324/324/324 325/325/325 323/323/323
f 327/327/327 326/326/326 328/328/328
f 326/326/326 327/327/327 325/325/325
f 329/329/329 328/328/328 330/330/330
f 328/328/328 329/329/329 327/327/327
f 331/331/331 330/330/330 332/332/332
f 330/330/330 331/331/331 329/329/329
f 333/333/333 335/335/335 334/334/334
f 335/335/335 333/333/333 336/336/336
f 337/337/337 339/339/339 338/338/338
f 339/339/339 337/337/337 340/340/340
f 336/336/336 333/333/333 341/341/341
f 342/342/342 333/333/333 343/343/343
f 333/333/333 342/342/342 341/341/341
f 344/344/344 343/343/343 345/345/345
f 343/343/343 344/344/344 342/342/342
f 339/339/339 341/341/341 342/342/342
f 339/339/339 336/336/336 341/341/341
f 336/336/336 339/339/339 340/340/340
f 346/346/346 348/348/348 347/347/347
f 348/348/348 346/346/346 349/349/349
f 339/339/339 342/342/342 348/348/348
f 342/342/342 347/347/347 348/348/348
f 347/347/347 342/342/342 344/344/344
f 350/350/350 346/346/346 351/351/351
f 346/346/346 350/350/350 349/349/349
f 352/352/352 354/354/354 353/353/353
f 354/354/354 352/352/352 343/343/343
f 343/343/343 352/352/352 345/345/345
f 355/355/355 353/353/353 356/356/356
f 353/353/353 355/355/355 352/352/352
f 357/357/357 359/359/359 358/358/358
f 360/360/360 362/362/362 361/361/361
f 362/362/362 360/360/360 363/363/363
f 359/359/359 365/365/365 364/364/364
f 365/365/365 359/359/359 357/357/357
f 366/366/366 368/368/368 367/367/367
f 368/368/368 366/366/366 369/369/369
f 370/370/370 366/366/366 371/371/371
f 366/366/366 370/370/370 369/369/369
f 372/372/372 368/368/368 373/373/373
f 368/368/368 372/372/372 367/367/367
f 374/374/374 367/367/367 375/375/375
f 367/367/367 374/374/374 366/366/366
f 371/371/371 374/374/374 376/376/376
f 374/374/374 371/371/371 366/366/366
f 377/377/377 379/379/379 378/378/378
f 379/379/379 377/377/377 380/380/380
f 381/381/381 383/383/383 382/382/382
f 383/383/383 381/381/381 384/384/384
f 372/372/372 375/375/375 367/367/367
f 375/375/375 372/372/372 385/385/385
f 386/386/386 388/388/388 387/387/387
f 388/388/388 386/386/386 378/378/378
f 389/389/389 391/391/391 390/390/390
f 391/391/391 377/377/377 386/386/386
f 389/389/389 377/377/377 391/391/391
f 392/392/392 384/384/384 381/381/381
f 384/384/384 392/392/392 393/393/393
f 394/394/394 381/381/381 395/395/395
f 381/381/381 394/394/394 392/392/392
f 389/389/389 394/394/394 395/395/395
f 394/394/394 389/389/389 396/396/396
f 390/390/390 396/396/396 389/389/389
f 396/396/396 390/390/390 397/397/397
f 398/398/398 397/397/397 390/390/390
f 397/397/397 398/398/398 399/399/399
f 400/400/400 355/355/355 401/401/401
f 355/355/355 400/400/400 352/352/352
f 401/401/401 402/402/402 400/400/400
f 402/402/402 401/401/401 403/403/403
f 395/395/395 382/382/382 380/380/380
f 382/382/382 395/395/395 381/381/381
f 389/389/389 380/380/380 377/377/377
f 380/380/380 389/389/389 395/395/395
f 404/404/404 406/406/406 405/405/405
f 406/406/406 404/404/404 393/393/393
f 393/393/393 407/407/407 406/406/406
f 407/407/407 393/393/393 392/392/392
f 333/333/333 354/354/354 343/343/343
f 354/354/354 333/333/333 334/334/334
f 345/345/345 402/402/402 408/408/408
f 402/402/402 345/345/345 400/400/400
f 345/345/345 352/352/352 400/400/400
f 409/409/409 359/359/359 360/360/360
f 359/359/359 409/409/409 358/358/358
f 360/360/360 364/364/364 363/363/363
f 364/364/364 360/360/360 359/359/359
f 338/338/338 349/349/349 350/350/350
f 349/349/349 338/338/338 339/339/339
f 339/339/339 348/348/348 349/349/349
f 392/392/392 410/410/410 407/407/407
f 410/410/410 392/392/392 394/394/394
f 410/410/410 396/396/396 411/411/411
f 396/396/396 410/410/410 394/394/394
f 397/397/397 411/411/411 396/396/396
f 411/411/411 397/397/397 412/412/412
f 413/413/413 414/414/414 399/399/399
f 378/378/378 386/386/386 377/377/377
f 405/405/405 416/416/416 415/415/415
f 416/416/416 405/405/405 406/406/406
f 406/406/406 417/417/417 416/416/416
f 417/417/417 406/406/406 407/407/407
f 407/407/407 418/418/418 417/417/417
f 418/418/418 407/407/407 410/410/410
f 411/411/411 418/418/418 410/410/410
f 418/418/418 411/411/411 419/419/419
f 412/412/412 419/419/419 411/411/411
f 419/419/419 412/412/412 420/420/420
f 413/413/413 421/421/421 414/414/414
f 421/421/421 413/413/413 422/422/422
f 416/416/416 424/424/424 423/423/423
f 424/424/424 416/416/416 417/417/417
f 417/417/417 425/425/425 424/424/424
f 425/425/425 417/417/417 418/418/418
f 425/425/425 419/419/419 426/426/426
f 419/419/419 425/425/425 418/418/418
f 426/426/426 420/420/420 427/427/427
f 420/420/420 426/426/426 419/419/419
f 427/427/427 421/421/421 428/428/428
f 421/421/421 427/427/427 420/420/420
f 414/414/414 420/420/420 412/412/412
f 420/420/420 414/414/414 421/421/421
f 429/429/429 431/431/431 430/430/430
f 431/431/431 429/429/429 432/432/432
f 399/399/399 412/412/412 397/397/397
f 412/412/412 399/399/399 414/414/414
f 422/422/422 428/428/428 421/421/421
f 428/428/428 422/422/422 433/433/433
f 423/423/423 435/435/435 434/434/434
f 435/435/435 423/423/423 424/424/424
f 424/424/424 425/425/425 435/435/435
f 426/426/426 427/427/427 436/436/436
f 436/436/436 428/428/428 437/437/437
f 428/428/428 436/436/436 427/427/427
f 433/433/433 437/437/437 428/428/428
f 437/437/437 433/433/433 438/438/438
f 434/434/434 440/440/440 439/439/439
f 440/440/440 434/434/434 435/435/435
f 440/440/440 425/425/425 441/441/441
f 425/425/425 440/440/440 435/435/435
f 441/441/441 426/426/426 442/442/442
f 426/426/426 441/441/441 425/425/425
f 442/442/442 436/436/436 443/443/443
f 436/436/436 442/442/442 426/426/426
f 443/443/443 437/437/437 432/432/432
f 437/437/437 443/443/443 436/436/436
f 438/438/438 432/432/432 437/437/437
f 432/432/432 438/438/438 431/431/431
f 439/439/439 445/445/445 444/444/444
f 445/445/445 439/439/439 440/440/440
f 445/445/445 441/441/441 446/446/446
f 441/441/441 445/445/445 440/440/440
f 446/446/446 442/442/442 447/447/447
f 442/442/442 446/446/446 441/441/441
f 447/447/447 443/443/443 448/448/448
f 443/443/443 447/447/447 442/442/442
f 448/448/448 432/432/432 429/429/429
f 432/432/432 448/448/448 443/443/443
f 449/449/449 346/346/346 347/347/347
f 346/346/346 449/449/449 351/351/351
f 345/345/345 450/450/450 344/344/344
f 450/450/450 345/345/345 408/408/408
f 344/344/344 449/449/449 347/347/347
f 449/449/449 344/344/344 450/450/450
f 360/360/360 451/451/451 409/409/409
f 451/451/451 360/360/360 361/361/361
f 384/384/384 452/452/452 383/383/383
f 452/452/452 384/384/384 453/453/453
f 404/404/404 384/384/384 393/393/393
f 384/384/384 404/404/404 453/453/453
f 423/423/423 415/415/415 416/416/416
f 415/415/415 423/423/423 454/454/454
f 455/455/455 423/423/423 434/434/434
f 423/423/423 455/455/455 454/454/454
f 439/439/439 455/455/455 434/434/434
f 455/455/455 439/439/439 456/456/456
f 444/444/444 456/456/456 439/439/439
f 456/456/456 444/444/444 457/457/457
f 458/458/458 460/460/460 459/459/459
f 460/460/460 458/458/458 461/461/461
f 337/337/337 463/463/463 462/462/462
f 463/463/463 337/337/337 338/338/338
f 459/459/459 464/464/464 458/458/458
f 465/465/465 458/458/458 464/464/464
f 458/458/458 465/465/465 466/466/466
f 467/467/467 466/466/466 465/465/465
f 466/466/466 467/467/467 468/468/468
f 463/463/463 465/465/465 464/464/464
f 463/463/463 459/459/459 462/462/462
f 459/459/459 463/463/463 464/464/464
f 469/469/469 471/471/471 470/470/470
f 471/471/471 469/469/469 472/472/472
f 463/463/463 471/471/471 465/465/465
f 465/465/465 472/472/472 467/467/467
f 472/472/472 465/465/465 471/471/471
f 350/350/350 469/469/469 470/470/470
f 469/469/469 350/350/350 351/351/351
f 473/473/473 474/474/474 466/466/466
f 474/474/474 473/473/473 475/475/475
f 466/466/466 468/468/468 473/473/473
f 476/476/476 475/475/475 473/473/473
f 475/475/475 476/476/476 477/477/477
f 478/478/478 480/480/480 479/479/479
f 481/481/481 362/362/362 482/482/482
f 362/362/362 481/481/481 361/361/361
f 479/479/479 483/483/483 478/478/478
f 483/483/483 479/479/479 484/484/484
f 485/485/485 487/487/487 486/486/486
f 487/487/487 485/485/485 488/488/488
f 370/370/370 485/485/485 486/486/486
f 485/485/485 370/370/370 371/371/371
f 489/489/489 487/487/487 488/488/488
f 487/487/487 489/489/489 490/490/490
f 491/491/491 488/488/488 485/485/485
f 488/488/488 491/491/491 492/492/492
f 371/371/371 491/491/491 485/485/485
f 491/491/491 371/371/371 376/376/376
f 493/493/493 495/495/495 494/494/494
f 495/495/495 493/493/493 496/496/496
f 497/497/497 499/499/499 498/498/498
f 499/499/499 497/497/497 500/500/500
f 489/489/489 492/492/492 501/501/501
f 492/492/492 489/489/489 488/488/488
f 502/502/502 503/503/503 496/496/496
f 503/503/503 502/502/502 504/504/504
f 493/493/493 505/505/505 502/502/502
f 506/506/506 505/505/505 493/493/493
f 506/506/506 507/507/507 505/505/505
f 508/508/508 498/498/498 509/509/509
f 498/498/498 508/508/508 497/497/497
f 510/510/510 497/497/497 508/508/508
f 497/497/497 510/510/510 511/511/511
f 506/506/506 510/510/510 512/512/512
f 510/510/510 506/506/506 511/511/511
f 507/507/507 512/512/512 513/513/513
f 512/512/512 507/507/507 506/506/506
f 514/514/514 513/513/513 515/515/515
f 513/513/513 514/514/514 507/507/507
f 516/516/516 476/476/476 473/473/473
f 476/476/476 516/516/516 517/517/517
f 517/517/517 402/402/402 403/403/403
f 402/402/402 517/517/517 516/516/516
f 511/511/511 500/500/500 497/497/497
f 500/500/500 511/511/511 494/494/494
f 506/506/506 494/494/494 511/511/511
f 494/494/494 506/506/506 493/493/493
f 404/404/404 518/518/518 509/509/509
f 518/518/518 404/404/404 405/405/405
f 509/509/509 519/519/519 508/508/508
f 519/519/519 509/509/509 518/518/518
f 458/458/458 474/474/474 461/461/461
f 474/474/474 458/458/458 466/466/466
f 468/468/468 402/402/402 516/516/516
f 402/402/402 468/468/468 408/408/408
f 468/468/468 516/516/516 473/473/473
f 520/520/520 479/479/479 480/480/480
f 479/479/479 520/520/520 481/481/481
f 481/481/481 484/484/484 479/479/479
f 484/484/484 481/481/481 482/482/482
f 338/338/338 470/470/470 463/463/463
f 470/470/470 338/338/338 350/350/350
f 463/463/463 470/470/470 471/471/471
f 508/508/508 521/521/521 510/510/510
f 521/521/521 508/508/508 519/519/519
f 521/521/521 512/512/512 510/510/510
f 512/512/512 521/521/521 522/522/522
f 513/513/513 522/522/522 523/523/523
f 522/522/522 513/513/513 512/512/512
f 524/524/524 515/515/515 525/525/525
f 496/496/496 493/493/493 502/502/502
f 405/405/405 526/526/526 518/518/518
f 526/526/526 405/405/405 415/415/415
f 518/518/518 527/527/527 519/519/519
f 527/527/527 518/518/518 526/526/526
f 519/519/519 528/528/528 521/521/521
f 528/528/528 519/519/519 527/527/527
f 522/522/522 528/528/528 529/529/529
f 528/528/528 522/522/522 521/521/521
f 523/523/523 529/529/529 530/530/530
f 529/529/529 523/523/523 522/522/522
f 524/524/524 532/532/532 531/531/531
f 532/532/532 524/524/524 525/525/525
f 526/526/526 533/533/533 527/527/527
f 533/533/533 526/526/526 534/534/534
f 527/527/527 535/535/535 528/528/528
f 535/535/535 527/527/527 533/533/533
f 535/535/535 529/529/529 528/528/528
f 529/529/529 535/535/535 536/536/536
f 536/536/536 530/530/530 529/529/529
f 530/530/530 536/536/536 537/537/537
f 537/537/537 532/532/532 530/530/530
f 532/532/532 537/537/537 538/538/538
f 525/525/525 530/530/530 532/532/532
f 530/530/530 525/525/525 523/523/523
f 539/539/539 541/541/541 540/540/540
f 541/541/541 539/539/539 542/542/542
f 515/515/515 523/523/523 525/525/525
f 523/523/523 515/515/515 513/513/513
f 531/531/531 538/538/538 543/543/543
f 538/538/538 531/531/531 532/532/532
f 534/534/534 544/544/544 533/533/533
f 544/544/544 534/534/534 545/545/545
f 533/533/533 544/544/544 535/535/535
f 536/536/536 546/546/546 537/537/537
f 546/546/546 538/538/538 537/537/537
f 538/538/538 546/546/546 547/547/547
f 543/543/543 547/547/547 548/548/548
f 547/547/547 543/543/543 538/538/538
f 545/545/545 549/549/549 544/544/544
f 549/549/549 545/545/545 550/550/550
f 549/549/549 535/535/535 544/544/544
f 535/535/535 549/549/549 551/551/551
f 551/551/551 536/536/536 535/535/535
f 536/536/536 551/551/551 552/552/552
f 552/552/552 546/546/546 536/536/536
f 546/546/546 552/552/552 553/553/553
f 553/553/553 547/547/547 546/546/546
f 547/547/547 553/553/553 540/540/540
f 548/548/548 540/540/540 541/541/541
f 540/540/540 548/548/548 547/547/547
f 550/550/550 554/554/554 549/549/549
f 554/554/554 550/550/550 555/555/555
f 554/554/554 551/551/551 549/549/549
f 551/551/551 554/554/554 556/556/556
f 556/556/556 552/552/552 551/551/551
f 552/552/552 556/556/556 557/557/557
f 557/557/557 553/553/553 552/552/552
f 553/553/553 557/557/557 558/558/558
f 558/558/558 540/540/540 553/553/553
f 540/540/540 558/558/558 539/539/539
f 449/449/449 469/469/469 351/351/351
f 469/469/469 449/449/449 472/472/472
f 468/468/468 450/450/450 408/408/408
f 450/450/450 468/468/468 467/467/467
f 467/467/467 449/449/449 450/450/450
f 449/449/449 467/467/467 472/472/472
f 481/481/481 451/451/451 361/361/361
f 451/451/451 481/481/481 520/520/520
f 498/498/498 452/452/452 453/453/453
f 452/452/452 498/498/498 499/499/499
f 404/404/404 498/498/498 453/453/453
f 498/498/498 404/404/404 509/509/509
f 534/534/534 415/415/415 454/454/454
f 415/415/415 534/534/534 526/526/526
f 455/455/455 534/534/534 454/454/454
f 534/534/534 455/455/455 545/545/545
f 550/550/550 455/455/455 456/456/456
f 455/455/455 550/550/550 545/545/545
f 555/555/555 456/456/456 457/457/457
f 456/456/456 555/555/555 550/550/550
f 559/559/559 561/561/561 560/560/560
f 561/561/561 559/559/559 562/562/562
f 560/560/560 564/564/564 563/563/563
f 564/564/564 560/560/560 561/561/561
f 565/565/565 562/562/562 559/559/559
f 562/562/562 565/565/565 566/566/566
f 565/565/565 567/567/567 566/566/566
f 567/567/567 565/565/565 568/568/568
f 568/568/568 569/569/569 567/567/567
f 569/569/569 568/568/568 570/570/570
f 571/571/571 573/573/573 572/572/572
f 573/573/573 571/571/571 574/574/574
f 574/574/574 575/575/575 573/573/573
f 575/575/575 574/574/574 576/576/576
f 577/577/577 572/572/572 578/578/578
f 572/572/572 577/577/577 571/571/571
f 577/577/577 580/580/580 579/579/579
f 580/580/580 577/577/577 578/578/578
f 579/579/579 582/582/582 581/581/581
f 582/582/582 579/579/579 580/580/580
f 583/583/583 585/585/585 584/584/584
f 586/586/586 583/583/583 584/584/584
f 583/583/583 586/586/586 587/587/587
f 584/584/584 585/585/585 588/588/588
f 589/589/589 591/591/591 590/590/590
f 591/591/591 589/589/589 592/592/592
f 591/591/591 593/593/593 590/590/590
f 593/593/593 591/591/591 594/594/594
f 595/595/595 592/592/592 589/589/589
f 592/592/592 595/595/595 588/588/588
f 594/594/594 596/596/596 593/593/593
f 596/596/596 594/594/594 597/597/597
f 598/598/598 584/584/584 599/599/599
f 584/584/584 598/598/598 586/586/586
f 584/584/584 595/595/595 599/599/599
f 595/595/595 584/584/584 588/588/588
f 600/600/600 602/602/602 601/601/601
f 602/602/602 600/600/600 590/590/590
f 590/590/590 603/603/603 602/602/602
f 603/603/603 590/590/590 604/604/604
f 604/604/604 605/605/605 603/603/603
f 605/605/605 604/604/604 606/606/606
f 607/607/607 609/609/609 608/608/608
f 609/609/609 607/607/607 610/610/610
f 611/611/611 610/610/610 607/607/607
f 610/610/610 611/611/611 612/612/612
f 613/613/613 615/615/615 614/614/614
f 615/615/615 613/613/613 616/616/616
f 617/617/617 616/616/616 613/613/613
f 616/616/616 617/617/617 618/618/618
f 614/614/614 620/620/620 619/619/619
f 620/620/620 614/614/614 615/615/615
f 621/621/621 618/618/618 617/617/617
f 618/618/618 621/621/621 622/622/622
f 623/623/623 622/622/622 621/621/621
f 622/622/622 623/623/623 624/624/624
f 619/619/619 624/624/624 623/623/623
f 624/624/624 619/619/619 620/620/620
f 600/600/600 612/612/612 611/611/611
f 612/612/612 600/600/600 601/601/601
f 589/589/589 590/590/590 600/600/600
f 590/590/590 593/593/593 604/604/604
f 593/593/593 606/606/606 604/604/604
f 606/606/606 593/593/593 596/596/596
f 608/608/608 599/599/599 607/607/607
f 599/599/599 608/608/608 598/598/598
f 599/599/599 595/595/595 607/607/607
f 611/611/611 589/589/589 600/600/600
f 589/589/589 611/611/611 595/595/595
f 607/607/607 595/595/595 611/611/611
f 625/625/625 602/602/602 626/626/626
f 602/602/602 625/625/625 601/601/601
f 602/602/602 627/627/627 626/626/626
f 627/627/627 602/602/602 603/603/603
f 603/603/603 628/628/628 627/627/627
f 628/628/628 603/603/603 605/605/605
f 629/629/629 610/610/610 630/630/630
f 610/610/610 629/629/629 609/609/609
f 630/630/630 612/612/612 631/631/631
f 612/612/612 630/630/630 610/610/610
f 631/631/631 601/601/601 625/625/625
f 601/601/601 631/631/631 612/612/612
f 632/632/632 634/634/634 633/633/633
f 634/634/634 632/632/632 635/635/635
f 636/636/636 638/638/638 637/637/637
f 638/638/638 636/636/636 639/639/639
f 637/637/637 641/641/641 640/640/640
f 641/641/641 637/637/637 638/638/638
f 640/640/640 643/643/643 642/642/642
f 643/643/643 640/640/640 641/641/641
f 644/644/644 646/646/646 645/645/645
f 647/647/647 646/646/646 644/644/644
f 639/639/639 648/648/648 638/638/638
f 648/648/648 639/639/639 649/649/649
f 638/638/638 650/650/650 641/641/641
f 650/650/650 638/638/638 648/648/648
f 641/641/641 651/651/651 643/643/643
f 651/651/651 641/641/641 650/650/650
f 652/652/652 653/653/653 635/635/635
f 653/653/653 652/652/652 654/654/654
f 635/635/635 655/655/655 634/634/634
f 655/655/655 635/635/635 653/653/653
f 634/634/634 657/657/657 656/656/656
f 657/657/657 634/634/634 655/655/655
f 633/633/633 656/656/656 658/658/658
f 656/656/656 633/633/633 634/634/634
f 659/659/659 661/661/661 660/660/660
f 660/660/660 663/663/663 662/662/662
f 663/663/663 660/660/660 661/661/661
f 662/662/662 663/663/663 664/664/664
f 661/661/661 666/666/666 665/665/665
f 666/666/666 661/661/661 659/659/659
f 663/663/663 665/665/665 667/667/667
f 665/665/665 663/663/663 661/661/661
f 664/664/664 667/667/667 668/668/668
f 667/667/667 664/664/664 663/663/663
f 664/664/664 670/670/670 669/669/669
f 670/670/670 664/664/664 668/668/668
f 665/665/665 666/666/666 671/671/671
f 667/667/667 665/665/665 671/671/671
f 668/668/668 667/667/667 671/671/671
f 670/670/670 668/668/668 671/671/671
f 648/648/648 673/673/673 672/672/672
f 673/673/673 648/648/648 649/649/649
f 648/648/648 674/674/674 650/650/650
f 674/674/674 648/648/648 672/672/672
f 651/651/651 674/674/674 675/675/675
f 674/674/674 651/651/651 650/650/650
f 653/653/653 677/677/677 676/676/676
f 677/677/677 653/653/653 654/654/654
f 653/653/653 678/678/678 655/655/655
f 678/678/678 653/653/653 676/676/676
f 657/657/657 678/678/678 679/679/679
f 678/678/678 657/657/657 655/655/655
f 672/672/672 647/647/647 644/644/644
f 647/647/647 672/672/672 673/673/673
f 645/645/645 672/672/672 644/644/644
f 672/672/672 645/645/645 674/674/674
f 675/675/675 674/674/674 645/645/645
f 676/676/676 681/681/681 680/680/680
f 681/681/681 676/676/676 677/677/677
f 682/682/682 676/676/676 680/680/680
f 676/676/676 682/682/682 678/678/678
f 679/679/679 678/678/678 682/682/682
f 683/683/683 685/685/685 684/684/684
f 686/686/686 683/683/683 687/687/687
f 683/683/683 686/686/686 685/685/685
f 685/685/685 688/688/688 684/684/684
f 689/689/689 691/691/691 690/690/690
f 691/691/691 689/689/689 692/692/692
f 691/691/691 694/694/694 693/693/693
f 694/694/694 691/691/691 692/692/692
f 695/695/695 690/690/690 688/688/688
f 690/690/690 695/695/695 689/689/689
f 693/693/693 697/697/697 696/696/696
f 697/697/697 693/693/693 694/694/694
f 698/698/698 685/685/685 686/686/686
f 685/685/685 698/698/698 699/699/699
f 685/685/685 695/695/695 688/688/688
f 695/695/695 685/685/685 699/699/699
f 700/700/700 701/701/701 692/692/692
f 701/701/701 700/700/700 702/702/702
f 692/692/692 704/704/704 703/703/703
f 704/704/704 692/692/692 701/701/701
f 703/703/703 706/706/706 705/705/705
f 706/706/706 703/703/703 704/704/704
f 707/707/707 709/709/709 708/708/708
f 709/709/709 707/707/707 710/710/710
f 711/711/711 708/708/708 712/712/712
f 708/708/708 711/711/711 707/707/707
f 713/713/713 715/715/715 714/714/714
f 715/715/715 713/713/713 716/716/716
f 717/717/717 714/714/714 718/718/718
f 714/714/714 717/717/717 713/713/713
f 716/716/716 719/719/719 715/715/715
f 719/719/719 716/716/716 720/720/720
f 721/721/721 718/718/718 722/722/722
f 718/718/718 721/721/721 717/717/717
f 723/723/723 722/722/722 724/724/724
f 722/722/722 723/723/723 721/721/721
f 720/720/720 724/724/724 719/719/719
f 724/724/724 720/720/720 723/723/723
f 700/700/700 712/712/712 702/702/702
f 712/712/712 700/700/700 711/711/711
f 689/689/689 700/700/700 692/692/692
f 692/692/692 703/703/703 694/694/694
f 694/694/694 705/705/705 697/697/697
f 705/705/705 694/694/694 703/703/703
f 710/710/710 699/699/699 698/698/698
f 699/699/699 710/710/710 707/707/707
f 699/699/699 707/707/707 695/695/695
f 711/711/711 689/689/689 695/695/695
f 689/689/689 711/711/711 700/700/700
f 707/707/707 711/711/711 695/695/695
f 725/725/725 701/701/701 702/702/702
f 701/701/701 725/725/725 726/726/726
f 701/701/701 727/727/727 704/704/704
f 727/727/727 701/701/701 726/726/726
f 704/704/704 728/728/728 706/706/706
f 728/728/728 704/704/704 727/727/727
f 729/729/729 708/708/708 709/709/709
f 708/708/708 729/729/729 730/730/730
f 730/730/730 712/712/712 708/708/708
f 712/712/712 730/730/730 731/731/731
f 731/731/731 702/702/702 712/712/712
f 702/702/702 731/731/731 725/725/725
f 732/732/732 734/734/734 733/733/733
f 734/734/734 732/732/732 735/735/735
f 736/736/736 738/738/738 737/737/737
f 738/738/738 736/736/736 739/739/739
f 739/739/739 740/740/740 738/738/738
f 740/740/740 739/739/739 741/741/741
f 741/741/741 742/742/742 740/740/740
f 742/742/742 741/741/741 743/743/743
f 744/744/744 746/746/746 745/745/745
f 747/747/747 744/744/744 745/745/745
f 737/737/737 749/749/749 748/748/748
f 749/749/749 737/737/737 738/738/738
f 738/738/738 750/750/750 749/749/749
f 750/750/750 738/738/738 740/740/740
f 740/740/740 751/751/751 750/750/750
f 751/751/751 740/740/740 742/742/742
f 752/752/752 754/754/754 753/753/753
f 754/754/754 752/752/752 733/733/733
f 733/733/733 755/755/755 754/754/754
f 755/755/755 733/733/733 734/734/734
f 734/734/734 756/756/756 755/755/755
f 756/756/756 734/734/734 757/757/757
f 735/735/735 757/757/757 734/734/734
f 757/757/757 735/735/735 758/758/758
f 759/759/759 761/761/761 760/760/760
f 761/761/761 762/762/762 760/760/760
f 762/762/762 761/761/761 763/763/763
f 763/763/763 764/764/764 762/762/762
f 760/760/760 765/765/765 759/759/759
f 765/765/765 760/760/760 766/766/766
f 762/762/762 766/766/766 760/760/760
f 766/766/766 762/762/762 767/767/767
f 764/764/764 767/767/767 762/762/762
f 767/767/767 764/764/764 768/768/768
f 764/764/764 769/769/769 768/768/768
f 769/769/769 764/764/764 770/770/770
f 766/766/766 771/771/771 765/765/765
f 767/767/767 771/771/771 766/766/766
f 768/768/768 771/771/771 767/767/767
f 769/769/769 771/771/771 768/768/768
f 749/749/749 772/772/772 748/748/748
f 772/772/772 749/749/749 773/773/773
f 749/749/749 774/774/774 773/773/773
f 774/774/774 749/749/749 750/750/750
f 751/751/751 774/774/774 750/750/750
f 774/774/774 751/751/751 775/775/775
f 754/754/754 776/776/776 753/753/753
f 776/776/776 754/754/754 777/777/777
f 754/754/754 778/778/778 777/777/777
f 778/778/778 754/754/754 755/755/755
f 756/756/756 778/778/778 755/755/755
f 778/778/778 756/756/756 779/779/779
f 773/773/773 747/747/747 772/772/772
f 747/747/747 773/773/773 744/744/744
f 746/746/746 773/773/773 774/774/774
f 773/773/773 746/746/746 744/744/744
f 775/775/775 746/746/746 774/774/774
f 777/777/777 780/780/780 776/776/776
f 780/780/780 777/777/777 781/781/781
f 782/782/782 777/777/777 778/778/778
f 777/777/777 782/782/782 781/781/781
f 779/779/779 782/782/782 778/778/778
f 783/783/783 785/785/785 784/784/784
f 785/785/785 783/783/783 786/786/786
f 787/787/787 789/789/789 788/788/788
f 789/789/789 787/787/787 790/790/790
f 791/791/791 793/793/793 792/792/792
f 794/794/794 793/793/793 791/791/791
f 795/795/795 793/793/793 794/794/794
f 796/796/796 798/798/798 797/797/797
f 799/799/799 798/798/798 796/796/796
f 800/800/800 798/798/798 799/799/799
f 801/801/801 803/803/803 802/802/802
f 804/804/804 789/789/789 805/805/805
f 789/789/789 804/804/804 806/806/806
f 807/807/807 809/809/809 808/808/808
f 810/810/810 812/812/812 811/811/811
f 803/803/803 783/783/783 813/813/813
f 783/783/783 803/803/803 801/801/801
f 804/804/804 805/805/805 814/814/814
f 815/815/815 817/817/817 816/816/816
f 818/818/818 820/820/820 819/819/819
f 821/821/821 823/823/823 822/822/822
f 824/824/824 826/826/826 825/825/825
f 826/826/826 824/824/824 827/827/827
f 828/828/828 830/830/830 829/829/829
f 830/830/830 828/828/828 831/831/831
f 832/832/832 834/834/834 833/833/833
f 835/835/835 837/837/837 836/836/836
f 838/838/838 840/840/840 839/839/839
f 841/841/841 843/843/843 842/842/842
f 843/843/843 841/841/841 844/844/844
f 845/845/845 847/847/847 846/846/846
f 847/847/847 845/845/845 848/848/848
f 849/849/849 851/851/851 850/850/850
f 852/852/852 854/854/854 853/853/853
f 855/855/855 857/857/857 856/856/856
f 857/857/857 855/855/855 858/858/858
f 859/859/859 861/861/861 860/860/860
f 862/862/862 864/864/864 863/863/863
f 865/865/865 867/867/867 866/866/866
f 857/857/857 869/869/869 868/868/868
f 869/869/869 857/857/857 858/858/858
f 870/870/870 872/872/872 871/871/871
f 872/872/872 870/870/870 873/873/873
f 868/868/868 875/875/875 874/874/874
f 875/875/875 868/868/868 869/869/869
f 876/876/876 878/878/878 877/877/877
f 879/879/879 881/881/881 880/880/880
f 882/882/882 828/828/828 883/883/883
f 828/828/828 882/882/882 831/831/831
f 884/884/884 886/886/886 885/885/885
f 887/887/887 889/889/889 888/888/888
f 890/890/890 892/892/892 891/891/891
f 893/893/893 895/895/895 894/894/894
f 843/843/843 826/826/826 842/842/842
f 826/826/826 843/843/843 825/825/825
f 896/896/896 898/898/898 897/897/897
f 898/898/898 896/896/896 899/899/899
f 900/900/900 902/902/902 901/901/901
f 903/903/903 905/905/905 904/904/904
f 897/897/897 907/907/907 906/906/906
f 907/907/907 897/897/897 898/898/898
f 908/908/908 910/910/910 909/909/909
f 911/911/911 913/913/913 912/912/912
f 907/907/907 914/914/914 906/906/906
f 914/914/914 907/907/907 915/915/915
f 916/916/916 918/918/918 917/917/917
f 919/919/919 921/921/921 920/920/920
f 914/914/914 923/923/923 922/922/922
f 923/923/923 914/914/914 915/915/915
f 924/924/924 926/926/926 925/925/925
f 926/926/926 924/924/924 927/927/927
f 896/896/896 830/830/830 899/899/899
f 830/830/830 896/896/896 829/829/829
f 841/841/841 856/856/856 844/844/844
f 856/856/856 841/841/841 855/855/855
f 928/928/928 930/930/930 929/929/929
f 930/930/930 928/928/928 931/931/931
f 903/903/903 932/932/932 905/905/905
f 932/932/932 903/903/903 933/933/933
f 934/934/934 936/936/936 935/935/935
f 936/936/936 934/934/934 937/937/937
f 938/938/938 783/783/783 939/939/939
f 783/783/783 938/938/938 786/786/786
f 790/790/790 940/940/940 789/789/789
f 940/940/940 790/790/790 941/941/941
f 942/942/942 944/944/944 943/943/943
f 942/942/942 794/794/794 944/944/944
f 795/795/795 794/794/794 942/942/942
f 798/798/798 945/945/945 797/797/797
f 798/798/798 946/946/946 945/945/945
f 947/947/947 946/946/946 798/798/798
f 801/801/801 802/802/802 948/948/948
f 949/949/949 789/789/789 950/950/950
f 789/789/789 949/949/949 805/805/805
f 951/951/951 953/953/953 952/952/952
f 954/954/954 956/956/956 955/955/955
f 948/948/948 783/783/783 801/801/801
f 783/783/783 948/948/948 957/957/957
f 949/949/949 814/814/814 805/805/805
f 815/815/815 958/958/958 817/817/817
f 959/959/959 961/961/961 960/960/960
f 962/962/962 964/964/964 963/963/963
f 965/965/965 967/967/967 966/966/966
f 967/967/967 965/965/965 968/968/968
f 969/969/969 971/971/971 970/970/970
f 971/971/971 969/969/969 972/972/972
f 973/973/973 975/975/975 974/974/974
f 976/976/976 978/978/978 977/977/977
f 979/979/979 981/981/981 980/980/980
f 982/982/982 984/984/984 983/983/983
f 984/984/984 982/982/982 985/985/985
f 986/986/986 988/988/988 987/987/987
f 988/988/988 986/986/986 989/989/989
f 990/990/990 992/992/992 991/991/991
f 993/993/993 995/995/995 994/994/994
f 996/996/996 998/998/998 997/997/997
f 998/998/998 996/996/996 999/999/999
f 1000/1000/1000 1002/1002/1002 1001/1001/1001
f 1003/1003/1003 1005/1005/1005 1004/1004/1004
f 1006/1006/1006 1008/1008/1008 1007/1007/1007
f 998/998/998 1009/1009/1009 997/997/997
f 1009/1009/1009 998/998/998 1010/1010/1010
f 1011/1011/1011 1013/1013/1013 1012/1012/1012
f 1013/1013/1013 1011/1011/1011 1014/1014/1014
f 1010/1010/1010 1015/1015/1015 1009/1009/1009
f 1015/1015/1015 1010/1010/1010 1016/1016/1016
f 1017/1017/1017 1019/1019/1019 1018/1018/1018
f 1020/1020/1020 1022/1022/1022 1021/1021/1021
f 1023/1023/1023 969/969/969 970/970/970
f 969/969/969 1023/1023/1023 1024/1024/1024
f 1025/1025/1025 1027/1027/1027 1026/1026/1026
f 1028/1028/1028 1030/1030/1030 1029/1029/1029
f 1031/1031/1031 1033/1033/1033 1032/1032/1032
f 1034/1034/1034 1036/1036/1036 1035/1035/1035
f 984/984/984 967/967/967 968/968/968
f 967/967/967 984/984/984 985/985/985
f 1037/1037/1037 1039/1039/1039 1038/1038/1038
f 1039/1039/1039 1037/1037/1037 1040/1040/1040
f 1041/1041/1041 1043/1043/1043 1042/1042/1042
f 1044/1044/1044 1046/1046/1046 1045/1045/1045
f 1040/1040/1040 1047/1047/1047 1039/1039/1039
f 1047/1047/1047 1040/1040/1040 1048/1048/1048
f 1049/1049/1049 1051/1051/1051 1050/1050/1050
f 1052/1052/1052 1054/1054/1054 1053/1053/1053
f 1047/1047/1047 1056/1056/1056 1055/1055/1055
f 1056/1056/1056 1047/1047/1047 1048/1048/1048
f 1057/1057/1057 1059/1059/1059 1058/1058/1058
f 1060/1060/1060 1062/1062/1062 1061/1061/1061
f 1056/1056/1056 1063/1063/1063 1055/1055/1055
f 1063/1063/1063 1056/1056/1056 1064/1064/1064
f 1065/1065/1065 1067/1067/1067 1066/1066/1066
f 1067/1067/1067 1065/1065/1065 1068/1068/1068
f 1037/1037/1037 971/971/971 972/972/972
f 971/971/971 1037/1037/1037 1038/1038/1038
f 982/982/982 999/999/999 996/996/996
f 999/999/999 982/982/982 983/983/983
f 1069/1069/1069 1071/1071/1071 1070/1070/1070
f 1071/1071/1071 1069/1069/1069 1072/1072/1072
f 1044/1044/1044 1074/1074/1074 1073/1073/1073
f 1074/1074/1074 1044/1044/1044 1045/1045/1045
f 1075/1075/1075 1077/1077/1077 1076/1076/1076
f 1077/1077/1077 1075/1075/1075 1078/1078/1078
f 1079/1079/1079 1081/1081/1081 1080/1080/1080
f 1081/1081/1081 1079/1079/1079 1082/1082/1082
f 1083/1083/1083 1085/1085/1085 1084/1084/1084
f 1085/1085/1085 1083/1083/1083 1086/1086/1086
f 1087/1087/1087 1089/1089/1089 1088/1088/1088
f 1089/1089/1089 1087/1087/1087 1090/1090/1090
f 1091/1091/1091 1093/1093/1093 1092/1092/1092
f 1093/1093/1093 1091/1091/1091 1094/1094/1094
f 1095/1095/1095 1082/1082/1082 1079/1079/1079
f 1082/1082/1082 1095/1095/1095 1096/1096/1096
f 1097/1097/1097 1086/1086/1086 1083/1083/1083
f 1086/1086/1086 1097/1097/1097 1098/1098/1098
f 1099/1099/1099 1090/1090/1090 1087/1087/1087
f 1090/1090/1090 1099/1099/1099 1100/1100/1100
f 1101/1101/1101 1094/1094/1094 1091/1091/1091
f 1094/1094/1094 1101/1101/1101 1102/1102/1102
f 1103/1103/1103 1096/1096/1096 1095/1095/1095
f 1096/1096/1096 1103/1103/1103 1104/1104/1104
f 1105/1105/1105 1098/1098/1098 1097/1097/1097
f 1098/1098/1098 1105/1105/1105 1106/1106/1106
f 1107/1107/1107 1100/1100/1100 1099/1099/1099
f 1100/1100/1100 1107/1107/1107 1108/1108/1108
f 1109/1109/1109 1102/1102/1102 1101/1101/1101
f 1102/1102/1102 1109/1109/1109 1110/1110/1110
f 1111/1111/1111 1104/1104/1104 1103/1103/1103
f 1104/1104/1104 1111/1111/1111 1112/1112/1112
f 1113/1113/1113 1106/1106/1106 1105/1105/1105
f 1106/1106/1106 1113/1113/1113 1114/1114/1114
f 1115/1115/1115 1108/1108/1108 1107/1107/1107
f 1108/1108/1108 1115/1115/1115 1116/1116/1116
f 1117/1117/1117 1110/1110/1110 1109/1109/1109
f 1110/1110/1110 1117/1117/1117 1118/1118/1118
f 1119/1119/1119 1112/1112/1112 1111/1111/1111
f 1112/1112/1112 1119/1119/1119 1120/1120/1120
f 1121/1121/1121 1114/1114/1114 1113/1113/1113
f 1114/1114/1114 1121/1121/1121 1122/1122/1122
f 1123/1123/1123 1116/1116/1116 1115/1115/1115
f 1116/1116/1116 1123/1123/1123 1124/1124/1124
f 1125/1125/1125 1118/1118/1118 1117/1117/1117
f 1118/1118/1118 1125/1125/1125 1126/1126/1126
f 1127/1127/1127 1120/1120/1120 1119/1119/1119
f 1120/1120/1120 1127/1127/1127 1128/1128/1128
f 1129/1129/1129 1122/1122/1122 1121/1121/1121
f 1122/1122/1122 1129/1129/1129 1130/1130/1130
f 1131/1131/1131 1124/1124/1124 1123/1123/1123
f 1124/1124/1124 1131/1131/1131 1132/1132/1132
f 1133/1133/1133 1126/1126/1126 1125/1125/1125
f 1126/1126/1126 1133/1133/1133 1134/1134/1134
f 1135/1135/1135 1128/1128/1128 1127/1127/1127
f 1128/1128/1128 1135/1135/1135 1136/1136/1136
f 1137/1137/1137 1130/1130/1130 1129/1129/1129
f 1130/1130/1130 1137/1137/1137 1138/1138/1138
f 1139/1139/1139 1132/1132/1132 1131/1131/1131
f 1132/1132/1132 1139/1139/1139 1140/1140/1140
f 1141/1141/1141 1134/1134/1134 1133/1133/1133
f 1134/1134/1134 1141/1141/1141 1142/1142/1142
f 1080/1080/1080 1136/1136/1136 1135/1135/1135
f 1136/1136/1136 1080/1080/1080 1081/1081/1081
f 1084/1084/1084 1138/1138/1138 1137/1137/1137
f 1138/1138/1138 1084/1084/1084 1085/1085/1085
f 1088/1088/1088 1140/1140/1140 1139/1139/1139
f 1140/1140/1140 1088/1088/1088 1089/1089/1089
f 1092/1092/1092 1142/1142/1142 1141/1141/1141
f 1142/1142/1142 1092/1092/1092 1093/1093/1093
f 1143/1143/1143 1145/1145/1145 1144/1144/1144
f 1145/1145/1145 1143/1143/1143 1146/1146/1146
f 1147/1147/1147 1149/1149/1149 1148/1148/1148
f 1149/1149/1149 1147/1147/1147 1150/1150/1150
f 1151/1151/1151 1153/1153/1153 1152/1152/1152
f 1153/1153/1153 1151/1151/1151 1154/1154/1154
f 1155/1155/1155 1157/1157/1157 1156/1156/1156
f 1157/1157/1157 1155/1155/1155 1158/1158/1158
f 1159/1159/1159 1161/1161/1161 1160/1160/1160
f 1161/1161/1161 1159/1159/1159 1162/1162/1162
f 1163/1163/1163 1165/1165/1165 1164/1164/1164
f 1165/1165/1165 1163/1163/1163 1166/1166/1166
f 1167/1167/1167 1169/1169/1169 1168/1168/1168
f 1169/1169/1169 1167/1167/1167 1170/1170/1170
f 1171/1171/1171 1173/1173/1173 1172/1172/1172
f 1173/1173/1173 1171/1171/1171 1174/1174/1174
f 1175/1175/1175 1177/1177/1177 1176/1176/1176
f 1177/1177/1177 1175/1175/1175 1178/1178/1178
f 1179/1179/1179 1181/1181/1181 1180/1180/1180
f 1181/1181/1181 1179/1179/1179 1182/1182/1182
f 1183/1183/1183 1185/1185/1185 1184/1184/1184
f 1185/1185/1185 1183/1183/1183 1186/1186/1186
f 1187/1187/1187 1189/1189/1189 1188/1188/1188
f 1189/1189/1189 1187/1187/1187 1190/1190/1190
f 1191/1191/1191 1193/1193/1193 1192/1192/1192
f 1193/1193/1193 1191/1191/1191 1194/1194/1194
f 1195/1195/1195 1197/1197/1197 1196/1196/1196
f 1197/1197/1197 1195/1195/1195 1198/1198/1198
f 1199/1199/1199 1201/1201/1201 1200/1200/1200
f 1201/1201/1201 1199/1199/1199 1202/1202/1202
f 1203/1203/1203 1205/1205/1205 1204/1204/1204
f 1205/1205/1205 1203/1203/1203 1206/1206/1206
f 1207/1207/1207 1209/1209/1209 1208/1208/1208
f 1209/1209/1209 1207/1207/1207 1210/1210/1210
f 1211/1211/1211 1213/1213/1213 1212/1212/1212
f 1213/1213/1213 1211/1211/1211 1214/1214/1214
f 1215/1215/1215 1217/1217/1217 1216/1216/1216
f 1217/1217/1217 1215/1215/1215 1218/1218/1218
f 1219/1219/1219 1221/1221/1221 1220/1220/1220
f 1221/1221/1221 1219/1219/1219 1222/1222/1222
f 1223/1223/1223 1225/1225/1225 1224/1224/1224
f 1225/1225/1225 1223/1223/1223 1226/1226/1226
f 1227/1227/1227 1229/1229/1229 1228/1228/1228
f 1229/1229/1229 1227/1227/1227 1230/1230/1230
f 1231/1231/1231 1233/1233/1233 1232/1232/1232
f 1233/1233/1233 1231/1231/1231 1234/1234/1234
f 1235/1235/1235 1237/1237/1237 1236/1236/1236
f 1237/1237/1237 1235/1235/1235 1238/1238/1238
f 1239/1239/1239 1241/1241/1241 1240/1240/1240
f 1241/1241/1241 1239/1239/1239 1242/1242/1242
f 1243/1243/1243 1245/1245/1245 1244/1244/1244
f 1245/1245/1245 1243/1243/1243 1246/1246/1246
f 1247/1247/1247 1249/1249/1249 1248/1248/1248
f 1249/1249/1249 1247/1247/1247 1250/1250/1250
f 1251/1251/1251 1253/1253/1253 1252/1252/1252
f 1253/1253/1253 1251/1251/1251 1254/1254/1254
f 1255/1255/1255 1257/1257/1257 1256/1256/1256
f 1257/1257/1257 1255/1255/1255 1258/1258/1258
f 1259/1259/1259 1261/1261/1261 1260/1260/1260
f 1261/1261/1261 1259/1259/1259 1262/1262/1262
f 1263/1263/1263 1265/1265/1265 1264/1264/1264
f 1265/1265/1265 1263/1263/1263 1266/1266/1266
f 1267/1267/1267 1269/1269/1269 1268/1268/1268
f 1269/1269/1269 1267/1267/1267 1270/1270/1270
f 1143/1143/1143 1153/1153/1153 1154/1154/1154
f 1153/1153/1153 1143/1143/1143 1144/1144/1144
f 1155/1155/1155 1149/1149/1149 1158/1158/1158
f 1149/1149/1149 1155/1155/1155 1148/1148/1148
f 1151/1151/1151 1161/1161/1161 1162/1162/1162
f 1161/1161/1161 1151/1151/1151 1152/1152/1152
f 1163/1163/1163 1157/1157/1157 1166/1166/1166
f 1157/1157/1157 1163/1163/1163 1156/1156/1156
f 1159/1159/1159 1169/1169/1169 1170/1170/1170
f 1169/1169/1169 1159/1159/1159 1160/1160/1160
f 1171/1171/1171 1165/1165/1165 1174/1174/1174
f 1165/1165/1165 1171/1171/1171 1164/1164/1164
f 1167/1167/1167 1177/1177/1177 1178/1178/1178
f 1177/1177/1177 1167/1167/1167 1168/1168/1168
f 1179/1179/1179 1173/1173/1173 1182/1182/1182
f 1173/1173/1173 1179/1179/1179 1172/1172/1172
f 1175/1175/1175 1185/1185/1185 1186/1186/1186
f 1185/1185/1185 1175/1175/1175 1176/1176/1176
f 1187/1187/1187 1181/1181/1181 1190/1190/1190
f 1181/1181/1181 1187/1187/1187 1180/1180/1180
f 1183/1183/1183 1193/1193/1193 1194/1194/1194
f 1193/1193/1193 1183/1183/1183 1184/1184/1184
f 1195/1195/1195 1189/1189/1189 1198/1198/1198
f 1189/1189/1189 1195/1195/1195 1188/1188/1188
f 1191/1191/1191 1201/1201/1201 1202/1202/1202
f 1201/1201/1201 1191/1191/1191 1192/1192/1192
f 1203/1203/1203 1197/1197/1197 1206/1206/1206
f 1197/1197/1197 1203/1203/1203 1196/1196/1196
f 1199/1199/1199 1145/1145/1145 1146/1146/1146
f 1145/1145/1145 1199/1199/1199 1200/1200/1200
f 1147/1147/1147 1205/1205/1205 1150/1150/1150
f 1205/1205/1205 1147/1147/1147 1204/1204/1204
f 1209/1209/1209 1263/1263/1263 1264/1264/1264
f 1263/1263/1263 1209/1209/1209 1210/1210/1210
f 1267/1267/1267 1213/1213/1213 1270/1270/1270
f 1213/1213/1213 1267/1267/1267 1212/1212/1212
f 1217/1217/1217 1207/1207/1207 1208/1208/1208
f 1207/1207/1207 1217/1217/1217 1218/1218/1218
f 1211/1211/1211 1221/1221/1221 1214/1214/1214
f 1221/1221/1221 1211/1211/1211 1220/1220/1220
f 1225/1225/1225 1215/1215/1215 1216/1216/1216
f 1215/1215/1215 1225/1225/1225 1226/1226/1226
f 1219/1219/1219 1229/1229/1229 1222/1222/1222
f 1229/1229/1229 1219/1219/1219 1228/1228/1228
f 1233/1233/1233 1223/1223/1223 1224/1224/1224
f 1223/1223/1223 1233/1233/1233 1234/1234/1234
f 1227/1227/1227 1237/1237/1237 1230/1230/1230
f 1237/1237/1237 1227/1227/1227 1236/1236/1236
f 1241/1241/1241 1231/1231/1231 1232/1232/1232
f 1231/1231/1231 1241/1241/1241 1242/1242/1242
f 1235/1235/1235 1245/1245/1245 1238/1238/1238
f 1245/1245/1245 1235/1235/1235 1244/1244/1244
f 1249/1249/1249 1239/1239/1239 1240/1240/1240
f 1239/1239/1239 1249/1249/1249 1250/1250/1250
f 1243/1243/1243 1253/1253/1253 1246/1246/1246
f 1253/1253/1253 1243/1243/1243 1252/1252/1252
f 1257/1257/1257 1247/1247/1247 1248/1248/1248
f 1247/1247/1247 1257/1257/1257 1258/1258/1258
f 1251/1251/1251 1261/1261/1261 1254/1254/1254
f 1261/1261/1261 1251/1251/1251 1260/1260/1260
f 1265/1265/1265 1255/1255/1255 1256/1256/1256
f 1255/1255/1255 1265/1265/1265 1266/1266/1266
f 1259/1259/1259 1269/1269/1269 1262/1262/1262
f 1269/1269/1269 1259/1259/1259 1268/1268/1268
f 788/788/788 789/789/789 806/806/806
f 789/789/789 940/940/940 950/950/950
f 783/783/783 784/784/784 813/813/813
f 939/939/939 783/783/783 957/957/957
f 1271/1271/1271 1273/1273/1273 1272/1272/1272
f 1273/1273/1273 1271/1271/1271 1274/1274/1274
f 1275/1275/1275 1274/1274/1274 1271/1271/1271
f 1274/1274/1274 1275/1275/1275 1276/1276/1276
f 1272/1272/1272 1278/1278/1278 1277/1277/1277
f 1278/1278/1278 1272/1272/1272 1273/1273/1273
f 1279/1279/1279 1274/1274/1274 1280/1280/1280
f 1274/1274/1274 1279/1279/1279 1273/1273/1273
f 1280/1280/1280 1276/1276/1276 1281/1281/1281
f 1276/1276/1276 1280/1280/1280 1274/1274/1274
f 1282/1282/1282 1284/1284/1284 1283/1283/1283
f 1284/1284/1284 1282/1282/1282 1285/1285/1285
f 1278/1278/1278 1286/1286/1286 1277/1277/1277
f 1287/1287/1287 1286/1286/1286 1278/1278/1278
f 1288/1288/1288 1286/1286/1286 1287/1287/1287
f 1275/1275/1275 1290/1290/1290 1289/1289/1289
f 1290/1290/1290 1275/1275/1275 1291/1291/1291
f 1292/1292/1292 1294/1294/1294 1293/1293/1293
f 1294/1294/1294 1292/1292/1292 1295/1295/1295
f 1296/1296/1296 1293/1293/1293 1297/1297/1297
f 1293/1293/1293 1296/1296/1296 1292/1292/1292
f 1295/1295/1295 1298/1298/1298 1294/1294/1294
f 1298/1298/1298 1295/1295/1295 1299/1299/1299
f 1300/1300/1300 1293/1293/1293 1294/1294/1294
f 1293/1293/1293 1300/1300/1300 1301/1301/1301
f 1301/1301/1301 1297/1297/1297 1293/1293/1293
f 1297/1297/1297 1301/1301/1301 1302/1302/1302
f 1303/1303/1303 1305/1305/1305 1304/1304/1304
f 1305/1305/1305 1303/1303/1303 1306/1306/1306
f 1286/1286/1286 1298/1298/1298 1299/1299/1299
f 1286/1286/1286 1287/1287/1287 1298/1298/1298
f 1288/1288/1288 1287/1287/1287 1286/1286/1286
f 1296/1296/1296 1308/1308/1308 1307/1307/1307
f 1308/1308/1308 1296/1296/1296 1289/1289/1289

g npc_devin02
# texture: npc_devin02.tga
v -6.108788 169.2101 27.14279
v -0.717987 171.3299 29.34989
v -0.739487 176.4996 29.40759
v -8.917482 176.5025 26.10079
v -11.80289 170.3637 20.14139
v -9.876387 164.2152 21.63959
v 3.131012 170.5482 27.61209
v 4.889114 174.4585 20.38559
v 3.689611 161.5742 23.0644
v 6.256614 165.4833 16.24549
v 7.993699 97.9852 30.8108
v 7.200196 104.2465 27.6101
v 3.280496 104.1571 29.1944
v 4.113099 98.0865 32.4877
v 9.5236 86.89621 34.82619
v 5.517601 86.91431 36.1799
v 11.86681 73.30661 32.9343
v 7.896106 72.70581 34.2588
v 9.928713 59.61241 33.28659
v 13.39031 59.82552 33.6792
v 9.255613 42.28722 41.9574
v 13.30441 41.82032 40.8299
v -32.03523 166.5725 51.36829
v -9.081524 192.4087 39.0289
v -29.0119 218.1325 55.91669
v -51.96283 192.3445 68.26037
vn -0.614798 -0.097799 0.782597
vn 0.0008 -0.0112 0.999937
vn 0.157706 0.137005 0.977936
vn -0.59389 -0.114998 0.796286
vn -0.779092 -0.148398 0.609093
vn -0.779884 -0.093598 0.618887
vn 0.870689 0.149398 0.468594
vn 0.938493 0.111799 0.326698
vn 0.957772 -0.029699 0.285992
vn 0.938723 -0.0158 0.344309
vn 0.362494 0.420194 0.831887
vn 0.323107 0.462911 0.825419
vn 0.334999 0.469699 0.816798
vn 0.360909 0.418911 0.833222
vn 0.326604 0.120002 0.937512
vn 0.317888 0.146995 0.936664
vn 0.287791 -0.041999 0.956772
vn 0.322491 -0.047598 0.945375
vn -0.083099 0.242097 0.966687
vn -0.095204 0.24851 0.963939
vn 0.242799 0.366699 0.898098
vn 0.288604 0.352206 0.890314
vn 0.560217 -0.105303 0.821626
vn 0.560217 -0.105303 0.821626
vn 0.560217 -0.105303 0.821626
vn 0.560217 -0.105303 0.821626
vt 0.7537 0.293
vt 0.7013 0.1862
vt 0.7624 0.1028
vt 0.898 0.2275
vt 0.891 0.411
vt 0.7675 0.4581
vt 0.6273 0.1707
vt 0.5823 0.0333
vt 0.4371 0.2441
vt 0.3914 0.0853
vt 0.9869 0.885
vt 0.9935 0.9864
vt 0.931 0.9882
vt 0.9245 0.8868
vt 0.9833 0.7093
vt 0.9208 0.7116
vt 0.9796 0.5037
vt 0.9171 0.506
vt 0.9152 0.3096
vt 0.9777 0.3086
vt 0.9108 0.0231
vt 0.9734 0.0222
vt 0.7305 0.2702
vt 0.7329 0.9929
vt 0.0109 0.9947
vt 0.0078 0.2726
f 1309/1309/1309 1311/1311/1311 1310/1310/1310
f 1311/1311/1311 1309/1309/1309 1312/1312/1312
f 1309/1309/1309 1313/1313/1313 1312/1312/1312
f 1313/1313/1313 1309/1309/1309 1314/1314/1314
f 1311/1311/1311 1315/1315/1315 1310/1310/1310
f 1315/1315/1315 1311/1311/1311 1316/1316/1316
f 1316/1316/1316 1317/1317/1317 1315/1315/1315
f 1317/1317/1317 1316/1316/1316 1318/1318/1318
f 1319/1319/1319 1321/1321/1321 1320/1320/1320
f 1321/1321/1321 1319/1319/1319 1322/1322/1322
f 1323/1323/1323 1322/1322/1322 1319/1319/1319
f 1322/1322/1322 1323/1323/1323 1324/1324/1324
f 1325/1325/1325 1324/1324/1324 1323/1323/1323
f 1324/1324/1324 1325/1325/1325 1326/1326/1326
f 1327/1327/1327 1325/1325/1325 1328/1328/1328
f 1325/1325/1325 1327/1327/1327 1326/1326/1326
f 1329/1329/1329 1328/1328/1328 1330/1330/1330
f 1328/1328/1328 1329/1329/1329 1327/1327/1327
f 1331/1331/1331 1333/1333/1333 1332/1332/1332
f 1331/1331/1331 1334/1334/1334 1333/1333/1333
