# NpcSenatus.bmd — MU geometry at action 0 key 0, exported for MU2
# 1 mesh(es)

g elder
# texture: elder.jpg
v -26.62945 95.16219 0.117721
v -6.231153 152.5831 20.34951
v -28.48565 95.925 -0.03818
v -8.029953 153.2912 20.1576
v -28.48565 95.925 -0.03818
v -6.231153 152.5831 20.34951
v -31.28295 87.13658 -3.617878
v -31.78285 85.17319 -4.598077
v -27.18605 89.26209 -0.377178
v -25.65015 88.48919 0.263423
v -27.18605 89.26209 -0.377178
v -31.78285 85.17319 -4.598077
v -27.18605 89.26209 -0.377178
v -28.48565 95.925 -0.03818
v -30.16595 90.88809 -1.978579
v -27.18605 89.26209 -0.377178
v -25.65015 88.48919 0.263423
v -28.48565 95.925 -0.03818
v -26.62945 95.16219 0.117721
v -28.48565 95.925 -0.03818
v -25.65015 88.48919 0.263423
v -2.758656 153.9473 24.33631
v -6.965055 156.5276 21.4265
v -5.169353 154.0109 22.4664
v -8.029953 153.2912 20.1576
v -5.169353 154.0109 22.4664
v -6.965055 156.5276 21.4265
v -4.448252 153.3128 21.7424
v -5.169353 154.0109 22.4664
v -6.231153 152.5831 20.34951
v -8.029953 153.2912 20.1576
v -6.231153 152.5831 20.34951
v -5.169353 154.0109 22.4664
v -2.073954 168.6259 24.8526
v -3.115456 167.343 25.2437
v -0.441956 163.6181 25.6309
v -1.746454 163.3167 25.9115
v -0.441956 163.6181 25.6309
v -3.115456 167.343 25.2437
v -31.28295 87.13658 -3.617878
v -27.18605 89.26209 -0.377178
v -30.16595 90.88809 -1.978579
v -3.230352 157.2423 24.2732
v 0.221247 160.0752 27.09401
v -6.062954 159.064 22.3222
v -4.445456 163.6059 23.9247
v -6.062954 159.064 22.3222
v 0.221247 160.0752 27.09401
v 0.221247 160.0752 27.09401
v -1.746454 163.3167 25.9115
v -4.445456 163.6059 23.9247
v -3.115456 167.343 25.2437
v -4.445456 163.6059 23.9247
v -1.746454 163.3167 25.9115
v -1.126055 153.0551 24.19611
v -2.214254 155.4065 23.5908
v -2.758656 153.9473 24.33631
v -3.501154 155.8374 23.9483
v -2.758656 153.9473 24.33631
v -2.214254 155.4065 23.5908
v -2.214254 155.4065 23.5908
v -2.007654 156.9308 23.8783
v -3.501154 155.8374 23.9483
v -3.230352 157.2423 24.2732
v -3.501154 155.8374 23.9483
v -2.007654 156.9308 23.8783
v -1.126055 153.0551 24.19611
v -2.758656 153.9473 24.33631
v -4.448252 153.3128 21.7424
v -5.169353 154.0109 22.4664
v -4.448252 153.3128 21.7424
v -2.758656 153.9473 24.33631
v 2.346243 159.3692 27.3371
v 0.221247 160.0752 27.09401
v -2.007654 156.9308 23.8783
v -3.230352 157.2423 24.2732
v -2.007654 156.9308 23.8783
v 0.221247 160.0752 27.09401
v -2.758656 153.9473 24.33631
v -3.501154 155.8374 23.9483
v -6.965055 156.5276 21.4265
v -3.230352 157.2423 24.2732
v -6.965055 156.5276 21.4265
v -3.230352 157.2423 24.2732
v -6.062954 159.064 22.3222
v 2.346243 159.3692 27.3371
v -0.441956 163.6181 25.6309
v 0.221247 160.0752 27.09401
v -1.746454 163.3167 25.9115
v 0.221247 160.0752 27.09401
v -0.441956 163.6181 25.6309
v -28.48565 95.925 -0.03818
v -8.792053 154.1209 18.5754
v -29.26155 96.74279 -1.705882
v -8.792053 154.1209 18.5754
v -28.48565 95.925 -0.03818
v -8.029953 153.2912 20.1576
v -32.69065 92.56759 -4.19078
v -31.78285 85.17319 -4.598077
v -31.28295 87.13658 -3.617878
v -31.78285 85.17319 -4.598077
v -32.69065 92.56759 -4.19078
v -33.81015 93.38928 -5.389979
v -30.16595 90.88809 -1.978579
v -28.48565 95.925 -0.03818
v -32.69065 92.56759 -4.19078
v -28.48565 95.925 -0.03818
v -33.81015 93.38928 -5.389979
v -32.69065 92.56759 -4.19078
v -33.81015 93.38928 -5.389979
v -28.48565 95.925 -0.03818
v -29.26155 96.74279 -1.705882
v -9.545954 156.639 19.4343
v -6.965055 156.5276 21.4265
v -11.20395 159.0187 18.4853
v -6.965055 156.5276 21.4265
v -9.545954 156.639 19.4343
v -8.029953 153.2912 20.1576
v -8.792053 154.1209 18.5754
v -9.545954 156.639 19.4343
v -9.518753 156.3576 18.2293
v -9.545954 156.639 19.4343
v -8.792053 154.1209 18.5754
v -8.029953 153.2912 20.1576
v -6.068853 166.9971 21.7324
v -3.115456 167.343 25.2437
v -2.073954 168.6259 24.8526
v -3.115456 167.343 25.2437
v -6.068853 166.9971 21.7324
v -6.363855 166.0894 22.7124
v -30.16595 90.88809 -1.978579
v -32.69065 92.56759 -4.19078
v -31.28295 87.13658 -3.617878
v -6.062954 159.064 22.3222
v -9.539553 165.9365 20.3316
v -8.965555 160.6862 20.2998
v -9.539553 165.9365 20.3316
v -6.062954 159.064 22.3222
v -4.445456 163.6059 23.9247
v -6.363855 166.0894 22.7124
v -9.539553 165.9365 20.3316
v -11.20395 159.0187 18.4853
v -9.737755 159.9243 18.3785
v -11.82195 159.4779 16.7859
v -9.737755 159.9243 18.3785
v -11.20395 159.0187 18.4853
v -9.614252 159.5082 19.7131
v -9.614252 159.5082 19.7131
v -8.977453 161.1161 19.0495
v -9.737755 159.9243 18.3785
v -8.977453 161.1161 19.0495
v -9.614252 159.5082 19.7131
v -8.965555 160.6862 20.2998
v -9.518753 156.3576 18.2293
v -11.20395 159.0187 18.4853
v -11.82195 159.4779 16.7859
v -11.20395 159.0187 18.4853
v -9.518753 156.3576 18.2293
v -9.545954 156.639 19.4343
v -8.977453 161.1161 19.0495
v -9.539553 165.9365 20.3316
v -10.36735 167.0036 18.529
v -9.539553 165.9365 20.3316
v -8.977453 161.1161 19.0495
v -8.965555 160.6862 20.2998
v -6.965055 156.5276 21.4265
v -9.614252 159.5082 19.7131
v -11.20395 159.0187 18.4853
v -8.965555 160.6862 20.2998
v -6.062954 159.064 22.3222
v -8.965555 160.6862 20.2998
v -6.965055 156.5276 21.4265
v -9.539553 165.9365 20.3316
v -6.068853 166.9971 21.7324
v -10.36735 167.0036 18.529
v -6.068853 166.9971 21.7324
v -9.539553 165.9365 20.3316
v -6.363855 166.0894 22.7124
v -27.37855 96.05499 -1.52348
v -6.231153 152.5831 20.34951
v -26.62945 95.16219 0.117721
v -6.231153 152.5831 20.34951
v -27.37855 96.05499 -1.52348
v -6.993553 153.4129 18.7675
v -26.76975 89.31099 -0.935678
v -31.78285 85.17319 -4.598077
v -30.86745 87.18539 -4.175378
v -31.78285 85.17319 -4.598077
v -26.76975 89.31099 -0.935678
v -25.65015 88.48919 0.263423
v -29.29445 90.99039 -3.147879
v -27.37855 96.05499 -1.52348
v -26.76975 89.31099 -0.935678
v -27.37855 96.05499 -1.52348
v -25.65015 88.48919 0.263423
v -26.76975 89.31099 -0.935678
v -25.65015 88.48919 0.263423
v -27.37855 96.05499 -1.52348
v -26.62945 95.16219 0.117721
v -4.024555 154.1453 20.9306
v -5.745451 156.671 19.79
v -1.53895 154.0906 22.70001
v -5.745451 156.671 19.79
v -4.024555 154.1453 20.9306
v -6.993553 153.4129 18.7675
v -6.231153 152.5831 20.34951
v -4.024555 154.1453 20.9306
v -4.448252 153.3128 21.7424
v -4.024555 154.1453 20.9306
v -6.231153 152.5831 20.34951
v -6.993553 153.4129 18.7675
v -0.441956 163.6181 25.6309
v -1.895254 167.4863 23.6068
v -2.073954 168.6259 24.8526
v -1.895254 167.4863 23.6068
v -0.441956 163.6181 25.6309
v -0.526453 163.46 24.2747
v -29.29445 90.99039 -3.147879
v -26.76975 89.31099 -0.935678
v -30.86745 87.18539 -4.175378
v -4.842556 159.2073 20.6851
v 1.440947 160.2184 25.4577
v -2.010756 157.3856 22.6369
v 1.440947 160.2184 25.4577
v -4.842556 159.2073 20.6851
v -3.225653 163.7493 22.288
v -0.526453 163.46 24.2747
v -1.895254 167.4863 23.6068
v -1.53895 154.0906 22.70001
v -2.214254 155.4065 23.5908
v -1.126055 153.0551 24.19611
v -2.214254 155.4065 23.5908
v -1.53895 154.0906 22.70001
v -2.281553 155.9807 22.312
v -2.281553 155.9807 22.312
v -2.007654 156.9308 23.8783
v -2.214254 155.4065 23.5908
v -2.007654 156.9308 23.8783
v -2.281553 155.9807 22.312
v -2.010756 157.3856 22.6369
v -4.448252 153.3128 21.7424
v -1.53895 154.0906 22.70001
v -1.126055 153.0551 24.19611
v -1.53895 154.0906 22.70001
v -4.448252 153.3128 21.7424
v -4.024555 154.1453 20.9306
v -2.007654 156.9308 23.8783
v 1.440947 160.2184 25.4577
v 2.346243 159.3692 27.3371
v 1.440947 160.2184 25.4577
v -2.007654 156.9308 23.8783
v -2.010756 157.3856 22.6369
v -5.745451 156.671 19.79
v -2.281553 155.9807 22.312
v -1.53895 154.0906 22.70001
v -5.745451 156.671 19.79
v -2.010756 157.3856 22.6369
v -2.281553 155.9807 22.312
v -4.842556 159.2073 20.6851
v -2.010756 157.3856 22.6369
v -5.745451 156.671 19.79
v 1.440947 160.2184 25.4577
v -0.441956 163.6181 25.6309
v 2.346243 159.3692 27.3371
v -0.441956 163.6181 25.6309
v 1.440947 160.2184 25.4577
v -0.526453 163.46 24.2747
v -29.26155 96.74279 -1.705882
v -8.792053 154.1209 18.5754
v -27.37855 96.05499 -1.52348
v -6.993553 153.4129 18.7675
v -27.37855 96.05499 -1.52348
v -8.792053 154.1209 18.5754
v -30.86745 87.18539 -4.175378
v -31.78285 85.17319 -4.598077
v -32.27445 92.61649 -4.74928
v -33.81015 93.38928 -5.389979
v -32.27445 92.61649 -4.74928
v -31.78285 85.17319 -4.598077
v -32.27445 92.61649 -4.74928
v -27.37855 96.05499 -1.52348
v -29.29445 90.99039 -3.147879
v -32.27445 92.61649 -4.74928
v -33.81015 93.38928 -5.389979
v -27.37855 96.05499 -1.52348
v -29.26155 96.74279 -1.705882
v -27.37855 96.05499 -1.52348
v -33.81015 93.38928 -5.389979
v -9.984153 159.1619 16.8489
v -5.745451 156.671 19.79
v -8.401255 156.7735 17.8985
v -6.993553 153.4129 18.7675
v -8.401255 156.7735 17.8985
v -5.745451 156.671 19.79
v -9.518753 156.3576 18.2293
v -8.401255 156.7735 17.8985
v -8.792053 154.1209 18.5754
v -6.993553 153.4129 18.7675
v -8.792053 154.1209 18.5754
v -8.401255 156.7735 17.8985
v -2.073954 168.6259 24.8526
v -1.895254 167.4863 23.6068
v -6.068853 166.9971 21.7324
v -5.14385 166.2327 21.0758
v -6.068853 166.9971 21.7324
v -1.895254 167.4863 23.6068
v -30.86745 87.18539 -4.175378
v -32.27445 92.61649 -4.74928
v -29.29445 90.99039 -3.147879
v -7.745651 160.8295 18.6634
v -8.319853 166.0797 18.6952
v -4.842556 159.2073 20.6851
v -3.225653 163.7493 22.288
v -4.842556 159.2073 20.6851
v -8.319853 166.0797 18.6952
v -5.14385 166.2327 21.0758
v -3.225653 163.7493 22.288
v -1.895254 167.4863 23.6068
v -5.14385 166.2327 21.0758
v -11.82195 159.4779 16.7859
v -9.737755 159.9243 18.3785
v -9.984153 159.1619 16.8489
v -8.394753 159.6515 18.077
v -9.984153 159.1619 16.8489
v -9.737755 159.9243 18.3785
v -9.737755 159.9243 18.3785
v -8.977453 161.1161 19.0495
v -8.394753 159.6515 18.077
v -7.745651 160.8295 18.6634
v -8.394753 159.6515 18.077
v -8.977453 161.1161 19.0495
v -11.82195 159.4779 16.7859
v -9.984153 159.1619 16.8489
v -9.518753 156.3576 18.2293
v -8.401255 156.7735 17.8985
v -9.518753 156.3576 18.2293
v -9.984153 159.1619 16.8489
v -10.36735 167.0036 18.529
v -8.319853 166.0797 18.6952
v -8.977453 161.1161 19.0495
v -7.745651 160.8295 18.6634
v -8.977453 161.1161 19.0495
v -8.319853 166.0797 18.6952
v -9.984153 159.1619 16.8489
v -8.394753 159.6515 18.077
v -5.745451 156.671 19.79
v -8.394753 159.6515 18.077
v -7.745651 160.8295 18.6634
v -5.745451 156.671 19.79
v -5.745451 156.671 19.79
v -7.745651 160.8295 18.6634
v -10.36735 167.0036 18.529
v -6.068853 166.9971 21.7324
v -8.319853 166.0797 18.6952
v -5.14385 166.2327 21.0758
v -8.319853 166.0797 18.6952
v -6.068853 166.9971 21.7324
v 0.219374 187.9892 2.726298
v 1.590376 185.6616 -5.149307
v -1.161426 185.8977 2.315398
v -20.78893 156.6959 -2.439406
v -9.07742 149.0854 4.598907
v -11.42592 160.7804 -1.208499
v -13.82712 132.7376 4.19311
v -7.353426 169.9492 7.629404
v -8.376023 169.0894 -0.4193
v -8.383723 163.0612 6.808107
v -8.717724 175.2413 -0.049902
v -8.376023 169.0894 -0.4193
v -9.655324 165.6621 -8.714906
v -11.42592 160.7803 -1.2085
v -8.459123 173.6713 -6.520906
v -8.717724 175.2413 -0.049902
v -2.954729 183.2743 8.826803
v 0.219374 187.9892 2.726298
v -1.161426 185.8977 2.315398
v -1.300428 185.3113 11.0798
v 2.25368 179.9931 -9.284809
v -7.119027 182.6918 -4.623607
v 1.590376 185.6616 -5.149307
v -6.954023 179.003 -5.449507
v 2.283583 171.337 -10.07331
v 1.788478 167.4501 -11.37131
v -8.849026 181.3249 0.627497
v -5.887926 185.0388 1.523998
v -8.698325 178.3137 0.121998
v -8.849026 181.3249 0.627497
v -7.07093 182.9125 7.608703
v -5.887926 185.0388 1.523998
v -1.749323 170.0127 12.50731
v -3.466224 170.1114 9.423309
v -1.364024 168.6143 10.24041
v -1.400426 175.7714 10.95791
v -16.9486 52.84029 -46.4472
v 2.770402 118.9943 -33.02361
v 1.023997 51.48779 -56.5632
v -9.179101 114.0149 -29.89911
v -21.46 109.8584 -23.25581
v -28.5384 56.40999 -24.95599
v -13.04681 139.4572 -25.66231
v -19.71192 144.3509 -22.12291
v -23.36472 133.9785 -11.5018
v -20.33632 132.7856 -5.595198
v -27.07014 149.4921 -5.138906
v -23.36472 133.9785 -11.5018
v -10.27331 153.2212 -24.86711
v -13.58582 155.6431 -24.02631
v -10.06121 156.9784 -23.67731
v -17.32811 106.7318 -13.206
v -21.46 109.8584 -23.25581
v -23.6202 64.98429 -11.4602
v -11.77751 106.1992 -6.242091
v -19.5058 66.0976 -0.523596
v 2.795691 152.2949 -25.60551
v 2.687487 161.3179 -22.36851
v 2.679795 136.8152 -27.94411
v -28.5384 56.40999 -24.95599
v -29.34794 155.2214 -13.17071
v -27.18814 150.1862 -3.898806
v -30.26904 156.7322 -13.35711
v -27.07014 149.4921 -5.138906
v -23.64833 150.385 -23.77681
v -29.34794 155.2214 -13.17071
v -30.26904 156.7322 -13.35711
v -23.43743 148.6515 -22.30601
v -20.62389 0.172691 -7.19429
v -28.38819 6.768991 1.703104
v -28.69199 0.172791 0.466206
v -20.83939 3.48229 -8.946594
v -19.56389 0.172689 -18.89999
v -20.47419 8.623091 -14.60169
v -19.90209 14.83799 -24.49109
v -19.61069 8.945188 -36.24969
v -20.20429 0.172688 -35.49479
v -28.82119 8.565586 -36.12109
v -29.87769 0.172685 -35.24599
v -27.23539 8.315689 -8.747994
v -32.33689 3.782389 -9.341794
v -33.24589 0.172689 -8.837096
v -32.75899 0.172687 -21.87349
v -31.25009 6.345489 -19.71459
v -28.70489 16.89439 -24.20789
v -28.82119 8.565586 -36.12109
v -29.87769 0.172685 -35.24599
v -25.86289 12.77709 -14.88309
v -16.42661 129.0334 1.765508
v -6.274627 178.6112 8.032602
v -8.698325 178.3137 0.121998
v -1.631225 178.4371 12.44671
v -4.169227 178.5181 9.305006
v -7.081128 175.8541 8.059906
v -4.080024 167.7639 9.862608
v -1.507422 167.7653 10.98611
v -18.83822 163.1242 -11.18571
v -9.65532 165.6621 -8.714806
v -32.75899 0.172687 -21.87349
v -0.756611 133.3064 7.872614
v -0.78161 128.9953 7.143612
v -1.400426 175.7714 10.95791
v -9.07742 149.0854 4.598907
v -5.319015 141.2473 5.324709
v -9.07742 149.0854 4.598907
v -0.756611 133.3064 7.872614
v -0.567911 134.5411 6.146212
v -0.535908 124.3917 3.462111
v -0.597104 113.3492 1.565411
v -7.847116 66.81189 -3.701496
v -18.83822 163.1242 -11.18571
v -9.65532 165.6621 -8.714806
v 1.788478 167.4501 -11.37131
v -19.71192 144.3509 -22.12291
v -13.04681 139.4572 -25.66231
v -13.30871 142.5464 -29.21122
v 2.679795 136.8152 -27.94411
v 3.075696 139.1904 -31.61511
v -16.73222 128.5454 4.027111
v -16.42661 129.0334 1.765508
v -0.726008 124.5537 5.525812
v -0.535908 124.3917 3.462111
v 1.023905 20.26818 -89.5063
v -22.6126 42.02398 -49.6183
v 1.0297 43.10479 -70.0869
v -34.6543 4.06868 -69.95081
v -41.30729 8.599274 -44.01009
v -28.98909 41.82919 -30.43089
v -27.60369 8.093691 -4.390396
v -26.08079 42.51799 -17.7275
v -36.60619 3.839187 -23.35139
v -20.78079 41.62319 -6.041695
v -28.98909 41.82919 -30.43089
v -41.30729 8.599274 -44.01009
v -9.269621 43.948 -4.72999
v -12.03704 -0.533806 0.840517
v -28.65891 4.068672 -107.14
v 1.024 -1.011017 -130.311
v -1.417322 165.9922 10.35241
v -4.025023 165.9639 9.366007
v -5.319015 141.2473 5.324709
v -1.91262 157.2828 12.51282
v -5.85112 156.4517 8.95441
v -0.567911 134.5411 6.146212
v -9.07742 149.0854 4.598907
v -11.42592 160.7803 -1.2085
v -8.376023 169.0894 -0.4193
v 1.023981 65.91359 -3.290689
v 1.023958 -0.994721 -0.553579
v 1.023977 43.68889 -4.95159
v -0.79581 127.9067 7.043913
v -16.73222 128.5454 4.027111
v -0.726008 124.5537 5.525812
v -14.22071 131.8857 5.164209
v -27.18814 150.1862 -3.898806
v -22.02873 156.4677 -2.162107
v -30.26904 156.7322 -13.35711
v -19.99623 164.4792 -11.10971
v -19.99623 164.4792 -11.10971
v -23.64833 150.385 -23.77681
v -30.26904 156.7322 -13.35711
v -14.19823 156.3356 -24.85261
v -13.30871 142.5464 -29.21122
v -10.65351 153.153 -25.95141
v 2.91839 152.3036 -26.91072
v 3.075696 139.1904 -31.61511
v -0.78161 128.9953 7.143612
v -14.22071 131.8857 5.164209
v -0.79581 127.9067 7.043913
v -13.82712 132.7376 4.19311
v -22.02873 156.4677 -2.162107
v -20.78893 156.6959 -2.439406
v -19.99623 164.4792 -11.10971
v -18.83822 163.1242 -11.18571
v -18.83822 163.1242 -11.18571
v -14.19823 156.3356 -24.85261
v -19.99623 164.4792 -11.10971
v -13.58582 155.6431 -24.02631
v -10.65351 153.153 -25.95141
v -10.27331 153.2212 -24.86711
v 2.91839 152.3036 -26.91072
v 2.795691 152.2949 -25.60551
v -4.169227 178.5181 9.305006
v -2.954729 183.2743 8.826803
v -1.161426 185.8977 2.315398
v -1.161426 185.8977 2.315398
v 1.604975 185.8624 2.807399
v 24.52139 156.99 -3.711302
v 12.58439 160.2603 1.044203
v 8.697286 148.7003 6.266607
v 12.73339 132.1623 6.685118
v 5.18938 169.7894 9.860208
v 6.269183 162.8744 9.414211
v 8.902484 168.8691 2.653704
v 9.247781 175.0123 3.145302
v 8.902484 168.8691 2.653704
v 12.58439 160.2602 1.044203
v 12.45138 165.1832 -6.640702
v 11.19708 173.4207 -3.025002
v 9.247781 175.0123 3.145302
v 0.978274 183.2242 9.526305
v 1.604975 185.8624 2.807399
v 9.508481 182.4798 -1.666404
v 9.547182 178.7927 -2.514803
v 6.291877 184.8836 3.690201
v 9.287678 181.0937 3.853202
v 9.24628 178.085 3.313502
v 9.287678 181.0937 3.853202
v 6.291877 184.8836 3.690201
v 5.251776 182.7554 9.800304
v 0.927278 170.0554 10.20471
v 18.99649 52.84029 -46.4472
v 13.70571 113.5191 -27.75201
v 24.34741 108.8661 -18.958
v 29.25269 56.3149 -24.02989
v 17.8067 138.7889 -22.76751
v 23.9013 143.4061 -18.0309
v 25.067 132.9293 -6.957795
v 20.945 131.8914 -1.722094
v 25.067 132.9293 -6.957795
v 30.56709 150.004 -7.3561
v 15.52709 152.6623 -22.44641
v 15.25889 156.4299 -21.30171
v 14.15279 155.626 -23.953
v 18.28871 105.9603 -9.864294
v 24.34741 108.8661 -18.958
v 24.60869 64.7436 -10.34659
v 11.5225 105.6944 -4.055989
v 20.58079 65.7446 0.63291
v 29.25269 56.3149 -24.02989
v 31.39089 155.789 -15.6266
v 32.21919 157.3309 -15.9471
v 30.84829 150.7053 -6.146501
v 30.56709 150.004 -7.3561
v 24.31449 150.7258 -25.2541
v 32.21919 157.3309 -15.9471
v 31.39089 155.789 -15.6266
v 24.39129 148.9898 -23.7728
v 20.30348 0.159699 -7.089684
v 28.37158 0.159699 0.570826
v 28.06788 6.755899 1.807617
v 20.51908 3.469198 -8.841984
v 20.15378 8.610096 -14.49718
v 19.24348 0.159695 -18.79548
v 19.58168 14.825 -24.38649
v 19.29028 8.932195 -36.14509
v 19.88388 0.159692 -35.39029
v 28.50078 8.552594 -36.01659
v 29.55728 0.159694 -35.14139
v 32.01648 3.769297 -9.237281
v 26.91508 8.302698 -8.643483
v 32.92548 0.159698 -8.732578
v 32.43858 0.159695 -21.76888
v 30.92968 6.332496 -19.61008
v 28.50078 8.552594 -36.01659
v 28.38458 16.8814 -24.10339
v 29.55728 0.159694 -35.14139
v 25.54248 12.7641 -14.77858
v 15.5775 128.3402 4.768213
v 4.252078 178.4771 9.904806
v 9.24628 178.085 3.313502
v 1.835477 178.4415 10.37301
v 4.931378 175.701 10.19641
v 1.293878 167.6954 10.81831
v 21.03519 163.3227 -12.04161
v 12.45139 165.1833 -6.640702
v 32.43858 0.159695 -21.76888
v 8.697286 148.7003 6.266607
v 8.697286 148.7003 6.266607
v 4.536589 141.0338 6.249411
v 9.895088 66.81189 -3.701489
v 12.45139 165.1833 -6.640702
v 21.03519 163.3227 -12.04161
v 23.9013 143.4061 -18.0309
v 17.8067 138.7889 -22.76751
v 18.8562 141.8497 -26.19341
v 15.4361 127.8486 7.045214
v 15.5775 128.3402 4.768213
v 24.6605 42.02398 -49.6183
v 36.70221 4.068687 -69.95079
v 40.80219 8.590694 -44.05438
v 29.33439 41.83379 -29.78059
v 27.28338 8.080698 -4.285883
v 36.28578 3.826195 -23.24689
v 26.51189 42.34909 -17.04969
v 21.25608 41.3562 -5.351888
v 40.80219 8.590694 -44.05438
v 29.33439 41.83379 -29.78059
v 11.31748 43.94799 -4.729988
v 14.08496 -0.533821 0.840521
v 30.7068 4.068684 -107.14
v 1.368979 165.8951 10.32531
v 4.536589 141.0338 6.249411
v 2.989383 156.339 10.52671
v 8.697286 148.7003 6.266607
v 12.58439 160.2602 1.044203
v 8.902484 168.8691 2.653704
v 15.4361 127.8486 7.045214
v 12.90259 131.2981 7.709009
v 30.84829 150.7053 -6.146501
v 25.79629 156.8064 -3.626803
v 32.21919 157.3309 -15.9471
v 22.14289 164.718 -12.13941
v 22.14289 164.718 -12.13941
v 32.21919 157.3309 -15.9471
v 24.31449 150.7258 -25.2541
v 14.60729 156.3376 -24.8611
v 18.8562 141.8497 -26.19341
v 16.099 152.5735 -23.44141
v 12.90259 131.2981 7.709009
v 12.73339 132.1623 6.685118
v 25.79629 156.8064 -3.626803
v 24.52139 156.99 -3.711302
v 22.14289 164.718 -12.13941
v 21.03519 163.3227 -12.04161
v 21.03519 163.3227 -12.04161
v 22.14289 164.718 -12.13941
v 14.60729 156.3376 -24.8611
v 14.15279 155.626 -23.953
v 16.099 152.5735 -23.44141
v 15.52709 152.6623 -22.44641
v 1.835477 178.4415 10.37301
v 0.978274 183.2242 9.526305
v 1.604975 185.8624 2.807399
v 1.604975 185.8624 2.807399
v 25.067 132.9293 -6.957795
v 23.9013 143.4061 -18.0309
v 27.2625 144.9599 -8.874999
v 30.56709 150.004 -7.3561
v 25.067 132.9293 -6.957795
v 27.2625 144.9599 -8.874999
v 31.39089 155.789 -15.6266
v 30.56709 150.004 -7.3561
v 27.2625 144.9599 -8.874999
v 24.39129 148.9898 -23.7728
v 31.39089 155.789 -15.6266
v 27.2625 144.9599 -8.874999
v 23.9013 143.4061 -18.0309
v -19.71192 144.3509 -22.12291
v -23.36472 133.9785 -11.5018
v -24.64702 146.0843 -13.74531
v -23.36472 133.9785 -11.5018
v -27.07014 149.4921 -5.138906
v -24.64702 146.0843 -13.74531
v -27.07014 149.4921 -5.138906
v -29.34794 155.2214 -13.17071
v -24.64702 146.0843 -13.74531
v -29.34794 155.2214 -13.17071
v -23.43743 148.6515 -22.30601
v -24.64702 146.0843 -13.74531
v -19.71192 144.3509 -22.12291
v 40.70719 139.2034 -22.08569
v 36.65799 148.9112 -17.3926
v 27.02189 143.914 -14.4684
v 30.02068 133.55 -17.90299
v 30.06488 131.2323 -26.5336
v 5.00187 118.2523 -26.4123
v 6.73147 112.9413 -27.1544
v 29.91008 125.7372 -21.53039
v 29.91008 125.7372 -21.53039
v 33.79238 122.6399 -31.73499
v 36.95468 123.5556 -30.68689
v 34.59748 128.2501 -21.28269
v 33.66139 153.5172 -17.4919
v 30.51829 154.151 -21.9894
v 27.49199 133.3888 -25.6701
v 23.03839 145.3 -20.5621
v 28.69909 149.6785 -27.0476
v 32.49229 142.3914 -31.3012
v 42.41089 131.8234 -26.68519
v 35.36439 133.706 -32.4547
v 32.49229 142.3914 -31.3012
v 42.66455 49.50854 -48.97259
v 16.22623 37.55204 -56.55638
v 12.23346 104.4656 -45.4702
v 36.67858 115.977 -35.8132
v 33.72778 112.4242 -23.71899
v 42.66455 49.50854 -48.97259
v 48.48047 77.54745 -39.51729
v 37.42198 116.0937 -22.26069
v 28.69909 149.6785 -27.0476
v 24.76019 153.1014 -23.33321
v 30.51829 154.151 -21.9894
v 30.02068 133.55 -17.90299
v 27.02189 143.914 -14.4684
v 1.03667 116.4972 -41.2263
v 2.660668 112.5518 -40.6036
v 0.439266 109.8168 -40.5182
v -1.203032 115.2875 -42.5655
v 5.266371 113.7618 -38.8728
v 3.326769 110.2014 -37.6293
v 7.832872 119.0761 -33.0015
v 10.10447 115.2539 -33.0117
v -4.165833 120.4517 -39.6549
v -6.320836 119.2525 -40.9102
v -7.400637 116.0996 -36.0059
v -5.204633 118.8233 -36.1404
v -3.473335 115.9752 -31.631
v -1.540732 119.5388 -32.8905
v 8.563171 114.5363 -27.41669
v 4.91807 118.0117 -27.232
v 1.03667 116.4972 -41.2263
v -1.203032 115.2875 -42.5655
v -7.400637 116.0996 -36.0059
v -6.320836 119.2525 -40.9102
v -3.473335 115.9752 -31.631
v 8.563171 114.5363 -27.41669
v -5.057133 121.8275 -38.9497
v -4.048432 121.4484 -40.965
v -4.438437 120.1132 -39.2753
v 5.266371 113.7618 -38.8728
v 2.660668 112.5518 -40.6036
v 7.832872 119.0761 -33.0015
v -1.909432 123.0706 -34.8843
v -1.742932 120.0649 -36.4139
v 1.564469 122.3919 -37.49
v -1.742932 120.0649 -36.4139
v 1.564469 122.3919 -37.49
v -1.540732 119.5388 -32.8905
v -5.057133 121.8275 -38.9497
v -4.438437 120.1132 -39.2753
v -4.048432 121.4484 -40.965
v 35.36439 133.706 -32.4547
v 48.48047 77.54745 -39.51729
v 40.00938 120.3664 -33.0997
v 33.37818 132.4905 -26.4987
v 30.40188 127.9671 -28.0827
v 32.15518 128.3467 -20.07419
v 26.26529 148.6234 -12.6923
v 26.26479 148.623 -12.6911
v 12.39286 102.5326 -39.96209
v 7.832872 119.0761 -33.0015
v 4.91807 118.0117 -27.232
v 5.00187 118.2523 -26.4123
v 4.91807 118.0117 -27.232
v 8.563171 114.5363 -27.41669
v 6.73147 112.9413 -27.1544
v 8.563171 114.5363 -27.41669
v 10.10447 115.2539 -33.0117
v 11.89247 113.6008 -32.9206
v 10.47946 99.12318 -32.84289
v 12.39286 102.5326 -39.96209
v 16.22623 37.55204 -56.55638
v 11.89247 113.6008 -32.9206
v 10.10447 115.2539 -33.0117
v 26.26479 148.623 -12.6911
v 26.26529 148.6234 -12.6923
v 20.38779 150.3197 -17.73161
v 6.73147 112.9413 -27.1544
v 34.59748 128.2501 -21.28269
v 32.15518 128.3467 -20.07419
v 20.38779 150.3197 -17.73161
v 7.832872 119.0761 -33.0015
v 26.19049 159.662 -17.23001
v 27.40419 159.8386 -13.3286
v 33.66139 153.5172 -17.4919
v 30.51829 154.151 -21.9894
v 20.40119 156.4808 -15.21601
v 21.41999 157.2351 -18.87951
v 24.76019 153.1014 -23.33321
v 20.38779 150.3197 -17.73161
v 24.45629 156.3404 -10.5955
v 26.26529 148.6234 -12.6923
v -33.84474 141.5591 -28.92891
v -30.15544 150.9457 -23.36631
v -32.89044 146.5563 -13.38511
v -37.63784 137.1516 -17.5344
v -32.76265 133.1008 -22.0638
v -26.90135 129.9174 4.324507
v -30.08565 125.2696 4.404509
v -38.91805 130.9949 -18.4686
v -38.91805 130.9949 -18.4686
v -32.94884 122.4223 -22.90349
v -34.74834 122.8269 -25.82489
v -40.06395 131.9237 -23.5845
v -26.41324 153.7996 -20.52801
v -21.88533 150.9585 -19.13741
v -31.36724 131.9255 -17.8681
v -26.49844 143.181 -11.7515
v -20.48734 144.108 -19.25341
v -22.91834 136.808 -24.3896
v -35.52954 133.5093 -32.2281
v -28.25844 130.013 -27.6035
v -22.91834 136.808 -24.3896
v -34.65061 48.06295 -32.31756
v -30.30931 32.96365 -6.310455
v -21.10996 104.7662 -1.760586
v -27.50146 120.0029 -25.73349
v -39.95456 120.0039 -22.49079
v -34.65061 48.06295 -32.31756
v -35.54618 79.77457 -37.72038
v -40.35326 124.2816 -26.10548
v -20.48734 144.108 -19.25341
v -20.03813 148.0458 -14.2216
v -21.88533 150.9585 -19.13741
v -37.63784 137.1516 -17.5344
v -32.89044 146.5563 -13.38511
v -16.11445 119.7041 8.518414
v -19.42815 116.9567 8.267014
v -20.72165 115.6095 11.25591
v -15.38295 118.4832 11.01791
v -20.53215 118.3536 5.424613
v -23.26985 117.1328 8.424514
v -22.11575 125.4227 1.32341
v -25.02565 122.1863 0.41421
v -13.62795 124.7689 12.17051
v -12.97095 123.5916 14.58711
v -18.36395 124.9045 16.67271
v -17.03555 126.217 13.71101
v -22.56955 126.8181 13.03541
v -19.81635 128.0321 10.04091
v -29.29295 125.7867 2.152408
v -26.42525 129.2191 4.474907
v -16.11445 119.7041 8.518414
v -15.38295 118.4832 11.01791
v -18.36395 124.9045 16.67271
v -12.97095 123.5916 14.58711
v -22.56955 126.8181 13.03541
v -29.29295 125.7867 2.152408
v -13.08545 126.4205 12.57331
v -12.05165 124.5673 11.72501
v -14.06275 124.8484 12.54131
v -20.53215 118.3536 5.424613
v -19.42815 116.9567 8.267014
v -22.11575 125.4227 1.32341
v -16.02455 129.2748 9.22741
v -16.82085 126.0935 10.03161
v -15.29065 126.2344 6.139311
v -16.82085 126.0935 10.03161
v -15.29065 126.2344 6.139311
v -19.81635 128.0321 10.04091
v -13.08545 126.4205 12.57331
v -14.06275 124.8484 12.54131
v -12.05165 124.5673 11.72501
v -28.25844 130.013 -27.6035
v -35.54618 79.77457 -37.72038
v -28.87196 125.3941 -28.95029
v -33.64175 133.2587 -25.4936
v -33.75154 126.9523 -21.5101
v -39.85885 132.3129 -20.3627
v -31.05104 151.0932 -11.99291
v -31.05204 151.0934 -11.99201
v -26.91076 104.475 -1.778283
v -22.11575 125.4227 1.32341
v -26.42525 129.2191 4.474907
v -26.90135 129.9174 4.324507
v -26.42525 129.2191 4.474907
v -29.29295 125.7867 2.152408
v -30.08565 125.2696 4.404509
v -29.29295 125.7867 2.152408
v -25.02565 122.1863 0.41421
v -26.53485 120.6607 -0.74029
v -34.62347 103.1226 0.30022
v -26.91076 104.475 -1.778283
v -30.30931 32.96365 -6.310455
v -26.53485 120.6607 -0.74029
v -25.02565 122.1863 0.41421
v -31.05204 151.0934 -11.99201
v -31.05104 151.0932 -11.99291
v -24.74074 148.1431 -8.212705
v -30.08565 125.2696 4.404509
v -40.06395 131.9237 -23.5845
v -39.85885 132.3129 -20.3627
v -24.74074 148.1431 -8.212705
v -22.11575 125.4227 1.32341
v -20.79564 157.0457 -13.34861
v -23.87073 159.7326 -13.12671
v -26.41324 153.7996 -20.52801
v -21.88533 150.9585 -19.13741
v -22.73963 154.4188 -7.264907
v -19.84523 153.1051 -9.483906
v -20.03813 148.0458 -14.2216
v -24.74074 148.1431 -8.212705
v -27.28943 157.9241 -9.460907
v -31.05104 151.0932 -11.99291
v -2.988117 161.8289 -19.95591
v 3.051983 175.557 -14.81671
v -3.331819 173.1791 -13.81271
v 2.496087 161.4234 -21.66431
v -15.15882 163.2437 -5.577203
v -9.492022 170.4529 -9.742007
v -13.58632 168.9457 -5.097804
v -10.96982 162.4486 -13.76941
v -9.545527 181.868 -1.334304
v -5.164426 186.2813 -7.620611
v -6.457929 187.1825 1.394696
v -7.512925 181.7043 -6.490808
v 2.090577 188.3184 -8.496712
v -0.317527 188.8604 5.0822
v -10.27493 177.1134 2.431
v -14.43412 168.3269 -0.3427
v -7.216028 184.326 5.5937
v -1.100528 187.0935 9.358103
v -14.10782 150.9212 4.018806
v -12.16113 166.0093 5.626705
v -8.661815 140.6508 4.724905
v -9.658625 172.3417 6.435804
v -7.974229 181.4695 9.792606
v -1.883527 185.3266 13.6339
v 8.637385 173.0265 -11.68401
v 7.579289 161.6 -18.96451
v 15.15099 168.5794 0.013202
v 12.94729 170.1669 -5.751102
v 16.91379 162.5489 -2.567999
v 14.29079 161.9014 -11.3994
v 6.674178 187.0151 3.730199
v 8.546079 186.1066 -5.182106
v 10.38098 181.614 2.2096
v 10.24728 181.4779 -3.332205
v 14.29189 167.9608 4.766307
v 9.64988 176.8594 5.974704
v 5.867377 184.1592 7.920604
v 15.44159 140.6665 4.651304
v 10.04378 165.7263 9.575911
v 13.56899 150.3216 6.615511
v 7.573079 172.1221 9.500507
v 5.060676 181.3034 12.11091
v -4.504419 149.1882 -27.5607
v -5.60612 148.6006 -27.9665
v -14.52682 161.9971 -25.84191
v -11.17802 163.8687 -24.61791
v -4.884619 148.5489 -25.603
v -5.986321 147.9613 -26.0088
v -5.60612 148.6006 -27.9665
v -4.504419 149.1882 -27.5607
v -5.986321 147.9613 -26.0088
v -15.30712 158.3747 -18.54341
v -14.52682 161.9971 -25.84191
v -5.60612 148.6006 -27.9665
v -11.96422 159.3702 -18.91211
v -4.884619 148.5489 -25.603
v -4.504419 149.1882 -27.5607
v -11.17802 163.8687 -24.61791
v -15.04542 171.6956 -18.03171
v -13.09462 161.3729 -14.40521
v -20.53902 167.914 -20.31471
v -15.04542 171.6956 -18.03171
v -16.35112 161.038 -15.00221
v -20.53902 167.914 -20.31471
v -10.63592 143.5301 5.085999
v -15.30863 157.1825 5.486993
v -18.83283 155.6622 4.268595
v -11.73763 142.9425 4.680099
v -10.25572 144.1694 3.128298
v -10.63592 143.5301 5.085999
v -11.73763 142.9425 4.680099
v -11.35742 143.5818 2.722399
v -11.35742 143.5818 2.722399
v -11.73763 142.9425 4.680099
v -18.83283 155.6622 4.268595
v -16.78603 153.4234 -0.231405
v -14.41852 152.9242 0.102995
v -15.30863 157.1825 5.486993
v -10.63592 143.5301 5.085999
v -10.25572 144.1694 3.128298
v -14.32172 158.1499 -4.897606
v -17.04392 167.3383 2.167892
v -17.04392 167.3383 2.167892
v -23.72073 163.5605 -0.381209
v -23.72073 163.5605 -0.381209
v -17.48483 158.4657 -5.427607
v -23.26403 167.0996 -10.35011
v -18.31172 163.2491 -9.502407
v -14.22502 163.3756 -9.898208
v -16.10462 171.8251 -7.416611
v -16.10462 171.8251 -7.416611
v -23.26403 167.0996 -10.35011
v 3.051983 175.557 -14.81671
v -2.988117 161.8289 -19.95591
v -3.331819 173.1791 -13.81271
v 2.496087 161.4234 -21.66431
v -9.492022 170.4529 -9.742007
v -15.15882 163.2437 -5.577203
v -13.58632 168.9457 -5.097804
v -10.96982 162.4486 -13.76941
v -5.164426 186.2813 -7.620611
v -9.545527 181.868 -1.334304
v -6.457929 187.1825 1.394696
v -7.512925 181.7043 -6.490808
v 2.090577 188.3184 -8.496712
v -0.317527 188.8604 5.0822
v -10.27493 177.1134 2.431
v -14.43412 168.3269 -0.3427
v -7.216028 184.326 5.5937
v -1.100528 187.0935 9.358103
v -12.16113 166.0093 5.626705
v -14.10782 150.9212 4.018806
v -8.661815 140.6508 4.724905
v -9.658625 172.3417 6.435804
v -7.974229 181.4695 9.792606
v -1.883527 185.3266 13.6339
v 4.631588 148.8261 -25.9971
v 14.34249 161.9858 -25.79121
v 5.678588 148.2765 -26.5677
v 11.15569 163.7418 -24.06611
v 5.328088 148.2058 -24.1218
v 5.678588 148.2765 -26.5677
v 6.374988 147.6562 -24.6924
v 4.631588 148.8261 -25.9971
v 6.374988 147.6562 -24.6924
v 14.34249 161.9858 -25.79121
v 15.43999 158.5757 -19.41301
v 5.678588 148.2765 -26.5677
v 12.96029 159.2887 -18.5584
v 4.631588 148.8261 -25.9971
v 5.328088 148.2058 -24.1218
v 11.15569 163.7418 -24.06611
v 15.70439 171.7185 -18.12461
v 14.69349 161.3423 -14.27051
v 20.91549 168.1262 -21.22851
v 15.70439 171.7185 -18.12461
v 20.91549 168.1262 -21.22851
v 17.83069 161.1207 -15.35791
v 15.86399 143.4748 5.321402
v 23.40889 155.887 3.296898
v 20.06039 157.2856 5.042397
v 16.91089 142.9252 4.750802
v 15.16749 144.0951 3.446102
v 16.91089 142.9252 4.750802
v 15.86399 143.4748 5.321402
v 16.21449 143.5455 2.875502
v 16.21449 143.5455 2.875502
v 23.40889 155.887 3.296898
v 16.91089 142.9252 4.750802
v 20.77989 153.5651 -0.845002
v 18.51009 152.9837 -0.155001
v 15.86399 143.4748 5.321402
v 20.06039 157.2856 5.042397
v 15.16749 144.0951 3.446102
v 17.46839 158.1898 -5.068903
v 20.91119 167.4883 1.524594
v 20.91119 167.4883 1.524594
v 27.25009 163.9408 -2.022705
v 20.50069 158.6154 -6.073904
v 27.25009 163.9408 -2.022705
v 20.22149 163.6657 -11.30281
v 25.15479 167.4351 -11.79701
v 16.42669 163.3959 -9.982706
v 18.36449 171.9138 -7.793709
v 18.36449 171.9138 -7.793709
v 25.15479 167.4351 -11.79701
v 8.637385 173.0265 -11.68401
v 7.579289 161.6 -18.96451
v 12.94729 170.1669 -5.751102
v 15.15099 168.5794 0.013202
v 16.91379 162.5489 -2.567999
v 14.29079 161.9014 -11.3994
v 8.546079 186.1066 -5.182106
v 6.674178 187.0151 3.730199
v 10.38098 181.614 2.2096
v 10.24728 181.4779 -3.332205
v 9.64988 176.8594 5.974704
v 14.29189 167.9608 4.766307
v 5.867377 184.1592 7.920604
v 10.04378 165.7263 9.575911
v 15.44159 140.6665 4.651304
v 13.56899 150.3216 6.615511
v 7.573079 172.1221 9.500507
v 5.060676 181.3034 12.11091
vn -0.188704 -0.266006 0.945321
vn -0.188704 -0.266006 0.945321
vn -0.188704 -0.266006 0.945321
vn -0.203011 -0.259914 0.944051
vn -0.203011 -0.259914 0.944051
vn -0.203011 -0.259914 0.944051
vn -0.501584 -0.28079 0.818273
vn -0.501584 -0.28079 0.818273
vn -0.501584 -0.28079 0.818273
vn -0.490496 -0.294997 0.819994
vn -0.490496 -0.294997 0.819994
vn -0.490496 -0.294997 0.819994
vn -0.528821 -0.145706 0.836133
vn -0.528821 -0.145706 0.836133
vn -0.528821 -0.145706 0.836133
vn -0.436898 -0.130499 0.889995
vn -0.436898 -0.130499 0.889995
vn -0.436898 -0.130499 0.889995
vn -0.079598 0.0101 0.996776
vn -0.079598 0.0101 0.996776
vn -0.079598 0.0101 0.996776
vn -0.610874 -0.111995 0.783767
vn -0.610874 -0.111995 0.783767
vn -0.610874 -0.111995 0.783767
vn -0.60771 -0.108501 0.786712
vn -0.60771 -0.108501 0.786712
vn -0.60771 -0.108501 0.786712
vn -0.151391 -0.782655 0.603765
vn -0.151391 -0.782655 0.603765
vn -0.151391 -0.782655 0.603765
vn -0.34021 -0.69162 0.637118
vn -0.34021 -0.69162 0.637118
vn -0.34021 -0.69162 0.637118
vn 0.127795 0.192893 0.972862
vn 0.127795 0.192893 0.972862
vn 0.127795 0.192893 0.972862
vn 0.157994 0.213592 0.964063
vn 0.157994 0.213592 0.964063
vn 0.157994 0.213592 0.964063
vn -0.54451 -0.194403 0.815915
vn -0.54451 -0.194403 0.815915
vn -0.54451 -0.194403 0.815915
vn -0.596069 -0.070196 0.799859
vn -0.596069 -0.070196 0.799859
vn -0.596069 -0.070196 0.799859
vn -0.596082 -0.069898 0.799875
vn -0.596082 -0.069898 0.799875
vn -0.596082 -0.069898 0.799875
vn -0.596182 -0.070198 0.799775
vn -0.596182 -0.070198 0.799775
vn -0.596182 -0.070198 0.799775
vn -0.596186 -0.070098 0.799781
vn -0.596186 -0.070098 0.799781
vn -0.596186 -0.070098 0.799781
vn 0.271197 0.355696 0.89439
vn 0.271197 0.355696 0.89439
vn 0.271197 0.355696 0.89439
vn 0.351197 0.318698 0.880393
vn 0.351197 0.318698 0.880393
vn 0.351197 0.318698 0.880393
vn 0.196695 -0.207395 0.958279
vn 0.196695 -0.207395 0.958279
vn 0.196695 -0.207395 0.958279
vn 0.235511 -0.261812 0.935943
vn 0.235511 -0.261812 0.935943
vn 0.235511 -0.261812 0.935943
vn -0.397013 -0.797825 0.453714
vn -0.397013 -0.797825 0.453714
vn -0.397013 -0.797825 0.453714
vn -0.360101 -0.824602 0.436302
vn -0.360101 -0.824602 0.436302
vn -0.360101 -0.824602 0.436302
vn -0.280599 -0.581798 0.763398
vn -0.280599 -0.581798 0.763398
vn -0.280599 -0.581798 0.763398
vn 0.036202 -0.726944 0.685742
vn 0.036202 -0.726944 0.685742
vn 0.036202 -0.726944 0.685742
vn -0.59619 -0.069999 0.799786
vn -0.59619 -0.069999 0.799786
vn -0.59619 -0.069999 0.799786
vn -0.59619 -0.069999 0.799786
vn -0.596109 -0.070401 0.799811
vn -0.596109 -0.070401 0.799811
vn -0.596109 -0.070401 0.799811
vn 0.022399 0.385186 0.922567
vn 0.022399 0.385186 0.922567
vn 0.022399 0.385186 0.922567
vn 0.104595 0.39628 0.912153
vn 0.104595 0.39628 0.912153
vn 0.104595 0.39628 0.912153
vn -0.868885 0.142398 0.474091
vn -0.868885 0.142398 0.474091
vn -0.868885 0.142398 0.474091
vn -0.862713 0.136202 0.487007
vn -0.862713 0.136202 0.487007
vn -0.862713 0.136202 0.487007
vn -0.755815 -0.128202 0.642112
vn -0.755815 -0.128202 0.642112
vn -0.755815 -0.128202 0.642112
vn -0.767399 -0.1288 0.628099
vn -0.767399 -0.1288 0.628099
vn -0.767399 -0.1288 0.628099
vn -0.6787 -0.0557 0.7323
vn -0.6787 -0.0557 0.7323
vn -0.6787 -0.0557 0.7323
vn -0.717314 0.038001 0.695713
vn -0.717314 0.038001 0.695713
vn -0.717314 0.038001 0.695713
vn -0.736901 0.4048 0.5414
vn -0.736901 0.4048 0.5414
vn -0.736901 0.4048 0.5414
vn -0.610216 -0.112403 0.784221
vn -0.610216 -0.112403 0.784221
vn -0.610216 -0.112403 0.784221
vn -0.610423 -0.106904 0.784829
vn -0.610423 -0.106904 0.784829
vn -0.610423 -0.106904 0.784829
vn -0.952115 -0.301805 0.048901
vn -0.952115 -0.301805 0.048901
vn -0.952115 -0.301805 0.048901
vn -0.901457 -0.354583 0.248288
vn -0.901457 -0.354583 0.248288
vn -0.901457 -0.354583 0.248288
vn -0.617609 0.640509 0.456406
vn -0.617609 0.640509 0.456406
vn -0.617609 0.640509 0.456406
vn -0.600072 0.668869 0.438779
vn -0.600072 0.668869 0.438779
vn -0.600072 0.668869 0.438779
vn -0.69391 -0.104701 0.71241
vn -0.69391 -0.104701 0.71241
vn -0.69391 -0.104701 0.71241
vn -0.596302 -0.07 0.799702
vn -0.596302 -0.07 0.799702
vn -0.596302 -0.07 0.799702
vn -0.59613 -0.069903 0.799839
vn -0.59613 -0.069903 0.799839
vn -0.59613 -0.069903 0.799839
vn -0.596186 -0.070098 0.799781
vn -0.596186 -0.070098 0.799781
vn -0.464711 0.797619 0.384509
vn -0.464711 0.797619 0.384509
vn -0.464711 0.797619 0.384509
vn -0.4852 0.821 0.3009
vn -0.4852 0.821 0.3009
vn -0.4852 0.821 0.3009
vn -0.873794 0.435397 0.216598
vn -0.873794 0.435397 0.216598
vn -0.873794 0.435397 0.216598
vn -0.895846 0.417521 0.152107
vn -0.895846 0.417521 0.152107
vn -0.895846 0.417521 0.152107
vn -0.827756 -0.539171 0.155292
vn -0.827756 -0.539171 0.155292
vn -0.827756 -0.539171 0.155292
vn -0.835292 -0.539295 0.106999
vn -0.835292 -0.539295 0.106999
vn -0.835292 -0.539295 0.106999
vn -0.930014 -0.191803 0.313505
vn -0.930014 -0.191803 0.313505
vn -0.930014 -0.191803 0.313505
vn -0.993708 -0.108501 -0.0278
vn -0.993708 -0.108501 -0.0278
vn -0.993708 -0.108501 -0.0278
vn -0.596121 -0.070102 0.799828
vn -0.596121 -0.070102 0.799828
vn -0.596121 -0.070102 0.799828
vn -0.596121 -0.070102 0.799828
vn -0.596402 -0.0703 0.799602
vn -0.596402 -0.0703 0.799602
vn -0.596402 -0.0703 0.799602
vn -0.445105 0.665907 0.598706
vn -0.445105 0.665907 0.598706
vn -0.445105 0.665907 0.598706
vn -0.437191 0.721685 0.536689
vn -0.437191 0.721685 0.536689
vn -0.437191 0.721685 0.536689
vn 0.86909 -0.141799 -0.473894
vn 0.86909 -0.141799 -0.473894
vn 0.86909 -0.141799 -0.473894
vn 0.863195 -0.134599 -0.486597
vn 0.863195 -0.134599 -0.486597
vn 0.863195 -0.134599 -0.486597
vn 0.6587 -0.1445 -0.7384
vn 0.6587 -0.1445 -0.7384
vn 0.6587 -0.1445 -0.7384
vn 0.664715 -0.159304 -0.729916
vn 0.664715 -0.159304 -0.729916
vn 0.664715 -0.159304 -0.729916
vn 0.656606 -0.0065 -0.754206
vn 0.656606 -0.0065 -0.754206
vn 0.656606 -0.0065 -0.754206
vn 0.733285 0.0069 -0.679886
vn 0.733285 0.0069 -0.679886
vn 0.733285 0.0069 -0.679886
vn 0.926708 0.128301 -0.353203
vn 0.926708 0.128301 -0.353203
vn 0.926708 0.128301 -0.353203
vn 0.58009 0.027599 -0.814085
vn 0.58009 0.027599 -0.814085
vn 0.58009 0.027599 -0.814085
vn 0.583508 0.0311 -0.811511
vn 0.583508 0.0311 -0.811511
vn 0.583508 0.0311 -0.811511
vn 0.597319 -0.694722 -0.400713
vn 0.597319 -0.694722 -0.400713
vn 0.597319 -0.694722 -0.400713
vn 0.5669 -0.585 -0.58
vn 0.5669 -0.585 -0.58
vn 0.5669 -0.585 -0.58
vn 0.948604 0.289201 -0.128501
vn 0.948604 0.289201 -0.128501
vn 0.948604 0.289201 -0.128501
vn 0.947212 0.306304 -0.094701
vn 0.947212 0.306304 -0.094701
vn 0.947212 0.306304 -0.094701
vn 0.636811 -0.055601 -0.769013
vn 0.636811 -0.055601 -0.769013
vn 0.636811 -0.055601 -0.769013
vn 0.596194 0.069899 -0.799792
vn 0.596194 0.069899 -0.799792
vn 0.596194 0.069899 -0.799792
vn 0.59619 0.069999 -0.799786
vn 0.59619 0.069999 -0.799786
vn 0.59619 0.069999 -0.799786
vn 0.59619 0.069999 -0.799786
vn 0.59619 0.069999 -0.799786
vn 0.901613 0.429806 0.048601
vn 0.901613 0.429806 0.048601
vn 0.901613 0.429806 0.048601
vn 0.914496 0.384898 0.1247
vn 0.914496 0.384898 0.1247
vn 0.914496 0.384898 0.1247
vn 0.988027 -0.114503 -0.103403
vn 0.988027 -0.114503 -0.103403
vn 0.988027 -0.114503 -0.103403
vn 0.9825 -0.1741 -0.0662
vn 0.9825 -0.1741 -0.0662
vn 0.9825 -0.1741 -0.0662
vn 0.384511 -0.70602 -0.594716
vn 0.384511 -0.70602 -0.594716
vn 0.384511 -0.70602 -0.594716
vn 0.380783 -0.737566 -0.557674
vn 0.380783 -0.737566 -0.557674
vn 0.380783 -0.737566 -0.557674
vn 0.695404 -0.467103 -0.546103
vn 0.695404 -0.467103 -0.546103
vn 0.695404 -0.467103 -0.546103
vn 0.725112 -0.64601 -0.238503
vn 0.725112 -0.64601 -0.238503
vn 0.725112 -0.64601 -0.238503
vn 0.596233 0.070104 -0.799744
vn 0.596233 0.070104 -0.799744
vn 0.596233 0.070104 -0.799744
vn 0.59619 0.069999 -0.799786
vn 0.59619 0.069999 -0.799786
vn 0.59619 0.069999 -0.799786
vn 0.596238 0.070004 -0.79975
vn 0.596238 0.070004 -0.79975
vn 0.596238 0.070004 -0.79975
vn 0.854081 0.482889 -0.193296
vn 0.854081 0.482889 -0.193296
vn 0.854081 0.482889 -0.193296
vn 0.867024 0.485813 -0.110703
vn 0.867024 0.485813 -0.110703
vn 0.867024 0.485813 -0.110703
vn 0.188994 0.266691 -0.94507
vn 0.188994 0.266691 -0.94507
vn 0.188994 0.266691 -0.94507
vn 0.203699 0.261398 -0.943493
vn 0.203699 0.261398 -0.943493
vn 0.203699 0.261398 -0.943493
vn 0.404501 0.0081 -0.914502
vn 0.404501 0.0081 -0.914502
vn 0.404501 0.0081 -0.914502
vn 0.388012 0.0069 -0.921629
vn 0.388012 0.0069 -0.921629
vn 0.388012 0.0069 -0.921629
vn 0.506687 0.083498 -0.858077
vn 0.506687 0.083498 -0.858077
vn 0.506687 0.083498 -0.858077
vn 0.452883 0.175293 -0.874168
vn 0.452883 0.175293 -0.874168
vn 0.452883 0.175293 -0.874168
vn 0.269408 0.523016 -0.808625
vn 0.269408 0.523016 -0.808625
vn 0.269408 0.523016 -0.808625
vn 0.580617 0.027201 -0.813723
vn 0.580617 0.027201 -0.813723
vn 0.580617 0.027201 -0.813723
vn 0.580612 0.0329 -0.813516
vn 0.580612 0.0329 -0.813516
vn 0.580612 0.0329 -0.813516
vn -0.203293 -0.213893 -0.955469
vn -0.203293 -0.213893 -0.955469
vn -0.203293 -0.213893 -0.955469
vn 0.0058 -0.248104 -0.968716
vn 0.0058 -0.248104 -0.968716
vn 0.0058 -0.248104 -0.968716
vn 0.203207 0.736825 -0.644822
vn 0.203207 0.736825 -0.644822
vn 0.203207 0.736825 -0.644822
vn 0.189193 0.76147 -0.619976
vn 0.189193 0.76147 -0.619976
vn 0.189193 0.76147 -0.619976
vn 0.487482 0.034098 -0.872467
vn 0.487482 0.034098 -0.872467
vn 0.487482 0.034098 -0.872467
vn 0.596125 0.070003 -0.799834
vn 0.596125 0.070003 -0.799834
vn 0.596125 0.070003 -0.799834
vn 0.596121 0.070102 -0.799828
vn 0.596121 0.070102 -0.799828
vn 0.596121 0.070102 -0.799828
vn 0.596125 0.070003 -0.799834
vn 0.596125 0.070003 -0.799834
vn 0.596121 0.070102 -0.799828
vn 0.596121 0.070102 -0.799828
vn 0.165698 0.87169 -0.461195
vn 0.165698 0.87169 -0.461195
vn 0.165698 0.87169 -0.461195
vn 0.078098 0.88717 -0.454785
vn 0.078098 0.88717 -0.454785
vn 0.078098 0.88717 -0.454785
vn -0.082403 0.528322 -0.845036
vn -0.082403 0.528322 -0.845036
vn -0.082403 0.528322 -0.845036
vn -0.148907 0.505225 -0.850044
vn -0.148907 0.505225 -0.850044
vn -0.148907 0.505225 -0.850044
vn -0.046297 -0.447374 -0.893148
vn -0.046297 -0.447374 -0.893148
vn -0.046297 -0.447374 -0.893148
vn -0.094301 -0.452207 -0.886914
vn -0.094301 -0.452207 -0.886914
vn -0.094301 -0.452207 -0.886914
vn 0.045998 -0.077197 -0.995954
vn 0.045998 -0.077197 -0.995954
vn 0.045998 -0.077197 -0.995954
vn -0.304805 -0.027601 -0.952015
vn -0.304805 -0.027601 -0.952015
vn -0.304805 -0.027601 -0.952015
vn 0.596285 0.070398 -0.79968
vn 0.596285 0.070398 -0.79968
vn 0.596285 0.070398 -0.79968
vn 0.595905 0.0699 -0.800007
vn 0.595905 0.0699 -0.800007
vn 0.595905 0.0699 -0.800007
vn 0.596121 0.070102 -0.799828
vn 0.596121 0.070102 -0.799828
vn 0.386592 0.763584 -0.51719
vn 0.386592 0.763584 -0.51719
vn 0.386592 0.763584 -0.51719
vn 0.325185 0.811162 -0.486078
vn 0.325185 0.811162 -0.486078
vn 0.325185 0.811162 -0.486078
vn 0.0123 0.999921 0.0026
vn 0.060802 0.960031 -0.273209
vn -0.797784 0.566989 -0.205096
vn -0.405 0.4502 0.795799
vn -0.342501 0.185101 0.921103
vn -0.359084 0.688069 0.630571
vn -0.334409 0.0024 0.942425
vn -0.80337 -0.015499 0.595278
vn -0.986019 0.134403 0.098502
vn -0.771609 0.059501 0.633308
vn -0.995942 0.072804 0.052902
vn -0.986019 0.134403 0.098502
vn -0.766134 0.343116 -0.543425
vn -0.952243 0.22051 0.211209
vn -0.853504 0.224801 -0.470102
vn -0.995942 0.072804 0.052902
vn -0.859471 0.409786 0.30559
vn 0.0123 0.999921 0.0026
vn -0.797784 0.566989 -0.205096
vn -0.124002 0.656108 0.74441
vn 0.170005 0.317409 -0.932926
vn -0.629316 0.541114 -0.557815
vn 0.079397 0.921371 -0.380488
vn -0.782575 0.139696 -0.606681
vn 0.145299 0.269097 -0.95209
vn 0.092501 0.304804 -0.947913
vn -0.981989 0.188598 -0.0113
vn -0.437594 0.898386 0.037599
vn -0.999765 -0.021599 -0.0017
vn -0.981989 0.188598 -0.0113
vn -0.714511 0.470807 0.517508
vn -0.437594 0.898386 0.037599
vn -0.161603 -0.454208 0.876116
vn -0.617898 -0.0238 0.785898
vn -0.173494 0.081397 0.981465
vn -0.174607 0.034401 0.984037
vn -0.645164 0.327782 -0.690162
vn 0.066102 0.308507 -0.948923
vn 0.0009 0.580888 -0.813983
vn -0.372915 0.211509 -0.903437
vn -0.929079 0.097898 -0.356692
vn -0.99549 0.089699 -0.0309
vn -0.355411 0.090403 -0.930328
vn -0.808909 -0.0249 -0.587407
vn -0.98121 -0.191602 0.0227
vn -0.865715 -0.302605 0.398707
vn -0.941772 -0.299991 0.151895
vn -0.98121 -0.191602 0.0227
vn -0.0264 0.303098 -0.952594
vn -0.140294 0.579974 -0.802464
vn -0.137306 0.653428 -0.744432
vn -0.871577 -0.084697 0.482887
vn -0.929079 0.097898 -0.356692
vn -0.914181 0.086398 0.395992
vn -0.626092 -0.087799 0.77479
vn -0.364207 0.001 0.931318
vn 0.095403 0.32021 -0.942531
vn 0.085399 0.641095 -0.762695
vn 0.0958 0.2067 -0.973703
vn -0.99549 0.089699 -0.0309
vn -0.888006 -0.436802 -0.143701
vn -0.913536 -0.405016 0.037601
vn -0.8366 -0.528 -0.146
vn -0.909572 -0.414887 -0.023399
vn -0.745188 -0.527791 -0.407593
vn -0.888006 -0.436802 -0.143701
vn -0.8366 -0.528 -0.146
vn -0.783881 -0.505688 -0.360291
vn 0.753692 -0.528494 0.390696
vn 0.198193 0.670577 0.714875
vn -0.543309 -0.439807 0.715112
vn 0.852309 0.412405 0.321703
vn 0.868781 -0.492989 0.046699
vn 0.832086 0.392594 0.391794
vn 0.997665 0.043199 0.052898
vn 0.887405 -0.0574 -0.457403
vn 0.301817 -0.70884 -0.637536
vn -0.644243 0.042303 -0.763651
vn -0.537694 -0.538594 -0.648693
vn -0.131694 0.913354 0.38528
vn -0.905456 0.397281 0.149393
vn -0.5892 -0.7984 0.1241
vn -0.924183 -0.373393 -0.080399
vn -0.88757 0.454885 0.072797
vn -0.971715 0.226003 -0.068501
vn -0.644243 0.042303 -0.763651
vn -0.537694 -0.538594 -0.648693
vn -0.2345 0.8104 0.5369
vn -0.735012 -0.378306 0.56271
vn -0.770913 0.056701 0.634411
vn -0.999765 -0.021599 -0.0017
vn -0.175201 -0.0072 0.984506
vn -0.776872 -0.068897 0.625878
vn -0.792584 0.113598 0.599088
vn -0.428691 0.063999 0.901182
vn -0.169492 0.19249 0.966551
vn -0.320188 0.946666 -0.036099
vn -0.260706 0.945021 -0.197405
vn -0.924183 -0.373393 -0.080399
vn -0.094499 -0.056999 0.993892
vn -0.095698 -0.165395 0.981574
vn -0.1585 -0.491901 0.856102
vn 0.550595 0.334797 0.764694
vn 0.64903 0.473022 0.595828
vn -0.497406 -0.159602 0.85271
vn 0.024699 0.99917 -0.032399
vn -0.036601 0.814713 0.578709
vn -0.095701 -0.272403 0.957412
vn -0.059498 -0.094297 0.993765
vn -0.032701 -0.025601 0.999137
vn -0.320188 0.946666 -0.036099
vn -0.260706 0.945021 -0.197405
vn 0.063902 0.875424 -0.479114
vn -0.67177 -0.589873 -0.44808
vn -0.537709 -0.649911 -0.537109
vn -0.391111 -0.730122 -0.560317
vn 0.0374 -0.809595 -0.585796
vn 0.032501 -0.840711 -0.540507
vn -0.722024 -0.681522 -0.119204
vn -0.477898 -0.866197 -0.146
vn -0.0147 -0.997216 -0.073101
vn -0.0287 -0.996725 0.075602
vn 0 0.845296 -0.534298
vn -0.675592 0.541093 -0.500794
vn 0.0001 0.762354 -0.647161
vn -0.668222 0.654822 -0.353112
vn -0.918373 0.381089 -0.106597
vn -0.958609 0.278202 -0.060601
vn -0.6093 0.1691 0.774699
vn -0.937763 0.094096 0.334287
vn -0.932438 0.219285 0.287181
vn -0.680989 0.003 0.732288
vn -0.958609 0.278202 -0.060601
vn -0.918373 0.381089 -0.106597
vn -0.009401 0.0042 0.999947
vn -0.069998 0.128197 0.989276
vn -0.333301 0.903602 -0.269101
vn 0 0.886678 -0.462388
vn -0.175305 -0.123603 0.976724
vn -0.466396 -0.0224 0.884292
vn -0.576688 -0.223195 0.785884
vn -0.162294 -0.036698 0.98606
vn -0.643475 -0.062997 0.762871
vn -0.119798 -0.274195 0.954183
vn -0.777342 -0.098405 0.621334
vn -0.952243 0.22051 0.211209
vn -0.986019 0.134403 0.098502
vn -0.0001 -0.072697 0.997354
vn 0 0.107698 0.994184
vn -0 0.0118 0.99993
vn -0.095499 -0.302396 0.948387
vn -0.299711 -0.177706 0.937334
vn -0.094003 -0.412212 0.906226
vn -0.384795 0.0049 0.922989
vn -0.572382 0.220894 0.789674
vn -0.617799 0.4287 0.659198
vn -0.681114 0.718216 0.142303
vn -0.560303 0.771504 -0.301402
vn -0.560303 0.771504 -0.301402
vn -0.385897 0.550095 -0.740594
vn -0.681114 0.718216 0.142303
vn -0.273212 0.428518 -0.861236
vn -0.105697 0.304991 -0.946472
vn -0.037401 0.302112 -0.952539
vn 0.095403 0.320809 -0.942327
vn 0.095201 0.337202 -0.936607
vn -0.079098 0.365688 0.92737
vn 0.221197 0.408196 0.885691
vn -0.095004 -0.089603 0.991436
vn 0.316215 0.514525 0.797039
vn 0.30099 0.519083 0.799973
vn 0.295194 0.566489 0.769384
vn 0.537519 0.725725 0.429414
vn 0.762417 0.630214 0.146803
vn 0.762417 0.630214 0.146803
vn 0.741659 0.670763 -0.0044
vn 0.537519 0.725725 0.429414
vn 0.675703 0.734503 -0.0627
vn 0.447608 0.890917 -0.076902
vn 0.228206 0.967825 -0.106003
vn 0.025199 0.998953 -0.038198
vn 0.020901 0.999745 0.0086
vn -0.511175 0.103195 0.853259
vn -0.344494 0.620388 0.704587
vn -0.195905 0.974125 0.112703
vn -0.195905 0.974125 0.112703
vn 0.833322 0.546214 0.085002
vn 0.45979 0.425991 0.779183
vn 0.447931 0.635344 0.629044
vn 0.334702 0.149401 0.930406
vn 0.219191 0.0065 0.97566
vn 0.548202 -0.0328 0.835703
vn 0.524997 0.0393 0.850196
vn 0.91347 0.089297 0.396987
vn 0.91813 0.048401 0.393313
vn 0.91347 0.089297 0.396987
vn 0.863415 0.205803 0.460608
vn 0.888198 0.312199 -0.337099
vn 0.965578 0.206095 -0.158696
vn 0.91813 0.048401 0.393313
vn 0.711259 0.389777 0.584966
vn 0.833322 0.546214 0.085002
vn 0.796217 0.522911 -0.304307
vn 0.946932 0.117704 -0.29911
vn 0.419914 0.88743 0.190106
vn 0.930013 0.164202 0.328805
vn 0.938194 -0.0463 0.342998
vn 0.930013 0.164202 0.328805
vn 0.419914 0.88743 0.190106
vn 0.503684 0.455286 0.734178
vn 0.308397 -0.0356 0.950591
vn 0.709776 0.315989 -0.629578
vn 0.544968 0.199188 -0.814453
vn 0.974552 0.060697 -0.215789
vn 0.998402 0.0563 -0.005
vn 0.52569 0.071298 -0.847683
vn 0.902182 -0.061899 -0.426892
vn 0.967672 -0.231194 0.100797
vn 0.767804 -0.279502 0.576503
vn 0.967672 -0.231194 0.100797
vn 0.937784 -0.305995 0.164097
vn -0.790671 0.125796 -0.599179
vn -0.177801 0.780604 -0.599203
vn -0.928684 0.115298 0.352494
vn 0.761777 -0.123897 0.635881
vn 0.974552 0.060697 -0.215789
vn 0.895191 0.0572 0.441996
vn 0.489874 -0.115894 0.864056
vn 0.300208 -0.025801 0.953525
vn 0.998402 0.0563 -0.005
vn 0.861026 -0.430713 -0.270408
vn 0.822637 -0.498622 -0.273212
vn 0.901126 -0.428412 -0.066602
vn 0.880061 -0.468379 -0.078196
vn 0.640416 -0.588315 -0.493713
vn 0.822637 -0.498622 -0.273212
vn 0.861026 -0.430713 -0.270408
vn 0.633618 -0.570716 -0.522314
vn -0.753692 -0.528494 0.390696
vn 0.543309 -0.439807 0.715112
vn -0.198193 0.670577 0.714875
vn -0.852309 0.412404 0.321703
vn -0.832087 0.392594 0.391794
vn -0.868781 -0.492989 0.046699
vn -0.997665 0.043198 0.052898
vn -0.887405 -0.0574 -0.457403
vn -0.301817 -0.70884 -0.637536
vn 0.644243 0.042303 -0.76365
vn 0.537694 -0.538594 -0.648693
vn 0.905456 0.397281 0.149393
vn 0.131694 0.913354 0.385281
vn 0.5892 -0.7984 0.1241
vn 0.924183 -0.373393 -0.080398
vn 0.88757 0.454885 0.072798
vn 0.644243 0.042303 -0.76365
vn 0.971715 0.226004 -0.068501
vn 0.537694 -0.538594 -0.648693
vn 0.2345 0.8104 0.5369
vn 0.601464 -0.356279 0.715057
vn 0.506112 0.040401 0.861521
vn 0.938194 -0.0463 0.342998
vn 0.511517 -0.085303 0.855029
vn 0.540001 0.0966 0.836103
vn 0.093199 0.057399 0.993992
vn -0.059898 0.973774 0.219494
vn 0.264011 0.946039 -0.187908
vn 0.924183 -0.373393 -0.080398
vn -0.878902 0.477002 -0.0008
vn -0.75868 0.41059 0.505787
vn -0.843179 0.523187 0.123797
vn -0.0487 -0.0403 0.998
vn 0.264011 0.946039 -0.187908
vn -0.059898 0.973774 0.219494
vn 0.4528 -0.6485 -0.611899
vn 0.659326 -0.614924 -0.432617
vn 0.513278 -0.732269 -0.447581
vn 0.667689 -0.741888 -0.061599
vn 0.440616 -0.895531 -0.062302
vn 0.699379 0.536484 -0.472286
vn 0.687716 0.648615 -0.326107
vn 0.936445 0.346317 -0.056003
vn 0.967928 0.249707 -0.027601
vn 0.608798 0.148 0.779398
vn 0.938022 0.198205 0.284307
vn 0.940853 0.068504 0.331819
vn 0.667209 -0.0289 0.74431
vn 0.936445 0.346317 -0.056003
vn 0.967928 0.249707 -0.027601
vn -0.016699 -0.003 0.999856
vn 0.087001 0.129101 0.987808
vn 0.333301 0.903602 -0.269101
vn 0.132195 -0.030099 0.990767
vn 0.335189 -0.225893 0.91467
vn 0.369096 -0.080599 0.92589
vn 0.578191 -0.107499 0.808789
vn 0.863415 0.205803 0.460608
vn 0.91347 0.089297 0.396987
vn 0.165996 -0.149196 0.974775
vn 0.351901 0.0316 0.935504
vn 0.621229 0.260012 0.739235
vn 0.689698 0.441799 0.573699
vn 0.669185 0.742083 0.038799
vn 0.480391 0.789884 -0.381193
vn 0.480391 0.789884 -0.381193
vn 0.669185 0.742083 0.038799
vn 0.218395 0.513586 -0.829779
vn -0.345911 0.290909 -0.89203
vn -0.157806 0.159906 -0.974437
vn -0.695656 0.0055 -0.718355
vn -0.29509 0.457585 0.838772
vn -0.26811 0.596222 0.756728
vn -0.194904 0.605112 0.771915
vn -0.187608 0.584326 0.789535
vn -0.490998 0.707498 0.508298
vn -0.752792 0.603394 0.263097
vn -0.752792 0.603394 0.263097
vn -0.490998 0.707498 0.508298
vn -0.919526 0.318409 -0.230407
vn -0.894602 -0.1768 -0.410401
vn -0.759391 -0.0136 -0.650493
vn -0.453093 0.848987 -0.271896
vn 0.188006 0.094303 0.97763
vn 0.095696 0.614778 0.782873
vn 0.168997 0.969484 0.177597
vn 0.168997 0.969484 0.177597
vn 0.967672 -0.231194 0.100797
vn 0.902182 -0.061899 -0.426892
vn 0.825636 -0.23261 -0.514022
vn 0.937784 -0.305995 0.164097
vn 0.967672 -0.231194 0.100797
vn 0.825636 -0.23261 -0.514022
vn 0.861026 -0.430713 -0.270408
vn 0.880061 -0.468379 -0.078196
vn 0.854706 -0.443003 -0.270602
vn 0.633618 -0.570716 -0.522314
vn 0.861026 -0.430713 -0.270408
vn 0.854706 -0.443003 -0.270602
vn 0.4528 -0.6485 -0.611899
vn -0.808909 -0.0249 -0.587407
vn -0.98121 -0.191602 0.0227
vn -0.923728 -0.162205 -0.347011
vn -0.98121 -0.191602 0.0227
vn -0.941772 -0.299991 0.151895
vn -0.923728 -0.162205 -0.347011
vn -0.909572 -0.414887 -0.023399
vn -0.888006 -0.436802 -0.143701
vn -0.833985 -0.51149 -0.206996
vn -0.888006 -0.436802 -0.143701
vn -0.783881 -0.505688 -0.360291
vn -0.833985 -0.51149 -0.206996
vn -0.67177 -0.589873 -0.44808
vn 0.955586 0.273696 0.109299
vn 0.905789 0.412595 0.096499
vn -0.241417 -0.380626 0.89266
vn -0.264597 -0.502994 0.822791
vn -0.382983 0.91786 -0.104196
vn -0.259001 0.603903 -0.753804
vn -0.459703 -0.518902 0.720704
vn -0.065702 -0.192306 0.979133
vn -0.065702 -0.192306 0.979133
vn -0.155104 -0.307506 0.93882
vn 0.186994 -0.858176 0.478087
vn 0.315886 -0.507177 0.801865
vn 0.657009 0.646608 0.387605
vn 0.379099 0.674698 -0.633298
vn -0.934335 -0.285811 -0.212908
vn -0.911117 -0.287506 -0.295306
vn -0.021899 0.456282 -0.889566
vn -0.180203 0.234704 -0.955218
vn 0.905977 -0.082598 0.41519
vn 0.342484 -0.159093 -0.925956
vn -0.180203 0.234704 -0.955218
vn 0.8512 -0.524 -0.0297
vn -0.979985 -0.129498 -0.151197
vn -0.278996 0.432293 -0.857487
vn 0.136705 0.422213 -0.896129
vn -0.248594 -0.007899 0.968576
vn 0.8512 -0.524 -0.0297
vn 0.801097 -0.185699 0.568998
vn -0.417794 0.301696 0.856988
vn -0.021899 0.456282 -0.889566
vn -0.647615 0.247306 -0.720718
vn 0.379099 0.674698 -0.633298
vn -0.264597 -0.502994 0.822791
vn -0.241417 -0.380626 0.89266
vn 0.462909 0.367106 -0.806814
vn 0.859729 0.122604 -0.495817
vn -0.042502 -0.799145 -0.599634
vn -0.199093 -0.206093 -0.958065
vn 0.534597 0.342497 -0.772595
vn 0.425293 -0.895686 -0.129898
vn 0.491368 0.187887 -0.850444
vn 0.807228 -0.402714 -0.431514
vn -0.0042 0.956961 0.290188
vn -0.369988 0.529783 -0.763176
vn -0.997925 0.014201 0.062801
vn -0.229507 0.96563 0.122004
vn -0.594979 -0.249691 0.763973
vn -0.762527 0.601822 0.237408
vn -0.017 -0.827986 0.560491
vn -0.205601 0.610203 0.765102
vn 0.462909 0.367106 -0.806814
vn -0.199093 -0.206093 -0.958065
vn -0.997925 0.014201 0.062801
vn -0.369988 0.529783 -0.763176
vn -0.594979 -0.249691 0.763973
vn -0.017 -0.827986 0.560491
vn -0.910894 0.382098 0.155799
vn -0.408389 -0.0156 -0.912675
vn -0.296417 -0.911851 -0.284016
vn 0.534597 0.342497 -0.772595
vn 0.859729 0.122604 -0.495817
vn 0.491368 0.187887 -0.850444
vn -0.641504 0.600704 0.477103
vn -0.482302 -0.876003 0.0021
vn 0.594515 0.565113 -0.572014
vn -0.482302 -0.876003 0.0021
vn 0.594515 0.565113 -0.572014
vn -0.762527 0.601822 0.237408
vn -0.910894 0.382098 0.155799
vn -0.296417 -0.911851 -0.284016
vn -0.408389 -0.0156 -0.912675
vn 0.342484 -0.159093 -0.925956
vn 0.801097 -0.185699 0.568998
vn -0.450013 0.247207 -0.858124
vn -0.468702 -0.576502 -0.669302
vn -0.470402 -0.798903 -0.374801
vn 0.332987 -0.747572 0.574679
vn 0.0171 0.469606 0.882711
vn -0.246808 0.538717 0.805525
vn -0.971147 -0.21571 0.101705
vn 0.155306 -0.346413 0.925137
vn -0.117999 -0.638893 0.760192
vn -0.259001 0.603903 -0.753804
vn -0.117999 -0.638893 0.760192
vn -0.794494 -0.269498 -0.544196
vn -0.459703 -0.518902 0.720704
vn -0.794494 -0.269498 -0.544196
vn -0.839387 -0.410293 0.356495
vn -0.595801 -0.1284 0.792801
vn -0.616898 -0.170299 0.768398
vn -0.971147 -0.21571 0.101705
vn -0.979985 -0.129498 -0.151197
vn -0.595801 -0.1284 0.792801
vn -0.839387 -0.410293 0.356495
vn -0.246808 0.538717 0.805525
vn 0.0171 0.469606 0.882711
vn -0.943673 -0.091797 0.317891
vn -0.459703 -0.518902 0.720704
vn 0.315886 -0.507177 0.801865
vn 0.332987 -0.747572 0.574679
vn -0.943673 -0.091797 0.317891
vn 0.155306 -0.346413 0.925137
vn 0.420902 0.771502 -0.477102
vn 0.777034 0.299713 0.553525
vn 0.657009 0.646608 0.387605
vn 0.379099 0.674698 -0.633298
vn -0.982697 -0.163199 -0.0876
vn -0.407115 0.452117 -0.79363
vn -0.647615 0.247306 -0.720718
vn -0.943673 -0.091797 0.317891
vn -0.314695 -0.281195 0.906585
vn 0.0171 0.469606 0.882711
vn -0.1608 0.4948 -0.854
vn -0.051401 0.584417 -0.809824
vn -0.830177 0.167996 0.531585
vn -0.849273 0.0266 0.527283
vn 0.352386 0.928463 0.117395
vn 0.920756 0.360022 0.150309
vn -0.464888 -0.071498 0.882478
vn -0.871689 0.331096 0.361295
vn -0.871689 0.331096 0.361295
vn -0.826429 0.195208 0.528119
vn -0.912203 -0.408301 0.034301
vn -0.996924 0.0086 -0.077902
vn -0.0559 0.8802 -0.4713
vn 0.78731 0.243803 -0.566307
vn 0.223788 -0.55977 0.797858
vn 0.277105 -0.60381 0.747413
vn 0.944559 -0.167193 -0.282588
vn 0.895939 -0.414318 -0.160107
vn -0.600898 0.298999 -0.741297
vn 0.188598 -0.407997 -0.893292
vn 0.895939 -0.414318 -0.160107
vn -0.149698 -0.471094 -0.869288
vn 0.131606 -0.168107 0.976944
vn 0.982187 0.021299 0.186697
vn 0.964239 0.142905 -0.223209
vn -0.887177 0.356391 0.293092
vn -0.149698 -0.471094 -0.869288
vn -0.546496 0.055899 -0.835594
vn -0.475411 0.82082 0.316607
vn 0.944559 -0.167193 -0.282588
vn 0.854671 -0.374287 0.359788
vn 0.78731 0.243803 -0.566307
vn -0.849273 0.0266 0.527283
vn -0.830177 0.167996 0.531585
vn 0.728017 -0.390009 -0.563813
vn 0.254104 -0.447906 -0.857212
vn -0.048999 -0.954488 0.294197
vn 0.626416 -0.739318 0.247007
vn 0.671045 -0.401427 -0.623342
vn -0.563301 -0.818502 -0.1129
vn 0.640999 -0.552299 -0.532998
vn -0.113295 -0.762767 -0.636672
vn 0.388905 0.86971 -0.303904
vn 0.983885 -0.049899 0.171698
vn 0.184796 0.287194 0.939878
vn 0.569601 0.816401 -0.0951
vn -0.592608 0.475306 0.650308
vn 0.373203 0.762706 0.528204
vn -0.935069 -0.204693 0.28939
vn -0.137906 0.990441 0.0031
vn 0.728017 -0.390009 -0.563813
vn 0.626416 -0.739318 0.247007
vn 0.184796 0.287194 0.939878
vn 0.983885 -0.049899 0.171698
vn -0.592608 0.475306 0.650308
vn -0.935069 -0.204693 0.28939
vn 0.328295 0.588192 0.739089
vn 0.759527 -0.525318 0.383614
vn -0.298007 -0.762918 0.573714
vn 0.671045 -0.401427 -0.623342
vn 0.254104 -0.447906 -0.857212
vn 0.640999 -0.552299 -0.532998
vn 0.167404 0.893819 0.416009
vn -0.44668 -0.502477 0.740266
vn 0.649082 -0.124397 -0.750479
vn -0.44668 -0.502477 0.740266
vn 0.649082 -0.124397 -0.750479
vn 0.373203 0.762706 0.528204
vn 0.328295 0.588192 0.739089
vn -0.298007 -0.762918 0.573714
vn 0.759527 -0.525318 0.383614
vn 0.188598 -0.407997 -0.893292
vn -0.546496 0.055899 -0.835594
vn 0.917745 0.361817 0.163807
vn -0.509406 0.685409 -0.520307
vn -0.078201 -0.950507 0.300702
vn -0.971229 -0.235807 -0.033301
vn -0.362605 0.883013 0.298004
vn -0.195797 0.832488 0.518292
vn -0.0166 -0.100202 0.994829
vn -0.96688 0.197396 0.161796
vn -0.621305 0.351303 0.700405
vn 0.920756 0.360022 0.150309
vn -0.621305 0.351303 0.700405
vn 0.411514 -0.366812 0.834329
vn -0.464888 -0.071498 0.882478
vn 0.411514 -0.366812 0.834329
vn -0.23419 -0.115895 0.965258
vn -0.5657 0.2364 0.789999
vn -0.682801 0.089501 0.725102
vn -0.0166 -0.100202 0.994829
vn 0.131606 -0.168107 0.976944
vn -0.5657 0.2364 0.789999
vn -0.23419 -0.115895 0.965258
vn -0.195797 0.832488 0.518292
vn -0.362605 0.883013 0.298004
vn -0.043601 -0.101003 0.99393
vn -0.464888 -0.071498 0.882478
vn -0.996924 0.0086 -0.077902
vn -0.971229 -0.235807 -0.033301
vn -0.043601 -0.101003 0.99393
vn -0.96688 0.197396 0.161796
vn 0.722034 0.419819 -0.549926
vn -0.423905 0.733208 -0.531706
vn -0.0559 0.8802 -0.4713
vn 0.78731 0.243803 -0.566307
vn 0.2211 -0.402099 0.888499
vn 0.97294 -0.202209 0.111805
vn 0.854671 -0.374287 0.359788
vn -0.043601 -0.101003 0.99393
vn -0.758905 0.237102 0.606504
vn -0.362605 0.883013 0.298004
vn 0.426799 -0.430699 0.795199
vn -0.144794 -0.44138 0.885561
vn 0.520221 -0.350415 0.778832
vn -0.097605 -0.430821 0.897144
vn 0.929397 -0.243799 0.277099
vn 0.690789 -0.349295 0.633091
vn 0.900664 -0.332787 0.279389
vn 0.67973 -0.425919 0.597127
vn 0.915967 -0.395586 0.067198
vn 0.603387 -0.543889 0.583188
vn 0.585669 -0.809457 -0.042098
vn 0.779427 -0.316411 0.540719
vn -0.077499 -0.925994 0.369498
vn 0.041001 -0.953403 -0.298901
vn 0.940068 -0.29349 -0.173594
vn 0.950529 -0.237008 -0.200806
vn 0.755889 -0.599992 -0.261996
vn 0.066001 -0.897812 -0.435406
vn 0.82783 -0.008101 -0.560921
vn 0.747915 -0.107002 -0.655113
vn 0.256389 0.069697 -0.964058
vn 0.899869 -0.212693 -0.380787
vn 0.820311 -0.516307 -0.246003
vn 0.054501 -0.926309 -0.372803
vn -0.765733 -0.305213 0.566125
vn -0.633795 -0.389297 0.668395
vn -0.945276 -0.321291 -0.056799
vn -0.850602 -0.3435 0.398101
vn -0.971411 -0.237402 -0.0012
vn -0.782372 -0.433084 0.447584
vn -0.555106 -0.794909 -0.244903
vn -0.78072 -0.526213 0.337009
vn -0.89241 -0.372604 -0.254503
vn -0.925605 -0.294701 0.237501
vn -0.843771 -0.204093 -0.496383
vn -0.829544 -0.270914 -0.488326
vn -0.633818 -0.582216 -0.509215
vn 0.297695 0.245395 -0.922583
vn -0.431876 -0.022599 -0.90165
vn -0.579605 0.087301 -0.810208
vn -0.718404 -0.192001 -0.668604
vn -0.697717 -0.496912 -0.516013
vn 0.193605 0.277807 -0.940925
vn 0.196802 0.280003 -0.93961
vn 0.1063 0.408601 -0.906502
vn 0.0062 0.522127 -0.852845
vn 0.512728 -0.840546 -0.174909
vn 0.512728 -0.840546 -0.174909
vn 0.512728 -0.840546 -0.174909
vn 0.512728 -0.840546 -0.174909
vn -0.810125 -0.489115 -0.32321
vn -0.846832 -0.495018 -0.194507
vn -0.806489 -0.492793 -0.326695
vn -0.811705 -0.490103 -0.317702
vn 0.91586 0.289887 0.277788
vn 0.872809 0.387904 0.296203
vn 0.872818 0.354907 0.335007
vn 0.903524 0.267107 0.335109
vn 0.961795 0.216399 0.167699
vn 0.96302 0.230805 0.139003
vn -0.260595 0.760785 -0.594388
vn -0.427399 0.838099 -0.339
vn -0.857536 -0.514321 0.0103
vn -0.792233 -0.594524 -0.137506
vn -0.279593 -0.124796 0.951974
vn -0.345699 0.0503 0.936996
vn -0.361301 0.050101 0.931102
vn -0.282602 -0.126901 0.950806
vn 0.512728 -0.840546 -0.174909
vn 0.512728 -0.840546 -0.174909
vn 0.512728 -0.840546 -0.174909
vn 0.512728 -0.840546 -0.174909
vn -0.84123 -0.491817 -0.224608
vn -0.824854 -0.470274 -0.313782
vn -0.834897 -0.494498 -0.241699
vn -0.880372 -0.437686 -0.182694
vn 0.944506 0.309602 0.109801
vn 0.97821 0.204202 0.0375
vn 0.899881 0.421591 0.111698
vn 0.808613 0.494607 0.318605
vn 0.98086 0.144694 0.130295
vn 0.972772 0.173295 0.153896
vn -0.50889 0.438992 0.740485
vn -0.581657 0.634454 0.509062
vn -0.688808 -0.639307 -0.341804
vn -0.80642 -0.498812 -0.317607
vn -0.564087 -0.783182 -0.261594
vn -0.693594 -0.670994 -0.262098
vn 0.971898 0.184499 0.1462
vn 0.974958 0.177492 0.133994
vn -0.57081 0.804414 0.164602
vn -0.565485 0.824078 0.033499
vn 0.144794 0.44138 -0.885561
vn -0.426799 0.430699 -0.795199
vn -0.520221 0.350415 -0.778832
vn 0.097605 0.430821 -0.897144
vn -0.690789 0.349295 -0.633091
vn -0.929397 0.243799 -0.277099
vn -0.900664 0.332787 -0.279389
vn -0.67973 0.425919 -0.597127
vn -0.603387 0.543889 -0.583188
vn -0.915967 0.395586 -0.067198
vn -0.585669 0.809457 0.042098
vn -0.779427 0.316411 -0.540719
vn 0.077499 0.925994 -0.369498
vn -0.041001 0.953403 0.298901
vn -0.940068 0.29349 0.173594
vn -0.950529 0.237008 0.200806
vn -0.755889 0.599992 0.261996
vn -0.066001 0.897812 0.435406
vn -0.747915 0.107002 0.655113
vn -0.82783 0.008101 0.560921
vn -0.256389 -0.069697 0.964058
vn -0.899869 0.212693 0.380787
vn -0.820311 0.516307 0.246003
vn -0.054501 0.926309 0.372803
vn -0.3444 0.268199 -0.899699
vn -0.257603 0.402104 -0.878609
vn -0.347395 0.270396 -0.897888
vn -0.154501 0.519304 -0.840507
vn -0.503514 -0.858524 -0.097002
vn -0.503514 -0.858524 -0.097002
vn -0.503514 -0.858524 -0.097002
vn -0.503514 -0.858524 -0.097002
vn 0.781879 -0.466488 -0.413589
vn 0.774304 -0.481603 -0.410502
vn 0.802092 -0.501995 -0.323497
vn 0.770528 -0.462117 -0.439016
vn -0.872448 0.258214 0.414923
vn -0.823488 0.324895 0.465093
vn -0.830598 0.3577 0.426799
vn -0.850718 0.236105 0.46961
vn -0.932008 0.182902 0.312903
vn -0.938086 0.197197 0.284796
vn 0.139999 0.767892 -0.625094
vn 0.341 0.851701 -0.397901
vn 0.762721 -0.588217 -0.268807
vn 0.84003 -0.514418 -0.172406
vn 0.425688 -0.112297 0.897875
vn 0.497071 0.065296 0.86525
vn 0.482495 0.0649 0.873491
vn 0.428493 -0.114298 0.896287
vn -0.503514 -0.858524 -0.097002
vn -0.503514 -0.858524 -0.097002
vn -0.503514 -0.858524 -0.097002
vn -0.503514 -0.858524 -0.097002
vn 0.813978 -0.462488 -0.35149
vn 0.8052 -0.4654 -0.3675
vn 0.783416 -0.441809 -0.437109
vn 0.857108 -0.406904 -0.315903
vn -0.927029 0.276409 0.253408
vn -0.886595 0.389998 0.248699
vn -0.967628 0.169705 0.186805
vn -0.767565 0.466679 0.43938
vn -0.954011 0.110402 0.278703
vn -0.943439 0.139406 0.300813
vn 0.600002 0.458602 0.655502
vn 0.629776 0.655875 0.416184
vn 0.766097 -0.478598 -0.428998
vn 0.653217 -0.620017 -0.434611
vn 0.674482 -0.648383 -0.353091
vn 0.547576 -0.761967 -0.345785
vn -0.944141 0.150607 0.293113
vn -0.948774 0.143496 0.281492
vn 0.560611 0.824416 0.077801
vn 0.534704 0.843505 -0.050901
vn 0.765733 0.305213 -0.566125
vn 0.633795 0.389297 -0.668395
vn 0.850602 0.3435 -0.398101
vn 0.945276 0.321291 0.056799
vn 0.971411 0.237402 0.0012
vn 0.782372 0.433084 -0.447584
vn 0.78072 0.526213 -0.337009
vn 0.555106 0.794909 0.244903
vn 0.89241 0.372604 0.254503
vn 0.925605 0.294701 -0.237501
vn 0.829544 0.270914 0.488326
vn 0.843771 0.204093 0.496383
vn 0.633818 0.582216 0.509215
vn 0.431876 0.022599 0.90165
vn -0.297695 -0.245395 0.922583
vn 0.579605 -0.087301 0.810208
vn 0.718404 0.192001 0.668604
vn 0.697717 0.496912 0.516013
vt 0.7811 0.0045
vt 0.0055 0.005
vt 0.7806 0.0441
vt 0.0055 0.0438
vt 0.7806 0.0441
vt 0.0055 0.005
vt 0.5979 0.4543
vt 0.5979 0.4959
vt 0.5644 0.3874
vt 0.5275 0.3874
vt 0.5644 0.3874
vt 0.5979 0.4959
vt 0.5644 0.3874
vt 0.5979 0.2816
vt 0.5979 0.3874
vt 0.5644 0.3874
vt 0.5275 0.3874
vt 0.5979 0.2816
vt 0.5614 0.2824
vt 0.5979 0.2816
vt 0.5275 0.3874
vt 0.4806 0.3539
vt 0.5973 0.3548
vt 0.5372 0.3295
vt 0.5973 0.2867
vt 0.5372 0.3295
vt 0.5973 0.3548
vt 0.5275 0.3178
vt 0.5372 0.3295
vt 0.5624 0.2867
vt 0.5973 0.2867
vt 0.5624 0.2867
vt 0.5372 0.3295
vt 0.5973 0.6068
vt 0.5973 0.5815
vt 0.5198 0.5373
vt 0.5338 0.5261
vt 0.5198 0.5373
vt 0.5973 0.5815
vt 0.5979 0.4543
vt 0.5644 0.3874
vt 0.5979 0.3874
vt 0.5183 0.4059
vt 0.4624 0.4906
vt 0.5973 0.408
vt 0.5973 0.5031
vt 0.5973 0.408
vt 0.4624 0.4906
vt 0.4624 0.4906
vt 0.5338 0.5261
vt 0.5973 0.5031
vt 0.5973 0.5815
vt 0.5973 0.5031
vt 0.5338 0.5261
vt 0.4494 0.3478
vt 0.4935 0.3771
vt 0.4806 0.3539
vt 0.5131 0.3788
vt 0.4806 0.3539
vt 0.4935 0.3771
vt 0.4935 0.3771
vt 0.5011 0.4056
vt 0.5131 0.3788
vt 0.5183 0.4059
vt 0.5131 0.3788
vt 0.5011 0.4056
vt 0.4494 0.3478
vt 0.4806 0.3539
vt 0.5275 0.3178
vt 0.5372 0.3295
vt 0.5275 0.3178
vt 0.4806 0.3539
vt 0.4213 0.4928
vt 0.4624 0.4906
vt 0.5011 0.4056
vt 0.5183 0.4059
vt 0.5011 0.4056
vt 0.4624 0.4906
vt 0.4806 0.3539
vt 0.5131 0.3788
vt 0.5973 0.3548
vt 0.5183 0.4059
vt 0.5973 0.3548
vt 0.5183 0.4059
vt 0.5973 0.408
vt 0.4213 0.4928
vt 0.5198 0.5373
vt 0.4624 0.4906
vt 0.5338 0.5261
vt 0.4624 0.4906
vt 0.5198 0.5373
vt 0.7806 0.0441
vt 0.0055 0.005
vt 0.7811 0.0045
vt 0.0055 0.005
vt 0.7806 0.0441
vt 0.0055 0.0438
vt 0.5644 0.3874
vt 0.5979 0.4959
vt 0.5979 0.4543
vt 0.5979 0.4959
vt 0.5644 0.3874
vt 0.5275 0.3874
vt 0.5979 0.3874
vt 0.5979 0.2816
vt 0.5644 0.3874
vt 0.5979 0.2816
vt 0.5275 0.3874
vt 0.5644 0.3874
vt 0.5275 0.3874
vt 0.5979 0.2816
vt 0.5614 0.2824
vt 0.5372 0.3295
vt 0.5973 0.3548
vt 0.4806 0.3539
vt 0.5973 0.3548
vt 0.5372 0.3295
vt 0.5973 0.2867
vt 0.5624 0.2867
vt 0.5372 0.3295
vt 0.5275 0.3178
vt 0.5372 0.3295
vt 0.5624 0.2867
vt 0.5973 0.2867
vt 0.5198 0.5373
vt 0.5973 0.5815
vt 0.5973 0.6068
vt 0.5973 0.5815
vt 0.5198 0.5373
vt 0.5338 0.5261
vt 0.5979 0.3874
vt 0.5644 0.3874
vt 0.5979 0.4543
vt 0.5973 0.408
vt 0.4624 0.4906
vt 0.5183 0.4059
vt 0.4624 0.4906
vt 0.5973 0.408
vt 0.5973 0.5031
vt 0.5338 0.5261
vt 0.4624 0.4906
vt 0.4806 0.3539
vt 0.4935 0.3771
vt 0.4494 0.3478
vt 0.4935 0.3771
vt 0.4806 0.3539
vt 0.5131 0.3788
vt 0.5131 0.3788
vt 0.5011 0.4056
vt 0.4935 0.3771
vt 0.5011 0.4056
vt 0.5131 0.3788
vt 0.5183 0.4059
vt 0.5275 0.3178
vt 0.4806 0.3539
vt 0.4494 0.3478
vt 0.4806 0.3539
vt 0.5275 0.3178
vt 0.5372 0.3295
vt 0.5011 0.4056
vt 0.4624 0.4906
vt 0.4213 0.4928
vt 0.4624 0.4906
vt 0.5011 0.4056
vt 0.5183 0.4059
vt 0.5973 0.3548
vt 0.5131 0.3788
vt 0.4806 0.3539
vt 0.5183 0.4059
vt 0.5973 0.408
vt 0.5183 0.4059
vt 0.5973 0.3548
vt 0.4624 0.4906
vt 0.5198 0.5373
vt 0.4213 0.4928
vt 0.5198 0.5373
vt 0.4624 0.4906
vt 0.5338 0.5261
vt 0.7806 0.0441
vt 0.0055 0.005
vt 0.7811 0.0045
vt 0.0055 0.005
vt 0.7806 0.0441
vt 0.0055 0.0438
vt 0.5644 0.3874
vt 0.5979 0.4959
vt 0.5979 0.4543
vt 0.5979 0.4959
vt 0.5644 0.3874
vt 0.5275 0.3874
vt 0.5979 0.3874
vt 0.5979 0.2816
vt 0.5644 0.3874
vt 0.5979 0.2816
vt 0.5275 0.3874
vt 0.5644 0.3874
vt 0.5275 0.3874
vt 0.5979 0.2816
vt 0.5614 0.2824
vt 0.5372 0.3295
vt 0.5973 0.3548
vt 0.4806 0.3539
vt 0.5973 0.3548
vt 0.5372 0.3295
vt 0.5973 0.2867
vt 0.5624 0.2867
vt 0.5372 0.3295
vt 0.5275 0.3178
vt 0.5372 0.3295
vt 0.5624 0.2867
vt 0.5973 0.2867
vt 0.5198 0.5373
vt 0.5973 0.5815
vt 0.5973 0.6068
vt 0.5973 0.5815
vt 0.5198 0.5373
vt 0.5338 0.5261
vt 0.5979 0.3874
vt 0.5644 0.3874
vt 0.5979 0.4543
vt 0.5973 0.408
vt 0.4624 0.4906
vt 0.5183 0.4059
vt 0.4624 0.4906
vt 0.5973 0.408
vt 0.5973 0.5031
vt 0.5338 0.5261
vt 0.5973 0.5815
vt 0.4806 0.3539
vt 0.4935 0.3771
vt 0.4494 0.3478
vt 0.4935 0.3771
vt 0.4806 0.3539
vt 0.5131 0.3788
vt 0.5131 0.3788
vt 0.5011 0.4056
vt 0.4935 0.3771
vt 0.5011 0.4056
vt 0.5131 0.3788
vt 0.5183 0.4059
vt 0.5275 0.3178
vt 0.4806 0.3539
vt 0.4494 0.3478
vt 0.4806 0.3539
vt 0.5275 0.3178
vt 0.5372 0.3295
vt 0.5011 0.4056
vt 0.4624 0.4906
vt 0.4213 0.4928
vt 0.4624 0.4906
vt 0.5011 0.4056
vt 0.5183 0.4059
vt 0.5973 0.3548
vt 0.5131 0.3788
vt 0.4806 0.3539
vt 0.5973 0.3548
vt 0.5183 0.4059
vt 0.5131 0.3788
vt 0.5973 0.408
vt 0.5183 0.4059
vt 0.5973 0.3548
vt 0.4624 0.4906
vt 0.5198 0.5373
vt 0.4213 0.4928
vt 0.5198 0.5373
vt 0.4624 0.4906
vt 0.5338 0.5261
vt 0.7811 0.0045
vt 0.0055 0.005
vt 0.7806 0.0441
vt 0.0055 0.0438
vt 0.7806 0.0441
vt 0.0055 0.005
vt 0.5979 0.4543
vt 0.5979 0.4959
vt 0.5644 0.3874
vt 0.5275 0.3874
vt 0.5644 0.3874
vt 0.5979 0.4959
vt 0.5644 0.3874
vt 0.5979 0.2816
vt 0.5979 0.3874
vt 0.5644 0.3874
vt 0.5275 0.3874
vt 0.5979 0.2816
vt 0.5614 0.2824
vt 0.5979 0.2816
vt 0.5275 0.3874
vt 0.4806 0.3539
vt 0.5973 0.3548
vt 0.5372 0.3295
vt 0.5973 0.2867
vt 0.5372 0.3295
vt 0.5973 0.3548
vt 0.5275 0.3178
vt 0.5372 0.3295
vt 0.5624 0.2867
vt 0.5973 0.2867
vt 0.5624 0.2867
vt 0.5372 0.3295
vt 0.5973 0.6068
vt 0.5973 0.5815
vt 0.5198 0.5373
vt 0.5338 0.5261
vt 0.5198 0.5373
vt 0.5973 0.5815
vt 0.5979 0.4543
vt 0.5644 0.3874
vt 0.5979 0.3874
vt 0.5183 0.4059
vt 0.4624 0.4906
vt 0.5973 0.408
vt 0.5973 0.5031
vt 0.5973 0.408
vt 0.4624 0.4906
vt 0.5338 0.5261
vt 0.5973 0.5031
vt 0.5973 0.5815
vt 0.5338 0.5261
vt 0.4494 0.3478
vt 0.4935 0.3771
vt 0.4806 0.3539
vt 0.5131 0.3788
vt 0.4806 0.3539
vt 0.4935 0.3771
vt 0.4935 0.3771
vt 0.5011 0.4056
vt 0.5131 0.3788
vt 0.5183 0.4059
vt 0.5131 0.3788
vt 0.5011 0.4056
vt 0.4494 0.3478
vt 0.4806 0.3539
vt 0.5275 0.3178
vt 0.5372 0.3295
vt 0.5275 0.3178
vt 0.4806 0.3539
vt 0.4213 0.4928
vt 0.4624 0.4906
vt 0.5011 0.4056
vt 0.5183 0.4059
vt 0.5011 0.4056
vt 0.4624 0.4906
vt 0.4806 0.3539
vt 0.5131 0.3788
vt 0.5973 0.3548
vt 0.5131 0.3788
vt 0.5183 0.4059
vt 0.5973 0.3548
vt 0.5973 0.3548
vt 0.5183 0.4059
vt 0.4213 0.4928
vt 0.5198 0.5373
vt 0.4624 0.4906
vt 0.5338 0.5261
vt 0.4624 0.4906
vt 0.5198 0.5373
vt 0.9952 0.9977
vt 0.9952 0.9709
vt 0.9744 0.9941
vt 0.1084 0.8418
vt 0.0617 0.8181
vt 0.0734 0.8545
vt 0.0714 0.7437
vt 0.0357 0.9043
vt 0.0693 0.8888
vt 0.0411 0.8718
vt 0.0678 0.9291
vt 0.9115 0.9097
vt 0.9308 0.8693
vt 0.8949 0.8613
vt 0.9463 0.9127
vt 0.9131 0.9275
vt 0.0137 0.9674
vt 0.0042 0.9958
vt 0.0137 0.9959
vt 0.0042 0.9675
vt 0.9952 0.9417
vt 0.9539 0.9571
vt 0.9952 0.9709
vt 0.9542 0.9389
vt 0.9952 0.8996
vt 0.9952 0.8716
vt 0.924 0.9792
vt 0.9486 0.996
vt 0.917 0.9499
vt 0.0634 0.962
vt 0.0406 0.9666
vt 0.0446 0.9955
vt 0.0042 0.9067
vt 0.0145 0.9058
vt 0.0042 0.8991
vt 0.0042 0.9329
vt 0.9072 0.3229
vt 0.9952 0.616
vt 0.9952 0.3164
vt 0.9389 0.5983
vt 0.8825 0.5895
vt 0.8089 0.3422
vt 0.9193 0.7104
vt 0.8802 0.7412
vt 0.876 0.7183
vt 0.1092 0.73
vt 0.1466 0.8039
vt 0.1276 0.7269
vt 0.9317 0.7864
vt 0.9106 0.7993
vt 0.9329 0.8055
vt 0.0946 0.6026
vt 0.1587 0.6022
vt 0.1475 0.4076
vt 0.063 0.6101
vt 0.1049 0.4127
vt 0.9952 0.7805
vt 0.9952 0.8269
vt 0.9952 0.6942
vt 0.2225 0.3823
vt 0.1665 0.8189
vt 0.1406 0.8111
vt 0.166 0.8269
vt 0.1466 0.8039
vt 0.8634 0.7762
vt 0.8307 0.8144
vt 0.8392 0.8215
vt 0.856 0.7697
vt 0.5903 0.8259
vt 0.632 0.8833
vt 0.6336 0.8259
vt 0.5857 0.8547
vt 0.5046 0.8259
vt 0.5484 0.8994
vt 0.4643 0.9535
vt 0.4383 0.9022
vt 0.4372 0.8259
vt 0.4068 0.8989
vt 0.4026 0.8259
vt 0.6315 0.8967
vt 0.6679 0.8573
vt 0.6705 0.8259
vt 0.7717 0.8259
vt 0.761 0.8796
vt 0.8133 0.9714
vt 0.8262 0.8989
vt 0.822 0.8259
vt 0.6101 0.9355
vt 0.0854 0.7238
vt 0.0304 0.9449
vt 0.0662 0.9471
vt 0.0042 0.946
vt 0.0187 0.945
vt 0.0343 0.9321
vt 0.017 0.895
vt 0.0042 0.8955
vt 0.1079 0.8577
vt 0.0705 0.8681
vt 0.3523 0.8259
vt 0.0042 0.7511
vt 0.0042 0.7308
vt 0.0042 0.9329
vt 0.0617 0.8181
vt 0.0284 0.783
vt 0.0488 0.8171
vt 0.0042 0.7511
vt 0.0042 0.7541
vt 0.0042 0.7049
vt 0.0042 0.6529
vt 0.0485 0.4094
vt 0.8949 0.8533
vt 0.9306 0.864
vt 0.9952 0.8738
vt 0.8802 0.7412
vt 0.9193 0.7104
vt 0.9161 0.7309
vt 0.9952 0.6942
vt 0.9958 0.7158
vt 0.0858 0.7249
vt 0.0854 0.7238
vt 0.0036 0.7086
vt 0.0042 0.7049
vt 0.9951 0.1652
vt 0.8794 0.2705
vt 0.9952 0.2758
vt 0.7995 0.0912
vt 0.7049 0.1135
vt 0.7834 0.2658
vt 0.1491 0.1096
vt 0.1902 0.2934
vt 0.2568 0.1272
vt 0.1284 0.2966
vt 0.2458 0.2956
vt 0.3457 0.1566
vt 0.0557 0.3022
vt 0.0699 0.0935
vt 0.8319 0.0257
vt 0.9951 0.0055
vt 0.0042 0.8869
vt 0.0171 0.8864
vt 0.0284 0.783
vt 0.0042 0.8473
vt 0.026 0.8419
vt 0.0042 0.7541
vt 0.0488 0.8171
vt 0.0648 0.8609
vt 0.068 0.892
vt 0.0042 0.4052
vt 0.0043 0.0913
vt 0.0042 0.3009
vt 0.0056 0.7258
vt 0.0858 0.7249
vt 0.0036 0.7086
vt 0.0728 0.7413
vt 0.1406 0.8111
vt 0.1143 0.8413
vt 0.166 0.8269
vt 0.1139 0.864
vt 0.8891 0.8597
vt 0.8634 0.7762
vt 0.8392 0.8215
vt 0.9068 0.8013
vt 0.9161 0.7309
vt 0.9294 0.7845
vt 0.9958 0.7786
vt 0.9958 0.7158
vt 0.0042 0.7308
vt 0.0728 0.7413
vt 0.0056 0.7258
vt 0.0714 0.7437
vt 0.1143 0.8413
vt 0.1084 0.8418
vt 0.1139 0.864
vt 0.1079 0.8577
vt 0.8949 0.8533
vt 0.9068 0.8013
vt 0.8891 0.8597
vt 0.9106 0.7993
vt 0.9294 0.7845
vt 0.9317 0.7864
vt 0.9958 0.7786
vt 0.9952 0.7805
vt 0.0187 0.945
vt 0.0137 0.9674
vt 0.0137 0.9959
vt 0.9744 0.9941
vt 0.9744 0.9941
vt 0.1084 0.8418
vt 0.0734 0.8545
vt 0.0617 0.8181
vt 0.0714 0.7437
vt 0.0357 0.9043
vt 0.0411 0.8718
vt 0.0693 0.8888
vt 0.0678 0.9291
vt 0.9115 0.9097
vt 0.8949 0.8613
vt 0.9308 0.8693
vt 0.9463 0.9127
vt 0.9131 0.9275
vt 0.0137 0.9674
vt 0.0137 0.9959
vt 0.9539 0.9571
vt 0.9542 0.9389
vt 0.9486 0.996
vt 0.924 0.9792
vt 0.917 0.9499
vt 0.0634 0.962
vt 0.0446 0.9955
vt 0.0406 0.9666
vt 0.0145 0.9058
vt 0.9072 0.3229
vt 0.9389 0.5983
vt 0.8825 0.5895
vt 0.8089 0.3422
vt 0.9193 0.7104
vt 0.8802 0.7412
vt 0.876 0.7183
vt 0.1092 0.73
vt 0.1276 0.7269
vt 0.1466 0.8039
vt 0.9317 0.7864
vt 0.9329 0.8055
vt 0.9106 0.7993
vt 0.0946 0.6026
vt 0.1587 0.6022
vt 0.1475 0.4076
vt 0.063 0.6101
vt 0.1049 0.4127
vt 0.2225 0.3823
vt 0.1665 0.8189
vt 0.166 0.8269
vt 0.1406 0.8111
vt 0.1466 0.8039
vt 0.8634 0.7762
vt 0.8392 0.8215
vt 0.8307 0.8144
vt 0.856 0.7697
vt 0.5903 0.8259
vt 0.6336 0.8259
vt 0.632 0.8833
vt 0.5857 0.8547
vt 0.5484 0.8994
vt 0.5046 0.8259
vt 0.4643 0.9535
vt 0.4383 0.9022
vt 0.4372 0.8259
vt 0.4068 0.8989
vt 0.4026 0.8259
vt 0.6679 0.8573
vt 0.6315 0.8967
vt 0.6705 0.8259
vt 0.7717 0.8259
vt 0.761 0.8796
vt 0.8262 0.8989
vt 0.8133 0.9714
vt 0.822 0.8259
vt 0.6101 0.9355
vt 0.0854 0.7238
vt 0.0304 0.9449
vt 0.0662 0.9471
vt 0.0187 0.945
vt 0.0343 0.9321
vt 0.017 0.895
vt 0.1079 0.8577
vt 0.0705 0.8681
vt 0.3523 0.8259
vt 0.0617 0.8181
vt 0.0488 0.8171
vt 0.0284 0.783
vt 0.0485 0.4094
vt 0.9306 0.864
vt 0.8949 0.8533
vt 0.8802 0.7412
vt 0.9193 0.7104
vt 0.9161 0.7309
vt 0.0858 0.7249
vt 0.0854 0.7238
vt 0.8794 0.2705
vt 0.7995 0.0912
vt 0.7049 0.1135
vt 0.7834 0.2658
vt 0.1491 0.1096
vt 0.2568 0.1272
vt 0.1902 0.2934
vt 0.1284 0.2966
vt 0.3457 0.1566
vt 0.2458 0.2956
vt 0.0557 0.3022
vt 0.0699 0.0935
vt 0.8319 0.0257
vt 0.0171 0.8864
vt 0.0284 0.783
vt 0.026 0.8419
vt 0.0488 0.8171
vt 0.0648 0.8609
vt 0.068 0.892
vt 0.0858 0.7249
vt 0.0728 0.7413
vt 0.1406 0.8111
vt 0.1143 0.8413
vt 0.166 0.8269
vt 0.1139 0.864
vt 0.8891 0.8597
vt 0.8392 0.8215
vt 0.8634 0.7762
vt 0.9068 0.8013
vt 0.9161 0.7309
vt 0.9294 0.7845
vt 0.0728 0.7413
vt 0.0714 0.7437
vt 0.1143 0.8413
vt 0.1084 0.8418
vt 0.1139 0.864
vt 0.1079 0.8577
vt 0.8949 0.8533
vt 0.8891 0.8597
vt 0.9068 0.8013
vt 0.9106 0.7993
vt 0.9294 0.7845
vt 0.9317 0.7864
vt 0.0187 0.945
vt 0.0137 0.9674
vt 0.0137 0.9959
vt 0.9744 0.9941
vt 0.8664 0.7612
vt 0.8664 0.7612
vt 0.8664 0.7612
vt 0.8664 0.7614
vt 0.8664 0.7613
vt 0.8664 0.7613
vt 0.8664 0.7614
vt 0.8664 0.7614
vt 0.8664 0.7614
vt 0.8664 0.7612
vt 0.8664 0.7612
vt 0.8664 0.7612
vt 0.8664 0.7612
vt 0.8664 0.7612
vt 0.8664 0.7612
vt 0.8664 0.7612
vt 0.8664 0.7613
vt 0.8664 0.7614
vt 0.8664 0.7614
vt 0.8664 0.7614
vt 0.8664 0.7614
vt 0.8664 0.7614
vt 0.8664 0.7612
vt 0.8664 0.7612
vt 0.8664 0.7612
vt 0.8664 0.7612
vt 0.7804 0.7365
vt 0.8504 0.7547
vt 0.8244 0.8003
vt 0.7682 0.7735
vt 0.2799 0.7228
vt 0.4054 0.6994
vt 0.4102 0.7093
vt 0.3082 0.7425
vt 0.7032 0.7344
vt 0.725 0.7042
vt 0.7393 0.7127
vt 0.7351 0.7561
vt 0.856 0.7697
vt 0.8802 0.7412
vt 0.2272 0.7557
vt 0.1669 0.7884
vt 0.1482 0.699
vt 0.185 0.6903
vt 0.7549 0.722
vt 0.7795 0.6931
vt 0.8211 0.6805
vt 0.2555 0.4195
vt 0.3894 0.3724
vt 0.402 0.6291
vt 0.2763 0.6773
vt 0.7284 0.6681
vt 0.7536 0.401
vt 0.7868 0.5161
vt 0.7465 0.6828
vt 0.8563 0.6895
vt 0.1276 0.7269
vt 0.141 0.6884
vt 0.2402 0.7805
vt 0.1816 0.8064
vt 0.5539 0.6446
vt 0.5549 0.6561
vt 0.5419 0.667
vt 0.5241 0.6565
vt 0.5713 0.6559
vt 0.561 0.6731
vt 0.6053 0.6595
vt 0.6064 0.669
vt 0.4734 0.6565
vt 0.4875 0.6579
vt 0.4911 0.6901
vt 0.471 0.6749
vt 0.4624 0.7092
vt 0.4464 0.6803
vt 0.4007 0.7018
vt 0.4084 0.6972
vt 0.4642 0.6555
vt 0.463 0.6674
vt 0.5046 0.698
vt 0.5141 0.652
vt 0.5404 0.7163
vt 0.6003 0.7115
vt 0.5459 0.6454
vt 0.5439 0.6378
vt 0.5444 0.6483
vt 0.446 0.6665
vt 0.4632 0.6667
vt 0.4104 0.67
vt 0.4469 0.6638
vt 0.4558 0.6664
vt 0.4414 0.6522
vt 0.562 0.6558
vt 0.5758 0.6411
vt 0.5709 0.6702
vt 0.4725 0.6563
vt 0.4741 0.6592
vt 0.4747 0.6489
vt 0.2285 0.7026
vt 0.2208 0.5311
vt 0.2582 0.6957
vt 0.2665 0.7326
vt 0.2558 0.7392
vt 0.7495 0.7547
vt 0.8307 0.8144
vt 0.8284 0.8094
vt 0.4075 0.6281
vt 0.4104 0.67
vt 0.4084 0.6972
vt 0.5898 0.6488
vt 0.5925 0.6189
vt 0.599 0.625
vt 0.5971 0.6466
vt 0.4007 0.7018
vt 0.4075 0.6792
vt 0.4013 0.6801
vt 0.6118 0.6117
vt 0.5931 0.6146
vt 0.6255 0.3523
vt 0.6087 0.67
vt 0.5949 0.667
vt 0.1719 0.8144
vt 0.1665 0.8189
vt 0.1466 0.8039
vt 0.6056 0.7001
vt 0.2748 0.7635
vt 0.2598 0.7622
vt 0.1536 0.7985
vt 0.5878 0.6575
vt 0.1184 0.7379
vt 0.1513 0.763
vt 0.1364 0.7772
vt 0.115 0.7545
vt 0.1764 0.7989
vt 0.1183 0.7378
vt 0.0941 0.7374
vt 0.1576 0.8002
vt 0.1806 0.8074
vt 0.1695 0.8031
vt 0.7804 0.7365
vt 0.8504 0.7547
vt 0.8244 0.8003
vt 0.7682 0.7735
vt 0.2799 0.7228
vt 0.4054 0.6994
vt 0.4102 0.7093
vt 0.3082 0.7425
vt 0.7032 0.7344
vt 0.725 0.7042
vt 0.7393 0.7127
vt 0.7351 0.7561
vt 0.856 0.7697
vt 0.8802 0.7412
vt 0.2272 0.7557
vt 0.1669 0.7884
vt 0.1482 0.699
vt 0.185 0.6903
vt 0.7549 0.722
vt 0.7795 0.6931
vt 0.8211 0.6805
vt 0.2555 0.4195
vt 0.3894 0.3724
vt 0.402 0.6291
vt 0.2763 0.6773
vt 0.7284 0.6681
vt 0.7536 0.401
vt 0.7868 0.5161
vt 0.7465 0.6828
vt 0.8563 0.6895
vt 0.1276 0.7269
vt 0.141 0.6884
vt 0.2402 0.7805
vt 0.1816 0.8064
vt 0.5539 0.6446
vt 0.5549 0.6561
vt 0.5419 0.667
vt 0.5241 0.6565
vt 0.5713 0.6559
vt 0.561 0.6731
vt 0.6053 0.6595
vt 0.6064 0.669
vt 0.4734 0.6565
vt 0.4875 0.6579
vt 0.4911 0.6901
vt 0.471 0.6749
vt 0.4624 0.7092
vt 0.4464 0.6803
vt 0.4007 0.7018
vt 0.4084 0.6972
vt 0.4642 0.6555
vt 0.463 0.6674
vt 0.5046 0.698
vt 0.5141 0.652
vt 0.5404 0.7163
vt 0.6003 0.7115
vt 0.5459 0.6454
vt 0.5439 0.6378
vt 0.5444 0.6483
vt 0.446 0.6665
vt 0.4632 0.6667
vt 0.4104 0.67
vt 0.4469 0.6638
vt 0.4558 0.6664
vt 0.4414 0.6522
vt 0.562 0.6558
vt 0.5758 0.6411
vt 0.5709 0.6702
vt 0.4725 0.6563
vt 0.4741 0.6592
vt 0.4747 0.6489
vt 0.2285 0.7026
vt 0.2208 0.5311
vt 0.2582 0.6957
vt 0.2665 0.7326
vt 0.2558 0.7392
vt 0.7495 0.7547
vt 0.8307 0.8144
vt 0.8284 0.8094
vt 0.4075 0.6281
vt 0.4104 0.67
vt 0.4084 0.6972
vt 0.5898 0.6488
vt 0.5925 0.6189
vt 0.599 0.625
vt 0.5971 0.6466
vt 0.4007 0.7018
vt 0.4075 0.6792
vt 0.4013 0.6801
vt 0.6118 0.6117
vt 0.5931 0.6146
vt 0.6255 0.3523
vt 0.6087 0.67
vt 0.5949 0.667
vt 0.1719 0.8144
vt 0.1665 0.8189
vt 0.1466 0.8039
vt 0.6056 0.7001
vt 0.2748 0.7635
vt 0.2598 0.7622
vt 0.1536 0.7985
vt 0.5878 0.6575
vt 0.1184 0.7379
vt 0.1513 0.763
vt 0.1364 0.7772
vt 0.115 0.7545
vt 0.1764 0.7989
vt 0.1183 0.7378
vt 0.0941 0.7374
vt 0.1576 0.8002
vt 0.1806 0.8074
vt 0.1695 0.8031
vt 0.4779 0.1277
vt 0.5746 0.1254
vt 0.5636 0.1393
vt 0.4715 0.1173
vt 0.5065 0.2031
vt 0.5541 0.1695
vt 0.5516 0.1994
vt 0.4957 0.1609
vt 0.6251 0.2011
vt 0.6414 0.1591
vt 0.6564 0.2066
vt 0.6182 0.1723
vt 0.6734 0.1441
vt 0.6915 0.217
vt 0.6036 0.2268
vt 0.5536 0.2259
vt 0.6456 0.2325
vt 0.6868 0.2421
vt 0.4961 0.2545
vt 0.5473 0.2576
vt 0.4851 0.2916
vt 0.5821 0.2525
vt 0.6349 0.2584
vt 0.682 0.2672
vt 0.5636 0.1393
vt 0.4779 0.1277
vt 0.5516 0.1994
vt 0.5541 0.1695
vt 0.5065 0.2031
vt 0.4957 0.1609
vt 0.6564 0.2066
vt 0.6414 0.1591
vt 0.6251 0.2011
vt 0.6182 0.1723
vt 0.5536 0.2259
vt 0.6036 0.2268
vt 0.6456 0.2325
vt 0.4851 0.2916
vt 0.5473 0.2576
vt 0.4961 0.2545
vt 0.5821 0.2525
vt 0.6349 0.2584
vt 0.6056 0.7747
vt 0.607 0.7656
vt 0.5427 0.7515
vt 0.5387 0.7796
vt 0.3396 0.3279
vt 0.3396 0.3279
vt 0.3268 0.3232
vt 0.3268 0.3232
vt 0.3396 0.3279
vt 0.4051 0.2506
vt 0.3744 0.2184
vt 0.3268 0.3232
vt 0.4051 0.2506
vt 0.3396 0.3279
vt 0.3268 0.3232
vt 0.3744 0.2184
vt 0.4309 0.1705
vt 0.4379 0.2405
vt 0.4827 0.7328
vt 0.4753 0.7853
vt 0.4379 0.2405
vt 0.4309 0.1705
vt 0.6057 0.7747
vt 0.5387 0.7796
vt 0.5426 0.7516
vt 0.607 0.7655
vt 0.3396 0.3279
vt 0.3268 0.3232
vt 0.3268 0.3232
vt 0.3396 0.3279
vt 0.3396 0.3279
vt 0.3268 0.3232
vt 0.3744 0.2183
vt 0.4051 0.2505
vt 0.4051 0.2505
vt 0.3744 0.2183
vt 0.3268 0.3232
vt 0.3396 0.3279
vt 0.4379 0.2405
vt 0.4308 0.1705
vt 0.4752 0.7854
vt 0.4827 0.7328
vt 0.4308 0.1705
vt 0.4379 0.2404
vt 0.4924 0.1818
vt 0.4747 0.2304
vt 0.4747 0.2305
vt 0.4924 0.1818
vt 0.426 0.786
vt 0.4405 0.7239
vt 0.5746 0.1254
vt 0.4779 0.1277
vt 0.5636 0.1393
vt 0.4715 0.1173
vt 0.5541 0.1695
vt 0.5065 0.2031
vt 0.5516 0.1994
vt 0.4957 0.1609
vt 0.6414 0.1591
vt 0.6251 0.2011
vt 0.6564 0.2066
vt 0.6182 0.1723
vt 0.6734 0.1441
vt 0.6915 0.217
vt 0.6036 0.2268
vt 0.5536 0.2259
vt 0.6456 0.2325
vt 0.6868 0.2421
vt 0.5473 0.2576
vt 0.4961 0.2545
vt 0.4851 0.2916
vt 0.5821 0.2525
vt 0.6349 0.2584
vt 0.682 0.2672
vt 0.6056 0.7747
vt 0.5427 0.7515
vt 0.607 0.7656
vt 0.5387 0.7796
vt 0.3396 0.3279
vt 0.3268 0.3232
vt 0.3396 0.3279
vt 0.3268 0.3232
vt 0.3396 0.3279
vt 0.3744 0.2184
vt 0.4051 0.2506
vt 0.3268 0.3232
vt 0.4051 0.2506
vt 0.3268 0.3232
vt 0.3396 0.3279
vt 0.3744 0.2184
vt 0.4309 0.1705
vt 0.4379 0.2405
vt 0.4827 0.7328
vt 0.4753 0.7853
vt 0.4309 0.1705
vt 0.4379 0.2405
vt 0.6057 0.7747
vt 0.5426 0.7516
vt 0.5387 0.7796
vt 0.607 0.7655
vt 0.3396 0.3279
vt 0.3268 0.3232
vt 0.3268 0.3232
vt 0.3396 0.3279
vt 0.3396 0.3279
vt 0.3744 0.2183
vt 0.3268 0.3232
vt 0.4051 0.2505
vt 0.4051 0.2505
vt 0.3268 0.3232
vt 0.3744 0.2183
vt 0.3396 0.3279
vt 0.4379 0.2405
vt 0.4308 0.1705
vt 0.4752 0.7854
vt 0.4827 0.7328
vt 0.4379 0.2404
vt 0.4308 0.1705
vt 0.4747 0.2304
vt 0.4924 0.1818
vt 0.4747 0.2305
vt 0.4924 0.1818
vt 0.426 0.786
vt 0.4405 0.7239
vt 0.5636 0.1393
vt 0.4779 0.1277
vt 0.5541 0.1695
vt 0.5516 0.1994
vt 0.5065 0.2031
vt 0.4957 0.1609
vt 0.6414 0.1591
vt 0.6564 0.2066
vt 0.6251 0.2011
vt 0.6182 0.1723
vt 0.6036 0.2268
vt 0.5536 0.2259
vt 0.6456 0.2325
vt 0.5473 0.2576
vt 0.4851 0.2916
vt 0.4961 0.2545
vt 0.5821 0.2525
vt 0.6349 0.2584
f 1/1/1 3/3/3 2/2/2
f 4/4/4 6/6/6 5/5/5
f 7/7/7 9/9/9 8/8/8
f 10/10/10 12/12/12 11/11/11
f 13/13/13 15/15/15 14/14/14
f 16/16/16 18/18/18 17/17/17
f 19/19/19 21/21/21 20/20/20
f 22/22/22 24/24/24 23/23/23
f 25/25/25 27/27/27 26/26/26
f 28/28/28 30/30/30 29/29/29
f 31/31/31 33/33/33 32/32/32
f 34/34/34 36/36/36 35/35/35
f 37/37/37 39/39/39 38/38/38
f 40/40/40 42/42/42 41/41/41
f 43/43/43 45/45/45 44/44/44
f 46/46/46 48/48/48 47/47/47
f 49/49/49 51/51/51 50/50/50
f 52/52/52 54/54/54 53/53/53
f 55/55/55 57/57/57 56/56/56
f 58/58/58 60/60/60 59/59/59
f 61/61/61 63/63/63 62/62/62
f 64/64/64 66/66/66 65/65/65
f 67/67/67 69/69/69 68/68/68
f 70/70/70 72/72/72 71/71/71
f 73/73/73 75/75/75 74/74/74
f 76/76/76 78/78/78 77/77/77
f 79/79/79 81/81/81 80/80/80
f 80/80/80 81/81/81 82/82/82
f 83/83/83 85/85/85 84/84/84
f 86/86/86 88/88/88 87/87/87
f 89/89/89 91/91/91 90/90/90
f 92/92/92 94/94/94 93/93/93
f 95/95/95 97/97/97 96/96/96
f 98/98/98 100/100/100 99/99/99
f 101/101/101 103/103/103 102/102/102
f 104/104/104 106/106/106 105/105/105
f 107/107/107 109/109/109 108/108/108
f 110/110/110 112/112/112 111/111/111
f 113/113/113 115/115/115 114/114/114
f 116/116/116 118/118/118 117/117/117
f 119/119/119 121/121/121 120/120/120
f 122/122/122 124/124/124 123/123/123
f 125/125/125 127/127/127 126/126/126
f 128/128/128 130/130/130 129/129/129
f 131/131/131 133/133/133 132/132/132
f 134/134/134 136/136/136 135/135/135
f 137/137/137 139/139/139 138/138/138
f 53/53/53 141/141/141 140/140/140
f 140/140/140 52/52/52 53/53/53
f 142/142/142 144/144/144 143/143/143
f 145/145/145 147/147/147 146/146/146
f 148/148/148 150/150/150 149/149/149
f 151/151/151 153/153/153 152/152/152
f 154/154/154 156/156/156 155/155/155
f 157/157/157 159/159/159 158/158/158
f 160/160/160 162/162/162 161/161/161
f 163/163/163 165/165/165 164/164/164
f 166/166/166 168/168/168 167/167/167
f 166/166/166 167/167/167 169/169/169
f 170/170/170 172/172/172 171/171/171
f 173/173/173 175/175/175 174/174/174
f 176/176/176 178/178/178 177/177/177
f 179/179/179 181/181/181 180/180/180
f 182/182/182 184/184/184 183/183/183
f 185/185/185 187/187/187 186/186/186
f 188/188/188 190/190/190 189/189/189
f 191/191/191 193/193/193 192/192/192
f 194/194/194 196/196/196 195/195/195
f 197/197/197 199/199/199 198/198/198
f 200/200/200 202/202/202 201/201/201
f 203/203/203 205/205/205 204/204/204
f 206/206/206 208/208/208 207/207/207
f 209/209/209 211/211/211 210/210/210
f 212/212/212 214/214/214 213/213/213
f 215/215/215 217/217/217 216/216/216
f 218/218/218 220/220/220 219/219/219
f 221/221/221 223/223/223 222/222/222
f 224/224/224 226/226/226 225/225/225
f 226/226/226 224/224/224 227/227/227
f 227/227/227 228/228/228 226/226/226
f 229/229/229 231/231/231 230/230/230
f 232/232/232 234/234/234 233/233/233
f 235/235/235 237/237/237 236/236/236
f 238/238/238 240/240/240 239/239/239
f 241/241/241 243/243/243 242/242/242
f 244/244/244 246/246/246 245/245/245
f 247/247/247 249/249/249 248/248/248
f 250/250/250 252/252/252 251/251/251
f 253/253/253 255/255/255 254/254/254
f 256/256/256 258/258/258 257/257/257
f 259/259/259 261/261/261 260/260/260
f 262/262/262 264/264/264 263/263/263
f 265/265/265 267/267/267 266/266/266
f 268/268/268 270/270/270 269/269/269
f 271/271/271 273/273/273 272/272/272
f 274/274/274 276/276/276 275/275/275
f 277/277/277 279/279/279 278/278/278
f 280/280/280 282/282/282 281/281/281
f 283/283/283 285/285/285 284/284/284
f 286/286/286 288/288/288 287/287/287
f 289/289/289 291/291/291 290/290/290
f 292/292/292 294/294/294 293/293/293
f 295/295/295 297/297/297 296/296/296
f 298/298/298 300/300/300 299/299/299
f 301/301/301 303/303/303 302/302/302
f 304/304/304 306/306/306 305/305/305
f 307/307/307 309/309/309 308/308/308
f 310/310/310 312/312/312 311/311/311
f 313/313/313 315/315/315 314/314/314
f 311/311/311 317/317/317 316/316/316
f 318/318/318 319/319/319 313/313/313
f 320/320/320 322/322/322 321/321/321
f 323/323/323 325/325/325 324/324/324
f 326/326/326 328/328/328 327/327/327
f 329/329/329 331/331/331 330/330/330
f 332/332/332 334/334/334 333/333/333
f 335/335/335 337/337/337 336/336/336
f 338/338/338 340/340/340 339/339/339
f 341/341/341 343/343/343 342/342/342
f 344/344/344 346/346/346 345/345/345
f 347/347/347 349/349/349 348/348/348
f 350/350/350 314/314/314 351/351/351
f 352/352/352 354/354/354 353/353/353
f 355/355/355 357/357/357 356/356/356
f 358/358/358 360/360/360 359/359/359
f 361/361/361 363/363/363 362/362/362
f 362/362/362 364/364/364 361/361/361
f 365/365/365 367/367/367 366/366/366
f 366/366/366 368/368/368 365/365/365
f 369/369/369 371/371/371 370/370/370
f 370/370/370 372/372/372 369/369/369
f 373/373/373 369/369/369 372/372/372
f 374/374/374 376/376/376 375/375/375
f 375/375/375 377/377/377 374/374/374
f 358/358/358 360/360/360 359/359/359
f 378/378/378 380/380/380 379/379/379
f 379/379/379 381/381/381 378/378/378
f 370/370/370 383/383/383 382/382/382
f 382/382/382 372/372/372 370/370/370
f 379/379/379 385/385/385 384/384/384
f 381/381/381 379/379/379 384/384/384
f 384/384/384 386/386/386 381/381/381
f 387/387/387 389/389/389 388/388/388
f 390/390/390 392/392/392 391/391/391
f 390/390/390 391/391/391 393/393/393
f 394/394/394 396/396/396 395/395/395
f 395/395/395 397/397/397 394/394/394
f 398/398/398 399/399/399 394/394/394
f 394/394/394 397/397/397 398/398/398
f 398/398/398 397/397/397 400/400/400
f 400/400/400 401/401/401 398/398/398
f 401/401/401 402/402/402 398/398/398
f 403/403/403 405/405/405 404/404/404
f 406/406/406 408/408/408 407/407/407
f 409/409/409 410/410/410 405/405/405
f 405/405/405 403/403/403 409/409/409
f 411/411/411 409/409/409 412/412/412
f 412/412/412 413/413/413 411/411/411
f 414/414/414 415/415/415 408/408/408
f 408/408/408 406/406/406 414/414/414
f 416/416/416 400/400/400 397/397/397
f 397/397/397 395/395/395 416/416/416
f 410/410/410 409/409/409 411/411/411
f 411/411/411 417/417/417 410/410/410
f 418/418/418 420/420/420 419/419/419
f 419/419/419 421/421/421 418/418/418
f 422/422/422 424/424/424 423/423/423
f 423/423/423 425/425/425 422/422/422
f 426/426/426 428/428/428 427/427/427
f 427/427/427 429/429/429 426/426/426
f 429/429/429 431/431/431 430/430/430
f 430/430/430 426/426/426 429/429/429
f 430/430/430 431/431/431 432/432/432
f 432/432/432 433/433/433 430/430/430
f 434/434/434 430/430/430 433/433/433
f 434/434/434 433/433/433 435/435/435
f 435/435/435 436/436/436 434/434/434
f 427/427/427 438/438/438 437/437/437
f 438/438/438 427/427/427 428/428/428
f 428/428/428 439/439/439 438/438/438
f 440/440/440 441/441/441 438/438/438
f 438/438/438 439/439/439 440/440/440
f 440/440/440 443/443/443 442/442/442
f 442/442/442 441/441/441 440/440/440
f 440/440/440 444/444/444 443/443/443
f 437/437/437 438/438/438 441/441/441
f 441/441/441 445/445/445 437/437/437
f 403/403/403 446/446/446 412/412/412
f 412/412/412 409/409/409 403/403/403
f 447/447/447 448/448/448 387/387/387
f 387/387/387 388/388/388 447/447/447
f 374/374/374 377/377/377 449/449/449
f 449/449/449 450/450/450 374/374/374
f 403/403/403 404/404/404 446/446/446
f 365/365/365 368/368/368 451/451/451
f 365/365/365 451/451/451 393/393/393
f 393/393/393 391/391/391 365/365/365
f 452/452/452 391/391/391 392/392/392
f 392/392/392 453/453/453 452/452/452
f 391/391/391 452/452/452 367/367/367
f 367/367/367 365/365/365 391/391/391
f 363/363/363 361/361/361 454/454/454
f 454/454/454 455/455/455 363/363/363
f 437/437/437 445/445/445 431/431/431
f 431/431/431 429/429/429 437/437/437
f 427/427/427 437/437/437 429/429/429
f 439/439/439 428/428/428 426/426/426
f 439/439/439 426/426/426 430/430/430
f 434/434/434 436/436/436 456/456/456
f 430/430/430 434/434/434 456/456/456
f 439/439/439 430/430/430 456/456/456
f 364/364/364 362/362/362 457/457/457
f 457/457/457 458/458/458 364/364/364
f 459/459/459 450/450/450 449/449/449
f 447/447/447 451/451/451 368/368/368
f 368/368/368 448/448/448 447/447/447
f 381/381/381 386/386/386 373/373/373
f 373/373/373 372/372/372 381/381/381
f 382/382/382 378/378/378 381/381/381
f 381/381/381 372/372/372 382/382/382
f 460/460/460 462/462/462 461/461/461
f 461/461/461 464/464/464 463/463/463
f 460/460/460 461/461/461 463/463/463
f 412/412/412 446/446/446 465/465/465
f 465/465/465 466/466/466 412/412/412
f 467/467/467 413/413/413 412/412/412
f 408/408/408 469/469/469 468/468/468
f 468/468/468 407/407/407 408/408/408
f 470/470/470 469/469/469 408/408/408
f 408/408/408 415/415/415 470/470/470
f 422/422/422 425/425/425 471/471/471
f 422/422/422 471/471/471 472/472/472
f 422/422/422 472/472/472 473/473/473
f 474/474/474 475/475/475 473/473/473
f 473/473/473 472/472/472 474/474/474
f 476/476/476 477/477/477 421/421/421
f 421/421/421 419/419/419 476/476/476
f 478/478/478 479/479/479 477/477/477
f 477/477/477 476/476/476 478/478/478
f 480/480/480 482/482/482 481/481/481
f 481/481/481 483/483/483 480/480/480
f 484/484/484 483/483/483 481/481/481
f 481/481/481 485/485/485 484/484/484
f 486/486/486 488/488/488 487/487/487
f 487/487/487 489/489/489 486/486/486
f 488/488/488 491/491/491 490/490/490
f 490/490/490 487/487/487 488/488/488
f 486/486/486 489/489/489 492/492/492
f 492/492/492 493/493/493 486/486/486
f 480/480/480 483/483/483 494/494/494
f 494/494/494 495/495/495 480/480/480
f 496/496/496 497/497/497 452/452/452
f 452/452/452 453/453/453 496/496/496
f 452/452/452 497/497/497 367/367/367
f 498/498/498 500/500/500 499/499/499
f 499/499/499 501/501/501 498/498/498
f 500/500/500 498/498/498 502/502/502
f 502/502/502 367/367/367 500/500/500
f 503/503/503 504/504/504 367/367/367
f 367/367/367 502/502/502 503/503/503
f 499/499/499 500/500/500 497/497/497
f 497/497/497 496/496/496 499/499/499
f 497/497/497 500/500/500 367/367/367
f 466/466/466 505/505/505 467/467/467
f 467/467/467 412/412/412 466/466/466
f 506/506/506 493/493/493 492/492/492
f 492/492/492 507/507/507 506/506/506
f 396/396/396 394/394/394 481/481/481
f 481/481/481 482/482/482 396/396/396
f 394/394/394 399/399/399 485/485/485
f 485/485/485 481/481/481 394/394/394
f 417/417/417 411/411/411 487/487/487
f 487/487/487 490/490/490 417/417/417
f 411/411/411 413/413/413 489/489/489
f 489/489/489 487/487/487 411/411/411
f 413/413/413 467/467/467 492/492/492
f 492/492/492 489/489/489 413/413/413
f 492/492/492 467/467/467 505/505/505
f 505/505/505 507/507/507 492/492/492
f 508/508/508 510/510/510 509/509/509
f 509/509/509 511/511/511 508/508/508
f 511/511/511 509/509/509 512/512/512
f 512/512/512 513/513/513 511/511/511
f 513/513/513 512/512/512 514/514/514
f 514/514/514 515/515/515 513/513/513
f 516/516/516 518/518/518 517/517/517
f 517/517/517 519/519/519 516/516/516
f 520/520/520 521/521/521 519/519/519
f 519/519/519 517/517/517 520/520/520
f 520/520/520 523/523/523 522/522/522
f 522/522/522 521/521/521 520/520/520
f 524/524/524 526/526/526 525/525/525
f 525/525/525 527/527/527 524/524/524
f 527/527/527 525/525/525 528/528/528
f 528/528/528 529/529/529 527/527/527
f 529/529/529 528/528/528 530/530/530
f 530/530/530 531/531/531 529/529/529
f 532/532/532 534/534/534 533/533/533
f 533/533/533 535/535/535 532/532/532
f 535/535/535 533/533/533 536/536/536
f 536/536/536 537/537/537 535/535/535
f 537/537/537 536/536/536 538/538/538
f 538/538/538 539/539/539 537/537/537
f 447/447/447 540/540/540 393/393/393
f 393/393/393 451/451/451 447/447/447
f 447/447/447 388/388/388 541/541/541
f 541/541/541 540/540/540 447/447/447
f 541/541/541 388/388/388 389/389/389
f 389/389/389 542/542/542 541/541/541
f 385/385/385 379/379/379 380/380/380
f 380/380/380 543/543/543 385/385/385
f 358/358/358 359/359/359 544/544/544
f 545/545/545 547/547/547 546/546/546
f 547/547/547 545/545/545 548/548/548
f 549/549/549 551/551/551 550/550/550
f 551/551/551 549/549/549 552/552/552
f 553/553/553 555/555/555 554/554/554
f 555/555/555 553/553/553 556/556/556
f 557/557/557 556/556/556 553/553/553
f 558/558/558 375/375/375 559/559/559
f 375/375/375 558/558/558 377/377/377
f 358/358/358 359/359/359 544/544/544
f 378/378/378 560/560/560 380/380/380
f 560/560/560 378/378/378 561/561/561
f 555/555/555 382/382/382 383/383/383
f 382/382/382 555/555/555 556/556/556
f 560/560/560 563/563/563 562/562/562
f 561/561/561 563/563/563 560/560/560
f 563/563/563 561/561/561 564/564/564
f 565/565/565 567/567/567 566/566/566
f 390/390/390 568/568/568 392/392/392
f 390/390/390 393/393/393 568/568/568
f 569/569/569 395/395/395 396/396/396
f 395/395/395 569/569/569 570/570/570
f 571/571/571 569/569/569 572/572/572
f 569/569/569 571/571/571 570/570/570
f 571/571/571 573/573/573 570/570/570
f 573/573/573 571/571/571 574/574/574
f 574/574/574 571/571/571 575/575/575
f 576/576/576 578/578/578 577/577/577
f 579/579/579 581/581/581 580/580/580
f 582/582/582 577/577/577 583/583/583
f 577/577/577 582/582/582 576/576/576
f 584/584/584 585/585/585 582/582/582
f 585/585/585 584/584/584 586/586/586
f 414/414/414 580/580/580 415/415/415
f 580/580/580 414/414/414 579/579/579
f 416/416/416 570/570/570 573/573/573
f 570/570/570 416/416/416 395/395/395
f 583/583/583 584/584/584 582/582/582
f 584/584/584 583/583/583 587/587/587
f 588/588/588 590/590/590 589/589/589
f 590/590/590 588/588/588 591/591/591
f 592/592/592 594/594/594 593/593/593
f 594/594/594 592/592/592 595/595/595
f 596/596/596 598/598/598 597/597/597
f 598/598/598 596/596/596 599/599/599
f 599/599/599 601/601/601 600/600/600
f 601/601/601 599/599/599 596/596/596
f 601/601/601 602/602/602 600/600/600
f 602/602/602 601/601/601 603/603/603
f 604/604/604 603/603/603 601/601/601
f 604/604/604 605/605/605 603/603/603
f 605/605/605 604/604/604 606/606/606
f 598/598/598 608/608/608 607/607/607
f 607/607/607 597/597/597 598/598/598
f 597/597/597 607/607/607 609/609/609
f 610/610/610 607/607/607 611/611/611
f 607/607/607 610/610/610 609/609/609
f 610/610/610 613/613/613 612/612/612
f 613/613/613 610/610/610 611/611/611
f 610/610/610 612/612/612 614/614/614
f 608/608/608 611/611/611 607/607/607
f 611/611/611 608/608/608 615/615/615
f 576/576/576 585/585/585 616/616/616
f 585/585/585 576/576/576 582/582/582
f 617/617/617 565/565/565 618/618/618
f 565/565/565 617/617/617 567/567/567
f 558/558/558 449/449/449 377/377/377
f 449/449/449 558/558/558 619/619/619
f 576/576/576 616/616/616 578/578/578
f 549/549/549 620/620/620 552/552/552
f 549/549/549 393/393/393 620/620/620
f 393/393/393 549/549/549 568/568/568
f 621/621/621 392/392/392 568/568/568
f 392/392/392 621/621/621 453/453/453
f 568/568/568 550/550/550 621/621/621
f 550/550/550 568/568/568 549/549/549
f 546/546/546 622/622/622 545/545/545
f 622/622/622 546/546/546 623/623/623
f 608/608/608 600/600/600 615/615/615
f 600/600/600 608/608/608 599/599/599
f 598/598/598 599/599/599 608/608/608
f 609/609/609 596/596/596 597/597/597
f 609/609/609 601/601/601 596/596/596
f 604/604/604 624/624/624 606/606/606
f 601/601/601 624/624/624 604/604/604
f 609/609/609 624/624/624 601/601/601
f 548/548/548 457/457/457 547/547/547
f 457/457/457 548/548/548 458/458/458
f 459/459/459 449/449/449 619/619/619
f 617/617/617 552/552/552 620/620/620
f 552/552/552 617/617/617 618/618/618
f 561/561/561 557/557/557 564/564/564
f 557/557/557 561/561/561 556/556/556
f 382/382/382 561/561/561 378/378/378
f 561/561/561 382/382/382 556/556/556
f 625/625/625 627/627/627 626/626/626
f 627/627/627 463/463/463 464/464/464
f 625/625/625 463/463/463 627/627/627
f 585/585/585 465/465/465 616/616/616
f 465/465/465 585/585/585 466/466/466
f 628/628/628 585/585/585 586/586/586
f 580/580/580 630/630/630 629/629/629
f 630/630/630 580/580/580 581/581/581
f 470/470/470 580/580/580 629/629/629
f 580/580/580 470/470/470 415/415/415
f 592/592/592 631/631/631 595/595/595
f 592/592/592 632/632/632 631/631/631
f 592/592/592 633/633/633 632/632/632
f 474/474/474 633/633/633 475/475/475
f 633/633/633 474/474/474 632/632/632
f 634/634/634 591/591/591 635/635/635
f 591/591/591 634/634/634 590/590/590
f 478/478/478 635/635/635 479/479/479
f 635/635/635 478/478/478 634/634/634
f 480/480/480 636/636/636 482/482/482
f 636/636/636 480/480/480 637/637/637
f 638/638/638 636/636/636 637/637/637
f 636/636/636 638/638/638 639/639/639
f 640/640/640 642/642/642 641/641/641
f 642/642/642 640/640/640 643/643/643
f 641/641/641 645/645/645 644/644/644
f 645/645/645 641/641/641 642/642/642
f 640/640/640 646/646/646 643/643/643
f 646/646/646 640/640/640 647/647/647
f 480/480/480 648/648/648 637/637/637
f 648/648/648 480/480/480 495/495/495
f 496/496/496 621/621/621 649/649/649
f 621/621/621 496/496/496 453/453/453
f 621/621/621 550/550/550 649/649/649
f 650/650/650 499/499/499 651/651/651
f 499/499/499 650/650/650 501/501/501
f 651/651/651 652/652/652 650/650/650
f 652/652/652 651/651/651 550/550/550
f 653/653/653 550/550/550 654/654/654
f 550/550/550 653/653/653 652/652/652
f 499/499/499 649/649/649 651/651/651
f 649/649/649 499/499/499 496/496/496
f 649/649/649 550/550/550 651/651/651
f 466/466/466 628/628/628 505/505/505
f 628/628/628 466/466/466 585/585/585
f 506/506/506 646/646/646 647/647/647
f 646/646/646 506/506/506 507/507/507
f 396/396/396 636/636/636 569/569/569
f 636/636/636 396/396/396 482/482/482
f 569/569/569 639/639/639 572/572/572
f 639/639/639 569/569/569 636/636/636
f 587/587/587 642/642/642 584/584/584
f 642/642/642 587/587/587 645/645/645
f 584/584/584 643/643/643 586/586/586
f 643/643/643 584/584/584 642/642/642
f 586/586/586 646/646/646 628/628/628
f 646/646/646 586/586/586 643/643/643
f 646/646/646 505/505/505 628/628/628
f 505/505/505 646/646/646 507/507/507
f 508/508/508 655/655/655 510/510/510
f 655/655/655 508/508/508 656/656/656
f 656/656/656 657/657/657 655/655/655
f 657/657/657 656/656/656 658/658/658
f 658/658/658 659/659/659 657/657/657
f 659/659/659 658/658/658 660/660/660
f 661/661/661 663/663/663 662/662/662
f 663/663/663 661/661/661 664/664/664
f 665/665/665 664/664/664 666/666/666
f 664/664/664 665/665/665 663/663/663
f 665/665/665 522/522/522 523/523/523
f 522/522/522 665/665/665 666/666/666
f 524/524/524 667/667/667 526/526/526
f 667/667/667 524/524/524 668/668/668
f 668/668/668 669/669/669 667/667/667
f 669/669/669 668/668/668 670/670/670
f 670/670/670 671/671/671 669/669/669
f 671/671/671 670/670/670 672/672/672
f 673/673/673 675/675/675 674/674/674
f 675/675/675 673/673/673 676/676/676
f 676/676/676 677/677/677 675/675/675
f 677/677/677 676/676/676 678/678/678
f 678/678/678 538/538/538 677/677/677
f 538/538/538 678/678/678 539/539/539
f 617/617/617 393/393/393 679/679/679
f 393/393/393 617/617/617 620/620/620
f 617/617/617 680/680/680 567/567/567
f 680/680/680 617/617/617 679/679/679
f 680/680/680 566/566/566 567/567/567
f 566/566/566 680/680/680 681/681/681
f 562/562/562 380/380/380 560/560/560
f 380/380/380 562/562/562 682/682/682
f 683/683/683 685/685/685 684/684/684
f 686/686/686 688/688/688 687/687/687
f 689/689/689 691/691/691 690/690/690
f 692/692/692 694/694/694 693/693/693
f 695/695/695 694/694/694 692/692/692
f 696/696/696 698/698/698 697/697/697
f 699/699/699 701/701/701 700/700/700
f 702/702/702 704/704/704 703/703/703
f 705/705/705 707/707/707 706/706/706
f 706/706/706 707/707/707 708/708/708
f 709/709/709 711/711/711 710/710/710
f 711/711/711 709/709/709 712/712/712
f 713/713/713 715/715/715 714/714/714
f 715/715/715 713/713/713 716/716/716
f 717/717/717 719/719/719 718/718/718
f 719/719/719 717/717/717 720/720/720
f 721/721/721 722/722/722 710/710/710
f 723/723/723 725/725/725 724/724/724
f 725/725/725 723/723/723 726/726/726
f 709/709/709 728/728/728 727/727/727
f 728/728/728 709/709/709 729/729/729
f 730/730/730 732/732/732 731/731/731
f 732/732/732 730/730/730 733/733/733
f 734/734/734 736/736/736 735/735/735
f 737/737/737 718/718/718 719/719/719
f 722/722/722 738/738/738 710/710/710
f 739/739/739 724/724/724 725/725/725
f 740/740/740 739/739/739 725/725/725
f 723/723/723 742/742/742 741/741/741
f 742/742/742 723/723/723 724/724/724
f 743/743/743 745/745/745 744/744/744
f 745/745/745 743/743/743 746/746/746
f 744/744/744 748/748/748 747/747/747
f 748/748/748 744/744/744 745/745/745
f 749/749/749 747/747/747 750/750/750
f 751/751/751 753/753/753 752/752/752
f 753/753/753 751/751/751 754/754/754
f 754/754/754 755/755/755 753/753/753
f 755/755/755 754/754/754 756/756/756
f 755/755/755 758/758/758 757/757/757
f 759/759/759 752/752/752 760/760/760
f 752/752/752 759/759/759 751/751/751
f 746/746/746 761/761/761 745/745/745
f 761/761/761 746/746/746 762/762/762
f 745/745/745 763/763/763 748/748/748
f 763/763/763 745/745/745 761/761/761
f 763/763/763 764/764/764 748/748/748
f 765/765/765 767/767/767 766/766/766
f 768/768/768 754/754/754 769/769/769
f 754/754/754 768/768/768 756/756/756
f 769/769/769 751/751/751 759/759/759
f 751/751/751 769/769/769 754/754/754
f 764/764/764 750/750/750 748/748/748
f 756/756/756 768/768/768 770/770/770
f 771/771/771 756/756/756 772/772/772
f 756/756/756 771/771/771 758/758/758
f 773/773/773 758/758/758 771/771/771
f 758/758/758 773/773/773 770/770/770
f 774/774/774 749/749/749 775/775/775
f 749/749/749 774/774/774 776/776/776
f 777/777/777 772/772/772 778/778/778
f 772/772/772 777/777/777 771/771/771
f 777/777/777 773/773/773 771/771/771
f 773/773/773 777/777/777 779/779/779
f 767/767/767 775/775/775 766/766/766
f 775/775/775 767/767/767 774/774/774
f 755/755/755 756/756/756 758/758/758
f 747/747/747 748/748/748 750/750/750
f 780/780/780 782/782/782 781/781/781
f 783/783/783 780/780/780 784/784/784
f 712/712/712 727/727/727 785/785/785
f 727/727/727 712/712/712 709/709/709
f 738/738/738 709/709/709 710/710/710
f 709/709/709 738/738/738 729/729/729
f 721/721/721 787/787/787 786/786/786
f 711/711/711 721/721/721 710/710/710
f 788/788/788 790/790/790 789/789/789
f 788/788/788 731/731/731 732/732/732
f 791/791/791 793/793/793 792/792/792
f 793/793/793 791/791/791 794/794/794
f 795/795/795 797/797/797 796/796/796
f 797/797/797 795/795/795 715/715/715
f 798/798/798 800/800/800 799/799/799
f 798/798/798 802/802/802 801/801/801
f 803/803/803 805/805/805 804/804/804
f 718/718/718 806/806/806 717/717/717
f 806/806/806 718/718/718 801/801/801
f 734/734/734 801/801/801 718/718/718
f 798/798/798 735/735/735 800/800/800
f 783/783/783 716/716/716 713/713/713
f 716/716/716 783/783/783 807/807/807
f 781/781/781 733/733/733 730/730/730
f 733/733/733 781/781/781 782/782/782
f 784/784/784 741/741/741 808/808/808
f 741/741/741 784/784/784 723/723/723
f 726/726/726 784/784/784 780/780/780
f 784/784/784 726/726/726 723/723/723
f 783/783/783 808/808/808 807/807/807
f 808/808/808 783/783/783 784/784/784
f 727/727/727 720/720/720 785/785/785
f 720/720/720 727/727/727 719/719/719
f 728/728/728 719/719/719 727/727/727
f 737/737/737 728/728/728 736/736/736
f 724/724/724 739/739/739 809/809/809
f 809/809/809 742/742/742 724/724/724
f 742/742/742 809/809/809 803/803/803
f 721/721/721 711/711/711 787/787/787
f 780/780/780 783/783/783 782/782/782
f 713/713/713 782/782/782 783/783/783
f 782/782/782 713/713/713 733/733/733
f 714/714/714 733/733/733 713/713/713
f 733/733/733 714/714/714 732/732/732
f 790/790/790 732/732/732 714/714/714
f 790/790/790 788/788/788 732/732/732
f 802/802/802 799/799/799 810/810/810
f 802/802/802 798/798/798 799/799/799
f 734/734/734 735/735/735 798/798/798
f 801/801/801 734/734/734 798/798/798
f 737/737/737 736/736/736 734/734/734
f 718/718/718 737/737/737 734/734/734
f 719/719/719 728/728/728 737/737/737
f 811/811/811 813/813/813 812/812/812
f 813/813/813 811/811/811 814/814/814
f 815/815/815 817/817/817 816/816/816
f 817/817/817 815/815/815 818/818/818
f 816/816/816 814/814/814 811/811/811
f 814/814/814 816/816/816 817/817/817
f 812/812/812 820/820/820 819/819/819
f 820/820/820 812/812/812 813/813/813
f 819/819/819 818/818/818 815/815/815
f 818/818/818 819/819/819 820/820/820
f 821/821/821 823/823/823 822/822/822
f 823/823/823 821/821/821 824/824/824
f 825/825/825 827/827/827 826/826/826
f 827/827/827 825/825/825 828/828/828
f 829/829/829 831/831/831 830/830/830
f 831/831/831 829/829/829 832/832/832
f 833/833/833 834/834/834 822/822/822
f 835/835/835 837/837/837 836/836/836
f 837/837/837 835/835/835 838/838/838
f 821/821/821 840/840/840 839/839/839
f 840/840/840 821/821/821 841/841/841
f 842/842/842 844/844/844 843/843/843
f 844/844/844 842/842/842 845/845/845
f 846/846/846 848/848/848 847/847/847
f 849/849/849 830/830/830 831/831/831
f 834/834/834 850/850/850 822/822/822
f 851/851/851 836/836/836 837/837/837
f 852/852/852 851/851/851 837/837/837
f 835/835/835 854/854/854 853/853/853
f 854/854/854 835/835/835 836/836/836
f 855/855/855 857/857/857 856/856/856
f 857/857/857 855/855/855 858/858/858
f 856/856/856 860/860/860 859/859/859
f 860/860/860 856/856/856 857/857/857
f 861/861/861 859/859/859 862/862/862
f 863/863/863 865/865/865 864/864/864
f 865/865/865 863/863/863 866/866/866
f 866/866/866 867/867/867 865/865/865
f 867/867/867 866/866/866 868/868/868
f 867/867/867 870/870/870 869/869/869
f 871/871/871 864/864/864 872/872/872
f 864/864/864 871/871/871 863/863/863
f 858/858/858 873/873/873 857/857/857
f 873/873/873 858/858/858 874/874/874
f 857/857/857 875/875/875 860/860/860
f 875/875/875 857/857/857 873/873/873
f 875/875/875 876/876/876 860/860/860
f 877/877/877 879/879/879 878/878/878
f 880/880/880 866/866/866 881/881/881
f 866/866/866 880/880/880 868/868/868
f 881/881/881 863/863/863 871/871/871
f 863/863/863 881/881/881 866/866/866
f 876/876/876 862/862/862 860/860/860
f 868/868/868 880/880/880 882/882/882
f 883/883/883 868/868/868 884/884/884
f 868/868/868 883/883/883 870/870/870
f 885/885/885 870/870/870 883/883/883
f 870/870/870 885/885/885 882/882/882
f 886/886/886 861/861/861 887/887/887
f 861/861/861 886/886/886 888/888/888
f 889/889/889 884/884/884 890/890/890
f 884/884/884 889/889/889 883/883/883
f 889/889/889 885/885/885 883/883/883
f 885/885/885 889/889/889 891/891/891
f 879/879/879 887/887/887 878/878/878
f 887/887/887 879/879/879 886/886/886
f 867/867/867 868/868/868 870/870/870
f 859/859/859 860/860/860 862/862/862
f 892/892/892 894/894/894 893/893/893
f 895/895/895 892/892/892 896/896/896
f 824/824/824 839/839/839 897/897/897
f 839/839/839 824/824/824 821/821/821
f 850/850/850 821/821/821 822/822/822
f 821/821/821 850/850/850 841/841/841
f 833/833/833 899/899/899 898/898/898
f 823/823/823 833/833/833 822/822/822
f 900/900/900 902/902/902 901/901/901
f 900/900/900 843/843/843 844/844/844
f 903/903/903 905/905/905 904/904/904
f 905/905/905 903/903/903 906/906/906
f 907/907/907 909/909/909 908/908/908
f 909/909/909 907/907/907 827/827/827
f 910/910/910 912/912/912 911/911/911
f 910/910/910 914/914/914 913/913/913
f 915/915/915 917/917/917 916/916/916
f 830/830/830 918/918/918 829/829/829
f 918/918/918 830/830/830 913/913/913
f 846/846/846 913/913/913 830/830/830
f 910/910/910 847/847/847 912/912/912
f 895/895/895 828/828/828 825/825/825
f 828/828/828 895/895/895 919/919/919
f 893/893/893 845/845/845 842/842/842
f 845/845/845 893/893/893 894/894/894
f 896/896/896 853/853/853 920/920/920
f 853/853/853 896/896/896 835/835/835
f 838/838/838 896/896/896 892/892/892
f 896/896/896 838/838/838 835/835/835
f 895/895/895 920/920/920 919/919/919
f 920/920/920 895/895/895 896/896/896
f 839/839/839 832/832/832 897/897/897
f 832/832/832 839/839/839 831/831/831
f 840/840/840 831/831/831 839/839/839
f 849/849/849 840/840/840 848/848/848
f 836/836/836 851/851/851 921/921/921
f 921/921/921 854/854/854 836/836/836
f 854/854/854 921/921/921 915/915/915
f 833/833/833 823/823/823 899/899/899
f 892/892/892 895/895/895 894/894/894
f 825/825/825 894/894/894 895/895/895
f 894/894/894 825/825/825 845/845/845
f 826/826/826 845/845/845 825/825/825
f 845/845/845 826/826/826 844/844/844
f 902/902/902 844/844/844 826/826/826
f 902/902/902 900/900/900 844/844/844
f 914/914/914 911/911/911 922/922/922
f 914/914/914 910/910/910 911/911/911
f 846/846/846 847/847/847 910/910/910
f 913/913/913 846/846/846 910/910/910
f 849/849/849 848/848/848 846/846/846
f 830/830/830 849/849/849 846/846/846
f 831/831/831 840/840/840 849/849/849
f 923/923/923 925/925/925 924/924/924
f 925/925/925 923/923/923 926/926/926
f 927/927/927 929/929/929 928/928/928
f 929/929/929 927/927/927 930/930/930
f 928/928/928 926/926/926 923/923/923
f 926/926/926 928/928/928 929/929/929
f 924/924/924 932/932/932 931/931/931
f 932/932/932 924/924/924 925/925/925
f 931/931/931 930/930/930 927/927/927
f 930/930/930 931/931/931 932/932/932
f 933/933/933 935/935/935 934/934/934
f 934/934/934 936/936/936 933/933/933
f 937/937/937 939/939/939 938/938/938
f 938/938/938 940/940/940 937/937/937
f 941/941/941 943/943/943 942/942/942
f 942/942/942 944/944/944 941/941/941
f 935/935/935 938/938/938 944/944/944
f 944/944/944 942/942/942 935/935/935
f 943/943/943 946/946/946 945/945/945
f 945/945/945 942/942/942 943/943/943
f 939/939/939 948/948/948 947/947/947
f 947/947/947 941/941/941 939/939/939
f 941/941/941 947/947/947 949/949/949
f 949/949/949 943/943/943 941/941/941
f 949/949/949 950/950/950 946/946/946
f 946/946/946 943/943/943 949/949/949
f 942/942/942 945/945/945 934/934/934
f 934/934/934 935/935/935 942/942/942
f 939/939/939 941/941/941 944/944/944
f 944/944/944 938/938/938 939/939/939
f 933/933/933 940/940/940 938/938/938
f 938/938/938 935/935/935 933/933/933
f 951/951/951 953/953/953 952/952/952
f 952/952/952 948/948/948 951/951/951
f 948/948/948 939/939/939 937/937/937
f 937/937/937 951/951/951 948/948/948
f 948/948/948 952/952/952 954/954/954
f 954/954/954 947/947/947 948/948/948
f 947/947/947 954/954/954 955/955/955
f 955/955/955 949/949/949 947/947/947
f 955/955/955 956/956/956 950/950/950
f 950/950/950 949/949/949 955/955/955
f 957/957/957 958/958/958 934/934/934
f 936/936/936 934/934/934 958/958/958
f 959/959/959 961/961/961 960/960/960
f 962/962/962 960/960/960 961/961/961
f 963/963/963 965/965/965 964/964/964
f 966/966/966 964/964/964 965/965/965
f 960/960/960 957/957/957 966/966/966
f 964/964/964 966/966/966 957/957/957
f 946/946/946 963/963/963 945/945/945
f 964/964/964 945/945/945 963/963/963
f 967/967/967 959/959/959 968/968/968
f 965/965/965 968/968/968 959/959/959
f 968/968/968 965/965/965 969/969/969
f 963/963/963 969/969/969 965/965/965
f 950/950/950 969/969/969 946/946/946
f 963/963/963 946/946/946 969/969/969
f 945/945/945 964/964/964 934/934/934
f 957/957/957 934/934/934 964/964/964
f 965/965/965 959/959/959 966/966/966
f 960/960/960 966/966/966 959/959/959
f 962/962/962 958/958/958 960/960/960
f 957/957/957 960/960/960 958/958/958
f 970/970/970 972/972/972 971/971/971
f 967/967/967 971/971/971 972/972/972
f 959/959/959 967/967/967 961/961/961
f 972/972/972 961/961/961 967/967/967
f 971/971/971 967/967/967 973/973/973
f 968/968/968 973/973/973 967/967/967
f 973/973/973 968/968/968 974/974/974
f 969/969/969 974/974/974 968/968/968
f 956/956/956 974/974/974 950/950/950
f 969/969/969 950/950/950 974/974/974
f 975/975/975 977/977/977 976/976/976
f 977/977/977 975/975/975 978/978/978
f 979/979/979 981/981/981 980/980/980
f 981/981/981 979/979/979 982/982/982
f 983/983/983 985/985/985 984/984/984
f 985/985/985 983/983/983 986/986/986
f 987/987/987 989/989/989 988/988/988
f 989/989/989 987/987/987 990/990/990
f 987/987/987 991/991/991 990/990/990
f 991/991/991 987/987/987 992/992/992
f 978/978/978 993/993/993 977/977/977
f 993/993/993 978/978/978 994/994/994
f 984/984/984 996/996/996 995/995/995
f 996/996/996 984/984/984 985/985/985
f 997/997/997 999/999/999 998/998/998
f 999/999/999 997/997/997 1000/1000/1000
f 1001/1001/1001 1003/1003/1003 1002/1002/1002
f 1003/1003/1003 1001/1001/1001 1004/1004/1004
f 1005/1005/1005 1007/1007/1007 1006/1006/1006
f 1007/1007/1007 1005/1005/1005 1008/1008/1008
f 1009/1009/1009 1011/1011/1011 1010/1010/1010
f 1011/1011/1011 1009/1009/1009 1012/1012/1012
f 1013/1013/1013 1010/1010/1010 1014/1014/1014
f 1010/1010/1010 1013/1013/1013 1009/1009/1009
f 1015/1015/1015 999/999/999 1016/1016/1016
f 999/999/999 1015/1015/1015 998/998/998
f 1007/1007/1007 1018/1018/1018 1017/1017/1017
f 1018/1018/1018 1007/1007/1007 1008/1008/1008
f 1017/1017/1017 1020/1020/1020 1019/1019/1019
f 1020/1020/1020 1017/1017/1017 1018/1018/1018
f 1021/1021/1021 1014/1014/1014 1022/1022/1022
f 1014/1014/1014 1021/1021/1021 1013/1013/1013
f 1023/1023/1023 1016/1016/1016 1024/1024/1024
f 1016/1016/1016 1023/1023/1023 1015/1015/1015
f 1020/1020/1020 996/996/996 1019/1019/1019
f 996/996/996 1020/1020/1020 995/995/995
f 991/991/991 1021/1021/1021 1022/1022/1022
f 1021/1021/1021 991/991/991 992/992/992
f 1024/1024/1024 994/994/994 1023/1023/1023
f 994/994/994 1024/1024/1024 993/993/993
f 1025/1025/1025 1027/1027/1027 1026/1026/1026
f 1026/1026/1026 1028/1028/1028 1025/1025/1025
f 1029/1029/1029 1031/1031/1031 1030/1030/1030
f 1030/1030/1030 1032/1032/1032 1029/1029/1029
f 1033/1033/1033 1035/1035/1035 1034/1034/1034
f 1034/1034/1034 1036/1036/1036 1033/1033/1033
f 1036/1036/1036 1029/1029/1029 1027/1027/1027
f 1027/1027/1027 1033/1033/1033 1036/1036/1036
f 1037/1037/1037 1038/1038/1038 1035/1035/1035
f 1035/1035/1035 1033/1033/1033 1037/1037/1037
f 1039/1039/1039 1040/1040/1040 1031/1031/1031
f 1031/1031/1031 1034/1034/1034 1039/1039/1039
f 1041/1041/1041 1039/1039/1039 1034/1034/1034
f 1034/1034/1034 1035/1035/1035 1041/1041/1041
f 1038/1038/1038 1042/1042/1042 1041/1041/1041
f 1041/1041/1041 1035/1035/1035 1038/1038/1038
f 1025/1025/1025 1037/1037/1037 1033/1033/1033
f 1033/1033/1033 1027/1027/1027 1025/1025/1025
f 1036/1036/1036 1034/1034/1034 1031/1031/1031
f 1031/1031/1031 1029/1029/1029 1036/1036/1036
f 1029/1029/1029 1032/1032/1032 1026/1026/1026
f 1026/1026/1026 1027/1027/1027 1029/1029/1029
f 1043/1043/1043 1045/1045/1045 1044/1044/1044
f 1044/1044/1044 1040/1040/1040 1043/1043/1043
f 1030/1030/1030 1031/1031/1031 1040/1040/1040
f 1040/1040/1040 1044/1044/1044 1030/1030/1030
f 1046/1046/1046 1043/1043/1043 1040/1040/1040
f 1040/1040/1040 1039/1039/1039 1046/1046/1046
f 1047/1047/1047 1046/1046/1046 1039/1039/1039
f 1039/1039/1039 1041/1041/1041 1047/1047/1047
f 1042/1042/1042 1048/1048/1048 1047/1047/1047
f 1047/1047/1047 1041/1041/1041 1042/1042/1042
f 1049/1049/1049 1051/1051/1051 1050/1050/1050
f 1050/1050/1050 1052/1052/1052 1049/1049/1049
f 1053/1053/1053 1055/1055/1055 1054/1054/1054
f 1054/1054/1054 1056/1056/1056 1053/1053/1053
f 1057/1057/1057 1059/1059/1059 1058/1058/1058
f 1058/1058/1058 1060/1060/1060 1057/1057/1057
f 1061/1061/1061 1063/1063/1063 1062/1062/1062
f 1062/1062/1062 1064/1064/1064 1061/1061/1061
f 1061/1061/1061 1064/1064/1064 1065/1065/1065
f 1065/1065/1065 1066/1066/1066 1061/1061/1061
f 1052/1052/1052 1050/1050/1050 1067/1067/1067
f 1067/1067/1067 1068/1068/1068 1052/1052/1052
f 1059/1059/1059 1070/1070/1070 1069/1069/1069
f 1069/1069/1069 1058/1058/1058 1059/1059/1059
f 1071/1071/1071 1073/1073/1073 1072/1072/1072
f 1072/1072/1072 1074/1074/1074 1071/1071/1071
f 1075/1075/1075 1077/1077/1077 1076/1076/1076
f 1076/1076/1076 1078/1078/1078 1075/1075/1075
f 1079/1079/1079 1081/1081/1081 1080/1080/1080
f 1080/1080/1080 1082/1082/1082 1079/1079/1079
f 1083/1083/1083 1085/1085/1085 1084/1084/1084
f 1084/1084/1084 1086/1086/1086 1083/1083/1083
f 1087/1087/1087 1088/1088/1088 1085/1085/1085
f 1085/1085/1085 1083/1083/1083 1087/1087/1087
f 1089/1089/1089 1090/1090/1090 1072/1072/1072
f 1072/1072/1072 1073/1073/1073 1089/1089/1089
f 1080/1080/1080 1092/1092/1092 1091/1091/1091
f 1091/1091/1091 1082/1082/1082 1080/1080/1080
f 1092/1092/1092 1094/1094/1094 1093/1093/1093
f 1093/1093/1093 1091/1091/1091 1092/1092/1092
f 1095/1095/1095 1096/1096/1096 1088/1088/1088
f 1088/1088/1088 1087/1087/1087 1095/1095/1095
f 1097/1097/1097 1098/1098/1098 1090/1090/1090
f 1090/1090/1090 1089/1089/1089 1097/1097/1097
f 1093/1093/1093 1094/1094/1094 1069/1069/1069
f 1069/1069/1069 1070/1070/1070 1093/1093/1093
f 1065/1065/1065 1096/1096/1096 1095/1095/1095
f 1095/1095/1095 1066/1066/1066 1065/1065/1065
f 1098/1098/1098 1097/1097/1097 1068/1068/1068
f 1068/1068/1068 1067/1067/1067 1098/1098/1098
f 1025/1025/1025 1100/1100/1100 1099/1099/1099
f 1100/1100/1100 1025/1025/1025 1028/1028/1028
f 1101/1101/1101 1103/1103/1103 1102/1102/1102
f 1103/1103/1103 1101/1101/1101 1104/1104/1104
f 1105/1105/1105 1107/1107/1107 1106/1106/1106
f 1107/1107/1107 1105/1105/1105 1108/1108/1108
f 1108/1108/1108 1099/1099/1099 1101/1101/1101
f 1099/1099/1099 1108/1108/1108 1105/1105/1105
f 1037/1037/1037 1106/1106/1106 1038/1038/1038
f 1106/1106/1106 1037/1037/1037 1105/1105/1105
f 1109/1109/1109 1102/1102/1102 1110/1110/1110
f 1102/1102/1102 1109/1109/1109 1107/1107/1107
f 1111/1111/1111 1107/1107/1107 1109/1109/1109
f 1107/1107/1107 1111/1111/1111 1106/1106/1106
f 1038/1038/1038 1111/1111/1111 1042/1042/1042
f 1111/1111/1111 1038/1038/1038 1106/1106/1106
f 1025/1025/1025 1105/1105/1105 1037/1037/1037
f 1105/1105/1105 1025/1025/1025 1099/1099/1099
f 1108/1108/1108 1102/1102/1102 1107/1107/1107
f 1102/1102/1102 1108/1108/1108 1101/1101/1101
f 1101/1101/1101 1100/1100/1100 1104/1104/1104
f 1100/1100/1100 1101/1101/1101 1099/1099/1099
f 1112/1112/1112 1114/1114/1114 1113/1113/1113
f 1114/1114/1114 1112/1112/1112 1110/1110/1110
f 1103/1103/1103 1110/1110/1110 1102/1102/1102
f 1110/1110/1110 1103/1103/1103 1114/1114/1114
f 1115/1115/1115 1110/1110/1110 1112/1112/1112
f 1110/1110/1110 1115/1115/1115 1109/1109/1109
f 1116/1116/1116 1109/1109/1109 1115/1115/1115
f 1109/1109/1109 1116/1116/1116 1111/1111/1111
f 1042/1042/1042 1116/1116/1116 1048/1048/1048
f 1116/1116/1116 1042/1042/1042 1111/1111/1111
