# Storage01.bmd — MU bind-pose geometry, exported for MU2
# 14 mesh(es)

g gloves_12
# texture: gloves_12.jpg
v 16.32315 109.325 3.018812
v 15.15025 108.5821 3.992312
v 13.18845 110.5186 9.964309
v 14.46925 111.7426 9.734108
v 48.63612 124.8911 -15.90128
v 58.80641 137.4237 -15.38277
v 44.90501 127.2213 -1.93748
v 44.37312 119.4841 -4.835479
v 39.98152 129.1021 -17.41768
v 48.63612 124.8911 -15.90128
v 44.37312 119.4841 -4.835479
v 34.49642 122.6441 -10.02998
v 43.24532 135.1749 -12.93268
v 39.32832 131.42 -4.516479
v 38.26202 134.0349 -14.29258
v 33.66242 131.1542 -8.237379
v 38.26202 134.0349 -14.29258
v 33.66242 131.1542 -8.237379
v 35.86043 118.5646 9.356618
v 32.70193 114.1619 6.774617
v 32.70193 114.1619 6.774617
v 28.28643 116.4112 6.536616
v 32.71762 122.5782 9.365817
v 27.52983 120.843 7.008517
v 27.52983 120.843 7.008517
v 33.56833 110.8945 5.143018
v 33.02733 112.7609 12.08661
v 30.04533 106.7125 5.472017
v 25.52584 104.7078 4.615915
v 29.81343 107.7728 13.02001
v 25.52584 104.7078 4.615915
v 24.70654 106.0088 9.364013
v 20.89434 112.6474 14.40051
v 19.85524 112.4081 13.1312
v 19.91084 111.0842 13.40341
v 20.94994 111.3234 14.67261
v 19.93924 102.6713 5.394014
v 18.21674 103.9166 12.28681
v 25.26324 106.3232 12.27661
v 16.32315 109.325 3.018812
v 14.46925 111.7426 9.734108
v 25.26324 106.3232 12.27661
v 23.67603 114.6954 9.963208
v 25.05603 115.6964 12.36621
v 24.18794 111.7602 10.71191
v 25.56793 112.7613 13.11481
v 24.18794 111.7602 10.71191
v 25.56793 112.7613 13.11481
v 20.94994 111.3234 14.67261
v 19.91084 111.0842 13.40341
v 25.05603 115.6964 12.36621
v 20.89434 112.6474 14.40051
v -26.3274 95.23959 22.62638
v -19.3195 96.9521 25.35568
v -25.1824 94.51129 23.64308
v -19.8847 98.3551 24.40488
v -40.59989 115.8658 -8.197823
v -41.7884 118.8876 6.127481
v -50.71119 127.9379 -11.67043
v -40.2238 111.0536 3.953381
v -32.30129 119.9194 -7.269619
v -40.2238 111.0536 3.953381
v -40.59989 115.8658 -8.197823
v -29.24119 114.2896 2.101983
v -35.7389 123.141 5.29478
v -36.49179 126.3284 -4.269122
v -29.1655 122.89 3.637682
v -31.39319 125.1828 -3.899121
v -31.39319 125.1828 -3.899121
v -29.1655 122.89 3.637682
v -37.28111 111.138 20.44728
v -33.3872 106.7278 19.25808
v -33.3872 106.7278 19.25808
v -29.17 109.0989 20.35649
v -34.37391 115.2427 21.27618
v -28.6754 113.5679 20.82509
v -28.6754 113.5679 20.82509
v -35.9902 109.5375 24.80008
v -30.4875 113.457 27.31988
v -34.9283 105.1392 27.88808
v -33.1608 100.4725 28.41328
v -29.54041 109.1961 31.44638
v -33.1608 100.4725 28.41328
v -29.086 102.8377 30.05958
v -20.86031 105.7185 27.22978
v -21.4072 103.7651 27.76818
v -21.0614 104.2231 26.54329
v -21.2061 105.2605 28.45478
v -29.6691 95.8606 29.79838
v -23.62871 98.59889 32.63458
v -27.47731 104.8278 31.59038
v -26.3274 95.23959 22.62638
v -19.8847 98.3551 24.40488
v -27.47731 104.8278 31.59038
v -24.8374 106.534 23.33908
v -23.8607 109.1998 24.12618
v -25.773 105.8727 26.18948
v -24.7962 108.5386 26.97658
v -25.773 105.8727 26.18948
v -21.2061 105.2605 28.45478
v -24.7962 108.5386 26.97658
v -21.4072 103.7651 27.76818
v -20.86031 105.7185 27.22978
v -23.8607 109.1998 24.12618
v -40.59989 115.8658 -8.197823
v -50.71119 127.9379 -11.67043
v -36.49179 126.3284 -4.269122
v -32.30129 119.9194 -7.269619
v -31.39319 125.1828 -3.899121
v 43.24532 135.1749 -12.93268
v 48.63612 124.8911 -15.90128
v 39.98152 129.1021 -17.41768
v 38.26202 134.0349 -14.29258
v 58.80641 137.4237 -15.38277
vn -0.209004 0.751116 -0.626213
vn -0.585902 -0.333001 -0.738803
vn -0.997664 0.068298 0.0012
vn 0.034101 0.928721 0.369208
vn 0.655704 -0.754305 0.0328
vn 0.444708 0.523011 0.727114
vn 0.736317 0.171604 0.654515
vn 0.517006 -0.84861 -0.112101
vn -0.420002 -0.606604 -0.675004
vn 0.655704 -0.754305 0.0328
vn 0.517006 -0.84861 -0.112101
vn -0.604194 -0.492396 -0.626495
vn -0.1982 0.931401 0.3053
vn -0.106402 0.868515 0.484108
vn -0.80918 0.441589 -0.387591
vn -0.795652 0.598464 -0.093694
vn -0.80918 0.441589 -0.387591
vn -0.795652 0.598464 -0.093694
vn 0.883878 -0.037799 0.466189
vn 0.0246 -0.301395 -0.953182
vn 0.0246 -0.301395 -0.953182
vn -0.713891 -0.111699 -0.691291
vn 0.059 0.584003 0.809604
vn -0.570299 0.697799 0.4334
vn -0.570299 0.697799 0.4334
vn 0.830407 -0.284402 -0.479103
vn 0.430012 0.067102 0.900326
vn 0.424308 -0.848216 -0.317006
vn -0.0253 -0.110703 -0.993532
vn 0.495285 -0.36099 0.790177
vn -0.0253 -0.110703 -0.993532
vn -0.589714 0.784919 -0.190105
vn -0.387386 0.377985 0.840868
vn -0.8313 0.5558 0.005299
vn -0.875985 -0.464293 -0.130698
vn 0.0015 -0.667819 0.744322
vn -0.249112 -0.951844 -0.178708
vn -0.233708 -0.374412 0.897328
vn -0.341705 0.646608 0.682009
vn -0.209004 0.751116 -0.626213
vn 0.034101 0.928721 0.369208
vn -0.341705 0.646608 0.682009
vn -0.736502 0.136101 -0.662603
vn -0.234294 0.800676 0.551384
vn -0.554125 -0.718933 -0.41962
vn -0.013001 0.036701 0.999242
vn -0.554125 -0.718933 -0.41962
vn -0.013001 0.036701 0.999242
vn 0.0015 -0.667819 0.744322
vn -0.875985 -0.464293 -0.130698
vn -0.234294 0.800676 0.551384
vn -0.387386 0.377985 0.840868
vn 0.012501 -0.101 -0.994808
vn 0.698586 -0.692386 -0.180496
vn -0.200002 -0.949311 -0.242503
vn 0.552183 0.65138 -0.520383
vn -0.617665 -0.772257 -0.148692
vn -0.918901 0.1818 0.3501
vn -0.666255 0.544563 0.509465
vn -0.44009 -0.867681 -0.231195
vn 0.609822 -0.641123 -0.465917
vn -0.44009 -0.867681 -0.231195
vn -0.617665 -0.772257 -0.148692
vn 0.782176 -0.514584 -0.351289
vn -0.071803 0.896534 0.437117
vn 0.084201 0.954011 0.287703
vn 0.775916 0.613613 0.146403
vn 0.891801 0.4295 -0.1422
vn 0.891801 0.4295 -0.1422
vn 0.775916 0.613613 0.146403
vn -0.932242 -0.021799 0.361177
vn -0.393293 -0.876885 -0.276395
vn -0.393293 -0.876885 -0.276395
vn 0.627322 -0.629322 -0.458716
vn -0.330486 0.817264 0.472079
vn 0.692323 0.720724 -0.035301
vn 0.692323 0.720724 -0.035301
vn -0.920854 0.096095 0.377881
vn -0.103798 0.838078 0.535586
vn -0.785912 -0.146603 0.600709
vn -0.485222 -0.780936 -0.393318
vn 0.043803 0.576738 0.815754
vn -0.485222 -0.780936 -0.393318
vn 0.566306 -0.151201 -0.810208
vn 0.938891 0.313197 0.142799
vn 0.337609 -0.923325 0.183005
vn 0.766873 -0.336388 -0.54658
vn 0.233107 0.048701 0.971231
vn -0.296399 -0.724496 0.622297
vn 0.596899 0.0956 0.7966
vn 0.904429 0.397313 -0.155405
vn 0.012501 -0.101 -0.994808
vn 0.552183 0.65138 -0.520383
vn 0.904429 0.397313 -0.155405
vn 0.215505 -0.598212 -0.771816
vn 0.799405 0.460803 -0.385502
vn -0.160798 -0.95259 0.258297
vn 0.696279 0.440787 0.566483
vn -0.160798 -0.95259 0.258297
vn 0.233107 0.048701 0.971231
vn 0.696279 0.440787 0.566483
vn 0.337609 -0.923325 0.183005
vn 0.938891 0.313197 0.142799
vn 0.799405 0.460803 -0.385502
vn 0.203402 0.273202 -0.940207
vn 0.469629 0.142709 -0.871254
vn 0.195311 0.35702 -0.91345
vn 0.047499 0.448788 -0.892375
vn 0.175607 0.509219 -0.842531
vn 0.094202 0.404611 -0.909624
vn 0.091298 0.320092 -0.942977
vn 0.227806 0.496313 -0.837722
vn 0.097803 0.556717 -0.824925
vn -0.178896 0.185196 -0.966281
vt 0.3753 0.0167
vt 0.3515 0.0163
vt 0.1677 0.0008
vt 0.1677 0.0005
vt 0.4802 0.8099
vt 0.3245 0.9995
vt 0.299 0.6473
vt 0.4917 0.6113
vt 0.8411 0.8068
vt 0.9759 0.8014
vt 0.9903 0.6408
vt 0.8144 0.6239
vt 0.1401 0.8095
vt 0.1304 0.655
vt 0.102 0.7678
vt 0.0735 0.6384
vt 0.6347 0.8098
vt 0.6086 0.6743
vt 0.3178 0.3755
vt 0.3908 0.3379
vt 0.8982 0.3106
vt 0.7916 0.2844
vt 0.1758 0.3776
vt 0.097 0.33
vt 0.6823 0.3128
vt 0.3601 0.317
vt 0.1546 0.3193
vt 0.3715 0.2292
vt 0.3967 0.1559
vt 0.1563 0.2252
vt 0.9036 0.1053
vt 0.774 0.1012
vt 0.5939 0.1261
vt 0.6245 0.1106
vt 0.6267 0.0927
vt 0.596 0.1083
vt 0.3769 0.1398
vt 0.1745 0.1386
vt 0.1742 0.1575
vt 0.8841 0.0205
vt 0.6946 0.0005
vt 0.7005 0.1073
vt 0.6985 0.2034
vt 0.6353 0.2125
vt 0.7007 0.1692
vt 0.6375 0.1976
vt 0.1743 0.2076
vt 0.1051 0.2306
vt 0.0597 0.1583
vt 0.0933 0.1457
vt 0.0455 0.2487
vt 0.0001 0.163
vt 0.3753 0.0167
vt 0.1677 0.0008
vt 0.3515 0.0163
vt 0.1677 0.0005
vt 0.4788 0.8099
vt 0.299 0.6473
vt 0.3287 0.9995
vt 0.4917 0.6113
vt 0.8413 0.8068
vt 0.9903 0.6408
vt 0.9746 0.8014
vt 0.8144 0.6239
vt 0.1304 0.655
vt 0.1404 0.8095
vt 0.0735 0.6384
vt 0.1059 0.7678
vt 0.6382 0.8098
vt 0.6086 0.6743
vt 0.3178 0.3755
vt 0.3908 0.3379
vt 0.8982 0.3106
vt 0.7916 0.2844
vt 0.1758 0.3776
vt 0.097 0.33
vt 0.6823 0.3128
vt 0.3601 0.317
vt 0.1546 0.3193
vt 0.3715 0.2292
vt 0.3967 0.1559
vt 0.1563 0.2252
vt 0.9036 0.1053
vt 0.774 0.1012
vt 0.5939 0.1261
vt 0.6267 0.0927
vt 0.6245 0.1106
vt 0.596 0.1083
vt 0.3769 0.1398
vt 0.1745 0.1386
vt 0.1742 0.1575
vt 0.8841 0.0205
vt 0.6946 0.0005
vt 0.7005 0.1073
vt 0.6985 0.2034
vt 0.6353 0.2125
vt 0.7007 0.1692
vt 0.6375 0.1976
vt 0.1743 0.2076
vt 0.0597 0.1583
vt 0.1051 0.2306
vt 0.0933 0.1457
vt 0.0001 0.163
vt 0.0455 0.2487
vt 0.29 0.6166
vt 0.4976 0.6893
vt 0.2893 0.7804
vt 0.213 0.6894
vt 0.2172 0.7971
vt 0.2893 0.7805
vt 0.29 0.6159
vt 0.213 0.6895
vt 0.2172 0.7989
vt 0.4976 0.6913
f 1/1/1 3/3/3 2/2/2
f 3/3/3 1/1/1 4/4/4
f 5/5/5 7/7/7 6/6/6
f 7/7/7 5/5/5 8/8/8
f 9/9/9 11/11/11 10/10/10
f 11/11/11 9/9/9 12/12/12
f 6/6/6 14/14/14 13/13/13
f 14/14/14 6/6/6 7/7/7
f 13/13/13 16/16/16 15/15/15
f 16/16/16 13/13/13 14/14/14
f 17/17/17 12/12/12 9/9/9
f 12/12/12 17/17/17 18/18/18
f 19/19/19 8/8/8 20/20/20
f 8/8/8 19/19/19 7/7/7
f 12/12/12 21/21/21 11/11/11
f 21/21/21 12/12/12 22/22/22
f 7/7/7 23/23/23 14/14/14
f 23/23/23 7/7/7 19/19/19
f 14/14/14 24/24/24 16/16/16
f 24/24/24 14/14/14 23/23/23
f 18/18/18 22/22/22 12/12/12
f 22/22/22 18/18/18 25/25/25
f 20/20/20 26/26/26 19/19/19
f 27/27/27 19/19/19 26/26/26
f 19/19/19 27/27/27 23/23/23
f 24/24/24 23/23/23 27/27/27
f 20/20/20 28/28/28 26/26/26
f 28/28/28 20/20/20 29/29/29
f 26/26/26 30/30/30 27/27/27
f 30/30/30 26/26/26 28/28/28
f 22/22/22 31/31/31 21/21/21
f 31/31/31 22/22/22 32/32/32
f 33/33/33 35/35/35 34/34/34
f 35/35/35 33/33/33 36/36/36
f 29/29/29 37/37/37 28/28/28
f 28/28/28 38/38/38 30/30/30
f 38/38/38 28/28/28 37/37/37
f 39/39/39 30/30/30 38/38/38
f 29/29/29 2/2/2 37/37/37
f 2/2/2 29/29/29 1/1/1
f 37/37/37 3/3/3 38/38/38
f 3/3/3 37/37/37 2/2/2
f 32/32/32 40/40/40 31/31/31
f 40/40/40 32/32/32 41/41/41
f 38/38/38 4/4/4 39/39/39
f 4/4/4 38/38/38 3/3/3
f 42/42/42 41/41/41 32/32/32
f 25/25/25 43/43/43 22/22/22
f 43/43/43 25/25/25 44/44/44
f 22/22/22 45/45/45 32/32/32
f 45/45/45 22/22/22 43/43/43
f 32/32/32 46/46/46 42/42/42
f 46/46/46 32/32/32 45/45/45
f 44/44/44 34/34/34 43/43/43
f 34/34/34 44/44/44 33/33/33
f 43/43/43 35/35/35 45/45/45
f 35/35/35 43/43/43 34/34/34
f 47/47/47 49/49/49 48/48/48
f 49/49/49 47/47/47 50/50/50
f 48/48/48 52/52/52 51/51/51
f 52/52/52 48/48/48 49/49/49
f 30/30/30 39/39/39 48/48/48
f 30/30/30 48/48/48 27/27/27
f 27/27/27 48/48/48 24/24/24
f 48/48/48 51/51/51 24/24/24
f 53/53/53 55/55/55 54/54/54
f 54/54/54 56/56/56 53/53/53
f 57/57/57 59/59/59 58/58/58
f 58/58/58 60/60/60 57/57/57
f 61/61/61 63/63/63 62/62/62
f 62/62/62 64/64/64 61/61/61
f 59/59/59 66/66/66 65/65/65
f 65/65/65 58/58/58 59/59/59
f 66/66/66 68/68/68 67/67/67
f 67/67/67 65/65/65 66/66/66
f 69/69/69 61/61/61 64/64/64
f 64/64/64 70/70/70 69/69/69
f 71/71/71 72/72/72 60/60/60
f 60/60/60 58/58/58 71/71/71
f 64/64/64 62/62/62 73/73/73
f 73/73/73 74/74/74 64/64/64
f 58/58/58 65/65/65 75/75/75
f 75/75/75 71/71/71 58/58/58
f 65/65/65 67/67/67 76/76/76
f 76/76/76 75/75/75 65/65/65
f 70/70/70 64/64/64 74/74/74
f 74/74/74 77/77/77 70/70/70
f 72/72/72 71/71/71 78/78/78
f 79/79/79 78/78/78 71/71/71
f 71/71/71 75/75/75 79/79/79
f 76/76/76 79/79/79 75/75/75
f 72/72/72 78/78/78 80/80/80
f 80/80/80 81/81/81 72/72/72
f 78/78/78 79/79/79 82/82/82
f 82/82/82 80/80/80 78/78/78
f 74/74/74 73/73/73 83/83/83
f 83/83/83 84/84/84 74/74/74
f 85/85/85 87/87/87 86/86/86
f 86/86/86 88/88/88 85/85/85
f 81/81/81 80/80/80 89/89/89
f 80/80/80 82/82/82 90/90/90
f 90/90/90 89/89/89 80/80/80
f 91/91/91 90/90/90 82/82/82
f 81/81/81 89/89/89 55/55/55
f 55/55/55 53/53/53 81/81/81
f 89/89/89 90/90/90 54/54/54
f 54/54/54 55/55/55 89/89/89
f 84/84/84 83/83/83 92/92/92
f 92/92/92 93/93/93 84/84/84
f 90/90/90 91/91/91 56/56/56
f 56/56/56 54/54/54 90/90/90
f 94/94/94 84/84/84 93/93/93
f 77/77/77 74/74/74 95/95/95
f 95/95/95 96/96/96 77/77/77
f 74/74/74 84/84/84 97/97/97
f 97/97/97 95/95/95 74/74/74
f 84/84/84 94/94/94 98/98/98
f 98/98/98 97/97/97 84/84/84
f 96/96/96 95/95/95 87/87/87
f 87/87/87 85/85/85 96/96/96
f 95/95/95 97/97/97 86/86/86
f 86/86/86 87/87/87 95/95/95
f 99/99/99 101/101/101 100/100/100
f 100/100/100 102/102/102 99/99/99
f 101/101/101 104/104/104 103/103/103
f 103/103/103 100/100/100 101/101/101
f 82/82/82 101/101/101 91/91/91
f 82/82/82 79/79/79 101/101/101
f 79/79/79 76/76/76 101/101/101
f 101/101/101 76/76/76 104/104/104
f 105/105/105 107/107/107 106/106/106
f 108/108/108 107/107/107 105/105/105
f 108/108/108 109/109/109 107/107/107
f 110/110/110 112/112/112 111/111/111
f 110/110/110 113/113/113 112/112/112
f 114/114/114 110/110/110 111/111/111

g upper_12
# texture: upper_12.jpg
v 2.216004 118.7556 -12.7592
v -0.597896 129.9137 -7.787299
v 12.0498 129.7946 -4.023198
v 14.0475 122.268 -6.310895
v -0.420095 137.3006 -9.882998
v 14.8218 138.1033 -5.992795
v -0.177893 160.7896 -12.8482
v 14.8935 154.2356 -9.601696
v -2.227801 128.7428 10.8775
v 9.118098 129.3286 8.818002
v 11.4774 137.3142 9.505402
v -2.431602 133.7147 13.1925
v 9.7648 150.7716 13.1447
v -2.543102 148.6664 14.3236
v -2.546201 141.6613 14.4156
v -2.3104 153.2447 11.6226
v 12.8902 129.48 3.638803
v 14.0208 120.1316 6.992003
v 15.8564 137.9356 4.946404
v 16.5519 142.5095 0.506704
v 14.0208 120.1316 6.992003
v 12.8902 129.48 3.638803
v 7.679096 118.2404 11.9019
v 15.8564 137.9356 4.946404
v 16.5519 142.5095 0.506704
v 16.92101 143.6425 2.333309
v 13.2218 155.9836 9.519003
v 5.377102 159.9841 4.891901
v -1.927399 159.3014 7.189098
v 16.2197 158.8815 -1.554596
v 6.075403 162.3727 -3.697198
v 16.2197 158.8815 -1.554596
v 6.075403 162.3727 -3.697198
v 22.12901 158.8695 -4.530094
v 29.50061 151.7614 1.32261
v 42.50391 138.656 -4.881683
v 41.99571 141.0087 -13.36728
v 36.61872 131.2482 -14.69828
v 29.50061 151.7614 1.32261
v 19.14251 149.5045 3.577008
v 43.90401 127.3154 -10.12528
v 42.50391 138.656 -4.881683
v 39.99672 125.2359 -11.81698
v 36.61872 131.2482 -14.69828
v 48.41951 129.8962 -9.561676
v 47.23901 124.407 -14.28978
v 40.81962 126.7844 -17.24828
v 48.41951 129.8962 -9.561676
v 40.81962 126.7844 -17.24828
v -4.570502 115.301 12.5001
v 8.797195 93.009 17.77779
v 17.94649 94.3526 12.8094
v 14.902 108.7734 12.4681
v 5.941296 105.1369 17.2045
v 23.0155 96.4353 0.276406
v 19.2219 108.3296 -0.074994
v 23.0155 96.4353 0.276406
v 14.2325 92.4193 -12.53099
v 11.2745 106.8851 -12.28159
v 19.2219 108.3296 -0.074994
v 4.200303 90.6161 -13.58629
v 1.335204 102.7392 -14.22299
v -13.70659 129.7761 -6.273404
v -11.20169 122.4666 -13.0674
v -16.10689 138.0811 -8.694903
v -15.57459 154.2137 -12.2636
v -15.4996 137.2948 7.148595
v -13.0455 129.3126 6.881596
v -14.4631 150.7542 11.028
v -15.8625 129.4593 1.126895
v -17.8535 120.3822 -1.537305
v -19.0225 137.9105 1.899194
v -18.9441 142.484 -2.594405
v -17.8535 120.3822 -1.537305
v -15.8625 129.4593 1.126895
v -14.8398 118.4175 5.875995
v -19.0225 137.9105 1.899194
v -17.8327 145.7591 8.517693
v -18.9441 142.484 -2.594405
v -8.7239 159.9739 3.659997
v -17.2464 155.9617 6.857195
v -18.2828 158.8567 -4.568906
v -7.925591 162.3626 -4.920403
v -7.925591 162.3626 -4.920403
v -18.2828 158.8567 -4.568906
v -23.85439 155.8176 -4.46901
v -39.2714 132.3325 -0.007819
v -31.04289 149.6368 2.548287
v -37.23329 131.6016 -8.558319
v -30.51369 123.7056 -5.012518
v -31.04289 149.6368 2.548287
v -37.1626 119.8607 -0.608621
v -21.25359 150.9433 7.012492
v -39.2714 132.3325 -0.007819
v -32.72459 118.3933 -0.85662
v -30.51369 123.7056 -5.012518
v -42.55099 121.0299 -2.447923
v -39.79819 115.4938 -6.197222
v -32.90349 117.9079 -6.995621
v -42.55099 121.0299 -2.447923
v -32.90349 117.9079 -6.995621
v -11.22699 154.678 11.0348
v -21.87909 173.3602 -5.976706
v -15.6084 164.5899 20.1578
v -16.71329 161.8894 -11.06561
v -23.02849 178.0473 11.1631
v -17.83089 141.0504 8.046091
v -21.6756 149.046 14.28819
v -27.4636 139.2673 9.759087
v -14.33019 144.9516 11.15169
v -31.27679 158.0475 6.430689
v -39.39829 141.8223 2.934483
v -17.8024 156.7462 13.3065
v -11.91069 150.3648 9.751394
v -22.64759 164.3036 6.459594
v -39.39829 141.8223 2.934483
v -27.08129 156.6065 -8.24161
v -31.78819 145.3158 -8.264715
v -31.27679 158.0475 6.430689
v -19.73599 152.5121 -11.37801
v -22.15549 147.0989 -9.977711
v -22.12699 162.7947 -4.717207
v -22.64759 164.3036 6.459594
v -16.23529 156.4133 -8.272408
v -15.9171 108.8648 17.5473
v -16.9775 115.6199 1.200494
v -24.0529 107.2975 11.1011
v -9.670903 115.6004 9.110094
v -20.6559 106.4129 -7.625006
v -27.7218 99.7963 0.266996
v -27.7218 99.7963 0.266996
v -12.9023 94.9772 -12.4576
v -19.8804 86.16209 -2.882902
v -20.6559 106.4129 -7.625006
v -4.4961 89.38799 -8.233099
v -10.7528 82.7052 0.239103
v -17.8024 156.7462 13.3065
v -11.91069 150.3648 9.751394
v -11.22699 154.678 11.0348
v -15.6084 164.5899 20.1578
v -11.91069 150.3648 9.751394
v -16.23529 156.4133 -8.272408
v -16.71329 161.8894 -11.06561
v -16.71329 161.8894 -11.06561
v -11.22699 154.678 11.0348
v -11.91069 150.3648 9.751394
v -16.23529 156.4133 -8.272408
v -22.12699 162.7947 -4.717207
v -21.87909 173.3602 -5.976706
v -16.71329 161.8894 -11.06561
v -22.64759 164.3036 6.459594
v -23.02849 178.0473 11.1631
v -22.64759 164.3036 6.459594
v -23.02849 178.0473 11.1631
v 7.864006 149.5387 6.129206
v 8.2693 155.6557 18.8999
v 15.9765 174.933 -0.289702
v 14.60781 165.6866 -10.128
v 13.38909 172.6226 17.1755
v 17.98971 139.5394 0.151012
v 27.40241 138.9094 3.298514
v 18.779 144.9664 9.510309
v 13.21621 141.2404 3.53311
v 39.2126 145.9508 0.753113
v 26.9181 157.836 7.754907
v 13.3165 151.6425 10.43251
v 9.771608 146.2651 3.606807
v 17.1067 161.9935 7.990903
v 39.2126 145.9508 0.753113
v 32.71771 152.2041 -9.93569
v 25.42321 161.5847 -7.032395
v 26.9181 157.836 7.754907
v 23.30501 152.8341 -13.08319
v 19.86031 157.8588 -13.00959
v 18.6318 164.9372 -2.801698
v 17.1067 161.9935 7.990903
v 15.08691 159.5598 -9.627397
v 13.3165 151.6425 10.43251
v 7.864006 149.5387 6.129206
v 9.771608 146.2651 3.606807
v 8.2693 155.6557 18.8999
v 9.771608 146.2651 3.606807
v 14.60781 165.6866 -10.128
v 15.08691 159.5598 -9.627397
v 14.60781 165.6866 -10.128
v 9.771608 146.2651 3.606807
v 7.864006 149.5387 6.129206
v 15.08691 159.5598 -9.627397
v 15.9765 174.933 -0.289702
v 18.6318 164.9372 -2.801698
v 14.60781 165.6866 -10.128
v 17.1067 161.9935 7.990903
v 13.38909 172.6226 17.1755
v 13.38909 172.6226 17.1755
v 17.1067 161.9935 7.990903
vn 0.214001 0.265 -0.940201
vn 0.085999 -0.058399 -0.994582
vn 0.785429 0.027901 -0.618323
vn 0.85349 0.281097 -0.438794
vn 0.085302 -0.205103 -0.975016
vn 0.712518 -0.311908 -0.628516
vn 0.078997 0.413082 -0.907261
vn 0.441687 0.250893 -0.861374
vn -0.131204 -0.072102 0.98873
vn 0.538019 0.059502 0.84083
vn 0.539511 -0.182704 0.821917
vn -0.083002 -0.290006 0.953419
vn 0.376907 0.134603 0.916419
vn -0.083898 0.272194 0.958578
vn -0.086299 -0.123498 0.988585
vn -0.069899 0.60219 0.795287
vn 0.955632 -0.042301 0.29151
vn 0.841855 0.284585 0.458576
vn 0.957475 -0.229994 0.174196
vn 0.702514 -0.50731 -0.49911
vn 0.841855 0.284585 0.458576
vn 0.955632 -0.042301 0.29151
vn 0.2649 0.2791 0.923001
vn 0.957475 -0.229994 0.174196
vn 0.702514 -0.50731 -0.49911
vn 0.633878 -0.432984 0.640878
vn 0.311007 0.708116 0.633914
vn 0.161791 0.771458 0.615367
vn -0.070598 0.592084 0.802778
vn 0.3443 0.932299 -0.1108
vn 0.370887 0.923567 -0.097296
vn 0.3443 0.932299 -0.1108
vn 0.370887 0.923567 -0.097296
vn 0.823675 0.265092 -0.501285
vn 0.475497 0.0063 0.879695
vn 0.715938 0.333918 0.613133
vn 0.399983 0.481479 -0.779866
vn -0.477994 -0.283397 -0.83139
vn 0.475497 0.0063 0.879695
vn 0.175598 -0.393294 0.902488
vn 0.085602 -0.422909 0.90212
vn 0.715938 0.333918 0.613133
vn -0.47362 -0.782233 0.404717
vn -0.477994 -0.283397 -0.83139
vn 0.943699 0.2136 0.2526
vn 0.51921 0.412308 -0.748614
vn -0.345791 0.198494 -0.917076
vn 0.943699 0.2136 0.2526
vn -0.345791 0.198494 -0.917076
vn -0.281804 0.162502 0.945611
vn 0.439089 0.129397 0.889077
vn 0.798043 0.215811 0.562631
vn 0.63664 0.252516 0.728646
vn 0.243905 0.285506 0.926821
vn 0.923537 0.26291 -0.279211
vn 0.967176 0.254093 -0.0027
vn 0.923537 0.26291 -0.279211
vn 0.382281 0.070496 -0.921353
vn 0.562888 0.156496 -0.811582
vn 0.967176 0.254093 -0.0027
vn 0.109296 -0.026399 -0.993659
vn 0.1463 0.0356 -0.9886
vn -0.637402 0.0141 -0.770403
vn -0.601643 0.264919 -0.753554
vn -0.624983 -0.311992 -0.715582
vn -0.337494 0.263196 -0.903784
vn -0.5884 -0.2696 0.7623
vn -0.732296 -0.0582 0.678496
vn -0.367897 0.140499 0.919191
vn -0.990775 -0.117397 0.067698
vn -0.976334 0.169906 0.133805
vn -0.963908 -0.261402 0.0505
vn -0.473699 -0.418499 -0.774899
vn -0.976334 0.169906 0.133805
vn -0.990775 -0.117397 0.067698
vn -0.69457 -0.042498 0.718169
vn -0.963908 -0.261402 0.0505
vn -0.43282 -0.363517 0.824938
vn -0.473699 -0.418499 -0.774899
vn -0.267206 0.771116 0.577912
vn -0.35808 0.725958 0.587166
vn -0.321208 0.931824 -0.168905
vn -0.349688 0.923069 -0.160195
vn -0.349688 0.923069 -0.160195
vn -0.321208 0.931824 -0.168905
vn -0.755987 0.111098 -0.64509
vn -0.898713 0.320705 0.299104
vn -0.667719 0.174305 0.72372
vn -0.367116 0.128606 -0.921242
vn 0.709103 -0.288901 -0.643202
vn -0.667719 0.174305 0.72372
vn -0.235696 -0.105498 0.966084
vn -0.307496 -0.098999 0.946386
vn -0.898713 0.320705 0.299104
vn 0.537694 -0.449395 0.713393
vn 0.709103 -0.288901 -0.643202
vn -0.992109 0.121201 0.0321
vn -0.288994 0.098198 -0.952281
vn 0.612199 0.018 -0.790499
vn -0.992109 0.121201 0.0321
vn 0.612199 0.018 -0.790499
vn 0.892882 0.444691 -0.070798
vn 0.892325 0.446212 -0.068201
vn 0.89078 0.45009 -0.062698
vn 0.895326 0.438313 -0.079202
vn 0.8912 0.4492 -0.0631
vn 0.117703 -0.575314 0.80942
vn -0.171593 -0.081897 0.981758
vn -0.328114 -0.171507 0.928938
vn 0.308507 -0.245406 0.919021
vn -0.753819 0.527413 0.39191
vn -0.923764 0.378485 0.058397
vn 0.134194 0.112395 0.98456
vn 0.5116 -0.0064 0.8592
vn -0.544719 0.610721 0.574719
vn -0.923764 0.378485 0.058397
vn -0.503518 0.526119 -0.685324
vn -0.475189 0.107598 -0.87328
vn -0.753819 0.527413 0.39191
vn -0.162193 0.202492 -0.965759
vn -0.1377 -0.1899 -0.972099
vn -0.469271 0.744055 -0.475571
vn -0.544719 0.610721 0.574719
vn 0.007501 0.556138 -0.831056
vn -0.424114 0.826928 0.369212
vn -0.851281 0.356192 0.385291
vn -0.727485 0.686085 0.0073
vn -0.660721 0.114004 0.741924
vn -0.883722 0.265507 -0.38541
vn -0.794948 0.091505 -0.599737
vn -0.794948 0.091505 -0.599737
vn -0.304906 -0.242405 -0.921017
vn -0.302713 -0.601827 -0.739033
vn -0.883722 0.265507 -0.38541
vn 0.053602 -0.589026 -0.806335
vn -0.065996 -0.759152 -0.647559
vn -0.245001 -0.454101 0.856602
vn 0.221807 -0.31021 0.92443
vn 0.1384 -0.499302 0.855303
vn -0.661821 -0.386712 0.64222
vn 0.968378 -0.040999 -0.246094
vn 0.968378 -0.040999 -0.246094
vn 0.968378 -0.040999 -0.246094
vn 0.961936 -0.074203 -0.263009
vn 0.961936 -0.074203 -0.263009
vn 0.961936 -0.074203 -0.263009
vn -0.776603 -0.176701 -0.604703
vn -0.940538 -0.029401 -0.338414
vn -0.890461 -0.115795 -0.440081
vn -0.90381 -0.254403 -0.344104
vn -0.947552 -0.118094 0.296985
vn -0.991339 -0.061002 0.116304
vn -0.947552 -0.118094 0.296985
vn -0.991339 -0.061002 0.116304
vn -0.954382 0.276094 -0.113698
vn -0.954879 0.278193 -0.103998
vn -0.954589 0.276596 -0.110699
vn -0.953879 0.273294 -0.124198
vn -0.954993 0.277498 -0.1048
vn -0.090598 -0.858181 0.505289
vn 0.219207 -0.463916 0.85833
vn 0.039499 -0.430591 0.901682
vn -0.370793 -0.636088 0.676687
vn 0.782908 0.477505 0.398804
vn 0.534137 0.451632 0.714651
vn -0.301794 -0.308793 0.90198
vn -0.615406 -0.431504 0.659606
vn 0.286304 0.419107 0.861614
vn 0.782908 0.477505 0.398804
vn 0.557669 0.522271 -0.645165
vn 0.453909 0.831217 -0.321007
vn 0.534137 0.451632 0.714651
vn 0.322407 0.234405 -0.91712
vn 0.24819 0.590576 -0.767869
vn 0.336392 0.939679 -0.061999
vn 0.286304 0.419107 0.861614
vn -0.0215 0.827883 -0.560489
vn 0.220003 -0.70501 0.67421
vn -0.135897 -0.811181 0.568787
vn -0.272591 -0.681877 0.678777
vn 0.634314 -0.48821 0.599414
vn -0.88103 -0.106504 -0.460916
vn -0.88103 -0.106504 -0.460916
vn -0.88103 -0.106504 -0.460916
vn -0.864193 -0.1288 -0.486396
vn -0.864193 -0.1288 -0.486396
vn -0.864193 -0.1288 -0.486396
vn 0.876737 0.211609 -0.431918
vn 0.946473 0.221394 -0.234893
vn 0.958113 0.268104 -0.100701
vn 0.979252 0.060803 -0.19331
vn 0.892778 -0.060698 0.446389
vn 0.947352 0.069397 0.312584
vn 0.947352 0.069397 0.312584
vn 0.892778 -0.060698 0.446389
vt 0.5013 0.3042
vt 0.5013 0.4503
vt 0.6202 0.4475
vt 0.6577 0.3487
vt 0.5013 0.5361
vt 0.7175 0.544
vt 0.5013 0.8072
vt 0.7143 0.7309
vt 0.4974 0.428
vt 0.3819 0.436
vt 0.3108 0.5275
vt 0.4974 0.484
vt 0.33 0.6802
vt 0.4974 0.6551
vt 0.4974 0.5746
vt 0.4974 0.709
vt 0.6767 0.4403
vt 0.7055 0.3374
vt 0.7452 0.5369
vt 0.7495 0.5916
vt 0.3012 0.3374
vt 0.33 0.4403
vt 0.3745 0.3217
vt 0.2556 0.5369
vt 0.2512 0.5916
vt 0.2547 0.6558
vt 0.2864 0.7419
vt 0.4008 0.7898
vt 0.4974 0.7806
vt 0.7425 0.7805
vt 0.5992 0.8213
vt 0.2661 0.7829
vt 0.4015 0.8213
vt 0.7959 0.7101
vt 0.8524 0.6441
vt 0.9249 0.4288
vt 0.8893 0.4026
vt 0.8198 0.3449
vt 0.1207 0.6465
vt 0.2048 0.6987
vt 0.1088 0.3
vt 0.0817 0.4312
vt 0.1363 0.2945
vt 0.1809 0.3449
vt 0.9619 0.304
vt 0.8855 0.3004
vt 0.8335 0.2927
vt 0.0526 0.304
vt 0.1672 0.2927
vt 0.4974 0.2908
vt 0.4069 0.0005
vt 0.3069 0.0097
vt 0.3315 0.1779
vt 0.431 0.1425
vt 0.2027 0.0371
vt 0.2405 0.1772
vt 0.8039 0.0371
vt 0.7057 0.0097
vt 0.6811 0.1779
vt 0.7662 0.1772
vt 0.5938 0.0005
vt 0.5697 0.1425
vt 0.6192 0.4475
vt 0.6567 0.3487
vt 0.7165 0.544
vt 0.7133 0.7309
vt 0.3147 0.5275
vt 0.3859 0.436
vt 0.3339 0.6802
vt 0.6756 0.4403
vt 0.7044 0.3374
vt 0.7441 0.5369
vt 0.7484 0.5916
vt 0.3051 0.3374
vt 0.3339 0.4403
vt 0.3785 0.3217
vt 0.2595 0.5369
vt 0.2586 0.6558
vt 0.2552 0.5916
vt 0.4047 0.7898
vt 0.2903 0.7419
vt 0.7415 0.7805
vt 0.5982 0.8213
vt 0.4054 0.8213
vt 0.27 0.7829
vt 0.7949 0.7101
vt 0.9159 0.4288
vt 0.8514 0.6441
vt 0.8802 0.4026
vt 0.8168 0.3449
vt 0.1246 0.6465
vt 0.1073 0.3
vt 0.2087 0.6987
vt 0.0798 0.4312
vt 0.1522 0.2945
vt 0.1868 0.3449
vt 0.9506 0.304
vt 0.8748 0.3004
vt 0.824 0.2927
vt 0.053 0.304
vt 0.1796 0.2927
vt 0.7836 0.8505
vt 0.8453 0.9332
vt 0.7776 0.8752
vt 0.8453 0.8832
vt 0.8223 0.9146
vt 0.2698 0.6035
vt 0.179 0.6991
vt 0.1393 0.5508
vt 0.2964 0.6638
vt 0.0779 0.7485
vt 0.0163 0.5423
vt 0.2265 0.8156
vt 0.323 0.7241
vt 0.1677 0.8499
vt 0.9893 0.5423
vt 0.8246 0.6991
vt 0.8643 0.5435
vt 0.9276 0.7485
vt 0.7072 0.6638
vt 0.7338 0.6035
vt 0.7731 0.8108
vt 0.8339 0.8571
vt 0.6806 0.7241
vt 0.4108 0.0005
vt 0.3354 0.1779
vt 0.3108 0.0097
vt 0.4349 0.1425
vt 0.2444 0.1772
vt 0.2066 0.0371
vt 0.8029 0.0371
vt 0.68 0.1779
vt 0.7046 0.0097
vt 0.7651 0.1772
vt 0.5686 0.1425
vt 0.5928 0.0005
vt 0.2265 0.8156
vt 0.323 0.7241
vt 0.3165 0.8125
vt 0.2214 0.8999
vt 0.824 0.6742
vt 0.9533 0.6742
vt 0.9533 0.6742
vt 0.9533 0.6742
vt 0.824 0.6742
vt 0.824 0.6742
vt 0.6806 0.7241
vt 0.7731 0.8108
vt 0.798 0.8999
vt 0.6871 0.7736
vt 0.1677 0.8499
vt 0.1309 0.9995
vt 0.8339 0.8571
vt 0.8885 0.9995
vt 0.7836 0.8505
vt 0.7776 0.8752
vt 0.8453 0.9332
vt 0.8453 0.8832
vt 0.8223 0.9146
vt 0.2686 0.6035
vt 0.138 0.5508
vt 0.1777 0.6991
vt 0.2952 0.6638
vt 0.015 0.5423
vt 0.0767 0.7485
vt 0.2253 0.8156
vt 0.3218 0.7241
vt 0.1664 0.8499
vt 0.9877 0.5423
vt 0.8627 0.5435
vt 0.823 0.6991
vt 0.926 0.7485
vt 0.7321 0.6035
vt 0.7055 0.6638
vt 0.7715 0.8108
vt 0.8323 0.8571
vt 0.679 0.7241
vt 0.2253 0.8156
vt 0.3153 0.8125
vt 0.3218 0.7241
vt 0.2202 0.8999
vt 0.824 0.6742
vt 0.9533 0.6742
vt 0.9533 0.6742
vt 0.9533 0.6742
vt 0.824 0.6742
vt 0.824 0.6742
vt 0.679 0.7241
vt 0.7963 0.8999
vt 0.7715 0.8108
vt 0.6855 0.7736
vt 0.1664 0.8499
vt 0.1297 0.9995
vt 0.8868 0.9995
vt 0.8323 0.8571
f 115/115/115 117/117/117 116/116/116
f 117/117/117 115/115/115 118/118/118
f 116/116/116 120/120/120 119/119/119
f 120/120/120 116/116/116 117/117/117
f 119/119/119 122/122/122 121/121/121
f 122/122/122 119/119/119 120/120/120
f 123/123/123 125/125/125 124/124/124
f 125/125/125 123/123/123 126/126/126
f 127/127/127 129/129/129 128/128/128
f 127/127/127 128/128/128 130/130/130
f 118/118/118 131/131/131 117/117/117
f 131/131/131 118/118/118 132/132/132
f 117/117/117 133/133/133 120/120/120
f 133/133/133 117/117/117 131/131/131
f 134/134/134 120/120/120 133/133/133
f 135/135/135 124/124/124 136/136/136
f 124/124/124 135/135/135 137/137/137
f 136/136/136 125/125/125 138/138/138
f 125/125/125 136/136/136 124/124/124
f 138/138/138 140/140/140 139/139/139
f 140/140/140 138/138/138 125/125/125
f 130/130/130 142/142/142 141/141/141
f 142/142/142 130/130/130 143/143/143
f 144/144/144 145/145/145 122/122/122
f 141/141/141 147/147/147 146/146/146
f 147/147/147 141/141/141 142/142/142
f 120/120/120 148/148/148 122/122/122
f 134/134/134 148/148/148 120/120/120
f 125/125/125 127/127/127 140/140/140
f 140/140/140 127/127/127 141/141/141
f 130/130/130 141/141/141 127/127/127
f 148/148/148 150/150/150 149/149/149
f 150/150/150 148/148/148 151/151/151
f 134/134/134 151/151/151 148/148/148
f 151/151/151 134/134/134 152/152/152
f 153/153/153 155/155/155 154/154/154
f 155/155/155 153/153/153 156/156/156
f 154/154/154 157/157/157 140/140/140
f 157/157/157 154/154/154 155/155/155
f 140/140/140 158/158/158 139/139/139
f 158/158/158 140/140/140 157/157/157
f 151/151/151 159/159/159 150/150/150
f 159/159/159 151/151/151 160/160/160
f 152/152/152 160/160/160 151/151/151
f 160/160/160 152/152/152 161/161/161
f 155/155/155 156/156/156 162/162/162
f 157/157/157 163/163/163 158/158/158
f 121/121/121 122/122/122 145/145/145
f 137/137/137 164/164/164 123/123/123
f 124/124/124 137/137/137 123/123/123
f 127/127/127 125/125/125 129/129/129
f 125/125/125 126/126/126 129/129/129
f 165/165/165 167/167/167 166/166/166
f 167/167/167 165/165/165 168/168/168
f 166/166/166 170/170/170 169/169/169
f 170/170/170 166/166/166 167/167/167
f 168/168/168 137/137/137 167/167/167
f 137/137/137 168/168/168 164/164/164
f 167/167/167 135/135/135 170/170/170
f 135/135/135 167/167/167 137/137/137
f 171/171/171 173/173/173 172/172/172
f 173/173/173 171/171/171 174/174/174
f 172/172/172 176/176/176 175/175/175
f 176/176/176 172/172/172 173/173/173
f 174/174/174 118/118/118 173/173/173
f 118/118/118 174/174/174 132/132/132
f 173/173/173 115/115/115 176/176/176
f 115/115/115 173/173/173 118/118/118
f 115/115/115 116/116/116 177/177/177
f 177/177/177 178/178/178 115/115/115
f 116/116/116 119/119/119 179/179/179
f 179/179/179 177/177/177 116/116/116
f 119/119/119 121/121/121 180/180/180
f 180/180/180 179/179/179 119/119/119
f 123/123/123 182/182/182 181/181/181
f 181/181/181 126/126/126 123/123/123
f 183/183/183 128/128/128 129/129/129
f 183/183/183 130/130/130 128/128/128
f 178/178/178 177/177/177 184/184/184
f 184/184/184 185/185/185 178/178/178
f 177/177/177 179/179/179 186/186/186
f 186/186/186 184/184/184 177/177/177
f 187/187/187 186/186/186 179/179/179
f 188/188/188 189/189/189 182/182/182
f 182/182/182 190/190/190 188/188/188
f 189/189/189 191/191/191 181/181/181
f 181/181/181 182/182/182 189/189/189
f 191/191/191 193/193/193 192/192/192
f 192/192/192 181/181/181 191/191/191
f 130/130/130 195/195/195 194/194/194
f 194/194/194 143/143/143 130/130/130
f 196/196/196 180/180/180 197/197/197
f 195/195/195 199/199/199 198/198/198
f 198/198/198 194/194/194 195/195/195
f 179/179/179 180/180/180 200/200/200
f 187/187/187 179/179/179 200/200/200
f 181/181/181 192/192/192 183/183/183
f 192/192/192 195/195/195 183/183/183
f 130/130/130 183/183/183 195/195/195
f 200/200/200 202/202/202 201/201/201
f 201/201/201 203/203/203 200/200/200
f 187/187/187 200/200/200 203/203/203
f 203/203/203 204/204/204 187/187/187
f 205/205/205 207/207/207 206/206/206
f 206/206/206 208/208/208 205/205/205
f 207/207/207 192/192/192 209/209/209
f 209/209/209 206/206/206 207/207/207
f 192/192/192 193/193/193 210/210/210
f 210/210/210 209/209/209 192/192/192
f 203/203/203 201/201/201 211/211/211
f 211/211/211 212/212/212 203/203/203
f 204/204/204 203/203/203 212/212/212
f 212/212/212 213/213/213 204/204/204
f 206/206/206 214/214/214 208/208/208
f 209/209/209 210/210/210 215/215/215
f 121/121/121 197/197/197 180/180/180
f 190/190/190 123/123/123 164/164/164
f 182/182/182 123/123/123 190/190/190
f 183/183/183 129/129/129 181/181/181
f 181/181/181 129/129/129 126/126/126
f 216/216/216 218/218/218 217/217/217
f 217/217/217 219/219/219 216/216/216
f 220/220/220 217/217/217 218/218/218
f 221/221/221 223/223/223 222/222/222
f 222/222/222 224/224/224 221/221/221
f 223/223/223 226/226/226 225/225/225
f 225/225/225 222/222/222 223/223/223
f 224/224/224 222/222/222 227/227/227
f 227/227/227 228/228/228 224/224/224
f 222/222/222 225/225/225 229/229/229
f 229/229/229 227/227/227 222/222/222
f 230/230/230 232/232/232 231/231/231
f 231/231/231 233/233/233 230/230/230
f 232/232/232 235/235/235 234/234/234
f 234/234/234 231/231/231 232/232/232
f 233/233/233 231/231/231 236/236/236
f 236/236/236 237/237/237 233/233/233
f 231/231/231 234/234/234 238/238/238
f 238/238/238 236/236/236 231/231/231
f 239/239/239 241/241/241 240/240/240
f 240/240/240 242/242/242 239/239/239
f 241/241/241 244/244/244 243/243/243
f 243/243/243 240/240/240 241/241/241
f 242/242/242 240/240/240 190/190/190
f 190/190/190 164/164/164 242/242/242
f 240/240/240 243/243/243 188/188/188
f 188/188/188 190/190/190 240/240/240
f 245/245/245 247/247/247 246/246/246
f 246/246/246 248/248/248 245/245/245
f 247/247/247 250/250/250 249/249/249
f 249/249/249 246/246/246 247/247/247
f 248/248/248 246/246/246 178/178/178
f 178/178/178 185/185/185 248/248/248
f 246/246/246 249/249/249 115/115/115
f 115/115/115 178/178/178 246/246/246
f 251/251/251 253/253/253 252/252/252
f 253/253/253 251/251/251 254/254/254
f 255/255/255 257/257/257 256/256/256
f 258/258/258 260/260/260 259/259/259
f 261/261/261 263/263/263 262/262/262
f 263/263/263 261/261/261 264/264/264
f 265/265/265 254/254/254 251/251/251
f 254/254/254 265/265/265 266/266/266
f 262/262/262 268/268/268 267/267/267
f 268/268/268 262/262/262 263/263/263
f 269/269/269 271/271/271 270/270/270
f 271/271/271 269/269/269 272/272/272
f 273/273/273 270/270/270 271/271/271
f 274/274/274 276/276/276 275/275/275
f 276/276/276 274/274/274 277/277/277
f 275/275/275 279/279/279 278/278/278
f 279/279/279 275/275/275 276/276/276
f 277/277/277 280/280/280 276/276/276
f 280/280/280 277/277/277 281/281/281
f 276/276/276 282/282/282 279/279/279
f 282/282/282 276/276/276 280/280/280
f 283/283/283 285/285/285 284/284/284
f 285/285/285 283/283/283 286/286/286
f 284/284/284 288/288/288 287/287/287
f 288/288/288 284/284/284 285/285/285
f 286/286/286 289/289/289 285/285/285
f 289/289/289 286/286/286 290/290/290
f 285/285/285 291/291/291 288/288/288
f 291/291/291 285/285/285 289/289/289
f 292/292/292 294/294/294 293/293/293
f 293/293/293 295/295/295 292/292/292
f 296/296/296 298/298/298 297/297/297
f 299/299/299 301/301/301 300/300/300
f 302/302/302 304/304/304 303/303/303
f 303/303/303 305/305/305 302/302/302
f 306/306/306 292/292/292 295/295/295
f 295/295/295 307/307/307 306/306/306
f 304/304/304 309/309/309 308/308/308
f 308/308/308 303/303/303 304/304/304

g hide
# texture: hide.jpg
v 6.075403 162.3727 -3.697198
v -0.177893 160.7896 -12.8482
v -1.927399 159.3014 7.189098
v 5.377102 159.9841 4.891901
v -7.925591 162.3626 -4.920403
v -8.7239 159.9739 3.659997
v 14.2325 92.4193 -12.53099
v 17.94649 94.3526 12.8094
v 8.797195 93.009 17.77779
v 4.200303 90.6161 -13.58629
v -15.9171 108.8648 17.5473
v -24.0529 107.2975 11.1011
v -19.8804 86.16209 -2.882902
v -10.7528 82.7052 0.239103
v -4.4961 89.38799 -8.233099
v -9.670903 115.6004 9.110094
v -27.7218 99.7963 0.266996
v 23.0155 96.4353 0.276406
v 5.941296 105.1369 17.2045
v 1.335204 102.7392 -14.22299
v -4.570502 115.301 12.5001
v 2.216004 118.7556 -12.7592
v 43.90401 127.3154 -10.12528
v 39.99672 125.2359 -11.81698
v 40.81962 126.7844 -17.24828
v 47.23901 124.407 -14.28978
v -32.72459 118.3933 -0.85662
v -37.1626 119.8607 -0.608621
v -39.79819 115.4938 -6.197222
v -32.90349 117.9079 -6.995621
v -42.55099 121.0299 -2.447923
v 48.41951 129.8962 -9.561676
v 0.306803 118.8931 -10.6104
v -4.631002 116.0713 8.771499
v 6.900898 117.3432 8.212602
v 10.8128 119.0317 -4.973297
v -11.4632 117.0141 -10.9421
v -14.3906 115.4148 2.507597
v 10.8684 117.7104 4.652603
v -16.0654 115.2708 -2.564204
v 20.49509 53.90311 2.834805
v 14.72879 52.27101 11.6065
v 5.381797 52.58451 5.137502
v -20.03981 78.5591 31.4433
v -30.57001 75.2868 34.2215
v -34.04171 79.9252 25.317
v 5.994999 53.65451 -1.793795
v 16.1253 54.42961 -3.351491
v -28.64381 83.0647 21.2355
v -18.99351 82.2166 25.5195
v 8.002404 159.1919 5.758204
v -9.374297 158.8194 6.188798
v -9.809196 161.5005 -2.154003
v 7.909007 161.8803 -2.593099
v -0.416398 152.9006 11.5768
v -1.104892 160.7357 -9.452903
v -97.5034 82.4224 39.5395
v -97.3636 86.9836 44.4354
v -113.058 96.2957 53.74751
v -119.6193 95.5445 52.6616
v -123.078 90.049 44.5639
v -106.3686 80.1348 34.6496
v -116.1153 84.1158 38.2367
v -103.1605 93.149 51.0376
v -100.5586 97.0169 6.292101
v -86.4984 104.6533 12.7943
v -89.1765 105.8942 22.1233
v -96.1826 95.2436 20.4126
v -132.3913 115.9042 25.1795
v -124.5897 112.0984 37.2675
v -117.2075 122.5259 38.7551
v -124.9873 127.49 35.631
v -135.1305 122.5036 39.3708
v -85.6051 93.1185 9.985697
v -87.0977 115.1439 12.6666
v -74.0683 110.5823 4.7656
v -77.5866 106.0576 17.5866
v -93.8698 115.6085 7.862402
v -75.4434 109.1574 -3.311302
v -97.0781 94.8731 -8.099302
v -101.7945 102.4719 -2.492399
v -87.3318 97.4085 -11.2625
v -150.9582 60.5576 77.192
v -147.9093 58.1115 85.44739
v -137.7781 58.993 81.8177
v -127.8931 58.1771 85.07919
v -119.6836 58.2244 92.09309
v -113.843 58.5733 85.07899
v -117.954 59.1637 79.4677
v -126.1772 59.0359 79.46749
v -136.9398 61.5954 75.0238
v -144.9249 62.44111 72.1957
v -48.7405 41.714 72.6491
v -54.4168 44.7856 79.9887
v -47.9412 43.3982 79.6705
v -99.2621 42.007 63.9458
v -99.7869 42.5963 71.1705
v -93.2569 43.4352 71.3285
v -55.7202 43.8272 71.7831
v -58.6164 44.9657 77.909
v -89.1199 43.8092 69.1571
v -92.3251 44.2711 63.1433
v -108.5771 19.7095 76.0164
v -100.3345 19.0255 65.7532
v -102.1646 15.3583 74.0189
v -104.0698 28.6383 67.8353
v -108.3873 1.3015 87.6596
v -104.7316 -0.610701 87.5459
v -120.6783 19.7095 70.3736
v -123.2699 15.3583 64.1773
v -118.1144 19.0255 57.4623
v -117.3085 28.6383 61.662
v -129.7194 1.3015 77.7122
v -131.9821 -0.610701 74.8388
v -91.9509 18.3272 60.0945
v -119.1685 18.3272 47.4027
v -99.1974 10.7779 40.1045
v -99.504 19.0255 66.1404
v -118.9449 19.0255 57.075
v -118.1467 28.5839 60.7751
v -102.8515 28.5839 67.9073
vn -0.158395 0.974572 0.158495
vn -0.0071 0.997277 0.073398
vn -0.0158 0.984829 0.172805
vn -0.0059 0.963537 0.26751
vn 0.127096 0.97477 0.183494
vn -0.041901 0.963528 0.264308
vn 0.25029 -0.96746 0.037099
vn 0.289314 -0.956745 0.030602
vn -0.2709 -0.955999 0.1126
vn -0.7667 -0.6218 0.1598
vn 0.275803 -0.491906 0.82581
vn -0.553335 -0.532834 0.640241
vn -0.519393 -0.540492 0.661891
vn 0.275803 -0.491906 0.82581
vn 0.704891 -0.342596 0.621093
vn 0.256095 -0.497691 0.828685
vn -0.648959 -0.504768 0.569264
vn 0.402725 -0.915257 0.010801
vn -0.949558 -0.309286 0.051798
vn -0.984439 -0.089703 0.151106
vn -0.084 -0.912701 0.399901
vn -0.580401 -0.808401 0.0981
vn 0.147402 -0.93861 0.311904
vn 0.517212 -0.840519 -0.161303
vn 0.047202 -0.99743 0.053902
vn -0.081198 -0.846482 0.526189
vn 0.073797 -0.914159 0.398582
vn -0.286806 -0.684513 0.670212
vn -0.086799 -0.851394 0.517296
vn 0.336402 -0.939507 0.064501
vn -0.368907 -0.640012 0.674012
vn 0.290502 -0.659604 0.693204
vn -0.117295 0.987658 0.103796
vn -0.119595 0.98636 0.113095
vn -0.047801 0.991622 0.120003
vn -0.020001 0.992426 0.121203
vn -0.20959 0.975252 0.070396
vn -0.185195 0.979174 0.083198
vn 0.030199 0.990277 0.135797
vn -0.259192 0.964071 0.058198
vn 0.061699 -0.988579 -0.137497
vn 0.064697 -0.987852 -0.141293
vn 0.0642 -0.987493 -0.143999
vn 0.137399 -0.857095 -0.496497
vn 0.134597 -0.856383 -0.49849
vn 0.132497 -0.859083 -0.49439
vn 0.060202 -0.988932 -0.135605
vn 0.056701 -0.990623 -0.124303
vn 0.138904 -0.857422 -0.495513
vn 0.1473 -0.852997 -0.500698
vn 0.0075 -0.88601 -0.463605
vn 0.0047 -0.841981 -0.539488
vn 0.0171 -0.986379 -0.163597
vn 0.019099 -0.995858 -0.088896
vn -0.0038 -0.676308 -0.736609
vn 0.0245 -0.9908 0.1331
vn -0.083403 -0.77143 0.630825
vn -0.050501 -0.74752 0.662317
vn -0.044501 -0.742911 0.66791
vn -0.083403 -0.77143 0.630825
vn -0.1196 -0.7956 0.5939
vn -0.112499 -0.790992 0.601394
vn -0.090795 -0.77656 0.623467
vn -0.068696 -0.760953 0.64516
vn 0.447987 -0.792676 0.413488
vn 0.057398 -0.701477 0.710377
vn 0.652877 -0.755973 -0.047498
vn 0.821246 -0.480227 -0.308117
vn -0.344599 -0.323099 0.881396
vn -0.69361 0.417806 0.586808
vn -0.675216 0.032201 0.736917
vn -0.0054 -0.66464 0.747145
vn 0.532237 -0.71745 0.449431
vn -0.279096 -0.236097 0.930787
vn -0.386495 -0.915888 -0.108499
vn -0.330114 -0.943941 0.0006
vn -0.511825 -0.756336 -0.40742
vn -0.057899 -0.847087 0.528291
vn 0.143902 -0.830309 0.538405
vn 0.197804 -0.671714 0.713915
vn -0.0327 -0.606506 0.794407
vn 0.372706 -0.748411 0.548608
vn 0.0036 0.950373 0.311091
vn 0.0162 0.9603 0.2785
vn -0.0065 0.945446 0.325716
vn -0.023899 0.994761 0.099396
vn -0.028199 0.999259 0.026199
vn -0.028101 0.996742 0.075603
vn -0.0217 0.990499 0.1358
vn -0.015399 0.989062 0.146694
vn -0.0266 0.934602 0.354701
vn -0.017799 0.936959 0.348985
vn 0.220406 0.957625 -0.185405
vn 0.181406 0.949231 -0.257008
vn 0.191106 0.949329 -0.249507
vn -0.181492 0.983259 0.016199
vn -0.124802 0.988118 -0.089702
vn -0.128801 0.987908 -0.086301
vn 0.293917 0.955055 -0.038502
vn 0.2347 0.959999 -0.1527
vn -0.209194 0.975373 0.069898
vn -0.27951 0.934432 0.220708
vn -0.975432 0.143205 0.167406
vn -0.713778 -0.441386 -0.543783
vn -0.494608 -0.58351 -0.644111
vn -0.554891 0.702589 0.445493
vn -0.683888 -0.403293 0.60799
vn -0.43621 -0.851319 0.291507
vn 0.498727 0.143208 0.854847
vn 0.811336 -0.583526 -0.035102
vn 0.875379 -0.44139 0.197195
vn 0.0155 0.702608 0.711408
vn -0.0262 -0.403297 0.914694
vn 0.057099 -0.851284 0.52159
vn -0.087198 -0.978483 0.186997
vn -0.113797 -0.963077 0.243994
vn -0.189399 -0.893896 0.406298
vn -0.329315 -0.626728 0.706232
vn -0.184608 -0.899539 0.395917
vn -0.297009 -0.711421 0.636919
vn -0.172209 -0.913248 0.369219
vt 0.5959 0.5795
vt 0.4947 0.8496
vt 0.4947 0.2225
vt 0.5966 0.3131
vt 0.3935 0.5795
vt 0.3928 0.3131
vt 0.7325 0.9132
vt 0.7325 0.1093
vt 0.5903 0.0005
vt 0.5903 0.9954
vt 0.399 0.0005
vt 0.2568 0.1093
vt 0.2568 0.9132
vt 0.399 0.9954
vt 0.424 0.9995
vt 0.424 0.0026
vt 0.1553 0.4685
vt 0.8341 0.4685
vt 0.5654 0.0026
vt 0.5654 0.9995
vt 0.4947 0.0416
vt 0.4947 0.8665
vt 0.9353 0.3419
vt 0.8702 0.3002
vt 0.8381 0.5015
vt 0.9205 0.6499
vt 0.1316 0.3044
vt 0.0669 0.3423
vt 0.0789 0.6483
vt 0.1599 0.5018
vt 0.0005 0.4997
vt 0.9995 0.4976
vt 0.5 0.9995
vt 0.5 0.0005
vt 0.8176 0.1766
vt 0.8323 0.8633
vt 0.1677 0.8633
vt 0.1824 0.1766
vt 0.9018 0.3996
vt 0.0982 0.3996
vt 0.9995 0.5153
vt 0.7946 0.1222
vt 0.559 0.5153
vt 0.441 0.5153
vt 0.2054 0.1222
vt 0.0005 0.5153
vt 0.6088 0.8561
vt 0.9039 0.8561
vt 0.0871 0.8561
vt 0.3912 0.8561
vt 0.9899 0.2634
vt 0.0101 0.2634
vt 0.0005 0.6603
vt 0.9995 0.6603
vt 0.5 0.0005
vt 0.5 0.9995
vt 0.7262 0.4171
vt 0.6615 0.1656
vt 0.3449 0.1656
vt 0.2801 0.4171
vt 0.3346 0.8797
vt 0.6717 0.8797
vt 0.5032 0.9843
vt 0.5032 0.0116
vt 0.8211 0.9995
vt 0.8882 0.1937
vt 0.7823 0.0005
vt 0.7861 0.541
vt 0.1789 0.9995
vt 0.2131 0.541
vt 0.2168 0.0005
vt 0.1118 0.1937
vt 0.0005 0.541
vt 0.9995 0.541
vt 0.1468 0.1541
vt 0.8532 0.1541
vt 0.5 0.0005
vt 0.0005 0.3629
vt 0.9995 0.3629
vt 0.5 0.9995
vt 0.1079 0.8706
vt 0.8921 0.8706
vt 0.0005 0.4981
vt 0.1818 0.0005
vt 0.4363 0.4981
vt 0.5637 0.4981
vt 0.8182 0.0005
vt 0.9995 0.4981
vt 0.8725 0.8962
vt 0.6175 0.8962
vt 0.3825 0.9995
vt 0.1185 0.9995
vt 0.9203 0.9995
vt 0.9343 0.1205
vt 0.9995 0.5756
vt 0.0797 0.9995
vt 0.0005 0.5756
vt 0.0666 0.1205
vt 0.84 0.5756
vt 0.8699 0.0005
vt 0.131 0.0005
vt 0.16 0.5756
vt 0.7691 0.7175
vt 0.8459 0.6986
vt 0.806 0.6893
vt 0.8176 0.761
vt 0.729 0.6487
vt 0.7424 0.6363
vt 0.7691 0.7175
vt 0.806 0.6893
vt 0.8459 0.6986
vt 0.8176 0.761
vt 0.729 0.6487
vt 0.7424 0.6363
vt 0.9995 0.573
vt 0.0005 0.573
vt 0.5 0.9995
vt 0.8568 0.3273
vt 0.1432 0.3273
vt 0.2193 0.2419
vt 0.7807 0.2419
f 310/310/310 312/312/312 311/311/311
f 310/310/310 313/313/313 312/312/312
f 312/312/312 314/314/314 311/311/311
f 312/312/312 315/315/315 314/314/314
f 316/316/316 318/318/318 317/317/317
f 316/316/316 319/319/319 318/318/318
f 320/320/320 322/322/322 321/321/321
f 320/320/320 323/323/323 322/322/322
f 324/324/324 320/320/320 325/325/325
f 324/324/324 323/323/323 320/320/320
f 321/321/321 322/322/322 326/326/326
f 327/327/327 316/316/316 317/317/317
f 328/328/328 319/319/319 329/329/329
f 328/328/328 318/318/318 319/319/319
f 328/328/328 331/331/331 330/330/330
f 328/328/328 329/329/329 331/331/331
f 330/330/330 324/324/324 325/325/325
f 330/330/330 331/331/331 324/324/324
f 332/332/332 334/334/334 333/333/333
f 332/332/332 335/335/335 334/334/334
f 336/336/336 338/338/338 337/337/337
f 336/336/336 339/339/339 338/338/338
f 337/337/337 338/338/338 340/340/340
f 341/341/341 335/335/335 332/332/332
f 342/342/342 344/344/344 343/343/343
f 342/342/342 345/345/345 344/344/344
f 342/342/342 347/347/347 346/346/346
f 342/342/342 343/343/343 347/347/347
f 345/345/345 348/348/348 344/344/344
f 346/346/346 347/347/347 349/349/349
f 350/350/350 352/352/352 351/351/351
f 353/353/353 355/355/355 354/354/354
f 350/350/350 356/356/356 352/352/352
f 350/350/350 357/357/357 356/356/356
f 353/353/353 358/358/358 355/355/355
f 353/353/353 359/359/359 358/358/358
f 360/360/360 362/362/362 361/361/361
f 360/360/360 363/363/363 362/362/362
f 360/360/360 361/361/361 364/364/364
f 363/363/363 365/365/365 362/362/362
f 366/366/366 368/368/368 367/367/367
f 366/366/366 369/369/369 368/368/368
f 366/366/366 370/370/370 369/369/369
f 366/366/366 371/371/371 370/370/370
f 371/371/371 372/372/372 370/370/370
f 367/367/367 368/368/368 373/373/373
f 374/374/374 376/376/376 375/375/375
f 374/374/374 377/377/377 376/376/376
f 378/378/378 380/380/380 379/379/379
f 378/378/378 381/381/381 380/380/380
f 381/381/381 378/378/378 382/382/382
f 383/383/383 374/374/374 375/375/375
f 384/384/384 386/386/386 385/385/385
f 387/387/387 385/385/385 388/388/388
f 385/385/385 387/387/387 384/384/384
f 389/389/389 390/390/390 387/387/387
f 389/389/389 388/388/388 391/391/391
f 388/388/388 389/389/389 387/387/387
f 392/392/392 394/394/394 393/393/393
f 395/395/395 397/397/397 396/396/396
f 395/395/395 398/398/398 397/397/397
f 395/395/395 399/399/399 398/398/398
f 394/394/394 401/401/401 400/400/400
f 394/394/394 392/392/392 401/401/401
f 402/402/402 404/404/404 403/403/403
f 405/405/405 407/407/407 406/406/406
f 402/402/402 409/409/409 408/408/408
f 402/402/402 403/403/403 409/409/409
f 405/405/405 410/410/410 407/407/407
f 405/405/405 411/411/411 410/410/410
f 412/412/412 414/414/414 413/413/413
f 413/413/413 415/415/415 412/412/412
f 416/416/416 417/417/417 414/414/414
f 414/414/414 412/412/412 416/416/416
f 418/418/418 420/420/420 419/419/419
f 420/420/420 418/418/418 421/421/421
f 422/422/422 419/419/419 423/423/423
f 419/419/419 422/422/422 418/418/418
f 424/424/424 426/426/426 425/425/425
f 424/424/424 428/428/428 427/427/427
f 424/424/424 425/425/425 428/428/428
f 429/429/429 427/427/427 428/428/428
f 429/429/429 430/430/430 427/427/427

g lower_12
# texture: lower_12.jpg
v 5.974203 104.4686 -12.7109
v 10.8128 119.0317 -4.973297
v 16.2371 100.8248 -7.257995
v 3.858103 97.5114 -10.7096
v -1.445402 98.8783 6.4676
v 2.393202 80.39081 -5.212997
v 2.9261 77.41472 8.879699
v 13.6469 81.7616 -6.96699
v 18.3977 100.7369 3.046205
v 21.20789 78.9809 3.571506
v 13.3218 94.8352 13.0356
v -1.445402 98.8783 6.4676
v 2.9261 77.41472 8.879699
v 15.39539 76.64 14.3599
v 18.3977 100.7369 3.046205
v 21.20789 78.9809 3.571506
v 16.1253 54.42961 -3.351491
v 5.994999 53.65451 -1.793795
v 21.9114 56.76061 4.306607
v 5.524796 55.59671 6.797101
v 16.39299 59.3516 13.3514
v 21.9114 56.76061 4.306607
v 5.524796 55.59671 6.797101
v 20.49509 53.90311 2.834805
v 5.381797 52.58451 5.137502
v 14.72879 52.27101 11.6065
v 20.49509 53.90311 2.834805
v 5.381797 52.58451 5.137502
v 0.306803 118.8931 -10.6104
v -1.060796 103.8314 -14.5959
v -12.1594 98.2528 -14.8667
v -11.4632 117.0141 -10.9421
v 0.913103 97.2447 -11.4987
v -3.319202 98.7085 5.965498
v -12.683 82.4467 13.3335
v -14.7024 91.4278 24.4244
v -23.4639 83.71709 8.196798
v -31.7085 91.144 15.2323
v -22.531 103.9423 -0.062904
v -19.8316 107.1035 11.90219
v -14.7024 91.4278 24.4244
v -3.319202 98.7085 5.965498
v -26.6669 96.9764 25.60369
v -22.531 103.9423 -0.062904
v -31.7085 91.144 15.2323
v -28.64381 83.0647 21.2355
v -18.99351 82.2166 25.5195
v -38.5918 77.8561 31.70859
v -23.36601 76.5467 38.2307
v -32.96461 85.5534 37.03659
v -38.5918 77.8561 31.70859
v -23.36601 76.5467 38.2307
v -34.04171 79.9252 25.317
v -20.03981 78.5591 31.4433
v -30.57001 75.2868 34.2215
v -34.04171 79.9252 25.317
v -20.03981 78.5591 31.4433
v 0.077797 106.5984 13.43379
v 11.1402 111.9483 10.3517
v -12.6976 115.4553 -1.669005
v 6.900898 117.3432 8.212602
v -4.631002 116.0713 8.771499
v -14.3906 115.4148 2.507597
v 10.8684 117.7104 4.652603
v 10.8684 117.7104 4.652603
v -16.0654 115.2708 -2.564204
v -16.0654 115.2708 -2.564204
vn 0.383104 0.0191 -0.923508
vn 0.788977 0.35259 -0.503185
vn 0.725586 0.029799 -0.687486
vn 0.0298 -0.447495 -0.89379
vn -0.443013 -0.661219 0.605417
vn -0.705314 -0.197204 -0.680914
vn -0.833559 -0.107994 0.541773
vn 0.459804 -0.114501 -0.880608
vn 0.945069 0.244191 0.217293
vn 0.999076 0.038699 0.0187
vn 0.221397 0.187498 0.956989
vn -0.443013 -0.661219 0.605417
vn -0.833559 -0.107994 0.541773
vn 0.29539 0.019999 0.955168
vn 0.945069 0.244191 0.217293
vn 0.999076 0.038699 0.0187
vn 0.387811 -0.115103 -0.914524
vn -0.941594 -0.091799 -0.323998
vn 0.979306 -0.191902 -0.0643
vn -0.781002 -0.1644 0.602502
vn 0.254506 -0.195405 0.947124
vn 0.979306 -0.191902 -0.0643
vn -0.781002 -0.1644 0.602502
vn 0.912598 -0.3914 -0.1182
vn -0.761005 -0.167301 0.626803
vn 0.423502 -0.429503 0.797605
vn 0.912598 -0.3914 -0.1182
vn -0.761005 -0.167301 0.626803
vn 0.226791 0.266889 -0.936662
vn 0.156499 -0.0626 -0.985692
vn -0.540032 -0.176411 -0.822949
vn -0.366912 0.223007 -0.90313
vn 0.297296 -0.859688 -0.415394
vn 0.475494 -0.331696 0.81479
vn 0.543223 -0.833135 0.103905
vn 0.7787 0.1548 0.608
vn -0.174405 -0.887027 -0.427513
vn -0.937255 0.199512 -0.285917
vn -0.876308 0.457804 -0.150002
vn -0.060199 0.841183 0.537389
vn 0.7787 0.1548 0.608
vn 0.475494 -0.331696 0.81479
vn -0.303792 0.787878 0.535685
vn -0.876308 0.457804 -0.150002
vn -0.937255 0.199512 -0.285917
vn -0.055902 -0.997544 -0.042202
vn 0.837002 -0.411401 0.360801
vn -0.910745 -0.412675 0.015599
vn 0.689592 0.243897 0.681892
vn -0.636905 0.148501 0.756505
vn -0.910745 -0.412675 0.015599
vn 0.689592 0.243897 0.681892
vn -0.792907 -0.108501 -0.599605
vn 0.346215 -0.23541 0.90814
vn -0.116596 -0.705875 0.698675
vn -0.792907 -0.108501 -0.599605
vn 0.346215 -0.23541 0.90814
vn -0.321819 -0.292917 0.900352
vn 0.037999 0.083697 0.995767
vn -0.45938 -0.318786 0.829063
vn 0.326402 0.370002 0.869805
vn -0.271599 -0.102899 0.956894
vn -0.980411 0.060001 0.187602
vn 0.8082 0.358 0.4676
vn 0.8082 0.358 0.4676
vn -0.890196 0.341098 -0.301999
vn -0.890196 0.341098 -0.301999
vt 0.7986 0.7966
vt 0.8878 0.9867
vt 0.8978 0.7288
vt 0.7746 0.6967
vt 0.7684 0.7176
vt 0.7906 0.4375
vt 0.7698 0.3805
vt 0.8958 0.4439
vt 0.9569 0.7199
vt 0.9664 0.3835
vt 0.401 0.6395
vt 0.2661 0.7289
vt 0.2677 0.3943
vt 0.4053 0.3599
vt 0.4855 0.7312
vt 0.4964 0.3974
vt 0.8925 0.0005
vt 0.8001 0.0015
vt 0.9535 0.0574
vt 0.7821 0.0603
vt 0.4019 0.0977
vt 0.4815 0.0593
vt 0.2808 0.0623
vt 0.9388 0.0016
vt 0.7805 0.0007
vt 0.3783 0.0009
vt 0.4645 0.0015
vt 0.2792 0.0005
vt 0.7574 0.9995
vt 0.7162 0.7966
vt 0.6138 0.7288
vt 0.6271 0.9867
vt 0.7402 0.6967
vt 0.7464 0.7176
vt 0.7243 0.4375
vt 0.745 0.3805
vt 0.6132 0.4439
vt 0.5459 0.3835
vt 0.5578 0.7199
vt 0.1076 0.6395
vt 0.241 0.3943
vt 0.2426 0.7289
vt 0.1092 0.3599
vt 0.0231 0.7312
vt 0.0094 0.3974
vt 0.6187 0.0005
vt 0.7147 0.0015
vt 0.5613 0.0574
vt 0.7327 0.0603
vt 0.107 0.0977
vt 0.0272 0.0593
vt 0.2279 0.0623
vt 0.576 0.0016
vt 0.7343 0.0007
vt 0.1304 0.0009
vt 0.0442 0.0015
vt 0.2295 0.0005
vt 0.2543 0.8358
vt 0.3969 0.9042
vt 0.1118 0.9042
vt 0.388 0.9978
vt 0.2543 0.9931
vt 0.1207 0.9978
vt 0.915 0.9641
vt 0.4234 0.9995
vt 0.0853 0.9995
vt 0.5998 0.9641
f 431/431/431 433/433/433 432/432/432
f 433/433/433 431/431/431 434/434/434
f 435/435/435 436/436/436 434/434/434
f 436/436/436 435/435/435 437/437/437
f 434/434/434 438/438/438 433/433/433
f 438/438/438 434/434/434 436/436/436
f 433/433/433 440/440/440 439/439/439
f 440/440/440 433/433/433 438/438/438
f 441/441/441 443/443/443 442/442/442
f 443/443/443 441/441/441 444/444/444
f 445/445/445 444/444/444 441/441/441
f 444/444/444 445/445/445 446/446/446
f 436/436/436 447/447/447 438/438/438
f 447/447/447 436/436/436 448/448/448
f 438/438/438 449/449/449 440/440/440
f 449/449/449 438/438/438 447/447/447
f 437/437/437 448/448/448 436/436/436
f 448/448/448 437/437/437 450/450/450
f 446/446/446 451/451/451 444/444/444
f 451/451/451 446/446/446 452/452/452
f 444/444/444 453/453/453 443/443/443
f 453/453/453 444/444/444 451/451/451
f 447/447/447 454/454/454 449/449/449
f 448/448/448 450/450/450 455/455/455
f 452/452/452 456/456/456 451/451/451
f 456/456/456 452/452/452 457/457/457
f 451/451/451 458/458/458 453/453/453
f 458/458/458 451/451/451 456/456/456
f 459/459/459 431/431/431 432/432/432
f 460/460/460 462/462/462 461/461/461
f 461/461/461 463/463/463 460/460/460
f 464/464/464 463/463/463 465/465/465
f 465/465/465 466/466/466 464/464/464
f 463/463/463 461/461/461 467/467/467
f 467/467/467 465/465/465 463/463/463
f 461/461/461 469/469/469 468/468/468
f 468/468/468 467/467/467 461/461/461
f 470/470/470 472/472/472 471/471/471
f 471/471/471 473/473/473 470/470/470
f 474/474/474 470/470/470 473/473/473
f 473/473/473 475/475/475 474/474/474
f 465/465/465 467/467/467 476/476/476
f 476/476/476 477/477/477 465/465/465
f 467/467/467 468/468/468 478/478/478
f 478/478/478 476/476/476 467/467/467
f 466/466/466 465/465/465 477/477/477
f 477/477/477 479/479/479 466/466/466
f 475/475/475 473/473/473 480/480/480
f 480/480/480 481/481/481 475/475/475
f 473/473/473 471/471/471 482/482/482
f 482/482/482 480/480/480 473/473/473
f 476/476/476 478/478/478 483/483/483
f 477/477/477 484/484/484 479/479/479
f 481/481/481 480/480/480 485/485/485
f 485/485/485 486/486/486 481/481/481
f 480/480/480 482/482/482 487/487/487
f 487/487/487 485/485/485 480/480/480
f 459/459/459 462/462/462 460/460/460
f 459/459/459 460/460/460 431/431/431
f 463/463/463 435/435/435 434/434/434
f 463/463/463 464/464/464 435/435/435
f 460/460/460 434/434/434 431/431/431
f 460/460/460 463/463/463 434/434/434
f 488/488/488 442/442/442 472/472/472
f 489/489/489 442/442/442 488/488/488
f 488/488/488 472/472/472 490/490/490
f 489/489/489 441/441/441 442/442/442
f 472/472/472 470/470/470 490/490/490
f 489/489/489 492/492/492 491/491/491
f 489/489/489 488/488/488 492/492/492
f 490/490/490 492/492/492 488/488/488
f 490/490/490 493/493/493 492/492/492
f 432/432/432 439/439/439 494/494/494
f 432/432/432 433/433/433 439/439/439
f 495/495/495 441/441/441 491/491/491
f 495/495/495 445/445/445 441/441/441
f 493/493/493 474/474/474 496/496/496
f 493/493/493 470/470/470 474/474/474
f 497/497/497 461/461/461 462/462/462
f 497/497/497 469/469/469 461/461/461

g boots_12
# texture: boots_12.jpg
v 6.972296 -0.398882 -8.306794
v 16.2607 -0.350885 -12.63809
v 21.71919 -0.425689 -7.057693
v 8.837395 -0.473683 -1.050897
v 6.6696 54.56301 -2.748294
v 16.7999 55.33821 -4.305994
v 15.9186 43.27511 -7.89359
v 7.236198 42.44501 -6.580192
v 16.7999 55.33821 -4.305994
v 21.1396 54.1983 1.349707
v 21.11259 39.77711 -1.482594
v 15.9186 43.27511 -7.89359
v 6.026297 52.87971 3.652402
v 6.6696 54.56301 -2.748294
v 7.236198 42.44501 -6.580192
v 15.54719 52.49031 11.218
v 14.33609 16.35751 -8.018093
v 9.523795 16.31791 -5.774094
v 19.4399 14.82912 -4.816294
v 14.33609 16.35751 -8.018093
v 9.523795 16.31791 -5.774094
v 10.2946 14.02982 -3.422997
v 17.29659 12.31911 0.838203
v 14.0878 6.040914 -10.04309
v 8.603196 6.001216 -7.485593
v 18.86829 9.315411 -6.241894
v 14.0878 6.040914 -10.04309
v 8.603196 6.001216 -7.485593
v 9.957594 9.275715 -2.086797
v 16.2607 -0.350885 -12.63809
v 6.972296 -0.398882 -8.306794
v 26.34779 2.290212 12.9302
v 24.50699 4.628611 15.8265
v 26.65899 -0.449688 19.71
v 27.54639 -0.425589 13.9109
v 20.12429 2.242214 15.8323
v 20.80629 -0.473587 17.05389
v 20.26419 8.344611 6.6187
v 23.96549 5.683811 2.079002
v 13.49929 5.635816 6.959398
v 21.84449 49.01241 1.195506
v 16.6491 57.76411 -6.587188
v 22.9936 56.9875 1.673108
v 16.4039 49.81641 -6.824088
v 16.4039 49.81641 -6.824088
v 6.9101 56.95491 -5.097995
v 16.6491 57.76411 -6.587188
v 8.352399 49.14741 -5.592993
v 8.352399 49.14741 -5.592993
v 3.515598 55.36911 4.651503
v 6.9101 56.95491 -5.097995
v 5.741697 47.67451 3.657803
v 8.665593 54.65911 14.9789
v 11.52879 40.43412 10.8698
v 19.70599 41.11361 9.619402
v 21.32629 55.71111 13.043
v 13.25459 56.17831 3.162304
v 22.9936 56.9875 1.673108
v 16.6491 57.76411 -6.587188
v 6.9101 56.95491 -5.097995
v 3.515598 55.36911 4.651503
v 8.665593 54.65911 14.9789
v 21.32629 55.71111 13.043
v 16.12179 46.64281 16.8806
v 14.94509 63.09061 18.1222
v -12.8052 31.0681 0.649106
v -27.552 31.0413 1.898202
v -22.0935 31.1161 -3.682097
v -14.6703 30.9934 7.905105
v -19.71271 83.4079 24.7198
v -25.3583 74.5806 13.3338
v -29.07681 84.2291 20.5617
v -17.30021 73.7328 16.8189
v -29.07681 84.2291 20.5617
v -31.40601 68.6076 16.1732
v -34.49521 80.761 23.8377
v -25.3583 74.5806 13.3338
v -20.49331 79.3949 29.9641
v -17.30021 73.7328 16.8189
v -19.71271 83.4079 24.7198
v -31.46221 75.6164 33.6311
v -20.1831 47.9053 0.890802
v -15.29 47.865 3.172503
v -25.0121 47.08509 4.794899
v -20.1831 47.9053 0.890802
v -15.29 47.865 3.172503
v -16.3967 46.2434 8.563805
v -23.1935 43.799 9.896002
v -19.9307 37.41529 -1.168097
v -14.3539 37.375 1.432303
v -24.7915 40.7449 2.697001
v -19.9307 37.41529 -1.168097
v -14.3539 37.375 1.432303
v -15.7311 40.7046 6.921903
v -22.0935 31.1161 -3.682097
v -12.8052 31.0681 0.649106
v -32.785 33.75719 21.6044
v -32.5742 31.0174 28.6277
v -30.3597 36.0957 24.77331
v -34.1194 31.0414 22.5218
v -25.87621 30.9934 26.3656
v -25.2611 33.7092 25.1128
v -26.0971 39.8116 15.5746
v -29.7983 37.15079 11.0349
v -19.3322 37.1029 15.9153
v -34.28941 76.0182 21.6291
v -36.79441 83.108 24.5635
v -28.73131 87.357 19.4623
v -27.1538 80.1539 16.4773
v -27.1538 80.1539 16.4773
v -28.73131 87.357 19.4623
v -19.71641 86.5119 23.4293
v -19.70101 79.4552 19.757
v -19.70101 79.4552 19.757
v -19.71641 86.5119 23.4293
v -18.76461 81.4178 32.4976
v -19.38391 74.6209 28.1884
v -26.23891 76.4825 39.80939
v -25.60071 64.8652 30.2144
v -33.17001 65.5748 26.8835
v -37.95821 77.5811 34.65219
v -27.77951 82.2629 28.5305
v -28.73131 87.357 19.4623
v -36.79441 83.108 24.5635
v -19.71641 86.5119 23.4293
v -18.76461 81.4178 32.4976
v -26.23891 76.4825 39.80939
v -37.95821 77.5811 34.65219
v -32.54491 68.0033 36.3596
v -34.40151 82.6999 43.7093
vn -0.839179 -0.505787 -0.199895
vn -0.079899 -0.0403 -0.995988
vn 0.80021 -0.356705 -0.482106
vn -0.6608 -0.6905 0.2942
vn -0.541678 0.231191 -0.808168
vn 0.549192 0.200097 -0.811387
vn 0.310001 0.1364 -0.940901
vn -0.677105 0.033901 -0.735105
vn 0.549192 0.200097 -0.811387
vn 0.997702 0.011299 -0.0668
vn 0.994441 -0.004501 -0.105204
vn 0.310001 0.1364 -0.940901
vn -0.967927 -0.121303 0.220006
vn -0.541678 0.231191 -0.808168
vn -0.677105 0.033901 -0.735105
vn 0.223208 -0.232108 0.946733
vn 0.121296 0.076497 -0.989664
vn -0.884503 0.0223 -0.466002
vn 0.9114 -0.029 -0.4105
vn 0.121296 0.076497 -0.989664
vn -0.884503 0.0223 -0.466002
vn -0.822582 -0.029399 0.567887
vn 0.407899 0.370899 0.834298
vn 0.087601 0.275804 -0.957214
vn -0.875532 0.212308 -0.434016
vn 0.825429 0.340812 -0.450016
vn 0.087601 0.275804 -0.957214
vn -0.875532 0.212308 -0.434016
vn -0.861922 0.295808 0.411811
vn -0.079899 -0.0403 -0.995988
vn -0.839179 -0.505787 -0.199895
vn 0.88563 0.463516 -0.028501
vn 0.171404 0.753918 0.634215
vn 0.76564 0.213711 0.606732
vn 0.628119 -0.776923 -0.043101
vn -0.461527 0.547732 0.697841
vn -0.571626 -0.312114 0.758834
vn 0.326389 0.900071 0.288691
vn 0.850394 0.504696 -0.148699
vn -0.663887 0.445992 0.600288
vn 0.922235 -0.083004 -0.377614
vn 0.445294 0.640291 -0.625892
vn 0.85059 0.524093 -0.042699
vn 0.200505 0.023 -0.979423
vn 0.200505 0.023 -0.979423
vn -0.437312 0.611818 -0.659119
vn 0.445294 0.640291 -0.625892
vn -0.768946 -0.132007 -0.625537
vn -0.768946 -0.132007 -0.625537
vn -0.909314 0.416107 0.0017
vn -0.437312 0.611818 -0.659119
vn -0.939275 -0.290992 0.181895
vn -0.783063 0.379582 0.492676
vn -0.4843 -0.5267 0.6986
vn 0.836577 -0.35859 0.414189
vn 0.685221 0.678021 0.266008
vn -0.063903 0.990642 0.120605
vn 0.85059 0.524093 -0.042699
vn 0.445294 0.640291 -0.625892
vn -0.437312 0.611818 -0.659119
vn -0.909314 0.416107 0.0017
vn -0.783063 0.379582 0.492676
vn 0.685221 0.678021 0.266008
vn 0.168598 -0.350696 0.921188
vn 0.1074 0.371 0.922401
vn 0.836302 -0.511501 -0.1974
vn -0.797808 -0.341304 -0.497005
vn 0.079999 -0.0469 -0.995691
vn 0.670378 -0.683177 0.289591
vn 0.688597 0.554497 -0.467298
vn -0.146397 0.487991 -0.860484
vn -0.344099 0.473499 -0.810799
vn 0.788492 0.400596 -0.466695
vn -0.344099 0.473499 -0.810799
vn -0.929413 -0.034701 -0.367405
vn -0.934286 -0.0128 -0.356295
vn -0.146397 0.487991 -0.860484
vn 0.910414 -0.122302 0.395206
vn 0.788492 0.400596 -0.466695
vn 0.688597 0.554497 -0.467298
vn -0.413685 -0.601778 0.683175
vn -0.123496 0.328289 -0.93647
vn 0.893745 0.174189 -0.413374
vn -0.893686 0.051799 -0.445693
vn -0.123496 0.328289 -0.93647
vn 0.893745 0.174189 -0.413374
vn 0.765489 -0.213797 0.606892
vn -0.566198 0.1085 0.817097
vn -0.088099 0.273296 -0.957887
vn 0.873163 0.196692 -0.445981
vn -0.830129 0.352612 -0.431915
vn -0.088099 0.273296 -0.957887
vn 0.873163 0.196692 -0.445981
vn 0.868082 0.195296 0.456391
vn 0.079999 -0.0469 -0.995691
vn 0.836302 -0.511501 -0.1974
vn -0.857573 0.514284 -0.009
vn -0.711979 0.267192 0.64938
vn -0.192104 0.758914 0.622211
vn -0.628409 -0.777411 -0.0271
vn 0.568799 -0.291999 0.768898
vn 0.444416 0.580221 0.682524
vn -0.31891 0.904827 0.282108
vn -0.838 0.5206 -0.1635
vn 0.676004 0.454803 0.579804
vn -0.766379 0.025499 -0.641883
vn -0.88323 0.456616 -0.106804
vn -0.364413 0.81093 -0.457817
vn 0.060102 0.393316 -0.917437
vn 0.060102 0.393316 -0.917437
vn -0.364413 0.81093 -0.457817
vn 0.489086 0.841175 -0.230693
vn 0.916025 0.160504 -0.36761
vn 0.916025 0.160504 -0.36761
vn 0.489086 0.841175 -0.230693
vn 0.798099 0.4267 0.4254
vn 0.893806 -0.292302 0.340103
vn 0.55588 0.195393 0.807972
vn 0.364096 -0.732992 0.574594
vn -0.846364 -0.532377 -0.015599
vn -0.831003 0.485902 0.270801
vn -0.130402 0.86691 0.481105
vn -0.364413 0.81093 -0.457817
vn -0.88323 0.456616 -0.106804
vn 0.489086 0.841175 -0.230693
vn 0.798099 0.4267 0.4254
vn 0.55588 0.195393 0.807972
vn -0.831003 0.485902 0.270801
vn -0.343897 -0.690093 0.636794
vn -0.402791 -0.023899 0.91498
vt 0.5852 0.0016
vt 0.5852 0.0024
vt 0.4551 0.0012
vt 0.4551 0.0005
vt 0.7229 0.964
vt 0.9953 0.9629
vt 0.9952 0.5647
vt 0.7229 0.5628
vt 0.498 0.8461
vt 0.4405 0.837
vt 0.4569 0.6026
vt 0.5904 0.6463
vt 0.4405 0.836
vt 0.498 0.8471
vt 0.5904 0.6446
vt 0.2108 0.8036
vt 0.995 0.2317
vt 0.7235 0.231
vt 0.4627 0.2229
vt 0.5256 0.2559
vt 0.5256 0.2553
vt 0.4627 0.2223
vt 0.2492 0.1946
vt 0.995 0.0507
vt 0.7234 0.05
vt 0.4633 0.1491
vt 0.5599 0.0994
vt 0.5599 0.0988
vt 0.4633 0.1484
vt 0.9953 0.0013
vt 0.7229 0.0005
vt 0.126 0.0424
vt 0.0421 0.119
vt 0.0005 0.0009
vt 0.1014 0.0012
vt 0.126 0.0417
vt 0.1014 0.0005
vt 0.1344 0.1343
vt 0.1795 0.0939
vt 0.1795 0.0932
vt 0.4295 0.7461
vt 0.5434 0.8778
vt 0.436 0.8778
vt 0.5301 0.7462
vt 0.9953 0.9024
vt 0.7232 0.9995
vt 0.9954 0.9995
vt 0.7236 0.9024
vt 0.5301 0.7462
vt 0.436 0.8778
vt 0.5434 0.8778
vt 0.4295 0.7461
vt 0.1702 0.8625
vt 0.1416 0.6233
vt 0.1416 0.6233
vt 0.1702 0.8625
vt 0.8869 0.9517
vt 0.8869 0.9174
vt 0.9749 0.9346
vt 0.9749 0.9688
vt 0.8869 0.986
vt 0.7814 0.974
vt 0.7814 0.9294
vt 0.0111 0.7249
vt 0.0303 0.9874
vt 0.5852 0.0016
vt 0.4551 0.0012
vt 0.5852 0.0024
vt 0.4551 0.0005
vt 0.7229 0.964
vt 0.9952 0.5647
vt 0.9953 0.9629
vt 0.723 0.5628
vt 0.498 0.8461
vt 0.4569 0.6026
vt 0.4405 0.837
vt 0.5904 0.6463
vt 0.4405 0.836
vt 0.5904 0.6446
vt 0.498 0.8471
vt 0.2108 0.8036
vt 0.995 0.2331
vt 0.7235 0.2324
vt 0.4623 0.2236
vt 0.5262 0.2571
vt 0.5262 0.2565
vt 0.4623 0.223
vt 0.247 0.1948
vt 0.9951 0.0491
vt 0.7235 0.0484
vt 0.4629 0.1485
vt 0.5611 0.098
vt 0.5611 0.0973
vt 0.4629 0.1479
vt 0.9953 0.0013
vt 0.723 0.0005
vt 0.126 0.0424
vt 0.0005 0.0009
vt 0.0421 0.119
vt 0.1014 0.0012
vt 0.1014 0.0005
vt 0.126 0.0417
vt 0.1344 0.1343
vt 0.1795 0.0939
vt 0.1795 0.0932
vt 0.4295 0.7461
vt 0.436 0.8778
vt 0.5434 0.8778
vt 0.5301 0.7462
vt 0.9953 0.9024
vt 0.9954 0.9995
vt 0.7233 0.9995
vt 0.7237 0.9024
vt 0.5301 0.7462
vt 0.5434 0.8778
vt 0.436 0.8778
vt 0.4295 0.7461
vt 0.1702 0.8625
vt 0.1416 0.6233
vt 0.1416 0.6233
vt 0.1702 0.8625
vt 0.8869 0.9516
vt 0.9749 0.9345
vt 0.8869 0.9174
vt 0.9749 0.9688
vt 0.8869 0.9859
vt 0.7814 0.9739
vt 0.7814 0.9294
vt 0.0111 0.7249
vt 0.0303 0.9874
f 498/498/498 500/500/500 499/499/499
f 500/500/500 498/498/498 501/501/501
f 502/502/502 504/504/504 503/503/503
f 504/504/504 502/502/502 505/505/505
f 506/506/506 508/508/508 507/507/507
f 508/508/508 506/506/506 509/509/509
f 510/510/510 512/512/512 511/511/511
f 513/513/513 507/507/507 508/508/508
f 505/505/505 514/514/514 504/504/504
f 514/514/514 505/505/505 515/515/515
f 509/509/509 516/516/516 508/508/508
f 516/516/516 509/509/509 517/517/517
f 510/510/510 518/518/518 512/512/512
f 518/518/518 510/510/510 519/519/519
f 508/508/508 520/520/520 513/513/513
f 520/520/520 508/508/508 516/516/516
f 513/513/513 519/519/519 510/510/510
f 519/519/519 513/513/513 520/520/520
f 515/515/515 521/521/521 514/514/514
f 521/521/521 515/515/515 522/522/522
f 517/517/517 523/523/523 516/516/516
f 523/523/523 517/517/517 524/524/524
f 519/519/519 525/525/525 518/518/518
f 525/525/525 519/519/519 526/526/526
f 520/520/520 516/516/516 523/523/523
f 520/520/520 526/526/526 519/519/519
f 522/522/522 527/527/527 521/521/521
f 527/527/527 522/522/522 528/528/528
f 524/524/524 500/500/500 523/523/523
f 500/500/500 524/524/524 499/499/499
f 526/526/526 498/498/498 525/525/525
f 498/498/498 526/526/526 501/501/501
f 529/529/529 531/531/531 530/530/530
f 531/531/531 529/529/529 532/532/532
f 530/530/530 534/534/534 533/533/533
f 534/534/534 530/530/530 531/531/531
f 523/523/523 535/535/535 520/520/520
f 535/535/535 523/523/523 536/536/536
f 520/520/520 537/537/537 526/526/526
f 537/537/537 520/520/520 535/535/535
f 500/500/500 536/536/536 523/523/523
f 501/501/501 526/526/526 537/537/537
f 500/500/500 529/529/529 536/536/536
f 529/529/529 500/500/500 532/532/532
f 535/535/535 533/533/533 537/537/537
f 533/533/533 535/535/535 530/530/530
f 537/537/537 534/534/534 501/501/501
f 534/534/534 537/537/537 533/533/533
f 535/535/535 529/529/529 530/530/530
f 535/535/535 536/536/536 529/529/529
f 532/532/532 534/534/534 531/531/531
f 532/532/532 501/501/501 534/534/534
f 532/532/532 500/500/500 501/501/501
f 538/538/538 540/540/540 539/539/539
f 538/538/538 539/539/539 541/541/541
f 542/542/542 544/544/544 543/543/543
f 542/542/542 543/543/543 545/545/545
f 546/546/546 548/548/548 547/547/547
f 546/546/546 547/547/547 549/549/549
f 549/549/549 547/547/547 550/550/550
f 549/549/549 550/550/550 551/551/551
f 552/552/552 553/553/553 540/540/540
f 552/552/552 540/540/540 538/538/538
f 554/554/554 556/556/556 555/555/555
f 554/554/554 557/557/557 556/556/556
f 554/554/554 558/558/558 557/557/557
f 554/554/554 559/559/559 558/558/558
f 554/554/554 560/560/560 559/559/559
f 554/554/554 555/555/555 560/560/560
f 551/551/551 561/561/561 552/552/552
f 550/550/550 561/561/561 551/551/551
f 552/552/552 561/561/561 553/553/553
f 553/553/553 562/562/562 550/550/550
f 561/561/561 550/550/550 562/562/562
f 561/561/561 562/562/562 553/553/553
f 563/563/563 565/565/565 564/564/564
f 564/564/564 566/566/566 563/563/563
f 567/567/567 569/569/569 568/568/568
f 568/568/568 570/570/570 567/567/567
f 571/571/571 573/573/573 572/572/572
f 572/572/572 574/574/574 571/571/571
f 575/575/575 577/577/577 576/576/576
f 578/578/578 572/572/572 573/573/573
f 570/570/570 568/568/568 579/579/579
f 579/579/579 580/580/580 570/570/570
f 574/574/574 572/572/572 581/581/581
f 581/581/581 582/582/582 574/574/574
f 575/575/575 576/576/576 583/583/583
f 583/583/583 584/584/584 575/575/575
f 572/572/572 578/578/578 585/585/585
f 585/585/585 581/581/581 572/572/572
f 578/578/578 575/575/575 584/584/584
f 584/584/584 585/585/585 578/578/578
f 580/580/580 579/579/579 586/586/586
f 586/586/586 587/587/587 580/580/580
f 582/582/582 581/581/581 588/588/588
f 588/588/588 589/589/589 582/582/582
f 584/584/584 583/583/583 590/590/590
f 590/590/590 591/591/591 584/584/584
f 585/585/585 588/588/588 581/581/581
f 585/585/585 584/584/584 591/591/591
f 587/587/587 586/586/586 592/592/592
f 592/592/592 593/593/593 587/587/587
f 589/589/589 588/588/588 564/564/564
f 564/564/564 565/565/565 589/589/589
f 591/591/591 590/590/590 563/563/563
f 563/563/563 566/566/566 591/591/591
f 594/594/594 596/596/596 595/595/595
f 595/595/595 597/597/597 594/594/594
f 596/596/596 599/599/599 598/598/598
f 598/598/598 595/595/595 596/596/596
f 588/588/588 585/585/585 600/600/600
f 600/600/600 601/601/601 588/588/588
f 585/585/585 591/591/591 602/602/602
f 602/602/602 600/600/600 585/585/585
f 564/564/564 588/588/588 601/601/601
f 566/566/566 602/602/602 591/591/591
f 564/564/564 601/601/601 594/594/594
f 594/594/594 597/597/597 564/564/564
f 600/600/600 602/602/602 599/599/599
f 599/599/599 596/596/596 600/600/600
f 602/602/602 566/566/566 598/598/598
f 598/598/598 599/599/599 602/602/602
f 600/600/600 596/596/596 594/594/594
f 600/600/600 594/594/594 601/601/601
f 597/597/597 595/595/595 598/598/598
f 597/597/597 598/598/598 566/566/566
f 597/597/597 566/566/566 564/564/564
f 603/603/603 605/605/605 604/604/604
f 603/603/603 606/606/606 605/605/605
f 607/607/607 609/609/609 608/608/608
f 607/607/607 610/610/610 609/609/609
f 611/611/611 613/613/613 612/612/612
f 611/611/611 614/614/614 613/613/613
f 614/614/614 615/615/615 613/613/613
f 614/614/614 616/616/616 615/615/615
f 617/617/617 604/604/604 618/618/618
f 617/617/617 603/603/603 604/604/604
f 619/619/619 621/621/621 620/620/620
f 619/619/619 620/620/620 622/622/622
f 619/619/619 622/622/622 623/623/623
f 619/619/619 623/623/623 624/624/624
f 619/619/619 624/624/624 625/625/625
f 619/619/619 625/625/625 621/621/621
f 616/616/616 617/617/617 626/626/626
f 615/615/615 616/616/616 626/626/626
f 617/617/617 618/618/618 626/626/626
f 618/618/618 615/615/615 627/627/627
f 626/626/626 627/627/627 615/615/615
f 626/626/626 618/618/618 627/627/627

g head_12
# texture: head_12.jpg
v 7.488005 178.159 -0.893398
v 6.095307 182.7768 -3.934099
v 6.253705 181.9764 1.773902
v 6.486102 177.6789 7.443003
v 5.725702 174.7975 9.250304
v 8.868004 175.8821 2.277003
v 7.217202 172.9913 11.6088
v 6.042103 165.1374 6.325103
v 6.233106 166.015 -1.344799
v 6.131507 178.4638 -6.2033
v 0.078406 186.5179 -4.807101
v 0.322005 184.8683 3.608101
v -0.3283 178.0362 11.0152
v -0.8096 173.626 13.6311
v -0.633501 172.3323 19.6278
v -0.607498 160.6608 10.5748
v -1.136093 166.5256 -5.704202
v -0.677192 177.8499 -9.615002
v -1.646593 181.7872 -13.1165
v -1.730293 193.0373 -6.760302
v -1.435598 190.8917 3.2872
v -1.119201 184.4258 10.4739
v 8.002404 159.1919 5.758204
v 7.909007 161.8803 -2.593099
v -0.416398 152.9006 11.5768
v -1.104892 160.7357 -9.452903
v -10.0018 177.7841 -0.459903
v -8.801697 181.6537 2.146998
v -8.960094 182.4541 -3.561004
v -8.569297 177.3561 7.816101
v -7.597698 174.5119 9.580499
v -11.1246 175.4536 2.772498
v -7.644597 164.844 6.664299
v -8.8921 172.646 12.008
v -8.252096 165.7046 -0.985802
v -8.923897 178.141 -5.830205
v -2.915796 184.7989 3.6884
v -3.159397 186.4485 -4.726903
v -1.608101 178.0088 11.0469
v -2.272195 177.8157 -9.575403
v -9.374297 158.8194 6.188798
v -9.809196 161.5005 -2.154003
vn 0.981039 0.193008 -0.0176
vn 0.770688 0.61049 -0.182597
vn 0.716719 0.620016 0.319209
vn 0.742654 0.371077 0.557466
vn 0.545494 0.697292 0.464995
vn 0.994835 0.073503 -0.070002
vn 0.802509 0.285303 0.524006
vn 0.936167 -0.120696 0.330189
vn 0.901154 0.044798 -0.431178
vn 0.720276 0.132696 -0.680877
vn 0.814167 0.430982 -0.389084
vn 0.780497 0.580598 0.231799
vn 0.53121 0.467909 0.706313
vn 0.0042 0.665915 0.746016
vn 0.0014 0.727844 0.685741
vn 0.031099 -0.380691 0.924179
vn -0.0273 0.128 -0.991398
vn 0.700696 -0.0797 -0.708995
vn -0.0238 -0.044701 -0.998717
vn -0.026701 0.970626 -0.239107
vn -0.001 0.775701 0.6311
vn 0.0187 0.245998 0.96909
vn 0.886307 0.275002 0.372603
vn 0.714317 0.467111 -0.521112
vn 0.0222 0.110503 0.993628
vn -0.032401 0.543119 -0.83903
vn -0.988076 0.150796 0.031099
vn -0.725928 0.589123 0.354913
vn -0.804224 0.576717 -0.143605
vn -0.729399 0.3395 0.593899
vn -0.551203 0.673803 0.492102
vn -0.999316 0.0307 -0.020601
vn -0.912658 -0.160292 0.375982
vn -0.787106 0.251302 0.563304
vn -0.922484 0.0057 -0.385994
vn -0.758085 0.100998 -0.644288
vn -0.792195 0.546897 0.270798
vn -0.850114 0.395307 -0.347906
vn -0.515181 0.445383 0.732272
vn -0.730906 -0.110301 -0.673506
vn -0.877732 0.237209 0.416315
vn -0.758611 0.435506 -0.484607
vt 0.6201 0.618
vt 0.7138 0.7612
vt 0.5451 0.7549
vt 0.4288 0.6759
vt 0.3617 0.5909
vt 0.5231 0.574
vt 0.2913 0.5283
vt 0.4682 0.2406
vt 0.5901 0.2633
vt 0.8093 0.6256
vt 0.7509 0.857
vt 0.4898 0.8294
vt 0.3479 0.7422
vt 0.235 0.5546
vt 0.0992 0.5123
vt 0.373 0.2088
vt 0.6697 0.2344
vt 0.8975 0.6461
vt 0.9699 0.7168
vt 0.7632 0.98
vt 0.4918 0.9633
vt 0.3696 0.8337
vt 0.5149 0.1347
vt 0.6589 0.1575
vt 0.2575 0.0005
vt 0.8014 0.0948
vt 0.6201 0.618
vt 0.5451 0.7549
vt 0.7138 0.7612
vt 0.4288 0.6759
vt 0.3617 0.5909
vt 0.5231 0.574
vt 0.4682 0.2406
vt 0.2913 0.5283
vt 0.5901 0.2633
vt 0.8093 0.6256
vt 0.4898 0.8294
vt 0.7509 0.857
vt 0.3479 0.7422
vt 0.8975 0.6461
vt 0.5149 0.1347
vt 0.6589 0.1575
f 628/628/628 630/630/630 629/629/629
f 628/628/628 631/631/631 630/630/630
f 628/628/628 632/632/632 631/631/631
f 633/633/633 635/635/635 634/634/634
f 628/628/628 636/636/636 635/635/635
f 628/628/628 637/637/637 636/636/636
f 628/628/628 629/629/629 637/637/637
f 629/629/629 639/639/639 638/638/638
f 629/629/629 630/630/630 639/639/639
f 630/630/630 640/640/640 639/639/639
f 630/630/630 631/631/631 640/640/640
f 631/631/631 641/641/641 640/640/640
f 631/631/631 632/632/632 641/641/641
f 634/634/634 643/643/643 642/642/642
f 634/634/634 635/635/635 643/643/643
f 636/636/636 645/645/645 644/644/644
f 636/636/636 637/637/637 645/645/645
f 637/637/637 638/638/638 645/645/645
f 637/637/637 629/629/629 638/638/638
f 628/628/628 634/634/634 632/632/632
f 634/634/634 628/628/628 633/633/633
f 635/635/635 633/633/633 628/628/628
f 632/632/632 642/642/642 641/641/641
f 642/642/642 632/632/632 634/634/634
f 646/646/646 644/644/644 645/645/645
f 647/647/647 639/639/639 648/648/648
f 647/647/647 638/638/638 639/639/639
f 646/646/646 638/638/638 647/647/647
f 646/646/646 645/645/645 638/638/638
f 648/648/648 640/640/640 649/649/649
f 648/648/648 639/639/639 640/640/640
f 636/636/636 650/650/650 635/635/635
f 650/650/650 636/636/636 651/651/651
f 635/635/635 652/652/652 643/643/643
f 652/652/652 635/635/635 650/650/650
f 644/644/644 651/651/651 636/636/636
f 651/651/651 644/644/644 653/653/653
f 654/654/654 656/656/656 655/655/655
f 654/654/654 655/655/655 657/657/657
f 654/654/654 657/657/657 658/658/658
f 659/659/659 661/661/661 660/660/660
f 654/654/654 660/660/660 662/662/662
f 654/654/654 662/662/662 663/663/663
f 654/654/654 663/663/663 656/656/656
f 656/656/656 665/665/665 664/664/664
f 656/656/656 664/664/664 655/655/655
f 655/655/655 664/664/664 666/666/666
f 655/655/655 666/666/666 657/657/657
f 657/657/657 666/666/666 641/641/641
f 657/657/657 641/641/641 658/658/658
f 661/661/661 642/642/642 643/643/643
f 661/661/661 643/643/643 660/660/660
f 662/662/662 644/644/644 667/667/667
f 662/662/662 667/667/667 663/663/663
f 663/663/663 667/667/667 665/665/665
f 663/663/663 665/665/665 656/656/656
f 654/654/654 658/658/658 661/661/661
f 661/661/661 659/659/659 654/654/654
f 660/660/660 654/654/654 659/659/659
f 658/658/658 641/641/641 642/642/642
f 642/642/642 661/661/661 658/658/658
f 646/646/646 667/667/667 644/644/644
f 647/647/647 648/648/648 664/664/664
f 647/647/647 664/664/664 665/665/665
f 646/646/646 647/647/647 665/665/665
f 646/646/646 665/665/665 667/667/667
f 648/648/648 649/649/649 666/666/666
f 648/648/648 666/666/666 664/664/664
f 662/662/662 660/660/660 668/668/668
f 668/668/668 669/669/669 662/662/662
f 660/660/660 643/643/643 652/652/652
f 652/652/652 668/668/668 660/660/660
f 644/644/644 662/662/662 669/669/669
f 669/669/669 653/653/653 644/644/644
f 649/649/649 640/640/640 666/666/666
f 640/640/640 641/641/641 666/666/666

g treasure_chest
# texture: treasure_chest.jpg
v -32.6105 36.636 71.48709
v -85.588 36.636 71.4871
v -85.588 36.636 -16.4705
v -32.6105 36.636 -16.4705
v -35.4485 46.6124 71.4871
v -35.44851 46.6124 -16.4705
v -41.44011 58.0244 -16.4705
v -41.4401 58.0244 71.48709
v -50.2696 62.4753 -16.4705
v -50.2696 62.4753 71.4871
v -59.09921 64.4543 -16.4705
v -59.0992 64.4543 71.4871
v -67.9288 62.4753 -16.4705
v -67.9288 62.4753 71.48709
v -76.75841 58.0244 -16.4705
v -76.75839 58.0244 71.4871
v -82.74991 46.6124 -16.4705
v -82.74989 46.6124 71.4871
v -32.6105 36.636 71.48709
v -32.6105 36.636 -16.4705
v -32.6105 36.636 -16.4705
v -85.588 36.636 -16.4705
v -41.44011 58.0244 -16.4705
v -35.44851 46.6124 -16.4705
v -50.2696 62.4753 -16.4705
v -59.09921 64.4543 -16.4705
v -67.9288 62.4753 -16.4705
v -76.75841 58.0244 -16.4705
v -82.74991 46.6124 -16.4705
v -85.588 36.636 -16.4705
v -85.588 36.636 71.4871
v -76.75839 58.0244 71.4871
v -82.74989 46.6124 71.4871
v -85.588 36.636 71.4871
v -67.9288 62.4753 71.48709
v -59.0992 64.4543 71.4871
v -50.2696 62.4753 71.4871
v -41.4401 58.0244 71.48709
v -32.6105 36.636 71.48709
v -35.4485 46.6124 71.4871
v -36.4233 6.2855 68.14869
v -36.4233 6.2855 -13.1321
v -81.7752 6.2855 -13.1321
v -81.77519 6.2855 68.1487
v -32.6105 0.486099 71.48709
v -32.6105 0.486099 -16.4705
v -32.6105 35.7636 -16.4705
v -32.6105 35.7636 71.48709
v -32.6105 35.7636 71.48709
v -32.6105 35.7636 -16.4705
v -36.4232 35.7608 -13.1321
v -36.42319 35.7608 68.14869
v -32.6105 0.486099 -16.4705
v -85.588 0.486099 -16.4705
v -85.588 35.7636 -16.4705
v -32.6105 35.7636 -16.4705
v -32.6105 35.7636 -16.4705
v -85.588 35.7636 -16.4705
v -81.7752 35.7608 -13.1321
v -36.4232 35.7608 -13.1321
v -85.588 0.486099 -16.4705
v -85.588 0.486099 71.4871
v -85.588 35.7636 71.4871
v -85.588 35.7636 -16.4705
v -85.588 35.7636 -16.4705
v -85.588 35.7636 71.4871
v -81.77519 35.7608 68.1487
v -81.7752 35.7608 -13.1321
v -85.588 0.486099 71.4871
v -32.6105 0.486099 71.48709
v -32.6105 35.7636 71.48709
v -85.588 35.7636 71.4871
v -85.588 35.7636 71.4871
v -32.6105 35.7636 71.48709
v -36.42319 35.7608 68.14869
v -81.77519 35.7608 68.1487
v -36.42319 35.7608 68.14869
v -36.4232 35.7608 -13.1321
v -36.4233 6.2855 -13.1321
v -36.4233 6.2855 68.14869
v -36.4232 35.7608 -13.1321
v -81.7752 35.7608 -13.1321
v -81.7752 6.2855 -13.1321
v -36.4233 6.2855 -13.1321
v -81.7752 35.7608 -13.1321
v -81.77519 35.7608 68.1487
v -81.77519 6.2855 68.1487
v -81.7752 6.2855 -13.1321
v -81.77519 35.7608 68.1487
v -36.42319 35.7608 68.14869
v -36.4233 6.2855 68.14869
v -81.77519 6.2855 68.1487
v -28.3055 24.1297 32.2955
v -28.3055 24.1297 23.5984
v -28.3055 37.0497 23.5984
v -28.3055 37.0497 32.2955
v -35.07401 24.1297 23.5984
v -35.07401 37.0497 23.5984
v -28.3055 37.0497 23.5984
v -28.3055 24.1297 23.5984
v -35.07401 37.0497 23.5984
v -35.074 37.0497 32.2955
v -28.3055 37.0497 32.2955
v -28.3055 37.0497 23.5984
v -35.074 37.0497 32.2955
v -35.074 24.1297 32.2955
v -28.3055 24.1297 32.2955
v -28.3055 37.0497 32.2955
v -166.804 140.9731 25.6341
v -140.7176 100.3899 47.52311
v -84.1796 100.3899 -19.8564
v -110.2659 140.9731 -41.7454
v -171.2609 132.3862 21.8943
v -114.7228 132.3862 -45.4852
v -118.4694 120.461 -48.629
v -175.0075 120.461 18.7505
v -116.7336 110.8361 -47.1724
v -173.2717 110.8361 20.207
v -113.5472 102.8002 -44.49871
v -170.0853 102.8002 22.8807
v -108.0382 97.3084 -39.8761
v -164.5762 97.3084 27.5034
v -101.0785 93.4056 -34.0363
v -157.6166 93.4056 33.3432
v -91.4315 96.1513 -25.9414
v -147.9695 96.1513 41.438
v -166.804 140.9731 25.6341
v -110.2659 140.9731 -41.7454
v -110.2659 140.9731 -41.7454
v -84.1796 100.3899 -19.8564
v -118.4694 120.461 -48.629
v -114.7228 132.3862 -45.4852
v -116.7336 110.8361 -47.1724
v -113.5472 102.8002 -44.49871
v -108.0382 97.3084 -39.8761
v -101.0785 93.4056 -34.0363
v -91.4315 96.1513 -25.9414
v -84.1796 100.3899 -19.8564
v -140.7176 100.3899 47.52311
v -157.6166 93.4056 33.3432
v -147.9695 96.1513 41.438
v -140.7176 100.3899 47.52311
v -164.5762 97.3084 27.5034
v -170.0853 102.8002 22.8807
v -173.2717 110.8361 20.207
v -175.0075 120.461 18.7505
v -166.804 140.9731 25.6341
v -171.2609 132.3862 21.8943
v -104.9038 69.6858 73.21651
v -52.6575 69.6858 10.9518
v -87.3991 69.6858 -18.1999
v -139.6454 69.6858 44.0648
v -104.1289 63.8864 78.2247
v -47.5908 63.8864 10.8452
v -47.5908 99.1639 10.8452
v -104.1289 99.1639 78.2247
v -104.1289 99.1639 78.2247
v -47.5908 99.1639 10.8452
v -52.6575 99.1611 10.9518
v -104.9038 99.1611 73.21651
v -47.5908 63.8864 10.8452
v -88.174 63.8864 -23.2081
v -88.174 99.1639 -23.2081
v -47.5908 99.1639 10.8452
v -47.5908 99.1639 10.8452
v -88.174 99.1639 -23.2081
v -87.3991 99.1611 -18.1999
v -52.6575 99.1611 10.9518
v -88.174 63.8864 -23.2081
v -144.7121 63.8864 44.1714
v -144.7121 99.1639 44.1714
v -88.174 99.1639 -23.2081
v -88.174 99.1639 -23.2081
v -144.7121 99.1639 44.1714
v -139.6454 99.1611 44.0648
v -87.3991 99.1611 -18.1999
v -144.7121 63.8864 44.1714
v -104.1289 63.8864 78.2247
v -104.1289 99.1639 78.2247
v -144.7121 99.1639 44.1714
v -144.7121 99.1639 44.1714
v -104.1289 99.1639 78.2247
v -104.9038 99.1611 73.21651
v -139.6454 99.1611 44.0648
v -104.9038 99.1611 73.21651
v -52.6575 99.1611 10.9518
v -52.6575 69.6858 10.9518
v -104.9038 69.6858 73.21651
v -52.6575 99.1611 10.9518
v -87.3991 99.1611 -18.1999
v -87.3991 69.6858 -18.1999
v -52.6575 69.6858 10.9518
v -87.3991 99.1611 -18.1999
v -139.6454 99.1611 44.0648
v -139.6454 69.6858 44.0648
v -87.3991 69.6858 -18.1999
v -139.6454 99.1611 44.0648
v -104.9038 99.1611 73.21651
v -104.9038 69.6858 73.21651
v -139.6454 69.6858 44.0648
v -75.6392 87.53 50.9694
v -70.0488 87.53 44.307
v -70.0488 100.45 44.307
v -75.6392 100.45 50.9694
v -75.2338 87.53 39.9563
v -75.2338 100.45 39.9563
v -70.0488 100.45 44.307
v -70.0488 87.53 44.307
v -75.2338 100.45 39.9563
v -80.8242 100.45 46.6186
v -75.6392 100.45 50.9694
v -70.0488 100.45 44.307
v -80.8242 100.45 46.6186
v -80.8242 87.53 46.6186
v -75.6392 87.53 50.9694
v -75.6392 100.45 50.9694
v -165.9553 36.636 72.4377
v -192.4441 36.636 26.5578
v -116.2705 36.636 -17.4211
v -89.7818 36.636 28.4588
v -167.3743 46.6124 69.9798
v -91.2008 46.6124 26.001
v -94.1966 58.0244 20.8122
v -170.3701 58.0244 64.791
v -98.6114 62.4753 13.1655
v -174.7849 62.4753 57.1444
v -103.0261 64.4543 5.5189
v -179.1997 64.4543 49.4977
v -107.4409 62.4753 -2.1278
v -183.6145 62.4753 41.8511
v -111.8557 58.0244 -9.774399
v -188.0293 58.0244 34.2044
v -114.8515 46.6124 -14.9632
v -191.025 46.6124 29.0156
v -165.9553 36.636 72.4377
v -89.7818 36.636 28.4588
v -89.7818 36.636 28.4588
v -116.2705 36.636 -17.4211
v -94.1966 58.0244 20.8122
v -91.2008 46.6124 26.001
v -98.6114 62.4753 13.1655
v -103.0261 64.4543 5.5189
v -107.4409 62.4753 -2.1278
v -111.8557 58.0244 -9.774399
v -114.8515 46.6124 -14.9632
v -116.2705 36.636 -17.4211
v -192.4441 36.636 26.5578
v -188.0293 58.0244 34.2044
v -191.025 46.6124 29.0156
v -192.4441 36.636 26.5578
v -183.6145 62.4753 41.8511
v -179.1997 64.4543 49.4977
v -174.7849 62.4753 57.1444
v -170.3701 58.0244 64.791
v -165.9553 36.636 72.4377
v -167.3743 46.6124 69.9798
v -164.9706 6.2855 67.4665
v -94.5793 6.2855 26.8261
v -117.2553 6.2855 -12.4499
v -187.6466 6.2855 28.1905
v -165.9553 0.486099 72.4377
v -89.7818 0.486099 28.4588
v -89.7818 35.7636 28.4588
v -165.9553 35.7636 72.4377
v -165.9553 35.7636 72.4377
v -89.7818 35.7636 28.4588
v -94.5793 35.7608 26.8261
v -164.9706 35.7608 67.4665
v -89.7818 0.486099 28.4588
v -116.2705 0.486099 -17.4211
v -116.2705 35.7636 -17.4211
v -89.7818 35.7636 28.4588
v -89.7818 35.7636 28.4588
v -116.2705 35.7636 -17.4211
v -117.2553 35.7608 -12.4499
v -94.5793 35.7608 26.8261
v -116.2705 0.486099 -17.4211
v -192.4441 0.486099 26.5577
v -192.4441 35.7636 26.5578
v -116.2705 35.7636 -17.4211
v -116.2705 35.7636 -17.4211
v -192.4441 35.7636 26.5578
v -187.6466 35.7608 28.1905
v -117.2553 35.7608 -12.4499
v -192.4441 0.486099 26.5577
v -165.9553 0.486099 72.4377
v -165.9553 35.7636 72.4377
v -192.4441 35.7636 26.5578
v -192.4441 35.7636 26.5578
v -165.9553 35.7636 72.4377
v -164.9706 35.7608 67.4665
v -187.6466 35.7608 28.1905
v -164.9706 35.7608 67.4665
v -94.5793 35.7608 26.8261
v -94.5793 6.2855 26.8261
v -164.9706 6.2855 67.4665
v -94.5793 35.7608 26.8261
v -117.2553 35.7608 -12.4499
v -117.2553 6.2855 -12.4499
v -94.5793 6.2855 26.8261
v -117.2553 35.7608 -12.4499
v -187.6466 35.7608 28.1905
v -187.6466 6.2855 28.1905
v -117.2553 6.2855 -12.4499
v -187.6466 35.7608 28.1905
v -164.9706 35.7608 67.4665
v -164.9706 6.2855 67.4665
v -187.6466 6.2855 28.1905
v -129.8619 24.1297 56.5701
v -122.33 24.1297 52.2216
v -122.33 37.0497 52.2216
v -129.8619 37.0497 56.5701
v -125.7142 24.1297 46.35979
v -125.7142 37.0497 46.35979
v -122.33 37.0497 52.2216
v -122.33 24.1297 52.2216
v -125.7142 37.0497 46.35979
v -133.2461 37.0497 50.7084
v -129.8619 37.0497 56.5701
v -122.33 37.0497 52.2216
v -133.2461 37.0497 50.7084
v -133.2461 24.1297 50.7084
v -129.8619 24.1297 56.5701
v -129.8619 37.0497 56.5701
vn 0 -1 -0
vn 0 -1 -0
vn 0 -1 -0
vn 0 -1 -0
vn 0.935621 0.353008 -0
vn 0.955469 0.295091 -0
vn 0.811443 0.584431 -0
vn 0.670819 0.741621 -0
vn 0.426818 0.904338 -0
vn 0.341317 0.939948 -0
vn 0.0871 0.9962 -0
vn -0.0871 0.9962 0
vn -0.341317 0.939948 -0
vn -0.426818 0.904338 0
vn -0.670819 0.741621 0
vn -0.811443 0.584431 0
vn -0.935621 0.353008 0
vn -0.955469 0.295091 0
vn 0.971681 0.236295 -0
vn 0.971681 0.236295 -0
vn -0 0 -1
vn -0 0 -1
vn -0 0 -1
vn -0 0 -1
vn -0 0 -1
vn -0 0 -1
vn -0 0 -1
vn -0 0 -1
vn -0 0 -1
vn -0.971681 0.236295 0
vn -0.971681 0.236295 0
vn 0 0 1
vn 0 0 1
vn 0 0 1
vn 0 0 1
vn 0 0 1
vn 0 0 1
vn 0 0 1
vn 0 0 1
vn 0 0 1
vn 0 1 -0
vn 0 1 -0
vn 0 1 -0
vn 0 1 -0
vn 1 0 -0
vn 1 0 -0
vn 0.894347 0.447374 -0
vn 0.446614 0.894727 -0
vn 0.446614 0.894727 -0
vn 0.894347 0.447374 -0
vn -0.0009 1 0
vn -0.0009 1 0
vn -0 0 -1
vn -0 0 -1
vn -0 0.447374 -0.894347
vn -0 0.894727 -0.446614
vn -0 0.894727 -0.446614
vn -0 0.447374 -0.894347
vn 0 1 0.0008
vn 0 1 0.0008
vn -1 0 0
vn -1 0 0
vn -0.894347 0.447374 0
vn -0.446614 0.894727 0
vn -0.446614 0.894727 0
vn -0.894347 0.447374 0
vn 0.0009 1 -0
vn 0.0009 1 -0
vn 0 0 1
vn 0 0 1
vn 0 0.447374 0.894347
vn 0 0.894727 0.446614
vn 0 0.894727 0.446614
vn 0 0.447374 0.894347
vn 0 1 -0.0008
vn 0 1 -0.0008
vn -1 0 0
vn -1 0 0
vn -1 0 0
vn -1 0 0
vn 0 0 1
vn 0 0 1
vn 0 0 1
vn 0 0 1
vn 1 0 -0
vn 1 0 -0
vn 1 0 -0
vn 1 0 -0
vn -0 0 -1
vn -0 0 -1
vn -0 0 -1
vn -0 0 -1
vn 1 0 -0
vn 1 0 -0
vn 1 0 -0
vn 1 0 -0
vn -0 0 -1
vn -0 0 -1
vn -0 0 -1
vn -0 0 -1
vn 0 1 -0
vn 0 1 -0
vn 0 1 -0
vn 0 1 -0
vn 0 0 1
vn 0 0 1
vn 0 0 1
vn 0 0 1
vn 0.622513 0.582812 0.522311
vn 0.622513 0.582812 0.522311
vn 0.622513 0.582812 0.522311
vn 0.622513 0.582812 0.522311
vn -0.705702 0.389101 -0.592102
vn -0.685592 0.446095 -0.575293
vn -0.756213 0.159803 -0.634511
vn -0.765894 -0.0219 -0.642595
vn -0.738085 -0.267795 -0.619287
vn -0.721183 -0.337292 -0.605086
vn -0.650121 -0.528917 -0.545518
vn -0.585476 -0.644874 -0.49128
vn -0.458505 -0.801109 -0.384704
vn -0.402589 -0.850776 -0.337791
vn -0.176102 -0.973213 -0.147802
vn 0.0122 -0.999873 0.0103
vn 0.24621 -0.946939 0.206609
vn 0.301893 -0.919077 0.253294
vn -0.662935 0.501126 -0.556229
vn -0.662935 0.501126 -0.556229
vn 0.642817 0 -0.76602
vn 0.642817 0 -0.76602
vn 0.642817 0 -0.76602
vn 0.642817 0 -0.76602
vn 0.642817 0 -0.76602
vn 0.642817 0 -0.76602
vn 0.642817 0 -0.76602
vn 0.642817 0 -0.76602
vn 0.642817 0 -0.76602
vn 0.355499 -0.885798 0.298299
vn 0.355499 -0.885798 0.298299
vn -0.642817 0 0.76602
vn -0.642817 0 0.76602
vn -0.642817 0 0.76602
vn -0.642817 0 0.76602
vn -0.642817 0 0.76602
vn -0.642817 0 0.76602
vn -0.642817 0 0.76602
vn -0.642817 0 0.76602
vn -0.642817 0 0.76602
vn 0 1 -0
vn 0 1 -0
vn 0 1 -0
vn 0 1 -0
vn 0.76602 0 0.642817
vn 0.76602 0 0.642817
vn 0.685087 0.447391 0.574889
vn 0.342109 0.894724 0.287108
vn 0.342109 0.894724 0.287108
vn 0.685087 0.447391 0.574889
vn -0.0007 1 -0.0006
vn -0.0007 1 -0.0006
vn 0.642817 0 -0.76602
vn 0.642817 0 -0.76602
vn 0.574889 0.447391 -0.685087
vn 0.287108 0.894724 -0.342109
vn 0.287108 0.894724 -0.342109
vn 0.574889 0.447391 -0.685087
vn -0.0005 1 0.0006
vn -0.0005 1 0.0006
vn -0.76602 0 -0.642817
vn -0.76602 0 -0.642817
vn -0.685087 0.447391 -0.574889
vn -0.342109 0.894724 -0.287108
vn -0.342109 0.894724 -0.287108
vn -0.685087 0.447391 -0.574889
vn 0.0007 1 0.0006
vn 0.0007 1 0.0006
vn -0.642817 0 0.76602
vn -0.642817 0 0.76602
vn -0.574889 0.447391 0.685087
vn -0.287108 0.894724 0.342109
vn -0.287108 0.894724 0.342109
vn -0.574889 0.447391 0.685087
vn 0.0005 1 -0.0006
vn 0.0005 1 -0.0006
vn -0.76602 0 -0.642817
vn -0.76602 0 -0.642817
vn -0.76602 0 -0.642817
vn -0.76602 0 -0.642817
vn -0.642817 0 0.76602
vn -0.642817 0 0.76602
vn -0.642817 0 0.76602
vn -0.642817 0 0.76602
vn 0.76602 0 0.642817
vn 0.76602 0 0.642817
vn 0.76602 0 0.642817
vn 0.76602 0 0.642817
vn 0.642817 0 -0.76602
vn 0.642817 0 -0.76602
vn 0.642817 0 -0.76602
vn 0.642817 0 -0.76602
vn 0.76602 0 0.642817
vn 0.76602 0 0.642817
vn 0.76602 0 0.642817
vn 0.76602 0 0.642817
vn 0.642817 0 -0.76602
vn 0.642817 0 -0.76602
vn 0.642817 0 -0.76602
vn 0.642817 0 -0.76602
vn 0 1 -0
vn 0 1 -0
vn 0 1 -0
vn 0 1 -0
vn -0.642817 0 0.76602
vn -0.642817 0 0.76602
vn -0.642817 0 0.76602
vn -0.642817 0 0.76602
vn 0 -1 -0
vn 0 -1 -0
vn 0 -1 -0
vn 0 -1 -0
vn 0.467793 0.352994 0.810287
vn 0.477691 0.295095 0.827485
vn 0.40572 0.584428 0.702734
vn 0.335415 0.741634 0.580927
vn 0.213403 0.904311 0.369705
vn 0.170706 0.939933 0.29561
vn 0.0435 0.996204 0.0754
vn -0.0435 0.996204 -0.0754
vn -0.170706 0.939933 -0.29561
vn -0.213403 0.904311 -0.369705
vn -0.335415 0.741634 -0.580927
vn -0.40572 0.584428 -0.702734
vn -0.467793 0.352994 -0.810287
vn -0.477691 0.295095 -0.827485
vn 0.485809 0.236305 0.841516
vn 0.485809 0.236305 0.841516
vn 0.866019 0 -0.500011
vn 0.866019 0 -0.500011
vn 0.866019 0 -0.500011
vn 0.866019 0 -0.500011
vn 0.866019 0 -0.500011
vn 0.866019 0 -0.500011
vn 0.866019 0 -0.500011
vn 0.866019 0 -0.500011
vn 0.866019 0 -0.500011
vn -0.485809 0.236305 -0.841516
vn -0.485809 0.236305 -0.841516
vn -0.866019 0 0.500011
vn -0.866019 0 0.500011
vn -0.866019 0 0.500011
vn -0.866019 0 0.500011
vn -0.866019 0 0.500011
vn -0.866019 0 0.500011
vn -0.866019 0 0.500011
vn -0.866019 0 0.500011
vn -0.866019 0 0.500011
vn 0 1 -0
vn 0 1 -0
vn 0 1 -0
vn 0 1 -0
vn 0.500011 0 0.866019
vn 0.500011 0 0.866019
vn 0.447199 0.447399 0.774498
vn 0.223304 0.894716 0.386807
vn 0.223304 0.894716 0.386807
vn 0.447199 0.447399 0.774498
vn -0.0004 1 -0.0007
vn -0.0004 1 -0.0007
vn 0.866019 0 -0.500011
vn 0.866019 0 -0.500011
vn 0.774498 0.447399 -0.447199
vn 0.386807 0.894716 -0.223304
vn 0.386807 0.894716 -0.223304
vn 0.774498 0.447399 -0.447199
vn -0.0007 1 0.0004
vn -0.0007 1 0.0004
vn -0.500011 0 -0.866019
vn -0.500011 0 -0.866019
vn -0.447199 0.447399 -0.774498
vn -0.223304 0.894716 -0.386807
vn -0.223304 0.894716 -0.386807
vn -0.447199 0.447399 -0.774498
vn 0.0004 1 0.0007
vn 0.0004 1 0.0007
vn -0.866019 0 0.500011
vn -0.866019 0 0.500011
vn -0.774498 0.447399 0.447199
vn -0.386807 0.894716 0.223304
vn -0.386807 0.894716 0.223304
vn -0.774498 0.447399 0.447199
vn 0.0007 1 -0.0004
vn 0.0007 1 -0.0004
vn -0.500011 0 -0.866019
vn -0.500011 0 -0.866019
vn -0.500011 0 -0.866019
vn -0.500011 0 -0.866019
vn -0.866019 0 0.500011
vn -0.866019 0 0.500011
vn -0.866019 0 0.500011
vn -0.866019 0 0.500011
vn 0.500011 0 0.866019
vn 0.500011 0 0.866019
vn 0.500011 0 0.866019
vn 0.500011 0 0.866019
vn 0.866019 0 -0.500011
vn 0.866019 0 -0.500011
vn 0.866019 0 -0.500011
vn 0.866019 0 -0.500011
vn 0.500011 0 0.866019
vn 0.500011 0 0.866019
vn 0.500011 0 0.866019
vn 0.500011 0 0.866019
vn 0.866019 0 -0.500011
vn 0.866019 0 -0.500011
vn 0.866019 0 -0.500011
vn 0.866019 0 -0.500011
vn 0 1 -0
vn 0 1 -0
vn 0 1 -0
vn 0 1 -0
vn -0.866019 0 0.500011
vn -0.866019 0 0.500011
vn -0.866019 0 0.500011
vn -0.866019 0 0.500011
vt 0.4837 0.8539
vt 0.4837 0.9964
vt 0.9939 0.9964
vt 0.9939 0.8539
vt 0.4802 0.4243
vt 0.9934 0.4243
vt 0.9934 0.4716
vt 0.4802 0.4716
vt 0.9934 0.5414
vt 0.4802 0.5414
vt 0.9934 0.6111
vt 0.4802 0.6111
vt 0.9934 0.6809
vt 0.4802 0.6809
vt 0.9934 0.7506
vt 0.4802 0.7506
vt 0.9934 0.7979
vt 0.4802 0.7979
vt 0.4802 0.3747
vt 0.9934 0.3747
vt 0.0041 0.7236
vt 0.4788 0.7236
vt 0.0833 0.9511
vt 0.0296 0.8297
vt 0.1624 0.9984
vt 0.2415 1.0195
vt 0.3206 0.9984
vt 0.3997 0.9511
vt 0.4534 0.8297
vt 0.9934 0.8476
vt 0.4802 0.8476
vt 0.3997 0.9511
vt 0.4534 0.8297
vt 0.4788 0.7236
vt 0.3206 0.9984
vt 0.2415 1.0195
vt 0.1624 0.9984
vt 0.0833 0.9511
vt 0.0041 0.7236
vt 0.0296 0.8297
vt 0.5118 0.8764
vt 0.9618 0.8764
vt 0.9618 0.9786
vt 0.5118 0.9786
vt 0.4366 0.0054
vt 0.9957 0.0054
vt 0.9957 0.3593
vt 0.4366 0.3593
vt 0.4311 0.0024
vt 0.9952 0.0024
vt 0.9738 0.0278
vt 0.4525 0.0278
vt 0.205 0.0054
vt 0.4358 0.0054
vt 0.4358 0.3569
vt 0.205 0.3569
vt 0.9952 0.0024
vt 0.9952 0.355
vt 0.9738 0.3297
vt 0.9738 0.0278
vt 0.9957 0.0054
vt 0.4366 0.0054
vt 0.4366 0.3593
vt 0.9957 0.3593
vt 0.9952 0.355
vt 0.4311 0.355
vt 0.4525 0.3297
vt 0.9738 0.3297
vt 0.4358 0.0054
vt 0.205 0.0054
vt 0.205 0.3569
vt 0.4358 0.3569
vt 0.4311 0.355
vt 0.4311 0.0024
vt 0.4525 0.0278
vt 0.4525 0.3297
vt 0.5103 0.9779
vt 0.9713 0.9779
vt 0.9713 0.8869
vt 0.5103 0.8869
vt 0.0035 0.5601
vt 0.1913 0.5601
vt 0.1913 0.3723
vt 0.0035 0.3723
vt 0.4665 0.5601
vt 0.1585 0.5601
vt 0.1585 0.3723
vt 0.4665 0.3723
vt 0.1913 0.5601
vt 0.0035 0.5601
vt 0.0035 0.3723
vt 0.1913 0.3723
vt 0.036 0.0753
vt 0.1626 0.0753
vt 0.1626 0.3143
vt 0.036 0.3143
vt 0.1943 0.076
vt 0.1943 0.3161
vt 0.1626 0.3143
vt 0.1626 0.0753
vt 0.1624 0.357
vt 0.0368 0.357
vt 0.036 0.3143
vt 0.1626 0.3143
vt 0.0043 0.3161
vt 0.0043 0.076
vt 0.036 0.0753
vt 0.036 0.3143
vt 0.4837 0.8539
vt 0.4837 0.9964
vt 0.9939 0.9964
vt 0.9939 0.8539
vt 0.4802 0.4243
vt 0.9934 0.4243
vt 0.9934 0.4716
vt 0.4802 0.4716
vt 0.9934 0.5414
vt 0.4802 0.5414
vt 0.9934 0.6111
vt 0.4802 0.6111
vt 0.9934 0.6809
vt 0.4802 0.6809
vt 0.9934 0.7506
vt 0.4802 0.7506
vt 0.9934 0.7979
vt 0.4802 0.7979
vt 0.4802 0.3747
vt 0.9934 0.3747
vt 0.0041 0.7236
vt 0.4788 0.7236
vt 0.0833 0.9511
vt 0.0296 0.8297
vt 0.1624 0.9984
vt 0.2415 1.0195
vt 0.3206 0.9984
vt 0.3997 0.9511
vt 0.4534 0.8297
vt 0.9934 0.8476
vt 0.4802 0.8476
vt 0.3997 0.9511
vt 0.4534 0.8297
vt 0.4788 0.7236
vt 0.3206 0.9984
vt 0.2415 1.0195
vt 0.1624 0.9984
vt 0.0833 0.9511
vt 0.0041 0.7236
vt 0.0296 0.8297
vt 0.5118 0.8764
vt 0.9618 0.8764
vt 0.9618 0.9786
vt 0.5118 0.9786
vt 0.4366 0.0054
vt 0.9957 0.0054
vt 0.9957 0.3593
vt 0.4366 0.3593
vt 0.4311 0.0024
vt 0.9952 0.0024
vt 0.9738 0.0278
vt 0.4525 0.0278
vt 0.205 0.0054
vt 0.4358 0.0054
vt 0.4358 0.3569
vt 0.205 0.3569
vt 0.9952 0.0024
vt 0.9952 0.355
vt 0.9738 0.3297
vt 0.9738 0.0278
vt 0.9957 0.0054
vt 0.4366 0.0054
vt 0.4366 0.3593
vt 0.9957 0.3593
vt 0.9952 0.355
vt 0.4311 0.355
vt 0.4525 0.3297
vt 0.9738 0.3297
vt 0.4358 0.0054
vt 0.205 0.0054
vt 0.205 0.3569
vt 0.4358 0.3569
vt 0.4311 0.355
vt 0.4311 0.0024
vt 0.4525 0.0278
vt 0.4525 0.3297
vt 0.5103 0.9779
vt 0.9713 0.9779
vt 0.9713 0.8869
vt 0.5103 0.8869
vt 0.0035 0.5601
vt 0.1913 0.5601
vt 0.1913 0.3723
vt 0.0035 0.3723
vt 0.4665 0.5601
vt 0.1585 0.5601
vt 0.1585 0.3723
vt 0.4665 0.3723
vt 0.1913 0.5601
vt 0.0035 0.5601
vt 0.0035 0.3723
vt 0.1913 0.3723
vt 0.036 0.0753
vt 0.1626 0.0753
vt 0.1626 0.3143
vt 0.036 0.3143
vt 0.1943 0.076
vt 0.1943 0.3161
vt 0.1626 0.3143
vt 0.1626 0.0753
vt 0.1624 0.357
vt 0.0368 0.357
vt 0.036 0.3143
vt 0.1626 0.3143
vt 0.0043 0.3161
vt 0.0043 0.076
vt 0.036 0.0753
vt 0.036 0.3143
vt 0.4837 0.8539
vt 0.4837 0.9964
vt 0.9939 0.9964
vt 0.9939 0.8539
vt 0.4802 0.4243
vt 0.9934 0.4243
vt 0.9934 0.4716
vt 0.4802 0.4716
vt 0.9934 0.5414
vt 0.4802 0.5414
vt 0.9934 0.6111
vt 0.4802 0.6111
vt 0.9934 0.6809
vt 0.4802 0.6809
vt 0.9934 0.7506
vt 0.4802 0.7506
vt 0.9934 0.7979
vt 0.4802 0.7979
vt 0.4802 0.3747
vt 0.9934 0.3747
vt 0.0041 0.7236
vt 0.4788 0.7236
vt 0.0833 0.9511
vt 0.0296 0.8297
vt 0.1624 0.9984
vt 0.2415 1.0195
vt 0.3206 0.9984
vt 0.3997 0.9511
vt 0.4534 0.8297
vt 0.9934 0.8476
vt 0.4802 0.8476
vt 0.3997 0.9511
vt 0.4534 0.8297
vt 0.4788 0.7236
vt 0.3206 0.9984
vt 0.2415 1.0195
vt 0.1624 0.9984
vt 0.0833 0.9511
vt 0.0041 0.7236
vt 0.0296 0.8297
vt 0.5118 0.8764
vt 0.9618 0.8764
vt 0.9618 0.9786
vt 0.5118 0.9786
vt 0.4366 0.0054
vt 0.9957 0.0054
vt 0.9957 0.3593
vt 0.4366 0.3593
vt 0.4311 0.0024
vt 0.9952 0.0024
vt 0.9738 0.0278
vt 0.4525 0.0278
vt 0.205 0.0054
vt 0.4358 0.0054
vt 0.4358 0.3569
vt 0.205 0.3569
vt 0.9952 0.0024
vt 0.9952 0.355
vt 0.9738 0.3297
vt 0.9738 0.0278
vt 0.9957 0.0054
vt 0.4366 0.0054
vt 0.4366 0.3593
vt 0.9957 0.3593
vt 0.9952 0.355
vt 0.4311 0.355
vt 0.4525 0.3297
vt 0.9738 0.3297
vt 0.4358 0.0054
vt 0.205 0.0054
vt 0.205 0.3569
vt 0.4358 0.3569
vt 0.4311 0.355
vt 0.4311 0.0024
vt 0.4525 0.0278
vt 0.4525 0.3297
vt 0.5103 0.9779
vt 0.9713 0.9779
vt 0.9713 0.8869
vt 0.5103 0.8869
vt 0.0035 0.5601
vt 0.1913 0.5601
vt 0.1913 0.3723
vt 0.0035 0.3723
vt 0.4665 0.5601
vt 0.1585 0.5601
vt 0.1585 0.3723
vt 0.4665 0.3723
vt 0.1913 0.5601
vt 0.0035 0.5601
vt 0.0035 0.3723
vt 0.1913 0.3723
vt 0.036 0.0753
vt 0.1626 0.0753
vt 0.1626 0.3143
vt 0.036 0.3143
vt 0.1943 0.076
vt 0.1943 0.3161
vt 0.1626 0.3143
vt 0.1626 0.0753
vt 0.1624 0.357
vt 0.0368 0.357
vt 0.036 0.3143
vt 0.1626 0.3143
vt 0.0043 0.3161
vt 0.0043 0.076
vt 0.036 0.0753
vt 0.036 0.3143
f 670/670/670 672/672/672 671/671/671
f 672/672/672 670/670/670 673/673/673
f 674/674/674 676/676/676 675/675/675
f 676/676/676 674/674/674 677/677/677
f 677/677/677 678/678/678 676/676/676
f 678/678/678 677/677/677 679/679/679
f 679/679/679 680/680/680 678/678/678
f 680/680/680 679/679/679 681/681/681
f 681/681/681 682/682/682 680/680/680
f 682/682/682 681/681/681 683/683/683
f 683/683/683 684/684/684 682/682/682
f 684/684/684 683/683/683 685/685/685
f 685/685/685 686/686/686 684/684/684
f 686/686/686 685/685/685 687/687/687
f 688/688/688 675/675/675 689/689/689
f 675/675/675 688/688/688 674/674/674
f 690/690/690 692/692/692 691/691/691
f 692/692/692 690/690/690 693/693/693
f 694/694/694 691/691/691 692/692/692
f 695/695/695 691/691/691 694/694/694
f 696/696/696 691/691/691 695/695/695
f 697/697/697 691/691/691 696/696/696
f 698/698/698 691/691/691 697/697/697
f 699/699/699 687/687/687 700/700/700
f 687/687/687 699/699/699 686/686/686
f 701/701/701 703/703/703 702/702/702
f 704/704/704 703/703/703 701/701/701
f 705/705/705 703/703/703 704/704/704
f 706/706/706 703/703/703 705/705/705
f 707/707/707 703/703/703 706/706/706
f 703/703/703 709/709/709 708/708/708
f 709/709/709 703/703/703 707/707/707
f 710/710/710 712/712/712 711/711/711
f 712/712/712 710/710/710 713/713/713
f 714/714/714 716/716/716 715/715/715
f 716/716/716 714/714/714 717/717/717
f 718/718/718 720/720/720 719/719/719
f 720/720/720 718/718/718 721/721/721
f 722/722/722 724/724/724 723/723/723
f 724/724/724 722/722/722 725/725/725
f 726/726/726 728/728/728 727/727/727
f 728/728/728 726/726/726 729/729/729
f 730/730/730 732/732/732 731/731/731
f 732/732/732 730/730/730 733/733/733
f 734/734/734 736/736/736 735/735/735
f 736/736/736 734/734/734 737/737/737
f 738/738/738 740/740/740 739/739/739
f 740/740/740 738/738/738 741/741/741
f 742/742/742 744/744/744 743/743/743
f 744/744/744 742/742/742 745/745/745
f 746/746/746 748/748/748 747/747/747
f 748/748/748 746/746/746 749/749/749
f 750/750/750 752/752/752 751/751/751
f 752/752/752 750/750/750 753/753/753
f 754/754/754 756/756/756 755/755/755
f 756/756/756 754/754/754 757/757/757
f 758/758/758 760/760/760 759/759/759
f 760/760/760 758/758/758 761/761/761
f 762/762/762 764/764/764 763/763/763
f 764/764/764 762/762/762 765/765/765
f 766/766/766 768/768/768 767/767/767
f 768/768/768 766/766/766 769/769/769
f 770/770/770 772/772/772 771/771/771
f 772/772/772 770/770/770 773/773/773
f 774/774/774 776/776/776 775/775/775
f 776/776/776 774/774/774 777/777/777
f 778/778/778 780/780/780 779/779/779
f 780/780/780 778/778/778 781/781/781
f 782/782/782 784/784/784 783/783/783
f 784/784/784 782/782/782 785/785/785
f 785/785/785 786/786/786 784/784/784
f 786/786/786 785/785/785 787/787/787
f 787/787/787 788/788/788 786/786/786
f 788/788/788 787/787/787 789/789/789
f 789/789/789 790/790/790 788/788/788
f 790/790/790 789/789/789 791/791/791
f 791/791/791 792/792/792 790/790/790
f 792/792/792 791/791/791 793/793/793
f 793/793/793 794/794/794 792/792/792
f 794/794/794 793/793/793 795/795/795
f 796/796/796 783/783/783 797/797/797
f 783/783/783 796/796/796 782/782/782
f 798/798/798 800/800/800 799/799/799
f 800/800/800 798/798/798 801/801/801
f 802/802/802 799/799/799 800/800/800
f 803/803/803 799/799/799 802/802/802
f 804/804/804 799/799/799 803/803/803
f 805/805/805 799/799/799 804/804/804
f 806/806/806 799/799/799 805/805/805
f 807/807/807 795/795/795 808/808/808
f 795/795/795 807/807/807 794/794/794
f 809/809/809 811/811/811 810/810/810
f 812/812/812 811/811/811 809/809/809
f 813/813/813 811/811/811 812/812/812
f 814/814/814 811/811/811 813/813/813
f 815/815/815 811/811/811 814/814/814
f 811/811/811 817/817/817 816/816/816
f 817/817/817 811/811/811 815/815/815
f 818/818/818 820/820/820 819/819/819
f 820/820/820 818/818/818 821/821/821
f 822/822/822 824/824/824 823/823/823
f 824/824/824 822/822/822 825/825/825
f 826/826/826 828/828/828 827/827/827
f 828/828/828 826/826/826 829/829/829
f 830/830/830 832/832/832 831/831/831
f 832/832/832 830/830/830 833/833/833
f 834/834/834 836/836/836 835/835/835
f 836/836/836 834/834/834 837/837/837
f 838/838/838 840/840/840 839/839/839
f 840/840/840 838/838/838 841/841/841
f 842/842/842 844/844/844 843/843/843
f 844/844/844 842/842/842 845/845/845
f 846/846/846 848/848/848 847/847/847
f 848/848/848 846/846/846 849/849/849
f 850/850/850 852/852/852 851/851/851
f 852/852/852 850/850/850 853/853/853
f 854/854/854 856/856/856 855/855/855
f 856/856/856 854/854/854 857/857/857
f 858/858/858 860/860/860 859/859/859
f 860/860/860 858/858/858 861/861/861
f 862/862/862 864/864/864 863/863/863
f 864/864/864 862/862/862 865/865/865
f 866/866/866 868/868/868 867/867/867
f 868/868/868 866/866/866 869/869/869
f 870/870/870 872/872/872 871/871/871
f 872/872/872 870/870/870 873/873/873
f 874/874/874 876/876/876 875/875/875
f 876/876/876 874/874/874 877/877/877
f 878/878/878 880/880/880 879/879/879
f 880/880/880 878/878/878 881/881/881
f 882/882/882 884/884/884 883/883/883
f 884/884/884 882/882/882 885/885/885
f 886/886/886 888/888/888 887/887/887
f 888/888/888 886/886/886 889/889/889
f 890/890/890 892/892/892 891/891/891
f 892/892/892 890/890/890 893/893/893
f 893/893/893 894/894/894 892/892/892
f 894/894/894 893/893/893 895/895/895
f 895/895/895 896/896/896 894/894/894
f 896/896/896 895/895/895 897/897/897
f 897/897/897 898/898/898 896/896/896
f 898/898/898 897/897/897 899/899/899
f 899/899/899 900/900/900 898/898/898
f 900/900/900 899/899/899 901/901/901
f 901/901/901 902/902/902 900/900/900
f 902/902/902 901/901/901 903/903/903
f 904/904/904 891/891/891 905/905/905
f 891/891/891 904/904/904 890/890/890
f 906/906/906 908/908/908 907/907/907
f 908/908/908 906/906/906 909/909/909
f 910/910/910 907/907/907 908/908/908
f 911/911/911 907/907/907 910/910/910
f 912/912/912 907/907/907 911/911/911
f 913/913/913 907/907/907 912/912/912
f 914/914/914 907/907/907 913/913/913
f 915/915/915 903/903/903 916/916/916
f 903/903/903 915/915/915 902/902/902
f 917/917/917 919/919/919 918/918/918
f 920/920/920 919/919/919 917/917/917
f 921/921/921 919/919/919 920/920/920
f 922/922/922 919/919/919 921/921/921
f 923/923/923 919/919/919 922/922/922
f 919/919/919 925/925/925 924/924/924
f 925/925/925 919/919/919 923/923/923
f 926/926/926 928/928/928 927/927/927
f 928/928/928 926/926/926 929/929/929
f 930/930/930 932/932/932 931/931/931
f 932/932/932 930/930/930 933/933/933
f 934/934/934 936/936/936 935/935/935
f 936/936/936 934/934/934 937/937/937
f 938/938/938 940/940/940 939/939/939
f 940/940/940 938/938/938 941/941/941
f 942/942/942 944/944/944 943/943/943
f 944/944/944 942/942/942 945/945/945
f 946/946/946 948/948/948 947/947/947
f 948/948/948 946/946/946 949/949/949
f 950/950/950 952/952/952 951/951/951
f 952/952/952 950/950/950 953/953/953
f 954/954/954 956/956/956 955/955/955
f 956/956/956 954/954/954 957/957/957
f 958/958/958 960/960/960 959/959/959
f 960/960/960 958/958/958 961/961/961
f 962/962/962 964/964/964 963/963/963
f 964/964/964 962/962/962 965/965/965
f 966/966/966 968/968/968 967/967/967
f 968/968/968 966/966/966 969/969/969
f 970/970/970 972/972/972 971/971/971
f 972/972/972 970/970/970 973/973/973
f 974/974/974 976/976/976 975/975/975
f 976/976/976 974/974/974 977/977/977
f 978/978/978 980/980/980 979/979/979
f 980/980/980 978/978/978 981/981/981
f 982/982/982 984/984/984 983/983/983
f 984/984/984 982/982/982 985/985/985
f 986/986/986 988/988/988 987/987/987
f 988/988/988 986/986/986 989/989/989
f 990/990/990 992/992/992 991/991/991
f 992/992/992 990/990/990 993/993/993

g hound_sword1
# texture: hound_sword1.jpg
v -52.2003 119.4428 -21.4065
v -88.8936 98.2067 19.56171
v -88.6918 99.7888 20.5895
v -51.8747 121.9958 -19.7481
v -88.8936 98.2067 19.56171
v -98.1658 93.3733 28.8224
v -97.9641 94.9554 29.85011
v -88.6918 99.7888 20.5895
v -98.1658 93.3733 28.8224
v -94.36699 90.1883 32.9794
v -94.1652 91.7704 34.00721
v -97.9641 94.9554 29.85011
v -105.3123 91.5734 32.99591
v -105.1106 93.1555 34.02371
v -105.3123 91.5734 32.99591
v -110.8917 91.0229 34.93871
v -110.69 92.605 35.9665
v -105.1106 93.1555 34.02371
v -110.8917 91.0229 34.93871
v -109.0861 83.0419 46.8699
v -108.8843 84.62399 47.89771
v -110.69 92.605 35.9665
v -109.0861 83.0419 46.8699
v -111.5668 78.50589 54.3393
v -111.365 80.088 55.36711
v -108.8843 84.62399 47.89771
v -111.5668 78.50589 54.3393
v -117.8711 75.67319 61.68891
v -111.365 80.088 55.36711
v -84.85809 84.0346 42.3368
v -44.3056 115.3834 -16.7074
v -43.98 117.9364 -15.049
v -44.3056 115.3834 -16.7074
v -42.33191 112.2598 -14.4344
v -41.7589 116.753 -11.5156
v -43.98 117.9364 -15.049
v -42.33191 112.2598 -14.4344
v -41.7101 109.719 -10.6452
v -41.1371 114.2122 -7.726302
v -41.7589 116.753 -11.5156
v -41.7101 109.719 -10.6452
v -30.2315 111.1707 -15.1333
v -29.6585 115.6639 -12.21441
v -41.1371 114.2122 -7.726302
v -30.2315 111.1707 -15.1333
v -22.4593 121.7421 -32.93231
v -21.8863 126.2353 -30.0134
v -29.6585 115.6639 -12.21441
v -22.4593 121.7421 -32.93231
v -24.5674 121.9504 -32.83911
v -23.9944 126.4436 -29.92031
v -21.8863 126.2353 -30.0134
v -24.5674 121.9504 -32.83911
v -30.9376 114.1464 -19.5754
v -30.3646 118.6396 -16.6565
v -23.9944 126.4436 -29.92031
v -30.9376 114.1464 -19.5754
v -38.3405 113.0029 -16.3618
v -37.7675 117.4961 -13.443
v -30.3646 118.6396 -16.6565
v -38.3405 113.0029 -16.3618
v -43.1433 117.1122 -21.7447
v -42.5703 121.6054 -18.8258
v -37.7675 117.4961 -13.443
v -43.1433 117.1122 -21.7447
v -48.4451 119.7956 -24.8346
v -47.872 124.2888 -21.9158
v -42.5703 121.6054 -18.8258
v -48.4451 119.7956 -24.8346
v -53.63791 121.2508 -26.0553
v -53.0649 125.744 -23.1364
v -47.872 124.2888 -21.9158
v -53.63791 121.2508 -26.0553
v -55.4402 124.5481 -30.7773
v -54.8672 129.0414 -27.8584
v -53.0649 125.744 -23.1364
v -55.4402 124.5481 -30.7773
v -60.1764 124.9807 -30.5133
v -59.6034 129.4738 -27.5944
v -54.8672 129.0414 -27.8584
v -60.1764 124.9807 -30.5133
v -60.4085 119.5116 -22.0488
v -59.8354 124.0048 -19.13
v -59.6034 129.4738 -27.5944
v -60.4085 119.5116 -22.0488
v -54.13691 119.8249 -23.76231
v -53.5639 124.3181 -20.8435
v -59.8354 124.0048 -19.13
v -54.13691 119.8249 -23.76231
v -52.2003 119.4428 -21.4065
v -51.8747 121.9958 -19.7481
v -53.5639 124.3181 -20.8435
v -111.5668 78.50589 54.3393
v -101.4807 77.1194 56.2451
v -117.8711 75.67319 61.68891
v -30.2315 111.1707 -15.1333
v -24.5674 121.9504 -32.83911
v -22.4593 121.7421 -32.93231
v -30.9376 114.1464 -19.5754
v -38.3405 113.0029 -16.3618
v -41.7101 109.719 -10.6452
v -42.33191 112.2598 -14.4344
v -60.1764 124.9807 -30.5133
v -54.13691 119.8249 -23.76231
v -60.4085 119.5116 -22.0488
v -55.4402 124.5481 -30.7773
v -53.63791 121.2508 -26.0553
v -43.1433 117.1122 -21.7447
v -44.3056 115.3834 -16.7074
v -48.4451 119.7956 -24.8346
v -52.2003 119.4428 -21.4065
v -109.0861 83.0419 46.8699
v -84.85809 84.0346 42.3368
v -110.8917 91.0229 34.93871
v -105.3123 91.5734 32.99591
v -94.36699 90.1883 32.9794
v -98.1658 93.3733 28.8224
v -88.8936 98.2067 19.56171
v -111.365 80.088 55.36711
v -29.6585 115.6639 -12.21441
v -21.8863 126.2353 -30.0134
v -23.9944 126.4436 -29.92031
v -30.3646 118.6396 -16.6565
v -37.7675 117.4961 -13.443
v -41.1371 114.2122 -7.726302
v -41.7589 116.753 -11.5156
v -59.6034 129.4738 -27.5944
v -59.8354 124.0048 -19.13
v -53.5639 124.3181 -20.8435
v -54.8672 129.0414 -27.8584
v -53.0649 125.744 -23.1364
v -42.5703 121.6054 -18.8258
v -43.98 117.9364 -15.049
v -47.872 124.2888 -21.9158
v -51.8747 121.9958 -19.7481
v -108.8843 84.62399 47.89771
v -110.69 92.605 35.9665
v -105.1106 93.1555 34.02371
v -94.1652 91.7704 34.00721
v -97.9641 94.9554 29.85011
v -88.6918 99.7888 20.5895
v -28.1077 129.3664 -38.2145
v -30.84711 128.0516 -41.3937
v -32.92521 131.9229 -41.2041
v -30.1858 133.2376 -38.0248
v -46.0504 123.862 -20.4779
v -43.9723 119.9907 -20.6675
v -48.7898 122.5472 -23.6571
v -46.7117 118.6759 -23.8468
vn -0.774601 0.411 -0.4807
vn -0.774601 0.411 -0.4807
vn -0.774601 0.411 -0.4807
vn -0.774601 0.411 -0.4807
vn -0.740297 0.430098 -0.516698
vn -0.740297 0.430098 -0.516698
vn -0.740297 0.430098 -0.516698
vn -0.740297 0.430098 -0.516698
vn -0.802416 -0.249705 0.542011
vn -0.429405 0.529906 -0.731308
vn -0.987424 0.024401 0.156204
vn -0.802416 -0.249705 0.542011
vn 0.066801 0.537506 -0.84061
vn 0.066801 0.537506 -0.84061
vn -0.32329 0.544183 -0.774176
vn -0.32329 0.544183 -0.774176
vn -0.32329 0.544183 -0.774176
vn -0.32329 0.544183 -0.774176
vn -0.986472 0.020099 0.162696
vn -0.986472 0.020099 0.162696
vn -0.986472 0.020099 0.162696
vn -0.986472 0.020099 0.162696
vn -0.956088 0.235397 -0.174598
vn -0.956088 0.235397 -0.174598
vn -0.956088 0.235397 -0.174598
vn -0.956088 0.235397 -0.174598
vn -0.762894 0.417797 -0.493396
vn -0.762894 0.417797 -0.493396
vn -0.762894 0.417797 -0.493396
vn 0.847013 -0.361306 0.389906
vn 0.847013 -0.361306 0.389906
vn 0.847013 -0.361306 0.389906
vn -0.858371 -0.197993 0.473284
vn -0.858371 -0.197993 0.473284
vn -0.858371 -0.197993 0.473284
vn -0.858371 -0.197993 0.473284
vn -0.985113 0.0144 0.171302
vn -0.985113 0.0144 0.171302
vn -0.985113 0.0144 0.171302
vn -0.985113 0.0144 0.171302
vn 0.364902 -0.539503 0.758804
vn 0.364902 -0.539503 0.758804
vn 0.364902 -0.539503 0.758804
vn 0.364902 -0.539503 0.758804
vn 0.930136 -0.276011 0.242209
vn 0.930136 -0.276011 0.242209
vn 0.930136 -0.276011 0.242209
vn 0.930136 -0.276011 0.242209
vn 0.0166 0.543218 -0.839428
vn 0.0166 0.543218 -0.839428
vn 0.0166 0.543218 -0.839428
vn 0.0166 0.543218 -0.839428
vn -0.917811 0.291903 -0.269103
vn -0.917811 0.291903 -0.269103
vn -0.917811 0.291903 -0.269103
vn -0.917811 0.291903 -0.269103
vn -0.404702 0.533903 -0.742404
vn -0.404702 0.533903 -0.742404
vn -0.404702 0.533903 -0.742404
vn -0.404702 0.533903 -0.742404
vn 0.808719 0.244406 -0.535013
vn 0.808719 0.244406 -0.535013
vn 0.808719 0.244406 -0.535013
vn 0.808719 0.244406 -0.535013
vn 0.601699 0.3797 -0.702699
vn 0.601699 0.3797 -0.702699
vn 0.601699 0.3797 -0.702699
vn 0.601699 0.3797 -0.702699
vn 0.326605 0.485207 -0.811112
vn 0.326605 0.485207 -0.811112
vn 0.326605 0.485207 -0.811112
vn 0.326605 0.485207 -0.811112
vn 0.948423 0.078602 -0.307108
vn 0.948423 0.078602 -0.307108
vn 0.948423 0.078602 -0.307108
vn 0.948423 0.078602 -0.307108
vn 0.003 0.54448 -0.838769
vn 0.003 0.54448 -0.838769
vn 0.003 0.54448 -0.838769
vn 0.003 0.54448 -0.838769
vn -0.99406 0.101796 0.038499
vn -0.99406 0.101796 0.038499
vn -0.99406 0.101796 0.038499
vn -0.99406 0.101796 0.038499
vn 0.245601 -0.549902 0.798303
vn 0.245601 -0.549902 0.798303
vn 0.245601 -0.549902 0.798303
vn 0.245601 -0.549902 0.798303
vn -0.76329 -0.280696 0.581892
vn -0.76329 -0.280696 0.581892
vn -0.76329 -0.280696 0.581892
vn -0.76329 -0.280696 0.581892
vn -0.011099 -0.900758 -0.43418
vn 0.613378 -0.483783 0.624277
vn 0.307095 -0.545692 0.779688
vn -0.106302 -0.833816 -0.541711
vn -0.106302 -0.833816 -0.541711
vn -0.106302 -0.833816 -0.541711
vn -0.106302 -0.833816 -0.541711
vn -0.106302 -0.833816 -0.541711
vn -0.106302 -0.833816 -0.541711
vn -0.333986 -0.801967 -0.49528
vn -0.106302 -0.833816 -0.541711
vn -0.088999 -0.889494 -0.448197
vn -0.106302 -0.833816 -0.541711
vn -0.106302 -0.833816 -0.541711
vn -0.106302 -0.833816 -0.541711
vn -0.367481 -0.848057 -0.381781
vn -0.257397 -0.838089 -0.480993
vn -0.137996 -0.94517 -0.295991
vn -0.178102 -0.93831 -0.296403
vn -0.029002 -0.855354 -0.517232
vn 0.507694 -0.513894 0.691491
vn -0.069599 -0.852488 -0.518093
vn -0.098499 -0.881291 -0.462195
vn -0.092997 -0.867772 -0.488184
vn -0.151895 -0.809674 -0.566882
vn -0.151601 -0.810903 -0.565202
vn 0.198894 0.745976 0.63558
vn 0.106302 0.833816 0.541711
vn 0.106302 0.833816 0.541711
vn 0.106302 0.833816 0.541711
vn 0.106302 0.833816 0.541711
vn 0.106302 0.833816 0.541711
vn 0.106302 0.833816 0.541711
vn -0.127105 0.819831 0.558321
vn 0.106302 0.833816 0.541711
vn 0.106302 0.833816 0.541711
vn 0.122394 0.768063 0.628569
vn 0.106302 0.833816 0.541711
vn 0.106302 0.833816 0.541711
vn -0.164792 0.741265 0.650669
vn -0.047598 0.807473 0.587981
vn 0.0669 0.660999 0.747399
vn 0.026499 0.66578 0.745678
vn 0.182893 0.806469 0.562279
vn 0.142796 0.813277 0.564084
vn 0.113297 0.779176 0.616481
vn 0.119201 0.796403 0.592902
vn 0.060502 0.855224 0.514715
vn 0.060702 0.854124 0.516515
vn 0.996358 0.079397 0.031099
vn 0.475286 -0.661781 -0.579783
vn -0.2121 0.3841 -0.8986
vn 0.088699 0.995086 -0.043999
vn 0.411108 0.595711 0.690013
vn 0.725504 -0.601403 0.334602
vn -0.725504 0.601403 -0.334602
vn -0.411108 -0.595711 -0.690013
vt 0.7904 0.646
vt 0.3833 0.646
vt 0.3833 0.646
vt 0.7904 0.646
vt 0.3833 0.646
vt 0.2869 0.6665
vt 0.2869 0.6665
vt 0.3833 0.646
vt 0.2869 0.6665
vt 0.2479 0.4943
vt 0.2479 0.4943
vt 0.2869 0.6665
vt 0.2317 0.7433
vt 0.2317 0.7433
vt 0.2317 0.7433
vt 0.197 0.8304
vt 0.197 0.8304
vt 0.2317 0.7433
vt 0.197 0.8304
vt 0.1277 0.5435
vt 0.1277 0.5435
vt 0.197 0.8304
vt 0.1277 0.5435
vt 0.0699 0.4462
vt 0.0699 0.4462
vt 0.1277 0.5435
vt 0.0699 0.4462
vt 0.0005 0.4513
vt 0.0699 0.4462
vt 0.2561 0.0978
vt 0.7917 0.3694
vt 0.7917 0.3694
vt 0.7917 0.3694
vt 0.7815 0.2618
vt 0.7815 0.2618
vt 0.7917 0.3694
vt 0.7815 0.2618
vt 0.7596 0.1696
vt 0.7596 0.1696
vt 0.7815 0.2618
vt 0.7596 0.1696
vt 0.8341 0.0005
vt 0.8341 0.0005
vt 0.7596 0.1696
vt 0.8341 0.0005
vt 0.9793 0.1901
vt 0.9793 0.1901
vt 0.8341 0.0005
vt 0.9793 0.1901
vt 0.9703 0.2362
vt 0.9703 0.2362
vt 0.9793 0.1901
vt 0.9703 0.2362
vt 0.8598 0.1081
vt 0.8598 0.1081
vt 0.9703 0.2362
vt 0.8598 0.1081
vt 0.8097 0.2105
vt 0.8097 0.2105
vt 0.8598 0.1081
vt 0.8097 0.2105
vt 0.8251 0.4308
vt 0.8251 0.4308
vt 0.8097 0.2105
vt 0.8251 0.4308
vt 0.8238 0.6153
vt 0.8238 0.6153
vt 0.8251 0.4308
vt 0.8238 0.6153
vt 0.811 0.7587
vt 0.811 0.7587
vt 0.8238 0.6153
vt 0.811 0.7587
vt 0.8341 0.897
vt 0.8341 0.897
vt 0.811 0.7587
vt 0.8341 0.897
vt 0.8136 0.9995
vt 0.8136 0.9995
vt 0.8341 0.897
vt 0.8136 0.9995
vt 0.7583 0.8304
vt 0.7583 0.8304
vt 0.8136 0.9995
vt 0.7583 0.8304
vt 0.7943 0.7229
vt 0.7943 0.7229
vt 0.7583 0.8304
vt 0.7943 0.7229
vt 0.7904 0.646
vt 0.7904 0.646
vt 0.7943 0.7229
vt 0.0699 0.4462
vt 0.1007 0.1901
vt 0.0005 0.4513
vt 0.8341 0.0005
vt 0.9703 0.2362
vt 0.9793 0.1901
vt 0.8598 0.1081
vt 0.8097 0.2105
vt 0.7596 0.1696
vt 0.7815 0.2618
vt 0.8136 0.9995
vt 0.7943 0.7229
vt 0.7583 0.8304
vt 0.8341 0.897
vt 0.811 0.7587
vt 0.8251 0.4308
vt 0.7917 0.3694
vt 0.8238 0.6153
vt 0.7904 0.646
vt 0.1277 0.5435
vt 0.2561 0.0978
vt 0.197 0.8304
vt 0.2317 0.7433
vt 0.2479 0.4943
vt 0.2869 0.6665
vt 0.3833 0.646
vt 0.0699 0.4462
vt 0.8341 0.0005
vt 0.9793 0.1901
vt 0.9703 0.2362
vt 0.8598 0.1081
vt 0.8097 0.2105
vt 0.7596 0.1696
vt 0.7815 0.2618
vt 0.8136 0.9995
vt 0.7583 0.8304
vt 0.7943 0.7229
vt 0.8341 0.897
vt 0.811 0.7587
vt 0.8251 0.4308
vt 0.7917 0.3694
vt 0.8238 0.6153
vt 0.7904 0.646
vt 0.1277 0.5435
vt 0.197 0.8304
vt 0.2317 0.7433
vt 0.2479 0.4943
vt 0.2869 0.6665
vt 0.3833 0.646
vt 0.9995 0.4669
vt 0.9995 0.5525
vt 0.9995 0.6382
vt 0.9995 0.5525
vt 0.8238 0.5525
vt 0.8238 0.4669
vt 0.8238 0.6382
vt 0.8238 0.5525
f 994/994/994 996/996/996 995/995/995
f 994/994/994 997/997/997 996/996/996
f 998/998/998 1000/1000/1000 999/999/999
f 998/998/998 1001/1001/1001 1000/1000/1000
f 1002/1002/1002 1004/1004/1004 1003/1003/1003
f 1002/1002/1002 1005/1005/1005 1004/1004/1004
f 1003/1003/1003 1007/1007/1007 1006/1006/1006
f 1003/1003/1003 1004/1004/1004 1007/1007/1007
f 1008/1008/1008 1010/1010/1010 1009/1009/1009
f 1008/1008/1008 1011/1011/1011 1010/1010/1010
f 1012/1012/1012 1014/1014/1014 1013/1013/1013
f 1012/1012/1012 1015/1015/1015 1014/1014/1014
f 1016/1016/1016 1018/1018/1018 1017/1017/1017
f 1016/1016/1016 1019/1019/1019 1018/1018/1018
f 1020/1020/1020 1022/1022/1022 1021/1021/1021
f 1023/1023/1023 1025/1025/1025 1024/1024/1024
f 1026/1026/1026 1028/1028/1028 1027/1027/1027
f 1026/1026/1026 1029/1029/1029 1028/1028/1028
f 1030/1030/1030 1032/1032/1032 1031/1031/1031
f 1030/1030/1030 1033/1033/1033 1032/1032/1032
f 1034/1034/1034 1036/1036/1036 1035/1035/1035
f 1034/1034/1034 1037/1037/1037 1036/1036/1036
f 1038/1038/1038 1040/1040/1040 1039/1039/1039
f 1038/1038/1038 1041/1041/1041 1040/1040/1040
f 1042/1042/1042 1044/1044/1044 1043/1043/1043
f 1042/1042/1042 1045/1045/1045 1044/1044/1044
f 1046/1046/1046 1048/1048/1048 1047/1047/1047
f 1046/1046/1046 1049/1049/1049 1048/1048/1048
f 1050/1050/1050 1052/1052/1052 1051/1051/1051
f 1050/1050/1050 1053/1053/1053 1052/1052/1052
f 1054/1054/1054 1056/1056/1056 1055/1055/1055
f 1054/1054/1054 1057/1057/1057 1056/1056/1056
f 1058/1058/1058 1060/1060/1060 1059/1059/1059
f 1058/1058/1058 1061/1061/1061 1060/1060/1060
f 1062/1062/1062 1064/1064/1064 1063/1063/1063
f 1062/1062/1062 1065/1065/1065 1064/1064/1064
f 1066/1066/1066 1068/1068/1068 1067/1067/1067
f 1066/1066/1066 1069/1069/1069 1068/1068/1068
f 1070/1070/1070 1072/1072/1072 1071/1071/1071
f 1070/1070/1070 1073/1073/1073 1072/1072/1072
f 1074/1074/1074 1076/1076/1076 1075/1075/1075
f 1074/1074/1074 1077/1077/1077 1076/1076/1076
f 1078/1078/1078 1080/1080/1080 1079/1079/1079
f 1078/1078/1078 1081/1081/1081 1080/1080/1080
f 1082/1082/1082 1084/1084/1084 1083/1083/1083
f 1082/1082/1082 1085/1085/1085 1084/1084/1084
f 1086/1086/1086 1088/1088/1088 1087/1087/1087
f 1089/1089/1089 1091/1091/1091 1090/1090/1090
f 1089/1089/1089 1090/1090/1090 1092/1092/1092
f 1089/1089/1089 1092/1092/1092 1093/1093/1093
f 1094/1094/1094 1089/1089/1089 1093/1093/1093
f 1095/1095/1095 1094/1094/1094 1093/1093/1093
f 1096/1096/1096 1098/1098/1098 1097/1097/1097
f 1099/1099/1099 1096/1096/1096 1097/1097/1097
f 1100/1100/1100 1099/1099/1099 1097/1097/1097
f 1095/1095/1095 1093/1093/1093 1101/1101/1101
f 1102/1102/1102 1095/1095/1095 1101/1101/1101
f 1103/1103/1103 1100/1100/1100 1097/1097/1097
f 1103/1103/1103 1097/1097/1097 1104/1104/1104
f 1105/1105/1105 1086/1086/1086 1087/1087/1087
f 1105/1105/1105 1087/1087/1087 1106/1106/1106
f 1107/1107/1107 1105/1105/1105 1106/1106/1106
f 1108/1108/1108 1107/1107/1107 1106/1106/1106
f 1109/1109/1109 1108/1108/1108 1106/1106/1106
f 1109/1109/1109 1106/1106/1106 1102/1102/1102
f 1110/1110/1110 1109/1109/1109 1102/1102/1102
f 1111/1111/1111 1110/1110/1110 1102/1102/1102
f 1104/1104/1104 1111/1111/1111 1102/1102/1102
f 1104/1104/1104 1102/1102/1102 1101/1101/1101
f 1104/1104/1104 1101/1101/1101 1103/1103/1103
f 1112/1112/1112 1087/1087/1087 1088/1088/1088
f 1113/1113/1113 1115/1115/1115 1114/1114/1114
f 1113/1113/1113 1116/1116/1116 1115/1115/1115
f 1113/1113/1113 1117/1117/1117 1116/1116/1116
f 1118/1118/1118 1117/1117/1117 1113/1113/1113
f 1119/1119/1119 1117/1117/1117 1118/1118/1118
f 1120/1120/1120 1122/1122/1122 1121/1121/1121
f 1123/1123/1123 1122/1122/1122 1120/1120/1120
f 1124/1124/1124 1122/1122/1122 1123/1123/1123
f 1119/1119/1119 1125/1125/1125 1117/1117/1117
f 1126/1126/1126 1125/1125/1125 1119/1119/1119
f 1127/1127/1127 1122/1122/1122 1124/1124/1124
f 1127/1127/1127 1128/1128/1128 1122/1122/1122
f 1129/1129/1129 1087/1087/1087 1112/1112/1112
f 1129/1129/1129 1106/1106/1106 1087/1087/1087
f 1130/1130/1130 1106/1106/1106 1129/1129/1129
f 1131/1131/1131 1106/1106/1106 1130/1130/1130
f 1132/1132/1132 1106/1106/1106 1131/1131/1131
f 1132/1132/1132 1126/1126/1126 1106/1106/1106
f 1133/1133/1133 1126/1126/1126 1132/1132/1132
f 1134/1134/1134 1126/1126/1126 1133/1133/1133
f 1128/1128/1128 1126/1126/1126 1134/1134/1134
f 1128/1128/1128 1125/1125/1125 1126/1126/1126
f 1128/1128/1128 1127/1127/1127 1125/1125/1125
f 1135/1135/1135 1137/1137/1137 1136/1136/1136
f 1137/1137/1137 1135/1135/1135 1138/1138/1138
f 1135/1135/1135 1139/1139/1139 1138/1138/1138
f 1139/1139/1139 1135/1135/1135 1140/1140/1140
f 1138/1138/1138 1141/1141/1141 1137/1137/1137
f 1141/1141/1141 1138/1138/1138 1139/1139/1139
f 1137/1137/1137 1142/1142/1142 1136/1136/1136
f 1142/1142/1142 1137/1137/1137 1141/1141/1141
f 1136/1136/1136 1140/1140/1140 1135/1135/1135
f 1140/1140/1140 1136/1136/1136 1142/1142/1142

g upper_02_m
# texture: upper_02_m.jpg
v -116.4512 88.6873 33.5174
v -118.0644 93.4444 26.0543
v -106.1415 88.8181 20.6091
v -105.5358 84.8035 30.0129
v -118.7532 107.4896 10.8669
v -106.7961 101.2594 6.785997
v -102.0022 99.3119 47.2453
v -95.3076 92.7279 39.5381
v -92.906 98.5163 32.6006
v -100.1535 108.3238 41.3621
v -88.3944 107.53 27.344
v -98.8651 117.7597 34.0848
v -98.30339 112.6333 40.1578
v -100.7313 119.9591 28.7902
v -93.4008 94.3118 27.0839
v -96.7206 88.0967 34.3078
v -96.1826 95.2436 20.4126
v -96.7206 88.0967 34.3078
v -93.4008 94.3118 27.0839
v -96.1826 95.2436 20.4126
v -89.1765 105.8942 22.1233
v -90.9712 112.9509 17.1963
v -100.1059 117.9985 16.4042
v -103.571 120.8538 23.0864
v -96.5753 108.9341 7.188099
v -106.3947 114.2739 8.571199
v -96.5753 108.9341 7.188099
v -106.3947 114.2739 8.571199
v -100.5586 97.0169 6.292101
v -86.4984 104.6533 12.7943
v -88.529 101.93 4.643799
v -85.6051 93.1185 9.985697
v -85.6051 93.1185 9.985697
v -88.529 101.93 4.643799
v -115.6846 118.2614 5.2624
v -126.8768 101.121 32.9121
v -123.4916 95.4572 40.6667
v -128.0099 113.8462 19.3729
v -114.3388 111.2331 45.3174
v -113.1166 103.2945 50.1047
v -112.5009 121.8332 41.6473
v -120.7548 110.5418 43.3141
v -119.7383 101.7539 47.9651
v -124.5897 112.0984 37.2675
v -119.7383 101.7539 47.9651
v -120.7548 110.5418 43.3141
v -117.2075 122.5259 38.7551
v -124.5897 112.0984 37.2675
v -110.8151 124.3526 22.7583
v -115.367 127.4258 31.6712
v -124.1604 125.3012 23.5553
v -117.7435 121.0527 15.35
v -117.7435 121.0527 15.35
v -124.1604 125.3012 23.5553
v -132.3913 115.9042 25.1795
v -124.9873 127.49 35.631
v -135.1305 122.5036 39.3708
v -132.2067 127.8454 30.5593
v -132.2067 127.8454 30.5593
v -135.1305 122.5036 39.3708
v -115.6846 118.2614 5.2624
v -116.1153 84.1158 38.2367
v -115.8344 89.9908 32.8336
v -106.0858 86.313 29.5006
v -106.3686 80.1348 34.6496
v -98.6381 88.8297 32.9279
v -97.5034 82.4224 39.5395
v -97.5034 82.4224 39.5395
v -98.6381 88.8297 32.9279
v -97.7156 92.7349 37.3777
v -97.3636 86.9836 44.4354
v -122.4093 95.9982 39.1858
v -123.078 90.049 44.5639
v -119.5634 101.2454 45.3436
v -119.6193 95.5445 52.6616
v -119.6193 95.5445 52.6616
v -113.9055 102.3409 46.9838
v -119.5634 101.2454 45.3436
v -113.058 96.2957 53.74751
v -104.0006 98.5526 44.2165
v -103.1605 93.149 51.0376
vn -0.600884 -0.595884 -0.532786
vn -0.639171 -0.621871 -0.452479
vn -0.081001 -0.875106 -0.477104
vn 0.026698 -0.816754 -0.576368
vn -0.594932 -0.232412 -0.769441
vn -0.377707 -0.313006 -0.871416
vn 0.596214 0.548313 0.586414
vn 0.925523 0.250606 0.283907
vn 0.921743 -0.107805 0.372517
vn 0.588073 0.21039 0.780964
vn 0.921646 0.313482 0.228687
vn 0.618422 0.714025 0.328212
vn 0.61079 0.294495 0.734988
vn 0.547213 0.832119 0.090202
vn 0.758631 -0.612926 -0.220909
vn 0.865596 -0.495898 -0.0695
vn 0.609615 -0.714018 -0.344309
vn 0.865596 -0.495898 -0.0695
vn 0.758631 -0.612926 -0.220909
vn 0.609615 -0.714018 -0.344309
vn 0.991554 -0.127494 -0.023799
vn 0.70398 0.67088 -0.233093
vn 0.4617 0.817701 -0.3438
vn 0.421293 0.889085 -0.178997
vn 0.1076 0.406701 -0.907203
vn 0.1954 0.3509 -0.915799
vn 0.1076 0.406701 -0.907203
vn 0.1954 0.3509 -0.915799
vn -0.061902 -0.445516 -0.893132
vn 0.905386 0.408294 -0.116498
vn 0.535797 0.293498 -0.791695
vn 0.650319 -0.224207 -0.725821
vn 0.650319 -0.224207 -0.725821
vn 0.535797 0.293498 -0.791695
vn 0.0391 0.738605 -0.673004
vn -0.924368 -0.380587 0.026399
vn -0.97398 -0.193796 -0.117498
vn -0.759495 -0.086799 -0.644696
vn 0.0151 0.42519 0.904978
vn 0.184605 0.621417 0.761421
vn 0.222502 0.730007 0.646206
vn -0.715475 0.252591 0.651378
vn -0.558593 0.353396 0.750391
vn -0.831337 0.112205 0.544324
vn -0.558593 0.353396 0.750391
vn -0.715475 0.252591 0.651378
vn -0.274405 0.616112 0.738314
vn -0.831337 0.112205 0.544324
vn 0.250695 0.943179 -0.218095
vn 0.1844 0.979901 0.0761
vn -0.367005 0.68851 -0.625509
vn -0.426029 0.721349 -0.546037
vn -0.426029 0.721349 -0.546037
vn -0.367005 0.68851 -0.625509
vn -0.921228 0.056402 -0.384912
vn 0.045701 0.918614 0.392506
vn -0.774483 0.621186 0.119597
vn -0.439979 0.872458 -0.21269
vn -0.439979 0.872458 -0.21269
vn -0.774483 0.621186 0.119597
vn 0.0391 0.738605 -0.673004
vn -0.641277 -0.491682 -0.589078
vn -0.642017 -0.506213 -0.575815
vn -0.186895 -0.641183 -0.744281
vn 0.165897 -0.64369 -0.747089
vn 0.716417 -0.43101 -0.548613
vn 0.93076 -0.199992 -0.306087
vn 0.93076 -0.199992 -0.306087
vn 0.716417 -0.43101 -0.548613
vn 0.97907 0.189594 0.073998
vn 0.906575 0.35289 0.231494
vn -0.932343 -0.198809 -0.302014
vn -0.997286 0.046599 -0.056999
vn -0.806526 0.472815 0.354911
vn -0.514007 0.657409 0.551008
vn -0.514007 0.657409 0.551008
vn 0.013601 0.762522 0.646819
vn -0.806526 0.472815 0.354911
vn 0.249592 0.742776 0.62128
vn 0.638885 0.615885 0.460989
vn 0.636908 0.632208 0.441205
vt 0.4038 0.0896
vt 0.4037 0.1844
vt 0.5621 0.1907
vt 0.5392 0.0867
vt 0.4036 0.4111
vt 0.5636 0.3944
vt 0.4057 0.5764
vt 0.5386 0.5851
vt 0.5656 0.6839
vt 0.4056 0.692
vt 0.5856 0.7946
vt 0.4057 0.8217
vt 0.4057 0.7348
vt 0.4054 0.8799
vt 0.6121 0.1831
vt 0.5774 0.0789
vt 0.6176 0.2421
vt 0.5775 0.5898
vt 0.6118 0.6941
vt 0.6342 0.7531
vt 0.6144 0.8225
vt 0.5876 0.9155
vt 0.4854 0.9608
vt 0.4055 0.9311
vt 0.6116 0.4508
vt 0.4894 0.4815
vt 0.6193 0.9764
vt 0.4904 0.9927
vt 0.6437 0.3653
vt 0.6928 0.8852
vt 0.733 0.4066
vt 0.7771 0.321
vt 0.7752 0.8175
vt 0.7315 0.9273
vt 0.4036 0.4801
vt 0.2494 0.1907
vt 0.2683 0.0867
vt 0.2436 0.3944
vt 0.2456 0.6839
vt 0.2727 0.5851
vt 0.2257 0.7946
vt 0.1994 0.1831
vt 0.2302 0.0789
vt 0.1891 0.2421
vt 0.2338 0.5898
vt 0.2034 0.6941
vt 0.1959 0.8225
vt 0.1762 0.7531
vt 0.3256 0.9608
vt 0.2234 0.9155
vt 0.1956 0.4508
vt 0.3178 0.4815
vt 0.3205 0.9927
vt 0.1976 0.974
vt 0.1635 0.3653
vt 0.1182 0.8852
vt 0.0301 0.321
vt 0.0742 0.4066
vt 0.0676 0.9201
vt 0.02 0.8344
vt 0.4075 0.9841
vt 0.406 0.0176
vt 0.406 0.105
vt 0.5291 0.1024
vt 0.532 0.0145
vt 0.5638 0.0953
vt 0.5728 0.0161
vt 0.5729 0.5052
vt 0.564 0.6062
vt 0.5287 0.602
vt 0.525 0.5026
vt 0.2829 0.1024
vt 0.2799 0.0145
vt 0.2482 0.0953
vt 0.2392 0.0161
vt 0.2427 0.5052
vt 0.287 0.602
vt 0.2516 0.6062
vt 0.2907 0.5026
vt 0.4078 0.594
vt 0.4078 0.4992
f 1143/1143/1143 1145/1145/1145 1144/1144/1144
f 1145/1145/1145 1143/1143/1143 1146/1146/1146
f 1144/1144/1144 1148/1148/1148 1147/1147/1147
f 1148/1148/1148 1144/1144/1144 1145/1145/1145
f 1149/1149/1149 1151/1151/1151 1150/1150/1150
f 1151/1151/1151 1149/1149/1149 1152/1152/1152
f 1153/1153/1153 1155/1155/1155 1154/1154/1154
f 1153/1153/1153 1154/1154/1154 1156/1156/1156
f 1146/1146/1146 1157/1157/1157 1145/1145/1145
f 1157/1157/1157 1146/1146/1146 1158/1158/1158
f 1159/1159/1159 1145/1145/1145 1157/1157/1157
f 1160/1160/1160 1151/1151/1151 1161/1161/1161
f 1151/1151/1151 1160/1160/1160 1150/1150/1150
f 1161/1161/1161 1163/1163/1163 1162/1162/1162
f 1163/1163/1163 1161/1161/1161 1151/1151/1151
f 1156/1156/1156 1165/1165/1165 1164/1164/1164
f 1165/1165/1165 1156/1156/1156 1166/1166/1166
f 1167/1167/1167 1168/1168/1168 1148/1148/1148
f 1164/1164/1164 1170/1170/1170 1169/1169/1169
f 1170/1170/1170 1164/1164/1164 1165/1165/1165
f 1145/1145/1145 1171/1171/1171 1148/1148/1148
f 1163/1163/1163 1164/1164/1164 1172/1172/1172
f 1159/1159/1159 1171/1171/1171 1145/1145/1145
f 1171/1171/1171 1174/1174/1174 1173/1173/1173
f 1172/1172/1172 1176/1176/1176 1175/1175/1175
f 1151/1151/1151 1153/1153/1153 1163/1163/1163
f 1163/1163/1163 1153/1153/1153 1164/1164/1164
f 1156/1156/1156 1164/1164/1164 1153/1153/1153
f 1177/1177/1177 1147/1147/1147 1168/1168/1168
f 1147/1147/1147 1148/1148/1148 1168/1168/1168
f 1143/1143/1143 1144/1144/1144 1178/1178/1178
f 1178/1178/1178 1179/1179/1179 1143/1143/1143
f 1144/1144/1144 1147/1147/1147 1180/1180/1180
f 1180/1180/1180 1178/1178/1178 1144/1144/1144
f 1149/1149/1149 1182/1182/1182 1181/1181/1181
f 1181/1181/1181 1152/1152/1152 1149/1149/1149
f 1183/1183/1183 1154/1154/1154 1155/1155/1155
f 1183/1183/1183 1156/1156/1156 1154/1154/1154
f 1179/1179/1179 1178/1178/1178 1184/1184/1184
f 1184/1184/1184 1185/1185/1185 1179/1179/1179
f 1186/1186/1186 1184/1184/1184 1178/1178/1178
f 1187/1187/1187 1188/1188/1188 1181/1181/1181
f 1181/1181/1181 1182/1182/1182 1187/1187/1187
f 1188/1188/1188 1190/1190/1190 1189/1189/1189
f 1189/1189/1189 1181/1181/1181 1188/1188/1188
f 1156/1156/1156 1192/1192/1192 1191/1191/1191
f 1191/1191/1191 1166/1166/1166 1156/1156/1156
f 1193/1193/1193 1180/1180/1180 1194/1194/1194
f 1192/1192/1192 1196/1196/1196 1195/1195/1195
f 1195/1195/1195 1191/1191/1191 1192/1192/1192
f 1178/1178/1178 1180/1180/1180 1197/1197/1197
f 1189/1189/1189 1198/1198/1198 1192/1192/1192
f 1186/1186/1186 1178/1178/1178 1197/1197/1197
f 1197/1197/1197 1200/1200/1200 1199/1199/1199
f 1198/1198/1198 1202/1202/1202 1201/1201/1201
f 1181/1181/1181 1189/1189/1189 1183/1183/1183
f 1189/1189/1189 1192/1192/1192 1183/1183/1183
f 1156/1156/1156 1183/1183/1183 1192/1192/1192
f 1177/1177/1177 1194/1194/1194 1147/1147/1147
f 1147/1147/1147 1194/1194/1194 1180/1180/1180
f 1193/1193/1193 1200/1200/1200 1197/1197/1197
f 1197/1197/1197 1180/1180/1180 1193/1193/1193
f 1167/1167/1167 1148/1148/1148 1171/1171/1171
f 1167/1167/1167 1171/1171/1171 1173/1173/1173
f 1153/1153/1153 1151/1151/1151 1155/1155/1155
f 1151/1151/1151 1152/1152/1152 1155/1155/1155
f 1183/1183/1183 1155/1155/1155 1181/1181/1181
f 1155/1155/1155 1152/1152/1152 1181/1181/1181
f 1176/1176/1176 1164/1164/1164 1169/1169/1169
f 1176/1176/1176 1172/1172/1172 1164/1164/1164
f 1201/1201/1201 1192/1192/1192 1198/1198/1198
f 1201/1201/1201 1196/1196/1196 1192/1192/1192
f 1203/1203/1203 1165/1165/1165 1166/1166/1166
f 1203/1203/1203 1170/1170/1170 1165/1165/1165
f 1191/1191/1191 1203/1203/1203 1166/1166/1166
f 1191/1191/1191 1195/1195/1195 1203/1203/1203
f 1204/1204/1204 1206/1206/1206 1205/1205/1205
f 1206/1206/1206 1204/1204/1204 1207/1207/1207
f 1207/1207/1207 1208/1208/1208 1206/1206/1206
f 1208/1208/1208 1207/1207/1207 1209/1209/1209
f 1210/1210/1210 1212/1212/1212 1211/1211/1211
f 1212/1212/1212 1210/1210/1210 1213/1213/1213
f 1204/1204/1204 1205/1205/1205 1214/1214/1214
f 1214/1214/1214 1215/1215/1215 1204/1204/1204
f 1215/1215/1215 1214/1214/1214 1216/1216/1216
f 1216/1216/1216 1217/1217/1217 1215/1215/1215
f 1218/1218/1218 1220/1220/1220 1219/1219/1219
f 1219/1219/1219 1221/1221/1221 1218/1218/1218
f 1213/1213/1213 1223/1223/1223 1222/1222/1222
f 1222/1222/1222 1223/1223/1223 1221/1221/1221
f 1212/1212/1212 1213/1213/1213 1222/1222/1222
f 1222/1222/1222 1221/1221/1221 1219/1219/1219

g upper_02b_m
# texture: upper_02b_m.tga
v -97.9639 88.6035 59.6428
v -94.9359 84.195 54.1111
v -95.3076 92.7279 39.5381
v -102.0022 99.3119 47.2453
v -108.9754 92.5226 62.4427
v -101.5276 90.7155 61.7588
v -113.1166 103.2945 50.1047
v -114.2362 58.89109 47.0787
v -121.6816 60.71609 48.5243
v -116.4512 88.6873 33.5174
v -105.5358 84.8035 30.0129
v -124.6021 62.485 50.1532
v -128.1725 67.1961 55.2436
v -123.4916 95.4572 40.6667
vn 0.844307 0.478304 0.241602
vn 0.890123 0.39371 0.229506
vn 0.925523 0.250606 0.283907
vn 0.596214 0.548313 0.586414
vn 0.358011 0.780024 0.513216
vn 0.285499 0.819198 0.497399
vn 0.184605 0.621417 0.761421
vn -0.36951 -0.425811 -0.825922
vn -0.3061 -0.430899 -0.848899
vn -0.600884 -0.595884 -0.532786
vn 0.026698 -0.816754 -0.576368
vn -0.809315 -0.171403 -0.56181
vn -0.848661 -0.153493 -0.506177
vn -0.97398 -0.193796 -0.117498
vt 0.3984 0.0116
vt 0.1465 0.0157
vt 0.0396 0.9949
vt 0.4763 0.9908
vt 0.147 0.0156
vt 0.3989 0.0115
vt 0.0401 0.9949
vt 0.8927 0.0005
vt 0.6949 0.0092
vt 0.6417 0.9995
vt 0.9639 0.9908
vt 0.6971 0.0125
vt 0.8949 0.0037
vt 0.9658 0.9908
f 1224/1224/1224 1226/1226/1226 1225/1225/1225
f 1226/1226/1226 1224/1224/1224 1227/1227/1227
f 1228/1228/1228 1227/1227/1227 1229/1229/1229
f 1227/1227/1227 1228/1228/1228 1230/1230/1230
f 1231/1231/1231 1233/1233/1233 1232/1232/1232
f 1233/1233/1233 1231/1231/1231 1234/1234/1234
f 1235/1235/1235 1237/1237/1237 1236/1236/1236
f 1237/1237/1237 1235/1235/1235 1233/1233/1233

g head_02
# texture: head_02.jpg
v -72.7606 112.671 -8.2983
v -74.0027 107.274 -7.2306
v -81.1328 107.7317 -19.2531
v -78.3796 116.78 -16.56
v -92.5743 111.9268 -37.1664
v -73.4469 114.686 -3.8397
v -85.9897 107.3871 -20.31
v -75.6329 105.1874 -1.960602
v -78.3796 116.78 -16.56
v -92.5743 111.9268 -37.1664
v -85.9897 107.3871 -20.31
v -75.6329 105.1874 -1.960602
v -73.4469 114.686 -3.8397
v -75.4434 109.1574 -3.311302
v -87.0202 104.9859 -13.3622
v -74.7064 111.8496 -5.461599
v -87.3318 97.4085 -11.2625
v -95.4244 105.9174 -11.7486
v -97.0781 94.8731 -8.099302
v -100.0496 109.5475 -5.461098
v -101.7945 102.4719 -2.492399
v -94.6068 118.8168 6.606102
v -93.8698 115.6085 7.862402
v -93.8698 115.6085 7.862402
v -87.13089 121.0539 10.4807
v -94.6068 118.8168 6.606102
v -87.0977 115.1439 12.6666
v -78.20549 119.9398 8.551102
v -77.5866 106.0576 17.5866
v -73.0591 116.1273 1.947599
v -74.0683 110.5823 4.7656
v -74.7064 111.8496 -5.461599
v -75.4434 109.1574 -3.311302
v -87.0202 107.9361 -15.0655
v -75.4434 115.0579 -6.718
v -96.8149 111.3179 -17.1597
v -100.0496 112.4978 -7.164498
v -93.8698 121.5091 4.455803
v -86.6097 123.8217 8.461302
v -93.8698 121.5091 4.455803
v -74.7684 131.2538 7.687002
v -73.58029 119.26 0.560303
v -75.4434 115.0579 -6.718
v -97.17299 121.2178 6.505302
v -105.5452 116.2785 -4.449495
v -98.41499 115.8209 7.573002
v -100.0439 124.3647 -3.422795
v -114.2386 119.5115 -24.02919
v -92.3632 121.3086 7.631102
v -94.5491 111.81 9.510197
v -104.906 114.0098 -8.839198
v -100.0439 124.3647 -3.422795
v -114.2386 119.5115 -24.02919
v -104.906 114.0098 -8.839198
v -94.5491 111.81 9.510197
v -92.3632 121.3086 7.631102
v -74.7684 131.2538 7.687002
v -73.58029 119.26 0.560303
v -86.6097 123.8217 8.461302
v -75.4434 115.0579 -6.718
v -93.8698 121.5091 4.455803
v -96.8149 111.3179 -17.1597
v -100.0496 112.4978 -7.164498
v -87.0202 107.9361 -15.0655
vn 0.982567 -0.0138 -0.185394
vn 0.660119 -0.725621 -0.194206
vn 0.650562 -0.577966 -0.492671
vn 0.471701 0.831901 -0.2923
vn 0.25079 -0.774169 -0.581177
vn 0.058904 0.800049 0.597037
vn -0.731628 -0.634324 0.249709
vn 0.758202 -0.536801 0.370101
vn 0.471701 0.831901 -0.2923
vn 0.25079 -0.774169 -0.581177
vn -0.731628 -0.634324 0.249709
vn 0.758202 -0.536801 0.370101
vn 0.058904 0.800049 0.597037
vn 0.678 -0.4076 -0.611701
vn 0.294007 -0.498812 -0.81532
vn 0.654306 -0.378303 -0.654806
vn 0.090098 -0.277893 -0.956377
vn -0.593485 -0.378891 -0.710083
vn -0.655198 -0.138799 -0.742597
vn -0.979345 0.089304 -0.181408
vn -0.991532 0.113504 0.063102
vn -0.919273 0.243593 0.309191
vn -0.81633 0.038201 0.576321
vn -0.520525 0.251912 0.815839
vn -0.259091 0.367587 0.893169
vn -0.5206 0.4763 0.7086
vn -0.075301 0.419105 0.90481
vn 0.572875 0.254389 0.779166
vn 0.734381 0.322392 0.597284
vn 0.990772 0.098697 0.092897
vn 0.978174 -0.206795 0.020299
vn 0.975576 -0.152296 -0.158296
vn 0.936418 -0.336306 -0.100102
vn 0.457289 -0.366291 -0.810381
vn 0.63721 -0.149702 -0.756012
vn -0.400502 -0.631003 -0.664404
vn -0.972327 -0.193505 -0.130904
vn -0.929182 0.281195 0.239896
vn -0.454189 0.596785 0.661484
vn -0.521972 0.614967 0.591068
vn 0.306282 0.16549 0.937446
vn 0.96608 0.059499 0.251295
vn 0.958962 0.075897 -0.273189
vn -0.493394 0.502893 0.709691
vn -0.894975 -0.036899 0.444588
vn -0.724757 -0.240786 0.645562
vn -0.0083 0.999965 -0.0012
vn -0.92248 -0.363392 0.130297
vn 0.841622 0.526014 0.122403
vn -0.210308 -0.197708 0.957435
vn 0.155397 -0.944879 -0.288194
vn -0.0083 0.999965 -0.0012
vn -0.92248 -0.363392 0.130297
vn 0.155397 -0.944879 -0.288194
vn -0.210308 -0.197708 0.957435
vn 0.841622 0.526014 0.122403
vn -0.339592 0.45539 -0.822981
vn -0.178706 0.695324 -0.696124
vn -0.1184 0.762801 -0.635701
vn 0.1001 0.800804 -0.590503
vn -0.186406 0.886026 -0.424512
vn -0.076805 0.803349 -0.590536
vn -0.585093 0.761391 -0.279196
vn 0.330601 0.440802 -0.834504
vt 0.0777 0.2589
vt 0.1293 0.1128
vt 0.4448 0.0987
vt 0.444 0.3432
vt 1.003 0.0929
vt 0.2381 0.2613
vt 0.3993 0.1591
vt 0.1857 0.1475
vt 0.3803 0.2828
vt 0.5961 0.2068
vt 0.4858 0.0281
vt 0.0738 0.01
vt 0.0133 0.3077
vt 0.4433 0.605
vt 0.752 0.7237
vt 0.4433 0.7323
vt 0.7961 0.4685
vt 0.9254 0.714
vt 0.9837 0.3469
vt 0.752 0.7237
vt 0.7961 0.4685
vt 0.4433 0.7323
vt 0.4433 0.605
vt 0.4433 0.605
vt 0.1995 0.7057
vt 0.4433 0.7323
vt 0.2628 0.5431
vt 0.0853 0.684
vt 0.1267 0.3608
vt 0.1995 0.7057
vt 0.2628 0.5431
vt 0.4433 0.7323
vt 0.4433 0.605
vt 0.7007 0.87
vt 0.4433 0.8789
vt 0.9877 0.9431
vt 0.7007 0.87
vt 0.4433 0.8789
vt 0.2213 0.8596
vt 0.4433 0.8789
vt 0.0202 0.9838
vt 0.2213 0.8596
vt 0.4433 0.8789
vt 0.0777 0.2589
vt 0.4448 0.0987
vt 0.1293 0.1128
vt 0.444 0.3432
vt 1.003 0.0929
vt 0.2381 0.2613
vt 0.1857 0.1475
vt 0.3993 0.1591
vt 0.3803 0.2828
vt 0.5961 0.2068
vt 0.4858 0.0281
vt 0.0738 0.01
vt 0.0133 0.3077
vt 0.1744 0.8374
vt 0.1276 0.8055
vt 0.2211 0.8055
vt 0.1083 0.7781
vt 0.2405 0.7781
vt 0.1744 0.8368
vt 0.2211 0.8042
vt 0.1276 0.8042
f 1238/1238/1238 1240/1240/1240 1239/1239/1239
f 1240/1240/1240 1238/1238/1238 1241/1241/1241
f 1241/1241/1241 1242/1242/1242 1240/1240/1240
f 1243/1243/1243 1245/1245/1245 1244/1244/1244
f 1244/1244/1244 1246/1246/1246 1243/1243/1243
f 1246/1246/1246 1244/1244/1244 1247/1247/1247
f 1240/1240/1240 1248/1248/1248 1239/1239/1239
f 1249/1249/1249 1239/1239/1239 1248/1248/1248
f 1248/1248/1248 1240/1240/1240 1242/1242/1242
f 1238/1238/1238 1250/1250/1250 1241/1241/1241
f 1239/1239/1239 1249/1249/1249 1238/1238/1238
f 1250/1250/1250 1238/1238/1238 1249/1249/1249
f 1251/1251/1251 1253/1253/1253 1252/1252/1252
f 1251/1251/1251 1252/1252/1252 1254/1254/1254
f 1254/1254/1254 1252/1252/1252 1255/1255/1255
f 1254/1254/1254 1255/1255/1255 1256/1256/1256
f 1256/1256/1256 1255/1255/1255 1257/1257/1257
f 1256/1256/1256 1257/1257/1257 1258/1258/1258
f 1258/1258/1258 1257/1257/1257 1259/1259/1259
f 1258/1258/1258 1259/1259/1259 1260/1260/1260
f 1261/1261/1261 1263/1263/1263 1262/1262/1262
f 1261/1261/1261 1262/1262/1262 1264/1264/1264
f 1264/1264/1264 1262/1262/1262 1265/1265/1265
f 1264/1264/1264 1265/1265/1265 1266/1266/1266
f 1266/1266/1266 1265/1265/1265 1267/1267/1267
f 1266/1266/1266 1267/1267/1267 1268/1268/1268
f 1268/1268/1268 1267/1267/1267 1269/1269/1269
f 1268/1268/1268 1269/1269/1269 1270/1270/1270
f 1253/1253/1253 1272/1272/1272 1271/1271/1271
f 1253/1253/1253 1271/1271/1271 1252/1252/1252
f 1252/1252/1252 1271/1271/1271 1273/1273/1273
f 1252/1252/1252 1273/1273/1273 1255/1255/1255
f 1255/1255/1255 1273/1273/1273 1274/1274/1274
f 1255/1255/1255 1274/1274/1274 1257/1257/1257
f 1257/1257/1257 1274/1274/1274 1275/1275/1275
f 1257/1257/1257 1275/1275/1275 1259/1259/1259
f 1263/1263/1263 1277/1277/1277 1276/1276/1276
f 1263/1263/1263 1276/1276/1276 1262/1262/1262
f 1262/1262/1262 1276/1276/1276 1278/1278/1278
f 1262/1262/1262 1278/1278/1278 1265/1265/1265
f 1265/1265/1265 1278/1278/1278 1279/1279/1279
f 1265/1265/1265 1279/1279/1279 1267/1267/1267
f 1267/1267/1267 1279/1279/1279 1280/1280/1280
f 1267/1267/1267 1280/1280/1280 1269/1269/1269
f 1281/1281/1281 1283/1283/1283 1282/1282/1282
f 1282/1282/1282 1284/1284/1284 1281/1281/1281
f 1284/1284/1284 1282/1282/1282 1285/1285/1285
f 1286/1286/1286 1288/1288/1288 1287/1287/1287
f 1288/1288/1288 1286/1286/1286 1289/1289/1289
f 1289/1289/1289 1290/1290/1290 1288/1288/1288
f 1282/1282/1282 1283/1283/1283 1291/1291/1291
f 1292/1292/1292 1291/1291/1291 1283/1283/1283
f 1291/1291/1291 1285/1285/1285 1282/1282/1282
f 1281/1281/1281 1284/1284/1284 1293/1293/1293
f 1283/1283/1283 1281/1281/1281 1292/1292/1292
f 1293/1293/1293 1292/1292/1292 1281/1281/1281
f 1294/1294/1294 1296/1296/1296 1295/1295/1295
f 1296/1296/1296 1297/1297/1297 1295/1295/1295
f 1297/1297/1297 1296/1296/1296 1298/1298/1298
f 1298/1298/1298 1300/1300/1300 1299/1299/1299
f 1298/1298/1298 1299/1299/1299 1297/1297/1297
f 1299/1299/1299 1301/1301/1301 1297/1297/1297

g boots_07
# texture: boots_07.jpg
v -130.1031 6.203308 78.53131
v -121.2233 6.25061 73.4142
v -115.3617 4.898117 78.3895
v -127.6751 4.850906 85.48898
v -126.1772 59.0359 79.46749
v -117.954 59.1637 79.4677
v -116.8367 43.21151 76.6679
v -125.6512 42.89321 76.66819
v -117.954 59.1637 79.4677
v -113.843 58.5733 85.07899
v -111.8054 39.50412 83.3634
v -116.8367 43.21151 76.6679
v -127.8931 58.1771 85.07919
v -126.1772 59.0359 79.46749
v -125.6512 42.89321 76.66819
v -118.3045 24.01641 79.9334
v -124.7263 23.81621 79.93359
v -114.6032 21.4803 82.7925
v -118.3045 24.01641 79.9334
v -124.7263 23.81621 79.93359
v -125.834 21.1663 82.79259
v -119.6836 58.2244 92.09309
v -117.5498 16.91 88.9162
v -122.5048 13.2308 76.24298
v -128.8503 13.18351 79.897
v -116.0478 15.98441 80.8297
v -122.5048 13.2308 76.24298
v -128.8503 13.18351 79.897
v -126.3546 15.93722 86.77069
v -108.4426 5.747711 94.69269
v -110.1586 8.707504 101.5544
v -109.2414 0.714706 102.0919
v -106.8505 1.585922 95.16609
v -117.9191 5.7005 100.1544
v -117.8035 1.538605 101.4802
v -114.9092 12.39151 93.3705
v -112.0172 8.083221 87.83339
v -122.0223 8.035995 93.6003
v -137.0947 10.04802 58.2318
v -151.3338 8.116013 61.77368
v -146.9972 10.09431 55.5913
v -137.6015 8.069702 65.44039
v -136.9398 61.5954 75.0238
v -145.49 47.38431 66.685
v -144.9249 62.44111 72.1957
v -136.95 46.30412 69.6656
v -144.9249 62.44111 72.1957
v -152.2542 42.63831 70.26759
v -150.9582 60.5576 77.192
v -145.49 47.38431 66.685
v -137.7781 58.993 81.8177
v -136.95 46.30412 69.6656
v -136.9398 61.5954 75.0238
v -145.2235 27.8999 65.43719
v -138.9281 27.13531 67.6423
v -149.4121 25.06221 66.2659
v -145.2235 27.8999 65.43719
v -138.9281 27.13531 67.6423
v -138.8768 23.81412 69.9641
v -146.7588 19.38299 72.35719
v -147.9093 58.1115 85.44739
v -145.1829 16.89032 58.57309
v -138.1069 16.84392 60.4562
v -150.2878 19.00591 64.88
v -145.1829 16.89032 58.57309
v -138.1069 16.84392 60.4562
v -138.7936 18.95953 67.947
v -153.5709 7.430313 79.3804
v -150.9935 1.892822 85.81369
v -150.4278 9.935715 85.73338
v -155.1198 3.179214 79.83369
v -142.9048 3.132904 83.0938
v -143.2313 7.384003 82.138
v -148.0496 14.4304 76.9437
v -152.1868 10.43039 71.99229
v -141.0246 10.38409 74.97028
v -121.2233 6.25061 73.4142
v -130.1031 6.203308 78.53131
v -132.1442 14.88911 74.19778
v -125.7986 14.9364 70.54379
v -128.8503 13.18351 79.897
v -122.5048 13.2308 76.24298
v -137.0947 10.04802 58.2318
v -146.9972 10.09431 55.5913
v -143.5213 19.16311 52.38329
v -136.4453 19.11681 54.2664
v -145.1829 16.89032 58.57309
v -138.1069 16.84392 60.4562
v -107.2837 46.29401 86.11129
v -157.4554 48.967 72.9125
vn -0.834993 -0.549995 0.0171
vn 0.178692 -0.405281 -0.896558
vn 0.709424 -0.337311 -0.618821
vn -0.700788 -0.671788 0.239996
vn -0.388799 0.1459 -0.909697
vn 0.604675 0.171593 -0.777768
vn 0.392093 0.0087 -0.919884
vn -0.496981 -0.055798 -0.865966
vn 0.604675 0.171593 -0.777768
vn 0.856095 0.310698 -0.412998
vn 0.985312 -0.057201 -0.160902
vn 0.392093 0.0087 -0.919884
vn -0.998837 -0.046102 -0.014101
vn -0.388799 0.1459 -0.909697
vn -0.496981 -0.055798 -0.865966
vn 0.308714 -0.0049 -0.951142
vn -0.702761 0.129393 -0.699561
vn 0.903148 -0.155908 -0.400021
vn 0.308714 -0.0049 -0.951142
vn -0.702761 0.129393 -0.699561
vn -0.877679 0.209795 0.43089
vn 0.0525 -0.0473 0.9975
vn 0.381919 0.332417 0.862344
vn 0.403619 0.456621 -0.792836
vn -0.795536 0.593227 0.123306
vn 0.886285 0.213696 -0.410893
vn 0.403619 0.456621 -0.792836
vn -0.795536 0.593227 0.123306
vn -0.772935 0.304714 0.556525
vn 0.902312 0.421606 -0.089901
vn 0.292691 0.569283 0.768277
vn 0.759968 -0.194192 0.620274
vn 0.53508 -0.825469 -0.179693
vn -0.511215 0.512915 0.689621
vn -0.579332 -0.36492 0.72884
vn 0.385288 0.859573 0.33569
vn 0.889162 0.400583 -0.22119
vn -0.626888 0.386493 0.676487
vn 0.753221 -0.524215 -0.397311
vn -0.839708 -0.321003 -0.438004
vn -0.618096 -0.277498 -0.735495
vn 0.754026 -0.656822 -0.0055
vn 0.691897 0.238699 -0.681397
vn -0.060203 0.21231 -0.975346
vn -0.345814 0.346114 -0.872134
vn 0.769626 0.072002 -0.634422
vn -0.345814 0.346114 -0.872134
vn -0.909523 0.023101 -0.415011
vn -0.703214 0.454409 -0.546811
vn -0.060203 0.21231 -0.975346
vn 0.936444 -0.137107 0.322915
vn 0.769626 0.072002 -0.634422
vn 0.691897 0.238699 -0.681397
vn -0.039202 0.250811 -0.967242
vn 0.833595 0.225399 -0.504297
vn -0.818329 0.069602 -0.57052
vn -0.039202 0.250811 -0.967242
vn 0.833595 0.225399 -0.504297
vn 0.828886 -0.181397 0.529191
vn -0.352298 0.117399 0.928495
vn -0.360914 -0.278211 0.890135
vn -0.46242 0.742633 -0.484421
vn 0.92144 0.388517 0.0015
vn -0.908472 0.358589 -0.214693
vn -0.46242 0.742633 -0.484421
vn 0.92144 0.388517 0.0015
vn 0.909912 0.072001 0.408505
vn -0.904279 0.386491 0.181396
vn -0.575108 -0.263704 0.774411
vn -0.104804 0.497118 0.861331
vn -0.551479 -0.827868 -0.102496
vn 0.756793 -0.393296 0.522095
vn 0.661088 0.481191 0.575689
vn -0.30931 0.810926 0.496716
vn -0.930633 0.361613 0.056202
vn 0.772182 0.361292 0.522688
vn 0.178692 -0.405281 -0.896558
vn -0.834993 -0.549995 0.0171
vn -0.897134 0.033101 -0.440517
vn 0.327109 0.875524 -0.35561
vn -0.795536 0.593227 0.123306
vn 0.403619 0.456621 -0.792836
vn 0.753221 -0.524215 -0.397311
vn -0.618096 -0.277498 -0.735495
vn -0.318818 0.257914 -0.91205
vn 0.558089 0.829484 0.0222
vn -0.46242 0.742633 -0.484421
vn 0.92144 0.388517 0.0015
vn 0.879341 0.107405 0.463922
vn -0.985733 0.071002 0.152605
vt 0.6832 0.0019
vt 0.6832 0.0027
vt 0.4976 0.0014
vt 0.4976 0.0005
vt 0.7975 0.9898
vt 0.993 0.9886
vt 0.993 0.6861
vt 0.7975 0.6841
vt 0.5741 0.9983
vt 0.4443 0.9927
vt 0.4866 0.6384
vt 0.6331 0.7082
vt 0.4443 0.9916
vt 0.5741 0.9995
vt 0.6331 0.7062
vt 0.9899 0.381
vt 0.7944 0.3801
vt 0.5008 0.3123
vt 0.5658 0.3601
vt 0.5658 0.3592
vt 0.5008 0.3114
vt 0.2845 0.9886
vt 0.3434 0.244
vt 0.993 0.1056
vt 0.7975 0.1047
vt 0.5018 0.2053
vt 0.6703 0.1333
vt 0.6703 0.1324
vt 0.5018 0.2044
vt 0.1597 0.072
vt 0.0534 0.1603
vt 0.0049 0.0009
vt 0.1162 0.0014
vt 0.1597 0.0712
vt 0.1162 0.0005
vt 0.2271 0.1964
vt 0.2891 0.0894
vt 0.2891 0.0886
vt 0.6832 0.0019
vt 0.4976 0.0014
vt 0.6832 0.0027
vt 0.4976 0.0005
vt 0.7975 0.9898
vt 0.993 0.6861
vt 0.993 0.9886
vt 0.7975 0.6841
vt 0.6073 0.9983
vt 0.4866 0.6384
vt 0.4443 0.9927
vt 0.6331 0.7082
vt 0.4443 0.9916
vt 0.6331 0.7062
vt 0.6073 0.9995
vt 0.9899 0.381
vt 0.7944 0.3801
vt 0.5008 0.3123
vt 0.5658 0.3601
vt 0.5658 0.3592
vt 0.5008 0.3114
vt 0.3434 0.244
vt 0.2845 0.9886
vt 0.993 0.1056
vt 0.7975 0.1047
vt 0.5018 0.2053
vt 0.6703 0.1333
vt 0.6703 0.1324
vt 0.5018 0.2044
vt 0.1597 0.072
vt 0.0049 0.0009
vt 0.0534 0.1603
vt 0.1162 0.0014
vt 0.1162 0.0005
vt 0.1597 0.0712
vt 0.2271 0.1964
vt 0.2891 0.0894
vt 0.2891 0.0886
vt 0.5899 0.338
vt 0.47 0.3318
vt 0.4812 0.5203
vt 0.5668 0.5265
vt 0.5027 0.4356
vt 0.5534 0.4417
vt 0.4699 0.3319
vt 0.5898 0.338
vt 0.5668 0.5265
vt 0.4811 0.5203
vt 0.5533 0.4417
vt 0.5026 0.4356
vt 0.4236 0.7596
vt 0.4236 0.7596
f 1302/1302/1302 1304/1304/1304 1303/1303/1303
f 1304/1304/1304 1302/1302/1302 1305/1305/1305
f 1306/1306/1306 1308/1308/1308 1307/1307/1307
f 1308/1308/1308 1306/1306/1306 1309/1309/1309
f 1310/1310/1310 1312/1312/1312 1311/1311/1311
f 1312/1312/1312 1310/1310/1310 1313/1313/1313
f 1314/1314/1314 1316/1316/1316 1315/1315/1315
f 1309/1309/1309 1317/1317/1317 1308/1308/1308
f 1317/1317/1317 1309/1309/1309 1318/1318/1318
f 1313/1313/1313 1319/1319/1319 1312/1312/1312
f 1319/1319/1319 1313/1313/1313 1320/1320/1320
f 1314/1314/1314 1321/1321/1321 1316/1316/1316
f 1321/1321/1321 1314/1314/1314 1322/1322/1322
f 1312/1312/1312 1324/1324/1324 1323/1323/1323
f 1324/1324/1324 1312/1312/1312 1319/1319/1319
f 1323/1323/1323 1322/1322/1322 1314/1314/1314
f 1322/1322/1322 1323/1323/1323 1324/1324/1324
f 1318/1318/1318 1325/1325/1325 1317/1317/1317
f 1325/1325/1325 1318/1318/1318 1326/1326/1326
f 1320/1320/1320 1327/1327/1327 1319/1319/1319
f 1327/1327/1327 1320/1320/1320 1328/1328/1328
f 1322/1322/1322 1329/1329/1329 1321/1321/1321
f 1329/1329/1329 1322/1322/1322 1330/1330/1330
f 1324/1324/1324 1319/1319/1319 1327/1327/1327
f 1324/1324/1324 1330/1330/1330 1322/1322/1322
f 1328/1328/1328 1304/1304/1304 1327/1327/1327
f 1304/1304/1304 1328/1328/1328 1303/1303/1303
f 1330/1330/1330 1302/1302/1302 1329/1329/1329
f 1302/1302/1302 1330/1330/1330 1305/1305/1305
f 1331/1331/1331 1333/1333/1333 1332/1332/1332
f 1333/1333/1333 1331/1331/1331 1334/1334/1334
f 1332/1332/1332 1336/1336/1336 1335/1335/1335
f 1336/1336/1336 1332/1332/1332 1333/1333/1333
f 1327/1327/1327 1337/1337/1337 1324/1324/1324
f 1337/1337/1337 1327/1327/1327 1338/1338/1338
f 1324/1324/1324 1339/1339/1339 1330/1330/1330
f 1339/1339/1339 1324/1324/1324 1337/1337/1337
f 1304/1304/1304 1338/1338/1338 1327/1327/1327
f 1305/1305/1305 1330/1330/1330 1339/1339/1339
f 1304/1304/1304 1331/1331/1331 1338/1338/1338
f 1331/1331/1331 1304/1304/1304 1334/1334/1334
f 1337/1337/1337 1335/1335/1335 1339/1339/1339
f 1335/1335/1335 1337/1337/1337 1332/1332/1332
f 1339/1339/1339 1336/1336/1336 1305/1305/1305
f 1336/1336/1336 1339/1339/1339 1335/1335/1335
f 1337/1337/1337 1331/1331/1331 1332/1332/1332
f 1337/1337/1337 1338/1338/1338 1331/1331/1331
f 1334/1334/1334 1336/1336/1336 1333/1333/1333
f 1334/1334/1334 1305/1305/1305 1336/1336/1336
f 1334/1334/1334 1304/1304/1304 1305/1305/1305
f 1340/1340/1340 1342/1342/1342 1341/1341/1341
f 1341/1341/1341 1343/1343/1343 1340/1340/1340
f 1344/1344/1344 1346/1346/1346 1345/1345/1345
f 1345/1345/1345 1347/1347/1347 1344/1344/1344
f 1348/1348/1348 1350/1350/1350 1349/1349/1349
f 1349/1349/1349 1351/1351/1351 1348/1348/1348
f 1352/1352/1352 1354/1354/1354 1353/1353/1353
f 1347/1347/1347 1345/1345/1345 1355/1355/1355
f 1355/1355/1355 1356/1356/1356 1347/1347/1347
f 1351/1351/1351 1349/1349/1349 1357/1357/1357
f 1357/1357/1357 1358/1358/1358 1351/1351/1351
f 1352/1352/1352 1353/1353/1353 1359/1359/1359
f 1359/1359/1359 1360/1360/1360 1352/1352/1352
f 1349/1349/1349 1362/1362/1362 1361/1361/1361
f 1361/1361/1361 1357/1357/1357 1349/1349/1349
f 1362/1362/1362 1352/1352/1352 1360/1360/1360
f 1360/1360/1360 1361/1361/1361 1362/1362/1362
f 1356/1356/1356 1355/1355/1355 1363/1363/1363
f 1363/1363/1363 1364/1364/1364 1356/1356/1356
f 1358/1358/1358 1357/1357/1357 1365/1365/1365
f 1365/1365/1365 1366/1366/1366 1358/1358/1358
f 1360/1360/1360 1359/1359/1359 1367/1367/1367
f 1367/1367/1367 1368/1368/1368 1360/1360/1360
f 1361/1361/1361 1365/1365/1365 1357/1357/1357
f 1361/1361/1361 1360/1360/1360 1368/1368/1368
f 1366/1366/1366 1365/1365/1365 1341/1341/1341
f 1341/1341/1341 1342/1342/1342 1366/1366/1366
f 1368/1368/1368 1367/1367/1367 1340/1340/1340
f 1340/1340/1340 1343/1343/1343 1368/1368/1368
f 1369/1369/1369 1371/1371/1371 1370/1370/1370
f 1370/1370/1370 1372/1372/1372 1369/1369/1369
f 1371/1371/1371 1374/1374/1374 1373/1373/1373
f 1373/1373/1373 1370/1370/1370 1371/1371/1371
f 1365/1365/1365 1361/1361/1361 1375/1375/1375
f 1375/1375/1375 1376/1376/1376 1365/1365/1365
f 1361/1361/1361 1368/1368/1368 1377/1377/1377
f 1377/1377/1377 1375/1375/1375 1361/1361/1361
f 1341/1341/1341 1365/1365/1365 1376/1376/1376
f 1343/1343/1343 1377/1377/1377 1368/1368/1368
f 1341/1341/1341 1376/1376/1376 1369/1369/1369
f 1369/1369/1369 1372/1372/1372 1341/1341/1341
f 1375/1375/1375 1377/1377/1377 1374/1374/1374
f 1374/1374/1374 1371/1371/1371 1375/1375/1375
f 1377/1377/1377 1343/1343/1343 1373/1373/1373
f 1373/1373/1373 1374/1374/1374 1377/1377/1377
f 1375/1375/1375 1371/1371/1371 1369/1369/1369
f 1375/1375/1375 1369/1369/1369 1376/1376/1376
f 1372/1372/1372 1370/1370/1370 1373/1373/1373
f 1372/1372/1372 1373/1373/1373 1343/1343/1343
f 1372/1372/1372 1343/1343/1343 1341/1341/1341
f 1378/1378/1378 1380/1380/1380 1379/1379/1379
f 1380/1380/1380 1378/1378/1378 1381/1381/1381
f 1382/1382/1382 1381/1381/1381 1383/1383/1383
f 1381/1381/1381 1382/1382/1382 1380/1380/1380
f 1383/1383/1383 1381/1381/1381 1378/1378/1378
f 1379/1379/1379 1380/1380/1380 1382/1382/1382
f 1384/1384/1384 1386/1386/1386 1385/1385/1385
f 1386/1386/1386 1384/1384/1384 1387/1387/1387
f 1388/1388/1388 1387/1387/1387 1389/1389/1389
f 1387/1387/1387 1388/1388/1388 1386/1386/1386
f 1385/1385/1385 1386/1386/1386 1388/1388/1388
f 1389/1389/1389 1387/1387/1387 1384/1384/1384
f 1312/1312/1312 1390/1390/1390 1311/1311/1311
f 1311/1311/1311 1390/1390/1390 1323/1323/1323
f 1362/1362/1362 1391/1391/1391 1350/1350/1350
f 1349/1349/1349 1391/1391/1391 1362/1362/1362
f 1390/1390/1390 1312/1312/1312 1323/1323/1323
f 1391/1391/1391 1349/1349/1349 1350/1350/1350

g gloves_07
# texture: gloves_07.jpg
v -62.6009 1.1255 94.8705
v -63.3661 1.599705 96.3075
v -69.8209 2.463001 97.23159
v -69.885 2.0966 95.48419
v -48.7405 41.714 72.6491
v -47.9412 43.3982 79.6705
v -50.4983 30.2675 85.75879
v -51.5163 32.0203 77.1311
v -54.4168 44.7856 79.9887
v -58.6164 44.9657 77.909
v -60.8212 38.673 81.9294
v -56.7538 33.5756 86.80789
v -58.6164 44.9657 77.909
v -55.7202 43.8272 71.7831
v -59.0528 34.3201 76.6789
v -60.8212 38.673 81.9294
v -54.8515 20.4188 88.6015
v -57.4399 17.7185 83.90739
v -51.5163 32.0203 77.1311
v -57.4399 17.7185 83.90739
v -62.1937 18.5465 85.0601
v -58.6748 22.786 91.0028
v -63.7149 21.5468 88.07999
v -63.7149 21.5468 88.07999
v -58.4612 19.2059 92.7113
v -65.401 21.1624 92.6729
v -59.4022 14.0522 94.3122
v -59.7369 9.144398 93.32269
v -66.7414 15.90139 95.24319
v -59.7369 9.144398 93.32269
v -64.6192 10.1399 93.03839
v -71.2102 11.9025 86.9211
v -70.292 10.7007 86.24259
v -70.3994 10.03 87.4125
v -71.3176 11.2319 88.091
v -60.5878 8.775501 95.5154
v -67.4381 10.7247 96.6564
v -67.2486 11.3115 93.8167
v -62.6009 1.1255 94.8705
v -69.885 2.0966 95.48419
v -67.2486 11.3115 93.8167
v -66.3761 14.4604 85.6138
v -68.3454 16.58691 86.1436
v -66.636 13.3094 88.4502
v -68.6054 15.4359 88.98
v -66.636 13.3094 88.4502
v -68.6054 15.4359 88.98
v -71.3176 11.2319 88.091
v -70.3994 10.03 87.4125
v -68.3454 16.58691 86.1436
v -71.2102 11.9025 86.9211
v -84.4623 -1.379498 79.1918
v -77.1552 -0.371304 81.44609
v -83.6412 -1.124889 80.6534
v -77.1601 -0.4669 79.66209
v -99.2621 42.007 63.9458
v -96.9873 28.7081 75.0824
v -99.7869 42.5963 71.1705
v -96.3082 31.7617 66.7863
v -93.2569 43.4352 71.3285
v -86.8259 37.6644 72.1789
v -89.1199 43.8092 69.1571
v -90.6964 31.8575 76.37889
v -89.1199 43.8092 69.1571
v -88.7986 34.1507 66.3993
v -92.3251 44.2711 63.1433
v -86.8259 37.6644 72.1789
v -92.5212 18.5695 76.21829
v -90.1191 16.632 71.07019
v -90.1191 16.632 71.07019
v -96.3082 31.7617 66.7863
v -85.3238 17.3051 72.1495
v -88.6069 20.5676 78.8015
v -83.6856 19.82011 75.5299
v -83.6856 19.82011 75.5299
v -88.6904 16.792 79.97659
v -81.7582 18.7758 79.96649
v -87.6852 11.4608 80.7354
v -87.388 6.7631 78.99709
v -80.3156 13.1933 81.6507
v -87.388 6.7631 78.99709
v -82.5211 7.821495 78.6779
v -76.1773 10.53699 72.64859
v -76.9674 8.606396 72.88008
v -77.1211 9.446701 71.8311
v -76.0235 9.696705 73.6976
v -86.4511 6.070004 81.0732
v -79.5618 7.866299 82.23009
v -79.8635 8.877594 79.52259
v -84.4623 -1.379498 79.1918
v -77.1601 -0.4669 79.66209
v -79.8635 8.877594 79.52259
v -81.0602 13.2333 71.9358
v -79.0722 15.2667 72.70639
v -80.6881 11.6655 74.5513
v -78.7001 13.6989 75.3219
v -80.6881 11.6655 74.5513
v -76.0235 9.696705 73.6976
v -78.7001 13.6989 75.3219
v -76.9674 8.606396 72.88008
v -76.1773 10.53699 72.64859
v -79.0722 15.2667 72.70639
v -47.64899 42.4115 86.579
v -49.3206 35.8641 89.14499
v -98 33.7585 79.3205
v -99.7745 40.6093 77.8503
v -48.7405 41.714 72.6491
v -56.8235 36.4628 67.8543
v -99.2621 42.007 63.9458
v -91.3731 37.5987 58.0979
vn 0.194597 -0.917684 -0.346394
vn 0.582307 -0.461606 0.669208
vn -0.27989 -0.524682 0.803972
vn -0.794505 -0.233902 -0.560404
vn 0.839087 -0.179897 -0.513392
vn 0.971388 0.237497 -0.0012
vn 0.895057 -0.271887 0.353483
vn 0.611533 -0.622233 -0.488726
vn -0.295496 0.668292 0.682692
vn -0.942873 0.331191 -0.036099
vn -0.891176 0.36479 0.269693
vn -0.282295 0.306095 0.909184
vn -0.942873 0.331191 -0.036099
vn -0.69318 0.325891 -0.642882
vn -0.765 -0.2312 -0.6011
vn -0.891176 0.36479 0.269693
vn 0.818295 -0.309598 0.484297
vn 0.587702 -0.654602 -0.475502
vn 0.611533 -0.622233 -0.488726
vn 0.587702 -0.654602 -0.475502
vn -0.353492 -0.47139 -0.807982
vn 0.106101 0.353204 0.929511
vn -0.742399 0.660699 -0.111
vn -0.742399 0.660699 -0.111
vn 0.599099 0.164 0.783699
vn -0.331602 0.736003 0.590203
vn 0.70372 0.061402 0.70782
vn 0.792127 -0.549919 -0.264809
vn -0.553492 0.325795 0.766489
vn 0.792127 -0.549919 -0.264809
vn -0.228801 -0.540101 -0.809902
vn -0.951979 0.069398 -0.298194
vn -0.30971 -0.33721 -0.889027
vn -0.090702 -0.988426 -0.121603
vn -0.63819 -0.245196 0.729789
vn 0.550718 -0.047702 0.833327
vn -0.612688 0.286194 0.736686
vn -0.946127 -0.102003 -0.307309
vn 0.194597 -0.917684 -0.346394
vn -0.794505 -0.233902 -0.560404
vn -0.946127 -0.102003 -0.307309
vn 0.33078 -0.336579 -0.881646
vn -0.591718 0.448714 -0.669721
vn 0.296112 -0.937438 0.183107
vn -0.97058 0.155897 0.183496
vn 0.296112 -0.937438 0.183107
vn -0.97058 0.155897 0.183496
vn -0.63819 -0.245196 0.729789
vn -0.090702 -0.988426 -0.121603
vn -0.591718 0.448714 -0.669721
vn -0.951979 0.069398 -0.298194
vn -0.207788 -0.85545 -0.474372
vn 0.311597 -0.639193 0.703093
vn -0.555233 -0.561834 0.613237
vn 0.771839 -0.140807 -0.620031
vn -0.858521 -0.105003 -0.501912
vn -0.84929 -0.335396 0.407695
vn -0.994686 0.089999 0.049999
vn -0.630011 -0.544409 -0.55381
vn 0.284196 0.635391 0.717991
vn 0.896423 0.341409 0.282607
vn 0.933654 0.356682 -0.032698
vn 0.349191 0.193395 0.916877
vn 0.933654 0.356682 -0.032698
vn 0.740898 -0.1321 -0.658498
vn 0.667289 0.424493 -0.61199
vn 0.896423 0.341409 0.282607
vn -0.797565 -0.385983 0.46358
vn -0.605304 -0.580904 -0.544204
vn -0.605304 -0.580904 -0.544204
vn -0.630011 -0.544409 -0.55381
vn 0.323096 -0.341795 -0.882488
vn -0.070502 0.207307 0.975732
vn 0.734413 0.677512 -0.040201
vn 0.734413 0.677512 -0.040201
vn -0.5654 0.0389 0.823899
vn 0.35289 0.643781 0.67898
vn -0.673909 -0.051601 0.73701
vn -0.801576 -0.509485 -0.312891
vn 0.58317 0.208789 0.78506
vn -0.801576 -0.509485 -0.312891
vn 0.198005 -0.40981 -0.890421
vn 0.93943 0.120104 -0.32101
vn 0.086099 -0.957784 -0.274295
vn 0.274505 -0.195904 -0.941418
vn 0.666581 -0.34939 0.658481
vn -0.517405 -0.177602 0.837108
vn 0.641174 0.174593 0.74727
vn 0.933292 -0.048 -0.355897
vn -0.207788 -0.85545 -0.474372
vn 0.771839 -0.140807 -0.620031
vn 0.933292 -0.048 -0.355897
vn -0.363014 -0.201508 -0.909734
vn 0.563805 0.550705 -0.615506
vn -0.283401 -0.957804 0.0479
vn 0.976831 0.134204 0.166705
vn -0.283401 -0.957804 0.0479
vn 0.666581 -0.34939 0.658481
vn 0.976831 0.134204 0.166705
vn 0.086099 -0.957784 -0.274295
vn 0.93943 0.120104 -0.32101
vn 0.563805 0.550705 -0.615506
vn 0.790503 0.461102 0.403101
vn -0.040601 0.097302 0.994426
vn -0.61811 -0.355306 0.701212
vn -0.057898 0.618978 0.783272
vn 0.839087 -0.179897 -0.513392
vn -0.154599 -0.341197 -0.927192
vn -0.858521 -0.105003 -0.501912
vn 0.118305 -0.195008 -0.973641
vt 0.3852 0.0212
vt 0.3612 0.0207
vt 0.1759 0.0009
vt 0.1759 0.0005
vt 0.4706 0.9952
vt 0.3341 0.9995
vt 0.3371 0.7083
vt 0.457 0.7733
vt 0.1875 0.9975
vt 0.1488 0.9874
vt 0.1172 0.8012
vt 0.1634 0.7158
vt 0.6333 0.9917
vt 0.7999 0.9882
vt 0.765 0.7625
vt 0.6103 0.8119
vt 0.3272 0.479
vt 0.4007 0.431
vt 0.9276 0.7767
vt 0.8692 0.4329
vt 0.7469 0.4056
vt 0.1842 0.4817
vt 0.1623 0.4332
vt 0.6276 0.4448
vt 0.3698 0.4043
vt 0.1628 0.4073
vt 0.3813 0.2923
vt 0.4067 0.1988
vt 0.1447 0.2872
vt 0.8754 0.1996
vt 0.7268 0.1953
vt 0.5282 0.2236
vt 0.5633 0.2075
vt 0.5658 0.189
vt 0.5307 0.2051
vt 0.3867 0.1783
vt 0.1828 0.1768
vt 0.1825 0.2008
vt 0.853 0.0502
vt 0.6358 0.0005
vt 0.6505 0.2041
vt 0.6481 0.3039
vt 0.5757 0.3334
vt 0.6506 0.2684
vt 0.5782 0.2978
vt 0.1629 0.2648
vt 0.0932 0.2941
vt 0.0474 0.2018
vt 0.0812 0.1858
vt 0.0908 0.3295
vt 0.045 0.2202
vt 0.3852 0.0212
vt 0.1759 0.0009
vt 0.3612 0.0207
vt 0.1759 0.0005
vt 0.4706 0.9952
vt 0.3371 0.7083
vt 0.3341 0.9995
vt 0.457 0.7733
vt 0.1875 0.9943
vt 0.1172 0.8012
vt 0.1488 0.9841
vt 0.1634 0.7158
vt 0.6333 0.9884
vt 0.765 0.7625
vt 0.7999 0.9882
vt 0.6103 0.8119
vt 0.3272 0.479
vt 0.4007 0.431
vt 0.8692 0.4329
vt 0.9276 0.7767
vt 0.7469 0.4056
vt 0.1842 0.4817
vt 0.1623 0.4332
vt 0.6276 0.4448
vt 0.3698 0.4043
vt 0.1628 0.4073
vt 0.3813 0.2923
vt 0.4067 0.1988
vt 0.1447 0.2872
vt 0.8754 0.1996
vt 0.7268 0.1953
vt 0.5282 0.2236
vt 0.5658 0.189
vt 0.5633 0.2075
vt 0.5307 0.2051
vt 0.3867 0.1783
vt 0.1828 0.1768
vt 0.1825 0.2008
vt 0.853 0.0502
vt 0.6358 0.0005
vt 0.6505 0.2041
vt 0.6481 0.3039
vt 0.5757 0.3334
vt 0.6506 0.2684
vt 0.5782 0.2978
vt 0.1629 0.2648
vt 0.0474 0.2018
vt 0.0932 0.2941
vt 0.0812 0.1858
vt 0.045 0.2202
vt 0.0908 0.3295
vt 0.2234 0.9511
vt 0.2265 0.805
vt 0.2256 0.8055
vt 0.2225 0.9516
vt 0.9417 0.9995
vt 0.9493 0.8614
vt 0.9417 0.9995
vt 0.9493 0.8614
f 1392/1392/1392 1394/1394/1394 1393/1393/1393
f 1394/1394/1394 1392/1392/1392 1395/1395/1395
f 1396/1396/1396 1398/1398/1398 1397/1397/1397
f 1398/1398/1398 1396/1396/1396 1399/1399/1399
f 1400/1400/1400 1402/1402/1402 1401/1401/1401
f 1402/1402/1402 1400/1400/1400 1403/1403/1403
f 1404/1404/1404 1406/1406/1406 1405/1405/1405
f 1406/1406/1406 1404/1404/1404 1407/1407/1407
f 1408/1408/1408 1399/1399/1399 1409/1409/1409
f 1399/1399/1399 1408/1408/1408 1398/1398/1398
f 1406/1406/1406 1411/1411/1411 1410/1410/1410
f 1411/1411/1411 1406/1406/1406 1412/1412/1412
f 1398/1398/1398 1413/1413/1413 1403/1403/1403
f 1413/1413/1413 1398/1398/1398 1408/1408/1408
f 1403/1403/1403 1414/1414/1414 1402/1402/1402
f 1414/1414/1414 1403/1403/1403 1413/1413/1413
f 1407/1407/1407 1412/1412/1412 1406/1406/1406
f 1412/1412/1412 1407/1407/1407 1415/1415/1415
f 1409/1409/1409 1416/1416/1416 1408/1408/1408
f 1417/1417/1417 1408/1408/1408 1416/1416/1416
f 1408/1408/1408 1417/1417/1417 1413/1413/1413
f 1414/1414/1414 1413/1413/1413 1417/1417/1417
f 1409/1409/1409 1418/1418/1418 1416/1416/1416
f 1418/1418/1418 1409/1409/1409 1419/1419/1419
f 1416/1416/1416 1420/1420/1420 1417/1417/1417
f 1420/1420/1420 1416/1416/1416 1418/1418/1418
f 1412/1412/1412 1421/1421/1421 1411/1411/1411
f 1421/1421/1421 1412/1412/1412 1422/1422/1422
f 1423/1423/1423 1425/1425/1425 1424/1424/1424
f 1425/1425/1425 1423/1423/1423 1426/1426/1426
f 1419/1419/1419 1427/1427/1427 1418/1418/1418
f 1418/1418/1418 1428/1428/1428 1420/1420/1420
f 1428/1428/1428 1418/1418/1418 1427/1427/1427
f 1429/1429/1429 1420/1420/1420 1428/1428/1428
f 1419/1419/1419 1393/1393/1393 1427/1427/1427
f 1393/1393/1393 1419/1419/1419 1392/1392/1392
f 1427/1427/1427 1394/1394/1394 1428/1428/1428
f 1394/1394/1394 1427/1427/1427 1393/1393/1393
f 1422/1422/1422 1430/1430/1430 1421/1421/1421
f 1430/1430/1430 1422/1422/1422 1431/1431/1431
f 1428/1428/1428 1395/1395/1395 1429/1429/1429
f 1395/1395/1395 1428/1428/1428 1394/1394/1394
f 1432/1432/1432 1431/1431/1431 1422/1422/1422
f 1415/1415/1415 1433/1433/1433 1412/1412/1412
f 1433/1433/1433 1415/1415/1415 1434/1434/1434
f 1412/1412/1412 1435/1435/1435 1422/1422/1422
f 1435/1435/1435 1412/1412/1412 1433/1433/1433
f 1422/1422/1422 1436/1436/1436 1432/1432/1432
f 1436/1436/1436 1422/1422/1422 1435/1435/1435
f 1434/1434/1434 1424/1424/1424 1433/1433/1433
f 1424/1424/1424 1434/1434/1434 1423/1423/1423
f 1433/1433/1433 1425/1425/1425 1435/1435/1435
f 1425/1425/1425 1433/1433/1433 1424/1424/1424
f 1437/1437/1437 1439/1439/1439 1438/1438/1438
f 1439/1439/1439 1437/1437/1437 1440/1440/1440
f 1438/1438/1438 1442/1442/1442 1441/1441/1441
f 1442/1442/1442 1438/1438/1438 1439/1439/1439
f 1443/1443/1443 1445/1445/1445 1444/1444/1444
f 1444/1444/1444 1446/1446/1446 1443/1443/1443
f 1447/1447/1447 1449/1449/1449 1448/1448/1448
f 1448/1448/1448 1450/1450/1450 1447/1447/1447
f 1451/1451/1451 1453/1453/1453 1452/1452/1452
f 1452/1452/1452 1454/1454/1454 1451/1451/1451
f 1455/1455/1455 1457/1457/1457 1456/1456/1456
f 1456/1456/1456 1458/1458/1458 1455/1455/1455
f 1459/1459/1459 1460/1460/1460 1450/1450/1450
f 1450/1450/1450 1448/1448/1448 1459/1459/1459
f 1456/1456/1456 1462/1462/1462 1461/1461/1461
f 1461/1461/1461 1463/1463/1463 1456/1456/1456
f 1448/1448/1448 1454/1454/1454 1464/1464/1464
f 1464/1464/1464 1459/1459/1459 1448/1448/1448
f 1454/1454/1454 1452/1452/1452 1465/1465/1465
f 1465/1465/1465 1464/1464/1464 1454/1454/1454
f 1458/1458/1458 1456/1456/1456 1463/1463/1463
f 1463/1463/1463 1466/1466/1466 1458/1458/1458
f 1460/1460/1460 1459/1459/1459 1467/1467/1467
f 1468/1468/1468 1467/1467/1467 1459/1459/1459
f 1459/1459/1459 1464/1464/1464 1468/1468/1468
f 1465/1465/1465 1468/1468/1468 1464/1464/1464
f 1460/1460/1460 1467/1467/1467 1469/1469/1469
f 1469/1469/1469 1470/1470/1470 1460/1460/1460
f 1467/1467/1467 1468/1468/1468 1471/1471/1471
f 1471/1471/1471 1469/1469/1469 1467/1467/1467
f 1463/1463/1463 1461/1461/1461 1472/1472/1472
f 1472/1472/1472 1473/1473/1473 1463/1463/1463
f 1474/1474/1474 1476/1476/1476 1475/1475/1475
f 1475/1475/1475 1477/1477/1477 1474/1474/1474
f 1470/1470/1470 1469/1469/1469 1478/1478/1478
f 1469/1469/1469 1471/1471/1471 1479/1479/1479
f 1479/1479/1479 1478/1478/1478 1469/1469/1469
f 1480/1480/1480 1479/1479/1479 1471/1471/1471
f 1470/1470/1470 1478/1478/1478 1445/1445/1445
f 1445/1445/1445 1443/1443/1443 1470/1470/1470
f 1478/1478/1478 1479/1479/1479 1444/1444/1444
f 1444/1444/1444 1445/1445/1445 1478/1478/1478
f 1473/1473/1473 1472/1472/1472 1481/1481/1481
f 1481/1481/1481 1482/1482/1482 1473/1473/1473
f 1479/1479/1479 1480/1480/1480 1446/1446/1446
f 1446/1446/1446 1444/1444/1444 1479/1479/1479
f 1483/1483/1483 1473/1473/1473 1482/1482/1482
f 1466/1466/1466 1463/1463/1463 1484/1484/1484
f 1484/1484/1484 1485/1485/1485 1466/1466/1466
f 1463/1463/1463 1473/1473/1473 1486/1486/1486
f 1486/1486/1486 1484/1484/1484 1463/1463/1463
f 1473/1473/1473 1483/1483/1483 1487/1487/1487
f 1487/1487/1487 1486/1486/1486 1473/1473/1473
f 1485/1485/1485 1484/1484/1484 1476/1476/1476
f 1476/1476/1476 1474/1474/1474 1485/1485/1485
f 1484/1484/1484 1486/1486/1486 1475/1475/1475
f 1475/1475/1475 1476/1476/1476 1484/1484/1484
f 1488/1488/1488 1490/1490/1490 1489/1489/1489
f 1489/1489/1489 1491/1491/1491 1488/1488/1488
f 1490/1490/1490 1493/1493/1493 1492/1492/1492
f 1492/1492/1492 1489/1489/1489 1490/1490/1490
f 1420/1420/1420 1429/1429/1429 1438/1438/1438
f 1420/1420/1420 1438/1438/1438 1417/1417/1417
f 1490/1490/1490 1480/1480/1480 1471/1471/1471
f 1490/1490/1490 1471/1471/1471 1468/1468/1468
f 1493/1493/1493 1490/1490/1490 1465/1465/1465
f 1465/1465/1465 1490/1490/1490 1468/1468/1468
f 1417/1417/1417 1438/1438/1438 1414/1414/1414
f 1438/1438/1438 1441/1441/1441 1414/1414/1414
f 1398/1398/1398 1494/1494/1494 1397/1397/1397
f 1494/1494/1494 1398/1398/1398 1495/1495/1495
f 1397/1397/1397 1494/1494/1494 1400/1400/1400
f 1400/1400/1400 1495/1495/1495 1403/1403/1403
f 1495/1495/1495 1400/1400/1400 1494/1494/1494
f 1403/1403/1403 1495/1495/1495 1398/1398/1398
f 1449/1449/1449 1496/1496/1496 1448/1448/1448
f 1496/1496/1496 1449/1449/1449 1497/1497/1497
f 1454/1454/1454 1497/1497/1497 1451/1451/1451
f 1497/1497/1497 1454/1454/1454 1496/1496/1496
f 1451/1451/1451 1497/1497/1497 1449/1449/1449
f 1448/1448/1448 1496/1496/1496 1454/1454/1454
f 1498/1498/1498 1499/1499/1499 1410/1410/1410
f 1405/1405/1405 1499/1499/1499 1498/1498/1498
f 1410/1410/1410 1499/1499/1499 1406/1406/1406
f 1406/1406/1406 1499/1499/1499 1405/1405/1405
f 1462/1462/1462 1501/1501/1501 1500/1500/1500
f 1500/1500/1500 1501/1501/1501 1457/1457/1457
f 1457/1457/1457 1501/1501/1501 1456/1456/1456
f 1456/1456/1456 1501/1501/1501 1462/1462/1462

g head_07
# texture: head_07.jpg
v -91.9509 18.3272 60.0945
v -103.1117 25.7025 48.4988
v -95.1588 25.3684 58.5986
v -99.1974 10.7779 40.1045
v -99.504 19.0255 66.1404
v -102.8515 28.5839 67.9073
v -101.2626 42.9715 44.5335
v -94.6727 32.4096 58.8253
v -102.962 34.3018 69.0775
v -104.2467 39.6448 50.933
v -96.8926 38.9808 60.5403
v -105.285 44.4352 53.1595
v -101.0568 44.4352 61.9638
v -115.8789 28.8107 75.8783
v -106.391 42.6996 68.672
v -114.3925 42.0256 72.6906
v -109.0856 49.1844 61.3099
v -107.4186 2.0856 87.8022
v -103.763 0.173401 87.6885
v -101.5694 15.3583 74.2964
v -107.3847 19.7969 76.2634
v -104.0698 28.6383 67.8353
v -108.5771 19.7095 76.0164
v -108.3873 1.3015 87.6596
v -104.7316 -0.610701 87.5459
v -114.0999 24.7186 72.0632
v -104.1209 29.0695 68.4101
v -104.2879 33.6295 68.7683
v -119.1685 18.3272 47.4027
v -115.9606 25.3684 48.8986
v -118.9449 19.0255 57.075
v -118.1467 28.5839 60.7751
v -116.4466 32.4096 48.6719
v -118.972 34.3018 61.6119
v -116.3335 38.9808 51.4748
v -114.7473 44.4352 55.5799
v -116.4573 42.6996 63.978
v -130.4514 2.0856 77.0619
v -123.8651 15.3583 63.8998
v -132.714 0.173401 74.1884
v -121.6339 19.7969 69.6189
v -117.3085 28.6383 61.662
v -120.6783 19.7095 70.3736
v -129.7194 1.3015 77.7122
v -131.9821 -0.610701 74.8388
v -117.8829 33.6295 62.4288
v -117.7159 29.0695 62.0707
v -102.8515 28.5839 67.9073
v -114.0999 24.7186 72.0632
v -118.1467 28.5839 60.7751
vn 0.879615 0.452108 -0.147903
vn 0.415605 0.181702 -0.891211
vn 0.993002 0.101 0.0612
vn 0.359091 0.527286 -0.77008
vn 0.780502 0.285601 0.556101
vn 0.792691 0.285397 0.538694
vn 0.386318 0.405519 -0.82844
vn 0.916629 0.241808 0.31831
vn 0.728218 0.074202 0.681317
vn 0.252104 0.802612 -0.540608
vn 0.888798 0.456999 -0.0345
vn 0.297009 0.711421 -0.636919
vn 0.691875 0.662876 0.28619
vn -0.422392 -0.033799 0.905783
vn 0.459599 0.470598 0.753198
vn -0.316901 0.661601 0.679601
vn -0.053602 0.99193 0.114903
vn 0.039802 0.432925 0.900551
vn 0.093797 0.120497 0.988273
vn 0.617811 0.443808 0.649111
vn 0.154503 0.602511 0.783014
vn -0.554891 0.702589 0.445493
vn -0.975432 0.143205 0.167406
vn -0.683888 -0.403293 0.60799
vn -0.43621 -0.851319 0.291507
vn -0.367894 -0.492092 0.788987
vn -0.347414 0.060803 -0.935738
vn -0.115003 0.135203 -0.984121
vn -0.452101 0.452101 -0.768902
vn -0.685209 0.101001 -0.72131
vn -0.927706 0.285602 -0.240402
vn -0.922188 0.285396 -0.260997
vn -0.833016 0.241805 -0.49761
vn -0.990009 0.074201 -0.119901
vn -0.544869 0.456974 -0.70306
vn -0.663984 0.662884 -0.345992
vn -0.872402 0.470601 0.1321
vn -0.715421 0.432913 0.548416
vn -0.89438 0.44379 -0.055999
vn -0.817333 0.120505 0.563423
vn -0.69911 0.602508 0.385005
vn 0.0155 0.702608 0.711408
vn 0.498727 0.143208 0.854847
vn -0.0262 -0.403297 0.914694
vn 0.057099 -0.851284 0.52159
vn 0.827795 0.135199 -0.544497
vn 0.94011 0.060801 -0.335404
vn -0.172209 -0.913248 0.369219
vn 0.174597 -0.910684 -0.374393
vn -0.297009 -0.711421 0.636919
vt 0.6794 0.3804
vt 0.8026 0.5284
vt 0.6794 0.5217
vt 0.9995 0.229
vt 0.495 0.3944
vt 0.4309 0.5862
vt 0.8956 0.8749
vt 0.6794 0.663
vt 0.4073 0.7009
vt 0.7455 0.8081
vt 0.6264 0.7948
vt 0.6932 0.9042
vt 0.5615 0.9042
vt 0.1602 0.5908
vt 0.3843 0.8694
vt 0.235 0.8559
vt 0.502 0.9995
vt 0.0065 0.0546
vt 0.0415 0.0162
vt 0.3193 0.3209
vt 0.2291 0.4099
vt 0.4213 0.5873
vt 0.2232 0.4082
vt 0.0005 0.0389
vt 0.0355 0.0005
vt 0.2497 0.5087
vt 0.4098 0.596
vt 0.4014 0.6874
vt 0.6794 0.3804
vt 0.6794 0.5217
vt 0.495 0.3944
vt 0.4309 0.5862
vt 0.6794 0.663
vt 0.4073 0.7009
vt 0.6264 0.7948
vt 0.5615 0.9042
vt 0.3843 0.8694
vt 0.0065 0.0546
vt 0.3193 0.3209
vt 0.0415 0.0162
vt 0.2291 0.4099
vt 0.4213 0.5873
vt 0.2232 0.4082
vt 0.0005 0.0389
vt 0.0355 0.0005
vt 0.4014 0.6874
vt 0.4098 0.596
vt 0.7807 0.2419
vt 0.5 0.0005
vt 0.2193 0.2419
f 1502/1502/1502 1504/1504/1504 1503/1503/1503
f 1502/1502/1502 1503/1503/1503 1505/1505/1505
f 1506/1506/1506 1507/1507/1507 1504/1504/1504
f 1506/1506/1506 1504/1504/1504 1502/1502/1502
f 1504/1504/1504 1509/1509/1509 1508/1508/1508
f 1504/1504/1504 1508/1508/1508 1503/1503/1503
f 1507/1507/1507 1510/1510/1510 1509/1509/1509
f 1507/1507/1507 1509/1509/1509 1504/1504/1504
f 1509/1509/1509 1512/1512/1512 1511/1511/1511
f 1509/1509/1509 1511/1511/1511 1508/1508/1508
f 1510/1510/1510 1512/1512/1512 1509/1509/1509
f 1512/1512/1512 1514/1514/1514 1513/1513/1513
f 1512/1512/1512 1513/1513/1513 1511/1511/1511
f 1515/1515/1515 1517/1517/1517 1516/1516/1516
f 1515/1515/1515 1516/1516/1516 1510/1510/1510
f 1510/1510/1510 1516/1516/1516 1514/1514/1514
f 1510/1510/1510 1514/1514/1514 1512/1512/1512
f 1518/1518/1518 1516/1516/1516 1517/1517/1517
f 1518/1518/1518 1514/1514/1514 1516/1516/1516
f 1519/1519/1519 1521/1521/1521 1520/1520/1520
f 1521/1521/1521 1519/1519/1519 1522/1522/1522
f 1523/1523/1523 1522/1522/1522 1524/1524/1524
f 1522/1522/1522 1523/1523/1523 1507/1507/1507
f 1525/1525/1525 1520/1520/1520 1526/1526/1526
f 1520/1520/1520 1525/1525/1525 1519/1519/1519
f 1524/1524/1524 1519/1519/1519 1525/1525/1525
f 1519/1519/1519 1524/1524/1524 1522/1522/1522
f 1513/1513/1513 1514/1514/1514 1518/1518/1518
f 1527/1527/1527 1510/1510/1510 1507/1507/1507
f 1510/1510/1510 1527/1527/1527 1515/1515/1515
f 1507/1507/1507 1529/1529/1529 1528/1528/1528
f 1529/1529/1529 1507/1507/1507 1510/1510/1510
f 1507/1507/1507 1521/1521/1521 1522/1522/1522
f 1507/1507/1507 1506/1506/1506 1521/1521/1521
f 1530/1530/1530 1503/1503/1503 1531/1531/1531
f 1530/1530/1530 1505/1505/1505 1503/1503/1503
f 1532/1532/1532 1531/1531/1531 1533/1533/1533
f 1532/1532/1532 1530/1530/1530 1531/1531/1531
f 1531/1531/1531 1508/1508/1508 1534/1534/1534
f 1531/1531/1531 1503/1503/1503 1508/1508/1508
f 1533/1533/1533 1534/1534/1534 1535/1535/1535
f 1533/1533/1533 1531/1531/1531 1534/1534/1534
f 1534/1534/1534 1511/1511/1511 1536/1536/1536
f 1534/1534/1534 1508/1508/1508 1511/1511/1511
f 1535/1535/1535 1534/1534/1534 1536/1536/1536
f 1536/1536/1536 1513/1513/1513 1537/1537/1537
f 1536/1536/1536 1511/1511/1511 1513/1513/1513
f 1515/1515/1515 1538/1538/1538 1517/1517/1517
f 1515/1515/1515 1535/1535/1535 1538/1538/1538
f 1535/1535/1535 1537/1537/1537 1538/1538/1538
f 1535/1535/1535 1536/1536/1536 1537/1537/1537
f 1518/1518/1518 1517/1517/1517 1538/1538/1538
f 1518/1518/1518 1538/1538/1538 1537/1537/1537
f 1539/1539/1539 1541/1541/1541 1540/1540/1540
f 1540/1540/1540 1542/1542/1542 1539/1539/1539
f 1543/1543/1543 1544/1544/1544 1542/1542/1542
f 1542/1542/1542 1533/1533/1533 1543/1543/1543
f 1545/1545/1545 1546/1546/1546 1541/1541/1541
f 1541/1541/1541 1539/1539/1539 1545/1545/1545
f 1544/1544/1544 1545/1545/1545 1539/1539/1539
f 1539/1539/1539 1542/1542/1542 1544/1544/1544
f 1513/1513/1513 1518/1518/1518 1537/1537/1537
f 1527/1527/1527 1533/1533/1533 1535/1535/1535
f 1535/1535/1535 1515/1515/1515 1527/1527/1527
f 1533/1533/1533 1548/1548/1548 1547/1547/1547
f 1547/1547/1547 1535/1535/1535 1533/1533/1533
f 1533/1533/1533 1542/1542/1542 1540/1540/1540
f 1533/1533/1533 1540/1540/1540 1532/1532/1532
f 1549/1549/1549 1551/1551/1551 1550/1550/1550
