# Object40.bmd — MU geometry at action 0 key 0, exported for MU2
# 3 mesh(es)

g htht01
# texture: htht01.jpg
v -31.58881 272.8501 18.65519
v 1.631689 272.8502 27.8495
v 1.631687 272.8502 18.6552
v -31.58871 272.8501 27.84949
v -40.7244 249.2027 37.18748
v 2.300594 217.6044 46.8811
v 10.76729 249.2028 37.1875
v -32.25761 217.6044 46.8811
v -32.25761 217.6044 46.8811
v 2.34729 217.7787 46.8811
v 2.300594 217.6044 46.8811
v -32.30431 217.7787 46.8811
v -32.30431 217.7787 46.8811
v 2.947393 215.5391 13.8813
v 2.34729 217.7787 46.8811
v -31.7042 215.5391 13.8813
v -31.7042 215.5391 13.8813
v 11.36739 246.9632 13.8813
v 2.947393 215.5391 13.8813
v -40.12431 246.9632 13.88129
v 11.36739 246.9632 13.8813
v 55.36039 223.4569 37.1875
v 55.96048 221.2173 13.8813
v 10.76729 249.2028 37.1875
v 10.76729 249.2028 37.1875
v 32.22879 200.3253 46.881
v 55.36039 223.4569 37.1875
v 2.300594 217.6044 46.8811
v 2.300594 217.6044 46.8811
v 32.35638 200.4529 46.88099
v 32.22879 200.3253 46.881
v 2.34729 217.7787 46.8811
v 2.34729 217.7787 46.8811
v 32.95649 198.2133 13.8813
v 32.35638 200.4529 46.88099
v 2.947393 215.5391 13.8813
v 2.947393 215.5391 13.8813
v 55.96048 221.2173 13.8813
v 32.95649 198.2133 13.8813
v 11.36739 246.9632 13.8813
v 80.4075 227.369 18.6551
v 97.01768 198.5992 27.84949
v 97.01768 198.5992 18.65509
v 80.4075 227.3689 27.8495
v 55.36039 223.4569 37.1875
v 49.5079 170.3971 46.881
v 81.1062 178.8638 37.1874
v 32.22879 200.3253 46.881
v 32.22879 200.3253 46.881
v 49.6822 170.4438 46.881
v 49.5079 170.3971 46.881
v 32.35638 200.4529 46.88099
v 32.35638 200.4529 46.88099
v 50.28229 168.2042 13.8813
v 49.6822 170.4438 46.881
v 32.95649 198.2133 13.8813
v 32.95649 198.2133 13.8813
v 81.70631 176.6242 13.8813
v 50.28229 168.2042 13.8813
v 55.96048 221.2173 13.8813
v 81.70631 176.6242 13.8813
v 81.10619 127.3721 37.1874
v 81.70628 125.1325 13.8813
v 81.1062 178.8638 37.1874
v 81.1062 178.8638 37.1874
v 49.50789 135.8389 46.881
v 81.10619 127.3721 37.1874
v 49.5079 170.3971 46.881
v 49.5079 170.3971 46.881
v 49.68219 135.7922 46.881
v 49.50789 135.8389 46.881
v 49.6822 170.4438 46.881
v 49.6822 170.4438 46.881
v 50.28228 133.5526 13.8813
v 49.68219 135.7922 46.881
v 50.28229 168.2042 13.8813
v 50.28229 168.2042 13.8813
v 81.70628 125.1325 13.8813
v 50.28228 133.5526 13.8813
v 81.70631 176.6242 13.8813
v 97.01761 107.6368 18.6551
v 80.40742 78.867 27.84951
v 80.40742 78.86699 18.65511
v 97.01761 107.6368 27.8495
v 81.10619 127.3721 37.1874
v 32.22879 105.9106 46.881
v 55.36039 82.77901 37.1874
v 49.50789 135.8389 46.881
v 49.50789 135.8389 46.881
v 32.35639 105.7831 46.881
v 32.22879 105.9106 46.881
v 49.68219 135.7922 46.881
v 49.68219 135.7922 46.881
v 32.9565 103.5434 13.88131
v 32.35639 105.7831 46.881
v 50.28228 133.5526 13.8813
v 50.28228 133.5526 13.8813
v 55.96051 80.53951 13.8813
v 32.9565 103.5434 13.88131
v 81.70628 125.1325 13.8813
v 55.96051 80.53951 13.8813
v 10.76731 57.03321 37.18741
v 11.36741 54.79359 13.88131
v 55.36039 82.77901 37.1874
v 55.36039 82.77901 37.1874
v 2.300507 88.6316 46.88101
v 10.76731 57.03321 37.18741
v 32.22879 105.9106 46.881
v 32.22879 105.9106 46.881
v 2.347204 88.45731 46.881
v 2.300507 88.6316 46.88101
v 32.35639 105.7831 46.881
v 32.35639 105.7831 46.881
v 2.947306 86.2177 13.88131
v 2.347204 88.45731 46.881
v 32.9565 103.5434 13.88131
v 32.9565 103.5434 13.88131
v 11.36741 54.79359 13.88131
v 2.947306 86.2177 13.88131
v 55.96051 80.53951 13.8813
v 1.631712 33.3858 18.65511
v -31.58879 33.3858 27.84951
v -31.58879 33.3858 18.65511
v 1.631708 33.3858 27.84952
v 10.76731 57.03321 37.18741
v -32.25759 88.63159 46.88101
v -40.72439 57.0332 37.18751
v 2.300507 88.6316 46.88101
v 2.300507 88.6316 46.88101
v -32.30429 88.45731 46.881
v -32.25759 88.63159 46.88101
v 2.347204 88.45731 46.881
v 2.347204 88.45731 46.881
v -31.70419 86.2177 13.8813
v -32.30429 88.45731 46.881
v 2.947306 86.2177 13.88131
v 2.947306 86.2177 13.88131
v -40.12429 54.79358 13.88131
v -31.70419 86.2177 13.8813
v 11.36741 54.79359 13.88131
v -40.12429 54.79358 13.88131
v -85.31747 82.77909 37.1875
v -84.71738 80.53949 13.8813
v -40.72439 57.0332 37.18751
v -40.72439 57.0332 37.18751
v -62.18589 105.9107 46.8811
v -85.31747 82.77909 37.1875
v -32.25759 88.63159 46.88101
v -32.25759 88.63159 46.88101
v -62.31349 105.7831 46.8811
v -62.18589 105.9107 46.8811
v -32.30429 88.45731 46.881
v -32.30429 88.45731 46.881
v -61.7134 103.5435 13.88131
v -62.31349 105.7831 46.8811
v -31.70419 86.2177 13.8813
v -31.70419 86.2177 13.8813
v -84.71738 80.53949 13.8813
v -61.7134 103.5435 13.88131
v -40.12429 54.79358 13.88131
v -110.3645 78.86698 18.6552
v -126.9748 107.6368 27.8495
v -126.9748 107.6368 18.6552
v -110.3645 78.8671 27.84951
v -85.31747 82.77909 37.1875
v -79.46498 135.8389 46.8811
v -111.0633 127.3722 37.1875
v -62.18589 105.9107 46.8811
v -62.18589 105.9107 46.8811
v -79.6393 135.7922 46.8811
v -79.46498 135.8389 46.8811
v -62.31349 105.7831 46.8811
v -62.31349 105.7831 46.8811
v -79.03919 133.5526 13.8813
v -79.6393 135.7922 46.8811
v -61.7134 103.5435 13.88131
v -61.7134 103.5435 13.88131
v -110.4632 125.1326 13.88131
v -79.03919 133.5526 13.8813
v -84.71738 80.53949 13.8813
v -110.4632 125.1326 13.88131
v -111.0633 178.8638 37.1875
v -110.4632 176.6242 13.8813
v -111.0633 127.3722 37.1875
v -111.0633 127.3722 37.1875
v -79.465 170.3971 46.8811
v -111.0633 178.8638 37.1875
v -79.46498 135.8389 46.8811
v -79.46498 135.8389 46.8811
v -79.6393 170.4438 46.8811
v -79.465 170.3971 46.8811
v -79.6393 135.7922 46.8811
v -79.6393 135.7922 46.8811
v -79.0392 168.2042 13.8813
v -79.6393 170.4438 46.8811
v -79.03919 133.5526 13.8813
v -79.03919 133.5526 13.8813
v -110.4632 176.6242 13.8813
v -79.0392 168.2042 13.8813
v -110.4632 125.1326 13.88131
v -126.9748 198.5992 18.6552
v -110.3645 227.3689 27.8495
v -110.3645 227.369 18.6552
v -126.9748 198.5992 27.84951
v -111.0633 178.8638 37.1875
v -62.18591 200.3253 46.8811
v -85.3175 223.4569 37.18749
v -79.465 170.3971 46.8811
v -79.465 170.3971 46.8811
v -62.3135 200.4529 46.8811
v -62.18591 200.3253 46.8811
v -79.6393 170.4438 46.8811
v -79.6393 170.4438 46.8811
v -61.71341 198.2133 13.8813
v -62.3135 200.4529 46.8811
v -79.0392 168.2042 13.8813
v -79.0392 168.2042 13.8813
v -84.71741 221.2173 13.88129
v -61.71341 198.2133 13.8813
v -110.4632 176.6242 13.8813
v -84.71741 221.2173 13.88129
v -40.7244 249.2027 37.18748
v -40.12431 246.9632 13.88129
v -85.3175 223.4569 37.18749
v -85.3175 223.4569 37.18749
v -32.25761 217.6044 46.8811
v -40.7244 249.2027 37.18748
v -62.18591 200.3253 46.8811
v -62.18591 200.3253 46.8811
v -32.30431 217.7787 46.8811
v -32.25761 217.6044 46.8811
v -62.3135 200.4529 46.8811
v -62.3135 200.4529 46.8811
v -31.7042 215.5391 13.8813
v -32.30431 217.7787 46.8811
v -61.71341 198.2133 13.8813
v -61.71341 198.2133 13.8813
v -40.12431 246.9632 13.88129
v -31.7042 215.5391 13.8813
v -84.71741 221.2173 13.88129
v 10.76729 249.2028 37.1875
v 11.36739 246.9632 13.8813
v 1.631687 272.8502 18.6552
v 1.631689 272.8502 27.8495
v -31.58881 272.8501 18.65519
v 1.631687 272.8502 18.6552
v -40.12431 246.9632 13.88129
v -40.7244 249.2027 37.18748
v -31.58871 272.8501 27.84949
v -31.58881 272.8501 18.65519
v 1.631689 272.8502 27.8495
v -31.58871 272.8501 27.84949
v 55.96048 221.2173 13.8813
v 55.36039 223.4569 37.1875
v 80.4075 227.3689 27.8495
v 80.4075 227.369 18.6551
v 81.1062 178.8638 37.1874
v 81.70631 176.6242 13.8813
v 97.01768 198.5992 18.65509
v 97.01768 198.5992 27.84949
v 81.70631 176.6242 13.8813
v 55.96048 221.2173 13.8813
v 80.4075 227.369 18.6551
v 97.01768 198.5992 18.65509
v 97.01768 198.5992 27.84949
v 80.4075 227.3689 27.8495
v 81.70628 125.1325 13.8813
v 81.10619 127.3721 37.1874
v 97.01761 107.6368 27.8495
v 97.01761 107.6368 18.6551
v 55.36039 82.77901 37.1874
v 55.96051 80.53951 13.8813
v 80.40742 78.86699 18.65511
v 80.40742 78.867 27.84951
v 97.01761 107.6368 18.6551
v 80.40742 78.86699 18.65511
v 80.40742 78.867 27.84951
v 97.01761 107.6368 27.8495
v 11.36741 54.79359 13.88131
v 10.76731 57.03321 37.18741
v 1.631708 33.3858 27.84952
v 1.631712 33.3858 18.65511
v -40.72439 57.0332 37.18751
v -40.12429 54.79358 13.88131
v -31.58879 33.3858 18.65511
v -31.58879 33.3858 27.84951
v 1.631712 33.3858 18.65511
v -31.58879 33.3858 18.65511
v -31.58879 33.3858 27.84951
v 1.631708 33.3858 27.84952
v -84.71738 80.53949 13.8813
v -85.31747 82.77909 37.1875
v -110.3645 78.8671 27.84951
v -110.3645 78.86698 18.6552
v -111.0633 127.3722 37.1875
v -110.4632 125.1326 13.88131
v -126.9748 107.6368 18.6552
v -126.9748 107.6368 27.8495
v -110.3645 78.86698 18.6552
v -126.9748 107.6368 18.6552
v -126.9748 107.6368 27.8495
v -110.3645 78.8671 27.84951
v -110.4632 176.6242 13.8813
v -111.0633 178.8638 37.1875
v -126.9748 198.5992 27.84951
v -126.9748 198.5992 18.6552
v -85.3175 223.4569 37.18749
v -84.71741 221.2173 13.88129
v -110.3645 227.369 18.6552
v -110.3645 227.3689 27.8495
v -126.9748 198.5992 18.6552
v -110.3645 227.369 18.6552
v -110.3645 227.3689 27.8495
v -126.9748 198.5992 27.84951
v 5.214201 77.7577 18.37861
v 40.189 97.95039 1.650707
v 40.189 97.95039 18.37861
v 5.214205 77.7577 1.650711
v 5.214205 77.7577 1.650711
v 35.3553 102.7841 1.650707
v 40.189 97.95039 1.650707
v 3.444904 84.3607 1.650711
v 3.444904 84.3607 1.650711
v 35.3553 102.7841 18.37861
v 35.3553 102.7841 1.650707
v 3.444906 84.3607 18.37861
v 3.444906 84.3607 18.37861
v 40.189 97.95039 18.37861
v 35.3553 102.7841 18.37861
v 5.214201 77.7577 18.37861
v 40.189 97.95039 18.37861
v 60.3818 132.9252 1.650696
v 60.38179 132.9252 18.3786
v 40.189 97.95039 1.650707
v 40.189 97.95039 1.650707
v 53.7788 134.6945 1.650703
v 60.3818 132.9252 1.650696
v 35.3553 102.7841 1.650707
v 35.3553 102.7841 1.650707
v 53.7788 134.6945 18.3785
v 53.7788 134.6945 1.650703
v 35.3553 102.7841 18.37861
v 35.3553 102.7841 18.37861
v 60.38179 132.9252 18.3786
v 53.7788 134.6945 18.3785
v 40.189 97.95039 18.37861
v 60.38179 132.9252 18.3786
v 60.38179 173.3107 1.650703
v 60.3818 173.3107 18.3786
v 60.3818 132.9252 1.650696
v 60.3818 132.9252 1.650696
v 53.77879 171.5414 1.650703
v 60.38179 173.3107 1.650703
v 53.7788 134.6945 1.650703
v 53.7788 134.6945 1.650703
v 53.77878 171.5414 18.3786
v 53.77879 171.5414 1.650703
v 53.7788 134.6945 18.3785
v 53.7788 134.6945 18.3785
v 60.3818 173.3107 18.3786
v 53.77878 171.5414 18.3786
v 60.38179 132.9252 18.3786
v 60.3818 173.3107 18.3786
v 40.18908 208.2856 1.650692
v 40.18909 208.2856 18.3786
v 60.38179 173.3107 1.650703
v 60.38179 173.3107 1.650703
v 35.35529 203.4518 1.650696
v 40.18908 208.2856 1.650692
v 53.77879 171.5414 1.650703
v 53.77879 171.5414 1.650703
v 35.35529 203.4518 18.3786
v 35.35529 203.4518 1.650696
v 53.77878 171.5414 18.3786
v 53.77878 171.5414 18.3786
v 40.18909 208.2856 18.3786
v 35.35529 203.4518 18.3786
v 60.3818 173.3107 18.3786
v 40.18909 208.2856 18.3786
v 5.21419 228.4783 1.650703
v 5.214193 228.4783 18.37859
v 40.18908 208.2856 1.650692
v 40.18908 208.2856 1.650692
v 3.444893 221.8753 1.650703
v 5.21419 228.4783 1.650703
v 35.35529 203.4518 1.650696
v 35.35529 203.4518 1.650696
v 3.444895 221.8753 18.3786
v 3.444893 221.8753 1.650703
v 35.35529 203.4518 18.3786
v 35.35529 203.4518 18.3786
v 5.214193 228.4783 18.37859
v 3.444895 221.8753 18.3786
v 40.18909 208.2856 18.3786
v 5.214193 228.4783 18.37859
v -35.1713 228.4783 1.650696
v -35.1713 228.4783 18.3786
v 5.21419 228.4783 1.650703
v 5.21419 228.4783 1.650703
v -33.40201 221.8753 1.650696
v -35.1713 228.4783 1.650696
v 3.444893 221.8753 1.650703
v 3.444893 221.8753 1.650703
v -33.40201 221.8753 18.37859
v -33.40201 221.8753 1.650696
v 3.444895 221.8753 18.3786
v 3.444895 221.8753 18.3786
v -35.1713 228.4783 18.3786
v -33.40201 221.8753 18.37859
v 5.214193 228.4783 18.37859
v -35.1713 228.4783 18.3786
v -70.1461 208.2856 1.650696
v -70.1461 208.2856 18.3786
v -35.1713 228.4783 1.650696
v -35.1713 228.4783 1.650696
v -65.31239 203.4518 1.650696
v -70.1461 208.2856 1.650696
v -33.40201 221.8753 1.650696
v -33.40201 221.8753 1.650696
v -65.31241 203.4518 18.3786
v -65.31239 203.4518 1.650696
v -33.40201 221.8753 18.37859
v -33.40201 221.8753 18.37859
v -70.1461 208.2856 18.3786
v -65.31241 203.4518 18.3786
v -35.1713 228.4783 18.3786
v -70.1461 208.2856 18.3786
v -90.33888 173.3107 1.650696
v -90.3389 173.3107 18.3786
v -70.1461 208.2856 1.650696
v -70.1461 208.2856 1.650696
v -83.73579 171.5414 1.650703
v -90.33888 173.3107 1.650696
v -65.31239 203.4518 1.650696
v -65.31239 203.4518 1.650696
v -83.73579 171.5414 18.3786
v -83.73579 171.5414 1.650703
v -65.31241 203.4518 18.3786
v -65.31241 203.4518 18.3786
v -90.3389 173.3107 18.3786
v -83.73579 171.5414 18.3786
v -70.1461 208.2856 18.3786
v -90.3389 173.3107 18.3786
v -90.3389 132.9252 1.650703
v -90.33888 132.9253 18.3786
v -90.33888 173.3107 1.650696
v -90.33888 173.3107 1.650696
v -83.73581 134.6945 1.6507
v -90.3389 132.9252 1.650703
v -83.73579 171.5414 1.650703
v -83.73579 171.5414 1.650703
v -83.73581 134.6945 18.3786
v -83.73581 134.6945 1.6507
v -83.73579 171.5414 18.3786
v -83.73579 171.5414 18.3786
v -90.33888 132.9253 18.3786
v -83.73581 134.6945 18.3786
v -90.3389 173.3107 18.3786
v -90.33888 132.9253 18.3786
v -70.1461 97.95039 1.650703
v -70.1461 97.95039 18.3786
v -90.3389 132.9252 1.650703
v -90.3389 132.9252 1.650703
v -65.31238 102.7842 1.650711
v -70.1461 97.95039 1.650703
v -83.73581 134.6945 1.6507
v -83.73581 134.6945 1.6507
v -65.31238 102.7842 18.3786
v -65.31238 102.7842 1.650711
v -83.73581 134.6945 18.3786
v -83.73581 134.6945 18.3786
v -70.1461 97.95039 18.3786
v -65.31238 102.7842 18.3786
v -90.33888 132.9253 18.3786
v -70.1461 97.95039 18.3786
v -35.1713 77.75769 1.650703
v -35.1713 77.75769 18.37861
v -70.1461 97.95039 1.650703
v -70.1461 97.95039 1.650703
v -33.40199 84.36069 1.6507
v -35.1713 77.75769 1.650703
v -65.31238 102.7842 1.650711
v -65.31238 102.7842 1.650711
v -33.40199 84.36069 18.3786
v -33.40199 84.36069 1.6507
v -65.31238 102.7842 18.3786
v -65.31238 102.7842 18.3786
v -35.1713 77.75769 18.37861
v -33.40199 84.36069 18.3786
v -70.1461 97.95039 18.3786
v -35.1713 77.75769 18.37861
v 5.214205 77.7577 1.650711
v 5.214201 77.7577 18.37861
v -35.1713 77.75769 1.650703
v -35.1713 77.75769 1.650703
v 3.444904 84.3607 1.650711
v 5.214205 77.7577 1.650711
v -33.40199 84.36069 1.6507
v -33.40199 84.36069 1.6507
v 3.444906 84.3607 18.37861
v 3.444904 84.3607 1.650711
v -33.40199 84.36069 18.3786
v -33.40199 84.36069 18.3786
v 5.214201 77.7577 18.37861
v 3.444906 84.3607 18.37861
v -35.1713 77.75769 18.37861
v -3.2744 35.44659 -21.71859
v -36.4948 35.44661 -21.7186
v -36.4948 35.44661 -30.9129
v -3.274399 35.44661 -30.91288
v 5.861206 59.09401 -40.2509
v -45.63049 59.09401 -40.25088
v -37.1637 90.69231 -49.94448
v -2.605499 90.6924 -49.9445
v -2.605499 90.6924 -49.9445
v -37.1637 90.69231 -49.94448
v -37.2104 90.5181 -49.94449
v -2.558901 90.5181 -49.9445
v -2.558901 90.5181 -49.9445
v -37.2104 90.5181 -49.94449
v -37.81049 92.75761 -16.94469
v -3.158894 92.75771 -16.94469
v -3.158894 92.75771 -16.94469
v -37.81049 92.75761 -16.94469
v -46.23059 61.3336 -16.94469
v 5.261105 61.3336 -16.9447
v -46.23059 61.3336 -16.94469
v -90.82368 87.07941 -16.94469
v -90.2236 84.83981 -40.25088
v -45.63049 59.09401 -40.25088
v -45.63049 59.09401 -40.25088
v -90.2236 84.83981 -40.25088
v -67.092 107.9714 -49.94449
v -37.1637 90.69231 -49.94448
v -37.1637 90.69231 -49.94448
v -67.092 107.9714 -49.94449
v -67.21959 107.8438 -49.9445
v -37.2104 90.5181 -49.94449
v -37.2104 90.5181 -49.94449
v -67.21959 107.8438 -49.9445
v -67.8197 110.0834 -16.94469
v -37.81049 92.75761 -16.94469
v -37.81049 92.75761 -16.94469
v -67.8197 110.0834 -16.94469
v -90.82368 87.07941 -16.94469
v -46.23059 61.3336 -16.94469
v -115.2706 80.92781 -21.71849
v -131.8809 109.6975 -21.71848
v -131.8809 109.6975 -30.91289
v -115.2706 80.92781 -30.91289
v -90.2236 84.83981 -40.25088
v -115.9695 129.4329 -40.25089
v -84.37109 137.8997 -49.94439
v -67.092 107.9714 -49.94449
v -67.092 107.9714 -49.94449
v -84.37109 137.8997 -49.94439
v -84.54539 137.853 -49.94439
v -67.21959 107.8438 -49.9445
v -67.21959 107.8438 -49.9445
v -84.54539 137.853 -49.94439
v -85.14549 140.0925 -16.94469
v -67.8197 110.0834 -16.94469
v -67.8197 110.0834 -16.94469
v -85.14549 140.0925 -16.94469
v -116.5695 131.6725 -16.94469
v -90.82368 87.07941 -16.94469
v -116.5695 131.6725 -16.94469
v -116.5696 183.1642 -16.9447
v -115.9695 180.9246 -40.25089
v -115.9695 129.4329 -40.25089
v -115.9695 129.4329 -40.25089
v -115.9695 180.9246 -40.25089
v -84.37111 172.4578 -49.9444
v -84.37109 137.8997 -49.94439
v -84.37109 137.8997 -49.94439
v -84.37111 172.4578 -49.9444
v -84.54541 172.5045 -49.9444
v -84.54539 137.853 -49.94439
v -84.54539 137.853 -49.94439
v -84.54541 172.5045 -49.9444
v -85.14551 174.7441 -16.9447
v -85.14549 140.0925 -16.94469
v -85.14549 140.0925 -16.94469
v -85.14551 174.7441 -16.9447
v -116.5696 183.1642 -16.9447
v -116.5695 131.6725 -16.94469
v -131.8809 200.66 -21.71849
v -115.2707 229.4297 -21.7185
v -115.2707 229.4297 -30.91291
v -131.8809 200.6599 -30.91291
v -115.9695 180.9246 -40.25089
v -90.22359 225.5177 -40.2509
v -67.092 202.3861 -49.9444
v -84.37111 172.4578 -49.9444
v -84.37111 172.4578 -49.9444
v -67.092 202.3861 -49.9444
v -67.21959 202.5137 -49.94441
v -84.54541 172.5045 -49.9444
v -84.54541 172.5045 -49.9444
v -67.21959 202.5137 -49.94441
v -67.8197 204.7533 -16.9447
v -85.14551 174.7441 -16.9447
v -85.14551 174.7441 -16.9447
v -67.8197 204.7533 -16.9447
v -90.82368 227.7573 -16.9447
v -116.5696 183.1642 -16.9447
v -90.82368 227.7573 -16.9447
v -46.2307 253.5031 -16.9447
v -45.63059 251.2635 -40.25091
v -90.22359 225.5177 -40.2509
v -90.22359 225.5177 -40.2509
v -45.63059 251.2635 -40.25091
v -37.1638 219.6652 -49.94451
v -67.092 202.3861 -49.9444
v -67.092 202.3861 -49.9444
v -37.1638 219.6652 -49.94451
v -37.21049 219.8395 -49.94451
v -67.21959 202.5137 -49.94441
v -67.21959 202.5137 -49.94441
v -37.21049 219.8395 -49.94451
v -37.81059 222.0791 -16.94473
v -67.8197 204.7533 -16.9447
v -67.8197 204.7533 -16.9447
v -37.81059 222.0791 -16.94473
v -46.2307 253.5031 -16.9447
v -90.82368 227.7573 -16.9447
v -36.4949 274.9109 -21.71853
v -3.274499 274.9109 -21.71851
v -3.274498 274.9109 -30.91292
v -36.4949 274.9109 -30.91292
v -45.63059 251.2635 -40.25091
v 5.861103 251.2635 -40.25093
v -2.605602 219.6652 -49.94451
v -37.1638 219.6652 -49.94451
v -37.1638 219.6652 -49.94451
v -2.605602 219.6652 -49.94451
v -2.558903 219.8395 -49.94451
v -37.21049 219.8395 -49.94451
v -37.21049 219.8395 -49.94451
v -2.558903 219.8395 -49.94451
v -3.158997 222.0791 -16.94471
v -37.81059 222.0791 -16.94473
v -37.81059 222.0791 -16.94473
v -3.158997 222.0791 -16.94471
v 5.261002 253.5032 -16.94472
v -46.2307 253.5031 -16.9447
v 5.261002 253.5032 -16.94472
v 49.85411 227.7573 -16.94471
v 50.45419 225.5177 -40.2509
v 5.861103 251.2635 -40.25093
v 5.861103 251.2635 -40.25093
v 50.45419 225.5177 -40.2509
v 27.32271 202.3862 -49.94451
v -2.605602 219.6652 -49.94451
v -2.605602 219.6652 -49.94451
v 27.32271 202.3862 -49.94451
v 27.4503 202.5137 -49.94451
v -2.558903 219.8395 -49.94451
v -2.558903 219.8395 -49.94451
v 27.4503 202.5137 -49.94451
v 26.8502 204.7533 -16.94471
v -3.158997 222.0791 -16.94471
v -3.158997 222.0791 -16.94471
v 26.8502 204.7533 -16.94471
v 49.85411 227.7573 -16.94471
v 5.261002 253.5032 -16.94472
v 75.5013 229.4298 -21.71862
v 92.11151 200.66 -21.71861
v 92.11151 200.66 -30.91291
v 75.5013 229.4298 -30.91293
v 50.45419 225.5177 -40.2509
v 76.20009 180.9247 -40.25091
v 44.6017 172.4579 -49.94451
v 27.32271 202.3862 -49.94451
v 27.32271 202.3862 -49.94451
v 44.6017 172.4579 -49.94451
v 44.77608 172.5046 -49.94451
v 27.4503 202.5137 -49.94451
v 27.4503 202.5137 -49.94451
v 44.77608 172.5046 -49.94451
v 44.17601 174.7442 -16.94471
v 26.8502 204.7533 -16.94471
v 26.8502 204.7533 -16.94471
v 44.17601 174.7442 -16.94471
v 75.60001 183.1642 -16.94472
v 49.85411 227.7573 -16.94471
v 75.60001 183.1642 -16.94472
v 75.60001 131.6726 -16.94471
v 76.20009 129.433 -40.25091
v 76.20009 180.9247 -40.25091
v 76.20009 180.9247 -40.25091
v 76.20009 129.433 -40.25091
v 44.6018 137.8997 -49.9445
v 44.6017 172.4579 -49.94451
v 44.6017 172.4579 -49.94451
v 44.6018 137.8997 -49.9445
v 44.77609 137.853 -49.9445
v 44.77608 172.5046 -49.94451
v 44.77608 172.5046 -49.94451
v 44.77609 137.853 -49.9445
v 44.176 140.0926 -16.94471
v 44.17601 174.7442 -16.94471
v 44.17601 174.7442 -16.94471
v 44.176 140.0926 -16.94471
v 75.60001 131.6726 -16.94471
v 75.60001 183.1642 -16.94472
v 92.11162 109.6976 -21.71861
v 75.5014 80.92791 -21.7186
v 75.5014 80.9279 -30.91291
v 92.11162 109.6976 -30.91291
v 76.20009 129.433 -40.25091
v 50.4543 84.8399 -40.25089
v 27.32269 107.9715 -49.9445
v 44.6018 137.8997 -49.9445
v 44.6018 137.8997 -49.9445
v 27.32269 107.9715 -49.9445
v 27.4503 107.8439 -49.9445
v 44.77609 137.853 -49.9445
v 44.77609 137.853 -49.9445
v 27.4503 107.8439 -49.9445
v 26.8502 110.0835 -16.9447
v 44.176 140.0926 -16.94471
v 44.176 140.0926 -16.94471
v 26.8502 110.0835 -16.9447
v 49.8542 87.0795 -16.9447
v 75.60001 131.6726 -16.94471
v 49.8542 87.0795 -16.9447
v 5.261105 61.3336 -16.9447
v 5.861206 59.09401 -40.2509
v 50.4543 84.8399 -40.25089
v 50.4543 84.8399 -40.25089
v 5.861206 59.09401 -40.2509
v -2.605499 90.6924 -49.9445
v 27.32269 107.9715 -49.9445
v 27.32269 107.9715 -49.9445
v -2.605499 90.6924 -49.9445
v -2.558901 90.5181 -49.9445
v 27.4503 107.8439 -49.9445
v 27.4503 107.8439 -49.9445
v -2.558901 90.5181 -49.9445
v -3.158894 92.75771 -16.94469
v 26.8502 110.0835 -16.9447
v 26.8502 110.0835 -16.9447
v -3.158894 92.75771 -16.94469
v 5.261105 61.3336 -16.9447
v 49.8542 87.0795 -16.9447
v -45.63049 59.09401 -40.25088
v -36.4948 35.44661 -21.7186
v -46.23059 61.3336 -16.94469
v -36.4948 35.44661 -30.9129
v -3.2744 35.44659 -21.71859
v -36.4948 35.44661 -21.7186
v 5.261105 61.3336 -16.9447
v -3.274399 35.44661 -30.91288
v 5.861206 59.09401 -40.2509
v -3.2744 35.44659 -21.71859
v -36.4948 35.44661 -30.9129
v -3.274399 35.44661 -30.91288
v -90.82368 87.07941 -16.94469
v -115.2706 80.92781 -30.91289
v -90.2236 84.83981 -40.25088
v -115.2706 80.92781 -21.71849
v -115.9695 129.4329 -40.25089
v -131.8809 109.6975 -21.71848
v -116.5695 131.6725 -16.94469
v -131.8809 109.6975 -30.91289
v -116.5695 131.6725 -16.94469
v -115.2706 80.92781 -21.71849
v -90.82368 87.07941 -16.94469
v -131.8809 109.6975 -21.71848
v -131.8809 109.6975 -30.91289
v -115.2706 80.92781 -30.91289
v -116.5696 183.1642 -16.9447
v -131.8809 200.6599 -30.91291
v -115.9695 180.9246 -40.25089
v -131.8809 200.66 -21.71849
v -90.22359 225.5177 -40.2509
v -115.2707 229.4297 -21.7185
v -90.82368 227.7573 -16.9447
v -115.2707 229.4297 -30.91291
v -131.8809 200.66 -21.71849
v -115.2707 229.4297 -21.7185
v -115.2707 229.4297 -30.91291
v -131.8809 200.6599 -30.91291
v -46.2307 253.5031 -16.9447
v -36.4949 274.9109 -30.91292
v -45.63059 251.2635 -40.25091
v -36.4949 274.9109 -21.71853
v 5.861103 251.2635 -40.25093
v -3.274499 274.9109 -21.71851
v 5.261002 253.5032 -16.94472
v -3.274498 274.9109 -30.91292
v -36.4949 274.9109 -21.71853
v -3.274499 274.9109 -21.71851
v -3.274498 274.9109 -30.91292
v -36.4949 274.9109 -30.91292
v 49.85411 227.7573 -16.94471
v 75.5013 229.4298 -30.91293
v 50.45419 225.5177 -40.2509
v 75.5013 229.4298 -21.71862
v 76.20009 180.9247 -40.25091
v 92.11151 200.66 -21.71861
v 75.60001 183.1642 -16.94472
v 92.11151 200.66 -30.91291
v 75.5013 229.4298 -21.71862
v 92.11151 200.66 -21.71861
v 92.11151 200.66 -30.91291
v 75.5013 229.4298 -30.91293
v 75.60001 131.6726 -16.94471
v 92.11162 109.6976 -30.91291
v 76.20009 129.433 -40.25091
v 92.11162 109.6976 -21.71861
v 50.4543 84.8399 -40.25089
v 75.5014 80.92791 -21.7186
v 49.8542 87.0795 -16.9447
v 75.5014 80.9279 -30.91291
v 92.11162 109.6976 -21.71861
v 75.5014 80.92791 -21.7186
v 75.5014 80.9279 -30.91291
v 92.11162 109.6976 -30.91291
v -40.0774 230.5391 -21.44202
v -75.05229 210.3464 -21.44201
v -75.05229 210.3464 -4.714108
v -40.07739 230.5391 -4.714127
v -40.07739 230.5391 -4.714127
v -75.05229 210.3464 -4.714108
v -70.21849 205.5126 -4.7141
v -38.3082 223.9361 -4.714111
v -38.3082 223.9361 -4.714111
v -70.21849 205.5126 -4.7141
v -70.21849 205.5126 -21.44201
v -38.30819 223.9361 -21.44202
v -38.30819 223.9361 -21.44202
v -70.21849 205.5126 -21.44201
v -75.05229 210.3464 -21.44201
v -40.0774 230.5391 -21.44202
v -75.05229 210.3464 -21.44201
v -95.245 175.3715 -21.442
v -95.245 175.3715 -4.714104
v -75.05229 210.3464 -4.714108
v -75.05229 210.3464 -4.714108
v -95.245 175.3715 -4.714104
v -88.642 173.6022 -4.714104
v -70.21849 205.5126 -4.7141
v -70.21849 205.5126 -4.7141
v -88.642 173.6022 -4.714104
v -88.64198 173.6022 -21.442
v -70.21849 205.5126 -21.44201
v -70.21849 205.5126 -21.44201
v -88.64198 173.6022 -21.442
v -95.245 175.3715 -21.442
v -75.05229 210.3464 -21.44201
v -95.245 175.3715 -21.442
v -95.245 134.986 -21.442
v -95.24498 134.986 -4.7141
v -95.245 175.3715 -4.714104
v -95.245 175.3715 -4.714104
v -95.24498 134.986 -4.7141
v -88.64198 136.7553 -4.714092
v -88.642 173.6022 -4.714104
v -88.642 173.6022 -4.714104
v -88.64198 136.7553 -4.714092
v -88.64198 136.7553 -21.44199
v -88.64198 173.6022 -21.442
v -88.64198 173.6022 -21.442
v -88.64198 136.7553 -21.44199
v -95.245 134.986 -21.442
v -95.245 175.3715 -21.442
v -95.245 134.986 -21.442
v -75.05219 100.0112 -21.44199
v -75.05219 100.0112 -4.714085
v -95.24498 134.986 -4.7141
v -95.24498 134.986 -4.7141
v -75.05219 100.0112 -4.714085
v -70.21849 104.8449 -4.714092
v -88.64198 136.7553 -4.714092
v -88.64198 136.7553 -4.714092
v -70.21849 104.8449 -4.714092
v -70.21849 104.8449 -21.44199
v -88.64198 136.7553 -21.44199
v -88.64198 136.7553 -21.44199
v -70.21849 104.8449 -21.44199
v -75.05219 100.0112 -21.44199
v -95.245 134.986 -21.442
v -75.05219 100.0112 -21.44199
v -40.07739 79.81841 -21.44199
v -40.07739 79.81841 -4.714096
v -75.05219 100.0112 -4.714085
v -75.05219 100.0112 -4.714085
v -40.07739 79.81841 -4.714096
v -38.30809 86.42152 -4.714092
v -70.21849 104.8449 -4.714092
v -70.21849 104.8449 -4.714092
v -38.30809 86.42152 -4.714092
v -38.3081 86.42151 -21.442
v -70.21849 104.8449 -21.44199
v -70.21849 104.8449 -21.44199
v -38.3081 86.42151 -21.442
v -40.07739 79.81841 -21.44199
v -75.05219 100.0112 -21.44199
v -40.07739 79.81841 -21.44199
v 0.308104 79.8185 -21.44199
v 0.308102 79.81851 -4.714085
v -40.07739 79.81841 -4.714096
v -40.07739 79.81841 -4.714096
v 0.308102 79.81851 -4.714085
v -1.461197 86.42151 -4.714088
v -38.30809 86.42152 -4.714092
v -38.30809 86.42152 -4.714092
v -1.461197 86.42151 -4.714088
v -1.461201 86.42151 -21.44199
v -38.3081 86.42151 -21.442
v -38.3081 86.42151 -21.442
v -1.461201 86.42151 -21.44199
v 0.308104 79.8185 -21.44199
v -40.07739 79.81841 -21.44199
v 0.308104 79.8185 -21.44199
v 35.283 100.0112 -21.442
v 35.283 100.0112 -4.714092
v 0.308102 79.81851 -4.714085
v 0.308102 79.81851 -4.714085
v 35.283 100.0112 -4.714092
v 30.4492 104.845 -4.714096
v -1.461197 86.42151 -4.714088
v -1.461197 86.42151 -4.714088
v 30.4492 104.845 -4.714096
v 30.4492 104.845 -21.442
v -1.461201 86.42151 -21.44199
v -1.461201 86.42151 -21.44199
v 30.4492 104.845 -21.442
v 35.283 100.0112 -21.442
v 0.308104 79.8185 -21.44199
v 35.283 100.0112 -21.442
v 55.47571 134.9861 -21.44201
v 55.47569 134.9861 -4.714104
v 35.283 100.0112 -4.714092
v 35.283 100.0112 -4.714092
v 55.47569 134.9861 -4.714104
v 48.87269 136.7554 -4.714108
v 30.4492 104.845 -4.714096
v 30.4492 104.845 -4.714096
v 48.87269 136.7554 -4.714108
v 48.8726 136.7553 -21.44201
v 30.4492 104.845 -21.442
v 30.4492 104.845 -21.442
v 48.8726 136.7553 -21.44201
v 55.47571 134.9861 -21.44201
v 35.283 100.0112 -21.442
v 55.47571 134.9861 -21.44201
v 55.4757 175.3716 -21.44202
v 55.4757 175.3716 -4.714119
v 55.47569 134.9861 -4.714104
v 55.47569 134.9861 -4.714104
v 55.4757 175.3716 -4.714119
v 48.8726 173.6023 -4.714104
v 48.87269 136.7554 -4.714108
v 48.87269 136.7554 -4.714108
v 48.8726 173.6023 -4.714104
v 48.8726 173.6023 -21.44201
v 48.8726 136.7553 -21.44201
v 48.8726 136.7553 -21.44201
v 48.8726 173.6023 -21.44201
v 55.4757 175.3716 -21.44202
v 55.47571 134.9861 -21.44201
v 55.4757 175.3716 -21.44202
v 35.2829 210.3464 -21.44202
v 35.2829 210.3464 -4.714108
v 55.4757 175.3716 -4.714119
v 55.4757 175.3716 -4.714119
v 35.2829 210.3464 -4.714108
v 30.4491 205.5126 -4.714108
v 48.8726 173.6023 -4.714104
v 48.8726 173.6023 -4.714104
v 30.4491 205.5126 -4.714108
v 30.4491 205.5126 -21.44202
v 48.8726 173.6023 -21.44201
v 48.8726 173.6023 -21.44201
v 30.4491 205.5126 -21.44202
v 35.2829 210.3464 -21.44202
v 55.4757 175.3716 -21.44202
v 35.2829 210.3464 -21.44202
v 0.308001 230.5391 -21.44201
v 0.308004 230.5391 -4.714111
v 35.2829 210.3464 -4.714108
v 35.2829 210.3464 -4.714108
v 0.308004 230.5391 -4.714111
v -1.461195 223.9361 -4.714111
v 30.4491 205.5126 -4.714108
v 30.4491 205.5126 -4.714108
v -1.461195 223.9361 -4.714111
v -1.461197 223.9361 -21.44201
v 30.4491 205.5126 -21.44202
v 30.4491 205.5126 -21.44202
v -1.461197 223.9361 -21.44201
v 0.308001 230.5391 -21.44201
v 35.2829 210.3464 -21.44202
v 0.308001 230.5391 -21.44201
v -40.0774 230.5391 -21.44202
v -40.07739 230.5391 -4.714127
v 0.308004 230.5391 -4.714111
v 0.308004 230.5391 -4.714111
v -40.07739 230.5391 -4.714127
v -38.3082 223.9361 -4.714111
v -1.461195 223.9361 -4.714111
v -1.461195 223.9361 -4.714111
v -38.3082 223.9361 -4.714111
v -38.30819 223.9361 -21.44202
v -1.461197 223.9361 -21.44201
v -1.461197 223.9361 -21.44201
v -38.30819 223.9361 -21.44202
v -40.0774 230.5391 -21.44202
v 0.308001 230.5391 -21.44201
v 131.3576 77.0892 69.1783
v 124.6445 83.8024 107.279
v 131.3576 77.0892 107.279
v 124.6445 83.8024 69.1783
v 124.6445 83.8024 69.1783
v 117.9314 77.0892 107.279
v 124.6445 83.8024 107.279
v 117.9314 77.0892 69.1783
v 117.9314 77.0892 69.1783
v 124.6445 70.3761 107.279
v 117.9314 77.0892 107.279
v 124.6445 70.3761 69.1783
v 124.6445 70.3761 69.1783
v 131.3576 77.0892 107.279
v 124.6445 70.3761 107.279
v 131.3576 77.0892 69.1783
v 124.6445 77.0892 107.279
v 131.3576 77.0892 107.279
v 124.6445 83.8024 107.279
v 117.9314 77.0892 107.279
v 124.6445 70.3761 107.279
v 128.3534 77.0892 48.1739
v 124.6445 80.7982 69.224
v 128.3534 77.0892 69.224
v 124.6445 80.7982 48.1739
v 124.6445 80.7982 48.1739
v 120.9356 77.0892 69.224
v 124.6445 80.7982 69.224
v 120.9356 77.0892 48.1739
v 120.9356 77.0892 48.1739
v 124.6445 73.3803 69.224
v 120.9356 77.0892 69.224
v 124.6445 73.3803 48.1739
v 124.6445 73.3803 48.1739
v 128.3534 77.0892 69.224
v 124.6445 73.3803 69.224
v 128.3534 77.0892 48.1739
v 117.4363 67.7649 48.1905
v 191.9464 67.7649 48.1905
v 191.9464 84.869 48.1905
v 117.4363 84.869 48.1905
v 117.4363 67.7649 45.1013
v 191.9464 67.7649 45.1013
v 191.9464 67.7649 48.1905
v 117.4363 67.7649 48.1905
v 211.2456 72.3019 45.1013
v 211.2456 80.332 45.1013
v 211.2456 80.332 48.1905
v 211.2456 72.3019 48.1905
v 191.9464 84.869 45.1013
v 117.4363 84.869 45.1013
v 117.4363 84.869 48.1905
v 191.9464 84.869 48.1905
v 117.4363 84.869 45.1013
v 117.4363 67.7649 45.1013
v 117.4363 67.7649 48.1905
v 117.4363 84.869 48.1905
v 211.2456 72.3019 48.1905
v 211.2456 80.332 48.1905
v 191.9464 67.7649 48.1905
v 191.9464 67.7649 45.1013
v 211.2456 72.3019 45.1013
v 211.2456 72.3019 48.1905
v 191.9464 84.869 45.1013
v 191.9464 84.869 48.1905
v 211.2456 80.332 48.1905
v 211.2456 80.332 45.1013
v 157.3831 76.8746 28.1979
v 148.7355 91.8528 44.8276
v 157.3831 76.8746 44.8276
v 148.7355 91.8528 28.1979
v 131.4402 91.8528 44.8276
v 131.4402 91.8528 28.1979
v 122.7926 76.8746 44.8276
v 122.7926 76.8746 28.1979
v 131.4402 61.8965 44.8276
v 131.4402 61.8965 28.1979
v 148.7355 61.8965 44.8276
v 148.7355 61.8965 28.1979
v 140.0879 76.8746 44.8276
v 157.3831 76.8746 44.8276
v 148.7355 91.8528 44.8276
v 131.4402 91.8528 44.8276
v 122.7926 76.8746 44.8276
v 131.4402 61.8965 44.8276
v 148.7355 61.8965 44.8276
v 148.7355 91.8528 28.1979
v 157.3831 76.8746 28.1979
v 150.0851 76.8746 17.6188
v 145.0865 85.5325 17.6188
v 131.4402 91.8528 28.1979
v 135.0892 85.5325 17.6188
v 122.7926 76.8746 28.1979
v 130.0906 76.8746 17.6188
v 131.4402 61.8965 28.1979
v 135.0892 68.2168 17.6188
v 148.7355 61.8965 28.1979
v 145.0865 68.2168 17.6188
v 145.0865 85.5325 17.6188
v 150.0851 76.8746 17.6188
v 150.0851 76.8746 2.603703
v 145.0865 85.5325 2.603706
v 135.0892 85.5325 17.6188
v 135.0892 85.5325 2.603706
v 130.0906 76.8746 17.6188
v 130.0906 76.8746 2.603703
v 135.0892 68.2168 17.6188
v 135.0892 68.2168 2.603699
v 145.0865 68.2168 17.6188
v 145.0865 68.2168 2.603699
v 155.9282 77.0892 -67.7886
v 155.9282 83.8024 -67.7886
v 149.2151 77.0892 -67.7886
v 162.6414 77.0892 -67.7886
v 155.9282 70.3761 -67.7886
v 149.2151 77.0892 -67.7886
v 155.9283 83.8024 -105.8893
v 149.2151 77.0893 -105.8893
v 155.9282 83.8024 -67.7886
v 155.9282 83.8024 -67.7886
v 162.6414 77.0893 -105.8893
v 155.9283 83.8024 -105.8893
v 162.6414 77.0892 -67.7886
v 162.6414 77.0892 -67.7886
v 155.9283 70.3761 -105.8893
v 162.6414 77.0893 -105.8893
v 155.9282 70.3761 -67.7886
v 155.9282 70.3761 -67.7886
v 149.2151 77.0893 -105.8893
v 155.9283 70.3761 -105.8893
v 149.2151 77.0892 -67.7886
v 152.2193 77.0892 -46.7842
v 155.9282 80.7982 -67.8343
v 152.2193 77.0892 -67.8343
v 155.9282 80.7982 -46.7842
v 155.9282 80.7982 -46.7842
v 159.6371 77.0892 -67.8343
v 155.9282 80.7982 -67.8343
v 159.6371 77.0892 -46.7842
v 159.6371 77.0892 -46.7842
v 155.9282 73.3803 -67.8343
v 159.6371 77.0892 -67.8343
v 155.9282 73.3803 -46.7842
v 155.9282 73.3803 -46.7842
v 152.2193 77.0892 -67.8343
v 155.9282 73.3803 -67.8343
v 152.2193 77.0892 -46.7842
v 163.1364 67.7649 -43.7116
v 163.1364 84.869 -43.71161
v 88.6263 84.869 -43.7116
v 88.6263 67.7649 -43.7116
v 163.1364 67.7649 -43.7116
v 88.6263 67.7649 -43.7116
v 88.6263 67.7649 -46.8008
v 163.1364 67.7649 -46.8008
v 69.32719 72.3019 -43.71159
v 69.32719 80.332 -43.7116
v 69.3272 80.332 -46.8008
v 69.3272 72.3019 -46.8009
v 88.6263 84.869 -43.7116
v 163.1364 84.869 -43.71161
v 163.1364 84.869 -46.8008
v 88.6263 84.869 -46.8008
v 163.1364 84.869 -43.71161
v 163.1364 67.7649 -43.7116
v 163.1364 67.7649 -46.8008
v 163.1364 84.869 -46.8008
v 69.32719 80.332 -43.7116
v 69.32719 72.3019 -43.71159
v 88.6263 67.7649 -46.8008
v 88.6263 67.7649 -43.7116
v 69.32719 72.3019 -43.71159
v 69.3272 72.3019 -46.8009
v 88.6263 84.869 -43.7116
v 88.6263 84.869 -46.8008
v 69.3272 80.332 -46.8008
v 69.32719 80.332 -43.7116
v 123.1896 76.8746 -26.8083
v 131.8372 91.8528 -43.43791
v 123.1896 76.8746 -43.4379
v 131.8372 91.8528 -26.8083
v 149.1324 91.8528 -43.4379
v 149.1324 91.8528 -26.8082
v 157.7801 76.8746 -43.4379
v 157.7801 76.8746 -26.80821
v 149.1325 61.8965 -43.4379
v 149.1325 61.8965 -26.8082
v 131.8372 61.8965 -43.4379
v 131.8372 61.8965 -26.8083
v 131.8372 91.8528 -26.8083
v 123.1896 76.8746 -26.8083
v 130.4876 76.8746 -16.22921
v 135.4862 85.5325 -16.2292
v 149.1324 91.8528 -26.8082
v 145.4834 85.5325 -16.2292
v 157.7801 76.8746 -26.80821
v 150.4821 76.8746 -16.2291
v 149.1325 61.8965 -26.8082
v 145.4834 68.2168 -16.2292
v 131.8372 61.8965 -26.8083
v 135.4862 68.2168 -16.2292
v 135.4862 85.5325 -16.2292
v 130.4876 76.8746 -16.22921
v 130.4876 76.8746 -1.214005
v 135.4862 85.53251 -1.213898
v 145.4834 85.5325 -16.2292
v 145.4834 85.53251 -1.213902
v 150.4821 76.8746 -16.2291
v 150.4821 76.8746 -1.213902
v 145.4834 68.2168 -16.2292
v 145.4834 68.2168 -1.213902
v 135.4862 68.2168 -16.2292
v 135.4862 68.2168 -1.213997
v -220.6446 83.06929 67.29399
v -157.0507 83.06929 67.29399
v -162.4562 83.0693 62.1714
v -215.2391 83.0693 62.1714
v -215.2391 83.0693 -61.21589
v -220.6446 83.06931 -66.3385
v -215.2391 59.8693 62.1714
v -162.4562 59.8693 62.1714
v -162.4562 59.86931 -61.2159
v -215.2391 59.86931 -61.2159
v -157.0507 83.06931 -66.3385
v -162.4562 83.0693 -61.21589
v -220.6446 53.90429 67.29401
v -157.0507 53.90429 67.29401
v -157.0507 83.06929 67.29399
v -220.6446 83.06929 67.29399
v -157.0507 53.90429 67.29401
v -157.0507 53.90431 -65.8608
v -157.0507 83.06931 -66.3385
v -157.0507 83.06929 67.29399
v -215.2391 83.0693 -61.21589
v -215.2391 83.0693 62.1714
v -215.2391 59.8693 62.1714
v -215.2391 59.86931 -61.2159
v -162.4562 83.0693 -61.21589
v -215.2391 83.0693 -61.21589
v -215.2391 59.86931 -61.2159
v -162.4562 59.86931 -61.2159
v -120.5062 51.0995 17.1823
v 61.5614 38.8455 17.1823
v 61.5614 38.8455 -16.8902
v -120.5062 51.0995 -16.89019
v -153.5453 25.98769 17.1823
v 82.2503 11.0645 17.1823
v 61.5614 38.8455 17.1823
v -120.5062 51.0995 17.1823
v 82.2503 11.0645 17.1823
v 82.2503 11.0645 -16.8902
v 61.5614 38.8455 -16.8902
v 61.5614 38.8455 17.1823
v -172.0054 51.776 17.1823
v -172.0054 51.776 -16.89019
v -172.0054 51.776 17.1823
v -98.5805 111.0428 17.18231
v -98.5805 111.0428 -16.89018
v -68.0854 87.7679 17.1823
v -98.5805 111.0428 17.18231
v -113.3188 20.2555 18.182
v -119.3597 34.83939 99.37211
v -113.3188 20.25549 99.3721
v -119.3597 34.8394 18.182
v -133.9436 40.8802 99.3721
v -133.9436 40.8802 18.182
v -148.5275 34.83939 99.37211
v -148.5275 34.8394 18.182
v -154.5683 20.25549 99.3721
v -154.5683 20.2555 18.182
v -148.5275 5.671593 99.37209
v -148.5275 5.6716 18.182
v -119.3597 5.6716 18.182
v -119.3597 5.671593 99.37209
v -133.9436 40.8802 99.3721
v -113.3188 20.25549 99.3721
v -119.3597 34.83939 99.37211
v -148.5275 34.83939 99.37211
v -154.5683 20.25549 99.3721
v -148.5275 5.671593 99.37209
v -133.9436 -0.369202 99.37209
v -119.3597 5.671593 99.37209
v -129.1745 20.25199 99.45279
v -134.7943 25.8718 112.8873
v -129.1745 20.25199 112.8873
v -134.7943 25.8718 99.45279
v -140.414 20.25199 112.8873
v -140.414 20.25199 99.45279
v -134.7943 25.8718 112.8873
v -140.414 20.25199 112.8873
v -134.7943 14.63219 112.8873
v -129.1745 20.25199 112.8873
v -148.113 20.23629 99.3053
v -121.3597 22.51149 101.5142
v -121.3597 20.23629 99.3053
v -148.113 22.51149 101.5142
v -121.3597 20.23629 103.7232
v -148.113 20.23629 103.7232
v -121.3597 22.51149 101.5142
v -121.3597 20.23629 103.7232
v -121.3597 17.96109 101.5142
v -121.3597 20.23629 99.3053
v 66.3614 27.3821 2.225401
v 128.9264 50.9015 2.225403
v 111.2753 82.0268 2.225403
v 53.1247 38.5199 2.225403
v 160.6169 77.0528 -0.863792
v 154.1125 91.1218 -0.863899
v 154.1125 91.1218 2.225403
v 160.6169 77.0528 2.22541
v 111.2753 82.0268 -0.863899
v 53.1247 38.5199 -0.863895
v 53.1247 38.5199 2.225403
v 111.2753 82.0268 2.225403
v 160.6169 77.0528 2.22541
v 154.1125 91.1218 2.225403
v 128.9264 50.9015 2.225403
v 128.9264 50.9015 -0.863796
v 160.6169 77.0528 -0.863792
v 160.6169 77.0528 2.22541
v 111.2753 82.0268 -0.863899
v 111.2753 82.0268 2.225403
v 154.1125 91.1218 2.225403
v 154.1125 91.1218 -0.863899
v 60.9968 20.2555 18.182
v 54.956 34.83939 99.37211
v 60.9968 20.25549 99.3721
v 54.956 34.8394 18.182
v 40.3721 40.8802 99.3721
v 40.3721 40.8802 18.182
v 25.7882 34.83939 99.37211
v 25.7882 34.8394 18.182
v 19.7473 20.25549 99.3721
v 19.7473 20.2555 18.182
v 25.7882 5.671593 99.37209
v 25.7882 5.6716 18.182
v 54.956 5.6716 18.182
v 54.956 5.671593 99.37209
v 40.3721 40.8802 99.3721
v 60.9968 20.25549 99.3721
v 54.956 34.83939 99.37211
v 25.7882 34.83939 99.37211
v 19.7473 20.25549 99.3721
v 25.7882 5.671593 99.37209
v 40.3721 -0.369202 99.37209
v 54.956 5.671593 99.37209
v 44.7327 18.7465 99.45279
v 42.6757 26.42329 112.8873
v 44.7327 18.7465 112.8873
v 42.6757 26.42329 99.45279
v 34.9989 24.36629 112.8873
v 34.9989 24.36629 99.45279
v 42.6757 26.42329 112.8873
v 34.9989 24.36629 112.8873
v 37.0559 16.6896 112.8873
v 44.7327 18.7465 112.8873
v 28.3236 28.20219 99.3053
v 52.6302 16.796 101.5142
v 51.4926 14.82558 99.30531
v 29.4612 30.17259 101.5142
v 51.4926 14.82559 103.7232
v 28.3236 28.20219 103.7232
v 52.6302 16.796 101.5142
v 51.4926 14.82559 103.7232
v 50.355 12.85519 101.5142
v 51.4926 14.82558 99.30531
v 60.8475 20.2555 -97.84389
v 54.8067 34.8394 -16.6538
v 60.8475 20.2555 -16.6538
v 54.8067 34.83942 -97.8439
v 40.2228 40.8802 -16.6538
v 40.2228 40.88021 -97.84389
v 25.6389 34.8394 -16.6538
v 25.6389 34.83942 -97.8439
v 19.598 20.2555 -16.6538
v 19.5981 20.2555 -97.84389
v 25.6389 5.671601 -16.6538
v 25.6389 5.6716 -97.84389
v 54.8067 5.6716 -97.84389
v 54.8067 5.671601 -16.6538
v -112.3553 20.2555 -97.84389
v -118.3962 34.8394 -16.6538
v -112.3553 20.2555 -16.6538
v -118.3961 34.83942 -97.8439
v -132.98 40.8802 -16.6538
v -132.98 40.88021 -97.84389
v -147.564 34.8394 -16.6538
v -147.5639 34.83942 -97.8439
v -153.6048 20.2555 -16.6538
v -153.6048 20.2555 -97.84389
v -147.564 5.671601 -16.6538
v -147.5639 5.6716 -97.84389
v -118.3961 5.6716 -97.84389
v -118.3962 5.671601 -16.6538
vn -0 1 -0
vn -0 1 -0
vn -0 1 -0
vn -0 1 -0
vn -0.029401 0.315911 0.948333
vn 0.048999 0.280896 0.958487
vn 0.073599 0.293295 0.953185
vn -0.097998 0.267794 0.958479
vn 0 -0 -1
vn 0 -0 -1
vn 0 -0 -1
vn 0 -0 -1
vn 0.171405 -0.982725 0.069802
vn -0.171602 -0.983111 0.063601
vn -0.34329 -0.937474 0.057398
vn 0.342892 -0.936778 0.069798
vn 0 -0 -1
vn -0 0.072803 -0.997346
vn 0 -0 -1
vn -0 0.045498 -0.998965
vn 0.498787 0.863877 -0.070198
vn 0.498787 0.863877 -0.070198
vn 0.498787 0.863877 -0.070198
vn 0.498787 0.863877 -0.070198
vn 0.073599 0.293295 0.953185
vn 0.182896 0.218795 0.958477
vn 0.258908 0.183406 0.94833
vn 0.048999 0.280896 0.958487
vn 0 -0 -1
vn 0 -0 -1
vn 0 -0 -1
vn 0 -0 -1
vn -0.34329 -0.937474 0.057398
vn -0.640989 -0.766487 0.040399
vn -0.766982 -0.640985 0.029599
vn -0.171602 -0.983111 0.063601
vn 0 -0 -1
vn 0.042001 0.0242 -0.998825
vn 0 -0 -1
vn -0 0.072803 -0.997346
vn 0.866019 0.500011 -0
vn 0.866019 0.500011 -0
vn 0.866019 0.500011 -0
vn 0.866019 0.500011 -0
vn 0.258908 0.183406 0.94833
vn 0.267794 0.097998 0.958479
vn 0.290796 0.082899 0.953187
vn 0.182896 0.218795 0.958477
vn 0 -0 -1
vn 0 -0 -1
vn 0 -0 -1
vn 0 -0 -1
vn -0.766982 -0.640985 0.029599
vn -0.939063 -0.343687 0.0063
vn -0.985095 -0.171899 -0.0062
vn -0.640989 -0.766487 0.040399
vn 0 -0 -1
vn 0.067199 0.038799 -0.996985
vn 0 -0 -1
vn 0.042001 0.0242 -0.998825
vn 0.99967 0 0.025699
vn 0.99967 0 0.025699
vn 0.99967 0 0.025699
vn 0.99967 0 0.025699
vn 0.290796 0.082899 0.953187
vn 0.280896 -0.048999 0.958487
vn 0.288308 -0.132504 0.948326
vn 0.267794 0.097998 0.958479
vn 0 -0 -1
vn 0 -0 -1
vn 0 -0 -1
vn 0 -0 -1
vn -0.985095 -0.171899 -0.0062
vn -0.984704 0.171701 -0.0296
vn -0.93835 0.343318 -0.040402
vn -0.939063 -0.343687 0.0063
vn 0 -0 -1
vn 0.046099 -0.0266 -0.998583
vn 0 -0 -1
vn 0.067199 0.038799 -0.996985
vn 0.866019 -0.500011 -0
vn 0.866019 -0.500011 -0
vn 0.866019 -0.500011 -0
vn 0.866019 -0.500011 -0
vn 0.288308 -0.132504 0.948326
vn 0.218795 -0.182896 0.958477
vn 0.217196 -0.210396 0.953184
vn 0.280896 -0.048999 0.958487
vn 0 -0 -1
vn 0 -0 -1
vn 0 -0 -1
vn 0 -0 -1
vn -0.93835 0.343318 -0.040402
vn -0.766036 0.64023 -0.057403
vn -0.640186 0.765583 -0.063599
vn -0.984704 0.171701 -0.0296
vn 0 -0 -1
vn 0.073797 -0.042598 -0.996363
vn 0 -0 -1
vn 0.046099 -0.0266 -0.998583
vn 0.49768 -0.862066 0.095696
vn 0.49768 -0.862066 0.095696
vn 0.49768 -0.862066 0.095696
vn 0.49768 -0.862066 0.095696
vn 0.217196 -0.210396 0.953184
vn 0.097998 -0.267794 0.958479
vn 0.029401 -0.315911 0.948333
vn 0.218795 -0.182896 0.958477
vn 0 -0 -1
vn 0 -0 -1
vn 0 -0 -1
vn 0 -0 -1
vn -0.640186 0.765583 -0.063599
vn -0.342892 0.936778 -0.069798
vn -0.171405 0.982725 -0.069802
vn -0.766036 0.64023 -0.057403
vn 0 -0 -1
vn 0 -0.0547 -0.998503
vn 0 -0 -1
vn 0.073797 -0.042598 -0.996363
vn 0 -1 -0
vn 0 -1 -0
vn 0 -1 -0
vn 0 -1 -0
vn 0.029401 -0.315911 0.948333
vn -0.048999 -0.280896 0.958487
vn -0.073599 -0.293295 0.953185
vn 0.097998 -0.267794 0.958479
vn 0 -0 -1
vn 0 -0 -1
vn 0 -0 -1
vn 0 -0 -1
vn -0.171405 0.982725 -0.069802
vn 0.171602 0.983111 -0.063601
vn 0.34329 0.937474 -0.057398
vn -0.342892 0.936778 -0.069798
vn 0 -0 -1
vn 0 -0.087596 -0.996156
vn 0 -0 -1
vn 0 -0.0547 -0.998503
vn -0.498787 -0.863877 0.070198
vn -0.498787 -0.863877 0.070198
vn -0.498787 -0.863877 0.070198
vn -0.498787 -0.863877 0.070198
vn -0.073599 -0.293295 0.953185
vn -0.182896 -0.218795 0.958477
vn -0.258908 -0.183406 0.94833
vn -0.048999 -0.280896 0.958487
vn 0 -0 -1
vn 0 -0 -1
vn 0 -0 -1
vn 0 -0 -1
vn 0.34329 0.937474 -0.057398
vn 0.640989 0.766487 -0.040399
vn 0.766982 0.640985 -0.029599
vn 0.171602 0.983111 -0.063601
vn 0 -0 -1
vn -0.0441 -0.0255 -0.998702
vn 0 -0 -1
vn 0 -0.087596 -0.996156
vn -0.866019 -0.500011 -0
vn -0.866019 -0.500011 -0
vn -0.866019 -0.500011 -0
vn -0.866019 -0.500011 -0
vn -0.258908 -0.183406 0.94833
vn -0.267794 -0.097998 0.95848
vn -0.290796 -0.082899 0.953187
vn -0.182896 -0.218795 0.958477
vn 0 -0 -1
vn 0 -0 -1
vn 0 -0 -1
vn 0 -0 -1
vn 0.766982 0.640985 -0.029599
vn 0.939063 0.343687 -0.0063
vn 0.985095 0.171899 0.0063
vn 0.640989 0.766487 -0.040399
vn 0 -0 -1
vn -0.070598 -0.040799 -0.99667
vn 0 -0 -1
vn -0.0441 -0.0255 -0.998702
vn -0.99967 -0 -0.025699
vn -0.99967 -0 -0.025699
vn -0.99967 -0 -0.025699
vn -0.99967 -0 -0.025699
vn -0.290796 -0.082899 0.953187
vn -0.280896 0.048999 0.958487
vn -0.288308 0.132504 0.948326
vn -0.267794 -0.097998 0.95848
vn 0 -0 -1
vn 0 -0 -1
vn 0 -0 -1
vn 0 -0 -1
vn 0.985095 0.171899 0.0063
vn 0.984704 -0.171701 0.0296
vn 0.93835 -0.343318 0.040402
vn 0.939063 0.343687 -0.0063
vn 0 -0 -1
vn -0.040301 0.0233 -0.998916
vn 0 -0 -1
vn -0.070598 -0.040799 -0.99667
vn -0.866019 0.500011 -0
vn -0.866019 0.500011 -0
vn -0.866019 0.500011 -0
vn -0.866019 0.500011 -0
vn -0.288308 0.132504 0.948326
vn -0.218795 0.182896 0.958477
vn -0.217196 0.210396 0.953184
vn -0.280896 0.048999 0.958487
vn 0 -0 -1
vn 0 -0 -1
vn 0 -0 -1
vn 0 -0 -1
vn 0.93835 -0.343318 0.040402
vn 0.766036 -0.64023 0.057403
vn 0.640186 -0.765583 0.063599
vn 0.984704 -0.171701 0.0296
vn 0 -0 -1
vn -0.064501 0.037301 -0.99722
vn 0 -0 -1
vn -0.040301 0.0233 -0.998916
vn -0.49768 0.862066 -0.095696
vn -0.49768 0.862066 -0.095696
vn -0.49768 0.862066 -0.095696
vn -0.49768 0.862066 -0.095696
vn -0.217196 0.210396 0.953184
vn -0.097998 0.267794 0.958479
vn -0.029401 0.315911 0.948333
vn -0.218795 0.182896 0.958477
vn 0 -0 -1
vn 0 -0 -1
vn 0 -0 -1
vn 0 -0 -1
vn 0.640186 -0.765583 0.063599
vn 0.342892 -0.936778 0.069798
vn 0.171405 -0.982725 0.069802
vn 0.766036 -0.64023 0.057403
vn 0 -0 -1
vn -0 0.045498 -0.998965
vn 0 -0 -1
vn -0.064501 0.037301 -0.99722
vn 0.934093 0.356997 -0.0049
vn 0.935339 0.353615 -0.0099
vn 0.934093 0.356997 -0.0049
vn 0.932798 0.360399 -0
vn -0 0.181402 -0.983409
vn -0 0.181402 -0.983409
vn -0.94467 0.32679 -0.028399
vn -0.938627 0.34021 -0.056902
vn -0.94467 0.32679 -0.028399
vn -0.949718 0.313106 -0
vn -0 0.367301 0.930102
vn -0 0.367301 0.930102
vn -0.217099 0.974894 -0.0495
vn -0.189403 0.976916 -0.098802
vn -0.217099 0.974894 -0.0495
vn -0.243994 0.969777 -0
vn 0.795215 -0.605111 0.038401
vn 0.810159 -0.581171 0.076696
vn 0.795215 -0.605111 0.038401
vn 0.778473 -0.627678 -0
vn 0.067199 0.038799 -0.996985
vn 0.042001 0.0242 -0.998825
vn 0.167294 0.096596 -0.981164
vn 0.167294 0.096596 -0.981164
vn 0.318103 0.183602 0.930108
vn 0.318103 0.183602 0.930108
vn 0.760502 0.649002 -0.0208
vn 0.768089 0.638991 -0.041599
vn 0.760502 0.649002 -0.0208
vn 0.752496 0.658597 -0
vn -0.120404 -0.991631 0.046601
vn -0.086003 -0.991935 0.093103
vn -0.120404 -0.991631 0.046601
vn -0.154304 -0.988024 0
vn 0.183595 -0.105997 -0.977271
vn 0.183595 -0.105997 -0.977271
vn 0.318103 -0.183602 0.930108
vn 0.318103 -0.183602 0.930108
vn 0.917141 -0.397418 0.030201
vn 0.922896 -0.380298 0.0603
vn 0.917141 -0.397418 0.030201
vn 0.910281 -0.413991 0
vn -0.931269 -0.364288 0.0057
vn -0.929714 -0.368106 0.0114
vn -0.931269 -0.364288 0.0057
vn -0.932798 -0.360399 0
vn 0 -0.217704 -0.976015
vn 0 -0.217704 -0.976015
vn 0 -0.367301 0.930102
vn 0 -0.367301 0.930102
vn 0.091599 -0.994585 0.049099
vn 0.117799 -0.98819 0.097999
vn 0.091599 -0.994585 0.049099
vn 0.065099 -0.997879 0
vn -0.758282 0.650585 -0.041799
vn -0.736006 0.671805 -0.083501
vn -0.758282 0.650585 -0.041799
vn -0.778473 0.627678 -0
vn -0.175701 -0.101401 -0.979207
vn -0.175701 -0.101401 -0.979207
vn -0.318103 -0.183601 0.930108
vn -0.318103 -0.183601 0.930108
vn -0.793309 -0.608507 0.0195
vn -0.786839 -0.615931 0.038902
vn -0.793309 -0.608507 0.0195
vn -0.799484 -0.600688 -0
vn 0.185897 0.981584 -0.043999
vn 0.216813 0.972256 -0.087805
vn 0.185897 0.981584 -0.043999
vn 0.154304 0.988024 -0
vn -0.160705 0.092803 -0.98263
vn -0.160705 0.092803 -0.98263
vn -0.318103 0.183602 0.930108
vn -0.318103 0.183602 0.930108
vn 0.343693 -0.939082 0
vn 0.641403 -0.767204 0
vn 0.767204 -0.641403 0
vn 0.171903 -0.985114 0
vn 0 -0 -1
vn 0 -0 -1
vn 0 -0 -1
vn 0 -0 -1
vn -0.343693 0.939082 -0
vn -0.641403 0.767204 -0
vn -0.767204 0.641403 -0
vn -0.171903 0.985114 -0
vn -0 0 1
vn -0 0 1
vn -0 0 1
vn -0 0 1
vn 0.767204 -0.641403 0
vn 0.939082 -0.343693 -0
vn 0.985114 -0.171902 0
vn 0.641403 -0.767204 0
vn 0 -0 -1
vn 0 -0 -1
vn 0 -0 -1
vn 0 -0 -1
vn -0.767204 0.641403 -0
vn -0.939082 0.343693 -0
vn -0.985114 0.171902 -0
vn -0.641403 0.767204 -0
vn -0 0 1
vn -0 0 1
vn -0 0 1
vn -0 0 1
vn 0.985114 -0.171902 0
vn 0.985114 0.171903 -0
vn 0.939082 0.343693 -0
vn 0.939082 -0.343693 -0
vn 0 -0 -1
vn 0 -0 -1
vn 0 -0 -1
vn 0 -0 -1
vn -0.985114 0.171902 -0
vn -0.985114 -0.171903 0
vn -0.939082 -0.343693 -0
vn -0.939082 0.343693 -0
vn -0 0 1
vn -0 0 1
vn -0 0 1
vn -0 0 1
vn 0.939082 0.343693 -0
vn 0.767204 0.641403 -0
vn 0.641403 0.767204 -0
vn 0.985114 0.171903 -0
vn 0 -0 -1
vn 0 -0 -1
vn 0 -0 -1
vn 0 -0 -1
vn -0.939082 -0.343693 -0
vn -0.767204 -0.641403 0
vn -0.641403 -0.767204 -0
vn -0.985114 -0.171903 0
vn -0 0 1
vn -0 0 1
vn -0 0 1
vn -0 0 1
vn 0.641403 0.767204 -0
vn 0.343693 0.939082 -0
vn 0.171902 0.985114 -0
vn 0.767204 0.641403 -0
vn 0 -0 -1
vn 0 -0 -1
vn 0 -0 -1
vn 0 -0 -1
vn -0.641403 -0.767204 -0
vn -0.343693 -0.939082 0
vn -0.171902 -0.985114 0
vn -0.767204 -0.641403 0
vn -0 0 1
vn -0 0 1
vn -0 0 1
vn -0 0 1
vn 0.171902 0.985114 -0
vn -0.171903 0.985114 -0
vn -0.343693 0.939082 -0
vn 0.343693 0.939082 -0
vn 0 -0 -1
vn 0 -0 -1
vn 0 -0 -1
vn 0 -0 -1
vn -0.171902 -0.985114 0
vn 0.171903 -0.985114 0
vn 0.343693 -0.939082 0
vn -0.343693 -0.939082 0
vn -0 0 1
vn -0 0 1
vn -0 0 1
vn -0 0 1
vn -0.343693 0.939082 -0
vn -0.641403 0.767204 -0
vn -0.767204 0.641403 -0
vn -0.171903 0.985114 -0
vn 0 -0 -1
vn 0 -0 -1
vn 0 -0 -1
vn 0 -0 -1
vn 0.343693 -0.939082 0
vn 0.641403 -0.767204 0
vn 0.767204 -0.641403 0
vn 0.171903 -0.985114 0
vn -0 0 1
vn -0 0 1
vn -0 0 1
vn -0 0 1
vn -0.767204 0.641403 -0
vn -0.939082 0.343693 -0
vn -0.985114 0.171902 -0
vn -0.641403 0.767204 -0
vn 0 -0 -1
vn 0 -0 -1
vn 0 -0 -1
vn 0 -0 -1
vn 0.767204 -0.641403 0
vn 0.939082 -0.343693 -0
vn 0.985114 -0.171902 0
vn 0.641403 -0.767204 0
vn -0 0 1
vn -0 0 1
vn -0 0 1
vn -0 0 1
vn -0.985114 0.171902 -0
vn -0.985114 -0.171903 0
vn -0.939082 -0.343693 -0
vn -0.939082 0.343693 -0
vn 0 -0 -1
vn 0 -0 -1
vn 0 -0 -1
vn 0 -0 -1
vn 0.985114 -0.171902 0
vn 0.985114 0.171903 -0
vn 0.939082 0.343693 -0
vn 0.939082 -0.343693 -0
vn -0 0 1
vn -0 0 1
vn -0 0 1
vn -0 0 1
vn -0.939082 -0.343693 -0
vn -0.767204 -0.641403 0
vn -0.641403 -0.767204 -0
vn -0.985114 -0.171903 0
vn 0 -0 -1
vn 0 -0 -1
vn 0 -0 -1
vn 0 -0 -1
vn 0.939082 0.343693 -0
vn 0.767204 0.641403 -0
vn 0.641403 0.767204 -0
vn 0.985114 0.171903 -0
vn -0 0 1
vn -0 0 1
vn -0 0 1
vn -0 0 1
vn -0.641403 -0.767204 -0
vn -0.343693 -0.939082 0
vn -0.171902 -0.985114 0
vn -0.767204 -0.641403 0
vn 0 -0 -1
vn 0 -0 -1
vn 0 -0 -1
vn 0 -0 -1
vn 0.641403 0.767204 -0
vn 0.343693 0.939082 -0
vn 0.171902 0.985114 -0
vn 0.767204 0.641403 -0
vn -0 0 1
vn -0 0 1
vn -0 0 1
vn -0 0 1
vn -0.171902 -0.985114 0
vn 0.171903 -0.985114 0
vn 0.343693 -0.939082 0
vn -0.343693 -0.939082 0
vn 0 -0 -1
vn 0 -0 -1
vn 0 -0 -1
vn 0 -0 -1
vn 0.171902 0.985114 -0
vn -0.171903 0.985114 -0
vn -0.343693 0.939082 -0
vn 0.343693 0.939082 -0
vn -0 0 1
vn -0 0 1
vn -0 0 1
vn -0 0 1
vn 0 -1 0
vn 0 -1 0
vn 0 -1 0
vn 0 -1 0
vn 0.029401 -0.315911 -0.948333
vn -0.073599 -0.293295 -0.953185
vn -0.048999 -0.280896 -0.958487
vn 0.097998 -0.267794 -0.958479
vn 0 0 1
vn 0 0 1
vn 0 0 1
vn 0 0 1
vn -0.171404 0.982725 -0.069802
vn 0.343291 0.937474 -0.057399
vn 0.171602 0.983111 -0.063601
vn -0.342892 0.936778 -0.069798
vn 0 0 1
vn 0 0 1
vn 0 -0.072803 0.997346
vn 0 -0.045498 0.998964
vn -0.498787 -0.863877 0.070198
vn -0.498787 -0.863877 0.070198
vn -0.498787 -0.863877 0.070198
vn -0.498787 -0.863877 0.070198
vn -0.073599 -0.293295 -0.953185
vn -0.258908 -0.183406 -0.94833
vn -0.182896 -0.218795 -0.958477
vn -0.048999 -0.280896 -0.958487
vn 0 0 1
vn 0 0 1
vn 0 0 1
vn 0 0 1
vn 0.343291 0.937474 -0.057399
vn 0.766982 0.640985 -0.029599
vn 0.640989 0.766487 -0.040399
vn 0.171602 0.983111 -0.063601
vn 0 0 1
vn 0 0 1
vn -0.042001 -0.024201 0.998825
vn 0 -0.072803 0.997346
vn -0.866019 -0.500011 0
vn -0.866019 -0.500011 0
vn -0.866019 -0.500011 0
vn -0.866019 -0.500011 0
vn -0.258908 -0.183406 -0.94833
vn -0.290796 -0.082899 -0.953187
vn -0.267794 -0.097998 -0.95848
vn -0.182896 -0.218795 -0.958477
vn 0 0 1
vn 0 0 1
vn 0 0 1
vn 0 0 1
vn 0.766982 0.640985 -0.029599
vn 0.985094 0.171899 0.0063
vn 0.939063 0.343687 -0.0063
vn 0.640989 0.766487 -0.040399
vn 0 0 1
vn 0 0 1
vn -0.067199 -0.038799 0.996985
vn -0.042001 -0.024201 0.998825
vn -0.99967 0 -0.025699
vn -0.99967 0 -0.025699
vn -0.99967 0 -0.025699
vn -0.99967 0 -0.025699
vn -0.290796 -0.082899 -0.953187
vn -0.288308 0.132504 -0.948326
vn -0.280896 0.048999 -0.958487
vn -0.267794 -0.097998 -0.95848
vn 0 0 1
vn 0 0 1
vn 0 0 1
vn 0 0 1
vn 0.985094 0.171899 0.0063
vn 0.93835 -0.343318 0.040402
vn 0.984704 -0.171701 0.0296
vn 0.939063 0.343687 -0.0063
vn 0 0 1
vn 0 0 1
vn -0.046099 0.0266 0.998583
vn -0.067199 -0.038799 0.996985
vn -0.866019 0.500011 -0
vn -0.866019 0.500011 -0
vn -0.866019 0.500011 -0
vn -0.866019 0.500011 -0
vn -0.288308 0.132504 -0.948326
vn -0.217196 0.210396 -0.953184
vn -0.218795 0.182896 -0.958477
vn -0.280896 0.048999 -0.958487
vn 0 0 1
vn 0 0 1
vn 0 0 1
vn 0 0 1
vn 0.93835 -0.343318 0.040402
vn 0.640186 -0.765583 0.063599
vn 0.766036 -0.64023 0.057403
vn 0.984704 -0.171701 0.0296
vn 0 0 1
vn 0 0 1
vn -0.073797 0.042598 0.996363
vn -0.046099 0.0266 0.998583
vn -0.49768 0.862066 -0.095696
vn -0.49768 0.862066 -0.095696
vn -0.49768 0.862066 -0.095696
vn -0.49768 0.862066 -0.095696
vn -0.217196 0.210396 -0.953184
vn -0.029401 0.315911 -0.948333
vn -0.097998 0.267794 -0.95848
vn -0.218795 0.182896 -0.958477
vn 0 0 1
vn 0 0 1
vn 0 0 1
vn 0 0 1
vn 0.640186 -0.765583 0.063599
vn 0.171404 -0.982725 0.069802
vn 0.342892 -0.936778 0.069798
vn 0.766036 -0.64023 0.057403
vn 0 0 1
vn 0 0 1
vn 0 0.0547 0.998503
vn -0.073797 0.042598 0.996363
vn -0 1 -0
vn -0 1 -0
vn -0 1 -0
vn -0 1 -0
vn -0.029401 0.315911 -0.948333
vn 0.073599 0.293295 -0.953185
vn 0.048999 0.280896 -0.958487
vn -0.097998 0.267794 -0.95848
vn 0 0 1
vn 0 0 1
vn 0 0 1
vn 0 0 1
vn 0.171404 -0.982725 0.069802
vn -0.343291 -0.937474 0.057399
vn -0.171602 -0.983111 0.063601
vn 0.342892 -0.936778 0.069798
vn 0 0 1
vn 0 0 1
vn 0 0.087596 0.996156
vn 0 0.0547 0.998503
vn 0.498787 0.863877 -0.070198
vn 0.498787 0.863877 -0.070198
vn 0.498787 0.863877 -0.070198
vn 0.498787 0.863877 -0.070198
vn 0.073599 0.293295 -0.953185
vn 0.258908 0.183406 -0.94833
vn 0.182896 0.218795 -0.958477
vn 0.048999 0.280896 -0.958487
vn 0 0 1
vn 0 0 1
vn 0 0 1
vn 0 0 1
vn -0.343291 -0.937474 0.057399
vn -0.766982 -0.640985 0.029599
vn -0.640989 -0.766487 0.040399
vn -0.171602 -0.983111 0.063601
vn 0 0 1
vn 0 0 1
vn 0.0441 0.0255 0.998702
vn 0 0.087596 0.996156
vn 0.866019 0.500011 -0
vn 0.866019 0.500011 -0
vn 0.866019 0.500011 -0
vn 0.866019 0.500011 -0
vn 0.258908 0.183406 -0.94833
vn 0.290796 0.082899 -0.953187
vn 0.267794 0.097998 -0.95848
vn 0.182896 0.218795 -0.958477
vn 0 0 1
vn 0 0 1
vn 0 0 1
vn 0 0 1
vn -0.766982 -0.640985 0.029599
vn -0.985094 -0.171899 -0.0063
vn -0.939063 -0.343687 0.0063
vn -0.640989 -0.766487 0.040399
vn 0 0 1
vn 0 0 1
vn 0.070598 0.040799 0.99667
vn 0.0441 0.0255 0.998702
vn 0.99967 0 0.025699
vn 0.99967 0 0.025699
vn 0.99967 0 0.025699
vn 0.99967 0 0.025699
vn 0.290796 0.082899 -0.953187
vn 0.288308 -0.132504 -0.948326
vn 0.280896 -0.048999 -0.958487
vn 0.267794 0.097998 -0.95848
vn 0 0 1
vn 0 0 1
vn 0 0 1
vn 0 0 1
vn -0.985094 -0.171899 -0.0063
vn -0.93835 0.343318 -0.040402
vn -0.984704 0.171701 -0.0296
vn -0.939063 -0.343687 0.0063
vn 0 0 1
vn 0 0 1
vn 0.040301 -0.0233 0.998916
vn 0.070598 0.040799 0.99667
vn 0.866019 -0.500011 -0
vn 0.866019 -0.500011 -0
vn 0.866019 -0.500011 -0
vn 0.866019 -0.500011 -0
vn 0.288308 -0.132504 -0.948326
vn 0.217196 -0.210397 -0.953184
vn 0.218795 -0.182896 -0.958477
vn 0.280896 -0.048999 -0.958487
vn 0 0 1
vn 0 0 1
vn 0 0 1
vn 0 0 1
vn -0.93835 0.343318 -0.040402
vn -0.640186 0.765583 -0.063599
vn -0.766036 0.64023 -0.057403
vn -0.984704 0.171701 -0.0296
vn 0 0 1
vn 0 0 1
vn 0.064501 -0.037301 0.99722
vn 0.040301 -0.0233 0.998916
vn 0.49768 -0.862066 0.095696
vn 0.49768 -0.862066 0.095696
vn 0.49768 -0.862066 0.095696
vn 0.49768 -0.862066 0.095696
vn 0.217196 -0.210397 -0.953184
vn 0.029401 -0.315911 -0.948333
vn 0.097998 -0.267794 -0.958479
vn 0.218795 -0.182896 -0.958477
vn 0 0 1
vn 0 0 1
vn 0 0 1
vn 0 0 1
vn -0.640186 0.765583 -0.063599
vn -0.171404 0.982725 -0.069802
vn -0.342892 0.936778 -0.069798
vn -0.766036 0.64023 -0.057403
vn 0 0 1
vn 0 0 1
vn 0 -0.045498 0.998964
vn 0.064501 -0.037301 0.99722
vn -0.934093 -0.356997 0.0049
vn -0.934093 -0.356997 0.0049
vn -0.935339 -0.353615 0.009901
vn -0.932798 -0.360399 0
vn 0 -0.181402 0.983409
vn 0 -0.181402 0.983409
vn 0.94467 -0.32679 0.028399
vn 0.94467 -0.32679 0.028399
vn 0.938627 -0.34021 0.056902
vn 0.949718 -0.313106 -0
vn -0 -0.367301 -0.930102
vn -0 -0.367301 -0.930102
vn 0.217099 -0.974894 0.0495
vn 0.217099 -0.974894 0.0495
vn 0.189403 -0.976916 0.098802
vn 0.243994 -0.969777 0
vn -0.795215 0.605111 -0.038401
vn -0.795215 0.605111 -0.038401
vn -0.810159 0.581171 -0.076696
vn -0.778473 0.627678 -0
vn -0.067199 -0.038799 0.996985
vn -0.167294 -0.096596 0.981164
vn -0.042001 -0.024201 0.998825
vn -0.167294 -0.096596 0.981164
vn -0.318103 -0.183602 -0.930108
vn -0.318103 -0.183602 -0.930108
vn -0.760502 -0.649002 0.0208
vn -0.760502 -0.649002 0.0208
vn -0.768089 -0.638991 0.0416
vn -0.752496 -0.658597 0
vn 0.120404 0.991631 -0.046602
vn 0.120404 0.991631 -0.046602
vn 0.086003 0.991935 -0.093103
vn 0.154304 0.988024 -0
vn -0.183594 0.105997 0.977271
vn -0.183594 0.105997 0.977271
vn -0.318103 0.183602 -0.930108
vn -0.318103 0.183602 -0.930108
vn -0.917141 0.397418 -0.030201
vn -0.917141 0.397418 -0.030201
vn -0.922896 0.380298 -0.0603
vn -0.910281 0.413991 0
vn 0.931269 0.364288 -0.0057
vn 0.931269 0.364288 -0.0057
vn 0.929714 0.368106 -0.0114
vn 0.932798 0.360399 -0
vn 0 0.217703 0.976015
vn 0 0.217608 0.976036
vn -0 0.367301 -0.930102
vn -0 0.367301 -0.930102
vn -0.091599 0.994585 -0.049099
vn -0.091599 0.994585 -0.049099
vn -0.117799 0.98819 -0.097999
vn -0.065099 0.997879 -0
vn 0.758283 -0.650585 0.041799
vn 0.758283 -0.650585 0.041799
vn 0.736006 -0.671806 0.083501
vn 0.778473 -0.627678 0
vn 0.175701 0.101401 0.979207
vn 0.175701 0.101401 0.979207
vn 0.318103 0.183602 -0.930108
vn 0.318103 0.183602 -0.930108
vn 0.793309 0.608507 -0.0195
vn 0.793309 0.608507 -0.0195
vn 0.786839 0.615931 -0.038902
vn 0.799484 0.600688 -0
vn -0.185897 -0.981584 0.043999
vn -0.185897 -0.981584 0.043999
vn -0.216813 -0.972257 0.087805
vn -0.154304 -0.988024 0
vn 0.160705 -0.092803 0.98263
vn 0.160705 -0.092803 0.98263
vn 0.318103 -0.183602 -0.930108
vn 0.318103 -0.183602 -0.930108
vn -0.343693 0.939082 -0
vn -0.767204 0.641403 -0
vn -0.641403 0.767204 -0
vn -0.171902 0.985114 -0
vn 0 0 1
vn 0 0 1
vn 0 0 1
vn 0 0 1
vn 0.343693 -0.939082 0
vn 0.767204 -0.641403 0
vn 0.641403 -0.767204 -0
vn 0.171902 -0.985114 0
vn -0 0 -1
vn -0 0 -1
vn -0 0 -1
vn -0 0 -1
vn -0.767204 0.641403 -0
vn -0.985114 0.171902 0
vn -0.939082 0.343693 0
vn -0.641403 0.767204 -0
vn 0 0 1
vn 0 0 1
vn 0 0 1
vn 0 0 1
vn 0.767204 -0.641403 0
vn 0.985114 -0.171902 -0
vn 0.939082 -0.343693 -0
vn 0.641403 -0.767204 -0
vn -0 0 -1
vn -0 0 -1
vn -0 0 -1
vn -0 0 -1
vn -0.985114 0.171902 0
vn -0.939082 -0.343693 0
vn -0.985114 -0.171902 0
vn -0.939082 0.343693 0
vn 0 0 1
vn 0 0 1
vn 0 0 1
vn 0 0 1
vn 0.985114 -0.171902 -0
vn 0.939082 0.343693 -0
vn 0.985114 0.171902 -0
vn 0.939082 -0.343693 -0
vn -0 0 -1
vn -0 0 -1
vn -0 0 -1
vn -0 0 -1
vn -0.939082 -0.343693 0
vn -0.641403 -0.767204 0
vn -0.767204 -0.641403 0
vn -0.985114 -0.171902 0
vn 0 0 1
vn 0 0 1
vn 0 0 1
vn 0 0 1
vn 0.939082 0.343693 -0
vn 0.641403 0.767204 -0
vn 0.767204 0.641403 -0
vn 0.985114 0.171902 -0
vn -0 0 -1
vn -0 0 -1
vn -0 0 -1
vn -0 0 -1
vn -0.641403 -0.767204 0
vn -0.171902 -0.985114 0
vn -0.343693 -0.939082 0
vn -0.767204 -0.641403 0
vn 0 0 1
vn 0 0 1
vn 0 0 1
vn 0 0 1
vn 0.641403 0.767204 -0
vn 0.171902 0.985114 -0
vn 0.343693 0.939082 -0
vn 0.767204 0.641403 -0
vn -0 0 -1
vn -0 0 -1
vn -0 0 -1
vn -0 0 -1
vn -0.171902 -0.985114 0
vn 0.343693 -0.939082 0
vn 0.171902 -0.985114 0
vn -0.343693 -0.939082 0
vn 0 0 1
vn 0 0 1
vn 0 0 1
vn 0 0 1
vn 0.171902 0.985114 -0
vn -0.343693 0.939082 -0
vn -0.171902 0.985114 -0
vn 0.343693 0.939082 -0
vn -0 0 -1
vn -0 0 -1
vn -0 0 -1
vn -0 0 -1
vn 0.343693 -0.939082 0
vn 0.767204 -0.641403 0
vn 0.641403 -0.767204 -0
vn 0.171902 -0.985114 0
vn 0 0 1
vn 0 0 1
vn 0 0 1
vn 0 0 1
vn -0.343693 0.939082 -0
vn -0.767204 0.641403 -0
vn -0.641403 0.767204 -0
vn -0.171902 0.985114 -0
vn -0 0 -1
vn -0 0 -1
vn -0 0 -1
vn -0 0 -1
vn 0.767204 -0.641403 0
vn 0.985114 -0.171902 -0
vn 0.939082 -0.343693 -0
vn 0.641403 -0.767204 -0
vn 0 0 1
vn 0 0 1
vn 0 0 1
vn 0 0 1
vn -0.767204 0.641403 -0
vn -0.985114 0.171902 0
vn -0.939082 0.343693 0
vn -0.641403 0.767204 -0
vn -0 0 -1
vn -0 0 -1
vn -0 0 -1
vn -0 0 -1
vn 0.985114 -0.171902 -0
vn 0.939082 0.343693 -0
vn 0.985114 0.171902 -0
vn 0.939082 -0.343693 -0
vn 0 0 1
vn 0 0 1
vn 0 0 1
vn 0 0 1
vn -0.985114 0.171902 0
vn -0.939082 -0.343693 0
vn -0.985114 -0.171902 0
vn -0.939082 0.343693 0
vn -0 0 -1
vn -0 0 -1
vn -0 0 -1
vn -0 0 -1
vn 0.939082 0.343693 -0
vn 0.641403 0.767204 -0
vn 0.767204 0.641403 -0
vn 0.985114 0.171902 -0
vn 0 0 1
vn 0 0 1
vn 0 0 1
vn 0 0 1
vn -0.939082 -0.343693 0
vn -0.641403 -0.767204 0
vn -0.767204 -0.641403 0
vn -0.985114 -0.171902 0
vn -0 0 -1
vn -0 0 -1
vn -0 0 -1
vn -0 0 -1
vn 0.641403 0.767204 -0
vn 0.171902 0.985114 -0
vn 0.343693 0.939082 -0
vn 0.767204 0.641403 -0
vn 0 0 1
vn 0 0 1
vn 0 0 1
vn 0 0 1
vn -0.641403 -0.767204 0
vn -0.171902 -0.985114 0
vn -0.343693 -0.939082 0
vn -0.767204 -0.641403 0
vn -0 0 -1
vn -0 0 -1
vn -0 0 -1
vn -0 0 -1
vn 0.171902 0.985114 -0
vn -0.343693 0.939082 -0
vn -0.171902 0.985114 -0
vn 0.343693 0.939082 -0
vn 0 0 1
vn 0 0 1
vn 0 0 1
vn 0 0 1
vn -0.171902 -0.985114 0
vn 0.343693 -0.939082 0
vn 0.171902 -0.985114 0
vn -0.343693 -0.939082 0
vn -0 0 -1
vn -0 0 -1
vn -0 0 -1
vn -0 0 -1
vn 0.707107 0.707107 0
vn 0.707107 0.707107 0
vn 0.707107 0.707107 0
vn 0.707107 0.707107 0
vn -0.707107 0.707107 0
vn -0.707107 0.707107 0
vn -0.707107 0.707107 0
vn -0.707107 0.707107 0
vn -0.707107 -0.707107 -0
vn -0.707107 -0.707107 -0
vn -0.707107 -0.707107 -0
vn -0.707107 -0.707107 -0
vn 0.707107 -0.707107 -0
vn 0.707107 -0.707107 -0
vn 0.707107 -0.707107 -0
vn 0.707107 -0.707107 -0
vn -0 0 1
vn -0 0 1
vn -0 0 1
vn -0 0 1
vn -0 0 1
vn 0.707107 0.707107 0
vn 0.707107 0.707107 0
vn 0.707107 0.707107 0
vn 0.707107 0.707107 0
vn -0.707107 0.707107 0
vn -0.707107 0.707107 0
vn -0.707107 0.707107 0
vn -0.707107 0.707107 0
vn -0.707107 -0.707107 -0
vn -0.707107 -0.707107 -0
vn -0.707107 -0.707107 -0
vn -0.707107 -0.707107 -0
vn 0.707107 -0.707107 -0
vn 0.707107 -0.707107 -0
vn 0.707107 -0.707107 -0
vn 0.707107 -0.707107 -0
vn -0 0 1
vn -0 0 1
vn -0 0 1
vn -0 0 1
vn 0 -1 0
vn 0 -1 0
vn 0 -1 0
vn 0 -1 0
vn 1 0 -0
vn 1 0 -0
vn 1 0 -0
vn 1 0 -0
vn -0 1 -0
vn -0 1 -0
vn -0 1 -0
vn -0 1 -0
vn -1 0 -0
vn -1 0 -0
vn -1 0 -0
vn -1 0 -0
vn -0 0 1
vn -0 0 1
vn 0.228794 -0.973475 -0
vn 0.228794 -0.973475 -0
vn 0.228794 -0.973475 -0
vn 0.228794 -0.973475 -0
vn 0.228794 0.973475 0
vn 0.228794 0.973475 0
vn 0.228794 0.973475 0
vn 0.228794 0.973475 0
vn 0.981978 0.188996 -0
vn 0.654694 0.755894 0
vn 0.981978 -0.188996 -0
vn 0.327306 0.944918 0
vn -0.327306 0.944918 0
vn -0.654694 0.755894 0
vn -0.981978 0.188996 -0
vn -0.981978 -0.188996 -0
vn -0.654694 -0.755894 -0
vn -0.327306 -0.944918 -0
vn 0.327306 -0.944918 -0
vn 0.654694 -0.755894 -0
vn -0 0 1
vn -0 0 1
vn -0 0 1
vn -0 0 1
vn -0 0 1
vn -0 0 1
vn -0 0 1
vn 0.542031 0.625836 -0.560832
vn 0.813017 -0.156503 -0.560812
vn 0.813017 0.156503 -0.560812
vn 0.271009 0.782327 -0.560819
vn -0.271009 0.782327 -0.560819
vn -0.542031 0.625836 -0.560832
vn -0.813017 0.156503 -0.560812
vn -0.813017 -0.156503 -0.560812
vn -0.542031 -0.625836 -0.560832
vn -0.271009 -0.782327 -0.560819
vn 0.271009 -0.782327 -0.560819
vn 0.542031 -0.625836 -0.560832
vn 0.654694 0.755894 0
vn 0.981978 -0.188996 -0
vn 0.981978 0.188996 -0
vn 0.327306 0.944918 0
vn -0.327306 0.944918 0
vn -0.654694 0.755894 0
vn -0.981978 0.188996 -0
vn -0.981978 -0.188996 -0
vn -0.654694 -0.755894 -0
vn -0.327306 -0.944918 -0
vn 0.327306 -0.944918 -0
vn 0.654694 -0.755894 -0
vn 0 0 1
vn 0 0 1
vn 0 0 1
vn 0 0 1
vn 0 0 1
vn -0.707107 0.707107 -0
vn -0.707107 0.707107 -0
vn -0.707107 0.707107 -0
vn -0.707107 0.707107 -0
vn 0.707107 0.707107 -0
vn 0.707107 0.707107 -0
vn 0.707107 0.707107 -0
vn 0.707107 0.707107 -0
vn 0.707107 -0.707107 -0
vn 0.707107 -0.707107 -0
vn 0.707107 -0.707107 -0
vn 0.707107 -0.707107 -0
vn -0.707107 -0.707107 0
vn -0.707107 -0.707107 0
vn -0.707107 -0.707107 0
vn -0.707107 -0.707107 0
vn -0.707107 0.707107 -0
vn -0.707107 0.707107 -0
vn -0.707107 0.707107 -0
vn -0.707107 0.707107 -0
vn 0.707107 0.707107 -0
vn 0.707107 0.707107 -0
vn 0.707107 0.707107 -0
vn 0.707107 0.707107 -0
vn 0.707107 -0.707107 -0
vn 0.707107 -0.707107 -0
vn 0.707107 -0.707107 -0
vn 0.707107 -0.707107 -0
vn -0.707107 -0.707107 0
vn -0.707107 -0.707107 0
vn -0.707107 -0.707107 0
vn -0.707107 -0.707107 0
vn 0 0 1
vn 0 0 1
vn 0 0 1
vn 0 0 1
vn 0 -1 0
vn 0 -1 0
vn 0 -1 0
vn 0 -1 0
vn -1 0 0
vn -1 0 0
vn -1 0 0
vn -1 0 0
vn -0 1 -0
vn -0 1 -0
vn -0 1 -0
vn -0 1 -0
vn 1 -0 -0
vn 1 -0 -0
vn 1 -0 -0
vn 1 -0 -0
vn 0 0 1
vn 0 0 1
vn -0.228794 -0.973475 0
vn -0.228794 -0.973475 0
vn -0.228794 -0.973475 0
vn -0.228794 -0.973475 0
vn -0.228794 0.973475 -0
vn -0.228794 0.973475 -0
vn -0.228794 0.973475 -0
vn -0.228794 0.973475 -0
vn -0.981978 0.188996 0
vn -0.654694 0.755894 -0
vn -0.981978 -0.188996 0
vn -0.327306 0.944918 -0
vn 0.327306 0.944918 -0
vn 0.654694 0.755894 -0
vn 0.981978 0.188996 -0
vn 0.981978 -0.188996 -0
vn 0.654694 -0.755894 -0
vn 0.327306 -0.944918 0
vn -0.327306 -0.944918 0
vn -0.654694 -0.755894 0
vn -0.542031 0.625836 0.560832
vn -0.813017 -0.156503 0.560812
vn -0.813017 0.156503 0.560812
vn -0.271009 0.782327 0.560819
vn 0.271009 0.782327 0.560819
vn 0.542031 0.625836 0.560832
vn 0.813017 0.156503 0.560812
vn 0.813017 -0.156503 0.560812
vn 0.542031 -0.625836 0.560832
vn 0.271009 -0.782327 0.560819
vn -0.271009 -0.782327 0.56082
vn -0.542031 -0.625836 0.560832
vn -0.654694 0.755894 -0
vn -0.981978 -0.188996 0
vn -0.981978 0.188996 0
vn -0.327306 0.944918 -0
vn 0.327306 0.944918 -0
vn 0.654694 0.755894 -0
vn 0.981978 0.188996 -0
vn 0.981978 -0.188996 -0
vn 0.654694 -0.755894 -0
vn 0.327306 -0.944918 0
vn -0.327306 -0.944918 0
vn -0.654694 -0.755894 0
vn -0 1 -0
vn -0 1 -0
vn -0 1 -0
vn -0 1 -0
vn -0 1 -0
vn -0 1 -0
vn -0 1 -0
vn -0 1 -0
vn -0 1 -0
vn -0 1 -0
vn -0 1 -0
vn -0 1 -0
vn -0 0 1
vn -0 0 1
vn -0 0 1
vn -0 0 1
vn 1 0 -0
vn 1 0 -0
vn 1 0 -0
vn 1 0 -0
vn 1 0 -0
vn 1 0 -0
vn 1 0 -0
vn 1 0 -0
vn -0 0 1
vn -0 0 1
vn -0 0 1
vn -0 0 1
vn 0.067203 0.997739 0
vn 0.067203 0.997739 0
vn 0.067203 0.997739 0
vn 0.067203 0.997739 0
vn -0 0 1
vn -0 0 1
vn -0 0 1
vn -0 0 1
vn 0.802012 0.597309 -0
vn 0.802012 0.597309 -0
vn 0.802012 0.597309 -0
vn 0.802012 0.597309 -0
vn -0 0 1
vn -0.628116 0.77812 0
vn -0.628116 0.77812 0
vn -0.628116 0.77812 0
vn -0.628116 0.77812 0
vn -0 0 1
vn -0 0 1
vn 0.990599 0.1368 0
vn 0.797207 0.603706 -0
vn 0.990599 -0.1368 -0
vn 0.603706 0.797207 0
vn 0.1368 0.990599 -0
vn -0.1368 0.990599 -0
vn -0.603706 0.797207 0
vn -0.797207 0.603706 -0
vn -0.990599 0.1368 0
vn -0.990599 -0.1368 -0
vn -0.923877 -0.38269 -0
vn -0.923877 -0.38269 -0
vn 0.923877 -0.38269 -0
vn 0.923877 -0.38269 -0
vn -0 0 1
vn -0 0 1
vn -0 0 1
vn -0 0 1
vn -0 0 1
vn -0 0 1
vn -0 0 1
vn -0 0 1
vn 0.707107 0.707107 0
vn 0.316198 0.948693 0
vn 0.707107 0.707107 0
vn -0.316198 0.948693 0
vn -0.707107 0.707107 0
vn -0.707107 0.707107 0
vn -0 0 1
vn -0 0 1
vn -0 0 1
vn -0 0 1
vn 0 0.69658 -0.717479
vn 0 0.945815 -0.324705
vn 0 0.69658 -0.717479
vn 0 0.945815 0.324705
vn 0 0.69658 0.717479
vn 0 0.69658 0.717479
vn 1 0 -0
vn 1 0 -0
vn 1 0 -0
vn 1 0 -0
vn -0 0 1
vn -0 0 1
vn -0 0 1
vn -0 0 1
vn 0.907708 0.419604 -0
vn 0.907708 0.419604 -0
vn 0.907708 0.419604 -0
vn 0.907708 0.419604 -0
vn -0.599088 0.800683 0
vn -0.599088 0.800683 0
vn -0.599088 0.800683 0
vn -0.599088 0.800683 0
vn -0 0 1
vn -0 0 1
vn 0.636489 -0.771286 -0
vn 0.636489 -0.771286 -0
vn 0.636489 -0.771286 -0
vn 0.636489 -0.771286 -0
vn -0.207699 0.978193 0
vn -0.207699 0.978193 0
vn -0.207699 0.978193 0
vn -0.207699 0.978193 0
vn 0.990599 0.1368 0
vn 0.797207 0.603706 -0
vn 0.990599 -0.1368 -0
vn 0.603706 0.797207 0
vn 0.1368 0.990599 -0
vn -0.1368 0.990599 -0
vn -0.603706 0.797207 0
vn -0.797207 0.603706 -0
vn -0.990599 0.1368 0
vn -0.990599 -0.1368 -0
vn -0.923877 -0.38269 -0
vn -0.923877 -0.38269 -0
vn 0.923877 -0.38269 -0
vn 0.923877 -0.38269 -0
vn -0 0 1
vn -0 0 1
vn -0 0 1
vn -0 0 1
vn -0 0 1
vn -0 0 1
vn -0 0 1
vn -0 0 1
vn 0.965929 0.258808 0
vn 0.748187 0.663488 0
vn 0.965929 0.258808 0
vn 0.200499 0.979694 0
vn -0.258808 0.965929 -0
vn -0.258808 0.965929 -0
vn -0 0 1
vn -0 0 1
vn -0 0 1
vn -0 0 1
vn 0.348284 0.603273 -0.717468
vn 0.472903 0.819104 -0.324702
vn 0.348284 0.603273 -0.717468
vn 0.472903 0.819104 0.324702
vn 0.348284 0.603273 0.717468
vn 0.348284 0.603273 0.717468
vn 0.866019 -0.500011 -0
vn 0.866019 -0.500011 -0
vn 0.866019 -0.500011 -0
vn 0.866019 -0.500011 -0
vn 0.990599 0.1368 0
vn 0.797207 0.603706 -0
vn 0.990599 -0.1368 -0
vn 0.603706 0.797207 0
vn 0.1368 0.990599 -0
vn -0.1368 0.990599 -0
vn -0.603706 0.797207 0
vn -0.797207 0.603706 -0
vn -0.990599 0.1368 0
vn -0.990599 -0.1368 -0
vn -0.923877 -0.38269 -0
vn -0.923877 -0.38269 -0
vn 0.923877 -0.38269 -0
vn 0.923877 -0.38269 -0
vn 0.990599 0.1368 0
vn 0.797207 0.603706 -0
vn 0.990599 -0.1368 -0
vn 0.603706 0.797207 0
vn 0.1368 0.990599 -0
vn -0.1368 0.990599 -0
vn -0.603706 0.797207 0
vn -0.797207 0.603706 -0
vn -0.990599 0.1368 0
vn -0.990599 -0.1368 -0
vn -0.923877 -0.38269 -0
vn -0.923877 -0.38269 -0
vn 0.923877 -0.38269 -0
vn 0.923877 -0.38269 -0
vt 0.6241 0.3837
vt 0.8306 0.3037
vt 0.8306 0.3842
vt 0.6241 0.3032
vt 0.2089 0.8337
vt 0.5028 0.6238
vt 0.5619 0.8326
vt 0.2634 0.6244
vt 0.6248 0.3019
vt 0.8299 0.3825
vt 0.6248 0.3825
vt 0.8299 0.3019
vt 0.6248 0.3019
vt 0.8299 0.3825
vt 0.6248 0.3825
vt 0.8299 0.3019
vt 0.2724 0.6214
vt 0.5626 0.835
vt 0.5051 0.6212
vt 0.2092 0.8316
vt 0.6255 0.3826
vt 0.8314 0.3051
vt 0.8314 0.3826
vt 0.6255 0.3051
vt 0.2108 0.8258
vt 0.5022 0.6227
vt 0.5586 0.8331
vt 0.2675 0.6211
vt 0.6248 0.3019
vt 0.8299 0.3825
vt 0.6248 0.3825
vt 0.8299 0.3019
vt 0.6248 0.3019
vt 0.8299 0.3825
vt 0.6248 0.3825
vt 0.8299 0.3019
vt 0.2675 0.6211
vt 0.5587 0.8329
vt 0.5023 0.6226
vt 0.2109 0.8256
vt 0.6241 0.3837
vt 0.8306 0.3037
vt 0.8306 0.3842
vt 0.6241 0.3032
vt 0.2089 0.8337
vt 0.5027 0.6238
vt 0.5618 0.8326
vt 0.2634 0.6244
vt 0.6248 0.3019
vt 0.8299 0.3825
vt 0.6248 0.3825
vt 0.8299 0.3019
vt 0.6248 0.3019
vt 0.8299 0.3825
vt 0.6248 0.3825
vt 0.8299 0.3019
vt 0.2725 0.6214
vt 0.5625 0.835
vt 0.5054 0.6214
vt 0.2092 0.8319
vt 0.6255 0.3826
vt 0.8314 0.3051
vt 0.8314 0.3826
vt 0.6255 0.3051
vt 0.2108 0.8256
vt 0.5025 0.6224
vt 0.5583 0.8329
vt 0.2675 0.621
vt 0.6248 0.3019
vt 0.8299 0.3825
vt 0.6248 0.3825
vt 0.8299 0.3019
vt 0.6248 0.3019
vt 0.8299 0.3825
vt 0.6248 0.3825
vt 0.8299 0.3019
vt 0.2675 0.6211
vt 0.5585 0.8329
vt 0.5026 0.6225
vt 0.211 0.8256
vt 0.6241 0.3837
vt 0.8306 0.3037
vt 0.8306 0.3842
vt 0.6241 0.3032
vt 0.2089 0.8337
vt 0.5028 0.6238
vt 0.5619 0.8326
vt 0.2634 0.6244
vt 0.6248 0.3019
vt 0.8299 0.3825
vt 0.6248 0.3825
vt 0.8299 0.3019
vt 0.6248 0.3019
vt 0.8299 0.3825
vt 0.6248 0.3825
vt 0.8299 0.3019
vt 0.2634 0.6244
vt 0.562 0.8326
vt 0.5028 0.6238
vt 0.2091 0.8337
vt 0.6255 0.3826
vt 0.8314 0.3051
vt 0.8314 0.3826
vt 0.6255 0.3051
vt 0.2108 0.8256
vt 0.5028 0.6226
vt 0.5588 0.8328
vt 0.2675 0.6211
vt 0.6248 0.3019
vt 0.8299 0.3825
vt 0.6248 0.3825
vt 0.8299 0.3019
vt 0.6248 0.3019
vt 0.8299 0.3825
vt 0.6248 0.3825
vt 0.8299 0.3019
vt 0.2723 0.6213
vt 0.5624 0.8351
vt 0.5055 0.6213
vt 0.2094 0.8317
vt 0.6241 0.3837
vt 0.8306 0.3037
vt 0.8306 0.3842
vt 0.6241 0.3032
vt 0.2088 0.8337
vt 0.5027 0.6237
vt 0.5617 0.8325
vt 0.2633 0.6244
vt 0.6248 0.3019
vt 0.8299 0.3825
vt 0.6248 0.3825
vt 0.8299 0.3019
vt 0.6248 0.3019
vt 0.8299 0.3825
vt 0.6248 0.3825
vt 0.8299 0.3019
vt 0.2633 0.6244
vt 0.5617 0.8326
vt 0.5027 0.6238
vt 0.2088 0.8338
vt 0.6255 0.3826
vt 0.8314 0.3051
vt 0.8314 0.3826
vt 0.6255 0.3051
vt 0.2109 0.8254
vt 0.5023 0.6223
vt 0.5587 0.8326
vt 0.2675 0.621
vt 0.6248 0.3019
vt 0.8299 0.3825
vt 0.6248 0.3825
vt 0.8299 0.3019
vt 0.6248 0.3019
vt 0.8299 0.3825
vt 0.6248 0.3825
vt 0.8299 0.3019
vt 0.2675 0.6211
vt 0.5585 0.8328
vt 0.5022 0.6225
vt 0.2108 0.8256
vt 0.6241 0.3837
vt 0.8306 0.3037
vt 0.8306 0.3842
vt 0.6241 0.3032
vt 0.209 0.8337
vt 0.5028 0.6238
vt 0.5619 0.8326
vt 0.2634 0.6244
vt 0.6248 0.3019
vt 0.8299 0.3825
vt 0.6248 0.3825
vt 0.8299 0.3019
vt 0.6248 0.3019
vt 0.8299 0.3825
vt 0.6248 0.3825
vt 0.8299 0.3019
vt 0.2633 0.6244
vt 0.5617 0.8326
vt 0.5027 0.6238
vt 0.2088 0.8338
vt 0.6255 0.3826
vt 0.8314 0.3051
vt 0.8314 0.3826
vt 0.6255 0.3051
vt 0.2108 0.8255
vt 0.5026 0.6226
vt 0.5582 0.8332
vt 0.2676 0.621
vt 0.6248 0.3019
vt 0.8299 0.3825
vt 0.6248 0.3825
vt 0.8299 0.3019
vt 0.6248 0.3019
vt 0.8299 0.3825
vt 0.6248 0.3825
vt 0.8299 0.3019
vt 0.2675 0.621
vt 0.558 0.8332
vt 0.5025 0.6226
vt 0.2106 0.8255
vt 0.6241 0.3837
vt 0.8306 0.3037
vt 0.8306 0.3842
vt 0.6241 0.3032
vt 0.209 0.8337
vt 0.5028 0.6238
vt 0.5619 0.8326
vt 0.2634 0.6244
vt 0.6248 0.3019
vt 0.8299 0.3825
vt 0.6248 0.3825
vt 0.8299 0.3019
vt 0.6248 0.3019
vt 0.8299 0.3825
vt 0.6248 0.3825
vt 0.8299 0.3019
vt 0.2634 0.6244
vt 0.5617 0.8326
vt 0.5027 0.6237
vt 0.2088 0.8337
vt 0.8314 0.3051
vt 0.6255 0.3826
vt 0.6255 0.3051
vt 0.8314 0.3826
vt 0.2106 0.8257
vt 0.5025 0.6227
vt 0.5585 0.833
vt 0.2675 0.6211
vt 0.8299 0.3825
vt 0.6248 0.3019
vt 0.8299 0.3019
vt 0.6248 0.3825
vt 0.8299 0.3825
vt 0.6248 0.3019
vt 0.8299 0.3019
vt 0.6248 0.3825
vt 0.2675 0.6211
vt 0.5584 0.8328
vt 0.5025 0.6226
vt 0.2106 0.8255
vt 0.6366 0.8311
vt 0.6989 0.8311
vt 0.6989 0.9974
vt 0.6366 0.9974
vt 0.2802 0.997
vt 0.5085 0.9958
vt 0.6366 0.8311
vt 0.6989 0.8311
vt 0.6989 0.9974
vt 0.6366 0.9974
vt 0.5083 0.9986
vt 0.2802 0.9974
vt 0.6366 0.8311
vt 0.6989 0.8311
vt 0.6989 0.9974
vt 0.6366 0.9974
vt 0.6366 0.8311
vt 0.6989 0.8311
vt 0.6989 0.9974
vt 0.6366 0.9974
vt 0.562 0.8326
vt 0.2091 0.8337
vt 0.2801 0.9974
vt 0.5083 0.9986
vt 0.5083 0.9986
vt 0.2801 0.9974
vt 0.6366 0.8311
vt 0.6989 0.8311
vt 0.6989 0.9974
vt 0.6366 0.9974
vt 0.6366 0.8311
vt 0.6989 0.8311
vt 0.6989 0.9974
vt 0.6366 0.9974
vt 0.2802 0.9974
vt 0.5083 0.9986
vt 0.5083 0.9986
vt 0.2802 0.9974
vt 0.6366 0.8311
vt 0.6989 0.8311
vt 0.6989 0.9974
vt 0.6366 0.9974
vt 0.6366 0.8311
vt 0.6989 0.8311
vt 0.6989 0.9974
vt 0.6366 0.9974
vt 0.2803 0.9974
vt 0.5084 0.9986
vt 0.5084 0.9986
vt 0.2803 0.9974
vt 0.6366 0.8311
vt 0.6989 0.8311
vt 0.6989 0.9974
vt 0.6366 0.9974
vt 0.6366 0.8311
vt 0.6989 0.8311
vt 0.6989 0.9974
vt 0.6366 0.9974
vt 0.2802 0.9974
vt 0.5084 0.9987
vt 0.5084 0.9987
vt 0.2802 0.9974
vt 0.6366 0.8311
vt 0.6989 0.8311
vt 0.6989 0.9974
vt 0.6366 0.9974
vt 0.6366 0.8311
vt 0.6989 0.8311
vt 0.6989 0.9974
vt 0.6366 0.9974
vt 0.2802 0.9974
vt 0.5084 0.9986
vt 0.5084 0.9986
vt 0.2802 0.9974
vt 0.6248 0.3019
vt 0.8299 0.3825
vt 0.6248 0.3825
vt 0.8299 0.3019
vt 0.6248 0.3019
vt 0.8299 0.3825
vt 0.6248 0.3825
vt 0.8299 0.3019
vt 0.6248 0.3019
vt 0.8299 0.3825
vt 0.6248 0.3825
vt 0.8299 0.3019
vt 0.6248 0.3019
vt 0.8299 0.3825
vt 0.6248 0.3825
vt 0.8299 0.3019
vt 0.6248 0.3019
vt 0.8299 0.3825
vt 0.6248 0.3825
vt 0.8299 0.3019
vt 0.6248 0.3019
vt 0.8299 0.3825
vt 0.6248 0.3825
vt 0.8299 0.3019
vt 0.6248 0.3019
vt 0.8299 0.3825
vt 0.6248 0.3825
vt 0.8299 0.3019
vt 0.6248 0.3019
vt 0.8299 0.3825
vt 0.6248 0.3825
vt 0.8299 0.3019
vt 0.6248 0.3019
vt 0.8299 0.3825
vt 0.6248 0.3825
vt 0.8299 0.3019
vt 0.6248 0.3019
vt 0.8299 0.3825
vt 0.6248 0.3825
vt 0.8299 0.3019
vt 0.6248 0.3019
vt 0.8299 0.3825
vt 0.6248 0.3825
vt 0.8299 0.3019
vt 0.6248 0.3019
vt 0.8299 0.3825
vt 0.6248 0.3825
vt 0.8299 0.3019
vt 0.6248 0.3019
vt 0.8299 0.3825
vt 0.6248 0.3825
vt 0.8299 0.3019
vt 0.6248 0.3019
vt 0.8299 0.3825
vt 0.6248 0.3825
vt 0.8299 0.3019
vt 0.6248 0.3019
vt 0.8299 0.3825
vt 0.6248 0.3825
vt 0.8299 0.3019
vt 0.6248 0.3019
vt 0.8299 0.3825
vt 0.6248 0.3825
vt 0.8299 0.3019
vt 0.6248 0.3019
vt 0.8299 0.3825
vt 0.6248 0.3825
vt 0.8299 0.3019
vt 0.6248 0.3019
vt 0.8299 0.3825
vt 0.6248 0.3825
vt 0.8299 0.3019
vt 0.6248 0.3019
vt 0.8299 0.3825
vt 0.6248 0.3825
vt 0.8299 0.3019
vt 0.6248 0.3019
vt 0.8299 0.3825
vt 0.6248 0.3825
vt 0.8299 0.3019
vt 0.6248 0.3019
vt 0.8299 0.3825
vt 0.6248 0.3825
vt 0.8299 0.3019
vt 0.6248 0.3019
vt 0.8299 0.3825
vt 0.6248 0.3825
vt 0.8299 0.3019
vt 0.6248 0.3019
vt 0.8299 0.3825
vt 0.6248 0.3825
vt 0.8299 0.3019
vt 0.6248 0.3019
vt 0.8299 0.3825
vt 0.6248 0.3825
vt 0.8299 0.3019
vt 0.6248 0.3019
vt 0.8299 0.3825
vt 0.6248 0.3825
vt 0.8299 0.3019
vt 0.6248 0.3019
vt 0.8299 0.3825
vt 0.6248 0.3825
vt 0.8299 0.3019
vt 0.6248 0.3019
vt 0.8299 0.3825
vt 0.6248 0.3825
vt 0.8299 0.3019
vt 0.6248 0.3019
vt 0.8299 0.3825
vt 0.6248 0.3825
vt 0.8299 0.3019
vt 0.6248 0.3019
vt 0.8299 0.3825
vt 0.6248 0.3825
vt 0.8299 0.3019
vt 0.6248 0.3019
vt 0.8299 0.3825
vt 0.6248 0.3825
vt 0.8299 0.3019
vt 0.6248 0.3019
vt 0.8299 0.3825
vt 0.6248 0.3825
vt 0.8299 0.3019
vt 0.6248 0.3019
vt 0.8299 0.3825
vt 0.6248 0.3825
vt 0.8299 0.3019
vt 0.6248 0.3019
vt 0.8299 0.3825
vt 0.6248 0.3825
vt 0.8299 0.3019
vt 0.6248 0.3019
vt 0.8299 0.3825
vt 0.6248 0.3825
vt 0.8299 0.3019
vt 0.6248 0.3019
vt 0.8299 0.3825
vt 0.6248 0.3825
vt 0.8299 0.3019
vt 0.6248 0.3019
vt 0.8299 0.3825
vt 0.6248 0.3825
vt 0.8299 0.3019
vt 0.6248 0.3019
vt 0.8299 0.3825
vt 0.6248 0.3825
vt 0.8299 0.3019
vt 0.6248 0.3019
vt 0.8299 0.3825
vt 0.6248 0.3825
vt 0.8299 0.3019
vt 0.6248 0.3019
vt 0.8299 0.3825
vt 0.6248 0.3825
vt 0.8299 0.3019
vt 0.6248 0.3019
vt 0.8299 0.3825
vt 0.6248 0.3825
vt 0.8299 0.3019
vt 0.6248 0.3019
vt 0.8299 0.3825
vt 0.6248 0.3825
vt 0.8299 0.3019
vt 0.6248 0.3019
vt 0.8299 0.3825
vt 0.6248 0.3825
vt 0.8299 0.3019
vt 0.6248 0.3019
vt 0.8299 0.3825
vt 0.6248 0.3825
vt 0.8299 0.3019
vt 0.6248 0.3019
vt 0.8299 0.3825
vt 0.6248 0.3825
vt 0.8299 0.3019
vt 0.8299 0.3825
vt 0.6248 0.3019
vt 0.8299 0.3019
vt 0.6248 0.3825
vt 0.8299 0.3825
vt 0.6248 0.3019
vt 0.8299 0.3019
vt 0.6248 0.3825
vt 0.8299 0.3825
vt 0.6248 0.3019
vt 0.8299 0.3019
vt 0.6248 0.3825
vt 0.8299 0.3825
vt 0.6248 0.3019
vt 0.8299 0.3019
vt 0.6248 0.3825
vt 0.6241 0.3837
vt 0.8306 0.3842
vt 0.8306 0.3037
vt 0.6241 0.3032
vt 0.2089 0.8337
vt 0.5619 0.8326
vt 0.5028 0.6238
vt 0.2634 0.6244
vt 0.6248 0.3019
vt 0.6248 0.3825
vt 0.8299 0.3825
vt 0.8299 0.3019
vt 0.6248 0.3019
vt 0.6248 0.3825
vt 0.8299 0.3825
vt 0.8299 0.3019
vt 0.2724 0.6214
vt 0.5051 0.6212
vt 0.5626 0.835
vt 0.2092 0.8316
vt 0.6255 0.3826
vt 0.8314 0.3826
vt 0.8314 0.3051
vt 0.6255 0.3051
vt 0.2108 0.8258
vt 0.5586 0.8331
vt 0.5022 0.6227
vt 0.2675 0.6211
vt 0.6248 0.3019
vt 0.6248 0.3825
vt 0.8299 0.3825
vt 0.8299 0.3019
vt 0.6248 0.3019
vt 0.6248 0.3825
vt 0.8299 0.3825
vt 0.8299 0.3019
vt 0.2675 0.6211
vt 0.5023 0.6226
vt 0.5587 0.8329
vt 0.2109 0.8256
vt 0.6241 0.3837
vt 0.8306 0.3842
vt 0.8306 0.3037
vt 0.6241 0.3032
vt 0.2089 0.8337
vt 0.5618 0.8326
vt 0.5027 0.6238
vt 0.2634 0.6244
vt 0.6248 0.3019
vt 0.6248 0.3825
vt 0.8299 0.3825
vt 0.8299 0.3019
vt 0.6248 0.3019
vt 0.6248 0.3825
vt 0.8299 0.3825
vt 0.8299 0.3019
vt 0.2725 0.6214
vt 0.5054 0.6214
vt 0.5625 0.835
vt 0.2092 0.8319
vt 0.6255 0.3826
vt 0.8314 0.3826
vt 0.8314 0.3051
vt 0.6255 0.3051
vt 0.2108 0.8256
vt 0.5583 0.8329
vt 0.5025 0.6224
vt 0.2675 0.621
vt 0.6248 0.3019
vt 0.6248 0.3825
vt 0.8299 0.3825
vt 0.8299 0.3019
vt 0.6248 0.3019
vt 0.6248 0.3825
vt 0.8299 0.3825
vt 0.8299 0.3019
vt 0.2675 0.6211
vt 0.5026 0.6225
vt 0.5585 0.8329
vt 0.211 0.8256
vt 0.6241 0.3837
vt 0.8306 0.3842
vt 0.8306 0.3037
vt 0.6241 0.3032
vt 0.2089 0.8337
vt 0.5619 0.8326
vt 0.5028 0.6238
vt 0.2634 0.6244
vt 0.6248 0.3019
vt 0.6248 0.3825
vt 0.8299 0.3825
vt 0.8299 0.3019
vt 0.6248 0.3019
vt 0.6248 0.3825
vt 0.8299 0.3825
vt 0.8299 0.3019
vt 0.2634 0.6244
vt 0.5028 0.6238
vt 0.562 0.8326
vt 0.2091 0.8337
vt 0.6255 0.3826
vt 0.8314 0.3826
vt 0.8314 0.3051
vt 0.6255 0.3051
vt 0.2108 0.8256
vt 0.5588 0.8328
vt 0.5028 0.6226
vt 0.2675 0.6211
vt 0.6248 0.3019
vt 0.6248 0.3825
vt 0.8299 0.3825
vt 0.8299 0.3019
vt 0.6248 0.3019
vt 0.6248 0.3825
vt 0.8299 0.3825
vt 0.8299 0.3019
vt 0.2723 0.6213
vt 0.5055 0.6213
vt 0.5624 0.8351
vt 0.2094 0.8317
vt 0.6241 0.3837
vt 0.8306 0.3842
vt 0.8306 0.3037
vt 0.6241 0.3032
vt 0.2088 0.8337
vt 0.5617 0.8325
vt 0.5027 0.6237
vt 0.2633 0.6244
vt 0.6248 0.3019
vt 0.6248 0.3825
vt 0.8299 0.3825
vt 0.8299 0.3019
vt 0.6248 0.3019
vt 0.6248 0.3825
vt 0.8299 0.3825
vt 0.8299 0.3019
vt 0.2633 0.6244
vt 0.5027 0.6238
vt 0.5617 0.8326
vt 0.2088 0.8338
vt 0.6255 0.3826
vt 0.8314 0.3826
vt 0.8314 0.3051
vt 0.6255 0.3051
vt 0.2109 0.8254
vt 0.5587 0.8326
vt 0.5023 0.6223
vt 0.2675 0.621
vt 0.6248 0.3019
vt 0.6248 0.3825
vt 0.8299 0.3825
vt 0.8299 0.3019
vt 0.6248 0.3019
vt 0.6248 0.3825
vt 0.8299 0.3825
vt 0.8299 0.3019
vt 0.2675 0.6211
vt 0.5022 0.6225
vt 0.5585 0.8328
vt 0.2108 0.8256
vt 0.6241 0.3837
vt 0.8306 0.3842
vt 0.8306 0.3037
vt 0.6241 0.3032
vt 0.209 0.8337
vt 0.5619 0.8326
vt 0.5028 0.6238
vt 0.2634 0.6244
vt 0.6248 0.3019
vt 0.6248 0.3825
vt 0.8299 0.3825
vt 0.8299 0.3019
vt 0.6248 0.3019
vt 0.6248 0.3825
vt 0.8299 0.3825
vt 0.8299 0.3019
vt 0.2633 0.6244
vt 0.5027 0.6238
vt 0.5617 0.8326
vt 0.2088 0.8338
vt 0.6255 0.3826
vt 0.8314 0.3826
vt 0.8314 0.3051
vt 0.6255 0.3051
vt 0.2108 0.8255
vt 0.5582 0.8332
vt 0.5026 0.6226
vt 0.2676 0.621
vt 0.6248 0.3019
vt 0.6248 0.3825
vt 0.8299 0.3825
vt 0.8299 0.3019
vt 0.6248 0.3019
vt 0.6248 0.3825
vt 0.8299 0.3825
vt 0.8299 0.3019
vt 0.2675 0.621
vt 0.5025 0.6226
vt 0.558 0.8332
vt 0.2106 0.8255
vt 0.6241 0.3837
vt 0.8306 0.3842
vt 0.8306 0.3037
vt 0.6241 0.3032
vt 0.209 0.8337
vt 0.5619 0.8326
vt 0.5028 0.6238
vt 0.2634 0.6244
vt 0.6248 0.3019
vt 0.6248 0.3825
vt 0.8299 0.3825
vt 0.8299 0.3019
vt 0.6248 0.3019
vt 0.6248 0.3825
vt 0.8299 0.3825
vt 0.8299 0.3019
vt 0.2634 0.6244
vt 0.5027 0.6237
vt 0.5617 0.8326
vt 0.2088 0.8337
vt 0.8314 0.3051
vt 0.6255 0.3051
vt 0.6255 0.3826
vt 0.8314 0.3826
vt 0.2106 0.8257
vt 0.5585 0.833
vt 0.5025 0.6227
vt 0.2675 0.6211
vt 0.8299 0.3825
vt 0.8299 0.3019
vt 0.6248 0.3019
vt 0.6248 0.3825
vt 0.8299 0.3825
vt 0.8299 0.3019
vt 0.6248 0.3019
vt 0.6248 0.3825
vt 0.2675 0.6211
vt 0.5025 0.6226
vt 0.5584 0.8328
vt 0.2106 0.8255
vt 0.6366 0.8311
vt 0.6989 0.9974
vt 0.6989 0.8311
vt 0.6366 0.9974
vt 0.2802 0.997
vt 0.5085 0.9958
vt 0.6366 0.8311
vt 0.6989 0.9974
vt 0.6989 0.8311
vt 0.6366 0.9974
vt 0.5083 0.9986
vt 0.2802 0.9974
vt 0.6366 0.8311
vt 0.6989 0.9974
vt 0.6989 0.8311
vt 0.6366 0.9974
vt 0.6366 0.8311
vt 0.6989 0.9974
vt 0.6989 0.8311
vt 0.6366 0.9974
vt 0.562 0.8326
vt 0.2801 0.9974
vt 0.2091 0.8337
vt 0.5083 0.9986
vt 0.5083 0.9986
vt 0.2801 0.9974
vt 0.6366 0.8311
vt 0.6989 0.9974
vt 0.6989 0.8311
vt 0.6366 0.9974
vt 0.6366 0.8311
vt 0.6989 0.9974
vt 0.6989 0.8311
vt 0.6366 0.9974
vt 0.2802 0.9974
vt 0.5083 0.9986
vt 0.5083 0.9986
vt 0.2802 0.9974
vt 0.6366 0.8311
vt 0.6989 0.9974
vt 0.6989 0.8311
vt 0.6366 0.9974
vt 0.6366 0.8311
vt 0.6989 0.9974
vt 0.6989 0.8311
vt 0.6366 0.9974
vt 0.2803 0.9974
vt 0.5084 0.9986
vt 0.5084 0.9986
vt 0.2803 0.9974
vt 0.6366 0.8311
vt 0.6989 0.9974
vt 0.6989 0.8311
vt 0.6366 0.9974
vt 0.6366 0.8311
vt 0.6989 0.9974
vt 0.6989 0.8311
vt 0.6366 0.9974
vt 0.2802 0.9974
vt 0.5084 0.9987
vt 0.5084 0.9987
vt 0.2802 0.9974
vt 0.6366 0.8311
vt 0.6989 0.9974
vt 0.6989 0.8311
vt 0.6366 0.9974
vt 0.6366 0.8311
vt 0.6989 0.9974
vt 0.6989 0.8311
vt 0.6366 0.9974
vt 0.2802 0.9974
vt 0.5084 0.9986
vt 0.5084 0.9986
vt 0.2802 0.9974
vt 0.6248 0.3019
vt 0.6248 0.3825
vt 0.8299 0.3825
vt 0.8299 0.3019
vt 0.6248 0.3019
vt 0.6248 0.3825
vt 0.8299 0.3825
vt 0.8299 0.3019
vt 0.6248 0.3019
vt 0.6248 0.3825
vt 0.8299 0.3825
vt 0.8299 0.3019
vt 0.6248 0.3019
vt 0.6248 0.3825
vt 0.8299 0.3825
vt 0.8299 0.3019
vt 0.6248 0.3019
vt 0.6248 0.3825
vt 0.8299 0.3825
vt 0.8299 0.3019
vt 0.6248 0.3019
vt 0.6248 0.3825
vt 0.8299 0.3825
vt 0.8299 0.3019
vt 0.6248 0.3019
vt 0.6248 0.3825
vt 0.8299 0.3825
vt 0.8299 0.3019
vt 0.6248 0.3019
vt 0.6248 0.3825
vt 0.8299 0.3825
vt 0.8299 0.3019
vt 0.6248 0.3019
vt 0.6248 0.3825
vt 0.8299 0.3825
vt 0.8299 0.3019
vt 0.6248 0.3019
vt 0.6248 0.3825
vt 0.8299 0.3825
vt 0.8299 0.3019
vt 0.6248 0.3019
vt 0.6248 0.3825
vt 0.8299 0.3825
vt 0.8299 0.3019
vt 0.6248 0.3019
vt 0.6248 0.3825
vt 0.8299 0.3825
vt 0.8299 0.3019
vt 0.6248 0.3019
vt 0.6248 0.3825
vt 0.8299 0.3825
vt 0.8299 0.3019
vt 0.6248 0.3019
vt 0.6248 0.3825
vt 0.8299 0.3825
vt 0.8299 0.3019
vt 0.6248 0.3019
vt 0.6248 0.3825
vt 0.8299 0.3825
vt 0.8299 0.3019
vt 0.6248 0.3019
vt 0.6248 0.3825
vt 0.8299 0.3825
vt 0.8299 0.3019
vt 0.6248 0.3019
vt 0.6248 0.3825
vt 0.8299 0.3825
vt 0.8299 0.3019
vt 0.6248 0.3019
vt 0.6248 0.3825
vt 0.8299 0.3825
vt 0.8299 0.3019
vt 0.6248 0.3019
vt 0.6248 0.3825
vt 0.8299 0.3825
vt 0.8299 0.3019
vt 0.6248 0.3019
vt 0.6248 0.3825
vt 0.8299 0.3825
vt 0.8299 0.3019
vt 0.6248 0.3019
vt 0.6248 0.3825
vt 0.8299 0.3825
vt 0.8299 0.3019
vt 0.6248 0.3019
vt 0.6248 0.3825
vt 0.8299 0.3825
vt 0.8299 0.3019
vt 0.6248 0.3019
vt 0.6248 0.3825
vt 0.8299 0.3825
vt 0.8299 0.3019
vt 0.6248 0.3019
vt 0.6248 0.3825
vt 0.8299 0.3825
vt 0.8299 0.3019
vt 0.6248 0.3019
vt 0.6248 0.3825
vt 0.8299 0.3825
vt 0.8299 0.3019
vt 0.6248 0.3019
vt 0.6248 0.3825
vt 0.8299 0.3825
vt 0.8299 0.3019
vt 0.6248 0.3019
vt 0.6248 0.3825
vt 0.8299 0.3825
vt 0.8299 0.3019
vt 0.6248 0.3019
vt 0.6248 0.3825
vt 0.8299 0.3825
vt 0.8299 0.3019
vt 0.6248 0.3019
vt 0.6248 0.3825
vt 0.8299 0.3825
vt 0.8299 0.3019
vt 0.6248 0.3019
vt 0.6248 0.3825
vt 0.8299 0.3825
vt 0.8299 0.3019
vt 0.6248 0.3019
vt 0.6248 0.3825
vt 0.8299 0.3825
vt 0.8299 0.3019
vt 0.6248 0.3019
vt 0.6248 0.3825
vt 0.8299 0.3825
vt 0.8299 0.3019
vt 0.6248 0.3019
vt 0.6248 0.3825
vt 0.8299 0.3825
vt 0.8299 0.3019
vt 0.6248 0.3019
vt 0.6248 0.3825
vt 0.8299 0.3825
vt 0.8299 0.3019
vt 0.6248 0.3019
vt 0.6248 0.3825
vt 0.8299 0.3825
vt 0.8299 0.3019
vt 0.6248 0.3019
vt 0.6248 0.3825
vt 0.8299 0.3825
vt 0.8299 0.3019
vt 0.6248 0.3019
vt 0.6248 0.3825
vt 0.8299 0.3825
vt 0.8299 0.3019
vt 0.6248 0.3019
vt 0.6248 0.3825
vt 0.8299 0.3825
vt 0.8299 0.3019
vt 0.6248 0.3019
vt 0.6248 0.3825
vt 0.8299 0.3825
vt 0.8299 0.3019
vt 0.6248 0.3019
vt 0.6248 0.3825
vt 0.8299 0.3825
vt 0.8299 0.3019
vt 0.6248 0.3019
vt 0.6248 0.3825
vt 0.8299 0.3825
vt 0.8299 0.3019
vt 0.6248 0.3019
vt 0.6248 0.3825
vt 0.8299 0.3825
vt 0.8299 0.3019
vt 0.6248 0.3019
vt 0.6248 0.3825
vt 0.8299 0.3825
vt 0.8299 0.3019
vt 0.6248 0.3019
vt 0.6248 0.3825
vt 0.8299 0.3825
vt 0.8299 0.3019
vt 0.8299 0.3825
vt 0.8299 0.3019
vt 0.6248 0.3019
vt 0.6248 0.3825
vt 0.8299 0.3825
vt 0.8299 0.3019
vt 0.6248 0.3019
vt 0.6248 0.3825
vt 0.8299 0.3825
vt 0.8299 0.3019
vt 0.6248 0.3019
vt 0.6248 0.3825
vt 0.8299 0.3825
vt 0.8299 0.3019
vt 0.6248 0.3019
vt 0.6248 0.3825
vt 0.8948 0.5065
vt 0.7325 0.5672
vt 0.7325 0.5065
vt 0.8942 0.5672
vt 0.8942 0.5672
vt 0.7325 0.6278
vt 0.7325 0.5672
vt 0.8948 0.6278
vt 0.8948 0.6278
vt 0.7325 0.5672
vt 0.7325 0.6278
vt 0.8935 0.5672
vt 0.8935 0.5672
vt 0.7325 0.5065
vt 0.7325 0.5672
vt 0.8948 0.5065
vt 0.8805 0.8791
vt 0.9179 0.8791
vt 0.8805 0.9206
vt 0.8431 0.8791
vt 0.8805 0.8377
vt 0.924 0.9092
vt 0.8525 0.9364
vt 0.8519 0.9092
vt 0.924 0.9364
vt 0.924 0.9364
vt 0.8519 0.9636
vt 0.8525 0.9364
vt 0.924 0.9636
vt 0.924 0.9636
vt 0.8525 0.9364
vt 0.8519 0.9636
vt 0.924 0.9364
vt 0.924 0.9364
vt 0.8519 0.9092
vt 0.8525 0.9364
vt 0.924 0.9092
vt 0.5996 0.5661
vt 0.4235 0.4427
vt 0.4763 0.3674
vt 0.6524 0.4907
vt 0.5244 0.2727
vt 0.782 0.2727
vt 0.782 0.2432
vt 0.5244 0.2432
vt 0.8487 0.2727
vt 0.8487 0.2727
vt 0.8487 0.2432
vt 0.8487 0.2432
vt 0.782 0.2727
vt 0.5244 0.2727
vt 0.5244 0.2432
vt 0.782 0.2432
vt 0.5244 0.2727
vt 0.5244 0.2727
vt 0.5244 0.2432
vt 0.5244 0.2432
vt 0.3919 0.3908
vt 0.4167 0.3554
vt 0.782 0.2432
vt 0.782 0.2727
vt 0.8487 0.2727
vt 0.8487 0.2432
vt 0.782 0.2727
vt 0.782 0.2432
vt 0.8487 0.2432
vt 0.8487 0.2727
vt 0.8369 0.469
vt 0.7407 0.5372
vt 0.7407 0.469
vt 0.8369 0.5372
vt 0.7407 0.5967
vt 0.8369 0.5967
vt 0.7407 0.6648
vt 0.8369 0.6648
vt 0.7407 0.5967
vt 0.8369 0.5967
vt 0.7407 0.5372
vt 0.8369 0.5372
vt 0.8831 0.88
vt 0.9855 0.8365
vt 0.9749 0.9512
vt 0.8823 1.002
vt 0.7847 0.9438
vt 0.7855 0.817
vt 0.8839 0.7604
vt 0.7401 0.2196
vt 0.8005 0.2196
vt 0.7495 0.2949
vt 0.7145 0.2949
vt 0.6191 0.2196
vt 0.6446 0.2949
vt 0.5586 0.2196
vt 0.6097 0.2949
vt 0.6191 0.2196
vt 0.6446 0.2949
vt 0.7401 0.2196
vt 0.7145 0.2949
vt 0.8981 0.5497
vt 0.8981 0.5103
vt 0.985 0.5103
vt 0.985 0.5497
vt 0.8981 0.5841
vt 0.985 0.5841
vt 0.8981 0.6235
vt 0.985 0.6235
vt 0.8981 0.5841
vt 0.985 0.5841
vt 0.8981 0.5497
vt 0.985 0.5497
vt 0.8193 0.57
vt 0.8193 0.6114
vt 0.8567 0.57
vt 0.7819 0.57
vt 0.8193 0.5285
vt 0.8948 0.5065
vt 0.7325 0.5672
vt 0.7325 0.5065
vt 0.8942 0.5672
vt 0.8942 0.5672
vt 0.7325 0.6278
vt 0.7325 0.5672
vt 0.8948 0.6278
vt 0.8948 0.6278
vt 0.7325 0.5672
vt 0.7325 0.6278
vt 0.8935 0.5672
vt 0.8935 0.5672
vt 0.7325 0.5065
vt 0.7325 0.5672
vt 0.8948 0.5065
vt 0.924 0.9092
vt 0.8525 0.9364
vt 0.8519 0.9092
vt 0.924 0.9364
vt 0.924 0.9364
vt 0.8519 0.9636
vt 0.8525 0.9364
vt 0.924 0.9636
vt 0.924 0.9636
vt 0.8525 0.9364
vt 0.8519 0.9636
vt 0.924 0.9364
vt 0.924 0.9364
vt 0.8519 0.9092
vt 0.8525 0.9364
vt 0.924 0.9092
vt 0.5996 0.5661
vt 0.6524 0.4907
vt 0.4763 0.3674
vt 0.4235 0.4427
vt 0.5244 0.2727
vt 0.782 0.2727
vt 0.782 0.2432
vt 0.5244 0.2432
vt 0.8487 0.2727
vt 0.8487 0.2727
vt 0.8487 0.2432
vt 0.8487 0.2432
vt 0.782 0.2727
vt 0.5244 0.2727
vt 0.5244 0.2432
vt 0.782 0.2432
vt 0.5244 0.2727
vt 0.5244 0.2727
vt 0.5244 0.2432
vt 0.5244 0.2432
vt 0.4167 0.3554
vt 0.3919 0.3908
vt 0.782 0.2432
vt 0.782 0.2727
vt 0.8487 0.2727
vt 0.8487 0.2432
vt 0.782 0.2727
vt 0.782 0.2432
vt 0.8487 0.2432
vt 0.8487 0.2727
vt 0.8369 0.469
vt 0.7407 0.5372
vt 0.7407 0.469
vt 0.8369 0.5372
vt 0.7407 0.5967
vt 0.8369 0.5967
vt 0.7407 0.6648
vt 0.8369 0.6648
vt 0.7407 0.5967
vt 0.8369 0.5967
vt 0.7407 0.5372
vt 0.8369 0.5372
vt 0.7401 0.2196
vt 0.8005 0.2196
vt 0.7495 0.2949
vt 0.7145 0.2949
vt 0.6191 0.2196
vt 0.6446 0.2949
vt 0.5586 0.2196
vt 0.6097 0.2949
vt 0.6191 0.2196
vt 0.6446 0.2949
vt 0.7401 0.2196
vt 0.7145 0.2949
vt 0.8981 0.5497
vt 0.8981 0.5103
vt 0.985 0.5103
vt 0.985 0.5497
vt 0.8981 0.5841
vt 0.985 0.5841
vt 0.8981 0.6235
vt 0.985 0.6235
vt 0.8981 0.5841
vt 0.985 0.5841
vt 0.8981 0.5497
vt 0.985 0.5497
vt 0.5255 0.2229
vt 0.773 0.2229
vt 0.7588 0.235
vt 0.5396 0.235
vt 0.5396 0.2917
vt 0.5255 0.3038
vt 0.0509 0.4926
vt 0.1919 0.4914
vt 0.192 0.9445
vt 0.051 0.9445
vt 0.773 0.3038
vt 0.7588 0.2917
vt 0.0512 0.9444
vt 0.1929 0.945
vt 0.1912 0.9973
vt 0.052 0.9972
vt 0.0609 0.5209
vt 0.061 0.9482
vt 0.0047 0.9486
vt 0.0047 0.5209
vt 0.0047 0.9485
vt 0.0047 0.521
vt 0.0609 0.521
vt 0.0609 0.9482
vt 0.1921 0.9977
vt 0.051 0.9978
vt 0.051 0.9445
vt 0.192 0.9445
vt 0.1844 0.1547
vt 0.9035 0.0826
vt 0.909 0.1452
vt 0.1899 0.2172
vt 0.0855 0.0813
vt 0.9895 0.0164
vt 0.9136 0.1543
vt 0.1879 0.2331
vt 0.7372 0.0837
vt 0.7444 0.1669
vt 0.6548 0.1748
vt 0.6475 0.0915
vt 0.0135 0.2436
vt 0.2483 0.2146
vt 0.2428 0.152
vt 0.3879 0.1365
vt 0.3933 0.1991
vt 0.3983 0.453
vt 0.2927 0.5928
vt 0.7179 0.7323
vt 0.9901 0.646
vt 0.9901 0.7323
vt 0.7179 0.646
vt 0.9901 0.5623
vt 0.7179 0.5623
vt 0.9901 0.4786
vt 0.7179 0.4786
vt 0.9901 0.3923
vt 0.7179 0.3923
vt 0.9901 0.4786
vt 0.7179 0.4786
vt 0.7179 0.646
vt 0.9901 0.646
vt 0.8863 0.9988
vt 1.0007 0.8794
vt 0.9672 0.9624
vt 0.8055 0.9624
vt 0.7646 0.8763
vt 0.8025 0.7927
vt 0.8863 0.7593
vt 0.9672 0.7957
vt 0.8971 0.4497
vt 0.7937 0.4868
vt 0.7937 0.4497
vt 0.8971 0.4868
vt 0.7937 0.524
vt 0.8971 0.524
vt 0.8818 0.907
vt 0.8566 0.8817
vt 0.8818 0.8565
vt 0.9071 0.8817
vt 0.2371 0.1639
vt 0.3515 0.1368
vt 0.353 0.1538
vt 0.2356 0.147
vt 0.3501 0.1199
vt 0.2341 0.13
vt 0.3515 0.1368
vt 0.3501 0.1199
vt 0.3515 0.1368
vt 0.353 0.1538
vt 0.3348 0.2473
vt 0.5715 0.3634
vt 0.5073 0.5464
vt 0.3075 0.323
vt 0.7718 0.2869
vt 0.9277 0.2869
vt 0.9277 0.2567
vt 0.7718 0.2567
vt 0.7459 0.2869
vt 0.499 0.2869
vt 0.499 0.2567
vt 0.7459 0.2567
vt 0.6902 0.5177
vt 0.6733 0.5895
vt 0.5715 0.3634
vt 0.5715 0.3634
vt 0.6902 0.5177
vt 0.6902 0.5177
vt 0.7459 0.2869
vt 0.7459 0.2567
vt 0.9277 0.2567
vt 0.9277 0.2869
vt 0.7179 0.7323
vt 0.9901 0.646
vt 0.9901 0.7323
vt 0.7179 0.646
vt 0.9901 0.5623
vt 0.7179 0.5623
vt 0.9901 0.4786
vt 0.7179 0.4786
vt 0.9901 0.3923
vt 0.7179 0.3923
vt 0.9901 0.4786
vt 0.7179 0.4786
vt 0.7179 0.646
vt 0.9901 0.646
vt 0.8863 0.9988
vt 1.0007 0.8794
vt 0.9672 0.9624
vt 0.8055 0.9624
vt 0.7646 0.8763
vt 0.8025 0.7927
vt 0.8863 0.7593
vt 0.9672 0.7957
vt 0.8971 0.4497
vt 0.7937 0.4868
vt 0.7937 0.4497
vt 0.8971 0.4868
vt 0.7937 0.524
vt 0.8971 0.524
vt 0.8818 0.907
vt 0.8566 0.8817
vt 0.8818 0.8565
vt 0.9071 0.8817
vt 0.2371 0.1639
vt 0.3515 0.1368
vt 0.353 0.1538
vt 0.2356 0.147
vt 0.3501 0.1199
vt 0.2341 0.13
vt 0.3515 0.1368
vt 0.3501 0.1199
vt 0.3515 0.1368
vt 0.353 0.1538
vt 0.7179 0.7323
vt 0.9901 0.646
vt 0.9901 0.7323
vt 0.7179 0.646
vt 0.9901 0.5623
vt 0.7179 0.5623
vt 0.9901 0.4786
vt 0.7179 0.4786
vt 0.9901 0.3923
vt 0.7179 0.3923
vt 0.9901 0.4786
vt 0.7179 0.4786
vt 0.7179 0.646
vt 0.9901 0.646
vt 0.7179 0.7323
vt 0.9901 0.646
vt 0.9901 0.7323
vt 0.7179 0.646
vt 0.9901 0.5623
vt 0.7179 0.5623
vt 0.9901 0.4786
vt 0.7179 0.4786
vt 0.9901 0.3923
vt 0.7179 0.3923
vt 0.9901 0.4786
vt 0.7179 0.4786
vt 0.7179 0.646
vt 0.9901 0.646
f 1/1/1 3/3/3 2/2/2
f 1/1/1 2/2/2 4/4/4
f 5/5/5 7/7/7 6/6/6
f 5/5/5 6/6/6 8/8/8
f 9/9/9 11/11/11 10/10/10
f 9/9/9 10/10/10 12/12/12
f 13/13/13 15/15/15 14/14/14
f 13/13/13 14/14/14 16/16/16
f 17/17/17 19/19/19 18/18/18
f 17/17/17 18/18/18 20/20/20
f 21/21/21 23/23/23 22/22/22
f 21/21/21 22/22/22 24/24/24
f 25/25/25 27/27/27 26/26/26
f 25/25/25 26/26/26 28/28/28
f 29/29/29 31/31/31 30/30/30
f 29/29/29 30/30/30 32/32/32
f 33/33/33 35/35/35 34/34/34
f 33/33/33 34/34/34 36/36/36
f 37/37/37 39/39/39 38/38/38
f 37/37/37 38/38/38 40/40/40
f 41/41/41 43/43/43 42/42/42
f 41/41/41 42/42/42 44/44/44
f 45/45/45 47/47/47 46/46/46
f 45/45/45 46/46/46 48/48/48
f 49/49/49 51/51/51 50/50/50
f 49/49/49 50/50/50 52/52/52
f 53/53/53 55/55/55 54/54/54
f 53/53/53 54/54/54 56/56/56
f 57/57/57 59/59/59 58/58/58
f 57/57/57 58/58/58 60/60/60
f 61/61/61 63/63/63 62/62/62
f 61/61/61 62/62/62 64/64/64
f 65/65/65 67/67/67 66/66/66
f 65/65/65 66/66/66 68/68/68
f 69/69/69 71/71/71 70/70/70
f 69/69/69 70/70/70 72/72/72
f 73/73/73 75/75/75 74/74/74
f 73/73/73 74/74/74 76/76/76
f 77/77/77 79/79/79 78/78/78
f 77/77/77 78/78/78 80/80/80
f 81/81/81 83/83/83 82/82/82
f 81/81/81 82/82/82 84/84/84
f 85/85/85 87/87/87 86/86/86
f 85/85/85 86/86/86 88/88/88
f 89/89/89 91/91/91 90/90/90
f 89/89/89 90/90/90 92/92/92
f 93/93/93 95/95/95 94/94/94
f 93/93/93 94/94/94 96/96/96
f 97/97/97 99/99/99 98/98/98
f 97/97/97 98/98/98 100/100/100
f 101/101/101 103/103/103 102/102/102
f 101/101/101 102/102/102 104/104/104
f 105/105/105 107/107/107 106/106/106
f 105/105/105 106/106/106 108/108/108
f 109/109/109 111/111/111 110/110/110
f 109/109/109 110/110/110 112/112/112
f 113/113/113 115/115/115 114/114/114
f 113/113/113 114/114/114 116/116/116
f 117/117/117 119/119/119 118/118/118
f 117/117/117 118/118/118 120/120/120
f 121/121/121 123/123/123 122/122/122
f 121/121/121 122/122/122 124/124/124
f 125/125/125 127/127/127 126/126/126
f 125/125/125 126/126/126 128/128/128
f 129/129/129 131/131/131 130/130/130
f 129/129/129 130/130/130 132/132/132
f 133/133/133 135/135/135 134/134/134
f 133/133/133 134/134/134 136/136/136
f 137/137/137 139/139/139 138/138/138
f 137/137/137 138/138/138 140/140/140
f 141/141/141 143/143/143 142/142/142
f 141/141/141 142/142/142 144/144/144
f 145/145/145 147/147/147 146/146/146
f 145/145/145 146/146/146 148/148/148
f 149/149/149 151/151/151 150/150/150
f 149/149/149 150/150/150 152/152/152
f 153/153/153 155/155/155 154/154/154
f 153/153/153 154/154/154 156/156/156
f 157/157/157 159/159/159 158/158/158
f 157/157/157 158/158/158 160/160/160
f 161/161/161 163/163/163 162/162/162
f 161/161/161 162/162/162 164/164/164
f 165/165/165 167/167/167 166/166/166
f 165/165/165 166/166/166 168/168/168
f 169/169/169 171/171/171 170/170/170
f 169/169/169 170/170/170 172/172/172
f 173/173/173 175/175/175 174/174/174
f 173/173/173 174/174/174 176/176/176
f 177/177/177 179/179/179 178/178/178
f 177/177/177 178/178/178 180/180/180
f 181/181/181 183/183/183 182/182/182
f 181/181/181 182/182/182 184/184/184
f 185/185/185 187/187/187 186/186/186
f 185/185/185 186/186/186 188/188/188
f 189/189/189 191/191/191 190/190/190
f 189/189/189 190/190/190 192/192/192
f 193/193/193 195/195/195 194/194/194
f 193/193/193 194/194/194 196/196/196
f 197/197/197 199/199/199 198/198/198
f 197/197/197 198/198/198 200/200/200
f 201/201/201 203/203/203 202/202/202
f 201/201/201 202/202/202 204/204/204
f 205/205/205 207/207/207 206/206/206
f 205/205/205 206/206/206 208/208/208
f 209/209/209 211/211/211 210/210/210
f 209/209/209 210/210/210 212/212/212
f 213/213/213 215/215/215 214/214/214
f 213/213/213 214/214/214 216/216/216
f 217/217/217 219/219/219 218/218/218
f 217/217/217 218/218/218 220/220/220
f 221/221/221 223/223/223 222/222/222
f 221/221/221 222/222/222 224/224/224
f 225/225/225 227/227/227 226/226/226
f 225/225/225 226/226/226 228/228/228
f 229/229/229 231/231/231 230/230/230
f 229/229/229 230/230/230 232/232/232
f 233/233/233 235/235/235 234/234/234
f 233/233/233 234/234/234 236/236/236
f 237/237/237 239/239/239 238/238/238
f 237/237/237 238/238/238 240/240/240
f 241/241/241 243/243/243 242/242/242
f 243/243/243 241/241/241 244/244/244
f 18/18/18 245/245/245 20/20/20
f 245/245/245 18/18/18 246/246/246
f 247/247/247 249/249/249 248/248/248
f 249/249/249 247/247/247 250/250/250
f 5/5/5 251/251/251 7/7/7
f 251/251/251 5/5/5 252/252/252
f 253/253/253 255/255/255 254/254/254
f 255/255/255 253/253/253 256/256/256
f 257/257/257 259/259/259 258/258/258
f 259/259/259 257/257/257 260/260/260
f 261/261/261 263/263/263 262/262/262
f 263/263/263 261/261/261 264/264/264
f 45/45/45 265/265/265 47/47/47
f 265/265/265 45/45/45 266/266/266
f 267/267/267 269/269/269 268/268/268
f 269/269/269 267/267/267 270/270/270
f 271/271/271 273/273/273 272/272/272
f 273/273/273 271/271/271 274/274/274
f 98/98/98 275/275/275 100/100/100
f 275/275/275 98/98/98 276/276/276
f 85/85/85 277/277/277 87/87/87
f 277/277/277 85/85/85 278/278/278
f 279/279/279 281/281/281 280/280/280
f 281/281/281 279/279/279 282/282/282
f 283/283/283 285/285/285 284/284/284
f 285/285/285 283/283/283 286/286/286
f 138/138/138 287/287/287 140/140/140
f 287/287/287 138/138/138 288/288/288
f 125/125/125 289/289/289 127/127/127
f 289/289/289 125/125/125 290/290/290
f 291/291/291 293/293/293 292/292/292
f 293/293/293 291/291/291 294/294/294
f 295/295/295 297/297/297 296/296/296
f 297/297/297 295/295/295 298/298/298
f 178/178/178 299/299/299 180/180/180
f 299/299/299 178/178/178 300/300/300
f 165/165/165 301/301/301 167/167/167
f 301/301/301 165/165/165 302/302/302
f 303/303/303 305/305/305 304/304/304
f 305/305/305 303/303/303 306/306/306
f 307/307/307 309/309/309 308/308/308
f 309/309/309 307/307/307 310/310/310
f 218/218/218 311/311/311 220/220/220
f 311/311/311 218/218/218 312/312/312
f 205/205/205 313/313/313 207/207/207
f 313/313/313 205/205/205 314/314/314
f 315/315/315 317/317/317 316/316/316
f 315/315/315 316/316/316 318/318/318
f 319/319/319 321/321/321 320/320/320
f 319/319/319 320/320/320 322/322/322
f 323/323/323 325/325/325 324/324/324
f 323/323/323 324/324/324 326/326/326
f 327/327/327 329/329/329 328/328/328
f 327/327/327 328/328/328 330/330/330
f 331/331/331 333/333/333 332/332/332
f 331/331/331 332/332/332 334/334/334
f 335/335/335 337/337/337 336/336/336
f 335/335/335 336/336/336 338/338/338
f 339/339/339 341/341/341 340/340/340
f 339/339/339 340/340/340 342/342/342
f 343/343/343 345/345/345 344/344/344
f 343/343/343 344/344/344 346/346/346
f 347/347/347 349/349/349 348/348/348
f 347/347/347 348/348/348 350/350/350
f 351/351/351 353/353/353 352/352/352
f 351/351/351 352/352/352 354/354/354
f 355/355/355 357/357/357 356/356/356
f 355/355/355 356/356/356 358/358/358
f 359/359/359 361/361/361 360/360/360
f 359/359/359 360/360/360 362/362/362
f 363/363/363 365/365/365 364/364/364
f 363/363/363 364/364/364 366/366/366
f 367/367/367 369/369/369 368/368/368
f 367/367/367 368/368/368 370/370/370
f 371/371/371 373/373/373 372/372/372
f 371/371/371 372/372/372 374/374/374
f 375/375/375 377/377/377 376/376/376
f 375/375/375 376/376/376 378/378/378
f 379/379/379 381/381/381 380/380/380
f 379/379/379 380/380/380 382/382/382
f 383/383/383 385/385/385 384/384/384
f 383/383/383 384/384/384 386/386/386
f 387/387/387 389/389/389 388/388/388
f 387/387/387 388/388/388 390/390/390
f 391/391/391 393/393/393 392/392/392
f 391/391/391 392/392/392 394/394/394
f 395/395/395 397/397/397 396/396/396
f 395/395/395 396/396/396 398/398/398
f 399/399/399 401/401/401 400/400/400
f 399/399/399 400/400/400 402/402/402
f 403/403/403 405/405/405 404/404/404
f 403/403/403 404/404/404 406/406/406
f 407/407/407 409/409/409 408/408/408
f 407/407/407 408/408/408 410/410/410
f 411/411/411 413/413/413 412/412/412
f 411/411/411 412/412/412 414/414/414
f 415/415/415 417/417/417 416/416/416
f 415/415/415 416/416/416 418/418/418
f 419/419/419 421/421/421 420/420/420
f 419/419/419 420/420/420 422/422/422
f 423/423/423 425/425/425 424/424/424
f 423/423/423 424/424/424 426/426/426
f 427/427/427 429/429/429 428/428/428
f 427/427/427 428/428/428 430/430/430
f 431/431/431 433/433/433 432/432/432
f 431/431/431 432/432/432 434/434/434
f 435/435/435 437/437/437 436/436/436
f 435/435/435 436/436/436 438/438/438
f 439/439/439 441/441/441 440/440/440
f 439/439/439 440/440/440 442/442/442
f 443/443/443 445/445/445 444/444/444
f 443/443/443 444/444/444 446/446/446
f 447/447/447 449/449/449 448/448/448
f 447/447/447 448/448/448 450/450/450
f 451/451/451 453/453/453 452/452/452
f 451/451/451 452/452/452 454/454/454
f 455/455/455 457/457/457 456/456/456
f 455/455/455 456/456/456 458/458/458
f 459/459/459 461/461/461 460/460/460
f 459/459/459 460/460/460 462/462/462
f 463/463/463 465/465/465 464/464/464
f 463/463/463 464/464/464 466/466/466
f 467/467/467 469/469/469 468/468/468
f 467/467/467 468/468/468 470/470/470
f 471/471/471 473/473/473 472/472/472
f 471/471/471 472/472/472 474/474/474
f 475/475/475 477/477/477 476/476/476
f 475/475/475 476/476/476 478/478/478
f 479/479/479 481/481/481 480/480/480
f 479/479/479 480/480/480 482/482/482
f 483/483/483 485/485/485 484/484/484
f 483/483/483 484/484/484 486/486/486
f 487/487/487 489/489/489 488/488/488
f 487/487/487 488/488/488 490/490/490
f 491/491/491 493/493/493 492/492/492
f 491/491/491 492/492/492 494/494/494
f 495/495/495 497/497/497 496/496/496
f 495/495/495 496/496/496 498/498/498
f 499/499/499 501/501/501 500/500/500
f 499/499/499 500/500/500 502/502/502
f 503/503/503 505/505/505 504/504/504
f 503/503/503 504/504/504 506/506/506
f 507/507/507 509/509/509 508/508/508
f 507/507/507 510/510/510 509/509/509
f 511/511/511 513/513/513 512/512/512
f 511/511/511 514/514/514 513/513/513
f 515/515/515 517/517/517 516/516/516
f 515/515/515 518/518/518 517/517/517
f 519/519/519 521/521/521 520/520/520
f 519/519/519 522/522/522 521/521/521
f 523/523/523 525/525/525 524/524/524
f 523/523/523 526/526/526 525/525/525
f 527/527/527 529/529/529 528/528/528
f 527/527/527 530/530/530 529/529/529
f 531/531/531 533/533/533 532/532/532
f 531/531/531 534/534/534 533/533/533
f 535/535/535 537/537/537 536/536/536
f 535/535/535 538/538/538 537/537/537
f 539/539/539 541/541/541 540/540/540
f 539/539/539 542/542/542 541/541/541
f 543/543/543 545/545/545 544/544/544
f 543/543/543 546/546/546 545/545/545
f 547/547/547 549/549/549 548/548/548
f 547/547/547 550/550/550 549/549/549
f 551/551/551 553/553/553 552/552/552
f 551/551/551 554/554/554 553/553/553
f 555/555/555 557/557/557 556/556/556
f 555/555/555 558/558/558 557/557/557
f 559/559/559 561/561/561 560/560/560
f 559/559/559 562/562/562 561/561/561
f 563/563/563 565/565/565 564/564/564
f 563/563/563 566/566/566 565/565/565
f 567/567/567 569/569/569 568/568/568
f 567/567/567 570/570/570 569/569/569
f 571/571/571 573/573/573 572/572/572
f 571/571/571 574/574/574 573/573/573
f 575/575/575 577/577/577 576/576/576
f 575/575/575 578/578/578 577/577/577
f 579/579/579 581/581/581 580/580/580
f 579/579/579 582/582/582 581/581/581
f 583/583/583 585/585/585 584/584/584
f 583/583/583 586/586/586 585/585/585
f 587/587/587 589/589/589 588/588/588
f 587/587/587 590/590/590 589/589/589
f 591/591/591 593/593/593 592/592/592
f 591/591/591 594/594/594 593/593/593
f 595/595/595 597/597/597 596/596/596
f 595/595/595 598/598/598 597/597/597
f 599/599/599 601/601/601 600/600/600
f 599/599/599 602/602/602 601/601/601
f 603/603/603 605/605/605 604/604/604
f 603/603/603 606/606/606 605/605/605
f 607/607/607 609/609/609 608/608/608
f 607/607/607 610/610/610 609/609/609
f 611/611/611 613/613/613 612/612/612
f 611/611/611 614/614/614 613/613/613
f 615/615/615 617/617/617 616/616/616
f 615/615/615 618/618/618 617/617/617
f 619/619/619 621/621/621 620/620/620
f 619/619/619 622/622/622 621/621/621
f 623/623/623 625/625/625 624/624/624
f 623/623/623 626/626/626 625/625/625
f 627/627/627 629/629/629 628/628/628
f 627/627/627 630/630/630 629/629/629
f 631/631/631 633/633/633 632/632/632
f 631/631/631 634/634/634 633/633/633
f 635/635/635 637/637/637 636/636/636
f 635/635/635 638/638/638 637/637/637
f 639/639/639 641/641/641 640/640/640
f 639/639/639 642/642/642 641/641/641
f 643/643/643 645/645/645 644/644/644
f 643/643/643 646/646/646 645/645/645
f 647/647/647 649/649/649 648/648/648
f 647/647/647 650/650/650 649/649/649
f 651/651/651 653/653/653 652/652/652
f 651/651/651 654/654/654 653/653/653
f 655/655/655 657/657/657 656/656/656
f 655/655/655 658/658/658 657/657/657
f 659/659/659 661/661/661 660/660/660
f 659/659/659 662/662/662 661/661/661
f 663/663/663 665/665/665 664/664/664
f 663/663/663 666/666/666 665/665/665
f 667/667/667 669/669/669 668/668/668
f 667/667/667 670/670/670 669/669/669
f 671/671/671 673/673/673 672/672/672
f 671/671/671 674/674/674 673/673/673
f 675/675/675 677/677/677 676/676/676
f 675/675/675 678/678/678 677/677/677
f 679/679/679 681/681/681 680/680/680
f 679/679/679 682/682/682 681/681/681
f 683/683/683 685/685/685 684/684/684
f 683/683/683 686/686/686 685/685/685
f 687/687/687 689/689/689 688/688/688
f 687/687/687 690/690/690 689/689/689
f 691/691/691 693/693/693 692/692/692
f 691/691/691 694/694/694 693/693/693
f 695/695/695 697/697/697 696/696/696
f 695/695/695 698/698/698 697/697/697
f 699/699/699 701/701/701 700/700/700
f 699/699/699 702/702/702 701/701/701
f 703/703/703 705/705/705 704/704/704
f 703/703/703 706/706/706 705/705/705
f 707/707/707 709/709/709 708/708/708
f 707/707/707 710/710/710 709/709/709
f 711/711/711 713/713/713 712/712/712
f 711/711/711 714/714/714 713/713/713
f 715/715/715 717/717/717 716/716/716
f 715/715/715 718/718/718 717/717/717
f 719/719/719 721/721/721 720/720/720
f 719/719/719 722/722/722 721/721/721
f 723/723/723 725/725/725 724/724/724
f 723/723/723 726/726/726 725/725/725
f 727/727/727 729/729/729 728/728/728
f 727/727/727 730/730/730 729/729/729
f 731/731/731 733/733/733 732/732/732
f 731/731/731 734/734/734 733/733/733
f 735/735/735 737/737/737 736/736/736
f 735/735/735 738/738/738 737/737/737
f 739/739/739 741/741/741 740/740/740
f 739/739/739 742/742/742 741/741/741
f 743/743/743 745/745/745 744/744/744
f 743/743/743 746/746/746 745/745/745
f 747/747/747 749/749/749 748/748/748
f 748/748/748 750/750/750 747/747/747
f 525/525/525 526/526/526 751/751/751
f 751/751/751 752/752/752 525/525/525
f 753/753/753 755/755/755 754/754/754
f 754/754/754 756/756/756 753/753/753
f 511/511/511 512/512/512 757/757/757
f 757/757/757 758/758/758 511/511/511
f 759/759/759 761/761/761 760/760/760
f 760/760/760 762/762/762 759/759/759
f 763/763/763 765/765/765 764/764/764
f 764/764/764 766/766/766 763/763/763
f 767/767/767 769/769/769 768/768/768
f 768/768/768 770/770/770 767/767/767
f 551/551/551 552/552/552 771/771/771
f 771/771/771 772/772/772 551/551/551
f 773/773/773 775/775/775 774/774/774
f 774/774/774 776/776/776 773/773/773
f 777/777/777 779/779/779 778/778/778
f 778/778/778 780/780/780 777/777/777
f 605/605/605 606/606/606 781/781/781
f 781/781/781 782/782/782 605/605/605
f 591/591/591 592/592/592 783/783/783
f 783/783/783 784/784/784 591/591/591
f 785/785/785 787/787/787 786/786/786
f 786/786/786 788/788/788 785/785/785
f 789/789/789 791/791/791 790/790/790
f 790/790/790 792/792/792 789/789/789
f 645/645/645 646/646/646 793/793/793
f 793/793/793 794/794/794 645/645/645
f 631/631/631 632/632/632 795/795/795
f 795/795/795 796/796/796 631/631/631
f 797/797/797 799/799/799 798/798/798
f 798/798/798 800/800/800 797/797/797
f 801/801/801 803/803/803 802/802/802
f 802/802/802 804/804/804 801/801/801
f 685/685/685 686/686/686 805/805/805
f 805/805/805 806/806/806 685/685/685
f 671/671/671 672/672/672 807/807/807
f 807/807/807 808/808/808 671/671/671
f 809/809/809 811/811/811 810/810/810
f 810/810/810 812/812/812 809/809/809
f 813/813/813 815/815/815 814/814/814
f 814/814/814 816/816/816 813/813/813
f 725/725/725 726/726/726 817/817/817
f 817/817/817 818/818/818 725/725/725
f 711/711/711 712/712/712 819/819/819
f 819/819/819 820/820/820 711/711/711
f 821/821/821 823/823/823 822/822/822
f 821/821/821 824/824/824 823/823/823
f 825/825/825 827/827/827 826/826/826
f 825/825/825 828/828/828 827/827/827
f 829/829/829 831/831/831 830/830/830
f 829/829/829 832/832/832 831/831/831
f 833/833/833 835/835/835 834/834/834
f 833/833/833 836/836/836 835/835/835
f 837/837/837 839/839/839 838/838/838
f 837/837/837 840/840/840 839/839/839
f 841/841/841 843/843/843 842/842/842
f 841/841/841 844/844/844 843/843/843
f 845/845/845 847/847/847 846/846/846
f 845/845/845 848/848/848 847/847/847
f 849/849/849 851/851/851 850/850/850
f 849/849/849 852/852/852 851/851/851
f 853/853/853 855/855/855 854/854/854
f 853/853/853 856/856/856 855/855/855
f 857/857/857 859/859/859 858/858/858
f 857/857/857 860/860/860 859/859/859
f 861/861/861 863/863/863 862/862/862
f 861/861/861 864/864/864 863/863/863
f 865/865/865 867/867/867 866/866/866
f 865/865/865 868/868/868 867/867/867
f 869/869/869 871/871/871 870/870/870
f 869/869/869 872/872/872 871/871/871
f 873/873/873 875/875/875 874/874/874
f 873/873/873 876/876/876 875/875/875
f 877/877/877 879/879/879 878/878/878
f 877/877/877 880/880/880 879/879/879
f 881/881/881 883/883/883 882/882/882
f 881/881/881 884/884/884 883/883/883
f 885/885/885 887/887/887 886/886/886
f 885/885/885 888/888/888 887/887/887
f 889/889/889 891/891/891 890/890/890
f 889/889/889 892/892/892 891/891/891
f 893/893/893 895/895/895 894/894/894
f 893/893/893 896/896/896 895/895/895
f 897/897/897 899/899/899 898/898/898
f 897/897/897 900/900/900 899/899/899
f 901/901/901 903/903/903 902/902/902
f 901/901/901 904/904/904 903/903/903
f 905/905/905 907/907/907 906/906/906
f 905/905/905 908/908/908 907/907/907
f 909/909/909 911/911/911 910/910/910
f 909/909/909 912/912/912 911/911/911
f 913/913/913 915/915/915 914/914/914
f 913/913/913 916/916/916 915/915/915
f 917/917/917 919/919/919 918/918/918
f 917/917/917 920/920/920 919/919/919
f 921/921/921 923/923/923 922/922/922
f 921/921/921 924/924/924 923/923/923
f 925/925/925 927/927/927 926/926/926
f 925/925/925 928/928/928 927/927/927
f 929/929/929 931/931/931 930/930/930
f 929/929/929 932/932/932 931/931/931
f 933/933/933 935/935/935 934/934/934
f 933/933/933 936/936/936 935/935/935
f 937/937/937 939/939/939 938/938/938
f 937/937/937 940/940/940 939/939/939
f 941/941/941 943/943/943 942/942/942
f 941/941/941 944/944/944 943/943/943
f 945/945/945 947/947/947 946/946/946
f 945/945/945 948/948/948 947/947/947
f 949/949/949 951/951/951 950/950/950
f 949/949/949 952/952/952 951/951/951
f 953/953/953 955/955/955 954/954/954
f 953/953/953 956/956/956 955/955/955
f 957/957/957 959/959/959 958/958/958
f 957/957/957 960/960/960 959/959/959
f 961/961/961 963/963/963 962/962/962
f 961/961/961 964/964/964 963/963/963
f 965/965/965 967/967/967 966/966/966
f 965/965/965 968/968/968 967/967/967
f 969/969/969 971/971/971 970/970/970
f 969/969/969 972/972/972 971/971/971
f 973/973/973 975/975/975 974/974/974
f 973/973/973 976/976/976 975/975/975
f 977/977/977 979/979/979 978/978/978
f 977/977/977 980/980/980 979/979/979
f 981/981/981 983/983/983 982/982/982
f 981/981/981 984/984/984 983/983/983
f 985/985/985 987/987/987 986/986/986
f 985/985/985 988/988/988 987/987/987
f 989/989/989 991/991/991 990/990/990
f 989/989/989 992/992/992 991/991/991
f 993/993/993 995/995/995 994/994/994
f 993/993/993 996/996/996 995/995/995
f 997/997/997 999/999/999 998/998/998
f 997/997/997 1000/1000/1000 999/999/999
f 1001/1001/1001 1003/1003/1003 1002/1002/1002
f 1001/1001/1001 1004/1004/1004 1003/1003/1003
f 1005/1005/1005 1007/1007/1007 1006/1006/1006
f 1005/1005/1005 1008/1008/1008 1007/1007/1007
f 1009/1009/1009 1011/1011/1011 1010/1010/1010
f 1009/1009/1009 1012/1012/1012 1011/1011/1011
f 1013/1013/1013 1015/1015/1015 1014/1014/1014
f 1013/1013/1013 1014/1014/1014 1016/1016/1016
f 1017/1017/1017 1019/1019/1019 1018/1018/1018
f 1017/1017/1017 1018/1018/1018 1020/1020/1020
f 1021/1021/1021 1023/1023/1023 1022/1022/1022
f 1021/1021/1021 1022/1022/1022 1024/1024/1024
f 1025/1025/1025 1027/1027/1027 1026/1026/1026
f 1025/1025/1025 1026/1026/1026 1028/1028/1028
f 1029/1029/1029 1031/1031/1031 1030/1030/1030
f 1029/1029/1029 1032/1032/1032 1031/1031/1031
f 1029/1029/1029 1033/1033/1033 1032/1032/1032
f 1029/1029/1029 1030/1030/1030 1033/1033/1033
f 1034/1034/1034 1036/1036/1036 1035/1035/1035
f 1034/1034/1034 1035/1035/1035 1037/1037/1037
f 1038/1038/1038 1040/1040/1040 1039/1039/1039
f 1038/1038/1038 1039/1039/1039 1041/1041/1041
f 1042/1042/1042 1044/1044/1044 1043/1043/1043
f 1042/1042/1042 1043/1043/1043 1045/1045/1045
f 1046/1046/1046 1048/1048/1048 1047/1047/1047
f 1046/1046/1046 1047/1047/1047 1049/1049/1049
f 1050/1050/1050 1052/1052/1052 1051/1051/1051
f 1052/1052/1052 1050/1050/1050 1053/1053/1053
f 1054/1054/1054 1056/1056/1056 1055/1055/1055
f 1056/1056/1056 1054/1054/1054 1057/1057/1057
f 1058/1058/1058 1060/1060/1060 1059/1059/1059
f 1060/1060/1060 1058/1058/1058 1061/1061/1061
f 1062/1062/1062 1064/1064/1064 1063/1063/1063
f 1064/1064/1064 1062/1062/1062 1065/1065/1065
f 1066/1066/1066 1068/1068/1068 1067/1067/1067
f 1068/1068/1068 1066/1066/1066 1069/1069/1069
f 1052/1052/1052 1070/1070/1070 1051/1051/1051
f 1070/1070/1070 1052/1052/1052 1071/1071/1071
f 1072/1072/1072 1074/1074/1074 1073/1073/1073
f 1074/1074/1074 1072/1072/1072 1075/1075/1075
f 1076/1076/1076 1078/1078/1078 1077/1077/1077
f 1078/1078/1078 1076/1076/1076 1079/1079/1079
f 1080/1080/1080 1082/1082/1082 1081/1081/1081
f 1080/1080/1080 1081/1081/1081 1083/1083/1083
f 1083/1083/1083 1081/1081/1081 1084/1084/1084
f 1083/1083/1083 1084/1084/1084 1085/1085/1085
f 1085/1085/1085 1084/1084/1084 1086/1086/1086
f 1085/1085/1085 1086/1086/1086 1087/1087/1087
f 1087/1087/1087 1086/1086/1086 1088/1088/1088
f 1087/1087/1087 1088/1088/1088 1089/1089/1089
f 1089/1089/1089 1088/1088/1088 1090/1090/1090
f 1089/1089/1089 1090/1090/1090 1091/1091/1091
f 1091/1091/1091 1090/1090/1090 1082/1082/1082
f 1091/1091/1091 1082/1082/1082 1080/1080/1080
f 1092/1092/1092 1094/1094/1094 1093/1093/1093
f 1092/1092/1092 1095/1095/1095 1094/1094/1094
f 1092/1092/1092 1096/1096/1096 1095/1095/1095
f 1092/1092/1092 1097/1097/1097 1096/1096/1096
f 1092/1092/1092 1098/1098/1098 1097/1097/1097
f 1092/1092/1092 1093/1093/1093 1098/1098/1098
f 1099/1099/1099 1101/1101/1101 1100/1100/1100
f 1101/1101/1101 1099/1099/1099 1102/1102/1102
f 1103/1103/1103 1102/1102/1102 1099/1099/1099
f 1102/1102/1102 1103/1103/1103 1104/1104/1104
f 1105/1105/1105 1104/1104/1104 1103/1103/1103
f 1104/1104/1104 1105/1105/1105 1106/1106/1106
f 1107/1107/1107 1106/1106/1106 1105/1105/1105
f 1106/1106/1106 1107/1107/1107 1108/1108/1108
f 1109/1109/1109 1108/1108/1108 1107/1107/1107
f 1108/1108/1108 1109/1109/1109 1110/1110/1110
f 1100/1100/1100 1110/1110/1110 1109/1109/1109
f 1110/1110/1110 1100/1100/1100 1101/1101/1101
f 1111/1111/1111 1113/1113/1113 1112/1112/1112
f 1113/1113/1113 1111/1111/1111 1114/1114/1114
f 1115/1115/1115 1114/1114/1114 1111/1111/1111
f 1114/1114/1114 1115/1115/1115 1116/1116/1116
f 1117/1117/1117 1116/1116/1116 1115/1115/1115
f 1116/1116/1116 1117/1117/1117 1118/1118/1118
f 1119/1119/1119 1118/1118/1118 1117/1117/1117
f 1118/1118/1118 1119/1119/1119 1120/1120/1120
f 1121/1121/1121 1120/1120/1120 1119/1119/1119
f 1120/1120/1120 1121/1121/1121 1122/1122/1122
f 1112/1112/1112 1122/1122/1122 1121/1121/1121
f 1122/1122/1122 1112/1112/1112 1113/1113/1113
f 1123/1123/1123 1125/1125/1125 1124/1124/1124
f 1123/1123/1123 1124/1124/1124 1126/1126/1126
f 1123/1123/1123 1126/1126/1126 1127/1127/1127
f 1123/1123/1123 1127/1127/1127 1125/1125/1125
f 1128/1128/1128 1130/1130/1130 1129/1129/1129
f 1128/1128/1128 1129/1129/1129 1131/1131/1131
f 1132/1132/1132 1134/1134/1134 1133/1133/1133
f 1132/1132/1132 1133/1133/1133 1135/1135/1135
f 1136/1136/1136 1138/1138/1138 1137/1137/1137
f 1136/1136/1136 1137/1137/1137 1139/1139/1139
f 1140/1140/1140 1142/1142/1142 1141/1141/1141
f 1140/1140/1140 1141/1141/1141 1143/1143/1143
f 1144/1144/1144 1146/1146/1146 1145/1145/1145
f 1144/1144/1144 1145/1145/1145 1147/1147/1147
f 1148/1148/1148 1150/1150/1150 1149/1149/1149
f 1148/1148/1148 1149/1149/1149 1151/1151/1151
f 1152/1152/1152 1154/1154/1154 1153/1153/1153
f 1152/1152/1152 1153/1153/1153 1155/1155/1155
f 1156/1156/1156 1158/1158/1158 1157/1157/1157
f 1156/1156/1156 1157/1157/1157 1159/1159/1159
f 1160/1160/1160 1162/1162/1162 1161/1161/1161
f 1162/1162/1162 1160/1160/1160 1163/1163/1163
f 1164/1164/1164 1166/1166/1166 1165/1165/1165
f 1166/1166/1166 1164/1164/1164 1167/1167/1167
f 1168/1168/1168 1170/1170/1170 1169/1169/1169
f 1170/1170/1170 1168/1168/1168 1171/1171/1171
f 1172/1172/1172 1174/1174/1174 1173/1173/1173
f 1174/1174/1174 1172/1172/1172 1175/1175/1175
f 1176/1176/1176 1178/1178/1178 1177/1177/1177
f 1178/1178/1178 1176/1176/1176 1179/1179/1179
f 1163/1163/1163 1180/1180/1180 1162/1162/1162
f 1180/1180/1180 1163/1163/1163 1181/1181/1181
f 1182/1182/1182 1184/1184/1184 1183/1183/1183
f 1184/1184/1184 1182/1182/1182 1185/1185/1185
f 1186/1186/1186 1188/1188/1188 1187/1187/1187
f 1188/1188/1188 1186/1186/1186 1189/1189/1189
f 1190/1190/1190 1192/1192/1192 1191/1191/1191
f 1190/1190/1190 1191/1191/1191 1193/1193/1193
f 1193/1193/1193 1191/1191/1191 1194/1194/1194
f 1193/1193/1193 1194/1194/1194 1195/1195/1195
f 1195/1195/1195 1194/1194/1194 1196/1196/1196
f 1195/1195/1195 1196/1196/1196 1197/1197/1197
f 1197/1197/1197 1196/1196/1196 1198/1198/1198
f 1197/1197/1197 1198/1198/1198 1199/1199/1199
f 1199/1199/1199 1198/1198/1198 1200/1200/1200
f 1199/1199/1199 1200/1200/1200 1201/1201/1201
f 1201/1201/1201 1200/1200/1200 1192/1192/1192
f 1201/1201/1201 1192/1192/1192 1190/1190/1190
f 1202/1202/1202 1204/1204/1204 1203/1203/1203
f 1204/1204/1204 1202/1202/1202 1205/1205/1205
f 1206/1206/1206 1205/1205/1205 1202/1202/1202
f 1205/1205/1205 1206/1206/1206 1207/1207/1207
f 1208/1208/1208 1207/1207/1207 1206/1206/1206
f 1207/1207/1207 1208/1208/1208 1209/1209/1209
f 1210/1210/1210 1209/1209/1209 1208/1208/1208
f 1209/1209/1209 1210/1210/1210 1211/1211/1211
f 1212/1212/1212 1211/1211/1211 1210/1210/1210
f 1211/1211/1211 1212/1212/1212 1213/1213/1213
f 1203/1203/1203 1213/1213/1213 1212/1212/1212
f 1213/1213/1213 1203/1203/1203 1204/1204/1204
f 1214/1214/1214 1216/1216/1216 1215/1215/1215
f 1216/1216/1216 1214/1214/1214 1217/1217/1217
f 1218/1218/1218 1217/1217/1217 1214/1214/1214
f 1217/1217/1217 1218/1218/1218 1219/1219/1219
f 1220/1220/1220 1219/1219/1219 1218/1218/1218
f 1219/1219/1219 1220/1220/1220 1221/1221/1221
f 1222/1222/1222 1221/1221/1221 1220/1220/1220
f 1221/1221/1221 1222/1222/1222 1223/1223/1223
f 1224/1224/1224 1223/1223/1223 1222/1222/1222
f 1223/1223/1223 1224/1224/1224 1225/1225/1225
f 1215/1215/1215 1225/1225/1225 1224/1224/1224
f 1225/1225/1225 1215/1215/1215 1216/1216/1216
f 1226/1226/1226 1228/1228/1228 1227/1227/1227
f 1228/1228/1228 1226/1226/1226 1229/1229/1229
f 1226/1226/1226 1230/1230/1230 1229/1229/1229
f 1230/1230/1230 1226/1226/1226 1231/1231/1231
f 1232/1232/1232 1234/1234/1234 1233/1233/1233
f 1234/1234/1234 1232/1232/1232 1235/1235/1235
f 1228/1228/1228 1236/1236/1236 1227/1227/1227
f 1236/1236/1236 1228/1228/1228 1237/1237/1237
f 1230/1230/1230 1236/1236/1236 1237/1237/1237
f 1236/1236/1236 1230/1230/1230 1231/1231/1231
f 1238/1238/1238 1240/1240/1240 1239/1239/1239
f 1240/1240/1240 1238/1238/1238 1241/1241/1241
f 1242/1242/1242 1244/1244/1244 1243/1243/1243
f 1244/1244/1244 1242/1242/1242 1245/1245/1245
f 1246/1246/1246 1248/1248/1248 1247/1247/1247
f 1248/1248/1248 1246/1246/1246 1249/1249/1249
f 1250/1250/1250 1252/1252/1252 1251/1251/1251
f 1252/1252/1252 1250/1250/1250 1253/1253/1253
f 1254/1254/1254 1256/1256/1256 1255/1255/1255
f 1256/1256/1256 1254/1254/1254 1257/1257/1257
f 1258/1258/1258 1260/1260/1260 1259/1259/1259
f 1260/1260/1260 1258/1258/1258 1261/1261/1261
f 1262/1262/1262 1264/1264/1264 1263/1263/1263
f 1264/1264/1264 1262/1262/1262 1265/1265/1265
f 1258/1258/1258 1266/1266/1266 1261/1261/1261
f 1267/1267/1267 1269/1269/1269 1268/1268/1268
f 1269/1269/1269 1267/1267/1267 1270/1270/1270
f 1266/1266/1266 1271/1271/1271 1261/1261/1261
f 1271/1271/1271 1266/1266/1266 1272/1272/1272
f 1273/1273/1273 1275/1275/1275 1274/1274/1274
f 1273/1273/1273 1274/1274/1274 1276/1276/1276
f 1276/1276/1276 1274/1274/1274 1277/1277/1277
f 1276/1276/1276 1277/1277/1277 1278/1278/1278
f 1278/1278/1278 1277/1277/1277 1279/1279/1279
f 1278/1278/1278 1279/1279/1279 1280/1280/1280
f 1280/1280/1280 1279/1279/1279 1281/1281/1281
f 1280/1280/1280 1281/1281/1281 1282/1282/1282
f 1282/1282/1282 1281/1281/1281 1283/1283/1283
f 1282/1282/1282 1283/1283/1283 1284/1284/1284
f 1285/1285/1285 1286/1286/1286 1275/1275/1275
f 1285/1285/1285 1275/1275/1275 1273/1273/1273
f 1287/1287/1287 1289/1289/1289 1288/1288/1288
f 1287/1287/1287 1291/1291/1291 1290/1290/1290
f 1287/1287/1287 1292/1292/1292 1291/1291/1291
f 1287/1287/1287 1293/1293/1293 1292/1292/1292
f 1287/1287/1287 1294/1294/1294 1293/1293/1293
f 1287/1287/1287 1288/1288/1288 1294/1294/1294
f 1295/1295/1295 1297/1297/1297 1296/1296/1296
f 1295/1295/1295 1296/1296/1296 1298/1298/1298
f 1298/1298/1298 1296/1296/1296 1299/1299/1299
f 1298/1298/1298 1299/1299/1299 1300/1300/1300
f 1301/1301/1301 1303/1303/1303 1302/1302/1302
f 1301/1301/1301 1304/1304/1304 1303/1303/1303
f 1305/1305/1305 1307/1307/1307 1306/1306/1306
f 1305/1305/1305 1306/1306/1306 1308/1308/1308
f 1308/1308/1308 1306/1306/1306 1309/1309/1309
f 1308/1308/1308 1309/1309/1309 1310/1310/1310
f 1311/1311/1311 1313/1313/1313 1312/1312/1312
f 1311/1311/1311 1314/1314/1314 1313/1313/1313
f 1315/1315/1315 1317/1317/1317 1316/1316/1316
f 1317/1317/1317 1315/1315/1315 1318/1318/1318
f 1319/1319/1319 1321/1321/1321 1320/1320/1320
f 1321/1321/1321 1319/1319/1319 1322/1322/1322
f 1323/1323/1323 1325/1325/1325 1324/1324/1324
f 1325/1325/1325 1323/1323/1323 1326/1326/1326
f 1317/1317/1317 1327/1327/1327 1316/1316/1316
f 1327/1327/1327 1317/1317/1317 1328/1328/1328
f 1329/1329/1329 1331/1331/1331 1330/1330/1330
f 1331/1331/1331 1329/1329/1329 1332/1332/1332
f 1333/1333/1333 1335/1335/1335 1334/1334/1334
f 1335/1335/1335 1333/1333/1333 1336/1336/1336
f 1337/1337/1337 1339/1339/1339 1338/1338/1338
f 1337/1337/1337 1338/1338/1338 1340/1340/1340
f 1340/1340/1340 1338/1338/1338 1341/1341/1341
f 1340/1340/1340 1341/1341/1341 1342/1342/1342
f 1342/1342/1342 1341/1341/1341 1343/1343/1343
f 1342/1342/1342 1343/1343/1343 1344/1344/1344
f 1344/1344/1344 1343/1343/1343 1345/1345/1345
f 1344/1344/1344 1345/1345/1345 1346/1346/1346
f 1346/1346/1346 1345/1345/1345 1347/1347/1347
f 1346/1346/1346 1347/1347/1347 1348/1348/1348
f 1349/1349/1349 1350/1350/1350 1339/1339/1339
f 1349/1349/1349 1339/1339/1339 1337/1337/1337
f 1351/1351/1351 1353/1353/1353 1352/1352/1352
f 1351/1351/1351 1355/1355/1355 1354/1354/1354
f 1351/1351/1351 1356/1356/1356 1355/1355/1355
f 1351/1351/1351 1357/1357/1357 1356/1356/1356
f 1351/1351/1351 1358/1358/1358 1357/1357/1357
f 1351/1351/1351 1352/1352/1352 1358/1358/1358
f 1359/1359/1359 1361/1361/1361 1360/1360/1360
f 1359/1359/1359 1360/1360/1360 1362/1362/1362
f 1362/1362/1362 1360/1360/1360 1363/1363/1363
f 1362/1362/1362 1363/1363/1363 1364/1364/1364
f 1365/1365/1365 1367/1367/1367 1366/1366/1366
f 1365/1365/1365 1368/1368/1368 1367/1367/1367
f 1369/1369/1369 1371/1371/1371 1370/1370/1370
f 1369/1369/1369 1370/1370/1370 1372/1372/1372
f 1372/1372/1372 1370/1370/1370 1373/1373/1373
f 1372/1372/1372 1373/1373/1373 1374/1374/1374
f 1375/1375/1375 1377/1377/1377 1376/1376/1376
f 1375/1375/1375 1378/1378/1378 1377/1377/1377
f 1379/1379/1379 1381/1381/1381 1380/1380/1380
f 1379/1379/1379 1380/1380/1380 1382/1382/1382
f 1382/1382/1382 1380/1380/1380 1383/1383/1383
f 1382/1382/1382 1383/1383/1383 1384/1384/1384
f 1384/1384/1384 1383/1383/1383 1385/1385/1385
f 1384/1384/1384 1385/1385/1385 1386/1386/1386
f 1386/1386/1386 1385/1385/1385 1387/1387/1387
f 1386/1386/1386 1387/1387/1387 1388/1388/1388
f 1388/1388/1388 1387/1387/1387 1389/1389/1389
f 1388/1388/1388 1389/1389/1389 1390/1390/1390
f 1391/1391/1391 1392/1392/1392 1381/1381/1381
f 1391/1391/1391 1381/1381/1381 1379/1379/1379
f 1393/1393/1393 1395/1395/1395 1394/1394/1394
f 1393/1393/1393 1394/1394/1394 1396/1396/1396
f 1396/1396/1396 1394/1394/1394 1397/1397/1397
f 1396/1396/1396 1397/1397/1397 1398/1398/1398
f 1398/1398/1398 1397/1397/1397 1399/1399/1399
f 1398/1398/1398 1399/1399/1399 1400/1400/1400
f 1400/1400/1400 1399/1399/1399 1401/1401/1401
f 1400/1400/1400 1401/1401/1401 1402/1402/1402
f 1402/1402/1402 1401/1401/1401 1403/1403/1403
f 1402/1402/1402 1403/1403/1403 1404/1404/1404
f 1405/1405/1405 1406/1406/1406 1395/1395/1395
f 1405/1405/1405 1395/1395/1395 1393/1393/1393

g yellow_jewel
# texture: yellow_jewel.jpg
v -35.56569 43.38599 25.88911
v -40.81109 56.99251 31.382
v -85.30957 82.71388 31.382
v -35.56569 43.38599 25.88911
v -85.30957 82.71388 31.382
v -98.98058 80.62449 25.8891
v -35.56569 43.38599 20.48061
v -35.56569 43.38599 25.88911
v -98.98058 80.62449 25.8891
v -98.98058 80.62449 20.4807
v -35.56569 43.38599 20.48061
v -98.98058 80.62449 20.4807
v -85.30957 82.71389 20.318
v -35.56569 43.38599 20.48061
v -85.30957 82.71389 20.318
v -40.81109 56.99249 20.318
v 81.16759 127.4089 31.382
v 89.90201 116.6184 25.8891
v 89.63409 189.3279 25.88909
v 81.16759 127.4089 31.382
v 89.63409 189.3279 25.88909
v 81.21329 178.862 31.382
v 89.90201 116.6184 25.8891
v 89.90201 116.6184 20.4806
v 89.63409 189.3279 20.48059
v 89.63409 189.3279 25.88909
v 89.90201 116.6184 20.4806
v 81.16762 127.4089 20.31791
v 81.21332 178.8621 20.3179
v 89.90201 116.6184 20.4806
v 81.21332 178.8621 20.3179
v 89.63409 189.3279 20.48059
v 89.90201 116.6184 20.4806
v 89.90201 116.6184 25.8891
v 81.16759 127.4089 31.382
v 81.16762 127.4089 20.31791
v 81.16762 127.4089 20.31791
v 81.16759 127.4089 31.382
v 81.21329 178.862 31.382
v 81.21332 178.8621 20.3179
v 81.21329 178.862 31.382
v 89.63409 189.3279 25.88909
v 89.63409 189.3279 20.48059
v 81.21332 178.8621 20.3179
v -98.98058 80.62449 25.8891
v -85.30957 82.71388 31.382
v -85.30957 82.71389 20.318
v -98.98058 80.62449 20.4807
v -40.81109 56.99251 31.382
v -40.81109 56.99249 20.318
v -85.30957 82.71389 20.318
v -85.30957 82.71388 31.382
v -35.56569 43.38599 25.88911
v -35.56569 43.38599 20.48061
v -40.81109 56.99249 20.318
v -40.81109 56.99251 31.382
v 0.702404 264.9108 -29.3643
v 50.44631 225.5829 -34.8572
v 5.947802 251.3042 -34.85722
v 0.702404 264.9108 -29.3643
v 64.11729 227.6723 -29.36432
v 50.44631 225.5829 -34.8572
v 0.702404 264.9108 -23.9558
v 64.11729 227.6723 -29.36432
v 0.702404 264.9108 -29.3643
v 64.11729 227.6723 -23.95592
v 0.702404 264.9108 -23.9558
v 50.44631 225.5829 -23.79321
v 64.11729 227.6723 -23.95592
v 0.702404 264.9108 -23.9558
v 5.947802 251.3042 -23.79311
v 50.44631 225.5829 -23.79321
v -116.0309 180.8878 -34.8572
v -124.4973 118.9688 -29.36429
v -124.7653 191.6784 -29.36429
v -116.0309 180.8878 -34.8572
v -116.0765 129.4346 -34.85719
v -124.4973 118.9688 -29.36429
v -124.7653 191.6784 -29.36429
v -124.4973 118.9688 -23.95579
v -124.7653 191.6784 -23.9558
v -124.4973 118.9688 -29.36429
v -124.7653 191.6784 -23.9558
v -116.0765 129.4346 -23.79309
v -116.0309 180.8878 -23.79309
v -124.7653 191.6784 -23.9558
v -124.4973 118.9688 -23.95579
v -116.0765 129.4346 -23.79309
v -124.7653 191.6784 -23.9558
v -116.0309 180.8878 -34.8572
v -124.7653 191.6784 -29.36429
v -116.0309 180.8878 -23.79309
v -116.0309 180.8878 -23.79309
v -116.0765 129.4346 -34.85719
v -116.0309 180.8878 -34.8572
v -116.0765 129.4346 -23.79309
v -116.0765 129.4346 -34.85719
v -124.4973 118.9688 -23.95579
v -124.4973 118.9688 -29.36429
v -116.0765 129.4346 -23.79309
v 64.11729 227.6723 -29.36432
v 50.44631 225.5829 -23.79321
v 50.44631 225.5829 -34.8572
v 64.11729 227.6723 -23.95592
v 5.947802 251.3042 -34.85722
v 50.44631 225.5829 -23.79321
v 5.947802 251.3042 -23.79311
v 50.44631 225.5829 -34.8572
v 0.702404 264.9108 -29.3643
v 5.947802 251.3042 -23.79311
v 0.702404 264.9108 -23.9558
v 5.947802 251.3042 -34.85722
v -194.5104 94.71021 -45.4502
v -202.6766 91.9796 -57.4499
v -206.0092 95.3947 -51.69229
v -188.4113 71.2338 -30.196
v -194.5104 94.71021 -45.4502
v -213.8405 60.5737 -34.486
v -201.9608 89.87601 -32.72539
v -210.9654 92.0341 -26.4066
v -210.0004 83.44659 -23.0188
v -188.4113 71.2338 -30.196
v -211.1855 60.5737 -17.6633
v -197.8132 60.5737 -6.925198
v -193.4227 80.96921 -14.5049
v -189.553 75.4413 -9.181398
v -181.1751 78.2386 -5.929098
v -179.9152 60.5737 -6.925198
v -165.866 60.5737 -17.6633
v -164.7793 88.53821 -43.57439
v -165.866 60.5737 -17.6633
v -162.7581 60.5737 -35.2895
v -175.0646 82.7652 -36.0603
v -164.7793 88.53821 -43.57439
v -172.7082 85.7918 -47.8967
v -171.7071 60.57371 -50.7896
v -188.5258 60.5737 -56.91109
v -188.4113 71.2338 -30.196
v -213.8405 60.5737 -34.486
v -210.9654 92.0341 -26.4066
v -210.9654 92.0341 -26.4066
v -201.9608 89.87601 -32.72539
v -188.4113 71.2338 -30.196
v -213.8405 60.5737 -34.486
v -211.1855 60.5737 -17.6633
v -210.0004 83.44659 -23.0188
v -210.0004 83.44659 -23.0188
v -210.9654 92.0341 -26.4066
v -213.8405 60.5737 -34.486
v -211.1855 60.5737 -17.6633
v -188.4113 71.2338 -30.196
v -201.9608 89.87601 -32.72539
v -201.9608 89.87601 -32.72539
v -210.0004 83.44659 -23.0188
v -211.1855 60.5737 -17.6633
v -188.4113 71.2338 -30.196
v -165.866 60.5737 -17.6633
v -164.7793 88.53821 -43.57439
v -164.7793 88.53821 -43.57439
v -175.0646 82.7652 -36.0603
v -188.4113 71.2338 -30.196
v -162.7581 60.5737 -35.2895
v -171.7071 60.57371 -50.7896
v -172.7082 85.7918 -47.8967
v -172.7082 85.7918 -47.8967
v -164.7793 88.53821 -43.57439
v -162.7581 60.5737 -35.2895
v -172.7082 85.7918 -47.8967
v -188.4113 71.2338 -30.196
v -175.0646 82.7652 -36.0603
v -188.4113 71.2338 -30.196
v -172.7082 85.7918 -47.8967
v -171.7071 60.57371 -50.7896
v -193.4227 80.96921 -14.5049
v -197.8132 60.5737 -6.925198
v -189.553 75.4413 -9.181398
v -197.8132 60.5737 -6.925198
v -193.4227 80.96921 -14.5049
v -188.4113 71.2338 -30.196
v -197.8132 60.5737 -6.925198
v -179.9152 60.5737 -6.925198
v -181.1751 78.2386 -5.929098
v -181.1751 78.2386 -5.929098
v -189.553 75.4413 -9.181398
v -197.8132 60.5737 -6.925198
v -179.9152 60.5737 -6.925198
v -188.4113 71.2338 -30.196
v -193.4227 80.96921 -14.5049
v -193.4227 80.96921 -14.5049
v -181.1751 78.2386 -5.929098
v -179.9152 60.5737 -6.925198
v -188.4113 71.2338 -30.196
v -188.5258 60.5737 -56.91109
v -202.6766 91.9796 -57.4499
v -202.6766 91.9796 -57.4499
v -194.5104 94.71021 -45.4502
v -188.4113 71.2338 -30.196
v -188.5258 60.5737 -56.91109
v -205.3444 60.57371 -50.7896
v -206.0092 95.3947 -51.69229
v -206.0092 95.3947 -51.69229
v -202.6766 91.9796 -57.4499
v -188.5258 60.5737 -56.91109
v -206.0092 95.3947 -51.69229
v -213.8405 60.5737 -34.486
v -194.5104 94.71021 -45.4502
v -213.8405 60.5737 -34.486
v -206.0092 95.3947 -51.69229
v -205.3444 60.57371 -50.7896
v -197.4574 81.765 28.9641
v -191.0444 74.752 23.001
v -199.6846 78.72749 20.5443
v -188.5714 68.89529 38.17381
v -197.4574 81.765 28.9641
v -214.339 60.5737 29.702
v -201.9823 81.264 39.1751
v -211.8076 78.92149 30.9307
v -214.8084 78.9215 39.1751
v -179.6223 60.5737 58.8327
v -201.9823 81.264 39.1751
v -197.5204 60.5737 58.8327
v -179.6223 60.5737 58.8327
v -174.8368 78.7589 44.83891
v -177.064 73.85669 54.3509
v -168.4238 73.85669 52.8274
v -170.3733 79.4225 26.6864
v -165.9116 60.5737 47.3281
v -162.8037 60.5737 29.7019
v -182.3792 85.3419 22.2996
v -170.3733 79.4225 26.6864
v -170.3734 83.4045 17.6551
v -171.7527 60.5737 14.2018
v -188.5714 60.5737 8.0803
v -188.5714 68.89529 38.17381
v -188.5714 60.5737 8.0803
v -191.0444 74.752 23.001
v -191.0444 74.752 23.001
v -197.4574 81.765 28.9641
v -188.5714 68.89529 38.17381
v -188.5714 60.5737 8.0803
v -205.39 60.5737 14.5665
v -199.6846 78.72749 20.5443
v -199.6846 78.72749 20.5443
v -191.0444 74.752 23.001
v -188.5714 60.5737 8.0803
v -205.39 60.5737 14.5665
v -214.339 60.5737 29.702
v -197.4574 81.765 28.9641
v -197.4574 81.765 28.9641
v -199.6846 78.72749 20.5443
v -205.39 60.5737 14.5665
v -188.5714 68.89529 38.17381
v -214.339 60.5737 29.702
v -211.8076 78.92149 30.9307
v -211.8076 78.92149 30.9307
v -201.9823 81.264 39.1751
v -188.5714 68.89529 38.17381
v -214.339 60.5737 29.702
v -211.2311 60.5737 47.3281
v -214.8084 78.9215 39.1751
v -214.8084 78.9215 39.1751
v -211.8076 78.92149 30.9307
v -214.339 60.5737 29.702
v -211.2311 60.5737 47.3281
v -197.5204 60.5737 58.8327
v -201.9823 81.264 39.1751
v -201.9823 81.264 39.1751
v -214.8084 78.9215 39.1751
v -211.2311 60.5737 47.3281
v -188.5714 68.89529 38.17381
v -165.9116 60.5737 47.3281
v -170.3733 79.4225 26.6864
v -170.3733 79.4225 26.6864
v -182.3792 85.3419 22.2996
v -188.5714 68.89529 38.17381
v -162.8037 60.5737 29.7019
v -171.7527 60.5737 14.2018
v -170.3734 83.4045 17.6551
v -170.3734 83.4045 17.6551
v -170.3733 79.4225 26.6864
v -162.8037 60.5737 29.7019
v -171.7527 60.5737 14.2018
v -188.5714 68.89529 38.17381
v -182.3792 85.3419 22.2996
v -182.3792 85.3419 22.2996
v -170.3734 83.4045 17.6551
v -171.7527 60.5737 14.2018
v -188.5714 68.89529 38.17381
v -179.6223 60.5737 58.8327
v -177.064 73.85669 54.3509
v -177.064 73.85669 54.3509
v -174.8368 78.7589 44.83891
v -188.5714 68.89529 38.17381
v -179.6223 60.5737 58.8327
v -165.9116 60.5737 47.3281
v -168.4238 73.85669 52.8274
v -168.4238 73.85669 52.8274
v -177.064 73.85669 54.3509
v -179.6223 60.5737 58.8327
v -165.9116 60.5737 47.3281
v -188.5714 68.89529 38.17381
v -174.8368 78.7589 44.83891
v -174.8368 78.7589 44.83891
v -168.4238 73.85669 52.8274
v -165.9116 60.5737 47.3281
v -212.2625 60.0511 -10.0798
v -213.8303 85.5631 -16.8018
v -214.4258 88.0549 -10.0812
v -187.8715 67.829 1.591301
v -212.2625 60.0511 -10.0798
v -210.2605 60.0511 6.232901
v -202.9182 84.02831 3.111706
v -212.6652 82.036 9.710403
v -203.6018 76.7397 10.1014
v -203.4331 60.0511 22.6432
v -186.5393 60.05099 27.0108
v -185.7525 74.93219 18.1619
v -179.9138 70.8989 21.3965
v -170.8192 72.9399 20.795
v -170.0881 60.0511 19.3394
v -161.7771 60.05099 3.4477
v -171.884 80.4548 -20.83459
v -161.7771 60.05099 3.4477
v -166.4752 60.0511 -14.0857
v -178.1172 76.2426 -9.519495
v -171.884 80.4548 -20.83459
v -181.0246 78.4509 -21.4091
v -181.3444 60.0511 -24.4972
v -199.4272 60.0511 -22.9152
v -202.9182 84.02831 3.111706
v -210.2605 60.0511 6.232901
v -212.6652 82.036 9.710403
v -210.2605 60.0511 6.232901
v -202.9182 84.02831 3.111706
v -187.8715 67.829 1.591301
v -210.2605 60.0511 6.232901
v -203.4331 60.0511 22.6432
v -203.6018 76.7397 10.1014
v -203.6018 76.7397 10.1014
v -212.6652 82.036 9.710403
v -210.2605 60.0511 6.232901
v -203.6018 76.7397 10.1014
v -187.8715 67.829 1.591301
v -202.9182 84.02831 3.111706
v -187.8715 67.829 1.591301
v -203.6018 76.7397 10.1014
v -203.4331 60.0511 22.6432
v -178.1172 76.2426 -9.519495
v -161.7771 60.05099 3.4477
v -171.884 80.4548 -20.83459
v -161.7771 60.05099 3.4477
v -178.1172 76.2426 -9.519495
v -187.8715 67.829 1.591301
v -166.4752 60.0511 -14.0857
v -181.3444 60.0511 -24.4972
v -181.0246 78.4509 -21.4091
v -181.0246 78.4509 -21.4091
v -171.884 80.4548 -20.83459
v -166.4752 60.0511 -14.0857
v -181.3444 60.0511 -24.4972
v -187.8715 67.829 1.591301
v -178.1172 76.2426 -9.519495
v -178.1172 76.2426 -9.519495
v -181.0246 78.4509 -21.4091
v -181.3444 60.0511 -24.4972
v -187.8715 67.829 1.591301
v -186.5393 60.05099 27.0108
v -179.9138 70.8989 21.3965
v -179.9138 70.8989 21.3965
v -185.7525 74.93219 18.1619
v -187.8715 67.829 1.591301
v -186.5393 60.05099 27.0108
v -170.0881 60.0511 19.3394
v -170.8192 72.9399 20.795
v -170.8192 72.9399 20.795
v -179.9138 70.8989 21.3965
v -186.5393 60.05099 27.0108
v -170.0881 60.0511 19.3394
v -187.8715 67.829 1.591301
v -185.7525 74.93219 18.1619
v -185.7525 74.93219 18.1619
v -170.8192 72.9399 20.795
v -170.0881 60.0511 19.3394
v -187.8715 67.829 1.591301
v -199.4272 60.0511 -22.9152
v -213.8303 85.5631 -16.8018
v -213.8303 85.5631 -16.8018
v -201.181 87.5555 -9.272198
v -187.8715 67.829 1.591301
v -199.4272 60.0511 -22.9152
v -212.2625 60.0511 -10.0798
v -214.4258 88.0549 -10.0812
v -214.4258 88.0549 -10.0812
v -213.8303 85.5631 -16.8018
v -199.4272 60.0511 -22.9152
v -212.2625 60.0511 -10.0798
v -187.8715 67.829 1.591301
v -201.181 87.5555 -9.272198
v -201.181 87.5555 -9.272198
v -213.8303 85.5631 -16.8018
v -212.2625 60.0511 -10.0798
vn -0.257501 -0.445401 0.857503
vn -0.257501 -0.445401 0.857503
vn -0.257501 -0.445401 0.857503
vn -0.269814 -0.459424 0.846245
vn -0.269814 -0.459424 0.846245
vn -0.269814 -0.459424 0.846245
vn -0.5064 -0.862299 -0
vn -0.5064 -0.862299 -0
vn -0.5064 -0.862299 -0
vn -0.5064 -0.862299 -0
vn -0.0094 -0.016101 -0.999826
vn -0.0094 -0.016101 -0.999826
vn -0.0094 -0.016101 -0.999826
vn -0.0089 -0.015401 -0.999842
vn -0.0089 -0.015401 -0.999842
vn -0.0089 -0.015401 -0.999842
vn 0.534109 0.002 0.845414
vn 0.534109 0.002 0.845414
vn 0.534109 0.002 0.845414
vn 0.546783 -0.0005 0.837274
vn 0.546783 -0.0005 0.837274
vn 0.546783 -0.0005 0.837274
vn 0.999993 0.0037 -0
vn 0.999993 0.0037 -0
vn 0.999993 0.0037 -0
vn 0.999993 0.0037 -0
vn 0.018601 -0 -0.999827
vn 0.018601 -0 -0.999827
vn 0.018601 -0 -0.999827
vn 0.0192 0.0001 -0.999816
vn 0.0192 0.0001 -0.999816
vn 0.0192 0.0001 -0.999816
vn -0.777266 -0.629172 -0
vn -0.777266 -0.629172 -0
vn -0.777266 -0.629172 -0
vn -0.777266 -0.629172 -0
vn -1 0.0009 -0
vn -1 0.0009 -0
vn -1 0.0009 -0
vn -1 0.0009 -0
vn -0.7791 0.6269 -0
vn -0.7791 0.6269 -0
vn -0.7791 0.6269 -0
vn -0.7791 0.6269 -0
vn -0.151103 0.988518 -0
vn -0.151103 0.988518 -0
vn -0.151103 0.988518 -0
vn -0.151103 0.988518 -0
vn 0.500398 0.865796 -0
vn 0.500398 0.865796 -0
vn 0.500398 0.865796 -0
vn 0.500398 0.865796 -0
vn 0.933072 0.359689 -0
vn 0.933072 0.359689 -0
vn 0.933072 0.359689 -0
vn 0.933072 0.359689 -0
vn 0.257501 0.445401 -0.857503
vn 0.257501 0.445401 -0.857503
vn 0.257501 0.445401 -0.857503
vn 0.269814 0.459424 -0.846245
vn 0.269814 0.459424 -0.846245
vn 0.269814 0.459424 -0.846245
vn 0.5064 0.862299 -0
vn 0.5064 0.862299 -0
vn 0.5064 0.862299 -0
vn 0.5064 0.862299 -0
vn 0.0094 0.016101 0.999826
vn 0.0094 0.016101 0.999826
vn 0.0094 0.016101 0.999826
vn 0.0089 0.015401 0.999842
vn 0.0089 0.015401 0.999842
vn 0.0089 0.015401 0.999842
vn -0.534109 -0.002 -0.845414
vn -0.534109 -0.002 -0.845414
vn -0.534109 -0.002 -0.845414
vn -0.546783 0.0005 -0.837274
vn -0.546783 0.0005 -0.837274
vn -0.546783 0.0005 -0.837274
vn -0.999993 -0.0037 0
vn -0.999993 -0.0037 0
vn -0.999993 -0.0037 0
vn -0.999993 -0.0037 0
vn -0.0186 0 0.999827
vn -0.0186 0 0.999827
vn -0.0186 0 0.999827
vn -0.0192 -0.0001 0.999816
vn -0.0192 -0.0001 0.999816
vn -0.0192 -0.0001 0.999816
vn 0.777266 0.629172 -0
vn 0.777266 0.629172 -0
vn 0.777266 0.629172 -0
vn 0.777266 0.629172 -0
vn 1 -0.0009 -0
vn 1 -0.0009 -0
vn 1 -0.0009 -0
vn 1 -0.0009 -0
vn 0.7791 -0.6269 0
vn 0.7791 -0.6269 0
vn 0.7791 -0.6269 0
vn 0.7791 -0.6269 0
vn 0.151103 -0.988518 0
vn 0.151103 -0.988518 0
vn 0.151103 -0.988518 0
vn 0.151103 -0.988518 0
vn -0.500398 -0.865796 0
vn -0.500398 -0.865796 0
vn -0.500398 -0.865796 0
vn -0.500398 -0.865796 0
vn -0.933072 -0.359689 0
vn -0.933072 -0.359689 0
vn -0.933072 -0.359689 0
vn -0.933072 -0.359689 0
vn -0.050399 0.946785 0.317895
vn 0.2581 0.889101 -0.378
vn 0.2581 0.889101 -0.378
vn -0.059 0.9437 0.3255
vn -0.050399 0.946785 0.317895
vn -0.329602 0.452703 0.828506
vn 0.592694 0.352297 0.724293
vn 0.592694 0.352297 0.724293
vn 0.592694 0.352297 0.724293
vn -0.059 0.9437 0.3255
vn -0.253897 0.914088 0.316196
vn -0.253897 0.914088 0.316196
vn -0.448588 0.436888 0.779678
vn -0.448588 0.436888 0.779678
vn -0.448588 0.436888 0.779678
vn 0.249588 0.911655 0.326484
vn 0.730407 0.615106 0.296903
vn 0.474602 0.839203 0.265501
vn 0.730407 0.615106 0.296903
vn 0.977481 0.121698 0.172397
vn -0.396697 0.905194 0.152499
vn 0.474602 0.839203 0.265501
vn -0.396697 0.905194 0.152499
vn 0.133902 0.920212 -0.367805
vn 0.133902 0.920212 -0.367805
vn 0.061499 0.242994 -0.968076
vn 0.061499 0.242994 -0.968076
vn 0.061499 0.242994 -0.968076
vn -0.573719 -0.504516 -0.645221
vn -0.573719 -0.504516 -0.645221
vn -0.573719 -0.504516 -0.645221
vn -0.984002 0.0873 0.1553
vn -0.984002 0.0873 0.1553
vn -0.984002 0.0873 0.1553
vn -0.954319 0.0105 0.298606
vn -0.954319 0.0105 0.298606
vn -0.954319 0.0105 0.298606
vn 0.31959 0.351689 0.879873
vn 0.31959 0.351689 0.879873
vn 0.31959 0.351689 0.879873
vn 0.723312 0.121702 0.679712
vn 0.723312 0.121702 0.679712
vn 0.723312 0.121702 0.679712
vn -0.084299 0.678991 0.729291
vn -0.084299 0.678991 0.729291
vn -0.084299 0.678991 0.729291
vn 0.675317 -0.511313 0.531513
vn 0.675317 -0.511313 0.531513
vn 0.675317 -0.511313 0.531513
vn 0.862404 0.0914 -0.497902
vn 0.862404 0.0914 -0.497902
vn 0.862404 0.0914 -0.497902
vn 0.522607 -0.207203 -0.827012
vn 0.522607 -0.207203 -0.827012
vn 0.522607 -0.207203 -0.827012
vn -0.634219 0.769923 0.070602
vn -0.634219 0.769923 0.070602
vn -0.634219 0.769923 0.070602
vn -0.764802 0.0434 -0.642802
vn -0.764802 0.0434 -0.642802
vn -0.764802 0.0434 -0.642802
vn -0.498719 0.394215 0.771929
vn -0.498719 0.394215 0.771929
vn -0.498719 0.394215 0.771929
vn -0.935904 0.0735 -0.344502
vn -0.935904 0.0735 -0.344502
vn -0.935904 0.0735 -0.344502
vn 0 -0.056301 0.998414
vn 0 -0.056301 0.998414
vn 0 -0.056301 0.998414
vn -0.440883 0.369086 0.818168
vn -0.440883 0.369086 0.818168
vn -0.440883 0.369086 0.818168
vn 0.842664 0.534777 -0.062697
vn 0.842664 0.534777 -0.062697
vn 0.842664 0.534777 -0.062697
vn 0.584384 0.087198 -0.806778
vn 0.584384 0.087198 -0.806778
vn 0.584384 0.087198 -0.806778
vn 0.900317 0.402908 -0.164603
vn 0.900317 0.402908 -0.164603
vn 0.900317 0.402908 -0.164603
vn 0.833194 -0.132399 -0.536896
vn 0.833194 -0.132399 -0.536896
vn 0.833194 -0.132399 -0.536896
vn -0.341909 -0.030901 -0.939225
vn -0.341909 -0.030901 -0.939225
vn -0.341909 -0.030901 -0.939225
vn -0.876065 -0.399384 -0.270189
vn -0.876065 -0.399384 -0.270189
vn -0.876065 -0.399384 -0.270189
vn -0.3973 0.4768 0.784101
vn -0.3973 0.4768 0.784101
vn -0.3973 0.4768 0.784101
vn -0.886448 -0.028902 -0.461925
vn -0.886448 -0.028902 -0.461925
vn -0.886448 -0.028902 -0.461925
vn 0.068999 0.926588 0.369695
vn 0.474792 0.780287 -0.407093
vn 0.474792 0.780287 -0.407093
vn 0.17791 0.944952 0.274615
vn 0.068999 0.926588 0.369695
vn -0.391213 0.341412 0.854629
vn 0.19601 0.945447 0.260213
vn -0.179304 0.981624 -0.065302
vn -0.179304 0.981624 -0.065302
vn 0.390392 0.819883 0.418791
vn 0.19601 0.945447 0.260213
vn 0 0.688776 0.724975
vn 0.390392 0.819883 0.418791
vn 0.083205 0.877755 0.47183
vn 0.083205 0.877755 0.47183
vn 0.083205 0.877755 0.47183
vn 0.655902 0.693102 0.299001
vn 0.906909 0.389804 0.159902
vn 0.906909 0.389804 0.159902
vn 0.290608 0.875524 0.386011
vn 0.655902 0.693102 0.299001
vn 0.290608 0.875524 0.386011
vn 0.096601 0.959314 -0.265304
vn 0.096601 0.959314 -0.265304
vn 0.968927 0.238407 -0.065902
vn 0.968927 0.238407 -0.065902
vn 0.968927 0.238407 -0.065902
vn 0.778713 0.61741 0.111402
vn 0.778713 0.61741 0.111402
vn 0.778713 0.61741 0.111402
vn -0.331708 0.387509 -0.86012
vn -0.331708 0.387509 -0.86012
vn -0.331708 0.387509 -0.86012
vn 0.472011 0.676816 -0.564913
vn 0.472011 0.676816 -0.564913
vn 0.472011 0.676816 -0.564913
vn -0.715783 0.555487 -0.42319
vn -0.715783 0.555487 -0.42319
vn -0.715783 0.555487 -0.42319
vn -0.955256 0.246289 0.163793
vn -0.955256 0.246289 0.163793
vn -0.955256 0.246289 0.163793
vn 0.305997 0.0215 -0.95179
vn 0.305997 0.0215 -0.95179
vn 0.305997 0.0215 -0.95179
vn 0.455625 0.55063 -0.699438
vn 0.455625 0.55063 -0.699438
vn 0.455625 0.55063 -0.699438
vn -0.97838 -0.114098 0.172496
vn -0.97838 -0.114098 0.172496
vn -0.97838 -0.114098 0.172496
vn -0.928943 0.150807 -0.338116
vn -0.928943 0.150807 -0.338116
vn -0.928943 0.150807 -0.338116
vn -0.553813 0.507612 0.660016
vn -0.553813 0.507612 0.660016
vn -0.553813 0.507612 0.660016
vn -0.0718 0.393301 0.916602
vn -0.0718 0.393301 0.916602
vn -0.0718 0.393301 0.916602
vn -0.0013 0.738286 0.674487
vn -0.0013 0.738286 0.674487
vn -0.0013 0.738286 0.674487
vn 0.0681 0.679504 0.730504
vn 0.0681 0.679504 0.730504
vn 0.0681 0.679504 0.730504
vn 0.865777 0.023299 -0.499887
vn 0.865777 0.023299 -0.499887
vn 0.865777 0.023299 -0.499887
vn 0.904258 0.390682 0.172292
vn 0.904258 0.390682 0.172292
vn 0.904258 0.390682 0.172292
vn -0.833526 -0.187706 -0.519616
vn -0.833526 -0.187706 -0.519616
vn -0.833526 -0.187706 -0.519616
vn -0.333485 0.160693 -0.928959
vn -0.333485 0.160693 -0.928959
vn -0.333485 0.160693 -0.928959
vn -0.815676 0.319791 0.482086
vn -0.815676 0.319791 0.482086
vn -0.815676 0.319791 0.482086
vn -0.638695 0.734594 0.228998
vn -0.638695 0.734594 0.228998
vn -0.638695 0.734594 0.228998
vn 0.630808 -0.192002 0.751809
vn 0.630808 -0.192002 0.751809
vn 0.630808 -0.192002 0.751809
vn 0.166397 0.286295 0.943582
vn 0.166397 0.286295 0.943582
vn 0.166397 0.286295 0.943582
vn 0.395295 0.068599 -0.915989
vn 0.395295 0.068599 -0.915989
vn 0.395295 0.068599 -0.915989
vn 0.824 0.3427 -0.4512
vn 0.824 0.3427 -0.4512
vn 0.824 0.3427 -0.4512
vn 0.5486 0.8322 0.0805
vn 0.99525 0.076896 0.059697
vn 0.99525 0.076896 0.059697
vn -0.039102 0.998043 0.048802
vn 0.5486 0.8322 0.0805
vn -0.3206 0.946399 0.0393
vn 0.340485 0.633972 0.69437
vn 0.340485 0.633972 0.69437
vn 0.340485 0.633972 0.69437
vn -0.076401 0.952313 0.295404
vn -0.076401 0.952313 0.295404
vn -0.070999 0.559493 0.825789
vn -0.070999 0.559493 0.825789
vn -0.070999 0.559493 0.825789
vn 0.273403 0.95121 0.143002
vn 0.736726 0.672824 -0.067402
vn 0.5475 0.836599 -0.0186
vn 0.736726 0.672824 -0.067402
vn 0.952207 0.168001 -0.255102
vn -0.222203 0.947411 0.230303
vn 0.5475 0.836599 -0.0186
vn -0.222203 0.947411 0.230303
vn -0.025501 0.956228 -0.291509
vn -0.025501 0.956228 -0.291509
vn -0.568801 0.0675 -0.819701
vn -0.568801 0.0675 -0.819701
vn -0.568801 0.0675 -0.819701
vn -0.178001 -0.0732 -0.981304
vn -0.178001 -0.0732 -0.981304
vn -0.178001 -0.0732 -0.981304
vn -0.889228 0.269008 0.370012
vn -0.889228 0.269008 0.370012
vn -0.889228 0.269008 0.370012
vn -0.141204 -0.169705 0.975327
vn -0.141204 -0.169705 0.975327
vn -0.141204 -0.169705 0.975327
vn 0.614876 0.51508 0.597177
vn 0.614876 0.51508 0.597177
vn 0.614876 0.51508 0.597177
vn 0.611907 0.479106 0.629307
vn 0.611907 0.479106 0.629307
vn 0.611907 0.479106 0.629307
vn 0.377609 0.780319 0.498512
vn 0.377609 0.780319 0.498512
vn 0.377609 0.780319 0.498512
vn 0.163606 0.712027 0.682826
vn 0.163606 0.712027 0.682826
vn 0.163606 0.712027 0.682826
vn 0.568977 0.126495 -0.812567
vn 0.568977 0.126495 -0.812567
vn 0.568977 0.126495 -0.812567
vn 0.121702 -0.282504 -0.951515
vn 0.121702 -0.282504 -0.951515
vn 0.121702 -0.282504 -0.951515
vn -0.806729 0.479817 -0.344912
vn -0.806729 0.479817 -0.344912
vn -0.806729 0.479817 -0.344912
vn -0.972078 -0.0223 0.233595
vn -0.972078 -0.0223 0.233595
vn -0.972078 -0.0223 0.233595
vn -0.777271 0.589078 0.220992
vn -0.777271 0.589078 0.220992
vn -0.777271 0.589078 0.220992
vn -0.657666 -0.658266 0.366281
vn -0.657666 -0.658266 0.366281
vn -0.657666 -0.658266 0.366281
vn 0.42132 -0.078104 0.903543
vn 0.42132 -0.078104 0.903543
vn 0.42132 -0.078104 0.903543
vn -0.050699 0.483294 0.873989
vn -0.050699 0.483294 0.873989
vn -0.050699 0.483294 0.873989
vn 0.65509 0.66049 -0.366894
vn 0.65509 0.66049 -0.366894
vn 0.65509 0.66049 -0.366894
vn 0.188005 0.120703 -0.974723
vn 0.188005 0.120703 -0.974723
vn 0.188005 0.120703 -0.974723
vn 0.701228 0.51422 -0.493819
vn 0.701228 0.51422 -0.493819
vn 0.701228 0.51422 -0.493819
vn 0.521384 -0.113996 -0.845674
vn 0.521384 -0.113996 -0.845674
vn 0.521384 -0.113996 -0.845674
vn -0.706052 -0.054596 -0.706052
vn -0.706052 -0.054596 -0.706052
vn -0.706052 -0.054596 -0.706052
vn -0.853374 -0.508884 0.113096
vn -0.853374 -0.508884 0.113096
vn -0.853374 -0.508884 0.113096
vn -0.467678 0.162892 0.86876
vn -0.467678 0.162892 0.86876
vn -0.467678 0.162892 0.86876
vn -0.524002 0.186701 0.831003
vn -0.524002 0.186701 0.831003
vn -0.524002 0.186701 0.831003
vt 0.1441 0
vt 1 0
vt 1 0.6304
vt 0.1441 0
vt 1 0.6304
vt 0.1441 0.6304
vt 0.1441 0
vt 1 0
vt 1 0.6304
vt 0.1441 0.6304
vt 1 0.6304
vt 0.1441 0.6304
vt 0.1441 0
vt 1 0.6304
vt 0.1441 0
vt 1 0
vt 1 0.6304
vt 0.1441 0.6304
vt 0.1441 0
vt 1 0.6304
vt 0.1441 0
vt 1 0
vt 1 0.6304
vt 0.1441 0.6304
vt 0.1441 0
vt 1 0
vt 1 0.6304
vt 0.1441 0.6304
vt 0.1441 0
vt 1 0.6304
vt 0.1441 0
vt 1 0
vt 1 0.6304
vt 0.1441 0.6304
vt 0.1441 0
vt 1 0
vt 1 0.6304
vt 0.1441 0.6304
vt 0.1441 0
vt 1 0
vt 1 0.6304
vt 0.1441 0.6304
vt 0.1441 0
vt 1 0
vt 1 0.6304
vt 0.1441 0.6304
vt 0.1441 0
vt 1 0
vt 0.1441 0
vt 1 0
vt 1 0.6304
vt 0.1441 0.6304
vt 1 0.6304
vt 0.1441 0.6304
vt 0.1441 0
vt 1 0
vt 0.1441 0
vt 1 0.6304
vt 1 0
vt 0.1441 0
vt 0.1441 0.6304
vt 1 0.6304
vt 0.1441 0
vt 1 0.6304
vt 1 0
vt 0.1441 0.6304
vt 1 0.6304
vt 0.1441 0
vt 0.1441 0.6304
vt 1 0.6304
vt 1 0
vt 0.1441 0
vt 1 0.6304
vt 0.1441 0
vt 0.1441 0.6304
vt 1 0.6304
vt 1 0
vt 0.1441 0
vt 1 0.6304
vt 0.1441 0
vt 0.1441 0.6304
vt 1 0
vt 1 0.6304
vt 0.1441 0
vt 0.1441 0.6304
vt 1 0.6304
vt 1 0
vt 0.1441 0
vt 1 0.6304
vt 0.1441 0
vt 0.1441 0.6304
vt 1 0
vt 1 0.6304
vt 0.1441 0
vt 0.1441 0.6304
vt 1 0
vt 1 0.6304
vt 0.1441 0
vt 0.1441 0.6304
vt 1 0
vt 1 0.6304
vt 0.1441 0
vt 0.1441 0.6304
vt 1 0
vt 0.1441 0
vt 1 0.6304
vt 1 0
vt 0.1441 0.6304
vt 1 0.6304
vt 0.1441 0
vt 0.1441 0.6304
vt 1 0
vt 0.3533 0.966
vt 0.8441 0.9757
vt 0.8915 0.1133
vt 0.8915 0.1133
vt 0.4855 0.1109
vt 0.3533 0.966
vt 0.3533 0.966
vt 0.8441 0.9757
vt 0.8915 0.1133
vt 0.3533 0.966
vt 0.8441 0.9757
vt 0.8915 0.1133
vt 0.3533 0.966
vt 0.8441 0.9757
vt 0.8915 0.1133
vt 0.8441 0.9757
vt 0.8915 0.1133
vt 0.3533 0.966
vt 0.8441 0.9757
vt 0.8915 0.1133
vt 0.3533 0.966
vt 0.8441 0.9757
vt 0.8915 0.1133
vt 0.4855 0.1109
vt 0.3533 0.966
vt 0.3533 0.966
vt 0.8441 0.9757
vt 0.8915 0.1133
vt 0.8915 0.1133
vt 0.4855 0.1109
vt 0.3533 0.966
vt 0.3533 0.966
vt 0.8441 0.9757
vt 0.8915 0.1133
vt 0.8915 0.1133
vt 0.4855 0.1109
vt 0.3533 0.966
vt 0.3533 0.966
vt 0.8441 0.9757
vt 0.8915 0.1133
vt 0.8915 0.1133
vt 0.4855 0.1109
vt 0.3533 0.966
vt 0.3533 0.966
vt 0.8441 0.9757
vt 0.8915 0.1133
vt 0.8915 0.1133
vt 0.4855 0.1109
vt 0.3533 0.966
vt 0.3533 0.966
vt 0.8441 0.9757
vt 0.8915 0.1133
vt 0.8915 0.1133
vt 0.4855 0.1109
vt 0.3533 0.966
vt 0.3533 0.966
vt 0.8441 0.9757
vt 0.8915 0.1133
vt 0.8915 0.1133
vt 0.4855 0.1109
vt 0.3533 0.966
vt 0.3533 0.966
vt 0.8441 0.9757
vt 0.8915 0.1133
vt 0.8915 0.1133
vt 0.4855 0.1109
vt 0.3533 0.966
vt 0.3533 0.966
vt 0.8441 0.9757
vt 0.8915 0.1133
vt 0.8915 0.1133
vt 0.4855 0.1109
vt 0.3533 0.966
vt 0.3533 0.966
vt 0.8441 0.9757
vt 0.8915 0.1133
vt 0.8915 0.1133
vt 0.4855 0.1109
vt 0.3533 0.966
vt 0.3533 0.966
vt 0.8441 0.9757
vt 0.8915 0.1133
vt 0.8915 0.1133
vt 0.4855 0.1109
vt 0.3533 0.966
vt 0.3533 0.966
vt 0.8441 0.9757
vt 0.8915 0.1133
vt 0.8915 0.1133
vt 0.4855 0.1109
vt 0.3533 0.966
vt 0.3533 0.966
vt 0.8441 0.9757
vt 0.8915 0.1133
vt 0.8915 0.1133
vt 0.4855 0.1109
vt 0.3533 0.966
vt 0.3533 0.966
vt 0.8441 0.9757
vt 0.8915 0.1133
vt 0.8915 0.1133
vt 0.4855 0.1109
vt 0.3533 0.966
vt 0.3533 0.966
vt 0.8441 0.9757
vt 0.8915 0.1133
vt 0.8915 0.1133
vt 0.4855 0.1109
vt 0.3533 0.966
vt 0.3533 0.966
vt 0.3533 0.966
vt 0.8441 0.9757
vt 0.8915 0.1133
vt 0.3533 0.966
vt 0.8441 0.9757
vt 0.8915 0.1133
vt 0.3533 0.966
vt 0.8441 0.9757
vt 0.8915 0.1133
vt 0.4855 0.1109
vt 0.3533 0.966
vt 0.3533 0.966
vt 0.8441 0.9757
vt 0.8915 0.1133
vt 0.8915 0.1133
vt 0.4855 0.1109
vt 0.3533 0.966
vt 0.3533 0.966
vt 0.8441 0.9757
vt 0.8915 0.1133
vt 0.8915 0.1133
vt 0.4855 0.1109
vt 0.3533 0.966
vt 0.3533 0.966
vt 0.8441 0.9757
vt 0.8915 0.1133
vt 0.8915 0.1133
vt 0.4855 0.1109
vt 0.3533 0.966
vt 0.3533 0.966
vt 0.8441 0.9757
vt 0.8915 0.1133
vt 0.8915 0.1133
vt 0.4855 0.1109
vt 0.3533 0.966
vt 0.3533 0.966
vt 0.8441 0.9757
vt 0.8915 0.1133
vt 0.8915 0.1133
vt 0.4855 0.1109
vt 0.3533 0.966
vt 0.3533 0.966
vt 0.8441 0.9757
vt 0.8915 0.1133
vt 0.8915 0.1133
vt 0.4855 0.1109
vt 0.3533 0.966
vt 0.3533 0.966
vt 0.8441 0.9757
vt 0.8915 0.1133
vt 0.8915 0.1133
vt 0.4855 0.1109
vt 0.3533 0.966
vt 0.3533 0.966
vt 0.8441 0.9757
vt 0.8915 0.1133
vt 0.8915 0.1133
vt 0.4855 0.1109
vt 0.3533 0.966
vt 0.3533 0.966
vt 0.8441 0.9757
vt 0.8915 0.1133
vt 0.8915 0.1133
vt 0.4855 0.1109
vt 0.3533 0.966
vt 0.3533 0.966
vt 0.8441 0.9757
vt 0.8915 0.1133
vt 0.8915 0.1133
vt 0.4855 0.1109
vt 0.3533 0.966
vt 0.3533 0.966
vt 0.8441 0.9757
vt 0.8915 0.1133
vt 0.8915 0.1133
vt 0.4855 0.1109
vt 0.3533 0.966
vt 0.3533 0.966
vt 0.8441 0.9757
vt 0.8915 0.1133
vt 0.8915 0.1133
vt 0.4855 0.1109
vt 0.3533 0.966
vt 0.3533 0.966
vt 0.8441 0.9757
vt 0.8915 0.1133
vt 0.3533 0.966
vt 0.8441 0.9757
vt 0.8915 0.1133
vt 0.3533 0.966
vt 0.8441 0.9757
vt 0.8915 0.1133
vt 0.8441 0.9757
vt 0.8915 0.1133
vt 0.3533 0.966
vt 0.8441 0.9757
vt 0.8915 0.1133
vt 0.8441 0.9757
vt 0.8915 0.1133
vt 0.3533 0.966
vt 0.8441 0.9757
vt 0.8915 0.1133
vt 0.3533 0.966
vt 0.8441 0.9757
vt 0.8915 0.1133
vt 0.8441 0.9757
vt 0.8915 0.1133
vt 0.3533 0.966
vt 0.8441 0.9757
vt 0.8915 0.1133
vt 0.8915 0.1133
vt 0.4855 0.1109
vt 0.3533 0.966
vt 0.8915 0.1133
vt 0.4855 0.1109
vt 0.3533 0.966
vt 0.8915 0.1133
vt 0.4855 0.1109
vt 0.3533 0.966
vt 0.3533 0.966
vt 0.8441 0.9757
vt 0.8915 0.1133
vt 0.3533 0.966
vt 0.8441 0.9757
vt 0.8915 0.1133
vt 0.3533 0.966
vt 0.8441 0.9757
vt 0.8915 0.1133
vt 0.8915 0.1133
vt 0.4855 0.1109
vt 0.3533 0.966
vt 0.8915 0.1133
vt 0.4855 0.1109
vt 0.3533 0.966
vt 0.8915 0.1133
vt 0.4855 0.1109
vt 0.3533 0.966
vt 0.3533 0.966
vt 0.8441 0.9757
vt 0.8915 0.1133
vt 0.3533 0.966
vt 0.8441 0.9757
vt 0.8915 0.1133
vt 0.3533 0.966
vt 0.8441 0.9757
vt 0.8915 0.1133
vt 0.8915 0.1133
vt 0.4855 0.1109
vt 0.3533 0.966
vt 0.8915 0.1133
vt 0.4855 0.1109
vt 0.3533 0.966
vt 0.8915 0.1133
vt 0.4855 0.1109
vt 0.3533 0.966
vt 0.3533 0.966
vt 0.8441 0.9757
vt 0.8915 0.1133
vt 0.3533 0.966
vt 0.8441 0.9757
vt 0.8915 0.1133
vt 0.8915 0.1133
vt 0.4855 0.1109
vt 0.3533 0.966
vt 0.3533 0.966
vt 0.8441 0.9757
vt 0.8915 0.1133
vt 0.8915 0.1133
vt 0.4855 0.1109
vt 0.3533 0.966
vt 0.3533 0.966
vt 0.8441 0.9757
vt 0.8915 0.1133
vt 0.8915 0.1133
vt 0.4855 0.1109
vt 0.3533 0.966
vt 0.3533 0.966
vt 0.8441 0.9757
vt 0.8915 0.1133
f 1407/1407/1407 1409/1409/1409 1408/1408/1408
f 1410/1410/1410 1412/1412/1412 1411/1411/1411
f 1413/1413/1413 1415/1415/1415 1414/1414/1414
f 1413/1413/1413 1416/1416/1416 1415/1415/1415
f 1417/1417/1417 1419/1419/1419 1418/1418/1418
f 1420/1420/1420 1422/1422/1422 1421/1421/1421
f 1423/1423/1423 1425/1425/1425 1424/1424/1424
f 1426/1426/1426 1428/1428/1428 1427/1427/1427
f 1429/1429/1429 1431/1431/1431 1430/1430/1430
f 1429/1429/1429 1432/1432/1432 1431/1431/1431
f 1433/1433/1433 1435/1435/1435 1434/1434/1434
f 1436/1436/1436 1438/1438/1438 1437/1437/1437
f 1439/1439/1439 1441/1441/1441 1440/1440/1440
f 1439/1439/1439 1442/1442/1442 1441/1441/1441
f 1443/1443/1443 1445/1445/1445 1444/1444/1444
f 1443/1443/1443 1446/1446/1446 1445/1445/1445
f 1447/1447/1447 1449/1449/1449 1448/1448/1448
f 1447/1447/1447 1450/1450/1450 1449/1449/1449
f 1451/1451/1451 1453/1453/1453 1452/1452/1452
f 1451/1451/1451 1454/1454/1454 1453/1453/1453
f 1455/1455/1455 1457/1457/1457 1456/1456/1456
f 1455/1455/1455 1458/1458/1458 1457/1457/1457
f 1459/1459/1459 1461/1461/1461 1460/1460/1460
f 1459/1459/1459 1462/1462/1462 1461/1461/1461
f 1463/1463/1463 1465/1465/1465 1464/1464/1464
f 1466/1466/1466 1468/1468/1468 1467/1467/1467
f 1469/1469/1469 1471/1471/1471 1470/1470/1470
f 1469/1469/1469 1470/1470/1470 1472/1472/1472
f 1473/1473/1473 1475/1475/1475 1474/1474/1474
f 1476/1476/1476 1478/1478/1478 1477/1477/1477
f 1479/1479/1479 1481/1481/1481 1480/1480/1480
f 1482/1482/1482 1484/1484/1484 1483/1483/1483
f 1485/1485/1485 1487/1487/1487 1486/1486/1486
f 1485/1485/1485 1486/1486/1486 1488/1488/1488
f 1489/1489/1489 1491/1491/1491 1490/1490/1490
f 1492/1492/1492 1494/1494/1494 1493/1493/1493
f 1495/1495/1495 1497/1497/1497 1496/1496/1496
f 1495/1495/1495 1496/1496/1496 1498/1498/1498
f 1499/1499/1499 1501/1501/1501 1500/1500/1500
f 1499/1499/1499 1500/1500/1500 1502/1502/1502
f 1503/1503/1503 1505/1505/1505 1504/1504/1504
f 1503/1503/1503 1504/1504/1504 1506/1506/1506
f 1507/1507/1507 1509/1509/1509 1508/1508/1508
f 1507/1507/1507 1508/1508/1508 1510/1510/1510
f 1511/1511/1511 1513/1513/1513 1512/1512/1512
f 1511/1511/1511 1512/1512/1512 1514/1514/1514
f 1515/1515/1515 1517/1517/1517 1516/1516/1516
f 1515/1515/1515 1516/1516/1516 1518/1518/1518
f 1519/1519/1519 1521/1521/1521 1520/1520/1520
f 1522/1522/1522 1524/1524/1524 1523/1523/1523
f 1525/1525/1525 1527/1527/1527 1526/1526/1526
f 1528/1528/1528 1530/1530/1530 1529/1529/1529
f 1531/1531/1531 1533/1533/1533 1532/1532/1532
f 1528/1528/1528 1535/1535/1535 1534/1534/1534
f 1536/1536/1536 1538/1538/1538 1537/1537/1537
f 1539/1539/1539 1541/1541/1541 1540/1540/1540
f 1522/1522/1522 1543/1543/1543 1542/1542/1542
f 1544/1544/1544 1546/1546/1546 1545/1545/1545
f 1547/1547/1547 1549/1549/1549 1548/1548/1548
f 1550/1550/1550 1552/1552/1552 1551/1551/1551
f 1553/1553/1553 1555/1555/1555 1554/1554/1554
f 1556/1556/1556 1558/1558/1558 1557/1557/1557
f 1559/1559/1559 1561/1561/1561 1560/1560/1560
f 1562/1562/1562 1564/1564/1564 1563/1563/1563
f 1565/1565/1565 1567/1567/1567 1566/1566/1566
f 1568/1568/1568 1570/1570/1570 1569/1569/1569
f 1571/1571/1571 1573/1573/1573 1572/1572/1572
f 1574/1574/1574 1576/1576/1576 1575/1575/1575
f 1577/1577/1577 1579/1579/1579 1578/1578/1578
f 1580/1580/1580 1582/1582/1582 1581/1581/1581
f 1583/1583/1583 1585/1585/1585 1584/1584/1584
f 1586/1586/1586 1588/1588/1588 1587/1587/1587
f 1589/1589/1589 1591/1591/1591 1590/1590/1590
f 1592/1592/1592 1594/1594/1594 1593/1593/1593
f 1595/1595/1595 1597/1597/1597 1596/1596/1596
f 1598/1598/1598 1600/1600/1600 1599/1599/1599
f 1601/1601/1601 1603/1603/1603 1602/1602/1602
f 1604/1604/1604 1606/1606/1606 1605/1605/1605
f 1607/1607/1607 1609/1609/1609 1608/1608/1608
f 1610/1610/1610 1612/1612/1612 1611/1611/1611
f 1613/1613/1613 1615/1615/1615 1614/1614/1614
f 1616/1616/1616 1618/1618/1618 1617/1617/1617
f 1619/1619/1619 1621/1621/1621 1620/1620/1620
f 1622/1622/1622 1624/1624/1624 1623/1623/1623
f 1625/1625/1625 1627/1627/1627 1626/1626/1626
f 1619/1619/1619 1628/1628/1628 1626/1626/1626
f 1629/1629/1629 1631/1631/1631 1630/1630/1630
f 1632/1632/1632 1634/1634/1634 1633/1633/1633
f 1635/1635/1635 1637/1637/1637 1636/1636/1636
f 1619/1619/1619 1639/1639/1639 1638/1638/1638
f 1640/1640/1640 1642/1642/1642 1641/1641/1641
f 1643/1643/1643 1645/1645/1645 1644/1644/1644
f 1646/1646/1646 1648/1648/1648 1647/1647/1647
f 1649/1649/1649 1651/1651/1651 1650/1650/1650
f 1652/1652/1652 1654/1654/1654 1653/1653/1653
f 1655/1655/1655 1657/1657/1657 1656/1656/1656
f 1658/1658/1658 1660/1660/1660 1659/1659/1659
f 1661/1661/1661 1663/1663/1663 1662/1662/1662
f 1664/1664/1664 1666/1666/1666 1665/1665/1665
f 1667/1667/1667 1669/1669/1669 1668/1668/1668
f 1670/1670/1670 1672/1672/1672 1671/1671/1671
f 1673/1673/1673 1675/1675/1675 1674/1674/1674
f 1676/1676/1676 1678/1678/1678 1677/1677/1677
f 1679/1679/1679 1681/1681/1681 1680/1680/1680
f 1682/1682/1682 1684/1684/1684 1683/1683/1683
f 1685/1685/1685 1687/1687/1687 1686/1686/1686
f 1688/1688/1688 1690/1690/1690 1689/1689/1689
f 1691/1691/1691 1693/1693/1693 1692/1692/1692
f 1694/1694/1694 1696/1696/1696 1695/1695/1695
f 1697/1697/1697 1699/1699/1699 1698/1698/1698
f 1700/1700/1700 1702/1702/1702 1701/1701/1701
f 1703/1703/1703 1705/1705/1705 1704/1704/1704
f 1706/1706/1706 1708/1708/1708 1707/1707/1707
f 1709/1709/1709 1711/1711/1711 1710/1710/1710
f 1712/1712/1712 1714/1714/1714 1713/1713/1713
f 1715/1715/1715 1717/1717/1717 1716/1716/1716
f 1718/1718/1718 1720/1720/1720 1719/1719/1719
f 1715/1715/1715 1722/1722/1722 1721/1721/1721
f 1723/1723/1723 1725/1725/1725 1724/1724/1724
f 1715/1715/1715 1727/1727/1727 1726/1726/1726
f 1728/1728/1728 1730/1730/1730 1729/1729/1729
f 1731/1731/1731 1733/1733/1733 1732/1732/1732
f 1715/1715/1715 1735/1735/1735 1734/1734/1734
f 1736/1736/1736 1738/1738/1738 1737/1737/1737
f 1739/1739/1739 1741/1741/1741 1740/1740/1740
f 1742/1742/1742 1744/1744/1744 1743/1743/1743
f 1745/1745/1745 1747/1747/1747 1746/1746/1746
f 1748/1748/1748 1750/1750/1750 1749/1749/1749
f 1751/1751/1751 1753/1753/1753 1752/1752/1752
f 1754/1754/1754 1756/1756/1756 1755/1755/1755
f 1757/1757/1757 1759/1759/1759 1758/1758/1758
f 1760/1760/1760 1762/1762/1762 1761/1761/1761
f 1763/1763/1763 1765/1765/1765 1764/1764/1764
f 1766/1766/1766 1768/1768/1768 1767/1767/1767
f 1769/1769/1769 1771/1771/1771 1770/1770/1770
f 1772/1772/1772 1774/1774/1774 1773/1773/1773
f 1775/1775/1775 1777/1777/1777 1776/1776/1776
f 1778/1778/1778 1780/1780/1780 1779/1779/1779
f 1781/1781/1781 1783/1783/1783 1782/1782/1782
f 1784/1784/1784 1786/1786/1786 1785/1785/1785
f 1787/1787/1787 1789/1789/1789 1788/1788/1788
f 1790/1790/1790 1792/1792/1792 1791/1791/1791
f 1793/1793/1793 1795/1795/1795 1794/1794/1794
f 1796/1796/1796 1798/1798/1798 1797/1797/1797
f 1799/1799/1799 1801/1801/1801 1800/1800/1800
f 1802/1802/1802 1804/1804/1804 1803/1803/1803
f 1805/1805/1805 1807/1807/1807 1806/1806/1806

g ob3
# texture: ob3.jpg
v 126.5694 112.833 86.9936
v 125.5226 105.4987 86.9936
v 119.2197 106.5077 77.2633
v 119.381 115.9795 77.15851
v 118.1828 123.2847 81.20141
v 118.1828 125.3636 86.99361
v 125.5226 105.4987 86.9936
v 109.6543 102.9279 86.9936
v 109.6543 109.3011 73.8897
v 119.2197 106.5077 77.2633
v 107.758 113.9178 74.4143
v 119.381 115.9795 77.15851
v 107.8629 125.9477 79.5493
v 118.1828 123.2847 81.20141
v 107.8629 129.7711 86.99361
v 118.1828 125.3636 86.99361
v 102.3613 101.1181 86.9936
v 99.3393 109.3582 74.9014
v 97.9214 116.7611 77.1585
v 101.5233 120.9571 79.4021
v 96.3449 122.9213 81.2014
v 93.9996 126.0153 86.9936
v 88.6563 121.8359 86.9936
v 107.1643 120.3039 59.85741
v 108.8791 132.7331 52.34581
v 107.2692 129.0141 60.91751
v 101.5233 120.9571 79.4021
v 107.8629 125.9477 79.5493
v 105.8236 128.111 70.98881
v 99.4841 119.1165 68.47211
v 105.8236 128.111 70.98881
v 107.758 113.9178 74.4143
v 105.7187 115.8813 67.68761
v 107.8629 125.9477 79.5493
v 107.758 113.9178 74.4143
v 105.7187 115.8813 67.68761
v 108.8791 132.7331 52.34581
v 107.1643 120.3039 59.85741
v 107.2692 129.0141 60.91751
v 97.8578 85.6545 86.99361
v 94.1337 99.3817 74.9014
v 83.4796 115.5267 86.9936
v 68.18 74.753 86.9936
v 66.9803 84.8952 86.9936
v 74.4434 90.8357 69.9495
v 70.7365 73.8011 74.3738
v 68.4183 111.8527 86.99359
v 77.6854 99.7429 68.225
v 89.9839 65.865 86.99361
v 85.9572 68.7819 74.3738
v 94.0397 83.258 69.9495
v 94.4696 75.1442 86.9936
v 97.8578 85.6545 86.99361
v 97.95601 99.61269 71.62831
v 97.85111 0.181602 57.62571
v 96.61171 7.300405 67.82061
v 108.3843 0.13251 69.42571
v 93.86011 83.31339 70.86
v 77.3193 69.267 70.0987
v 77.3193 69.267 70.0987
v 93.86011 83.31339 70.86
v 83.4796 115.5267 86.9936
v 87.96351 99.27919 65.6931
v 84.9165 89.23859 62.9711
v 84.81411 84.98789 66.4166
v 98.95071 91.14949 69.75481
v 98.99731 93.91209 66.46251
v 90.88931 95.10179 61.1613
v 87.96351 99.27919 65.6931
v 90.88931 95.10179 61.1613
v 98.10531 65.60469 59.2003
v 96.0161 65.16619 65.89861
v 103.1072 66.99969 59.01571
v 101.0225 66.59769 68.64621
v 106.8787 68.92429 64.756
v 103.1072 66.99969 59.01571
v 105.436 68.15118 68.1236
v 101.0225 66.59769 68.64621
v 105.5426 63.93549 60.8007
v 103.7394 60.86219 66.89161
v 103.1589 68.19939 59.4442
v 99.7332 64.28629 68.4009
v 103.1589 68.19939 59.4442
v 99.7332 64.28629 68.4009
v 119.7737 76.65408 68.44082
v 117.7296 74.96429 73.41241
v 117.7102 78.28549 67.89541
v 115.7863 75.9856 73.53551
v 116.7872 80.89539 69.15161
v 117.7102 78.28549 67.89541
v 115.2816 78.4408 73.99501
v 115.7863 75.9856 73.53551
v 68.5571 68.8846 74.3738
v 63.0047 71.1062 86.9936
v 85.4634 59.3889 86.9936
v 83.3649 61.5405 74.3758
v 76.2227 66.2249 72.0508
v 76.2227 66.2249 72.0508
v 66.8277 55.7259 70.88269
v 58.2281 51.9842 86.9936
v 75.5773 55.5083 67.4824
v 84.32701 55.7259 70.8827
v 75.5773 55.5083 67.4824
v 88.2887 48.5421 86.9936
v 73.43201 38.9998 74.68991
v 77.9808 52.309 63.8658
v 77.9808 52.309 63.8658
v 87.855 58.4148 73.6805
v 94.1337 99.3817 74.9014
v 83.4796 115.5267 86.9936
v 127.0328 79.12808 79.63311
v 123.3027 74.86659 76.95631
v 127.5548 77.69908 69.82131
v 130.8584 81.61729 75.49042
v 123.2572 84.49029 80.53181
v 126.2521 88.15909 76.58671
v 120.5993 87.57719 71.47671
v 117.6015 82.96339 78.3132
v 127.0328 79.12808 79.63311
v 130.8584 81.61729 75.49042
v 127.5548 77.69908 69.82131
v 119.7737 76.65408 68.44082
v 117.7296 74.96429 73.41241
v 123.3027 74.86659 76.95631
v 80.56142 0.146599 66.92401
v 83.36371 0.097603 77.42121
v 78.11752 0.869 72.15141
v 89.06952 25.5652 69.87061
v 91.42322 31.6166 63.59501
v 97.65011 35.5416 68.95251
v 75.5525 42.5992 86.9936
v 93.75421 31.36541 77.36571
v 91.42322 31.6166 63.59501
v 75.5525 42.5992 86.9936
v 93.75421 31.36541 77.36571
v 90.49681 28.7938 63.77721
v 98.22011 26.91581 68.21661
v 93.2271 27.61581 75.81701
v 90.49681 28.7938 63.77721
v 93.2271 27.61581 75.81701
v 87.05061 22.0692 63.58221
v 80.36541 26.5595 71.42421
v 89.62461 19.9701 76.25821
v 92.80901 19.7004 69.09641
v 87.05061 22.0692 63.58221
v 89.62461 19.9701 76.25821
v 78.38251 13.1279 72.01091
v 80.43001 8.927698 68.42611
v 82.1152 9.0161 74.75771
v 85.63061 9.547901 70.16692
v 80.43001 8.927698 68.42611
v 82.1152 9.0161 74.75771
v 85.63061 9.547901 70.16692
v 83.36371 0.097603 77.42121
v 80.56142 0.146599 66.92401
v 119.2196 106.5077 96.7239
v 119.381 115.9795 96.8287
v 118.1828 123.2847 92.7859
v 109.6543 109.3011 100.0975
v 119.2196 106.5077 96.7239
v 107.758 113.9178 99.573
v 119.381 115.9795 96.8287
v 118.1828 123.2847 92.7859
v 107.8629 125.9477 94.4379
v 99.3393 109.3582 99.0858
v 97.9214 116.7611 96.8287
v 101.5233 120.9571 94.5851
v 96.3449 122.9213 92.7859
v 107.1643 120.3039 114.1299
v 107.2692 129.0141 113.0697
v 108.8791 132.7331 121.6414
v 101.5233 120.9571 94.5851
v 105.8236 128.111 102.9984
v 107.8629 125.9477 94.4379
v 99.4841 119.1164 105.5151
v 105.8236 128.111 102.9984
v 105.7187 115.8813 106.2996
v 107.758 113.9178 99.573
v 107.8629 125.9477 94.4379
v 107.758 113.9178 99.573
v 105.7187 115.8813 106.2996
v 108.8791 132.7331 121.6414
v 107.1643 120.3039 114.1299
v 107.2692 129.0141 113.0697
v 94.1337 99.3817 99.0858
v 74.44349 90.8357 104.0378
v 70.7365 73.8011 99.6135
v 77.68539 99.7429 105.7623
v 94.0397 83.258 104.0378
v 85.9572 68.7819 99.6135
v 97.9462 99.6166 102.3605
v 97.8605 0.1816 116.3628
v 108.3937 0.132505 104.5628
v 96.6211 7.300402 106.1679
v 93.8502 83.3173 103.1289
v 77.3193 69.267 103.8886
v 77.3193 69.267 103.8886
v 93.8502 83.3173 103.1289
v 87.9536 99.2831 108.2957
v 84.9067 89.2425 111.0177
v 84.8042 84.9918 107.5723
v 98.9408 91.1534 104.2341
v 98.9874 93.916 107.5263
v 90.8794 95.1057 112.8275
v 87.9536 99.2831 108.2957
v 90.8794 95.1057 112.8275
v 98.0954 65.6086 114.7885
v 96.00621 65.1701 108.0902
v 103.0973 67.0036 114.9731
v 101.0126 66.6016 105.3426
v 106.8688 68.92821 109.2327
v 103.0973 67.0036 114.9731
v 105.4261 68.15509 105.8652
v 101.0126 66.6016 105.3426
v 105.5277 63.91991 113.1936
v 103.7244 60.8466 107.1027
v 103.1439 68.18391 114.5502
v 99.7182 64.27081 105.5935
v 103.1439 68.18391 114.5502
v 99.7182 64.27081 105.5935
v 119.7588 76.6385 105.5534
v 117.7146 74.94871 100.5818
v 117.6953 78.26991 106.0988
v 115.7714 75.97001 100.4587
v 116.7723 80.87991 104.8427
v 117.6953 78.26991 106.0988
v 115.2666 78.42531 99.99921
v 115.7714 75.97001 100.4587
v 68.5571 68.8846 99.6135
v 83.3649 61.5405 99.6115
v 76.2227 66.2249 101.9365
v 76.2227 66.2249 101.9365
v 66.8277 55.7259 103.1046
v 75.5773 55.5083 106.5049
v 84.327 55.7259 103.1046
v 75.5773 55.5083 106.5049
v 73.43891 38.998 99.2981
v 77.9877 52.3072 110.1222
v 77.9877 52.3072 110.1222
v 87.8619 58.413 100.3074
v 94.1337 99.3817 99.0858
v 127.0178 79.11261 94.361
v 127.5399 77.68351 104.1729
v 123.2877 74.85101 97.0379
v 130.8435 81.60171 98.5038
v 123.2421 84.47471 93.4625
v 120.5843 87.56171 102.5175
v 126.2371 88.14351 97.4075
v 117.5865 82.94791 95.6811
v 127.0178 79.11261 94.361
v 130.8435 81.60171 98.5038
v 127.5399 77.68351 104.1729
v 119.7588 76.6385 105.5534
v 117.7146 74.94871 100.5818
v 123.2877 74.85101 97.0379
v 80.5708 0.146597 107.0644
v 78.12691 0.868999 101.8371
v 83.37311 0.097599 96.5673
v 89.07631 25.5634 104.1173
v 91.43011 31.6148 110.393
v 97.65701 35.5399 105.0354
v 93.76111 31.3637 96.6223
v 91.43011 31.6148 110.393
v 93.76111 31.3637 96.6223
v 90.5056 28.7926 110.2112
v 98.2288 26.9146 105.7718
v 93.2359 27.6145 98.1714
v 90.5056 28.7926 110.2112
v 93.2359 27.6145 98.1714
v 87.0594 22.068 110.4061
v 80.3742 26.5582 102.5642
v 89.6333 19.9689 97.7301
v 92.8178 19.6992 104.8919
v 87.0594 22.068 110.4061
v 89.6333 19.9689 97.7301
v 78.3913 13.12659 101.9775
v 80.4388 8.926497 105.5622
v 82.12401 9.014898 99.23069
v 85.6394 9.5467 103.8215
v 80.4388 8.926497 105.5622
v 82.12401 9.014898 99.23069
v 85.6394 9.5467 103.8215
v 83.37311 0.097599 96.5673
v 80.5708 0.146597 107.0644
vn 0.971434 0.237308 0
vn 0.320005 -0.947416 -0
vn 0.541115 -0.233706 -0.807822
vn 0.492699 0.272 -0.826598
vn 0.548815 0.682418 -0.482813
vn 0.642002 0.766703 0
vn 0.320005 -0.947416 -0
vn 0.200595 -0.979674 -0
vn 0.062099 -0.708686 -0.702786
vn 0.541115 -0.233706 -0.807822
vn 0.202707 0.0033 -0.979234
vn 0.492699 0.272 -0.826598
vn 0.058203 0.749334 -0.65963
vn 0.548815 0.682418 -0.482813
vn 0.163199 0.986593 0
vn 0.642002 0.766703 0
vn 0.467892 -0.883786 -0
vn 0.183705 -0.201405 -0.962127
vn -0.361196 0.369196 -0.85629
vn -0.660606 0.520805 -0.540705
vn -0.35709 0.546685 -0.757379
vn -0.407502 0.913204 0
vn -0.756681 0.653784 -0
vn 0.987694 -0.035999 0.152199
vn -0.893831 0.090803 -0.439115
vn 0.336403 0.89181 0.302503
vn -0.660606 0.520805 -0.540705
vn 0.058203 0.749334 -0.65963
vn 0.652692 0.755891 0.051199
vn -0.989652 -0.091296 -0.110695
vn 0.652692 0.755891 0.051199
vn 0.202707 0.0033 -0.979234
vn 0.056701 -0.783016 -0.619412
vn 0.058203 0.749334 -0.65963
vn 0.202707 0.0033 -0.979234
vn 0.056701 -0.783016 -0.619412
vn -0.893831 0.090803 -0.439115
vn 0.987694 -0.035999 0.152199
vn 0.336403 0.89181 0.302503
vn 0.992689 -0.120699 0.0001
vn 0.232291 0.73157 -0.640973
vn -0.266906 0.963723 -0
vn -0.938973 0.34399 -0
vn -0.996851 0.079304 -0
vn -0.791783 -0.234995 -0.563788
vn -0.612406 0.114501 -0.782208
vn -0.792315 0.610112 -0
vn -0.525602 0.448502 -0.722903
vn 0.849115 -0.528209 0
vn 0.69979 -0.432694 -0.568392
vn 0.885375 -0.267093 -0.380489
vn 0.928429 -0.371511 0
vn 0.992689 -0.120699 0.0001
vn 0.814099 0.539899 0.2139
vn 0.052101 -0.157102 -0.986207
vn 0.280815 0.928251 -0.243914
vn 0.597529 0.521226 0.60933
vn -0.954997 -0.0083 0.296499
vn -0.187801 -0.0505 -0.980908
vn -0.187801 -0.0505 -0.980908
vn -0.954997 -0.0083 0.296499
vn -0.266906 0.963723 -0
vn 0.1937 0.834896 -0.515198
vn -0.474014 -0.112303 -0.873326
vn -0.764207 -0.642706 -0.054001
vn 0.501078 0.177692 0.846963
vn 0.851505 0.466402 -0.239601
vn 0.172798 0.433593 -0.884386
vn 0.1937 0.834896 -0.515198
vn 0.172798 0.433593 -0.884386
vn -0.478584 -0.667977 -0.569881
vn -0.585689 -0.722286 0.367793
vn -0.252994 -0.066498 -0.96518
vn -0.0965 -0.2021 0.974599
vn -0.332984 0.942855 0.012099
vn -0.252994 -0.066498 -0.96518
vn 0.1578 0.423802 0.891903
vn -0.0965 -0.2021 0.974599
vn 0.258598 -0.561695 -0.785892
vn 0.171905 -0.982927 0.065602
vn -0.626429 0.21641 -0.748835
vn -0.353489 0.062198 0.933369
vn -0.626429 0.21641 -0.748835
vn -0.353489 0.062198 0.933369
vn 0.576795 -0.494395 -0.650293
vn -0.047 -0.645995 0.761894
vn 0.418812 0.297308 -0.858024
vn -0.34139 0.034999 0.93927
vn -0.439992 0.691688 -0.572691
vn 0.418812 0.297308 -0.858024
vn -0.757324 0.222907 0.613819
vn -0.34139 0.034999 0.93927
vn -0.572093 0.409595 -0.710592
vn -0.884684 0.466191 -0
vn 0.974268 -0.225393 0
vn 0.794304 -0.0047 -0.607503
vn -0.043402 0.118205 -0.99204
vn -0.043402 0.118205 -0.99204
vn -0.703598 0.105 -0.702798
vn -0.897663 -0.440682 -0
vn -0.046001 0.523916 -0.850527
vn 0.170393 0.886662 -0.429881
vn -0.046001 0.523916 -0.850527
vn 0.984604 0.174801 -0.0001
vn -0.685308 -0.660008 -0.307804
vn -0.311786 0.293887 -0.90356
vn -0.311786 0.293887 -0.90356
vn 0.058498 0.961867 0.267191
vn 0.232291 0.73157 -0.640973
vn -0.266906 0.963723 -0
vn 0.617303 -0.320002 0.718704
vn 0.003999 -0.86608 0.499889
vn 0.62571 -0.370206 -0.686611
vn 0.957 0.2241 -0.1842
vn -0.205691 0.345084 0.915756
vn 0.502801 0.728801 0.464801
vn -0.120295 0.905164 -0.407684
vn -0.769575 0.127596 0.625679
vn 0.617303 -0.320002 0.718704
vn 0.957 0.2241 -0.1842
vn 0.62571 -0.370206 -0.686611
vn 0.576795 -0.494395 -0.650293
vn -0.047 -0.645995 0.761894
vn 0.003999 -0.86608 0.499889
vn -0.582399 -0.6634 -0.4698
vn 0.037799 -0.686987 0.725686
vn -0.955221 -0.228406 0.188104
vn -0.987368 0.063198 0.145295
vn -0.015699 0.040099 -0.999072
vn 0.919427 0.363611 -0.149804
vn 0.202305 -0.979323 0
vn 0.440297 -0.205599 0.873995
vn -0.015699 0.040099 -0.999072
vn 0.202305 -0.979323 0
vn 0.440297 -0.205599 0.873995
vn -0.462672 0.174189 -0.869248
vn 0.909939 -0.337814 -0.24061
vn -0.0235 -0.184896 0.982477
vn -0.462672 0.174189 -0.869248
vn -0.0235 -0.184896 0.982477
vn -0.226087 0.092095 -0.969744
vn -0.451176 0.872754 0.18639
vn 0.1985 0.0021 0.980099
vn 0.758125 -0.60802 -0.235707
vn -0.226087 0.092095 -0.969744
vn 0.1985 0.0021 0.980099
vn -0.968507 0.141601 0.204801
vn -0.364795 0.215997 -0.905688
vn 0.129205 -0.106904 0.985839
vn 0.774981 0.491088 0.39779
vn -0.364795 0.215997 -0.905688
vn 0.129205 -0.106904 0.985839
vn 0.774981 0.491088 0.39779
vn 0.037799 -0.686987 0.725686
vn -0.582399 -0.6634 -0.4698
vn 0.541115 -0.233706 0.807822
vn 0.492699 0.271999 0.826598
vn 0.548815 0.682418 0.482813
vn 0.062099 -0.708686 0.702786
vn 0.541115 -0.233706 0.807822
vn 0.202707 0.0033 0.979234
vn 0.492699 0.271999 0.826598
vn 0.548815 0.682418 0.482813
vn 0.058203 0.749334 0.65963
vn 0.183705 -0.201406 0.962127
vn -0.361196 0.369196 0.85629
vn -0.660606 0.520805 0.540705
vn -0.35709 0.546685 0.757379
vn 0.987694 -0.036 -0.152199
vn 0.336404 0.89181 -0.302503
vn -0.893831 0.090803 0.439115
vn -0.660606 0.520805 0.540705
vn 0.652692 0.755891 -0.051199
vn 0.058203 0.749334 0.65963
vn -0.989653 -0.091296 0.110694
vn 0.652692 0.755891 -0.051199
vn 0.056701 -0.783016 0.619412
vn 0.202707 0.0033 0.979234
vn 0.058203 0.749334 0.65963
vn 0.202707 0.0033 0.979234
vn 0.056701 -0.783016 0.619412
vn -0.893831 0.090803 0.439115
vn 0.987694 -0.036 -0.152199
vn 0.336404 0.89181 -0.302503
vn 0.232305 0.731617 0.640915
vn -0.791884 -0.234895 0.563688
vn -0.612476 0.114395 0.782168
vn -0.525785 0.448487 0.722779
vn 0.882988 -0.267096 0.385995
vn 0.69979 -0.432694 0.568392
vn 0.814098 0.539899 -0.2139
vn 0.0521 -0.157101 0.986207
vn 0.597493 0.521194 -0.609393
vn 0.280789 0.928265 0.243891
vn -0.957007 -0.0097 -0.289902
vn -0.187105 -0.050801 0.981026
vn -0.187105 -0.050801 0.981026
vn -0.957007 -0.0097 -0.289902
vn 0.19349 0.834959 0.515175
vn -0.474216 -0.112204 0.873229
vn -0.764302 -0.642602 0.0539
vn 0.50291 0.177503 -0.845916
vn 0.851505 0.466403 0.239601
vn 0.1727 0.433601 0.884401
vn 0.19349 0.834959 0.515175
vn 0.1727 0.433601 0.884401
vn -0.479197 -0.667695 0.569696
vn -0.586684 -0.721581 -0.36759
vn -0.251802 -0.0705 0.965208
vn -0.096302 -0.202104 -0.974618
vn -0.332598 0.942994 -0.0119
vn -0.251802 -0.0705 0.965208
vn 0.157296 0.422989 -0.892378
vn -0.096302 -0.202104 -0.974618
vn 0.257396 -0.561692 0.786289
vn 0.171499 -0.982991 -0.065699
vn -0.626403 0.212401 0.750004
vn -0.35291 0.061602 -0.933627
vn -0.626403 0.212401 0.750004
vn -0.35291 0.061602 -0.933627
vn 0.576794 -0.494395 0.650294
vn -0.046999 -0.645995 -0.761894
vn 0.418812 0.297309 0.858024
vn -0.341303 0.0348 -0.939309
vn -0.439801 0.691801 0.572701
vn 0.418812 0.297309 0.858024
vn -0.757111 0.223103 -0.614009
vn -0.341303 0.0348 -0.939309
vn -0.572094 0.409595 0.710592
vn 0.794304 -0.0047 0.607503
vn -0.043402 0.118205 0.99204
vn -0.043402 0.118205 0.99204
vn -0.703513 0.104802 0.702913
vn -0.046 0.523799 0.850599
vn 0.170692 0.886459 0.43018
vn -0.046 0.523799 0.850599
vn -0.685287 -0.659988 0.307894
vn -0.311099 0.294499 0.903597
vn -0.311099 0.294499 0.903597
vn 0.0608 0.963503 -0.260701
vn 0.232305 0.731617 0.640915
vn 0.617303 -0.320002 -0.718704
vn 0.62571 -0.370206 0.686611
vn 0.004 -0.866081 -0.499889
vn 0.957 0.2241 0.1842
vn -0.20569 0.345083 -0.915756
vn -0.120295 0.905165 0.407684
vn 0.502801 0.728801 -0.464801
vn -0.769575 0.127596 -0.625679
vn 0.617303 -0.320002 -0.718704
vn 0.957 0.2241 0.1842
vn 0.62571 -0.370206 0.686611
vn 0.576794 -0.494395 0.650294
vn -0.046999 -0.645995 -0.761894
vn 0.004 -0.866081 -0.499889
vn -0.5824 -0.6634 0.4698
vn -0.9552 -0.2285 -0.1881
vn 0.0378 -0.686987 -0.725686
vn -0.987395 0.062999 -0.145199
vn -0.0157 0.040099 0.999072
vn 0.919393 0.363698 0.149799
vn 0.440298 -0.205599 -0.873995
vn -0.0157 0.040099 0.999072
vn 0.440298 -0.205599 -0.873995
vn -0.462491 0.173996 0.869383
vn 0.910017 -0.337606 0.240605
vn -0.023199 -0.184993 -0.982466
vn -0.462491 0.173996 0.869383
vn -0.023199 -0.184993 -0.982466
vn -0.225992 0.092097 0.969766
vn -0.451097 0.872793 -0.186399
vn 0.198596 0.0021 -0.980079
vn 0.758125 -0.60802 0.235708
vn -0.225992 0.092097 0.969766
vn 0.198596 0.0021 -0.980079
vn -0.968507 0.141601 -0.204802
vn -0.364882 0.215989 0.905655
vn 0.129205 -0.106904 -0.985839
vn 0.774872 0.491183 -0.397886
vn -0.364882 0.215989 0.905655
vn 0.129205 -0.106904 -0.985839
vn 0.774872 0.491183 -0.397886
vn 0.0378 -0.686987 -0.725686
vn -0.5824 -0.6634 0.4698
vt 0.8529 0.0767
vt 0.8529 0.0054
vt 0.9481 0.0152
vt 0.949 0.1073
vt 0.9119 0.1783
vt 0.8529 0.1985
vt 0.0063 0.7912
vt 0.1146 0.788
vt 0.1146 0.8308
vt 0.0567 0.8246
vt 0.1154 0.9143
vt 0.0555 0.8882
vt 0.1146 0.9697
vt 0.0071 0.9517
vt 0.1146 0.9953
vt 0.0071 0.9657
vt 0.1551 0.8029
vt 0.1773 0.8582
vt 0.1878 0.9079
vt 0.1613 0.9361
vt 0.1994 0.9493
vt 0.2166 0.9701
vt 0.256 0.942
vt 0.8785 0.9643
vt 0.9564 0.9957
vt 0.8725 0.9952
vt 0.9886 0.88
vt 0.9813 0.9132
vt 0.9095 0.9175
vt 0.8983 0.88
vt 0.7727 1.0044
vt 0.7296 0.9225
vt 0.7975 0.9339
vt 0.6865 0.9927
vt 0.9544 0.8526
vt 0.8975 0.8576
vt 0.7603 0.8987
vt 0.8277 0.8777
vt 0.8278 0.9115
vt 0.1663 0.796
vt 0.2379 0.8499
vt 0.3364 0.8871
vt 0.503 0.6263
vt 0.503 0.6935
vt 0.3295 0.7534
vt 0.3748 0.6261
vt 0.503 0.821
vt 0.3119 0.8233
vt 0.5112 0.6155
vt 0.6421 0.6256
vt 0.688 0.7474
vt 0.5112 0.6917
vt 0.5112 0.7738
vt 0.7059 0.8015
vt 0.7363 0.0042
vt 0.6375 0.0572
vt 0.5898 0.0039
vt 0.2977 0.7065
vt 0.3311 0.6113
vt 0.6865 0.607
vt 0.7203 0.7031
vt 0.503 0.8844
vt 0.2814 0.8371
vt 0.2521 0.7818
vt 0.2814 0.7483
vt 0.7369 0.7444
vt 0.7665 0.768
vt 0.2243 0.8082
vt 0.7369 0.8349
vt 0.7948 0.8058
vt 0.1522 0.5941
vt 0.223 0.5865
vt 0.138 0.5906
vt 0.2375 0.5788
vt 0.834 0.5803
vt 0.8824 0.5861
vt 0.7974 0.5738
vt 0.7814 0.5742
vt 0.148 0.5658
vt 0.2191 0.5582
vt 0.1284 0.5715
vt 0.2336 0.5626
vt 0.8921 0.5668
vt 0.7854 0.5578
vt 0.0945 0.4213
vt 0.1514 0.4156
vt 0.0916 0.4295
vt 0.1562 0.4222
vt 0.9265 0.4152
vt 0.9293 0.4235
vt 0.8688 0.4095
vt 0.8639 0.4162
vt 0.3748 0.5866
vt 0.503 0.588
vt 0.5112 0.5587
vt 0.6421 0.5684
vt 0.351 0.5875
vt 0.6662 0.583
vt 0.3568 0.5028
vt 0.503 0.4752
vt 0.3221 0.5012
vt 0.6606 0.4974
vt 0.6959 0.4958
vt 0.5112 0.444
vt 0.3893 0.3988
vt 0.3007 0.4482
vt 0.7176 0.4424
vt 0.6191 0.4492
vt 0.6367 0.8603
vt 0.5112 0.9292
vt 0.1446 0.3281
vt 0.1571 0.3717
vt 0.0681 0.3717
vt 0.0834 0.3186
vt 0.8756 0.3212
vt 0.9377 0.3115
vt 0.9532 0.3651
vt 0.8629 0.3651
vt 0.8756 0.3212
vt 0.9377 0.3115
vt 0.9532 0.3651
vt 0.9265 0.4152
vt 0.8688 0.4095
vt 0.8629 0.3651
vt 0.328 0.0139
vt 0.4392 0.0135
vt 0.3732 0.0192
vt 0.3779 0.2484
vt 0.3244 0.2682
vt 0.6365 0.2645
vt 0.5112 0.3998
vt 0.5564 0.2646
vt 0.6894 0.2606
vt 0.503 0.406
vt 0.4593 0.2721
vt 0.3237 0.231
vt 0.6372 0.227
vt 0.5736 0.2173
vt 0.6901 0.2232
vt 0.4424 0.2252
vt 0.3156 0.1761
vt 0.3673 0.1887
vt 0.5754 0.1547
vt 0.6393 0.1629
vt 0.6983 0.1677
vt 0.4406 0.1632
vt 0.3731 0.0903
vt 0.3441 0.0671
vt 0.6054 0.0602
vt 0.6429 0.0739
vt 0.6733 0.0577
vt 0.411 0.0696
vt 0.374 0.0832
vt 0.5768 0.0036
vt 0.6896 0.004
vt 0.9481 0.0152
vt 0.949 0.1073
vt 0.9119 0.1783
vt 0.1146 0.8308
vt 0.0567 0.8246
vt 0.1154 0.9143
vt 0.0555 0.8882
vt 0.0071 0.9517
vt 0.1146 0.9697
vt 0.1773 0.8582
vt 0.1878 0.9079
vt 0.1613 0.9361
vt 0.1994 0.9493
vt 0.8785 0.9643
vt 0.8725 0.9952
vt 0.9564 0.9957
vt 0.9886 0.88
vt 0.9095 0.9175
vt 0.9813 0.9132
vt 0.8983 0.88
vt 0.7727 1.0044
vt 0.7975 0.9339
vt 0.7296 0.9225
vt 0.6865 0.9927
vt 0.9544 0.8526
vt 0.8975 0.8576
vt 0.7603 0.8987
vt 0.8277 0.8777
vt 0.8278 0.9115
vt 0.2379 0.8499
vt 0.3287 0.7534
vt 0.3739 0.6261
vt 0.311 0.8233
vt 0.6886 0.7474
vt 0.6427 0.6256
vt 0.7065 0.8015
vt 0.7369 0.0042
vt 0.5903 0.0039
vt 0.638 0.0572
vt 0.2969 0.7065
vt 0.3302 0.6113
vt 0.687 0.607
vt 0.7209 0.7031
vt 0.2806 0.8371
vt 0.2513 0.7818
vt 0.2805 0.7483
vt 0.7374 0.7444
vt 0.7671 0.768
vt 0.2234 0.8082
vt 0.7374 0.8349
vt 0.7954 0.8058
vt 0.1513 0.5941
vt 0.2222 0.5865
vt 0.1371 0.5906
vt 0.2366 0.5788
vt 0.8345 0.5803
vt 0.8829 0.5861
vt 0.7979 0.5738
vt 0.782 0.5742
vt 0.1471 0.5658
vt 0.2183 0.5582
vt 0.1275 0.5715
vt 0.2327 0.5626
vt 0.8926 0.5668
vt 0.7859 0.5578
vt 0.0936 0.4213
vt 0.1505 0.4156
vt 0.0908 0.4295
vt 0.1553 0.4222
vt 0.927 0.4152
vt 0.9299 0.4235
vt 0.8693 0.4095
vt 0.8644 0.4162
vt 0.3739 0.5866
vt 0.6427 0.5684
vt 0.3502 0.5875
vt 0.6668 0.583
vt 0.356 0.5028
vt 0.3212 0.5012
vt 0.6611 0.4974
vt 0.6964 0.4958
vt 0.3885 0.3988
vt 0.2998 0.4482
vt 0.7181 0.4424
vt 0.6197 0.4492
vt 0.6372 0.8603
vt 0.1437 0.3281
vt 0.0672 0.3717
vt 0.1563 0.3717
vt 0.0826 0.3186
vt 0.8762 0.3212
vt 0.9538 0.3651
vt 0.9382 0.3115
vt 0.8635 0.3651
vt 0.8762 0.3212
vt 0.9382 0.3115
vt 0.9538 0.3651
vt 0.927 0.4152
vt 0.8693 0.4095
vt 0.8635 0.3651
vt 0.3272 0.0139
vt 0.3724 0.0192
vt 0.4383 0.0135
vt 0.3771 0.2484
vt 0.3236 0.2682
vt 0.637 0.2645
vt 0.557 0.2646
vt 0.6899 0.2606
vt 0.4585 0.2721
vt 0.3228 0.231
vt 0.6378 0.227
vt 0.5741 0.2173
vt 0.6907 0.2232
vt 0.4415 0.2252
vt 0.3148 0.1761
vt 0.3665 0.1887
vt 0.5759 0.1547
vt 0.6399 0.1629
vt 0.6989 0.1677
vt 0.4397 0.1632
vt 0.3722 0.0903
vt 0.3432 0.0671
vt 0.6059 0.0602
vt 0.6435 0.0739
vt 0.6738 0.0577
vt 0.4102 0.0696
vt 0.3732 0.0832
vt 0.5774 0.0036
vt 0.6901 0.004
f 1808/1808/1808 1810/1810/1810 1809/1809/1809
f 1808/1808/1808 1811/1811/1811 1810/1810/1810
f 1808/1808/1808 1812/1812/1812 1811/1811/1811
f 1808/1808/1808 1813/1813/1813 1812/1812/1812
f 1814/1814/1814 1816/1816/1816 1815/1815/1815
f 1814/1814/1814 1817/1817/1817 1816/1816/1816
f 1817/1817/1817 1818/1818/1818 1816/1816/1816
f 1817/1817/1817 1819/1819/1819 1818/1818/1818
f 1819/1819/1819 1821/1821/1821 1820/1820/1820
f 1821/1821/1821 1822/1822/1822 1820/1820/1820
f 1821/1821/1821 1823/1823/1823 1822/1822/1822
f 1816/1816/1816 1825/1825/1825 1824/1824/1824
f 1815/1815/1815 1816/1816/1816 1824/1824/1824
f 1818/1818/1818 1826/1826/1826 1825/1825/1825
f 1816/1816/1816 1818/1818/1818 1825/1825/1825
f 1827/1827/1827 1828/1828/1828 1826/1826/1826
f 1820/1820/1820 1829/1829/1829 1828/1828/1828
f 1820/1820/1820 1822/1822/1822 1829/1829/1829
f 1830/1830/1830 1826/1826/1826 1828/1828/1828
f 1830/1830/1830 1828/1828/1828 1829/1829/1829
f 1827/1827/1827 1820/1820/1820 1828/1828/1828
f 1819/1819/1819 1820/1820/1820 1818/1818/1818
f 1831/1831/1831 1833/1833/1833 1832/1832/1832
f 1818/1818/1818 1827/1827/1827 1826/1826/1826
f 1834/1834/1834 1836/1836/1836 1835/1835/1835
f 1836/1836/1836 1834/1834/1834 1837/1837/1837
f 1838/1838/1838 1840/1840/1840 1839/1839/1839
f 1839/1839/1839 1841/1841/1841 1838/1838/1838
f 1842/1842/1842 1837/1837/1837 1834/1834/1834
f 1837/1837/1837 1842/1842/1842 1843/1843/1843
f 1843/1843/1843 1844/1844/1844 1837/1837/1837
f 1844/1844/1844 1843/1843/1843 1845/1845/1845
f 1837/1837/1837 1846/1846/1846 1836/1836/1836
f 1846/1846/1846 1837/1837/1837 1844/1844/1844
f 1838/1838/1838 1831/1831/1831 1840/1840/1840
f 1831/1831/1831 1838/1838/1838 1833/1833/1833
f 1825/1825/1825 1847/1847/1847 1824/1824/1824
f 1847/1847/1847 1825/1825/1825 1848/1848/1848
f 1849/1849/1849 1826/1826/1826 1830/1830/1830
f 1826/1826/1826 1848/1848/1848 1825/1825/1825
f 1848/1848/1848 1826/1826/1826 1849/1849/1849
f 1850/1850/1850 1852/1852/1852 1851/1851/1851
f 1852/1852/1852 1850/1850/1850 1853/1853/1853
f 1851/1851/1851 1855/1855/1855 1854/1854/1854
f 1855/1855/1855 1851/1851/1851 1852/1852/1852
f 1856/1856/1856 1858/1858/1858 1857/1857/1857
f 1858/1858/1858 1856/1856/1856 1859/1859/1859
f 1860/1860/1860 1861/1861/1861 1858/1858/1858
f 1858/1858/1858 1859/1859/1859 1860/1860/1860
f 1862/1862/1862 1864/1864/1864 1863/1863/1863
f 1853/1853/1853 1865/1865/1865 1852/1852/1852
f 1865/1865/1865 1853/1853/1853 1866/1866/1866
f 1867/1867/1867 1858/1858/1858 1868/1868/1868
f 1858/1858/1858 1867/1867/1867 1857/1857/1857
f 1855/1855/1855 1869/1869/1869 1854/1854/1854
f 1869/1869/1869 1855/1855/1855 1870/1870/1870
f 1852/1852/1852 1871/1871/1871 1855/1855/1855
f 1871/1871/1871 1852/1852/1852 1872/1872/1872
f 1861/1861/1861 1873/1873/1873 1858/1858/1858
f 1873/1873/1873 1861/1861/1861 1874/1874/1874
f 1865/1865/1865 1872/1872/1872 1852/1852/1852
f 1855/1855/1855 1875/1875/1875 1870/1870/1870
f 1875/1875/1875 1855/1855/1855 1871/1871/1871
f 1868/1868/1868 1858/1858/1858 1873/1873/1873
f 1876/1876/1876 1874/1874/1874 1861/1861/1861
f 1874/1874/1874 1876/1876/1876 1877/1877/1877
f 1872/1872/1872 1878/1878/1878 1871/1871/1871
f 1878/1878/1878 1872/1872/1872 1879/1879/1879
f 1871/1871/1871 1880/1880/1880 1875/1875/1875
f 1880/1880/1880 1871/1871/1871 1878/1878/1878
f 1865/1865/1865 1879/1879/1879 1872/1872/1872
f 1879/1879/1879 1865/1865/1865 1881/1881/1881
f 1877/1877/1877 1882/1882/1882 1874/1874/1874
f 1882/1882/1882 1877/1877/1877 1883/1883/1883
f 1874/1874/1874 1884/1884/1884 1873/1873/1873
f 1884/1884/1884 1874/1874/1874 1882/1882/1882
f 1873/1873/1873 1885/1885/1885 1868/1868/1868
f 1885/1885/1885 1873/1873/1873 1884/1884/1884
f 1879/1879/1879 1886/1886/1886 1878/1878/1878
f 1886/1886/1886 1879/1879/1879 1887/1887/1887
f 1878/1878/1878 1888/1888/1888 1880/1880/1880
f 1888/1888/1888 1878/1878/1878 1886/1886/1886
f 1881/1881/1881 1887/1887/1887 1879/1879/1879
f 1887/1887/1887 1881/1881/1881 1889/1889/1889
f 1882/1882/1882 1883/1883/1883 1890/1890/1890
f 1884/1884/1884 1891/1891/1891 1885/1885/1885
f 1887/1887/1887 1892/1892/1892 1886/1886/1886
f 1892/1892/1892 1887/1887/1887 1893/1893/1893
f 1886/1886/1886 1894/1894/1894 1888/1888/1888
f 1894/1894/1894 1886/1886/1886 1892/1892/1892
f 1889/1889/1889 1893/1893/1893 1887/1887/1887
f 1893/1893/1893 1889/1889/1889 1895/1895/1895
f 1890/1890/1890 1896/1896/1896 1882/1882/1882
f 1896/1896/1896 1890/1890/1890 1897/1897/1897
f 1882/1882/1882 1898/1898/1898 1884/1884/1884
f 1898/1898/1898 1882/1882/1882 1896/1896/1896
f 1884/1884/1884 1899/1899/1899 1891/1891/1891
f 1899/1899/1899 1884/1884/1884 1898/1898/1898
f 1850/1850/1850 1900/1900/1900 1853/1853/1853
f 1900/1900/1900 1850/1850/1850 1901/1901/1901
f 1857/1857/1857 1902/1902/1902 1856/1856/1856
f 1902/1902/1902 1857/1857/1857 1903/1903/1903
f 1853/1853/1853 1904/1904/1904 1866/1866/1866
f 1904/1904/1904 1853/1853/1853 1900/1900/1900
f 1867/1867/1867 1903/1903/1903 1857/1857/1857
f 1903/1903/1903 1867/1867/1867 1905/1905/1905
f 1901/1901/1901 1906/1906/1906 1900/1900/1900
f 1906/1906/1906 1901/1901/1901 1907/1907/1907
f 1900/1900/1900 1908/1908/1908 1904/1904/1904
f 1908/1908/1908 1900/1900/1900 1906/1906/1906
f 1905/1905/1905 1909/1909/1909 1903/1903/1903
f 1909/1909/1909 1905/1905/1905 1910/1910/1910
f 1903/1903/1903 1911/1911/1911 1902/1902/1902
f 1911/1911/1911 1903/1903/1903 1909/1909/1909
f 1907/1907/1907 1912/1912/1912 1906/1906/1906
f 1912/1912/1912 1913/1913/1913 1906/1906/1906
f 1908/1908/1908 1906/1906/1906 1913/1913/1913
f 1914/1914/1914 1915/1915/1915 1909/1909/1909
f 1909/1909/1909 1910/1910/1910 1914/1914/1914
f 1909/1909/1909 1915/1915/1915 1911/1911/1911
f 1876/1876/1876 1861/1861/1861 1916/1916/1916
f 1916/1916/1916 1861/1861/1861 1860/1860/1860
f 1917/1917/1917 1876/1876/1876 1916/1916/1916
f 1918/1918/1918 1920/1920/1920 1919/1919/1919
f 1920/1920/1920 1918/1918/1918 1921/1921/1921
f 1919/1919/1919 1892/1892/1892 1893/1893/1893
f 1892/1892/1892 1919/1919/1919 1920/1920/1920
f 1922/1922/1922 1924/1924/1924 1923/1923/1923
f 1924/1924/1924 1922/1922/1922 1925/1925/1925
f 1925/1925/1925 1896/1896/1896 1924/1924/1924
f 1896/1896/1896 1925/1925/1925 1898/1898/1898
f 1926/1926/1926 1923/1923/1923 1927/1927/1927
f 1923/1923/1923 1926/1926/1926 1922/1922/1922
f 1927/1927/1927 1924/1924/1924 1928/1928/1928
f 1924/1924/1924 1927/1927/1927 1923/1923/1923
f 1928/1928/1928 1896/1896/1896 1929/1929/1929
f 1896/1896/1896 1928/1928/1928 1924/1924/1924
f 1930/1930/1930 1925/1925/1925 1931/1931/1931
f 1925/1925/1925 1930/1930/1930 1898/1898/1898
f 1931/1931/1931 1922/1922/1922 1926/1926/1926
f 1922/1922/1922 1931/1931/1931 1925/1925/1925
f 1932/1932/1932 1934/1934/1934 1933/1933/1933
f 1935/1935/1935 1936/1936/1936 1913/1913/1913
f 1913/1913/1913 1912/1912/1912 1935/1935/1935
f 1937/1937/1937 1939/1939/1939 1938/1938/1938
f 1938/1938/1938 1915/1915/1915 1937/1937/1937
f 1914/1914/1914 1937/1937/1937 1915/1915/1915
f 1937/1937/1937 1914/1914/1914 1940/1940/1940
f 1941/1941/1941 1935/1935/1935 1912/1912/1912
f 1935/1935/1935 1941/1941/1941 1942/1942/1942
f 1935/1935/1935 1943/1943/1943 1936/1936/1936
f 1944/1944/1944 1945/1945/1945 1939/1939/1939
f 1939/1939/1939 1937/1937/1937 1944/1944/1944
f 1940/1940/1940 1944/1944/1944 1937/1937/1937
f 1944/1944/1944 1940/1940/1940 1946/1946/1946
f 1935/1935/1935 1942/1942/1942 1947/1947/1947
f 1935/1935/1935 1948/1948/1948 1943/1943/1943
f 1948/1948/1948 1935/1935/1935 1949/1949/1949
f 1944/1944/1944 1950/1950/1950 1945/1945/1945
f 1950/1950/1950 1944/1944/1944 1951/1951/1951
f 1952/1952/1952 1951/1951/1951 1944/1944/1944
f 1944/1944/1944 1946/1946/1946 1952/1952/1952
f 1953/1953/1953 1949/1949/1949 1935/1935/1935
f 1935/1935/1935 1947/1947/1947 1953/1953/1953
f 1954/1954/1954 1955/1955/1955 1948/1948/1948
f 1948/1948/1948 1949/1949/1949 1954/1954/1954
f 1951/1951/1951 1956/1956/1956 1950/1950/1950
f 1956/1956/1956 1951/1951/1951 1957/1957/1957
f 1958/1958/1958 1957/1957/1957 1951/1951/1951
f 1951/1951/1951 1952/1952/1952 1958/1958/1958
f 1953/1953/1953 1954/1954/1954 1949/1949/1949
f 1954/1954/1954 1953/1953/1953 1959/1959/1959
f 1934/1934/1934 1932/1932/1932 1955/1955/1955
f 1955/1955/1955 1954/1954/1954 1934/1934/1934
f 1960/1960/1960 1933/1933/1933 1959/1959/1959
f 1959/1959/1959 1934/1934/1934 1954/1954/1954
f 1934/1934/1934 1959/1959/1959 1933/1933/1933
f 1957/1957/1957 1864/1864/1864 1961/1961/1961
f 1864/1864/1864 1957/1957/1957 1863/1863/1863
f 1961/1961/1961 1862/1862/1862 1962/1962/1962
f 1862/1862/1862 1961/1961/1961 1864/1864/1864
f 1958/1958/1958 1863/1863/1863 1957/1957/1957
f 1863/1863/1863 1958/1958/1958 1862/1862/1862
f 1958/1958/1958 1962/1962/1962 1862/1862/1862
f 1899/1899/1899 1898/1898/1898 1930/1930/1930
f 1897/1897/1897 1929/1929/1929 1896/1896/1896
f 1808/1808/1808 1809/1809/1809 1963/1963/1963
f 1808/1808/1808 1963/1963/1963 1964/1964/1964
f 1808/1808/1808 1964/1964/1964 1965/1965/1965
f 1808/1808/1808 1965/1965/1965 1813/1813/1813
f 1814/1814/1814 1815/1815/1815 1966/1966/1966
f 1814/1814/1814 1966/1966/1966 1967/1967/1967
f 1967/1967/1967 1966/1966/1966 1968/1968/1968
f 1967/1967/1967 1968/1968/1968 1969/1969/1969
f 1969/1969/1969 1971/1971/1971 1970/1970/1970
f 1970/1970/1970 1971/1971/1971 1822/1822/1822
f 1970/1970/1970 1822/1822/1822 1823/1823/1823
f 1966/1966/1966 1824/1824/1824 1972/1972/1972
f 1815/1815/1815 1824/1824/1824 1966/1966/1966
f 1968/1968/1968 1972/1972/1972 1973/1973/1973
f 1966/1966/1966 1972/1972/1972 1968/1968/1968
f 1974/1974/1974 1973/1973/1973 1975/1975/1975
f 1971/1971/1971 1975/1975/1975 1829/1829/1829
f 1971/1971/1971 1829/1829/1829 1822/1822/1822
f 1830/1830/1830 1975/1975/1975 1973/1973/1973
f 1830/1830/1830 1829/1829/1829 1975/1975/1975
f 1974/1974/1974 1975/1975/1975 1971/1971/1971
f 1969/1969/1969 1968/1968/1968 1971/1971/1971
f 1976/1976/1976 1978/1978/1978 1977/1977/1977
f 1968/1968/1968 1973/1973/1973 1974/1974/1974
f 1979/1979/1979 1981/1981/1981 1980/1980/1980
f 1980/1980/1980 1982/1982/1982 1979/1979/1979
f 1983/1983/1983 1985/1985/1985 1984/1984/1984
f 1985/1985/1985 1983/1983/1983 1986/1986/1986
f 1987/1987/1987 1979/1979/1979 1982/1982/1982
f 1982/1982/1982 1988/1988/1988 1987/1987/1987
f 1988/1988/1988 1982/1982/1982 1989/1989/1989
f 1989/1989/1989 1990/1990/1990 1988/1988/1988
f 1982/1982/1982 1980/1980/1980 1991/1991/1991
f 1991/1991/1991 1989/1989/1989 1982/1982/1982
f 1983/1983/1983 1984/1984/1984 1976/1976/1976
f 1976/1976/1976 1977/1977/1977 1983/1983/1983
f 1972/1972/1972 1824/1824/1824 1847/1847/1847
f 1847/1847/1847 1992/1992/1992 1972/1972/1972
f 1849/1849/1849 1830/1830/1830 1973/1973/1973
f 1973/1973/1973 1972/1972/1972 1992/1992/1992
f 1992/1992/1992 1849/1849/1849 1973/1973/1973
f 1850/1850/1850 1851/1851/1851 1993/1993/1993
f 1993/1993/1993 1994/1994/1994 1850/1850/1850
f 1851/1851/1851 1854/1854/1854 1995/1995/1995
f 1995/1995/1995 1993/1993/1993 1851/1851/1851
f 1856/1856/1856 1997/1997/1997 1996/1996/1996
f 1996/1996/1996 1859/1859/1859 1856/1856/1856
f 1860/1860/1860 1996/1996/1996 1998/1998/1998
f 1996/1996/1996 1860/1860/1860 1859/1859/1859
f 1999/1999/1999 2001/2001/2001 2000/2000/2000
f 1994/1994/1994 1993/1993/1993 2002/2002/2002
f 2002/2002/2002 2003/2003/2003 1994/1994/1994
f 2004/2004/2004 2005/2005/2005 1996/1996/1996
f 1996/1996/1996 1997/1997/1997 2004/2004/2004
f 1995/1995/1995 1854/1854/1854 1869/1869/1869
f 1869/1869/1869 2006/2006/2006 1995/1995/1995
f 1993/1993/1993 1995/1995/1995 2007/2007/2007
f 2007/2007/2007 2008/2008/2008 1993/1993/1993
f 1998/1998/1998 1996/1996/1996 2009/2009/2009
f 2009/2009/2009 2010/2010/2010 1998/1998/1998
f 2002/2002/2002 1993/1993/1993 2008/2008/2008
f 1995/1995/1995 2006/2006/2006 2011/2011/2011
f 2011/2011/2011 2007/2007/2007 1995/1995/1995
f 2005/2005/2005 2009/2009/2009 1996/1996/1996
f 2012/2012/2012 1998/1998/1998 2010/2010/2010
f 2010/2010/2010 2013/2013/2013 2012/2012/2012
f 2008/2008/2008 2007/2007/2007 2014/2014/2014
f 2014/2014/2014 2015/2015/2015 2008/2008/2008
f 2007/2007/2007 2011/2011/2011 2016/2016/2016
f 2016/2016/2016 2014/2014/2014 2007/2007/2007
f 2002/2002/2002 2008/2008/2008 2015/2015/2015
f 2015/2015/2015 2017/2017/2017 2002/2002/2002
f 2013/2013/2013 2010/2010/2010 2018/2018/2018
f 2018/2018/2018 2019/2019/2019 2013/2013/2013
f 2010/2010/2010 2009/2009/2009 2020/2020/2020
f 2020/2020/2020 2018/2018/2018 2010/2010/2010
f 2009/2009/2009 2005/2005/2005 2021/2021/2021
f 2021/2021/2021 2020/2020/2020 2009/2009/2009
f 2015/2015/2015 2014/2014/2014 2022/2022/2022
f 2022/2022/2022 2023/2023/2023 2015/2015/2015
f 2014/2014/2014 2016/2016/2016 2024/2024/2024
f 2024/2024/2024 2022/2022/2022 2014/2014/2014
f 2017/2017/2017 2015/2015/2015 2023/2023/2023
f 2023/2023/2023 2025/2025/2025 2017/2017/2017
f 2018/2018/2018 2026/2026/2026 2019/2019/2019
f 2020/2020/2020 2021/2021/2021 2027/2027/2027
f 2023/2023/2023 2022/2022/2022 2028/2028/2028
f 2028/2028/2028 2029/2029/2029 2023/2023/2023
f 2022/2022/2022 2024/2024/2024 2030/2030/2030
f 2030/2030/2030 2028/2028/2028 2022/2022/2022
f 2025/2025/2025 2023/2023/2023 2029/2029/2029
f 2029/2029/2029 2031/2031/2031 2025/2025/2025
f 2026/2026/2026 2018/2018/2018 2032/2032/2032
f 2032/2032/2032 2033/2033/2033 2026/2026/2026
f 2018/2018/2018 2020/2020/2020 2034/2034/2034
f 2034/2034/2034 2032/2032/2032 2018/2018/2018
f 2020/2020/2020 2027/2027/2027 2035/2035/2035
f 2035/2035/2035 2034/2034/2034 2020/2020/2020
f 1850/1850/1850 1994/1994/1994 2036/2036/2036
f 2036/2036/2036 1901/1901/1901 1850/1850/1850
f 1997/1997/1997 1856/1856/1856 1902/1902/1902
f 1902/1902/1902 2037/2037/2037 1997/1997/1997
f 1994/1994/1994 2003/2003/2003 2038/2038/2038
f 2038/2038/2038 2036/2036/2036 1994/1994/1994
f 2004/2004/2004 1997/1997/1997 2037/2037/2037
f 2037/2037/2037 2039/2039/2039 2004/2004/2004
f 1901/1901/1901 2036/2036/2036 2040/2040/2040
f 2040/2040/2040 1907/1907/1907 1901/1901/1901
f 2036/2036/2036 2038/2038/2038 2041/2041/2041
f 2041/2041/2041 2040/2040/2040 2036/2036/2036
f 2039/2039/2039 2037/2037/2037 2042/2042/2042
f 2042/2042/2042 2043/2043/2043 2039/2039/2039
f 2037/2037/2037 1902/1902/1902 1911/1911/1911
f 1911/1911/1911 2042/2042/2042 2037/2037/2037
f 1907/1907/1907 2040/2040/2040 2044/2044/2044
f 2040/2040/2040 2041/2041/2041 2045/2045/2045
f 2045/2045/2045 2044/2044/2044 2040/2040/2040
f 2046/2046/2046 2042/2042/2042 2047/2047/2047
f 2042/2042/2042 2046/2046/2046 2043/2043/2043
f 2042/2042/2042 1911/1911/1911 2047/2047/2047
f 2012/2012/2012 2048/2048/2048 1998/1998/1998
f 2048/2048/2048 1860/1860/1860 1998/1998/1998
f 1917/1917/1917 2048/2048/2048 2012/2012/2012
f 2049/2049/2049 2051/2051/2051 2050/2050/2050
f 2050/2050/2050 2052/2052/2052 2049/2049/2049
f 2051/2051/2051 2029/2029/2029 2028/2028/2028
f 2028/2028/2028 2050/2050/2050 2051/2051/2051
f 2053/2053/2053 2055/2055/2055 2054/2054/2054
f 2054/2054/2054 2056/2056/2056 2053/2053/2053
f 2056/2056/2056 2054/2054/2054 2032/2032/2032
f 2032/2032/2032 2034/2034/2034 2056/2056/2056
f 2057/2057/2057 2058/2058/2058 2055/2055/2055
f 2055/2055/2055 2053/2053/2053 2057/2057/2057
f 2058/2058/2058 2059/2059/2059 2054/2054/2054
f 2054/2054/2054 2055/2055/2055 2058/2058/2058
f 2059/2059/2059 2060/2060/2060 2032/2032/2032
f 2032/2032/2032 2054/2054/2054 2059/2059/2059
f 2061/2061/2061 2062/2062/2062 2056/2056/2056
f 2056/2056/2056 2034/2034/2034 2061/2061/2061
f 2062/2062/2062 2057/2057/2057 2053/2053/2053
f 2053/2053/2053 2056/2056/2056 2062/2062/2062
f 2063/2063/2063 2065/2065/2065 2064/2064/2064
f 2066/2066/2066 2045/2045/2045 2067/2067/2067
f 2045/2045/2045 2066/2066/2066 2044/2044/2044
f 2068/2068/2068 1938/1938/1938 2069/2069/2069
f 1938/1938/1938 2068/2068/2068 2047/2047/2047
f 2046/2046/2046 2047/2047/2047 2068/2068/2068
f 2068/2068/2068 2070/2070/2070 2046/2046/2046
f 1941/1941/1941 2044/2044/2044 2066/2066/2066
f 2066/2066/2066 2071/2071/2071 1941/1941/1941
f 2066/2066/2066 2067/2067/2067 2072/2072/2072
f 2073/2073/2073 2069/2069/2069 2074/2074/2074
f 2069/2069/2069 2073/2073/2073 2068/2068/2068
f 2070/2070/2070 2068/2068/2068 2073/2073/2073
f 2073/2073/2073 2075/2075/2075 2070/2070/2070
f 2066/2066/2066 2076/2076/2076 2071/2071/2071
f 2066/2066/2066 2072/2072/2072 2077/2077/2077
f 2077/2077/2077 2078/2078/2078 2066/2066/2066
f 2073/2073/2073 2074/2074/2074 2079/2079/2079
f 2079/2079/2079 2080/2080/2080 2073/2073/2073
f 2081/2081/2081 2073/2073/2073 2080/2080/2080
f 2073/2073/2073 2081/2081/2081 2075/2075/2075
f 2082/2082/2082 2066/2066/2066 2078/2078/2078
f 2066/2066/2066 2082/2082/2082 2076/2076/2076
f 2083/2083/2083 2077/2077/2077 2084/2084/2084
f 2077/2077/2077 2083/2083/2083 2078/2078/2078
f 2080/2080/2080 2079/2079/2079 2085/2085/2085
f 2085/2085/2085 2086/2086/2086 2080/2080/2080
f 2087/2087/2087 2080/2080/2080 2086/2086/2086
f 2080/2080/2080 2087/2087/2087 2081/2081/2081
f 2082/2082/2082 2078/2078/2078 2083/2083/2083
f 2083/2083/2083 2088/2088/2088 2082/2082/2082
f 2064/2064/2064 2084/2084/2084 2063/2063/2063
f 2084/2084/2084 2064/2064/2064 2083/2083/2083
f 2089/2089/2089 2088/2088/2088 2065/2065/2065
f 2088/2088/2088 2083/2083/2083 2064/2064/2064
f 2064/2064/2064 2065/2065/2065 2088/2088/2088
f 2086/2086/2086 2090/2090/2090 2000/2000/2000
f 2000/2000/2000 2001/2001/2001 2086/2086/2086
f 2090/2090/2090 2091/2091/2091 1999/1999/1999
f 1999/1999/1999 2000/2000/2000 2090/2090/2090
f 2087/2087/2087 2086/2086/2086 2001/2001/2001
f 2001/2001/2001 1999/1999/1999 2087/2087/2087
f 2087/2087/2087 1999/1999/1999 2091/2091/2091
f 2035/2035/2035 2061/2061/2061 2034/2034/2034
f 2033/2033/2033 2032/2032/2032 2060/2060/2060
f 1907/1907/1907 2044/2044/2044 1941/1941/1941
f 1907/1907/1907 1941/1941/1941 1912/1912/1912
f 1911/1911/1911 1915/1915/1915 1938/1938/1938
f 1911/1911/1911 1938/1938/1938 2047/2047/2047
