# Object58.bmd — MU geometry at action 0 key 0, exported for MU2
# 1 mesh(es)

g stonD
# texture: stonD.jpg
v 17.07642 -86.55334 -344.0835
v 21.67031 -93.44254 -338.6823
v 24.59122 -91.56754 -348.6523
v 20.23002 -82.37555 -351.9273
v 19.14322 -102.8132 -345.1935
v 24.59122 -99.01144 -349.9256
v 21.08072 -114.5474 -350.695
v 20.23001 -104.5692 -359.452
v 24.30132 -94.22034 -363.9196
v 10.77011 -92.09364 -333.4886
v 11.82842 -82.03194 -341.377
v 13.20552 -76.41264 -352.6272
v 11.05422 -105.7795 -342.9981
v 11.88282 -108.3442 -363.8225
v 11.03891 -122.9174 -351.0331
v 12.71502 -90.94244 -368.6061
v 3.336517 -96.37185 -349.9607
v 19.69652 -102.17 -385.2914
v 27.74102 -106.9735 -383.6784
v 21.39242 -109.9039 -385.3411
v 16.22952 -109.5192 -380.3563
v 16.21882 -103.7978 -376.0095
v 21.69432 -98.03365 -375.2003
v 27.73042 -101.2521 -379.3317
v 27.74102 -106.9735 -383.6784
v 29.10692 -113.2352 -376.2175
v 25.30542 -116.0127 -376.4645
v 21.39242 -109.9039 -385.3411
v 21.43252 -114.9323 -374.0027
v 16.22952 -109.5192 -380.3563
v 21.36122 -111.0743 -371.2939
v 16.21882 -103.7978 -376.0095
v 25.16272 -108.2967 -371.0469
v 21.69432 -98.03365 -375.2003
v 29.03552 -109.3772 -373.5088
v 27.73042 -101.2521 -379.3317
v 31.98771 -124.1671 -369.645
v 29.44071 -126.028 -369.8105
v 26.84591 -125.3042 -368.161
v 26.79811 -122.7193 -366.3461
v 29.34512 -120.8583 -366.1806
v 31.93992 -121.5822 -367.8301
v 33.56762 -129.9968 -358.5523
v 33.56762 -129.9968 -358.5523
v 33.56762 -129.9968 -358.5523
v 33.56762 -129.9968 -358.5523
v 33.56762 -129.9968 -358.5523
v 33.56762 -129.9968 -358.5523
v 21.09362 -92.14886 -379.8304
v 16.91532 -101.1093 -391.2338
v 21.42472 -80.83765 -396.3993
v 7.737624 -88.10465 -402.4988
v 7.737621 -100.4512 -396.3577
v 4.042925 -79.80645 -395.536
v 4.042922 -87.69545 -385.6547
v 13.13762 -77.45645 -393.5622
v 16.61442 -87.98815 -379.0101
v 4.042925 -79.80645 -395.536
v 21.42472 -80.83765 -396.3993
v 7.737624 -88.10465 -402.4988
v 13.13762 -77.45645 -393.5622
v 7.737325 -60.04076 -376.4631
v 21.09362 -66.33336 -361.5582
v 21.09352 -63.49416 -379.3608
v 6.891721 -70.62206 -356.8854
v 26.89932 -81.36865 -365.9029
v 21.09352 -71.11676 -384.2166
v 7.377124 -77.69145 -389.7322
v 7.47192 -87.94344 -371.4195
v 2.431924 -67.29556 -381.0102
v 2.526821 -77.54735 -362.6964
v 7.737325 -60.04076 -376.4631
v 7.377124 -77.69145 -389.7322
v 2.431924 -67.29556 -381.0102
v 21.09352 -71.11676 -384.2166
v 21.09352 -63.49416 -379.3608
v 26.89932 -81.36865 -365.9029
v 2.526821 -77.54735 -362.6964
v 7.47192 -87.94344 -371.4195
v 6.891721 -70.62206 -356.8854
v 21.09362 -66.33336 -361.5582
v 19.58703 -77.19885 -404.045
v 12.78802 -81.56915 -398.8365
v 12.78803 -82.40726 -408.4152
v 12.78793 -71.99155 -399.6735
v 12.78803 -72.82876 -409.253
v 5.988926 -77.19896 -404.0449
v 16.34763 -66.19206 -398.4333
v 12.78803 -68.48016 -395.7063
v 12.78793 -68.91896 -400.7215
v 12.78793 -63.46516 -396.1451
v 12.78793 -63.90396 -401.1602
v 9.228227 -66.19206 -398.4333
v 11.90963 -63.02776 -382.7354
v 11.91173 -65.22615 -388.4448
v 16.55253 -63.09416 -386.6563
v 16.55253 -59.06856 -383.2788
v 11.91163 -57.01606 -381.5566
v 7.270826 -59.06856 -383.2787
v 7.270925 -63.09416 -386.6561
v 11.89723 -60.78666 -393.6243
v 16.60103 -58.75786 -391.9226
v 16.60093 -54.69996 -388.5188
v 11.89703 -52.67106 -386.8165
v 7.309627 -54.69996 -388.5186
v 7.309727 -58.75776 -391.9222
v 11.88033 -54.90076 -392.3912
v 4.803432 -34.54467 -412.745
v 12.17063 -41.09346 -408.9581
v 12.17063 -45.82106 -410.9293
v 4.803431 -44.14536 -416.356
v 7.737432 -56.83007 -438.2501
v 15.79433 -55.57127 -423.3751
v 15.79433 -59.05077 -427.2728
v 7.737432 -50.12977 -426.4325
v 4.803328 -50.36606 -390.7968
v 13.10883 -49.07376 -398.4956
v 13.10883 -52.27326 -403.6364
v 4.803428 -57.56086 -402.3813
v 18.94873 -60.20327 -415.4458
v 18.03983 -65.24937 -419.2454
v 7.73743 -66.51257 -425.826
v 7.73753 -56.75777 -413.5245
v 7.865827 -64.01506 -402.8539
v 7.865928 -75.61146 -418.6027
v 18.16813 -74.14356 -412.4486
v 19.07713 -64.19907 -408.6763
v -14.96738 -86.55344 -344.0835
v -22.48218 -91.56763 -348.6523
v -19.56108 -93.44254 -338.6824
v -18.12098 -82.37555 -351.9272
v -22.48218 -99.01144 -349.9255
v -17.03408 -102.8132 -345.1934
v -18.12099 -104.5693 -359.4518
v -18.97158 -114.5475 -350.6949
v -22.19238 -94.22034 -363.9193
v -8.660785 -92.09364 -333.4886
v -9.719183 -82.03194 -341.377
v -11.09658 -76.41275 -352.6272
v -8.945085 -105.7795 -342.9981
v -9.773883 -108.3442 -363.8224
v -8.929787 -122.9174 -351.033
v -10.60608 -90.94244 -368.6059
v -1.227483 -96.37185 -349.9608
v -18.54338 -102.17 -385.2907
v -20.23928 -109.9038 -385.3404
v -26.58788 -106.9735 -383.6776
v -15.07638 -109.5193 -380.3558
v -15.06568 -103.7979 -376.0091
v -20.54128 -98.03365 -375.1998
v -26.57728 -101.2521 -379.331
v -26.58788 -106.9735 -383.6776
v -24.15228 -116.0127 -376.4639
v -27.95378 -113.2351 -376.2169
v -20.23928 -109.9038 -385.3404
v -20.27948 -114.9322 -374.0022
v -15.07638 -109.5193 -380.3558
v -20.20808 -111.0743 -371.2935
v -15.06568 -103.7979 -376.0091
v -24.00958 -108.2968 -371.0464
v -20.54128 -98.03365 -375.1998
v -27.88248 -109.3772 -373.5081
v -26.57728 -101.2521 -379.331
v -28.28759 -126.0281 -369.8099
v -30.83459 -124.1671 -369.6444
v -25.69279 -125.3042 -368.1605
v -25.64499 -122.7194 -366.3456
v -28.19198 -120.8584 -366.1801
v -30.78678 -121.5823 -367.8295
v -32.41449 -129.9968 -358.5519
v -32.41449 -129.9968 -358.5519
v -32.41449 -129.9968 -358.5519
v -32.41449 -129.9968 -358.5519
v -32.41449 -129.9968 -358.5519
v -32.41449 -129.9968 -358.5519
v -18.98468 -92.14885 -379.8298
v -19.31548 -80.83675 -396.4004
v -14.80598 -101.1092 -391.2338
v -5.628276 -88.10475 -402.4988
v -5.628279 -100.4512 -396.3577
v -1.933676 -79.80645 -395.536
v -1.933678 -87.69545 -385.6547
v -11.02838 -77.45655 -393.5622
v -14.50548 -87.98814 -379.0097
v -1.933676 -79.80645 -395.536
v -5.628276 -88.10475 -402.4988
v -19.31548 -80.83675 -396.4004
v -11.02838 -77.45655 -393.5622
v -5.628475 -60.04075 -376.463
v -18.98467 -63.49425 -379.3604
v -18.98468 -66.33334 -361.5581
v -4.782779 -70.62206 -356.8854
v -18.98467 -71.11674 -384.2159
v -24.79048 -81.36874 -365.9026
v -5.267976 -77.69155 -389.7318
v -5.36298 -87.94344 -371.4194
v -0.323076 -67.29546 -381.0101
v -0.417879 -77.54745 -362.6964
v -5.628475 -60.04075 -376.463
v -0.323076 -67.29546 -381.0101
v -5.267976 -77.69155 -389.7318
v -18.98467 -71.11674 -384.2159
v -18.98467 -63.49425 -379.3604
v -24.79048 -81.36874 -365.9026
v -5.36298 -87.94344 -371.4194
v -0.417879 -77.54745 -362.6964
v -4.782779 -70.62206 -356.8854
v -18.98468 -66.33334 -361.5581
v -17.47777 -77.19895 -404.0449
v -10.67867 -82.40726 -408.4152
v -10.67868 -81.56924 -398.8365
v -10.67877 -71.99146 -399.6736
v -10.67877 -72.82885 -409.253
v -3.879674 -77.19885 -404.0449
v -14.23847 -66.19205 -398.4334
v -10.67877 -68.91895 -400.7215
v -10.67877 -68.48016 -395.7064
v -10.67877 -63.46515 -396.1451
v -10.67877 -63.90385 -401.1603
v -7.119074 -66.19205 -398.4333
v -9.800776 -63.02775 -382.735
v -14.44357 -63.09416 -386.6556
v -9.802774 -65.22615 -388.4442
v -14.44367 -59.06855 -383.2784
v -9.802875 -57.01605 -381.5563
v -5.161974 -59.06855 -383.2785
v -5.161975 -63.09415 -386.6559
v -14.49187 -58.75776 -391.9218
v -9.787974 -60.78665 -393.6243
v -14.49197 -54.69996 -388.5179
v -9.788074 -52.67105 -386.816
v -5.200573 -54.69996 -388.5182
v -5.200473 -58.75776 -391.9218
v -9.771173 -54.90076 -392.3907
v -2.362767 -34.54456 -412.745
v -9.729969 -45.82106 -410.9293
v -9.729967 -41.09356 -408.9582
v -2.362768 -44.14536 -416.3561
v -5.628367 -56.83007 -438.2501
v -13.68517 -59.05077 -427.273
v -13.68517 -55.57127 -423.3752
v -5.628368 -50.12977 -426.4325
v -2.362772 -50.36606 -390.7964
v -10.66807 -49.07376 -398.4956
v -10.66807 -52.27316 -403.6365
v -2.362772 -57.56076 -402.3814
v -16.83957 -60.20326 -415.446
v -15.93067 -65.24936 -419.2455
v -5.62837 -66.51256 -425.826
v -5.62837 -56.75777 -413.5245
v -5.756673 -64.01506 -402.8539
v -16.05898 -74.14286 -412.449
v -5.756672 -75.61146 -418.6027
v -16.96787 -64.19906 -408.6764
v 1.222422 -97.51945 -398.3516
v 1.222423 -97.51945 -402.916
v -3.341778 -97.51955 -398.3516
v 5.786622 -97.51945 -398.3516
v 1.222422 -97.51955 -393.7872
v -3.341778 -97.51955 -398.3516
v 1.222519 -123.7628 -398.3513
v 1.222519 -123.7628 -398.3513
v 1.222423 -97.51945 -402.916
v 1.222519 -123.7628 -398.3513
v 5.786622 -97.51945 -398.3516
v 1.222519 -123.7628 -398.3513
v 1.222422 -97.51955 -393.7872
v 1.222422 -97.51955 -393.7872
v 1.222519 -123.7628 -398.3513
v 1.222519 -123.7628 -398.3513
v 1.222425 -87.06945 -406.6507
v 1.222425 -87.06945 -410.1651
v -2.292075 -87.06944 -406.6506
v 4.736825 -87.06945 -406.6506
v 1.222424 -87.06945 -403.1361
v -2.292075 -87.06944 -406.6506
v 1.222422 -105.7023 -406.6498
v 1.222422 -105.7023 -406.6498
v 1.222425 -87.06945 -410.1651
v 1.222422 -105.7023 -406.6498
v 4.736825 -87.06945 -406.6506
v 1.222422 -105.7023 -406.6498
v 1.222424 -87.06945 -403.1361
v 1.222427 -78.69435 -413.5573
v 1.222427 -78.69445 -416.5356
v -1.755973 -78.69435 -413.5573
v 4.200727 -78.69435 -413.5574
v 1.222426 -78.69435 -410.5791
v -1.755973 -78.69435 -413.5573
v 1.222425 -94.48455 -413.5573
v 1.222425 -94.48455 -413.5573
v 1.222427 -78.69445 -416.5356
v 1.222425 -94.48455 -413.5573
v 4.200727 -78.69435 -413.5574
v 1.222425 -94.48455 -413.5573
v 1.222426 -78.69435 -410.5791
v 0.671722 -97.91724 -393.1893
v 0.671819 -114.283 -390.6101
v -8.025681 -112.9913 -386.4595
v 9.368719 -112.9913 -386.4597
v 9.368718 -105.9507 -379.9273
v 0.671519 -101.9152 -376.6822
v -8.025681 -105.9507 -379.9271
v -8.025681 -112.9913 -386.4595
v 0.671616 -128.3139 -382.1378
v -5.434484 -125.7533 -379.0864
v 0.671819 -114.283 -390.6101
v 6.777516 -125.7533 -379.0866
v 9.368719 -112.9913 -386.4597
v 6.777516 -121.4603 -373.9708
v 9.368718 -105.9507 -379.9273
v 0.671516 -118.8997 -370.9193
v 0.671519 -101.9152 -376.6822
v -5.434484 -121.4603 -373.9706
v -8.025681 -105.9507 -379.9271
v 0.671913 -145.276 -375.6914
v -3.951286 -143.5604 -373.6469
v 5.294414 -143.5604 -373.647
v 5.294414 -140.7428 -370.2894
v 0.671613 -139.0273 -368.2448
v -3.951386 -140.7428 -370.2892
v 0.671909 -161.5477 -358.2012
v 0.671909 -161.5477 -358.2012
v 0.671909 -161.5477 -358.2012
v 0.671909 -161.5477 -358.2012
v 0.671909 -161.5477 -358.2012
v 0.671909 -161.5477 -358.2012
v -19.08838 -112.3979 -315.6578
v -22.34708 -112.3957 -321.2261
v -19.15888 -117.0586 -320.1815
v -20.74727 -107.364 -319.4256
v -15.89597 -106.7965 -316.5094
v -12.67618 -111.3601 -315.4292
v -14.27608 -116.3918 -317.2298
v -18.81118 -111.3639 -327.4626
v -15.52718 -115.9251 -326.3448
v -17.19847 -106.2919 -325.6476
v -12.30188 -105.781 -322.7148
v -9.119076 -110.2921 -321.6472
v -10.73178 -115.3641 -323.4622
v -12.40178 -110.4097 -327.0979
v 18.89782 -135.8714 -331.7409
v 15.07552 -128.4457 -339.1667
v 20.80881 -146.43 -334.869
v 20.80892 -132.7405 -321.1843
v 15.07552 -128.4457 -339.1667
v 35.84621 -131.5093 -336.103
v 35.84621 -131.5093 -336.103
v 20.80881 -146.43 -334.869
v 35.84621 -131.5093 -336.103
v 20.80892 -132.7405 -321.1843
v 13.79851 -148.0732 -343.5732
v 13.80061 -149.7654 -349.4531
v 18.44141 -147.7957 -347.4887
v 18.44141 -144.0798 -343.7728
v 13.80061 -142.1852 -341.8781
v 9.159714 -144.0798 -343.7728
v 9.159812 -147.7974 -347.485
v 13.78581 -144.8896 -354.2311
v 18.48971 -143.0168 -352.3582
v 18.48971 -139.2711 -348.6126
v 13.78591 -137.3983 -346.7398
v 9.198414 -139.2711 -348.6126
v 9.198413 -143.0168 -352.3582
v 13.76901 -139.1335 -352.4893
v -14.02779 -160.8244 -336.9923
v -16.49119 -157.9995 -345.236
v -11.19419 -164.0747 -345.0253
v -16.49119 -152.4627 -339.6992
v -11.19419 -152.783 -333.7337
v -5.897091 -158.7488 -333.4137
v -5.896993 -164.2853 -338.95
v -10.01209 -152.5277 -350.8427
v -4.643091 -158.5039 -350.4476
v -10.01209 -146.9466 -345.2615
v -4.643087 -147.342 -339.2856
v 0.59311 -153.2392 -338.9693
v 0.593109 -158.8201 -344.5502
v -1.905289 -150.6384 -347.1411
v -24.49269 -144.4101 -318.1487
v -28.68919 -149.1364 -317.8951
v -20.29609 -144.1565 -322.875
v -24.49269 -139.9373 -313.6758
v -20.29609 -144.1565 -322.875
v -31.05498 -138.8799 -323.6785
v -31.05498 -138.8799 -323.6785
v -28.68919 -149.1364 -317.8951
v -31.05498 -138.8799 -323.6785
v -24.49269 -139.9373 -313.6758
v 5.522519 -128.5441 -303.3177
v 5.464417 -133.2103 -307.836
v 10.46952 -132.2383 -305.1894
v 11.86412 -127.1141 -303.4813
v 8.30872 -122.7597 -304.3522
v 3.331219 -123.6306 -306.965
v 1.936618 -128.7549 -308.6732
v 8.605618 -131.8559 -314.2202
v 13.63292 -131.0387 -311.5938
v 15.03872 -125.8734 -309.8719
v 11.41722 -121.5254 -310.7765
v 6.49692 -122.3863 -313.3593
v 5.091118 -127.5515 -315.0811
v 11.30192 -126.1471 -315.1666
v 29.37791 -154.3849 -312.4518
v 27.45091 -162.7297 -306.7676
v 22.34491 -161.2074 -315.5579
v 24.50301 -153.4582 -303.4499
v 19.39711 -151.9361 -312.2402
v 17.47011 -160.2808 -306.556
v -29.85819 -166.4903 -327.0363
v -22.5899 -171.6296 -332.1755
v -22.5899 -171.63 -321.8971
v -22.58989 -161.3513 -321.8973
v -22.58989 -161.3507 -332.1757
v -15.32159 -166.4904 -327.0364
v 14.889 -184.4481 -316.4913
v 19.632 -180.6362 -314.4767
v 15.9643 -188.7073 -321.1575
v 9.070702 -184.0004 -313.8388
v 19.632 -180.6362 -314.4767
v 17.5665 -191.5144 -309.4257
v 17.5665 -191.5144 -309.4257
v 15.9643 -188.7073 -321.1575
v 17.5665 -191.5144 -309.4257
v 9.070702 -184.0004 -313.8388
v -21.2883 -183.411 -311.6145
v -21.2883 -187.4842 -312.7057
v -21.2883 -180.4289 -314.5963
v -21.2883 -182.3197 -307.5414
v -21.2883 -180.4289 -314.5963
v -28.0944 -183.4109 -311.6144
v -28.0944 -183.4109 -311.6144
v -21.2883 -187.4842 -312.7057
v -28.0944 -183.4109 -311.6144
v -21.2883 -182.3197 -307.5414
v -4.472496 -176.9147 -290.9531
v -7.837397 -182.537 -290.9837
v -4.363197 -181.6163 -295.5793
v -10.4048 -178.221 -288.3607
v -9.599295 -172.8139 -290.2298
v -6.175694 -171.808 -294.7736
v -3.608295 -176.124 -297.3966
v -13.6014 -183.3199 -295.4864
v -10.1642 -182.2451 -300.0584
v -16.1894 -178.9693 -292.8425
v -15.34009 -173.544 -294.7704
v -11.95589 -172.5496 -299.262
v -9.367896 -176.9002 -301.9059
v -15.1487 -178.1691 -299.2977
v -28.80239 -156.3063 -282.3841
v -21.28819 -163.7063 -283.689
v -21.28819 -157.6111 -274.9839
v -21.28819 -148.9063 -281.0791
v -21.28819 -155.0014 -289.7842
v -13.77399 -156.3063 -282.3841
v 22.776 -171.7394 -277.5213
v 18.02821 -175.3842 -279.6272
v 19.06361 -169.6977 -282.2446
v 17.65141 -172.6793 -273.8997
v 18.68681 -166.9928 -276.5172
v 13.93901 -170.6376 -278.6231
v -35.826 -184.3461 -281.0916
v -30.948 -189.058 -279.8292
v -30.94799 -183.0838 -276.38
v -30.94799 -179.6344 -282.3542
v -30.94799 -185.6085 -285.8034
v -26.0699 -184.3462 -281.0917
v -12.3772 -197.9951 -289.752
v -16.7477 -202.1823 -289.2015
v -15.1606 -201.0665 -294.256
v -16.7477 -198.4664 -285.4855
v -15.1604 -193.488 -286.6745
v -13.5732 -192.299 -291.6528
v -13.5734 -196.0149 -295.3718
v -23.1755 -200.6097 -290.8677
v -21.5667 -199.3567 -295.8657
v -23.1753 -196.8641 -287.1189
v -21.5665 -191.8656 -288.3716
v -19.9977 -190.6903 -293.2958
v -19.9976 -194.4357 -297.0412
v -24.2283 -194.9104 -292.8147
v 30.12 -209.1164 -281.0812
v 24.529 -214.6857 -280.5935
v 24.529 -209.6033 -286.6506
v 24.5289 -208.6295 -275.5117
v 24.5289 -203.5469 -281.5687
v 18.9379 -209.1163 -281.0811
v 23.2354 -201.3867 -264.5097
v 18.3573 -204.5222 -260.773
v 18.3574 -205.1233 -267.6452
v 18.3574 -197.6499 -261.3741
v 18.3574 -198.251 -268.2464
v 13.4793 -201.3866 -264.5096
v -26.1694 -219.1853 -275.2491
v -20.5784 -223.4684 -278.843
v -20.57841 -222.7792 -270.9661
v -20.5784 -214.9022 -271.6552
v -20.5784 -215.5914 -279.5321
v -14.9874 -219.1853 -275.2491
v 19.1629 -226.0464 -275.0798
v 19.1629 -223.9771 -277.5459
v 19.1629 -229.2168 -275.6389
v 19.1629 -224.9452 -272.0548
v 19.1629 -223.9771 -277.5459
v 24.3583 -226.0466 -275.0802
v 24.3583 -226.0466 -275.0802
v 19.1629 -229.2168 -275.6389
v 24.3583 -226.0466 -275.0802
v 19.1629 -224.9452 -272.0548
v -23.3021 -183.1576 -261.2217
v -24.9047 -190.3979 -262.8108
v -20.09699 -178.7394 -266.487
v -24.90469 -180.3355 -254.3672
v -20.09699 -178.7394 -266.487
v -34.3953 -179.8324 -265.1842
v -34.3953 -179.8324 -265.1842
v -24.9047 -190.3979 -262.8108
v -34.3953 -179.8324 -265.1842
v -24.90469 -180.3355 -254.3672
v 25.6692 -179.1822 -269.2966
v 24.12571 -175.6816 -267.5225
v 23.57441 -181.0511 -272.4435
v 29.3074 -180.814 -267.9238
v 24.12571 -175.6816 -267.5225
v 29.0724 -175.3927 -273.8134
v 29.0724 -175.3927 -273.8134
v 23.57441 -181.0511 -272.4435
v 29.0724 -175.3927 -273.8134
v 29.3074 -180.814 -267.9238
v 24.517 -207.2027 -234.1062
v 18.3574 -213.1525 -232.5121
v 18.3574 -208.7969 -240.056
v 18.3575 -205.6084 -228.1563
v 18.3574 -201.2529 -235.7003
v 12.1978 -207.2027 -234.1062
v -31.52271 -215.4404 -224.2347
v -25.3632 -215.4404 -230.3964
v -25.36311 -221.5999 -224.2345
v -25.3631 -215.4406 -218.0752
v -25.3631 -209.2808 -224.2366
v -19.20351 -215.4405 -224.2348
v 9.539491 -233.2236 -228.6569
v 8.289991 -235.5996 -234.155
v 12.49599 -232.2068 -233.8685
v 12.49589 -228.1818 -230.4911
v 8.289893 -227.3901 -227.2665
v 4.083892 -230.7031 -227.4861
v 4.083992 -234.7283 -230.8636
v 5.393393 -231.575 -238.8417
v 9.656293 -228.269 -238.665
v 9.656393 -224.2112 -235.26
v 5.393294 -223.4599 -232.0323
v 1.235693 -226.7348 -232.2494
v 1.235692 -230.7923 -235.654
v 4.178293 -225.8653 -237.4019
v 24.4143 -236.8365 -251.8266
v 18.35729 -237.3649 -245.7932
v 18.35749 -242.8697 -252.3539
v 18.35729 -230.803 -251.2991
v 18.35749 -236.3079 -257.8599
v 12.30049 -236.8359 -251.8261
v -12.76131 -234.0603 -259.4754
v -8.867907 -235.7176 -266.9229
v -4.228007 -233.5801 -260.047
v -8.868005 -226.438 -259.1365
v -13.50781 -228.575 -266.0119
v -4.974606 -228.095 -266.5838
v -20.89851 -239.2551 -232.8634
v -20.89851 -243.8838 -233.6796
v -20.89871 -236.2343 -236.4663
v -20.89851 -237.6476 -228.4467
v -20.89871 -236.2343 -236.4663
v -28.48411 -239.2554 -232.8659
v -28.48411 -239.2554 -232.8659
v -20.89851 -243.8838 -233.6796
v -28.48411 -239.2554 -232.8659
v -20.89851 -237.6476 -228.4467
v -24.09581 -218.1866 -250.6718
v -24.09581 -225.2442 -251.916
v -24.0958 -213.5797 -256.1618
v -24.0958 -215.7357 -243.9374
v -24.0958 -213.5797 -256.1618
v -35.66261 -218.1864 -250.6717
v -35.66261 -218.1864 -250.6717
v -24.09581 -225.2442 -251.916
v -35.66261 -218.1864 -250.6717
v -24.0958 -215.7357 -243.9374
v 25.07349 -229.5271 -203.8221
v 25.07349 -226.0726 -206.2409
v 25.07349 -233.349 -205.6042
v 25.07349 -229.1596 -199.621
v 25.07349 -226.0726 -206.2409
v 31.87959 -229.5271 -203.8221
v 31.87959 -229.5271 -203.8221
v 25.07349 -233.349 -205.6042
v 31.87959 -229.5271 -203.8221
v 25.07349 -229.1596 -199.621
v -22.57581 -224.4329 -207.3882
v -19.87831 -229.7851 -211.0858
v -27.97071 -220.7247 -209.9847
v -19.87841 -222.7889 -201.0941
v -27.97071 -220.7247 -209.9847
v -29.88191 -231.5652 -202.394
v -29.88191 -231.5652 -202.394
v -19.87831 -229.7851 -211.0858
v -29.88191 -231.5652 -202.394
v -19.87841 -222.7889 -201.0941
v -11.13831 -239.0752 -206.1267
v -15.66151 -240.2301 -210.0177
v -12.47412 -244.4242 -208.7796
v -13.73821 -235.3445 -210.2314
v -8.551513 -234.4601 -209.2154
v -5.326213 -238.5578 -207.9816
v -7.249514 -243.4434 -207.7679
v -14.28711 -241.1292 -216.6399
v -10.99331 -245.2201 -215.3921
v -12.34841 -236.2043 -216.855
v -7.115813 -235.3703 -215.8224
v -3.927514 -239.4208 -214.6027
v -5.866315 -244.3458 -214.3876
v -8.437815 -240.653 -218.3548
v 13.43038 -252.5049 -226.4683
v 21.30368 -249.4975 -228.5741
v 9.493782 -258.3242 -231.5787
v 9.493783 -249.6932 -219.2523
v 21.30368 -249.4975 -228.5741
v 19.35578 -262.914 -219.18
v 19.35578 -262.914 -219.18
v 9.493782 -258.3242 -231.5787
v 19.35578 -262.914 -219.18
v 9.493783 -249.6932 -219.2523
v -26.47412 -260.6111 -223.7147
v -26.47412 -264.4332 -225.497
v -26.47412 -257.1567 -226.1336
v -26.47412 -260.2433 -219.5133
v -26.47412 -257.1567 -226.1336
v -33.28041 -260.6113 -223.7149
v -33.28041 -260.6113 -223.7149
v -26.47412 -264.4332 -225.497
v -33.28041 -260.6113 -223.7149
v -26.47412 -260.2433 -219.5133
v 13.10688 -272.6347 -216.3361
v 10.19088 -275.2831 -221.019
v 10.99698 -269.943 -221.3601
v 10.99698 -266.9286 -217.0552
v 10.19108 -269.1406 -212.246
v 9.385178 -274.4162 -211.8123
v 9.385078 -277.4304 -216.1176
v 3.469579 -274.2841 -221.6325
v 4.28648 -268.9702 -222.1195
v 4.28648 -265.9317 -217.78
v 3.46968 -268.2095 -212.9566
v 2.673079 -273.4271 -212.5316
v 2.673079 -276.4654 -216.8714
v 0.67138 -270.8528 -217.5621
v 25.62578 -284.3613 -193.5998
v 18.35758 -291.6042 -194.2612
v 18.35748 -283.7278 -200.8405
v 18.35728 -284.9955 -186.3605
v 18.35728 -277.1215 -192.9678
v 11.08918 -284.3612 -193.5997
v -29.18331 -292.9327 -191.3902
v -23.39061 -297.0582 -195.5191
v -23.89741 -297.7578 -187.3409
v -23.39071 -289.5832 -186.61
v -22.88381 -288.8832 -194.7881
v -17.59811 -293.7087 -190.7387
v -31.44772 -262.1667 -185.029
v -26.21962 -263.4782 -191.1523
v -23.78172 -264.4523 -183.4287
v -26.21962 -256.8613 -181.7023
v -28.65751 -255.8872 -189.426
v -20.99162 -258.1728 -187.8257
v 29.15238 -246.6255 -202.6881
v 26.46858 -254.2185 -203.9882
v 21.24048 -247.9585 -204.1629
v 28.90639 -251.9751 -196.534
v 23.67839 -245.715 -196.7085
v 20.99448 -253.308 -198.0088
v 18.35739 -295.7782 -162.7852
v 18.35739 -291.561 -162.7853
v 18.35739 -297.8867 -166.4369
v 18.35739 -297.8865 -159.1333
v 18.35739 -291.561 -162.7853
v 25.16349 -295.7781 -162.7853
v 25.16349 -295.7781 -162.7853
v 18.35739 -297.8867 -166.4369
v 25.16349 -295.7781 -162.7853
v 18.35739 -297.8865 -159.1333
v 6.869886 -299.5299 -181.98
v 6.872087 -294.5831 -185.5811
v 11.51289 -295.7593 -183.0586
v 11.51289 -297.9803 -178.2957
v 6.871987 -299.1128 -175.8678
v 2.231087 -297.9804 -178.2962
v 2.231088 -295.7595 -183.0591
v 6.857388 -288.4296 -182.634
v 11.56129 -289.5484 -180.2343
v 11.56129 -291.7878 -175.4323
v 6.857388 -292.9072 -173.0318
v 2.269888 -291.7878 -175.4323
v 2.269889 -289.5487 -180.2339
v 6.840589 -288.0978 -176.629
v -13.59661 -301.8803 -177.9972
v -17.76672 -306.2859 -173.1269
v -14.07271 -301.2049 -170.2087
v -15.55381 -309.4463 -178.637
v -9.559515 -307.6505 -181.4464
v -5.821814 -302.6319 -178.637
v -8.034813 -299.4715 -173.1269
v -13.74131 -312.1427 -168.0507
v -9.924614 -307.0963 -165.2739
v -11.51072 -315.3285 -173.6049
v -5.463216 -313.4678 -176.382
v -1.768515 -308.5069 -173.6049
v -3.999214 -305.3212 -168.0506
v -5.967216 -312.7105 -168.7487
v -21.28822 -304.1315 -149.2793
v -21.28821 -306.2401 -152.9312
v -21.28821 -299.9145 -149.2794
v -21.28822 -306.2401 -145.6273
v -21.28821 -299.9145 -149.2794
v -28.09431 -304.1316 -149.2793
v -28.09431 -304.1316 -149.2793
v -21.28821 -306.2401 -152.9312
v -28.09431 -304.1316 -149.2793
v -21.28822 -306.2401 -145.6273
v 19.16278 -317.8533 -162.0211
v 19.16278 -314.6341 -162.0211
v 19.16278 -319.463 -164.8087
v 19.16278 -319.4629 -159.2333
v 19.16278 -314.6341 -162.0211
v 24.35828 -317.8533 -162.0211
v 24.35828 -317.8533 -162.0211
v 19.16278 -319.463 -164.8087
v 24.35828 -317.8533 -162.0211
v 19.16278 -319.4629 -159.2333
v 24.12608 -328.1813 -146.7274
v 18.35748 -333.9499 -146.7275
v 18.35748 -328.1801 -152.4945
v 18.35758 -328.1811 -140.9586
v 18.35748 -322.4115 -146.7263
v 12.58898 -328.1801 -146.726
v -27.05662 -328.1802 -146.7256
v -21.28812 -328.1803 -152.494
v -21.28812 -333.95 -146.7277
v -21.28812 -328.1801 -140.9573
v -21.28812 -322.4117 -146.7258
v -15.51962 -328.1802 -146.7257
v -20.30112 -340.3964 -166.3901
v -20.30122 -343.1168 -171.1017
v -20.30092 -334.9544 -166.3867
v -20.30112 -343.1165 -161.6785
v -20.30092 -334.9544 -166.3867
v -29.08162 -340.3965 -166.3902
v -29.08162 -340.3965 -166.3902
v -20.30122 -343.1168 -171.1017
v -29.08162 -340.3965 -166.3902
v -20.30112 -343.1165 -161.6785
v 25.37129 -363.4208 -164.1372
v 16.58719 -372.0715 -162.6115
v 16.58709 -364.9464 -172.7877
v 16.58719 -361.8953 -155.4863
v 16.58709 -354.7702 -165.6627
v 7.802994 -363.4209 -164.1371
v -13.81261 -360.281 -152.0781
v -13.81261 -362.6999 -155.5325
v -13.81261 -356.08 -152.4457
v -13.81251 -362.0631 -148.256
v -13.81261 -356.08 -152.4457
v -20.61871 -360.281 -152.0781
v -20.61871 -360.281 -152.0781
v -13.81261 -362.6999 -155.5325
v -20.61871 -360.281 -152.0781
v -13.81251 -362.0631 -148.256
v -21.2881 -349.8824 -148.563
v -21.2882 -351.9911 -152.2152
v -21.2881 -345.6653 -148.563
v -21.28811 -351.9909 -144.9108
v -21.2881 -345.6653 -148.563
v -28.0942 -349.8825 -148.563
v -28.0942 -349.8825 -148.563
v -21.2882 -351.9911 -152.2152
v -28.0942 -349.8825 -148.563
v -21.28811 -351.9909 -144.9108
v 18.35748 -341.9152 -146.1498
v 18.35758 -339.2044 -142.9191
v 18.35748 -340.473 -150.1127
v 18.35748 -346.0683 -145.4174
v 18.35758 -339.2044 -142.9191
v 25.16368 -341.9152 -146.1497
v 25.16368 -341.9152 -146.1497
v 18.35748 -340.473 -150.1127
v 25.16368 -341.9152 -146.1497
v 18.35748 -346.0683 -145.4174
v 18.35749 -386.1727 -137.879
v 18.35749 -383.4619 -134.6486
v 18.35749 -384.7305 -141.8419
v 18.35769 -390.3278 -137.1468
v 18.35749 -383.4619 -134.6486
v 25.16379 -386.1747 -137.879
v 25.16379 -386.1747 -137.879
v 18.35749 -384.7305 -141.8419
v 25.16379 -386.1747 -137.879
v 18.35769 -390.3278 -137.1468
v -29.80841 -377.578 -162.7869
v -24.08541 -373.5312 -166.8339
v -24.08531 -381.6249 -166.8335
v -24.08531 -381.6248 -158.7401
v -24.08541 -373.5311 -158.7404
v -18.36221 -377.578 -162.7871
v 10.91859 -400.4083 -150.1686
v 10.91869 -396.2072 -150.5361
v 10.91859 -402.8272 -153.6231
v 10.91869 -402.1904 -146.3465
v 10.91869 -396.2072 -150.5361
v 17.72479 -400.4082 -150.1686
v 17.72479 -400.4082 -150.1686
v 10.91859 -402.8272 -153.6231
v 17.72479 -400.4082 -150.1686
v 10.91869 -402.1904 -146.3465
v -16.71271 -403.3172 -135.5127
v -16.71272 -406.3892 -139.8999
v -16.71272 -397.9818 -135.9794
v -16.71271 -405.5805 -130.6587
v -16.71272 -397.9818 -135.9794
v -25.35651 -403.3172 -135.5127
v -25.35651 -403.3172 -135.5127
v -16.71272 -406.3892 -139.8999
v -25.35651 -403.3172 -135.5127
v -16.71271 -405.5805 -130.6587
v 17.52618 -417.0152 -143.5253
v 17.52618 -411.7879 -143.9827
v 17.52618 -420.025 -147.8237
v 17.52628 -419.2327 -138.7697
v 17.52618 -411.7879 -143.9827
v 25.99488 -417.0152 -143.5253
v 25.99488 -417.0152 -143.5253
v 17.52618 -420.025 -147.8237
v 25.99488 -417.0152 -143.5253
v 17.52628 -419.2327 -138.7697
v -18.41385 -434.8331 -151.6868
v -18.41385 -434.8331 -154.906
v -18.41375 -432.0453 -150.0771
v -18.41386 -437.6209 -150.0773
v -18.41375 -432.0453 -150.0771
v -23.60936 -434.8331 -151.6868
v -23.60936 -434.8331 -151.6868
v -18.41385 -434.8331 -154.906
v -23.60936 -434.8331 -151.6868
v -18.41386 -437.6209 -150.0773
v 3.201247 -428.2712 -142.244
v -1.580554 -433.0349 -142.6607
v -1.580553 -427.8546 -147.0076
v -1.580553 -428.688 -137.4804
v -1.580552 -423.5075 -141.8273
v -6.362353 -428.2712 -142.244
v 12.72135 -419.7247 -133.4673
v 12.72135 -415.4065 -136.4908
v 12.72135 -424.5023 -135.695
v 12.72135 -419.2651 -128.2159
v 12.72135 -415.4065 -136.4908
v 21.22905 -419.7246 -133.4673
v 21.22905 -419.7246 -133.4673
v 12.72135 -424.5023 -135.695
v 21.22905 -419.7246 -133.4673
v 12.72135 -419.2651 -128.2159
v 1.935443 -448.1147 -131.0968
v -1.580558 -451.1596 -132.8548
v -1.580557 -446.3567 -134.1418
v -1.580557 -449.8726 -128.0518
v -1.580556 -445.0697 -129.3389
v -5.096557 -448.1147 -131.0968
v 20.16894 -443.9926 -143.1567
v 20.16894 -442.683 -148.0448
v 20.16905 -440.4143 -139.5784
v 20.16894 -448.8807 -141.8469
v 20.16905 -440.4143 -139.5784
v 12.00164 -443.9926 -143.1567
v 12.00164 -443.9926 -143.1567
v 20.16894 -442.683 -148.0448
v 12.00164 -443.9926 -143.1567
v 20.16894 -448.8807 -141.8469
v 9.425341 -454.9172 -138.5994
v 9.425342 -451.4629 -141.0183
v 9.425341 -458.7391 -140.3815
v 9.425441 -454.5497 -134.3984
v 9.425342 -451.4629 -141.0183
v 16.23144 -454.9173 -138.5994
v 16.23144 -454.9173 -138.5994
v 9.425341 -458.7391 -140.3815
v 16.23144 -454.9173 -138.5994
v 9.425441 -454.5497 -134.3984
v -11.10485 -433.8108 -126.7098
v -11.10485 -438.4328 -122.0878
v -11.10485 -435.5027 -133.0236
v -11.10475 -427.4969 -125.0181
v -11.10485 -435.5027 -133.0236
v -21.65425 -433.8108 -126.7098
v -21.65425 -433.8108 -126.7098
v -11.10485 -438.4328 -122.0878
v -21.65425 -433.8108 -126.7098
v -11.10475 -427.4969 -125.0181
v 11.39994 -447.1528 -120.5376
v 11.39984 -446.2508 -123.904
v 11.39994 -450.5193 -119.6355
v 11.39994 -444.6884 -118.0732
v 11.39984 -446.2508 -123.904
v 17.02474 -447.1529 -120.5376
v 17.02474 -447.1529 -120.5376
v 11.39994 -450.5193 -119.6355
v 17.02474 -447.1529 -120.5376
v 11.39994 -444.6884 -118.0732
v -14.25326 -451.493 -110.7971
v -10.01196 -447.8737 -112.0545
v -19.43695 -450.7247 -113.0795
v -13.31096 -455.8807 -107.2573
v -19.43695 -450.7247 -113.0795
v -11.87486 -456.7744 -117.9767
v -11.87486 -456.7744 -117.9767
v -10.01196 -447.8737 -112.0545
v -11.87486 -456.7744 -117.9767
v -13.31096 -455.8807 -107.2573
v 4.70824 -466.9211 -115.5144
v -1.580461 -469.0718 -109.6049
v -1.580562 -472.8304 -117.6651
v -1.580559 -461.0116 -113.3637
v -1.58056 -464.7701 -121.424
v -7.869261 -466.921 -115.5144
v 10.32894 -466.1823 -124.1178
v 10.32894 -461.2864 -121.8349
v 10.32894 -466.6531 -129.4993
v 10.32904 -470.6073 -121.0192
v 10.32894 -461.2864 -121.8349
v 19.04754 -466.1823 -124.1179
v 19.04754 -466.1823 -124.1179
v 10.32894 -466.6531 -129.4993
v 19.04754 -466.1823 -124.1179
v 10.32904 -470.6073 -121.0192
v -10.27416 -473.6258 -122.8
v -10.27416 -477.9215 -124.803
v -10.27416 -469.7432 -125.5188
v -10.27416 -473.2127 -118.0782
v -10.27416 -469.7432 -125.5188
v -17.92396 -473.6258 -122.8
v -17.92396 -473.6258 -122.8
v -10.27416 -477.9215 -124.803
v -17.92396 -473.6258 -122.8
v -10.27416 -473.2127 -118.0782
v 5.287236 -483.1236 -120.4216
v 4.24123 -508.0945 -118.7708
v 4.24123 -509.4198 -123.7164
v 5.287336 -481.4859 -114.3095
v -0.192769 -507.4319 -116.298
v -0.192763 -480.667 -111.2534
v -4.62687 -508.0945 -118.7707
v -5.672863 -481.4858 -114.3094
v -4.62687 -509.4198 -123.7164
v -5.672864 -483.1235 -120.4215
v -0.19287 -510.0824 -126.1892
v -0.192864 -483.9424 -123.4776
v -1.230376 -539.0195 -115.4072
v -1.230376 -539.0195 -115.4072
v -1.230376 -539.0195 -115.4072
v -1.230376 -539.0195 -115.4072
v 7.564236 -482.3481 -115.8884
v 12.12803 -496.3562 -111.8823
v 13.38343 -494.3851 -107.1135
v 9.763937 -479.8061 -109.8433
v 19.40144 -493.732 -108.9834
v 16.55364 -479.1049 -112.3056
v 19.03593 -494.84 -112.944
v 16.10194 -480.4744 -117.2007
v 15.39923 -496.1521 -114.3935
v 11.60724 -482.096 -118.9921
v 12.12803 -496.3562 -111.8823
v 7.564236 -482.3481 -115.8884
v 19.97973 -511.329 -106.2653
v 19.97973 -511.329 -106.2653
v 19.97973 -511.329 -106.2653
v 19.97973 -511.329 -106.2653
v -7.947563 -482.3481 -115.8883
v -14.54167 -494.6493 -107.4909
v -12.51127 -496.3561 -111.8821
v -10.92216 -480.0704 -110.2207
v -19.78477 -493.7318 -108.9831
v -16.93696 -479.1046 -112.3054
v -19.41927 -494.8398 -112.9438
v -16.48526 -480.4742 -117.2004
v -15.78257 -496.1519 -114.3933
v -11.99056 -482.0959 -118.9919
v -12.51127 -496.3561 -111.8821
v -7.947563 -482.3481 -115.8883
v -20.36297 -511.3291 -106.2651
v -20.36297 -511.3291 -106.2651
v -20.36297 -511.3291 -106.2651
v -20.36297 -511.3291 -106.2651
v 7.649639 -475.1693 -105.0664
v 8.055638 -477.9533 -107.0978
v 20.83664 -493.7202 -90.5272
v 11.08264 -478.5033 -108.7032
v 20.83664 -493.7202 -90.5272
v 13.70374 -476.2693 -108.2771
v 13.29784 -473.4854 -106.2456
v 20.83664 -493.7202 -90.5272
v 10.27074 -472.9353 -104.6403
v 20.83664 -493.7202 -90.5272
v 3.803839 -470.6899 -103.0355
v 2.467737 -481.5443 -91.6474
v 2.467837 -484.0328 -93.3898
v 3.803838 -474.4422 -105.6628
v -0.163163 -485.277 -94.26099
v -0.163262 -476.3182 -106.9764
v -2.794163 -484.0327 -93.3898
v -4.130261 -474.4421 -105.6627
v -2.794163 -481.5442 -91.6473
v -4.13026 -470.6898 -103.0354
v -0.163162 -480.3 -90.77609
v -0.16326 -468.8137 -101.7218
v -0.199665 -495.3002 -71.8483
v -0.199665 -495.3002 -71.8483
v -0.199665 -495.3002 -71.8483
v -0.199665 -495.3002 -71.8483
v -7.949962 -475.1692 -105.0663
v -21.13606 -493.4058 -90.7468
v -8.355862 -477.9532 -107.0977
v -21.13606 -493.4058 -90.7468
v -11.38296 -478.5032 -108.703
v -14.00406 -476.2692 -108.2769
v -21.13606 -493.4058 -90.7468
v -13.59816 -473.4852 -106.2455
v -21.13606 -493.4058 -90.7468
v -10.57106 -472.9352 -104.6402
v 19.16279 -239.2551 -232.8633
v 19.16279 -237.1858 -235.3293
v 19.16279 -242.4254 -233.4223
v 19.16279 -238.154 -229.8382
v 19.16279 -237.1858 -235.3293
v 24.35829 -239.255 -232.8633
v 24.35829 -239.255 -232.8633
v 19.16279 -242.4254 -233.4223
v 24.35829 -239.255 -232.8633
v 19.16279 -238.154 -229.8382
v -29.85819 -144.6691 -292.9323
v -22.58989 -149.8086 -298.0718
v -22.58989 -149.8087 -287.7928
v -22.58988 -139.5296 -287.7926
v -22.58988 -139.5296 -298.0717
v -15.32149 -144.6691 -292.9323
v 29.37812 -134.7538 -309.4934
v 27.45091 -143.1019 -303.8079
v 22.34501 -141.5797 -312.5983
v 24.50332 -133.827 -300.4912
v 19.39742 -132.3049 -309.2819
v 17.47012 -140.653 -303.5964
v -9.800691 -159.4734 -298.778
v -14.44359 -159.1978 -302.6901
v -9.802791 -161.1658 -304.658
v -14.44359 -155.482 -298.9741
v -9.802689 -153.5874 -297.0795
v -5.16189 -155.482 -298.9742
v -5.161891 -159.1979 -302.6901
v -14.49199 -154.4187 -307.5595
v -9.78809 -156.2916 -309.4323
v -14.49199 -150.6732 -303.8138
v -9.788088 -148.8004 -301.941
v -5.200588 -150.6732 -303.8139
v -5.200589 -154.4188 -307.5595
v -9.771288 -150.5356 -307.6905
v 5.751709 -162.5923 -286.6685
v 1.004008 -166.2371 -288.7744
v 2.039309 -160.5505 -291.3918
v 0.627209 -163.5323 -283.0469
v 1.66251 -157.8457 -285.6644
v -3.085191 -161.4905 -287.7703
v 29.37781 -172.5127 -317.5331
v 27.4508 -180.8575 -311.8491
v 22.345 -179.3351 -320.6388
v 24.50291 -171.5861 -308.5314
v 19.39701 -170.0638 -317.3215
v 17.47 -178.4086 -311.6374
v 0.671702 -182.5753 -329.4791
v 0.671697 -199.2523 -332.9655
v -6.989703 -198.1787 -324.0886
v 7.763397 -198.1787 -324.0886
v 7.763299 -194.8723 -315.5555
v 0.6715 -190.8512 -308.854
v -6.989801 -194.8721 -315.5552
v -6.989703 -198.1787 -324.0886
v 0.671593 -213.8196 -321.1187
v -5.434407 -211.5347 -317.8555
v 0.671697 -199.2523 -332.9655
v 6.777593 -211.5347 -317.8555
v 7.763397 -198.1787 -324.0886
v 6.777695 -207.7038 -312.3844
v 7.763299 -194.8723 -315.5555
v 0.671495 -206.9767 -305.3223
v 0.6715 -190.8512 -308.854
v -5.434405 -207.7038 -312.3844
v -6.989801 -194.8721 -315.5552
v 0.671688 -231.281 -316.1739
v -3.951211 -229.75 -313.9875
v 5.294488 -229.7501 -313.9875
v 5.294489 -227.2357 -310.3967
v 0.67169 -225.9454 -306.5221
v -3.95121 -227.2356 -310.3967
v 0.671683 -249.0135 -300.1713
v 0.671683 -249.0135 -300.1713
v 0.671683 -249.0135 -300.1713
v 0.671683 -249.0135 -300.1713
v 0.671683 -249.0135 -300.1713
v 0.671683 -249.0135 -300.1713
v -3.091798 -195.4832 -274.3604
v 3.604802 -198.3334 -287.17
v 11.5854 -194.6579 -275.3442
v 3.604805 -182.373 -273.7775
v -4.375795 -186.0487 -285.6036
v 10.30131 -185.2234 -286.5873
v -3.431999 -197.8668 -263.2243
v 3.604803 -186.7506 -256.9697
v 11.9908 -197.5136 -261.7945
v 3.604699 -204.5915 -251.7057
v -4.7813 -193.8285 -246.8809
v 10.6415 -193.4753 -245.451
v 1.173796 -224.6536 -270.685
v 5.067096 -226.3113 -278.1328
v 9.706996 -224.1737 -271.2569
v 5.066997 -217.0318 -270.3466
v 0.427197 -219.1686 -277.2219
v 8.960398 -218.6887 -277.7938
v 0.671693 -239.8552 -271.8783
v 0.67169 -256.7726 -273.8978
v -6.98971 -254.9297 -265.1484
v 7.76339 -254.9297 -265.1484
v 7.763289 -250.8912 -256.9354
v 0.67159 -246.3003 -250.6086
v -6.98981 -250.8913 -256.9355
v -6.98971 -254.9297 -265.1484
v 0.671686 -270.2528 -260.8251
v -5.434414 -267.6924 -257.7737
v 0.67169 -256.7726 -273.8978
v 6.777686 -267.6924 -257.7737
v 7.76339 -254.9297 -265.1484
v 6.777687 -263.3994 -252.6574
v 7.763289 -250.8912 -256.9354
v 0.671687 -262.0585 -245.6844
v 0.67159 -246.3003 -250.6086
v -5.434313 -263.3993 -252.6574
v -6.98981 -250.8913 -256.9355
v 0.671582 -287.214 -254.38
v -3.951218 -285.4995 -252.334
v 5.294482 -285.4995 -252.334
v 5.294482 -282.6818 -248.9761
v 0.671683 -281.0589 -245.2289
v -3.951218 -282.6818 -248.9761
v 0.671478 -303.4854 -236.8914
v 0.671478 -303.4854 -236.8914
v 0.671478 -303.4854 -236.8914
v 0.671478 -303.4854 -236.8914
v 0.671478 -303.4854 -236.8914
v 0.671478 -303.4854 -236.8914
v -7.239308 -236.7057 -249.7954
v -6.387011 -247.797 -244.3821
v -16.36571 -244.9503 -251.1167
v -8.146608 -237.6732 -237.4956
v -18.12531 -234.8272 -244.2308
v -17.27291 -245.9175 -238.8167
v 24.41449 -253.6021 -240.649
v 18.35759 -254.1299 -234.615
v 18.35759 -259.6363 -241.1771
v 18.35749 -247.568 -240.121
v 18.35759 -253.0743 -246.683
v 12.30059 -253.6021 -240.6489
v -7.239404 -214.6393 -240.1315
v -6.387107 -225.7289 -234.717
v -16.36591 -222.8835 -241.4527
v -8.146706 -215.6059 -227.8331
v -18.1254 -212.76 -234.5662
v -17.27311 -223.8499 -229.1519
v 28.78078 -264.4704 -193.8862
v 20.49498 -272.7242 -194.6075
v 20.49498 -263.7476 -202.1396
v 20.49478 -265.1928 -185.632
v 20.49479 -256.2162 -193.1642
v 12.20898 -264.4702 -193.8859
v -11.76662 -275.9052 -187.2247
v -8.98602 -273.0253 -198.8814
v -0.114121 -276.7078 -191.1588
v -3.343219 -267.8436 -183.2261
v -12.21522 -264.163 -190.9487
v -0.562618 -264.9655 -194.8828
v 5.287277 -285.9937 -215.985
v 4.241273 -306.0725 -210.6483
v 4.241271 -307.3978 -215.5941
v 5.287277 -287.0201 -207.7937
v -0.192827 -305.4099 -208.1754
v -0.192823 -286.4233 -204.7843
v -4.626827 -306.0725 -210.6483
v -5.672924 -287.0201 -207.7937
v -4.626929 -307.3978 -215.5941
v -5.672924 -285.9937 -215.9849
v -0.192828 -308.0604 -218.0669
v -0.192824 -286.4003 -222.9765
v -1.230332 -330.9473 -207.0907
v -1.230332 -330.9473 -207.0907
v -1.230332 -330.9473 -207.0907
v -1.230332 -330.9473 -207.0907
v -30.00331 -279.9144 -165.6833
v -21.28831 -282.1699 -174.101
v -21.28821 -288.3323 -163.4275
v -21.28831 -277.6588 -157.2656
v -21.28831 -271.4965 -167.9394
v -12.57331 -279.9145 -165.6836
v -29.18341 -274.4505 -172.258
v -23.39091 -278.2008 -176.7303
v -23.89761 -279.6105 -168.6448
v -23.39091 -271.5304 -167.2043
v -22.88411 -270.1207 -175.2899
v -17.59831 -275.2808 -171.6767
v 24.12588 -308.3901 -159.1691
v 18.35748 -313.3858 -162.053
v 18.35739 -305.5059 -164.1645
v 18.35738 -311.2743 -154.1735
v 18.35739 -303.3943 -156.285
v 12.58888 -308.3901 -159.1689
v -28.38342 -328.1805 -159.6728
v -21.28812 -330.0169 -166.5262
v -21.28822 -335.0353 -157.8394
v -21.28812 -326.3439 -152.8197
v -21.28812 -321.327 -161.5093
v -14.19282 -328.1804 -159.673
v 4.022583 -321.8844 -182.611
v 3.21768 -336.893 -188.111
v 3.21768 -335.546 -191.8117
v 4.022582 -326.1452 -177.9027
v -0.19312 -337.5665 -186.2605
v -0.192818 -327.0968 -175.7432
v -3.60392 -336.893 -188.1109
v -4.408318 -326.1452 -177.9028
v -3.60392 -335.546 -191.8115
v -4.408317 -321.8844 -182.6111
v -0.19312 -334.8725 -193.6616
v -0.192917 -319.0565 -187.1964
v -0.990923 -354.1363 -196.8414
v -0.990923 -354.1363 -196.8414
v -0.990923 -354.1363 -196.8414
v -0.990923 -354.1363 -196.8414
v -29.18352 -326.0114 -174.5671
v -23.39102 -328.4765 -179.8578
v -23.89772 -331.9307 -172.4125
v -23.39072 -324.4971 -168.9261
v -22.88392 -321.0426 -176.3714
v -17.59812 -326.962 -174.2168
v 4.120379 -340.497 -171.2378
v 7.944077 -345.7409 -157.8171
v -0.354424 -354.0661 -166.9855
v -1.94552 -334.6434 -158.9424
v -10.24402 -342.9686 -168.111
v -6.420423 -348.2126 -154.6903
v -31.35361 -364.8256 -143.5484
v -24.08531 -359.6862 -148.6881
v -24.08531 -369.9652 -148.6879
v -24.08531 -369.965 -138.4088
v -24.08531 -359.6859 -138.4089
v -16.81701 -364.8256 -143.5485
v -10.25801 -369.7628 -139.7812
v -4.534907 -365.7161 -143.8282
v -4.534909 -373.8098 -143.8281
v -4.534808 -373.8096 -135.7343
v -4.534807 -365.7159 -135.7343
v 1.188192 -369.7628 -139.7812
v 7.51189 -380.1404 -138.4069
v 9.704191 -378.8208 -135.0546
v 9.127091 -379.7232 -142.28
v 3.70449 -381.877 -137.886
v 9.704191 -378.8208 -135.0546
v 10.38829 -386.2853 -137.8692
v 10.38829 -386.2853 -137.8692
v 9.127091 -379.7232 -142.28
v 10.38829 -386.2853 -137.8692
v 3.70449 -381.877 -137.886
v 2.336485 -407.2056 -162.4277
v -3.681615 -407.7305 -165.4673
v 0.182486 -402.2819 -166.5335
v -3.343514 -406.6622 -158.7982
v 0.520487 -401.2137 -159.8648
v -5.497514 -401.7386 -162.9041
v -5.873911 -387.6066 -153.6644
v -9.569312 -396.9026 -157.7873
v -14.95871 -387.6856 -159.5406
v -10.04081 -395.1494 -147.121
v -15.43021 -385.9324 -148.8742
v -19.12561 -395.2284 -152.9972
v -20.16732 -420.8101 -159.773
v -19.22052 -414.0111 -164.0608
v -13.51922 -419.7522 -164.2666
v -13.02042 -419.5463 -156.1909
v -18.72172 -413.8051 -155.985
v -12.07362 -412.7472 -160.4786
v -9.777457 -445.77 -149.7495
v -13.91466 -445.0534 -149.3573
v -8.340558 -448.1459 -152.9235
v -7.077057 -444.1105 -146.9678
v -8.340558 -448.1459 -152.9235
v -9.184257 -440.216 -153.6386
v -9.184257 -440.216 -153.6386
v -13.91466 -445.0534 -149.3573
v -9.184257 -440.216 -153.6386
v -7.077057 -444.1105 -146.9678
v 0.055085 -407.976 -135.0516
v 1.861784 -413.9684 -137.6129
v -4.468715 -411.7244 -138.4008
v 1.307984 -413.1802 -130.9192
v -5.022515 -410.9363 -131.7072
v -3.215816 -416.9287 -134.2684
v 1.710347 -429.8995 -129.2174
v 5.847547 -429.183 -128.8252
v 0.273446 -432.2755 -132.3914
v -0.990053 -428.24 -126.4356
v 0.273446 -432.2755 -132.3914
v 2.303546 -435.4536 -125.3284
v 2.303546 -435.4536 -125.3284
v 5.847547 -429.183 -128.8252
v 2.303546 -435.4536 -125.3284
v -0.990053 -428.24 -126.4356
vn 0.62402 0.572418 0.531917
vn 0.74009 -0.061499 0.66969
vn 0.913861 0.338785 0.223791
vn 0.761285 0.612088 0.213996
vn 0.656571 -0.474179 0.586574
vn 0.916548 -0.37232 0.146008
vn 0.862922 -0.490612 -0.121103
vn 0.768789 -0.450393 -0.453993
vn 0.865782 0.180096 -0.46689
vn -0.126201 0.206802 0.970209
vn 0.049401 0.76602 0.640916
vn -0.049501 0.958428 -0.281008
vn -0.135097 -0.532186 0.835779
vn -0.051701 -0.502009 -0.863316
vn -0.235102 -0.796607 0.556905
vn -0.177409 0.080404 -0.980847
vn -0.997926 0.041401 0.049301
vn -0.341412 0.538119 -0.770627
vn 0.361796 0.310896 -0.87889
vn -0.266201 -0.0522 -0.962503
vn -0.846855 0.043603 -0.530034
vn -0.84639 0.478794 -0.233197
vn -0.290308 0.904225 -0.313209
vn 0.342823 0.741749 -0.576438
vn 0.735903 -0.441202 -0.513602
vn 0.819417 -0.221405 -0.528711
vn -0.0449 -0.714694 -0.697994
vn -0.155606 -0.847832 -0.506919
vn -0.793398 -0.607798 -0.0332
vn -0.806554 -0.561668 0.18439
vn -0.655497 -0.0018 0.755196
vn -0.570125 0.096804 0.815835
vn 0.1395 0.420299 0.896598
vn 0.323311 0.465416 0.823928
vn 0.896726 0.34381 0.278708
vn 0.960269 0.247892 0.128196
vn 0.896112 -0.172803 -0.408805
vn 0.0818 -0.7228 -0.686199
vn -0.754716 -0.642614 -0.132103
vn -0.75461 -0.0247 0.655708
vn 0.0384 0.487101 0.872501
vn 0.829257 0.417178 0.371881
vn 0.991667 0.085797 -0.096097
vn 0.545873 -0.707165 -0.449378
vn -0.371286 -0.909965 -0.184693
vn -0.842602 -0.319801 0.433301
vn -0.39681 0.473212 0.786519
vn 0.52031 0.676012 0.52181
vn -0 0 1
vn 0.76918 -0.163796 0.617684
vn 0.417099 -0.890899 -0.1798
vn 0.701255 0.567544 -0.431434
vn 0.0031 -0.086802 -0.996221
vn -0.747805 -0.663604 0.0204
vn -0.713011 0.543308 -0.443207
vn -0.729718 0.241406 0.639715
vn -0.052198 0.955758 0.289487
vn -0.118596 0.064198 0.990865
vn -0.713011 0.543308 -0.443207
vn 0.701255 0.567544 -0.431434
vn 0.0031 -0.086802 -0.996221
vn -0.052198 0.955758 0.289487
vn -0.348894 0.895384 -0.276695
vn 0.488389 0.685485 0.539988
vn 0.703828 0.651125 -0.284011
vn -0.264308 0.204406 0.942528
vn 0.759349 -0.570961 0.312079
vn 0.512988 0.215595 -0.83088
vn -0.040698 -0.201892 -0.978562
vn -0.583494 -0.812091 -0.0066
vn -0.947192 0.146399 -0.285298
vn -0.80889 -0.218397 0.545893
vn -0.348894 0.895384 -0.276695
vn -0.040698 -0.201892 -0.978562
vn -0.947192 0.146399 -0.285298
vn 0.512988 0.215595 -0.83088
vn 0.703828 0.651125 -0.284011
vn 0.759349 -0.570961 0.312079
vn -0.80889 -0.218397 0.545893
vn -0.583494 -0.812091 -0.0066
vn -0.264308 0.204406 0.942528
vn 0.488389 0.685485 0.539988
vn 1 -0 0
vn -0 -0.642817 0.76602
vn -0 -0.76602 -0.642817
vn 0 0.76602 0.642817
vn 0 0.642817 -0.76602
vn -1 0 -0
vn 1 -0 0
vn -0 -0.642817 0.76602
vn -0 -0.76602 -0.642817
vn 0 0.76602 0.642817
vn 0 0.642817 -0.76602
vn -1 0 -0
vn -0.0001 -0.642493 0.766292
vn 0.124902 -0.960415 -0.249004
vn 0.838866 -0.531879 0.115796
vn 0.709968 0.153193 0.687369
vn -0.127098 0.414594 0.901087
vn -0.840085 -0.0134 0.54229
vn -0.716591 -0.696791 -0.0313
vn -0.134697 -0.401992 -0.905682
vn 0.708065 -0.147993 -0.690465
vn 0.834709 0.538805 -0.113801
vn 0.122803 0.962923 0.240206
vn -0.708363 0.705464 0.023299
vn -0.836207 0.0212 -0.548004
vn -0.0051 0.642867 -0.765961
vn -0.223796 0.801187 -0.554991
vn 0.792179 0.602484 0.097297
vn 0.796669 -0.137895 -0.588476
vn -0.043401 -0.276905 -0.959917
vn 0.519694 0.303596 -0.798591
vn 0.753064 0.62497 -0.20569
vn 0.863275 -0.125097 -0.488986
vn -0.246394 0.958578 0.142896
vn 0.171297 0.447191 0.877882
vn 0.92234 -0.155707 0.353616
vn 0.810535 -0.575325 -0.109705
vn -0.098603 -0.984928 -0.142104
vn 0.882207 0.460804 0.096801
vn 0.75667 -0.387785 -0.526379
vn -0.694901 -0.514301 -0.502601
vn -0.345782 0.806857 0.478975
vn -0.605704 -0.144801 0.782404
vn -0.119203 -0.912421 -0.391509
vn 0.816212 -0.554808 0.161203
vn 0.690783 0.40009 0.602285
vn -0.62402 0.572419 0.531917
vn -0.913892 0.338697 0.223798
vn -0.74009 -0.061499 0.66969
vn -0.761285 0.612088 0.213996
vn -0.916535 -0.372314 0.146105
vn -0.656571 -0.474179 0.586574
vn -0.768789 -0.450393 -0.453993
vn -0.862922 -0.490612 -0.121103
vn -0.865782 0.180096 -0.466891
vn 0.126201 0.206802 0.970209
vn -0.049401 0.76602 0.640916
vn 0.049502 0.958428 -0.281008
vn 0.135097 -0.532186 0.835779
vn 0.051701 -0.502009 -0.863316
vn 0.235102 -0.796607 0.556906
vn 0.177409 0.080404 -0.980847
vn 0.997926 0.041401 0.049301
vn 0.341412 0.538119 -0.770627
vn 0.266201 -0.0522 -0.962503
vn -0.361883 0.310885 -0.878858
vn 0.84681 0.0436 -0.530106
vn 0.84639 0.478794 -0.233197
vn 0.290308 0.904224 -0.313209
vn -0.342911 0.741724 -0.576419
vn -0.735903 -0.441202 -0.513602
vn 0.0449 -0.714694 -0.697994
vn -0.819417 -0.221405 -0.528711
vn 0.155606 -0.847832 -0.506919
vn 0.793397 -0.607798 -0.0332
vn 0.806554 -0.561668 0.18439
vn 0.655497 -0.0018 0.755196
vn 0.570125 0.096804 0.815835
vn -0.1395 0.420299 0.896598
vn -0.323311 0.465416 0.823928
vn -0.896701 0.3438 0.2788
vn -0.960268 0.247892 0.128196
vn -0.0818 -0.722702 -0.686302
vn -0.896112 -0.172802 -0.408806
vn 0.754716 -0.642614 -0.132103
vn 0.754612 -0.0246 0.65571
vn -0.038402 0.487024 0.872544
vn -0.829257 0.417178 0.37188
vn -0.545873 -0.707165 -0.449378
vn -0.991667 0.085797 -0.096097
vn 0.371286 -0.909965 -0.184693
vn 0.842602 -0.319801 0.433301
vn 0.39681 0.473212 0.786519
vn -0.52031 0.676013 0.521809
vn -0 0 1
vn -0.76918 -0.163796 0.617684
vn -0.701215 0.567612 -0.43141
vn -0.4171 -0.890899 -0.1798
vn -0.003 -0.086802 -0.996221
vn 0.747805 -0.663605 0.0204
vn 0.713011 0.543308 -0.443207
vn 0.729718 0.241406 0.639715
vn 0.052198 0.955758 0.289487
vn 0.118596 0.064198 0.990865
vn 0.713011 0.543308 -0.443207
vn -0.003 -0.086802 -0.996221
vn -0.701215 0.567612 -0.43141
vn 0.052198 0.955758 0.289487
vn 0.348884 0.895359 -0.276788
vn -0.703828 0.651125 -0.284011
vn -0.488389 0.685485 0.539988
vn 0.264308 0.204406 0.942528
vn -0.513073 0.215489 -0.830856
vn -0.759349 -0.570961 0.312079
vn 0.040599 -0.201893 -0.978566
vn 0.583494 -0.812091 -0.0066
vn 0.947192 0.146399 -0.285297
vn 0.80889 -0.218397 0.545893
vn 0.348884 0.895359 -0.276788
vn 0.947192 0.146399 -0.285297
vn 0.040599 -0.201893 -0.978566
vn -0.513073 0.215489 -0.830856
vn -0.703828 0.651125 -0.284011
vn -0.759349 -0.570961 0.312079
vn 0.583494 -0.812091 -0.0066
vn 0.80889 -0.218397 0.545893
vn 0.264308 0.204406 0.942528
vn -0.488389 0.685485 0.539988
vn -1 0 -0
vn -0 -0.76602 -0.642817
vn -0 -0.642817 0.76602
vn 0 0.76602 0.642817
vn 0 0.642817 -0.76602
vn 1 -0 0
vn -1 0 -0
vn -0 -0.76602 -0.642817
vn -0 -0.642817 0.76602
vn 0 0.76602 0.642817
vn 0 0.642817 -0.76602
vn 1 -0 0
vn 0.0001 -0.642493 0.766292
vn -0.838867 -0.531878 0.115795
vn -0.125001 -0.960403 -0.249001
vn -0.709969 0.153193 0.687369
vn 0.127098 0.414594 0.901087
vn 0.840085 -0.0134 0.54229
vn 0.716591 -0.696791 -0.031299
vn -0.708114 -0.148003 -0.690413
vn 0.134599 -0.401997 -0.905694
vn -0.834708 0.538805 -0.113801
vn -0.122803 0.962923 0.240206
vn 0.708362 0.705462 0.023399
vn 0.836205 0.0213 -0.548003
vn 0.005 0.642916 -0.76592
vn 0.223797 0.801187 -0.554991
vn -0.796668 -0.137895 -0.588477
vn -0.792179 0.602484 0.097297
vn 0.043401 -0.276905 -0.959917
vn -0.519694 0.303597 -0.798591
vn -0.863275 -0.125096 -0.488986
vn -0.753063 0.62497 -0.20569
vn 0.246398 0.958591 0.142799
vn -0.171297 0.447191 0.877883
vn -0.92234 -0.155707 0.353615
vn -0.810535 -0.575325 -0.109705
vn 0.098603 -0.984929 -0.142104
vn -0.882207 0.460804 0.096801
vn -0.75667 -0.387784 -0.526379
vn 0.694901 -0.514301 -0.502601
vn 0.345782 0.806857 0.478975
vn 0.605703 -0.144801 0.782404
vn -0.816212 -0.554808 0.161202
vn 0.119104 -0.912432 -0.391513
vn -0.690783 0.40009 0.602285
vn 0 1 -0
vn 0 1 -0
vn 0 1 -0
vn 0 1 -0
vn 0 1 -0
vn -0.985218 -0.171303 -0
vn -0.701816 -0.122103 -0.701816
vn -0.701816 -0.122103 0.701816
vn 0 -0.1714 -0.985202
vn 0.701816 -0.122103 -0.701816
vn 0.985218 -0.171303 0
vn 0.701816 -0.122103 0.701816
vn -0 -0.171303 0.985218
vn -0 -0.171303 0.985218
vn -0.701816 -0.122103 0.701816
vn 0.701816 -0.122103 0.701816
vn -0 0 1
vn 0 1 -0
vn 0 1 -0
vn 0 1 -0
vn 0 1 -0
vn 0 1 -0
vn -0.982665 -0.185393 -0
vn -0.700901 -0.1322 -0.700901
vn -0.700901 -0.1322 0.7009
vn 0 -0.185394 -0.982664
vn 0.700901 -0.1322 -0.7009
vn 0.982683 -0.185297 0
vn 0.700901 -0.1322 0.700901
vn -0 -0.185297 0.982683
vn -0 0 1
vn 0 1 -0
vn 0 1 -0
vn 0 1 -0
vn 0 1 -0
vn 0 1 -0
vn -0.982665 -0.185393 -0
vn -0.700901 -0.1322 -0.700901
vn -0.700901 -0.1322 0.7009
vn 0 -0.185297 -0.982683
vn 0.700901 -0.1322 -0.7009
vn 0.982683 -0.185297 0
vn 0.700901 -0.1322 0.700901
vn -0 -0.185297 0.982683
vn -0 0 1
vn 0 0.710996 -0.703196
vn 0 -0.155701 -0.987804
vn -0.719501 0.1089 -0.685901
vn 0.719501 0.1089 -0.6859
vn 0.744414 0.662013 -0.087102
vn 0 0.971899 0.2354
vn -0.744414 0.662013 -0.087102
vn -0.755823 -0.418213 -0.503815
vn 0.007 -0.449002 -0.893504
vn -0.878734 -0.274311 -0.390615
vn 0.198601 -0.525003 -0.827605
vn 0.869915 -0.292905 -0.396807
vn 0.934167 -0.29839 -0.195693
vn 0.836677 0.031599 0.546785
vn 0.725782 0.150396 0.671283
vn -0.0002 0.220709 0.97534
vn -0.189597 0.303794 0.933682
vn -0.846804 0.077001 0.526302
vn -0.91009 0.0035 0.414395
vn -0.122306 -0.510825 -0.850941
vn -0.919037 -0.281111 -0.276311
vn 0.811978 -0.338391 -0.475587
vn 0.896278 0.048899 0.440789
vn 0.1105 0.245401 0.963103
vn -0.775105 0.089201 0.625504
vn -0.497101 -0.635301 -0.591001
vn -0.981518 -0.146603 0.123002
vn 0.497177 -0.63527 -0.590972
vn 0.981518 -0.146603 0.123002
vn 0.485318 0.356113 0.79853
vn -0.485318 0.356113 0.79853
vn -0 0 1
vn -0.496602 -0.1478 0.855302
vn -0.996548 -0.023901 -0.079504
vn -0.571213 -0.820418 0.025101
vn -0.633901 0.728901 0.2586
vn 0.150802 0.694707 0.703307
vn 0.574599 -0.0984 0.812498
vn 0.217503 -0.853013 0.474407
vn -0.524382 -0.151095 -0.83797
vn 0.071301 -0.793017 -0.605013
vn -0.371089 0.709079 -0.599583
vn 0.371303 0.918806 -0.133901
vn 0.955903 0.2782 0.0941
vn 0.803971 -0.577979 -0.139895
vn 0.500929 0.146208 -0.853049
vn -0.939691 -0.241797 0.241898
vn -0.939691 -0.241797 0.241898
vn -0.939714 -0.241703 0.241904
vn -0.939714 -0.241803 0.241804
vn 0.204188 0.692159 -0.692259
vn 0.114697 0.973874 0.195995
vn 0.114704 -0.196207 -0.973831
vn 0.64032 -0.675622 -0.365412
vn 0.604816 -0.563015 0.563215
vn 0.640274 0.365585 0.675572
vn 0 0 1
vn -0 -0.706657 0.707557
vn 0.125 -0.935102 -0.331601
vn 0.838978 -0.539786 0.068898
vn 0.710123 0.092903 0.697922
vn -0.127097 0.334793 0.933681
vn -0.840086 -0.060299 0.539091
vn -0.716615 -0.691414 -0.091702
vn -0.134702 -0.321703 -0.93721
vn 0.708098 -0.0873 -0.700697
vn 0.834746 0.546629 -0.066304
vn 0.122804 0.938326 0.323209
vn -0.708399 0.700699 0.0848
vn -0.836236 0.068903 -0.544024
vn -0.0051 0.707297 -0.706898
vn -0.642685 -0.541486 0.541987
vn -0.919397 -0.087399 -0.383499
vn -0.369991 -0.807679 -0.459088
vn -0.819028 0.486217 0.30461
vn -0.175005 0.34691 0.921426
vn 0.371011 -0.372311 0.850726
vn 0.276399 -0.946998 0.1637
vn -0.263688 0.162892 -0.950755
vn 0.38301 -0.454812 -0.804021
vn -0.360821 0.854351 -0.374022
vn 0.185592 0.922157 0.339384
vn 0.822606 0.306702 0.478803
vn 0.919216 -0.382807 -0.092202
vn 0.646636 0.53953 -0.53923
vn 0.642778 -0.541681 0.541681
vn 0.642778 -0.541681 0.541681
vn 0.642778 -0.541681 0.541681
vn 0.642778 -0.541681 0.541681
vn 0.225405 0.319407 -0.92042
vn -0.19021 -0.515126 -0.835742
vn 0.443498 0.873995 -0.198599
vn -0.902515 -0.349805 -0.251204
vn -0.823922 0.122004 0.553415
vn -0.338497 0.886393 0.315797
vn 0 0 1
vn -0.433017 -0.176507 0.883935
vn -0.300496 -0.942387 0.146998
vn 0.456796 -0.678594 0.575195
vn 0.569302 0.1869 0.800602
vn -0.069301 0.793809 0.604206
vn -0.826595 0.532797 0.181299
vn -0.942609 -0.330403 -0.0482
vn -0.150593 -0.693068 -0.704967
vn 0.661825 -0.685426 -0.303611
vn 0.995491 0.093499 0.016
vn 0.517684 0.852873 -0.067898
vn -0.285994 0.837683 -0.465291
vn -0.620508 0.063701 -0.781609
vn 0.428692 0.178796 -0.885582
vn 0.819122 0.40561 -0.405611
vn 0.554007 -0.74251 0.376505
vn -0.148502 -0.533108 -0.832912
vn 0.148502 0.533108 0.832912
vn -0.554007 0.74251 -0.376505
vn -0.819155 -0.405577 0.405577
vn -1 0 0
vn -0 -0.707107 -0.707107
vn -0 -0.707107 0.707107
vn 0 0.707107 0.707107
vn 0 0.707107 -0.707107
vn 1 -0 -0
vn -0.258806 0.683015 -0.683015
vn -0.258806 0.683015 -0.683015
vn -0.258806 0.683015 -0.683015
vn -0.258806 0.683015 -0.683015
vn 0.765321 0.145804 0.626917
vn -0.083596 0.432682 0.897663
vn 0.943593 -0.268898 -0.193199
vn 0.278913 -0.924643 -0.259312
vn -0.630199 -0.770199 -0.0982
vn -0.635275 -0.300388 0.711472
vn 0 0 1
vn 1 -0 -0
vn 1 -0 -0
vn 1 -0 -0
vn 1 -0 -0
vn -0.526686 0.601083 -0.601083
vn -0.295894 -0.247195 -0.922682
vn -0.295887 0.922659 0.247289
vn -0.526696 -0.821092 -0.219998
vn -0.295917 -0.675438 0.675438
vn -0.526695 0.219998 0.821093
vn 0 0 1
vn 0.784812 0.095001 0.612409
vn 0.134298 -0.750491 0.647092
vn 0.687995 -0.721995 -0.073399
vn -0.217499 0.0115 0.975993
vn -0.0201 0.804803 0.593202
vn 0.534501 0.836301 -0.1221
vn 0.886606 0.0774 -0.456003
vn -0.387306 -0.919313 -0.069701
vn 0.118502 -0.633014 -0.765017
vn -0.846868 -0.317287 0.426784
vn -0.797488 0.559692 0.225296
vn -0.294208 0.835822 -0.463512
vn 0.165409 0.238912 -0.95685
vn -0.782819 -0.091302 -0.615515
vn -1 0 0
vn -0 -0.984799 -0.1737
vn -0 -0.1737 0.984799
vn 0 0.984799 0.1737
vn 0 0.1737 -0.984799
vn 1 -0 -0
vn 0.984805 -0.122801 0.122801
vn -0.073396 -0.935145 -0.346579
vn 0.157392 0.332284 -0.929955
vn -0.157392 -0.332284 0.929955
vn 0.073396 0.935145 0.346579
vn -0.984805 0.122801 -0.122801
vn -1 0 -0
vn -0 -0.965929 0.258808
vn -0 0.258808 0.965929
vn 0 0.965929 -0.258808
vn 0 -0.258808 -0.965929
vn 1 -0 0
vn 0.939737 -0.24151 0.24201
vn 0.117594 -0.897058 0.42598
vn 0.358209 -0.819621 -0.447111
vn 0.159398 -0.179897 0.970685
vn 0.441583 0.616176 0.652175
vn 0.685803 0.694902 -0.216301
vn 0.643517 -0.018001 -0.76522
vn -0.649788 -0.759585 -0.028399
vn -0.363096 -0.434595 -0.82419
vn -0.692884 -0.209695 0.689884
vn -0.450714 0.65442 0.607118
vn -0.166995 0.96877 -0.183295
vn -0.121199 0.422995 -0.89799
vn -0.937958 0.245289 -0.245089
vn 1 -0 0
vn -0 -0.9962 0.0871
vn 0 -0.087199 -0.996191
vn -0 0.087199 0.996191
vn 0 0.9962 -0.0871
vn -1 0 -0
vn 1 -0 0
vn -0 -0.642817 0.76602
vn -0 -0.76602 -0.642817
vn 0 0.76602 0.642817
vn 0 0.642817 -0.76602
vn -1 0 -0
vn -1 0 -0
vn -0 -0.76602 -0.642817
vn -0 -0.642817 0.76602
vn 0 0.76602 0.642817
vn 0 0.642817 -0.76602
vn 1 -0 0
vn -1 0 -0
vn -1 0 -0
vn -1 0 -0
vn -1 0 -0
vn 0.526693 0.546392 -0.651191
vn 0.295997 0.94069 0.165798
vn 0.295904 -0.326704 -0.897611
vn 0.526717 -0.837127 -0.147605
vn 0.295909 -0.614019 0.731723
vn 0.526772 0.290685 0.798758
vn -0 0 1
vn 0.906308 -0.271703 0.323703
vn 0.906308 -0.271703 0.323703
vn 0.906308 -0.271703 0.323703
vn 0.906308 -0.271703 0.323703
vn -0.118098 0.638288 -0.760685
vn -0.066401 -0.275105 -0.959118
vn -0.066301 0.992323 0.104402
vn -0.65698 -0.668479 -0.348589
vn -0.671879 -0.476085 0.567382
vn -0.65698 0.459386 0.597781
vn -0 0 1
vn -0.499997 -0.556696 0.663395
vn -0.499997 -0.556696 0.663395
vn -0.499997 -0.556696 0.663395
vn -0.499997 -0.556696 0.663395
vn -0.047901 0.998819 0.0082
vn 0.622457 0.588059 0.516464
vn -0.676208 0.534307 -0.507207
vn -0.159005 -0.083603 -0.983732
vn 0.497534 -0.628243 -0.59814
vn 0.996711 -0.035801 -0.072701
vn -0 0 1
vn 1 -0 0
vn -0 -0.965929 0.258808
vn 0 -0.258808 -0.965929
vn -0 0.258808 0.965929
vn 0 0.965929 -0.258808
vn -1 0 -0
vn -1 0 0.0001
vn 0 -0.0001 -1
vn -0 -1 0.0001
vn -0 0.0001 1
vn 0 1 -0
vn 1 -0 0.0001
vn 0.422519 -0.582326 0.694532
vn 0.293512 -0.900837 -0.319913
vn 0.942247 -0.278114 -0.186609
vn 0.824393 0.371897 0.426696
vn 0.063898 0.405689 0.911775
vn -0.582201 -0.2161 0.783801
vn -0.470189 -0.86598 0.170296
vn -0.306103 -0.465004 -0.830706
vn 0.458426 0.018001 -0.88855
vn 0.57341 0.739412 -0.352806
vn -0.072598 0.970076 0.231694
vn -0.826071 0.486783 0.28399
vn -0.941039 -0.232109 -0.24611
vn -0.427314 0.581219 -0.692523
vn 1 -0 0
vn -0 -0.0871 0.9962
vn -0 -0.996191 -0.087199
vn 0 0.996191 0.087199
vn 0 0.087199 -0.996191
vn -1 0 -0
vn -0.642805 -0.492404 0.586805
vn -0 -0.76602 -0.642817
vn 0.766052 -0.413128 0.492433
vn 0 0.76602 0.642817
vn -0.76602 0.413211 -0.492413
vn 0.642805 0.492404 -0.586805
vn 1 -0 0
vn 1 -0 0
vn 1 -0 0
vn 1 -0 0
vn -0.526716 0.546217 -0.65132
vn -0.29581 -0.327011 -0.89753
vn -0.295997 0.94069 0.165798
vn -0.526601 -0.837201 -0.1476
vn -0.296092 -0.613983 0.73168
vn -0.526913 0.290808 0.79862
vn -0 0 1
vn 1 -0 0
vn 1 -0 0
vn 1 -0 0
vn 1 -0 0
vn -0.526693 0.546393 -0.651191
vn -0.295904 -0.326704 -0.897611
vn -0.295901 0.940702 0.1659
vn -0.526718 -0.837127 -0.147605
vn -0.295909 -0.614019 0.731723
vn -0.5267 0.2907 0.7988
vn -0 0 1
vn -1 0 0
vn -1 0 0
vn -1 0 0
vn -1 0 0
vn 0.5267 0.6963 -0.4876
vn 0.295905 0.865714 0.403707
vn 0.295894 -0.083299 -0.951582
vn 0.526693 -0.77039 -0.359295
vn 0.295892 -0.782478 0.547884
vn 0.526707 0.074101 0.846811
vn 0 0 1
vn 0.642794 0.627493 -0.439396
vn 0.642794 0.627493 -0.439396
vn 0.642794 0.627493 -0.439396
vn 0.642794 0.627493 -0.439396
vn -0.989729 0.117104 -0.082002
vn -0.556093 -0.408695 -0.723691
vn -0.556075 0.540276 0.631572
vn -0.013001 -0.976547 -0.21491
vn 0.541487 -0.688684 0.482189
vn -0.0129 -0.131996 0.991166
vn 0 0 1
vn -0.211107 0.125805 0.969333
vn -0.973153 0.034802 0.227512
vn -0.531196 -0.735993 0.419696
vn -0.529295 0.819392 0.220098
vn 0.3539 0.843 0.4051
vn 0.795611 0.076901 0.600908
vn 0.357095 -0.70979 0.607191
vn -0.754054 -0.32728 -0.569465
vn -0.111805 -0.928838 -0.353214
vn -0.540612 0.550312 -0.636314
vn 0.307094 0.817282 -0.487589
vn 0.937332 0.216507 -0.273009
vn 0.726524 -0.656221 -0.203807
vn 0.215997 -0.127098 -0.968086
vn -0.422613 0.742422 -0.519815
vn -0.422613 0.742422 -0.519815
vn -0.422613 0.742422 -0.519815
vn -0.422613 0.742422 -0.519815
vn 0.993008 -0.096701 0.067701
vn 0.557911 0.420108 0.715713
vn 0.557977 -0.528779 -0.639574
vn -0.162603 -0.960413 -0.226203
vn -0.74066 -0.55037 0.385379
vn -0.162594 -0.115895 0.979863
vn 0 0 1
vn 1 -0 -0
vn 1 -0 -0
vn 1 -0 -0
vn 1 -0 -0
vn -0.5267 0.6963 -0.4876
vn -0.295895 -0.083298 -0.951582
vn -0.296008 0.865724 0.403611
vn -0.526694 -0.77039 -0.359295
vn -0.295892 -0.782477 0.547884
vn -0.526707 0.074101 0.846811
vn 0 0 1
vn 0.984793 -0.141999 0.100099
vn 0.44192 -0.473621 -0.761834
vn 0.569674 0.42448 -0.703767
vn 0.544892 0.832486 0.100298
vn 0.395089 0.35189 0.848575
vn 0.271804 -0.543608 0.794112
vn 0.293088 -0.956062 -0.0067
vn -0.452216 -0.55722 -0.696424
vn -0.304185 0.313484 -0.899555
vn -0.281989 0.929865 -0.236291
vn -0.406686 0.672377 0.618479
vn -0.551823 -0.190408 0.811934
vn -0.572099 -0.805598 0.154
vn -0.985665 0.138395 -0.096496
vn 1 0.0003 -0.0006
vn -0 -0.996085 -0.088399
vn -0 0.088597 -0.996068
vn 0 -0.088101 0.996112
vn 0 0.996191 0.087199
vn -1 0.0003 -0.0006
vn -0.9962 0.0667 -0.056
vn -0 -0.642817 -0.76602
vn -0.087105 -0.763141 0.640335
vn 0 0.642817 0.76602
vn 0.087105 0.763141 -0.640335
vn 0.996194 -0.0668 0.056
vn -0.906304 -0.346201 0.242401
vn -0 -0.57357 -0.819157
vn 0.422613 -0.742422 0.519815
vn 0 0.57357 0.819157
vn -0.422613 0.742422 -0.519815
vn 0.906304 0.346201 -0.242401
vn 0.707109 0.579207 -0.405605
vn 0.241807 -0.737121 -0.631018
vn -0.664483 0.348091 -0.661283
vn 0.664483 -0.348091 0.661283
vn -0.241807 0.737121 0.631018
vn -0.707109 -0.579207 0.405605
vn -1 0 -0
vn -1 0 -0
vn -1 0 -0
vn -1 0 -0
vn 0.526678 0.850065 -0
vn 0.295912 0.47762 0.827234
vn 0.295888 0.47758 -0.827265
vn 0.52667 -0.425076 -0.736158
vn 0.295905 -0.955217 -0
vn 0.526693 -0.424994 0.73619
vn -0 0 1
vn -0.0001 -0.906446 -0.422321
vn 0.125003 -0.0081 -0.992123
vn 0.838872 -0.249492 -0.483784
vn 0.709978 -0.624281 0.32589
vn -0.127097 -0.76308 0.633684
vn -0.840082 -0.527288 0.127397
vn -0.716512 -0.150203 -0.681212
vn -0.134698 0.770788 -0.62269
vn 0.708111 0.628609 -0.321605
vn 0.834719 0.249305 0.491011
vn 0.122699 0.0172 0.992295
vn -0.708369 0.159993 0.68747
vn -0.836219 0.534812 -0.121303
vn -0.0051 0.906207 0.422803
vn -0.469707 0.67091 -0.573808
vn -0.999026 -0.035801 0.025801
vn -0.597504 0.635504 0.489003
vn -0.598778 -0.382686 -0.703574
vn 0.200094 -0.064198 -0.977671
vn 0.600234 0.607434 -0.520329
vn 0.20551 0.955746 0.21051
vn -0.559567 -0.435474 0.705158
vn 0.021999 0.203294 0.978871
vn -0.368399 -0.929197 -0.0296
vn 0.397303 -0.781405 -0.481203
vn 0.967631 -0.146905 -0.205207
vn 0.778125 0.346611 0.523816
vn 0.474011 -0.668215 0.573413
vn 1 -0 0
vn 1 -0 0
vn 1 -0 0
vn 1 -0 0
vn -0.526678 0.850065 -0
vn -0.295888 0.47758 -0.827265
vn -0.295912 0.47762 0.827234
vn -0.52667 -0.425076 -0.736158
vn -0.295906 -0.955217 -0
vn -0.526693 -0.424994 0.73619
vn -0 0 1
vn -1 0 -0
vn -1 0 -0
vn -1 0 -0
vn -1 0 -0
vn 0.526678 0.850065 -0
vn 0.295912 0.47762 0.827234
vn 0.295888 0.47758 -0.827265
vn 0.52667 -0.425076 -0.736158
vn 0.295905 -0.955217 -0
vn 0.526693 -0.424994 0.73619
vn -0 0 1
vn 1 -0 -0.0001
vn -0.0001 -1 -0.0001
vn -0.0001 0.0001 -1
vn 0.0001 -0.0001 1
vn 0.0001 1 0.0001
vn -1 0 -0
vn -1 0.0001 -0.0001
vn 0 0.0002 -1
vn -0 -1 -0.0001
vn -0 0 1
vn 0 1 -0
vn 1 0.0001 -0.0001
vn 1 -0 0
vn 1 -0 0
vn 1 -0 0
vn 1 -0 0
vn -0.526795 0.849992 0.0002
vn -0.295793 0.477788 -0.827179
vn -0.296088 0.477281 0.827367
vn -0.526715 -0.424912 -0.736221
vn -0.295906 -0.955217 -0
vn -0.526687 -0.425189 0.736081
vn -0 0 1
vn 1 -0 0
vn -0 -0.984799 0.1737
vn -0 -0.1737 -0.984799
vn 0 0.1737 0.984799
vn 0 0.984799 -0.1737
vn -1 0 -0
vn 1 -0 0
vn 1 -0 0
vn 1 -0 0
vn 1 -0 0
vn -0.526707 0.846811 -0.074101
vn -0.295905 0.403707 -0.865714
vn -0.295915 0.547927 0.782439
vn -0.5267 -0.4876 -0.6963
vn -0.295895 -0.951582 0.083298
vn -0.526712 -0.359208 0.770418
vn -0 0 1
vn 1 -0 0
vn 1 -0 0
vn 1 -0 0
vn 1 -0 0
vn -0.526678 0.850065 -0
vn -0.295912 0.47762 -0.827234
vn -0.295912 0.47762 0.827234
vn -0.526693 -0.424994 -0.73619
vn -0.295906 -0.955217 -0
vn -0.526693 -0.424994 0.73619
vn -0 0 1
vn -1 0 -0
vn -1 0 -0
vn -1 0 -0
vn -1 0 -0
vn 0.526693 0.546393 0.651191
vn 0.295904 -0.326704 0.897611
vn 0.295901 0.940702 -0.1659
vn 0.5267 0.2907 -0.7988
vn 0.295909 -0.614019 -0.731723
vn 0.526717 -0.837127 0.147605
vn -0 0 1
vn -1 0 -0
vn -1 0 -0
vn -1 0 -0
vn -1 0 -0
vn 0.526828 0.546329 0.651135
vn 0.295887 -0.326586 0.89766
vn 0.296202 0.940607 -0.165901
vn 0.5267 0.2907 -0.7988
vn 0.295884 -0.613867 -0.731861
vn 0.526717 -0.837127 0.147605
vn -0 0 1
vn -1 0 -0
vn 0 0.707107 -0.707107
vn -0 -0.707107 -0.707107
vn -0 -0.707107 0.707107
vn 0 0.707107 0.707107
vn 1 -0 0
vn -1 0 -0
vn -1 0 -0
vn -1 0 -0
vn -1 0 -0
vn 0.526707 0.846811 -0.074101
vn 0.295892 0.547884 0.782478
vn 0.295905 0.403707 -0.865714
vn 0.5267 -0.4876 -0.6963
vn 0.295894 -0.951582 0.083298
vn 0.526712 -0.359208 0.770418
vn -0 0 1
vn 1 -0 0
vn 1 -0 0
vn 1 -0 0
vn 1 -0 0
vn -0.526707 0.846811 -0.074101
vn -0.295905 0.403707 -0.865714
vn -0.295891 0.547884 0.782478
vn -0.5267 -0.4876 -0.6963
vn -0.295895 -0.951582 0.083298
vn -0.526712 -0.359208 0.770418
vn -0 0 1
vn -1 0 -0
vn -1 0 -0
vn -1 0 -0
vn -1 0 -0
vn 0.526707 0.846811 -0.074101
vn 0.295892 0.547884 0.782478
vn 0.295905 0.403707 -0.865714
vn 0.5267 -0.4876 -0.6963
vn 0.295894 -0.951582 0.083298
vn 0.526712 -0.359208 0.770418
vn -0 0 1
vn 1 -0 -0
vn 1 -0 -0
vn 1 -0 -0
vn 1 -0 -0
vn -0.526693 0.73619 0.424994
vn -0.295888 0.827265 -0.47758
vn -0.295905 0 0.955217
vn -0.526723 0 -0.850037
vn -0.295912 -0.827234 -0.477619
vn -0.526693 -0.736189 0.424994
vn 0 0 1
vn 1 -0 -0
vn -0 -0.9962 -0.0871
vn -0 0.0871 -0.9962
vn 0 -0.087199 0.996191
vn 0 0.9962 0.0871
vn -1 0 0
vn -1 0 0
vn -1 0 0
vn -1 0 0
vn -1 0 0
vn 0.5267 0.6963 -0.4876
vn 0.295905 0.865714 0.403707
vn 0.295894 -0.083299 -0.951582
vn 0.526712 -0.770418 -0.359208
vn 0.295915 -0.782439 0.547927
vn 0.526707 0.074101 0.846811
vn 0 0 1
vn 1 -0 -0
vn -0 -0.866019 -0.500011
vn 0 0.500011 -0.866019
vn -0 -0.500011 0.866019
vn 0 0.866019 0.500011
vn -1 0 0
vn 1 -0 -0
vn 1 -0 -0
vn 1 -0 -0
vn 1 -0 -0
vn -0.526686 0.601084 0.601083
vn -0.295894 0.922682 -0.247195
vn -0.295894 -0.247195 0.922682
vn -0.526695 0.219998 -0.821092
vn -0.295917 -0.675438 -0.675438
vn -0.526696 -0.821092 0.219998
vn 0 0 1
vn -1 0 0
vn -1 0 0
vn -1 0 0
vn -1 0 0
vn 0.5267 0.6963 -0.4876
vn 0.295905 0.865714 0.403707
vn 0.295894 -0.083299 -0.951582
vn 0.526712 -0.770418 -0.359208
vn 0.295892 -0.782478 0.547884
vn 0.526707 0.074101 0.846811
vn 0 0 1
vn 1 -0 -0
vn 1 -0 -0
vn 1 -0 -0
vn 1 -0 -0
vn -0.526696 -0.219998 -0.821092
vn -0.295894 -0.922682 -0.247195
vn -0.295917 0.675438 -0.675438
vn -0.526686 -0.601083 0.601083
vn -0.295894 0.247195 0.922682
vn -0.526695 0.821093 0.219998
vn 0 0 1
vn -1 0 0
vn -1 0 0
vn -1 0 0
vn -1 0 0
vn 0.526696 0.219998 -0.821092
vn 0.295894 0.922682 -0.247195
vn 0.295917 -0.675438 -0.675438
vn 0.526695 -0.821093 0.219998
vn 0.295894 -0.247195 0.922682
vn 0.526686 0.601083 0.601083
vn 0 0 1
vn -0.257804 0.572509 0.778312
vn -0.257804 0.572509 0.778312
vn -0.257804 0.572509 0.778312
vn -0.257804 0.572509 0.778312
vn -0.63509 -0.187297 -0.749387
vn -0.081201 0.563805 -0.821907
vn -0.632499 -0.774298 -0.0202
vn 0.766603 0.236701 -0.596902
vn 0.942595 -0.297799 0.151099
vn 0.2759 -0.9541 0.1165
vn 0 0 1
vn 1 -0 -0
vn -0 -0.342 0.9397
vn -0 -0.9397 -0.342
vn 0 0.9397 0.342
vn 0 0.342 -0.9397
vn -1 0 0
vn -1 0 0
vn -1 0 0
vn -1 0 0
vn -1 0 0
vn 0.526713 0.770418 0.359208
vn 0.295895 0.083298 0.951582
vn 0.295892 0.782477 -0.547884
vn 0.526707 -0.074101 -0.846811
vn 0.295905 -0.865714 -0.403707
vn 0.5267 -0.6963 0.4876
vn 0 0 1
vn 1 -0 -0
vn 1 -0 -0
vn 1 -0 -0
vn 1 -0 -0
vn -0.5267 0.6963 -0.4876
vn -0.295895 -0.083298 -0.951582
vn -0.295905 0.865714 0.403707
vn -0.526713 -0.770418 -0.359208
vn -0.295892 -0.782477 0.547884
vn -0.526707 0.074101 0.846811
vn 0 0 1
vn 0.721117 0.565813 -0.399809
vn 0.904248 -0.093605 0.416622
vn 0.805319 -0.081502 -0.587213
vn 0.766586 0.237795 0.596489
vn 0.104096 -0.100696 0.989457
vn -0.122999 0.898591 0.421196
vn -0.785097 -0.100299 0.611198
vn -0.931612 0.272503 0.240503
vn -0.920183 -0.089198 -0.381193
vn -0.536489 0.570688 -0.621687
vn -0.1109 -0.0776 -0.990798
vn 0.122704 0.569719 -0.812628
vn -0.016501 -0.974218 0.225004
vn -0.016501 -0.974218 0.225004
vn -0.016501 -0.974218 0.225004
vn -0.016501 -0.974218 0.225004
vn -0.991397 0.0636 -0.1144
vn -0.820762 -0.443579 -0.359983
vn -0.586999 -0.0772 0.805899
vn -0.284496 0.873387 0.395294
vn 0.722306 0.215302 0.657205
vn 0.793898 0.588798 0.151799
vn 0.876109 -0.0355 -0.480805
vn 0.427081 0.513777 -0.744067
vn 0.055297 -0.362982 -0.930154
vn -0.356896 0.271597 -0.89379
vn -0.820762 -0.443579 -0.359983
vn -0.991397 0.0636 -0.1144
vn 0.318093 -0.90278 -0.289493
vn 0.318093 -0.90278 -0.289493
vn 0.318093 -0.90278 -0.289493
vn 0.318093 -0.90278 -0.289493
vn 0.994052 0.108395 -0.0106
vn 0.5298 -0.035 0.8474
vn 0.843036 -0.436819 -0.313813
vn 0.287198 0.852892 0.435996
vn -0.707106 0.215702 0.673405
vn -0.784562 0.598571 0.161792
vn -0.876109 -0.0355 -0.480805
vn -0.415491 0.521888 -0.744983
vn -0.055299 -0.362895 -0.930188
vn 0.359506 0.284505 -0.888714
vn 0.843036 -0.436819 -0.313813
vn 0.994052 0.108395 -0.0106
vn -0.35269 -0.917473 -0.183995
vn -0.35269 -0.917473 -0.183995
vn -0.35269 -0.917473 -0.183995
vn -0.35269 -0.917473 -0.183995
vn -0.867475 0.461887 -0.184795
vn -0.816495 -0.328198 -0.474997
vn 0.356418 -0.609631 0.708037
vn -0.253091 0.181494 -0.950266
vn 0.356418 -0.609631 0.708037
vn 0.577588 0.140297 -0.804183
vn 0.322593 0.824281 -0.465289
vn 0.356418 -0.609631 0.708037
vn -0.292709 0.954531 -0.056502
vn 0.356418 -0.609631 0.708037
vn 0.800033 0.530921 -0.279411
vn 0.796449 0.405024 0.449027
vn 0.913148 -0.38172 -0.143008
vn 0.713375 -0.318589 -0.624178
vn 0.114998 -0.853888 -0.507593
vn -0.104104 0.035501 -0.993933
vn -0.800289 -0.532992 -0.274696
vn -0.900958 -0.084096 -0.42568
vn -0.911988 0.256797 0.319896
vn -0.649512 0.753613 -0.101002
vn -0.112906 0.724339 0.680136
vn 0.164209 0.982851 0.083904
vn -0.0007 -0.546411 0.837517
vn -0.0007 -0.546411 0.837517
vn -0.0007 -0.546411 0.837517
vn -0.0007 -0.546411 0.837517
vn 0.8684 0.461099 -0.1824
vn -0.358991 -0.608184 0.707982
vn 0.816574 -0.332889 -0.471585
vn -0.358991 -0.608184 0.707982
vn 0.252996 0.180997 -0.950386
vn -0.576381 0.141295 -0.804873
vn -0.358991 -0.608184 0.707982
vn -0.321199 0.824198 -0.466399
vn -0.358991 -0.608184 0.707982
vn 0.292406 0.954618 -0.056601
vn -1 0 -0
vn -1 0 -0
vn -1 0 -0
vn -1 0 -0
vn 0.526693 0.546392 -0.651191
vn 0.295901 0.940702 0.1659
vn 0.295904 -0.326704 -0.897611
vn 0.526717 -0.837127 -0.147605
vn 0.295909 -0.614019 0.731723
vn 0.5267 0.2907 0.7988
vn -0 0 1
vn -1 0 0
vn -0 -0.707107 -0.707107
vn -0 -0.707107 0.707107
vn 0 0.707107 0.707107
vn 0 0.707107 -0.707107
vn 1 -0 -0
vn 0.819188 0.405494 -0.405594
vn 0.554117 -0.742424 0.376512
vn -0.148405 -0.533116 -0.832925
vn 0.148405 0.533116 0.832925
vn -0.554117 0.742424 -0.376512
vn -0.819188 -0.405494 0.405594
vn 0.0001 -0.706907 0.707307
vn -0.838898 -0.539898 0.069
vn -0.124997 -0.935071 -0.33169
vn -0.709987 0.092699 0.698087
vn 0.127099 0.334496 0.933787
vn 0.840116 -0.060601 0.53901
vn 0.716504 -0.691504 -0.0919
vn -0.708203 -0.0872 -0.700603
vn 0.134599 -0.321499 -0.937295
vn -0.834745 0.54663 -0.066304
vn -0.122803 0.938326 0.323209
vn 0.7084 0.700699 0.0848
vn 0.836236 0.068903 -0.544024
vn 0.005 0.707298 -0.706898
vn 0.984805 -0.122801 0.122801
vn -0.073403 -0.935132 -0.346612
vn 0.157392 0.332284 -0.929955
vn -0.157392 -0.332284 0.929955
vn 0.073396 0.935145 0.346579
vn -0.984805 0.122801 -0.122801
vn 0.819122 0.40561 -0.405611
vn 0.554007 -0.74251 0.376505
vn -0.148502 -0.533108 -0.832912
vn 0.148502 0.533108 0.832912
vn -0.554007 0.74251 -0.376505
vn -0.819155 -0.405577 0.405577
vn 0.0249 0.923908 -0.381804
vn 0.019099 0.204592 -0.978661
vn -0.862569 0.27729 -0.423185
vn 0.877999 0.260299 -0.4017
vn 0.826674 0.558082 0.071798
vn 0.019001 0.927916 0.372306
vn -0.80799 0.584793 0.071899
vn -0.818987 -0.348194 -0.456093
vn -0.046002 -0.423713 -0.904628
vn -0.874291 -0.217998 -0.433696
vn 0.264287 -0.570571 -0.777561
vn 0.903427 -0.237107 -0.357211
vn 0.971564 -0.157394 -0.176893
vn 0.920821 -0.019301 0.389509
vn 0.876676 0.063398 0.476887
vn 0.0215 0.075899 0.996884
vn -0.326791 0.174895 0.928773
vn -0.921283 0.0002 0.388893
vn -0.953896 -0.037399 0.297799
vn -0.122304 -0.434713 -0.892226
vn -0.919077 -0.255893 -0.299692
vn 0.811986 -0.295595 -0.503291
vn 0.929782 -0.0153 0.367793
vn 0.2055 0.0901 0.974501
vn -0.867688 -0.014699 0.496893
vn -0.497205 -0.581305 -0.644106
vn -0.981508 -0.156801 0.109801
vn 0.497204 -0.581305 -0.644106
vn 0.981508 -0.156801 0.109801
vn 0.661516 0.199105 0.723017
vn -0.661516 0.199105 0.723017
vn 0 0 1
vn -0.642805 -0.492404 0.586805
vn -0 -0.76602 -0.642817
vn 0.76602 -0.413211 0.492413
vn 0 0.76602 0.642817
vn -0.76602 0.413211 -0.492413
vn 0.642805 0.492404 -0.586805
vn -0.656676 -0.198893 -0.727474
vn 0.0002 0.967726 -0.252007
vn 0.777715 -0.165603 -0.606412
vn -0.0002 -0.967726 0.252007
vn -0.777715 0.165603 0.606412
vn 0.656676 0.198893 0.727474
vn -0.642768 -0.492375 0.58687
vn -0 -0.766062 -0.642767
vn 0.766052 -0.413128 0.492433
vn 0 0.766062 0.642767
vn -0.76602 0.413211 -0.492413
vn 0.642805 0.492404 -0.586805
vn 0.0249 0.887102 -0.460901
vn 0.0191 0.118496 -0.992771
vn -0.862519 0.239405 -0.44581
vn 0.877983 0.224295 -0.422892
vn 0.82669 0.562192 0.0229
vn 0.019 0.956871 0.289891
vn -0.808011 0.588808 0.0206
vn -0.81897 -0.386686 -0.423984
vn -0.045999 -0.500892 -0.864286
vn -0.874289 -0.254897 -0.413095
vn 0.264196 -0.63619 -0.724888
vn 0.903427 -0.267308 -0.33521
vn 0.971568 -0.172195 -0.162495
vn 0.920821 0.0147 0.389709
vn 0.876743 0.104705 0.469423
vn 0.021499 0.162496 0.986475
vn -0.326796 0.255197 0.909989
vn -0.921284 0.0341 0.387393
vn -0.953904 -0.0113 0.299901
vn -0.122296 -0.510781 -0.850968
vn -0.919078 -0.280993 -0.276293
vn 0.811978 -0.338391 -0.475587
vn 0.929794 0.0168 0.367698
vn 0.205511 0.17461 0.962952
vn -0.867682 0.0287 0.49629
vn -0.497208 -0.63521 -0.591009
vn -0.981518 -0.146603 0.123002
vn 0.497208 -0.635211 -0.591009
vn 0.981518 -0.146603 0.123002
vn 0.661524 0.261309 0.702925
vn -0.661524 0.26131 0.702925
vn -0 0 1
vn 0.573607 0.526506 -0.627508
vn 0.671003 -0.741403 -0.0088
vn -0.469784 -0.416086 -0.778573
vn 0.469784 0.416086 0.778573
vn -0.671003 0.741403 0.0088
vn -0.573607 -0.526506 0.627508
vn 1 -0 0
vn -0 -0.087199 0.996191
vn -0 -0.996191 -0.087199
vn 0 0.9962 0.0871
vn 0 0.087199 -0.996191
vn -1 0 -0
vn 0.573607 0.526506 -0.627508
vn 0.671058 -0.741354 -0.008699
vn -0.469821 -0.416118 -0.778534
vn 0.469899 0.416098 0.778497
vn -0.671003 0.741403 0.0088
vn -0.573571 -0.526473 0.627568
vn 1 -0 -0
vn -0 -0.996191 -0.087199
vn -0 0.0871 -0.9962
vn 0 -0.0871 0.9962
vn 0 0.996191 0.087199
vn -1 0 0
vn -0.642822 -0.627521 0.439315
vn -0.323721 -0.297219 -0.898257
vn 0.694292 -0.719592 -0.0121
vn 0.323711 0.29731 0.89823
vn -0.694293 0.719593 0.012
vn 0.642794 0.627493 -0.439396
vn 0.836896 0.528997 -0.140599
vn 0.903623 -0.103203 0.41571
vn 0.848378 -0.201395 -0.489587
vn 0.730898 0.212999 0.648398
vn 0.104202 -0.089502 0.990521
vn -0.102196 0.767972 0.632277
vn -0.78372 -0.101802 0.612715
vn -0.905623 0.245906 0.345509
vn -0.916248 -0.146107 -0.373019
vn -0.730978 0.538784 -0.418787
vn -0.188804 -0.271906 -0.943621
vn 0.188793 0.605576 -0.773069
vn -0.0201 -0.967907 0.250502
vn -0.0201 -0.967907 0.250502
vn -0.0201 -0.967907 0.250502
vn -0.0201 -0.967907 0.250502
vn -1 0 -0
vn -0 -0.258808 -0.965929
vn -0 -0.965929 0.258808
vn 0 0.258808 0.965929
vn 0 0.965929 -0.258808
vn 1 -0 0
vn -0.996194 0.0714 -0.05
vn -0 -0.573617 -0.819124
vn -0.087202 -0.816017 0.571412
vn 0 0.573617 0.819124
vn 0.087202 0.816017 -0.571412
vn 0.996194 -0.0714 0.05
vn 1 -0 0
vn -0 -0.866019 -0.500011
vn 0 0.500011 -0.866019
vn -0 -0.500011 0.866019
vn 0 0.866019 0.500011
vn -1 0 -0
vn -1 0 -0.0001
vn -0 -0.258689 -0.965961
vn -0 -0.965961 0.258689
vn 0 0.258689 0.965961
vn 0 0.965929 -0.258808
vn 1 -0 -0.0001
vn 0.836893 0.513996 0.188198
vn 0.903596 -0.322999 0.281399
vn 0.848334 0.115904 -0.51662
vn 0.730892 -0.197498 0.653293
vn 0.1042 -0.641399 0.760099
vn -0.102203 0.266407 0.958427
vn -0.783728 -0.434815 0.443516
vn -0.905608 0.0033 0.424104
vn -0.916224 0.094303 -0.38941
vn -0.730918 0.681617 -0.034001
vn -0.188805 0.318509 -0.928927
vn 0.1887 0.939497 -0.285899
vn -0.020101 -0.93653 -0.350011
vn -0.020101 -0.93653 -0.350011
vn -0.020101 -0.93653 -0.350011
vn -0.020101 -0.93653 -0.350011
vn -0.996192 0.0819 -0.0299
vn 0.0002 -0.34188 -0.939744
vn -0.087103 -0.936125 0.340709
vn -0.0002 0.341791 0.939776
vn 0.087106 0.936157 -0.340621
vn 0.996192 -0.0819 0.0299
vn 0.499994 0.365995 -0.784891
vn 0.862708 -0.131501 0.488305
vn 0.075498 -0.921283 -0.381493
vn -0.075498 0.921283 0.381493
vn -0.862708 0.131501 -0.488305
vn -0.499994 -0.365995 0.784891
vn -1 0 -0
vn 0 0.707107 -0.707107
vn -0 -0.707107 -0.707107
vn -0 -0.707107 0.707107
vn 0 0.707107 0.707107
vn 1 -0 0
vn -1 0 -0
vn 0 0.707107 -0.707107
vn -0 -0.707107 -0.707107
vn -0 -0.707107 0.707107
vn 0 0.707107 0.707107
vn 1 -0 0
vn -0.422587 0.902873 -0.078998
vn -0.422587 0.902873 -0.078998
vn -0.422587 0.902873 -0.078998
vn -0.422587 0.902873 -0.078998
vn 0.664496 -0.209599 0.717296
vn -0.240791 -0.361687 0.900668
vn 0.987484 0.126198 -0.094599
vn 0.548204 -0.391403 -0.739105
vn -0.371495 -0.566091 -0.735889
vn -0.544894 -0.82559 0.146598
vn -0 0 1
vn 0.819215 -0.571311 0.049901
vn -0.439401 -0.681002 -0.585801
vn 0.368683 0.457879 -0.808963
vn -0.368683 -0.457879 0.808963
vn 0.439401 0.681002 0.585801
vn -0.819169 0.571378 -0.049898
vn 0.866017 0.49811 -0.043601
vn 0.383011 -0.716921 -0.582517
vn -0.321383 0.487775 -0.811658
vn 0.321383 -0.487775 0.811658
vn -0.383011 0.716921 0.582517
vn -0.866017 -0.49811 0.043601
vn -0.707113 -0.704413 0.061601
vn -0.541673 0.483576 -0.687565
vn 0.454498 -0.519598 -0.723498
vn 0.541673 -0.483576 0.687565
vn -0.454498 0.519598 0.723498
vn 0.707113 0.704413 -0.061601
vn -0.087202 -0.816017 0.571412
vn -0.087202 -0.816017 0.571412
vn -0.087103 -0.816024 0.571417
vn -0.087103 -0.816024 0.571417
vn 0.335519 -0.049103 -0.940753
vn -0.585882 -0.134396 -0.799175
vn 0.962919 0.079201 -0.257905
vn -0.788044 0.574232 -0.221912
vn -0.299695 0.779688 0.549791
vn 0.590204 0.764305 0.259802
vn 0 0 1
vn 0.342008 0.936121 -0.081902
vn 0.719833 -0.317015 -0.617529
vn -0.604008 0.152202 -0.78231
vn 0.604008 -0.152202 0.78231
vn -0.719833 0.317015 0.617529
vn -0.342008 -0.936121 0.081902
vn -0.087202 0.816017 -0.571412
vn -0.087202 0.816017 -0.571412
vn -0.087202 0.816017 -0.571412
vn -0.087202 0.816017 -0.571412
vn -0.243711 -0.908741 -0.338815
vn 0.637465 -0.617366 -0.460975
vn -0.911314 -0.403806 0.080301
vn 0.879866 -0.285389 0.379985
vn 0.351303 0.296702 0.888006
vn -0.498397 -0.095299 0.861695
vn 0 0 1
vt 0.4678 0.165
vt 0.2875 0.2095
vt 0.4736 0.332
vt 0.6508 0.2104
vt 0.2656 0.4895
vt 0.3934 0.4926
vt 0.1956 0.7981
vt 0.4719 0.7484
vt 0.684 0.6238
vt 0.2219 0.1018
vt 0.4853 0.0368
vt 0.7428 0.1089
vt 0.1901 0.5107
vt 0.4913 0.8889
vt 0.0878 0.9614
vt 0.8039 0.6362
vt 0.4297 0.4434
vt 0.1386 0.5111
vt 0.2497 0.6478
vt 0.2334 0.7901
vt 0.2934 0.6478
vt 0.2992 0.3339
vt 0.2653 0.111
vt 0.2555 0.3339
vt 0.2497 0.6478
vt 0.4509 0.6852
vt 0.4655 0.7883
vt 0.2334 0.7901
vt 0.4801 0.6852
vt 0.2934 0.6478
vt 0.4844 0.3801
vt 0.2992 0.3339
vt 0.4698 0.277
vt 0.2653 0.111
vt 0.4552 0.3801
vt 0.2555 0.3339
vt 0.6969 0.9131
vt 0.7067 0.9821
vt 0.7165 0.9131
vt 0.7165 0.7448
vt 0.7067 0.6758
vt 0.6969 0.7448
vt 0.9542 0.844
vt 0.9542 0.844
vt 0.9542 0.844
vt 0.9542 0.844
vt 0.9542 0.844
vt 0.9542 0.844
vt 0.9542 0.844
vt 0.0104 0.2543
vt 0.0736 0.8533
vt 0.6224 0.343
vt 0.6224 0.7434
vt 0.166 0.971
vt 0.6224 0.2863
vt 0.166 0.2684
vt 0.6199 0.0982
vt 0.0514 0.039
vt 0.916 0.2409
vt 0.4982 0.4951
vt 0.8195 0.7735
vt 0.7025 0.1508
vt 0.7942 0.2334
vt 0.4947 0.0606
vt 0.7942 0.397
vt 0.3719 0.0708
vt 0.3719 0.58
vt 0.7713 0.7222
vt 0.7736 0.983
vt 0.3719 0.8915
vt 0.7713 0.5412
vt 0.3719 0.3989
vt 0.7979 0.0936
vt 0.8068 0.9218
vt 0.9285 0.4121
vt 0.469 0.5994
vt 0.469 0.2629
vt 0.3566 0.6183
vt 0.9566 0.431
vt 0.8349 0.9406
vt 0.8492 0.0915
vt 0.4995 0.0809
vt 0.5813 0.6733
vt 0.4434 0.6733
vt 0.5813 0.9471
vt 0.5813 0.3995
vt 0.7191 0.6733
vt 0.5813 0.6733
vt 0.701 0.4197
vt 0.6704 0.4197
vt 0.701 0.4805
vt 0.701 0.3589
vt 0.7316 0.4197
vt 0.701 0.4197
vt 0.0471 0.3305
vt 0.1219 0.5992
vt 0.1219 0.4595
vt 0.1219 0.1958
vt 0.1219 0.0614
vt 0.1219 0.1958
vt 0.1219 0.4595
vt 0.2943 0.5956
vt 0.2943 0.4627
vt 0.2943 0.1969
vt 0.2943 0.064
vt 0.2943 0.1969
vt 0.2943 0.4627
vt 0.366 0.3296
vt 0.9412 0.0739
vt 0.7283 0.2746
vt 0.72 0.6025
vt 0.9123 0.7246
vt 0.9756 0.8981
vt 0.7742 0.4074
vt 0.7914 0.6521
vt 0.9083 0.3031
vt 0.0312 0.0608
vt 0.2881 0.2917
vt 0.4001 0.6617
vt 0.2839 0.8938
vt 0.5663 0.3341
vt 0.5586 0.6326
vt 0.6558 0.8786
vt 0.5834 0.1507
vt 0.2885 0.0892
vt 0.3944 0.9888
vt 0.3078 0.7483
vt 0.3882 0.273
vt 0.4678 0.165
vt 0.4736 0.332
vt 0.2875 0.2095
vt 0.6508 0.2104
vt 0.3934 0.4926
vt 0.2656 0.4895
vt 0.4719 0.7484
vt 0.1956 0.7981
vt 0.684 0.6238
vt 0.2219 0.1018
vt 0.4853 0.0368
vt 0.7428 0.1089
vt 0.1901 0.5107
vt 0.4913 0.8889
vt 0.0878 0.9614
vt 0.8039 0.6362
vt 0.4297 0.4434
vt 0.1386 0.5111
vt 0.2334 0.7901
vt 0.2497 0.6478
vt 0.2934 0.6478
vt 0.2992 0.3339
vt 0.2653 0.111
vt 0.2555 0.3339
vt 0.2497 0.6478
vt 0.4655 0.7883
vt 0.4509 0.6852
vt 0.2334 0.7901
vt 0.4801 0.6852
vt 0.2934 0.6478
vt 0.4844 0.3801
vt 0.2992 0.3339
vt 0.4698 0.277
vt 0.2653 0.111
vt 0.4552 0.3801
vt 0.2555 0.3339
vt 0.7067 0.9821
vt 0.6969 0.9131
vt 0.7165 0.9131
vt 0.7165 0.7448
vt 0.7067 0.6758
vt 0.6969 0.7448
vt 0.9542 0.844
vt 0.9542 0.844
vt 0.9542 0.844
vt 0.9542 0.844
vt 0.9542 0.844
vt 0.9542 0.844
vt 0.9542 0.844
vt 0.0104 0.2543
vt 0.6224 0.343
vt 0.0736 0.8533
vt 0.6224 0.7434
vt 0.166 0.971
vt 0.6224 0.2863
vt 0.166 0.2684
vt 0.6199 0.0982
vt 0.0514 0.039
vt 0.916 0.2409
vt 0.8195 0.7735
vt 0.4982 0.4951
vt 0.7025 0.1508
vt 0.7942 0.2334
vt 0.7942 0.397
vt 0.4947 0.0606
vt 0.3719 0.0708
vt 0.7713 0.7222
vt 0.3719 0.58
vt 0.7736 0.983
vt 0.3719 0.8915
vt 0.7713 0.5412
vt 0.3719 0.3989
vt 0.7979 0.0936
vt 0.9285 0.4121
vt 0.8068 0.9218
vt 0.469 0.5994
vt 0.469 0.2629
vt 0.3566 0.6183
vt 0.8349 0.9406
vt 0.9566 0.431
vt 0.8492 0.0915
vt 0.4995 0.0809
vt 0.5813 0.6733
vt 0.5813 0.9471
vt 0.4434 0.6733
vt 0.5813 0.3995
vt 0.7191 0.6733
vt 0.5813 0.6733
vt 0.701 0.4197
vt 0.701 0.4805
vt 0.6704 0.4197
vt 0.701 0.3589
vt 0.7316 0.4197
vt 0.701 0.4197
vt 0.0471 0.3305
vt 0.1219 0.4595
vt 0.1219 0.5992
vt 0.1219 0.1958
vt 0.1219 0.0614
vt 0.1219 0.1958
vt 0.1219 0.4595
vt 0.2943 0.4627
vt 0.2943 0.5956
vt 0.2943 0.1969
vt 0.2943 0.064
vt 0.2943 0.1969
vt 0.2943 0.4627
vt 0.366 0.3296
vt 0.9412 0.0739
vt 0.72 0.6025
vt 0.7283 0.2746
vt 0.9123 0.7246
vt 0.9756 0.8981
vt 0.7914 0.6521
vt 0.7742 0.4074
vt 0.9083 0.3031
vt 0.0312 0.0608
vt 0.2881 0.2917
vt 0.4001 0.6617
vt 0.2839 0.8938
vt 0.5663 0.3341
vt 0.5586 0.6326
vt 0.6558 0.8786
vt 0.5834 0.1507
vt 0.2885 0.0892
vt 0.3078 0.7483
vt 0.3944 0.9888
vt 0.3882 0.273
vt 0.4123 0.2555
vt 0.5296 0.2813
vt 0.4123 0.2555
vt 0.4123 0.2555
vt 0.295 0.2297
vt 0.5566 0.055
vt 0.6103 0.9507
vt 0.6103 0.9507
vt 0.7184 0.0906
vt 0.6103 0.9507
vt 0.5566 0.055
vt 0.6103 0.9507
vt 0.3947 0.0293
vt 0.295 0.2297
vt 0.4386 0.9766
vt 0.4386 0.9766
vt 0.5 1
vt 0.6519 0.249
vt 0.7422 0.2688
vt 0.6519 0.249
vt 0.6519 0.249
vt 0.5616 0.2291
vt 0.7628 0.1256
vt 0.791 0.9168
vt 0.791 0.9168
vt 0.8874 0.153
vt 0.791 0.9168
vt 0.7628 0.1256
vt 0.791 0.9168
vt 0.6382 0.0982
vt 0.6705 0.761
vt 0.6519 0.249
vt 0.7422 0.2688
vt 0.6519 0.249
vt 0.6519 0.249
vt 0.5616 0.2291
vt 0.7628 0.1256
vt 0.791 0.9168
vt 0.791 0.9168
vt 0.8874 0.153
vt 0.791 0.9168
vt 0.7628 0.1256
vt 0.791 0.9168
vt 0.6382 0.0982
vt 0.6705 0.761
vt 0.1386 0.5111
vt 0.2334 0.7901
vt 0.2497 0.6478
vt 0.2934 0.6478
vt 0.2992 0.3339
vt 0.2653 0.111
vt 0.2555 0.3339
vt 0.2497 0.6478
vt 0.4655 0.7883
vt 0.4509 0.6852
vt 0.2334 0.7901
vt 0.4801 0.6852
vt 0.2934 0.6478
vt 0.4844 0.3801
vt 0.2992 0.3339
vt 0.4698 0.277
vt 0.2653 0.111
vt 0.4552 0.3801
vt 0.2555 0.3339
vt 0.7067 0.9821
vt 0.6969 0.9131
vt 0.7165 0.9131
vt 0.7165 0.7448
vt 0.7067 0.6758
vt 0.6969 0.7448
vt 0.9542 0.844
vt 0.9542 0.844
vt 0.9542 0.844
vt 0.9542 0.844
vt 0.9542 0.844
vt 0.9542 0.844
vt 0.9542 0.844
vt 0.0471 0.3305
vt 0.1219 0.4595
vt 0.1219 0.5992
vt 0.1219 0.1958
vt 0.1219 0.0614
vt 0.1219 0.1958
vt 0.1219 0.4595
vt 0.2943 0.4627
vt 0.2943 0.5956
vt 0.2943 0.1969
vt 0.2943 0.064
vt 0.2943 0.1969
vt 0.2943 0.4627
vt 0.366 0.3296
vt 0.6284 0.6076
vt 0.7933 0.5884
vt 0.5953 0.8161
vt 0.5208 0.4521
vt 0.7933 0.5884
vt 0.6284 0.6076
vt 0.6284 0.6076
vt 0.5953 0.8161
vt 0.6284 0.6076
vt 0.5208 0.4521
vt 0.6284 0.6076
vt 0.0471 0.3305
vt 0.1219 0.5992
vt 0.1219 0.4595
vt 0.1219 0.1958
vt 0.1219 0.0614
vt 0.1219 0.1958
vt 0.1219 0.4595
vt 0.2943 0.5956
vt 0.2943 0.4627
vt 0.2943 0.1969
vt 0.2943 0.064
vt 0.2943 0.1969
vt 0.2943 0.4627
vt 0.366 0.3296
vt 0.0471 0.3305
vt 0.1219 0.4595
vt 0.1219 0.5992
vt 0.1219 0.1958
vt 0.1219 0.0614
vt 0.1219 0.1958
vt 0.1219 0.4595
vt 0.2943 0.4627
vt 0.2943 0.5956
vt 0.2943 0.1969
vt 0.2943 0.064
vt 0.2943 0.1969
vt 0.2943 0.4627
vt 0.366 0.3296
vt 0.6284 0.6076
vt 0.5953 0.8161
vt 0.7933 0.5884
vt 0.5208 0.4521
vt 0.7933 0.5884
vt 0.6284 0.6076
vt 0.6284 0.6076
vt 0.5953 0.8161
vt 0.6284 0.6076
vt 0.5208 0.4521
vt 0.6284 0.6076
vt 0.0471 0.3305
vt 0.1219 0.5992
vt 0.1219 0.4595
vt 0.1219 0.1958
vt 0.1219 0.0614
vt 0.1219 0.1958
vt 0.1219 0.4595
vt 0.2943 0.5956
vt 0.2943 0.4627
vt 0.2943 0.1969
vt 0.2943 0.064
vt 0.2943 0.1969
vt 0.2943 0.4627
vt 0.366 0.3296
vt 0.6496 0.5187
vt 0.4123 0.5187
vt 0.6496 0.7559
vt 0.6496 0.2815
vt 0.8868 0.5187
vt 0.6496 0.5187
vt 0.6496 0.5187
vt 0.6496 0.7559
vt 0.4123 0.5187
vt 0.6496 0.2815
vt 0.8868 0.5187
vt 0.6496 0.5187
vt 0.6284 0.6076
vt 0.7933 0.5884
vt 0.5953 0.8161
vt 0.5208 0.4521
vt 0.7933 0.5884
vt 0.6284 0.6076
vt 0.6284 0.6076
vt 0.5953 0.8161
vt 0.6284 0.6076
vt 0.5208 0.4521
vt 0.6284 0.6076
vt 0.6284 0.6076
vt 0.5953 0.8161
vt 0.7933 0.5884
vt 0.5208 0.4521
vt 0.7933 0.5884
vt 0.6284 0.6076
vt 0.6284 0.6076
vt 0.5953 0.8161
vt 0.6284 0.6076
vt 0.5208 0.4521
vt 0.6284 0.6076
vt 0.0471 0.3305
vt 0.1219 0.4595
vt 0.1219 0.5992
vt 0.1219 0.1958
vt 0.1219 0.0614
vt 0.1219 0.1958
vt 0.1219 0.4595
vt 0.2943 0.4627
vt 0.2943 0.5956
vt 0.2943 0.1969
vt 0.2943 0.064
vt 0.2943 0.1969
vt 0.2943 0.4627
vt 0.366 0.3296
vt 0.6496 0.5187
vt 0.6496 0.7559
vt 0.4123 0.5187
vt 0.6496 0.2815
vt 0.8868 0.5187
vt 0.6496 0.5187
vt 0.6496 0.5187
vt 0.4123 0.5187
vt 0.6496 0.7559
vt 0.6496 0.2815
vt 0.8868 0.5187
vt 0.6496 0.5187
vt 0.6496 0.5187
vt 0.6496 0.7559
vt 0.4123 0.5187
vt 0.6496 0.2815
vt 0.8868 0.5187
vt 0.6496 0.5187
vt 0.0471 0.3305
vt 0.1219 0.4595
vt 0.1219 0.5992
vt 0.1219 0.1958
vt 0.1219 0.0614
vt 0.1219 0.1958
vt 0.1219 0.4595
vt 0.2943 0.4627
vt 0.2943 0.5956
vt 0.2943 0.1969
vt 0.2943 0.064
vt 0.2943 0.1969
vt 0.2943 0.4627
vt 0.366 0.3296
vt 0.6496 0.5187
vt 0.4123 0.5187
vt 0.6496 0.7559
vt 0.6496 0.2815
vt 0.8868 0.5187
vt 0.6496 0.5187
vt 0.6496 0.5187
vt 0.4123 0.5187
vt 0.6496 0.7559
vt 0.6496 0.2815
vt 0.8868 0.5187
vt 0.6496 0.5187
vt 0.6496 0.5187
vt 0.6496 0.7559
vt 0.4123 0.5187
vt 0.6496 0.2815
vt 0.8868 0.5187
vt 0.6496 0.5187
vt 0.6284 0.6076
vt 0.7933 0.5884
vt 0.5953 0.8161
vt 0.5208 0.4521
vt 0.7933 0.5884
vt 0.6284 0.6076
vt 0.6284 0.6076
vt 0.5953 0.8161
vt 0.6284 0.6076
vt 0.5208 0.4521
vt 0.6284 0.6076
vt 0.6284 0.6076
vt 0.5953 0.8161
vt 0.7933 0.5884
vt 0.5208 0.4521
vt 0.7933 0.5884
vt 0.6284 0.6076
vt 0.6284 0.6076
vt 0.5953 0.8161
vt 0.6284 0.6076
vt 0.5208 0.4521
vt 0.6284 0.6076
vt 0.6284 0.6076
vt 0.7933 0.5884
vt 0.5953 0.8161
vt 0.5208 0.4521
vt 0.7933 0.5884
vt 0.6284 0.6076
vt 0.6284 0.6076
vt 0.5953 0.8161
vt 0.6284 0.6076
vt 0.5208 0.4521
vt 0.6284 0.6076
vt 0.6496 0.5187
vt 0.4123 0.5187
vt 0.6496 0.7559
vt 0.6496 0.2815
vt 0.8868 0.5187
vt 0.6496 0.5187
vt 0.6496 0.5187
vt 0.6496 0.7559
vt 0.4123 0.5187
vt 0.6496 0.2815
vt 0.8868 0.5187
vt 0.6496 0.5187
vt 0.0471 0.3305
vt 0.1219 0.5992
vt 0.1219 0.4595
vt 0.1219 0.1958
vt 0.1219 0.0614
vt 0.1219 0.1958
vt 0.1219 0.4595
vt 0.2943 0.5956
vt 0.2943 0.4627
vt 0.2943 0.1969
vt 0.2943 0.064
vt 0.2943 0.1969
vt 0.2943 0.4627
vt 0.366 0.3296
vt 0.6496 0.5187
vt 0.4123 0.5187
vt 0.6496 0.7559
vt 0.6496 0.2815
vt 0.8868 0.5187
vt 0.6496 0.5187
vt 0.6496 0.5187
vt 0.6496 0.7559
vt 0.4123 0.5187
vt 0.6496 0.2815
vt 0.8868 0.5187
vt 0.6496 0.5187
vt 0.6284 0.6076
vt 0.5953 0.8161
vt 0.7933 0.5884
vt 0.5208 0.4521
vt 0.7933 0.5884
vt 0.6284 0.6076
vt 0.6284 0.6076
vt 0.5953 0.8161
vt 0.6284 0.6076
vt 0.5208 0.4521
vt 0.6284 0.6076
vt 0.6284 0.6076
vt 0.5953 0.8161
vt 0.7933 0.5884
vt 0.5208 0.4521
vt 0.7933 0.5884
vt 0.6284 0.6076
vt 0.6284 0.6076
vt 0.5953 0.8161
vt 0.6284 0.6076
vt 0.5208 0.4521
vt 0.6284 0.6076
vt 0.6284 0.6076
vt 0.7933 0.5884
vt 0.5953 0.8161
vt 0.5208 0.4521
vt 0.7933 0.5884
vt 0.6284 0.6076
vt 0.6284 0.6076
vt 0.5953 0.8161
vt 0.6284 0.6076
vt 0.5208 0.4521
vt 0.6284 0.6076
vt 0.6284 0.6076
vt 0.5953 0.8161
vt 0.7933 0.5884
vt 0.5208 0.4521
vt 0.7933 0.5884
vt 0.6284 0.6076
vt 0.6284 0.6076
vt 0.5953 0.8161
vt 0.6284 0.6076
vt 0.5208 0.4521
vt 0.6284 0.6076
vt 0.0471 0.3305
vt 0.1219 0.4595
vt 0.1219 0.5992
vt 0.1219 0.1958
vt 0.1219 0.0614
vt 0.1219 0.1958
vt 0.1219 0.4595
vt 0.2943 0.4627
vt 0.2943 0.5956
vt 0.2943 0.1969
vt 0.2943 0.064
vt 0.2943 0.1969
vt 0.2943 0.4627
vt 0.366 0.3296
vt 0.6284 0.6076
vt 0.7933 0.5884
vt 0.5953 0.8161
vt 0.5208 0.4521
vt 0.7933 0.5884
vt 0.6284 0.6076
vt 0.6284 0.6076
vt 0.5953 0.8161
vt 0.6284 0.6076
vt 0.5208 0.4521
vt 0.6284 0.6076
vt 0.6284 0.6076
vt 0.5953 0.8161
vt 0.7933 0.5884
vt 0.5208 0.4521
vt 0.7933 0.5884
vt 0.6284 0.6076
vt 0.6284 0.6076
vt 0.5953 0.8161
vt 0.6284 0.6076
vt 0.5208 0.4521
vt 0.6284 0.6076
vt 0.0471 0.3305
vt 0.1219 0.5992
vt 0.1219 0.4595
vt 0.1219 0.1958
vt 0.1219 0.0614
vt 0.1219 0.1958
vt 0.1219 0.4595
vt 0.2943 0.5956
vt 0.2943 0.4627
vt 0.2943 0.1969
vt 0.2943 0.064
vt 0.2943 0.1969
vt 0.2943 0.4627
vt 0.366 0.3296
vt 0.6496 0.5187
vt 0.4123 0.5187
vt 0.6496 0.7559
vt 0.6496 0.2815
vt 0.8868 0.5187
vt 0.6496 0.5187
vt 0.6496 0.5187
vt 0.6496 0.7559
vt 0.4123 0.5187
vt 0.6496 0.2815
vt 0.8868 0.5187
vt 0.6496 0.5187
vt 0.6496 0.5187
vt 0.6496 0.7559
vt 0.4123 0.5187
vt 0.6496 0.2815
vt 0.8868 0.5187
vt 0.6496 0.5187
vt 0.6496 0.5187
vt 0.4123 0.5187
vt 0.6496 0.7559
vt 0.6496 0.2815
vt 0.8868 0.5187
vt 0.6496 0.5187
vt 0.6284 0.6076
vt 0.7933 0.5884
vt 0.5953 0.8161
vt 0.5208 0.4521
vt 0.7933 0.5884
vt 0.6284 0.6076
vt 0.6284 0.6076
vt 0.5953 0.8161
vt 0.6284 0.6076
vt 0.5208 0.4521
vt 0.6284 0.6076
vt 0.0471 0.3305
vt 0.1219 0.5992
vt 0.1219 0.4595
vt 0.1219 0.1958
vt 0.1219 0.0614
vt 0.1219 0.1958
vt 0.1219 0.4595
vt 0.2943 0.5956
vt 0.2943 0.4627
vt 0.2943 0.1969
vt 0.2943 0.064
vt 0.2943 0.1969
vt 0.2943 0.4627
vt 0.366 0.3296
vt 0.0471 0.3305
vt 0.1219 0.4595
vt 0.1219 0.5992
vt 0.1219 0.1958
vt 0.1219 0.0614
vt 0.1219 0.1958
vt 0.1219 0.4595
vt 0.2943 0.4627
vt 0.2943 0.5956
vt 0.2943 0.1969
vt 0.2943 0.064
vt 0.2943 0.1969
vt 0.2943 0.4627
vt 0.366 0.3296
vt 0.6284 0.6076
vt 0.5953 0.8161
vt 0.7933 0.5884
vt 0.5208 0.4521
vt 0.7933 0.5884
vt 0.6284 0.6076
vt 0.6284 0.6076
vt 0.5953 0.8161
vt 0.6284 0.6076
vt 0.5208 0.4521
vt 0.6284 0.6076
vt 0.6284 0.6076
vt 0.7933 0.5884
vt 0.5953 0.8161
vt 0.5208 0.4521
vt 0.7933 0.5884
vt 0.6284 0.6076
vt 0.6284 0.6076
vt 0.5953 0.8161
vt 0.6284 0.6076
vt 0.5208 0.4521
vt 0.6284 0.6076
vt 0.6496 0.5187
vt 0.4123 0.5187
vt 0.6496 0.7559
vt 0.6496 0.2815
vt 0.8868 0.5187
vt 0.6496 0.5187
vt 0.6496 0.5187
vt 0.6496 0.7559
vt 0.4123 0.5187
vt 0.6496 0.2815
vt 0.8868 0.5187
vt 0.6496 0.5187
vt 0.6284 0.6076
vt 0.5953 0.8161
vt 0.7933 0.5884
vt 0.5208 0.4521
vt 0.7933 0.5884
vt 0.6284 0.6076
vt 0.6284 0.6076
vt 0.5953 0.8161
vt 0.6284 0.6076
vt 0.5208 0.4521
vt 0.6284 0.6076
vt 0.6496 0.5187
vt 0.4123 0.5187
vt 0.6496 0.7559
vt 0.6496 0.2815
vt 0.8868 0.5187
vt 0.6496 0.5187
vt 0.6284 0.6076
vt 0.5953 0.8161
vt 0.7933 0.5884
vt 0.5208 0.4521
vt 0.7933 0.5884
vt 0.6284 0.6076
vt 0.6284 0.6076
vt 0.5953 0.8161
vt 0.6284 0.6076
vt 0.5208 0.4521
vt 0.6284 0.6076
vt 0.6284 0.6076
vt 0.5953 0.8161
vt 0.7933 0.5884
vt 0.5208 0.4521
vt 0.7933 0.5884
vt 0.6284 0.6076
vt 0.6284 0.6076
vt 0.5953 0.8161
vt 0.6284 0.6076
vt 0.5208 0.4521
vt 0.6284 0.6076
vt 0.6284 0.6076
vt 0.7933 0.5884
vt 0.5953 0.8161
vt 0.5208 0.4521
vt 0.7933 0.5884
vt 0.6284 0.6076
vt 0.6284 0.6076
vt 0.5953 0.8161
vt 0.6284 0.6076
vt 0.5208 0.4521
vt 0.6284 0.6076
vt 0.6284 0.6076
vt 0.7933 0.5884
vt 0.5953 0.8161
vt 0.5208 0.4521
vt 0.7933 0.5884
vt 0.6284 0.6076
vt 0.6284 0.6076
vt 0.5953 0.8161
vt 0.6284 0.6076
vt 0.5208 0.4521
vt 0.6284 0.6076
vt 0.6496 0.5187
vt 0.6496 0.7559
vt 0.4123 0.5187
vt 0.6496 0.2815
vt 0.8868 0.5187
vt 0.6496 0.5187
vt 0.6284 0.6076
vt 0.7933 0.5884
vt 0.5953 0.8161
vt 0.5208 0.4521
vt 0.7933 0.5884
vt 0.6284 0.6076
vt 0.6284 0.6076
vt 0.5953 0.8161
vt 0.6284 0.6076
vt 0.5208 0.4521
vt 0.6284 0.6076
vt 0.6284 0.6076
vt 0.5953 0.8161
vt 0.7933 0.5884
vt 0.5208 0.4521
vt 0.7933 0.5884
vt 0.6284 0.6076
vt 0.6284 0.6076
vt 0.5953 0.8161
vt 0.6284 0.6076
vt 0.5208 0.4521
vt 0.6284 0.6076
vt 0.6284 0.6076
vt 0.7933 0.5884
vt 0.5953 0.8161
vt 0.5208 0.4521
vt 0.7933 0.5884
vt 0.6284 0.6076
vt 0.6284 0.6076
vt 0.5953 0.8161
vt 0.6284 0.6076
vt 0.5208 0.4521
vt 0.6284 0.6076
vt 0.6284 0.6076
vt 0.5953 0.8161
vt 0.7933 0.5884
vt 0.5208 0.4521
vt 0.7933 0.5884
vt 0.6284 0.6076
vt 0.6284 0.6076
vt 0.5953 0.8161
vt 0.6284 0.6076
vt 0.5208 0.4521
vt 0.6284 0.6076
vt 0.6496 0.5187
vt 0.4123 0.5187
vt 0.6496 0.7559
vt 0.6496 0.2815
vt 0.8868 0.5187
vt 0.6496 0.5187
vt 0.6284 0.6076
vt 0.7933 0.5884
vt 0.5953 0.8161
vt 0.5208 0.4521
vt 0.7933 0.5884
vt 0.6284 0.6076
vt 0.6284 0.6076
vt 0.5953 0.8161
vt 0.6284 0.6076
vt 0.5208 0.4521
vt 0.6284 0.6076
vt 0.6496 0.5187
vt 0.4123 0.5187
vt 0.6496 0.7559
vt 0.6496 0.2815
vt 0.8868 0.5187
vt 0.6496 0.5187
vt 0.6284 0.6076
vt 0.5953 0.8161
vt 0.7933 0.5884
vt 0.5208 0.4521
vt 0.7933 0.5884
vt 0.6284 0.6076
vt 0.6284 0.6076
vt 0.5953 0.8161
vt 0.6284 0.6076
vt 0.5208 0.4521
vt 0.6284 0.6076
vt 0.6284 0.6076
vt 0.7933 0.5884
vt 0.5953 0.8161
vt 0.5208 0.4521
vt 0.7933 0.5884
vt 0.6284 0.6076
vt 0.6284 0.6076
vt 0.5953 0.8161
vt 0.6284 0.6076
vt 0.5208 0.4521
vt 0.6284 0.6076
vt 0.6284 0.6076
vt 0.5953 0.8161
vt 0.7933 0.5884
vt 0.5208 0.4521
vt 0.7933 0.5884
vt 0.6284 0.6076
vt 0.6284 0.6076
vt 0.5953 0.8161
vt 0.6284 0.6076
vt 0.5208 0.4521
vt 0.6284 0.6076
vt 0.6284 0.6076
vt 0.7933 0.5884
vt 0.5953 0.8161
vt 0.5208 0.4521
vt 0.7933 0.5884
vt 0.6284 0.6076
vt 0.6284 0.6076
vt 0.5953 0.8161
vt 0.6284 0.6076
vt 0.5208 0.4521
vt 0.6284 0.6076
vt 0.6284 0.6076
vt 0.5953 0.8161
vt 0.7933 0.5884
vt 0.5208 0.4521
vt 0.7933 0.5884
vt 0.6284 0.6076
vt 0.6284 0.6076
vt 0.5953 0.8161
vt 0.6284 0.6076
vt 0.5208 0.4521
vt 0.6284 0.6076
vt 0.6496 0.5187
vt 0.4123 0.5187
vt 0.6496 0.7559
vt 0.6496 0.2815
vt 0.8868 0.5187
vt 0.6496 0.5187
vt 0.6284 0.6076
vt 0.7933 0.5884
vt 0.5953 0.8161
vt 0.5208 0.4521
vt 0.7933 0.5884
vt 0.6284 0.6076
vt 0.6284 0.6076
vt 0.5953 0.8161
vt 0.6284 0.6076
vt 0.5208 0.4521
vt 0.6284 0.6076
vt 0.6284 0.6076
vt 0.5953 0.8161
vt 0.7933 0.5884
vt 0.5208 0.4521
vt 0.7933 0.5884
vt 0.6284 0.6076
vt 0.6284 0.6076
vt 0.5953 0.8161
vt 0.6284 0.6076
vt 0.5208 0.4521
vt 0.6284 0.6076
vt 0.9613 0.5777
vt 0.6844 0.2557
vt 0.6844 0.5506
vt 0.9613 0.2286
vt 0.6844 0.1406
vt 0.9613 0.0863
vt 0.6844 0.2557
vt 0.9613 0.2286
vt 0.6844 0.5506
vt 0.9613 0.5777
vt 0.6844 0.6657
vt 0.9613 0.7201
vt 0.3693 0.2683
vt 0.3693 0.2009
vt 0.3693 0.5028
vt 0.3693 0.5702
vt 0.9613 0.2286
vt 0.6844 0.2557
vt 0.6844 0.1406
vt 0.9613 0.0863
vt 0.6844 0.2557
vt 0.9613 0.2286
vt 0.6844 0.5506
vt 0.9613 0.5777
vt 0.6844 0.6657
vt 0.9613 0.7201
vt 0.6844 0.5506
vt 0.9613 0.5777
vt 0.3693 0.2009
vt 0.3693 0.2683
vt 0.3693 0.5028
vt 0.3693 0.5702
vt 0.9613 0.2286
vt 0.6844 0.1406
vt 0.6844 0.2557
vt 0.9613 0.0863
vt 0.6844 0.2557
vt 0.9613 0.2286
vt 0.6844 0.5506
vt 0.9613 0.5777
vt 0.6844 0.6657
vt 0.9613 0.7201
vt 0.6844 0.5506
vt 0.9613 0.5777
vt 0.3693 0.2009
vt 0.3693 0.2683
vt 0.3693 0.5028
vt 0.3693 0.5702
vt 0.9613 0.5777
vt 0.9613 0.2286
vt 0.6844 0.2557
vt 0.9613 0.0863
vt 0.6844 0.1406
vt 0.9613 0.2286
vt 0.9613 0.5777
vt 0.6844 0.5506
vt 0.9613 0.7201
vt 0.6844 0.6657
vt 0.9613 0.5777
vt 0.6844 0.5506
vt 0.6844 0.2557
vt 0.9613 0.2286
vt 0.6844 0.1406
vt 0.9613 0.0863
vt 0.6844 0.2557
vt 0.9613 0.2286
vt 0.6844 0.5506
vt 0.9613 0.5777
vt 0.6844 0.6657
vt 0.9613 0.7201
vt 0.3693 0.2683
vt 0.3693 0.2009
vt 0.3693 0.5028
vt 0.3693 0.5702
vt 0.9613 0.5777
vt 0.6844 0.2557
vt 0.9613 0.2286
vt 0.6844 0.1406
vt 0.9613 0.0863
vt 0.9613 0.2286
vt 0.6844 0.5506
vt 0.9613 0.5777
vt 0.6844 0.6657
vt 0.9613 0.7201
vt 0.6284 0.6076
vt 0.7933 0.5884
vt 0.5953 0.8161
vt 0.5208 0.4521
vt 0.7933 0.5884
vt 0.6284 0.6076
vt 0.6284 0.6076
vt 0.5953 0.8161
vt 0.6284 0.6076
vt 0.5208 0.4521
vt 0.6284 0.6076
vt 0.6496 0.5187
vt 0.6496 0.7559
vt 0.4123 0.5187
vt 0.6496 0.2815
vt 0.8868 0.5187
vt 0.6496 0.5187
vt 0.6496 0.5187
vt 0.4123 0.5187
vt 0.6496 0.7559
vt 0.6496 0.2815
vt 0.8868 0.5187
vt 0.6496 0.5187
vt 0.0471 0.3305
vt 0.1219 0.4595
vt 0.1219 0.5992
vt 0.1219 0.1958
vt 0.1219 0.0614
vt 0.1219 0.1958
vt 0.1219 0.4595
vt 0.2943 0.4627
vt 0.2943 0.5956
vt 0.2943 0.1969
vt 0.2943 0.064
vt 0.2943 0.1969
vt 0.2943 0.4627
vt 0.366 0.3296
vt 0.6496 0.5187
vt 0.4123 0.5187
vt 0.6496 0.7559
vt 0.6496 0.2815
vt 0.8868 0.5187
vt 0.6496 0.5187
vt 0.6496 0.5187
vt 0.4123 0.5187
vt 0.6496 0.7559
vt 0.6496 0.2815
vt 0.8868 0.5187
vt 0.6496 0.5187
vt 0.1386 0.5111
vt 0.2334 0.7901
vt 0.2497 0.6478
vt 0.2934 0.6478
vt 0.2992 0.3339
vt 0.2653 0.111
vt 0.2555 0.3339
vt 0.2497 0.6478
vt 0.4655 0.7883
vt 0.4509 0.6852
vt 0.2334 0.7901
vt 0.4801 0.6852
vt 0.2934 0.6478
vt 0.4844 0.3801
vt 0.2992 0.3339
vt 0.4698 0.277
vt 0.2653 0.111
vt 0.4552 0.3801
vt 0.2555 0.3339
vt 0.7067 0.9821
vt 0.6969 0.9131
vt 0.7165 0.9131
vt 0.7165 0.7448
vt 0.7067 0.6758
vt 0.6969 0.7448
vt 0.9542 0.844
vt 0.9542 0.844
vt 0.9542 0.844
vt 0.9542 0.844
vt 0.9542 0.844
vt 0.9542 0.844
vt 0.9542 0.844
vt 0.6496 0.5187
vt 0.6496 0.7559
vt 0.4123 0.5187
vt 0.6496 0.2815
vt 0.8868 0.5187
vt 0.6496 0.5187
vt 0.6496 0.5187
vt 0.6496 0.7559
vt 0.4123 0.5187
vt 0.6496 0.2815
vt 0.8868 0.5187
vt 0.6496 0.5187
vt 0.6496 0.5187
vt 0.6496 0.7559
vt 0.4123 0.5187
vt 0.6496 0.2815
vt 0.8868 0.5187
vt 0.6496 0.5187
vt 0.1386 0.5111
vt 0.2334 0.7901
vt 0.2497 0.6478
vt 0.2934 0.6478
vt 0.2992 0.3339
vt 0.2653 0.111
vt 0.2555 0.3339
vt 0.2497 0.6478
vt 0.4655 0.7883
vt 0.4509 0.6852
vt 0.2334 0.7901
vt 0.4801 0.6852
vt 0.2934 0.6478
vt 0.4844 0.3801
vt 0.2992 0.3339
vt 0.4698 0.277
vt 0.2653 0.111
vt 0.4552 0.3801
vt 0.2555 0.3339
vt 0.7067 0.9821
vt 0.6969 0.9131
vt 0.7165 0.9131
vt 0.7165 0.7448
vt 0.7067 0.6758
vt 0.6969 0.7448
vt 0.9542 0.844
vt 0.9542 0.844
vt 0.9542 0.844
vt 0.9542 0.844
vt 0.9542 0.844
vt 0.9542 0.844
vt 0.9542 0.844
vt 0.6496 0.5187
vt 0.4123 0.5187
vt 0.6496 0.7559
vt 0.6496 0.2815
vt 0.8868 0.5187
vt 0.6496 0.5187
vt 0.6496 0.5187
vt 0.4123 0.5187
vt 0.6496 0.7559
vt 0.6496 0.2815
vt 0.8868 0.5187
vt 0.6496 0.5187
vt 0.6496 0.5187
vt 0.4123 0.5187
vt 0.6496 0.7559
vt 0.6496 0.2815
vt 0.8868 0.5187
vt 0.6496 0.5187
vt 0.6496 0.5187
vt 0.4123 0.5187
vt 0.6496 0.7559
vt 0.6496 0.2815
vt 0.8868 0.5187
vt 0.6496 0.5187
vt 0.6496 0.5187
vt 0.6496 0.7559
vt 0.4123 0.5187
vt 0.6496 0.2815
vt 0.8868 0.5187
vt 0.6496 0.5187
vt 0.9613 0.5777
vt 0.6844 0.2557
vt 0.6844 0.5506
vt 0.9613 0.2286
vt 0.6844 0.1406
vt 0.9613 0.0863
vt 0.6844 0.2557
vt 0.9613 0.2286
vt 0.6844 0.5506
vt 0.9613 0.5777
vt 0.6844 0.6657
vt 0.9613 0.7201
vt 0.3693 0.2683
vt 0.3693 0.2009
vt 0.3693 0.5028
vt 0.3693 0.5702
vt 0.6496 0.5187
vt 0.6496 0.7559
vt 0.4123 0.5187
vt 0.6496 0.2815
vt 0.8868 0.5187
vt 0.6496 0.5187
vt 0.6496 0.5187
vt 0.6496 0.7559
vt 0.4123 0.5187
vt 0.6496 0.2815
vt 0.8868 0.5187
vt 0.6496 0.5187
vt 0.6496 0.5187
vt 0.4123 0.5187
vt 0.6496 0.7559
vt 0.6496 0.2815
vt 0.8868 0.5187
vt 0.6496 0.5187
vt 0.6496 0.5187
vt 0.6496 0.7559
vt 0.4123 0.5187
vt 0.6496 0.2815
vt 0.8868 0.5187
vt 0.6496 0.5187
vt 0.9613 0.5777
vt 0.6844 0.2557
vt 0.6844 0.5506
vt 0.9613 0.2286
vt 0.6844 0.1406
vt 0.9613 0.0863
vt 0.6844 0.2557
vt 0.9613 0.2286
vt 0.6844 0.5506
vt 0.9613 0.5777
vt 0.6844 0.6657
vt 0.9613 0.7201
vt 0.3693 0.2683
vt 0.3693 0.2009
vt 0.3693 0.5028
vt 0.3693 0.5702
vt 0.6496 0.5187
vt 0.6496 0.7559
vt 0.4123 0.5187
vt 0.6496 0.2815
vt 0.8868 0.5187
vt 0.6496 0.5187
vt 0.6496 0.5187
vt 0.4123 0.5187
vt 0.6496 0.7559
vt 0.6496 0.2815
vt 0.8868 0.5187
vt 0.6496 0.5187
vt 0.6496 0.5187
vt 0.6496 0.7559
vt 0.4123 0.5187
vt 0.6496 0.2815
vt 0.8868 0.5187
vt 0.6496 0.5187
vt 0.6496 0.5187
vt 0.6496 0.7559
vt 0.4123 0.5187
vt 0.6496 0.2815
vt 0.8868 0.5187
vt 0.6496 0.5187
vt 0.6284 0.6076
vt 0.7933 0.5884
vt 0.5953 0.8161
vt 0.5208 0.4521
vt 0.7933 0.5884
vt 0.6284 0.6076
vt 0.6284 0.6076
vt 0.5953 0.8161
vt 0.6284 0.6076
vt 0.5208 0.4521
vt 0.6284 0.6076
vt 0.6496 0.5187
vt 0.4123 0.5187
vt 0.6496 0.7559
vt 0.6496 0.2815
vt 0.8868 0.5187
vt 0.6496 0.5187
vt 0.6496 0.5187
vt 0.4123 0.5187
vt 0.6496 0.7559
vt 0.6496 0.2815
vt 0.8868 0.5187
vt 0.6496 0.5187
vt 0.6496 0.5187
vt 0.6496 0.7559
vt 0.4123 0.5187
vt 0.6496 0.2815
vt 0.8868 0.5187
vt 0.6496 0.5187
vt 0.6284 0.6076
vt 0.5953 0.8161
vt 0.7933 0.5884
vt 0.5208 0.4521
vt 0.7933 0.5884
vt 0.6284 0.6076
vt 0.6284 0.6076
vt 0.5953 0.8161
vt 0.6284 0.6076
vt 0.5208 0.4521
vt 0.6284 0.6076
vt 0.6496 0.5187
vt 0.4123 0.5187
vt 0.6496 0.7559
vt 0.6496 0.2815
vt 0.8868 0.5187
vt 0.6496 0.5187
vt 0.6284 0.6076
vt 0.5953 0.8161
vt 0.7933 0.5884
vt 0.5208 0.4521
vt 0.7933 0.5884
vt 0.6284 0.6076
vt 0.6284 0.6076
vt 0.5953 0.8161
vt 0.6284 0.6076
vt 0.5208 0.4521
vt 0.6284 0.6076
f 1/1/1 3/3/3 2/2/2
f 1/1/1 4/4/4 3/3/3
f 2/2/2 6/6/6 5/5/5
f 6/6/6 2/2/2 3/3/3
f 5/5/5 8/8/8 7/7/7
f 8/8/8 5/5/5 6/6/6
f 3/3/3 9/9/9 6/6/6
f 9/9/9 3/3/3 4/4/4
f 8/8/8 6/6/6 9/9/9
f 10/10/10 11/11/11 1/1/1
f 1/1/1 2/2/2 10/10/10
f 11/11/11 12/12/12 4/4/4
f 4/4/4 1/1/1 11/11/11
f 13/13/13 10/10/10 2/2/2
f 2/2/2 5/5/5 13/13/13
f 14/14/14 15/15/15 7/7/7
f 7/7/7 8/8/8 14/14/14
f 15/15/15 13/13/13 5/5/5
f 5/5/5 7/7/7 15/15/15
f 12/12/12 16/16/16 9/9/9
f 9/9/9 4/4/4 12/12/12
f 16/16/16 14/14/14 8/8/8
f 8/8/8 9/9/9 16/16/16
f 11/11/11 10/10/10 17/17/17
f 12/12/12 11/11/11 17/17/17
f 10/10/10 13/13/13 17/17/17
f 15/15/15 14/14/14 17/17/17
f 13/13/13 15/15/15 17/17/17
f 16/16/16 12/12/12 17/17/17
f 14/14/14 16/16/16 17/17/17
f 18/18/18 20/20/20 19/19/19
f 18/18/18 21/21/21 20/20/20
f 18/18/18 22/22/22 21/21/21
f 18/18/18 23/23/23 22/22/22
f 18/18/18 24/24/24 23/23/23
f 18/18/18 19/19/19 24/24/24
f 25/25/25 27/27/27 26/26/26
f 25/25/25 28/28/28 27/27/27
f 28/28/28 29/29/29 27/27/27
f 28/28/28 30/30/30 29/29/29
f 30/30/30 31/31/31 29/29/29
f 30/30/30 32/32/32 31/31/31
f 32/32/32 33/33/33 31/31/31
f 32/32/32 34/34/34 33/33/33
f 34/34/34 35/35/35 33/33/33
f 34/34/34 36/36/36 35/35/35
f 36/36/36 26/26/26 35/35/35
f 36/36/36 25/25/25 26/26/26
f 26/26/26 38/38/38 37/37/37
f 26/26/26 27/27/27 38/38/38
f 27/27/27 39/39/39 38/38/38
f 27/27/27 29/29/29 39/39/39
f 29/29/29 40/40/40 39/39/39
f 29/29/29 31/31/31 40/40/40
f 31/31/31 41/41/41 40/40/40
f 31/31/31 33/33/33 41/41/41
f 33/33/33 42/42/42 41/41/41
f 33/33/33 35/35/35 42/42/42
f 35/35/35 37/37/37 42/42/42
f 35/35/35 26/26/26 37/37/37
f 37/37/37 44/44/44 43/43/43
f 37/37/37 38/38/38 44/44/44
f 38/38/38 45/45/45 44/44/44
f 38/38/38 39/39/39 45/45/45
f 39/39/39 46/46/46 45/45/45
f 39/39/39 40/40/40 46/46/46
f 40/40/40 47/47/47 46/46/46
f 40/40/40 41/41/41 47/47/47
f 41/41/41 48/48/48 47/47/47
f 41/41/41 42/42/42 48/48/48
f 42/42/42 43/43/43 48/48/48
f 42/42/42 37/37/37 43/43/43
f 49/50/50 51/52/52 50/51/51
f 51/52/52 52/53/53 50/51/51
f 53/54/54 50/51/51 52/53/53
f 54/55/55 55/56/56 53/54/54
f 53/54/54 52/53/53 54/55/55
f 56/57/57 57/58/58 55/56/56
f 55/56/56 54/55/55 56/57/57
f 51/52/52 49/50/50 57/58/58
f 57/58/58 56/57/57 51/52/52
f 58/59/59 60/61/61 59/60/60
f 58/59/59 59/60/60 61/62/62
f 57/58/58 49/50/50 50/51/51
f 57/58/58 50/51/51 53/54/54
f 57/58/58 53/54/54 55/56/56
f 62/63/63 64/65/65 63/64/64
f 63/64/64 65/66/66 62/63/63
f 64/65/65 67/68/68 66/67/67
f 66/67/67 63/64/64 64/65/65
f 68/69/69 69/70/70 66/67/67
f 66/67/67 67/68/68 68/69/69
f 70/71/71 71/72/72 69/70/70
f 69/70/70 68/69/69 70/71/71
f 62/63/63 65/66/66 71/72/72
f 71/72/72 70/71/71 62/63/63
f 72/73/73 74/75/75 73/74/74
f 72/73/73 73/74/74 75/76/76
f 72/73/73 75/76/76 76/77/77
f 77/78/78 79/80/80 78/79/79
f 77/78/78 78/79/79 80/81/81
f 77/78/78 80/81/81 81/82/82
f 82/83/83 84/85/85 83/84/84
f 82/83/83 83/84/84 85/86/86
f 82/83/83 85/86/86 86/87/87
f 82/83/83 86/87/87 84/85/85
f 87/88/88 83/84/84 84/85/85
f 87/88/88 85/86/86 83/84/84
f 87/88/88 86/87/87 85/86/86
f 87/88/88 84/85/85 86/87/87
f 88/89/89 90/91/91 89/90/90
f 88/89/89 89/90/90 91/92/92
f 88/89/89 91/92/92 92/93/93
f 88/89/89 92/93/93 90/91/91
f 93/94/94 89/90/90 90/91/91
f 93/94/94 91/92/92 89/90/90
f 93/94/94 92/93/93 91/92/92
f 93/94/94 90/91/91 92/93/93
f 94/95/95 96/97/97 95/96/96
f 94/95/95 97/98/98 96/97/97
f 94/95/95 98/99/99 97/98/98
f 94/95/95 99/100/100 98/99/99
f 94/95/95 100/101/101 99/100/100
f 94/95/95 95/96/96 100/101/101
f 95/96/96 102/103/103 101/102/102
f 95/96/96 96/97/97 102/103/103
f 96/97/97 103/104/104 102/103/103
f 96/97/97 97/98/98 103/104/104
f 97/98/98 104/105/105 103/104/104
f 97/98/98 98/99/99 104/105/105
f 98/99/99 105/106/106 104/105/105
f 98/99/99 99/100/100 105/106/106
f 99/100/100 106/107/107 105/106/106
f 99/100/100 100/101/101 106/107/107
f 100/101/101 101/102/102 106/107/107
f 100/101/101 95/96/96 101/102/102
f 107/108/108 101/102/102 102/103/103
f 107/108/108 102/103/103 103/104/104
f 107/108/108 103/104/104 104/105/105
f 107/108/108 104/105/105 105/106/106
f 107/108/108 105/106/106 106/107/107
f 107/108/108 106/107/107 101/102/102
f 108/109/109 110/111/111 109/110/110
f 110/111/111 108/109/109 111/112/112
f 112/113/113 114/115/115 113/114/114
f 113/114/114 115/116/116 112/113/113
f 116/117/117 109/110/110 117/118/118
f 109/110/110 116/117/117 108/109/109
f 117/118/118 110/111/111 118/119/119
f 110/111/111 117/118/118 109/110/110
f 110/111/111 111/112/112 119/120/120
f 119/120/120 118/119/119 110/111/111
f 120/121/121 114/115/115 121/122/122
f 114/115/115 120/121/121 113/114/114
f 114/115/115 112/113/113 122/123/123
f 122/123/123 121/122/122 114/115/115
f 115/116/116 113/114/114 120/121/121
f 120/121/121 123/124/124 115/116/116
f 122/123/123 112/113/113 115/116/116
f 122/123/123 115/116/116 123/124/124
f 119/120/120 111/112/112 108/109/109
f 119/120/120 108/109/109 116/117/117
f 124/125/125 126/127/127 125/126/126
f 127/128/128 126/127/127 124/125/125
f 117/118/118 119/120/120 116/117/117
f 118/119/119 119/120/120 117/118/118
f 120/121/121 121/122/122 126/127/127
f 126/127/127 127/128/128 120/121/121
f 121/122/122 122/123/123 125/126/126
f 125/126/126 126/127/127 121/122/122
f 123/124/124 120/121/121 127/128/128
f 127/128/128 124/125/125 123/124/124
f 122/123/123 123/124/124 124/125/125
f 124/125/125 125/126/126 122/123/123
f 128/129/129 130/131/131 129/130/130
f 128/129/129 129/130/130 131/132/132
f 130/131/131 133/134/134 132/133/133
f 132/133/133 129/130/130 130/131/131
f 133/134/134 135/136/136 134/135/135
f 134/135/135 132/133/133 133/134/134
f 129/130/130 132/133/133 136/137/137
f 136/137/137 131/132/132 129/130/130
f 134/135/135 136/137/137 132/133/133
f 137/138/138 128/129/129 138/139/139
f 128/129/129 137/138/138 130/131/131
f 138/139/139 131/132/132 139/140/140
f 131/132/132 138/139/139 128/129/129
f 140/141/141 130/131/131 137/138/138
f 130/131/131 140/141/141 133/134/134
f 141/142/142 135/136/136 142/143/143
f 135/136/136 141/142/142 134/135/135
f 142/143/143 133/134/134 140/141/141
f 133/134/134 142/143/143 135/136/136
f 139/140/140 136/137/137 143/144/144
f 136/137/137 139/140/140 131/132/132
f 143/144/144 134/135/135 141/142/142
f 134/135/135 143/144/144 136/137/137
f 138/139/139 144/145/145 137/138/138
f 139/140/140 144/145/145 138/139/139
f 137/138/138 144/145/145 140/141/141
f 142/143/143 144/145/145 141/142/142
f 140/141/141 144/145/145 142/143/143
f 143/144/144 144/145/145 139/140/140
f 141/142/142 144/145/145 143/144/144
f 145/146/146 147/148/148 146/147/147
f 145/146/146 146/147/147 148/149/149
f 145/146/146 148/149/149 149/150/150
f 145/146/146 149/150/150 150/151/151
f 145/146/146 150/151/151 151/152/152
f 145/146/146 151/152/152 147/148/148
f 152/153/153 154/155/155 153/154/154
f 152/153/153 153/154/154 155/156/156
f 155/156/156 153/154/154 156/157/157
f 155/156/156 156/157/157 157/158/158
f 157/158/158 156/157/157 158/159/159
f 157/158/158 158/159/159 159/160/160
f 159/160/160 158/159/159 160/161/161
f 159/160/160 160/161/161 161/162/162
f 161/162/162 160/161/161 162/163/163
f 161/162/162 162/163/163 163/164/164
f 163/164/164 162/163/163 154/155/155
f 163/164/164 154/155/155 152/153/153
f 154/155/155 165/166/166 164/165/165
f 154/155/155 164/165/165 153/154/154
f 153/154/154 164/165/165 166/167/167
f 153/154/154 166/167/167 156/157/157
f 156/157/157 166/167/167 167/168/168
f 156/157/157 167/168/168 158/159/159
f 158/159/159 167/168/168 168/169/169
f 158/159/159 168/169/169 160/161/161
f 160/161/161 168/169/169 169/170/170
f 160/161/161 169/170/170 162/163/163
f 162/163/163 169/170/170 165/166/166
f 162/163/163 165/166/166 154/155/155
f 165/166/166 171/172/172 170/171/171
f 165/166/166 170/171/171 164/165/165
f 164/165/165 170/171/171 172/173/173
f 164/165/165 172/173/173 166/167/167
f 166/167/167 172/173/173 173/174/174
f 166/167/167 173/174/174 167/168/168
f 167/168/168 173/174/174 174/175/175
f 167/168/168 174/175/175 168/169/169
f 168/169/169 174/175/175 175/176/176
f 168/169/169 175/176/176 169/170/170
f 169/170/170 175/176/176 171/172/172
f 169/170/170 171/172/172 165/166/166
f 176/178/178 178/180/180 177/179/179
f 177/179/179 178/180/180 179/181/181
f 180/182/182 179/181/181 178/180/180
f 181/183/183 180/182/182 182/184/184
f 180/182/182 181/183/183 179/181/181
f 183/185/185 182/184/184 184/186/186
f 182/184/184 183/185/185 181/183/183
f 177/179/179 184/186/186 176/178/178
f 184/186/186 177/179/179 183/185/185
f 185/187/187 187/189/189 186/188/188
f 185/187/187 188/190/190 187/189/189
f 184/186/186 178/180/180 176/178/178
f 184/186/186 180/182/182 178/180/180
f 184/186/186 182/184/184 180/182/182
f 189/191/191 191/193/193 190/192/192
f 191/193/193 189/191/191 192/194/194
f 190/192/192 194/196/196 193/195/195
f 194/196/196 190/192/192 191/193/193
f 195/197/197 194/196/196 196/198/198
f 194/196/196 195/197/197 193/195/195
f 197/199/199 196/198/198 198/200/200
f 196/198/198 197/199/199 195/197/197
f 189/191/191 198/200/200 192/194/194
f 198/200/200 189/191/191 197/199/199
f 199/201/201 201/203/203 200/202/202
f 199/201/201 202/204/204 201/203/203
f 199/201/201 203/205/205 202/204/204
f 204/206/206 206/208/208 205/207/207
f 204/206/206 207/209/209 206/208/208
f 204/206/206 208/210/210 207/209/209
f 209/211/211 211/213/213 210/212/212
f 209/211/211 212/214/214 211/213/213
f 209/211/211 213/215/215 212/214/214
f 209/211/211 210/212/212 213/215/215
f 214/216/216 210/212/212 211/213/213
f 214/216/216 211/213/213 212/214/214
f 214/216/216 212/214/214 213/215/215
f 214/216/216 213/215/215 210/212/212
f 215/217/217 217/219/219 216/218/218
f 215/217/217 218/220/220 217/219/219
f 215/217/217 219/221/221 218/220/220
f 215/217/217 216/218/218 219/221/221
f 220/222/222 216/218/218 217/219/219
f 220/222/222 217/219/219 218/220/220
f 220/222/222 218/220/220 219/221/221
f 220/222/222 219/221/221 216/218/218
f 221/223/223 223/225/225 222/224/224
f 221/223/223 222/224/224 224/226/226
f 221/223/223 224/226/226 225/227/227
f 221/223/223 225/227/227 226/228/228
f 221/223/223 226/228/228 227/229/229
f 221/223/223 227/229/229 223/225/225
f 223/225/225 229/231/231 228/230/230
f 223/225/225 228/230/230 222/224/224
f 222/224/224 228/230/230 230/232/232
f 222/224/224 230/232/232 224/226/226
f 224/226/226 230/232/232 231/233/233
f 224/226/226 231/233/233 225/227/227
f 225/227/227 231/233/233 232/234/234
f 225/227/227 232/234/234 226/228/228
f 226/228/228 232/234/234 233/235/235
f 226/228/228 233/235/235 227/229/229
f 227/229/229 233/235/235 229/231/231
f 227/229/229 229/231/231 223/225/225
f 234/236/236 228/230/230 229/231/231
f 234/236/236 230/232/232 228/230/230
f 234/236/236 231/233/233 230/232/232
f 234/236/236 232/234/234 231/233/233
f 234/236/236 233/235/235 232/234/234
f 234/236/236 229/231/231 233/235/235
f 235/237/237 237/239/239 236/238/238
f 236/238/238 238/240/240 235/237/237
f 239/241/241 241/243/243 240/242/242
f 241/243/243 239/241/241 242/244/244
f 243/245/245 244/246/246 237/239/239
f 237/239/239 235/237/237 243/245/245
f 244/246/246 245/247/247 236/238/238
f 236/238/238 237/239/239 244/246/246
f 236/238/238 246/248/248 238/240/240
f 246/248/248 236/238/238 245/247/247
f 247/249/249 248/250/250 240/242/242
f 240/242/242 241/243/243 247/249/249
f 240/242/242 249/251/251 239/241/241
f 249/251/251 240/242/242 248/250/250
f 242/244/244 247/249/249 241/243/243
f 247/249/249 242/244/244 250/252/252
f 249/251/251 242/244/244 239/241/241
f 249/251/251 250/252/252 242/244/244
f 246/248/248 235/237/237 238/240/240
f 246/248/248 243/245/245 235/237/237
f 251/253/253 253/255/255 252/254/254
f 254/256/256 251/253/253 252/254/254
f 244/246/246 243/245/245 246/248/248
f 245/247/247 244/246/246 246/248/248
f 247/249/249 252/254/254 248/250/250
f 252/254/254 247/249/249 254/256/256
f 248/250/250 253/255/255 249/251/251
f 253/255/255 248/250/250 252/254/254
f 250/252/252 254/256/256 247/249/249
f 254/256/256 250/252/252 251/253/253
f 249/251/251 251/253/253 250/252/252
f 251/253/253 249/251/251 253/255/255
f 255/257/257 257/259/259 256/258/258
f 255/257/257 256/258/258 258/260/260
f 255/257/257 258/260/260 259/261/261
f 255/257/257 259/261/261 257/259/259
f 260/262/262 262/264/264 261/263/263
f 260/262/262 261/263/263 263/265/265
f 263/265/265 261/263/263 264/266/266
f 263/265/265 264/266/266 265/267/267
f 265/267/267 264/266/266 266/268/268
f 265/267/267 266/268/268 267/269/269
f 268/270/270 270/272/272 269/271/271
f 267/269/269 262/264/264 260/262/262
f 271/274/274 273/276/276 272/275/275
f 271/274/274 272/275/275 274/277/277
f 271/274/274 274/277/277 275/278/278
f 271/274/274 275/278/278 273/276/276
f 276/279/279 278/281/281 277/280/280
f 276/279/279 277/280/280 279/282/282
f 279/282/282 277/280/280 280/283/283
f 279/282/282 280/283/283 281/284/284
f 281/284/284 280/283/283 282/285/285
f 281/284/284 282/285/285 283/286/286
f 283/286/286 282/285/285 278/281/281
f 283/286/286 278/281/281 276/279/279
f 284/288/288 286/290/290 285/289/289
f 284/288/288 285/289/289 287/291/291
f 284/288/288 287/291/291 288/292/292
f 284/288/288 288/292/292 286/290/290
f 289/293/293 291/295/295 290/294/294
f 289/293/293 290/294/294 292/296/296
f 292/296/296 290/294/294 293/297/297
f 292/296/296 293/297/297 294/298/298
f 294/298/298 293/297/297 295/299/299
f 294/298/298 295/299/299 296/300/300
f 296/300/300 295/299/299 291/295/295
f 296/300/300 291/295/295 289/293/293
f 297/302/302 299/304/304 298/303/303
f 297/302/302 298/303/303 300/305/305
f 297/302/302 300/305/305 301/306/306
f 297/302/302 301/306/306 302/307/307
f 297/302/302 302/307/307 303/308/308
f 297/302/302 303/308/308 299/304/304
f 304/309/309 306/311/311 305/310/310
f 304/309/309 305/310/310 307/312/312
f 307/312/312 305/310/310 308/313/313
f 307/312/312 308/313/313 309/314/314
f 309/314/314 308/313/313 310/315/315
f 309/314/314 310/315/315 311/316/316
f 311/316/316 310/315/315 312/317/317
f 311/316/316 312/317/317 313/318/318
f 313/318/318 312/317/317 314/319/319
f 313/318/318 314/319/319 315/320/320
f 315/320/320 314/319/319 306/311/311
f 315/320/320 306/311/311 304/309/309
f 306/311/311 317/322/322 316/321/321
f 306/311/311 316/321/321 305/310/310
f 305/310/310 316/321/321 318/323/323
f 305/310/310 318/323/323 308/313/313
f 308/313/313 318/323/323 319/324/324
f 308/313/313 319/324/324 310/315/315
f 310/315/315 319/324/324 320/325/325
f 310/315/315 320/325/325 312/317/317
f 312/317/317 320/325/325 321/326/326
f 312/317/317 321/326/326 314/319/319
f 314/319/319 321/326/326 317/322/322
f 314/319/319 317/322/322 306/311/311
f 317/322/322 323/328/328 322/327/327
f 317/322/322 322/327/327 316/321/321
f 316/321/321 322/327/327 324/329/329
f 316/321/321 324/329/329 318/323/323
f 318/323/323 324/329/329 325/330/330
f 318/323/323 325/330/330 319/324/324
f 319/324/324 325/330/330 326/331/331
f 319/324/324 326/331/331 320/325/325
f 320/325/325 326/331/331 327/332/332
f 320/325/325 327/332/332 321/326/326
f 321/326/326 327/332/332 323/328/328
f 321/326/326 323/328/328 317/322/322
f 328/334/334 330/336/336 329/335/335
f 328/334/334 329/335/335 331/337/337
f 328/334/334 331/337/337 332/338/338
f 328/334/334 332/338/338 333/339/339
f 328/334/334 333/339/339 334/340/340
f 328/334/334 334/340/340 330/336/336
f 330/336/336 336/342/342 335/341/341
f 330/336/336 335/341/341 329/335/335
f 329/335/335 335/341/341 337/343/343
f 329/335/335 337/343/343 331/337/337
f 331/337/337 337/343/343 338/344/344
f 331/337/337 338/344/344 332/338/338
f 332/338/338 338/344/344 339/345/345
f 332/338/338 339/345/345 333/339/339
f 333/339/339 339/345/345 340/346/346
f 333/339/339 340/346/346 334/340/340
f 334/340/340 340/346/346 336/342/342
f 334/340/340 336/342/342 330/336/336
f 341/347/347 335/341/341 336/342/342
f 341/347/347 337/343/343 335/341/341
f 341/347/347 338/344/344 337/343/343
f 341/347/347 339/345/345 338/344/344
f 341/347/347 340/346/346 339/345/345
f 341/347/347 336/342/342 340/346/346
f 342/348/348 344/350/350 343/349/349
f 342/348/348 345/351/351 344/350/350
f 342/348/348 343/349/349 345/351/351
f 346/352/352 348/354/354 347/353/353
f 346/352/352 349/355/355 348/354/354
f 349/355/355 350/356/356 348/354/354
f 349/355/355 351/357/357 350/356/356
f 351/357/357 347/353/353 350/356/356
f 351/357/357 346/352/352 347/353/353
f 352/359/359 354/361/361 353/360/360
f 352/359/359 355/362/362 354/361/361
f 352/359/359 356/363/363 355/362/362
f 352/359/359 357/364/364 356/363/363
f 352/359/359 358/365/365 357/364/364
f 352/359/359 353/360/360 358/365/365
f 353/360/360 360/367/367 359/366/366
f 353/360/360 354/361/361 360/367/367
f 354/361/361 361/368/368 360/367/367
f 354/361/361 355/362/362 361/368/368
f 355/362/362 362/369/369 361/368/368
f 355/362/362 356/363/363 362/369/369
f 356/363/363 363/370/370 362/369/369
f 356/363/363 357/364/364 363/370/370
f 357/364/364 364/371/371 363/370/370
f 357/364/364 358/365/365 364/371/371
f 358/365/365 359/366/366 364/371/371
f 358/365/365 353/360/360 359/366/366
f 365/372/372 359/366/366 360/367/367
f 365/372/372 360/367/367 361/368/368
f 365/372/372 361/368/368 362/369/369
f 365/372/372 362/369/369 363/370/370
f 365/372/372 363/370/370 364/371/371
f 365/372/372 364/371/371 359/366/366
f 366/373/373 368/375/375 367/374/374
f 366/373/373 367/374/374 369/376/376
f 366/373/373 369/376/376 370/377/377
f 366/373/373 370/377/377 371/378/378
f 366/373/373 371/378/378 372/379/379
f 366/373/373 372/379/379 368/375/375
f 368/375/375 374/381/381 373/380/380
f 368/375/375 373/380/380 367/374/374
f 367/374/374 373/380/380 375/382/382
f 367/374/374 375/382/382 369/376/376
f 369/376/376 375/382/382 376/383/383
f 369/376/376 376/383/383 370/377/377
f 370/377/377 376/383/383 377/384/384
f 370/377/377 377/384/384 371/378/378
f 371/378/378 377/384/384 378/385/385
f 371/378/378 378/385/385 372/379/379
f 372/379/379 378/385/385 374/381/381
f 372/379/379 374/381/381 368/375/375
f 379/386/386 373/380/380 374/381/381
f 379/386/386 375/382/382 373/380/380
f 379/386/386 376/383/383 375/382/382
f 379/386/386 377/384/384 376/383/383
f 379/386/386 378/385/385 377/384/384
f 379/386/386 374/381/381 378/385/385
f 380/387/387 382/389/389 381/388/388
f 380/387/387 381/388/388 383/390/390
f 380/387/387 383/390/390 382/389/389
f 384/391/391 386/393/393 385/392/392
f 384/391/391 385/392/392 387/394/394
f 387/394/394 385/392/392 388/395/395
f 387/394/394 388/395/395 389/396/396
f 389/396/396 388/395/395 386/393/393
f 389/396/396 386/393/393 384/391/391
f 390/398/398 392/400/400 391/399/399
f 390/398/398 393/401/401 392/400/400
f 390/398/398 394/402/402 393/401/401
f 390/398/398 395/403/403 394/402/402
f 390/398/398 396/404/404 395/403/403
f 390/398/398 391/399/399 396/404/404
f 391/399/399 398/406/406 397/405/405
f 391/399/399 392/400/400 398/406/406
f 392/400/400 399/407/407 398/406/406
f 392/400/400 393/401/401 399/407/407
f 393/401/401 400/408/408 399/407/407
f 393/401/401 394/402/402 400/408/408
f 394/402/402 401/409/409 400/408/408
f 394/402/402 395/403/403 401/409/409
f 395/403/403 402/410/410 401/409/409
f 395/403/403 396/404/404 402/410/410
f 396/404/404 397/405/405 402/410/410
f 396/404/404 391/399/399 397/405/405
f 403/411/411 397/405/405 398/406/406
f 403/411/411 398/406/406 399/407/407
f 403/411/411 399/407/407 400/408/408
f 403/411/411 400/408/408 401/409/409
f 403/411/411 401/409/409 402/410/410
f 403/411/411 402/410/410 397/405/405
f 404/412/412 406/414/414 405/413/413
f 404/412/412 405/413/413 407/415/415
f 404/412/412 407/415/415 408/416/416
f 404/412/412 408/416/416 406/414/414
f 409/417/417 405/413/413 406/414/414
f 409/417/417 407/415/415 405/413/413
f 409/417/417 408/416/416 407/415/415
f 409/417/417 406/414/414 408/416/416
f 410/418/418 412/420/420 411/419/419
f 410/418/418 413/421/421 412/420/420
f 410/418/418 414/422/422 413/421/421
f 410/418/418 411/419/419 414/422/422
f 415/423/423 411/419/419 412/420/420
f 415/423/423 412/420/420 413/421/421
f 415/423/423 413/421/421 414/422/422
f 415/423/423 414/422/422 411/419/419
f 416/424/424 418/426/426 417/425/425
f 416/424/424 419/427/427 418/426/426
f 416/424/424 417/425/425 419/427/427
f 420/428/428 422/430/430 421/429/429
f 420/428/428 423/431/431 422/430/430
f 423/431/431 424/432/432 422/430/430
f 423/431/431 425/433/433 424/432/432
f 425/433/433 421/429/429 424/432/432
f 425/433/433 420/428/428 421/429/429
f 426/435/435 428/437/437 427/436/436
f 426/435/435 427/436/436 429/438/438
f 426/435/435 429/438/438 428/437/437
f 430/439/439 432/441/441 431/440/440
f 430/439/439 431/440/440 433/442/442
f 433/442/442 431/440/440 434/443/443
f 433/442/442 434/443/443 435/444/444
f 435/444/444 434/443/443 432/441/441
f 435/444/444 432/441/441 430/439/439
f 436/446/446 438/448/448 437/447/447
f 436/446/446 437/447/447 439/449/449
f 436/446/446 439/449/449 440/450/450
f 436/446/446 440/450/450 441/451/451
f 436/446/446 441/451/451 442/452/452
f 436/446/446 442/452/452 438/448/448
f 438/448/448 444/454/454 443/453/453
f 438/448/448 443/453/453 437/447/447
f 437/447/447 443/453/453 445/455/455
f 437/447/447 445/455/455 439/449/449
f 439/449/449 445/455/455 446/456/456
f 439/449/449 446/456/456 440/450/450
f 440/450/450 446/456/456 447/457/457
f 440/450/450 447/457/457 441/451/451
f 441/451/451 447/457/457 448/458/458
f 441/451/451 448/458/458 442/452/452
f 442/452/452 448/458/458 444/454/454
f 442/452/452 444/454/454 438/448/448
f 449/459/459 443/453/453 444/454/454
f 449/459/459 445/455/455 443/453/453
f 449/459/459 446/456/456 445/455/455
f 449/459/459 447/457/457 446/456/456
f 449/459/459 448/458/458 447/457/457
f 449/459/459 444/454/454 448/458/458
f 450/460/460 452/462/462 451/461/461
f 450/460/460 453/463/463 452/462/462
f 450/460/460 454/464/464 453/463/463
f 450/460/460 451/461/461 454/464/464
f 455/465/465 451/461/461 452/462/462
f 455/465/465 452/462/462 453/463/463
f 455/465/465 453/463/463 454/464/464
f 455/465/465 454/464/464 451/461/461
f 456/466/466 458/468/468 457/467/467
f 456/466/466 457/467/467 459/469/469
f 456/466/466 459/469/469 460/470/470
f 456/466/466 460/470/470 458/468/468
f 461/471/471 457/467/467 458/468/468
f 461/471/471 459/469/469 457/467/467
f 461/471/471 460/470/470 459/469/469
f 461/471/471 458/468/468 460/470/470
f 462/472/472 464/474/474 463/473/473
f 462/472/472 465/475/475 464/474/474
f 462/472/472 466/476/476 465/475/475
f 462/472/472 463/473/473 466/476/476
f 467/477/477 463/473/473 464/474/474
f 467/477/477 464/474/474 465/475/475
f 467/477/477 465/475/475 466/476/476
f 467/477/477 466/476/476 463/473/473
f 468/478/478 470/480/480 469/479/479
f 468/478/478 469/479/479 471/481/481
f 468/478/478 471/481/481 472/482/482
f 468/478/478 472/482/482 473/483/483
f 468/478/478 473/483/483 474/484/484
f 468/478/478 474/484/484 470/480/480
f 470/480/480 476/486/486 475/485/485
f 470/480/480 475/485/485 469/479/479
f 469/479/479 475/485/485 477/487/487
f 469/479/479 477/487/487 471/481/481
f 471/481/481 477/487/487 478/488/488
f 471/481/481 478/488/488 472/482/482
f 472/482/482 478/488/488 479/489/489
f 472/482/482 479/489/489 473/483/483
f 473/483/483 479/489/489 480/490/490
f 473/483/483 480/490/490 474/484/484
f 474/484/484 480/490/490 476/486/486
f 474/484/484 476/486/486 470/480/480
f 481/491/491 475/485/485 476/486/486
f 481/491/491 477/487/487 475/485/485
f 481/491/491 478/488/488 477/487/487
f 481/491/491 479/489/489 478/488/488
f 481/491/491 480/490/490 479/489/489
f 481/491/491 476/486/486 480/490/490
f 482/492/492 484/494/494 483/493/493
f 482/492/492 483/493/493 485/495/495
f 482/492/492 485/495/495 486/496/496
f 482/492/492 486/496/496 484/494/494
f 487/497/497 483/493/493 484/494/494
f 487/497/497 485/495/495 483/493/493
f 487/497/497 486/496/496 485/495/495
f 487/497/497 484/494/494 486/496/496
f 488/498/498 490/500/500 489/499/499
f 488/498/498 489/499/499 491/501/501
f 488/498/498 491/501/501 492/502/502
f 488/498/498 492/502/502 490/500/500
f 493/503/503 489/499/499 490/500/500
f 493/503/503 491/501/501 489/499/499
f 493/503/503 492/502/502 491/501/501
f 493/503/503 490/500/500 492/502/502
f 494/504/504 496/506/506 495/505/505
f 494/504/504 497/507/507 496/506/506
f 494/504/504 498/508/508 497/507/507
f 494/504/504 495/505/505 498/508/508
f 499/509/509 495/505/505 496/506/506
f 499/509/509 496/506/506 497/507/507
f 499/509/509 497/507/507 498/508/508
f 499/509/509 498/508/508 495/505/505
f 500/510/510 502/512/512 501/511/511
f 500/510/510 503/513/513 502/512/512
f 500/510/510 501/511/511 503/513/513
f 504/514/514 506/516/516 505/515/515
f 504/514/514 507/517/517 506/516/516
f 507/517/517 508/518/518 506/516/516
f 507/517/517 509/519/519 508/518/518
f 509/519/519 505/515/515 508/518/518
f 509/519/519 504/514/514 505/515/515
f 510/521/521 512/523/523 511/522/522
f 510/521/521 511/522/522 513/524/524
f 510/521/521 513/524/524 512/523/523
f 514/525/525 516/527/527 515/526/526
f 514/525/525 515/526/526 517/528/528
f 517/528/528 515/526/526 518/529/529
f 517/528/528 518/529/529 519/530/530
f 519/530/530 518/529/529 516/527/527
f 519/530/530 516/527/527 514/525/525
f 520/532/532 522/534/534 521/533/533
f 520/532/532 523/535/535 522/534/534
f 520/532/532 521/533/533 523/535/535
f 524/536/536 526/538/538 525/537/537
f 524/536/536 527/539/539 526/538/538
f 527/539/539 528/540/540 526/538/538
f 527/539/539 529/541/541 528/540/540
f 529/541/541 525/537/537 528/540/540
f 529/541/541 524/536/536 525/537/537
f 530/543/543 532/545/545 531/544/544
f 530/543/543 531/544/544 533/546/546
f 530/543/543 533/546/546 534/547/547
f 530/543/543 534/547/547 532/545/545
f 535/548/548 531/544/544 532/545/545
f 535/548/548 533/546/546 531/544/544
f 535/548/548 534/547/547 533/546/546
f 535/548/548 532/545/545 534/547/547
f 536/549/549 538/551/551 537/550/550
f 536/549/549 539/552/552 538/551/551
f 536/549/549 540/553/553 539/552/552
f 536/549/549 537/550/550 540/553/553
f 541/554/554 537/550/550 538/551/551
f 541/554/554 538/551/551 539/552/552
f 541/554/554 539/552/552 540/553/553
f 541/554/554 540/553/553 537/550/550
f 542/555/555 544/557/557 543/556/556
f 542/555/555 545/558/558 544/557/557
f 542/555/555 546/559/559 545/558/558
f 542/555/555 547/560/560 546/559/559
f 542/555/555 548/561/561 547/560/560
f 542/555/555 543/556/556 548/561/561
f 543/556/556 550/563/563 549/562/562
f 543/556/556 544/557/557 550/563/563
f 544/557/557 551/564/564 550/563/563
f 544/557/557 545/558/558 551/564/564
f 545/558/558 552/565/565 551/564/564
f 545/558/558 546/559/559 552/565/565
f 546/559/559 553/566/566 552/565/565
f 546/559/559 547/560/560 553/566/566
f 547/560/560 554/567/567 553/566/566
f 547/560/560 548/561/561 554/567/567
f 548/561/561 549/562/562 554/567/567
f 548/561/561 543/556/556 549/562/562
f 555/568/568 549/562/562 550/563/563
f 555/568/568 550/563/563 551/564/564
f 555/568/568 551/564/564 552/565/565
f 555/568/568 552/565/565 553/566/566
f 555/568/568 553/566/566 554/567/567
f 555/568/568 554/567/567 549/562/562
f 556/569/569 558/571/571 557/570/570
f 556/569/569 557/570/570 559/572/572
f 556/569/569 559/572/572 560/573/573
f 556/569/569 560/573/573 558/571/571
f 561/574/574 557/570/570 558/571/571
f 561/574/574 559/572/572 557/570/570
f 561/574/574 560/573/573 559/572/572
f 561/574/574 558/571/571 560/573/573
f 562/575/575 564/577/577 563/576/576
f 562/575/575 565/578/578 564/577/577
f 562/575/575 566/579/579 565/578/578
f 562/575/575 563/576/576 566/579/579
f 567/580/580 563/576/576 564/577/577
f 567/580/580 564/577/577 565/578/578
f 567/580/580 565/578/578 566/579/579
f 567/580/580 566/579/579 563/576/576
f 568/581/581 570/583/583 569/582/582
f 568/581/581 569/582/582 571/584/584
f 568/581/581 571/584/584 570/583/583
f 572/585/585 574/587/587 573/586/586
f 572/585/585 573/586/586 575/588/588
f 575/588/588 573/586/586 576/589/589
f 575/588/588 576/589/589 577/590/590
f 577/590/590 576/589/589 574/587/587
f 577/590/590 574/587/587 572/585/585
f 578/592/592 580/594/594 579/593/593
f 578/592/592 579/593/593 581/595/595
f 578/592/592 581/595/595 580/594/594
f 582/596/596 584/598/598 583/597/597
f 582/596/596 583/597/597 585/599/599
f 585/599/599 583/597/597 586/600/600
f 585/599/599 586/600/600 587/601/601
f 587/601/601 586/600/600 584/598/598
f 587/601/601 584/598/598 582/596/596
f 588/603/603 590/605/605 589/604/604
f 588/603/603 591/606/606 590/605/605
f 588/603/603 589/604/604 591/606/606
f 592/607/607 594/609/609 593/608/608
f 592/607/607 595/610/610 594/609/609
f 595/610/610 596/611/611 594/609/609
f 595/610/610 597/612/612 596/611/611
f 597/612/612 593/608/608 596/611/611
f 597/612/612 592/607/607 593/608/608
f 598/614/614 600/616/616 599/615/615
f 598/614/614 599/615/615 601/617/617
f 598/614/614 601/617/617 600/616/616
f 602/618/618 604/620/620 603/619/619
f 602/618/618 603/619/619 605/621/621
f 605/621/621 603/619/619 606/622/622
f 605/621/621 606/622/622 607/623/623
f 607/623/623 606/622/622 604/620/620
f 607/623/623 604/620/620 602/618/618
f 608/625/625 610/627/627 609/626/626
f 608/625/625 609/626/626 611/628/628
f 608/625/625 611/628/628 612/629/629
f 608/625/625 612/629/629 613/630/630
f 608/625/625 613/630/630 614/631/631
f 608/625/625 614/631/631 610/627/627
f 610/627/627 616/633/633 615/632/632
f 610/627/627 615/632/632 609/626/626
f 609/626/626 615/632/632 617/634/634
f 609/626/626 617/634/634 611/628/628
f 611/628/628 617/634/634 618/635/635
f 611/628/628 618/635/635 612/629/629
f 612/629/629 618/635/635 619/636/636
f 612/629/629 619/636/636 613/630/630
f 613/630/630 619/636/636 620/637/637
f 613/630/630 620/637/637 614/631/631
f 614/631/631 620/637/637 616/633/633
f 614/631/631 616/633/633 610/627/627
f 621/638/638 615/632/632 616/633/633
f 621/638/638 617/634/634 615/632/632
f 621/638/638 618/635/635 617/634/634
f 621/638/638 619/636/636 618/635/635
f 621/638/638 620/637/637 619/636/636
f 621/638/638 616/633/633 620/637/637
f 622/639/639 624/641/641 623/640/640
f 622/639/639 625/642/642 624/641/641
f 622/639/639 623/640/640 625/642/642
f 626/643/643 628/645/645 627/644/644
f 626/643/643 629/646/646 628/645/645
f 629/646/646 630/647/647 628/645/645
f 629/646/646 631/648/648 630/647/647
f 631/648/648 627/644/644 630/647/647
f 631/648/648 626/643/643 627/644/644
f 632/650/650 634/652/652 633/651/651
f 632/650/650 633/651/651 635/653/653
f 632/650/650 635/653/653 634/652/652
f 636/654/654 638/656/656 637/655/655
f 636/654/654 637/655/655 639/657/657
f 639/657/657 637/655/655 640/658/658
f 639/657/657 640/658/658 641/659/659
f 641/659/659 640/658/658 638/656/656
f 641/659/659 638/656/656 636/654/654
f 642/661/661 644/663/663 643/662/662
f 642/661/661 645/664/664 644/663/663
f 642/661/661 646/665/665 645/664/664
f 642/661/661 647/666/666 646/665/665
f 642/661/661 648/667/667 647/666/666
f 642/661/661 643/662/662 648/667/667
f 643/662/662 650/669/669 649/668/668
f 643/662/662 644/663/663 650/669/669
f 644/663/663 651/670/670 650/669/669
f 644/663/663 645/664/664 651/670/670
f 645/664/664 652/671/671 651/670/670
f 645/664/664 646/665/665 652/671/671
f 646/665/665 653/672/672 652/671/671
f 646/665/665 647/666/666 653/672/672
f 647/666/666 654/673/673 653/672/672
f 647/666/666 648/667/667 654/673/673
f 648/667/667 649/668/668 654/673/673
f 648/667/667 643/662/662 649/668/668
f 655/674/674 649/668/668 650/669/669
f 655/674/674 650/669/669 651/670/670
f 655/674/674 651/670/670 652/671/671
f 655/674/674 652/671/671 653/672/672
f 655/674/674 653/672/672 654/673/673
f 655/674/674 654/673/673 649/668/668
f 656/675/675 658/677/677 657/676/676
f 656/675/675 657/676/676 659/678/678
f 656/675/675 659/678/678 660/679/679
f 656/675/675 660/679/679 658/677/677
f 661/680/680 657/676/676 658/677/677
f 661/680/680 659/678/678 657/676/676
f 661/680/680 660/679/679 659/678/678
f 661/680/680 658/677/677 660/679/679
f 662/681/681 664/683/683 663/682/682
f 662/681/681 665/684/684 664/683/683
f 662/681/681 666/685/685 665/684/684
f 662/681/681 663/682/682 666/685/685
f 667/686/686 663/682/682 664/683/683
f 667/686/686 664/683/683 665/684/684
f 667/686/686 665/684/684 666/685/685
f 667/686/686 666/685/685 663/682/682
f 668/687/687 670/689/689 669/688/688
f 668/687/687 671/690/690 670/689/689
f 668/687/687 672/691/691 671/690/690
f 668/687/687 669/688/688 672/691/691
f 673/692/692 669/688/688 670/689/689
f 673/692/692 670/689/689 671/690/690
f 673/692/692 671/690/690 672/691/691
f 673/692/692 672/691/691 669/688/688
f 674/693/693 676/695/695 675/694/694
f 674/693/693 675/694/694 677/696/696
f 674/693/693 677/696/696 678/697/697
f 674/693/693 678/697/697 676/695/695
f 679/698/698 675/694/694 676/695/695
f 679/698/698 677/696/696 675/694/694
f 679/698/698 678/697/697 677/696/696
f 679/698/698 676/695/695 678/697/697
f 680/699/699 682/701/701 681/700/700
f 680/699/699 683/702/702 682/701/701
f 680/699/699 681/700/700 683/702/702
f 684/703/703 686/705/705 685/704/704
f 684/703/703 687/706/706 686/705/705
f 687/706/706 688/707/707 686/705/705
f 687/706/706 689/708/708 688/707/707
f 689/708/708 685/704/704 688/707/707
f 689/708/708 684/703/703 685/704/704
f 690/710/710 692/712/712 691/711/711
f 690/710/710 693/713/713 692/712/712
f 690/710/710 694/714/714 693/713/713
f 690/710/710 695/715/715 694/714/714
f 690/710/710 696/716/716 695/715/715
f 690/710/710 691/711/711 696/716/716
f 691/711/711 698/718/718 697/717/717
f 691/711/711 692/712/712 698/718/718
f 692/712/712 699/719/719 698/718/718
f 692/712/712 693/713/713 699/719/719
f 693/713/713 700/720/720 699/719/719
f 693/713/713 694/714/714 700/720/720
f 694/714/714 701/721/721 700/720/720
f 694/714/714 695/715/715 701/721/721
f 695/715/715 702/722/722 701/721/721
f 695/715/715 696/716/716 702/722/722
f 696/716/716 697/717/717 702/722/722
f 696/716/716 691/711/711 697/717/717
f 703/723/723 697/717/717 698/718/718
f 703/723/723 698/718/718 699/719/719
f 703/723/723 699/719/719 700/720/720
f 703/723/723 700/720/720 701/721/721
f 703/723/723 701/721/721 702/722/722
f 703/723/723 702/722/722 697/717/717
f 704/724/724 706/726/726 705/725/725
f 704/724/724 705/725/725 707/727/727
f 704/724/724 707/727/727 708/728/728
f 704/724/724 708/728/728 709/729/729
f 704/724/724 709/729/729 710/730/730
f 704/724/724 710/730/730 706/726/726
f 706/726/726 712/732/732 711/731/731
f 706/726/726 711/731/731 705/725/725
f 705/725/725 711/731/731 713/733/733
f 705/725/725 713/733/733 707/727/727
f 707/727/727 713/733/733 714/734/734
f 707/727/727 714/734/734 708/728/728
f 708/728/728 714/734/734 715/735/735
f 708/728/728 715/735/735 709/729/729
f 709/729/729 715/735/735 716/736/736
f 709/729/729 716/736/736 710/730/730
f 710/730/730 716/736/736 712/732/732
f 710/730/730 712/732/732 706/726/726
f 717/737/737 711/731/731 712/732/732
f 717/737/737 713/733/733 711/731/731
f 717/737/737 714/734/734 713/733/733
f 717/737/737 715/735/735 714/734/734
f 717/737/737 716/736/736 715/735/735
f 717/737/737 712/732/732 716/736/736
f 718/738/738 720/740/740 719/739/739
f 718/738/738 719/739/739 721/741/741
f 718/738/738 721/741/741 720/740/740
f 722/742/742 724/744/744 723/743/743
f 722/742/742 723/743/743 725/745/745
f 725/745/745 723/743/743 726/746/746
f 725/745/745 726/746/746 727/747/747
f 727/747/747 726/746/746 724/744/744
f 727/747/747 724/744/744 722/742/742
f 728/749/749 730/751/751 729/750/750
f 728/749/749 731/752/752 730/751/751
f 728/749/749 729/750/750 731/752/752
f 732/753/753 734/755/755 733/754/754
f 732/753/753 735/756/756 734/755/755
f 735/756/756 736/757/757 734/755/755
f 735/756/756 737/758/758 736/757/757
f 737/758/758 733/754/754 736/757/757
f 737/758/758 732/753/753 733/754/754
f 738/760/760 740/762/762 739/761/761
f 738/760/760 739/761/761 741/763/763
f 738/760/760 741/763/763 742/764/764
f 738/760/760 742/764/764 740/762/762
f 743/765/765 739/761/761 740/762/762
f 743/765/765 741/763/763 739/761/761
f 743/765/765 742/764/764 741/763/763
f 743/765/765 740/762/762 742/764/764
f 744/766/766 746/768/768 745/767/767
f 744/766/766 747/769/769 746/768/768
f 744/766/766 748/770/770 747/769/769
f 744/766/766 745/767/767 748/770/770
f 749/771/771 745/767/767 746/768/768
f 749/771/771 746/768/768 747/769/769
f 749/771/771 747/769/769 748/770/770
f 749/771/771 748/770/770 745/767/767
f 750/772/772 752/774/774 751/773/773
f 750/772/772 751/773/773 753/775/775
f 750/772/772 753/775/775 752/774/774
f 754/776/776 756/778/778 755/777/777
f 754/776/776 755/777/777 757/779/779
f 757/779/779 755/777/777 758/780/780
f 757/779/779 758/780/780 759/781/781
f 759/781/781 758/780/780 756/778/778
f 759/781/781 756/778/778 754/776/776
f 760/783/783 762/785/785 761/784/784
f 760/783/783 761/784/784 763/786/786
f 760/783/783 763/786/786 764/787/787
f 760/783/783 764/787/787 762/785/785
f 765/788/788 761/784/784 762/785/785
f 765/788/788 763/786/786 761/784/784
f 765/788/788 764/787/787 763/786/786
f 765/788/788 762/785/785 764/787/787
f 766/789/789 768/791/791 767/790/790
f 766/789/789 767/790/790 769/792/792
f 766/789/789 769/792/792 768/791/791
f 770/793/793 772/795/795 771/794/794
f 770/793/793 771/794/794 773/796/796
f 773/796/796 771/794/794 774/797/797
f 773/796/796 774/797/797 775/798/798
f 775/798/798 774/797/797 772/795/795
f 775/798/798 772/795/795 770/793/793
f 776/800/800 778/802/802 777/801/801
f 776/800/800 777/801/801 779/803/803
f 776/800/800 779/803/803 778/802/802
f 780/804/804 782/806/806 781/805/805
f 780/804/804 781/805/805 783/807/807
f 783/807/807 781/805/805 784/808/808
f 783/807/807 784/808/808 785/809/809
f 785/809/809 784/808/808 782/806/806
f 785/809/809 782/806/806 780/804/804
f 786/811/811 788/813/813 787/812/812
f 786/811/811 789/814/814 788/813/813
f 786/811/811 787/812/812 789/814/814
f 790/815/815 792/817/817 791/816/816
f 790/815/815 793/818/818 792/817/817
f 793/818/818 794/819/819 792/817/817
f 793/818/818 795/820/820 794/819/819
f 795/820/820 791/816/816 794/819/819
f 795/820/820 790/815/815 791/816/816
f 796/822/822 798/824/824 797/823/823
f 796/822/822 799/825/825 798/824/824
f 796/822/822 797/823/823 799/825/825
f 800/826/826 802/828/828 801/827/827
f 800/826/826 803/829/829 802/828/828
f 803/829/829 804/830/830 802/828/828
f 803/829/829 805/831/831 804/830/830
f 805/831/831 801/827/827 804/830/830
f 805/831/831 800/826/826 801/827/827
f 806/833/833 808/835/835 807/834/834
f 806/833/833 809/836/836 808/835/835
f 806/833/833 810/837/837 809/836/836
f 806/833/833 807/834/834 810/837/837
f 811/838/838 807/834/834 808/835/835
f 811/838/838 808/835/835 809/836/836
f 811/838/838 809/836/836 810/837/837
f 811/838/838 810/837/837 807/834/834
f 812/839/839 814/841/841 813/840/840
f 812/839/839 815/842/842 814/841/841
f 812/839/839 813/840/840 815/842/842
f 816/843/843 818/845/845 817/844/844
f 816/843/843 819/846/846 818/845/845
f 819/846/846 820/847/847 818/845/845
f 819/846/846 821/848/848 820/847/847
f 821/848/848 817/844/844 820/847/847
f 821/848/848 816/843/843 817/844/844
f 822/850/850 824/852/852 823/851/851
f 822/850/850 823/851/851 825/853/853
f 822/850/850 825/853/853 824/852/852
f 826/854/854 828/856/856 827/855/855
f 826/854/854 827/855/855 829/857/857
f 829/857/857 827/855/855 830/858/858
f 829/857/857 830/858/858 831/859/859
f 831/859/859 830/858/858 828/856/856
f 831/859/859 828/856/856 826/854/854
f 832/861/861 834/863/863 833/862/862
f 832/861/861 835/864/864 834/863/863
f 832/861/861 833/862/862 835/864/864
f 836/865/865 838/867/867 837/866/866
f 836/865/865 839/868/868 838/867/867
f 839/868/868 840/869/869 838/867/867
f 839/868/868 841/870/870 840/869/869
f 841/870/870 837/866/866 840/869/869
f 841/870/870 836/865/865 837/866/866
f 842/872/872 844/874/874 843/873/873
f 842/872/872 843/873/873 845/875/875
f 842/872/872 845/875/875 844/874/874
f 846/876/876 848/878/878 847/877/877
f 846/876/876 847/877/877 849/879/879
f 849/879/879 847/877/877 850/880/880
f 849/879/879 850/880/880 851/881/881
f 851/881/881 850/880/880 848/878/878
f 851/881/881 848/878/878 846/876/876
f 852/883/883 854/885/885 853/884/884
f 852/883/883 853/884/884 855/886/886
f 852/883/883 855/886/886 856/887/887
f 852/883/883 856/887/887 854/885/885
f 857/888/888 853/884/884 854/885/885
f 857/888/888 855/886/886 853/884/884
f 857/888/888 856/887/887 855/886/886
f 857/888/888 854/885/885 856/887/887
f 858/889/889 860/891/891 859/890/890
f 858/889/889 861/892/892 860/891/891
f 858/889/889 859/890/890 861/892/892
f 862/893/893 864/895/895 863/894/894
f 862/893/893 865/896/896 864/895/895
f 865/896/896 866/897/897 864/895/895
f 865/896/896 867/898/898 866/897/897
f 867/898/898 863/894/894 866/897/897
f 867/898/898 862/893/893 863/894/894
f 868/900/900 870/902/902 869/901/901
f 868/900/900 869/901/901 871/903/903
f 868/900/900 871/903/903 872/904/904
f 868/900/900 872/904/904 870/902/902
f 873/905/905 869/901/901 870/902/902
f 873/905/905 871/903/903 869/901/901
f 873/905/905 872/904/904 871/903/903
f 873/905/905 870/902/902 872/904/904
f 874/906/906 876/908/908 875/907/907
f 874/906/906 875/907/907 877/909/909
f 874/906/906 877/909/909 876/908/908
f 878/910/910 880/912/912 879/911/911
f 878/910/910 879/911/911 881/913/913
f 881/913/913 879/911/911 882/914/914
f 881/913/913 882/914/914 883/915/915
f 883/915/915 882/914/914 880/912/912
f 883/915/915 880/912/912 878/910/910
f 884/917/917 886/919/919 885/918/918
f 884/917/917 887/920/920 886/919/919
f 884/917/917 885/918/918 887/920/920
f 888/921/921 890/923/923 889/922/922
f 888/921/921 891/924/924 890/923/923
f 891/924/924 892/925/925 890/923/923
f 891/924/924 893/926/926 892/925/925
f 893/926/926 889/922/922 892/925/925
f 893/926/926 888/921/921 889/922/922
f 894/928/928 896/930/930 895/929/929
f 894/928/928 895/929/929 897/931/931
f 894/928/928 897/931/931 896/930/930
f 898/932/932 900/934/934 899/933/933
f 898/932/932 899/933/933 901/935/935
f 901/935/935 899/933/933 902/936/936
f 901/935/935 902/936/936 903/937/937
f 903/937/937 902/936/936 900/934/934
f 903/937/937 900/934/934 898/932/932
f 904/939/939 906/941/941 905/940/940
f 904/939/939 907/942/942 906/941/941
f 904/939/939 905/940/940 907/942/942
f 908/943/943 910/945/945 909/944/944
f 908/943/943 911/946/946 910/945/945
f 911/946/946 912/947/947 910/945/945
f 911/946/946 913/948/948 912/947/947
f 913/948/948 909/944/944 912/947/947
f 913/948/948 908/943/943 909/944/944
f 914/950/950 916/952/952 915/951/951
f 914/950/950 915/951/951 917/953/953
f 914/950/950 917/953/953 916/952/952
f 918/954/954 920/956/956 919/955/955
f 918/954/954 919/955/955 921/957/957
f 921/957/957 919/955/955 922/958/958
f 921/957/957 922/958/958 923/959/959
f 923/959/959 922/958/958 920/956/956
f 923/959/959 920/956/956 918/954/954
f 924/961/961 926/963/963 925/962/962
f 924/961/961 925/962/962 927/964/964
f 924/961/961 927/964/964 928/965/965
f 924/961/961 928/965/965 926/963/963
f 929/966/966 925/962/962 926/963/963
f 929/966/966 927/964/964 925/962/962
f 929/966/966 928/965/965 927/964/964
f 929/966/966 926/963/963 928/965/965
f 930/967/967 932/969/969 931/968/968
f 930/967/967 933/970/970 932/969/969
f 930/967/967 931/968/968 933/970/970
f 934/971/971 936/973/973 935/972/972
f 934/971/971 937/974/974 936/973/973
f 937/974/974 938/975/975 936/973/973
f 937/974/974 939/976/976 938/975/975
f 939/976/976 935/972/972 938/975/975
f 939/976/976 934/971/971 935/972/972
f 940/978/978 942/980/980 941/979/979
f 940/978/978 941/979/979 943/981/981
f 940/978/978 943/981/981 942/980/980
f 944/982/982 946/984/984 945/983/983
f 944/982/982 945/983/983 947/985/985
f 947/985/985 945/983/983 948/986/986
f 947/985/985 948/986/986 949/987/987
f 949/987/987 948/986/986 946/984/984
f 949/987/987 946/984/984 944/982/982
f 950/989/989 952/991/991 951/990/990
f 950/989/989 951/990/990 953/992/992
f 953/992/992 951/990/990 954/993/993
f 953/992/992 954/993/993 955/994/994
f 955/994/994 954/993/993 956/995/995
f 955/994/994 956/995/995 957/996/996
f 957/996/996 956/995/995 958/997/997
f 957/996/996 958/997/997 959/998/998
f 959/998/998 958/997/997 960/999/999
f 959/998/998 960/999/999 961/1000/1000
f 961/1000/1000 960/999/999 952/991/991
f 961/1000/1000 952/991/991 950/989/989
f 952/991/991 962/1001/1001 951/990/990
f 951/990/990 963/1002/1002 954/993/993
f 954/993/993 962/1001/1001 956/995/995
f 956/995/995 964/1003/1003 958/997/997
f 958/997/997 965/1004/1004 960/999/999
f 960/999/999 964/1003/1003 952/991/991
f 955/994/994 950/989/989 953/992/992
f 955/994/994 961/1000/1000 950/989/989
f 955/994/994 959/998/998 961/1000/1000
f 955/994/994 957/996/996 959/998/998
f 966/1005/1005 968/1007/1007 967/1006/1006
f 966/1005/1005 969/1008/1008 968/1007/1007
f 969/1008/1008 970/1009/1009 968/1007/1007
f 969/1008/1008 971/1010/1010 970/1009/1009
f 971/1010/1010 972/1011/1011 970/1009/1009
f 971/1010/1010 973/1012/1012 972/1011/1011
f 973/1012/1012 974/1013/1013 972/1011/1011
f 973/1012/1012 975/1014/1014 974/1013/1013
f 975/1014/1014 976/1015/1015 974/1013/1013
f 975/1014/1014 977/1016/1016 976/1015/1015
f 967/1006/1006 968/1007/1007 978/1017/1017
f 968/1007/1007 970/1009/1009 979/1018/1018
f 970/1009/1009 972/1011/1011 980/1019/1019
f 972/1011/1011 974/1013/1013 981/1020/1020
f 974/1013/1013 976/1015/1015 980/1019/1019
f 969/1008/1008 977/1016/1016 975/1014/1014
f 969/1008/1008 975/1014/1014 973/1012/1012
f 969/1008/1008 973/1012/1012 971/1010/1010
f 982/1021/1021 984/1023/1023 983/1022/1022
f 982/1021/1021 983/1022/1022 985/1024/1024
f 985/1024/1024 983/1022/1022 986/1025/1025
f 985/1024/1024 986/1025/1025 987/1026/1026
f 987/1026/1026 986/1025/1025 988/1027/1027
f 987/1026/1026 988/1027/1027 989/1028/1028
f 989/1028/1028 988/1027/1027 990/1029/1029
f 989/1028/1028 990/1029/1029 991/1030/1030
f 991/1030/1030 990/1029/1029 992/1031/1031
f 991/1030/1030 992/1031/1031 993/1032/1032
f 984/1023/1023 994/1033/1033 983/1022/1022
f 983/1022/1022 995/1034/1034 986/1025/1025
f 986/1025/1025 996/1035/1035 988/1027/1027
f 988/1027/1027 997/1036/1036 990/1029/1029
f 990/1029/1029 996/1035/1035 992/1031/1031
f 985/1024/1024 991/1030/1030 993/1032/1032
f 985/1024/1024 989/1028/1028 991/1030/1030
f 985/1024/1024 987/1026/1026 989/1028/1028
f 998/1037/1037 1000/1039/1039 999/1038/1038
f 999/1038/1038 1002/1041/1041 1001/1040/1040
f 1001/1040/1040 1000/1039/1039 1003/1042/1042
f 1003/1042/1042 1005/1044/1044 1004/1043/1043
f 1004/1043/1043 1007/1046/1046 1006/1045/1045
f 1006/1045/1045 1005/1044/1044 998/1037/1037
f 1001/1040/1040 998/1037/1037 999/1038/1038
f 1001/1040/1040 1006/1045/1045 998/1037/1037
f 1001/1040/1040 1004/1043/1043 1006/1045/1045
f 1001/1040/1040 1003/1042/1042 1004/1043/1043
f 1008/1047/1047 1010/1049/1049 1009/1048/1048
f 1008/1047/1047 1011/1050/1050 1010/1049/1049
f 1011/1050/1050 1012/1051/1051 1010/1049/1049
f 1011/1050/1050 1013/1052/1052 1012/1051/1051
f 1013/1052/1052 1014/1053/1053 1012/1051/1051
f 1013/1052/1052 1015/1054/1054 1014/1053/1053
f 1015/1054/1054 1016/1055/1055 1014/1053/1053
f 1015/1054/1054 1017/1056/1056 1016/1055/1055
f 1017/1056/1056 1018/1057/1057 1016/1055/1055
f 1017/1056/1056 1019/1058/1058 1018/1057/1057
f 1019/1058/1058 1009/1048/1048 1018/1057/1057
f 1019/1058/1058 1008/1047/1047 1009/1048/1048
f 1009/1048/1048 1010/1049/1049 1020/1059/1059
f 1010/1049/1049 1012/1051/1051 1021/1060/1060
f 1012/1051/1051 1014/1053/1053 1020/1059/1059
f 1014/1053/1053 1016/1055/1055 1022/1061/1061
f 1016/1055/1055 1018/1057/1057 1023/1062/1062
f 1018/1057/1057 1009/1048/1048 1022/1061/1061
f 1013/1052/1052 1011/1050/1050 1008/1047/1047
f 1013/1052/1052 1008/1047/1047 1019/1058/1058
f 1013/1052/1052 1019/1058/1058 1017/1056/1056
f 1013/1052/1052 1017/1056/1056 1015/1054/1054
f 1024/1063/1063 1026/1065/1065 1025/1064/1064
f 1026/1065/1065 1028/1067/1067 1027/1066/1066
f 1028/1067/1067 1029/1068/1068 1025/1064/1064
f 1029/1068/1068 1031/1070/1070 1030/1069/1069
f 1031/1070/1070 1033/1072/1072 1032/1071/1071
f 1033/1072/1072 1024/1063/1063 1030/1069/1069
f 1028/1067/1067 1026/1065/1065 1024/1063/1063
f 1028/1067/1067 1024/1063/1063 1033/1072/1072
f 1028/1067/1067 1033/1072/1072 1031/1070/1070
f 1028/1067/1067 1031/1070/1070 1029/1068/1068
f 1034/1073/1073 1036/1075/1075 1035/1074/1074
f 1034/1073/1073 1037/1076/1076 1036/1075/1075
f 1034/1073/1073 1035/1074/1074 1037/1076/1076
f 1038/1077/1077 1040/1079/1079 1039/1078/1078
f 1038/1077/1077 1041/1080/1080 1040/1079/1079
f 1041/1080/1080 1042/1081/1081 1040/1079/1079
f 1041/1080/1080 1043/1082/1082 1042/1081/1081
f 1043/1082/1082 1039/1078/1078 1042/1081/1081
f 1043/1082/1082 1038/1077/1077 1039/1078/1078
f 1044/1084/1084 1046/1086/1086 1045/1085/1085
f 1044/1084/1084 1047/1087/1087 1046/1086/1086
f 1044/1084/1084 1048/1088/1088 1047/1087/1087
f 1044/1084/1084 1045/1085/1085 1048/1088/1088
f 1049/1089/1089 1045/1085/1085 1046/1086/1086
f 1049/1089/1089 1046/1086/1086 1047/1087/1087
f 1049/1089/1089 1047/1087/1087 1048/1088/1088
f 1049/1089/1089 1048/1088/1088 1045/1085/1085
f 1050/1090/1090 1052/1092/1092 1051/1091/1091
f 1050/1090/1090 1051/1091/1091 1053/1093/1093
f 1050/1090/1090 1053/1093/1093 1054/1094/1094
f 1050/1090/1090 1054/1094/1094 1052/1092/1092
f 1055/1095/1095 1051/1091/1091 1052/1092/1092
f 1055/1095/1095 1053/1093/1093 1051/1091/1091
f 1055/1095/1095 1054/1094/1094 1053/1093/1093
f 1055/1095/1095 1052/1092/1092 1054/1094/1094
f 1056/1096/1096 1058/1098/1098 1057/1097/1097
f 1056/1096/1096 1057/1097/1097 1059/1099/1099
f 1056/1096/1096 1059/1099/1099 1060/1100/1100
f 1056/1096/1096 1060/1100/1100 1061/1101/1101
f 1056/1096/1096 1061/1101/1101 1062/1102/1102
f 1056/1096/1096 1062/1102/1102 1058/1098/1098
f 1058/1098/1098 1064/1104/1104 1063/1103/1103
f 1058/1098/1098 1063/1103/1103 1057/1097/1097
f 1057/1097/1097 1063/1103/1103 1065/1105/1105
f 1057/1097/1097 1065/1105/1105 1059/1099/1099
f 1059/1099/1099 1065/1105/1105 1066/1106/1106
f 1059/1099/1099 1066/1106/1106 1060/1100/1100
f 1060/1100/1100 1066/1106/1106 1067/1107/1107
f 1060/1100/1100 1067/1107/1107 1061/1101/1101
f 1061/1101/1101 1067/1107/1107 1068/1108/1108
f 1061/1101/1101 1068/1108/1108 1062/1102/1102
f 1062/1102/1102 1068/1108/1108 1064/1104/1104
f 1062/1102/1102 1064/1104/1104 1058/1098/1098
f 1069/1109/1109 1063/1103/1103 1064/1104/1104
f 1069/1109/1109 1065/1105/1105 1063/1103/1103
f 1069/1109/1109 1066/1106/1106 1065/1105/1105
f 1069/1109/1109 1067/1107/1107 1066/1106/1106
f 1069/1109/1109 1068/1108/1108 1067/1107/1107
f 1069/1109/1109 1064/1104/1104 1068/1108/1108
f 1070/1110/1110 1072/1112/1112 1071/1111/1111
f 1070/1110/1110 1071/1111/1111 1073/1113/1113
f 1070/1110/1110 1073/1113/1113 1074/1114/1114
f 1070/1110/1110 1074/1114/1114 1072/1112/1112
f 1075/1115/1115 1071/1111/1111 1072/1112/1112
f 1075/1115/1115 1073/1113/1113 1071/1111/1111
f 1075/1115/1115 1074/1114/1114 1073/1113/1113
f 1075/1115/1115 1072/1112/1112 1074/1114/1114
f 1076/1116/1116 1078/1118/1118 1077/1117/1117
f 1076/1116/1116 1077/1117/1117 1079/1119/1119
f 1076/1116/1116 1079/1119/1119 1080/1120/1120
f 1076/1116/1116 1080/1120/1120 1078/1118/1118
f 1081/1121/1121 1077/1117/1117 1078/1118/1118
f 1081/1121/1121 1079/1119/1119 1077/1117/1117
f 1081/1121/1121 1080/1120/1120 1079/1119/1119
f 1081/1121/1121 1078/1118/1118 1080/1120/1120
f 1082/1122/1122 1084/1124/1124 1083/1123/1123
f 1082/1122/1122 1083/1123/1123 1085/1125/1125
f 1082/1122/1122 1085/1125/1125 1086/1126/1126
f 1082/1122/1122 1086/1126/1126 1087/1127/1127
f 1082/1122/1122 1087/1127/1127 1088/1128/1128
f 1082/1122/1122 1088/1128/1128 1084/1124/1124
f 1089/1129/1129 1091/1131/1131 1090/1130/1130
f 1089/1129/1129 1090/1130/1130 1092/1132/1132
f 1092/1132/1132 1090/1130/1130 1093/1133/1133
f 1092/1132/1132 1093/1133/1133 1094/1134/1134
f 1094/1134/1134 1093/1133/1133 1095/1135/1135
f 1094/1134/1134 1095/1135/1135 1096/1136/1136
f 1096/1136/1136 1095/1135/1135 1097/1137/1137
f 1096/1136/1136 1097/1137/1137 1098/1138/1138
f 1098/1138/1138 1097/1137/1137 1099/1139/1139
f 1098/1138/1138 1099/1139/1139 1100/1140/1140
f 1100/1140/1140 1099/1139/1139 1091/1131/1131
f 1100/1140/1140 1091/1131/1131 1089/1129/1129
f 1091/1131/1131 1102/1142/1142 1101/1141/1141
f 1091/1131/1131 1101/1141/1141 1090/1130/1130
f 1090/1130/1130 1101/1141/1141 1103/1143/1143
f 1090/1130/1130 1103/1143/1143 1093/1133/1133
f 1093/1133/1133 1103/1143/1143 1104/1144/1144
f 1093/1133/1133 1104/1144/1144 1095/1135/1135
f 1095/1135/1135 1104/1144/1144 1105/1145/1145
f 1095/1135/1135 1105/1145/1145 1097/1137/1137
f 1097/1137/1137 1105/1145/1145 1106/1146/1146
f 1097/1137/1137 1106/1146/1146 1099/1139/1139
f 1099/1139/1139 1106/1146/1146 1102/1142/1142
f 1099/1139/1139 1102/1142/1142 1091/1131/1131
f 1102/1142/1142 1108/1148/1148 1107/1147/1147
f 1102/1142/1142 1107/1147/1147 1101/1141/1141
f 1101/1141/1141 1107/1147/1147 1109/1149/1149
f 1101/1141/1141 1109/1149/1149 1103/1143/1143
f 1103/1143/1143 1109/1149/1149 1110/1150/1150
f 1103/1143/1143 1110/1150/1150 1104/1144/1144
f 1104/1144/1144 1110/1150/1150 1111/1151/1151
f 1104/1144/1144 1111/1151/1151 1105/1145/1145
f 1105/1145/1145 1111/1151/1151 1112/1152/1152
f 1105/1145/1145 1112/1152/1152 1106/1146/1146
f 1106/1146/1146 1112/1152/1152 1108/1148/1148
f 1106/1146/1146 1108/1148/1148 1102/1142/1142
f 1113/1154/1154 1115/1156/1156 1114/1155/1155
f 1113/1154/1154 1116/1157/1157 1115/1156/1156
f 1113/1154/1154 1117/1158/1158 1116/1157/1157
f 1113/1154/1154 1114/1155/1155 1117/1158/1158
f 1118/1159/1159 1114/1155/1155 1115/1156/1156
f 1118/1159/1159 1115/1156/1156 1116/1157/1157
f 1118/1159/1159 1116/1157/1157 1117/1158/1158
f 1118/1159/1159 1117/1158/1158 1114/1155/1155
f 1119/1160/1160 1121/1162/1162 1120/1161/1161
f 1119/1160/1160 1122/1163/1163 1121/1162/1162
f 1119/1160/1160 1123/1164/1164 1122/1163/1163
f 1119/1160/1160 1120/1161/1161 1123/1164/1164
f 1124/1165/1165 1120/1161/1161 1121/1162/1162
f 1124/1165/1165 1121/1162/1162 1122/1163/1163
f 1124/1165/1165 1122/1163/1163 1123/1164/1164
f 1124/1165/1165 1123/1164/1164 1120/1161/1161
f 1125/1166/1166 1127/1168/1168 1126/1167/1167
f 1125/1166/1166 1128/1169/1169 1127/1168/1168
f 1125/1166/1166 1129/1170/1170 1128/1169/1169
f 1125/1166/1166 1126/1167/1167 1129/1170/1170
f 1130/1171/1171 1126/1167/1167 1127/1168/1168
f 1130/1171/1171 1127/1168/1168 1128/1169/1169
f 1130/1171/1171 1128/1169/1169 1129/1170/1170
f 1130/1171/1171 1129/1170/1170 1126/1167/1167
f 1131/1172/1172 1133/1174/1174 1132/1173/1173
f 1131/1172/1172 1132/1173/1173 1134/1175/1175
f 1131/1172/1172 1134/1175/1175 1135/1176/1176
f 1131/1172/1172 1135/1176/1176 1136/1177/1177
f 1131/1172/1172 1136/1177/1177 1137/1178/1178
f 1131/1172/1172 1137/1178/1178 1133/1174/1174
f 1138/1179/1179 1140/1181/1181 1139/1180/1180
f 1138/1179/1179 1139/1180/1180 1141/1182/1182
f 1141/1182/1182 1139/1180/1180 1142/1183/1183
f 1141/1182/1182 1142/1183/1183 1143/1184/1184
f 1143/1184/1184 1142/1183/1183 1144/1185/1185
f 1143/1184/1184 1144/1185/1185 1145/1186/1186
f 1145/1186/1186 1144/1185/1185 1146/1187/1187
f 1145/1186/1186 1146/1187/1187 1147/1188/1188
f 1147/1188/1188 1146/1187/1187 1148/1189/1189
f 1147/1188/1188 1148/1189/1189 1149/1190/1190
f 1149/1190/1190 1148/1189/1189 1140/1181/1181
f 1149/1190/1190 1140/1181/1181 1138/1179/1179
f 1140/1181/1181 1151/1192/1192 1150/1191/1191
f 1140/1181/1181 1150/1191/1191 1139/1180/1180
f 1139/1180/1180 1150/1191/1191 1152/1193/1193
f 1139/1180/1180 1152/1193/1193 1142/1183/1183
f 1142/1183/1183 1152/1193/1193 1153/1194/1194
f 1142/1183/1183 1153/1194/1194 1144/1185/1185
f 1144/1185/1185 1153/1194/1194 1154/1195/1195
f 1144/1185/1185 1154/1195/1195 1146/1187/1187
f 1146/1187/1187 1154/1195/1195 1155/1196/1196
f 1146/1187/1187 1155/1196/1196 1148/1189/1189
f 1148/1189/1189 1155/1196/1196 1151/1192/1192
f 1148/1189/1189 1151/1192/1192 1140/1181/1181
f 1151/1192/1192 1157/1198/1198 1156/1197/1197
f 1151/1192/1192 1156/1197/1197 1150/1191/1191
f 1150/1191/1191 1156/1197/1197 1158/1199/1199
f 1150/1191/1191 1158/1199/1199 1152/1193/1193
f 1152/1193/1193 1158/1199/1199 1159/1200/1200
f 1152/1193/1193 1159/1200/1200 1153/1194/1194
f 1153/1194/1194 1159/1200/1200 1160/1201/1201
f 1153/1194/1194 1160/1201/1201 1154/1195/1195
f 1154/1195/1195 1160/1201/1201 1161/1202/1202
f 1154/1195/1195 1161/1202/1202 1155/1196/1196
f 1155/1196/1196 1161/1202/1202 1157/1198/1198
f 1155/1196/1196 1157/1198/1198 1151/1192/1192
f 1162/1204/1204 1164/1206/1206 1163/1205/1205
f 1162/1204/1204 1163/1205/1205 1165/1207/1207
f 1162/1204/1204 1165/1207/1207 1166/1208/1208
f 1162/1204/1204 1166/1208/1208 1164/1206/1206
f 1167/1209/1209 1163/1205/1205 1164/1206/1206
f 1167/1209/1209 1165/1207/1207 1163/1205/1205
f 1167/1209/1209 1166/1208/1208 1165/1207/1207
f 1167/1209/1209 1164/1206/1206 1166/1208/1208
f 1168/1210/1210 1170/1212/1212 1169/1211/1211
f 1168/1210/1210 1169/1211/1211 1171/1213/1213
f 1168/1210/1210 1171/1213/1213 1172/1214/1214
f 1168/1210/1210 1172/1214/1214 1170/1212/1212
f 1173/1215/1215 1169/1211/1211 1170/1212/1212
f 1173/1215/1215 1171/1213/1213 1169/1211/1211
f 1173/1215/1215 1172/1214/1214 1171/1213/1213
f 1173/1215/1215 1170/1212/1212 1172/1214/1214
f 1174/1216/1216 1176/1218/1218 1175/1217/1217
f 1174/1216/1216 1175/1217/1217 1177/1219/1219
f 1174/1216/1216 1177/1219/1219 1178/1220/1220
f 1174/1216/1216 1178/1220/1220 1176/1218/1218
f 1179/1221/1221 1175/1217/1217 1176/1218/1218
f 1179/1221/1221 1177/1219/1219 1175/1217/1217
f 1179/1221/1221 1178/1220/1220 1177/1219/1219
f 1179/1221/1221 1176/1218/1218 1178/1220/1220
f 1180/1222/1222 1182/1224/1224 1181/1223/1223
f 1180/1222/1222 1181/1223/1223 1183/1225/1225
f 1180/1222/1222 1183/1225/1225 1184/1226/1226
f 1180/1222/1222 1184/1226/1226 1182/1224/1224
f 1185/1227/1227 1181/1223/1223 1182/1224/1224
f 1185/1227/1227 1183/1225/1225 1181/1223/1223
f 1185/1227/1227 1184/1226/1226 1183/1225/1225
f 1185/1227/1227 1182/1224/1224 1184/1226/1226
f 1186/1228/1228 1188/1230/1230 1187/1229/1229
f 1186/1228/1228 1189/1231/1231 1188/1230/1230
f 1186/1228/1228 1190/1232/1232 1189/1231/1231
f 1186/1228/1228 1187/1229/1229 1190/1232/1232
f 1191/1233/1233 1187/1229/1229 1188/1230/1230
f 1191/1233/1233 1188/1230/1230 1189/1231/1231
f 1191/1233/1233 1189/1231/1231 1190/1232/1232
f 1191/1233/1233 1190/1232/1232 1187/1229/1229
f 1192/1234/1234 1194/1236/1236 1193/1235/1235
f 1192/1234/1234 1193/1235/1235 1195/1237/1237
f 1195/1237/1237 1193/1235/1235 1196/1238/1238
f 1195/1237/1237 1196/1238/1238 1197/1239/1239
f 1197/1239/1239 1196/1238/1238 1198/1240/1240
f 1197/1239/1239 1198/1240/1240 1199/1241/1241
f 1199/1241/1241 1198/1240/1240 1200/1242/1242
f 1199/1241/1241 1200/1242/1242 1201/1243/1243
f 1201/1243/1243 1200/1242/1242 1202/1244/1244
f 1201/1243/1243 1202/1244/1244 1203/1245/1245
f 1203/1245/1245 1202/1244/1244 1194/1236/1236
f 1203/1245/1245 1194/1236/1236 1192/1234/1234
f 1194/1236/1236 1204/1246/1246 1193/1235/1235
f 1193/1235/1235 1205/1247/1247 1196/1238/1238
f 1196/1238/1238 1204/1246/1246 1198/1240/1240
f 1198/1240/1240 1206/1248/1248 1200/1242/1242
f 1200/1242/1242 1207/1249/1249 1202/1244/1244
f 1202/1244/1244 1206/1248/1248 1194/1236/1236
f 1197/1239/1239 1192/1234/1234 1195/1237/1237
f 1197/1239/1239 1203/1245/1245 1192/1234/1234
f 1197/1239/1239 1201/1243/1243 1203/1245/1245
f 1197/1239/1239 1199/1241/1241 1201/1243/1243
f 1208/1250/1250 1210/1252/1252 1209/1251/1251
f 1208/1250/1250 1211/1253/1253 1210/1252/1252
f 1208/1250/1250 1212/1254/1254 1211/1253/1253
f 1208/1250/1250 1209/1251/1251 1212/1254/1254
f 1213/1255/1255 1209/1251/1251 1210/1252/1252
f 1213/1255/1255 1210/1252/1252 1211/1253/1253
f 1213/1255/1255 1211/1253/1253 1212/1254/1254
f 1213/1255/1255 1212/1254/1254 1209/1251/1251
f 1214/1256/1256 1216/1258/1258 1215/1257/1257
f 1214/1256/1256 1217/1259/1259 1216/1258/1258
f 1214/1256/1256 1218/1260/1260 1217/1259/1259
f 1214/1256/1256 1215/1257/1257 1218/1260/1260
f 1219/1261/1261 1215/1257/1257 1216/1258/1258
f 1219/1261/1261 1216/1258/1258 1217/1259/1259
f 1219/1261/1261 1217/1259/1259 1218/1260/1260
f 1219/1261/1261 1218/1260/1260 1215/1257/1257
f 1220/1262/1262 1222/1264/1264 1221/1263/1263
f 1220/1262/1262 1221/1263/1263 1223/1265/1265
f 1220/1262/1262 1223/1265/1265 1224/1266/1266
f 1220/1262/1262 1224/1266/1266 1222/1264/1264
f 1225/1267/1267 1221/1263/1263 1222/1264/1264
f 1225/1267/1267 1223/1265/1265 1221/1263/1263
f 1225/1267/1267 1224/1266/1266 1223/1265/1265
f 1225/1267/1267 1222/1264/1264 1224/1266/1266
f 1226/1268/1268 1228/1270/1270 1227/1269/1269
f 1226/1268/1268 1229/1271/1271 1228/1270/1270
f 1226/1268/1268 1230/1272/1272 1229/1271/1271
f 1226/1268/1268 1227/1269/1269 1230/1272/1272
f 1231/1273/1273 1227/1269/1269 1228/1270/1270
f 1231/1273/1273 1228/1270/1270 1229/1271/1271
f 1231/1273/1273 1229/1271/1271 1230/1272/1272
f 1231/1273/1273 1230/1272/1272 1227/1269/1269
f 1232/1274/1274 1234/1276/1276 1233/1275/1275
f 1232/1274/1274 1233/1275/1275 1235/1277/1277
f 1235/1277/1277 1233/1275/1275 1236/1278/1278
f 1235/1277/1277 1236/1278/1278 1237/1279/1279
f 1237/1279/1279 1236/1278/1278 1238/1280/1280
f 1237/1279/1279 1238/1280/1280 1239/1281/1281
f 1239/1281/1281 1238/1280/1280 1240/1282/1282
f 1239/1281/1281 1240/1282/1282 1241/1283/1283
f 1241/1283/1283 1240/1282/1282 1242/1284/1284
f 1241/1283/1283 1242/1284/1284 1243/1285/1285
f 1243/1285/1285 1242/1284/1284 1234/1276/1276
f 1243/1285/1285 1234/1276/1276 1232/1274/1274
f 1234/1276/1276 1244/1286/1286 1233/1275/1275
f 1233/1275/1275 1245/1287/1287 1236/1278/1278
f 1236/1278/1278 1244/1286/1286 1238/1280/1280
f 1238/1280/1280 1246/1288/1288 1240/1282/1282
f 1240/1282/1282 1247/1289/1289 1242/1284/1284
f 1242/1284/1284 1246/1288/1288 1234/1276/1276
f 1237/1279/1279 1232/1274/1274 1235/1277/1277
f 1237/1279/1279 1243/1285/1285 1232/1274/1274
f 1237/1279/1279 1241/1283/1283 1243/1285/1285
f 1237/1279/1279 1239/1281/1281 1241/1283/1283
f 1248/1290/1290 1250/1292/1292 1249/1291/1291
f 1248/1290/1290 1251/1293/1293 1250/1292/1292
f 1248/1290/1290 1252/1294/1294 1251/1293/1293
f 1248/1290/1290 1249/1291/1291 1252/1294/1294
f 1253/1295/1295 1249/1291/1291 1250/1292/1292
f 1253/1295/1295 1250/1292/1292 1251/1293/1293
f 1253/1295/1295 1251/1293/1293 1252/1294/1294
f 1253/1295/1295 1252/1294/1294 1249/1291/1291
f 1254/1296/1296 1256/1298/1298 1255/1297/1297
f 1254/1296/1296 1255/1297/1297 1257/1299/1299
f 1254/1296/1296 1257/1299/1299 1258/1300/1300
f 1254/1296/1296 1258/1300/1300 1256/1298/1298
f 1259/1301/1301 1255/1297/1297 1256/1298/1298
f 1259/1301/1301 1257/1299/1299 1255/1297/1297
f 1259/1301/1301 1258/1300/1300 1257/1299/1299
f 1259/1301/1301 1256/1298/1298 1258/1300/1300
f 1260/1302/1302 1262/1304/1304 1261/1303/1303
f 1260/1302/1302 1263/1305/1305 1262/1304/1304
f 1260/1302/1302 1264/1306/1306 1263/1305/1305
f 1260/1302/1302 1261/1303/1303 1264/1306/1306
f 1265/1307/1307 1261/1303/1303 1262/1304/1304
f 1265/1307/1307 1262/1304/1304 1263/1305/1305
f 1265/1307/1307 1263/1305/1305 1264/1306/1306
f 1265/1307/1307 1264/1306/1306 1261/1303/1303
f 1266/1308/1308 1268/1310/1310 1267/1309/1309
f 1266/1308/1308 1269/1311/1311 1268/1310/1310
f 1266/1308/1308 1270/1312/1312 1269/1311/1311
f 1266/1308/1308 1267/1309/1309 1270/1312/1312
f 1271/1313/1313 1267/1309/1309 1268/1310/1310
f 1271/1313/1313 1268/1310/1310 1269/1311/1311
f 1271/1313/1313 1269/1311/1311 1270/1312/1312
f 1271/1313/1313 1270/1312/1312 1267/1309/1309
f 1272/1314/1314 1274/1316/1316 1273/1315/1315
f 1272/1314/1314 1275/1317/1317 1274/1316/1316
f 1272/1314/1314 1273/1315/1315 1275/1317/1317
f 1276/1318/1318 1278/1320/1320 1277/1319/1319
f 1276/1318/1318 1279/1321/1321 1278/1320/1320
f 1279/1321/1321 1280/1322/1322 1278/1320/1320
f 1279/1321/1321 1281/1323/1323 1280/1322/1322
f 1281/1323/1323 1277/1319/1319 1280/1322/1322
f 1281/1323/1323 1276/1318/1318 1277/1319/1319
f 1282/1325/1325 1284/1327/1327 1283/1326/1326
f 1282/1325/1325 1283/1326/1326 1285/1328/1328
f 1282/1325/1325 1285/1328/1328 1286/1329/1329
f 1282/1325/1325 1286/1329/1329 1284/1327/1327
f 1287/1330/1330 1283/1326/1326 1284/1327/1327
f 1287/1330/1330 1285/1328/1328 1283/1326/1326
f 1287/1330/1330 1286/1329/1329 1285/1328/1328
f 1287/1330/1330 1284/1327/1327 1286/1329/1329
f 1288/1331/1331 1290/1333/1333 1289/1332/1332
f 1288/1331/1331 1289/1332/1332 1291/1334/1334
f 1288/1331/1331 1291/1334/1334 1292/1335/1335
f 1288/1331/1331 1292/1335/1335 1290/1333/1333
f 1293/1336/1336 1289/1332/1332 1290/1333/1333
f 1293/1336/1336 1291/1334/1334 1289/1332/1332
f 1293/1336/1336 1292/1335/1335 1291/1334/1334
f 1293/1336/1336 1290/1333/1333 1292/1335/1335
f 1294/1337/1337 1296/1339/1339 1295/1338/1338
f 1294/1337/1337 1297/1340/1340 1296/1339/1339
f 1294/1337/1337 1298/1341/1341 1297/1340/1340
f 1294/1337/1337 1295/1338/1338 1298/1341/1341
f 1299/1342/1342 1295/1338/1338 1296/1339/1339
f 1299/1342/1342 1296/1339/1339 1297/1340/1340
f 1299/1342/1342 1297/1340/1340 1298/1341/1341
f 1299/1342/1342 1298/1341/1341 1295/1338/1338
f 1300/1343/1343 1302/1345/1345 1301/1344/1344
f 1300/1343/1343 1301/1344/1344 1303/1346/1346
f 1300/1343/1343 1303/1346/1346 1302/1345/1345
f 1304/1347/1347 1306/1349/1349 1305/1348/1348
f 1304/1347/1347 1305/1348/1348 1307/1350/1350
f 1307/1350/1350 1305/1348/1348 1308/1351/1351
f 1307/1350/1350 1308/1351/1351 1309/1352/1352
f 1309/1352/1352 1308/1351/1351 1306/1349/1349
f 1309/1352/1352 1306/1349/1349 1304/1347/1347
f 1310/1354/1354 1312/1356/1356 1311/1355/1355
f 1310/1354/1354 1311/1355/1355 1313/1357/1357
f 1310/1354/1354 1313/1357/1357 1314/1358/1358
f 1310/1354/1354 1314/1358/1358 1312/1356/1356
f 1315/1359/1359 1311/1355/1355 1312/1356/1356
f 1315/1359/1359 1313/1357/1357 1311/1355/1355
f 1315/1359/1359 1314/1358/1358 1313/1357/1357
f 1315/1359/1359 1312/1356/1356 1314/1358/1358
f 1316/1360/1360 1318/1362/1362 1317/1361/1361
f 1316/1360/1360 1317/1361/1361 1319/1363/1363
f 1316/1360/1360 1319/1363/1363 1318/1362/1362
f 1320/1364/1364 1322/1366/1366 1321/1365/1365
f 1320/1364/1364 1321/1365/1365 1323/1367/1367
f 1323/1367/1367 1321/1365/1365 1324/1368/1368
f 1323/1367/1367 1324/1368/1368 1325/1369/1369
f 1325/1369/1369 1324/1368/1368 1322/1366/1366
f 1325/1369/1369 1322/1366/1366 1320/1364/1364
