# NewFace04.bmd — MU geometry at action 0 key 0, exported for MU2
# 6 mesh(es)

g magum_eye
# texture: magum_eye.jpg
v -1.025921 10.58254 1.673806
v -1.018039 10.37092 1.722479
v -0.935204 10.56158 1.659233
v -0.862413 10.5028 1.647724
v -0.821922 10.41792 1.64158
v -0.821869 10.32363 1.642058
v -0.86221 10.23864 1.64892
v -0.934883 10.17992 1.660993
v -1.025662 10.15891 1.675781
v -1.116384 10.17996 1.690327
v -1.189175 10.23874 1.701837
v -1.229568 10.32363 1.707995
v -1.229621 10.41792 1.707517
v -1.189357 10.50277 1.700571
v -1.116606 10.56163 1.688582
v -0.884198 10.71394 1.513016
v -1.04787 10.7518 1.539271
v -0.752989 10.6081 1.4923
v -0.680145 10.45503 1.481268
v -0.679995 10.28517 1.481987
v -0.752616 10.13215 1.494538
v -0.883641 10.02626 1.516176
v -1.047246 9.988503 1.542887
v -1.210602 10.02626 1.569119
v -1.341815 10.1322 1.589809
v -1.414655 10.28518 1.600867
v -1.414788 10.45501 1.600053
v -1.342086 10.60806 1.587612
v -1.211163 10.71404 1.565933
v -0.875075 10.79805 1.312878
v -1.079368 10.84515 1.345703
v -0.711551 10.66598 1.287045
v -0.620678 10.47506 1.273216
v -0.620508 10.26326 1.274259
v -0.711141 10.07249 1.289737
v -0.874479 9.940428 1.316862
v -1.078707 9.893312 1.350043
v -1.282178 9.940434 1.382799
v -1.445801 10.07249 1.408617
v -1.536652 10.26329 1.422377
v -1.536741 10.47512 1.421445
v -1.446193 10.66596 1.40583
v -1.28277 10.79796 1.378841
v 0.592991 10.40035 1.420789
v 0.582635 10.61188 1.372446
v 0.492814 10.59093 1.391571
v 0.420748 10.53213 1.407202
v 0.380888 10.4472 1.416128
v 0.381025 10.35298 1.416654
v 0.421101 10.26803 1.40866
v 0.493244 10.20924 1.393669
v 0.583178 10.18825 1.374701
v 0.673011 10.20927 1.355455
v 0.745077 10.26807 1.339823
v 0.784937 10.353 1.330898
v 0.784899 10.44724 1.330387
v 0.744806 10.53221 1.338476
v 0.67257 10.59089 1.353478
v 0.392447 10.7432 1.273638
v 0.554447 10.781 1.239038
v 0.262667 10.63731 1.301672
v 0.190738 10.48428 1.31783
v 0.190954 10.3144 1.318761
v 0.263135 10.16138 1.304282
v 0.393255 10.05552 1.277213
v 0.555318 10.01769 1.243113
v 0.71722 10.05549 1.208498
v 0.847017 10.16135 1.180368
v 0.918929 10.3144 1.164305
v 0.918713 10.48429 1.163374
v 0.846434 10.63729 1.177839
v 0.716423 10.74324 1.204801
v 0.311717 10.82712 1.090165
v 0.513772 10.87418 1.046965
v 0.14987 10.69506 1.125196
v 0.060155 10.50414 1.145358
v 0.06038 10.29241 1.146403
v 0.150531 10.10153 1.128366
v 0.312649 9.969448 1.094683
v 0.514824 9.922313 1.052104
v 0.716659 9.969479 1.008941
v 0.878506 10.10154 0.97391
v 0.968227 10.29235 0.953775
v 0.967996 10.50419 0.952703
v 0.877846 10.69506 0.97074
v 0.715733 10.82705 1.00445
vn 0.141518 0.463093 0.874939
vn 0.159659 0.004688 0.987161
vn 0.338156 0.417645 0.843341
vn 0.495892 0.290251 0.818441
vn 0.58353 0.106274 0.805108
vn 0.583631 -0.097956 0.806089
vn 0.496307 -0.282021 0.821062
vn 0.338671 -0.409392 0.847172
vn 0.142199 -0.45481 0.879163
vn -0.054442 -0.409299 0.910775
vn -0.212127 -0.282005 0.935669
vn -0.299773 -0.098036 0.94896
vn -0.299919 0.106219 0.948033
vn -0.212539 0.290244 0.933052
vn -0.055048 0.417561 0.90698
vn 0.436416 0.717837 0.54245
vn 0.096397 0.796367 0.597082
vn 0.709246 0.497627 0.499337
vn 0.860748 0.179456 0.476349
vn 0.86105 -0.173729 0.477924
vn 0.71002 -0.491933 0.503858
vn 0.437535 -0.712165 0.548985
vn 0.097576 -0.790692 0.604388
vn -0.24223 -0.712096 0.658972
vn -0.514896 -0.491889 0.702089
vn -0.666432 -0.173707 0.725048
vn -0.666722 0.179452 0.72338
vn -0.515627 0.497586 0.697522
vn -0.243337 0.717704 0.652448
vn 0.454413 0.813861 0.362133
vn 0.068252 0.90299 0.424206
vn 0.764268 0.563722 0.313229
vn 0.936258 0.20252 0.287066
vn 0.936542 -0.198516 0.28893
vn 0.76505 -0.559729 0.318437
vn 0.455677 -0.809777 0.369622
vn 0.069569 -0.898927 0.43254
vn -0.316085 -0.809638 0.494547
vn -0.625636 -0.559753 0.543376
vn -0.797665 -0.198445 0.569517
vn -0.797979 0.2025 0.567648
vn -0.626463 0.563801 0.538213
vn -0.317331 0.813687 0.487048
vn 0.207618 0.005493 0.978195
vn 0.183876 0.463762 0.866668
vn -0.010874 0.418339 0.908226
vn -0.166911 0.290976 0.942058
vn -0.253351 0.107008 0.961438
vn -0.253191 -0.097249 0.962516
vn -0.166281 -0.281281 0.945109
vn -0.009932 -0.408583 0.912667
vn 0.184925 -0.454074 0.871562
vn 0.379666 -0.408652 0.829974
vn 0.535747 -0.281322 0.796137
vn 0.622251 -0.097222 0.776757
vn 0.621974 0.107025 0.77569
vn 0.535066 0.291052 0.793091
vn 0.378732 0.418363 0.825551
vn -0.211293 0.71827 0.662905
vn 0.125449 0.796856 0.591002
vn -0.481159 0.498058 0.721405
vn -0.630659 0.179933 0.754913
vn -0.630288 -0.173245 0.756785
vn -0.48003 -0.49143 0.726683
vn -0.209649 -0.711628 0.670547
vn 0.127236 -0.790221 0.599468
vn 0.463943 -0.711632 0.527576
vn 0.733786 -0.491391 0.469142
vn 0.883328 -0.173202 0.435583
vn 0.882898 0.17997 0.433708
vn 0.73263 0.498123 0.463817
vn 0.462303 0.718249 0.519995
vn -0.293277 0.814117 0.501201
vn 0.089133 0.903341 0.419561
vn -0.599648 0.564139 0.5676
vn -0.769429 0.202835 0.60567
vn -0.768935 -0.198146 0.607847
vn -0.598378 -0.559395 0.573604
vn -0.291349 -0.809365 0.509945
vn 0.091254 -0.898574 0.429228
vn 0.473466 -0.809328 0.34759
vn 0.779761 -0.559389 0.281172
vn 0.949546 -0.198058 0.243179
vn 0.949088 0.202852 0.241005
vn 0.778513 0.564085 0.275181
vn 0.471511 0.814125 0.338937
vt 0.5 0.7223
vt 0.5 0.5
vt 0.4011 0.7003
vt 0.3217 0.6386
vt 0.2777 0.5495
vt 0.2777 0.4505
vt 0.3217 0.3614
vt 0.4011 0.2997
vt 0.5 0.2777
vt 0.5989 0.2997
vt 0.6783 0.3614
vt 0.7223 0.4505
vt 0.7223 0.5495
vt 0.6783 0.6386
vt 0.5989 0.7003
vt 0.3217 0.8609
vt 0.5 0.9006
vt 0.1788 0.7498
vt 0.0994 0.5891
vt 0.0994 0.4109
vt 0.1788 0.2502
vt 0.3217 0.1391
vt 0.5 0.0994
vt 0.6783 0.1391
vt 0.8212 0.2502
vt 0.9006 0.4109
vt 0.9006 0.5891
vt 0.8212 0.7498
vt 0.6783 0.8609
vt 0.2777 0.95
vt 0.5 0.9995
vt 0.0994 0.8114
vt 0.0005 0.6111
vt 0.0005 0.3889
vt 0.0994 0.1886
vt 0.2777 0.05
vt 0.5 0.0005
vt 0.7223 0.05
vt 0.9006 0.1886
vt 0.9995 0.3889
vt 0.9995 0.6111
vt 0.9006 0.8114
vt 0.7223 0.95
vt 0.5 0.5
vt 0.5 0.7223
vt 0.4011 0.7003
vt 0.3217 0.6386
vt 0.2777 0.5495
vt 0.2777 0.4505
vt 0.3217 0.3614
vt 0.4011 0.2997
vt 0.5 0.2777
vt 0.5989 0.2997
vt 0.6783 0.3614
vt 0.7223 0.4505
vt 0.7223 0.5495
vt 0.6783 0.6386
vt 0.5989 0.7003
vt 0.3217 0.8609
vt 0.5 0.9006
vt 0.1788 0.7498
vt 0.0994 0.5891
vt 0.0994 0.4109
vt 0.1788 0.2502
vt 0.3217 0.1391
vt 0.5 0.0994
vt 0.6783 0.1391
vt 0.8212 0.2502
vt 0.9006 0.4109
vt 0.9006 0.5891
vt 0.8212 0.7498
vt 0.6783 0.8609
vt 0.2777 0.95
vt 0.5 0.9995
vt 0.0994 0.8114
vt 0.0005 0.6111
vt 0.0005 0.3889
vt 0.0994 0.1886
vt 0.2777 0.05
vt 0.5 0.0005
vt 0.7223 0.05
vt 0.9006 0.1886
vt 0.9995 0.3889
vt 0.9995 0.6111
vt 0.9006 0.8114
vt 0.7223 0.95
f 1/1/1 3/3/3 2/2/2
f 3/3/3 4/4/4 2/2/2
f 4/4/4 5/5/5 2/2/2
f 5/5/5 6/6/6 2/2/2
f 6/6/6 7/7/7 2/2/2
f 7/7/7 8/8/8 2/2/2
f 8/8/8 9/9/9 2/2/2
f 9/9/9 10/10/10 2/2/2
f 10/10/10 11/11/11 2/2/2
f 11/11/11 12/12/12 2/2/2
f 12/12/12 13/13/13 2/2/2
f 13/13/13 14/14/14 2/2/2
f 14/14/14 15/15/15 2/2/2
f 15/15/15 1/1/1 2/2/2
f 3/3/3 1/1/1 16/16/16
f 17/17/17 16/16/16 1/1/1
f 4/4/4 3/3/3 18/18/18
f 16/16/16 18/18/18 3/3/3
f 5/5/5 4/4/4 19/19/19
f 18/18/18 19/19/19 4/4/4
f 6/6/6 5/5/5 20/20/20
f 19/19/19 20/20/20 5/5/5
f 7/7/7 6/6/6 21/21/21
f 20/20/20 21/21/21 6/6/6
f 8/8/8 7/7/7 22/22/22
f 21/21/21 22/22/22 7/7/7
f 9/9/9 8/8/8 23/23/23
f 22/22/22 23/23/23 8/8/8
f 10/10/10 9/9/9 24/24/24
f 23/23/23 24/24/24 9/9/9
f 11/11/11 10/10/10 25/25/25
f 24/24/24 25/25/25 10/10/10
f 12/12/12 11/11/11 26/26/26
f 25/25/25 26/26/26 11/11/11
f 13/13/13 12/12/12 27/27/27
f 26/26/26 27/27/27 12/12/12
f 14/14/14 13/13/13 28/28/28
f 27/27/27 28/28/28 13/13/13
f 15/15/15 14/14/14 29/29/29
f 28/28/28 29/29/29 14/14/14
f 1/1/1 15/15/15 17/17/17
f 29/29/29 17/17/17 15/15/15
f 16/16/16 17/17/17 30/30/30
f 31/31/31 30/30/30 17/17/17
f 18/18/18 16/16/16 32/32/32
f 30/30/30 32/32/32 16/16/16
f 19/19/19 18/18/18 33/33/33
f 32/32/32 33/33/33 18/18/18
f 20/20/20 19/19/19 34/34/34
f 33/33/33 34/34/34 19/19/19
f 21/21/21 20/20/20 35/35/35
f 34/34/34 35/35/35 20/20/20
f 22/22/22 21/21/21 36/36/36
f 35/35/35 36/36/36 21/21/21
f 23/23/23 22/22/22 37/37/37
f 36/36/36 37/37/37 22/22/22
f 24/24/24 23/23/23 38/38/38
f 37/37/37 38/38/38 23/23/23
f 25/25/25 24/24/24 39/39/39
f 38/38/38 39/39/39 24/24/24
f 26/26/26 25/25/25 40/40/40
f 39/39/39 40/40/40 25/25/25
f 27/27/27 26/26/26 41/41/41
f 40/40/40 41/41/41 26/26/26
f 28/28/28 27/27/27 42/42/42
f 41/41/41 42/42/42 27/27/27
f 29/29/29 28/28/28 43/43/43
f 42/42/42 43/43/43 28/28/28
f 17/17/17 29/29/29 31/31/31
f 43/43/43 31/31/31 29/29/29
f 44/44/44 46/46/46 45/45/45
f 44/44/44 47/47/47 46/46/46
f 44/44/44 48/48/48 47/47/47
f 44/44/44 49/49/49 48/48/48
f 44/44/44 50/50/50 49/49/49
f 44/44/44 51/51/51 50/50/50
f 44/44/44 52/52/52 51/51/51
f 44/44/44 53/53/53 52/52/52
f 44/44/44 54/54/54 53/53/53
f 44/44/44 55/55/55 54/54/54
f 44/44/44 56/56/56 55/55/55
f 44/44/44 57/57/57 56/56/56
f 44/44/44 58/58/58 57/57/57
f 44/44/44 45/45/45 58/58/58
f 59/59/59 45/45/45 46/46/46
f 45/45/45 59/59/59 60/60/60
f 61/61/61 46/46/46 47/47/47
f 46/46/46 61/61/61 59/59/59
f 62/62/62 47/47/47 48/48/48
f 47/47/47 62/62/62 61/61/61
f 63/63/63 48/48/48 49/49/49
f 48/48/48 63/63/63 62/62/62
f 64/64/64 49/49/49 50/50/50
f 49/49/49 64/64/64 63/63/63
f 65/65/65 50/50/50 51/51/51
f 50/50/50 65/65/65 64/64/64
f 66/66/66 51/51/51 52/52/52
f 51/51/51 66/66/66 65/65/65
f 67/67/67 52/52/52 53/53/53
f 52/52/52 67/67/67 66/66/66
f 68/68/68 53/53/53 54/54/54
f 53/53/53 68/68/68 67/67/67
f 69/69/69 54/54/54 55/55/55
f 54/54/54 69/69/69 68/68/68
f 70/70/70 55/55/55 56/56/56
f 55/55/55 70/70/70 69/69/69
f 71/71/71 56/56/56 57/57/57
f 56/56/56 71/71/71 70/70/70
f 72/72/72 57/57/57 58/58/58
f 57/57/57 72/72/72 71/71/71
f 60/60/60 58/58/58 45/45/45
f 58/58/58 60/60/60 72/72/72
f 73/73/73 60/60/60 59/59/59
f 60/60/60 73/73/73 74/74/74
f 75/75/75 59/59/59 61/61/61
f 59/59/59 75/75/75 73/73/73
f 76/76/76 61/61/61 62/62/62
f 61/61/61 76/76/76 75/75/75
f 77/77/77 62/62/62 63/63/63
f 62/62/62 77/77/77 76/76/76
f 78/78/78 63/63/63 64/64/64
f 63/63/63 78/78/78 77/77/77
f 79/79/79 64/64/64 65/65/65
f 64/64/64 79/79/79 78/78/78
f 80/80/80 65/65/65 66/66/66
f 65/65/65 80/80/80 79/79/79
f 81/81/81 66/66/66 67/67/67
f 66/66/66 81/81/81 80/80/80
f 82/82/82 67/67/67 68/68/68
f 67/67/67 82/82/82 81/81/81
f 83/83/83 68/68/68 69/69/69
f 68/68/68 83/83/83 82/82/82
f 84/84/84 69/69/69 70/70/70
f 69/69/69 84/84/84 83/83/83
f 85/85/85 70/70/70 71/71/71
f 70/70/70 85/85/85 84/84/84
f 86/86/86 71/71/71 72/72/72
f 71/71/71 86/86/86 85/85/85
f 74/74/74 72/72/72 60/60/60
f 72/72/72 74/74/74 86/86/86

g magum_body
# texture: magum_body.jpg
v -5.192798 4.818882 -2.418017
v -6.001558 4.501374 -2.712904
v -5.650539 3.643823 -1.345996
v -4.298152 5.810821 -4.457319
v -4.635589 5.716179 -5.099584
v -3.52228 1.661791 2.514229
v -2.28581 1.49752 2.897341
v -2.034225 3.634701 1.593954
v -2.284894 -0.262779 2.896464
v -3.575404 -0.311933 2.452818
v -1.999675 5.471676 -0.308594
v -3.720788 5.302776 -1.315336
v -4.481114 3.927302 -0.253646
v -5.128916 1.74993 1.179612
v -5.787744 1.88369 -0.179962
v -5.113916 -0.166864 -3.390894
v -5.689572 -0.370073 -0.805661
v -5.248303 1.546853 -3.458025
v -3.236751 6.374642 -3.760332
v -2.345608 5.809824 -1.302089
v -2.448174 7.074212 -2.922628
v -4.298152 5.810821 -4.457319
v -3.12444 6.092196 -5.002096
v -3.141722 5.290385 -6.141032
v -4.635589 5.716179 -5.099584
v -2.657532 4.615689 -6.348028
v -3.993616 3.864297 -6.583238
v -3.141722 5.290385 -6.141032
v -3.236751 6.374642 -3.760332
v -2.448174 7.074212 -2.922628
v -2.029942 7.365699 -4.039786
v 0.242598 6.503194 -3.698247
v -1.56515 6.468585 -4.636393
v 0.144291 7.275036 -3.631441
v -1.091864 4.873113 -5.680547
v 0.719488 4.945117 -4.417418
v 0.853154 3.366706 -4.412958
v -0.86698 3.028529 -6.196818
v -2.142769 2.861126 -6.648073
v 0.615233 -0.147101 -3.984263
v -0.827663 -0.139458 -5.237743
v -3.592968 -0.033699 -5.767957
v -3.509634 2.654522 -6.429718
v -4.135994 2.527229 -6.440575
v -4.581641 1.582449 -5.355016
v -5.248303 1.546853 -3.458025
v -4.610732 -0.117647 -4.304677
v -5.113916 -0.166864 -3.390894
v -4.804303 -0.430002 1.088791
v -6.173651 2.633609 -1.757683
v -6.07985 1.870756 -0.888748
v -5.670151 1.780398 -2.168437
v -5.07271 2.993106 -4.105561
v -6.001558 4.501374 -2.712904
v -4.635589 5.716179 -5.099584
v -3.141722 5.290385 -6.141032
v -3.993616 3.864297 -6.583238
v -4.135994 2.527229 -6.440575
v -4.581641 1.582449 -5.355016
v -5.248303 1.546853 -3.458025
v -6.173651 2.633609 -1.757683
v -5.670151 1.780398 -2.168437
v -1.389341 5.450353 -0.086101
v -6.608691 1.064891 -4.002059
v -5.010896 0.652277 -4.326638
v -5.248303 1.546853 -3.458025
v -6.253149 1.926957 -3.769868
v -7.538986 -2.272504 -4.898604
v -5.87604 -2.811069 -5.136705
v -6.877408 4.477201 -4.809802
v -5.981523 2.501957 -1.934522
v -5.711326 4.480008 -2.63685
v -6.147652 3.025225 -6.807337
v -6.409604 1.550893 -6.942018
v -7.446529 1.267861 -5.260478
v -7.419678 2.577756 -4.879659
v -8.230757 -1.778312 -6.010189
v -7.242685 -1.709048 -7.851682
v -5.010896 0.652277 -4.326638
v -5.87604 -2.811069 -5.136705
v -4.441471 -2.520307 -7.004059
v -3.396928 0.573863 -6.150072
v -3.978977 2.763202 -7.332143
v -4.258922 1.820211 -7.361649
v -4.915573 5.546435 -5.31443
v -5.582206 5.313841 -6.248398
v -3.225306 5.102799 -5.969365
v -3.715077 4.606609 -6.995779
v -6.963049 2.778157 -3.971012
v -4.581641 1.582449 -5.355016
v -5.248303 1.546853 -3.458025
v -3.89633 3.871635 -6.350829
v -4.029625 2.619364 -6.217225
v -3.205959 1.651993 -6.023435
v -5.591872 1.991361 -2.179164
v -5.267855 -1.964818 -8.27868
v -4.360244 5.585265 -4.695242
v -2.940952 5.227945 -5.644009
v 2.85687 5.511158 1.420345
v 2.476253 4.34275 2.52929
v 3.809891 5.047974 1.449993
v 3.728842 6.167977 -0.678139
v 4.390985 6.255301 -0.186557
v -1.148232 1.662515 3.5149
v -2.034225 3.634701 1.593954
v -2.28581 1.49752 2.897341
v -2.284894 -0.262779 2.896464
v -1.066177 -0.311122 3.510393
v 0.86832 4.387425 2.297255
v 1.025516 5.710994 0.947873
v -0.842148 5.57121 0.243353
v 0.928961 1.751821 3.732881
v 2.362137 1.886223 3.25514
v 4.191133 -0.163991 0.531012
v 4.332077 1.549803 0.580001
v 2.742594 -0.367459 2.748427
v 2.4993 6.692782 -1.056184
v 1.231538 7.390587 -1.167952
v 0.092441 6.019543 -0.139564
v 3.728842 6.167977 -0.678139
v 4.390985 6.255301 -0.186557
v 5.159699 6.120782 -1.88613
v 3.235966 6.462379 -2.270465
v 5.159699 6.120782 -1.88613
v 5.463701 4.677686 -2.073508
v 4.349408 5.218316 -3.006813
v 2.4993 6.692782 -1.056184
v 1.231538 7.390587 -1.167952
v 1.794585 7.694627 -2.21603
v 0.242598 6.503194 -3.698247
v 0.144291 7.275036 -3.631441
v 2.092305 6.783062 -2.892409
v 2.827689 5.210218 -3.811508
v 0.719488 4.945117 -4.417418
v 3.344026 3.390636 -4.188866
v 0.853154 3.366706 -4.412958
v 4.506511 3.43295 -3.477425
v 2.520066 -0.138409 -3.826769
v 0.615233 -0.147101 -3.984263
v 4.830507 -0.031092 -2.217553
v 5.213687 3.404687 -2.269982
v 5.627995 3.366851 -1.784723
v 5.224456 1.585445 -1.221835
v 4.332077 1.549803 0.580001
v 4.191133 -0.163991 0.531012
v 4.493781 -0.114802 -0.46717
v 0.76846 -0.428224 3.437679
v 3.259137 3.44481 2.740249
v 3.073455 1.873633 2.969304
v 3.703465 1.783316 1.782357
v 4.34012 3.802592 0.382979
v 4.390985 6.255301 -0.186557
v 3.809891 5.047974 1.449993
v 5.159699 6.120782 -1.88613
v 5.463701 4.677686 -2.073508
v 5.627995 3.366851 -1.784723
v 5.224456 1.585445 -1.221835
v 4.332077 1.549803 0.580001
v 3.259137 3.44481 2.740249
v 3.703465 1.783316 1.782357
v -1.389341 5.450353 -0.086101
v 4.496268 1.382865 1.488961
v 4.065494 2.215517 1.277662
v 4.332077 1.549803 0.580001
v 4.535812 1.145686 -0.175653
v 6.029392 -2.180583 0.147734
v 6.067862 -1.809442 1.871995
v 4.807357 4.872609 1.948939
v 3.697165 4.975198 1.259671
v 3.294998 3.299657 2.488826
v 6.808199 3.821418 0.692798
v 5.283445 2.962364 2.264923
v 5.856946 1.738169 2.079754
v 7.218629 2.376994 0.768114
v 7.211464 -1.182697 2.379709
v 8.770597 -0.73004 1.061916
v 4.535812 1.145686 -0.175653
v 5.968144 1.49438 -2.115487
v 7.485579 -1.474253 -1.587232
v 6.029392 -2.180583 0.147734
v 6.897746 3.806793 -1.55187
v 7.12925 2.865361 -1.383007
v 4.686952 6.117888 0.030087
v 5.765561 6.042804 0.479226
v 6.226154 5.592967 -1.553063
v 5.046796 5.898755 -1.787855
v 4.27926 3.03622 2.019073
v 5.224456 1.585445 -1.221835
v 4.332077 1.549803 0.580001
v 5.376815 3.428282 -1.731851
v 5.222876 4.655931 -2.002319
v 5.640909 2.54575 -2.164463
v 3.65639 1.994197 1.718859
v 8.805595 -0.768839 -0.973995
v 3.969607 6.060383 -0.388743
v 4.652079 5.970709 -1.991384
vn -0.502002 0.784281 0.364551
vn -0.893325 0.448778 0.023874
vn -0.743654 0.466935 0.478488
vn -0.370287 0.928858 -0.010561
vn -0.552303 0.641936 -0.531864
vn -0.47214 0.293425 0.831255
vn -0.25696 0.245662 0.934677
vn -0.417553 0.598323 0.683857
vn -0.313903 -0.013284 0.949362
vn -0.563249 -0.010539 0.82622
vn -0.342769 0.719931 0.603497
vn -0.441618 0.781505 0.440709
vn -0.529616 0.596631 0.602941
vn -0.739042 0.179972 0.649174
vn -0.900906 0.049709 0.431159
vn -0.93227 -0.086809 -0.351195
vn -0.982715 -0.155867 0.099884
vn -0.94347 -0.100829 -0.315749
vn -0.531287 0.84708 0.013769
vn -0.404376 0.830594 0.382876
vn -0.782228 0.597716 0.175658
vn -0.370287 0.928858 -0.010561
vn -0.222811 0.804591 -0.550444
vn 0.527462 0.060032 -0.847455
vn -0.552303 0.641936 -0.531864
vn 0.071001 0.458231 -0.885993
vn -0.548971 0.273689 -0.789763
vn 0.527462 0.060032 -0.847455
vn -0.531287 0.84708 0.013769
vn -0.782228 0.597716 0.175658
vn -0.238255 0.7501 -0.616916
vn 0.326929 0.389729 -0.860946
vn 0.245571 0.605177 -0.757269
vn 0.187824 0.108386 -0.976204
vn 0.395262 0.439488 -0.806609
vn 0.549572 0.351223 -0.758033
vn 0.7211 -0.014051 -0.692689
vn 0.500403 0.045955 -0.864572
vn 0.16298 -0.018415 -0.986458
vn 0.652903 -0.122221 -0.747516
vn 0.476142 -0.196409 -0.857154
vn -0.351713 -0.303241 -0.885631
vn -0.113632 -0.216791 -0.969582
vn -0.485963 -0.307025 -0.818276
vn -0.812985 -0.241767 -0.529722
vn -0.94347 -0.100829 -0.315749
vn -0.863957 -0.203725 -0.460516
vn -0.93227 -0.086809 -0.351195
vn -0.806401 -0.11066 0.580923
vn -0.998345 0.056812 0.008981
vn -0.99166 -0.098068 0.083622
vn -0.942124 -0.142426 -0.303508
vn -0.892039 -0.045983 -0.449613
vn -0.893325 0.448778 0.023874
vn -0.552303 0.641936 -0.531864
vn 0.527462 0.060032 -0.847455
vn -0.548971 0.273689 -0.789763
vn -0.485963 -0.307025 -0.818276
vn -0.812985 -0.241767 -0.529722
vn -0.94347 -0.100829 -0.315749
vn -0.998345 0.056812 0.008981
vn -0.942124 -0.142426 -0.303508
vn -0.221604 0.703533 0.675229
vn -0.448423 -0.095388 0.888717
vn 0.530949 -0.276896 0.800888
vn 0.391654 -0.55289 0.735473
vn -0.564004 -0.541541 0.623404
vn -0.429866 -0.105526 0.896705
vn 0.460824 -0.309665 0.831715
vn -0.829565 0.558338 -0.008993
vn -0.838572 -0.271664 0.472224
vn -0.705661 0.560062 0.43402
vn -0.557565 0.240423 -0.794555
vn -0.58208 0.268667 -0.767464
vn -0.985149 0.159574 0.063388
vn -0.996211 0.059035 0.063867
vn -0.96845 0.241821 0.060227
vn -0.556813 0.341047 -0.757395
vn 0.530949 -0.276896 0.800888
vn 0.460824 -0.309665 0.831715
vn 0.96215 -0.272471 0.005205
vn 0.977906 -0.186349 0.094729
vn 0.584985 -0.018878 -0.810824
vn 0.425655 0.09591 -0.899788
vn -0.142239 0.987402 -0.069319
vn -0.381264 0.75976 -0.526691
vn 0.564149 0.539213 -0.625288
vn 0.490162 0.347159 -0.799514
vn -0.894841 -0.124584 0.428648
vn 0.720345 0.129768 0.681369
vn 0.391654 -0.55289 0.735473
vn 0.955954 -0.162469 -0.24445
vn 0.975196 0.205292 -0.082759
vn 0.945482 0.184694 0.268239
vn -0.339492 -0.86973 0.358211
vn 0.380813 0.120579 -0.916756
vn -0.103337 0.994624 0.006639
vn 0.307919 0.766436 -0.563704
vn 0.163072 0.788751 0.592688
vn 0.109391 0.543062 0.832537
vn 0.665898 0.439423 0.6029
vn 0.092455 0.967787 0.234181
vn 0.391045 0.807421 0.441764
vn -0.268262 0.290655 0.918453
vn -0.347174 0.592512 0.726911
vn -0.489773 0.24441 0.836891
vn -0.46032 -0.013378 0.887652
vn -0.198104 -0.010405 0.980126
vn -0.214664 0.609617 0.763077
vn -0.16294 0.818224 0.551326
vn -0.353989 0.718963 0.598151
vn 0.056601 0.182783 0.981523
vn 0.323805 0.082895 0.942486
vn 0.902461 -0.086235 0.422052
vn 0.890275 -0.045849 0.45311
vn 0.614797 -0.155346 0.773235
vn 0.296956 0.898408 0.323543
vn 0.370413 0.641007 0.672238
vn -0.130411 0.856952 0.498624
vn 0.092455 0.967787 0.234181
vn 0.391045 0.807421 0.441764
vn 0.714742 0.603679 -0.353152
vn 0.461047 0.846284 -0.266908
vn 0.714742 0.603679 -0.353152
vn 0.948936 0.260778 -0.177525
vn 0.580554 0.518237 -0.628003
vn 0.296956 0.898408 0.323543
vn 0.370413 0.641007 0.672238
vn 0.614515 0.766935 -0.184883
vn 0.408047 0.396682 -0.822278
vn 0.62247 0.145744 -0.768954
vn 0.346017 0.611221 -0.711815
vn 0.316794 0.432768 -0.844011
vn 0.196005 0.320802 -0.926644
vn 0.358222 0.023113 -0.93335
vn 0.09004 -0.061419 -0.994043
vn 0.671308 -0.006186 -0.741153
vn 0.298084 -0.267739 -0.916222
vn 0.047168 -0.197397 -0.979188
vn 0.884954 -0.296339 -0.359221
vn 0.833268 -0.173524 -0.524932
vn 0.981289 -0.138201 -0.134065
vn 0.976132 -0.12401 0.178294
vn 0.890275 -0.045849 0.45311
vn 0.902461 -0.086235 0.422052
vn 0.933038 -0.203175 0.296917
vn 0.147325 -0.110345 0.982914
vn 0.604256 0.175632 0.777193
vn 0.62874 -0.04043 0.776564
vn 0.886351 -0.116347 0.448158
vn 0.897816 0.049298 0.437603
vn 0.391045 0.807421 0.441764
vn 0.665898 0.439423 0.6029
vn 0.714742 0.603679 -0.353152
vn 0.948936 0.260778 -0.177525
vn 0.981289 -0.138201 -0.134065
vn 0.976132 -0.12401 0.178294
vn 0.890275 -0.045849 0.45311
vn 0.604256 0.175632 0.777193
vn 0.886351 -0.116347 0.448158
vn -0.482188 0.681108 0.550987
vn -0.633964 -0.33225 0.698355
vn 0.087765 -0.337074 0.937379
vn -0.155165 -0.580296 0.799488
vn -0.910695 -0.017428 -0.412713
vn -0.85289 -0.413896 -0.318229
vn -0.759055 -0.287374 0.584167
vn 0.161378 0.526037 0.83501
vn -0.217161 0.729309 0.648806
vn 0.379452 -0.1057 0.919154
vn 0.84739 0.335547 0.411508
vn 0.139542 -0.024096 0.989923
vn 0.122103 0.076355 0.989576
vn 0.82264 0.354118 0.44482
vn 0.109071 0.158921 0.981248
vn 0.796512 0.425326 0.429729
vn -0.910695 -0.017428 -0.412713
vn -0.2547 -0.15969 -0.953744
vn -0.166196 -0.200665 -0.96546
vn -0.85289 -0.413896 -0.318229
vn 0.724859 0.139815 -0.67456
vn 0.77137 0.267732 -0.577328
vn -0.078421 0.975277 0.206606
vn 0.454895 0.822858 0.340551
vn 0.636688 0.575418 -0.513345
vn 0.356583 0.736798 -0.574437
vn 0.012654 -0.397313 0.917596
vn -0.842782 0.458217 -0.28241
vn -0.155165 -0.580296 0.799488
vn -0.304084 0.121501 -0.944866
vn 0.127372 0.024112 -0.991562
vn -0.37947 0.181719 -0.907183
vn 0.79594 -0.190742 0.574541
vn 0.786442 0.302114 -0.538736
vn -0.140813 0.979195 0.146114
vn 0.367667 0.829648 -0.420125
vt 0.4525 0.6585
vt 0.5498 0.6305
vt 0.4472 0.4858
vt 0.4522 0.9182
vt 0.5484 0.9186
vt 0.1317 0.2114
vt 0.0243 0.1967
vt 0.0195 0.4421
vt 0.0243 0.0343
vt 0.1386 0.0345
vt 0.0637 0.7594
vt 0.2632 0.6731
vt 0.3094 0.4895
vt 0.3192 0.2237
vt 0.4278 0.2429
vt 0.6092 0.0969
vt 0.5106 0.0633
vt 0.5998 0.2423
vt 0.3177 0.9427
vt 0.1213 0.8055
vt 0.1412 0.9744
vt 0.6428 0.0914
vt 0.708 0.1451
vt 0.722 0.055
vt 0.6416 0.0553
vt 0.7886 0.1388
vt 0.7944 0.0805
vt 0.7223 0.0547
vt 0.6444 0.1452
vt 0.6208 0.2186
vt 0.6585 0.219
vt 0.7015 0.2823
vt 0.7053 0.2092
vt 0.6596 0.2823
vt 0.7832 0.2039
vt 0.7841 0.2823
vt 0.8508 0.2823
vt 0.862 0.2005
vt 0.8645 0.1459
vt 0.9733 0.2823
vt 0.9738 0.2213
vt 0.9825 0.1295
vt 0.8652 0.1067
vt 0.8553 0.0825
vt 0.9291 0.0845
vt 0.9398 0.0453
vt 0.9865 0.0814
vt 0.9819 0.0479
vt 0.3049 0.0338
vt 0.5477 0.434
vt 0.5033 0.2689
vt 0.5775 0.2584
vt 0.0608 0.8846
vt 0.0842 0.8203
vt 0.1076 0.8636
vt 0.1032 0.921
vt 0.0834 0.952
vt 0.0589 0.9604
vt 0.0353 0.9485
vt 0.0257 0.8948
vt 0.0478 0.815
vt 0.0239 0.8552
vt 0.0195 0.7472
vt 0.6388 0.6367
vt 0.5695 0.6385
vt 0.5698 0.7045
vt 0.6079 0.7205
vt 0.637 0.3644
vt 0.5678 0.3584
vt 0.6717 0.8612
vt 0.5936 0.8455
vt 0.655 0.9846
vt 0.7745 0.7225
vt 0.7763 0.6169
vt 0.7012 0.6207
vt 0.6906 0.7189
vt 0.6976 0.3699
vt 0.7849 0.3568
vt 0.9856 0.5942
vt 0.9875 0.3146
vt 0.9106 0.3377
vt 0.918 0.5951
vt 0.8699 0.7421
vt 0.8559 0.6651
vt 0.7763 0.9395
vt 0.7767 0.8559
vt 0.8924 0.9426
vt 0.8784 0.8399
vt 0.6405 0.7843
vt 0.9541 0.6805
vt 0.982 0.6726
vt 0.9427 0.8576
vt 0.9466 0.7604
vt 0.9289 0.6815
vt 0.5763 0.7937
vt 0.8572 0.354
vt 0.7771 0.9805
vt 0.9073 0.9839
vt 0.4525 0.6585
vt 0.4472 0.4858
vt 0.5498 0.6305
vt 0.4522 0.9182
vt 0.5484 0.9186
vt 0.1317 0.2114
vt 0.0195 0.4421
vt 0.0243 0.1967
vt 0.0243 0.0343
vt 0.1386 0.0345
vt 0.3094 0.4895
vt 0.2632 0.6731
vt 0.0637 0.7594
vt 0.3192 0.2237
vt 0.4278 0.2429
vt 0.6092 0.0969
vt 0.5998 0.2423
vt 0.5106 0.0633
vt 0.3177 0.9427
vt 0.1412 0.9744
vt 0.1213 0.8055
vt 0.6428 0.0914
vt 0.6416 0.0553
vt 0.722 0.055
vt 0.708 0.1451
vt 0.7223 0.0547
vt 0.7944 0.0805
vt 0.7886 0.1388
vt 0.6444 0.1452
vt 0.6208 0.2186
vt 0.6585 0.219
vt 0.7015 0.2823
vt 0.6596 0.2823
vt 0.7053 0.2092
vt 0.7832 0.2039
vt 0.7841 0.2823
vt 0.862 0.2005
vt 0.8508 0.2823
vt 0.8645 0.1459
vt 0.9738 0.2213
vt 0.9733 0.2823
vt 0.9825 0.1295
vt 0.8652 0.1067
vt 0.8553 0.0825
vt 0.9291 0.0845
vt 0.9398 0.0453
vt 0.9819 0.0479
vt 0.9865 0.0814
vt 0.3049 0.0338
vt 0.5477 0.434
vt 0.5033 0.2689
vt 0.5775 0.2584
vt 0.0608 0.8846
vt 0.1076 0.8636
vt 0.0842 0.8203
vt 0.1032 0.921
vt 0.0834 0.952
vt 0.0589 0.9604
vt 0.0353 0.9485
vt 0.0257 0.8948
vt 0.0478 0.815
vt 0.0239 0.8552
vt 0.0195 0.7472
vt 0.6388 0.6367
vt 0.6079 0.7205
vt 0.5698 0.7045
vt 0.5695 0.6385
vt 0.5678 0.3584
vt 0.637 0.3644
vt 0.6717 0.8612
vt 0.655 0.9846
vt 0.5936 0.8455
vt 0.7745 0.7225
vt 0.6906 0.7189
vt 0.7012 0.6207
vt 0.7763 0.6169
vt 0.6976 0.3699
vt 0.7849 0.3568
vt 0.9856 0.5942
vt 0.918 0.5951
vt 0.9106 0.3377
vt 0.9875 0.3146
vt 0.8699 0.7421
vt 0.8559 0.6651
vt 0.7763 0.9395
vt 0.7767 0.8559
vt 0.8784 0.8399
vt 0.8924 0.9426
vt 0.6405 0.7843
vt 0.9541 0.6805
vt 0.982 0.6726
vt 0.9466 0.7604
vt 0.9427 0.8576
vt 0.9289 0.6815
vt 0.5763 0.7937
vt 0.8572 0.354
vt 0.7771 0.9805
vt 0.9073 0.9839
f 87/87/87 89/89/89 88/88/88
f 90/90/90 88/88/88 91/91/91
f 88/88/88 90/90/90 87/87/87
f 92/92/92 94/94/94 93/93/93
f 95/95/95 92/92/92 93/93/93
f 92/92/92 95/95/95 96/96/96
f 94/94/94 98/98/98 97/97/97
f 98/98/98 94/94/94 99/99/99
f 100/100/100 89/89/89 99/99/99
f 89/89/89 100/100/100 101/101/101
f 102/102/102 104/104/104 103/103/103
f 105/105/105 106/106/106 98/98/98
f 106/106/106 105/105/105 107/107/107
f 108/108/108 110/110/110 109/109/109
f 110/110/110 108/108/108 111/111/111
f 109/109/109 113/113/113 112/112/112
f 113/113/113 109/109/109 114/114/114
f 105/105/105 87/87/87 90/90/90
f 87/87/87 105/105/105 98/98/98
f 109/109/109 115/115/115 108/108/108
f 116/116/116 109/109/109 117/117/117
f 109/109/109 116/116/116 115/115/115
f 118/118/118 117/117/117 119/119/119
f 117/117/117 118/118/118 120/120/120
f 112/112/112 119/119/119 109/109/109
f 119/119/119 112/112/112 121/121/121
f 117/117/117 109/109/109 119/119/119
f 122/122/122 124/124/124 123/123/123
f 124/124/124 122/122/122 121/121/121
f 125/125/125 121/121/121 112/112/112
f 121/121/121 125/125/125 124/124/124
f 124/124/124 126/126/126 123/123/123
f 126/126/126 124/124/124 127/127/127
f 122/122/122 119/119/119 121/121/121
f 119/119/119 122/122/122 118/118/118
f 128/128/128 125/125/125 129/129/129
f 125/125/125 128/128/128 127/127/127
f 127/127/127 124/124/124 125/125/125
f 113/113/113 125/125/125 112/112/112
f 125/125/125 113/113/113 129/129/129
f 129/129/129 113/113/113 130/130/130
f 130/130/130 131/131/131 129/129/129
f 132/132/132 134/134/134 133/133/133
f 133/133/133 131/131/131 132/132/132
f 131/131/131 133/133/133 128/128/128
f 128/128/128 129/129/129 131/131/131
f 100/100/100 94/94/94 92/92/92
f 94/94/94 100/100/100 99/99/99
f 135/135/135 92/92/92 96/96/96
f 92/92/92 135/135/135 100/100/100
f 135/135/135 101/101/101 100/100/100
f 101/101/101 135/135/135 103/103/103
f 99/99/99 87/87/87 98/98/98
f 87/87/87 99/99/99 89/89/89
f 136/136/136 88/88/88 89/89/89
f 137/137/137 138/138/138 136/136/136
f 104/104/104 138/138/138 103/103/103
f 139/139/139 141/141/141 140/140/140
f 139/139/139 142/142/142 141/141/141
f 139/139/139 143/143/143 142/142/142
f 139/139/139 144/144/144 143/143/143
f 139/139/139 145/145/145 144/144/144
f 139/139/139 146/146/146 145/145/145
f 139/139/139 140/140/140 147/147/147
f 139/139/139 147/147/147 148/148/148
f 139/139/139 148/148/148 146/146/146
f 106/106/106 97/97/97 98/98/98
f 97/97/97 149/149/149 94/94/94
f 150/150/150 152/152/152 151/151/151
f 152/152/152 150/150/150 153/153/153
f 151/151/151 154/154/154 150/150/150
f 154/154/154 151/151/151 155/155/155
f 156/156/156 158/158/158 157/157/157
f 159/159/159 161/161/161 160/160/160
f 161/161/161 159/159/159 162/162/162
f 161/161/161 153/153/153 150/150/150
f 163/163/163 150/150/150 154/154/154
f 150/150/150 163/163/163 161/161/161
f 163/163/163 160/160/160 161/161/161
f 160/160/160 163/163/163 164/164/164
f 165/165/165 167/167/167 166/166/166
f 167/167/167 165/165/165 168/168/168
f 169/169/169 160/160/160 170/170/170
f 160/160/160 169/169/169 159/159/159
f 171/171/171 156/156/156 172/172/172
f 156/156/156 171/171/171 158/158/158
f 171/171/171 174/174/174 173/173/173
f 174/174/174 171/171/171 172/172/172
f 175/175/175 162/162/162 156/156/156
f 156/156/156 159/159/159 172/172/172
f 159/159/159 156/156/156 162/162/162
f 169/169/169 172/172/172 159/159/159
f 172/172/172 169/169/169 174/174/174
f 161/161/161 162/162/162 153/153/153
f 176/176/176 165/165/165 177/177/177
f 165/165/165 176/176/176 168/168/168
f 169/169/169 178/178/178 174/174/174
f 178/178/178 169/169/169 179/179/179
f 178/178/178 173/173/173 174/174/174
f 168/168/168 176/176/176 180/180/180
f 180/180/180 176/176/176 179/179/179
f 157/157/157 181/181/181 153/153/153
f 153/153/153 181/181/181 152/152/152
f 170/170/170 179/179/179 169/169/169
f 164/164/164 170/170/170 160/160/160
f 170/170/170 164/164/164 182/182/182
f 180/180/180 179/179/179 170/170/170
f 168/168/168 180/180/180 170/170/170
f 167/167/167 170/170/170 182/182/182
f 170/170/170 167/167/167 168/168/168
f 183/183/183 158/158/158 171/171/171
f 173/173/173 183/183/183 171/171/171
f 183/183/183 173/173/173 184/184/184
f 178/178/178 184/184/184 173/173/173
f 153/153/153 162/162/162 175/175/175
f 156/156/156 157/157/157 175/175/175
f 175/175/175 157/157/157 153/153/153
f 136/136/136 101/101/101 137/137/137
f 101/101/101 136/136/136 89/89/89
f 101/101/101 103/103/103 137/137/137
f 137/137/137 103/103/103 138/138/138
f 185/185/185 187/187/187 186/186/186
f 188/188/188 187/187/187 185/185/185
f 187/187/187 188/188/188 189/189/189
f 190/190/190 192/192/192 191/191/191
f 193/193/193 190/190/190 194/194/194
f 190/190/190 193/193/193 192/192/192
f 191/191/191 196/196/196 195/195/195
f 196/196/196 191/191/191 197/197/197
f 198/198/198 186/186/186 199/199/199
f 186/186/186 198/198/198 195/195/195
f 200/200/200 202/202/202 201/201/201
f 203/203/203 205/205/205 204/204/204
f 205/205/205 203/203/203 196/196/196
f 206/206/206 208/208/208 207/207/207
f 208/208/208 206/206/206 209/209/209
f 209/209/209 211/211/211 210/210/210
f 211/211/211 209/209/209 212/212/212
f 203/203/203 185/185/185 196/196/196
f 185/185/185 203/203/203 188/188/188
f 209/209/209 206/206/206 213/213/213
f 214/214/214 209/209/209 213/213/213
f 209/209/209 214/214/214 215/215/215
f 216/216/216 215/215/215 217/217/217
f 215/215/215 216/216/216 218/218/218
f 212/212/212 218/218/218 219/219/219
f 218/218/218 212/212/212 209/209/209
f 215/215/215 218/218/218 209/209/209
f 220/220/220 221/221/221 219/219/219
f 221/221/221 220/220/220 222/222/222
f 223/223/223 219/219/219 221/221/221
f 219/219/219 223/223/223 212/212/212
f 221/221/221 225/225/225 224/224/224
f 225/225/225 221/221/221 222/222/222
f 220/220/220 218/218/218 216/216/216
f 218/218/218 220/220/220 219/219/219
f 226/226/226 223/223/223 224/224/224
f 223/223/223 226/226/226 227/227/227
f 224/224/224 223/223/223 221/221/221
f 211/211/211 223/223/223 227/227/227
f 223/223/223 211/211/211 212/212/212
f 227/227/227 228/228/228 211/211/211
f 228/228/228 227/227/227 229/229/229
f 230/230/230 232/232/232 231/231/231
f 232/232/232 230/230/230 229/229/229
f 229/229/229 226/226/226 232/232/232
f 226/226/226 229/229/229 227/227/227
f 198/198/198 191/191/191 195/195/195
f 191/191/191 198/198/198 190/190/190
f 233/233/233 190/190/190 198/198/198
f 190/190/190 233/233/233 194/194/194
f 233/233/233 199/199/199 202/202/202
f 199/199/199 233/233/233 198/198/198
f 195/195/195 185/185/185 186/186/186
f 185/185/185 195/195/195 196/196/196
f 234/234/234 186/186/186 187/187/187
f 235/235/235 234/234/234 236/236/236
f 201/201/201 202/202/202 236/236/236
f 237/237/237 239/239/239 238/238/238
f 237/237/237 238/238/238 240/240/240
f 237/237/237 240/240/240 241/241/241
f 237/237/237 241/241/241 242/242/242
f 237/237/237 242/242/242 243/243/243
f 237/237/237 243/243/243 244/244/244
f 237/237/237 245/245/245 239/239/239
f 237/237/237 246/246/246 245/245/245
f 237/237/237 244/244/244 246/246/246
f 205/205/205 196/196/196 197/197/197
f 197/197/197 191/191/191 247/247/247
f 248/248/248 250/250/250 249/249/249
f 250/250/250 248/248/248 251/251/251
f 251/251/251 253/253/253 252/252/252
f 253/253/253 251/251/251 248/248/248
f 254/254/254 256/256/256 255/255/255
f 257/257/257 259/259/259 258/258/258
f 259/259/259 257/257/257 260/260/260
f 259/259/259 248/248/248 249/249/249
f 261/261/261 248/248/248 259/259/259
f 248/248/248 261/261/261 253/253/253
f 261/261/261 260/260/260 262/262/262
f 260/260/260 261/261/261 259/259/259
f 263/263/263 265/265/265 264/264/264
f 265/265/265 263/263/263 266/266/266
f 267/267/267 260/260/260 257/257/257
f 260/260/260 267/267/267 268/268/268
f 269/269/269 254/254/254 255/255/255
f 254/254/254 269/269/269 270/270/270
f 269/269/269 271/271/271 270/270/270
f 271/271/271 269/269/269 272/272/272
f 273/273/273 254/254/254 258/258/258
f 254/254/254 257/257/257 258/258/258
f 257/257/257 254/254/254 270/270/270
f 267/267/267 270/270/270 271/271/271
f 270/270/270 267/267/267 257/257/257
f 259/259/259 249/249/249 258/258/258
f 274/274/274 263/263/263 264/264/264
f 263/263/263 274/274/274 275/275/275
f 267/267/267 277/277/277 276/276/276
f 277/277/277 267/267/267 271/271/271
f 277/277/277 271/271/271 272/272/272
f 264/264/264 278/278/278 274/274/274
f 278/278/278 276/276/276 274/274/274
f 256/256/256 249/249/249 279/279/279
f 249/249/249 250/250/250 279/279/279
f 268/268/268 267/267/267 276/276/276
f 262/262/262 268/268/268 280/280/280
f 268/268/268 262/262/262 260/260/260
f 278/278/278 268/268/268 276/276/276
f 264/264/264 268/268/268 278/278/278
f 265/265/265 268/268/268 264/264/264
f 268/268/268 265/265/265 280/280/280
f 281/281/281 269/269/269 255/255/255
f 272/272/272 281/281/281 282/282/282
f 281/281/281 272/272/272 269/269/269
f 277/277/277 272/272/272 282/282/282
f 249/249/249 273/273/273 258/258/258
f 254/254/254 273/273/273 256/256/256
f 273/273/273 249/249/249 256/256/256
f 234/234/234 199/199/199 186/186/186
f 199/199/199 234/234/234 235/235/235
f 199/199/199 235/235/235 202/202/202
f 235/235/235 236/236/236 202/202/202

g magum_manto
# texture: magum_manto.jpg
v 3.808624 7.000934 -2.218641
v 5.515016 5.504801 -1.740929
v 5.079612 6.266886 -1.740512
v 4.790011 5.635522 -2.907327
v 6.675486 -0.730191 -3.602727
v 5.068064 3.652937 -3.785301
v 4.096728 -0.99659 -5.640447
v 6.038591 3.545492 -2.52445
v 4.120746 6.300923 -0.355793
v -3.174058 6.359359 -5.773014
v -3.259939 5.461327 -6.064939
v -4.193085 4.425923 -6.54892
v -2.853732 4.756346 -6.566204
v -3.547004 -1.264872 -8.178816
v -0.235553 -1.484536 -7.130068
v -2.268737 3.019695 -7.075707
v -3.851118 2.839439 -6.992552
v -4.411804 5.79557 -4.881904
v -1.389341 5.450353 -0.086101
v -1.526173 6.536554 0.004992
v -2.061635 6.564806 -0.375699
v -1.999675 5.471676 -0.308594
v -2.345608 5.809824 -1.302089
v -2.440636 6.899856 -1.299328
v -2.539609 8.12266 -2.919931
v -2.448174 7.074212 -2.922628
v -1.987577 8.281767 -3.979579
v -2.029942 7.365699 -4.039786
v 0.027662 8.61256 -3.628041
v 0.144291 7.275036 -3.631441
v -1.163514 6.806136 -0.804059
v -1.629685 6.961647 -1.42794
v -1.597158 7.900383 -2.513533
v -0.427396 8.137615 -2.587828
v -1.701504 4.82884 0.680779
v -1.853873 5.060931 0.958363
v -2.626832 5.150034 0.442472
v -2.478976 4.945035 0.164165
v -3.071178 5.518476 -0.037199
v -2.817527 5.306171 -0.375287
v -2.911507 6.017151 -1.009254
v -2.760488 5.606224 -0.992856
v -2.866413 6.101779 -0.664362
v -2.801894 5.802245 -0.102083
v -2.524691 5.469009 0.165506
v -1.749017 5.373706 0.682155
v -1.701504 4.82884 0.680779
v -2.478976 4.945035 0.164165
v -2.524691 5.469009 0.165506
v -1.749017 5.373706 0.682155
v -2.817527 5.306171 -0.375287
v -2.801894 5.802245 -0.102083
v -2.760488 5.606224 -0.992856
v -2.866413 6.101779 -0.664362
v -4.493091 5.320749 -2.053223
v -2.982048 5.892058 -1.529116
v -4.665959 5.653103 -3.408026
v -4.184844 4.424292 -6.565365
v -3.245063 5.461059 -6.075808
v -3.165918 6.357725 -5.789445
v -2.845491 4.754614 -6.582652
v -3.531352 6.485504 -3.950604
v -4.396927 5.795301 -4.892772
v -3.289023 7.049832 -3.254421
v -2.437609 7.206365 -4.974672
v 0.397852 7.248631 -4.158268
v 0.61143 6.660511 -4.491448
v -1.857531 6.580801 -5.716076
v -1.187658 4.777849 -6.343716
v -0.565805 3.120442 -6.891857
v 1.19627 4.955556 -5.108004
v 1.376596 3.386854 -5.239959
v -2.261595 3.023458 -7.09225
v 2.449248 -1.223758 -6.382947
v -0.223212 -1.484312 -7.143698
v -3.534663 -1.264647 -8.192446
v -3.843876 2.843203 -7.009109
v -4.408281 5.021076 -1.348427
v -2.408259 5.153543 -0.132673
v -4.082039 7.753782 -0.666717
v -3.687772 7.069068 -0.966764
v -4.323081 6.63859 0.893308
v -3.73586 8.657987 -3.395337
v -3.575528 7.930075 -3.351357
v -2.628171 9.108034 -5.367767
v -2.568421 8.256857 -5.363079
v 0.469675 9.524817 -4.719473
v 0.48373 8.537752 -4.570875
v -2.408259 5.153543 -0.132673
v -2.982048 5.892058 -1.529116
v -3.289023 7.049832 -3.254421
v -2.437609 7.206365 -4.974672
v 0.397852 7.248631 -4.158268
v -3.663074 7.072464 -0.9528
v -3.549927 7.932258 -3.339102
v -2.542721 8.259042 -5.350838
v 0.48373 8.537752 -4.570875
v -2.956448 5.894243 -1.516862
v -3.270446 7.043698 -3.277584
v -2.423532 7.202876 -4.963802
v 0.397852 7.248631 -4.158268
v -2.956448 5.894243 -1.516862
v -3.48626 6.243421 -3.964057
v -3.270446 7.043698 -3.277584
v -3.149505 6.367977 -5.765481
v -2.423532 7.202876 -4.963802
v 0.391061 7.24261 -4.143051
v 0.598752 6.669416 -4.472058
v -1.865979 6.586849 -5.693417
v -0.904207 6.664338 0.176263
v -0.842148 5.57121 0.243353
v 0.092441 6.019543 -0.139564
v 1.140089 8.439138 -1.165352
v -0.002587 7.109576 -0.136803
v 1.231538 7.390587 -1.167952
v 1.594288 8.589781 -2.271617
v 1.794585 7.694627 -2.21603
v 0.273094 8.061236 -1.621716
v -0.414384 7.066123 -0.848444
v -0.988762 5.290925 1.223528
v -0.836901 5.086306 0.947199
v -0.394247 5.748727 1.239312
v -0.260784 5.526059 0.843928
v 0.188179 6.28372 0.468713
v 0.139119 5.85558 0.389858
v -0.117998 6.338212 0.646208
v -0.55054 5.995894 0.971538
v -0.882615 5.61018 0.948537
v -0.882615 5.61018 0.948537
v -0.836901 5.086306 0.947199
v -0.55054 5.995894 0.971538
v -0.260784 5.526059 0.843928
v -0.117998 6.338212 0.646208
v 0.139119 5.85558 0.389858
v 2.07163 5.885251 1.077073
v 3.168153 6.027974 0.284677
v 0.650793 6.204444 0.203185
v 5.525187 5.506355 -1.75624
v 3.818795 7.002488 -2.233951
v 5.086949 6.269592 -1.757271
v 4.800182 5.637076 -2.922637
v 4.128084 6.303529 -0.37255
v 2.832092 6.814228 -0.957558
v 2.012356 7.505671 -0.726446
v 2.791424 7.656024 -2.481142
v 3.065769 7.011265 -3.329207
v 3.318224 5.222619 -3.853688
v 3.392821 3.375576 -4.612022
v 5.075934 3.655903 -3.801766
v 4.10504 -0.993926 -5.656679
v 6.681763 -0.727323 -3.619781
v 6.046365 3.548358 -2.540905
v 1.516496 5.530635 1.476691
v -0.680552 5.302132 0.691171
v 1.18256 8.084103 1.431201
v 0.487957 7.024381 2.890641
v 1.004507 7.3913 0.980839
v 2.142145 8.421753 -0.624877
v 2.174036 9.166208 -0.577174
v 3.026242 8.737988 -2.695326
v 2.948339 9.587548 -2.708745
v -0.680552 5.302132 0.691171
v 0.650793 6.204444 0.203185
v 2.012356 7.505671 -0.726446
v 2.791424 7.656024 -2.481142
v 0.976435 7.395442 0.978602
v 2.116446 8.419568 -0.637118
v 3.000543 8.735703 -2.70757
v 0.625093 6.202259 0.190944
v 2.019592 7.498586 -0.755026
v 2.774822 7.649974 -2.484962
v 0.625093 6.202259 0.190944
v 2.019592 7.498586 -0.755026
v 2.818706 6.570536 -0.993115
v 3.78799 7.003555 -2.236097
v 2.774822 7.649974 -2.484962
v 3.049253 7.012253 -3.310618
vn -0.572833 -0.814575 0.091265
vn -0.731004 -0.452563 0.510706
vn -0.569992 -0.492193 0.657918
vn -0.763082 -0.491891 0.419225
vn -0.637901 -0.202944 0.742898
vn -0.744464 -0.2984 0.59727
vn -0.5972 -0.186543 0.780099
vn -0.759126 -0.339623 0.555324
vn -0.408565 -0.874491 -0.26142
vn 0.526721 -0.451617 0.720144
vn 0.410251 0.245297 -0.878364
vn 0.093853 -0.311932 0.945458
vn 0.095901 -0.33965 0.93565
vn -0.227125 -0.178738 0.957323
vn -0.307517 -0.150173 0.939618
vn -0.008046 -0.240448 0.970629
vn 0.080385 -0.261632 0.961815
vn 0.585616 -0.425033 0.690218
vn -0.428603 -0.024197 0.903169
vn -0.411635 0.475433 0.777509
vn -0.62028 0.495261 0.608251
vn -0.649549 -0.001577 0.760318
vn -0.974949 -0.085568 0.20531
vn -0.769451 0.489502 0.410285
vn -0.726768 0.684106 0.061706
vn -0.984485 -0.061664 -0.164278
vn -0.410262 0.663932 -0.625203
vn -0.547552 0.07152 -0.83371
vn 0.202069 0.798008 -0.56776
vn 0.42727 0.039594 -0.903257
vn -0.20291 0.945419 0.254972
vn -0.010697 0.871461 0.490349
vn -0.059508 0.901338 0.42901
vn -0.222996 0.927353 0.300483
vn 0.224082 -0.926324 -0.30284
vn -0.413764 -0.159021 0.896388
vn -0.673693 -0.174944 0.718006
vn 0.019303 -0.869471 -0.493607
vn -0.938758 -0.01811 0.3441
vn 0.124648 -0.718597 -0.684165
vn -0.980234 -0.08927 -0.176555
vn -0.562783 -0.721921 -0.402623
vn -0.421634 0.876065 0.233955
vn 0.364994 0.84108 0.399205
vn 0.627554 0.777905 -0.032251
vn 0.063057 0.950684 -0.303685
vn 0.224082 -0.926324 -0.30284
vn 0.019303 -0.869471 -0.493607
vn 0.627554 0.777905 -0.032251
vn 0.063057 0.950684 -0.303685
vn 0.124648 -0.718597 -0.684165
vn 0.364994 0.84108 0.399205
vn -0.562783 -0.721921 -0.402623
vn -0.421634 0.876065 0.233955
vn -0.430163 0.844136 0.319992
vn -0.978454 0.046887 0.201072
vn -0.501838 0.841734 0.199103
vn -0.095015 0.312923 -0.945014
vn -0.433082 -0.234557 0.870301
vn -0.382773 0.650313 -0.656184
vn -0.003503 0.352838 -0.935678
vn -0.719434 0.694559 -0.001542
vn -0.54916 0.79568 -0.255573
vn -0.966707 -0.104652 -0.23351
vn -0.389093 0.392203 -0.833537
vn 0.412946 0.163699 -0.895923
vn 0.332974 0.52427 -0.783753
vn 0.16094 0.621622 -0.766606
vn 0.25779 0.389566 -0.884185
vn 0.314438 0.247205 -0.916525
vn 0.425111 0.323094 -0.845512
vn 0.461766 0.21504 -0.860541
vn 0.057918 0.233913 -0.970531
vn 0.357918 0.218147 -0.907914
vn 0.264367 0.100108 -0.959212
vn 0.227203 0.178233 -0.957398
vn -0.080385 0.261632 -0.961815
vn -0.421742 0.784743 0.454216
vn -0.372543 0.736159 0.56505
vn -0.470146 0.785116 0.403182
vn -0.853853 -0.441125 -0.276304
vn -0.459487 -0.049745 0.886791
vn -0.330283 0.930946 0.155736
vn -0.836553 -0.280944 -0.470373
vn 0.067895 0.916722 -0.393715
vn -0.361595 -0.196302 -0.911436
vn 0.323518 -0.883839 -0.337883
vn 0.435712 -0.199195 -0.877768
vn -0.372543 0.736159 0.56505
vn -0.978454 0.046887 0.201072
vn -0.966707 -0.104652 -0.23351
vn -0.389093 0.392203 -0.833537
vn 0.412946 0.163699 -0.895923
vn 0.847475 0.449262 0.282755
vn 0.831309 0.290901 0.473606
vn 0.354071 0.206506 0.912134
vn -0.43564 0.199703 0.877688
vn 0.720407 0.671082 0.175109
vn 0.963954 0.112916 0.240922
vn 0.388435 -0.398051 0.831068
vn -0.431413 0.300995 0.850461
vn 0.720407 0.671082 0.175109
vn 0.957985 -0.285108 0.031262
vn 0.963954 0.112916 0.240922
vn 0.488842 -0.74655 0.451328
vn 0.388435 -0.398051 0.831068
vn -0.318172 -0.556052 0.767837
vn -0.293563 -0.622501 0.725475
vn -0.101629 -0.797044 0.595309
vn -0.154314 0.535281 0.830459
vn -0.184475 0.038449 0.982085
vn 0.457623 0.037642 0.88835
vn 0.307374 0.773063 0.554884
vn 0.091749 0.563566 0.82096
vn 0.745607 0.087117 0.660668
vn 0.644676 0.754633 -0.122159
vn 0.973294 0.202336 -0.108436
vn -0.419986 0.870349 0.257108
vn -0.49352 0.82992 0.260135
vn -0.112643 -0.126637 0.985533
vn 0.490359 -0.828981 -0.26896
vn 0.318565 0.089981 0.943621
vn 0.551297 -0.681897 -0.480717
vn 0.756314 0.060081 0.651444
vn 0.760309 -0.608156 0.228201
vn -0.041518 0.90875 0.415271
vn -0.651719 0.75362 -0.085548
vn -0.472324 0.683332 -0.556747
vn -0.472324 0.683332 -0.556747
vn 0.490359 -0.828981 -0.26896
vn -0.651719 0.75362 -0.085548
vn 0.551297 -0.681897 -0.480717
vn -0.041518 0.90875 0.415271
vn 0.760309 -0.608156 0.228201
vn -0.023432 0.926157 0.376409
vn 0.074326 0.882773 0.463883
vn 0.386408 0.274597 0.880503
vn 0.731229 0.452638 -0.510316
vn 0.563608 0.82305 -0.070246
vn 0.569724 0.49119 -0.658899
vn 0.648467 0.483847 -0.587693
vn 0.219249 0.902202 0.371432
vn 0.360838 0.725944 0.585492
vn 0.755756 0.049122 0.653009
vn 0.843621 0.471897 -0.256157
vn 0.42222 0.628304 -0.653425
vn 0.425931 0.34623 -0.835887
vn 0.357513 0.296322 -0.885651
vn 0.589199 0.329186 -0.737889
vn 0.44761 0.243829 -0.860345
vn 0.638008 0.202941 -0.742806
vn 0.759163 0.339405 -0.555406
vn -0.198818 0.803894 0.560559
vn -0.30764 0.740628 0.597351
vn 0.112637 0.844325 0.523859
vn -0.100551 -0.051106 0.993619
vn 0.759444 -0.53002 0.377258
vn 0.876125 -0.1285 0.464643
vn 0.000914 0.958694 0.284439
vn 0.955398 -0.082979 -0.283425
vn 0.134301 0.922418 -0.362088
vn -0.30764 0.740628 0.597351
vn 0.386408 0.274597 0.880503
vn 0.755756 0.049122 0.653009
vn 0.843621 0.471897 -0.256157
vn -0.758721 0.538633 -0.366356
vn -0.876743 0.139281 -0.460352
vn -0.952681 0.094147 0.289024
vn -0.636692 0.374763 -0.673926
vn -0.762663 -0.039005 -0.645619
vn -0.842282 -0.474755 0.255282
vn -0.636692 0.374763 -0.673926
vn -0.762663 -0.039005 -0.645619
vn -0.591992 -0.320095 -0.739652
vn -0.609246 -0.783023 -0.125277
vn -0.842282 -0.474755 0.255282
vn -0.318924 -0.798432 0.51068
vt 0.6287 0.4051
vt 0.5545 0.2626
vt 0.4855 0.4825
vt 0.6566 0.2718
vt 0.6133 0.0895
vt 0.6742 0.1893
vt 0.7689 0.1009
vt 0.5881 0.1882
vt 0.481 0.5829
vt 0.6287 0.4051
vt 0.4855 0.4825
vt 0.5545 0.2626
vt 0.6566 0.2718
vt 0.6133 0.0895
vt 0.7689 0.1009
vt 0.6742 0.1893
vt 0.5881 0.1882
vt 0.481 0.5829
vt 0.9489 0.5154
vt 0.8116 0.5264
vt 0.8116 0.6063
vt 0.9487 0.6017
vt 0.9494 0.6914
vt 0.8116 0.7096
vt 0.8116 0.8375
vt 0.9491 0.8082
vt 0.8116 0.9093
vt 0.9491 0.8926
vt 0.8116 0.9679
vt 0.9492 0.9555
vt 0.7502 0.6244
vt 0.7293 0.7666
vt 0.7393 0.8764
vt 0.763 0.957
vt 0.9177 0.1086
vt 0.8826 0.1069
vt 0.9206 0.2219
vt 0.954 0.2248
vt 0.9225 0.342
vt 0.9523 0.3448
vt 0.9248 0.4571
vt 0.9531 0.4289
vt 0.8914 0.4362
vt 0.8918 0.3515
vt 0.891 0.2623
vt 0.8597 0.1461
vt 0.5142 0.1143
vt 0.487 0.1812
vt 0.5196 0.2033
vt 0.5468 0.1364
vt 0.4861 0.2523
vt 0.52 0.2573
vt 0.491 0.3031
vt 0.5257 0.3086
vt 0.4775 0.8168
vt 0.7011 0.7437
vt 0.476 0.7281
vt 0.5545 0.2626
vt 0.4855 0.4825
vt 0.6287 0.4051
vt 0.6566 0.2718
vt 0.6202 0.5974
vt 0.481 0.5829
vt 0.7179 0.6216
vt 0.7492 0.4993
vt 0.8537 0.4971
vt 0.8537 0.418
vt 0.7299 0.412
vt 0.7403 0.2805
vt 0.7578 0.1933
vt 0.8262 0.2787
vt 0.8262 0.2106
vt 0.6742 0.1893
vt 0.8241 0.1018
vt 0.7689 0.1009
vt 0.6133 0.0895
vt 0.5881 0.1882
vt 0.4774 0.9462
vt 0.7254 0.961
vt 0.4529 0.3082
vt 0.3079 0.3237
vt 0.4528 0.044
vt 0.4534 0.5309
vt 0.3089 0.5567
vt 0.4506 0.8171
vt 0.2794 0.8185
vt 0.4522 0.9726
vt 0.2771 0.9729
vt 0.0317 0.1354
vt 0.0762 0.3485
vt 0.1899 0.578
vt 0.1267 0.8197
vt 0.1283 0.9731
vt 0.3079 0.3237
vt 0.3089 0.5567
vt 0.2794 0.8185
vt 0.2771 0.9729
vt 0.0762 0.3485
vt 0.1899 0.578
vt 0.1267 0.8197
vt 0.1283 0.9731
vt 0.7011 0.7437
vt 0.6202 0.5974
vt 0.7179 0.6216
vt 0.6287 0.4051
vt 0.7492 0.4993
vt 0.8537 0.4971
vt 0.8537 0.418
vt 0.7299 0.412
vt 0.8116 0.6063
vt 0.9487 0.6017
vt 0.9494 0.6914
vt 0.8116 0.8375
vt 0.8116 0.7096
vt 0.9491 0.8082
vt 0.8116 0.9093
vt 0.9491 0.8926
vt 0.7393 0.8764
vt 0.7293 0.7666
vt 0.9206 0.2219
vt 0.954 0.2248
vt 0.9225 0.342
vt 0.9523 0.3448
vt 0.9248 0.4571
vt 0.9531 0.4289
vt 0.8914 0.4362
vt 0.8918 0.3515
vt 0.891 0.2623
vt 0.5196 0.2033
vt 0.487 0.1812
vt 0.52 0.2573
vt 0.4861 0.2523
vt 0.5257 0.3086
vt 0.491 0.3031
vt 0.4775 0.8168
vt 0.476 0.7281
vt 0.7011 0.7437
vt 0.5545 0.2626
vt 0.6287 0.4051
vt 0.4855 0.4825
vt 0.6566 0.2718
vt 0.481 0.5829
vt 0.6202 0.5974
vt 0.7179 0.6216
vt 0.7492 0.4993
vt 0.7299 0.412
vt 0.7403 0.2805
vt 0.7578 0.1933
vt 0.6742 0.1893
vt 0.7689 0.1009
vt 0.6133 0.0895
vt 0.5881 0.1882
vt 0.4774 0.9462
vt 0.7254 0.961
vt 0.4529 0.3082
vt 0.4528 0.044
vt 0.3079 0.3237
vt 0.3089 0.5567
vt 0.4534 0.5309
vt 0.2794 0.8185
vt 0.4506 0.8171
vt 0.0317 0.1354
vt 0.0762 0.3485
vt 0.1899 0.578
vt 0.1267 0.8197
vt 0.3079 0.3237
vt 0.3089 0.5567
vt 0.2794 0.8185
vt 0.0762 0.3485
vt 0.1899 0.578
vt 0.1267 0.8197
vt 0.7011 0.7437
vt 0.7179 0.6216
vt 0.6202 0.5974
vt 0.6287 0.4051
vt 0.7492 0.4993
vt 0.7299 0.412
f 283/283/283 285/285/285 284/284/284
f 284/284/284 286/286/286 283/283/283
f 287/287/287 289/289/289 288/288/288
f 288/288/288 290/290/290 287/287/287
f 284/284/284 290/290/290 288/288/288
f 288/288/288 286/286/286 284/284/284
f 291/291/291 285/285/285 283/283/283
f 292/292/292 294/294/294 293/293/293
f 294/294/294 292/292/292 295/295/295
f 296/296/296 298/298/298 297/297/297
f 298/298/298 296/296/296 299/299/299
f 294/294/294 298/298/298 299/299/299
f 298/298/298 294/294/294 295/295/295
f 300/300/300 292/292/292 293/293/293
f 301/301/301 303/303/303 302/302/302
f 303/303/303 301/301/301 304/304/304
f 305/305/305 307/307/307 306/306/306
f 307/307/307 305/305/305 308/308/308
f 304/304/304 306/306/306 303/303/303
f 306/306/306 304/304/304 305/305/305
f 308/308/308 309/309/309 307/307/307
f 309/309/309 308/308/308 310/310/310
f 310/310/310 311/311/311 309/309/309
f 311/311/311 310/310/310 312/312/312
f 313/313/313 302/302/302 303/303/303
f 306/306/306 315/315/315 314/314/314
f 315/315/315 306/306/306 307/307/307
f 303/303/303 314/314/314 313/313/313
f 314/314/314 303/303/303 306/306/306
f 315/315/315 307/307/307 309/309/309
f 309/309/309 316/316/316 315/315/315
f 316/316/316 309/309/309 311/311/311
f 317/317/317 319/319/319 318/318/318
f 319/319/319 317/317/317 320/320/320
f 320/320/320 321/321/321 319/319/319
f 321/321/321 320/320/320 322/322/322
f 322/322/322 323/323/323 321/321/321
f 323/323/323 322/322/322 324/324/324
f 325/325/325 321/321/321 323/323/323
f 321/321/321 325/325/325 326/326/326
f 326/326/326 319/319/319 321/321/321
f 319/319/319 326/326/326 327/327/327
f 327/327/327 318/318/318 319/319/319
f 318/318/318 327/327/327 328/328/328
f 329/329/329 331/331/331 330/330/330
f 331/331/331 329/329/329 332/332/332
f 330/330/330 334/334/334 333/333/333
f 334/334/334 330/330/330 331/331/331
f 333/333/333 336/336/336 335/335/335
f 336/336/336 333/333/333 334/334/334
f 337/337/337 339/339/339 338/338/338
f 340/340/340 342/342/342 341/341/341
f 342/342/342 340/340/340 343/343/343
f 339/339/339 345/345/345 344/344/344
f 342/342/342 344/344/344 345/345/345
f 344/344/344 346/346/346 338/338/338
f 342/342/342 346/346/346 344/344/344
f 346/346/346 342/342/342 347/347/347
f 347/347/347 349/349/349 348/348/348
f 349/349/349 347/347/347 350/350/350
f 350/350/350 343/343/343 351/351/351
f 343/343/343 350/350/350 342/342/342
f 347/347/347 342/342/342 350/350/350
f 352/352/352 353/353/353 351/351/351
f 353/353/353 352/352/352 354/354/354
f 351/351/351 355/355/355 352/352/352
f 355/355/355 351/351/351 343/343/343
f 356/356/356 352/352/352 357/357/357
f 352/352/352 356/356/356 354/354/354
f 350/350/350 353/353/353 349/349/349
f 353/353/353 350/350/350 351/351/351
f 355/355/355 358/358/358 357/357/357
f 358/358/358 355/355/355 359/359/359
f 357/357/357 352/352/352 355/355/355
f 355/355/355 340/340/340 359/359/359
f 340/340/340 355/355/355 343/343/343
f 338/338/338 360/360/360 337/337/337
f 360/360/360 338/338/338 361/361/361
f 342/342/342 345/345/345 341/341/341
f 338/338/338 339/339/339 344/344/344
f 362/362/362 364/364/364 363/363/363
f 362/362/362 366/366/366 365/365/365
f 366/366/366 362/362/362 363/363/363
f 365/365/365 368/368/368 367/367/367
f 368/368/368 365/365/365 366/366/366
f 367/367/367 370/370/370 369/369/369
f 370/370/370 367/367/367 368/368/368
f 371/371/371 363/363/363 364/364/364
f 363/363/363 371/371/371 372/372/372
f 363/363/363 373/373/373 366/366/366
f 373/373/373 363/363/363 372/372/372
f 366/366/366 374/374/374 368/368/368
f 374/374/374 366/366/366 373/373/373
f 374/374/374 370/370/370 368/368/368
f 370/370/370 374/374/374 375/375/375
f 362/362/362 376/376/376 364/364/364
f 362/362/362 377/377/377 376/376/376
f 377/377/377 362/362/362 365/365/365
f 365/365/365 378/378/378 377/377/377
f 378/378/378 365/365/365 367/367/367
f 367/367/367 379/379/379 378/378/378
f 379/379/379 367/367/367 369/369/369
f 371/371/371 376/376/376 380/380/380
f 376/376/376 371/371/371 364/364/364
f 376/376/376 381/381/381 380/380/380
f 381/381/381 376/376/376 377/377/377
f 377/377/377 382/382/382 381/381/381
f 382/382/382 377/377/377 378/378/378
f 382/382/382 379/379/379 383/383/383
f 379/379/379 382/382/382 378/378/378
f 384/384/384 386/386/386 385/385/385
f 385/385/385 386/386/386 387/387/387
f 388/388/388 387/387/387 386/386/386
f 389/389/389 390/390/390 388/388/388
f 391/391/391 388/388/388 390/390/390
f 391/391/391 387/387/387 388/388/388
f 301/301/301 302/302/302 392/392/392
f 392/392/392 393/393/393 301/301/301
f 394/394/394 396/396/396 395/395/395
f 395/395/395 397/397/397 394/394/394
f 393/393/393 392/392/392 396/396/396
f 396/396/396 394/394/394 393/393/393
f 397/397/397 395/395/395 398/398/398
f 398/398/398 399/399/399 397/397/397
f 399/399/399 398/398/398 311/311/311
f 311/311/311 312/312/312 399/399/399
f 313/313/313 392/392/392 302/302/302
f 396/396/396 401/401/401 400/400/400
f 400/400/400 395/395/395 396/396/396
f 392/392/392 313/313/313 401/401/401
f 401/401/401 396/396/396 392/392/392
f 400/400/400 398/398/398 395/395/395
f 398/398/398 400/400/400 316/316/316
f 316/316/316 311/311/311 398/398/398
f 317/317/317 318/318/318 402/402/402
f 402/402/402 403/403/403 317/317/317
f 403/403/403 402/402/402 404/404/404
f 404/404/404 405/405/405 403/403/403
f 405/405/405 404/404/404 406/406/406
f 406/406/406 407/407/407 405/405/405
f 408/408/408 406/406/406 404/404/404
f 404/404/404 409/409/409 408/408/408
f 409/409/409 404/404/404 402/402/402
f 402/402/402 410/410/410 409/409/409
f 410/410/410 402/402/402 318/318/318
f 318/318/318 328/328/328 410/410/410
f 329/329/329 412/412/412 411/411/411
f 411/411/411 332/332/332 329/329/329
f 412/412/412 414/414/414 413/413/413
f 413/413/413 411/411/411 412/412/412
f 414/414/414 416/416/416 415/415/415
f 415/415/415 413/413/413 414/414/414
f 417/417/417 419/419/419 418/418/418
f 420/420/420 422/422/422 421/421/421
f 421/421/421 423/423/423 420/420/420
f 418/418/418 425/425/425 424/424/424
f 421/421/421 424/424/424 425/425/425
f 425/425/425 419/419/419 426/426/426
f 421/421/421 425/425/425 426/426/426
f 426/426/426 427/427/427 421/421/421
f 427/427/427 348/348/348 349/349/349
f 349/349/349 428/428/428 427/427/427
f 428/428/428 429/429/429 423/423/423
f 423/423/423 421/421/421 428/428/428
f 427/427/427 428/428/428 421/421/421
f 430/430/430 429/429/429 353/353/353
f 353/353/353 354/354/354 430/430/430
f 429/429/429 430/430/430 431/431/431
f 431/431/431 423/423/423 429/429/429
f 356/356/356 432/432/432 430/430/430
f 430/430/430 354/354/354 356/356/356
f 428/428/428 349/349/349 353/353/353
f 353/353/353 429/429/429 428/428/428
f 431/431/431 432/432/432 433/433/433
f 433/433/433 434/434/434 431/431/431
f 432/432/432 431/431/431 430/430/430
f 431/431/431 434/434/434 420/420/420
f 420/420/420 423/423/423 431/431/431
f 419/419/419 417/417/417 435/435/435
f 435/435/435 436/436/436 419/419/419
f 421/421/421 422/422/422 424/424/424
f 419/419/419 425/425/425 418/418/418
f 437/437/437 439/439/439 438/438/438
f 437/437/437 441/441/441 440/440/440
f 440/440/440 439/439/439 437/437/437
f 441/441/441 443/443/443 442/442/442
f 442/442/442 440/440/440 441/441/441
f 443/443/443 369/369/369 370/370/370
f 370/370/370 442/442/442 443/443/443
f 444/444/444 438/438/438 439/439/439
f 439/439/439 445/445/445 444/444/444
f 439/439/439 440/440/440 446/446/446
f 446/446/446 445/445/445 439/439/439
f 440/440/440 442/442/442 447/447/447
f 447/447/447 446/446/446 440/440/440
f 447/447/447 442/442/442 370/370/370
f 370/370/370 375/375/375 447/447/447
f 437/437/437 438/438/438 448/448/448
f 437/437/437 448/448/448 449/449/449
f 449/449/449 441/441/441 437/437/437
f 441/441/441 449/449/449 450/450/450
f 450/450/450 443/443/443 441/441/441
f 443/443/443 450/450/450 379/379/379
f 379/379/379 369/369/369 443/443/443
f 444/444/444 451/451/451 448/448/448
f 448/448/448 438/438/438 444/444/444
f 448/448/448 451/451/451 452/452/452
f 452/452/452 449/449/449 448/448/448
f 449/449/449 452/452/452 453/453/453
f 453/453/453 450/450/450 449/449/449
f 453/453/453 383/383/383 379/379/379
f 379/379/379 450/450/450 453/453/453
f 454/454/454 456/456/456 455/455/455
f 456/456/456 457/457/457 455/455/455
f 458/458/458 455/455/455 457/457/457
f 389/389/389 458/458/458 390/390/390
f 459/459/459 390/390/390 458/458/458
f 459/459/459 458/458/458 457/457/457

g magum_hair02
# texture: magum_hair02.tga
v 2.222497 10.66275 1.906334
v 2.248517 10.71841 1.932554
v 1.343614 11.1406 1.899561
v 1.250994 11.10062 1.891043
v 2.263586 10.72366 1.867685
v 1.399878 11.14745 1.815672
v 0.871034 11.63342 1.752157
v 0.700328 11.64752 1.70712
v 0.963327 11.59813 1.605205
v 0.709475 11.89809 1.409634
v 0.607242 11.89618 1.433241
v 0.761849 11.89896 1.318577
v 1.820227 11.06486 1.557646
v 1.846246 11.12052 1.583865
v 1.453512 11.41239 1.646249
v 1.360935 11.37233 1.637775
v 1.861242 11.12566 1.519058
v 1.50982 11.41917 1.562404
v 1.057127 11.59847 1.680019
v 0.886421 11.61257 1.634983
v 1.149329 11.56317 1.53303
v 0.758366 11.89893 1.393524
v 0.646473 11.8969 1.404169
v 0.801095 11.89958 1.289529
v 1.716197 10.69422 1.916733
v 1.742131 10.74991 1.942911
v 1.078125 11.2037 1.948884
v 0.985506 11.16371 1.940367
v 1.757285 10.75513 1.878083
v 1.13439 11.21055 1.864996
v 0.675628 11.66738 1.810872
v 0.504882 11.68151 1.765919
v 0.76783 11.63207 1.663883
v 0.534301 11.89494 1.519565
v 0.420254 11.89282 1.480555
v 0.586655 11.89583 1.428604
v -1.880665 8.337902 0.972149
v -2.212747 9.724222 0.798652
v -2.459585 9.725627 0.491296
v -2.433663 10.62942 0.392003
v -2.224232 10.17698 0.84326
v -2.611188 10.76454 -0.26965
v -2.601106 9.732803 -0.06416
v -2.098608 8.3193 0.386054
v -2.155664 10.67957 0.877273
v 1.390527 9.789535 0.121971
v 1.192872 8.393547 0.394921
v 1.508883 9.797643 -0.253937
v 1.41703 10.69935 -0.331155
v 1.401569 10.24278 0.162289
v 1.337747 10.8361 -1.011228
v 1.438911 9.806058 -0.822848
v 1.183867 8.378843 -0.230367
v 1.33248 10.74283 0.222271
v -0.185522 14.76391 -3.258173
v -0.796449 14.69771 -1.129066
v 0.391592 14.41523 -1.596763
v 1.357496 10.91849 0.075741
v 1.490912 11.25243 -0.095018
v 1.099365 11.62083 0.912485
v 1.416343 10.66478 -0.330146
v 1.621587 11.07699 -0.569455
v 0.617628 12.8064 1.273583
v -0.250388 12.87925 1.60351
v 0.690564 12.20568 1.677351
v -0.14655 12.00736 2.085498
v 1.255429 12.52385 1.01025
v 0.436479 13.53139 0.366007
v -0.427738 13.96119 0.763523
v 1.645206 12.08765 -0.053098
v 1.43934 11.85072 -0.886236
v 1.222428 13.16968 -0.012495
v 1.645206 12.08765 -0.053098
v 1.159285 10.55477 -1.782026
v 0.835525 9.596959 -2.028213
v 1.350079 11.05925 -1.74884
v 0.996866 10.79387 -2.745031
v 0.096109 10.21718 -3.423808
v 0.195108 9.143747 -2.928128
v 0.446104 14.058 -0.412814
v -0.551729 14.32985 0.138833
v 1.350079 11.05925 -1.74884
v 1.400005 12.13251 -1.832142
v 1.33627 10.80165 -1.011249
v 1.43934 11.85072 -0.886236
v 1.400005 12.13251 -1.832142
v 1.292548 13.25768 -1.161484
v -1.072675 9.053696 -3.145137
v -1.21607 10.32698 -3.785434
v 1.400005 12.13251 -1.832142
v 1.112798 12.10487 -2.900896
v 0.315975 11.28512 -3.94443
v -1.372921 11.43008 -4.513987
v 0.39827 13.41322 -2.68885
v -0.749407 14.45557 -0.901716
v 1.112798 12.10487 -2.900896
v 0.362018 12.50382 -3.802814
v -0.0342 13.11709 -3.444175
v 1.33627 10.80165 -1.011249
v 1.43934 11.85072 -0.886236
v 1.370448 10.3443 -0.083163
v 1.337249 10.22065 -0.910076
v 1.277116 9.799636 -0.435163
v 1.255429 12.52385 1.01025
v 1.07616 11.85713 0.829877
v -0.14655 12.00736 2.085498
v -0.174386 11.54822 1.879831
v 0.690564 12.20568 1.677351
v 0.679707 11.75469 1.467473
v 1.123251 9.299862 -0.776783
v 0.362018 12.50382 -3.802814
v 1.33181 10.70836 0.223678
v 1.20397 11.10835 0.959331
v 0.725105 11.47995 1.51648
v -0.166061 11.29621 1.899779
v -1.24742 9.395219 -4.042608
v -1.372921 11.43008 -4.513987
v -0.453472 10.2911 -4.101209
v 0.315975 11.28512 -3.94443
v -0.453472 10.2911 -4.101209
v 0.690564 12.20568 1.677351
v 0.671772 12.59892 1.748728
v -0.14655 12.00736 2.085498
v -0.171811 12.91656 2.038915
v 1.255429 12.52385 1.01025
v 0.748468 13.37219 1.242782
v -0.281326 13.71244 1.531238
v 1.645206 12.08765 -0.053098
v 1.823058 12.47781 -1.077095
v 1.385002 13.12768 0.507906
v 1.385002 13.12768 0.507906
v 1.621587 11.07699 -0.569455
v 1.486946 10.95623 -1.605986
v 1.623003 14.07669 -1.667727
v 1.669323 12.96136 -3.407216
v 0.664861 14.73505 -1.084632
v 1.655341 11.58348 -2.952884
v 1.33627 10.80165 -1.011249
v 1.486946 10.95623 -1.605986
v 1.621587 11.07699 -0.569455
v -0.796449 14.69771 -1.129066
v 0.446104 14.058 -0.412814
v 0.391592 14.41523 -1.596763
v -0.551729 14.32985 0.138833
v 0.446104 14.058 -0.412814
v 1.292548 13.25768 -1.161484
v 1.429068 13.30956 -2.285507
v 1.429068 13.30956 -2.285507
v 0.789921 13.48798 -4.307827
v -0.18558 14.70079 -3.894632
v 1.429068 13.30956 -2.285507
v 0.391592 14.41523 -1.596763
v 0.309022 10.22101 -3.463828
v 1.112798 12.10487 -2.900896
v 0.996866 10.79387 -2.745031
v 0.309022 10.22101 -3.463828
v 0.28286 11.91245 -4.843972
v 0.362018 12.50382 -3.802814
v -1.497532 13.96614 -4.932873
v -0.0342 13.11709 -3.444175
v -1.45262 12.9253 -4.794401
v -0.749407 14.45557 -0.901716
v -1.386369 10.76734 -4.649762
v 0.315975 11.28512 -3.94443
v -1.118647 14.85545 -2.829219
v -0.749407 14.45557 -0.901716
v 0.40653 14.24074 -3.920027
v 0.446104 14.058 -0.412814
v 0.40653 14.24074 -3.920027
v 1.445199 10.95414 -2.823336
v -0.565538 14.49185 0.781994
v 0.664861 14.73505 -1.084632
v -2.062641 14.37064 -1.135927
v -2.139979 14.72842 -2.891213
v -1.713839 11.56978 1.440816
v -2.433923 11.18069 0.639822
v -2.234329 10.85177 0.751257
v -2.720902 10.99762 0.243468
v -2.426272 10.59506 0.391411
v -1.081005 12.17343 2.009022
v -1.175818 12.77388 1.610363
v -1.859923 12.46695 1.593659
v -1.361624 13.49873 0.703625
v -2.218215 13.1073 0.633622
v -2.690809 11.77587 -0.11068
v -2.592065 12.01013 0.740195
v -2.592065 12.01013 0.740195
v -2.91591 10.72288 -2.010245
v -2.463737 9.537082 -1.408637
v -2.892846 10.98231 -0.952046
v -2.709601 10.48463 -1.055512
v -2.177931 9.100709 -2.482567
v -2.303068 10.17363 -2.973345
v -1.671522 14.0196 -0.015201
v -2.690809 11.77587 -0.11068
v -3.007138 12.05255 -1.004469
v -2.603508 10.73023 -0.271448
v -2.892846 10.98231 -0.952046
v -2.70335 13.1852 -0.411109
v -3.007138 12.05255 -1.004469
v -3.126381 12.02793 -2.10489
v -3.007138 12.05255 -1.004469
v -2.734038 11.22977 -3.37166
v -2.429825 13.36196 -2.157727
v -3.126381 12.02793 -2.10489
v -2.29066 13.07621 -3.020432
v -2.768238 12.44701 -3.215011
v -2.690809 11.77587 -0.11068
v -2.603508 10.73023 -0.271448
v -2.304352 9.734635 0.237431
v -2.282645 10.27802 0.602775
v -2.547361 10.15019 -0.180609
v -1.730454 11.80624 1.356936
v -1.859923 12.46695 1.593659
v -1.126491 11.72191 1.806666
v -1.081005 12.17343 2.009022
v -2.267419 9.23834 -0.140073
v -2.768238 12.44701 -3.215011
v -2.14824 10.64522 0.877103
v -1.776324 11.05434 1.518976
v -1.141344 11.44601 1.866974
v -2.039547 10.26238 -3.803405
v -2.039547 10.26238 -3.803405
v -2.734038 11.22977 -3.37166
v -1.051543 12.56754 2.071361
v -1.081005 12.17343 2.009022
v -1.859923 12.46695 1.593659
v -1.333138 13.33438 1.632526
v -2.18351 13.06248 1.17614
v -3.141595 12.38714 -0.147695
v -2.592065 12.01013 0.740195
v -2.18351 13.06248 1.17614
v -2.965768 10.87485 -0.772356
v -2.720902 10.99762 0.243468
v -3.225165 13.98815 -0.760162
v -3.857416 12.86039 -2.372645
v -2.577102 14.38692 -0.217893
v -3.631637 11.48689 -1.963196
v -2.720902 10.99762 0.243468
v -2.965768 10.87485 -0.772356
v -2.603508 10.73023 -0.271448
v -2.062641 14.37064 -1.135927
v -1.671522 14.0196 -0.015201
v -3.239939 13.22478 -1.40879
v -2.70335 13.1852 -0.411109
v -1.671522 14.0196 -0.015201
v -3.239939 13.22478 -1.40879
v -2.062641 14.37064 -1.135927
v -2.368578 14.66117 -3.484682
v -3.239939 13.22478 -1.40879
v -3.384329 13.41232 -3.524055
v -2.91591 10.72288 -2.010245
v -3.126381 12.02793 -2.10489
v -2.515982 10.1698 -2.933325
v -3.051382 11.85203 -4.217885
v -2.515982 10.1698 -2.933325
v -2.29066 13.07621 -3.020432
v -2.768238 12.44701 -3.215011
v -2.734038 11.22977 -3.37166
v -2.913033 14.18051 -3.296668
v -2.913033 14.18051 -3.296668
v -1.671522 14.0196 -0.015201
v -3.366731 10.86628 -1.922569
v -2.577102 14.38692 -0.217893
vn -0.179233 -0.32652 0.928041
vn 0.216767 0.475322 0.852691
vn 0.336493 0.390748 0.85679
vn -0.129857 0.076188 0.988601
vn 0.434791 0.883943 0.172052
vn 0.668642 0.563674 0.484963
vn 0.320996 0.547981 0.77245
vn -0.134095 0.616393 0.775937
vn 0.773373 0.518143 0.36527
vn 0.337143 0.760471 0.554994
vn 0.15343 0.680251 0.716742
vn 0.585182 0.756516 0.291968
vn -0.070582 -0.363673 0.928849
vn 0.339223 0.415642 0.843901
vn 0.399305 0.348133 0.848151
vn -0.038656 -0.137815 0.989703
vn 0.492461 0.850925 0.182785
vn 0.686438 0.538588 0.488596
vn 0.292795 0.460701 0.83787
vn -0.191443 0.41909 0.887532
vn 0.732456 0.599945 0.321829
vn 0.267435 0.668938 0.693542
vn 0.075086 0.468224 0.880414
vn 0.528962 0.822445 0.209247
vn -0.112645 -0.348297 0.930592
vn 0.263319 0.474897 0.839724
vn 0.332221 0.387788 0.859797
vn -0.123498 0.057311 0.990689
vn 0.426285 0.888399 0.170377
vn 0.657481 0.584799 0.47511
vn 0.310484 0.561314 0.767155
vn -0.177977 0.629265 0.756538
vn 0.763692 0.539137 0.355114
vn 0.138344 0.78341 0.605913
vn -0.257752 0.647704 0.716968
vn 0.585581 0.756136 0.292152
vn -0.888391 -0.233655 0.39518
vn -0.807681 -0.037482 0.588428
vn -0.900027 -0.066857 0.430676
vn -0.926367 0.050797 0.37318
vn -0.913197 -0.016409 0.407188
vn -0.96263 0.043771 0.267261
vn -0.965391 -0.074245 0.250015
vn -0.91051 -0.257878 0.32322
vn -0.868358 0.085423 0.488526
vn 0.966874 -0.00525 0.255201
vn 0.978838 -0.199726 0.044571
vn 0.996694 -0.032434 0.074495
vn 0.996245 0.085717 0.012165
vn 0.998674 0.01825 0.048144
vn 0.991855 0.079268 -0.099699
vn 0.9923 -0.038799 -0.117626
vn 0.974164 -0.223741 -0.030738
vn 0.982844 0.119008 0.140911
vn 0.269776 0.956938 0.107195
vn 0.029461 0.967666 0.250509
vn 0.547296 0.829155 0.113878
vn 0.956044 -0.085507 0.280479
vn 0.911797 -0.170583 0.373535
vn 0.884499 0.204461 0.419353
vn 0.986715 -0.157073 0.041491
vn 0.969376 -0.227687 -0.092022
vn 0.4512 0.625731 0.636301
vn 0.141396 0.571899 0.808046
vn 0.599677 0.013032 0.800136
vn 0.183656 -0.00517 0.982977
vn 0.841818 0.218009 0.493776
vn 0.565656 0.718379 0.404926
vn 0.096758 0.799761 0.592469
vn 0.953499 0.279842 0.111931
vn 0.986174 0.09465 -0.136024
vn 0.794396 0.579985 0.180421
vn 0.953499 0.279842 0.111931
vn 0.91373 -0.358209 0.191793
vn 0.873507 -0.337204 -0.351112
vn 0.980616 -0.122901 -0.152604
vn 0.81819 -0.195057 -0.54085
vn 0.478145 -0.373256 -0.79502
vn 0.527604 -0.383889 -0.757802
vn 0.573347 0.800669 0.17379
vn 0.064746 0.899648 0.431789
vn 0.980616 -0.122901 -0.152604
vn 0.969619 0.135927 -0.203379
vn 0.982477 -0.176841 0.058883
vn 0.986174 0.09465 -0.136024
vn 0.969619 0.135927 -0.203379
vn 0.855589 0.504354 -0.116598
vn -0.1561 -0.457793 -0.875248
vn -0.149243 -0.51472 -0.844269
vn 0.969619 0.135927 -0.203379
vn 0.897795 0.076037 -0.433801
vn 0.555421 -0.193555 -0.80873
vn -0.166635 -0.351586 -0.921206
vn 0.519588 0.746963 -0.414819
vn -0.023085 0.999382 -0.026531
vn 0.897795 0.076037 -0.433801
vn 0.673457 0.289768 -0.680066
vn 0.577013 0.721327 -0.383072
vn 0.982477 -0.176841 0.058883
vn 0.986174 0.09465 -0.136024
vn 0.993316 -0.101853 0.054307
vn 0.989398 -0.128281 -0.068092
vn 0.977715 -0.202437 -0.055613
vn 0.841818 0.218009 0.493776
vn 0.88125 -0.102394 0.461426
vn 0.183656 -0.00517 0.982977
vn 0.18546 -0.143269 0.972152
vn 0.599677 0.013032 0.800136
vn 0.680765 -0.075736 0.728576
vn 0.967341 -0.237667 -0.088125
vn 0.673457 0.289768 -0.680066
vn 0.986089 0.044958 0.160022
vn 0.923186 0.239987 0.300224
vn 0.60375 0.201275 0.771346
vn 0.179607 0.159172 0.970776
vn -0.175458 -0.232458 -0.956649
vn -0.166635 -0.351586 -0.921206
vn 0.16882 -0.212588 -0.962448
vn 0.555421 -0.193555 -0.80873
vn 0.311105 -0.091644 -0.945947
vn 0.599677 0.013032 0.800136
vn 0.591438 0.160432 0.79023
vn 0.183656 -0.00517 0.982977
vn 0.165858 0.354644 0.920174
vn 0.841818 0.218009 0.493776
vn 0.59013 0.529791 0.609154
vn 0.132675 0.624871 0.769372
vn 0.953499 0.279842 0.111931
vn 0.997603 0.015088 0.067539
vn 0.827918 0.407702 0.385138
vn 0.945166 0.063615 0.320335
vn 0.969376 -0.227687 -0.092022
vn 0.953171 -0.300776 -0.031592
vn 0.944909 0.292489 0.146957
vn 0.997825 0.026675 -0.060275
vn 0.665644 0.671958 0.324639
vn 0.984929 -0.169094 -0.036366
vn 0.982477 -0.176841 0.058883
vn 0.953171 -0.300776 -0.031592
vn 0.969376 -0.227687 -0.092022
vn 0.029461 0.967666 0.250509
vn 0.573347 0.800669 0.17379
vn 0.547296 0.829155 0.113878
vn 0.064746 0.899648 0.431789
vn 0.736098 0.666139 0.120079
vn 0.736098 0.666139 0.120079
vn 0.736098 0.666139 0.120079
vn 0.732867 0.678337 -0.052592
vn 0.737082 0.652639 -0.17542
vn 0.7222 0.677616 -0.138791
vn 0.732867 0.678337 -0.052592
vn 0.547296 0.829155 0.113878
vn 0.769339 -0.142131 -0.622829
vn 0.897795 0.076037 -0.433801
vn 0.81819 -0.195057 -0.54085
vn 0.893616 -0.275394 -0.354412
vn 0.893616 -0.275394 -0.354412
vn 0.673457 0.289768 -0.680066
vn -0.154714 0.627117 -0.763406
vn 0.577013 0.721327 -0.383072
vn -0.181507 -0.110419 -0.977171
vn -0.023085 0.999382 -0.026531
vn -0.184412 -0.010173 -0.982796
vn 0.555421 -0.193555 -0.80873
vn 0.019718 0.979692 0.199538
vn -0.023085 0.999382 -0.026531
vn 0.434082 0.895015 0.102573
vn 0.298099 0.953413 0.046261
vn 0.298099 0.953413 0.046261
vn 0.946034 -0.322487 -0.031965
vn 0.084501 0.774332 0.627113
vn 0.665644 0.671958 0.324639
vn -0.497395 0.810239 0.310019
vn -0.245846 0.947602 0.203987
vn -0.678416 0.17612 0.713256
vn -0.708407 -0.199135 0.67713
vn -0.784882 -0.119636 0.607986
vn -0.928552 -0.263372 0.261585
vn -0.898199 -0.192544 0.395178
vn -0.27012 -0.003628 0.96282
vn -0.210921 0.613933 0.760656
vn -0.613381 0.191078 0.766324
vn -0.405027 0.700867 0.587144
vn -0.694624 0.553784 0.459152
vn -0.971364 0.059854 0.229934
vn -0.857804 0.24657 0.450973
vn -0.857804 0.24657 0.450973
vn -0.951265 -0.22712 -0.208595
vn -0.928997 -0.369871 -0.012635
vn -0.964245 -0.158173 0.212632
vn -0.768888 -0.388673 0.507686
vn -0.752675 -0.407072 -0.517467
vn -0.720495 -0.395019 -0.569953
vn -0.498931 0.781214 0.375197
vn -0.971364 0.059854 0.229934
vn -0.981488 0.100538 0.163015
vn -0.887444 -0.211781 0.409379
vn -0.964245 -0.158173 0.212632
vn -0.856733 0.473305 0.204916
vn -0.981488 0.100538 0.163015
vn -0.996064 0.041735 -0.078194
vn -0.981488 0.100538 0.163015
vn -0.803742 -0.218219 -0.553516
vn -0.660485 0.725566 -0.193168
vn -0.996064 0.041735 -0.078194
vn -0.70156 0.698112 -0.143011
vn -0.883938 0.261581 -0.387593
vn -0.971364 0.059854 0.229934
vn -0.887444 -0.211781 0.409379
vn -0.923574 -0.236977 0.301419
vn -0.901771 -0.136176 0.410202
vn -0.941618 -0.163256 0.294455
vn -0.64948 -0.131696 0.748887
vn -0.613381 0.191078 0.766324
vn -0.366857 -0.096482 0.925261
vn -0.27012 -0.003628 0.96282
vn -0.924488 -0.271936 0.267159
vn -0.883938 0.261581 -0.387593
vn -0.862848 0.011801 0.505326
vn -0.763303 0.244213 0.598104
vn -0.289503 0.185022 0.939125
vn -0.498801 -0.224642 -0.837099
vn -0.629588 -0.108664 -0.769292
vn -0.803742 -0.218219 -0.553516
vn -0.270725 0.144854 0.951696
vn -0.27012 -0.003628 0.96282
vn -0.613381 0.191078 0.766324
vn -0.348027 0.512748 0.784836
vn -0.646382 0.380875 0.661154
vn -0.905636 -0.019729 0.423596
vn -0.857804 0.24657 0.450973
vn -0.767164 0.032336 0.640636
vn -0.888798 -0.33474 0.31303
vn -0.928552 -0.263372 0.261585
vn -0.837598 0.259925 0.480489
vn -0.952459 -0.008988 0.304536
vn -0.536624 0.542873 0.646005
vn -0.924897 -0.204002 0.320856
vn -0.928552 -0.263372 0.261585
vn -0.888798 -0.33474 0.31303
vn -0.887444 -0.211781 0.409379
vn -0.497395 0.810239 0.310019
vn -0.498931 0.781214 0.375197
vn -0.665226 0.640755 0.383285
vn -0.665226 0.640755 0.383285
vn -0.665226 0.640755 0.383285
vn -0.725332 0.651879 0.221241
vn -0.497395 0.810239 0.310019
vn -0.746609 0.650999 0.137022
vn -0.725332 0.651879 0.221241
vn -0.772886 0.625253 0.108194
vn -0.951265 -0.22712 -0.208595
vn -0.996064 0.041735 -0.078194
vn -0.937346 -0.173059 -0.302378
vn -0.951087 -0.308818 -0.008044
vn -0.951087 -0.308818 -0.008044
vn -0.70156 0.698112 -0.143011
vn -0.883938 0.261581 -0.387593
vn -0.803742 -0.218219 -0.553516
vn -0.398465 0.879889 0.258885
vn -0.29417 0.942675 0.157569
vn -0.29417 0.942675 0.157569
vn -0.881586 -0.355945 0.310015
vn -0.536624 0.542873 0.646005
vt 0.5226 0.8699
vt 0.5068 0.886
vt 0.4159 0.7876
vt 0.4437 0.7622
vt 0.4791 0.9114
vt 0.3882 0.8131
vt 0.3344 0.6987
vt 0.3622 0.6733
vt 0.3067 0.7241
vt 0.2529 0.6097
vt 0.2806 0.5843
vt 0.2252 0.6352
vt 0.5226 0.8699
vt 0.5068 0.886
vt 0.4159 0.7876
vt 0.4437 0.7622
vt 0.4791 0.9114
vt 0.3882 0.8131
vt 0.3344 0.6987
vt 0.3622 0.6733
vt 0.3067 0.7241
vt 0.2529 0.6097
vt 0.2806 0.5843
vt 0.2252 0.6352
vt 0.5226 0.8699
vt 0.5068 0.886
vt 0.4159 0.7876
vt 0.4437 0.7622
vt 0.4791 0.9114
vt 0.3882 0.8131
vt 0.3344 0.6987
vt 0.3622 0.6733
vt 0.3067 0.7241
vt 0.2529 0.6097
vt 0.2806 0.5843
vt 0.2252 0.6352
vt 0.9849 0.9841
vt 0.9849 0.7227
vt 0.9572 0.7298
vt 0.9397 0.5409
vt 0.9849 0.6272
vt 0.8542 0.5247
vt 0.9115 0.7415
vt 0.91 0.9841
vt 0.9849 0.5216
vt 0.9805 0.7227
vt 0.9805 0.9841
vt 0.9572 0.7298
vt 0.9397 0.5409
vt 0.9805 0.6272
vt 0.8542 0.5247
vt 0.9137 0.7415
vt 0.91 0.9841
vt 0.9805 0.5216
vt 0.4852 0.408
vt 0.6303 0.4466
vt 0.6018 0.3553
vt 0.2084 0.2211
vt 0.2084 0.1515
vt 0.393 0.1516
vt 0.1283 0.2163
vt 0.1283 0.1274
vt 0.7064 0.4187
vt 0.797 0.4953
vt 0.6536 0.4286
vt 0.6637 0.4953
vt 0.6435 0.3566
vt 0.776 0.382
vt 0.8485 0.415
vt 0.6613 0.2619
vt 0.6734 0.2103
vt 0.7305 0.3087
vt 0.2085 0.0209
vt 0.764 0.7126
vt 0.8422 0.7905
vt 0.7254 0.6999
vt 0.729 0.7856
vt 0.7634 0.8715
vt 0.8499 0.8842
vt 0.8484 0.3075
vt 0.8864 0.3818
vt 0.1878 0.5513
vt 0.2952 0.5513
vt 0.1998 0.4813
vt 0.2952 0.4512
vt 0.717 0.1674
vt 0.7774 0.2494
vt 0.8484 0.9841
vt 0.7428 0.9841
vt 0.6441 0.6998
vt 0.6173 0.7753
vt 0.6741 0.8694
vt 0.6432 0.9841
vt 0.8654 0.1796
vt 0.9847 0.3242
vt 0.7543 0.1051
vt 0.8525 0.0212
vt 0.8743 0.107
vt 0.0176 0.0893
vt 0.1283 0.0209
vt 0.141 0.2875
vt 0.0176 0.2077
vt 0.0843 0.3407
vt 0.3985 0.0209
vt 0.3849 0.111
vt 0.6531 0.0209
vt 0.6531 0.0991
vt 0.5115 0.0209
vt 0.5131 0.0985
vt 0.0176 0.3405
vt 0.5855 0.851
vt 0.2084 0.2789
vt 0.3923 0.2782
vt 0.526 0.1514
vt 0.6532 0.1514
vt 0.9859 0.3647
vt 0.9848 0.4999
vt 0.9147 0.4218
vt 0.8164 0.4999
vt 0.9147 0.4218
vt 0.1304 0.5564
vt 0.1322 0.6222
vt 0.0176 0.5269
vt 0.0176 0.6646
vt 0.2237 0.6099
vt 0.179 0.7597
vt 0.0176 0.8103
vt 0.3099 0.5753
vt 0.4046 0.6588
vt 0.2777 0.7338
vt 0.2777 0.7338
vt 0.3339 0.4671
vt 0.427 0.4691
vt 0.4626 0.9334
vt 0.5941 0.7926
vt 0.2781 0.9617
vt 0.6134 0.6325
vt 0.659 0.2051
vt 0.6171 0.1656
vt 0.6172 0.3313
vt 0.4141 0.331
vt 0.3198 0.4282
vt 0.302 0.3103
vt 0.4138 0.4509
vt 0.3198 0.4282
vt 0.208 0.4425
vt 0.1751 0.3003
vt 0.1751 0.3003
vt 0.4436 0.1675
vt 0.4664 0.4016
vt 0.6009 0.167
vt 0.5976 0.3434
vt 0.4511 0.8946
vt 0.2463 0.8208
vt 0.3463 0.7438
vt 0.4511 0.8946
vt 0.2992 0.9655
vt 0.404 0.644
vt 0.5787 0.8063
vt 0.3751 0.7068
vt 0.6054 0.7032
vt 0.3471 0.9488
vt 0.5892 0.5254
vt 0.4036 0.4803
vt 0.0277 0.3743
vt 0.0176 0.5053
vt 0.1761 0.362
vt 0.1761 0.5051
vt 0.1761 0.362
vt 0.598 0.511
vt 0.0176 0.9462
vt 0.2653 0.9839
vt 0.6018 0.3553
vt 0.4852 0.408
vt 0.393 0.1516
vt 0.2084 0.1515
vt 0.2084 0.2211
vt 0.1283 0.1274
vt 0.1283 0.2163
vt 0.6536 0.4286
vt 0.7064 0.4187
vt 0.6435 0.3566
vt 0.776 0.382
vt 0.7305 0.3087
vt 0.6734 0.2103
vt 0.6613 0.2619
vt 0.2085 0.0209
vt 0.729 0.7856
vt 0.8422 0.7905
vt 0.7254 0.6999
vt 0.764 0.7126
vt 0.8499 0.8842
vt 0.7634 0.8715
vt 0.8484 0.3075
vt 0.2952 0.4512
vt 0.2952 0.5513
vt 0.1998 0.4813
vt 0.1878 0.5513
vt 0.7774 0.2494
vt 0.717 0.1674
vt 0.6173 0.7753
vt 0.6441 0.6998
vt 0.6741 0.8694
vt 0.8654 0.1796
vt 0.7543 0.1051
vt 0.8743 0.107
vt 0.8525 0.0212
vt 0.1283 0.0209
vt 0.0176 0.0893
vt 0.0843 0.3407
vt 0.141 0.2875
vt 0.0176 0.2077
vt 0.3849 0.111
vt 0.3985 0.0209
vt 0.5131 0.0985
vt 0.5115 0.0209
vt 0.0176 0.3405
vt 0.5855 0.851
vt 0.2084 0.2789
vt 0.3923 0.2782
vt 0.526 0.1514
vt 0.9147 0.4218
vt 0.9147 0.4218
vt 0.8164 0.4999
vt 0.1322 0.6222
vt 0.1304 0.5564
vt 0.2237 0.6099
vt 0.179 0.7597
vt 0.2777 0.7338
vt 0.4046 0.6588
vt 0.3099 0.5753
vt 0.2777 0.7338
vt 0.427 0.4691
vt 0.3339 0.4671
vt 0.4626 0.9334
vt 0.5941 0.7926
vt 0.2781 0.9617
vt 0.6134 0.6325
vt 0.6172 0.3313
vt 0.6171 0.1656
vt 0.659 0.2051
vt 0.302 0.3103
vt 0.3198 0.4282
vt 0.1751 0.3003
vt 0.208 0.4425
vt 0.3198 0.4282
vt 0.1751 0.3003
vt 0.5976 0.3434
vt 0.4664 0.4016
vt 0.6009 0.167
vt 0.4436 0.1675
vt 0.3463 0.7438
vt 0.2463 0.8208
vt 0.4511 0.8946
vt 0.2992 0.9655
vt 0.4511 0.8946
vt 0.3751 0.7068
vt 0.404 0.644
vt 0.4036 0.4803
vt 0.1761 0.362
vt 0.1761 0.362
vt 0.1761 0.5051
vt 0.598 0.511
vt 0.2653 0.9839
f 460/460/460 462/462/462 461/461/461
f 462/462/462 460/460/460 463/463/463
f 461/461/461 465/465/465 464/464/464
f 465/465/465 461/461/461 462/462/462
f 463/463/463 466/466/466 462/462/462
f 466/466/466 463/463/463 467/467/467
f 462/462/462 468/468/468 465/465/465
f 468/468/468 462/462/462 466/466/466
f 467/467/467 469/469/469 466/466/466
f 469/469/469 467/467/467 470/470/470
f 466/466/466 471/471/471 468/468/468
f 471/471/471 466/466/466 469/469/469
f 472/472/472 474/474/474 473/473/473
f 474/474/474 472/472/472 475/475/475
f 473/473/473 477/477/477 476/476/476
f 477/477/477 473/473/473 474/474/474
f 475/475/475 478/478/478 474/474/474
f 478/478/478 475/475/475 479/479/479
f 474/474/474 480/480/480 477/477/477
f 480/480/480 474/474/474 478/478/478
f 479/479/479 481/481/481 478/478/478
f 481/481/481 479/479/479 482/482/482
f 478/478/478 483/483/483 480/480/480
f 483/483/483 478/478/478 481/481/481
f 484/484/484 486/486/486 485/485/485
f 486/486/486 484/484/484 487/487/487
f 485/485/485 489/489/489 488/488/488
f 489/489/489 485/485/485 486/486/486
f 487/487/487 490/490/490 486/486/486
f 490/490/490 487/487/487 491/491/491
f 486/486/486 492/492/492 489/489/489
f 492/492/492 486/486/486 490/490/490
f 491/491/491 493/493/493 490/490/490
f 493/493/493 491/491/491 494/494/494
f 490/490/490 495/495/495 492/492/492
f 495/495/495 490/490/490 493/493/493
f 496/496/496 498/498/498 497/497/497
f 499/499/499 497/497/497 498/498/498
f 497/497/497 499/499/499 500/500/500
f 499/499/499 502/502/502 501/501/501
f 499/499/499 498/498/498 502/502/502
f 498/498/498 503/503/503 502/502/502
f 503/503/503 498/498/498 496/496/496
f 500/500/500 499/499/499 504/504/504
f 505/505/505 507/507/507 506/506/506
f 507/507/507 505/505/505 508/508/508
f 509/509/509 508/508/508 505/505/505
f 510/510/510 511/511/511 508/508/508
f 511/511/511 507/507/507 508/508/508
f 511/511/511 512/512/512 507/507/507
f 506/506/506 507/507/507 512/512/512
f 513/513/513 508/508/508 509/509/509
f 514/514/514 516/516/516 515/515/515
f 517/517/517 519/519/519 518/518/518
f 520/520/520 517/517/517 521/521/521
f 518/518/518 521/521/521 517/517/517
f 522/522/522 524/524/524 523/523/523
f 525/525/525 523/523/523 524/524/524
f 524/524/524 522/522/522 526/526/526
f 527/527/527 522/522/522 528/528/528
f 523/523/523 528/528/528 522/522/522
f 529/529/529 526/526/526 530/530/530
f 531/531/531 530/530/530 526/526/526
f 518/518/518 532/532/532 521/521/521
f 533/533/533 535/535/535 534/534/534
f 536/536/536 534/534/534 535/535/535
f 537/537/537 538/538/538 536/536/536
f 534/534/534 536/536/536 538/538/538
f 539/539/539 527/527/527 540/540/540
f 528/528/528 540/540/540 527/527/527
f 541/541/541 543/543/543 542/542/542
f 544/544/544 542/542/542 543/543/543
f 545/545/545 530/530/530 546/546/546
f 531/531/531 546/546/546 530/530/530
f 547/547/547 538/538/538 548/548/548
f 537/537/537 548/548/548 538/538/538
f 549/549/549 550/550/550 535/535/535
f 536/536/536 535/535/535 550/550/550
f 551/551/551 537/537/537 550/550/550
f 536/536/536 550/550/550 537/537/537
f 548/548/548 537/537/537 552/552/552
f 551/551/551 552/552/552 537/537/537
f 553/553/553 539/539/539 554/554/554
f 546/546/546 553/553/553 545/545/545
f 555/555/555 545/545/545 553/553/553
f 555/555/555 553/553/553 556/556/556
f 557/557/557 556/556/556 553/553/553
f 557/557/557 553/553/553 554/554/554
f 522/522/522 527/527/527 526/526/526
f 531/531/531 526/526/526 527/527/527
f 531/531/531 527/527/527 546/546/546
f 539/539/539 546/546/546 527/527/527
f 546/546/546 539/539/539 553/553/553
f 521/521/521 559/559/559 558/558/558
f 520/520/520 561/561/561 560/560/560
f 562/562/562 560/560/560 561/561/561
f 561/561/561 520/520/520 558/558/558
f 563/563/563 532/532/532 564/564/564
f 565/565/565 567/567/567 566/566/566
f 568/568/568 566/566/566 567/567/567
f 567/567/567 563/563/563 568/568/568
f 564/564/564 568/568/568 563/563/563
f 569/569/569 562/562/562 561/561/561
f 558/558/558 520/520/520 521/521/521
f 564/564/564 532/532/532 518/518/518
f 532/532/532 559/559/559 521/521/521
f 551/551/551 550/550/550 570/570/570
f 517/517/517 520/520/520 571/571/571
f 572/572/572 519/519/519 571/571/571
f 517/517/517 571/571/571 519/519/519
f 519/519/519 573/573/573 564/564/564
f 568/568/568 564/564/564 573/573/573
f 573/573/573 574/574/574 568/568/568
f 566/566/566 568/568/568 574/574/574
f 575/575/575 577/577/577 576/576/576
f 578/578/578 576/576/576 579/579/579
f 580/580/580 582/582/582 581/581/581
f 583/583/583 581/581/581 582/582/582
f 580/580/580 581/581/581 584/584/584
f 585/585/585 581/581/581 586/586/586
f 583/583/583 586/586/586 581/581/581
f 587/587/587 589/589/589 588/588/588
f 590/590/590 587/587/587 584/584/584
f 581/581/581 585/585/585 584/584/584
f 589/589/589 584/584/584 585/585/585
f 588/588/588 591/591/591 587/587/587
f 591/591/591 588/588/588 592/592/592
f 593/593/593 588/588/588 589/589/589
f 588/588/588 593/593/593 594/594/594
f 585/585/585 595/595/595 589/589/589
f 593/593/593 589/589/589 595/595/595
f 596/596/596 588/588/588 594/594/594
f 571/571/571 520/520/520 560/560/560
f 597/597/597 599/599/599 598/598/598
f 600/600/600 602/602/602 601/601/601
f 601/601/601 603/603/603 600/600/600
f 604/604/604 606/606/606 605/605/605
f 607/607/607 601/601/601 602/602/602
f 608/608/608 610/610/610 609/609/609
f 611/611/611 609/609/609 610/610/610
f 612/612/612 614/614/614 613/613/613
f 613/613/613 616/616/616 615/615/615
f 617/617/617 619/619/619 618/618/618
f 618/618/618 620/620/620 617/617/617
f 621/621/621 618/618/618 619/619/619
f 617/617/617 620/620/620 622/622/622
f 622/622/622 623/623/623 617/617/617
f 624/624/624 626/626/626 625/625/625
f 627/627/627 625/625/625 628/628/628
f 588/588/588 596/596/596 592/592/592
f 629/629/629 592/592/592 596/596/596
f 586/586/586 630/630/630 585/585/585
f 631/631/631 585/585/585 630/630/630
f 519/519/519 564/564/564 518/518/518
f 632/632/632 633/633/633 515/515/515
f 634/634/634 636/636/636 635/635/635
f 635/635/635 636/636/636 637/637/637
f 638/638/638 637/637/637 636/636/636
f 525/525/525 639/639/639 523/523/523
f 640/640/640 523/523/523 639/639/639
f 640/640/640 639/639/639 641/641/641
f 523/523/523 640/640/640 528/528/528
f 642/642/642 528/528/528 640/640/640
f 643/643/643 641/641/641 644/644/644
f 645/645/645 644/644/644 641/641/641
f 646/646/646 635/635/635 637/637/637
f 647/647/647 649/649/649 648/648/648
f 650/650/650 648/648/648 649/649/649
f 648/648/648 651/651/651 647/647/647
f 652/652/652 647/647/647 651/651/651
f 528/528/528 642/642/642 540/540/540
f 653/653/653 540/540/540 642/642/642
f 654/654/654 656/656/656 655/655/655
f 657/657/657 655/655/655 656/656/656
f 643/643/643 644/644/644 658/658/658
f 659/659/659 658/658/658 644/644/644
f 652/652/652 651/651/651 548/548/548
f 547/547/547 548/548/548 651/651/651
f 647/647/647 660/660/660 649/649/649
f 661/661/661 649/649/649 660/660/660
f 647/647/647 652/652/652 660/660/660
f 662/662/662 660/660/660 652/652/652
f 662/662/662 652/652/652 552/552/552
f 548/548/548 552/552/552 652/652/652
f 653/653/653 663/663/663 554/554/554
f 664/664/664 663/663/663 659/659/659
f 658/658/658 659/659/659 663/663/663
f 665/665/665 663/663/663 666/666/666
f 664/664/664 666/666/666 663/663/663
f 663/663/663 665/665/665 554/554/554
f 643/643/643 642/642/642 641/641/641
f 640/640/640 641/641/641 642/642/642
f 653/653/653 642/642/642 658/658/658
f 643/643/643 658/658/658 642/642/642
f 653/653/653 658/658/658 663/663/663
f 667/667/667 637/637/637 668/668/668
f 669/669/669 671/671/671 670/670/670
f 638/638/638 670/670/670 671/671/671
f 638/638/638 671/671/671 668/668/668
f 646/646/646 673/673/673 672/672/672
f 674/674/674 675/675/675 566/566/566
f 565/565/565 566/566/566 675/675/675
f 672/672/672 673/673/673 674/674/674
f 675/675/675 674/674/674 673/673/673
f 669/669/669 676/676/676 671/671/671
f 638/638/638 668/668/668 637/637/637
f 646/646/646 672/672/672 635/635/635
f 667/667/667 646/646/646 637/637/637
f 660/660/660 662/662/662 677/677/677
f 638/638/638 636/636/636 678/678/678
f 636/636/636 634/634/634 678/678/678
f 679/679/679 678/678/678 634/634/634
f 674/674/674 680/680/680 672/672/672
f 634/634/634 672/672/672 680/680/680
f 566/566/566 574/574/574 674/674/674
f 680/680/680 674/674/674 574/574/574
f 681/681/681 575/575/575 576/576/576
f 576/576/576 683/683/683 682/682/682
f 582/582/582 685/685/685 684/684/684
f 684/684/684 583/583/583 582/582/582
f 684/684/684 685/685/685 686/686/686
f 583/583/583 684/684/684 586/586/586
f 687/687/687 586/586/586 684/684/684
f 688/688/688 690/690/690 689/689/689
f 690/690/690 691/691/691 686/686/686
f 688/688/688 687/687/687 686/686/686
f 684/684/684 686/686/686 687/687/687
f 692/692/692 689/689/689 693/693/693
f 690/690/690 693/693/693 689/689/689
f 689/689/689 694/694/694 688/688/688
f 694/694/694 689/689/689 695/695/695
f 694/694/694 696/696/696 688/688/688
f 687/687/687 688/688/688 696/696/696
f 689/689/689 697/697/697 695/695/695
f 638/638/638 678/678/678 670/670/670
f 698/698/698 700/700/700 699/699/699
f 701/701/701 600/600/600 702/702/702
f 603/603/603 702/702/702 600/600/600
f 703/703/703 705/705/705 704/704/704
f 702/702/702 706/706/706 701/701/701
f 707/707/707 709/709/709 708/708/708
f 710/710/710 708/708/708 709/709/709
f 711/711/711 713/713/713 712/712/712
f 714/714/714 712/712/712 715/715/715
f 716/716/716 717/717/717 618/618/618
f 620/620/620 618/618/618 717/717/717
f 618/618/618 621/621/621 716/716/716
f 620/620/620 717/717/717 622/622/622
f 718/718/718 622/622/622 717/717/717
f 719/719/719 624/624/624 625/625/625
f 625/625/625 721/721/721 720/720/720
f 722/722/722 697/697/697 692/692/692
f 689/689/689 692/692/692 697/697/697
f 723/723/723 630/630/630 687/687/687
f 586/586/586 687/687/687 630/630/630
f 672/672/672 634/634/634 635/635/635

g magum_hair01
# texture: magum_hair01.tga
v 0.446104 14.058 -0.412814
v -0.75833 14.45542 -0.900098
v -0.551729 14.32985 0.138833
v 0.365628 12.50385 -3.803427
v -1.37733 13.30673 -4.380245
v -1.220282 13.57618 -3.518383
v -0.033113 13.25429 -3.444866
v 0.319565 11.28517 -3.944947
v -1.368478 11.43021 -4.51476
v -1.37733 13.30673 -4.380245
v 0.365628 12.50385 -3.803427
v 1.602391 12.18612 -1.868938
v 1.433923 11.85104 -0.885136
v 1.329555 10.80128 -1.008284
v 1.471663 11.06148 -1.770362
v 1.399225 13.60078 -1.544271
v 1.21729 13.16963 -0.010109
v 1.205443 9.747072 -3.042645
v 1.461871 11.69896 -2.837317
v 1.594805 12.60569 -2.813339
v 0.19142 11.51906 -4.775385
v 0.594218 13.13631 -4.831648
v 1.198325 14.27594 -3.02752
v 0.084676 7.906692 -4.234407
v 0.090991 10.21712 -3.421517
v -0.782191 9.117799 -4.348105
v -0.692434 10.64861 -4.688383
v 0.310857 11.28506 -3.942141
v -0.674014 13.1784 -5.342125
v -1.444618 14.76868 -4.549037
v -0.041841 13.2542 -3.441963
v 0.356916 12.50366 -3.800499
v 0.390631 13.55033 -2.686638
v -0.75833 14.45542 -0.900098
v 0.390631 13.55033 -2.686638
v -0.217789 14.04267 -4.660011
v -1.177161 15.03167 -3.099074
v -0.75833 14.45542 -0.900098
v 1.10768 12.1048 -2.898605
v 0.277644 11.91236 -4.84295
v 0.883321 9.511908 -2.594138
v 0.991659 10.79373 -2.743371
v 1.344961 11.05918 -1.746549
v 1.123132 9.885006 -1.804039
v 0.037267 9.372917 -3.297912
v 0.090991 10.21712 -3.421517
v -1.153853 9.168039 -3.54151
v -1.220338 10.32692 -3.783281
v 1.165839 7.636917 -1.06166
v 0.759364 7.553347 -2.411138
v -0.022122 7.122883 -3.816133
v -1.250508 6.997519 -4.265759
v 1.169182 9.634995 -3.148798
v 0.991659 10.79373 -2.743371
v 1.450452 10.07627 -2.101307
v 1.344961 11.05918 -1.746549
v 0.090991 10.21712 -3.421517
v 0.083143 9.480631 -3.874284
v -1.282644 9.559508 -4.189586
v 1.666661 8.751482 -2.136243
v 1.354599 7.790469 -3.025794
v -1.242927 7.518171 -4.175095
v 0.403767 7.514432 -4.296106
v -1.671522 14.0196 -0.015201
v -0.560458 14.32974 0.140482
v -0.75833 14.45542 -0.900098
v -2.771755 12.44693 -3.214263
v -2.296797 13.21328 -3.019779
v -1.229012 13.57607 -3.516734
v -1.386043 13.30653 -4.378572
v -2.737571 11.22978 -3.370936
v -2.771755 12.44693 -3.214263
v -1.386043 13.30653 -4.378572
v -1.377208 11.43011 -4.51311
v -3.210874 12.09881 -0.965125
v -3.01402 10.98014 -0.92805
v -2.596089 10.73002 -0.271003
v -2.685488 11.77633 -0.111552
v -2.953499 13.52187 -0.7269
v -2.212594 13.10739 0.633941
v -3.414117 11.61053 -1.921682
v -3.18149 9.66751 -2.21889
v -3.560917 12.51211 -1.845209
v -2.927554 11.46243 -4.189762
v -3.379695 13.06428 -4.085355
v -3.327945 14.19381 -2.177617
v -2.50543 7.859755 -3.748004
v -2.297464 10.17381 -2.973052
v -2.728433 11.22995 -3.371366
v -2.042417 10.62409 -4.434937
v -1.781856 9.099672 -4.160393
v -2.385286 13.14734 -5.020812
v -2.762617 12.4471 -3.214692
v -2.287541 13.21344 -3.020288
v -1.435674 14.7688 -4.550749
v -2.426707 13.4992 -2.157583
v -0.75833 14.45542 -0.900098
v -2.426707 13.4992 -2.157583
v -1.168217 15.03179 -3.100787
v -2.59307 13.99959 -4.213967
v -0.75833 14.45542 -0.900098
v -3.120776 12.02811 -2.104595
v -3.046186 11.85214 -4.218812
v -2.710567 9.446659 -1.919274
v -2.66039 9.816396 -1.093597
v -2.887302 10.98235 -0.951839
v -2.910491 10.72296 -2.010596
v -2.172947 9.332859 -2.882885
v -2.297464 10.17381 -2.973052
v -1.14491 9.16816 -3.543223
v -1.211395 10.32704 -3.784995
v -2.460194 7.494962 -1.806507
v -2.352169 7.573113 -0.401065
v -2.226794 7.082859 -3.402151
v -1.241601 6.997756 -4.267401
v -3.182249 9.556034 -2.331667
v -3.079661 9.994114 -1.250634
v -2.910491 10.72296 -2.010596
v -2.297464 10.17381 -2.973052
v -2.428515 9.435126 -3.402658
v -1.273717 9.559725 -4.191323
v -1.211395 10.32704 -3.784995
v -3.245691 7.707134 -2.161915
v -3.247381 8.662378 -1.213455
v -1.234003 7.518312 -4.176713
v -2.811216 7.456081 -3.692304
vn 0.291869 0.95474 0.057306
vn -0.057745 0.997874 0.030225
vn 0.291869 0.95474 0.057306
vn 0.36792 0.304343 -0.878641
vn 0.468729 0.5181 -0.715448
vn 0.361424 0.834395 -0.416122
vn 0.227528 0.67995 -0.697065
vn 0.338238 0.082079 -0.937474
vn 0.324332 0.06914 -0.943413
vn 0.468729 0.5181 -0.715448
vn 0.36792 0.304343 -0.878641
vn 0.997906 -0.009625 0.06396
vn 0.988626 -0.014031 0.149742
vn 0.984388 -0.107264 0.139551
vn 0.993272 -0.112896 0.025811
vn 0.987179 0.140574 0.075605
vn 0.987965 0.071345 0.13724
vn 0.871482 -0.097425 -0.480653
vn 0.942932 -0.110319 -0.314179
vn 0.970948 0.02074 -0.238391
vn 0.835302 -0.136927 -0.532468
vn 0.88247 -0.091193 -0.461445
vn 0.95106 0.19507 -0.239654
vn 0.803892 -0.11131 -0.584268
vn 0.549033 0.203289 -0.810701
vn 0.81058 -0.171918 -0.559825
vn 0.731399 -0.248093 -0.635221
vn 0.733917 -0.226866 -0.640232
vn 0.832216 0.325418 -0.44891
vn 0.745296 0.617893 -0.250486
vn 0.794051 0.435357 -0.424203
vn 0.850963 0.267796 -0.451826
vn 0.754128 0.644552 -0.125875
vn 0.02713 0.999499 0.016316
vn 0.754128 0.644552 -0.125875
vn 0.829783 0.525222 -0.188683
vn 0.684439 0.728892 0.016126
vn 0.676551 0.733664 0.063379
vn 0.891995 0.349577 -0.286603
vn 0.884019 0.239972 -0.401153
vn 0.860843 -0.081534 -0.502296
vn 0.836782 0.094669 -0.539291
vn 0.952996 -0.135995 -0.270747
vn 0.962997 -0.13444 -0.233585
vn 0.450371 0.02834 -0.892392
vn 0.479577 -0.163366 -0.862159
vn 0.189981 0.093781 -0.977299
vn 0.275052 0.163345 -0.947452
vn 0.956063 -0.075434 -0.283292
vn 0.922443 -0.089224 -0.375683
vn 0.535054 0.128325 -0.835015
vn 0.262105 0.238841 -0.935017
vn 0.747278 0.19162 -0.636285
vn 0.836782 0.094669 -0.539291
vn 0.911269 0.197653 -0.361278
vn 0.895413 0.233024 -0.379388
vn 0.549033 0.203289 -0.810701
vn 0.36341 0.290065 -0.885322
vn 0.246736 0.23226 -0.940838
vn 0.868399 0.154168 -0.471292
vn 0.783802 0.148548 -0.602983
vn 0.043618 0.12249 -0.991511
vn 0.367485 0.252002 -0.895237
vn -0.286803 0.943072 0.168401
vn -0.286803 0.943072 0.168401
vn 0.02713 0.999499 0.016316
vn -0.671929 0.285491 -0.683379
vn -0.488482 0.666844 -0.562765
vn -0.517224 0.817877 -0.252103
vn -0.714131 0.496658 -0.493303
vn -0.657855 0.06408 -0.750414
vn -0.671929 0.285491 -0.683379
vn -0.714131 0.496658 -0.493303
vn -0.646637 0.051513 -0.761056
vn -0.90578 -0.044146 0.421443
vn -0.911659 -0.147469 0.383578
vn -0.862377 -0.140743 0.48631
vn -0.865877 -0.047683 0.49798
vn -0.896823 0.106425 0.429399
vn -0.8728 0.037562 0.48663
vn -0.988185 -0.1454 0.048479
vn -0.982496 -0.131001 -0.132441
vn -0.991392 -0.014851 0.130082
vn -0.966192 -0.16958 -0.194204
vn -0.985974 -0.125042 -0.110546
vn -0.97944 0.160038 0.122821
vn -0.956639 -0.143224 -0.253632
vn -0.802603 0.033254 -0.595586
vn -0.907691 -0.256696 -0.331969
vn -0.902843 -0.277639 -0.328316
vn -0.951849 -0.20396 -0.228877
vn -0.949219 0.293123 -0.114287
vn -0.965697 0.234881 -0.110731
vn -0.908542 0.404521 -0.104468
vn -0.807685 0.588277 0.039683
vn -0.771434 0.616155 0.158877
vn -0.057745 0.997874 0.030225
vn -0.771434 0.616155 0.158877
vn -0.65861 0.704154 0.265332
vn -0.859551 0.494617 0.128558
vn -0.635808 0.709347 0.304261
vn -0.946875 0.316204 0.058674
vn -0.977132 0.206277 -0.051612
vn -0.980973 -0.114934 -0.156469
vn -0.976802 -0.169622 0.130714
vn -0.999277 -0.000606 0.038026
vn -0.975055 -0.164767 -0.148727
vn -0.74402 0.006664 -0.668125
vn -0.802603 0.033254 -0.595586
vn -0.534627 0.080659 -0.84123
vn -0.568611 -0.199098 -0.798149
vn -0.992151 -0.124002 -0.01613
vn -0.990446 -0.110688 0.082244
vn -0.805622 0.104009 -0.583228
vn -0.591577 0.223362 -0.774691
vn -0.933388 0.161127 -0.320662
vn -0.986565 0.163298 -0.004907
vn -0.933849 0.269501 -0.235148
vn -0.802603 0.033254 -0.595586
vn -0.669664 0.271405 -0.691296
vn -0.579079 0.217282 -0.785784
vn -0.581255 0.41717 -0.698651
vn -0.953794 0.117049 -0.276726
vn -0.98501 0.120638 -0.123294
vn -0.40448 0.114405 -0.907363
vn -0.675723 0.233071 -0.69934
vt 0.8484 0.3075
vt 0.9847 0.3242
vt 0.8864 0.3818
vt 0.8525 0.0212
vt 0.9847 0.0212
vt 0.9847 0.1107
vt 0.8743 0.107
vt 0.6741 0.8694
vt 0.6432 0.9841
vt 0.4823 0.9841
vt 0.5855 0.851
vt 0.4795 0.5052
vt 0.685 0.4985
vt 0.685 0.6128
vt 0.5432 0.613
vt 0.4283 0.3228
vt 0.6849 0.3228
vt 0.3364 0.8017
vt 0.341 0.5962
vt 0.3178 0.5026
vt 0.0104 0.706
vt 0.0104 0.5228
vt 0.0104 0.3228
vt 0.1119 0.9136
vt 0.7606 0.3228
vt 0.991 0.3228
vt 0.991 0.4312
vt 0.7937 0.45
vt 0.991 0.5789
vt 0.991 0.8179
vt 0.717 0.6186
vt 0.7459 0.5422
vt 0.5616 0.6554
vt 0.4722 0.8176
vt 0.6391 0.8307
vt 0.6608 0.9908
vt 0.991 0.9908
vt 0.991 0.8306
vt 0.3274 0.8306
vt 0.1555 0.9908
vt 0.2419 0.1755
vt 0.237 0.3134
vt 0.0104 0.3135
vt 0.0104 0.2069
vt 0.5837 0.1774
vt 0.5616 0.3134
vt 0.9909 0.1724
vt 0.9909 0.3134
vt 0.0104 0.0114
vt 0.3195 0.0114
vt 0.6439 0.0114
vt 0.9909 0.0114
vt 0.2363 0.1886
vt 0.2381 0.3134
vt 0.0104 0.1696
vt 0.0104 0.3135
vt 0.5526 0.3134
vt 0.5819 0.2289
vt 0.9909 0.2327
vt 0.0104 0.0115
vt 0.2446 0.0114
vt 0.9909 0.0114
vt 0.6474 0.0114
vt 0.8484 0.3075
vt 0.8864 0.3818
vt 0.9847 0.3242
vt 0.8525 0.0212
vt 0.8743 0.107
vt 0.9847 0.1107
vt 0.9847 0.0212
vt 0.6741 0.8694
vt 0.5855 0.851
vt 0.4823 0.9841
vt 0.6432 0.9841
vt 0.4795 0.5052
vt 0.5432 0.613
vt 0.685 0.6128
vt 0.685 0.4985
vt 0.4283 0.3228
vt 0.6849 0.3228
vt 0.341 0.5962
vt 0.3364 0.8017
vt 0.3178 0.5026
vt 0.0104 0.706
vt 0.0104 0.5228
vt 0.0104 0.3228
vt 0.1119 0.9136
vt 0.7606 0.3228
vt 0.7937 0.45
vt 0.991 0.4312
vt 0.991 0.3228
vt 0.991 0.5789
vt 0.7459 0.5422
vt 0.717 0.6186
vt 0.991 0.8179
vt 0.5616 0.6554
vt 0.4722 0.8176
vt 0.6391 0.8307
vt 0.991 0.9908
vt 0.6608 0.9908
vt 0.991 0.8306
vt 0.3274 0.8306
vt 0.1555 0.9908
vt 0.2419 0.1755
vt 0.0104 0.2069
vt 0.0104 0.3135
vt 0.237 0.3134
vt 0.5837 0.1774
vt 0.5616 0.3134
vt 0.9909 0.1724
vt 0.9909 0.3134
vt 0.3195 0.0114
vt 0.0104 0.0114
vt 0.6439 0.0114
vt 0.9909 0.0114
vt 0.2363 0.1886
vt 0.0104 0.1696
vt 0.2381 0.3134
vt 0.5526 0.3134
vt 0.5819 0.2289
vt 0.9909 0.2327
vt 0.9909 0.3134
vt 0.2446 0.0114
vt 0.0104 0.0115
vt 0.9909 0.0114
vt 0.6474 0.0114
f 724/724/724 726/726/726 725/725/725
f 727/727/727 729/729/729 728/728/728
f 729/729/729 727/727/727 730/730/730
f 730/730/730 725/725/725 729/729/729
f 731/731/731 733/733/733 732/732/732
f 733/733/733 731/731/731 734/734/734
f 735/735/735 737/737/737 736/736/736
f 737/737/737 735/735/735 738/738/738
f 739/739/739 736/736/736 740/740/740
f 736/736/736 739/739/739 735/735/735
f 738/738/738 742/742/742 741/741/741
f 742/742/742 738/738/738 735/735/735
f 735/735/735 739/739/739 743/743/743
f 743/743/743 742/742/742 735/735/735
f 744/744/744 743/743/743 745/745/745
f 743/743/743 744/744/744 742/742/742
f 743/743/743 746/746/746 745/745/745
f 746/746/746 743/743/743 739/739/739
f 741/741/741 744/744/744 747/747/747
f 744/744/744 741/741/741 742/742/742
f 748/748/748 750/750/750 749/749/749
f 750/750/750 748/748/748 751/751/751
f 752/752/752 754/754/754 753/753/753
f 754/754/754 752/752/752 755/755/755
f 756/756/756 753/753/753 754/754/754
f 753/753/753 756/756/756 757/757/757
f 751/751/751 752/752/752 750/750/750
f 752/752/752 751/751/751 755/755/755
f 758/758/758 760/760/760 759/759/759
f 760/760/760 758/758/758 761/761/761
f 762/762/762 759/759/759 763/763/763
f 759/759/759 762/762/762 758/758/758
f 764/764/764 766/766/766 765/765/765
f 766/766/766 764/764/764 767/767/767
f 768/768/768 765/765/765 769/769/769
f 765/765/765 768/768/768 764/764/764
f 770/770/770 769/769/769 771/771/771
f 769/769/769 770/770/770 768/768/768
f 767/767/767 773/773/773 772/772/772
f 773/773/773 767/767/767 764/764/764
f 764/764/764 774/774/774 773/773/773
f 774/774/774 764/764/764 768/768/768
f 768/768/768 775/775/775 774/774/774
f 775/775/775 768/768/768 770/770/770
f 776/776/776 778/778/778 777/777/777
f 779/779/779 777/777/777 778/778/778
f 780/780/780 781/781/781 776/776/776
f 776/776/776 777/777/777 780/780/780
f 782/782/782 781/781/781 780/780/780
f 780/780/780 771/771/771 782/782/782
f 778/778/778 784/784/784 783/783/783
f 784/784/784 778/778/778 776/776/776
f 785/785/785 781/781/781 782/782/782
f 781/781/781 785/785/785 786/786/786
f 781/781/781 784/784/784 776/776/776
f 784/784/784 781/781/781 786/786/786
f 787/787/787 789/789/789 788/788/788
f 790/790/790 792/792/792 791/791/791
f 792/792/792 790/790/790 793/793/793
f 791/791/791 792/792/792 789/789/789
f 794/794/794 796/796/796 795/795/795
f 796/796/796 794/794/794 797/797/797
f 798/798/798 800/800/800 799/799/799
f 800/800/800 798/798/798 801/801/801
f 802/802/802 801/801/801 798/798/798
f 801/801/801 802/802/802 803/803/803
f 799/799/799 804/804/804 798/798/798
f 804/804/804 799/799/799 805/805/805
f 798/798/798 806/806/806 802/802/802
f 806/806/806 798/798/798 804/804/804
f 807/807/807 806/806/806 804/804/804
f 806/806/806 807/807/807 808/808/808
f 806/806/806 809/809/809 802/802/802
f 809/809/809 806/806/806 808/808/808
f 805/805/805 807/807/807 804/804/804
f 807/807/807 805/805/805 810/810/810
f 811/811/811 813/813/813 812/812/812
f 813/813/813 811/811/811 814/814/814
f 815/815/815 817/817/817 816/816/816
f 817/817/817 815/815/815 818/818/818
f 819/819/819 818/818/818 820/820/820
f 818/818/818 819/819/819 817/817/817
f 812/812/812 815/815/815 816/816/816
f 815/815/815 812/812/812 813/813/813
f 821/821/821 823/823/823 822/822/822
f 822/822/822 824/824/824 821/821/821
f 825/825/825 823/823/823 821/821/821
f 823/823/823 825/825/825 826/826/826
f 827/827/827 829/829/829 828/828/828
f 829/829/829 827/827/827 830/830/830
f 831/831/831 830/830/830 827/827/827
f 830/830/830 831/831/831 832/832/832
f 833/833/833 832/832/832 831/831/831
f 832/832/832 833/833/833 834/834/834
f 828/828/828 835/835/835 827/827/827
f 835/835/835 828/828/828 836/836/836
f 827/827/827 837/837/837 831/831/831
f 837/837/837 827/827/827 835/835/835
f 831/831/831 838/838/838 833/833/833
f 838/838/838 831/831/831 837/837/837
f 839/839/839 841/841/841 840/840/840
f 829/829/829 840/840/840 841/841/841
f 842/842/842 839/839/839 843/843/843
f 839/839/839 842/842/842 841/841/841
f 844/844/844 842/842/842 843/843/843
f 842/842/842 844/844/844 845/845/845
f 840/840/840 846/846/846 839/839/839
f 846/846/846 840/840/840 847/847/847
f 848/848/848 843/843/843 849/849/849
f 843/843/843 848/848/848 844/844/844
f 843/843/843 846/846/846 849/849/849
f 846/846/846 843/843/843 839/839/839

g magum_face
# texture: magum_face.jpg
v 0.932075 9.273803 -1.097187
v 0.767776 9.47861 -2.169189
v 1.169612 10.55498 -1.756088
v 0.109233 8.934986 -2.961451
v -1.212603 8.633415 -3.044869
v -1.158477 9.045727 -3.602535
v 0.264881 9.236292 -2.977576
v 0.920267 9.797456 -2.234962
v 0.767776 9.47861 -2.169189
v 0.831336 8.337879 -1.247103
v 0.873049 8.225138 -2.412461
v 0.109233 8.934986 -2.961451
v -0.359112 8.028972 -3.220621
v -1.212603 8.633415 -3.044869
v -0.533347 7.172502 -0.145203
v -1.17593 6.984696 -0.099238
v -1.056017 6.094 -0.271485
v -0.455086 6.239746 -0.23588
v 0.212085 7.676291 -0.488768
v 0.875865 8.803432 -1.051156
v 0.932075 9.273803 -1.097187
v 1.008361 7.291456 -1.210805
v 1.512402 7.51671 -2.141901
v 0.04125 7.188709 -3.399661
v -1.321087 5.567954 -0.250437
v -0.833662 5.675403 0.042818
v -0.003403 6.073531 -0.297305
v 0.392119 7.998784 -0.416526
v -0.224993 7.509149 -0.056279
v 0.62121 8.320993 -0.714898
v 1.246023 10.80283 1.046627
v 1.20397 11.10835 0.959331
v 0.778592 11.09564 1.550496
v 0.818429 10.70631 1.626133
v 0.048275 10.66585 1.931015
v -0.166061 11.29621 1.899779
v -0.139086 10.62504 1.995306
v 0.024766 10.22262 1.82103
v 0.119457 10.47966 1.878722
v -0.141344 10.38732 1.963276
v -0.145624 10.21879 1.904309
v 0.429887 9.192788 1.543028
v 0.462338 9.527744 1.537736
v 0.257695 9.534309 1.62934
v 0.28741 9.213929 1.626726
v 0.080303 9.631083 2.010013
v -0.094161 9.640681 2.122713
v -0.049031 9.28441 2.328661
v 0.130117 9.275874 2.213778
v 0.777976 9.516427 1.34535
v 1.105005 9.548292 0.966779
v 1.141978 9.850452 0.986078
v 0.78241 9.820993 1.377811
v 1.375488 10.34347 -0.083182
v 1.33181 10.70836 0.223678
v 1.359637 10.2635 0.434387
v -0.055984 9.111702 2.27493
v 0.090379 9.130539 2.176948
v 0.022756 9.020958 1.802209
v 0.059478 9.11879 1.969712
v -0.083521 9.039494 2.121037
v -0.134261 8.990101 1.846274
v 0.208138 9.09446 1.662994
v 0.350691 8.970729 1.586176
v -0.137741 8.810984 1.820811
v 0.056589 8.869577 1.760957
v 0.119845 8.744964 1.765817
v 0.553885 8.816774 1.406196
v 0.147524 10.33886 1.763222
v 0.132571 10.31751 1.564439
v 0.152685 8.552588 1.587402
v -0.124562 8.665799 1.877033
v -0.153794 8.525913 1.707417
v 0.480165 8.562941 1.413918
v 0.425399 8.472465 1.352437
v 0.454002 8.368304 1.259641
v 0.295694 8.341607 1.452075
v 0.153348 8.294932 1.618494
v -0.144713 8.295011 1.733734
v 0.071923 8.175586 1.383913
v 0.304827 8.162745 1.212429
v -0.186745 8.18729 1.498328
v 0.562463 8.385575 1.150541
v 0.375994 7.852834 1.041202
v 0.73507 8.450091 1.000924
v 0.675001 9.171144 1.338934
v 0.982869 9.203287 0.976056
v 1.281498 9.815382 -0.436574
v 1.353337 9.870345 0.316787
v 1.242383 9.491349 0.096673
v 1.192301 9.024298 -0.199367
v 1.170474 9.316274 -0.813504
v 0.17204 7.485735 1.118337
v -0.201365 7.469666 1.350699
v -0.244149 7.363403 1.111679
v 0.057411 7.402143 0.970102
v 0.347404 7.600539 0.840514
v 1.115515 8.760605 -0.524232
v 0.392119 7.998784 -0.416526
v -0.224993 7.509149 -0.056279
v 0.875865 8.803432 -1.051156
v 0.820549 8.217578 -0.065333
v 0.932075 9.273803 -1.097187
v 0.896078 8.456598 0.365884
v 0.62121 8.320993 -0.714898
v 1.188557 10.47704 0.802527
v 0.912424 10.57349 1.407025
v 1.179517 10.57272 1.026964
v 1.064449 10.2822 1.037636
v 1.029142 10.40804 1.019632
v 0.188988 7.716823 1.304659
v -0.176901 7.724154 1.505833
v 0.197394 9.272151 2.025469
v 0.150717 9.140547 1.977367
v 0.446673 10.03454 1.456985
v 0.446958 10.13832 1.440617
v 0.44364 10.23592 1.464576
v 0.149196 10.22986 1.415229
v 0.164322 10.17126 1.435815
v 0.677444 10.22512 1.415421
v 0.692536 10.10931 1.388953
v 0.688816 10.48933 1.562749
v 0.334644 10.39355 1.70417
v 1.416343 10.66478 -0.330146
v 1.341652 10.21772 -0.91175
v 1.33627 10.80165 -1.011249
v 0.890952 10.50161 1.30071
v 0.881778 10.26903 1.271539
v 0.877971 10.14831 1.244822
v 0.384284 10.4652 1.497625
v 0.662592 10.51864 1.448388
v 0.887106 10.45075 1.303923
v 0.890952 10.50161 1.30071
v 0.662592 10.51864 1.448388
v 0.658442 10.48502 1.448462
v 0.960861 10.3949 0.94108
v 1.029142 10.40804 1.019632
v 0.886807 10.42588 1.302139
v 0.886807 10.42588 1.302139
v 0.84806 10.41954 1.196059
v 0.960861 10.3949 0.94108
v 0.37921 10.40492 1.387489
v 0.39733 10.41313 1.495224
v 0.149196 10.22986 1.415229
v 0.149196 10.22986 1.415229
v 0.21002 10.25967 1.297286
v 0.37921 10.40492 1.387489
v 0.84806 10.41954 1.196059
v 0.886807 10.42588 1.302139
v 0.658669 10.45982 1.448324
v 0.658669 10.45982 1.448324
v 0.650043 10.45576 1.349387
v 0.84806 10.41954 1.196059
v 1.029142 10.40804 1.019632
v 0.149196 10.22986 1.415229
v 0.390375 10.43542 1.496585
v 0.384284 10.4652 1.497625
v 0.37921 10.40492 1.387489
v 0.650043 10.45576 1.349387
v 0.658669 10.45982 1.448324
v 0.658669 10.45982 1.448324
v 0.39733 10.41313 1.495224
v 0.37921 10.40492 1.387489
v 0.846566 10.29221 1.186543
v 0.881778 10.26903 1.271539
v 1.029142 10.40804 1.019632
v 1.029142 10.40804 1.019632
v 0.960861 10.3949 0.94108
v 0.846566 10.29221 1.186543
v 0.653822 10.25245 1.316146
v 0.677444 10.22512 1.415421
v 0.881778 10.26903 1.271539
v 0.881778 10.26903 1.271539
v 0.846566 10.29221 1.186543
v 0.653822 10.25245 1.316146
v 0.434761 10.25086 1.388566
v 0.44364 10.23592 1.464576
v 0.677444 10.22512 1.415421
v 0.677444 10.22512 1.415421
v 0.653822 10.25245 1.316146
v 0.434761 10.25086 1.388566
v 0.21002 10.25967 1.297286
v 0.149196 10.22986 1.415229
v 0.44364 10.23592 1.464576
v 0.44364 10.23592 1.464576
v 0.434761 10.25086 1.388566
v 0.21002 10.25967 1.297286
v 0.886807 10.42588 1.302139
v 0.658669 10.45982 1.448324
v 0.39733 10.41313 1.495224
v 1.486825 10.97103 -1.221327
v 1.658453 11.04508 -1.818372
v 1.488274 11.03463 -1.725958
v 1.698575 10.44873 -1.99305
v 1.358534 9.521517 -1.527839
v 0.932075 9.273803 -1.097187
v 1.169612 10.55498 -1.756088
v 1.170474 9.316274 -0.813504
v 1.341652 10.21772 -0.91175
v 1.33627 10.80165 -1.011249
v 1.099365 11.62083 0.912485
v 0.725105 11.47995 1.51648
v -2.204688 9.216959 -0.50812
v -2.709802 10.48464 -1.027546
v -2.580426 9.06926 -1.2166
v -2.32713 8.637112 -2.268392
v -2.263992 9.190413 -2.502665
v -2.624631 9.733153 -1.569313
v -2.580426 9.06926 -1.2166
v -2.32713 8.637112 -2.268392
v -1.845331 8.010622 -3.195611
v -2.443164 8.079375 -2.190588
v -1.71617 7.079114 -0.485978
v -1.59848 6.149444 -0.565305
v -2.230699 7.483408 -1.192565
v -1.938579 8.459335 -0.25048
v -2.204688 9.216959 -0.50812
v -2.262941 7.010157 -2.770748
v -1.887509 7.224385 -3.763138
v -1.86461 5.5867 -0.448669
v -2.171807 5.887108 -1.331261
v -1.03039 7.82497 -0.01195
v -1.446249 8.068276 -0.126793
v -1.775604 10.81295 1.615708
v -1.16614 10.7036 1.999811
v -1.165355 11.06037 1.915523
v -1.776324 11.05434 1.518976
v -0.33816 10.65977 2.003387
v -0.334611 10.21611 1.888558
v -0.417454 10.4832 1.981557
v -0.776723 9.170905 1.769587
v -0.614374 9.197598 1.796113
v -0.597092 9.518785 1.789859
v -0.820595 9.504474 1.778668
v -0.297118 9.624173 2.080865
v -0.257096 9.268841 2.28648
v -1.183938 9.4808 1.713813
v -1.186845 9.785231 1.747699
v -1.66485 9.799541 1.513202
v -1.626776 9.498726 1.479795
v -2.287402 10.27699 0.604726
v -2.082165 10.20109 1.080688
v -2.14824 10.64522 0.877103
v -0.228489 9.124774 2.236775
v -0.297601 9.015132 1.862366
v -0.274379 9.112789 2.032315
v -0.679591 8.952074 1.779635
v -0.523231 9.081147 1.800288
v -0.342578 8.862291 1.83561
v -0.932314 8.789662 1.684461
v -0.395302 8.73562 1.862287
v -0.480718 10.34003 1.884422
v -0.531535 10.30547 1.689153
v -0.483622 8.540979 1.706639
v -0.851827 8.53863 1.663339
v -0.819958 8.449651 1.585642
v -0.876388 8.343981 1.508772
v -0.658377 8.324214 1.630747
v -0.46395 8.283726 1.73419
v -0.468725 8.165711 1.485212
v -0.747338 8.143536 1.40949
v -1.01758 8.356737 1.446391
v -1.234713 8.414189 1.369791
v -0.864687 7.830148 1.273473
v -1.078266 9.139355 1.668157
v -1.497633 9.158274 1.441849
v -2.309549 9.750278 0.237806
v -2.068257 9.431267 0.718414
v -2.105137 9.807593 0.966165
v -2.32532 9.25284 -0.15703
v -2.112717 8.964365 0.42132
v -0.633677 7.47107 1.269259
v -0.577696 7.390535 1.088963
v -0.90168 7.577694 1.074411
v -2.149765 8.701459 0.089001
v -1.03039 7.82497 -0.01195
v -1.938579 8.459335 -0.25048
v -1.691893 8.171754 0.405156
v -2.204688 9.216959 -0.50812
v -1.614661 8.410855 0.835979
v -1.446249 8.068276 -0.126793
v -1.804735 10.48004 1.37628
v -1.329833 10.56441 1.831319
v -1.716368 10.58304 1.579287
v -1.589097 10.23405 1.535941
v -1.567111 10.36089 1.507201
v -0.590246 7.702597 1.45056
v -0.387958 9.261502 2.13548
v -0.357362 9.131383 2.072763
v -0.853043 10.01101 1.700951
v -0.862864 10.11455 1.686602
v -0.60257 10.15736 1.579829
v -0.597918 10.21625 1.555573
v -0.858488 10.21215 1.708404
v -1.093667 10.19272 1.747012
v -1.109295 10.07661 1.727262
v -1.062912 10.48798 1.89614
v -0.678168 10.38833 1.896833
v -2.426272 10.59506 0.391411
v -2.551997 10.14712 -0.180585
v -2.603508 10.73023 -0.271448
v -1.339797 10.4612 1.719681
v -1.337739 10.2285 1.687134
v -1.335644 10.10816 1.660518
v -0.795226 10.44376 1.719186
v -1.074197 10.48714 1.774505
v -1.337297 10.41014 1.720394
v -1.073241 10.45337 1.77265
v -1.074197 10.48714 1.774505
v -1.339797 10.4612 1.719681
v -1.531655 10.3497 1.409109
v -1.338848 10.37968 1.60556
v -1.336863 10.38528 1.718553
v -1.336863 10.38528 1.718553
v -1.567111 10.36089 1.507201
v -1.531655 10.3497 1.409109
v -0.832359 10.3828 1.61432
v -0.69845 10.24317 1.467929
v -0.597918 10.21625 1.555573
v -0.597918 10.21625 1.555573
v -0.810548 10.39116 1.721434
v -0.832359 10.3828 1.61432
v -1.338848 10.37968 1.60556
v -1.100146 10.42379 1.677099
v -1.072607 10.42823 1.772478
v -1.072607 10.42823 1.772478
v -1.336863 10.38528 1.718553
v -1.338848 10.37968 1.60556
v -1.567111 10.36089 1.507201
v -0.597918 10.21625 1.555573
v -0.795226 10.44376 1.719186
v -0.804295 10.41356 1.720302
v -0.832359 10.3828 1.61432
v -0.810548 10.39116 1.721434
v -1.072607 10.42823 1.772478
v -1.072607 10.42823 1.772478
v -1.100146 10.42379 1.677099
v -0.832359 10.3828 1.61432
v -1.336406 10.25232 1.595408
v -1.531655 10.3497 1.409109
v -1.567111 10.36089 1.507201
v -1.567111 10.36089 1.507201
v -1.337739 10.2285 1.687134
v -1.336406 10.25232 1.595408
v -1.108596 10.22027 1.646159
v -1.336406 10.25232 1.595408
v -1.337739 10.2285 1.687134
v -1.337739 10.2285 1.687134
v -1.093667 10.19272 1.747012
v -1.108596 10.22027 1.646159
v -0.878206 10.22685 1.63447
v -1.108596 10.22027 1.646159
v -1.093667 10.19272 1.747012
v -1.093667 10.19272 1.747012
v -0.858488 10.21215 1.708404
v -0.878206 10.22685 1.63447
v -0.69845 10.24317 1.467929
v -0.878206 10.22685 1.63447
v -0.858488 10.21215 1.708404
v -0.858488 10.21215 1.708404
v -0.597918 10.21625 1.555573
v -0.69845 10.24317 1.467929
v -1.336863 10.38528 1.718553
v -1.072607 10.42823 1.772478
v -0.810548 10.39116 1.721434
v -2.825798 10.89273 -0.411503
v -3.012401 10.95298 -0.880749
v -3.204768 10.95683 -0.905128
v -3.284546 10.35835 -1.057328
v -2.709802 10.48464 -1.027546
v -2.204688 9.216959 -0.50812
v -2.766693 9.446616 -0.753231
v -2.32532 9.25284 -0.15703
v -2.551997 10.14712 -0.180585
v -2.603508 10.73023 -0.271448
v -1.141344 11.44601 1.866974
v -1.713839 11.56978 1.440816
vn 0.634794 -0.629551 -0.447998
vn 0.875299 -0.322211 -0.360599
vn -0.088518 -0.214256 -0.972759
vn 0.548002 -0.016452 -0.836315
vn -0.171415 -0.275351 -0.945938
vn -0.113971 -0.503904 -0.856208
vn 0.738716 -0.212441 -0.639663
vn 0.807142 -0.539433 0.239863
vn 0.875299 -0.322211 -0.360599
vn 0.947793 0.090212 0.30586
vn 0.716589 0.540351 -0.441046
vn 0.548002 -0.016452 -0.836315
vn 0.332818 0.225126 -0.915724
vn -0.171415 -0.275351 -0.945938
vn 0.25486 -0.101232 0.961665
vn -0.256501 -0.164122 0.952508
vn -0.335698 0.063658 0.939816
vn 0.129767 0.235441 0.963187
vn 0.629666 -0.046081 0.775498
vn 0.828452 -0.378427 -0.412868
vn 0.634794 -0.629551 -0.447998
vn 0.749064 0.237889 0.618314
vn 0.69676 0.693606 -0.182855
vn 0.435715 0.42363 -0.79416
vn -0.519678 0.444723 0.72949
vn -0.239026 0.552218 0.7987
vn 0.210347 0.148178 0.966332
vn 0.719877 -0.693161 -0.036118
vn -0.062798 -0.997728 0.024392
vn 0.827899 -0.551338 -0.103001
vn 0.926194 0.007436 0.376973
vn 0.923186 0.239987 0.300224
vn 0.600786 0.223533 0.767521
vn 0.613853 -0.113014 0.781289
vn 0.354429 0.01981 0.934873
vn 0.179607 0.159172 0.970776
vn 0.186736 -0.013325 0.98232
vn 0.750205 -0.057269 0.658721
vn 0.426641 -0.285822 0.85807
vn 0.182355 -0.264909 0.946874
vn 0.185116 0.010791 0.982657
vn 0.549027 -0.052453 0.834157
vn 0.440616 0.034127 0.897047
vn 0.735876 0.170052 0.655416
vn 0.746013 -0.095027 0.659117
vn 0.741937 0.34498 0.574907
vn 0.157839 0.441889 0.883075
vn 0.181733 0.105046 0.977721
vn 0.763579 0.039923 0.64448
vn 0.659189 -0.143097 0.738236
vn 0.875508 -0.232191 0.423761
vn 0.861223 -0.039808 0.506666
vn 0.562351 0.032596 0.826256
vn 0.997959 -0.062083 0.014945
vn 0.986089 0.044958 0.160022
vn 0.974584 0.035056 0.221261
vn 0.154839 -0.626567 0.763832
vn 0.640513 -0.644868 0.417
vn 0.543715 -0.551192 0.632899
vn 0.451022 -0.877553 0.162727
vn 0.068122 -0.960528 0.269713
vn 0.148226 -0.677176 0.720737
vn 0.672806 -0.285471 0.682524
vn 0.553594 -0.09352 0.827519
vn 0.180437 0.1182 0.976459
vn 0.440448 0.037665 0.896988
vn 0.511452 -0.09247 0.854322
vn 0.712643 -0.16673 0.681426
vn 0.610854 -0.592403 0.525277
vn 0.737758 -0.593558 0.321563
vn 0.484247 -0.322176 0.813454
vn 0.182024 -0.268612 0.945894
vn 0.176958 -0.38035 0.907755
vn 0.645699 -0.412745 0.642429
vn 0.466905 -0.502693 0.72753
vn 0.644392 -0.531088 0.550187
vn 0.670256 -0.539274 0.509844
vn 0.503649 -0.480839 0.717727
vn 0.171544 -0.459686 0.871356
vn 0.450414 -0.511419 0.731832
vn 0.603903 -0.372217 0.704809
vn 0.157607 -0.601759 0.782973
vn 0.673941 -0.403538 0.618839
vn 0.826938 -0.33252 0.453436
vn 0.827219 -0.374601 0.418787
vn 0.697839 -0.16413 0.697196
vn 0.870104 -0.268391 0.413383
vn 0.983371 -0.176168 -0.044131
vn 0.976735 -0.18595 0.106824
vn 0.969092 -0.237882 0.065376
vn 0.972639 -0.227333 0.047898
vn 0.913681 -0.363146 -0.182515
vn 0.592097 -0.711633 0.378154
vn 0.137092 -0.738282 0.660413
vn 0.029683 -0.997711 0.060767
vn 0.272456 -0.954182 -0.123714
vn 0.698017 -0.714095 -0.053297
vn 0.782116 -0.521902 -0.340459
vn 0.719877 -0.693161 -0.036118
vn -0.062798 -0.997728 0.024392
vn 0.828452 -0.378427 -0.412868
vn 0.621818 -0.730278 -0.282908
vn 0.634794 -0.629551 -0.447998
vn 0.904799 -0.391557 0.167401
vn 0.827899 -0.551338 -0.103001
vn 0.930955 -0.195552 0.308354
vn 0.668047 -0.504754 0.546751
vn 0.84159 -0.397633 0.365532
vn 0.798992 0.127552 0.587658
vn 0.786229 -0.067976 0.614186
vn 0.648681 -0.2929 0.70244
vn 0.182791 -0.244585 0.952243
vn 0.951992 -0.053757 0.301365
vn 0.630855 -0.7489 0.202906
vn 0.204838 0.193756 0.959427
vn 0.08747 -0.035684 0.995528
vn 0.011885 -0.237556 0.971301
vn 0.669707 -0.068233 0.739485
vn 0.559337 0.353812 0.74964
vn 0.377496 -0.163411 0.911479
vn 0.403674 -0.030361 0.914399
vn 0.448921 -0.746579 0.491009
vn 0.442553 -0.741161 0.504805
vn 0.986715 -0.157073 0.041491
vn 0.984909 -0.121752 0.123004
vn 0.982477 -0.176841 0.058883
vn 0.682772 -0.332275 0.650704
vn 0.716979 -0.105625 0.689047
vn 0.701744 -0.035068 0.711566
vn 0.307705 -0.681708 0.663771
vn 0.423392 -0.575389 0.699762
vn 0.731191 -0.037489 0.681142
vn 0.682772 -0.332275 0.650704
vn 0.423392 -0.575389 0.699762
vn 0.354507 -0.023354 0.934762
vn 0.07531 -0.992071 0.100612
vn 0.07531 -0.992071 0.100612
vn 0.075309 -0.992072 0.100612
vn -0.046483 -0.996027 0.07596
vn -0.046483 -0.996027 0.07596
vn -0.046483 -0.996027 0.07596
vn 0.602035 -0.797489 -0.039562
vn 0.602035 -0.797489 -0.039562
vn 0.602035 -0.797489 -0.039561
vn 0.610298 -0.783486 0.116987
vn 0.610298 -0.783486 0.116987
vn 0.610298 -0.783486 0.116987
vn -0.089144 -0.991833 0.091216
vn -0.089144 -0.991833 0.091216
vn -0.089144 -0.991833 0.091217
vn -0.139234 -0.988833 0.05314
vn -0.139234 -0.988833 0.05314
vn -0.139234 -0.988833 0.053139
vn 0.786229 -0.067976 0.614186
vn 0.669707 -0.068233 0.739485
vn -0.038406 -0.054422 0.997779
vn 0.307705 -0.681708 0.663771
vn 0.18769 -0.981928 0.024303
vn 0.18769 -0.981928 0.024304
vn 0.18769 -0.981928 0.024304
vn 0.183258 -0.982047 0.044727
vn 0.183258 -0.982047 0.044727
vn 0.183258 -0.982047 0.044727
vn -0.251844 0.902088 0.350444
vn -0.251844 0.902088 0.350444
vn -0.251844 0.902088 0.350444
vn -0.394253 0.898664 0.192268
vn -0.394253 0.898664 0.192268
vn -0.394253 0.898664 0.192268
vn -0.017134 0.962738 0.269893
vn -0.017134 0.962738 0.269893
vn -0.017134 0.962738 0.269893
vn -0.017207 0.962799 0.269669
vn -0.017207 0.962799 0.269669
vn -0.017207 0.962799 0.269669
vn 0.083797 0.979707 0.182079
vn 0.083797 0.979707 0.182079
vn 0.083797 0.979707 0.182079
vn 0.074964 0.965662 0.248751
vn 0.074964 0.965662 0.248751
vn 0.074964 0.965662 0.248751
vn -0.056538 0.974491 0.21719
vn -0.056538 0.974491 0.21719
vn -0.056537 0.974491 0.21719
vn -0.041361 0.979584 0.196734
vn -0.041361 0.979584 0.196734
vn -0.041361 0.979584 0.196734
vn 0.752253 -0.052856 0.656751
vn 0.36394 -0.001937 0.931421
vn -0.032017 -0.070936 0.996967
vn 0.323774 0.803376 0.499757
vn 0.51821 0.675305 -0.524806
vn -0.313057 0.82859 -0.464148
vn 0.604815 -0.157882 -0.780559
vn 0.378774 -0.6148 -0.691775
vn 0.634794 -0.629551 -0.447998
vn -0.088518 -0.214256 -0.972759
vn 0.913681 -0.363146 -0.182515
vn 0.984909 -0.121752 0.123004
vn 0.982477 -0.176841 0.058883
vn 0.884499 0.204461 0.419353
vn 0.60375 0.201275 0.771346
vn -0.861074 -0.505748 0.052642
vn -0.292588 -0.124328 -0.948122
vn -0.990083 -0.044208 0.133348
vn -0.847977 0.004852 -0.530011
vn -0.854558 -0.057712 -0.516139
vn -0.975144 -0.011325 -0.221284
vn -0.990083 -0.044208 0.133348
vn -0.847977 0.004852 -0.530011
vn -0.494982 0.155509 -0.854874
vn -0.992421 0.119586 -0.028273
vn -0.701702 -0.109165 0.704058
vn -0.470517 0.342526 0.813197
vn -0.933298 -0.113853 0.340578
vn -0.868093 -0.479727 0.127581
vn -0.861074 -0.505748 0.052642
vn -0.972433 0.049099 -0.227957
vn -0.564166 0.566939 -0.600248
vn -0.205482 0.846344 0.491405
vn -0.854721 0.164279 0.492407
vn -0.521526 -0.852182 0.042379
vn -0.572339 -0.814602 -0.094081
vn -0.72532 0.049806 0.686608
vn -0.280411 -0.092562 0.955407
vn -0.281005 0.232701 0.931068
vn -0.763303 0.244213 0.598104
vn 0.010005 0.023825 0.999666
vn -0.45997 -0.078199 0.884484
vn -0.075172 -0.28249 0.95632
vn -0.206597 -0.065461 0.976234
vn -0.452373 -0.116755 0.884153
vn -0.4536 0.14854 0.87874
vn -0.086205 0.024622 0.995973
vn -0.494535 0.322563 0.807086
vn -0.478765 0.017439 0.87777
vn -0.341113 -0.161271 0.926085
vn -0.225138 0.018319 0.974155
vn -0.616868 -0.066664 0.784238
vn -0.653491 -0.25993 0.710906
vn -0.921792 -0.096882 0.375385
vn -0.831696 -0.007137 0.555186
vn -0.862848 0.011801 0.505326
vn -0.422705 -0.664112 0.616665
vn -0.256013 -0.563537 0.785419
vn -0.330205 -0.891742 0.309454
vn -0.212299 -0.10386 0.97167
vn -0.369841 -0.302865 0.878345
vn -0.087577 0.03142 0.995662
vn -0.411759 -0.185441 0.892226
vn -0.164258 -0.104748 0.98084
vn -0.349369 -0.595591 0.723335
vn -0.550454 -0.605499 0.574779
vn -0.14556 -0.333647 0.931393
vn -0.354579 -0.431006 0.829763
vn -0.154097 -0.514028 0.843818
vn -0.382571 -0.549838 0.742508
vn -0.421035 -0.559159 0.714193
vn -0.192631 -0.493451 0.848174
vn -0.136846 -0.522194 0.841776
vn -0.294543 -0.388624 0.87305
vn -0.389827 -0.422972 0.818004
vn -0.606605 -0.399864 0.687124
vn -0.594663 -0.358467 0.719638
vn -0.391216 -0.181655 0.902192
vn -0.651393 -0.294777 0.699138
vn -0.925604 -0.210799 0.314359
vn -0.870405 -0.271302 0.410841
vn -0.864367 -0.219255 0.452545
vn -0.904356 -0.396125 0.158826
vn -0.880835 -0.260131 0.395553
vn -0.389694 -0.729559 0.562034
vn -0.258373 -0.965824 -0.020702
vn -0.642642 -0.731059 0.229269
vn -0.898213 -0.41618 0.14145
vn -0.521526 -0.852182 0.042379
vn -0.868093 -0.479727 0.127581
vn -0.67238 -0.73312 0.102184
vn -0.861074 -0.505748 0.052642
vn -0.769147 -0.42084 0.480944
vn -0.572339 -0.814602 -0.094081
vn -0.75392 -0.227334 0.616379
vn -0.4266 -0.480804 0.766055
vn -0.653666 -0.377987 0.655627
vn -0.530937 0.091977 0.842405
vn -0.475092 -0.046327 0.878716
vn -0.339948 -0.310984 0.887538
vn -0.775364 -0.085051 0.625761
vn -0.48772 -0.769188 0.41289
vn 0.150392 0.192785 0.969648
vn 0.281253 -0.026454 0.959269
vn -0.26146 0.338997 0.903725
vn -0.352945 -0.086339 0.931652
vn 0.342998 -0.2191 0.913426
vn -0.020959 -0.169175 0.985363
vn -0.041418 -0.038994 0.998381
vn -0.221408 -0.702865 0.675988
vn -0.207985 -0.7278 0.65349
vn -0.898199 -0.192544 0.395178
vn -0.868316 -0.155366 0.471051
vn -0.887444 -0.211781 0.409379
vn -0.399375 -0.304035 0.864906
vn -0.419174 -0.134634 0.897868
vn -0.394456 -0.059517 0.916985
vn -0.029655 -0.663025 0.74801
vn -0.09633 -0.513635 0.852584
vn -0.44427 -0.044474 0.894789
vn -0.000443 -0.033421 0.999441
vn -0.09633 -0.513635 0.852584
vn -0.399375 -0.304035 0.864906
vn 0.10632 -0.9932 0.047439
vn 0.10632 -0.9932 0.047439
vn 0.10632 -0.9932 0.047439
vn 0.000251 -0.993458 0.114202
vn 0.000251 -0.993458 0.114202
vn 0.000251 -0.993458 0.114202
vn -0.49431 -0.808656 0.318957
vn -0.49431 -0.808655 0.318958
vn -0.49431 -0.808655 0.318958
vn -0.540697 -0.822884 0.174665
vn -0.540697 -0.822885 0.174665
vn -0.540697 -0.822885 0.174665
vn 0.18383 -0.982931 -0.007298
vn 0.18383 -0.982931 -0.007298
vn 0.18383 -0.982931 -0.007298
vn 0.151027 -0.987445 0.046304
vn 0.151027 -0.987445 0.046304
vn 0.151027 -0.987445 0.046304
vn -0.475092 -0.046327 0.878716
vn -0.352945 -0.086339 0.931652
vn -0.029655 -0.663025 0.74801
vn 0.373392 -0.069326 0.92508
vn -0.119951 -0.987577 0.101509
vn -0.119951 -0.987577 0.101509
vn -0.119951 -0.987577 0.10151
vn -0.131481 -0.987746 0.084085
vn -0.131481 -0.987746 0.084085
vn -0.131481 -0.987746 0.084085
vn 0.411344 0.910389 0.04459
vn 0.411344 0.910389 0.04459
vn 0.411344 0.910389 0.04459
vn 0.336268 0.910388 0.241077
vn 0.336268 0.910388 0.241077
vn 0.336268 0.910388 0.241077
vn 0.079611 0.964566 0.251544
vn 0.079611 0.964566 0.251543
vn 0.079611 0.964566 0.251543
vn 0.079681 0.964502 0.251767
vn 0.079682 0.964502 0.251767
vn 0.079682 0.964502 0.251767
vn -0.013875 0.964042 0.265389
vn -0.013875 0.964042 0.265389
vn -0.013875 0.964042 0.265389
vn -0.046708 0.977337 0.206474
vn -0.046708 0.977337 0.206474
vn -0.046708 0.977337 0.206474
vn 0.073287 0.981774 0.175356
vn 0.073287 0.981773 0.175357
vn 0.073287 0.981773 0.175357
vn 0.095917 0.97713 0.189781
vn 0.095917 0.97713 0.18978
vn 0.095917 0.97713 0.18978
vn -0.464636 -0.074922 0.882327
vn -0.002111 -0.008569 0.999961
vn 0.389747 -0.0622 0.918819
vn -0.148375 0.794843 0.588395
vn 0.094122 0.836003 -0.540593
vn -0.696581 0.653267 -0.296678
vn -0.8408 -0.184109 -0.509077
vn -0.292588 -0.124328 -0.948122
vn -0.861074 -0.505748 0.052642
vn -0.582106 -0.63225 -0.511285
vn -0.904356 -0.396125 0.158826
vn -0.868316 -0.155366 0.471051
vn -0.887444 -0.211781 0.409379
vn -0.289503 0.185022 0.939125
vn -0.678416 0.17612 0.713256
vt 0.049 0.9768
vt 0.1112 0.9769
vt 0.0341 0.8957
vt 0.2059 0.9765
vt 0.3381 0.9769
vt 0.3302 0.9469
vt 0.1872 0.9275
vt 0.0996 0.9157
vt 0.5765 0.1425
vt 0.5878 0.1033
vt 0.5182 0.0837
vt 0.5077 0.1154
vt 0.4116 0.0676
vt 0.4118 0.099
vt 0.7533 0.1018
vt 0.805 0.1042
vt 0.8169 0.0607
vt 0.7677 0.0572
vt 0.6715 0.1057
vt 0.6667 0.1483
vt 0.6291 0.172
vt 0.6145 0.0212
vt 0.5413 0.0212
vt 0.4116 0.0212
vt 0.8248 0.0212
vt 0.7771 0.0212
vt 0.7197 0.0212
vt 0.7441 0.1301
vt 0.7989 0.1266
vt 0.7082 0.1385
vt 0.4933 0.7445
vt 0.4869 0.7776
vt 0.3396 0.7846
vt 0.3441 0.7488
vt 0.0721 0.7175
vt 0.0196 0.7975
vt 0.0188 0.7269
vt 0.0608 0.6195
vt 0.0986 0.6805
vt 0.0188 0.6755
vt 0.0188 0.6193
vt 0.2375 0.4831
vt 0.2519 0.5289
vt 0.1891 0.5297
vt 0.1933 0.4912
vt 0.0736 0.5436
vt 0.0198 0.5454
vt 0.0188 0.5063
vt 0.0784 0.5047
vt 0.3493 0.5295
vt 0.4895 0.5183
vt 0.4771 0.5703
vt 0.343 0.5654
vt 0.7117 0.6651
vt 0.6019 0.7314
vt 0.5846 0.6388
vt 0.0188 0.4821
vt 0.0693 0.4861
vt 0.0634 0.4409
vt 0.0652 0.461
vt 0.0188 0.4685
vt 0.0188 0.4395
vt 0.1767 0.455
vt 0.2102 0.4351
vt 0.0188 0.4076
vt 0.0731 0.4137
vt 0.0879 0.3911
vt 0.2774 0.4042
vt 0.1281 0.6532
vt 0.1472 0.6402
vt 0.1042 0.3525
vt 0.0188 0.3827
vt 0.0188 0.3493
vt 0.2551 0.365
vt 0.2449 0.3418
vt 0.2623 0.3219
vt 0.2174 0.3194
vt 0.1055 0.3161
vt 0.0188 0.3143
vt 0.0973 0.2662
vt 0.2503 0.2672
vt 0.0188 0.2658
vt 0.3022 0.3274
vt 0.3391 0.2452
vt 0.3939 0.3262
vt 0.313 0.4681
vt 0.4663 0.4231
vt 0.7993 0.5639
vt 0.611 0.5725
vt 0.6346 0.481
vt 0.7169 0.4036
vt 0.9426 0.5271
vt 0.1726 0.1606
vt 0.0188 0.1406
vt 0.0188 0.1093
vt 0.1752 0.1232
vt 0.3374 0.1836
vt 0.7993 0.3287
vt 0.3231 0.0834
vt 0.0188 0.0264
vt 0.8276 0.2636
vt 0.5391 0.2448
vt 0.9681 0.4365
vt 0.4562 0.2959
vt 0.5569 0.1669
vt 0.491 0.6828
vt 0.3757 0.7012
vt 0.4678 0.703
vt 0.4327 0.6399
vt 0.4213 0.6639
vt 0.1597 0.2056
vt 0.0188 0.2003
vt 0.113 0.5004
vt 0.1007 0.4728
vt 0.2426 0.5908
vt 0.249 0.6031
vt 0.2453 0.6272
vt 0.1721 0.6267
vt 0.1749 0.6141
vt 0.3134 0.6265
vt 0.3184 0.6008
vt 0.3089 0.6895
vt 0.1868 0.6644
vt 0.8305 0.7773
vt 0.9152 0.7566
vt 0.9453 0.8777
vt 0.373 0.6809
vt 0.3664 0.6361
vt 0.3739 0.6113
vt 0.2103 0.6575
vt 0.3068 0.6742
vt 0.5063 0.9333
vt 0.5069 0.9542
vt 0.4613 0.9536
vt 0.4608 0.9231
vt 0.5321 0.9319
vt 0.5398 0.9499
vt 0.5062 0.9308
vt 0.5062 0.9308
vt 0.5052 0.9177
vt 0.5321 0.9319
vt 0.4127 0.908
vt 0.4124 0.9212
vt 0.3698 0.9214
vt 0.3698 0.9214
vt 0.3871 0.9093
vt 0.4127 0.908
vt 0.5052 0.9177
vt 0.5062 0.9308
vt 0.4607 0.9211
vt 0.4607 0.9211
vt 0.4625 0.908
vt 0.5052 0.9177
vt 0.5398 0.9499
vt 0.3698 0.9214
vt 0.4122 0.9228
vt 0.4102 0.945
vt 0.4127 0.908
vt 0.4625 0.908
vt 0.4607 0.9211
vt 0.4607 0.9211
vt 0.4124 0.9212
vt 0.4127 0.908
vt 0.497 0.9256
vt 0.4988 0.9185
vt 0.5258 0.9304
vt 0.5258 0.9304
vt 0.5208 0.935
vt 0.497 0.9256
vt 0.4612 0.9183
vt 0.4605 0.9102
vt 0.4988 0.9185
vt 0.4988 0.9185
vt 0.497 0.9256
vt 0.4612 0.9183
vt 0.4244 0.9181
vt 0.4225 0.911
vt 0.4605 0.9102
vt 0.4605 0.9102
vt 0.4612 0.9183
vt 0.4244 0.9181
vt 0.3946 0.9185
vt 0.3911 0.9112
vt 0.4225 0.911
vt 0.4225 0.911
vt 0.4244 0.9181
vt 0.3946 0.9185
vt 0.5062 0.9308
vt 0.4607 0.9211
vt 0.4124 0.9212
vt 0.9627 0.0697
vt 0.9583 0.2278
vt 0.979 0.2826
vt 0.9252 0.2261
vt 0.8572 0.1242
vt 0.8216 0.1362
vt 0.9249 0.2839
vt 0.8558 0.0241
vt 0.9309 0.0243
vt 0.9791 0.0245
vt 0.4759 0.8538
vt 0.3197 0.835
vt 0.049 0.9768
vt 0.0341 0.8957
vt 0.1112 0.9769
vt 0.2059 0.9765
vt 0.1872 0.9275
vt 0.0996 0.9157
vt 0.5765 0.1425
vt 0.5077 0.1154
vt 0.5182 0.0837
vt 0.5878 0.1033
vt 0.7533 0.1018
vt 0.7677 0.0572
vt 0.6715 0.1057
vt 0.6667 0.1483
vt 0.6291 0.172
vt 0.6145 0.0212
vt 0.5413 0.0212
vt 0.7771 0.0212
vt 0.7197 0.0212
vt 0.7441 0.1301
vt 0.7082 0.1385
vt 0.4933 0.7445
vt 0.3441 0.7488
vt 0.3396 0.7846
vt 0.4869 0.7776
vt 0.0721 0.7175
vt 0.0608 0.6195
vt 0.0986 0.6805
vt 0.2375 0.4831
vt 0.1933 0.4912
vt 0.1891 0.5297
vt 0.2519 0.5289
vt 0.0736 0.5436
vt 0.0784 0.5047
vt 0.3493 0.5295
vt 0.343 0.5654
vt 0.4771 0.5703
vt 0.4895 0.5183
vt 0.7117 0.6651
vt 0.5846 0.6388
vt 0.6019 0.7314
vt 0.0693 0.4861
vt 0.0634 0.4409
vt 0.0652 0.461
vt 0.2102 0.4351
vt 0.1767 0.455
vt 0.0743 0.4141
vt 0.2774 0.4042
vt 0.0887 0.3908
vt 0.1281 0.6532
vt 0.1472 0.6402
vt 0.1042 0.3525
vt 0.2551 0.3655
vt 0.2449 0.3418
vt 0.2623 0.3219
vt 0.217 0.3166
vt 0.1055 0.3161
vt 0.0973 0.2662
vt 0.2503 0.2672
vt 0.3022 0.3274
vt 0.3939 0.3262
vt 0.3391 0.2452
vt 0.313 0.4681
vt 0.4663 0.4231
vt 0.7993 0.5639
vt 0.6346 0.481
vt 0.611 0.5725
vt 0.9426 0.5271
vt 0.7169 0.4036
vt 0.1726 0.1606
vt 0.1752 0.1232
vt 0.3374 0.1836
vt 0.7993 0.3287
vt 0.3231 0.0834
vt 0.8276 0.2636
vt 0.5391 0.2448
vt 0.9681 0.4365
vt 0.4562 0.2959
vt 0.5569 0.1669
vt 0.491 0.6828
vt 0.3757 0.7012
vt 0.4678 0.703
vt 0.4327 0.6399
vt 0.4213 0.6639
vt 0.1597 0.2056
vt 0.113 0.5004
vt 0.1007 0.4728
vt 0.2426 0.5908
vt 0.249 0.6031
vt 0.1749 0.6141
vt 0.1721 0.6267
vt 0.2453 0.6272
vt 0.3134 0.6265
vt 0.3184 0.6008
vt 0.3089 0.6895
vt 0.1868 0.6644
vt 0.8305 0.7773
vt 0.9152 0.7566
vt 0.9453 0.8777
vt 0.373 0.6809
vt 0.3664 0.6361
vt 0.3739 0.6113
vt 0.2103 0.6575
vt 0.3068 0.6742
vt 0.5063 0.9333
vt 0.4608 0.9231
vt 0.4613 0.9536
vt 0.5069 0.9542
vt 0.5321 0.9319
vt 0.5052 0.9177
vt 0.5062 0.9308
vt 0.5062 0.9308
vt 0.5398 0.9499
vt 0.5321 0.9319
vt 0.4127 0.908
vt 0.3871 0.9093
vt 0.3698 0.9214
vt 0.3698 0.9214
vt 0.4124 0.9212
vt 0.4127 0.908
vt 0.5052 0.9177
vt 0.4625 0.908
vt 0.4607 0.9211
vt 0.4607 0.9211
vt 0.5062 0.9308
vt 0.5052 0.9177
vt 0.5398 0.9499
vt 0.3698 0.9214
vt 0.4102 0.945
vt 0.4122 0.9228
vt 0.4127 0.908
vt 0.4124 0.9212
vt 0.4607 0.9211
vt 0.4607 0.9211
vt 0.4625 0.908
vt 0.4127 0.908
vt 0.497 0.9256
vt 0.5208 0.935
vt 0.5258 0.9304
vt 0.5258 0.9304
vt 0.4988 0.9185
vt 0.497 0.9256
vt 0.4612 0.9183
vt 0.497 0.9256
vt 0.4988 0.9185
vt 0.4988 0.9185
vt 0.4605 0.9102
vt 0.4612 0.9183
vt 0.4244 0.9181
vt 0.4612 0.9183
vt 0.4605 0.9102
vt 0.4605 0.9102
vt 0.4225 0.911
vt 0.4244 0.9181
vt 0.3946 0.9185
vt 0.4244 0.9181
vt 0.4225 0.911
vt 0.4225 0.911
vt 0.3911 0.9112
vt 0.3946 0.9185
vt 0.5062 0.9308
vt 0.4607 0.9211
vt 0.4124 0.9212
vt 0.9627 0.0697
vt 0.979 0.2826
vt 0.9583 0.2278
vt 0.9252 0.2261
vt 0.9249 0.2839
vt 0.8216 0.1362
vt 0.8572 0.1242
vt 0.8558 0.0241
vt 0.9309 0.0243
vt 0.9791 0.0245
vt 0.3197 0.835
vt 0.4759 0.8538
f 850/850/850 852/852/852 851/851/851
f 853/853/853 855/855/855 854/854/854
f 855/855/855 853/853/853 856/856/856
f 851/851/851 856/856/856 853/853/853
f 856/856/856 851/851/851 857/857/857
f 851/851/851 852/852/852 857/857/857
f 858/858/858 860/860/860 859/859/859
f 860/860/860 858/858/858 861/861/861
f 861/861/861 862/862/862 860/860/860
f 862/862/862 861/861/861 863/863/863
f 864/864/864 866/866/866 865/865/865
f 866/866/866 864/864/864 867/867/867
f 864/864/864 868/868/868 867/867/867
f 868/868/868 858/858/858 859/859/859
f 858/858/858 868/868/868 869/869/869
f 869/869/869 870/870/870 858/858/858
f 871/871/871 860/860/860 872/872/872
f 860/860/860 871/871/871 859/859/859
f 873/873/873 860/860/860 862/862/862
f 860/860/860 873/873/873 872/872/872
f 874/874/874 867/867/867 875/875/875
f 867/867/867 874/874/874 866/866/866
f 867/867/867 868/868/868 876/876/876
f 876/876/876 859/859/859 871/871/871
f 859/859/859 876/876/876 868/868/868
f 865/865/865 877/877/877 864/864/864
f 877/877/877 865/865/865 878/878/878
f 864/864/864 869/869/869 868/868/868
f 869/869/869 864/864/864 879/879/879
f 875/875/875 867/867/867 876/876/876
f 880/880/880 882/882/882 881/881/881
f 882/882/882 880/880/880 883/883/883
f 884/884/884 886/886/886 885/885/885
f 887/887/887 889/889/889 888/888/888
f 889/889/889 887/887/887 890/890/890
f 891/891/891 893/893/893 892/892/892
f 893/893/893 891/891/891 894/894/894
f 895/895/895 897/897/897 896/896/896
f 897/897/897 895/895/895 898/898/898
f 899/899/899 901/901/901 900/900/900
f 901/901/901 899/899/899 902/902/902
f 903/903/903 905/905/905 904/904/904
f 897/897/897 907/907/907 906/906/906
f 907/907/907 897/897/897 898/898/898
f 908/908/908 910/910/910 909/909/909
f 910/910/910 908/908/908 911/911/911
f 891/891/891 912/912/912 894/894/894
f 912/912/912 891/891/891 913/913/913
f 908/908/908 914/914/914 911/911/911
f 914/914/914 908/908/908 915/915/915
f 915/915/915 917/917/917 916/916/916
f 917/917/917 915/915/915 913/913/913
f 918/918/918 919/919/919 887/887/887
f 920/920/920 921/921/921 916/916/916
f 921/921/921 920/920/920 922/922/922
f 914/914/914 916/916/916 921/921/921
f 916/916/916 914/914/914 915/915/915
f 912/912/912 915/915/915 908/908/908
f 915/915/915 912/912/912 913/913/913
f 916/916/916 917/917/917 923/923/923
f 923/923/923 920/920/920 916/916/916
f 920/920/920 923/923/923 924/924/924
f 925/925/925 926/926/926 924/924/924
f 924/924/924 927/927/927 920/920/920
f 927/927/927 924/924/924 926/926/926
f 927/927/927 922/922/922 920/920/920
f 922/922/922 927/927/927 928/928/928
f 929/929/929 926/926/926 930/930/930
f 926/926/926 929/929/929 927/927/927
f 927/927/927 931/931/931 928/928/928
f 931/931/931 927/927/927 929/929/929
f 932/932/932 933/933/933 930/930/930
f 933/933/933 932/932/932 934/934/934
f 935/935/935 900/900/900 936/936/936
f 900/900/900 935/935/935 899/899/899
f 937/937/937 938/938/938 903/903/903
f 938/938/938 937/937/937 939/939/939
f 936/936/936 917/917/917 935/935/935
f 917/917/917 936/936/936 934/934/934
f 939/939/939 941/941/941 940/940/940
f 941/941/941 939/939/939 937/937/937
f 942/942/942 944/944/944 943/943/943
f 944/944/944 942/942/942 945/945/945
f 945/945/945 942/942/942 946/946/946
f 917/917/917 932/932/932 923/923/923
f 932/932/932 917/917/917 934/934/934
f 947/947/947 940/940/940 941/941/941
f 948/948/948 945/945/945 946/946/946
f 945/945/945 948/948/948 949/949/949
f 950/950/950 951/951/951 947/947/947
f 947/947/947 952/952/952 950/950/950
f 952/952/952 947/947/947 941/941/941
f 891/891/891 899/899/899 935/935/935
f 899/899/899 891/891/891 892/892/892
f 891/891/891 917/917/917 913/913/913
f 917/917/917 891/891/891 935/935/935
f 930/930/930 925/925/925 932/932/932
f 925/925/925 930/930/930 926/926/926
f 925/925/925 923/923/923 932/932/932
f 923/923/923 925/925/925 924/924/924
f 940/940/940 951/951/951 953/953/953
f 951/951/951 940/940/940 947/947/947
f 912/912/912 908/908/908 909/909/909
f 953/953/953 933/933/933 934/934/934
f 946/946/946 953/953/953 951/951/951
f 953/953/953 946/946/946 933/933/933
f 954/954/954 951/951/951 950/950/950
f 955/955/955 904/904/904 905/905/905
f 956/956/956 880/880/880 957/957/957
f 880/880/880 956/956/956 883/883/883
f 880/880/880 904/904/904 955/955/955
f 949/949/949 944/944/944 945/945/945
f 958/958/958 959/959/959 955/955/955
f 938/938/938 901/901/901 905/905/905
f 901/901/901 938/938/938 900/900/900
f 939/939/939 900/900/900 938/938/938
f 900/900/900 939/939/939 936/936/936
f 936/936/936 953/953/953 934/934/934
f 936/936/936 940/940/940 953/953/953
f 936/936/936 939/939/939 940/940/940
f 890/890/890 895/895/895 896/896/896
f 895/895/895 890/890/890 887/887/887
f 960/960/960 930/930/930 933/933/933
f 930/930/930 960/960/960 929/929/929
f 931/931/931 960/960/960 961/961/961
f 960/960/960 931/931/931 929/929/929
f 895/895/895 962/962/962 898/898/898
f 907/907/907 962/962/962 963/963/963
f 962/962/962 907/907/907 898/898/898
f 933/933/933 942/942/942 960/960/960
f 942/942/942 933/933/933 946/946/946
f 960/960/960 943/943/943 961/961/961
f 943/943/943 960/960/960 942/942/942
f 906/906/906 907/907/907 910/910/910
f 909/909/909 907/907/907 963/963/963
f 910/910/910 907/907/907 909/909/909
f 962/962/962 893/893/893 894/894/894
f 893/893/893 962/962/962 895/895/895
f 963/963/963 894/894/894 912/912/912
f 894/894/894 963/963/963 962/962/962
f 909/909/909 963/963/963 912/912/912
f 892/892/892 902/902/902 899/899/899
f 902/902/902 892/892/892 964/964/964
f 905/905/905 903/903/903 938/938/938
f 959/959/959 957/957/957 955/955/955
f 957/957/957 880/880/880 955/955/955
f 965/965/965 967/967/967 966/966/966
f 967/967/967 965/965/965 968/968/968
f 969/969/969 965/965/965 966/966/966
f 965/965/965 969/969/969 970/970/970
f 893/893/893 887/887/887 968/968/968
f 887/887/887 893/893/893 895/895/895
f 886/886/886 888/888/888 889/889/889
f 888/888/888 886/886/886 884/884/884
f 883/883/883 888/888/888 884/884/884
f 956/956/956 971/971/971 883/883/883
f 918/918/918 888/888/888 972/972/972
f 887/887/887 888/888/888 918/918/918
f 964/964/964 893/893/893 968/968/968
f 893/893/893 964/964/964 892/892/892
f 967/967/967 887/887/887 919/919/919
f 887/887/887 967/967/967 968/968/968
f 965/965/965 964/964/964 968/968/968
f 965/965/965 902/902/902 964/964/964
f 902/902/902 965/965/965 970/970/970
f 905/905/905 958/958/958 955/955/955
f 958/958/958 905/905/905 901/901/901
f 880/880/880 881/881/881 904/904/904
f 973/973/973 974/974/974 937/937/937
f 975/975/975 974/974/974 973/973/973
f 974/974/974 941/941/941 937/937/937
f 973/973/973 903/903/903 904/904/904
f 973/973/973 937/937/937 903/903/903
f 883/883/883 884/884/884 882/882/882
f 956/956/956 959/959/959 976/976/976
f 959/959/959 956/956/956 957/957/957
f 977/977/977 958/958/958 978/978/978
f 958/958/958 977/977/977 959/959/959
f 978/978/978 901/901/901 902/902/902
f 901/901/901 978/978/978 958/958/958
f 919/919/919 972/972/972 979/979/979
f 972/972/972 919/919/919 918/918/918
f 956/956/956 980/980/980 971/971/971
f 980/980/980 956/956/956 976/976/976
f 919/919/919 979/979/979 967/967/967
f 981/981/981 983/983/983 982/982/982
f 983/983/983 981/981/981 984/984/984
f 985/985/985 987/987/987 986/986/986
f 988/988/988 990/990/990 989/989/989
f 991/991/991 993/993/993 992/992/992
f 994/994/994 996/996/996 995/995/995
f 997/997/997 999/999/999 998/998/998
f 1000/1000/1000 1002/1002/1002 1001/1001/1001
f 981/981/981 982/982/982 1003/1003/1003
f 1004/1004/1004 1006/1006/1006 1005/1005/1005
f 972/972/972 883/883/883 971/971/971
f 883/883/883 972/972/972 888/888/888
f 979/979/979 971/971/971 980/980/980
f 971/971/971 979/979/979 972/972/972
f 1006/1006/1006 984/984/984 1005/1005/1005
f 984/984/984 1006/1006/1006 983/983/983
f 1007/1007/1007 1009/1009/1009 1008/1008/1008
f 1010/1010/1010 1012/1012/1012 1011/1011/1011
f 902/902/902 970/970/970 978/978/978
f 977/977/977 970/970/970 969/969/969
f 970/970/970 977/977/977 978/978/978
f 1013/1013/1013 1015/1015/1015 1014/1014/1014
f 1016/1016/1016 1018/1018/1018 1017/1017/1017
f 1019/1019/1019 1021/1021/1021 1020/1020/1020
f 1022/1022/1022 1024/1024/1024 1023/1023/1023
f 1025/1025/1025 1027/1027/1027 1026/1026/1026
f 1028/1028/1028 1030/1030/1030 1029/1029/1029
f 1031/1031/1031 1033/1033/1033 1032/1032/1032
f 1034/1034/1034 1036/1036/1036 1035/1035/1035
f 1003/1003/1003 1037/1037/1037 981/981/981
f 984/984/984 1037/1037/1037 1038/1038/1038
f 1037/1037/1037 984/984/984 981/981/981
f 1039/1039/1039 984/984/984 1038/1038/1038
f 984/984/984 1039/1039/1039 1005/1005/1005
f 1005/1005/1005 1039/1039/1039 1004/1004/1004
f 1040/1040/1040 1042/1042/1042 1041/1041/1041
f 1043/1043/1043 1045/1045/1045 1044/1044/1044
f 1045/1045/1045 1043/1043/1043 1046/1046/1046
f 1042/1042/1042 1043/1043/1043 1041/1041/1041
f 1043/1043/1043 1042/1042/1042 1046/1046/1046
f 1044/1044/1044 1045/1045/1045 1047/1047/1047
f 1048/1048/1048 1044/1044/1044 1047/1047/1047
f 1044/1044/1044 1048/1048/1048 1043/1043/1043
f 1040/1040/1040 1043/1043/1043 1048/1048/1048
f 1043/1043/1043 1040/1040/1040 1041/1041/1041
f 1040/1040/1040 1049/1049/1049 1042/1042/1042
f 1048/1048/1048 1049/1049/1049 1040/1040/1040
f 881/881/881 1051/1051/1051 1050/1050/1050
f 1051/1051/1051 881/881/881 882/882/882
f 882/882/882 885/885/885 1051/1051/1051
f 885/885/885 882/882/882 884/884/884
f 948/948/948 951/951/951 954/954/954
f 951/951/951 948/948/948 946/946/946
f 879/879/879 864/864/864 877/877/877
f 1052/1052/1052 1054/1054/1054 1053/1053/1053
f 1055/1055/1055 855/855/855 1056/1056/1056
f 855/855/855 1055/1055/1055 854/854/854
f 1054/1054/1054 1056/1056/1056 1057/1057/1057
f 1056/1056/1056 1054/1054/1054 1055/1055/1055
f 1054/1054/1054 1057/1057/1057 1053/1053/1053
f 1058/1058/1058 1060/1060/1060 1059/1059/1059
f 1060/1060/1060 1058/1058/1058 1061/1061/1061
f 1059/1059/1059 862/862/862 863/863/863
f 862/862/862 1059/1059/1059 1060/1060/1060
f 1062/1062/1062 866/866/866 1063/1063/1063
f 866/866/866 1062/1062/1062 865/865/865
f 1062/1062/1062 1063/1063/1063 1064/1064/1064
f 1064/1064/1064 1058/1058/1058 1065/1065/1065
f 1058/1058/1058 1064/1064/1064 1061/1061/1061
f 1065/1065/1065 1058/1058/1058 1066/1066/1066
f 1067/1067/1067 1060/1060/1060 1061/1061/1061
f 1060/1060/1060 1067/1067/1067 1068/1068/1068
f 873/873/873 1060/1060/1060 1068/1068/1068
f 1060/1060/1060 873/873/873 862/862/862
f 874/874/874 1063/1063/1063 866/866/866
f 1063/1063/1063 874/874/874 1069/1069/1069
f 1063/1063/1063 1070/1070/1070 1064/1064/1064
f 1070/1070/1070 1061/1061/1061 1064/1064/1064
f 1061/1061/1061 1070/1070/1070 1067/1067/1067
f 865/865/865 1071/1071/1071 878/878/878
f 1071/1071/1071 865/865/865 1062/1062/1062
f 1062/1062/1062 1065/1065/1065 1072/1072/1072
f 1065/1065/1065 1062/1062/1062 1064/1064/1064
f 1069/1069/1069 1070/1070/1070 1063/1063/1063
f 1073/1073/1073 1075/1075/1075 1074/1074/1074
f 1075/1075/1075 1073/1073/1073 1076/1076/1076
f 1077/1077/1077 885/885/885 886/886/886
f 1078/1078/1078 889/889/889 890/890/890
f 889/889/889 1078/1078/1078 1079/1079/1079
f 1080/1080/1080 1082/1082/1082 1081/1081/1081
f 1082/1082/1082 1080/1080/1080 1083/1083/1083
f 1084/1084/1084 897/897/897 1085/1085/1085
f 897/897/897 1084/1084/1084 896/896/896
f 1086/1086/1086 1088/1088/1088 1087/1087/1087
f 1088/1088/1088 1086/1086/1086 1089/1089/1089
f 1090/1090/1090 1092/1092/1092 1091/1091/1091
f 897/897/897 1093/1093/1093 1085/1085/1085
f 1093/1093/1093 897/897/897 906/906/906
f 1094/1094/1094 910/910/910 911/911/911
f 910/910/910 1094/1094/1094 1095/1095/1095
f 1080/1080/1080 1097/1097/1097 1096/1096/1096
f 1097/1097/1097 1080/1080/1080 1081/1081/1081
f 1094/1094/1094 914/914/914 1098/1098/1098
f 914/914/914 1094/1094/1094 911/911/911
f 1098/1098/1098 1099/1099/1099 1096/1096/1096
f 1099/1099/1099 1098/1098/1098 1100/1100/1100
f 1101/1101/1101 1078/1078/1078 1102/1102/1102
f 1103/1103/1103 921/921/921 922/922/922
f 921/921/921 1103/1103/1103 1100/1100/1100
f 914/914/914 1100/1100/1100 1098/1098/1098
f 1100/1100/1100 914/914/914 921/921/921
f 1097/1097/1097 1098/1098/1098 1096/1096/1096
f 1098/1098/1098 1097/1097/1097 1094/1094/1094
f 1100/1100/1100 1104/1104/1104 1099/1099/1099
f 1104/1104/1104 1103/1103/1103 1105/1105/1105
f 1103/1103/1103 1104/1104/1104 1100/1100/1100
f 1106/1106/1106 1105/1105/1105 1107/1107/1107
f 1105/1105/1105 1108/1108/1108 1107/1107/1107
f 1108/1108/1108 1105/1105/1105 1103/1103/1103
f 1108/1108/1108 922/922/922 928/928/928
f 922/922/922 1108/1108/1108 1103/1103/1103
f 1109/1109/1109 1107/1107/1107 1108/1108/1108
f 1107/1107/1107 1109/1109/1109 1110/1110/1110
f 1108/1108/1108 931/931/931 1109/1109/1109
f 931/931/931 1108/1108/1108 928/928/928
f 1111/1111/1111 1113/1113/1113 1112/1112/1112
f 1113/1113/1113 1111/1111/1111 1110/1110/1110
f 1114/1114/1114 1089/1089/1089 1086/1086/1086
f 1089/1089/1089 1114/1114/1114 1115/1115/1115
f 1116/1116/1116 1118/1118/1118 1117/1117/1117
f 1118/1118/1118 1116/1116/1116 1090/1090/1090
f 1115/1115/1115 1099/1099/1099 1112/1112/1112
f 1099/1099/1099 1115/1115/1115 1114/1114/1114
f 1117/1117/1117 1119/1119/1119 1116/1116/1116
f 1119/1119/1119 1117/1117/1117 1120/1120/1120
f 1121/1121/1121 944/944/944 1122/1122/1122
f 944/944/944 1121/1121/1121 943/943/943
f 1122/1122/1122 1123/1123/1123 1121/1121/1121
f 1099/1099/1099 1111/1111/1111 1112/1112/1112
f 1111/1111/1111 1099/1099/1099 1104/1104/1104
f 1124/1124/1124 1119/1119/1119 1120/1120/1120
f 1125/1125/1125 1122/1122/1122 949/949/949
f 1122/1122/1122 1125/1125/1125 1123/1123/1123
f 1126/1126/1126 1124/1124/1124 1127/1127/1127
f 1124/1124/1124 1128/1128/1128 1119/1119/1119
f 1128/1128/1128 1124/1124/1124 1126/1126/1126
f 1080/1080/1080 1086/1086/1086 1083/1083/1083
f 1086/1086/1086 1080/1080/1080 1114/1114/1114
f 1080/1080/1080 1099/1099/1099 1114/1114/1114
f 1099/1099/1099 1080/1080/1080 1096/1096/1096
f 1110/1110/1110 1111/1111/1111 1106/1106/1106
f 1106/1106/1106 1107/1107/1107 1110/1110/1110
f 1106/1106/1106 1104/1104/1104 1105/1105/1105
f 1104/1104/1104 1106/1106/1106 1111/1111/1111
f 1120/1120/1120 1127/1127/1127 1124/1124/1124
f 1127/1127/1127 1120/1120/1120 1129/1129/1129
f 1097/1097/1097 1095/1095/1095 1094/1094/1094
f 1129/1129/1129 1112/1112/1112 1113/1113/1113
f 1123/1123/1123 1129/1129/1129 1113/1113/1113
f 1129/1129/1129 1123/1123/1123 1127/1127/1127
f 1130/1130/1130 1126/1126/1126 1127/1127/1127
f 1131/1131/1131 1091/1091/1091 1092/1092/1092
f 1132/1132/1132 1073/1073/1073 1074/1074/1074
f 1073/1073/1073 1132/1132/1132 1133/1133/1133
f 1073/1073/1073 1131/1131/1131 1092/1092/1092
f 949/949/949 1122/1122/1122 944/944/944
f 1134/1134/1134 1131/1131/1131 1135/1135/1135
f 1118/1118/1118 1088/1088/1088 1089/1089/1089
f 1088/1088/1088 1118/1118/1118 1091/1091/1091
f 1117/1117/1117 1089/1089/1089 1115/1115/1115
f 1089/1089/1089 1117/1117/1117 1118/1118/1118
f 1115/1115/1115 1120/1120/1120 1117/1117/1117
f 1115/1115/1115 1129/1129/1129 1120/1120/1120
f 1115/1115/1115 1112/1112/1112 1129/1129/1129
f 890/890/890 1084/1084/1084 1078/1078/1078
f 1084/1084/1084 890/890/890 896/896/896
f 1136/1136/1136 1110/1110/1110 1109/1109/1109
f 1110/1110/1110 1136/1136/1136 1113/1113/1113
f 931/931/931 1136/1136/1136 1109/1109/1109
f 1136/1136/1136 931/931/931 961/961/961
f 1084/1084/1084 1085/1085/1085 1137/1137/1137
f 1093/1093/1093 1137/1137/1137 1085/1085/1085
f 1137/1137/1137 1093/1093/1093 1138/1138/1138
f 1113/1113/1113 1121/1121/1121 1123/1123/1123
f 1121/1121/1121 1113/1113/1113 1136/1136/1136
f 1136/1136/1136 943/943/943 1121/1121/1121
f 943/943/943 1136/1136/1136 961/961/961
f 906/906/906 910/910/910 1093/1093/1093
f 1095/1095/1095 1138/1138/1138 1093/1093/1093
f 910/910/910 1095/1095/1095 1093/1093/1093
f 1137/1137/1137 1082/1082/1082 1084/1084/1084
f 1082/1082/1082 1137/1137/1137 1081/1081/1081
f 1138/1138/1138 1081/1081/1081 1137/1137/1137
f 1081/1081/1081 1138/1138/1138 1097/1097/1097
f 1095/1095/1095 1097/1097/1097 1138/1138/1138
f 1083/1083/1083 1087/1087/1087 1139/1139/1139
f 1087/1087/1087 1083/1083/1083 1086/1086/1086
f 1091/1091/1091 1118/1118/1118 1090/1090/1090
f 1135/1135/1135 1131/1131/1131 1133/1133/1133
f 1133/1133/1133 1131/1131/1131 1073/1073/1073
f 1140/1140/1140 1142/1142/1142 1141/1141/1141
f 1142/1142/1142 1140/1140/1140 1143/1143/1143
f 1144/1144/1144 1140/1140/1140 1145/1145/1145
f 1140/1140/1140 1144/1144/1144 1143/1143/1143
f 1082/1082/1082 1078/1078/1078 1084/1084/1084
f 1078/1078/1078 1082/1082/1082 1141/1141/1141
f 886/886/886 1079/1079/1079 1077/1077/1077
f 1079/1079/1079 886/886/886 889/889/889
f 1074/1074/1074 1077/1077/1077 1079/1079/1079
f 1132/1132/1132 1074/1074/1074 1146/1146/1146
f 1101/1101/1101 1147/1147/1147 1079/1079/1079
f 1078/1078/1078 1101/1101/1101 1079/1079/1079
f 1139/1139/1139 1082/1082/1082 1083/1083/1083
f 1082/1082/1082 1139/1139/1139 1141/1141/1141
f 1142/1142/1142 1078/1078/1078 1141/1141/1141
f 1078/1078/1078 1142/1142/1142 1102/1102/1102
f 1140/1140/1140 1141/1141/1141 1139/1139/1139
f 1140/1140/1140 1087/1087/1087 1145/1145/1145
f 1087/1087/1087 1140/1140/1140 1139/1139/1139
f 1091/1091/1091 1134/1134/1134 1088/1088/1088
f 1134/1134/1134 1091/1091/1091 1131/1131/1131
f 1073/1073/1073 1092/1092/1092 1076/1076/1076
f 1148/1148/1148 1116/1116/1116 1149/1149/1149
f 1150/1150/1150 1148/1148/1148 1149/1149/1149
f 1149/1149/1149 1116/1116/1116 1119/1119/1119
f 1148/1148/1148 1092/1092/1092 1090/1090/1090
f 1148/1148/1148 1090/1090/1090 1116/1116/1116
f 1074/1074/1074 1075/1075/1075 1077/1077/1077
f 1132/1132/1132 1135/1135/1135 1133/1133/1133
f 1135/1135/1135 1132/1132/1132 1151/1151/1151
f 1152/1152/1152 1134/1134/1134 1135/1135/1135
f 1134/1134/1134 1152/1152/1152 1153/1153/1153
f 1153/1153/1153 1088/1088/1088 1134/1134/1134
f 1088/1088/1088 1153/1153/1153 1087/1087/1087
f 1102/1102/1102 1147/1147/1147 1101/1101/1101
f 1147/1147/1147 1102/1102/1102 1154/1154/1154
f 1132/1132/1132 1155/1155/1155 1151/1151/1151
f 1155/1155/1155 1132/1132/1132 1146/1146/1146
f 1102/1102/1102 1142/1142/1142 1154/1154/1154
f 1156/1156/1156 1158/1158/1158 1157/1157/1157
f 1158/1158/1158 1156/1156/1156 1159/1159/1159
f 1160/1160/1160 1162/1162/1162 1161/1161/1161
f 1163/1163/1163 1165/1165/1165 1164/1164/1164
f 1166/1166/1166 1168/1168/1168 1167/1167/1167
f 1169/1169/1169 1171/1171/1171 1170/1170/1170
f 1172/1172/1172 1174/1174/1174 1173/1173/1173
f 1175/1175/1175 1177/1177/1177 1176/1176/1176
f 1156/1156/1156 1178/1178/1178 1159/1159/1159
f 1179/1179/1179 1181/1181/1181 1180/1180/1180
f 1147/1147/1147 1074/1074/1074 1079/1079/1079
f 1074/1074/1074 1147/1147/1147 1146/1146/1146
f 1154/1154/1154 1146/1146/1146 1147/1147/1147
f 1146/1146/1146 1154/1154/1154 1155/1155/1155
f 1180/1180/1180 1157/1157/1157 1158/1158/1158
f 1157/1157/1157 1180/1180/1180 1181/1181/1181
f 1182/1182/1182 1184/1184/1184 1183/1183/1183
f 1185/1185/1185 1187/1187/1187 1186/1186/1186
f 1087/1087/1087 1153/1153/1153 1145/1145/1145
f 1152/1152/1152 1145/1145/1145 1153/1153/1153
f 1145/1145/1145 1152/1152/1152 1144/1144/1144
f 1188/1188/1188 1190/1190/1190 1189/1189/1189
f 1191/1191/1191 1193/1193/1193 1192/1192/1192
f 1194/1194/1194 1196/1196/1196 1195/1195/1195
f 1197/1197/1197 1199/1199/1199 1198/1198/1198
f 1200/1200/1200 1202/1202/1202 1201/1201/1201
f 1203/1203/1203 1205/1205/1205 1204/1204/1204
f 1206/1206/1206 1208/1208/1208 1207/1207/1207
f 1209/1209/1209 1211/1211/1211 1210/1210/1210
f 1178/1178/1178 1156/1156/1156 1212/1212/1212
f 1157/1157/1157 1212/1212/1212 1156/1156/1156
f 1212/1212/1212 1157/1157/1157 1213/1213/1213
f 1214/1214/1214 1157/1157/1157 1181/1181/1181
f 1157/1157/1157 1214/1214/1214 1213/1213/1213
f 1181/1181/1181 1179/1179/1179 1214/1214/1214
f 1215/1215/1215 1217/1217/1217 1216/1216/1216
f 1218/1218/1218 1220/1220/1220 1219/1219/1219
f 1220/1220/1220 1218/1218/1218 1221/1221/1221
f 1216/1216/1216 1218/1218/1218 1219/1219/1219
f 1218/1218/1218 1216/1216/1216 1217/1217/1217
f 1221/1221/1221 1222/1222/1222 1220/1220/1220
f 1223/1223/1223 1221/1221/1221 1218/1218/1218
f 1221/1221/1221 1223/1223/1223 1222/1222/1222
f 1215/1215/1215 1218/1218/1218 1217/1217/1217
f 1218/1218/1218 1215/1215/1215 1223/1223/1223
f 1215/1215/1215 1216/1216/1216 1224/1224/1224
f 1223/1223/1223 1215/1215/1215 1224/1224/1224
f 1076/1076/1076 1225/1225/1225 1075/1075/1075
f 1225/1225/1225 1076/1076/1076 1226/1226/1226
f 1075/1075/1075 885/885/885 1077/1077/1077
f 885/885/885 1075/1075/1075 1225/1225/1225
f 1125/1125/1125 1127/1127/1127 1123/1123/1123
f 1127/1127/1127 1125/1125/1125 1130/1130/1130
f 1072/1072/1072 1071/1071/1071 1062/1062/1062
