# NewFace03.bmd — MU bind-pose geometry, exported for MU2
# 5 mesh(es)

g elf_hair
# texture: elf_hair.tga
v 0.65145 7.992268 0.814366
v 0.474936 8.302954 0.834978
v 0.299914 8.222895 0.977242
v 0.478841 7.908127 0.940041
v 0.632004 7.176643 0.80497
v 0.582961 6.775436 0.71195
v 0.694925 6.809539 0.66799
v 0.780122 7.241253 0.70494
v 0.764846 7.582415 0.750919
v 0.616971 7.544688 0.842973
v 0.422309 6.34784 0.607528
v 0.365702 4.441733 0.792952
v 0.268229 4.412915 0.907345
v 0.00499 4.051857 1.139861
v 0.648924 4.953606 0.556711
v 0.442532 4.955211 0.771627
v -0.040877 7.108612 0.582491
v 0.096013 7.240834 0.635246
v 0.077583 7.247962 0.726838
v -0.055492 7.114264 0.65512
v 0.159722 7.286603 0.750487
v 0.164507 7.267144 0.657108
v 0.338448 7.264403 0.663575
v 0.338448 7.264403 0.663575
v 0.335085 7.281067 0.757457
v 0.159722 7.286603 0.750487
v 0.077583 7.247962 0.726838
v 0.096013 7.240834 0.635246
v 0.164507 7.267144 0.657108
v 0.164507 7.267144 0.657108
v 0.159722 7.286603 0.750487
v 0.077583 7.247962 0.726838
v 0.338448 7.264403 0.663575
v 0.439709 7.23299 0.62082
v 0.461756 7.249586 0.719719
v 0.335085 7.281067 0.757457
v 0.530337 7.183375 0.558723
v 0.56354 7.203501 0.640257
v 0.065848 7.296832 0.821645
v -0.068384 7.16481 0.734423
v 0.335085 7.281067 0.757457
v 0.330361 7.332812 0.853451
v 0.15667 7.344327 0.846352
v 0.15667 7.344327 0.846352
v 0.159722 7.286603 0.750487
v 0.335085 7.281067 0.757457
v 0.159722 7.286603 0.750487
v 0.15667 7.344327 0.846352
v 0.065848 7.296832 0.821645
v 0.065848 7.296832 0.821645
v 0.077583 7.247962 0.726838
v 0.159722 7.286603 0.750487
v 0.470451 7.301805 0.818478
v 0.330361 7.332812 0.853451
v 0.593627 7.250077 0.743657
v -0.316282 8.367382 0.916484
v -0.15878 8.517316 1.018042
v -0.431192 8.521342 0.850691
v 0.126032 8.5722 0.798858
v -0.166488 8.341741 0.984323
v 0.011742 8.328609 0.993689
v 0.318623 8.526407 0.860611
v 0.501537 8.305777 0.87919
v 0.605165 8.330111 0.601987
v 0.365738 8.503098 0.69022
v 0.259452 8.194239 1.004578
v 0.445368 7.902606 0.978032
v 0.751694 7.994191 0.855563
v 0.944679 7.333426 0.792055
v 0.853551 7.328181 0.536891
v 0.723174 8.066427 0.613106
v 0.80635 6.016376 0.695866
v 0.941211 6.843165 0.721887
v 0.687556 6.728973 0.904692
v 0.585867 5.949173 0.76568
v 0.627055 7.269961 0.942082
v 0.26216 8.541618 0.747096
v 0.329928 5.183626 0.621836
v 0.196328 8.200817 0.715357
v 0.267722 8.643896 0.873656
v -0.110945 8.324443 0.768612
v 0.53553 8.166029 0.541102
v 0.600538 8.423067 0.576432
v -0.356566 9.104799 0.487111
v -0.431192 8.521342 0.850691
v -0.15878 8.517316 1.018042
v -0.17692 9.129755 0.488376
v 0.346392 8.85498 0.766156
v 0.363815 9.061377 0.528642
v 0.76816 4.449346 0.270177
v 0.94704 5.396605 -0.141246
v 0.922254 4.949392 0.229228
v 0.164229 8.440665 1.047263
v 0.668966 8.60885 0.726637
v 0.770486 8.680009 0.404242
v 0.951429 8.098518 0.562523
v 1.045245 8.097987 0.134695
v 1.074235 7.399375 0.356219
v 0.706172 8.029142 0.995396
v 0.963466 7.216229 0.856412
v 1.084235 6.439434 -0.210338
v 0.9158 7.523868 -0.07982
v 1.169598 6.150357 0.182885
v 0.861338 6.047737 0.675947
v 0.638004 3.627891 0.694914
v 0.829114 3.797854 1.036048
v 0.625396 3.109691 1.744558
v 0.222145 2.693973 0.863447
v 0.625396 3.109691 1.744558
v -0.025027 3.698168 1.837758
v -0.285075 3.331791 2.13844
v 0.429947 2.74118 2.093698
v -0.501306 1.990889 2.854203
v 0.429947 2.74118 2.093698
v -0.019376 2.435384 1.340849
v -0.437432 1.775562 2.662637
v 0.829114 3.797854 1.036048
v 0.505714 4.074216 1.092178
v 0.307812 3.899374 0.751285
v -0.280695 3.335557 1.188859
v -0.025027 3.698168 1.837758
v 0.505714 4.074216 1.092178
v -0.670091 3.009406 1.425703
v -0.285075 3.331791 2.13844
v -0.607759 2.416175 2.294323
v -0.280695 3.335557 1.188859
v 0.307812 3.899374 0.751285
v -0.019376 2.435384 1.340849
v -0.670091 3.009406 1.425703
v -0.556932 2.24479 2.141725
v -0.285979 8.249777 0.790455
v 0.035434 8.518639 0.673698
v 0.812397 5.764818 0.641569
v 0.678688 5.781451 0.460328
v 0.841403 6.886132 0.496723
v 0.378456 4.796439 0.537844
v 0.042342 3.57667 1.153869
v 0.390572 4.310727 0.793011
v -0.419671 8.149497 0.789056
v -1.855557 4.349391 0.116356
v -1.657452 3.85564 0.461952
v -1.778734 4.28787 0.233583
v -1.784975 4.822613 0.128107
v -1.944308 4.919735 -0.104245
v -0.693765 7.110178 0.450997
v -0.858223 7.250206 0.538363
v -0.839793 7.243079 0.44677
v -0.70838 7.115829 0.523626
v -0.942934 7.289249 0.528407
v -1.074182 7.267793 0.379065
v -0.911288 7.269725 0.440438
v -1.074182 7.267793 0.379065
v -0.942934 7.289249 0.528407
v -1.107347 7.284528 0.466945
v -0.858223 7.250206 0.538363
v -0.911288 7.269725 0.440438
v -0.839793 7.243079 0.44677
v -0.911288 7.269725 0.440438
v -0.858223 7.250206 0.538363
v -0.942934 7.289249 0.528407
v -1.074182 7.267793 0.379065
v -1.209677 7.253595 0.383085
v -1.151141 7.236807 0.300416
v -1.107347 7.284528 0.466945
v -1.272977 7.207907 0.270374
v -1.210893 7.187552 0.208032
v -0.726958 7.16639 0.601784
v -0.883878 7.29911 0.630366
v -0.976964 7.347047 0.618033
v -1.14001 7.33634 0.557312
v -1.107347 7.284528 0.466945
v -1.107347 7.284528 0.466945
v -0.942934 7.289249 0.528407
v -0.976964 7.347047 0.618033
v -0.883878 7.29911 0.630366
v -0.976964 7.347047 0.618033
v -0.942934 7.289249 0.528407
v -0.942934 7.289249 0.528407
v -0.858223 7.250206 0.538363
v -0.883878 7.29911 0.630366
v -1.255683 7.305946 0.470827
v -1.340529 7.254718 0.35411
v -0.563321 8.367974 0.866729
v -0.747164 8.518727 0.899539
v -0.895831 8.330788 0.8109
v -0.727814 8.343087 0.871269
v -0.924667 8.57472 0.587243
v -1.126358 8.529875 0.569586
v -1.103946 8.506623 0.394219
v -1.291347 8.334661 0.220021
v -1.305608 8.309939 0.512883
v -1.524918 7.981989 0.440055
v -1.288044 7.925761 0.679406
v -1.127033 8.228481 0.732441
v -1.495535 7.274312 0.207739
v -1.677247 7.308539 0.40585
v -1.405673 8.071534 0.184347
v -1.489605 6.692707 0.619097
v -1.685365 6.839264 0.392959
v -1.696475 5.998292 0.329209
v -1.539096 5.849619 0.440987
v -1.440651 7.284467 0.670264
v -1.030284 8.544718 0.486792
v -1.520179 5.058444 0.221656
v -0.958871 8.203588 0.482694
v -0.695603 8.325846 0.65086
v -1.083933 8.647139 0.601427
v -1.27676 8.42757 0.198336
v -1.204328 8.170203 0.190687
v -0.747164 8.518727 0.899539
v -0.522578 9.130584 0.41876
v -1.113881 8.858483 0.472051
v -1.037052 9.064737 0.246501
v -2.205015 4.499116 -0.422896
v -2.15101 5.048227 -0.454555
v -2.100728 5.470149 -0.743762
v -1.360085 8.592302 0.341536
v -1.056652 8.443594 0.801373
v -1.589333 8.083847 0.104694
v -1.351059 8.645533 0.016758
v -1.570796 8.090495 -0.341296
v -1.462231 8.009221 0.584972
v -1.712733 7.412691 -0.186065
v -1.581085 7.185977 0.290594
v -1.575906 7.549274 -0.576625
v -1.847546 6.489177 -0.805055
v -1.975941 6.23587 -0.397475
v -1.612186 6.041882 0.051527
v -0.752008 1.663148 -3.870416
v -0.840996 2.576961 -3.453145
v -0.448977 2.637625 -3.296939
v 0.220294 1.880421 -3.525235
v -0.752008 1.663148 -3.870416
v -0.929656 0.973482 -3.144983
v -1.065837 1.490413 -3.064376
v -0.66241 1.147034 -4.017032
v -0.373613 -0.236309 -3.909483
v 0.160095 1.295688 -3.612664
v -0.66241 1.147034 -4.017032
v -0.111897 -0.158842 -4.021825
v -0.840996 2.576961 -3.453145
v -0.991722 2.477116 -3.064046
v -1.065837 1.490413 -3.064376
v -0.319979 1.648907 -2.873433
v -0.594654 2.531676 -2.905121
v -0.991722 2.477116 -3.064046
v -0.929656 0.973482 -3.144983
v -0.137981 1.122488 -2.811909
v -0.289546 0.285235 -3.43331
v -0.594654 2.531676 -2.905121
v -0.319979 1.648907 -2.873433
v 0.160095 1.295688 -3.612664
v -0.137981 1.122488 -2.811909
v -0.081146 0.346779 -3.522712
v -0.543017 8.250393 0.738687
v -0.79293 8.520626 0.506862
v -1.53637 6.87576 0.195549
v -1.593659 5.75331 0.091828
v -1.769827 5.771589 0.231835
v -1.668338 4.723774 0.062901
v -1.844797 3.417121 0.453979
v -1.920803 4.233192 0.109712
vn 0.553128 0.124623 0.823722
vn 0.538198 0.252492 0.804108
vn 0.529635 0.230983 0.81617
vn 0.541269 0.111412 0.833436
vn 0.577812 -0.141241 0.803856
vn 0.429456 -0.322664 0.843478
vn 0.454816 -0.277666 0.846194
vn 0.582779 -0.113277 0.804697
vn 0.546174 -0.046005 0.836407
vn 0.543089 -0.050842 0.838135
vn 0.434482 -0.364546 0.823609
vn 0.7614 -0.100213 0.64049
vn 0.770789 -0.143972 0.62061
vn 0.770786 -0.165833 0.615133
vn 0.747283 -0.172177 0.641813
vn 0.718602 -0.131822 0.682814
vn 0.326026 -0.261278 0.908538
vn -0.002455 -0.352414 0.935841
vn 0.563108 -0.74834 0.350566
vn 0.579061 -0.756616 0.303679
vn -0.02282 -0.97903 0.202433
vn -0.02282 -0.97903 0.202433
vn -0.02282 -0.97903 0.202433
vn -0.037505 -0.984123 0.17348
vn -0.037505 -0.984123 0.17348
vn -0.037505 -0.984123 0.17348
vn 0.316735 -0.938601 0.136771
vn 0.316735 -0.938601 0.136771
vn 0.316735 -0.938602 0.136771
vn 0.366593 -0.90691 0.207662
vn 0.366593 -0.90691 0.207662
vn 0.366593 -0.90691 0.207662
vn 0.063123 -0.45633 0.887569
vn 0.166163 -0.644866 0.746015
vn -0.144622 -0.925729 0.349443
vn -0.122854 -0.92526 0.358888
vn 0.523189 -0.266963 0.809324
vn -0.195691 -0.920126 0.339224
vn 0.470784 -0.744555 0.473286
vn 0.385695 -0.748441 0.539514
vn -0.077316 -0.879469 0.469634
vn -0.077316 -0.879469 0.469634
vn -0.077316 -0.879469 0.469634
vn -0.047035 -0.856468 0.514054
vn -0.047035 -0.856468 0.514054
vn -0.047035 -0.856468 0.514054
vn 0.290437 -0.815731 0.500229
vn 0.290437 -0.815731 0.500229
vn 0.290437 -0.815731 0.500229
vn 0.262318 -0.844334 0.467215
vn 0.262318 -0.844334 0.467215
vn 0.262318 -0.844334 0.467215
vn -0.079423 -0.878555 0.470992
vn -0.077419 -0.879451 0.469651
vn -0.07741 -0.891854 0.44565
vn -0.172824 -0.415213 0.893158
vn 0.02 0.000544 0.9998
vn -0.190256 0.256267 0.947697
vn -0.224295 0.855095 0.467445
vn -0.465745 0.832511 0.300012
vn 0.039609 0.553366 0.831996
vn 0.37255 0.778663 0.504866
vn 0.572156 0.495183 0.653783
vn 0.751029 0.60854 0.256193
vn 0.607407 0.778749 0.156862
vn 0.275022 0.286972 0.917611
vn 0.356611 0.084817 0.930395
vn 0.799235 0.263653 0.540103
vn 0.921974 0.095325 0.375336
vn 0.936663 0.14663 -0.318061
vn 0.948599 0.315994 -0.017552
vn 0.397404 -0.221644 0.890474
vn 0.967137 -0.065021 0.245801
vn 0.581334 -0.078273 0.809891
vn 0.362601 -0.2595 0.895087
vn 0.457751 -0.004654 0.889068
vn 0.0822 -0.748763 0.657722
vn 0.367944 -0.289 0.883796
vn 0.277784 -0.073946 0.957793
vn 0.329873 -0.46759 0.820088
vn 0.227066 -0.407461 0.884543
vn 0.577335 0.002519 0.816503
vn 0.453364 -0.299999 0.839322
vn -0.123925 0.771138 0.624491
vn -0.190256 0.256267 0.947697
vn 0.02 0.000544 0.9998
vn -0.055882 0.809165 0.584918
vn 0.306614 0.621879 0.720593
vn 0.341891 0.73876 0.580813
vn 0.851374 -0.167502 0.497097
vn 0.953782 -0.205928 -0.218847
vn 0.947461 -0.266562 0.176813
vn 0.229613 0.479301 0.847082
vn 0.65019 0.499143 0.572808
vn 0.728566 0.371314 0.575602
vn 0.909039 0.194143 0.368723
vn 0.984646 0.154784 0.08071
vn 0.996196 0.070724 0.050914
vn 0.767121 0.259052 0.586871
vn 0.971319 0.048374 0.232809
vn 0.975396 0.035186 -0.217636
vn 0.943242 0.050594 -0.32823
vn 0.988958 -0.080328 0.124534
vn 0.854485 -0.11591 0.50638
vn 0.474428 -0.379856 -0.794121
vn 0.956808 0.017586 0.290188
vn 0.918916 -0.05817 0.390141
vn 0.114276 -0.662378 -0.740403
vn 0.918916 -0.05817 0.390141
vn -0.199142 0.816694 0.541621
vn -0.291373 0.669997 0.682793
vn 0.865164 -0.164971 0.473577
vn 0.374084 0.389047 0.841846
vn 0.865164 -0.164971 0.473577
vn 0.102067 -0.836408 -0.53852
vn 0.698022 -0.704046 -0.130704
vn 0.956808 0.017586 0.290188
vn -0.030062 0.9009 0.432985
vn -0.660161 0.427412 -0.617663
vn -0.781509 0.325525 -0.532238
vn -0.199142 0.816694 0.541621
vn -0.030062 0.9009 0.432985
vn -0.88016 0.142089 -0.452912
vn -0.291373 0.669997 0.682793
vn -0.878681 0.362488 0.31068
vn -0.781509 0.325525 -0.532238
vn -0.660161 0.427412 -0.617663
vn 0.102067 -0.836408 -0.53852
vn -0.88016 0.142089 -0.452912
vn -0.595012 -0.594492 -0.54087
vn -0.616465 0.786757 0.0314
vn -0.614071 0.781628 0.10943
vn 0.793531 -0.17769 -0.582009
vn 0.78143 -0.19101 -0.594039
vn 0.905909 -0.031973 -0.422263
vn 0.760634 -0.278047 -0.586622
vn 0.819457 -0.112477 0.561996
vn 0.819566 -0.11554 0.561216
vn -0.196084 -0.129151 0.972045
vn -0.806481 0.09994 0.582753
vn -0.816346 0.073503 0.572867
vn -0.813463 0.08249 0.575738
vn -0.794736 0.12148 0.594674
vn -0.816458 0.138187 0.560626
vn -0.653507 -0.258928 0.711256
vn -0.658356 -0.74541 0.104557
vn -0.361642 -0.351592 0.863481
vn -0.654953 -0.753655 0.055143
vn -0.061836 -0.978937 0.194575
vn -0.061836 -0.978937 0.194575
vn -0.061836 -0.978937 0.194575
vn -0.037113 -0.984124 0.173559
vn -0.037113 -0.984124 0.173559
vn -0.037113 -0.984124 0.173559
vn -0.34931 -0.937004 0.002626
vn -0.34931 -0.937003 0.002626
vn -0.34931 -0.937004 0.002626
vn -0.422577 -0.905017 0.04872
vn -0.422576 -0.905017 0.04872
vn -0.422577 -0.905017 0.04872
vn -0.403975 -0.455199 0.793472
vn -0.006195 -0.926061 0.377323
vn -0.444966 -0.6434 0.622931
vn -0.029901 -0.925519 0.377519
vn 0.044874 -0.920704 0.387675
vn -0.796916 -0.263796 0.543449
vn -0.567849 -0.74619 0.347488
vn -0.620609 -0.74199 0.253564
vn -0.114566 -0.87938 0.462132
vn -0.114566 -0.87938 0.462132
vn -0.114566 -0.87938 0.462132
vn -0.159574 -0.856198 0.491388
vn -0.159574 -0.856198 0.491388
vn -0.159574 -0.856198 0.491388
vn -0.465192 -0.813919 0.348041
vn -0.465193 -0.813919 0.348041
vn -0.465193 -0.813919 0.348041
vn -0.426654 -0.842655 0.328481
vn -0.426653 -0.842655 0.328481
vn -0.426653 -0.842655 0.328481
vn -0.113145 -0.878474 0.4642
vn -0.105252 -0.891787 0.440043
vn -0.188312 -0.415175 0.890038
vn -0.405465 0.001565 0.914109
vn -0.336832 0.572098 0.747829
vn 0.317131 0.830633 0.457687
vn 0.029799 0.854485 0.518621
vn -0.528741 0.788646 0.3138
vn -0.614057 0.783872 -0.092078
vn -0.79905 0.599294 -0.04864
vn -0.779831 0.523374 0.343428
vn -0.944226 0.27055 0.187724
vn -0.682998 0.185619 0.706442
vn -0.592796 0.353609 0.72357
vn -0.762416 0.110281 -0.63762
vn -0.991724 0.12808 -0.008915
vn -0.901478 0.294442 -0.31724
vn -0.752567 -0.028293 0.657908
vn -0.996848 0.064294 0.046482
vn -0.677679 -0.134781 0.722901
vn -0.676143 -0.178736 0.714761
vn -0.740244 0.085288 0.666907
vn -0.333849 -0.747765 0.573927
vn -0.689495 -0.208766 0.693552
vn -0.62723 -0.071774 0.77552
vn -0.553649 -0.405588 0.727304
vn -0.623766 -0.465302 0.628021
vn -0.744301 -0.297126 0.598107
vn -0.847728 0.00089 0.530431
vn -0.405465 0.001565 0.914109
vn -0.171168 0.809442 0.561699
vn -0.583571 0.613609 0.531911
vn -0.547711 0.733532 0.402422
vn -0.869925 0.126554 0.476671
vn -0.954032 0.12342 0.273112
vn -0.98805 0.154121 -0.001901
vn -0.832882 0.466171 0.298316
vn -0.562628 0.465146 0.683439
vn -0.963064 0.237641 0.12663
vn -0.897159 0.3533 0.265114
vn -0.963598 0.251501 -0.0907
vn -0.901163 0.219352 0.373884
vn -0.98966 0.135186 0.047944
vn -0.963617 0.002501 0.267275
vn -0.943574 0.207628 -0.257991
vn -0.95575 0.243863 -0.164539
vn -0.951054 0.16319 0.262424
vn -0.802065 0.074815 0.592532
vn -0.448735 0.211353 -0.868313
vn -0.448317 0.336069 -0.828293
vn 0.662676 0.660838 -0.352354
vn 0.924173 0.299155 -0.237511
vn -0.448735 0.211353 -0.868313
vn -0.846536 -0.353794 0.397754
vn -0.884503 -0.138783 0.445415
vn -0.412088 0.075875 -0.907979
vn -0.920252 -0.2174 -0.325382
vn 0.921814 0.073846 -0.380535
vn -0.412088 0.075875 -0.907979
vn 0.408694 0.175565 -0.895626
vn -0.448317 0.336069 -0.828293
vn -0.91859 0.068946 0.389151
vn -0.884503 -0.138783 0.445415
vn 0.313031 0.082035 0.946194
vn 0.263563 0.254327 0.930512
vn -0.91859 0.068946 0.389151
vn -0.846536 -0.353794 0.397754
vn 0.419046 -0.10888 0.901413
vn -0.232959 -0.552006 0.800637
vn 0.263563 0.254327 0.930512
vn 0.313031 0.082035 0.946194
vn 0.921814 0.073846 -0.380535
vn 0.419046 -0.10888 0.901413
vn 0.930558 -0.207992 0.301334
vn 0.559868 0.783934 0.268318
vn 0.527432 0.778889 0.339333
vn -0.792782 0.120607 -0.597453
vn -0.614777 0.084379 -0.784175
vn -0.630189 0.091244 -0.771062
vn -0.616738 0.066752 -0.784333
vn -0.842495 0.140927 0.519945
vn -0.843301 0.138586 0.519266
vt 0.5321 0.2346
vt 0.5181 0.1837
vt 0.4167 0.1921
vt 0.4182 0.2427
vt 0.4218 0.4113
vt 0.5027 0.5406
vt 0.5664 0.5368
vt 0.5492 0.4036
vt 0.5414 0.3264
vt 0.42 0.3271
vt 0.6301 0.6835
vt 0.3537 0.1588
vt 0.3823 0.1547
vt 0.3829 0.0405
vt 0.3119 0.2653
vt 0.3818 0.2562
vt 0.3623 0.8802
vt 0.2833 0.8804
vt 0.2715 0.9372
vt 0.3504 0.937
vt 0.2234 0.9302
vt 0.2428 0.8755
vt 0.1519 0.8322
vt 0.1519 0.8322
vt 0.1317 0.8866
vt 0.2234 0.9302
vt 0.2715 0.9372
vt 0.2833 0.8804
vt 0.2428 0.8755
vt 0.2428 0.8755
vt 0.2234 0.9302
vt 0.2715 0.9372
vt 0.1519 0.8322
vt 0.112 0.7651
vt 0.0884 0.8185
vt 0.1317 0.8866
vt 0.0826 0.692
vt 0.0583 0.7452
vt 0.2551 0.9959
vt 0.3382 0.9873
vt 0.1317 0.8866
vt 0.1114 0.9442
vt 0.2023 0.9875
vt 0.2023 0.9875
vt 0.2234 0.9302
vt 0.1317 0.8866
vt 0.2234 0.9302
vt 0.2023 0.9875
vt 0.2551 0.9959
vt 0.2551 0.9959
vt 0.2715 0.9372
vt 0.2234 0.9302
vt 0.061 0.8741
vt 0.1114 0.9442
vt 0.0189 0.7975
vt 0.1783 0.0519
vt 0.2647 0.0749
vt 0.2285 0.0182
vt 0.5267 0.0665
vt 0.4145 0.0894
vt 0.4152 0.1332
vt 0.5132 0.119
vt 0.5181 0.1837
vt 0.6328 0.181
vt 0.6314 0.1113
vt 0.4167 0.1921
vt 0.4182 0.2427
vt 0.5321 0.2346
vt 0.5414 0.3264
vt 0.6356 0.3336
vt 0.6336 0.2284
vt 0.5664 0.5368
vt 0.5492 0.4036
vt 0.4218 0.4113
vt 0.5027 0.5406
vt 0.42 0.3271
vt 0.6307 0.0697
vt 0.6301 0.6835
vt 0.0413 0.1527
vt 0.1598 0.1907
vt 0.0959 0.092
vt 0.025 0.2419
vt 0.1131 0.2597
vt 0.8145 0.9137
vt 0.9138 0.7958
vt 0.8237 0.7831
vt 0.6907 0.8925
vt 0.5131 0.8643
vt 0.4971 0.9091
vt 0.2172 0.178
vt 0.0908 0.323
vt 0.2168 0.2777
vt 0.6636 0.739
vt 0.4412 0.8106
vt 0.3495 0.8198
vt 0.3294 0.7192
vt 0.1865 0.7355
vt 0.2206 0.631
vt 0.486 0.6739
vt 0.3956 0.5869
vt 0.0919 0.4924
vt 0.0931 0.6618
vt 0.2187 0.4543
vt 0.3887 0.4215
vt 0.8273 0.0329
vt 0.6952 0.0346
vt 0.6915 0.1522
vt 0.9666 0.1439
vt 0.9634 0.6191
vt 0.7204 0.6198
vt 0.7336 0.554
vt 0.9694 0.5512
vt 0.9362 0.336
vt 0.6924 0.2202
vt 0.964 0.21
vt 0.7462 0.4389
vt 0.9585 0.7367
vt 0.8395 0.7357
vt 0.9585 0.7367
vt 0.9633 0.619
vt 0.7208 0.6199
vt 0.8398 0.7357
vt 0.9692 0.5512
vt 0.7336 0.5539
vt 0.9363 0.336
vt 0.6914 0.1523
vt 0.6952 0.0346
vt 0.9641 0.21
vt 0.6924 0.2202
vt 0.7462 0.4389
vt 0.4126 0.0551
vt 0.4879 0.0423
vt 0.5664 0.5368
vt 0.6102 0.5314
vt 0.6367 0.3929
vt 0.6301 0.6835
vt 0.3829 0.0405
vt 0.3537 0.1588
vt 0.0472 0.0169
vt 0.3537 0.1588
vt 0.3829 0.0405
vt 0.3823 0.1547
vt 0.3818 0.2562
vt 0.3119 0.2653
vt 0.3623 0.8802
vt 0.2715 0.9372
vt 0.2833 0.8804
vt 0.3504 0.937
vt 0.2234 0.9302
vt 0.1519 0.8322
vt 0.2428 0.8755
vt 0.1519 0.8322
vt 0.2234 0.9302
vt 0.1317 0.8866
vt 0.2715 0.9372
vt 0.2428 0.8755
vt 0.2833 0.8804
vt 0.2428 0.8755
vt 0.2715 0.9372
vt 0.2234 0.9302
vt 0.1519 0.8322
vt 0.0884 0.8185
vt 0.112 0.7651
vt 0.1317 0.8866
vt 0.0583 0.7452
vt 0.0826 0.692
vt 0.3382 0.9873
vt 0.2551 0.9959
vt 0.2023 0.9875
vt 0.1114 0.9442
vt 0.1317 0.8866
vt 0.1317 0.8866
vt 0.2234 0.9302
vt 0.2023 0.9875
vt 0.2551 0.9959
vt 0.2023 0.9875
vt 0.2234 0.9302
vt 0.2234 0.9302
vt 0.2715 0.9372
vt 0.2551 0.9959
vt 0.061 0.8741
vt 0.0189 0.7975
vt 0.1783 0.0519
vt 0.2647 0.0749
vt 0.4152 0.1332
vt 0.4145 0.0894
vt 0.5267 0.0665
vt 0.5132 0.119
vt 0.6314 0.1113
vt 0.6328 0.181
vt 0.5181 0.1837
vt 0.5321 0.2346
vt 0.4182 0.2427
vt 0.4167 0.1921
vt 0.6356 0.3336
vt 0.5414 0.3264
vt 0.6336 0.2284
vt 0.4218 0.4113
vt 0.5492 0.4036
vt 0.5664 0.5368
vt 0.5027 0.5406
vt 0.42 0.3271
vt 0.6307 0.0697
vt 0.6301 0.6835
vt 0.0413 0.1527
vt 0.0959 0.092
vt 0.1598 0.1907
vt 0.1131 0.2597
vt 0.025 0.2419
vt 0.8237 0.7831
vt 0.6907 0.8925
vt 0.5131 0.8643
vt 0.4971 0.9091
vt 0.2172 0.178
vt 0.2168 0.2777
vt 0.0908 0.323
vt 0.4412 0.8106
vt 0.6636 0.739
vt 0.3294 0.7192
vt 0.3495 0.8198
vt 0.1865 0.7355
vt 0.486 0.6739
vt 0.2206 0.631
vt 0.3956 0.5869
vt 0.0931 0.6618
vt 0.0919 0.4924
vt 0.2187 0.4543
vt 0.3887 0.4215
vt 0.6915 0.1522
vt 0.6952 0.0346
vt 0.8273 0.0329
vt 0.9666 0.1439
vt 0.9634 0.6191
vt 0.7336 0.554
vt 0.7204 0.6198
vt 0.9694 0.5512
vt 0.9362 0.336
vt 0.964 0.21
vt 0.6924 0.2202
vt 0.7462 0.4389
vt 0.9585 0.7367
vt 0.8395 0.7357
vt 0.7208 0.6199
vt 0.9633 0.619
vt 0.9585 0.7367
vt 0.8398 0.7357
vt 0.7336 0.5539
vt 0.9692 0.5512
vt 0.9363 0.336
vt 0.6952 0.0346
vt 0.6914 0.1523
vt 0.9641 0.21
vt 0.6924 0.2202
vt 0.7462 0.4389
vt 0.4126 0.0551
vt 0.4879 0.0423
vt 0.6367 0.3929
vt 0.6102 0.5314
vt 0.5664 0.5368
vt 0.6301 0.6835
vt 0.3829 0.0405
vt 0.3537 0.1588
f 1/1/1 3/3/3 2/2/2
f 3/3/3 1/1/1 4/4/4
f 5/5/5 7/7/7 6/6/6
f 7/7/7 5/5/5 8/8/8
f 9/9/9 4/4/4 1/1/1
f 4/4/4 9/9/9 10/10/10
f 7/7/7 11/11/11 6/6/6
f 8/8/8 10/10/10 9/9/9
f 10/10/10 8/8/8 5/5/5
f 12/12/12 14/14/14 13/13/13
f 12/12/12 16/16/16 15/15/15
f 16/16/16 12/12/12 13/13/13
f 17/17/17 19/19/19 18/18/18
f 19/19/19 17/17/17 20/20/20
f 21/21/21 23/23/23 22/22/22
f 24/24/24 26/26/26 25/25/25
f 27/27/27 29/29/29 28/28/28
f 30/30/30 32/32/32 31/31/31
f 33/33/33 35/35/35 34/34/34
f 35/35/35 33/33/33 36/36/36
f 34/34/34 38/38/38 37/37/37
f 38/38/38 34/34/34 35/35/35
f 39/39/39 20/20/20 40/40/40
f 20/20/20 39/39/39 19/19/19
f 41/41/41 43/43/43 42/42/42
f 44/44/44 46/46/46 45/45/45
f 47/47/47 49/49/49 48/48/48
f 50/50/50 52/52/52 51/51/51
f 53/53/53 36/36/36 54/54/54
f 36/36/36 53/53/53 35/35/35
f 55/55/55 35/35/35 53/53/53
f 35/35/35 55/55/55 38/38/38
f 56/56/56 58/58/58 57/57/57
f 59/59/59 61/61/61 60/60/60
f 61/61/61 59/59/59 62/62/62
f 63/63/63 65/65/65 64/64/64
f 65/65/65 63/63/63 62/62/62
f 66/66/66 68/68/68 67/67/67
f 68/68/68 66/66/66 63/63/63
f 68/68/68 70/70/70 69/69/69
f 70/70/70 68/68/68 71/71/71
f 72/72/72 74/74/74 73/73/73
f 74/74/74 72/72/72 75/75/75
f 62/62/62 66/66/66 61/61/61
f 66/66/66 62/62/62 63/63/63
f 62/62/62 59/59/59 65/65/65
f 67/67/67 69/69/69 76/76/76
f 69/69/69 67/67/67 68/68/68
f 68/68/68 64/64/64 71/71/71
f 64/64/64 68/68/68 63/63/63
f 59/59/59 77/77/77 65/65/65
f 72/72/72 78/78/78 75/75/75
f 79/79/79 81/81/81 80/80/80
f 79/79/79 83/83/83 82/82/82
f 83/83/83 79/79/79 80/80/80
f 80/80/80 56/56/56 57/57/57
f 56/56/56 80/80/80 81/81/81
f 84/84/84 86/86/86 85/85/85
f 86/86/86 84/84/84 87/87/87
f 87/87/87 88/88/88 86/86/86
f 88/88/88 87/87/87 89/89/89
f 90/90/90 92/92/92 91/91/91
f 93/93/93 88/88/88 94/94/94
f 88/88/88 93/93/93 86/86/86
f 95/95/95 96/96/96 94/94/94
f 96/96/96 95/95/95 97/97/97
f 98/98/98 99/99/99 96/96/96
f 99/99/99 98/98/98 100/100/100
f 101/101/101 98/98/98 102/102/102
f 98/98/98 101/101/101 103/103/103
f 99/99/99 94/94/94 96/96/96
f 94/94/94 99/99/99 93/93/93
f 98/98/98 104/104/104 100/100/100
f 104/104/104 98/98/98 103/103/103
f 97/97/97 98/98/98 96/96/96
f 98/98/98 97/97/97 102/102/102
f 105/105/105 107/107/107 106/106/106
f 107/107/107 105/105/105 108/108/108
f 109/109/109 111/111/111 110/110/110
f 111/111/111 109/109/109 112/112/112
f 111/111/111 112/112/112 113/113/113
f 107/107/107 115/115/115 114/114/114
f 115/115/115 107/107/107 108/108/108
f 115/115/115 116/116/116 114/114/114
f 110/110/110 117/117/117 109/109/109
f 117/117/117 110/110/110 118/118/118
f 119/119/119 121/121/121 120/120/120
f 121/121/121 119/119/119 122/122/122
f 120/120/120 124/124/124 123/123/123
f 124/124/124 120/120/120 121/121/121
f 124/124/124 125/125/125 123/123/123
f 108/108/108 127/127/127 126/126/126
f 127/127/127 108/108/108 105/105/105
f 126/126/126 128/128/128 108/108/108
f 128/128/128 126/126/126 129/129/129
f 128/128/128 129/129/129 130/130/130
f 76/76/76 73/73/73 74/74/74
f 73/73/73 76/76/76 69/69/69
f 131/131/131 59/59/59 60/60/60
f 131/131/131 132/132/132 59/59/59
f 133/133/133 135/135/135 134/134/134
f 135/135/135 133/133/133 73/73/73
f 134/134/134 136/136/136 133/133/133
f 91/91/91 103/103/103 101/101/101
f 103/103/103 91/91/91 92/92/92
f 104/104/104 15/15/15 16/16/16
f 104/104/104 92/92/92 15/15/15
f 104/104/104 103/103/103 92/92/92
f 88/88/88 95/95/95 94/94/94
f 95/95/95 88/88/88 89/89/89
f 137/137/137 138/138/138 90/90/90
f 15/15/15 90/90/90 138/138/138
f 90/90/90 15/15/15 92/92/92
f 70/70/70 73/73/73 69/69/69
f 73/73/73 70/70/70 135/135/135
f 58/58/58 56/56/56 139/139/139
f 56/56/56 81/81/81 139/139/139
f 81/81/81 79/79/79 139/139/139
f 140/140/140 142/142/142 141/141/141
f 143/143/143 140/140/140 144/144/144
f 140/140/140 143/143/143 142/142/142
f 145/145/145 147/147/147 146/146/146
f 146/146/146 148/148/148 145/145/145
f 149/149/149 151/151/151 150/150/150
f 152/152/152 154/154/154 153/153/153
f 155/155/155 157/157/157 156/156/156
f 158/158/158 160/160/160 159/159/159
f 161/161/161 163/163/163 162/162/162
f 162/162/162 164/164/164 161/161/161
f 163/163/163 166/166/166 165/165/165
f 165/165/165 162/162/162 163/163/163
f 148/148/148 168/168/168 167/167/167
f 168/168/168 148/148/148 146/146/146
f 169/169/169 171/171/171 170/170/170
f 172/172/172 174/174/174 173/173/173
f 175/175/175 177/177/177 176/176/176
f 178/178/178 180/180/180 179/179/179
f 164/164/164 181/181/181 170/170/170
f 181/181/181 164/164/164 162/162/162
f 162/162/162 182/182/182 181/181/181
f 182/182/182 162/162/162 165/165/165
f 183/183/183 184/184/184 58/58/58
f 185/185/185 187/187/187 186/186/186
f 187/187/187 185/185/185 188/188/188
f 189/189/189 191/191/191 190/190/190
f 191/191/191 189/189/189 188/188/188
f 192/192/192 194/194/194 193/193/193
f 194/194/194 192/192/192 191/191/191
f 195/195/195 192/192/192 196/196/196
f 192/192/192 195/195/195 197/197/197
f 198/198/198 200/200/200 199/199/199
f 200/200/200 198/198/198 201/201/201
f 194/194/194 188/188/188 185/185/185
f 188/188/188 194/194/194 191/191/191
f 188/188/188 189/189/189 187/187/187
f 196/196/196 193/193/193 202/202/202
f 193/193/193 196/196/196 192/192/192
f 190/190/190 192/192/192 197/197/197
f 192/192/192 190/190/190 191/191/191
f 187/187/187 189/189/189 203/203/203
f 200/200/200 201/201/201 204/204/204
f 205/205/205 207/207/207 206/206/206
f 208/208/208 205/205/205 209/209/209
f 205/205/205 208/208/208 207/207/207
f 183/183/183 207/207/207 184/184/184
f 207/207/207 183/183/183 206/206/206
f 210/210/210 84/84/84 85/85/85
f 84/84/84 210/210/210 211/211/211
f 212/212/212 211/211/211 210/210/210
f 211/211/211 212/212/212 213/213/213
f 214/214/214 216/216/216 215/215/215
f 212/212/212 218/218/218 217/217/217
f 218/218/218 212/212/212 210/210/210
f 219/219/219 220/220/220 217/217/217
f 220/220/220 219/219/219 221/221/221
f 222/222/222 223/223/223 219/219/219
f 223/223/223 222/222/222 224/224/224
f 223/223/223 226/226/226 225/225/225
f 226/226/226 223/223/223 227/227/227
f 217/217/217 222/222/222 219/219/219
f 222/222/222 217/217/217 218/218/218
f 228/228/228 223/223/223 224/224/224
f 223/223/223 228/228/228 227/227/227
f 223/223/223 221/221/221 219/219/219
f 221/221/221 223/223/223 225/225/225
f 229/229/229 231/231/231 230/230/230
f 231/231/231 229/229/229 232/232/232
f 233/233/233 235/235/235 234/234/234
f 234/234/234 236/236/236 233/233/233
f 234/234/234 237/237/237 236/236/236
f 238/238/238 229/229/229 239/239/239
f 229/229/229 238/238/238 232/232/232
f 238/238/238 239/239/239 240/240/240
f 235/235/235 233/233/233 241/241/241
f 241/241/241 242/242/242 235/235/235
f 243/243/243 245/245/245 244/244/244
f 245/245/245 243/243/243 246/246/246
f 247/247/247 244/244/244 248/248/248
f 244/244/244 247/247/247 243/243/243
f 247/247/247 248/248/248 249/249/249
f 232/232/232 251/251/251 250/250/250
f 250/250/250 231/231/231 232/232/232
f 251/251/251 232/232/232 252/252/252
f 252/252/252 253/253/253 251/251/251
f 252/252/252 254/254/254 253/253/253
f 199/199/199 202/202/202 198/198/198
f 202/202/202 199/199/199 196/196/196
f 255/255/255 186/186/186 187/187/187
f 255/255/255 187/187/187 256/256/256
f 257/257/257 259/259/259 258/258/258
f 259/259/259 257/257/257 199/199/199
f 258/258/258 259/259/259 260/260/260
f 227/227/227 216/216/216 226/226/226
f 216/216/216 227/227/227 215/215/215
f 228/228/228 215/215/215 227/227/227
f 228/228/228 144/144/144 215/215/215
f 228/228/228 143/143/143 144/144/144
f 220/220/220 212/212/212 217/217/217
f 212/212/212 220/220/220 213/213/213
f 261/261/261 214/214/214 262/262/262
f 214/214/214 144/144/144 262/262/262
f 144/144/144 214/214/214 215/215/215
f 199/199/199 195/195/195 196/196/196
f 195/195/195 199/199/199 257/257/257
f 58/58/58 139/139/139 183/183/183
f 183/183/183 139/139/139 206/206/206
f 206/206/206 139/139/139 205/205/205

g elf_body
# texture: elf_body.jpg
v 0.838317 5.810987 -0.513728
v 0.207435 5.228243 -1.286674
v 0.74586 4.75479 -1.143025
v 0.738313 5.354452 -0.746403
v 0.886803 4.584805 -1.524246
v 0.364282 4.973143 -1.828402
v 0.923596 5.892705 -1.298315
v 0.302143 5.711825 -1.903092
v 0.277432 5.784152 -2.229802
v 1.223447 5.606124 -0.512361
v 1.592003 5.929663 -0.561178
v 1.480782 5.087499 -1.183898
v 1.505365 5.351441 -1.859945
v 1.91564 5.587759 -1.037628
v 1.355391 5.340256 -0.856628
v 0.886803 4.584805 -1.524246
v 0.364282 4.973143 -1.828402
v 1.599077 6.262247 -0.763024
v 1.647802 6.115087 -1.304013
v 1.215899 6.327011 -2.164538
v 1.799519 6.256834 -1.690444
v 1.917204 5.796207 -1.240438
v 0.277432 5.784152 -2.229802
v 0.920845 3.979152 -0.331455
v 0.573285 4.419297 -0.062243
v 0.598092 5.0888 -0.141984
v 0.560996 4.297853 -0.869272
v 1.199673 3.988753 -0.40295
v 0.989402 4.029867 -1.278016
v 0.738313 5.354452 -0.746403
v 0.74586 4.75479 -1.143025
v 0.886803 4.584805 -1.524246
v 0.896889 4.974582 0.149328
v 1.250501 5.304427 -0.0192
v 1.341169 4.64061 -0.096409
v 1.76954 4.751027 -0.565807
v 1.76954 4.751027 -0.565807
v 1.199673 3.988753 -0.40295
v 0.989402 4.029867 -1.278016
v 1.285716 5.468842 -0.225008
v 1.223447 5.606124 -0.512361
v 1.355391 5.340256 -0.856628
v 1.480782 5.087499 -1.183898
v 0.886803 4.584805 -1.524246
v 0.761254 3.670224 0.556524
v 1.014372 4.059452 0.776245
v 0.82982 3.797481 1.032536
v 0.635255 3.624148 0.693834
v 0.45917 3.956735 0.666486
v 0.305063 3.89563 0.750205
v 0.502888 4.070565 1.090973
v 0.665553 4.250349 0.820817
v 0.761254 3.670224 0.556524
v 1.200108 3.53461 0.040759
v 1.014372 4.059452 0.776245
v 0.685462 3.579576 0.107206
v 1.32126 4.580374 0.719917
v 0.282572 4.27232 0.476369
v 0.685462 3.579576 0.107206
v 0.761254 3.670224 0.556524
v 0.45917 3.956735 0.666486
v 0.573285 4.419297 -0.062243
v 0.920845 3.979152 -0.331455
v 1.200108 3.53461 0.040759
v 1.199673 3.988753 -0.40295
v 0.665553 4.250349 0.820817
v 0.688288 4.690952 0.644304
v 1.014372 4.059452 0.776245
v 1.32126 4.580374 0.719917
v 0.896889 4.974582 0.149328
v 1.341169 4.64061 -0.096409
v 1.200108 3.53461 0.040759
v 1.199673 3.988753 -0.40295
v -1.032183 4.922021 -1.628081
v -0.515506 4.650984 -2.583527
v -0.079143 4.958685 -2.280385
v -1.056456 4.557592 -2.119181
v -0.309329 4.952205 -2.830235
v 0.01664 5.192737 -2.845355
v -0.860572 5.896986 -1.657654
v -0.054299 5.71268 -1.974881
v 0.095289 5.784589 -2.266486
v -1.630562 4.62621 -2.257125
v -1.723166 5.166716 -1.845086
v -1.150105 5.070231 -2.855556
v -1.791179 5.323659 -2.492666
v -1.074519 5.671135 -3.008435
v -1.384308 4.853872 -2.563906
v -0.309329 4.952205 -2.830235
v 0.01664 5.192737 -2.845355
v -1.705238 5.538879 -1.733151
v -1.525077 6.122699 -1.943044
v -0.792761 6.33183 -2.569091
v -1.74904 5.610324 -2.467517
v -1.514721 6.264785 -2.357946
v 0.095289 5.784589 -2.266486
v -0.436262 3.795908 -2.976538
v -1.135406 3.889239 -2.170218
v -0.85561 3.501878 -2.623515
v -0.284628 4.169567 -2.76467
v -0.480727 3.987975 -3.186516
v -0.192453 4.551194 -3.282618
v -1.056456 4.557592 -2.119181
v -0.515506 4.650984 -2.583527
v -0.309329 4.952205 -2.830235
v -1.506205 3.592157 -2.786106
v -1.737736 4.093964 -2.457629
v -1.212797 3.933943 -3.193966
v -1.470228 4.506373 -3.253175
v -1.470228 4.506373 -3.253175
v -0.480727 3.987975 -3.186516
v -0.192453 4.551194 -3.282618
v -1.744306 4.347582 -2.378432
v -1.630562 4.62621 -2.257125
v -1.384308 4.853872 -2.563906
v -1.150105 5.070231 -2.855556
v -0.309329 4.952205 -2.830235
v -0.432434 2.890766 -3.276787
v -0.838693 2.579748 -3.452898
v -0.919306 2.904759 -3.439781
v -0.444901 2.635184 -3.29644
v -0.665895 2.720586 -2.957378
v -0.987644 2.474775 -3.063554
v -0.590576 2.529335 -2.90463
v -1.032571 2.748027 -3.089459
v -0.432434 2.890766 -3.276787
v -0.919306 2.904759 -3.439781
v -0.223459 3.506124 -3.510344
v -0.175318 3.22191 -3.076601
v -1.44074 3.209965 -3.500628
v -0.847619 2.872534 -2.624596
v -0.432434 2.890766 -3.276787
v -0.175318 3.22191 -3.076601
v -0.665895 2.720586 -2.957378
v -0.85561 3.501878 -2.623515
v -0.436262 3.795908 -2.976538
v -0.223459 3.506124 -3.510344
v -0.480727 3.987975 -3.186516
v -1.032571 2.748027 -3.089459
v -1.376518 3.007757 -2.889469
v -0.919306 2.904759 -3.439781
v -1.44074 3.209965 -3.500628
v -1.506205 3.592157 -2.786106
v -1.212797 3.933943 -3.193966
v -0.223459 3.506124 -3.510344
v -0.480727 3.987975 -3.186516
v -1.901298 0.608516 2.044703
v -1.041768 0.609037 2.149577
v -1.107935 1.225477 2.571467
v -1.748125 1.545124 2.258586
v -0.692742 1.985384 2.47234
v -1.174298 2.324516 1.981235
v 0.317965 3.076245 1.586161
v -0.156909 3.428387 1.017356
v 0.890367 4.327999 -0.066492
v 0.410332 4.071147 0.424274
v 0.942615 3.780819 0.930948
v 1.500701 4.114272 0.293032
v 2.111058 4.18879 -0.61062
v 1.512034 4.432357 -0.96851
v 2.228639 3.863315 -1.11128
v 1.618304 4.077042 -1.470805
v 2.183266 4.163426 -0.31683
v 1.595202 3.964283 0.520114
v 2.115863 3.976328 0.637276
v 1.819983 3.390478 1.24427
v 2.16373 3.460928 1.209039
v 2.161613 2.982167 1.279245
v 1.833899 2.690209 1.354626
v 2.107702 2.405558 0.913103
v 2.224372 2.562252 1.050957
v 2.408225 1.852715 0.376981
v 2.495658 2.171555 1.041448
v 2.442393 1.931789 0.288953
v 3.346423 -1.102583 1.128983
v 3.391206 -0.851827 1.730732
v 2.579903 3.377119 1.231914
v 3.733701 2.244674 0.803634
v 3.588733 2.942216 0.645871
v 2.734108 2.863405 1.348218
v 3.111973 2.139924 1.301038
v 3.929209 -0.62682 1.893448
v 4.549195 -0.632831 1.479224
v 3.346423 -1.102583 1.128983
v 2.408225 1.852715 0.376981
v 3.15372 1.792689 -0.368933
v 4.027692 -1.00863 0.396211
v 3.596421 2.712597 -0.287966
v 3.728817 1.969584 -0.034494
v 4.586444 -0.772446 0.622987
v 3.323411 3.684648 0.413596
v 2.593132 4.174564 0.016106
v 2.648886 3.809023 -0.756526
v 3.388078 3.361667 -0.479973
v 2.442393 1.931789 0.288953
v 3.049176 2.224041 -0.564058
v 2.997728 2.926135 -0.775654
v 2.792613 2.082695 -0.240065
v -0.648539 0.554498 2.096177
v 0.37362 0.236577 2.105046
v 0.240229 0.269429 2.393387
v -0.68376 0.598854 2.345096
v 2.376263 1.45085 0.390895
v 1.734114 1.698907 1.548411
v 1.626208 1.002415 1.646783
v 1.865019 0.23595 0.815194
v 1.337836 0.532735 1.723299
v 2.107702 2.405558 0.913103
v 1.833899 2.690209 1.354626
v 0.238794 4.277139 -0.228455
v 0.450304 3.907817 0.62927
v 1.595202 3.964283 0.520114
v 1.294827 4.153304 -0.338348
v -0.751618 3.767229 0.374
v -0.623307 2.63288 1.489884
v 0.080742 2.994117 1.487132
v -0.138162 4.277678 -0.11793
v -0.442038 4.124069 -0.163117
v 1.422193 2.917663 1.456857
v 1.561044 2.379591 1.57394
v 1.819983 3.390478 1.24427
v 0.079164 2.449881 2.375105
v -0.349618 2.241631 2.344201
v 0.050474 2.000784 2.838013
v -0.529278 0.729821 2.759805
v -0.179308 0.836978 2.997628
v -0.493982 1.387018 2.985284
v -0.8702 1.215421 2.658181
v -1.138772 1.90438 1.768486
v -0.969114 2.649816 1.315427
v 0.532382 2.012871 2.809905
v 0.121189 1.432219 3.188468
v 0.765559 1.714921 2.908462
v -0.374614 1.726276 2.863981
v 1.022234 2.738356 1.747913
v 0.627154 2.350527 2.446584
v -0.844541 1.784715 2.460278
v 1.124825 2.107006 2.418459
v -1.141677 1.222206 2.13841
v 1.239342 2.377269 1.975106
v 1.541156 1.783467 2.187334
v 1.283858 1.713878 2.572318
v 0.741682 1.272676 3.024848
v 1.190406 1.099566 2.675798
v 0.353679 0.82541 3.042213
v 0.84768 0.671929 2.67115
v 0.129629 0.440013 2.734218
v 1.083223 0.559057 2.228948
v 1.428659 1.099259 2.232769
v -1.117414 1.880272 2.026659
v -1.153462 1.171902 1.874081
v -1.135391 0.655028 1.88507
v 2.442393 1.931789 0.288953
v 0.841219 2.597661 1.973477
v 0.102328 2.722826 1.880808
v -0.54437 2.402503 1.925786
v 2.183266 4.163426 -0.31683
v 0.557678 1.415607 -1.972551
v 1.379123 1.447701 -1.794801
v 0.959423 0.015329 -1.189151
v 0.314531 -0.008811 -1.287867
v 0.870992 2.573961 -2.220966
v 0.740816 3.568976 -2.076462
v 1.63105 3.580901 -1.799062
v 1.81435 2.596343 -1.800226
v 0.473686 4.664538 -1.714595
v 0.798658 4.544352 -0.636292
v 1.294827 4.153304 -0.338348
v 1.905385 4.20478 -0.881415
v 0.967585 4.7103 -1.137502
v 0.798658 4.544352 -0.636292
v 2.488784 1.40264 -0.103557
v 2.792613 2.082695 -0.240065
v 2.442393 1.931789 0.288953
v 2.376263 1.45085 0.390895
v 2.376333 3.589398 -1.122293
v 2.544099 2.685471 -1.081574
v 2.300395 1.539886 -1.168498
v 1.865019 0.23595 0.815194
v 1.773776 0.142509 -0.483271
v 2.183266 4.163426 -0.31683
v 2.648886 3.809023 -0.756526
v 2.997728 2.926135 -0.775654
v -1.825007 4.03633 -2.215717
v -2.600245 3.758226 -1.694631
v -2.273183 3.874215 -1.288998
v -3.020642 3.181588 -1.402062
v -2.630006 3.220428 -1.268523
v -3.060364 2.717679 -1.351912
v -2.859271 2.481454 -0.746314
v -2.691074 2.192105 -1.235113
v -2.866684 2.300245 -1.495508
v -2.962304 1.897589 -1.730148
v -2.315328 1.597401 -1.9354
v -2.250746 1.701824 -2.144118
v -3.27671 -1.41278 -2.34
v -3.847179 -1.176774 -2.121541
v -3.218157 3.093572 -1.760568
v -3.370035 2.570853 -1.830616
v -3.12049 2.624577 -2.909842
v -3.298155 1.917823 -2.947295
v -3.465668 1.831674 -2.166624
v -4.240195 -0.98045 -2.539965
v -4.141855 -1.006584 -3.280146
v -1.973061 1.518499 -2.931583
v -2.315328 1.597401 -1.9354
v -3.27671 -1.41278 -2.34
v -2.923485 -1.335095 -3.279693
v -2.277517 2.414783 -3.322418
v -2.533638 1.661167 -3.304782
v -3.383522 -1.129825 -3.688609
v -2.295172 3.918471 -2.425512
v -2.824712 3.383373 -2.79895
v -1.563158 3.642543 -2.774379
v -2.039266 3.07682 -3.241743
v -2.250746 1.701824 -2.144118
v -1.76915 1.958321 -2.938237
v -1.485386 2.611583 -3.269009
v -1.735664 1.884206 -2.981917
v -2.444085 0.216453 1.194266
v -2.267805 0.119085 0.922588
v -1.606653 0.511881 1.667269
v -1.867619 0.560544 1.789545
v -2.814165 0.804905 -0.34099
v -2.864029 1.494379 -0.509989
v -2.409745 1.237966 -1.751606
v -2.296656 0.050837 -1.047818
v -2.645093 0.355572 -0.059696
v -2.691074 2.192105 -1.235113
v -2.859271 2.481454 -0.746314
v -2.273183 3.874215 -1.288998
v -1.508844 3.838245 -0.516821
v -0.708166 4.23563 -0.801835
v -1.219731 4.100851 -1.532914
v -1.847922 2.920223 0.569258
v -1.380692 2.608876 1.126834
v -0.632072 4.256029 -0.416991
v -2.818591 2.184782 -0.386644
v -2.637383 2.884761 -0.79211
v -2.630006 3.220428 -1.268523
v -2.496018 2.352385 1.154383
v -2.805306 1.893481 1.486718
v -2.187006 2.175444 1.472736
v -2.533709 1.315105 2.022107
v -2.706064 0.744355 1.806884
v -2.294029 0.668589 1.929386
v -2.031893 1.179343 2.110455
v -1.137313 1.904445 1.769139
v -0.967655 2.649881 1.31608
v -3.089404 1.872705 1.096837
v -3.082799 1.311672 1.675242
v -3.293334 1.556668 0.99028
v -2.538103 1.648538 1.840802
v -2.672103 2.732999 -0.327519
v -2.891342 2.21318 0.780762
v -1.93314 1.750868 1.944519
v -3.168488 1.936527 0.387795
v -1.459592 1.219793 1.989056
v -3.232354 1.591659 -0.068706
v -2.916827 2.210747 0.008052
v -3.338734 1.114004 1.098449
v -3.361871 1.529246 0.376969
v -3.341914 0.920121 0.536697
v -3.093204 0.517718 0.813261
v -3.077007 0.694501 1.424547
v -2.671961 0.334536 1.415516
v -2.886622 0.448575 0.438023
v -3.150939 0.915878 0.071319
v -1.432245 1.877522 1.875841
v -1.152003 1.171967 1.874735
v -1.133932 0.655093 1.885723
v -2.250746 1.701824 -2.144118
v -2.67826 2.458241 0.30614
v -2.147309 2.637082 0.812534
v -1.751657 2.361329 1.351328
v -1.825007 4.03633 -2.215717
v -0.187104 -0.035669 -1.702404
v -0.120518 1.380996 -2.466128
v 0.559137 1.415671 -1.971898
v 0.315991 -0.008747 -1.287213
v -0.008013 3.527479 -2.763765
v 0.87236 2.574022 -2.220137
v 0.063355 2.519591 -2.860446
v -1.271207 4.145832 -2.348806
v -1.219731 4.100851 -1.532914
v -0.622722 4.482048 -1.496932
v -0.267789 4.65615 -1.885515
v -0.622722 4.482048 -1.496932
v -2.250746 1.701824 -2.144118
v -1.735664 1.884206 -2.981917
v -2.112642 1.197965 -2.163427
v -2.409745 1.237966 -1.751606
v -0.91498 2.533848 -3.176033
v -1.080149 3.532226 -2.670271
v -1.204844 1.383971 -2.737651
v -2.296656 0.050837 -1.047818
v -1.262348 0.00746 -1.84242
v -1.825007 4.03633 -2.215717
v -1.485386 2.611583 -3.269009
v -1.563158 3.642543 -2.774379
vn -0.552875 0.370352 0.746437
vn -0.935701 -0.09244 0.340467
vn -0.944424 -0.314938 -0.094225
vn -0.80446 0.536689 -0.254577
vn -0.143986 -0.718994 -0.679938
vn -0.568551 -0.603152 -0.559426
vn -0.575011 0.81583 0.061511
vn -0.977467 0.167984 0.12783
vn -0.177968 -0.451723 -0.874228
vn 0.266388 0.198266 0.943254
vn 0.509089 0.122176 0.851999
vn 0.889996 -0.408584 -0.202404
vn 0.596014 -0.389112 -0.702395
vn 0.91115 -0.304603 0.277529
vn 0.909732 -0.043888 0.412871
vn -0.143986 -0.718994 -0.679938
vn -0.568551 -0.603152 -0.559426
vn 0.305233 0.890586 0.337178
vn 0.475332 0.878172 0.053601
vn 0.438801 -0.271857 -0.856474
vn 0.726812 -0.37587 -0.574863
vn 0.983001 0.133856 -0.125666
vn -0.177968 -0.451723 -0.874228
vn -0.502933 -0.663123 -0.554371
vn -0.883615 0.100713 -0.457255
vn -0.832672 0.415544 0.366033
vn -0.904084 -0.391985 -0.170238
vn 0.562176 -0.770095 -0.301516
vn -0.018888 -0.781534 -0.623577
vn -0.80446 0.536689 -0.254577
vn -0.944424 -0.314938 -0.094225
vn -0.143986 -0.718994 -0.679938
vn -0.208075 0.694383 0.688867
vn 0.314831 0.525074 0.790682
vn 0.892512 0.003677 0.451008
vn 0.994225 -0.007607 0.107042
vn 0.849379 0.043496 0.525989
vn 0.562176 -0.770095 -0.301516
vn -0.018888 -0.781534 -0.623577
vn 0.334744 0.838678 0.429612
vn 0.266388 0.198266 0.943254
vn 0.909732 -0.043888 0.412871
vn 0.889996 -0.408584 -0.202404
vn -0.143986 -0.718994 -0.679938
vn -0.026266 -0.983505 0.178967
vn 0.653314 -0.151071 0.741862
vn 0.818526 -0.141824 0.556688
vn -0.119707 -0.869281 -0.479604
vn -0.929774 -0.052353 -0.364391
vn -0.557922 0.511946 -0.653173
vn -0.165017 0.876126 0.452961
vn -0.194593 0.551463 0.811186
vn -0.026266 -0.983505 0.178967
vn 0.545116 -0.823415 -0.157594
vn 0.653314 -0.151071 0.741862
vn -0.556803 -0.787099 -0.265414
vn 0.669652 0.332575 0.664049
vn -0.985832 0.126688 0.109935
vn -0.556803 -0.787099 -0.265414
vn -0.026266 -0.983505 0.178967
vn -0.929774 -0.052353 -0.364391
vn -0.883615 0.100713 -0.457255
vn -0.502933 -0.663123 -0.554371
vn 0.545116 -0.823415 -0.157594
vn 0.562176 -0.770095 -0.301516
vn -0.194593 0.551463 0.811186
vn -0.427397 0.686642 0.588094
vn 0.653314 -0.151071 0.741862
vn 0.669652 0.332575 0.664049
vn -0.208075 0.694383 0.688867
vn 0.892512 0.003677 0.451008
vn 0.545116 -0.823415 -0.157594
vn 0.562176 -0.770095 -0.301516
vn 0.111315 -0.458314 0.881792
vn 0.781674 -0.389358 0.487223
vn 0.753383 -0.556945 0.34961
vn 0.211335 -0.519944 0.827645
vn 0.674059 -0.262293 -0.690541
vn 0.756959 -0.166714 -0.631839
vn 0.135651 0.01871 0.99058
vn 0.625212 -0.374907 0.68451
vn 0.988229 0.017476 -0.15198
vn -0.897137 -0.288302 0.334705
vn -0.796353 -0.280193 0.536017
vn -0.405125 0.180734 -0.896219
vn -0.902508 -0.07551 -0.424003
vn -0.216794 0.260582 -0.940796
vn -0.823839 0.099709 -0.557985
vn 0.674059 -0.262293 -0.690541
vn 0.756959 -0.166714 -0.631839
vn -0.719062 0.137138 0.68128
vn -0.784028 0.409819 0.466207
vn 0.024096 0.532328 -0.846195
vn -0.875378 0.293132 -0.38443
vn -0.703414 0.354969 -0.615797
vn 0.988229 0.017476 -0.15198
vn 0.924049 -0.025108 0.381448
vn 0.040629 -0.451253 0.891471
vn 0.290944 -0.275118 0.916331
vn 0.897754 -0.223146 0.379795
vn 0.614587 0.097736 -0.782771
vn 0.750825 0.189969 -0.632593
vn 0.211335 -0.519944 0.827645
vn 0.781674 -0.389358 0.487223
vn 0.674059 -0.262293 -0.690541
vn -0.92967 -0.296449 0.218705
vn -0.91254 -0.330521 0.240886
vn -0.481143 0.115574 -0.86899
vn -0.911129 -0.066655 -0.406696
vn -0.627249 0.237787 -0.741631
vn 0.614587 0.097736 -0.782771
vn 0.750825 0.189969 -0.632593
vn -0.91106 0.092222 0.401827
vn -0.897137 -0.288302 0.334705
vn -0.823839 0.099709 -0.557985
vn -0.405125 0.180734 -0.896219
vn 0.674059 -0.262293 -0.690541
vn 0.813185 -0.449866 -0.369259
vn -0.396463 -0.075955 -0.914904
vn -0.254132 -0.358993 -0.898076
vn 0.946702 0.089737 -0.309359
vn 0.484688 -0.179671 0.856035
vn -0.859846 -0.080275 0.504203
vn 0.273363 0.354462 0.89422
vn -0.789599 -0.60991 0.067404
vn 0.813185 -0.449866 -0.369259
vn -0.254132 -0.358993 -0.898076
vn 0.685796 0.204247 -0.698546
vn 0.931458 -0.202739 0.302132
vn -0.682563 -0.18855 -0.706086
vn 0.061438 -0.520552 0.851617
vn 0.813185 -0.449866 -0.369259
vn 0.931458 -0.202739 0.302132
vn 0.484688 -0.179671 0.856035
vn 0.290944 -0.275118 0.916331
vn 0.924049 -0.025108 0.381448
vn 0.685796 0.204247 -0.698546
vn 0.614587 0.097736 -0.782771
vn -0.789599 -0.60991 0.067404
vn -0.738478 -0.550216 0.389759
vn -0.254132 -0.358993 -0.898076
vn -0.682563 -0.18855 -0.706086
vn -0.92967 -0.296449 0.218705
vn -0.481143 0.115574 -0.86899
vn 0.685796 0.204247 -0.698546
vn 0.614587 0.097736 -0.782771
vn -0.308113 -0.356684 0.881954
vn -0.099302 -0.5691 0.816251
vn -0.328318 -0.053694 0.94304
vn -0.425191 0.163545 0.890205
vn -0.282726 0.569386 0.771924
vn -0.274008 0.652256 0.706741
vn -0.19362 0.736967 0.647604
vn -0.221556 0.735442 0.640342
vn 0.114971 0.92271 0.367952
vn -0.06077 0.848635 0.525476
vn -0.048989 0.843212 0.535345
vn 0.119658 0.929322 0.349345
vn 0.398793 0.91489 -0.062765
vn 0.402932 0.911951 -0.077398
vn 0.522279 0.756612 -0.3934
vn 0.51074 0.749196 -0.421722
vn 0.096384 0.987289 -0.126378
vn -0.127607 0.904573 0.406772
vn -0.020318 0.88577 0.46368
vn -0.091591 0.608675 0.788115
vn -0.06044 0.541898 0.838269
vn 0.061891 -0.139186 0.988331
vn 0.526447 0.062073 0.847939
vn 0.549443 -0.421262 0.721561
vn -0.358588 -0.522162 0.773797
vn -0.871785 -0.443347 -0.20841
vn -0.676667 -0.311345 0.667223
vn 0.34637 -0.861894 0.37036
vn -0.896323 -0.350312 -0.271822
vn -0.776179 -0.0939 0.623482
vn 0.276583 0.438681 0.855021
vn 0.870524 0.292803 0.395543
vn 0.857376 0.34069 0.385794
vn 0.167725 0.073664 0.983078
vn 0.142758 0.160663 0.976631
vn 0.123316 0.242431 0.9623
vn 0.840355 0.344796 0.418234
vn -0.896323 -0.350312 -0.271822
vn -0.871785 -0.443347 -0.20841
vn -0.042659 -0.414411 -0.90909
vn -0.154132 -0.290409 -0.944408
vn 0.873358 0.055682 -0.483886
vn 0.857857 0.044712 -0.511939
vn 0.82826 0.128254 -0.545468
vn 0.74646 0.601218 0.285193
vn 0.238354 0.971177 0.001808
vn 0.424209 0.674588 -0.604134
vn 0.79251 0.335103 -0.509543
vn 0.34637 -0.861894 0.37036
vn 0.224691 -0.318402 -0.920942
vn 0.638612 -0.009794 -0.769467
vn 0.461397 -0.646482 -0.607597
vn -0.603227 -0.766221 0.22141
vn 0.153016 -0.972618 0.174928
vn -0.003677 -0.961381 0.275197
vn -0.622304 -0.739403 0.256945
vn 0.923216 -0.150862 0.35343
vn 0.901977 0.01282 0.431594
vn 0.862837 -0.254763 0.436587
vn 0.889119 -0.350892 0.293841
vn 0.728333 -0.515646 0.451265
vn 0.549443 -0.421262 0.721561
vn 0.526447 0.062073 0.847939
vn 0.190335 0.625632 0.756543
vn -0.071705 0.831954 0.550192
vn -0.127607 0.904573 0.406772
vn 0.176971 0.933827 0.310883
vn -0.346238 0.789379 0.506952
vn -0.398993 0.654411 0.642302
vn -0.153357 0.728176 0.668014
vn 0.024403 0.392149 0.919578
vn -0.393651 0.696712 0.599693
vn 0.238391 0.481278 0.843529
vn 0.621356 0.322331 0.714157
vn -0.091591 0.608675 0.788115
vn -0.159763 0.803892 0.572917
vn -0.438588 0.698956 0.564891
vn -0.173149 0.627389 0.759212
vn -0.532826 -0.570741 0.624781
vn -0.267848 -0.420386 0.86691
vn -0.502357 0.114409 0.857058
vn -0.789517 -0.10406 0.604843
vn -0.828285 0.496617 0.259451
vn -0.345378 0.576238 0.740719
vn 0.189538 0.600732 0.776657
vn -0.044138 0.152959 0.987247
vn 0.389007 0.368353 0.844387
vn -0.408025 0.544713 0.732669
vn 0.259036 0.71629 0.647943
vn 0.210359 0.76112 0.613551
vn -0.66591 0.45554 0.590802
vn 0.53893 0.586387 0.604736
vn -0.940559 -0.189482 0.28186
vn 0.55452 0.628428 0.545515
vn 0.862279 0.198673 0.465837
vn 0.705331 0.237113 0.668046
vn 0.434186 -0.063239 0.898601
vn 0.716575 -0.260713 0.646954
vn 0.178009 -0.450199 0.875005
vn 0.474685 -0.633393 0.611136
vn -0.044999 -0.811007 0.583304
vn 0.578554 -0.725458 0.37281
vn 0.862633 -0.295493 0.410546
vn -0.850407 0.420301 0.316474
vn -0.932323 -0.236174 0.273853
vn -0.39697 0.005553 0.917815
vn 0.34637 -0.861894 0.37036
vn 0.220801 0.783831 0.580393
vn -0.14811 0.839357 0.523014
vn -0.499641 0.734032 0.459953
vn 0.096384 0.987289 -0.126378
vn 0.205029 -0.329837 -0.921505
vn 0.39669 -0.323201 -0.859173
vn 0.364884 -0.482937 -0.79601
vn 0.151538 -0.449117 -0.880529
vn 0.377167 -0.073473 -0.923226
vn 0.486697 0.2882 -0.824662
vn 0.503192 0.348646 -0.790724
vn 0.569681 -0.0794 -0.818022
vn 0.451629 0.437533 -0.777558
vn 0.503739 0.562298 0.655795
vn 0.176971 0.933827 0.310883
vn 0.497478 0.841541 -0.210533
vn 0.750348 0.638673 -0.170513
vn 0.503739 0.562298 0.655795
vn 0.939246 -0.339474 0.050745
vn 0.461397 -0.646482 -0.607597
vn 0.34637 -0.861894 0.37036
vn 0.923216 -0.150862 0.35343
vn 0.549033 0.488649 -0.678075
vn 0.7719 -0.06805 -0.632092
vn 0.748351 -0.355829 -0.559783
vn 0.889119 -0.350892 0.293841
vn 0.78468 -0.516147 -0.343323
vn 0.096384 0.987289 -0.126378
vn 0.424209 0.674588 -0.604134
vn 0.638612 -0.009794 -0.769467
vn -0.129429 0.950095 -0.283846
vn -0.579864 0.808269 0.102273
vn -0.488007 0.856442 0.168395
vn -0.823652 0.440115 0.357626
vn -0.717785 0.563671 0.40873
vn -0.907862 -0.162935 0.386315
vn -0.985218 -0.005167 0.171228
vn -0.870608 -0.484427 0.085862
vn -0.514803 -0.52119 0.68069
vn -0.28743 -0.292822 0.911943
vn 0.589835 -0.396054 0.70373
vn -0.495916 -0.867102 0.046928
vn 0.654237 -0.298902 0.694717
vn -0.211291 -0.06929 0.974964
vn -0.906025 0.406975 0.116143
vn -0.958303 0.0448 0.282222
vn -0.737657 0.291964 -0.608786
vn -0.750654 0.242066 -0.614754
vn -0.94521 0.132489 0.298369
vn -0.926924 0.214329 0.308017
vn -0.760257 0.293533 -0.579524
vn 0.850667 -0.39136 -0.351004
vn 0.589835 -0.396054 0.70373
vn 0.654237 -0.298902 0.694717
vn 0.9272 -0.260649 -0.269004
vn 0.046338 0.0251 -0.998611
vn 0.078135 0.015005 -0.99683
vn 0.119268 0.099513 -0.987863
vn -0.299589 0.888421 -0.347786
vn -0.608889 0.559472 -0.562357
vn 0.216107 0.631316 -0.744808
vn 0.093898 0.308476 -0.946586
vn -0.495916 -0.867102 0.046928
vn 0.739211 -0.308876 -0.598467
vn 0.305785 -0.115522 -0.945066
vn 0.366169 -0.650656 -0.665257
vn -0.186741 -0.949574 0.251866
vn -0.272251 -0.950462 0.150004
vn 0.105159 -0.603219 0.790613
vn 0.140361 -0.680776 0.718918
vn -0.856111 -0.356827 -0.37383
vn -0.895144 -0.07346 -0.439682
vn -0.864446 -0.230378 -0.446833
vn -0.782655 -0.425254 -0.454544
vn -0.783374 -0.585435 -0.208784
vn -0.870608 -0.484427 0.085862
vn -0.985218 -0.005167 0.171228
vn -0.488007 0.856442 0.168395
vn -0.473709 0.816971 0.328873
vn -0.797344 0.582338 0.158508
vn -0.360164 0.928586 0.089495
vn -0.468411 0.707839 0.52873
vn -0.283612 0.664967 0.690929
vn -0.850091 0.353817 0.390076
vn -0.961455 0.272427 -0.037267
vn -0.829796 0.512668 0.220478
vn -0.717785 0.563671 0.40873
vn -0.393997 0.79641 0.4588
vn -0.517556 0.616115 0.59375
vn -0.204456 0.711408 0.672381
vn -0.350843 0.124633 0.928103
vn -0.471486 -0.425162 0.772618
vn -0.107009 -0.549839 0.828388
vn 0.039853 -0.066023 0.997022
vn 0.135986 0.508317 0.850366
vn -0.387778 0.572876 0.722109
vn -0.75881 0.563793 0.326107
vn -0.743807 0.127577 0.656107
vn -0.921921 0.31626 0.223698
vn -0.343005 0.55069 0.760978
vn -0.695241 0.718164 0.029678
vn -0.656739 0.726924 0.200688
vn -0.064522 0.483808 0.872793
vn -0.846366 0.530053 -0.052045
vn 0.259868 -0.102995 0.960136
vn -0.897686 0.121244 -0.423626
vn -0.795497 0.589835 -0.13885
vn -0.963815 -0.118807 0.238631
vn -0.977414 0.168364 -0.12773
vn -0.926032 -0.349485 -0.142567
vn -0.697555 -0.71653 -0.001171
vn -0.757888 -0.486161 0.435033
vn -0.360153 -0.842522 0.400558
vn -0.59659 -0.782665 -0.177527
vn -0.810758 -0.407769 -0.419996
vn 0.149152 0.481267 0.863791
vn 0.182517 -0.105791 0.977495
vn -0.420499 0.004506 0.907282
vn -0.495916 -0.867102 0.046928
vn -0.616224 0.774396 0.143452
vn -0.367229 0.834955 0.40987
vn -0.098107 0.755785 0.647429
vn -0.129429 0.950095 -0.283846
vn 0.386406 -0.481979 -0.786376
vn 0.40052 -0.323031 -0.857458
vn 0.574568 -0.313399 -0.756077
vn 0.588365 -0.429687 -0.684978
vn 0.409408 0.348822 -0.843035
vn 0.647619 -0.061618 -0.759469
vn 0.466079 -0.083941 -0.880752
vn -0.218697 0.834529 -0.5057
vn -0.360164 0.928586 0.089495
vn -0.848744 0.503014 -0.163127
vn -0.236244 0.595428 -0.76789
vn -0.848744 0.503014 -0.163127
vn -0.495916 -0.867102 0.046928
vn 0.366169 -0.650656 -0.665257
vn -0.635738 -0.40953 -0.654311
vn -0.864446 -0.230378 -0.446833
vn 0.207523 -0.092789 -0.97382
vn 0.265961 0.432523 -0.861504
vn -0.053281 -0.391486 -0.91864
vn -0.782655 -0.425254 -0.454544
vn -0.2267 -0.561134 -0.796076
vn -0.129429 0.950095 -0.283846
vn 0.305785 -0.115522 -0.945066
vn 0.216107 0.631316 -0.744808
vt 0.7701 0.1532
vt 0.8328 0.1412
vt 0.8356 0.2863
vt 0.7699 0.2915
vt 0.9695 0.2788
vt 0.9696 0.1349
vt 0.768 0.0335
vt 0.8311 0.0335
vt 0.9696 0.0334
vt 0.7042 0.2931
vt 0.7067 0.1431
vt 0.6341 0.2923
vt 0.6344 0.1656
vt 0.6798 0.1515
vt 0.6682 0.2927
vt 0.5683 0.28
vt 0.5683 0.1349
vt 0.7061 0.1095
vt 0.7049 0.0335
vt 0.6343 0.0336
vt 0.6738 0.0335
vt 0.6803 0.1297
vt 0.5683 0.0334
vt 0.8356 0.2863
vt 0.7699 0.2915
vt 0.7701 0.1532
vt 0.8328 0.1412
vt 0.9695 0.2788
vt 0.9696 0.1349
vt 0.768 0.0335
vt 0.8311 0.0335
vt 0.9696 0.0334
vt 0.7042 0.2931
vt 0.7067 0.1431
vt 0.6341 0.2923
vt 0.6344 0.1656
vt 0.6344 0.1656
vt 0.5683 0.28
vt 0.5683 0.1349
vt 0.7059 0.097
vt 0.7049 0.0335
vt 0.6687 0.0335
vt 0.6343 0.0336
vt 0.5683 0.0334
vt 0.3505 0.2283
vt 0.4177 0.2283
vt 0.4192 0.3172
vt 0.3521 0.3173
vt 0.2834 0.2283
vt 0.2849 0.3174
vt 0.3521 0.3173
vt 0.3505 0.2283
vt 0.5677 0.2803
vt 0.5677 0.1349
vt 0.6335 0.2923
vt 0.5186 0.2331
vt 0.6338 0.1656
vt 0.7701 0.1532
vt 0.8328 0.1412
vt 0.8356 0.2863
vt 0.7699 0.2915
vt 0.768 0.0335
vt 0.8311 0.0335
vt 0.9696 0.1349
vt 0.9696 0.0334
vt 0.7042 0.2931
vt 0.7067 0.1431
vt 0.6341 0.2923
vt 0.6344 0.1656
vt 0.7049 0.0335
vt 0.6343 0.0336
vt 0.5683 0.1349
vt 0.5683 0.0334
vt 0.7701 0.1532
vt 0.8356 0.2863
vt 0.8328 0.1412
vt 0.7699 0.2915
vt 0.9695 0.2788
vt 0.9696 0.1349
vt 0.768 0.0335
vt 0.8311 0.0335
vt 0.9696 0.0334
vt 0.7042 0.2931
vt 0.7067 0.1431
vt 0.6341 0.2923
vt 0.6798 0.1515
vt 0.6344 0.1656
vt 0.6682 0.2927
vt 0.5683 0.28
vt 0.5683 0.1349
vt 0.7061 0.1095
vt 0.7049 0.0335
vt 0.6343 0.0336
vt 0.6803 0.1297
vt 0.6738 0.0335
vt 0.5683 0.0334
vt 0.8356 0.2863
vt 0.7701 0.1532
vt 0.7699 0.2915
vt 0.8328 0.1412
vt 0.9695 0.2788
vt 0.9696 0.1349
vt 0.768 0.0335
vt 0.8311 0.0335
vt 0.9696 0.0334
vt 0.7042 0.2931
vt 0.7067 0.1431
vt 0.6341 0.2923
vt 0.6344 0.1656
vt 0.6344 0.1656
vt 0.5683 0.28
vt 0.5683 0.1349
vt 0.7059 0.097
vt 0.7049 0.0335
vt 0.6687 0.0335
vt 0.6343 0.0336
vt 0.5683 0.0334
vt 0.3505 0.2283
vt 0.4192 0.3172
vt 0.4177 0.2283
vt 0.3521 0.3173
vt 0.2834 0.2283
vt 0.3521 0.3173
vt 0.2849 0.3174
vt 0.3505 0.2283
vt 0.5677 0.2803
vt 0.6335 0.2923
vt 0.5677 0.1349
vt 0.5186 0.2331
vt 0.6338 0.1656
vt 0.7701 0.1532
vt 0.8356 0.2863
vt 0.8328 0.1412
vt 0.7699 0.2915
vt 0.768 0.0335
vt 0.8311 0.0335
vt 0.9696 0.1349
vt 0.9696 0.0334
vt 0.7042 0.2931
vt 0.7067 0.1431
vt 0.6341 0.2923
vt 0.6344 0.1656
vt 0.7049 0.0335
vt 0.6343 0.0336
vt 0.5683 0.1349
vt 0.5683 0.0334
vt 0.2359 0.021
vt 0.2498 0.1965
vt 0.2689 0.1965
vt 0.2699 0.021
vt 0.3085 0.1965
vt 0.3177 0.0211
vt 0.3793 0.1965
vt 0.3903 0.0211
vt 0.461 0.0211
vt 0.4302 0.0211
vt 0.4252 0.1965
vt 0.462 0.1965
vt 0.4945 0.1965
vt 0.4945 0.0211
vt 0.5114 0.1965
vt 0.5105 0.0209
vt 0.9838 0.6118
vt 0.9838 0.8386
vt 0.9561 0.7915
vt 0.9499 0.9331
vt 0.9256 0.8828
vt 0.8909 0.9121
vt 0.9087 0.9771
vt 0.865 0.9771
vt 0.8494 0.9355
vt 0.7444 0.9771
vt 0.7885 0.8982
vt 0.7711 0.9771
vt 0.6367 0.9771
vt 0.6516 0.883
vt 0.9048 0.8288
vt 0.773 0.6707
vt 0.834 0.6627
vt 0.8552 0.8384
vt 0.771 0.8003
vt 0.6554 0.7931
vt 0.6492 0.6817
vt 0.6367 0.3338
vt 0.7414 0.3338
vt 0.7705 0.43
vt 0.6551 0.465
vt 0.8391 0.5119
vt 0.7667 0.5322
vt 0.6567 0.5545
vt 0.8956 0.651
vt 0.947 0.6412
vt 0.9528 0.4802
vt 0.8944 0.4986
vt 0.7711 0.3338
vt 0.8234 0.4025
vt 0.9073 0.3738
vt 0.8419 0.3431
vt 0.0543 0.9019
vt 0.1547 0.9706
vt 0.1433 0.9411
vt 0.0615 0.8779
vt 0.3526 0.7056
vt 0.2626 0.6284
vt 0.2579 0.8019
vt 0.3285 0.8627
vt 0.2528 0.9011
vt 0.3301 0.5705
vt 0.2951 0.426
vt 0.0679 0.1582
vt 0.1199 0.2581
vt 0.227 0.1923
vt 0.1337 0.1034
vt 0.0205 0.2663
vt 0.0559 0.4387
vt 0.1106 0.3955
vt 0.0508 0.1613
vt 0.0205 0.181
vt 0.2318 0.38
vt 0.253 0.486
vt 0.2565 0.3277
vt 0.1239 0.5441
vt 0.097 0.5635
vt 0.1257 0.6194
vt 0.0839 0.8236
vt 0.1183 0.7984
vt 0.0956 0.7085
vt 0.0686 0.7292
vt 0.0205 0.566
vt 0.0205 0.41
vt 0.1589 0.6177
vt 0.1306 0.7073
vt 0.1698 0.6537
vt 0.098 0.6487
vt 0.1966 0.4442
vt 0.1588 0.5597
vt 0.0658 0.6278
vt 0.2036 0.5895
vt 0.0392 0.715
vt 0.2201 0.5225
vt 0.2391 0.634
vt 0.2103 0.6499
vt 0.1674 0.7289
vt 0.2056 0.7609
vt 0.15 0.7966
vt 0.1898 0.8356
vt 0.1406 0.8941
vt 0.2062 0.8832
vt 0.2362 0.7748
vt 0.0429 0.5964
vt 0.0205 0.7077
vt 0.0205 0.879
vt 0.3525 0.661
vt 0.1792 0.4877
vt 0.1196 0.4673
vt 0.0741 0.5118
vt 0.1931 0.0229
vt 0.62 0.487
vt 0.5477 0.5052
vt 0.5534 0.3446
vt 0.62 0.3281
vt 0.62 0.6146
vt 0.62 0.7174
vt 0.5297 0.7357
vt 0.5313 0.6351
vt 0.62 0.8811
vt 0.5145 0.965
vt 0.4437 0.9748
vt 0.4562 0.8455
vt 0.5362 0.9063
vt 0.0856 0.0506
vt 0.3801 0.5076
vt 0.3874 0.5803
vt 0.3439 0.5459
vt 0.3439 0.5088
vt 0.4367 0.7427
vt 0.4444 0.6501
vt 0.4551 0.5257
vt 0.3198 0.3781
vt 0.4436 0.3663
vt 0.3914 0.844
vt 0.3875 0.7553
vt 0.3934 0.6614
vt 0.9838 0.6118
vt 0.9561 0.7915
vt 0.9838 0.8386
vt 0.9256 0.8828
vt 0.9499 0.9331
vt 0.8909 0.9121
vt 0.9087 0.9771
vt 0.865 0.9771
vt 0.8494 0.9355
vt 0.7885 0.8982
vt 0.7444 0.9771
vt 0.7711 0.9771
vt 0.6367 0.9771
vt 0.6516 0.883
vt 0.9048 0.8288
vt 0.8552 0.8384
vt 0.834 0.6627
vt 0.773 0.6707
vt 0.771 0.8003
vt 0.6554 0.7931
vt 0.6492 0.6817
vt 0.7705 0.43
vt 0.7414 0.3338
vt 0.6367 0.3338
vt 0.6551 0.465
vt 0.8391 0.5119
vt 0.7667 0.5322
vt 0.6567 0.5545
vt 0.947 0.6412
vt 0.8956 0.651
vt 0.9528 0.4802
vt 0.8944 0.4986
vt 0.7711 0.3338
vt 0.8234 0.4025
vt 0.9073 0.3738
vt 0.8419 0.3431
vt 0.1433 0.9411
vt 0.1547 0.9706
vt 0.0543 0.9019
vt 0.0615 0.8779
vt 0.2579 0.8019
vt 0.2626 0.6284
vt 0.3526 0.7056
vt 0.3285 0.8627
vt 0.2528 0.9011
vt 0.3301 0.5705
vt 0.2951 0.426
vt 0.227 0.1923
vt 0.1199 0.2581
vt 0.0679 0.1582
vt 0.1337 0.1034
vt 0.1106 0.3955
vt 0.0559 0.4387
vt 0.0508 0.1613
vt 0.253 0.486
vt 0.2318 0.38
vt 0.2565 0.3277
vt 0.1239 0.5441
vt 0.1257 0.6194
vt 0.097 0.5635
vt 0.0956 0.7085
vt 0.1183 0.7984
vt 0.0839 0.8236
vt 0.0686 0.7292
vt 0.0205 0.566
vt 0.0205 0.41
vt 0.1589 0.6177
vt 0.1306 0.7073
vt 0.1698 0.6537
vt 0.098 0.6487
vt 0.1966 0.4442
vt 0.1588 0.5597
vt 0.0658 0.6278
vt 0.2036 0.5895
vt 0.0392 0.715
vt 0.2391 0.634
vt 0.2201 0.5225
vt 0.1674 0.7289
vt 0.2103 0.6499
vt 0.2056 0.7609
vt 0.1898 0.8356
vt 0.15 0.7966
vt 0.1406 0.8941
vt 0.2062 0.8832
vt 0.2362 0.7748
vt 0.0429 0.5964
vt 0.0205 0.7077
vt 0.0205 0.879
vt 0.3525 0.661
vt 0.1792 0.4877
vt 0.1196 0.4673
vt 0.0741 0.5118
vt 0.1931 0.0229
vt 0.5534 0.3446
vt 0.5477 0.5052
vt 0.62 0.487
vt 0.62 0.3281
vt 0.5297 0.7357
vt 0.62 0.6146
vt 0.5313 0.6351
vt 0.4562 0.8455
vt 0.4437 0.9748
vt 0.5145 0.965
vt 0.5362 0.9063
vt 0.0856 0.0506
vt 0.3439 0.5459
vt 0.3874 0.5803
vt 0.3801 0.5076
vt 0.3439 0.5088
vt 0.4444 0.6501
vt 0.4367 0.7427
vt 0.4551 0.5257
vt 0.3198 0.3781
vt 0.4436 0.3663
vt 0.3914 0.844
vt 0.3934 0.6614
vt 0.3875 0.7553
f 263/263/263 265/265/265 264/264/264
f 265/265/265 263/263/263 266/266/266
f 267/267/267 264/264/264 265/265/265
f 264/264/264 267/267/267 268/268/268
f 269/269/269 264/264/264 270/270/270
f 264/264/264 269/269/269 263/263/263
f 268/268/268 270/270/270 264/264/264
f 270/270/270 268/268/268 271/271/271
f 263/263/263 272/272/272 266/266/266
f 272/272/272 263/263/263 273/273/273
f 274/274/274 276/276/276 275/275/275
f 276/276/276 274/274/274 277/277/277
f 275/275/275 278/278/278 274/274/274
f 278/278/278 275/275/275 279/279/279
f 280/280/280 269/269/269 281/281/281
f 269/269/269 280/280/280 263/263/263
f 282/282/282 284/284/284 283/283/283
f 284/284/284 282/282/282 275/275/275
f 282/282/282 279/279/279 275/275/275
f 279/279/279 282/282/282 285/285/285
f 286/286/286 288/288/288 287/287/287
f 288/288/288 286/286/286 289/289/289
f 290/290/290 289/289/289 286/286/286
f 289/289/289 290/290/290 291/291/291
f 292/292/292 289/289/289 293/293/293
f 289/289/289 292/292/292 288/288/288
f 291/291/291 293/293/293 289/289/289
f 293/293/293 291/291/291 294/294/294
f 288/288/288 295/295/295 287/287/287
f 295/295/295 288/288/288 296/296/296
f 297/297/297 299/299/299 298/298/298
f 297/297/297 296/296/296 299/299/299
f 297/297/297 295/295/295 296/296/296
f 298/298/298 300/300/300 297/297/297
f 300/300/300 298/298/298 301/301/301
f 302/302/302 292/292/292 303/303/303
f 292/292/292 302/302/302 288/288/288
f 304/304/304 298/298/298 299/299/299
f 298/298/298 304/304/304 305/305/305
f 301/301/301 305/305/305 306/306/306
f 305/305/305 301/301/301 298/298/298
f 307/307/307 309/309/309 308/308/308
f 309/309/309 307/307/307 310/310/310
f 311/311/311 313/313/313 312/312/312
f 313/313/313 311/311/311 314/314/314
f 308/308/308 313/313/313 314/314/314
f 313/313/313 308/308/308 309/309/309
f 310/310/310 311/311/311 312/312/312
f 311/311/311 310/310/310 307/307/307
f 315/315/315 317/317/317 316/316/316
f 316/316/316 318/318/318 315/315/315
f 317/317/317 319/319/319 316/316/316
f 320/320/320 322/322/322 321/321/321
f 322/322/322 320/320/320 323/323/323
f 324/324/324 321/321/321 325/325/325
f 321/321/321 324/324/324 320/320/320
f 326/326/326 325/325/325 321/321/321
f 325/325/325 326/326/326 327/327/327
f 320/320/320 328/328/328 323/323/323
f 328/328/328 320/320/320 329/329/329
f 329/329/329 330/330/330 328/328/328
f 330/330/330 329/329/329 331/331/331
f 324/324/324 329/329/329 320/320/320
f 329/329/329 324/324/324 332/332/332
f 332/332/332 331/331/331 329/329/329
f 331/331/331 332/332/332 333/333/333
f 333/333/333 334/334/334 331/331/331
f 334/334/334 333/333/333 335/335/335
f 263/263/263 280/280/280 273/273/273
f 276/276/276 284/284/284 275/275/275
f 288/288/288 302/302/302 296/296/296
f 302/302/302 299/299/299 296/296/296
f 281/281/281 284/284/284 280/280/280
f 284/284/284 281/281/281 283/283/283
f 284/284/284 273/273/273 280/280/280
f 273/273/273 284/284/284 276/276/276
f 276/276/276 272/272/272 273/273/273
f 272/272/272 276/276/276 277/277/277
f 304/304/304 302/302/302 303/303/303
f 302/302/302 304/304/304 299/299/299
f 336/336/336 338/338/338 337/337/337
f 337/337/337 339/339/339 336/336/336
f 340/340/340 337/337/337 338/338/338
f 338/338/338 341/341/341 340/340/340
f 342/342/342 343/343/343 338/338/338
f 338/338/338 336/336/336 342/342/342
f 341/341/341 338/338/338 343/343/343
f 343/343/343 344/344/344 341/341/341
f 336/336/336 339/339/339 345/345/345
f 345/345/345 346/346/346 336/336/336
f 347/347/347 349/349/349 348/348/348
f 348/348/348 350/350/350 347/347/347
f 349/349/349 347/347/347 351/351/351
f 351/351/351 352/352/352 349/349/349
f 353/353/353 354/354/354 342/342/342
f 342/342/342 336/336/336 353/353/353
f 355/355/355 357/357/357 356/356/356
f 356/356/356 349/349/349 355/355/355
f 355/355/355 349/349/349 352/352/352
f 352/352/352 358/358/358 355/355/355
f 359/359/359 361/361/361 360/360/360
f 360/360/360 362/362/362 359/359/359
f 363/363/363 359/359/359 362/362/362
f 362/362/362 364/364/364 363/363/363
f 365/365/365 366/366/366 362/362/362
f 362/362/362 360/360/360 365/365/365
f 364/364/364 362/362/362 366/366/366
f 366/366/366 367/367/367 364/364/364
f 360/360/360 361/361/361 368/368/368
f 368/368/368 369/369/369 360/360/360
f 370/370/370 372/372/372 371/371/371
f 370/370/370 371/371/371 369/369/369
f 370/370/370 369/369/369 368/368/368
f 372/372/372 370/370/370 373/373/373
f 373/373/373 374/374/374 372/372/372
f 375/375/375 376/376/376 365/365/365
f 365/365/365 360/360/360 375/375/375
f 377/377/377 371/371/371 372/372/372
f 372/372/372 378/378/378 377/377/377
f 374/374/374 379/379/379 378/378/378
f 378/378/378 372/372/372 374/374/374
f 380/380/380 382/382/382 381/381/381
f 381/381/381 383/383/383 380/380/380
f 384/384/384 386/386/386 385/385/385
f 385/385/385 387/387/387 384/384/384
f 382/382/382 387/387/387 385/385/385
f 385/385/385 381/381/381 382/382/382
f 383/383/383 386/386/386 384/384/384
f 384/384/384 380/380/380 383/383/383
f 388/388/388 390/390/390 389/389/389
f 390/390/390 388/388/388 391/391/391
f 389/389/389 390/390/390 392/392/392
f 393/393/393 395/395/395 394/394/394
f 394/394/394 396/396/396 393/393/393
f 397/397/397 398/398/398 395/395/395
f 395/395/395 393/393/393 397/397/397
f 399/399/399 395/395/395 398/398/398
f 398/398/398 400/400/400 399/399/399
f 393/393/393 396/396/396 401/401/401
f 401/401/401 402/402/402 393/393/393
f 402/402/402 401/401/401 403/403/403
f 403/403/403 404/404/404 402/402/402
f 397/397/397 393/393/393 402/402/402
f 402/402/402 405/405/405 397/397/397
f 405/405/405 402/402/402 404/404/404
f 404/404/404 406/406/406 405/405/405
f 406/406/406 404/404/404 407/407/407
f 407/407/407 408/408/408 406/406/406
f 336/336/336 346/346/346 353/353/353
f 348/348/348 349/349/349 356/356/356
f 360/360/360 369/369/369 375/375/375
f 375/375/375 369/369/369 371/371/371
f 354/354/354 353/353/353 356/356/356
f 356/356/356 357/357/357 354/354/354
f 356/356/356 353/353/353 346/346/346
f 346/346/346 348/348/348 356/356/356
f 348/348/348 346/346/346 345/345/345
f 345/345/345 350/350/350 348/348/348
f 377/377/377 376/376/376 375/375/375
f 375/375/375 371/371/371 377/377/377
f 409/409/409 411/411/411 410/410/410
f 411/411/411 409/409/409 412/412/412
f 412/412/412 413/413/413 411/411/411
f 413/413/413 412/412/412 414/414/414
f 414/414/414 415/415/415 413/413/413
f 415/415/415 414/414/414 416/416/416
f 417/417/417 419/419/419 418/418/418
f 419/419/419 417/417/417 420/420/420
f 417/417/417 421/421/421 420/420/420
f 421/421/421 417/417/417 422/422/422
f 422/422/422 423/423/423 421/421/421
f 423/423/423 422/422/422 424/424/424
f 418/418/418 415/415/415 416/416/416
f 415/415/415 418/418/418 419/419/419
f 425/425/425 427/427/427 426/426/426
f 428/428/428 427/427/427 429/429/429
f 427/427/427 428/428/428 426/426/426
f 430/430/430 428/428/428 429/429/429
f 428/428/428 430/430/430 431/431/431
f 430/430/430 432/432/432 431/431/431
f 432/432/432 430/430/430 433/433/433
f 434/434/434 433/433/433 435/435/435
f 433/433/433 434/434/434 436/436/436
f 435/435/435 437/437/437 434/434/434
f 437/437/437 435/435/435 438/438/438
f 430/430/430 429/429/429 439/439/439
f 440/440/440 442/442/442 441/441/441
f 442/442/442 440/440/440 443/443/443
f 435/435/435 433/433/433 443/443/443
f 438/438/438 443/443/443 444/444/444
f 443/443/443 438/438/438 435/435/435
f 443/443/443 445/445/445 444/444/444
f 445/445/445 443/443/443 440/440/440
f 446/446/446 448/448/448 447/447/447
f 448/448/448 446/446/446 449/449/449
f 450/450/450 440/440/440 441/441/441
f 440/440/440 450/450/450 451/451/451
f 451/451/451 449/449/449 452/452/452
f 449/449/449 451/451/451 448/448/448
f 445/445/445 451/451/451 452/452/452
f 451/451/451 445/445/445 440/440/440
f 453/453/453 427/427/427 454/454/454
f 427/427/427 453/453/453 439/439/439
f 455/455/455 453/453/453 454/454/454
f 453/453/453 455/455/455 456/456/456
f 430/430/430 442/442/442 433/433/433
f 442/442/442 430/430/430 439/439/439
f 453/453/453 442/442/442 439/439/439
f 442/442/442 453/453/453 441/441/441
f 441/441/441 456/456/456 450/450/450
f 456/456/456 441/441/441 453/453/453
f 433/433/433 442/442/442 443/443/443
f 448/448/448 457/457/457 447/447/447
f 448/448/448 451/451/451 458/458/458
f 450/450/450 456/456/456 459/459/459
f 456/456/456 455/455/455 459/459/459
f 450/450/450 459/459/459 458/458/458
f 457/457/457 448/448/448 460/460/460
f 425/425/425 454/454/454 427/427/427
f 458/458/458 460/460/460 448/448/448
f 459/459/459 460/460/460 458/458/458
f 450/450/450 458/458/458 451/451/451
f 425/425/425 455/455/455 454/454/454
f 429/429/429 427/427/427 439/439/439
f 433/433/433 436/436/436 432/432/432
f 461/461/461 463/463/463 462/462/462
f 463/463/463 461/461/461 464/464/464
f 465/465/465 467/467/467 466/466/466
f 467/467/467 465/465/465 468/468/468
f 467/467/467 468/468/468 469/469/469
f 470/470/470 466/466/466 471/471/471
f 472/472/472 474/474/474 473/473/473
f 474/474/474 472/472/472 475/475/475
f 476/476/476 478/478/478 477/477/477
f 478/478/478 476/476/476 473/473/473
f 476/476/476 480/480/480 479/479/479
f 481/481/481 471/471/471 482/482/482
f 471/471/471 481/481/481 483/483/483
f 484/484/484 486/486/486 485/485/485
f 487/487/487 489/489/489 488/488/488
f 489/489/489 487/487/487 490/490/490
f 491/491/491 492/492/492 477/477/477
f 493/493/493 494/494/494 486/486/486
f 494/494/494 493/493/493 495/495/495
f 494/494/494 496/496/496 486/486/486
f 474/474/474 481/481/481 478/478/478
f 481/481/481 474/474/474 483/483/483
f 497/497/497 478/478/478 481/481/481
f 484/484/484 493/493/493 486/486/486
f 493/493/493 484/484/484 498/498/498
f 496/496/496 494/494/494 489/489/489
f 489/489/489 499/499/499 496/496/496
f 499/499/499 489/489/489 490/490/490
f 500/500/500 493/493/493 498/498/498
f 493/493/493 500/500/500 495/495/495
f 464/464/464 490/490/490 487/487/487
f 490/490/490 464/464/464 501/501/501
f 482/482/482 503/503/503 502/502/502
f 503/503/503 482/482/482 466/466/466
f 504/504/504 505/505/505 495/495/495
f 505/505/505 504/504/504 506/506/506
f 505/505/505 508/508/508 507/507/507
f 508/508/508 505/505/505 506/506/506
f 507/507/507 509/509/509 488/488/488
f 494/494/494 495/495/495 505/505/505
f 507/507/507 488/488/488 494/494/494
f 463/463/463 508/508/508 510/510/510
f 508/508/508 463/463/463 509/509/509
f 509/509/509 464/464/464 487/487/487
f 464/464/464 509/509/509 463/463/463
f 510/510/510 467/467/467 469/469/469
f 467/467/467 510/510/510 511/511/511
f 501/501/501 499/499/499 490/490/490
f 499/499/499 501/501/501 512/512/512
f 509/509/509 507/507/507 508/508/508
f 494/494/494 505/505/505 507/507/507
f 509/509/509 487/487/487 488/488/488
f 494/494/494 488/488/488 489/489/489
f 513/513/513 461/461/461 514/514/514
f 513/513/513 464/464/464 461/461/461
f 513/513/513 501/501/501 464/464/464
f 482/482/482 497/497/497 481/481/481
f 497/497/497 482/482/482 502/502/502
f 477/477/477 492/492/492 476/476/476
f 467/467/467 503/503/503 466/466/466
f 503/503/503 467/467/467 511/511/511
f 500/500/500 504/504/504 495/495/495
f 466/466/466 482/482/482 471/471/471
f 478/478/478 473/473/473 474/474/474
f 512/512/512 513/513/513 491/491/491
f 513/513/513 512/512/512 501/501/501
f 476/476/476 472/472/472 473/473/473
f 472/472/472 476/476/476 479/479/479
f 465/465/465 470/470/470 515/515/515
f 470/470/470 465/465/465 466/466/466
f 497/497/497 502/502/502 516/516/516
f 502/502/502 504/504/504 500/500/500
f 504/504/504 502/502/502 503/503/503
f 504/504/504 511/511/511 506/506/506
f 511/511/511 504/504/504 503/503/503
f 506/506/506 510/510/510 508/508/508
f 510/510/510 506/506/506 511/511/511
f 462/462/462 510/510/510 469/469/469
f 510/510/510 462/462/462 463/463/463
f 517/517/517 477/477/477 478/478/478
f 477/477/477 517/517/517 518/518/518
f 497/497/497 517/517/517 478/478/478
f 517/517/517 497/497/497 516/516/516
f 475/475/475 519/519/519 474/474/474
f 486/486/486 499/499/499 485/485/485
f 499/499/499 486/486/486 496/496/496
f 516/516/516 500/500/500 498/498/498
f 500/500/500 516/516/516 502/502/502
f 517/517/517 498/498/498 484/484/484
f 498/498/498 517/517/517 516/516/516
f 518/518/518 484/484/484 485/485/485
f 484/484/484 518/518/518 517/517/517
f 518/518/518 499/499/499 512/512/512
f 499/499/499 518/518/518 485/485/485
f 520/520/520 522/522/522 521/521/521
f 522/522/522 520/520/520 523/523/523
f 524/524/524 526/526/526 525/525/525
f 526/526/526 524/524/524 527/527/527
f 528/528/528 525/525/525 526/526/526
f 521/521/521 524/524/524 520/520/520
f 524/524/524 521/521/521 527/527/527
f 529/529/529 531/531/531 530/530/530
f 531/531/531 529/529/529 532/532/532
f 475/475/475 472/472/472 533/533/533
f 534/534/534 536/536/536 535/535/535
f 536/536/536 534/534/534 537/537/537
f 538/538/538 527/527/527 539/539/539
f 527/527/527 538/538/538 526/526/526
f 540/540/540 535/535/535 539/539/539
f 535/535/535 540/540/540 534/534/534
f 541/541/541 537/537/537 534/534/534
f 522/522/522 540/540/540 521/521/521
f 540/540/540 522/522/522 542/542/542
f 530/530/530 531/531/531 543/543/543
f 544/544/544 539/539/539 545/545/545
f 539/539/539 544/544/544 538/538/538
f 538/538/538 544/544/544 543/543/543
f 540/540/540 527/527/527 521/521/521
f 527/527/527 540/540/540 539/539/539
f 531/531/531 532/532/532 528/528/528
f 534/534/534 542/542/542 541/541/541
f 542/542/542 534/534/534 540/540/540
f 535/535/535 545/545/545 539/539/539
f 531/531/531 538/538/538 543/543/543
f 518/518/518 491/491/491 477/477/477
f 491/491/491 518/518/518 512/512/512
f 538/538/538 531/531/531 526/526/526
f 526/526/526 531/531/531 528/528/528
f 546/546/546 548/548/548 547/547/547
f 547/547/547 550/550/550 549/549/549
f 550/550/550 547/547/547 548/548/548
f 550/550/550 551/551/551 549/549/549
f 551/551/551 550/550/550 552/552/552
f 553/553/553 551/551/551 552/552/552
f 551/551/551 553/553/553 554/554/554
f 554/554/554 556/556/556 555/555/555
f 556/556/556 554/554/554 557/557/557
f 558/558/558 555/555/555 556/556/556
f 555/555/555 558/558/558 559/559/559
f 551/551/551 560/560/560 549/549/549
f 561/561/561 563/563/563 562/562/562
f 563/563/563 561/561/561 564/564/564
f 555/555/555 564/564/564 554/554/554
f 564/564/564 559/559/559 565/565/565
f 559/559/559 564/564/564 555/555/555
f 566/566/566 564/564/564 565/565/565
f 564/564/564 566/566/566 563/563/563
f 567/567/567 569/569/569 568/568/568
f 569/569/569 567/567/567 570/570/570
f 563/563/563 571/571/571 562/562/562
f 571/571/571 563/563/563 572/572/572
f 570/570/570 572/572/572 573/573/573
f 572/572/572 570/570/570 567/567/567
f 572/572/572 566/566/566 573/573/573
f 566/566/566 572/572/572 563/563/563
f 547/547/547 575/575/575 574/574/574
f 575/575/575 547/547/547 560/560/560
f 575/575/575 576/576/576 574/574/574
f 576/576/576 575/575/575 577/577/577
f 561/561/561 551/551/551 554/554/554
f 551/551/551 561/561/561 560/560/560
f 561/561/561 575/575/575 560/560/560
f 575/575/575 561/561/561 562/562/562
f 577/577/577 562/562/562 571/571/571
f 562/562/562 577/577/577 575/575/575
f 554/554/554 564/564/564 561/561/561
f 567/567/567 568/568/568 578/578/578
f 567/567/567 579/579/579 572/572/572
f 571/571/571 580/580/580 577/577/577
f 577/577/577 580/580/580 576/576/576
f 571/571/571 579/579/579 580/580/580
f 578/578/578 581/581/581 567/567/567
f 546/546/546 547/547/547 574/574/574
f 579/579/579 567/567/567 581/581/581
f 580/580/580 579/579/579 581/581/581
f 571/571/571 572/572/572 579/579/579
f 546/546/546 574/574/574 576/576/576
f 549/549/549 560/560/560 547/547/547
f 554/554/554 553/553/553 557/557/557
f 582/582/582 584/584/584 583/583/583
f 584/584/584 582/582/582 585/585/585
f 586/586/586 588/588/588 587/587/587
f 588/588/588 586/586/586 589/589/589
f 586/586/586 590/590/590 589/589/589
f 591/591/591 592/592/592 587/587/587
f 593/593/593 595/595/595 594/594/594
f 595/595/595 593/593/593 596/596/596
f 597/597/597 476/476/476 598/598/598
f 476/476/476 597/597/597 594/594/594
f 476/476/476 599/599/599 480/480/480
f 592/592/592 601/601/601 600/600/600
f 601/601/601 592/592/592 602/602/602
f 603/603/603 605/605/605 604/604/604
f 606/606/606 608/608/608 607/607/607
f 608/608/608 606/606/606 609/609/609
f 610/610/610 598/598/598 611/611/611
f 612/612/612 604/604/604 613/613/613
f 613/613/613 614/614/614 612/612/612
f 613/613/613 604/604/604 615/615/615
f 601/601/601 593/593/593 597/597/597
f 593/593/593 601/601/601 602/602/602
f 616/616/616 601/601/601 597/597/597
f 612/612/612 603/603/603 604/604/604
f 603/603/603 612/612/612 617/617/617
f 615/615/615 606/606/606 613/613/613
f 618/618/618 606/606/606 615/615/615
f 606/606/606 618/618/618 609/609/609
f 612/612/612 619/619/619 617/617/617
f 619/619/619 612/612/612 614/614/614
f 609/609/609 585/585/585 608/608/608
f 585/585/585 609/609/609 620/620/620
f 621/621/621 600/600/600 622/622/622
f 600/600/600 621/621/621 587/587/587
f 623/623/623 624/624/624 614/614/614
f 624/624/624 623/623/623 625/625/625
f 626/626/626 623/623/623 627/627/627
f 623/623/623 626/626/626 625/625/625
f 627/627/627 607/607/607 628/628/628
f 613/613/613 623/623/623 614/614/614
f 627/627/627 613/613/613 607/607/607
f 626/626/626 582/582/582 629/629/629
f 582/582/582 626/626/626 628/628/628
f 585/585/585 628/628/628 608/608/608
f 628/628/628 585/585/585 582/582/582
f 586/586/586 629/629/629 590/590/590
f 629/629/629 586/586/586 630/630/630
f 618/618/618 620/620/620 609/609/609
f 620/620/620 618/618/618 631/631/631
f 628/628/628 626/626/626 627/627/627
f 613/613/613 627/627/627 623/623/623
f 628/628/628 607/607/607 608/608/608
f 613/613/613 606/606/606 607/607/607
f 632/632/632 585/585/585 620/620/620
f 632/632/632 584/584/584 585/585/585
f 632/632/632 633/633/633 584/584/584
f 616/616/616 600/600/600 601/601/601
f 600/600/600 616/616/616 622/622/622
f 598/598/598 476/476/476 611/611/611
f 621/621/621 586/586/586 587/587/587
f 586/586/586 621/621/621 630/630/630
f 619/619/619 614/614/614 624/624/624
f 587/587/587 592/592/592 600/600/600
f 597/597/597 593/593/593 594/594/594
f 632/632/632 631/631/631 610/610/610
f 631/631/631 632/632/632 620/620/620
f 595/595/595 476/476/476 594/594/594
f 476/476/476 595/595/595 599/599/599
f 591/591/591 588/588/588 634/634/634
f 588/588/588 591/591/591 587/587/587
f 616/616/616 635/635/635 622/622/622
f 624/624/624 622/622/622 619/619/619
f 622/622/622 624/624/624 621/621/621
f 630/630/630 624/624/624 625/625/625
f 624/624/624 630/630/630 621/621/621
f 629/629/629 625/625/625 626/626/626
f 625/625/625 629/629/629 630/630/630
f 629/629/629 583/583/583 590/590/590
f 583/583/583 629/629/629 582/582/582
f 598/598/598 636/636/636 597/597/597
f 636/636/636 598/598/598 637/637/637
f 636/636/636 616/616/616 597/597/597
f 616/616/616 636/636/636 635/635/635
f 596/596/596 593/593/593 638/638/638
f 618/618/618 604/604/604 605/605/605
f 604/604/604 618/618/618 615/615/615
f 619/619/619 635/635/635 617/617/617
f 635/635/635 619/619/619 622/622/622
f 617/617/617 636/636/636 603/603/603
f 636/636/636 617/617/617 635/635/635
f 603/603/603 637/637/637 605/605/605
f 637/637/637 603/603/603 636/636/636
f 618/618/618 637/637/637 631/631/631
f 637/637/637 618/618/618 605/605/605
f 639/639/639 641/641/641 640/640/640
f 641/641/641 639/639/639 642/642/642
f 643/643/643 644/644/644 525/525/525
f 644/644/644 643/643/643 645/645/645
f 528/528/528 643/643/643 525/525/525
f 644/644/644 640/640/640 641/641/641
f 640/640/640 644/644/644 645/645/645
f 646/646/646 648/648/648 647/647/647
f 648/648/648 646/646/646 649/649/649
f 596/596/596 650/650/650 595/595/595
f 651/651/651 653/653/653 652/652/652
f 653/653/653 651/651/651 654/654/654
f 645/645/645 656/656/656 655/655/655
f 656/656/656 645/645/645 643/643/643
f 652/652/652 657/657/657 655/655/655
f 657/657/657 652/652/652 653/653/653
f 658/658/658 653/653/653 654/654/654
f 657/657/657 639/639/639 640/640/640
f 639/639/639 657/657/657 659/659/659
f 647/647/647 660/660/660 646/646/646
f 655/655/655 662/662/662 661/661/661
f 662/662/662 655/655/655 656/656/656
f 656/656/656 660/660/660 662/662/662
f 645/645/645 657/657/657 640/640/640
f 657/657/657 645/645/645 655/655/655
f 646/646/646 528/528/528 649/649/649
f 659/659/659 653/653/653 658/658/658
f 653/653/653 659/659/659 657/657/657
f 652/652/652 655/655/655 661/661/661
f 646/646/646 660/660/660 656/656/656
f 610/610/610 637/637/637 598/598/598
f 637/637/637 610/610/610 631/631/631
f 656/656/656 643/643/643 646/646/646
f 643/643/643 528/528/528 646/646/646

g elf_face
# texture: elf_face.jpg
v -1.517095 6.770277 -1.532295
v -1.259522 6.911616 -1.486555
v -0.888636 6.23579 -1.382178
v -1.376754 6.391415 -1.260152
v -1.254496 6.271236 -0.894643
v -1.567934 7.076373 -1.627724
v -1.528874 7.303978 -1.570774
v -1.387875 7.402777 -1.371678
v -1.387875 7.402777 -1.371678
v -1.528874 7.303978 -1.570774
v -1.443755 7.334367 -1.156833
v -1.298075 6.668146 -0.95261
v -1.376754 6.391415 -1.260152
v -1.254496 6.271236 -0.894643
v -1.567934 7.076373 -1.627724
v -1.517095 6.770277 -1.532295
v -1.350758 6.860437 -1.006307
v -1.397533 7.237429 -1.029402
v -1.397533 7.237429 -1.029402
v -1.423046 7.191333 -0.531517
v -1.417969 7.421226 -0.303272
v -1.514764 7.72856 -0.295616
v -1.286675 7.900613 0.102514
v -1.782919 8.33085 -0.66539
v -1.711906 7.693702 -0.882234
v -1.47999 8.220512 -0.283116
v -0.213201 9.425379 -0.220898
v -0.374822 9.491878 -0.280179
v -0.522578 9.130584 0.41876
v -0.356566 9.104799 0.487111
v -1.351059 8.645533 0.016758
v -1.418657 9.0612 -0.753887
v -1.812407 7.698721 -1.241667
v -1.766052 8.465946 -1.163348
v -1.820276 7.674438 -1.748363
v -1.980131 6.831651 -2.05213
v -1.798395 7.3431 -1.558077
v -1.572219 6.119507 -1.585431
v -0.585331 5.965581 -1.611598
v -1.259522 6.911616 -1.486555
v -0.044375 9.672772 -1.056195
v -0.194544 9.728256 -1.151701
v -1.61306 8.49719 -1.850178
v -1.198236 9.252028 -1.641919
v -1.699462 7.188041 -2.343384
v -1.222443 8.318035 -2.479984
v -0.476655 7.875222 -2.986195
v -0.590683 6.973627 -3.031462
v 0.347106 7.722472 -3.02318
v 0.310591 6.567472 -2.855639
v 0.137372 9.527403 -1.960323
v -0.40629 9.492243 -2.17317
v -0.614638 9.649076 -1.369301
v -0.848657 9.091112 -2.289586
v -0.287972 8.770062 -2.797096
v 0.307765 8.802414 -2.814982
v -0.888636 6.23579 -1.382178
v -1.037052 9.064737 0.246501
v -0.823382 9.454317 -0.416721
v -1.29382 5.597207 -1.73204
v -1.621053 5.733917 -2.225297
v -0.441356 5.478875 -2.544744
v -1.265033 8.100058 0.049098
v -1.204328 8.170203 0.190687
v -1.898729 6.355329 -2.232033
v -0.73786 6.2377 -2.813427
v 0.255028 5.862813 -2.588151
v -0.146458 5.729053 -1.813286
v 0.100784 5.68657 -1.824407
v -1.350758 6.860437 -1.006307
v -1.392251 6.8454 -0.663719
v -1.298075 6.668146 -0.95261
v -1.254496 6.271236 -0.894643
v -1.329729 6.675323 -0.724451
v -1.004574 7.559189 0.597095
v -0.692491 7.446704 0.735345
v -0.419671 8.149497 0.789056
v -0.958871 8.203588 0.482694
v -1.270124 7.538638 0.321938
v -1.204328 8.170203 0.190687
v -1.286675 7.900613 0.102514
v -1.265033 8.100058 0.049098
v -1.040065 6.973735 0.38293
v -1.156103 7.031326 0.284615
v -1.225829 6.834358 0.272408
v -0.997559 6.823608 0.425364
v -0.428323 7.434728 0.823498
v -0.563314 7.19814 0.735258
v -0.423135 7.194118 0.794876
v -0.53986 7.077806 0.740952
v -0.605134 6.920788 0.544029
v -0.624401 6.635695 0.635788
v -0.568896 6.6991 0.913529
v -0.423171 7.079197 0.793684
v -0.458631 6.721406 0.965489
v -1.007626 6.645852 0.477784
v -0.849784 6.646111 0.550548
v -0.842483 6.859993 0.474811
v -1.087691 6.169308 0.296304
v -1.201974 6.464779 0.29543
v -1.341266 6.498469 -0.158233
v -1.174264 6.061509 -0.136662
v -0.601094 6.551718 1.007827
v -0.481253 6.565832 1.075958
v -0.592492 6.474201 1.011294
v -0.481866 6.473519 1.077902
v -0.648361 6.374156 0.665539
v -0.668117 6.452795 0.647567
v -0.528078 6.30056 0.789688
v -0.539691 6.233701 0.772605
v -0.428266 6.21459 0.808686
v -0.430165 6.294524 0.819066
v -0.585089 6.035411 0.734808
v -0.579897 5.985608 0.678553
v -0.419366 5.970036 0.76158
v -0.428563 6.010532 0.807728
v -0.66649 6.308208 0.648403
v -0.69831 6.445562 0.61607
v -0.743802 6.184687 0.607882
v -0.580819 6.118585 0.779425
v -0.727828 5.99444 0.561758
v -0.746836 6.042617 0.596946
v -0.845208 5.99984 0.500379
v -0.393706 5.732752 0.631348
v -0.584927 5.735338 0.540496
v -0.396331 5.530297 0.641971
v -0.357058 5.233143 0.443434
v -0.385929 5.323206 0.587852
v -0.53736 5.336895 0.519386
v -0.50801 5.252845 0.373675
v -1.254496 6.271236 -0.894643
v -1.158674 5.941367 -0.687547
v -0.888636 6.23579 -1.382178
v -0.848497 5.811106 -1.086572
v -0.787568 5.630746 0.347555
v -0.967998 5.873979 0.289559
v -1.028121 5.812572 0.003879
v -0.620848 5.480299 0.513217
v -0.627393 7.077472 0.517638
v -0.693765 7.110178 0.450997
v -0.9046 6.181528 0.506208
v -0.826598 6.395214 0.567166
v -0.981317 6.37564 0.482213
v -0.651101 5.496263 -0.607886
v -0.793265 5.479941 -0.075714
v -1.021645 5.696712 -0.418636
v -0.69211 7.200499 0.502101
v -0.745911 7.345517 0.659529
v -0.888883 6.98313 0.440752
v -0.605955 5.339529 0.059756
v -0.628836 5.321279 0.22987
v -0.81347 5.906019 0.50578
v -0.573125 5.805822 0.687358
v -0.473383 6.39646 1.034865
v -0.574688 6.416026 0.982984
v -1.241906 6.675069 0.280443
v -1.426358 6.851457 -0.197503
v -1.427155 7.177745 -0.236251
v -1.417969 7.421226 -0.303272
v -1.423046 7.191333 -0.531517
v -1.392251 6.8454 -0.663719
v -1.329729 6.675323 -0.724451
v -0.435946 6.107643 0.84554
v -0.418417 5.789788 0.754723
v -0.30912 5.229661 0.205374
v -0.410796 5.357114 -0.303976
v -0.562942 5.033239 -1.510173
v -0.585331 5.965581 -1.611598
v -0.146458 5.729053 -1.813286
v -0.113409 5.073026 -1.782122
v 0.100784 5.68657 -1.824407
v 0.385599 5.062242 -1.597908
v -0.385018 4.82563 -0.308075
v -0.410796 5.357114 -0.303976
v -0.651101 5.496263 -0.607886
v -0.625522 4.913951 -0.57571
v -0.442038 4.124069 -0.163117
v -0.632072 4.256029 -0.416991
v -0.708166 4.23563 -0.801835
v -0.653087 4.989672 -1.086494
v -0.848497 5.811106 -1.086572
v -0.888636 6.23579 -1.382178
v -0.622722 4.482048 -1.496932
v -0.267789 4.65615 -1.885515
v 0.473686 4.664538 -1.714595
v -1.06462 7.067355 0.373773
v -1.145294 7.118722 0.291754
v -1.210893 7.187552 0.208032
v -1.257885 7.19923 0.115316
v -0.906627 7.057703 0.431993
v -0.875135 7.053191 0.272032
v -0.906627 7.057703 0.431993
v -0.693765 7.110178 0.450997
v -0.693765 7.110178 0.450997
v -0.702079 7.102262 0.28452
v -0.875135 7.053191 0.272032
v -1.023066 7.062141 0.217529
v -1.06462 7.067355 0.373773
v -0.906627 7.057703 0.431993
v -0.875135 7.053191 0.272032
v -1.101694 7.111466 0.155722
v -1.145294 7.118722 0.291754
v -1.06462 7.067355 0.373773
v -1.06462 7.067355 0.373773
v -1.023066 7.062141 0.217529
v -1.101694 7.111466 0.155722
v -1.15657 7.172486 0.044996
v -1.210893 7.187552 0.208032
v -1.145294 7.118722 0.291754
v -1.145294 7.118722 0.291754
v -1.101694 7.111466 0.155722
v -1.15657 7.172486 0.044996
v -0.693765 7.110178 0.450997
v -0.835641 7.276984 0.447832
v -0.839793 7.243079 0.44677
v -0.911288 7.269725 0.440438
v -0.911225 7.300642 0.439478
v -1.0741 7.304286 0.377572
v -1.074182 7.267793 0.379065
v -1.10929 7.22261 0.174496
v -1.151141 7.236807 0.300416
v -1.210893 7.187552 0.208032
v -1.210893 7.187552 0.208032
v -1.15657 7.172486 0.044996
v -1.10929 7.22261 0.174496
v -1.031737 7.249173 0.22077
v -1.074182 7.267793 0.379065
v -1.151141 7.236807 0.300416
v -1.151141 7.236807 0.300416
v -1.10929 7.22261 0.174496
v -1.031737 7.249173 0.22077
v -0.879172 7.251094 0.278224
v -0.911288 7.269725 0.440438
v -1.074182 7.267793 0.379065
v -1.074182 7.267793 0.379065
v -1.031737 7.249173 0.22077
v -0.879172 7.251094 0.278224
v -0.879172 7.251094 0.278224
v -0.824148 7.232407 0.291978
v -0.839793 7.243079 0.44677
v -0.839793 7.243079 0.44677
v -0.911288 7.269725 0.440438
v -0.879172 7.251094 0.278224
v -1.151258 7.257354 0.300226
v -1.151141 7.236807 0.300416
v -1.210893 7.187552 0.208032
v -0.702079 7.102262 0.28452
v -0.693765 7.110178 0.450997
v -0.839793 7.243079 0.44677
v -0.839793 7.243079 0.44677
v -0.824148 7.232407 0.291978
v -0.702079 7.102262 0.28452
v -0.958591 7.409621 0.569598
v -1.20839 7.411483 0.352746
v -1.164902 7.301511 0.304172
v -1.084293 7.330121 0.381388
v -0.913992 7.336619 0.446556
v -0.814352 7.294168 0.465407
v -1.267425 7.415805 0.255416
v -1.164902 7.301511 0.304172
v -0.913992 7.336619 0.446556
v -1.387875 7.402777 -1.371678
v -1.595495 5.936015 -1.889899
v 1.484426 6.763076 -0.927776
v 1.247934 6.385118 -0.731529
v 0.824582 6.270338 -0.682669
v 1.229883 6.905644 -0.985178
v 0.993165 6.265844 -0.441955
v 1.569654 7.068846 -0.995801
v 1.512643 7.29668 -0.958199
v 1.306023 7.396313 -0.829115
v 1.306023 7.396313 -0.829115
v 1.274065 7.327947 -0.609461
v 1.512643 7.29668 -0.958199
v 1.057615 6.662495 -0.478164
v 0.993165 6.265844 -0.441955
v 1.247934 6.385118 -0.731529
v 1.569654 7.068846 -0.995801
v 1.127863 6.85449 -0.507101
v 1.484426 6.763076 -0.927776
v 1.181669 7.231241 -0.50994
v 1.181669 7.231241 -0.50994
v 0.920272 7.415616 0.16766
v 1.012246 7.185491 -0.041038
v 1.007972 7.722508 0.212474
v 0.644344 7.895981 0.491429
v 1.401136 8.32321 -0.024107
v 0.973339 8.214626 0.210995
v 1.416663 7.686196 -0.252127
v -0.17692 9.129755 0.488376
v -0.040927 9.491076 -0.212931
v 0.770486 8.680009 0.404242
v 1.102903 9.055151 -0.246034
v 1.648488 7.690417 -0.544628
v 1.578969 8.457922 -0.489646
v 1.851777 7.665628 -1.008796
v 1.756413 7.334571 -0.842123
v 2.11287 6.821832 -1.227782
v 1.55282 6.11201 -0.956035
v 1.229883 6.905644 -0.985178
v 0.787838 6.025772 -0.780151
v 0.131311 9.727474 -1.086072
v 1.703925 8.489232 -1.182123
v 1.24431 9.246168 -1.14998
v 1.968475 7.179241 -1.604645
v 1.211523 6.969304 -2.668489
v 1.093021 7.871456 -2.670055
v 1.58674 8.311295 -1.914202
v 0.602518 9.646156 -1.12416
v 0.720873 9.489538 -1.946154
v 1.171962 9.086266 -1.882624
v 0.849975 8.767332 -2.567909
v 0.824582 6.270338 -0.682669
v 0.363815 9.061377 0.528642
v 0.42534 9.451322 -0.165223
v 0.878537 5.475709 -2.278912
v 1.843763 5.725604 -1.527468
v 1.350474 5.590863 -1.199468
v 0.645987 8.095474 0.433986
v 0.53553 8.166029 0.541102
v 1.259428 6.232908 -2.411164
v 2.105259 6.345722 -1.425612
v 0.778844 5.766148 -1.252505
v 1.033434 6.83958 -0.175176
v 1.127863 6.85449 -0.507101
v 1.057615 6.662495 -0.478164
v 0.998513 6.669737 -0.255533
v 0.993165 6.265844 -0.441955
v 0.191212 7.55632 0.837931
v 0.196328 8.200817 0.715357
v -0.150574 7.445404 0.844489
v 0.542474 7.534289 0.687003
v 0.53553 8.166029 0.541102
v 0.644344 7.895981 0.491429
v 0.645987 8.095474 0.433986
v 0.304139 6.97051 0.653659
v 0.247829 6.820621 0.676191
v 0.517559 6.830175 0.623534
v 0.449453 7.027474 0.607981
v -0.270789 7.197437 0.794173
v -0.295174 7.077219 0.790233
v -0.336954 6.698544 0.960243
v -0.178555 6.634625 0.725583
v -0.159484 6.919719 0.633784
v 0.235999 6.642868 0.728256
v 0.085872 6.857765 0.661786
v 0.062299 6.643923 0.734245
v 0.377876 6.165792 0.591475
v 0.624805 6.057193 0.225678
v 0.789149 6.493359 0.270842
v 0.484948 6.460732 0.635184
v -0.344449 6.551102 1.059517
v -0.35408 6.473629 1.059311
v -0.169185 6.373006 0.762047
v -0.14365 6.451536 0.753197
v -0.328487 6.300081 0.829886
v -0.311474 6.233153 0.818569
v -0.2559 6.034621 0.801108
v -0.23914 5.98479 0.747183
v -0.14614 6.30696 0.753205
v -0.103652 6.444135 0.735836
v -0.276726 6.117855 0.840671
v -0.031649 6.187687 0.744501
v -0.054932 5.998155 0.698811
v 0.076009 5.986745 0.681136
v -0.042944 6.045861 0.737612
v -0.182215 5.734372 0.621605
v -0.190781 5.252084 0.437566
v -0.219738 5.336133 0.583356
v 0.823125 5.936613 -0.288403
v 0.993165 6.265844 -0.441955
v 0.824582 6.270338 -0.682669
v 0.454577 5.868224 -0.297566
v 0.07883 5.628568 0.522059
v 0.434505 5.809062 0.298459
v 0.268765 5.871012 0.538649
v -0.139711 5.479145 0.610121
v -0.128022 7.076274 0.618214
v -0.040877 7.108612 0.582491
v 0.152221 6.160617 0.703913
v 0.033332 6.39315 0.74036
v 0.208782 6.372786 0.721904
v -0.039911 5.523053 -0.237813
v 0.591557 5.692842 -0.09373
v 0.247238 5.477445 0.133849
v -0.061769 7.198986 0.629055
v -0.072436 7.343901 0.79517
v 0.142504 6.980655 0.648478
v 0.021445 5.338024 0.186117
v -0.023395 5.319826 0.351808
v 0.032779 5.897522 0.676925
v -0.249622 5.805046 0.752513
v -0.359804 6.41551 1.026262
v 0.528538 6.670822 0.637018
v 0.884435 6.845913 0.2679
v 0.901675 7.172158 0.232785
v 0.920272 7.415616 0.16766
v 1.033434 6.83958 -0.175176
v 1.012246 7.185491 -0.041038
v 0.998513 6.669737 -0.255533
v 0.747487 5.090778 -0.716729
v 0.778159 5.112106 -1.242281
v 0.778844 5.766148 -1.252505
v 0.787838 6.025772 -0.780151
v -0.042882 4.93949 -0.222925
v -0.039911 5.523053 -0.237813
v -0.138162 4.277678 -0.11793
v 0.238794 4.277139 -0.228455
v 0.416966 5.036576 -0.438582
v 0.454577 5.868224 -0.297566
v 0.824582 6.270338 -0.682669
v 0.798658 4.544352 -0.636292
v 0.967585 4.7103 -1.137502
v 0.437127 7.114924 0.610459
v 0.330757 7.064005 0.654808
v 0.609608 7.194649 0.491445
v 0.530337 7.183375 0.558723
v 0.162502 7.055138 0.64732
v 0.195366 7.050622 0.487636
v 0.031195 7.100503 0.432204
v -0.040877 7.108612 0.582491
v -0.040877 7.108612 0.582491
v 0.162502 7.055138 0.64732
v 0.195366 7.050622 0.487636
v 0.352901 7.058838 0.494655
v 0.195366 7.050622 0.487636
v 0.162502 7.055138 0.64732
v 0.162502 7.055138 0.64732
v 0.330757 7.064005 0.654808
v 0.352901 7.058838 0.494655
v 0.449552 7.107742 0.468149
v 0.352901 7.058838 0.494655
v 0.330757 7.064005 0.654808
v 0.330757 7.064005 0.654808
v 0.437127 7.114924 0.610459
v 0.449552 7.107742 0.468149
v 0.543292 7.168408 0.387356
v 0.449552 7.107742 0.468149
v 0.437127 7.114924 0.610459
v 0.437127 7.114924 0.610459
v 0.530337 7.183375 0.558723
v 0.543292 7.168408 0.387356
v -0.040877 7.108612 0.582491
v 0.096013 7.240834 0.635246
v 0.09193 7.274758 0.634649
v 0.164507 7.267144 0.657108
v 0.338448 7.264403 0.663575
v 0.339119 7.300896 0.6622
v 0.164963 7.29806 0.656226
v 0.449799 7.218869 0.488503
v 0.543292 7.168408 0.387356
v 0.530337 7.183375 0.558723
v 0.530337 7.183375 0.558723
v 0.439709 7.23299 0.62082
v 0.449799 7.218869 0.488503
v 0.360503 7.245832 0.501173
v 0.449799 7.218869 0.488503
v 0.439709 7.23299 0.62082
v 0.439709 7.23299 0.62082
v 0.338448 7.264403 0.663575
v 0.360503 7.245832 0.501173
v 0.197603 7.24851 0.495091
v 0.360503 7.245832 0.501173
v 0.338448 7.264403 0.663575
v 0.338448 7.264403 0.663575
v 0.164507 7.267144 0.657108
v 0.197603 7.24851 0.495091
v 0.197603 7.24851 0.495091
v 0.164507 7.267144 0.657108
v 0.096013 7.240834 0.635246
v 0.096013 7.240834 0.635246
v 0.14146 7.23009 0.486455
v 0.197603 7.24851 0.495091
v 0.439709 7.23299 0.62082
v 0.439985 7.253537 0.620709
v 0.530337 7.183375 0.558723
v 0.031195 7.100503 0.432204
v 0.14146 7.23009 0.486455
v 0.096013 7.240834 0.635246
v 0.096013 7.240834 0.635246
v -0.040877 7.108612 0.582491
v 0.031195 7.100503 0.432204
v 0.158769 7.40694 0.794638
v 0.473042 7.407449 0.691393
v 0.347159 7.326686 0.669688
v 0.451241 7.297634 0.62967
v 0.065577 7.292056 0.642629
v 0.16494 7.334031 0.663857
v 0.565171 7.411408 0.624509
v 0.451241 7.297634 0.62967
v 0.16494 7.334031 0.663857
v 1.306023 7.396313 -0.829115
v 1.691296 5.92813 -1.227925
vn -0.63361 -0.463276 -0.619608
vn 0.207129 -0.957529 0.20059
vn -0.404111 -0.685687 -0.605416
vn -0.585558 -0.681189 -0.439436
vn -0.825613 -0.51515 -0.230182
vn -0.651256 0.048595 -0.757301
vn -0.459235 0.597371 -0.657459
vn -0.859002 0.001218 0.511971
vn -0.859002 0.001218 0.511971
vn -0.459235 0.597371 -0.657459
vn -0.473725 0.704045 0.529061
vn -0.979055 -0.176078 0.102215
vn -0.585558 -0.681189 -0.439436
vn -0.825613 -0.51515 -0.230182
vn -0.651256 0.048595 -0.757301
vn -0.63361 -0.463276 -0.619608
vn -0.982457 -0.142163 0.120702
vn -0.969228 -0.231621 0.083365
vn -0.969228 -0.231621 0.083365
vn -0.998683 -0.00121 -0.051288
vn -0.97555 -0.102908 0.194196
vn -0.877131 -0.206465 0.433606
vn -0.924244 0.131154 0.35857
vn -0.947381 0.136077 0.289746
vn -0.861518 -0.456162 0.222943
vn -0.813886 -0.053791 0.57853
vn -0.072721 0.925343 0.372091
vn 0.014128 0.92917 0.369383
vn -0.171168 0.809442 0.561699
vn -0.123925 0.771138 0.624491
vn -0.897159 0.3533 0.265114
vn -0.765422 0.633419 0.113625
vn -0.909848 -0.360103 0.206161
vn -0.93768 0.340943 -0.067182
vn -0.969692 0.158365 -0.186061
vn -0.99708 0.000509 -0.076371
vn -0.789503 -0.202793 0.579276
vn -0.619729 -0.295757 0.726955
vn -0.843526 -0.53456 -0.052056
vn 0.207129 -0.957529 0.20059
vn -0.01833 0.994527 0.102859
vn 0.062414 0.997771 0.023612
vn -0.843402 0.371962 -0.387708
vn -0.655091 0.707466 -0.265233
vn -0.700924 0.153165 -0.696596
vn -0.634877 0.301026 -0.711558
vn -0.243799 0.124303 -0.961827
vn -0.19224 -0.06662 -0.979084
vn 0.197447 0.003746 -0.980307
vn 0.191378 -0.234816 -0.953014
vn 0.08255 0.91323 -0.398994
vn -0.209022 0.842507 -0.49648
vn -0.335151 0.935472 -0.112101
vn -0.534728 0.59078 -0.60419
vn -0.215161 0.430708 -0.876468
vn 0.175868 0.464991 -0.867671
vn -0.404111 -0.685687 -0.605416
vn -0.547711 0.733532 0.402422
vn -0.397624 0.88379 0.246596
vn -0.268975 -0.834895 0.480211
vn -0.689918 -0.647192 -0.324277
vn 0.045203 -0.883139 -0.466929
vn -0.89817 0.052852 0.436461
vn -0.847728 0.00089 0.530431
vn -0.893926 -0.23825 -0.379649
vn -0.231317 -0.276125 -0.932871
vn 0.152957 -0.623303 -0.766875
vn -0.411118 -0.806387 -0.425116
vn 0.111627 -0.81331 -0.571023
vn -0.982457 -0.142163 0.120702
vn -0.978922 -0.173618 -0.107561
vn -0.979055 -0.176078 0.102215
vn -0.825613 -0.51515 -0.230182
vn -0.966361 -0.232748 -0.109433
vn -0.591179 -0.061349 0.804204
vn -0.416503 -0.120461 0.901119
vn -0.196084 -0.129151 0.972045
vn -0.62723 -0.071774 0.77552
vn -0.863951 -0.026448 0.502881
vn -0.847728 0.00089 0.530431
vn -0.924244 0.131154 0.35857
vn -0.89817 0.052852 0.436461
vn -0.487732 0.059761 0.870945
vn -0.70657 0.103114 0.70009
vn -0.766979 0.13437 0.627446
vn -0.4389 0.2068 0.874414
vn -0.197284 -0.053089 0.978908
vn -0.598518 -0.215685 0.771529
vn -0.197111 -0.070521 0.977842
vn -0.743546 0.061996 0.665805
vn -0.740363 0.177879 0.648246
vn -0.791962 0.218205 0.570248
vn -0.784842 0.389049 0.482353
vn -0.192304 0.215498 0.957382
vn -0.16821 0.513722 0.841306
vn -0.5149 0.107653 0.850464
vn -0.386351 0.166008 0.90729
vn -0.338952 0.228075 0.91274
vn -0.824215 -0.32704 0.462293
vn -0.834599 -0.205776 0.510981
vn -0.95548 -0.269656 0.119766
vn -0.915606 -0.374748 0.1457
vn -0.803864 0.20899 0.55689
vn -0.186641 0.315305 0.930456
vn -0.770355 -0.247527 0.587609
vn -0.192259 -0.23922 0.951741
vn -0.809711 -0.139336 0.570047
vn -0.874791 0.070476 0.479348
vn -0.552432 -0.494293 0.671189
vn -0.510005 0.086104 0.855851
vn -0.195735 0.120064 0.973279
vn -0.163903 -0.567286 0.807045
vn -0.497991 -0.535807 0.681847
vn -0.537337 -0.371568 0.757104
vn -0.179731 -0.424674 0.887327
vn -0.161375 -0.58574 0.794271
vn -0.605435 0.073626 0.792482
vn -0.530477 0.085534 0.843373
vn -0.609888 -0.016372 0.792319
vn -0.555398 -0.071194 0.828532
vn -0.537989 -0.328002 0.77652
vn -0.620932 -0.343746 0.704473
vn -0.656281 -0.22933 0.718821
vn -0.167079 -0.54276 0.823102
vn -0.544558 -0.43215 0.718821
vn -0.196688 -0.099595 0.975395
vn -0.061073 -0.954508 0.291863
vn -0.161375 -0.58574 0.794272
vn -0.569852 -0.568844 0.593031
vn -0.413276 -0.900941 0.132317
vn -0.825613 -0.51515 -0.230182
vn -0.784347 -0.532867 -0.317573
vn -0.404111 -0.685687 -0.605416
vn -0.682714 -0.528242 -0.504839
vn -0.762906 -0.451728 0.46251
vn -0.809424 -0.400321 0.429623
vn -0.845493 -0.492022 0.2075
vn -0.701632 -0.268828 0.659882
vn -0.833263 -0.179538 0.522914
vn -0.653507 -0.258928 0.711256
vn -0.625179 -0.203227 0.753559
vn -0.442666 0.020456 0.896453
vn -0.587868 -0.087886 0.804169
vn -0.761112 -0.645899 0.059355
vn -0.644291 -0.762885 -0.053807
vn -0.690403 -0.707162 -0.152533
vn -0.68997 -0.482879 0.53923
vn -0.567424 -0.523268 0.635784
vn -0.288019 0.132357 0.948434
vn -0.374134 -0.902328 -0.214074
vn -0.623215 -0.780171 0.054184
vn -0.63942 -0.281202 0.715589
vn -0.497386 -0.482465 0.720995
vn -0.136727 -0.729497 0.670179
vn -0.627358 -0.630453 0.457112
vn -0.831824 -0.020952 0.554644
vn -0.983962 -0.090843 0.153513
vn -0.974281 0.065833 0.215508
vn -0.97555 -0.102908 0.194196
vn -0.998683 -0.00121 -0.051288
vn -0.978922 -0.173618 -0.107561
vn -0.966361 -0.232748 -0.109433
vn -0.197184 -0.063875 0.978283
vn -0.166461 -0.547656 0.819978
vn 0.022409 -0.992143 -0.123084
vn -0.290569 -0.791819 0.537208
vn -0.823348 0.015621 -0.567322
vn -0.843526 -0.53456 -0.052056
vn -0.411118 -0.806387 -0.425116
vn -0.092857 0.107343 -0.989876
vn 0.111627 -0.81331 -0.571023
vn 0.512105 0.100428 -0.853032
vn -0.517793 0.127824 0.845903
vn -0.290569 -0.791819 0.537208
vn -0.761112 -0.645899 0.059355
vn -0.913136 0.029306 0.406601
vn -0.393651 0.696712 0.599693
vn -0.850091 0.353817 0.390076
vn -0.797344 0.582338 0.158508
vn -0.992798 -0.080929 -0.088333
vn -0.682714 -0.528242 -0.504839
vn -0.404111 -0.685687 -0.605416
vn -0.848744 0.503014 -0.163127
vn -0.236244 0.595428 -0.76789
vn 0.451629 0.437533 -0.777558
vn -0.573881 -0.040867 0.817919
vn -0.743807 0.038042 0.667311
vn -0.796916 -0.263796 0.543449
vn -0.90363 -0.049165 0.425484
vn -0.245654 0.050038 0.968065
vn -0.232162 0.969928 -0.073086
vn -0.232162 0.969928 -0.073086
vn -0.232162 0.969927 -0.073086
vn -0.270092 0.962294 -0.032246
vn -0.270092 0.962294 -0.032246
vn -0.270092 0.962295 -0.032246
vn 0.066055 0.9977 -0.015242
vn 0.066055 0.9977 -0.015242
vn 0.066055 0.9977 -0.015242
vn 0.066055 0.9977 -0.015242
vn 0.459682 0.882372 0.100561
vn 0.459682 0.882372 0.100561
vn 0.459682 0.882372 0.100561
vn 0.473025 0.875704 0.096907
vn 0.473025 0.875704 0.096907
vn 0.473025 0.875704 0.096907
vn 0.627418 0.766334 0.138127
vn 0.627418 0.766334 0.138127
vn 0.627417 0.766335 0.138127
vn 0.588079 0.79547 0.146253
vn 0.588079 0.79547 0.146253
vn 0.58808 0.79547 0.146253
vn -0.653507 -0.258928 0.711256
vn -0.232506 -0.276992 0.932318
vn -0.361642 -0.351592 0.863481
vn -0.216012 0.024446 0.976085
vn -0.279682 -0.114548 0.953235
vn -0.488824 -0.159634 0.857653
vn -0.403975 -0.455199 0.793472
vn 0.384171 -0.894553 0.228449
vn 0.384171 -0.894553 0.228449
vn 0.384171 -0.894552 0.228449
vn 0.38013 -0.900823 0.209807
vn 0.38013 -0.900823 0.209807
vn 0.38013 -0.900823 0.209807
vn 0.213685 -0.961921 0.17043
vn 0.213685 -0.961921 0.17043
vn 0.213685 -0.961921 0.17043
vn 0.220601 -0.958372 0.181267
vn 0.220601 -0.958372 0.181267
vn 0.220601 -0.958372 0.181267
vn -0.029269 -0.993647 0.10867
vn -0.029269 -0.993647 0.10867
vn -0.029269 -0.993647 0.10867
vn -0.029034 -0.993615 0.109022
vn -0.029034 -0.993615 0.109022
vn -0.029034 -0.993615 0.109022
vn -0.327032 -0.944477 0.031832
vn -0.327032 -0.944477 0.031832
vn -0.327032 -0.944477 0.031832
vn -0.351825 -0.935294 0.037997
vn -0.351825 -0.935294 0.037996
vn -0.351825 -0.935294 0.037996
vn -0.715152 -0.14711 0.683312
vn -0.444966 -0.6434 0.622931
vn -0.796916 -0.263796 0.543449
vn -0.672647 -0.736751 0.06888
vn -0.672647 -0.736751 0.06888
vn -0.672647 -0.736751 0.06888
vn -0.730254 -0.682641 -0.027017
vn -0.730254 -0.682641 -0.027017
vn -0.730254 -0.682641 -0.027017
vn -0.486869 -0.559757 0.670545
vn -0.684848 -0.341505 0.643707
vn -0.635087 -0.390767 0.666307
vn -0.472701 -0.496007 0.728376
vn -0.335799 -0.635939 0.694854
vn -0.467306 -0.617824 0.632391
vn -0.892424 -0.251921 0.37432
vn -0.635087 -0.390767 0.666307
vn -0.335799 -0.635939 0.694854
vn -0.859002 0.001218 0.511971
vn -0.825838 -0.452904 0.33596
vn 0.82192 -0.466768 -0.326458
vn 0.706865 -0.68429 -0.179137
vn 0.736906 -0.645821 -0.199715
vn -0.273043 -0.956377 0.103881
vn 0.847964 -0.519166 0.106883
vn 0.893852 0.044888 -0.44611
vn 0.680685 0.594636 -0.427874
vn 0.59384 -0.002267 0.80458
vn 0.59384 -0.002267 0.80458
vn 0.235231 0.702345 0.671847
vn 0.680685 0.594636 -0.427874
vn 0.862333 -0.180496 0.473079
vn 0.847964 -0.519166 0.106883
vn 0.706865 -0.68429 -0.179137
vn 0.893852 0.044888 -0.44611
vn 0.858469 -0.146579 0.491473
vn 0.82192 -0.466768 -0.326458
vn 0.860313 -0.23601 0.451842
vn 0.860313 -0.23601 0.451842
vn 0.823833 -0.107225 0.556599
vn 0.940659 -0.005863 0.339304
vn 0.639933 -0.210105 0.739149
vn 0.713976 0.127223 0.688515
vn 0.762337 0.129761 0.634039
vn 0.524394 -0.039363 0.850565
vn 0.705935 -0.459922 0.538635
vn -0.055882 0.809165 0.584918
vn -0.151731 0.929568 0.335978
vn 0.728566 0.371314 0.575602
vn 0.665231 0.632427 0.396867
vn 0.757436 -0.364103 0.54196
vn 0.892143 0.336553 0.301353
vn 0.966835 0.153719 0.203964
vn 0.502766 -0.205893 0.839544
vn 0.948897 -0.00416 0.315558
vn 0.288634 -0.297936 0.909904
vn -0.273043 -0.956377 0.103881
vn 0.469381 -0.476634 0.743304
vn -0.062087 0.99807 -0.001463
vn 0.929436 0.367708 -0.030651
vn 0.709944 0.704191 0.009691
vn 0.916631 0.149285 -0.370814
vn 0.55595 -0.068415 -0.828395
vn 0.597689 0.122284 -0.792348
vn 0.862207 0.297434 -0.410039
vn 0.356726 0.933812 0.027246
vn 0.388797 0.841072 -0.376077
vn 0.729641 0.587747 -0.34954
vn 0.539654 0.428897 -0.724445
vn 0.736906 -0.645821 -0.199715
vn 0.341891 0.73876 0.580813
vn 0.275237 0.882176 0.382113
vn 0.135393 -0.88307 -0.449284
vn 0.758666 -0.650668 -0.032526
vn 0.05826 -0.83568 0.546118
vn 0.659992 0.05665 0.749134
vn 0.577335 0.002519 0.816503
vn 0.573138 -0.277961 -0.770876
vn 0.970087 -0.242722 -0.004229
vn 0.623549 -0.756463 0.197359
vn 0.943426 -0.17823 0.279609
vn 0.858469 -0.146579 0.491473
vn 0.862333 -0.180496 0.473079
vn 0.932297 -0.237303 0.272965
vn 0.847964 -0.519166 0.106883
vn 0.233488 -0.063327 0.970295
vn 0.277784 -0.073946 0.957793
vn 0.034643 -0.121544 0.991981
vn 0.601795 -0.029965 0.798089
vn 0.577335 0.002519 0.816503
vn 0.713976 0.127223 0.688515
vn 0.659992 0.05665 0.749134
vn 0.11283 0.05832 0.991901
vn 0.067141 0.205586 0.976333
vn 0.464906 0.131415 0.875553
vn 0.380943 0.100505 0.91912
vn 0.252192 -0.217725 0.942865
vn 0.428118 0.059185 0.901783
vn 0.538716 0.385874 0.748923
vn 0.51047 0.21508 0.832563
vn 0.432514 0.175065 0.884468
vn 0.146029 0.106067 0.983578
vn -0.039751 0.227357 0.973
vn 0.005775 0.165067 0.986266
vn 0.589294 -0.332281 0.736425
vn 0.786082 -0.378831 0.488428
vn 0.833371 -0.273948 0.480048
vn 0.571795 -0.207799 0.793644
vn 0.526572 0.205798 0.824845
vn 0.481679 -0.250531 0.839774
vn 0.525263 -0.142539 0.838917
vn 0.621346 0.066886 0.780676
vn 0.247257 -0.496212 0.832249
vn 0.139331 0.084547 0.98663
vn 0.189417 -0.539681 0.820284
vn 0.196924 -0.370842 0.907578
vn 0.247531 0.085481 0.965102
vn 0.163035 0.08387 0.983049
vn 0.181371 -0.073981 0.980628
vn 0.242342 -0.032634 0.969642
vn 0.194484 -0.361871 0.911716
vn 0.325799 -0.251643 0.911335
vn 0.300875 -0.35164 0.886467
vn 0.221526 -0.434076 0.873215
vn 0.325676 -0.902714 0.281145
vn 0.293229 -0.570915 0.76686
vn 0.843664 -0.536773 0.010315
vn 0.847964 -0.519166 0.106883
vn 0.736906 -0.645821 -0.199715
vn 0.795564 -0.463444 0.390253
vn 0.52263 -0.453789 0.721757
vn 0.696972 -0.495723 0.518159
vn 0.576437 -0.407471 0.708299
vn 0.390239 -0.271447 0.87979
vn 0.56504 -0.182892 0.804538
vn 0.326026 -0.261278 0.908538
vn 0.311123 -0.225928 0.923125
vn 0.060633 0.022463 0.997907
vn 0.228307 -0.085631 0.969816
vn 0.340034 -0.597632 0.726094
vn 0.692354 -0.710479 0.12596
vn 0.611363 -0.765898 0.199088
vn 0.425205 -0.485554 0.763831
vn 0.274652 -0.525288 0.805381
vn -0.100971 0.131908 0.986106
vn 0.423668 -0.904243 -0.053393
vn 0.550047 -0.782986 0.290484
vn 0.309356 -0.294296 0.904261
vn 0.176652 -0.485112 0.856423
vn 0.398582 -0.632915 0.663741
vn 0.552161 -0.024273 0.833385
vn 0.847393 -0.095237 0.522356
vn 0.81519 0.06154 0.575915
vn 0.823833 -0.107225 0.556599
vn 0.943426 -0.17823 0.279609
vn 0.940659 -0.005863 0.339304
vn 0.932297 -0.237303 0.272965
vn 0.880952 0.090311 0.464509
vn 0.911867 0.15148 -0.381514
vn 0.623549 -0.756463 0.197359
vn 0.469381 -0.476634 0.743304
vn 0.059657 0.071947 0.995623
vn 0.340034 -0.597632 0.726094
vn 0.024403 0.392149 0.919578
vn 0.190335 0.625632 0.756543
vn 0.54143 -0.013679 0.840635
vn 0.795564 -0.463444 0.390253
vn 0.736906 -0.645821 -0.199715
vn 0.503739 0.562298 0.655795
vn 0.750348 0.638673 -0.170513
vn 0.427592 0.035234 0.903285
vn 0.212324 -0.042754 0.976264
vn 0.668235 -0.052936 0.742064
vn 0.523189 -0.266963 0.809324
vn -0.148112 0.049804 0.987716
vn 0.265929 0.961007 0.075812
vn 0.265929 0.961007 0.075812
vn 0.265929 0.961007 0.075812
vn 0.246824 0.968778 0.023384
vn 0.246823 0.968778 0.023384
vn 0.246823 0.968778 0.023384
vn -0.050404 0.997979 -0.038697
vn -0.050404 0.997979 -0.038697
vn -0.050404 0.997979 -0.038697
vn -0.050502 0.997973 -0.038717
vn -0.050502 0.997973 -0.038717
vn -0.050502 0.997973 -0.038717
vn -0.469616 0.877965 -0.092945
vn -0.469616 0.877965 -0.092945
vn -0.469616 0.877965 -0.092945
vn -0.458697 0.884575 -0.084404
vn -0.458697 0.884575 -0.084404
vn -0.458697 0.884575 -0.084404
vn -0.595171 0.798309 -0.092059
vn -0.595171 0.798309 -0.092059
vn -0.595171 0.798309 -0.092059
vn -0.628381 0.769388 -0.114805
vn -0.62838 0.769388 -0.114805
vn -0.62838 0.769388 -0.114805
vn 0.326026 -0.261278 0.908538
vn -0.002455 -0.352414 0.935841
vn -0.147806 -0.277195 0.949377
vn -0.178565 0.024356 0.983627
vn 0.063123 -0.45633 0.887569
vn 0.117876 -0.161094 0.979875
vn -0.111557 -0.115048 0.987076
vn -0.43586 -0.898865 0.045463
vn -0.43586 -0.898865 0.045463
vn -0.43586 -0.898865 0.045463
vn -0.446774 -0.892559 0.061093
vn -0.446774 -0.892559 0.061093
vn -0.446774 -0.892559 0.061093
vn -0.27808 -0.957151 0.080827
vn -0.278079 -0.957151 0.080827
vn -0.278079 -0.957151 0.080827
vn -0.267549 -0.960736 0.073509
vn -0.267549 -0.960736 0.073509
vn -0.267549 -0.960736 0.073509
vn -0.020015 -0.993637 0.110838
vn -0.020015 -0.993637 0.110838
vn -0.020015 -0.993637 0.110838
vn -0.019662 -0.99367 0.110605
vn -0.019662 -0.99367 0.110605
vn -0.019662 -0.99367 0.110605
vn 0.30537 -0.936871 0.170359
vn 0.30537 -0.936871 0.170359
vn 0.30537 -0.936871 0.170359
vn 0.284854 -0.945945 0.155069
vn 0.284854 -0.945945 0.155069
vn 0.284854 -0.945945 0.155069
vn 0.166163 -0.644866 0.746015
vn 0.394197 -0.149772 0.90674
vn 0.523189 -0.266963 0.809324
vn 0.680721 -0.685925 0.257152
vn 0.680721 -0.685925 0.257152
vn 0.680721 -0.685925 0.257152
vn 0.590182 -0.739736 0.323227
vn 0.590182 -0.739736 0.323227
vn 0.590182 -0.739736 0.323227
vn 0.186754 -0.561373 0.806215
vn 0.38069 -0.344062 0.858311
vn 0.151587 -0.497576 0.854072
vn 0.325834 -0.393072 0.859841
vn 0.183218 -0.619385 0.763409
vn 0.037697 -0.636891 0.770032
vn 0.676775 -0.255686 0.690363
vn 0.325834 -0.393072 0.859841
vn 0.037697 -0.636891 0.770032
vn 0.59384 -0.002267 0.80458
vn 0.629304 -0.456395 0.629031
vt 0.4992 0.8967
vt 0.5391 0.8881
vt 0.5378 0.9514
vt 0.5019 0.9269
vt 0.4924 0.9865
vt 0.4986 0.8635
vt 0.4997 0.8257
vt 0.5373 0.835
vt 0.9736 0.4636
vt 0.9044 0.4243
vt 0.9042 0.3243
vt 0.7909 0.2649
vt 0.7495 0.3435
vt 0.7257 0.2643
vt 0.8617 0.4079
vt 0.8122 0.3825
vt 0.8258 0.2653
vt 0.9705 0.2648
vt 0.6862 0.6478
vt 0.6202 0.6982
vt 0.6218 0.7262
vt 0.6269 0.7582
vt 0.5836 0.783
vt 0.6752 0.7998
vt 0.6797 0.7357
vt 0.6121 0.8122
vt 0.7087 0.9833
vt 0.7074 0.9644
vt 0.5552 0.9635
vt 0.5452 0.9808
vt 0.575 0.8592
vt 0.703 0.8637
vt 0.7107 0.7255
vt 0.7282 0.796
vt 0.7624 0.7043
vt 0.8083 0.6591
vt 0.7587 0.6715
vt 0.7699 0.5588
vt 0.7129 0.5034
vt 0.7163 0.584
vt 0.818 0.9848
vt 0.8175 0.9659
vt 0.7944 0.7766
vt 0.8129 0.8609
vt 0.8453 0.6694
vt 0.8568 0.7388
vt 0.9267 0.6924
vt 0.9268 0.6069
vt 0.988 0.6587
vt 0.9793 0.4846
vt 0.9088 0.941
vt 0.8934 0.8907
vt 0.8164 0.9229
vt 0.8744 0.8269
vt 0.9267 0.7981
vt 0.9827 0.8145
vt 0.665 0.5101
vt 0.5776 0.9249
vt 0.7044 0.921
vt 0.7629 0.5116
vt 0.797 0.5299
vt 0.7881 0.4713
vt 0.5768 0.8156
vt 0.5674 0.8263
vt 0.8433 0.5979
vt 0.9269 0.5353
vt 0.8449 0.4225
vt 0.7432 0.4667
vt 0.7512 0.4156
vt 0.6829 0.602
vt 0.6263 0.6189
vt 0.6678 0.5683
vt 0.6382 0.5194
vt 0.6317 0.5792
vt 0.245 0.8458
vt 0.1421 0.8374
vt 0.0245 0.9519
vt 0.2329 0.9744
vt 0.3368 0.8315
vt 0.3446 0.9624
vt 0.4144 0.8831
vt 0.3815 0.948
vt 0.2815 0.6686
vt 0.3264 0.6901
vt 0.3384 0.6321
vt 0.2578 0.6361
vt 0.0246 0.8363
vt 0.0886 0.7664
vt 0.0246 0.7651
vt 0.0601 0.7273
vt 0.1365 0.6785
vt 0.1374 0.6173
vt 0.0613 0.6198
vt 0.0246 0.7275
vt 0.0246 0.6237
vt 0.2489 0.5943
vt 0.2003 0.6006
vt 0.2066 0.645
vt 0.3353 0.4397
vt 0.3325 0.5413
vt 0.4945 0.5487
vt 0.4969 0.4016
vt 0.0529 0.5765
vt 0.0194 0.5786
vt 0.0484 0.555
vt 0.0194 0.555
vt 0.1494 0.5054
vt 0.1581 0.5621
vt 0.0589 0.4895
vt 0.0638 0.4649
vt 0.0246 0.4609
vt 0.0246 0.4882
vt 0.0744 0.4091
vt 0.0759 0.3835
vt 0.0261 0.3816
vt 0.0261 0.4034
vt 0.148 0.4786
vt 0.1758 0.5519
vt 0.1843 0.4466
vt 0.0728 0.4351
vt 0.1385 0.3756
vt 0.1487 0.4028
vt 0.2036 0.3749
vt 0.0246 0.2936
vt 0.1111 0.2858
vt 0.0246 0.2619
vt 0.0246 0.1331
vt 0.0246 0.2243
vt 0.0719 0.2231
vt 0.0709 0.139
vt 0.6319 0.4237
vt 0.5457 0.3289
vt 0.6971 0.4116
vt 0.611 0.2975
vt 0.2554 0.2519
vt 0.3028 0.3319
vt 0.3945 0.2897
vt 0.1135 0.2301
vt 0.1078 0.733
vt 0.1339 0.7352
vt 0.2609 0.4453
vt 0.2044 0.5382
vt 0.2552 0.5223
vt 0.3878 0.0616
vt 0.3048 0.1608
vt 0.458 0.2165
vt 0.1362 0.7653
vt 0.154 0.806
vt 0.2251 0.665
vt 0.1655 0.1287
vt 0.1335 0.1462
vt 0.1823 0.3389
vt 0.0736 0.3339
vt 0.0204 0.5348
vt 0.0491 0.5402
vt 0.3295 0.5949
vt 0.4859 0.6148
vt 0.4729 0.6962
vt 0.4769 0.8103
vt 0.5506 0.7381
vt 0.6124 0.6609
vt 0.6187 0.5847
vt 0.0261 0.4355
vt 0.0261 0.3282
vt 0.0246 0.0962
vt 0.0246 0.0295
vt 0.7897 0.0958
vt 0.8276 0.1974
vt 0.88 0.1876
vt 0.8649 0.099
vt 0.9609 0.1812
vt 0.9609 0.1053
vt 0.5618 0.0994
vt 0.5618 0.1527
vt 0.6615 0.1624
vt 0.6436 0.0982
vt 0.5618 0.0281
vt 0.6303 0.0281
vt 0.6677 0.0281
vt 0.7186 0.0965
vt 0.7415 0.1862
vt 0.792 0.236
vt 0.7817 0.0281
vt 0.8615 0.0281
vt 0.9609 0.0281
vt 0.2904 0.6931
vt 0.3237 0.7155
vt 0.3656 0.7494
vt 0.402 0.7469
vt 0.2306 0.6834
vt 0.2306 0.6834
vt 0.2306 0.6834
vt 0.1339 0.7352
vt 0.1339 0.7352
vt 0.1339 0.7352
vt 0.2306 0.6834
vt 0.2904 0.6931
vt 0.2904 0.6931
vt 0.2306 0.6834
vt 0.2306 0.6834
vt 0.3237 0.7155
vt 0.3237 0.7155
vt 0.2904 0.6931
vt 0.2904 0.6931
vt 0.2904 0.6931
vt 0.3237 0.7155
vt 0.3656 0.7494
vt 0.3656 0.7494
vt 0.3237 0.7155
vt 0.3237 0.7155
vt 0.3237 0.7155
vt 0.3656 0.7494
vt 0.1338 0.7351
vt 0.1871 0.7313
vt 0.1869 0.7219
vt 0.2218 0.7133
vt 0.2228 0.7223
vt 0.2859 0.7237
vt 0.2851 0.7132
vt 0.3128 0.7194
vt 0.3195 0.7316
vt 0.3647 0.7485
vt 0.3647 0.7485
vt 0.3428 0.7344
vt 0.3128 0.7194
vt 0.2806 0.7016
vt 0.2851 0.7132
vt 0.3195 0.7316
vt 0.3195 0.7316
vt 0.3128 0.7194
vt 0.2806 0.7016
vt 0.2213 0.7015
vt 0.2218 0.7133
vt 0.2851 0.7132
vt 0.2851 0.7132
vt 0.2806 0.7016
vt 0.2213 0.7015
vt 0.2213 0.7015
vt 0.1931 0.7109
vt 0.1869 0.7219
vt 0.1869 0.7219
vt 0.2218 0.7133
vt 0.2213 0.7015
vt 0.3199 0.7369
vt 0.3195 0.7316
vt 0.3647 0.7485
vt 0.1459 0.7302
vt 0.1338 0.7351
vt 0.1869 0.7219
vt 0.1869 0.7219
vt 0.1931 0.7109
vt 0.1459 0.7302
vt 0.2348 0.8052
vt 0.346 0.7942
vt 0.3228 0.7731
vt 0.2905 0.7823
vt 0.2297 0.7882
vt 0.1882 0.778
vt 0.3605 0.8007
vt 0.3227 0.7731
vt 0.2297 0.7881
vt 0.7184 0.6379
vt 0.7828 0.5451
vt 0.4992 0.8967
vt 0.5019 0.9269
vt 0.5378 0.9514
vt 0.5391 0.8881
vt 0.4924 0.9865
vt 0.4986 0.8635
vt 0.4997 0.8257
vt 0.5373 0.835
vt 0.9736 0.4636
vt 0.9042 0.3243
vt 0.9044 0.4243
vt 0.7909 0.2649
vt 0.7257 0.2643
vt 0.7495 0.3435
vt 0.8617 0.4079
vt 0.8258 0.2653
vt 0.8122 0.3825
vt 0.9705 0.2648
vt 0.6862 0.6478
vt 0.6218 0.7262
vt 0.6202 0.6982
vt 0.6269 0.7582
vt 0.5836 0.783
vt 0.6752 0.7998
vt 0.6121 0.8122
vt 0.6797 0.7357
vt 0.5552 0.9635
vt 0.7074 0.9644
vt 0.575 0.8592
vt 0.703 0.8637
vt 0.7107 0.7255
vt 0.7282 0.796
vt 0.7624 0.7043
vt 0.7587 0.6715
vt 0.8083 0.6591
vt 0.7699 0.5588
vt 0.7163 0.584
vt 0.7129 0.5034
vt 0.8175 0.9659
vt 0.7944 0.7766
vt 0.8129 0.8609
vt 0.8453 0.6694
vt 0.9268 0.6069
vt 0.9267 0.6924
vt 0.8568 0.7388
vt 0.8164 0.9229
vt 0.8934 0.8907
vt 0.8744 0.8269
vt 0.9267 0.7981
vt 0.665 0.5101
vt 0.5776 0.9249
vt 0.7044 0.921
vt 0.7881 0.4713
vt 0.797 0.5299
vt 0.7629 0.5116
vt 0.5768 0.8156
vt 0.5674 0.8263
vt 0.9269 0.5353
vt 0.8433 0.5979
vt 0.7432 0.4667
vt 0.6263 0.6189
vt 0.6829 0.602
vt 0.6678 0.5683
vt 0.6317 0.5792
vt 0.6382 0.5194
vt 0.245 0.8458
vt 0.2329 0.9744
vt 0.1421 0.8374
vt 0.3368 0.8315
vt 0.3446 0.9624
vt 0.4144 0.8831
vt 0.3815 0.948
vt 0.2815 0.6686
vt 0.2578 0.6361
vt 0.3384 0.6321
vt 0.3264 0.6901
vt 0.0886 0.7664
vt 0.0601 0.7273
vt 0.0613 0.6198
vt 0.1374 0.6173
vt 0.1365 0.6785
vt 0.2489 0.5943
vt 0.2066 0.645
vt 0.2003 0.6006
vt 0.3353 0.4397
vt 0.4969 0.4016
vt 0.4945 0.5487
vt 0.3325 0.5413
vt 0.0529 0.5765
vt 0.0484 0.555
vt 0.1494 0.5054
vt 0.1581 0.5621
vt 0.0589 0.4895
vt 0.0638 0.4649
vt 0.0744 0.4091
vt 0.0759 0.3835
vt 0.148 0.4786
vt 0.1758 0.5519
vt 0.0728 0.4351
vt 0.1843 0.4466
vt 0.1385 0.3756
vt 0.2036 0.3749
vt 0.1487 0.4028
vt 0.1111 0.2858
vt 0.0709 0.139
vt 0.0719 0.2231
vt 0.5457 0.3289
vt 0.6319 0.4237
vt 0.6971 0.4116
vt 0.611 0.2975
vt 0.2554 0.2519
vt 0.3945 0.2897
vt 0.3028 0.3319
vt 0.1135 0.2301
vt 0.1078 0.733
vt 0.1339 0.7352
vt 0.2609 0.4453
vt 0.2044 0.5382
vt 0.2552 0.5223
vt 0.3878 0.0616
vt 0.458 0.2165
vt 0.3048 0.1608
vt 0.1362 0.7653
vt 0.154 0.806
vt 0.2251 0.665
vt 0.1655 0.1287
vt 0.1335 0.1462
vt 0.1823 0.3389
vt 0.0736 0.3339
vt 0.0491 0.5402
vt 0.3295 0.5949
vt 0.4859 0.6148
vt 0.4729 0.6962
vt 0.4769 0.8103
vt 0.6124 0.6609
vt 0.5506 0.7381
vt 0.6187 0.5847
vt 0.7897 0.0958
vt 0.8649 0.099
vt 0.88 0.1876
vt 0.8276 0.1974
vt 0.6436 0.0982
vt 0.6615 0.1624
vt 0.6303 0.0281
vt 0.6677 0.0281
vt 0.7186 0.0965
vt 0.7415 0.1862
vt 0.792 0.236
vt 0.7817 0.0281
vt 0.8615 0.0281
vt 0.3237 0.7155
vt 0.2904 0.6931
vt 0.402 0.7469
vt 0.3656 0.7494
vt 0.2306 0.6834
vt 0.2306 0.6834
vt 0.1339 0.7352
vt 0.1339 0.7352
vt 0.1339 0.7352
vt 0.2306 0.6834
vt 0.2306 0.6834
vt 0.2904 0.6931
vt 0.2306 0.6834
vt 0.2306 0.6834
vt 0.2306 0.6834
vt 0.2904 0.6931
vt 0.2904 0.6931
vt 0.3237 0.7155
vt 0.2904 0.6931
vt 0.2904 0.6931
vt 0.2904 0.6931
vt 0.3237 0.7155
vt 0.3237 0.7155
vt 0.3656 0.7494
vt 0.3237 0.7155
vt 0.3237 0.7155
vt 0.3237 0.7155
vt 0.3656 0.7494
vt 0.3656 0.7494
vt 0.1338 0.7351
vt 0.1869 0.7219
vt 0.1871 0.7313
vt 0.2218 0.7133
vt 0.2851 0.7132
vt 0.2859 0.7237
vt 0.2228 0.7223
vt 0.3128 0.7194
vt 0.3428 0.7344
vt 0.3647 0.7485
vt 0.3647 0.7485
vt 0.3195 0.7316
vt 0.3128 0.7194
vt 0.2806 0.7016
vt 0.3128 0.7194
vt 0.3195 0.7316
vt 0.3195 0.7316
vt 0.2851 0.7132
vt 0.2806 0.7016
vt 0.2213 0.7015
vt 0.2806 0.7016
vt 0.2851 0.7132
vt 0.2851 0.7132
vt 0.2218 0.7133
vt 0.2213 0.7015
vt 0.2213 0.7015
vt 0.2218 0.7133
vt 0.1869 0.7219
vt 0.1869 0.7219
vt 0.1931 0.7109
vt 0.2213 0.7015
vt 0.3195 0.7316
vt 0.3199 0.7369
vt 0.3647 0.7485
vt 0.1459 0.7302
vt 0.1931 0.7109
vt 0.1869 0.7219
vt 0.1869 0.7219
vt 0.1338 0.7351
vt 0.1459 0.7302
vt 0.2348 0.8052
vt 0.346 0.7942
vt 0.2905 0.7823
vt 0.3228 0.7731
vt 0.1882 0.778
vt 0.2297 0.7882
vt 0.3605 0.8007
vt 0.3227 0.7731
vt 0.2297 0.7881
vt 0.7184 0.6379
vt 0.7828 0.5451
f 663/663/663 665/665/665 664/664/664
f 665/665/665 663/663/663 666/666/666
f 665/665/665 666/666/666 667/667/667
f 668/668/668 664/664/664 669/669/669
f 669/669/669 664/664/664 670/670/670
f 664/664/664 668/668/668 663/663/663
f 671/671/671 673/673/673 672/672/672
f 674/674/674 676/676/676 675/675/675
f 677/677/677 679/679/679 678/678/678
f 680/680/680 679/679/679 673/673/673
f 680/680/680 673/673/673 671/671/671
f 675/675/675 679/679/679 674/674/674
f 679/679/679 675/675/675 678/678/678
f 681/681/681 683/683/683 682/682/682
f 684/684/684 685/685/685 683/683/683
f 686/686/686 684/684/684 687/687/687
f 684/684/684 686/686/686 688/688/688
f 689/689/689 691/691/691 690/690/690
f 691/691/691 689/689/689 692/692/692
f 693/693/693 686/686/686 694/694/694
f 686/686/686 693/693/693 688/688/688
f 695/695/695 686/686/686 687/687/687
f 686/686/686 695/695/695 696/696/696
f 697/697/697 699/699/699 698/698/698
f 700/700/700 702/702/702 701/701/701
f 690/690/690 703/703/703 689/689/689
f 703/703/703 690/690/690 704/704/704
f 697/697/697 696/696/696 695/695/695
f 696/696/696 697/697/697 705/705/705
f 694/694/694 705/705/705 706/706/706
f 705/705/705 694/694/694 696/696/696
f 707/707/707 709/709/709 708/708/708
f 709/709/709 707/707/707 710/710/710
f 709/709/709 712/712/712 711/711/711
f 712/712/712 709/709/709 710/710/710
f 697/697/697 708/708/708 705/705/705
f 708/708/708 698/698/698 707/707/707
f 697/697/697 698/698/698 708/708/708
f 713/713/713 715/715/715 714/714/714
f 713/713/713 704/704/704 715/715/715
f 713/713/713 703/703/703 704/704/704
f 708/708/708 706/706/706 705/705/705
f 706/706/706 708/708/708 716/716/716
f 717/717/717 708/708/708 709/709/709
f 708/708/708 717/717/717 716/716/716
f 709/709/709 718/718/718 717/717/717
f 718/718/718 709/709/709 711/711/711
f 714/714/714 718/718/718 713/713/713
f 718/718/718 714/714/714 717/717/717
f 702/702/702 719/719/719 701/701/701
f 720/720/720 694/694/694 721/721/721
f 694/694/694 720/720/720 693/693/693
f 715/715/715 694/694/694 706/706/706
f 694/694/694 715/715/715 721/721/721
f 716/716/716 715/715/715 706/706/706
f 715/715/715 716/716/716 714/714/714
f 716/716/716 717/717/717 714/714/714
f 722/722/722 724/724/724 723/723/723
f 681/681/681 684/684/684 683/683/683
f 684/684/684 681/681/681 687/687/687
f 699/699/699 697/697/697 695/695/695
f 725/725/725 693/693/693 726/726/726
f 693/693/693 725/725/725 688/688/688
f 696/696/696 694/694/694 686/686/686
f 684/684/684 725/725/725 685/685/685
f 725/725/725 684/684/684 688/688/688
f 723/723/723 728/728/728 727/727/727
f 728/728/728 723/723/723 724/724/724
f 728/728/728 729/729/729 712/712/712
f 729/729/729 728/728/728 724/724/724
f 730/730/730 724/724/724 701/701/701
f 724/724/724 731/731/731 729/729/729
f 731/731/731 724/724/724 730/730/730
f 682/682/682 732/732/732 681/681/681
f 732/732/732 682/682/682 733/733/733
f 734/734/734 736/736/736 735/735/735
f 732/732/732 736/736/736 734/734/734
f 736/736/736 732/732/732 733/733/733
f 679/679/679 672/672/672 673/673/673
f 672/672/672 679/679/679 677/677/677
f 690/690/690 720/720/720 721/721/721
f 720/720/720 690/690/690 691/691/691
f 704/704/704 721/721/721 715/715/715
f 721/721/721 704/704/704 690/690/690
f 737/737/737 739/739/739 738/738/738
f 739/739/739 737/737/737 740/740/740
f 741/741/741 740/740/740 737/737/737
f 740/740/740 741/741/741 742/742/742
f 743/743/743 742/742/742 741/741/741
f 742/742/742 743/743/743 744/744/744
f 745/745/745 747/747/747 746/746/746
f 747/747/747 745/745/745 748/748/748
f 749/749/749 750/750/750 738/738/738
f 750/750/750 749/749/749 751/751/751
f 752/752/752 754/754/754 753/753/753
f 754/754/754 752/752/752 755/755/755
f 756/756/756 755/755/755 752/752/752
f 755/755/755 756/756/756 757/757/757
f 758/758/758 760/760/760 759/759/759
f 760/760/760 758/758/758 748/748/748
f 761/761/761 763/763/763 762/762/762
f 763/763/763 761/761/761 764/764/764
f 755/755/755 766/766/766 765/765/765
f 766/766/766 755/755/755 757/757/757
f 765/765/765 768/768/768 767/767/767
f 768/768/768 765/765/765 766/766/766
f 769/769/769 765/765/765 767/767/767
f 765/765/765 769/769/769 770/770/770
f 770/770/770 755/755/755 765/765/765
f 755/755/755 770/770/770 754/754/754
f 771/771/771 773/773/773 772/772/772
f 773/773/773 771/771/771 774/774/774
f 775/775/775 777/777/777 776/776/776
f 777/777/777 775/775/775 778/778/778
f 779/779/779 770/770/770 769/769/769
f 770/770/770 779/779/779 780/780/780
f 779/779/779 782/782/782 781/781/781
f 782/782/782 779/779/779 772/772/772
f 783/783/783 785/785/785 784/784/784
f 786/786/786 788/788/788 787/787/787
f 789/789/789 791/791/791 790/790/790
f 791/791/791 789/789/789 792/792/792
f 764/764/764 794/794/794 793/793/793
f 795/795/795 794/794/794 796/796/796
f 794/794/794 795/795/795 793/793/793
f 780/780/780 754/754/754 770/770/770
f 797/797/797 799/799/799 798/798/798
f 788/788/788 791/791/791 800/800/800
f 791/791/791 788/788/788 790/790/790
f 801/801/801 753/753/753 802/802/802
f 781/781/781 784/784/784 785/785/785
f 798/798/798 764/764/764 761/761/761
f 764/764/764 798/798/798 799/799/799
f 803/803/803 798/798/798 761/761/761
f 798/798/798 803/803/803 785/785/785
f 779/779/779 804/804/804 780/780/780
f 804/804/804 779/779/779 781/781/781
f 805/805/805 759/759/759 804/804/804
f 759/759/759 805/805/805 758/758/758
f 806/806/806 808/808/808 807/807/807
f 764/764/764 793/793/793 763/763/763
f 809/809/809 810/810/810 750/750/750
f 764/764/764 808/808/808 794/794/794
f 808/808/808 764/764/764 799/799/799
f 808/808/808 796/796/796 794/794/794
f 796/796/796 808/808/808 806/806/806
f 801/801/801 802/802/802 809/809/809
f 752/752/752 751/751/751 756/756/756
f 751/751/751 752/752/752 750/750/750
f 804/804/804 754/754/754 780/780/780
f 754/754/754 804/804/804 759/759/759
f 759/759/759 753/753/753 754/754/754
f 753/753/753 759/759/759 760/760/760
f 811/811/811 753/753/753 760/760/760
f 753/753/753 811/811/811 802/802/802
f 803/803/803 762/762/762 805/805/805
f 762/762/762 803/803/803 761/761/761
f 807/807/807 812/812/812 806/806/806
f 812/812/812 807/807/807 813/813/813
f 797/797/797 814/814/814 787/787/787
f 814/814/814 797/797/797 798/798/798
f 814/814/814 815/815/815 787/787/787
f 800/800/800 797/797/797 787/787/787
f 797/797/797 813/813/813 807/807/807
f 813/813/813 797/797/797 800/800/800
f 813/813/813 800/800/800 791/791/791
f 799/799/799 807/807/807 808/808/808
f 807/807/807 799/799/799 797/797/797
f 779/779/779 771/771/771 772/772/772
f 771/771/771 779/779/779 769/769/769
f 805/805/805 781/781/781 803/803/803
f 781/781/781 805/805/805 804/804/804
f 774/774/774 817/817/817 816/816/816
f 817/817/817 774/774/774 771/771/771
f 769/769/769 817/817/817 771/771/771
f 769/769/769 767/767/767 817/817/817
f 816/816/816 767/767/767 768/768/768
f 767/767/767 816/816/816 817/817/817
f 747/747/747 758/758/758 818/818/818
f 758/758/758 747/747/747 748/748/748
f 819/819/819 747/747/747 818/818/818
f 747/747/747 819/819/819 820/820/820
f 763/763/763 818/818/818 762/762/762
f 818/818/818 763/763/763 819/819/819
f 805/805/805 818/818/818 758/758/758
f 818/818/818 805/805/805 762/762/762
f 741/741/741 821/821/821 743/743/743
f 819/819/819 822/822/822 820/820/820
f 822/822/822 819/819/819 823/823/823
f 820/820/820 822/822/822 821/821/821
f 824/824/824 763/763/763 793/793/793
f 763/763/763 823/823/823 819/819/819
f 823/823/823 763/763/763 824/824/824
f 798/798/798 785/785/785 814/814/814
f 782/782/782 778/778/778 775/775/775
f 778/778/778 782/782/782 825/825/825
f 781/781/781 782/782/782 784/784/784
f 825/825/825 772/772/772 773/773/773
f 772/772/772 825/825/825 782/782/782
f 784/784/784 782/782/782 775/775/775
f 784/784/784 776/776/776 783/783/783
f 776/776/776 784/784/784 775/775/775
f 785/785/785 783/783/783 814/814/814
f 777/777/777 815/815/815 776/776/776
f 815/815/815 777/777/777 826/826/826
f 783/783/783 776/776/776 815/815/815
f 781/781/781 785/785/785 803/803/803
f 815/815/815 814/814/814 783/783/783
f 815/815/815 786/786/786 787/787/787
f 786/786/786 815/815/815 826/826/826
f 787/787/787 788/788/788 800/800/800
f 827/827/827 792/792/792 789/789/789
f 827/827/827 813/813/813 792/792/792
f 827/827/827 812/812/812 813/813/813
f 812/812/812 828/828/828 806/806/806
f 828/828/828 812/812/812 827/827/827
f 791/791/791 792/792/792 813/813/813
f 801/801/801 752/752/752 753/753/753
f 829/829/829 831/831/831 830/830/830
f 831/831/831 829/829/829 832/832/832
f 832/832/832 833/833/833 831/831/831
f 833/833/833 832/832/832 834/834/834
f 835/835/835 837/837/837 836/836/836
f 837/837/837 835/835/835 838/838/838
f 839/839/839 840/840/840 838/838/838
f 841/841/841 838/838/838 840/840/840
f 838/838/838 841/841/841 842/842/842
f 829/829/829 843/843/843 842/842/842
f 838/838/838 843/843/843 837/837/837
f 839/839/839 838/838/838 835/835/835
f 843/843/843 829/829/829 830/830/830
f 830/830/830 844/844/844 843/843/843
f 845/845/845 842/842/842 841/841/841
f 842/842/842 845/845/845 829/829/829
f 846/846/846 829/829/829 845/845/845
f 829/829/829 846/846/846 832/832/832
f 847/847/847 832/832/832 846/846/846
f 832/832/832 847/847/847 834/834/834
f 739/739/739 749/749/749 738/738/738
f 748/748/748 811/811/811 760/760/760
f 811/811/811 748/748/748 745/745/745
f 746/746/746 848/848/848 745/745/745
f 848/848/848 746/746/746 849/849/849
f 809/809/809 752/752/752 801/801/801
f 752/752/752 809/809/809 750/750/750
f 746/746/746 850/850/850 849/849/849
f 850/850/850 746/746/746 851/851/851
f 851/851/851 820/820/820 821/821/821
f 851/851/851 747/747/747 820/820/820
f 747/747/747 851/851/851 746/746/746
f 852/852/852 745/745/745 848/848/848
f 745/745/745 852/852/852 811/811/811
f 811/811/811 852/852/852 802/802/802
f 853/853/853 855/855/855 854/854/854
f 856/856/856 858/858/858 857/857/857
f 859/859/859 861/861/861 860/860/860
f 861/861/861 859/859/859 862/862/862
f 863/863/863 865/865/865 864/864/864
f 866/866/866 868/868/868 867/867/867
f 869/869/869 871/871/871 870/870/870
f 872/872/872 874/874/874 873/873/873
f 875/875/875 877/877/877 876/876/876
f 878/878/878 880/880/880 879/879/879
f 880/880/880 878/878/878 881/881/881
f 876/876/876 878/878/878 879/879/879
f 878/878/878 876/876/876 877/877/877
f 882/882/882 884/884/884 883/883/883
f 885/885/885 887/887/887 886/886/886
f 888/888/888 890/890/890 889/889/889
f 891/891/891 893/893/893 892/892/892
f 894/894/894 896/896/896 895/895/895
f 897/897/897 899/899/899 898/898/898
f 900/900/900 902/902/902 901/901/901
f 903/903/903 905/905/905 904/904/904
f 880/880/880 907/907/907 906/906/906
f 907/907/907 880/880/880 881/881/881
f 908/908/908 906/906/906 907/907/907
f 909/909/909 911/911/911 910/910/910
f 912/912/912 914/914/914 913/913/913
f 738/738/738 810/810/810 737/737/737
f 810/810/810 915/915/915 737/737/737
f 737/737/737 915/915/915 741/741/741
f 916/916/916 917/917/917 851/851/851
f 917/917/917 916/916/916 918/918/918
f 915/915/915 920/920/920 919/919/919
f 920/920/920 915/915/915 810/810/810
f 741/741/741 916/916/916 921/921/921
f 916/916/916 741/741/741 915/915/915
f 918/918/918 915/915/915 919/919/919
f 915/915/915 918/918/918 916/916/916
f 741/741/741 921/921/921 821/821/821
f 750/750/750 810/810/810 738/738/738
f 810/810/810 809/809/809 920/920/920
f 908/908/908 922/922/922 906/906/906
f 922/922/922 908/908/908 851/851/851
f 906/906/906 918/918/918 880/880/880
f 918/918/918 906/906/906 922/922/922
f 923/923/923 880/880/880 918/918/918
f 880/880/880 923/923/923 879/879/879
f 920/920/920 879/879/879 923/923/923
f 879/879/879 920/920/920 876/876/876
f 920/920/920 875/875/875 876/876/876
f 875/875/875 920/920/920 809/809/809
f 924/924/924 695/695/695 687/687/687
f 695/695/695 924/924/924 699/699/699
f 722/722/722 925/925/925 700/700/700
f 700/700/700 925/925/925 727/727/727
f 702/702/702 699/699/699 924/924/924
f 699/699/699 702/702/702 700/700/700
f 700/700/700 727/727/727 698/698/698
f 698/698/698 727/727/727 707/707/707
f 707/707/707 727/727/727 728/728/728
f 687/687/687 681/681/681 924/924/924
f 699/699/699 700/700/700 698/698/698
f 700/700/700 701/701/701 722/722/722
f 722/722/722 701/701/701 724/724/724
f 722/722/722 723/723/723 925/925/925
f 925/925/925 723/723/723 727/727/727
f 707/707/707 728/728/728 710/710/710
f 710/710/710 728/728/728 712/712/712
f 821/821/821 921/921/921 851/851/851
f 921/921/921 916/916/916 851/851/851
f 926/926/926 928/928/928 927/927/927
f 928/928/928 926/926/926 929/929/929
f 928/928/928 930/930/930 927/927/927
f 931/931/931 932/932/932 929/929/929
f 932/932/932 933/933/933 929/929/929
f 929/929/929 926/926/926 931/931/931
f 934/934/934 936/936/936 935/935/935
f 937/937/937 939/939/939 938/938/938
f 940/940/940 942/942/942 941/941/941
f 943/943/943 935/935/935 941/941/941
f 943/943/943 934/934/934 935/935/935
f 939/939/939 941/941/941 942/942/942
f 941/941/941 939/939/939 937/937/937
f 944/944/944 946/946/946 945/945/945
f 947/947/947 945/945/945 948/948/948
f 949/949/949 947/947/947 950/950/950
f 947/947/947 949/949/949 951/951/951
f 689/689/689 952/952/952 692/692/692
f 952/952/952 689/689/689 953/953/953
f 954/954/954 949/949/949 950/950/950
f 949/949/949 954/954/954 955/955/955
f 956/956/956 949/949/949 957/957/957
f 949/949/949 956/956/956 951/951/951
f 958/958/958 960/960/960 959/959/959
f 961/961/961 963/963/963 962/962/962
f 953/953/953 703/703/703 964/964/964
f 703/703/703 953/953/953 689/689/689
f 958/958/958 957/957/957 965/965/965
f 957/957/957 958/958/958 956/956/956
f 955/955/955 965/965/965 957/957/957
f 965/965/965 955/955/955 966/966/966
f 967/967/967 969/969/969 968/968/968
f 969/969/969 967/967/967 970/970/970
f 969/969/969 712/712/712 968/968/968
f 712/712/712 969/969/969 711/711/711
f 970/970/970 958/958/958 965/965/965
f 970/970/970 960/960/960 958/958/958
f 970/970/970 967/967/967 960/960/960
f 713/713/713 964/964/964 703/703/703
f 713/713/713 971/971/971 964/964/964
f 713/713/713 972/972/972 971/971/971
f 970/970/970 966/966/966 973/973/973
f 966/966/966 970/970/970 965/965/965
f 974/974/974 970/970/970 973/973/973
f 970/970/970 974/974/974 969/969/969
f 969/969/969 718/718/718 711/711/711
f 718/718/718 969/969/969 974/974/974
f 972/972/972 718/718/718 974/974/974
f 718/718/718 972/972/972 713/713/713
f 962/962/962 963/963/963 975/975/975
f 976/976/976 955/955/955 954/954/954
f 955/955/955 976/976/976 977/977/977
f 971/971/971 955/955/955 977/977/977
f 955/955/955 971/971/971 966/966/966
f 973/973/973 971/971/971 972/972/972
f 971/971/971 973/973/973 966/966/966
f 973/973/973 972/972/972 974/974/974
f 978/978/978 980/980/980 979/979/979
f 944/944/944 947/947/947 951/951/951
f 947/947/947 944/944/944 945/945/945
f 959/959/959 956/956/956 958/958/958
f 981/981/981 954/954/954 950/950/950
f 954/954/954 981/981/981 982/982/982
f 957/957/957 949/949/949 955/955/955
f 947/947/947 981/981/981 950/950/950
f 981/981/981 947/947/947 948/948/948
f 979/979/979 983/983/983 978/978/978
f 983/983/983 979/979/979 984/984/984
f 983/983/983 729/729/729 978/978/978
f 729/729/729 983/983/983 712/712/712
f 978/978/978 985/985/985 963/963/963
f 978/978/978 731/731/731 985/985/985
f 731/731/731 978/978/978 729/729/729
f 946/946/946 987/987/987 986/986/986
f 987/987/987 946/946/946 944/944/944
f 988/988/988 990/990/990 989/989/989
f 987/987/987 989/989/989 986/986/986
f 989/989/989 987/987/987 988/988/988
f 941/941/941 936/936/936 940/940/940
f 936/936/936 941/941/941 935/935/935
f 953/953/953 976/976/976 952/952/952
f 976/976/976 953/953/953 977/977/977
f 964/964/964 977/977/977 953/953/953
f 977/977/977 964/964/964 971/971/971
f 991/991/991 739/739/739 992/992/992
f 739/739/739 991/991/991 993/993/993
f 994/994/994 992/992/992 995/995/995
f 992/992/992 994/994/994 991/991/991
f 996/996/996 995/995/995 997/997/997
f 995/995/995 996/996/996 994/994/994
f 998/998/998 1000/1000/1000 999/999/999
f 1000/1000/1000 998/998/998 1001/1001/1001
f 749/749/749 1002/1002/1002 751/751/751
f 1002/1002/1002 749/749/749 993/993/993
f 1003/1003/1003 1005/1005/1005 1004/1004/1004
f 1005/1005/1005 1003/1003/1003 1006/1006/1006
f 756/756/756 1004/1004/1004 757/757/757
f 1004/1004/1004 756/756/756 1003/1003/1003
f 1007/1007/1007 1008/1008/1008 999/999/999
f 1008/1008/1008 1007/1007/1007 1009/1009/1009
f 1010/1010/1010 1012/1012/1012 1011/1011/1011
f 1012/1012/1012 1010/1010/1010 1013/1013/1013
f 1004/1004/1004 766/766/766 757/757/757
f 766/766/766 1004/1004/1004 1014/1014/1014
f 1014/1014/1014 768/768/768 766/766/766
f 768/768/768 1014/1014/1014 1015/1015/1015
f 1016/1016/1016 1014/1014/1014 1017/1017/1017
f 1014/1014/1014 1016/1016/1016 1015/1015/1015
f 1017/1017/1017 1004/1004/1004 1005/1005/1005
f 1004/1004/1004 1017/1017/1017 1014/1014/1014
f 1018/1018/1018 773/773/773 774/774/774
f 773/773/773 1018/1018/1018 1019/1019/1019
f 1020/1020/1020 777/777/777 778/778/778
f 777/777/777 1020/1020/1020 1021/1021/1021
f 1022/1022/1022 1017/1017/1017 1023/1023/1023
f 1017/1017/1017 1022/1022/1022 1016/1016/1016
f 1022/1022/1022 1024/1024/1024 1019/1019/1019
f 1024/1024/1024 1022/1022/1022 1025/1025/1025
f 1026/1026/1026 1028/1028/1028 1027/1027/1027
f 786/786/786 1029/1029/1029 788/788/788
f 789/789/789 1031/1031/1031 1030/1030/1030
f 1031/1031/1031 789/789/789 790/790/790
f 1011/1011/1011 1033/1033/1033 1032/1032/1032
f 1034/1034/1034 1032/1032/1032 1033/1033/1033
f 1032/1032/1032 1034/1034/1034 1035/1035/1035
f 1023/1023/1023 1017/1017/1017 1005/1005/1005
f 1036/1036/1036 1038/1038/1038 1037/1037/1037
f 1031/1031/1031 788/788/788 1039/1039/1039
f 788/788/788 1031/1031/1031 790/790/790
f 1040/1040/1040 1041/1041/1041 1006/1006/1006
f 1025/1025/1025 1027/1027/1027 1028/1028/1028
f 1038/1038/1038 1011/1011/1011 1037/1037/1037
f 1011/1011/1011 1038/1038/1038 1010/1010/1010
f 1042/1042/1042 1038/1038/1038 1027/1027/1027
f 1038/1038/1038 1042/1042/1042 1010/1010/1010
f 1022/1022/1022 1043/1043/1043 1025/1025/1025
f 1043/1043/1043 1022/1022/1022 1023/1023/1023
f 1044/1044/1044 1009/1009/1009 1007/1007/1007
f 1009/1009/1009 1044/1044/1044 1043/1043/1043
f 1045/1045/1045 1047/1047/1047 1046/1046/1046
f 1011/1011/1011 1012/1012/1012 1033/1033/1033
f 1048/1048/1048 1002/1002/1002 1049/1049/1049
f 1011/1011/1011 1046/1046/1046 1037/1037/1037
f 1046/1046/1046 1011/1011/1011 1032/1032/1032
f 1046/1046/1046 1035/1035/1035 1045/1045/1045
f 1035/1035/1035 1046/1046/1046 1032/1032/1032
f 1040/1040/1040 1048/1048/1048 1041/1041/1041
f 1003/1003/1003 751/751/751 1002/1002/1002
f 751/751/751 1003/1003/1003 756/756/756
f 1043/1043/1043 1005/1005/1005 1009/1009/1009
f 1005/1005/1005 1043/1043/1043 1023/1023/1023
f 1009/1009/1009 1006/1006/1006 1008/1008/1008
f 1006/1006/1006 1009/1009/1009 1005/1005/1005
f 1050/1050/1050 1006/1006/1006 1041/1041/1041
f 1006/1006/1006 1050/1050/1050 1008/1008/1008
f 1042/1042/1042 1013/1013/1013 1010/1010/1010
f 1013/1013/1013 1042/1042/1042 1044/1044/1044
f 1047/1047/1047 1045/1045/1045 1051/1051/1051
f 1051/1051/1051 1052/1052/1052 1047/1047/1047
f 1036/1036/1036 1053/1053/1053 1038/1038/1038
f 1053/1053/1053 1036/1036/1036 1029/1029/1029
f 1053/1053/1053 1029/1029/1029 1054/1054/1054
f 1039/1039/1039 1029/1029/1029 1036/1036/1036
f 1036/1036/1036 1052/1052/1052 1039/1039/1039
f 1052/1052/1052 1036/1036/1036 1047/1047/1047
f 1052/1052/1052 1031/1031/1031 1039/1039/1039
f 1037/1037/1037 1047/1047/1047 1036/1036/1036
f 1047/1047/1047 1037/1037/1037 1046/1046/1046
f 1022/1022/1022 1018/1018/1018 1016/1016/1016
f 1018/1018/1018 1022/1022/1022 1019/1019/1019
f 1044/1044/1044 1025/1025/1025 1043/1043/1043
f 1025/1025/1025 1044/1044/1044 1042/1042/1042
f 774/774/774 1055/1055/1055 1018/1018/1018
f 1055/1055/1055 774/774/774 816/816/816
f 1016/1016/1016 1018/1018/1018 1055/1055/1055
f 1016/1016/1016 1055/1055/1055 1015/1015/1015
f 816/816/816 1015/1015/1015 1055/1055/1055
f 1015/1015/1015 816/816/816 768/768/768
f 1000/1000/1000 1007/1007/1007 999/999/999
f 1007/1007/1007 1000/1000/1000 1056/1056/1056
f 1057/1057/1057 1000/1000/1000 1058/1058/1058
f 1000/1000/1000 1057/1057/1057 1056/1056/1056
f 1012/1012/1012 1056/1056/1056 1057/1057/1057
f 1056/1056/1056 1012/1012/1012 1013/1013/1013
f 1044/1044/1044 1056/1056/1056 1013/1013/1013
f 1056/1056/1056 1044/1044/1044 1007/1007/1007
f 994/994/994 996/996/996 1059/1059/1059
f 1057/1057/1057 1061/1061/1061 1060/1060/1060
f 1061/1061/1061 1057/1057/1057 1058/1058/1058
f 1058/1058/1058 1059/1059/1059 1061/1061/1061
f 1062/1062/1062 1033/1033/1033 1012/1012/1012
f 1012/1012/1012 1060/1060/1060 1062/1062/1062
f 1060/1060/1060 1012/1012/1012 1057/1057/1057
f 1038/1038/1038 1053/1053/1053 1027/1027/1027
f 1024/1024/1024 778/778/778 825/825/825
f 778/778/778 1024/1024/1024 1020/1020/1020
f 1025/1025/1025 1028/1028/1028 1024/1024/1024
f 825/825/825 1019/1019/1019 1024/1024/1024
f 1019/1019/1019 825/825/825 773/773/773
f 1028/1028/1028 1020/1020/1020 1024/1024/1024
f 1028/1028/1028 1021/1021/1021 1020/1020/1020
f 1021/1021/1021 1028/1028/1028 1026/1026/1026
f 1027/1027/1027 1053/1053/1053 1026/1026/1026
f 777/777/777 1054/1054/1054 826/826/826
f 1054/1054/1054 777/777/777 1021/1021/1021
f 1026/1026/1026 1054/1054/1054 1021/1021/1021
f 1025/1025/1025 1042/1042/1042 1027/1027/1027
f 1054/1054/1054 1026/1026/1026 1053/1053/1053
f 1054/1054/1054 786/786/786 826/826/826
f 786/786/786 1054/1054/1054 1029/1029/1029
f 1029/1029/1029 1039/1039/1039 788/788/788
f 827/827/827 1052/1052/1052 1051/1051/1051
f 827/827/827 1030/1030/1030 1052/1052/1052
f 827/827/827 789/789/789 1030/1030/1030
f 1051/1051/1051 828/828/828 827/827/827
f 828/828/828 1051/1051/1051 1045/1045/1045
f 1031/1031/1031 1052/1052/1052 1030/1030/1030
f 1040/1040/1040 1006/1006/1006 1003/1003/1003
f 1063/1063/1063 1065/1065/1065 1064/1064/1064
f 1065/1065/1065 1063/1063/1063 1066/1066/1066
f 1064/1064/1064 833/833/833 834/834/834
f 833/833/833 1064/1064/1064 1065/1065/1065
f 835/835/835 1068/1068/1068 1067/1067/1067
f 1068/1068/1068 835/835/835 836/836/836
f 839/839/839 1067/1067/1067 1069/1069/1069
f 1070/1070/1070 1067/1067/1067 1071/1071/1071
f 1067/1067/1067 1070/1070/1070 1069/1069/1069
f 1063/1063/1063 1072/1072/1072 1066/1066/1066
f 1067/1067/1067 1068/1068/1068 1072/1072/1072
f 839/839/839 835/835/835 1067/1067/1067
f 1071/1071/1071 1072/1072/1072 1063/1063/1063
f 1066/1066/1066 1072/1072/1072 1073/1073/1073
f 1074/1074/1074 1071/1071/1071 1063/1063/1063
f 1071/1071/1071 1074/1074/1074 1070/1070/1070
f 1075/1075/1075 1063/1063/1063 1064/1064/1064
f 1063/1063/1063 1075/1075/1075 1074/1074/1074
f 847/847/847 1064/1064/1064 834/834/834
f 1064/1064/1064 847/847/847 1075/1075/1075
f 739/739/739 993/993/993 749/749/749
f 999/999/999 1050/1050/1050 998/998/998
f 1050/1050/1050 999/999/999 1008/1008/1008
f 1001/1001/1001 1077/1077/1077 1076/1076/1076
f 1077/1077/1077 1001/1001/1001 998/998/998
f 1048/1048/1048 1003/1003/1003 1002/1002/1002
f 1003/1003/1003 1048/1048/1048 1040/1040/1040
f 1001/1001/1001 1079/1079/1079 1078/1078/1078
f 1079/1079/1079 1001/1001/1001 1076/1076/1076
f 1078/1078/1078 1059/1059/1059 1058/1058/1058
f 1078/1078/1078 1000/1000/1000 1001/1001/1001
f 1000/1000/1000 1078/1078/1078 1058/1058/1058
f 1080/1080/1080 998/998/998 1050/1050/1050
f 998/998/998 1080/1080/1080 1077/1077/1077
f 1050/1050/1050 1041/1041/1041 1080/1080/1080
f 1081/1081/1081 1083/1083/1083 1082/1082/1082
f 1084/1084/1084 1086/1086/1086 1085/1085/1085
f 1087/1087/1087 1089/1089/1089 1088/1088/1088
f 1090/1090/1090 1092/1092/1092 1091/1091/1091
f 1093/1093/1093 1095/1095/1095 1094/1094/1094
f 1096/1096/1096 1098/1098/1098 1097/1097/1097
f 1099/1099/1099 1101/1101/1101 1100/1100/1100
f 1102/1102/1102 1104/1104/1104 1103/1103/1103
f 1105/1105/1105 1107/1107/1107 1106/1106/1106
f 1108/1108/1108 1110/1110/1110 1109/1109/1109
f 1110/1110/1110 1108/1108/1108 1111/1111/1111
f 1107/1107/1107 1108/1108/1108 1106/1106/1106
f 1108/1108/1108 1107/1107/1107 1111/1111/1111
f 1112/1112/1112 1114/1114/1114 1113/1113/1113
f 1115/1115/1115 1117/1117/1117 1116/1116/1116
f 1118/1118/1118 1120/1120/1120 1119/1119/1119
f 1121/1121/1121 1123/1123/1123 1122/1122/1122
f 1124/1124/1124 1126/1126/1126 1125/1125/1125
f 1127/1127/1127 1129/1129/1129 1128/1128/1128
f 1130/1130/1130 1132/1132/1132 1131/1131/1131
f 1133/1133/1133 1135/1135/1135 1134/1134/1134
f 1110/1110/1110 1136/1136/1136 1109/1109/1109
f 1136/1136/1136 1110/1110/1110 1137/1137/1137
f 1138/1138/1138 1136/1136/1136 1137/1137/1137
f 1139/1139/1139 1141/1141/1141 1140/1140/1140
f 1142/1142/1142 1144/1144/1144 1143/1143/1143
f 993/993/993 991/991/991 1049/1049/1049
f 1049/1049/1049 991/991/991 1145/1145/1145
f 991/991/991 994/994/994 1145/1145/1145
f 1146/1146/1146 1148/1148/1148 1147/1147/1147
f 1148/1148/1148 1146/1146/1146 1078/1078/1078
f 1145/1145/1145 1149/1149/1149 1049/1049/1049
f 1149/1149/1149 1145/1145/1145 1150/1150/1150
f 994/994/994 1151/1151/1151 1146/1146/1146
f 1146/1146/1146 1145/1145/1145 994/994/994
f 1147/1147/1147 1145/1145/1145 1146/1146/1146
f 1145/1145/1145 1147/1147/1147 1150/1150/1150
f 994/994/994 1059/1059/1059 1151/1151/1151
f 1002/1002/1002 993/993/993 1049/1049/1049
f 1049/1049/1049 1149/1149/1149 1048/1048/1048
f 1138/1138/1138 1152/1152/1152 1078/1078/1078
f 1152/1152/1152 1138/1138/1138 1137/1137/1137
f 1137/1137/1137 1147/1147/1147 1152/1152/1152
f 1147/1147/1147 1137/1137/1137 1110/1110/1110
f 1153/1153/1153 1110/1110/1110 1111/1111/1111
f 1110/1110/1110 1153/1153/1153 1147/1147/1147
f 1149/1149/1149 1111/1111/1111 1107/1107/1107
f 1111/1111/1111 1149/1149/1149 1153/1153/1153
f 1149/1149/1149 1105/1105/1105 1048/1048/1048
f 1105/1105/1105 1149/1149/1149 1107/1107/1107
f 1154/1154/1154 956/956/956 959/959/959
f 956/956/956 1154/1154/1154 951/951/951
f 980/980/980 961/961/961 1155/1155/1155
f 961/961/961 984/984/984 1155/1155/1155
f 962/962/962 959/959/959 961/961/961
f 959/959/959 962/962/962 1154/1154/1154
f 961/961/961 960/960/960 984/984/984
f 960/960/960 967/967/967 984/984/984
f 967/967/967 983/983/983 984/984/984
f 951/951/951 1154/1154/1154 944/944/944
f 959/959/959 960/960/960 961/961/961
f 961/961/961 980/980/980 963/963/963
f 980/980/980 978/978/978 963/963/963
f 980/980/980 1155/1155/1155 979/979/979
f 1155/1155/1155 984/984/984 979/979/979
f 967/967/967 968/968/968 983/983/983
f 968/968/968 712/712/712 983/983/983
f 1059/1059/1059 1078/1078/1078 1151/1151/1151
f 1151/1151/1151 1078/1078/1078 1146/1146/1146
f 842/842/842 843/843/843 838/838/838
f 1072/1072/1072 1071/1071/1071 1067/1067/1067

g elf_eye
# texture: elf_eye.jpg
v 0.221016 7.17002 0.658527
v 0.226673 7.348763 0.604436
v 0.137009 7.324378 0.595241
v 0.071203 7.25821 0.590128
v 0.04713 7.167953 0.590448
v 0.071041 7.077855 0.596143
v 0.136515 7.01199 0.605736
v 0.226212 6.988067 0.616642
v 0.315857 7.012459 0.625935
v 0.381565 7.078627 0.631028
v 0.405736 7.168884 0.630728
v 0.381845 7.258975 0.624935
v 0.316273 7.324839 0.615322
v 0.086265 7.434103 0.452836
v 0.241572 7.476246 0.468823
v -0.02757 7.319461 0.443942
v -0.069466 7.163193 0.444523
v -0.028064 7.007172 0.454429
v 0.085524 6.893058 0.471136
v 0.240761 6.851679 0.489936
v 0.396068 6.893823 0.505923
v 0.509903 7.008464 0.514818
v 0.551701 7.164731 0.514216
v 0.510298 7.320752 0.50431
v 0.396809 7.434867 0.487624
v 0.082371 7.469823 0.269519
v 0.261777 7.518502 0.288034
v -0.049026 7.337481 0.259235
v -0.097386 7.156973 0.259933
v -0.049585 6.976783 0.271421
v 0.08156 6.845156 0.29064
v 0.260778 6.797201 0.312322
v 0.440184 6.845979 0.330829
v 0.571581 6.978321 0.341114
v 0.619843 7.158727 0.340403
v 0.572042 7.339017 0.328908
v 0.440996 7.470647 0.309709
v -0.921693 7.364244 0.365829
v -0.933816 7.188039 0.426509
v -0.833617 7.34016 0.385436
v -0.769873 7.274384 0.403387
v -0.747457 7.184458 0.414896
v -0.77249 7.094507 0.416854
v -0.838151 7.028564 0.408764
v -0.926927 7.004488 0.392763
v -1.015102 7.028472 0.373144
v -1.078845 7.094347 0.355185
v -1.10126 7.184274 0.343676
v -1.076228 7.274225 0.341718
v -1.010568 7.340067 0.349816
v -0.741257 7.444217 0.260794
v -0.893778 7.485916 0.226842
v -0.630767 7.330206 0.29191
v -0.591957 7.17448 0.311839
v -0.635301 7.018611 0.315238
v -0.749111 6.904484 0.301202
v -0.902845 6.862725 0.273498
v -1.055465 6.904325 0.239533
v -1.165956 7.018335 0.208418
v -1.204764 7.174161 0.188481
v -1.161422 7.32993 0.185089
v -1.047612 7.444057 0.199125
v -0.681421 7.472289 0.086103
v -0.857573 7.520357 0.046897
v -0.553836 7.340639 0.122033
v -0.509103 7.160786 0.145031
v -0.55907 6.980884 0.148967
v -0.690489 6.849099 0.132759
v -0.868043 6.800747 0.100772
v -1.044292 6.848915 0.061539
v -1.171877 6.980565 0.025609
v -1.21661 7.160418 0.002611
v -1.166643 7.34032 -0.001325
v -1.035224 7.472105 0.014883
vn -0.111498 0.033707 0.993193
vn -0.093766 0.559178 0.823728
vn -0.357658 0.487437 0.796546
vn -0.551086 0.292741 0.781414
vn -0.622086 0.027287 0.782473
vn -0.551773 -0.237905 0.799343
vn -0.35895 -0.431598 0.827574
vn -0.095245 -0.502042 0.859583
vn 0.168651 -0.430394 0.886746
vn 0.362075 -0.235695 0.901859
vn 0.433056 0.029759 0.900875
vn 0.362731 0.294943 0.883988
vn 0.16994 0.488669 0.855759
vn -0.488015 0.773377 0.404637
vn -0.052574 0.891733 0.449499
vn -0.807075 0.452152 0.379722
vn -0.924323 0.014106 0.381352
vn -0.808295 -0.423279 0.40926
vn -0.490072 -0.743007 0.455817
vn -0.055016 -0.859256 0.508579
vn 0.380425 -0.740911 0.553469
vn 0.699475 -0.419682 0.578447
vn 0.816746 0.018362 0.576705
vn 0.70067 0.455843 0.54888
vn 0.382533 0.775494 0.502272
vn -0.507699 0.843572 0.175009
vn -0.027541 0.974083 0.224509
vn -0.859508 0.48937 0.147522
vn -0.988766 0.00635 0.149335
vn -0.860808 -0.47601 0.180068
vn -0.509937 -0.828492 0.231443
vn -0.030163 -0.956654 0.289659
vn 0.449907 -0.826171 0.339153
vn 0.801786 -0.471936 0.366628
vn 0.931043 0.011066 0.364742
vn 0.803068 0.493413 0.334105
vn 0.45223 0.845907 0.282718
vn -0.159077 0.593821 0.788715
vn -0.196807 0.076046 0.977489
vn 0.100176 0.523047 0.846396
vn 0.287843 0.329317 0.899276
vn 0.353696 0.064714 0.933119
vn 0.280142 -0.199962 0.938902
vn 0.086738 -0.393904 0.91505
vn -0.174482 -0.464935 0.867981
vn -0.433639 -0.394175 0.810298
vn -0.621402 -0.200431 0.757422
vn -0.687254 0.064172 0.723577
vn -0.6137 0.328848 0.717796
vn -0.420384 0.522776 0.741608
vn 0.345484 0.793331 0.501265
vn -0.082212 0.910145 0.406051
vn 0.655139 0.473812 0.588469
vn 0.763857 0.037124 0.644317
vn 0.64243 -0.399681 0.653865
vn 0.323472 -0.719528 0.614529
vn -0.10763 -0.836791 0.53684
vn -0.535331 -0.719975 0.441653
vn -0.844986 -0.400456 0.354449
vn -0.953699 0.03623 0.298574
vn -0.832276 0.473037 0.289053
vn -0.513319 0.792884 0.328389
vn 0.434704 0.854006 0.285845
vn -0.036922 0.982813 0.180875
vn 0.776124 0.50171 0.381993
vn 0.895999 0.020174 0.443599
vn 0.76211 -0.461494 0.454106
vn 0.410433 -0.814151 0.410735
vn -0.064949 -0.943451 0.325089
vn -0.536572 -0.814644 0.220104
vn -0.877992 -0.462348 0.123955
vn -0.997869 0.019188 0.062365
vn -0.863977 0.500855 0.051843
vn -0.5123 0.853512 0.095214
vt 0.4451 0.5
vt 0.4492 0.7498
vt 0.3246 0.7163
vt 0.2333 0.6249
vt 0.1999 0.5
vt 0.2333 0.3751
vt 0.3246 0.2837
vt 0.4492 0.2502
vt 0.5739 0.2837
vt 0.6651 0.3751
vt 0.6985 0.5
vt 0.6651 0.6249
vt 0.5739 0.7163
vt 0.2445 0.8746
vt 0.4604 0.9326
vt 0.0864 0.7163
vt 0.0286 0.5
vt 0.0864 0.2837
vt 0.2445 0.1254
vt 0.4604 0.0674
vt 0.6763 0.1254
vt 0.8343 0.2837
vt 0.8921 0.5
vt 0.8343 0.7163
vt 0.6763 0.8746
vt 0.2263 0.9326
vt 0.4756 0.9995
vt 0.0438 0.7498
vt -0.023 0.5
vt 0.0438 0.2502
vt 0.2263 0.0674
vt 0.4756 0.0005
vt 0.7249 0.0674
vt 0.9074 0.2502
vt 0.9742 0.5
vt 0.9074 0.7498
vt 0.7249 0.9326
vt 0.4492 0.7498
vt 0.4451 0.5
vt 0.3246 0.7163
vt 0.2333 0.6249
vt 0.1999 0.5
vt 0.2333 0.3751
vt 0.3246 0.2837
vt 0.4492 0.2502
vt 0.5739 0.2837
vt 0.6651 0.3751
vt 0.6985 0.5
vt 0.6651 0.6249
vt 0.5739 0.7163
vt 0.2445 0.8746
vt 0.4604 0.9326
vt 0.0864 0.7163
vt 0.0286 0.5
vt 0.0864 0.2837
vt 0.2445 0.1254
vt 0.4604 0.0674
vt 0.6763 0.1254
vt 0.8343 0.2837
vt 0.8921 0.5
vt 0.8343 0.7163
vt 0.6763 0.8746
vt 0.2263 0.9326
vt 0.4756 0.9995
vt 0.0438 0.7498
vt -0.023 0.5
vt 0.0438 0.2502
vt 0.2263 0.0674
vt 0.4756 0.0005
vt 0.7249 0.0674
vt 0.9074 0.2502
vt 0.9742 0.5
vt 0.9074 0.7498
vt 0.7249 0.9326
f 1156/1156/1156 1158/1158/1158 1157/1157/1157
f 1156/1156/1156 1159/1159/1159 1158/1158/1158
f 1156/1156/1156 1160/1160/1160 1159/1159/1159
f 1156/1156/1156 1161/1161/1161 1160/1160/1160
f 1156/1156/1156 1162/1162/1162 1161/1161/1161
f 1156/1156/1156 1163/1163/1163 1162/1162/1162
f 1156/1156/1156 1164/1164/1164 1163/1163/1163
f 1156/1156/1156 1165/1165/1165 1164/1164/1164
f 1156/1156/1156 1166/1166/1166 1165/1165/1165
f 1156/1156/1156 1167/1167/1167 1166/1166/1166
f 1156/1156/1156 1168/1168/1168 1167/1167/1167
f 1156/1156/1156 1157/1157/1157 1168/1168/1168
f 1169/1169/1169 1157/1157/1157 1158/1158/1158
f 1157/1157/1157 1169/1169/1169 1170/1170/1170
f 1171/1171/1171 1158/1158/1158 1159/1159/1159
f 1158/1158/1158 1171/1171/1171 1169/1169/1169
f 1172/1172/1172 1159/1159/1159 1160/1160/1160
f 1159/1159/1159 1172/1172/1172 1171/1171/1171
f 1173/1173/1173 1160/1160/1160 1161/1161/1161
f 1160/1160/1160 1173/1173/1173 1172/1172/1172
f 1174/1174/1174 1161/1161/1161 1162/1162/1162
f 1161/1161/1161 1174/1174/1174 1173/1173/1173
f 1175/1175/1175 1162/1162/1162 1163/1163/1163
f 1162/1162/1162 1175/1175/1175 1174/1174/1174
f 1176/1176/1176 1163/1163/1163 1164/1164/1164
f 1163/1163/1163 1176/1176/1176 1175/1175/1175
f 1177/1177/1177 1164/1164/1164 1165/1165/1165
f 1164/1164/1164 1177/1177/1177 1176/1176/1176
f 1178/1178/1178 1165/1165/1165 1166/1166/1166
f 1165/1165/1165 1178/1178/1178 1177/1177/1177
f 1179/1179/1179 1166/1166/1166 1167/1167/1167
f 1166/1166/1166 1179/1179/1179 1178/1178/1178
f 1180/1180/1180 1167/1167/1167 1168/1168/1168
f 1167/1167/1167 1180/1180/1180 1179/1179/1179
f 1170/1170/1170 1168/1168/1168 1157/1157/1157
f 1168/1168/1168 1170/1170/1170 1180/1180/1180
f 1181/1181/1181 1170/1170/1170 1169/1169/1169
f 1170/1170/1170 1181/1181/1181 1182/1182/1182
f 1183/1183/1183 1169/1169/1169 1171/1171/1171
f 1169/1169/1169 1183/1183/1183 1181/1181/1181
f 1184/1184/1184 1171/1171/1171 1172/1172/1172
f 1171/1171/1171 1184/1184/1184 1183/1183/1183
f 1185/1185/1185 1172/1172/1172 1173/1173/1173
f 1172/1172/1172 1185/1185/1185 1184/1184/1184
f 1186/1186/1186 1173/1173/1173 1174/1174/1174
f 1173/1173/1173 1186/1186/1186 1185/1185/1185
f 1187/1187/1187 1174/1174/1174 1175/1175/1175
f 1174/1174/1174 1187/1187/1187 1186/1186/1186
f 1188/1188/1188 1175/1175/1175 1176/1176/1176
f 1175/1175/1175 1188/1188/1188 1187/1187/1187
f 1189/1189/1189 1176/1176/1176 1177/1177/1177
f 1176/1176/1176 1189/1189/1189 1188/1188/1188
f 1190/1190/1190 1177/1177/1177 1178/1178/1178
f 1177/1177/1177 1190/1190/1190 1189/1189/1189
f 1191/1191/1191 1178/1178/1178 1179/1179/1179
f 1178/1178/1178 1191/1191/1191 1190/1190/1190
f 1192/1192/1192 1179/1179/1179 1180/1180/1180
f 1179/1179/1179 1192/1192/1192 1191/1191/1191
f 1182/1182/1182 1180/1180/1180 1170/1170/1170
f 1180/1180/1180 1182/1182/1182 1192/1192/1192
f 1193/1193/1193 1195/1195/1195 1194/1194/1194
f 1195/1195/1195 1196/1196/1196 1194/1194/1194
f 1196/1196/1196 1197/1197/1197 1194/1194/1194
f 1197/1197/1197 1198/1198/1198 1194/1194/1194
f 1198/1198/1198 1199/1199/1199 1194/1194/1194
f 1199/1199/1199 1200/1200/1200 1194/1194/1194
f 1200/1200/1200 1201/1201/1201 1194/1194/1194
f 1201/1201/1201 1202/1202/1202 1194/1194/1194
f 1202/1202/1202 1203/1203/1203 1194/1194/1194
f 1203/1203/1203 1204/1204/1204 1194/1194/1194
f 1204/1204/1204 1205/1205/1205 1194/1194/1194
f 1205/1205/1205 1193/1193/1193 1194/1194/1194
f 1195/1195/1195 1193/1193/1193 1206/1206/1206
f 1207/1207/1207 1206/1206/1206 1193/1193/1193
f 1196/1196/1196 1195/1195/1195 1208/1208/1208
f 1206/1206/1206 1208/1208/1208 1195/1195/1195
f 1197/1197/1197 1196/1196/1196 1209/1209/1209
f 1208/1208/1208 1209/1209/1209 1196/1196/1196
f 1198/1198/1198 1197/1197/1197 1210/1210/1210
f 1209/1209/1209 1210/1210/1210 1197/1197/1197
f 1199/1199/1199 1198/1198/1198 1211/1211/1211
f 1210/1210/1210 1211/1211/1211 1198/1198/1198
f 1200/1200/1200 1199/1199/1199 1212/1212/1212
f 1211/1211/1211 1212/1212/1212 1199/1199/1199
f 1201/1201/1201 1200/1200/1200 1213/1213/1213
f 1212/1212/1212 1213/1213/1213 1200/1200/1200
f 1202/1202/1202 1201/1201/1201 1214/1214/1214
f 1213/1213/1213 1214/1214/1214 1201/1201/1201
f 1203/1203/1203 1202/1202/1202 1215/1215/1215
f 1214/1214/1214 1215/1215/1215 1202/1202/1202
f 1204/1204/1204 1203/1203/1203 1216/1216/1216
f 1215/1215/1215 1216/1216/1216 1203/1203/1203
f 1205/1205/1205 1204/1204/1204 1217/1217/1217
f 1216/1216/1216 1217/1217/1217 1204/1204/1204
f 1193/1193/1193 1205/1205/1205 1207/1207/1207
f 1217/1217/1217 1207/1207/1207 1205/1205/1205
f 1206/1206/1206 1207/1207/1207 1218/1218/1218
f 1219/1219/1219 1218/1218/1218 1207/1207/1207
f 1208/1208/1208 1206/1206/1206 1220/1220/1220
f 1218/1218/1218 1220/1220/1220 1206/1206/1206
f 1209/1209/1209 1208/1208/1208 1221/1221/1221
f 1220/1220/1220 1221/1221/1221 1208/1208/1208
f 1210/1210/1210 1209/1209/1209 1222/1222/1222
f 1221/1221/1221 1222/1222/1222 1209/1209/1209
f 1211/1211/1211 1210/1210/1210 1223/1223/1223
f 1222/1222/1222 1223/1223/1223 1210/1210/1210
f 1212/1212/1212 1211/1211/1211 1224/1224/1224
f 1223/1223/1223 1224/1224/1224 1211/1211/1211
f 1213/1213/1213 1212/1212/1212 1225/1225/1225
f 1224/1224/1224 1225/1225/1225 1212/1212/1212
f 1214/1214/1214 1213/1213/1213 1226/1226/1226
f 1225/1225/1225 1226/1226/1226 1213/1213/1213
f 1215/1215/1215 1214/1214/1214 1227/1227/1227
f 1226/1226/1226 1227/1227/1227 1214/1214/1214
f 1216/1216/1216 1215/1215/1215 1228/1228/1228
f 1227/1227/1227 1228/1228/1228 1215/1215/1215
f 1217/1217/1217 1216/1216/1216 1229/1229/1229
f 1228/1228/1228 1229/1229/1229 1216/1216/1216
f 1207/1207/1207 1217/1217/1217 1219/1219/1219
f 1229/1229/1229 1219/1219/1219 1217/1217/1217

g elf_t
# texture: elf_t.tga
v -0.349618 2.241631 2.344201
v 0.140907 2.842324 2.031868
v 0.079164 2.449881 2.375105
v -0.362992 2.493296 1.955195
v 0.140907 2.842324 2.031868
v 0.72678 2.667459 2.203811
v 0.627154 2.350527 2.446584
v 0.079164 2.449881 2.375105
v 1.224542 2.423942 2.175727
v 1.124825 2.107006 2.418459
v 1.549955 2.065711 2.137673
v 1.913049 1.927439 1.377798
v 1.541156 1.783467 2.187334
v 1.734114 1.698907 1.548411
v -1.144233 1.298302 2.135088
v -1.148774 1.05134 1.877547
v -1.133556 1.620431 2.07727
v 2.411402 1.678307 0.360343
v 2.376263 1.45085 0.390895
v 1.549955 2.065711 2.137673
v 1.541156 1.783467 2.187334
v -1.021299 1.944915 2.18177
v -0.844541 1.784715 2.460278
v -1.133556 1.620431 2.07727
v -1.144233 1.298302 2.135088
v -1.916051 2.443851 1.376007
v -2.496018 2.352385 1.154383
v -2.296302 2.749207 0.874575
v -2.187006 2.175444 1.472736
v -2.296302 2.749207 0.874575
v -2.891342 2.21318 0.780762
v -2.788185 2.529334 0.538264
v -2.496018 2.352385 1.154383
v -3.168488 1.936527 0.387795
v -3.065331 2.252682 0.145297
v -3.222957 1.808391 -0.067386
v -3.232354 1.591659 -0.068706
v -2.872595 1.714571 -0.764539
v -2.864029 1.494379 -0.509989
v -1.460475 1.295955 1.986155
v -1.443869 1.618117 1.929787
v -1.148774 1.05134 1.877547
v -2.427135 1.463086 -1.805673
v -2.409745 1.237966 -1.751606
v -3.222957 1.808391 -0.067386
v -3.232354 1.591659 -0.068706
v -1.617049 1.930885 1.898059
v -1.93314 1.750868 1.944519
v -1.443869 1.618117 1.929787
v -1.460475 1.295955 1.986155
v -1.316391 6.415696 -1.075882
v -1.471677 5.755342 -0.993953
v -1.45118 6.006389 -1.370792
v -1.450568 5.829254 -0.491114
v 1.121058 6.409848 -0.584969
v 1.35763 5.999642 -0.805187
v 1.229495 5.748854 -0.450027
v 1.015682 5.823344 0.005701
v -0.457403 4.114309 -0.137033
v -0.065295 4.880391 -0.16888
v -0.148606 4.39133 -0.098089
v 0.362439 4.748779 -0.334843
v 0.250479 4.270999 -0.195336
v -0.405305 4.648257 -0.26173
v 0.772362 5.096877 -0.706667
v 0.819239 4.682123 -0.649149
v 0.772362 5.096877 -0.706667
v 0.79356 5.119635 -1.248748
v 0.986628 4.710104 -1.14189
v 0.819239 4.682123 -0.649149
v 0.393396 5.068942 -1.611269
v 0.483154 4.663536 -1.73016
v -0.457403 4.114309 -0.137033
v -0.65209 4.36926 -0.402946
v -0.659218 4.854357 -0.528497
v -0.74247 4.227475 -0.796562
v -0.701288 4.702153 -0.978925
v -0.405305 4.648257 -0.26173
v -0.629666 4.618613 -1.526455
v -0.58371 5.037436 -1.527763
v -0.58371 5.037436 -1.527763
v -0.27268 4.654904 -1.904396
v -0.115275 5.079798 -1.799044
v -0.629666 4.618613 -1.526455
v 0.483154 4.663536 -1.73016
v 0.393396 5.068942 -1.611269
vn -0.457665 0.702734 0.54471
vn -0.225424 0.678163 0.699485
vn -0.190003 0.663093 0.724021
vn -0.513798 0.712007 0.4786
vn -0.225424 0.678163 0.699485
vn 0.115201 0.580843 0.805823
vn 0.146355 0.584083 0.79839
vn -0.190003 0.663093 0.724021
vn 0.400107 0.474542 0.784044
vn 0.43164 0.419571 0.798528
vn 0.719823 0.161116 0.675202
vn 0.849313 -0.290135 0.44101
vn 0.795088 0.02386 0.606024
vn 0.849749 -0.377601 0.367893
vn -0.985687 0.060718 0.15727
vn -0.999458 0.030741 -0.011761
vn -0.86966 0.106503 0.482026
vn 0.863891 -0.097093 0.494232
vn 0.866256 -0.067169 0.495064
vn 0.719823 0.161116 0.675202
vn 0.795088 0.02386 0.606024
vn -0.659652 0.421708 0.622111
vn -0.646252 0.412851 0.641804
vn -0.86966 0.106503 0.482026
vn -0.985687 0.060718 0.15727
vn -0.339939 0.613718 0.712596
vn -0.496105 0.647234 0.578764
vn -0.516337 0.641869 0.566922
vn -0.327615 0.608767 0.722545
vn -0.516337 0.641869 0.566922
vn -0.747188 0.549486 0.373866
vn -0.732946 0.548286 0.402707
vn -0.496105 0.647234 0.578764
vn -0.917427 0.369105 0.148624
vn -0.891282 0.420748 0.169081
vn -0.988276 0.103872 -0.111903
vn -0.95826 -0.047305 -0.281957
vn -0.855841 -0.38237 -0.348324
vn -0.769746 -0.489452 -0.409791
vn 0.323758 0.146953 0.934658
vn 0.138283 0.155813 0.978059
vn 0.419226 0.135616 0.897696
vn -0.933914 -0.17706 -0.310572
vn -0.938316 -0.147438 -0.312769
vn -0.988276 0.103872 -0.111903
vn -0.95826 -0.047305 -0.281957
vn -0.116191 0.411275 0.904076
vn -0.11337 0.438351 0.891625
vn 0.138283 0.155813 0.978059
vn 0.323758 0.146953 0.934658
vn -0.970016 0.235532 0.059948
vn -0.971317 0.233807 0.043336
vn -0.964771 0.240171 0.107396
vn -0.973225 0.229746 0.00706
vn 0.872259 0.231112 0.43099
vn 0.849143 0.235797 0.472606
vn 0.87988 0.229366 0.416175
vn 0.895664 0.225262 0.383462
vn -0.349273 0.216609 0.911641
vn 0.086287 0.179304 0.980002
vn -0.065327 0.153905 0.985924
vn 0.510902 0.141312 0.847944
vn 0.409758 0.123233 0.903832
vn -0.407552 0.245146 0.879662
vn 0.854491 0.261214 0.449013
vn 0.754141 0.159263 0.637108
vn 0.854491 0.261214 0.449013
vn 0.844469 0.341328 -0.412756
vn 0.940003 0.291626 -0.177055
vn 0.754141 0.159263 0.637108
vn 0.605914 0.344474 -0.717082
vn 0.66778 0.275363 -0.691552
vn -0.659407 0.203015 0.723856
vn -0.852135 0.119416 0.509515
vn -0.918478 0.135262 0.371621
vn -0.996736 0.061581 0.052206
vn -0.995109 0.075299 -0.063939
vn -0.606047 0.236445 0.759474
vn -0.921927 0.085795 -0.377744
vn -0.808319 0.188328 -0.557812
vn -0.808319 0.188328 -0.557812
vn -0.295731 0.237459 -0.925287
vn -0.04627 0.302284 -0.952094
vn -0.921927 0.085795 -0.377744
vn 0.286181 0.258636 -0.922609
vn 0.332889 0.332506 -0.882397
vt 0.3237 0.355
vt 0.0266 0.555
vt 0.0269 0.355
vt 0.3239 0.5548
vt 0.0263 0.555
vt 0.3118 0.5548
vt 0.3118 0.355
vt 0.0263 0.355
vt 0.5364 0.5545
vt 0.5364 0.3548
vt 0.7787 0.5542
vt 0.451 0.554
vt 0.7787 0.3544
vt 0.5409 0.3544
vt 0.6074 0.6771
vt 0.7486 0.6772
vt 0.5039 0.8767
vt 0.0263 0.5532
vt 0.0263 0.3538
vt 0.7788 0.5542
vt 0.7788 0.3544
vt 0.6718 0.5545
vt 0.6703 0.3549
vt 0.8439 0.5543
vt 0.9474 0.3547
vt 0.3239 0.5548
vt 0.0269 0.355
vt 0.0266 0.555
vt 0.3237 0.355
vt 0.0263 0.555
vt 0.3118 0.355
vt 0.3118 0.5548
vt 0.0263 0.355
vt 0.5364 0.3548
vt 0.5364 0.5545
vt 0.7787 0.5542
vt 0.7787 0.3544
vt 0.451 0.554
vt 0.5409 0.3544
vt 0.6074 0.6771
vt 0.5039 0.8767
vt 0.7486 0.6772
vt 0.0263 0.5532
vt 0.0263 0.3538
vt 0.7788 0.5542
vt 0.7788 0.3544
vt 0.6718 0.5545
vt 0.6703 0.3549
vt 0.8439 0.5543
vt 0.9474 0.3547
vt 0.0445 0.6749
vt 0.3604 0.9003
vt 0.1078 0.9459
vt 0.5362 0.6741
vt 0.0445 0.6749
vt 0.1078 0.9459
vt 0.3604 0.9003
vt 0.5362 0.6741
vt 0.9827 0.0227
vt 0.6587 0.2695
vt 0.7503 0.0228
vt 0.4165 0.2698
vt 0.4974 0.0229
vt 0.8972 0.2697
vt 0.0159 0.2697
vt 0.0152 0.0231
vt 0.0205 0.2685
vt 0.29 0.2691
vt 0.3123 0.0245
vt 0.0212 0.0243
vt 0.6554 0.2688
vt 0.7473 0.0245
vt 0.9827 0.0227
vt 0.7503 0.0228
vt 0.6587 0.2695
vt 0.4974 0.0229
vt 0.4165 0.2698
vt 0.8972 0.2697
vt 0.0152 0.0231
vt 0.0159 0.2697
vt 0.0205 0.2685
vt 0.3123 0.0245
vt 0.29 0.2691
vt 0.0212 0.0243
vt 0.7473 0.0245
vt 0.6554 0.2688
f 1230/1230/1230 1232/1232/1232 1231/1231/1231
f 1231/1231/1231 1233/1233/1233 1230/1230/1230
f 1234/1234/1234 1236/1236/1236 1235/1235/1235
f 1236/1236/1236 1234/1234/1234 1237/1237/1237
f 1235/1235/1235 1239/1239/1239 1238/1238/1238
f 1239/1239/1239 1235/1235/1235 1236/1236/1236
f 1240/1240/1240 1242/1242/1242 1241/1241/1241
f 1243/1243/1243 1241/1241/1241 1242/1242/1242
f 1244/1244/1244 1246/1246/1246 1245/1245/1245
f 1241/1241/1241 1243/1243/1243 1247/1247/1247
f 1248/1248/1248 1247/1247/1247 1243/1243/1243
f 1238/1238/1238 1239/1239/1239 1249/1249/1249
f 1250/1250/1250 1249/1249/1249 1239/1239/1239
f 1251/1251/1251 1230/1230/1230 1233/1233/1233
f 1230/1230/1230 1251/1251/1251 1252/1252/1252
f 1253/1253/1253 1252/1252/1252 1251/1251/1251
f 1252/1252/1252 1253/1253/1253 1254/1254/1254
f 1255/1255/1255 1257/1257/1257 1256/1256/1256
f 1256/1256/1256 1258/1258/1258 1255/1255/1255
f 1259/1259/1259 1261/1261/1261 1260/1260/1260
f 1260/1260/1260 1262/1262/1262 1259/1259/1259
f 1261/1261/1261 1264/1264/1264 1263/1263/1263
f 1263/1263/1263 1260/1260/1260 1261/1261/1261
f 1265/1265/1265 1267/1267/1267 1266/1266/1266
f 1268/1268/1268 1266/1266/1266 1267/1267/1267
f 1269/1269/1269 1271/1271/1271 1270/1270/1270
f 1267/1267/1267 1272/1272/1272 1268/1268/1268
f 1273/1273/1273 1268/1268/1268 1272/1272/1272
f 1264/1264/1264 1274/1274/1274 1263/1263/1263
f 1275/1275/1275 1263/1263/1263 1274/1274/1274
f 1276/1276/1276 1255/1255/1255 1258/1258/1258
f 1258/1258/1258 1277/1277/1277 1276/1276/1276
f 1278/1278/1278 1276/1276/1276 1277/1277/1277
f 1277/1277/1277 1279/1279/1279 1278/1278/1278
f 1280/1280/1280 1282/1282/1282 1281/1281/1281
f 1280/1280/1280 1281/1281/1281 1283/1283/1283
f 1284/1284/1284 1286/1286/1286 1285/1285/1285
f 1284/1284/1284 1287/1287/1287 1286/1286/1286
f 1288/1288/1288 1290/1290/1290 1289/1289/1289
f 1289/1289/1289 1292/1292/1292 1291/1291/1291
f 1292/1292/1292 1289/1289/1289 1290/1290/1290
f 1288/1288/1288 1289/1289/1289 1293/1293/1293
f 1291/1291/1291 1295/1295/1295 1294/1294/1294
f 1295/1295/1295 1291/1291/1291 1292/1292/1292
f 1296/1296/1296 1298/1298/1298 1297/1297/1297
f 1298/1298/1298 1296/1296/1296 1299/1299/1299
f 1297/1297/1297 1301/1301/1301 1300/1300/1300
f 1301/1301/1301 1297/1297/1297 1298/1298/1298
f 1302/1302/1302 1304/1304/1304 1303/1303/1303
f 1304/1304/1304 1306/1306/1306 1305/1305/1305
f 1305/1305/1305 1303/1303/1303 1304/1304/1304
f 1302/1302/1302 1307/1307/1307 1304/1304/1304
f 1306/1306/1306 1309/1309/1309 1308/1308/1308
f 1308/1308/1308 1305/1305/1305 1306/1306/1306
f 1310/1310/1310 1312/1312/1312 1311/1311/1311
f 1311/1311/1311 1313/1313/1313 1310/1310/1310
f 1312/1312/1312 1315/1315/1315 1314/1314/1314
f 1314/1314/1314 1311/1311/1311 1312/1312/1312
