# NewFace02.bmd — MU bind-pose geometry, exported for MU2
# 7 mesh(es)

g DK_face
# texture: DK_face.jpg
v 2.339548 8.565632 -1.135345
v 1.929753 9.256998 -1.658695
v 2.097441 9.491613 -0.198744
v 1.965672 8.706758 0.236676
v 1.078986 8.456527 -2.208534
v 0.531911 9.175849 -2.306507
v -0.479766 6.657052 1.022564
v 0.121054 6.743414 1.145375
v 0.198605 7.673018 1.149822
v -0.527443 7.585242 1.144989
v 1.064596 8.235734 0.977901
v 1.734389 9.070833 0.711119
v 1.919741 9.878351 0.157922
v 2.132825 7.737836 0.081102
v 2.757889 7.883794 -1.043789
v 1.140723 7.713928 -2.353899
v -0.511008 6.085244 1.076605
v -0.018727 6.147237 1.371078
v 0.86184 6.460375 0.998269
v 0.783852 8.436256 1.150934
v -0.058748 8.066906 1.30056
v 1.310637 8.672548 0.943775
v 1.980341 11.26245 2.478523
v 1.789142 12.39045 2.372224
v 1.350342 12.37375 2.994823
v 1.525041 11.10495 3.044723
v 0.73614 11.04985 3.317323
v 0.475842 12.05655 3.338623
v 0.54274 10.99995 3.370622
v 0.75184 10.55695 3.166522
v 0.85414 10.83805 3.257823
v 0.55184 10.80095 3.350322
v 0.55304 10.53935 3.243721
v 1.205839 9.54375 2.733922
v 1.18764 10.02025 2.771522
v 0.984039 9.96675 2.891821
v 1.049239 9.55265 2.819621
v 0.801839 10.01515 3.327621
v 0.605939 10.01215 3.404722
v 0.655339 9.44945 3.524521
v 0.861039 9.45755 3.415721
v 1.54354 9.89915 2.618321
v 1.89604 10.00595 2.254422
v 1.92534 10.29285 2.304122
v 1.52294 10.18605 2.682122
v 2.180341 10.87095 1.311223
v 2.113542 11.19785 1.650923
v 2.140841 10.73665 1.816623
v 0.655938 9.27805 3.453121
v 0.824338 9.31095 3.368821
v 0.772739 9.328751 2.98482
v 0.802739 9.33865 3.155721
v 0.636939 9.23795 3.293221
v 0.597339 9.28825 3.019921
v 0.966039 9.42465 2.840121
v 1.124539 9.310551 2.747621
v 0.605939 9.09295 2.997221
v 0.839339 9.16855 2.920821
v 0.915539 9.045952 2.894921
v 1.357539 9.178852 2.560121
v 0.86654 10.72965 3.138222
v 0.83934 10.65445 2.887122
v 0.929939 8.889752 2.723421
v 0.617639 8.945152 3.019421
v 0.601839 8.840252 2.854821
v 1.286939 8.980352 2.577021
v 1.236539 8.856252 2.500721
v 1.275339 8.759752 2.398921
v 1.130039 8.698153 2.562221
v 0.934739 8.604152 2.710721
v 0.615238 8.581553 2.84052
v 0.869839 8.483652 2.48692
v 1.129539 8.496552 2.334121
v 0.589938 8.475452 2.60452
v 1.406939 8.537952 2.048921
v 1.581239 8.912252 2.129021
v 1.396839 8.791352 2.296521
v 1.682739 9.52935 2.251222
v 1.54354 9.89915 2.618321
v 1.438339 9.685451 2.573022
v 2.117941 10.36715 0.901423
v 2.171041 10.40445 1.631723
v 2.070841 10.15485 1.364823
v 2.09044 9.47965 0.900622
v 2.110041 9.896351 0.460522
v 1.035437 7.78605 2.19572
v 0.607537 7.74845 2.41362
v 0.577037 7.67065 2.15062
v 0.952337 7.71545 2.01772
v 1.271438 7.95045 1.785821
v 2.00694 9.18045 0.592122
v 0.783852 8.436256 1.150934
v -0.058748 8.066906 1.30056
v 1.734389 9.070833 0.711119
v 1.711439 8.67315 1.022921
v 1.919741 9.878351 0.157922
v 1.54354 9.89915 2.618321
v 1.757039 8.929449 1.484821
v 1.757039 8.929449 1.484821
v 1.286838 8.24785 2.071121
v 1.310637 8.672548 0.943775
v 1.946341 10.95545 2.214323
v 1.636641 10.96735 2.818723
v 1.922341 11.03435 2.442823
v 1.76554 10.70955 2.420123
v 1.728341 10.84845 2.415123
v 0.605939 10.01215 3.404722
v 0.801839 10.01515 3.327621
v 1.050737 8.005549 2.39712
v 0.617937 7.98055 2.59372
v 0.801839 10.01515 3.327621
v 0.934439 9.49295 3.233721
v 0.891239 9.36205 3.170321
v 0.801839 10.01515 3.327621
v 1.54354 9.89915 2.618321
v 1.52294 10.18605 2.682122
v 1.17804 10.33235 2.773222
v 1.16314 10.50175 2.758022
v 1.15134 10.62745 2.793922
v 0.86944 10.61245 2.733222
v 0.88154 10.51345 2.745422
v 1.37854 10.62785 2.757122
v 1.41124 10.48495 2.713622
v 0.801839 10.01515 3.327621
v 1.38784 10.92005 2.927623
v 1.03994 10.75715 3.092423
v 2.141742 11.78265 1.564124
v 2.227042 11.22465 1.100923
v 2.344942 11.69955 0.932424
v 2.190242 10.82595 0.473123
v 2.178942 11.37325 0.426623
v 1.580941 10.88935 2.684523
v 1.57994 10.69815 2.634322
v 1.602641 10.55365 2.591722
v 1.086341 10.81365 2.843922
v 1.354841 10.87255 2.815022
v 1.579441 10.85465 2.681522
v 1.580941 10.88935 2.684523
v 1.354841 10.87255 2.815022
v 1.35274 10.85365 2.810722
v 1.666641 10.84245 2.335423
v 1.728341 10.84845 2.415123
v 1.57944 10.84015 2.678422
v 1.57944 10.84015 2.678422
v 1.547141 10.84395 2.574422
v 1.666641 10.84245 2.335423
v 1.08874 10.78915 2.732622
v 1.10104 10.78655 2.837322
v 0.86944 10.61245 2.733222
v 0.86944 10.61245 2.733222
v 0.93254 10.65295 2.626122
v 1.08874 10.78915 2.732622
v 1.547141 10.84395 2.574422
v 1.57944 10.84015 2.678422
v 1.35324 10.83875 2.809122
v 1.35324 10.83875 2.809122
v 1.34954 10.84445 2.713722
v 1.547141 10.84395 2.574422
v 1.728341 10.84845 2.415123
v 0.86944 10.61245 2.733222
v 1.09414 10.79845 2.839522
v 1.086341 10.81365 2.843922
v 1.08874 10.78915 2.732622
v 1.34954 10.84445 2.713722
v 1.35324 10.83875 2.809122
v 1.35324 10.83875 2.809122
v 1.10104 10.78655 2.837322
v 1.08874 10.78915 2.732622
v 1.54934 10.72615 2.553522
v 1.57994 10.69815 2.634322
v 1.728341 10.84845 2.415123
v 1.728341 10.84845 2.415123
v 1.666641 10.84245 2.335423
v 1.54934 10.72615 2.553522
v 1.35964 10.66145 2.663422
v 1.37854 10.62785 2.757122
v 1.57994 10.69815 2.634322
v 1.57994 10.69815 2.634322
v 1.54934 10.72615 2.553522
v 1.35964 10.66145 2.663422
v 1.14584 10.64785 2.722122
v 1.15134 10.62745 2.793922
v 1.37854 10.62785 2.757122
v 1.37854 10.62785 2.757122
v 1.35964 10.66145 2.663422
v 1.14584 10.64785 2.722122
v 0.93254 10.65295 2.626122
v 0.86944 10.61245 2.733222
v 1.15134 10.62745 2.793922
v 1.15134 10.62745 2.793922
v 1.14584 10.64785 2.722122
v 0.93254 10.65295 2.626122
v 1.57944 10.84015 2.678422
v 1.35324 10.83875 2.809122
v 1.10104 10.78655 2.837322
v 2.043643 11.25415 -0.371377
v 1.919741 9.878351 0.157922
v 2.097441 9.491613 -0.198744
v -0.167558 9.866855 -2.440979
v 1.276942 9.960453 -2.015978
v 1.929753 9.256998 -1.658695
v 0.531911 9.175849 -2.306507
v 1.773642 10.31515 -0.757477
v 2.252643 11.66845 -0.322776
v 2.334543 11.52985 0.239924
v 2.531843 11.63885 -0.378176
v 1.919741 9.878351 0.157922
v 2.043643 11.25415 -0.371377
v 2.597342 11.08365 -0.601977
v 2.370341 10.18735 -0.243777
v 2.043643 11.25415 -0.371377
v 2.252643 11.66845 -0.322776
v 1.919741 9.878351 0.157922
v 2.110041 9.896351 0.460522
v 2.190242 10.82595 0.473123
v 2.190242 10.82595 0.473123
v 2.178942 11.37325 0.426623
v 2.252643 11.66845 -0.322776
v 2.178942 11.37325 0.426623
v 2.190242 10.82595 0.473123
v 2.106343 12.55235 1.640224
v 2.309443 12.46935 1.008424
v 2.143543 12.14295 0.502624
v 2.252643 11.66845 -0.322776
v 2.143543 12.14295 0.502624
v 2.178942 11.37325 0.426623
v -0.546448 8.598431 -2.509255
v -1.373123 8.744658 -1.352836
v -1.545436 9.66006 -0.743483
v -0.980827 9.391599 -2.093949
v -0.987194 7.686517 0.585319
v -0.952246 6.755815 0.634375
v -1.389101 8.263635 -0.190307
v -1.503424 9.220645 0.226897
v -1.48776 9.676254 0.61372
v -0.892312 7.925996 -2.781588
v -1.374176 7.778439 -1.588596
v -1.048827 6.159137 0.880678
v -1.309061 6.485475 -0.03523
v -0.784083 8.508722 0.916436
v -1.203782 8.788857 0.567743
v -1.098759 11.07975 2.890521
v -0.49586 10.98505 3.315122
v -0.488858 12.26475 3.240922
v -1.074358 12.22065 2.755322
v 0.337741 11.02615 3.370622
v 0.34044 10.53255 3.221621
v 0.23374 10.80135 3.340822
v -0.090161 9.466951 2.90732
v 0.081239 9.495251 2.949121
v 0.114539 9.915251 3.008121
v -0.118261 9.942851 2.946221
v 0.39764 9.99115 3.381721
v 0.428739 9.431951 3.473521
v 0.605939 10.01215 3.404722
v -0.485261 9.778852 2.889721
v -0.482161 10.06715 2.950421
v -0.979161 10.12055 2.69272
v -0.930761 9.838352 2.63262
v -1.550659 10.64965 1.810421
v -1.36476 10.52875 2.285621
v -1.435659 10.98725 2.125721
v 0.468638 9.28995 3.41642
v 0.415439 9.30755 3.032621
v 0.430338 9.316551 3.20552
v 0.018339 9.244851 2.89562
v 0.181139 9.378051 2.94512
v 0.353438 9.13965 2.985821
v -0.238761 9.084253 2.773721
v 0.287939 9.008752 2.978921
v 0.20304 10.69025 3.226922
v 0.17214 10.61485 2.976422
v 0.247339 8.849352 2.814721
v -0.143661 8.895553 2.768421
v -0.100861 8.776854 2.679621
v -0.153461 8.675053 2.59012
v 0.035638 8.633253 2.708621
v 0.272538 8.564852 2.79932
v 0.290038 8.449253 2.56452
v -0.000162 8.429553 2.48522
v -0.345461 8.433954 2.28332
v -0.300462 8.690753 2.52352
v -0.535061 8.786754 2.41212
v -0.485261 9.778852 2.889721
v -0.675361 9.391953 2.54102
v -0.371461 9.578151 2.81522
v -1.53976 10.15015 1.39072
v -1.34856 9.952053 1.82232
v -1.40356 10.19245 2.10992
v -1.59296 9.676754 0.95592
v -1.410561 9.272053 1.36902
v 0.136137 7.732651 2.31602
v 0.177437 7.669551 2.121419
v -0.216363 7.862151 1.98492
v -1.376561 8.979754 1.04482
v -0.784083 8.508722 0.916436
v -1.503424 9.220645 0.226897
v -0.921662 8.516953 1.37512
v -1.48776 9.676254 0.61372
v -0.485261 9.778852 2.889721
v -0.874162 8.773352 1.83692
v -0.190963 8.160151 2.26882
v -1.203782 8.788857 0.567743
v -1.09976 10.77475 2.621821
v -0.64606 10.83195 3.124122
v -1.026059 10.85945 2.837221
v -0.84406 10.55485 2.769321
v -0.82586 10.69705 2.756821
v 0.39764 9.99115 3.381721
v 0.605939 10.01215 3.404722
v 0.148837 7.952051 2.51772
v 0.39764 9.99115 3.381721
v 0.306639 9.45565 3.317721
v 0.346639 9.32975 3.24322
v 0.39764 9.99115 3.381721
v -0.14486 10.25385 2.950221
v -0.482161 10.06715 2.950421
v -0.485261 9.778852 2.889721
v -0.15416 10.42365 2.934221
v 0.11084 10.46775 2.848521
v 0.10784 10.56725 2.835121
v -0.148158 10.55035 2.967821
v -0.375458 10.52385 2.991721
v -0.40156 10.37745 2.956221
v 0.39764 9.99115 3.381721
v -0.37366 10.81555 3.163322
v 0.02174 10.69675 3.228621
v -1.553358 11.56355 2.058521
v -1.691559 10.99225 1.625221
v -1.903858 11.44755 1.500821
v -1.774459 10.59085 1.003521
v -1.839359 11.13486 0.964221
v -0.61886 10.75885 2.978821
v -0.60876 10.56835 2.927121
v -0.62486 10.42155 2.889721
v -0.094359 10.74365 3.001921
v -0.36606 10.77045 3.045221
v -0.61406 10.72455 2.975021
v -0.362959 10.75185 3.040221
v -0.36606 10.77045 3.045221
v -0.61886 10.75885 2.978821
v -0.78686 10.69685 2.663621
v -0.60996 10.71595 2.863021
v -0.61326 10.71015 2.971721
v -0.61326 10.71015 2.971721
v -0.82586 10.69705 2.756821
v -0.78686 10.69685 2.663621
v -0.122959 10.71725 2.894722
v 0.01454 10.59855 2.748921
v 0.10784 10.56725 2.835121
v 0.10784 10.56725 2.835121
v -0.10706 10.71485 2.998921
v -0.122959 10.71725 2.894722
v -0.60996 10.71595 2.863021
v -0.384259 10.74155 2.945621
v -0.362159 10.73695 3.038621
v -0.362159 10.73695 3.038621
v -0.61326 10.71015 2.971721
v -0.60996 10.71595 2.863021
v -0.82586 10.69705 2.756821
v 0.10784 10.56725 2.835121
v -0.094359 10.74365 3.001921
v -0.10126 10.72755 2.999421
v -0.122959 10.71725 2.894722
v -0.10706 10.71485 2.998921
v -0.362159 10.73695 3.038621
v -0.362159 10.73695 3.038621
v -0.384259 10.74155 2.945621
v -0.122959 10.71725 2.894722
v -0.603859 10.59845 2.841521
v -0.78686 10.69685 2.663621
v -0.82586 10.69705 2.756821
v -0.82586 10.69705 2.756821
v -0.60876 10.56835 2.927121
v -0.603859 10.59845 2.841521
v -0.385858 10.55785 2.896921
v -0.603859 10.59845 2.841521
v -0.60876 10.56835 2.927121
v -0.60876 10.56835 2.927121
v -0.375458 10.52385 2.991721
v -0.385858 10.55785 2.896921
v -0.164058 10.57015 2.897321
v -0.385858 10.55785 2.896921
v -0.375458 10.52385 2.991721
v -0.375458 10.52385 2.991721
v -0.148158 10.55035 2.967821
v -0.164058 10.57015 2.897321
v 0.01454 10.59855 2.748921
v -0.164058 10.57015 2.897321
v -0.148158 10.55035 2.967821
v -0.148158 10.55035 2.967821
v 0.10784 10.56725 2.835121
v 0.01454 10.59855 2.748921
v -0.61326 10.71015 2.971721
v -0.362159 10.73695 3.038621
v -0.10706 10.71485 2.998921
v -1.904959 11.01995 0.156821
v -1.545436 9.66006 -0.743483
v -1.48776 9.676254 0.61372
v -0.980827 9.391599 -2.093949
v -1.450959 9.798656 -1.65098
v -1.638359 10.11275 -0.30098
v -2.140558 11.40786 0.264921
v -2.419158 11.34516 0.284221
v -2.055458 11.26955 0.827221
v -1.48776 9.676254 0.61372
v -2.06066 9.924555 0.34892
v -2.475958 10.78275 0.07682
v -1.904959 11.01995 0.156821
v -2.140558 11.40786 0.264921
v -1.904959 11.01995 0.156821
v -1.48776 9.676254 0.61372
v -1.59296 9.676754 0.95592
v -1.774459 10.59085 1.003521
v -1.774459 10.59085 1.003521
v -1.839359 11.13486 0.964221
v -2.140558 11.40786 0.264921
v -1.839359 11.13486 0.964221
v -1.774459 10.59085 1.003521
v -1.588758 12.33325 2.134522
v -1.939358 12.21735 1.576922
v -1.874857 11.90465 1.040222
v -2.140558 11.40786 0.264921
v -1.839359 11.13486 0.964221
v -1.874857 11.90465 1.040222
v -0.874162 8.773352 1.83692
vn 0.919235 0.272725 -0.283952
vn 0.763998 0.260846 -0.590141
vn 0.984852 0.118001 0.127054
vn 0.75611 0.165652 0.633132
vn 0.391532 0.154131 -0.907164
vn 0.133463 -0.018441 -0.990882
vn -0.429342 0.037872 0.902348
vn -0.008195 0.12375 0.99228
vn 0.077564 -0.039897 0.996189
vn -0.436637 -0.096778 0.894417
vn 0.514878 -0.148999 0.844215
vn 0.451129 -0.727813 -0.516499
vn 0.911346 -0.396977 -0.108893
vn 0.583218 0.441369 0.681946
vn 0.633519 0.761002 -0.13975
vn 0.388898 0.446281 -0.805973
vn -0.335417 0.608119 0.719504
vn -0.250065 0.669888 0.699083
vn 0.121929 0.555778 0.82234
vn 0.422783 -0.891033 0.165271
vn -0.025087 -0.977636 0.208803
vn 0.581437 -0.813129 0.027419
vn 0.905782 -0.0524 0.420492
vn 0.88278 0.145796 0.44659
vn 0.600477 0.133794 0.78837
vn 0.583518 -0.232108 0.778224
vn 0.298006 -0.016602 0.95442
vn 0.128703 0.062301 0.989724
vn 0.134903 -0.040702 0.990023
vn 0.74106 -0.108195 0.662665
vn 0.392591 -0.322594 0.861281
vn 0.142906 -0.249612 0.957743
vn 0.134801 -0.038801 0.990113
vn 0.541718 -0.098004 0.834828
vn 0.378792 -0.000901 0.925482
vn 0.775601 0.158499 0.611001
vn 0.724183 -0.153598 0.672285
vn 0.680677 0.238491 0.692677
vn 0.112996 0.258189 0.959464
vn 0.137696 -0.098398 0.985575
vn 0.738 -0.102301 0.667001
vn 0.538499 -0.276701 0.795899
vn 0.864831 -0.299412 0.403015
vn 0.835907 -0.040102 0.547405
vn 0.493628 -0.046104 0.86845
vn 0.997685 -0.035 0.0583
vn 0.981148 0.011599 0.19291
vn 0.955966 0.046997 0.28969
vn 0.133196 -0.727286 0.673286
vn 0.620304 -0.695307 0.363003
vn 0.530586 -0.694684 0.485688
vn 0.387499 -0.9169 -0.0956
vn 0.060897 -0.998067 0.012399
vn 0.127603 -0.785226 0.605919
vn 0.704469 -0.350986 0.616873
vn 0.534723 -0.115206 0.837137
vn 0.132901 -0.005901 0.991112
vn 0.457992 -0.037 0.888186
vn 0.512887 -0.234595 0.82578
vn 0.708172 -0.182394 0.682074
vn 0.580912 -0.695417 0.423009
vn 0.784712 -0.583311 0.209703
vn 0.480078 -0.401083 0.780165
vn 0.144804 -0.409314 0.900829
vn 0.143602 -0.51641 0.844215
vn 0.645869 -0.377883 0.663369
vn 0.533425 -0.459222 0.710333
vn 0.663835 -0.479027 0.574331
vn 0.660227 -0.421818 0.621426
vn 0.49369 -0.52959 0.689786
vn 0.143299 -0.5289 0.836499
vn 0.450114 -0.472816 0.757524
vn 0.656212 -0.346507 0.670312
vn 0.140902 -0.599712 0.787714
vn 0.811099 -0.394 0.432299
vn 0.854276 -0.336992 0.395789
vn 0.707409 -0.433307 0.558407
vn 0.852965 -0.27479 0.443782
vn 0.538499 -0.276701 0.795899
vn 0.593272 -0.23719 0.769265
vn 0.99337 -0.110898 0.0303
vn 0.972717 -0.202504 0.113202
vn 0.959395 -0.2658 0.0944
vn 0.973048 -0.20119 0.112695
vn 0.962427 -0.253508 -0.097302
vn 0.580897 -0.726699 0.366699
vn 0.125295 -0.805079 0.579784
vn 0.0487 -0.997922 -0.042202
vn 0.275299 -0.941 -0.1968
vn 0.634016 -0.74392 -0.211206
vn 0.610601 -0.579001 -0.540301
vn 0.422783 -0.891033 0.165271
vn -0.025087 -0.977636 0.208803
vn 0.451129 -0.727813 -0.516499
vn 0.613202 -0.689304 -0.385802
vn 0.911346 -0.396977 -0.108893
vn 0.538499 -0.276701 0.795899
vn 0.91854 -0.329916 0.21781
vn 0.91854 -0.329916 0.21781
vn 0.851839 -0.284015 0.440121
vn 0.581437 -0.813129 0.027419
vn 0.896999 -0.232901 0.3757
vn 0.587778 -0.629579 0.508082
vn 0.808997 -0.4646 0.360099
vn 0.749092 0.103098 0.654394
vn 0.738083 -0.262895 0.621386
vn 0.112996 0.258189 0.959464
vn 0.680677 0.238491 0.692677
vn 0.637388 -0.312596 0.704287
vn 0.144098 -0.311998 0.939092
vn 0.680677 0.238491 0.692677
vn 0.946522 -0.115104 0.301408
vn 0.662408 -0.748311 0.0353
vn 0.680677 0.238491 0.692677
vn 0.538499 -0.276701 0.795899
vn 0.493628 -0.046104 0.86845
vn 0.1054 0.047399 0.9933
vn 0.051998 -0.086798 0.994868
vn -0.022701 -0.277001 0.960601
vn 0.650688 -0.241297 0.719987
vn 0.587001 0.196799 0.785302
vn 0.340902 -0.201703 0.918206
vn 0.355383 -0.074397 0.931756
vn 0.680677 0.238491 0.692677
vn 0.411292 -0.829388 0.378094
vn 0.436711 -0.811623 0.38801
vn 0.959744 0.0178 0.280313
vn 0.990633 -0.102604 0.090104
vn 0.99812 -0.057202 -0.022
vn 0.979983 -0.0748 0.184497
vn 0.971024 0.093801 0.219806
vn 0.560818 -0.599421 0.571119
vn 0.671678 -0.062799 0.738177
vn 0.650541 -0.018402 0.759248
vn 0.327986 -0.806768 0.491479
vn 0.335583 -0.681568 0.650269
vn 0.699304 -0.123902 0.704005
vn 0.560818 -0.599421 0.571119
vn 0.335583 -0.681568 0.650269
vn 0.3184 -0.174801 0.931701
vn 0.080396 -0.996666 0.013899
vn 0.080396 -0.996666 0.013899
vn 0.080396 -0.996666 0.013899
vn -0.052403 -0.998428 -0.019901
vn -0.052403 -0.998428 -0.019901
vn -0.052403 -0.998428 -0.019901
vn 0.624507 -0.77551 -0.092601
vn 0.624507 -0.77551 -0.092601
vn 0.624507 -0.77551 -0.092601
vn 0.625714 -0.776419 0.075202
vn 0.625714 -0.776419 0.075202
vn 0.625714 -0.776419 0.075202
vn -0.012301 -0.999399 -0.032401
vn -0.012301 -0.999399 -0.032401
vn -0.012301 -0.999399 -0.032401
vn -0.0434 -0.997373 -0.057999
vn -0.0434 -0.997373 -0.057999
vn -0.0434 -0.997373 -0.057999
vn 0.738083 -0.262895 0.621386
vn 0.650688 -0.241297 0.719987
vn -0.017901 -0.24901 0.968336
vn 0.327986 -0.806768 0.491479
vn 0.202293 -0.977072 -0.066399
vn 0.202293 -0.977072 -0.066399
vn 0.202293 -0.977072 -0.066399
vn 0.197296 -0.979183 -0.0477
vn 0.197296 -0.979183 -0.0477
vn 0.197296 -0.979183 -0.0477
vn -0.279309 0.86953 0.407315
vn -0.279309 0.86953 0.407315
vn -0.279309 0.86953 0.407314
vn -0.407973 0.878444 0.248785
vn -0.407973 0.878444 0.248785
vn -0.407973 0.878444 0.248785
vn -0.108099 0.928901 0.354201
vn -0.108099 0.928901 0.354201
vn -0.108099 0.928901 0.354201
vn -0.106597 0.926183 0.361694
vn -0.106597 0.926183 0.361694
vn -0.106597 0.926183 0.361694
vn 0.041902 0.961833 0.27041
vn 0.041902 0.961833 0.27041
vn 0.041902 0.961833 0.27041
vn 0.031099 0.943053 0.331185
vn 0.031099 0.943053 0.331185
vn 0.031099 0.943053 0.331185
vn -0.113503 0.949533 0.292411
vn -0.113503 0.949533 0.292411
vn -0.113503 0.949533 0.292411
vn -0.102901 0.954614 0.279505
vn -0.102901 0.954614 0.279505
vn -0.102901 0.954614 0.279505
vn 0.71909 -0.144199 0.679791
vn 0.317202 -0.092802 0.943807
vn -0.0287 -0.196594 0.980065
vn -0.128898 -0.018399 -0.991487
vn 0.911346 -0.396977 -0.108893
vn 0.984852 0.118001 0.127054
vn -0.087499 -0.138498 -0.98649
vn 0.569697 0.0243 -0.821495
vn 0.763998 0.260846 -0.590141
vn 0.133463 -0.018441 -0.990882
vn 0.883624 0.0385 -0.466612
vn 0.20071 0.868039 -0.454119
vn 0.42248 0.701965 0.573373
vn 0.639691 0.675089 -0.367493
vn 0.911346 -0.396977 -0.108893
vn -0.128898 -0.018399 -0.991487
vn 0.632225 -0.123805 -0.76483
vn 0.506992 -0.544992 -0.66779
vn -0.128898 -0.018399 -0.991487
vn 0.20071 0.868039 -0.454119
vn 0.911346 -0.396977 -0.108893
vn 0.962427 -0.253508 -0.097302
vn 0.979983 -0.0748 0.184497
vn 0.979983 -0.0748 0.184497
vn 0.971024 0.093801 0.219806
vn 0.20071 0.868039 -0.454119
vn 0.971024 0.093801 0.219806
vn 0.979983 -0.0748 0.184497
vn 0.935176 0.008099 0.354091
vn 0.995932 0.0378 0.081803
vn 0.973159 0.066596 -0.22029
vn 0.20071 0.868039 -0.454119
vn 0.973159 0.066596 -0.22029
vn 0.971024 0.093801 0.219806
vn -0.251312 0.413465 -0.875151
vn -0.928735 0.084001 -0.361104
vn -0.979851 -0.153964 -0.127226
vn -0.664113 -0.08516 -0.742766
vn -0.836357 -0.025243 0.547604
vn -0.763115 0.131759 0.632689
vn -0.976355 -0.11076 0.185646
vn -0.980601 -0.167835 0.101259
vn -0.863318 -0.469409 -0.185305
vn -0.248363 0.790608 -0.559692
vn -0.879596 0.475722 -0.000545
vn -0.368055 0.669555 0.64516
vn -0.666999 0.604565 0.435447
vn -0.744982 -0.621465 0.242452
vn -0.82243 -0.494552 0.281117
vn -0.751544 -0.150709 0.642237
vn -0.328292 -0.286193 0.900177
vn -0.384312 0.075302 0.920127
vn -0.745732 0.049202 0.664427
vn -0.0335 -0.0362 0.998783
vn -0.523804 -0.183201 0.831905
vn -0.113003 -0.352609 0.928923
vn -0.289009 -0.147305 0.945926
vn -0.49991 -0.226204 0.836015
vn -0.601419 0.076902 0.795224
vn -0.120395 -0.030499 0.992258
vn -0.498407 0.168502 0.850411
vn -0.5204 -0.1769 0.835398
vn 0.112996 0.258189 0.959464
vn -0.280111 -0.333613 0.900133
vn -0.240099 -0.0897 0.966595
vn -0.652786 -0.128397 0.746582
vn -0.68391 -0.400805 0.609608
vn -0.936503 -0.1497 0.3171
vn -0.845434 -0.059802 0.530721
vn -0.890836 -0.099403 0.443317
vn -0.418492 -0.756883 0.501988
vn -0.300391 -0.743976 0.59688
vn -0.289794 -0.957076 -0.005001
vn -0.279691 -0.163495 0.946067
vn -0.47261 -0.420808 0.774313
vn -0.201794 -0.076098 0.976467
vn -0.487212 -0.248706 0.83712
vn -0.247814 -0.279716 0.927549
vn -0.364994 -0.751486 0.549589
vn -0.62919 -0.667088 0.398892
vn -0.209006 -0.442011 0.87232
vn -0.401114 -0.440015 0.803427
vn -0.271609 -0.507016 0.818024
vn -0.42989 -0.543887 0.720682
vn -0.420816 -0.485918 0.766027
vn -0.23081 -0.572523 0.78673
vn -0.177903 -0.510108 0.841511
vn -0.412909 -0.409908 0.813315
vn -0.618086 -0.478788 0.623484
vn -0.481117 -0.503817 0.717423
vn -0.679301 -0.4197 0.601999
vn -0.280111 -0.333613 0.900133
vn -0.680176 -0.368187 0.633876
vn -0.358713 -0.298211 0.884531
vn -0.930914 -0.225003 0.287704
vn -0.8627 -0.374999 0.339299
vn -0.87872 -0.312406 0.360907
vn -0.918128 -0.36501 0.154304
vn -0.879389 -0.310996 0.360495
vn -0.376102 -0.783402 0.494801
vn -0.177593 -0.980855 -0.079897
vn -0.605801 -0.7906 0.089199
vn -0.844828 -0.530117 0.072402
vn -0.744982 -0.621465 0.242452
vn -0.980601 -0.167835 0.101259
vn -0.715231 -0.692428 0.094803
vn -0.863318 -0.469409 -0.185305
vn -0.280111 -0.333613 0.900133
vn -0.784497 -0.428897 0.447897
vn -0.667874 -0.374185 0.643374
vn -0.82243 -0.494552 0.281117
vn -0.733914 -0.329606 0.593911
vn -0.356898 -0.685595 0.634495
vn -0.626775 -0.549777 0.552176
vn -0.558207 0.0255 0.82931
vn -0.513803 -0.337102 0.788903
vn -0.498407 0.168502 0.850411
vn 0.112996 0.258189 0.959464
vn -0.389904 -0.373503 0.841707
vn -0.498407 0.168502 0.850411
vn -0.814517 -0.219504 0.53701
vn -0.538507 -0.819508 0.196001
vn -0.498407 0.168502 0.850411
vn 0.153706 0.050201 0.986841
vn -0.240099 -0.0897 0.966595
vn -0.280111 -0.333613 0.900133
vn 0.220891 -0.076898 0.972262
vn -0.379505 0.139502 0.914612
vn -0.406819 -0.304014 0.861437
vn 0.305504 -0.257504 0.916711
vn -0.062599 -0.225697 0.972184
vn -0.087804 -0.100704 0.991034
vn -0.498407 0.168502 0.850411
vn -0.198694 -0.86557 0.459683
vn -0.222505 -0.850716 0.476208
vn -0.84811 -0.089501 0.522206
vn -0.913584 -0.215596 0.344793
vn -0.955369 -0.173094 0.239392
vn -0.881898 -0.185299 0.433498
vn -0.883626 -0.0162 0.467913
vn -0.318109 -0.651517 0.688717
vn -0.442803 -0.128901 0.887305
vn -0.422195 -0.081999 0.902789
vn -0.0918 -0.831693 0.547594
vn -0.072003 -0.705722 0.704821
vn -0.471117 -0.193307 0.860629
vn -0.040702 -0.196108 0.979737
vn -0.072003 -0.705722 0.704821
vn -0.318109 -0.651517 0.688717
vn 0.160994 -0.985768 -0.048399
vn 0.160994 -0.985768 -0.048399
vn 0.160994 -0.985768 -0.048399
vn 0.0424 -0.99892 0.019
vn 0.0424 -0.99892 0.019
vn 0.0424 -0.99892 0.019
vn -0.489603 -0.842602 0.2243
vn -0.489603 -0.842602 0.2243
vn -0.489603 -0.842602 0.2243
vn -0.532523 -0.844134 0.062102
vn -0.532523 -0.844134 0.062102
vn -0.532523 -0.844134 0.062102
vn 0.142195 -0.98637 -0.082798
vn 0.142195 -0.98637 -0.082798
vn 0.142195 -0.98637 -0.082798
vn 0.119398 -0.991587 -0.05
vn 0.119397 -0.991587 -0.05
vn 0.119397 -0.991587 -0.05
vn -0.513803 -0.337102 0.788903
vn -0.406819 -0.304014 0.861437
vn -0.0918 -0.831693 0.547594
vn 0.299712 -0.23021 0.925838
vn -0.0878 -0.996093 -0.009501
vn -0.0878 -0.996093 -0.009501
vn -0.0878 -0.996093 -0.009501
vn -0.097698 -0.994871 -0.0262
vn -0.097698 -0.994871 -0.0262
vn -0.097698 -0.994871 -0.0262
vn 0.353985 0.923659 0.146795
vn 0.353985 0.923659 0.146794
vn 0.353985 0.923659 0.146794
vn 0.273302 0.902302 0.333402
vn 0.273302 0.902302 0.333402
vn 0.273302 0.902302 0.333402
vn 0.089301 0.937798 0.3355
vn 0.089301 0.937798 0.3355
vn 0.089301 0.937798 0.3355
vn 0.088398 0.940571 0.327891
vn 0.088398 0.940571 0.327891
vn 0.088398 0.940571 0.327891
vn -0.052598 0.938083 0.342395
vn -0.052598 0.938083 0.342395
vn -0.052598 0.938083 0.342395
vn -0.081002 0.954527 0.286909
vn -0.081002 0.954527 0.286909
vn -0.081002 0.954527 0.286909
vn 0.061004 0.964347 0.257513
vn 0.061004 0.964347 0.257514
vn 0.061004 0.964347 0.257514
vn 0.075102 0.960709 0.267204
vn 0.075102 0.960709 0.267203
vn 0.075102 0.960709 0.267203
vn -0.494109 -0.216104 0.842114
vn -0.0459 -0.114299 0.992386
vn 0.307085 -0.176592 0.935155
vn -0.123797 -0.063398 -0.99028
vn -0.979851 -0.153964 -0.127226
vn -0.863318 -0.469409 -0.185305
vn -0.664113 -0.08516 -0.742766
vn -0.832044 -0.438469 -0.339778
vn 0.897507 0.394502 -0.197101
vn -0.412097 0.831697 -0.372098
vn -0.787533 0.590426 -0.176607
vn -0.336105 0.657011 0.674811
vn -0.863318 -0.469409 -0.185305
vn -0.59737 -0.610468 -0.520075
vn -0.791701 -0.208299 -0.574301
vn -0.123797 -0.063398 -0.99028
vn -0.412097 0.831697 -0.372098
vn -0.123797 -0.063398 -0.99028
vn -0.863318 -0.469409 -0.185305
vn -0.918128 -0.36501 0.154304
vn -0.881898 -0.185299 0.433498
vn -0.881898 -0.185299 0.433498
vn -0.883626 -0.0162 0.467913
vn -0.412097 0.831697 -0.372098
vn -0.883626 -0.0162 0.467913
vn -0.881898 -0.185299 0.433498
vn -0.804126 -0.095003 0.586818
vn -0.937135 -0.076802 0.340412
vn -0.997791 -0.050299 0.043399
vn -0.412097 0.831697 -0.372098
vn -0.883626 -0.0162 0.467913
vn -0.997791 -0.050299 0.043399
vn -0.784497 -0.428897 0.447897
vt 0.5189 0.0834
vt 0.5084 0.1154
vt 0.5763 0.1425
vt 0.5874 0.1026
vt 0.4116 0.0676
vt 0.4118 0.099
vt 0.8169 0.0607
vt 0.7677 0.0572
vt 0.7528 0.1017
vt 0.805 0.1042
vt 0.6764 0.1076
vt 0.6662 0.1483
vt 0.6289 0.1719
vt 0.6143 0.0207
vt 0.5422 0.0207
vt 0.4116 0.0212
vt 0.8248 0.0212
vt 0.7771 0.0212
vt 0.7197 0.0212
vt 0.7434 0.1299
vt 0.7989 0.1266
vt 0.6983 0.1408
vt 0.4951 0.7446
vt 0.4861 0.8993
vt 0.3269 0.9054
vt 0.3455 0.7417
vt 0.0728 0.7176
vt 0.0189 0.8646
vt 0.0188 0.7269
vt 0.0612 0.6195
vt 0.0995 0.6807
vt 0.0188 0.6755
vt 0.0188 0.6193
vt 0.2395 0.4829
vt 0.253 0.547
vt 0.192 0.5399
vt 0.1987 0.4902
vt 0.0718 0.552
vt 0.0201 0.5503
vt 0.0188 0.5063
vt 0.0788 0.5047
vt 0.343 0.5302
vt 0.4965 0.518
vt 0.4833 0.5711
vt 0.3454 0.5654
vt 0.7131 0.6656
vt 0.6037 0.7319
vt 0.5864 0.6388
vt 0.0188 0.4821
vt 0.0698 0.4861
vt 0.0641 0.441
vt 0.0659 0.461
vt 0.0188 0.4685
vt 0.0188 0.4395
vt 0.1777 0.4555
vt 0.2117 0.4352
vt 0.0188 0.4076
vt 0.0828 0.4149
vt 0.0985 0.3921
vt 0.2794 0.4041
vt 0.1266 0.6582
vt 0.1457 0.6452
vt 0.1053 0.3526
vt 0.0188 0.3827
vt 0.0188 0.3493
vt 0.2506 0.3719
vt 0.2395 0.3421
vt 0.2563 0.3225
vt 0.22 0.3188
vt 0.1067 0.3161
vt 0.0188 0.3143
vt 0.0983 0.2664
vt 0.2497 0.2677
vt 0.0188 0.2658
vt 0.364 0.2802
vt 0.3958 0.3262
vt 0.2972 0.3276
vt 0.4497 0.4128
vt 0.3448 0.5311
vt 0.3193 0.4941
vt 0.8002 0.565
vt 0.6121 0.5731
vt 0.6428 0.5105
vt 0.719 0.405
vt 0.9432 0.5284
vt 0.174 0.161
vt 0.0188 0.1406
vt 0.0188 0.1093
vt 0.1766 0.1234
vt 0.3391 0.1841
vt 0.801 0.3311
vt 0.3262 0.084
vt 0.0188 0.0264
vt 0.8298 0.2662
vt 0.5407 0.2471
vt 0.9686 0.4386
vt 0.3436 0.5283
vt 0.4576 0.2967
vt 0.4572 0.2963
vt 0.3403 0.2454
vt 0.62 0.1921
vt 0.4932 0.6832
vt 0.3783 0.7017
vt 0.47 0.7038
vt 0.4327 0.6399
vt 0.4213 0.6639
vt 0.0198 0.5509
vt 0.0711 0.5526
vt 0.1609 0.2059
vt 0.0188 0.2003
vt 0.0731 0.5524
vt 0.1133 0.5005
vt 0.1013 0.4731
vt 0.073 0.5534
vt 0.3425 0.5284
vt 0.3455 0.5656
vt 0.2463 0.5847
vt 0.2486 0.6031
vt 0.2453 0.6272
vt 0.1721 0.6267
vt 0.1749 0.6141
vt 0.3134 0.6265
vt 0.3187 0.6009
vt 0.0745 0.5518
vt 0.3089 0.6965
vt 0.1868 0.67
vt 0.7254 0.8901
vt 0.8318 0.7782
vt 0.8697 0.8842
vt 0.9159 0.7579
vt 0.9452 0.8783
vt 0.373 0.6809
vt 0.3664 0.6361
vt 0.3739 0.6113
vt 0.2103 0.663
vt 0.3068 0.6812
vt 0.5063 0.9333
vt 0.5069 0.9542
vt 0.4613 0.9536
vt 0.4608 0.9231
vt 0.5321 0.9319
vt 0.5398 0.9499
vt 0.5062 0.9308
vt 0.5062 0.9308
vt 0.5052 0.9177
vt 0.5321 0.9319
vt 0.4127 0.908
vt 0.4123 0.9212
vt 0.3698 0.9214
vt 0.3698 0.9214
vt 0.3871 0.9093
vt 0.4127 0.908
vt 0.5052 0.9177
vt 0.5062 0.9308
vt 0.4607 0.9211
vt 0.4607 0.9211
vt 0.4625 0.908
vt 0.5052 0.9177
vt 0.5398 0.9499
vt 0.3698 0.9214
vt 0.4122 0.9228
vt 0.4102 0.945
vt 0.4127 0.908
vt 0.4625 0.908
vt 0.4607 0.9211
vt 0.4607 0.9211
vt 0.4123 0.9212
vt 0.4127 0.908
vt 0.497 0.9256
vt 0.4988 0.9185
vt 0.5258 0.9304
vt 0.5258 0.9304
vt 0.5208 0.935
vt 0.497 0.9256
vt 0.4612 0.9183
vt 0.4605 0.9102
vt 0.4988 0.9185
vt 0.4988 0.9185
vt 0.497 0.9256
vt 0.4612 0.9183
vt 0.4244 0.9181
vt 0.4225 0.911
vt 0.4605 0.9102
vt 0.4605 0.9102
vt 0.4612 0.9183
vt 0.4244 0.9181
vt 0.3946 0.9185
vt 0.3911 0.9112
vt 0.4225 0.911
vt 0.4225 0.911
vt 0.4244 0.9181
vt 0.3946 0.9185
vt 0.5062 0.9308
vt 0.4607 0.9211
vt 0.4123 0.9212
vt 0.0335 0.8961
vt 0.0492 0.9767
vt 0.1108 0.9771
vt 0.3302 0.9469
vt 0.1865 0.9281
vt 0.2051 0.9768
vt 0.3381 0.9769
vt 0.0991 0.9166
vt 0.9775 0.2828
vt 0.9608 0.0713
vt 0.9576 0.2251
vt 0.823 0.1358
vt 0.9253 0.282
vt 0.9258 0.2267
vt 0.8578 0.1244
vt 0.9262 0.282
vt 0.9774 0.2775
vt 0.8216 0.1332
vt 0.8566 0.0234
vt 0.9312 0.0262
vt 0.9308 0.0262
vt 0.9755 0.026
vt 0.9766 0.2846
vt 0.9792 0.0281
vt 0.928 0.0269
vt 0.7245 0.8898
vt 0.8691 0.8835
vt 0.9453 0.8777
vt 0.7445 0.9358
vt 0.8103 0.8443
vt 0.7189 0.8443
vt 0.5189 0.0836
vt 0.5873 0.1026
vt 0.5763 0.1425
vt 0.5084 0.1154
vt 0.7528 0.1017
vt 0.7677 0.0572
vt 0.6764 0.1076
vt 0.6661 0.1483
vt 0.6289 0.172
vt 0.5421 0.0206
vt 0.6144 0.0206
vt 0.7771 0.0212
vt 0.7197 0.0212
vt 0.7436 0.13
vt 0.6983 0.1408
vt 0.4951 0.7446
vt 0.3456 0.7414
vt 0.327 0.9054
vt 0.486 0.8995
vt 0.0728 0.7176
vt 0.0612 0.6195
vt 0.0996 0.6808
vt 0.2393 0.4828
vt 0.1987 0.4902
vt 0.1931 0.5404
vt 0.2535 0.5465
vt 0.0717 0.5522
vt 0.0788 0.5046
vt 0.0201 0.5504
vt 0.3433 0.5286
vt 0.3453 0.565
vt 0.4836 0.5709
vt 0.4964 0.5178
vt 0.713 0.6658
vt 0.5863 0.6387
vt 0.6037 0.7316
vt 0.0697 0.4862
vt 0.0642 0.4409
vt 0.0658 0.461
vt 0.2117 0.4352
vt 0.1777 0.4555
vt 0.0827 0.4149
vt 0.2794 0.4041
vt 0.0985 0.3922
vt 0.1266 0.6582
vt 0.1457 0.6452
vt 0.1054 0.3526
vt 0.2507 0.372
vt 0.2394 0.3418
vt 0.2563 0.3225
vt 0.2201 0.3194
vt 0.1068 0.3162
vt 0.0984 0.2662
vt 0.2496 0.2677
vt 0.364 0.2802
vt 0.2971 0.3278
vt 0.3958 0.3261
vt 0.3424 0.527
vt 0.4533 0.4116
vt 0.3202 0.4938
vt 0.8002 0.565
vt 0.642 0.5078
vt 0.6121 0.5732
vt 0.9435 0.5285
vt 0.7188 0.4051
vt 0.1739 0.161
vt 0.1765 0.1234
vt 0.3391 0.1841
vt 0.8016 0.3308
vt 0.326 0.0835
vt 0.8296 0.2664
vt 0.5407 0.2469
vt 0.9676 0.4383
vt 0.3445 0.5308
vt 0.4576 0.2963
vt 0.3405 0.2454
vt 0.6205 0.1917
vt 0.4932 0.683
vt 0.3786 0.702
vt 0.4701 0.7041
vt 0.4327 0.6399
vt 0.4213 0.6639
vt 0.0713 0.5524
vt 0.0197 0.5509
vt 0.1609 0.206
vt 0.0719 0.5526
vt 0.1133 0.5005
vt 0.1013 0.473
vt 0.0743 0.5516
vt 0.2463 0.5846
vt 0.3459 0.5658
vt 0.3434 0.5293
vt 0.2485 0.6033
vt 0.1749 0.6141
vt 0.1721 0.6267
vt 0.2453 0.6272
vt 0.3134 0.6265
vt 0.3188 0.6008
vt 0.0739 0.5529
vt 0.3089 0.6965
vt 0.1868 0.67
vt 0.7253 0.8898
vt 0.8319 0.7784
vt 0.8695 0.8841
vt 0.9161 0.7577
vt 0.9452 0.8781
vt 0.373 0.6809
vt 0.3664 0.6361
vt 0.3739 0.6113
vt 0.2103 0.663
vt 0.3068 0.6812
vt 0.5063 0.9333
vt 0.4608 0.9231
vt 0.4613 0.9536
vt 0.5069 0.9542
vt 0.5321 0.9319
vt 0.5052 0.9177
vt 0.5062 0.9308
vt 0.5062 0.9308
vt 0.5398 0.9499
vt 0.5321 0.9319
vt 0.4127 0.908
vt 0.3871 0.9093
vt 0.3698 0.9214
vt 0.3698 0.9214
vt 0.4123 0.9212
vt 0.4127 0.908
vt 0.5052 0.9177
vt 0.4625 0.908
vt 0.4607 0.9211
vt 0.4607 0.9211
vt 0.5062 0.9308
vt 0.5052 0.9177
vt 0.5398 0.9499
vt 0.3698 0.9214
vt 0.4102 0.945
vt 0.4122 0.9228
vt 0.4127 0.908
vt 0.4123 0.9212
vt 0.4607 0.9211
vt 0.4607 0.9211
vt 0.4625 0.908
vt 0.4127 0.908
vt 0.497 0.9256
vt 0.5208 0.935
vt 0.5258 0.9304
vt 0.5258 0.9304
vt 0.4988 0.9185
vt 0.497 0.9256
vt 0.4612 0.9183
vt 0.497 0.9256
vt 0.4988 0.9185
vt 0.4988 0.9185
vt 0.4605 0.9102
vt 0.4612 0.9183
vt 0.4244 0.9181
vt 0.4612 0.9183
vt 0.4605 0.9102
vt 0.4605 0.9102
vt 0.4225 0.911
vt 0.4244 0.9181
vt 0.3946 0.9185
vt 0.4244 0.9181
vt 0.4225 0.911
vt 0.4225 0.911
vt 0.3911 0.9112
vt 0.3946 0.9185
vt 0.5062 0.9308
vt 0.4607 0.9211
vt 0.4123 0.9212
vt 0.0337 0.8963
vt 0.1108 0.9773
vt 0.0491 0.9766
vt 0.2052 0.9771
vt 0.1864 0.9276
vt 0.099 0.9162
vt 0.9771 0.2776
vt 0.9568 0.228
vt 0.9605 0.0715
vt 0.822 0.1343
vt 0.8578 0.1233
vt 0.9253 0.2257
vt 0.9262 0.2837
vt 0.9803 0.2776
vt 0.926 0.2819
vt 0.8232 0.1337
vt 0.857 0.0254
vt 0.9309 0.0262
vt 0.9302 0.0253
vt 0.9769 0.0263
vt 0.9768 0.2828
vt 0.9773 0.0266
vt 0.931 0.0278
vt 0.7245 0.8898
vt 0.8691 0.8835
vt 0.9453 0.8777
vt 0.7444 0.9358
vt 0.7189 0.8443
vt 0.8103 0.8443
vt 0.4573 0.2962
f 1/1/1 3/3/3 2/2/2
f 3/3/3 1/1/1 4/4/4
f 5/5/5 2/2/2 6/6/6
f 2/2/2 5/5/5 1/1/1
f 7/7/7 9/9/9 8/8/8
f 9/9/9 7/7/7 10/10/10
f 11/11/11 8/8/8 9/9/9
f 3/3/3 11/11/11 12/12/12
f 11/11/11 3/3/3 4/4/4
f 13/13/13 3/3/3 12/12/12
f 1/1/1 14/14/14 4/4/4
f 14/14/14 1/1/1 15/15/15
f 1/1/1 16/16/16 15/15/15
f 16/16/16 1/1/1 5/5/5
f 8/8/8 17/17/17 7/7/7
f 17/17/17 8/8/8 18/18/18
f 11/11/11 19/19/19 8/8/8
f 4/4/4 19/19/19 11/11/11
f 19/19/19 4/4/4 14/14/14
f 20/20/20 10/10/10 21/21/21
f 10/10/10 20/20/20 9/9/9
f 22/22/22 12/12/12 11/11/11
f 8/8/8 19/19/19 18/18/18
f 20/20/20 11/11/11 9/9/9
f 11/11/11 20/20/20 22/22/22
f 23/23/23 25/25/25 24/24/24
f 25/25/25 23/23/23 26/26/26
f 27/27/27 29/29/29 28/28/28
f 30/30/30 32/32/32 31/31/31
f 32/32/32 30/30/30 33/33/33
f 34/34/34 36/36/36 35/35/35
f 36/36/36 34/34/34 37/37/37
f 38/38/38 40/40/40 39/39/39
f 40/40/40 38/38/38 41/41/41
f 42/42/42 44/44/44 43/43/43
f 44/44/44 42/42/42 45/45/45
f 46/46/46 48/48/48 47/47/47
f 40/40/40 50/50/50 49/49/49
f 50/50/50 40/40/40 41/41/41
f 51/51/51 53/53/53 52/52/52
f 53/53/53 51/51/51 54/54/54
f 34/34/34 55/55/55 37/37/37
f 55/55/55 34/34/34 56/56/56
f 51/51/51 57/57/57 54/54/54
f 57/57/57 51/51/51 58/58/58
f 58/58/58 60/60/60 59/59/59
f 60/60/60 58/58/58 56/56/56
f 61/61/61 62/62/62 30/30/30
f 63/63/63 64/64/64 59/59/59
f 64/64/64 63/63/63 65/65/65
f 57/57/57 59/59/59 64/64/64
f 59/59/59 57/57/57 58/58/58
f 55/55/55 58/58/58 51/51/51
f 58/58/58 55/55/55 56/56/56
f 59/59/59 60/60/60 66/66/66
f 66/66/66 63/63/63 59/59/59
f 63/63/63 66/66/66 67/67/67
f 68/68/68 69/69/69 67/67/67
f 67/67/67 70/70/70 63/63/63
f 70/70/70 67/67/67 69/69/69
f 70/70/70 65/65/65 63/63/63
f 65/65/65 70/70/70 71/71/71
f 72/72/72 69/69/69 73/73/73
f 69/69/69 72/72/72 70/70/70
f 70/70/70 74/74/74 71/71/71
f 74/74/74 70/70/70 72/72/72
f 75/75/75 77/77/77 76/76/76
f 77/77/77 75/75/75 73/73/73
f 78/78/78 79/79/79 43/43/43
f 79/79/79 78/78/78 80/80/80
f 81/81/81 82/82/82 46/46/46
f 82/82/82 81/81/81 83/83/83
f 78/78/78 60/60/60 80/80/80
f 60/60/60 78/78/78 76/76/76
f 83/83/83 85/85/85 84/84/84
f 85/85/85 83/83/83 81/81/81
f 86/86/86 88/88/88 87/87/87
f 88/88/88 86/86/86 89/89/89
f 89/89/89 86/86/86 90/90/90
f 60/60/60 77/77/77 66/66/66
f 77/77/77 60/60/60 76/76/76
f 91/91/91 84/84/84 85/85/85
f 92/92/92 89/89/89 90/90/90
f 89/89/89 92/92/92 93/93/93
f 94/94/94 95/95/95 91/91/91
f 91/91/91 96/96/96 94/94/94
f 96/96/96 91/91/91 85/85/85
f 80/80/80 35/35/35 97/97/97
f 34/34/34 60/60/60 56/56/56
f 60/60/60 34/34/34 80/80/80
f 73/73/73 68/68/68 77/77/77
f 68/68/68 73/73/73 69/69/69
f 68/68/68 66/66/66 77/77/77
f 66/66/66 68/68/68 67/67/67
f 84/84/84 95/95/95 98/98/98
f 95/95/95 84/84/84 91/91/91
f 55/55/55 51/51/51 52/52/52
f 98/98/98 75/75/75 76/76/76
f 99/99/99 90/90/90 100/100/100
f 90/90/90 99/99/99 95/95/95
f 92/92/92 95/95/95 101/101/101
f 95/95/95 92/92/92 90/90/90
f 102/102/102 47/47/47 48/48/48
f 103/103/103 23/23/23 104/104/104
f 23/23/23 103/103/103 26/26/26
f 23/23/23 47/47/47 102/102/102
f 93/93/93 88/88/88 89/89/89
f 105/105/105 106/106/106 102/102/102
f 82/82/82 44/44/44 48/48/48
f 44/44/44 82/82/82 43/43/43
f 83/83/83 43/43/43 82/82/82
f 43/43/43 83/83/83 78/78/78
f 83/83/83 98/98/98 78/78/78
f 33/33/33 108/108/108 107/107/107
f 108/108/108 33/33/33 30/30/30
f 109/109/109 73/73/73 100/100/100
f 73/73/73 109/109/109 72/72/72
f 74/74/74 109/109/109 110/110/110
f 109/109/109 74/74/74 72/72/72
f 111/111/111 112/112/112 41/41/41
f 50/50/50 112/112/112 113/113/113
f 112/112/112 50/50/50 41/41/41
f 100/100/100 90/90/90 109/109/109
f 109/109/109 87/87/87 110/110/110
f 87/87/87 109/109/109 86/86/86
f 49/49/49 50/50/50 53/53/53
f 52/52/52 50/50/50 113/113/113
f 53/53/53 50/50/50 52/52/52
f 112/112/112 36/36/36 37/37/37
f 36/36/36 112/112/112 114/114/114
f 113/113/113 37/37/37 55/55/55
f 37/37/37 113/113/113 112/112/112
f 52/52/52 113/113/113 55/55/55
f 35/35/35 116/116/116 115/115/115
f 116/116/116 35/35/35 117/117/117
f 48/48/48 46/46/46 82/82/82
f 106/106/106 104/104/104 102/102/102
f 104/104/104 23/23/23 102/102/102
f 118/118/118 120/120/120 119/119/119
f 120/120/120 118/118/118 121/121/121
f 122/122/122 118/118/118 119/119/119
f 118/118/118 122/122/122 123/123/123
f 36/36/36 30/30/30 121/121/121
f 30/30/30 36/36/36 124/124/124
f 29/29/29 31/31/31 32/32/32
f 31/31/31 29/29/29 27/27/27
f 26/26/26 31/31/31 27/27/27
f 103/103/103 125/125/125 26/26/26
f 61/61/61 31/31/31 126/126/126
f 30/30/30 31/31/31 61/61/61
f 117/117/117 35/35/35 121/121/121
f 120/120/120 30/30/30 62/62/62
f 30/30/30 120/120/120 121/121/121
f 118/118/118 117/117/117 121/121/121
f 118/118/118 116/116/116 117/117/117
f 116/116/116 118/118/118 123/123/123
f 48/48/48 105/105/105 102/102/102
f 105/105/105 48/48/48 44/44/44
f 23/23/23 127/127/127 47/47/47
f 127/127/127 23/23/23 24/24/24
f 128/128/128 127/127/127 129/129/129
f 127/127/127 128/128/128 47/47/47
f 128/128/128 130/130/130 81/81/81
f 131/131/131 130/130/130 128/128/128
f 130/130/130 85/85/85 81/81/81
f 129/129/129 131/131/131 128/128/128
f 128/128/128 46/46/46 47/47/47
f 128/128/128 81/81/81 46/46/46
f 26/26/26 28/28/28 25/25/25
f 28/28/28 26/26/26 27/27/27
f 103/103/103 106/106/106 132/132/132
f 106/106/106 103/103/103 104/104/104
f 133/133/133 105/105/105 134/134/134
f 105/105/105 133/133/133 106/106/106
f 134/134/134 44/44/44 45/45/45
f 44/44/44 134/134/134 105/105/105
f 62/62/62 126/126/126 135/135/135
f 126/126/126 62/62/62 61/61/61
f 103/103/103 136/136/136 125/125/125
f 136/136/136 103/103/103 132/132/132
f 62/62/62 135/135/135 120/120/120
f 137/137/137 139/139/139 138/138/138
f 139/139/139 137/137/137 140/140/140
f 141/141/141 143/143/143 142/142/142
f 144/144/144 146/146/146 145/145/145
f 147/147/147 149/149/149 148/148/148
f 150/150/150 152/152/152 151/151/151
f 153/153/153 155/155/155 154/154/154
f 156/156/156 158/158/158 157/157/157
f 137/137/137 138/138/138 159/159/159
f 160/160/160 162/162/162 161/161/161
f 126/126/126 26/26/26 125/125/125
f 26/26/26 126/126/126 31/31/31
f 135/135/135 125/125/125 136/136/136
f 125/125/125 135/135/135 126/126/126
f 162/162/162 140/140/140 161/161/161
f 140/140/140 162/162/162 139/139/139
f 163/163/163 165/165/165 164/164/164
f 166/166/166 168/168/168 167/167/167
f 116/116/116 123/123/123 134/134/134
f 133/133/133 123/123/123 122/122/122
f 123/123/123 133/133/133 134/134/134
f 169/169/169 171/171/171 170/170/170
f 172/172/172 174/174/174 173/173/173
f 175/175/175 177/177/177 176/176/176
f 178/178/178 180/180/180 179/179/179
f 181/181/181 183/183/183 182/182/182
f 184/184/184 186/186/186 185/185/185
f 187/187/187 189/189/189 188/188/188
f 190/190/190 192/192/192 191/191/191
f 159/159/159 193/193/193 137/137/137
f 140/140/140 193/193/193 194/194/194
f 193/193/193 140/140/140 137/137/137
f 195/195/195 140/140/140 194/194/194
f 140/140/140 195/195/195 161/161/161
f 161/161/161 195/195/195 160/160/160
f 196/196/196 198/198/198 197/197/197
f 199/199/199 201/201/201 200/200/200
f 201/201/201 199/199/199 202/202/202
f 200/200/200 198/198/198 203/203/203
f 198/198/198 200/200/200 201/201/201
f 196/196/196 203/203/203 198/198/198
f 204/204/204 206/206/206 205/205/205
f 207/207/207 209/209/209 208/208/208
f 209/209/209 207/207/207 210/210/210
f 209/209/209 212/212/212 211/211/211
f 212/212/212 209/209/209 206/206/206
f 213/213/213 214/214/214 210/210/210
f 210/210/210 215/215/215 209/209/209
f 215/215/215 210/210/210 214/214/214
f 209/209/209 205/205/205 206/206/206
f 205/205/205 209/209/209 216/216/216
f 217/217/217 218/218/218 205/205/205
f 219/219/219 205/205/205 220/220/220
f 95/95/95 94/94/94 101/101/101
f 109/109/109 90/90/90 86/86/86
f 78/78/78 98/98/98 76/76/76
f 24/24/24 221/221/221 127/127/127
f 127/127/127 222/222/222 129/129/129
f 222/222/222 127/127/127 221/221/221
f 129/129/129 223/223/223 131/131/131
f 223/223/223 129/129/129 222/222/222
f 224/224/224 226/226/226 225/225/225
f 73/73/73 75/75/75 100/100/100
f 75/75/75 99/99/99 100/100/100
f 227/227/227 229/229/229 228/228/228
f 229/229/229 227/227/227 230/230/230
f 5/5/5 230/230/230 227/227/227
f 230/230/230 5/5/5 6/6/6
f 7/7/7 231/231/231 10/10/10
f 231/231/231 7/7/7 232/232/232
f 233/233/233 231/231/231 232/232/232
f 229/229/229 233/233/233 228/228/228
f 233/233/233 229/229/229 234/234/234
f 235/235/235 234/234/234 229/229/229
f 227/227/227 237/237/237 236/236/236
f 237/237/237 227/227/227 228/228/228
f 227/227/227 16/16/16 5/5/5
f 16/16/16 227/227/227 236/236/236
f 232/232/232 17/17/17 238/238/238
f 17/17/17 232/232/232 7/7/7
f 233/233/233 232/232/232 239/239/239
f 228/228/228 239/239/239 237/237/237
f 239/239/239 228/228/228 233/233/233
f 240/240/240 10/10/10 231/231/231
f 10/10/10 240/240/240 21/21/21
f 241/241/241 233/233/233 234/234/234
f 232/232/232 238/238/238 239/239/239
f 240/240/240 233/233/233 241/241/241
f 233/233/233 240/240/240 231/231/231
f 242/242/242 244/244/244 243/243/243
f 244/244/244 242/242/242 245/245/245
f 246/246/246 28/28/28 29/29/29
f 247/247/247 32/32/32 33/33/33
f 32/32/32 247/247/247 248/248/248
f 249/249/249 251/251/251 250/250/250
f 251/251/251 249/249/249 252/252/252
f 253/253/253 40/40/40 254/254/254
f 40/40/40 253/253/253 255/255/255
f 256/256/256 258/258/258 257/257/257
f 258/258/258 256/256/256 259/259/259
f 260/260/260 262/262/262 261/261/261
f 40/40/40 263/263/263 254/254/254
f 263/263/263 40/40/40 49/49/49
f 264/264/264 53/53/53 54/54/54
f 53/53/53 264/264/264 265/265/265
f 249/249/249 267/267/267 266/266/266
f 267/267/267 249/249/249 250/250/250
f 264/264/264 57/57/57 268/268/268
f 57/57/57 264/264/264 54/54/54
f 268/268/268 269/269/269 266/266/266
f 269/269/269 268/268/268 270/270/270
f 271/271/271 247/247/247 272/272/272
f 273/273/273 64/64/64 65/65/65
f 64/64/64 273/273/273 270/270/270
f 57/57/57 270/270/270 268/268/268
f 270/270/270 57/57/57 64/64/64
f 267/267/267 268/268/268 266/266/266
f 268/268/268 267/267/267 264/264/264
f 270/270/270 274/274/274 269/269/269
f 274/274/274 273/273/273 275/275/275
f 273/273/273 274/274/274 270/270/270
f 276/276/276 275/275/275 277/277/277
f 275/275/275 278/278/278 277/277/277
f 278/278/278 275/275/275 273/273/273
f 278/278/278 65/65/65 71/71/71
f 65/65/65 278/278/278 273/273/273
f 279/279/279 277/277/277 278/278/278
f 277/277/277 279/279/279 280/280/280
f 278/278/278 74/74/74 279/279/279
f 74/74/74 278/278/278 71/71/71
f 281/281/281 282/282/282 280/280/280
f 282/282/282 281/281/281 283/283/283
f 284/284/284 285/285/285 259/259/259
f 285/285/285 284/284/284 286/286/286
f 287/287/287 289/289/289 288/288/288
f 289/289/289 287/287/287 260/260/260
f 285/285/285 269/269/269 283/283/283
f 269/269/269 285/285/285 286/286/286
f 288/288/288 290/290/290 287/287/287
f 290/290/290 288/288/288 291/291/291
f 292/292/292 88/88/88 293/293/293
f 88/88/88 292/292/292 87/87/87
f 293/293/293 294/294/294 292/292/292
f 269/269/269 282/282/282 283/283/283
f 282/282/282 269/269/269 274/274/274
f 295/295/295 290/290/290 291/291/291
f 296/296/296 293/293/293 93/93/93
f 293/293/293 296/296/296 294/294/294
f 297/297/297 295/295/295 298/298/298
f 295/295/295 299/299/299 290/290/290
f 299/299/299 295/295/295 297/297/297
f 252/252/252 286/286/286 300/300/300
f 249/249/249 269/269/269 286/286/286
f 269/269/269 249/249/249 266/266/266
f 280/280/280 282/282/282 276/276/276
f 276/276/276 277/277/277 280/280/280
f 276/276/276 274/274/274 275/275/275
f 274/274/274 276/276/276 282/282/282
f 291/291/291 298/298/298 295/295/295
f 298/298/298 291/291/291 301/301/301
f 267/267/267 265/265/265 264/264/264
f 281/281/281 301/301/301 283/283/283
f 301/301/301 294/294/294 298/298/298
f 294/294/294 301/301/301 302/302/302
f 296/296/296 298/298/298 294/294/294
f 298/298/298 296/296/296 303/303/303
f 304/304/304 261/261/261 262/262/262
f 305/305/305 242/242/242 243/243/243
f 242/242/242 305/305/305 306/306/306
f 242/242/242 304/304/304 262/262/262
f 93/93/93 293/293/293 88/88/88
f 307/307/307 304/304/304 308/308/308
f 289/289/289 258/258/258 259/259/259
f 258/258/258 289/289/289 261/261/261
f 288/288/288 259/259/259 285/285/285
f 259/259/259 288/288/288 289/289/289
f 301/301/301 288/288/288 285/285/285
f 33/33/33 309/309/309 247/247/247
f 309/309/309 33/33/33 310/310/310
f 311/311/311 280/280/280 279/279/279
f 280/280/280 311/311/311 302/302/302
f 74/74/74 311/311/311 279/279/279
f 311/311/311 74/74/74 110/110/110
f 312/312/312 254/254/254 313/313/313
f 263/263/263 313/313/313 254/254/254
f 313/313/313 263/263/263 314/314/314
f 302/302/302 311/311/311 294/294/294
f 311/311/311 87/87/87 292/292/292
f 87/87/87 311/311/311 110/110/110
f 49/49/49 53/53/53 263/263/263
f 265/265/265 314/314/314 263/263/263
f 53/53/53 265/265/265 263/263/263
f 313/313/313 251/251/251 315/315/315
f 251/251/251 313/313/313 250/250/250
f 314/314/314 250/250/250 313/313/313
f 250/250/250 314/314/314 267/267/267
f 265/265/265 267/267/267 314/314/314
f 252/252/252 317/317/317 316/316/316
f 317/317/317 252/252/252 318/318/318
f 261/261/261 289/289/289 260/260/260
f 308/308/308 304/304/304 306/306/306
f 306/306/306 304/304/304 242/242/242
f 319/319/319 321/321/321 320/320/320
f 321/321/321 319/319/319 322/322/322
f 323/323/323 319/319/319 324/324/324
f 319/319/319 323/323/323 322/322/322
f 251/251/251 247/247/247 325/325/325
f 247/247/247 251/251/251 320/320/320
f 29/29/29 248/248/248 246/246/246
f 248/248/248 29/29/29 32/32/32
f 243/243/243 246/246/246 248/248/248
f 305/305/305 243/243/243 326/326/326
f 271/271/271 327/327/327 248/248/248
f 247/247/247 271/271/271 248/248/248
f 316/316/316 320/320/320 252/252/252
f 321/321/321 247/247/247 320/320/320
f 247/247/247 321/321/321 272/272/272
f 319/319/319 320/320/320 316/316/316
f 319/319/319 317/317/317 324/324/324
f 317/317/317 319/319/319 316/316/316
f 261/261/261 307/307/307 258/258/258
f 307/307/307 261/261/261 304/304/304
f 242/242/242 328/328/328 245/245/245
f 328/328/328 242/242/242 262/262/262
f 329/329/329 328/328/328 262/262/262
f 328/328/328 329/329/329 330/330/330
f 329/329/329 287/287/287 331/331/331
f 332/332/332 329/329/329 331/331/331
f 331/331/331 287/287/287 290/290/290
f 330/330/330 329/329/329 332/332/332
f 329/329/329 262/262/262 260/260/260
f 329/329/329 260/260/260 287/287/287
f 243/243/243 28/28/28 246/246/246
f 28/28/28 243/243/243 244/244/244
f 305/305/305 308/308/308 306/306/306
f 308/308/308 305/305/305 333/333/333
f 334/334/334 307/307/307 308/308/308
f 307/307/307 334/334/334 335/335/335
f 335/335/335 258/258/258 307/307/307
f 258/258/258 335/335/335 257/257/257
f 272/272/272 327/327/327 271/271/271
f 327/327/327 272/272/272 336/336/336
f 305/305/305 337/337/337 333/333/333
f 337/337/337 305/305/305 326/326/326
f 272/272/272 321/321/321 336/336/336
f 338/338/338 340/340/340 339/339/339
f 340/340/340 338/338/338 341/341/341
f 342/342/342 344/344/344 343/343/343
f 345/345/345 347/347/347 346/346/346
f 348/348/348 350/350/350 349/349/349
f 351/351/351 353/353/353 352/352/352
f 354/354/354 356/356/356 355/355/355
f 357/357/357 359/359/359 358/358/358
f 338/338/338 360/360/360 341/341/341
f 361/361/361 363/363/363 362/362/362
f 327/327/327 243/243/243 248/248/248
f 243/243/243 327/327/327 326/326/326
f 336/336/336 326/326/326 327/327/327
f 326/326/326 336/336/336 337/337/337
f 362/362/362 339/339/339 340/340/340
f 339/339/339 362/362/362 363/363/363
f 364/364/364 366/366/366 365/365/365
f 367/367/367 369/369/369 368/368/368
f 317/317/317 335/335/335 324/324/324
f 334/334/334 324/324/324 335/335/335
f 324/324/324 334/334/334 323/323/323
f 370/370/370 372/372/372 371/371/371
f 373/373/373 375/375/375 374/374/374
f 376/376/376 378/378/378 377/377/377
f 379/379/379 381/381/381 380/380/380
f 382/382/382 384/384/384 383/383/383
f 385/385/385 387/387/387 386/386/386
f 388/388/388 390/390/390 389/389/389
f 391/391/391 393/393/393 392/392/392
f 360/360/360 338/338/338 394/394/394
f 339/339/339 394/394/394 338/338/338
f 394/394/394 339/339/339 395/395/395
f 396/396/396 339/339/339 363/363/363
f 339/339/339 396/396/396 395/395/395
f 363/363/363 361/361/361 396/396/396
f 397/397/397 399/399/399 398/398/398
f 199/199/199 400/400/400 202/202/202
f 400/400/400 199/199/199 401/401/401
f 401/401/401 398/398/398 400/400/400
f 398/398/398 401/401/401 402/402/402
f 397/397/397 398/398/398 402/402/402
f 403/403/403 405/405/405 404/404/404
f 406/406/406 408/408/408 407/407/407
f 408/408/408 406/406/406 409/409/409
f 408/408/408 410/410/410 404/404/404
f 410/410/410 408/408/408 411/411/411
f 412/412/412 407/407/407 413/413/413
f 407/407/407 414/414/414 413/413/413
f 414/414/414 407/407/407 408/408/408
f 408/408/408 405/405/405 415/415/415
f 405/405/405 408/408/408 404/404/404
f 416/416/416 405/405/405 417/417/417
f 418/418/418 419/419/419 405/405/405
f 298/298/298 303/303/303 297/297/297
f 311/311/311 292/292/292 294/294/294
f 285/285/285 283/283/283 301/301/301
f 245/245/245 328/328/328 420/420/420
f 328/328/328 421/421/421 420/420/420
f 421/421/421 328/328/328 330/330/330
f 330/330/330 422/422/422 421/421/421
f 422/422/422 330/330/330 332/332/332
f 423/423/423 425/425/425 424/424/424
f 280/280/280 302/302/302 281/281/281
f 281/281/281 302/302/302 426/426/426
f 286/286/286 252/252/252 249/249/249
f 252/252/252 320/320/320 251/251/251
f 121/121/121 35/35/35 36/36/36
f 35/35/35 80/80/80 34/34/34
f 288/288/288 301/301/301 291/291/291
f 98/98/98 83/83/83 84/84/84

g DK_body
# texture: DK_body.JPG
v 3.79536 5.604775 2.642788
v 3.043391 4.474337 3.893425
v 4.433759 5.464096 3.228351
v 5.165586 6.554299 1.464762
v 4.614845 6.66883 0.97225
v -1.272544 3.047537 3.98836
v -1.47095 4.216743 3.048875
v -2.347244 3.059938 3.47666
v -2.362798 -0.215401 4.236297
v -0.875221 1.681026 4.730958
v -3.199921 1.707926 3.624259
v -4.256198 -0.182001 2.281697
v -0.714977 5.796187 1.499361
v -1.47095 4.216743 3.048875
v 1.508304 4.686069 3.715438
v 1.834988 5.999295 2.281223
v 2.680857 2.988253 4.598485
v 1.18791 3.014887 4.770813
v 3.666901 0.148 3.3898
v 4.733604 1.78196 2.049217
v 1.573101 -0.198 4.752698
v 2.907901 6.566785 1.249268
v 0.86184 6.460375 0.998269
v -0.018727 6.147237 1.371078
v 5.937387 6.306699 -0.374538
v 4.421641 6.877059 -0.877915
v 4.614845 6.66883 0.97225
v 5.165586 6.554299 1.464762
v 5.211748 5.089367 -1.911429
v 6.254023 4.433538 -0.949154
v 3.40187 7.175463 0.404038
v 3.40187 7.175463 0.404038
v 2.132825 7.737836 0.081102
v 2.757889 7.883794 -1.043789
v 2.132825 7.737836 0.081102
v 2.757889 7.883794 -1.043789
v 3.170598 7.068654 -1.905486
v 1.390178 6.927164 -2.894933
v 1.140723 7.713928 -2.353899
v 3.699773 5.231 -2.722729
v 2.757889 7.883794 -1.043789
v 4.036388 3.316807 -3.099549
v 1.74636 3.544891 -3.725407
v 1.677165 5.171474 -3.540449
v 5.193141 3.246731 -2.379177
v 2.510802 0.371599 -2.369298
v 4.041602 0.393598 -1.323698
v 5.873865 3.160069 -1.130285
v 5.442701 0.694299 1.012901
v 6.275403 3.084396 -0.630356
v 5.634251 1.923862 0.13615
v 4.733604 1.78196 2.049217
v 3.666901 0.148 3.3898
v 4.3759 0.255199 2.5534
v -1.272544 3.047537 3.98836
v -0.875221 1.681026 4.730958
v -2.362798 -0.215401 4.236297
v -0.520298 -0.3156 5.135497
v 1.086855 1.78736 5.262493
v 2.562172 1.965058 4.808824
v 3.802085 3.47845 4.146096
v 3.778225 2.965656 4.182136
v 4.109302 1.95008 3.345495
v 4.978447 3.6955 1.654667
v 4.978447 3.6955 1.654667
v -4.448842 5.699979 -1.282212
v -5.308342 5.576601 -1.409849
v -4.966911 4.566939 0.079826
v -3.613936 7.057645 -3.033787
v -4.51064 6.866885 -2.998091
v -3.857197 4.748073 1.160939
v -0.714977 5.796187 1.499361
v -2.925313 6.054296 0.014923
v -5.313645 3.080656 0.792386
v -4.505892 3.080691 2.060014
v -3.211397 0.269297 -3.7109
v -4.646197 -0.088402 -1.667801
v -4.651498 1.890464 -2.418981
v -1.048827 6.159137 0.880678
v -1.309061 6.485475 -0.03523
v -2.817547 6.786123 -1.519582
v -3.613936 7.057645 -3.033787
v -2.011338 7.131177 -3.998271
v -3.96134 6.683786 -4.922791
v -4.51064 6.866885 -2.998091
v -1.816554 5.17057 -5.257528
v -3.232679 4.543142 -5.465653
v -2.376755 7.392992 -2.395058
v -2.376755 7.392992 -2.395058
v -1.374176 7.778439 -1.588596
v -1.374176 7.778439 -1.588596
v -0.892312 7.925996 -2.781588
v -0.497403 7.111055 -3.651785
v -0.892312 7.925996 -2.781588
v 1.140723 7.713928 -2.353899
v -0.231227 5.276401 -4.594228
v -0.892312 7.925996 -2.781588
v -0.186913 3.365609 -5.110248
v -1.476359 3.323734 -5.554477
v 1.515202 0.438098 -3.931798
v -0.769997 0.803898 -5.400599
v -2.876437 3.261171 -5.296184
v -3.518899 3.1976 -5.293355
v -3.731551 2.032066 -4.322849
v -4.651498 1.890464 -2.418981
v -2.350997 0.373798 -4.390999
v -3.211397 0.269297 -3.7109
v -5.097597 -0.234901 0.410098
v -4.847047 1.855963 2.437395
v -5.42143 2.057261 1.007924
v -5.659918 3.587853 -0.358701
v -5.682577 3.074959 -0.322063
v -5.261001 2.058284 -1.115605
v -4.463554 3.804604 -2.840632
v -4.463554 3.804604 -2.840632
v -0.511008 6.085244 1.076605
v -0.511008 6.085244 1.076605
v -0.875221 1.681026 4.730958
v -5.466442 3.583171 -0.449879
v -5.079142 5.519812 -1.36637
v -6.619041 4.627183 -1.463493
v -5.390241 6.789585 -3.053792
v -7.140141 5.278185 -3.560993
v -5.933841 5.698586 -5.517492
v -4.785041 6.610886 -5.028092
v -7.260242 2.886784 -2.241795
v -6.257142 3.046183 -1.210794
v -7.602442 3.144285 -4.076795
v -6.507341 3.816186 -5.862394
v -5.064741 4.777986 -6.020093
v -3.158665 4.482729 -5.382155
v -4.29854 6.785085 -2.958792
v -3.68554 6.650986 -4.735992
vn -0.111614 0.827529 0.550216
vn 0.046342 0.541772 0.839247
vn 0.455791 0.542195 0.705889
vn 0.549706 0.710207 0.439805
vn 0.129861 0.953255 0.272839
vn -0.327171 0.463935 0.823239
vn -0.322456 0.644879 0.692931
vn -0.423979 0.465046 0.777157
vn -0.537537 0.033902 0.842558
vn -0.34365 0.232932 0.909751
vn -0.574081 0.129245 0.808533
vn -0.863026 0.128604 0.488515
vn -0.267318 0.769488 0.580025
vn -0.322456 0.644879 0.692931
vn -0.115357 0.645328 0.755146
vn -0.090587 0.824161 0.559064
vn 0.191274 0.286538 0.938781
vn -0.057385 0.441186 0.895579
vn 0.538402 0.297301 0.788502
vn 0.875871 -0.077021 0.47636
vn 0.3643 -0.1426 0.9203
vn -0.021065 0.845559 0.533467
vn 0.121929 0.555778 0.82234
vn -0.250065 0.669888 0.699083
vn 0.821177 0.561284 -0.103097
vn 0.48315 0.827388 -0.286349
vn 0.129861 0.953255 0.272839
vn 0.549706 0.710207 0.439805
vn 0.594146 0.346575 -0.725862
vn 0.978976 0.100819 -0.177317
vn 0.211714 0.90043 0.380004
vn 0.211714 0.90043 0.380004
vn 0.583218 0.441369 0.681946
vn 0.633519 0.761002 -0.13975
vn 0.583218 0.441369 0.681946
vn 0.633519 0.761002 -0.13975
vn 0.419094 0.631702 -0.652161
vn 0.372965 0.516401 -0.770862
vn 0.388898 0.446281 -0.805973
vn 0.409994 0.355566 -0.839927
vn 0.633519 0.761002 -0.13975
vn 0.424561 -0.101068 -0.899741
vn 0.448494 -0.058498 -0.89187
vn 0.41324 0.297187 -0.860763
vn 0.671924 -0.17937 -0.718572
vn 0.551184 -0.271792 -0.788876
vn 0.643109 -0.489607 -0.588808
vn 0.773439 -0.367678 -0.516338
vn 0.938158 0.074097 0.338185
vn 0.950829 -0.290826 -0.106514
vn 0.95386 -0.080838 0.289166
vn 0.875871 -0.077021 0.47636
vn 0.538402 0.297301 0.788502
vn 0.797393 0.0448 0.601795
vn -0.327171 0.463935 0.823239
vn -0.34365 0.232932 0.909751
vn -0.537537 0.033902 0.842558
vn -0.1979 0.032 0.9797
vn 0.064327 0.087956 0.994045
vn 0.414476 -0.068359 0.907489
vn 0.59958 0.1495 0.786227
vn 0.68494 -0.06866 0.725357
vn 0.805316 -0.310229 0.505197
vn 0.903442 -0.033755 0.427381
vn 0.903442 -0.033755 0.427381
vn -0.351965 0.802021 0.482579
vn -0.838193 0.53182 0.120828
vn -0.670386 0.550002 0.498077
vn -0.260152 0.95933 0.109573
vn -0.703608 0.709608 0.037301
vn -0.501266 0.649743 0.57146
vn -0.267318 0.769488 0.580025
vn -0.375407 0.805704 0.458161
vn -0.843797 0.298447 0.446022
vn -0.650703 0.447998 0.613093
vn -0.675012 -0.011801 -0.737713
vn -0.908987 -0.190598 -0.370695
vn -0.871068 -0.137068 -0.471649
vn -0.368055 0.669555 0.64516
vn -0.666999 0.604565 0.435447
vn -0.373579 0.836329 0.40124
vn -0.260152 0.95933 0.109573
vn 0.024237 0.826228 -0.562815
vn -0.50798 0.52928 -0.679573
vn -0.703608 0.709608 0.037301
vn 0.211355 0.330609 -0.919797
vn -0.440285 0.050117 -0.896459
vn -0.328689 0.938326 0.107278
vn -0.328689 0.938326 0.107278
vn -0.879596 0.475722 -0.000545
vn -0.879596 0.475722 -0.000545
vn -0.248363 0.790608 -0.559692
vn 0.288782 0.625125 -0.725137
vn -0.248363 0.790608 -0.559692
vn 0.388898 0.446281 -0.805973
vn 0.400219 0.355686 -0.844578
vn -0.248363 0.790608 -0.559692
vn 0.434931 0.040445 -0.899555
vn 0.12677 0.026222 -0.991586
vn 0.751275 0.204893 -0.627379
vn 0.157895 -0.089797 -0.983365
vn -0.160964 -0.276306 -0.947494
vn -0.522027 -0.273819 -0.807782
vn -0.73107 -0.365301 -0.576275
vn -0.871068 -0.137068 -0.471649
vn -0.551089 -0.337193 -0.763284
vn -0.675012 -0.011801 -0.737713
vn -0.985723 -0.136703 0.098302
vn -0.752336 -0.056233 0.656375
vn -0.967956 -0.035138 0.248648
vn -0.985316 0.167793 0.031604
vn -0.996409 -0.042996 -0.072945
vn -0.930995 -0.131449 -0.340544
vn -0.90853 -0.040621 -0.415841
vn -0.90853 -0.040621 -0.415841
vn -0.335417 0.608119 0.719504
vn -0.335417 0.608119 0.719504
vn -0.34365 0.232932 0.909751
vn -0.573001 0.184963 0.79841
vn -0.372082 0.63937 0.672876
vn -0.711186 0.358393 0.604788
vn -0.353899 0.913099 0.202501
vn -0.869832 0.493318 -0.0054
vn -0.423787 0.582183 -0.693879
vn -0.087302 0.783823 -0.614817
vn -0.906698 0.1594 0.390499
vn -0.709611 -0.050101 0.70281
vn -0.964112 0.252903 -0.080801
vn -0.728312 0.314505 -0.608809
vn 0.121894 0.561774 -0.818261
vn 0.250256 0.428891 -0.868
vn -0.0189 0.978411 0.205803
vn 0.1401 0.7622 -0.631999
vt 0.8172 0.6535
vt 0.817 0.4979
vt 0.8748 0.6147
vt 0.9294 0.815
vt 0.8154 0.8278
vt 0.537 0.33
vt 0.5192 0.4651
vt 0.4805 0.3458
vt 0.6057 0.0151
vt 0.6005 0.2067
vt 0.4355 0.2071
vt 0.4307 0.0155
vt 0.5186 0.6282
vt 0.5186 0.4651
vt 0.7119 0.517
vt 0.6932 0.6499
vt 0.8164 0.3458
vt 0.7237 0.3458
vt 0.9814 0.027
vt 0.9848 0.2134
vt 0.8813 0.0145
vt 0.7224 0.7999
vt 0.5968 0.7677
vt 0.5558 0.6651
vt 1.8693 0.6739
vt 1.7232 0.732
vt 1.8161 0.836
vt 1.9368 0.8209
vt 1.7309 0.5605
vt 1.8673 0.5311
vt 0.7386 0.8697
vt 1.7321 0.8576
vt 0.6323 0.8964
vt 1.609 0.8119
vt 1.6053 0.868
vt 1.6092 0.8116
vt 1.6081 0.7246
vt 1.4914 0.7464
vt 1.4914 0.8128
vt 1.6329 0.5656
vt 1.6102 0.8114
vt 1.6435 0.358
vt 1.4914 0.3795
vt 1.4914 0.5564
vt 1.7316 0.3517
vt 1.4914 0.0321
vt 1.6094 0.0376
vt 1.8253 0.342
vt 1.7817 0.0728
vt 1.8646 0.3384
vt 1.8748 0.2054
vt 1.9681 0.1923
vt 1.9743 0.0207
vt 1.8951 0.0223
vt 0.5573 0.3458
vt 0.6023 0.2071
vt 0.6071 0.0155
vt 0.7395 0.0089
vt 0.7323 0.2206
vt 0.8161 0.2416
vt 0.8752 0.3979
vt 0.8752 0.3458
vt 0.9077 0.2627
vt 0.96 0.4231
vt 1.9612 0.3951
vt 0.2206 0.6535
vt 0.163 0.6147
vt 0.2208 0.4979
vt 0.2224 0.8278
vt 0.1084 0.815
vt 0.326 0.517
vt 0.5192 0.6282
vt 0.3446 0.6499
vt 0.2214 0.3458
vt 0.3141 0.3458
vt 0.0564 0.027
vt 0.1565 0.0145
vt 0.053 0.2134
vt 0.482 0.6651
vt 0.441 0.7677
vt 0.3154 0.7999
vt 1.8161 0.836
vt 1.7232 0.732
vt 1.8693 0.6739
vt 1.9368 0.8209
vt 1.7309 0.5605
vt 1.8673 0.5311
vt 0.2992 0.8697
vt 1.7321 0.8576
vt 0.4055 0.8964
vt 1.6051 0.8681
vt 1.6096 0.8116
vt 1.6081 0.7246
vt 1.6096 0.8117
vt 1.4913 0.8128
vt 1.6329 0.5656
vt 1.6094 0.8116
vt 1.6435 0.358
vt 1.7316 0.3517
vt 1.6094 0.0376
vt 1.7817 0.0728
vt 1.8253 0.342
vt 1.8646 0.3384
vt 1.8748 0.2054
vt 1.9681 0.1923
vt 1.8951 0.0223
vt 1.9743 0.0207
vt 0.2883 0.0089
vt 0.3055 0.2206
vt 0.2217 0.2416
vt 0.1626 0.3979
vt 0.1626 0.3458
vt 0.1301 0.2627
vt 0.0778 0.4231
vt 1.9612 0.3951
vt 0.5186 0.6583
vt 0.5192 0.6583
vt 0.5684 0.1809
vt 0.8795 0.6047
vt 0.7025 0.5159
vt 0.7614 0.3952
vt 0.606 0.2937
vt 0.7302 0.2766
vt 0.7478 0.1537
vt 0.6694 0.1223
vt 0.8798 0.4243
vt 0.8798 0.4876
vt 0.8798 0.2573
vt 0.8798 0.1365
vt 0.8799 0.0771
vt 0.8607 0.0307
vt 0.4676 0.3472
vt 0.5758 0.0645
f 427/427/427 429/429/429 428/428/428
f 429/429/429 431/431/431 430/430/430
f 431/431/431 429/429/429 427/427/427
f 432/432/432 434/434/434 433/433/433
f 435/435/435 437/437/437 436/436/436
f 437/437/437 435/435/435 438/438/438
f 439/439/439 441/441/441 440/440/440
f 441/441/441 439/439/439 442/442/442
f 443/443/443 441/441/441 428/428/428
f 441/441/441 443/443/443 444/444/444
f 445/445/445 447/447/447 446/446/446
f 448/448/448 450/450/450 449/449/449
f 450/450/450 448/448/448 442/442/442
f 451/451/451 453/453/453 452/452/452
f 453/453/453 451/451/451 454/454/454
f 455/455/455 451/451/451 452/452/452
f 451/451/451 455/455/455 456/456/456
f 448/448/448 457/457/457 431/431/431
f 452/452/452 453/453/453 458/458/458
f 449/449/449 457/457/457 448/448/448
f 457/457/457 449/449/449 459/459/459
f 452/452/452 461/461/461 460/460/460
f 461/461/461 452/452/452 458/458/458
f 462/462/462 464/464/464 463/463/463
f 464/464/464 462/462/462 465/465/465
f 463/463/463 455/455/455 452/452/452
f 455/455/455 463/463/463 466/466/466
f 467/467/467 463/463/463 452/452/452
f 468/468/468 470/470/470 469/469/469
f 470/470/470 468/468/468 466/466/466
f 466/466/466 471/471/471 455/455/455
f 471/471/471 466/466/466 468/468/468
f 472/472/472 468/468/468 469/469/469
f 468/468/468 472/472/472 473/473/473
f 463/463/463 470/470/470 466/466/466
f 470/470/470 463/463/463 464/464/464
f 471/471/471 475/475/475 474/474/474
f 475/475/475 471/471/471 473/473/473
f 473/473/473 471/471/471 468/468/468
f 456/456/456 471/471/471 474/474/474
f 471/471/471 456/456/456 455/455/455
f 474/474/474 476/476/476 456/456/456
f 476/476/476 474/474/474 477/477/477
f 478/478/478 480/480/480 479/479/479
f 480/480/480 478/478/478 477/477/477
f 477/477/477 475/475/475 480/480/480
f 475/475/475 477/477/477 474/474/474
f 441/441/441 481/481/481 440/440/440
f 481/481/481 441/441/441 444/444/444
f 482/482/482 484/484/484 483/483/483
f 484/484/484 482/482/482 485/485/485
f 486/486/486 484/484/484 485/485/485
f 484/484/484 486/486/486 447/447/447
f 450/450/450 442/442/442 439/439/439
f 448/448/448 427/427/427 442/442/442
f 427/427/427 448/448/448 431/431/431
f 427/427/427 441/441/441 442/442/442
f 441/441/441 427/427/427 428/428/428
f 487/487/487 428/428/428 429/429/429
f 487/487/487 443/443/443 428/428/428
f 443/443/443 487/487/487 488/488/488
f 447/447/447 488/488/488 489/489/489
f 488/488/488 447/447/447 486/486/486
f 446/446/446 447/447/447 489/489/489
f 490/490/490 429/429/429 430/430/430
f 491/491/491 454/454/454 451/451/451
f 491/491/491 451/451/451 456/456/456
f 491/491/491 456/456/456 476/476/476
f 491/491/491 476/476/476 477/477/477
f 491/491/491 477/477/477 478/478/478
f 490/490/490 487/487/487 429/429/429
f 490/490/490 488/488/488 487/487/487
f 490/490/490 489/489/489 488/488/488
f 490/490/490 446/446/446 489/489/489
f 492/492/492 494/494/494 493/493/493
f 495/495/495 493/493/493 496/496/496
f 493/493/493 495/495/495 492/492/492
f 497/497/497 498/498/498 433/433/433
f 498/498/498 497/497/497 499/499/499
f 500/500/500 497/497/497 501/501/501
f 497/497/497 500/500/500 494/494/494
f 502/502/502 504/504/504 503/503/503
f 505/505/505 507/507/507 506/506/506
f 507/507/507 505/505/505 499/499/499
f 508/508/508 510/510/510 509/509/509
f 510/510/510 508/508/508 511/511/511
f 510/510/510 512/512/512 509/509/509
f 512/512/512 510/510/510 513/513/513
f 507/507/507 495/495/495 514/514/514
f 509/509/509 515/515/515 508/508/508
f 514/514/514 506/506/506 507/507/507
f 506/506/506 514/514/514 516/516/516
f 517/517/517 509/509/509 518/518/518
f 509/509/509 517/517/517 515/515/515
f 464/464/464 520/520/520 519/519/519
f 520/520/520 464/464/464 521/521/521
f 512/512/512 519/519/519 509/509/509
f 519/519/519 512/512/512 522/522/522
f 523/523/523 509/509/509 519/519/519
f 470/470/470 524/524/524 469/469/469
f 524/524/524 470/470/470 522/522/522
f 525/525/525 522/522/522 512/512/512
f 522/522/522 525/525/525 524/524/524
f 524/524/524 472/472/472 469/469/469
f 472/472/472 524/524/524 526/526/526
f 470/470/470 519/519/519 522/522/522
f 519/519/519 470/470/470 464/464/464
f 527/527/527 525/525/525 528/528/528
f 525/525/525 527/527/527 526/526/526
f 526/526/526 524/524/524 525/525/525
f 525/525/525 513/513/513 528/528/528
f 513/513/513 525/525/525 512/512/512
f 528/528/528 513/513/513 529/529/529
f 529/529/529 530/530/530 528/528/528
f 531/531/531 533/533/533 532/532/532
f 532/532/532 530/530/530 531/531/531
f 530/530/530 532/532/532 527/527/527
f 527/527/527 528/528/528 530/530/530
f 497/497/497 434/434/434 501/501/501
f 434/434/434 497/497/497 433/433/433
f 534/534/534 437/437/437 438/438/438
f 437/437/437 534/534/534 535/535/535
f 534/534/534 536/536/536 535/535/535
f 536/536/536 534/534/534 503/503/503
f 505/505/505 498/498/498 499/499/499
f 492/492/492 507/507/507 499/499/499
f 507/507/507 492/492/492 495/495/495
f 497/497/497 492/492/492 499/499/499
f 492/492/492 497/497/497 494/494/494
f 537/537/537 493/493/493 494/494/494
f 500/500/500 537/537/537 494/494/494
f 537/537/537 500/500/500 538/538/538
f 538/538/538 503/503/503 539/539/539
f 503/503/503 538/538/538 536/536/536
f 504/504/504 539/539/539 503/503/503
f 540/540/540 496/496/496 493/493/493
f 541/541/541 510/510/510 511/511/511
f 541/541/541 513/513/513 510/510/510
f 541/541/541 529/529/529 513/513/513
f 541/541/541 530/530/530 529/529/529
f 541/541/541 531/531/531 530/530/530
f 540/540/540 493/493/493 537/537/537
f 540/540/540 537/537/537 538/538/538
f 540/540/540 538/538/538 539/539/539
f 540/540/540 539/539/539 504/504/504
f 450/450/450 439/439/439 542/542/542
f 505/505/505 543/543/543 498/498/498
f 538/538/538 500/500/500 536/536/536
f 536/536/536 501/501/501 535/535/535
f 501/501/501 536/536/536 500/500/500
f 501/501/501 437/437/437 535/535/535
f 437/437/437 501/501/501 434/434/434
f 437/437/437 432/432/432 544/544/544
f 432/432/432 437/437/437 434/434/434
f 482/482/482 444/444/444 485/485/485
f 444/444/444 482/482/482 481/481/481
f 444/444/444 486/486/486 485/485/485
f 486/486/486 444/444/444 443/443/443
f 443/443/443 488/488/488 486/486/486
f 545/545/545 547/547/547 546/546/546
f 547/547/547 548/548/548 546/546/546
f 548/548/548 547/547/547 549/549/549
f 550/550/550 548/548/548 549/549/549
f 548/548/548 550/550/550 551/551/551
f 547/547/547 553/553/553 552/552/552
f 553/553/553 547/547/547 545/545/545
f 554/554/554 547/547/547 552/552/552
f 547/547/547 554/554/554 549/549/549
f 549/549/549 555/555/555 550/550/550
f 555/555/555 549/549/549 554/554/554
f 556/556/556 550/550/550 555/555/555
f 550/550/550 556/556/556 557/557/557
f 550/550/550 557/557/557 551/551/551
f 548/548/548 558/558/558 546/546/546
f 558/558/558 551/551/551 559/559/559
f 551/551/551 558/558/558 548/548/548
f 551/551/551 557/557/557 559/559/559

g DK_eye
# texture: DK_eye.jpg
v -0.31856 10.90615 2.971621
v -0.31616 10.68985 2.991821
v -0.22776 10.88525 2.957221
v -0.15576 10.82685 2.940321
v -0.11666 10.74265 2.924121
v -0.11826 10.64915 2.911921
v -0.16036 10.56505 2.906221
v -0.23446 10.50685 2.908021
v -0.32596 10.48605 2.917021
v -0.41676 10.50695 2.931421
v -0.48886 10.56525 2.948321
v -0.52796 10.64955 2.964521
v -0.52626 10.74295 2.976721
v -0.48426 10.82715 2.982421
v -0.41016 10.88535 2.980621
v -0.16916 11.05455 2.834421
v -0.33276 11.09215 2.860321
v -0.03926 10.94945 2.803821
v 0.03124 10.79765 2.774721
v 0.02824 10.62915 2.752821
v -0.04756 10.47755 2.742422
v -0.18106 10.37265 2.745721
v -0.34606 10.33535 2.761921
v -0.50956 10.37295 2.787821
v -0.63946 10.47805 2.818421
v -0.70996 10.62985 2.847521
v -0.70696 10.79825 2.869421
v -0.63116 10.94995 2.879821
v -0.49766 11.05485 2.876521
v -0.151759 11.16415 2.647621
v -0.355959 11.21105 2.680021
v 0.01024 11.03305 2.609521
v 0.09804 10.84385 2.573221
v 0.09434 10.63375 2.545922
v -0.00016 10.44465 2.533022
v -0.16666 10.31385 2.537022
v -0.37246 10.26735 2.557221
v -0.57636 10.31425 2.589621
v -0.73826 10.44525 2.627721
v -0.82606 10.63455 2.664021
v -0.82246 10.84455 2.691321
v -0.72796 11.03375 2.704221
v -0.561359 11.16455 2.700221
v 1.30674 10.78575 2.774622
v 1.30294 11.00205 2.754222
v 1.21194 10.98115 2.767122
v 1.13814 10.92275 2.772222
v 1.09604 10.83845 2.768422
v 1.09414 10.74495 2.756422
v 1.13264 10.66085 2.738722
v 1.20404 10.60255 2.718722
v 1.29424 10.58185 2.700522
v 1.38524 10.60285 2.687522
v 1.45904 10.66115 2.682522
v 1.50114 10.74545 2.686322
v 1.50304 10.83895 2.698322
v 1.46454 10.92315 2.716022
v 1.39314 10.98135 2.735922
v 1.11974 11.15015 2.666722
v 1.283741 11.18785 2.643322
v 0.98664 11.04505 2.675822
v 0.91084 10.89315 2.668922
v 0.90734 10.72475 2.647322
v 0.97674 10.57305 2.615422
v 1.10544 10.46815 2.579522
v 1.26794 10.43085 2.546522
v 1.43184 10.46855 2.523222
v 1.56494 10.57365 2.514122
v 1.64074 10.72555 2.521023
v 1.64424 10.89395 2.542623
v 1.57474 11.04565 2.574522
v 1.44614 11.15055 2.610523
v 1.048141 11.25955 2.493122
v 1.252641 11.30645 2.464023
v 0.882241 11.12835 2.504422
v 0.78774 10.93905 2.495822
v 0.78334 10.72895 2.469022
v 0.86994 10.53985 2.429222
v 1.03044 10.40905 2.384322
v 1.23284 10.36255 2.343322
v 1.43744 10.40945 2.314222
v 1.60334 10.54065 2.302922
v 1.69784 10.72995 2.311522
v 1.70224 10.94005 2.338323
v 1.615641 11.12915 2.378123
v 1.455241 11.25995 2.423023
v 0.232044 14.17715 2.470524
v 0.746343 13.45415 3.454823
v 0.588345 14.37365 2.392124
v 1.671443 13.23105 3.211224
v 2.267643 13.18285 2.467925
v 2.171244 13.79125 1.656325
v 1.204743 13.43665 3.399424
v 1.358345 14.19735 2.201925
v 2.582543 12.91605 1.504225
v 2.642244 13.03115 0.668625
v 0.232044 14.17715 2.470524
v -0.152756 14.32965 2.491224
v 0.073343 13.23075 3.365123
v -0.378358 13.15935 3.431423
v -0.888556 13.96905 2.493723
vn 0.119995 0.339387 0.932962
vn 0.126105 -0.130106 0.983448
vn 0.316684 0.294186 0.901757
vn 0.472896 0.167799 0.864993
vn 0.557589 -0.0148 0.829985
vn 0.55398 -0.217293 0.803673
vn 0.46291 -0.399609 0.791219
vn 0.302294 -0.525791 0.795087
vn 0.103994 -0.570675 0.814565
vn -0.0927 -0.525396 0.845793
vn -0.248906 -0.399008 0.882518
vn -0.333607 -0.216503 0.917515
vn -0.329994 -0.013999 0.943879
vn -0.238908 0.168405 0.956328
vn -0.078304 0.294511 0.952435
vn 0.430619 0.629428 0.646829
vn 0.0905 0.707597 0.700797
vn 0.700708 0.410805 0.583307
vn 0.847116 0.095202 0.522811
vn 0.84101 -0.254904 0.477207
vn 0.683473 -0.570279 0.455683
vn 0.405703 -0.788408 0.462405
vn 0.062898 -0.865988 0.496094
vn -0.277298 -0.78779 0.549994
vn -0.547293 -0.569191 0.61359
vn -0.69372 -0.253607 0.674119
vn -0.687575 0.096497 0.719673
vn -0.530088 0.411891 0.741183
vn -0.252388 0.62997 0.734464
vn 0.456504 0.748106 0.481604
vn 0.070204 0.836841 0.542926
vn 0.763134 0.499922 0.409518
vn 0.929409 0.141601 0.340804
vn 0.922429 -0.256009 0.28911
vn 0.743618 -0.614016 0.264608
vn 0.428193 -0.861688 0.272297
vn 0.038797 -0.949754 0.310585
vn -0.347213 -0.860929 0.371813
vn -0.653793 -0.612792 0.443894
vn -0.82003 -0.254508 0.512618
vn -0.813083 0.143098 0.564287
vn -0.634201 0.501102 0.588801
vn -0.318983 0.748661 0.581169
vn 0.168498 -0.1285 0.97729
vn 0.159198 0.340995 0.926487
vn -0.038001 0.295706 0.954523
vn -0.197998 0.169198 0.965489
vn -0.289194 -0.0134 0.957177
vn -0.293399 -0.215899 0.931292
vn -0.209904 -0.398306 0.892912
vn -0.055101 -0.524395 0.849691
vn 0.140099 -0.569303 0.810103
vn 0.337294 -0.523994 0.782089
vn 0.497322 -0.397519 0.771135
vn 0.588506 -0.214903 0.779409
vn 0.592713 -0.012401 0.805319
vn 0.509196 0.169998 0.843694
vn 0.354511 0.296108 0.886928
vn -0.221994 0.630483 0.743781
vn 0.119 0.708799 0.6953
vn -0.498702 0.411802 0.762703
vn -0.656278 0.096097 0.748374
vn -0.663589 -0.254195 0.703587
vn -0.519221 -0.569522 0.637224
vn -0.251598 -0.787591 0.562493
vn 0.086094 -0.865149 0.49407
vn 0.427011 -0.786823 0.445613
vn 0.703658 -0.568167 0.426675
vn 0.861267 -0.252492 0.440984
vn 0.868586 0.097797 0.485793
vn 0.724195 0.413196 0.552097
vn 0.456623 0.631231 0.626932
vn -0.295313 0.748834 0.593327
vn 0.091704 0.837734 0.538323
vn -0.609479 0.500583 0.614779
vn -0.788413 0.142103 0.598509
vn -0.796706 -0.255501 0.547703
vn -0.632738 -0.613636 0.472327
vn -0.329004 -0.861206 0.387402
vn 0.054296 -0.949255 0.309785
vn 0.441519 -0.860339 0.254711
vn 0.755607 -0.612107 0.233202
vn 0.934581 -0.253596 0.249495
vn 0.942883 0.143996 0.300395
vn 0.778924 0.502114 0.375712
vn 0.475119 0.749728 0.460619
vn -0.249407 0.713722 0.654521
vn 0.091202 0.446909 0.889919
vn 0.040199 0.77928 0.625385
vn 0.613328 0.260211 0.745734
vn 0.831623 0.341008 0.438312
vn 0.790898 0.531897 0.3026
vn 0.338194 0.405391 0.849284
vn 0.501511 0.699713 0.508811
vn 0.904884 0.399692 0.146398
vn 0.906389 0.404894 0.120499
vn 0.289095 0.631589 0.719388
vn 0.0038 0.656884 0.753982
vn 0.082597 0.454184 0.887071
vn -0.149393 0.386382 0.91016
vn -0.412998 0.565998 0.713498
vt 0.5 0.7223
vt 0.5 0.5
vt 0.4011 0.7003
vt 0.3217 0.6386
vt 0.2777 0.5495
vt 0.2777 0.4505
vt 0.3217 0.3614
vt 0.4011 0.2997
vt 0.5 0.2777
vt 0.5989 0.2997
vt 0.6783 0.3614
vt 0.7223 0.4505
vt 0.7223 0.5495
vt 0.6783 0.6386
vt 0.5989 0.7003
vt 0.3217 0.8609
vt 0.5 0.9006
vt 0.1788 0.7498
vt 0.0994 0.5891
vt 0.0994 0.4109
vt 0.1788 0.2502
vt 0.3217 0.1391
vt 0.5 0.0994
vt 0.6783 0.1391
vt 0.8212 0.2502
vt 0.9006 0.4109
vt 0.9006 0.5891
vt 0.8212 0.7498
vt 0.6783 0.8609
vt 0.2777 0.95
vt 0.5 0.9995
vt 0.0994 0.8114
vt 0.0005 0.6111
vt 0.0005 0.3889
vt 0.0994 0.1886
vt 0.2777 0.05
vt 0.5 0.0005
vt 0.7223 0.05
vt 0.9006 0.1886
vt 0.9995 0.3889
vt 0.9995 0.6111
vt 0.9006 0.8114
vt 0.7223 0.95
vt 0.5 0.5
vt 0.5 0.7223
vt 0.4011 0.7003
vt 0.3217 0.6386
vt 0.2777 0.5495
vt 0.2777 0.4505
vt 0.3217 0.3614
vt 0.4011 0.2997
vt 0.5 0.2777
vt 0.5989 0.2997
vt 0.6783 0.3614
vt 0.7223 0.4505
vt 0.7223 0.5495
vt 0.6783 0.6386
vt 0.5989 0.7003
vt 0.3217 0.8609
vt 0.5 0.9006
vt 0.1788 0.7498
vt 0.0994 0.5891
vt 0.0994 0.4109
vt 0.1788 0.2502
vt 0.3217 0.1391
vt 0.5 0.0994
vt 0.6783 0.1391
vt 0.8212 0.2502
vt 0.9006 0.4109
vt 0.9006 0.5891
vt 0.8212 0.7498
vt 0.6783 0.8609
vt 0.2777 0.95
vt 0.5 0.9995
vt 0.0994 0.8114
vt 0.0005 0.6111
vt 0.0005 0.3889
vt 0.0994 0.1886
vt 0.2777 0.05
vt 0.5 0.0005
vt 0.7223 0.05
vt 0.9006 0.1886
vt 0.9995 0.3889
vt 0.9995 0.6111
vt 0.9006 0.8114
vt 0.7223 0.95
vt 0.5106 0.9865
vt 0.5109 0.8541
vt 0.6385 0.9881
vt 0.6221 0.7625
vt 0.7418 0.7511
vt 0.8513 0.8419
vt 0.58 0.829
vt 0.7874 0.9518
vt 0.8465 0.6531
vt 0.9909 0.6813
vt 0.5106 0.9865
vt 0.6385 0.9881
vt 0.5109 0.8541
vt 0.58 0.829
vt 0.7874 0.9518
f 560/560/560 562/562/562 561/561/561
f 562/562/562 563/563/563 561/561/561
f 563/563/563 564/564/564 561/561/561
f 564/564/564 565/565/565 561/561/561
f 565/565/565 566/566/566 561/561/561
f 566/566/566 567/567/567 561/561/561
f 567/567/567 568/568/568 561/561/561
f 568/568/568 569/569/569 561/561/561
f 569/569/569 570/570/570 561/561/561
f 570/570/570 571/571/571 561/561/561
f 571/571/571 572/572/572 561/561/561
f 572/572/572 573/573/573 561/561/561
f 573/573/573 574/574/574 561/561/561
f 574/574/574 560/560/560 561/561/561
f 560/560/560 575/575/575 562/562/562
f 575/575/575 560/560/560 576/576/576
f 562/562/562 577/577/577 563/563/563
f 577/577/577 562/562/562 575/575/575
f 563/563/563 578/578/578 564/564/564
f 578/578/578 563/563/563 577/577/577
f 564/564/564 579/579/579 565/565/565
f 579/579/579 564/564/564 578/578/578
f 565/565/565 580/580/580 566/566/566
f 580/580/580 565/565/565 579/579/579
f 566/566/566 581/581/581 567/567/567
f 581/581/581 566/566/566 580/580/580
f 567/567/567 582/582/582 568/568/568
f 582/582/582 567/567/567 581/581/581
f 568/568/568 583/583/583 569/569/569
f 583/583/583 568/568/568 582/582/582
f 569/569/569 584/584/584 570/570/570
f 584/584/584 569/569/569 583/583/583
f 570/570/570 585/585/585 571/571/571
f 585/585/585 570/570/570 584/584/584
f 571/571/571 586/586/586 572/572/572
f 586/586/586 571/571/571 585/585/585
f 572/572/572 587/587/587 573/573/573
f 587/587/587 572/572/572 586/586/586
f 573/573/573 588/588/588 574/574/574
f 588/588/588 573/573/573 587/587/587
f 574/574/574 576/576/576 560/560/560
f 576/576/576 574/574/574 588/588/588
f 576/576/576 589/589/589 575/575/575
f 589/589/589 576/576/576 590/590/590
f 575/575/575 591/591/591 577/577/577
f 591/591/591 575/575/575 589/589/589
f 577/577/577 592/592/592 578/578/578
f 592/592/592 577/577/577 591/591/591
f 578/578/578 593/593/593 579/579/579
f 593/593/593 578/578/578 592/592/592
f 579/579/579 594/594/594 580/580/580
f 594/594/594 579/579/579 593/593/593
f 580/580/580 595/595/595 581/581/581
f 595/595/595 580/580/580 594/594/594
f 581/581/581 596/596/596 582/582/582
f 596/596/596 581/581/581 595/595/595
f 582/582/582 597/597/597 583/583/583
f 597/597/597 582/582/582 596/596/596
f 583/583/583 598/598/598 584/584/584
f 598/598/598 583/583/583 597/597/597
f 584/584/584 599/599/599 585/585/585
f 599/599/599 584/584/584 598/598/598
f 585/585/585 600/600/600 586/586/586
f 600/600/600 585/585/585 599/599/599
f 586/586/586 601/601/601 587/587/587
f 601/601/601 586/586/586 600/600/600
f 587/587/587 602/602/602 588/588/588
f 602/602/602 587/587/587 601/601/601
f 588/588/588 590/590/590 576/576/576
f 590/590/590 588/588/588 602/602/602
f 603/603/603 605/605/605 604/604/604
f 603/603/603 606/606/606 605/605/605
f 603/603/603 607/607/607 606/606/606
f 603/603/603 608/608/608 607/607/607
f 603/603/603 609/609/609 608/608/608
f 603/603/603 610/610/610 609/609/609
f 603/603/603 611/611/611 610/610/610
f 603/603/603 612/612/612 611/611/611
f 603/603/603 613/613/613 612/612/612
f 603/603/603 614/614/614 613/613/613
f 603/603/603 615/615/615 614/614/614
f 603/603/603 616/616/616 615/615/615
f 603/603/603 617/617/617 616/616/616
f 603/603/603 604/604/604 617/617/617
f 618/618/618 604/604/604 605/605/605
f 604/604/604 618/618/618 619/619/619
f 620/620/620 605/605/605 606/606/606
f 605/605/605 620/620/620 618/618/618
f 621/621/621 606/606/606 607/607/607
f 606/606/606 621/621/621 620/620/620
f 622/622/622 607/607/607 608/608/608
f 607/607/607 622/622/622 621/621/621
f 623/623/623 608/608/608 609/609/609
f 608/608/608 623/623/623 622/622/622
f 624/624/624 609/609/609 610/610/610
f 609/609/609 624/624/624 623/623/623
f 625/625/625 610/610/610 611/611/611
f 610/610/610 625/625/625 624/624/624
f 626/626/626 611/611/611 612/612/612
f 611/611/611 626/626/626 625/625/625
f 627/627/627 612/612/612 613/613/613
f 612/612/612 627/627/627 626/626/626
f 628/628/628 613/613/613 614/614/614
f 613/613/613 628/628/628 627/627/627
f 629/629/629 614/614/614 615/615/615
f 614/614/614 629/629/629 628/628/628
f 630/630/630 615/615/615 616/616/616
f 615/615/615 630/630/630 629/629/629
f 631/631/631 616/616/616 617/617/617
f 616/616/616 631/631/631 630/630/630
f 619/619/619 617/617/617 604/604/604
f 617/617/617 619/619/619 631/631/631
f 632/632/632 619/619/619 618/618/618
f 619/619/619 632/632/632 633/633/633
f 634/634/634 618/618/618 620/620/620
f 618/618/618 634/634/634 632/632/632
f 635/635/635 620/620/620 621/621/621
f 620/620/620 635/635/635 634/634/634
f 636/636/636 621/621/621 622/622/622
f 621/621/621 636/636/636 635/635/635
f 637/637/637 622/622/622 623/623/623
f 622/622/622 637/637/637 636/636/636
f 638/638/638 623/623/623 624/624/624
f 623/623/623 638/638/638 637/637/637
f 639/639/639 624/624/624 625/625/625
f 624/624/624 639/639/639 638/638/638
f 640/640/640 625/625/625 626/626/626
f 625/625/625 640/640/640 639/639/639
f 641/641/641 626/626/626 627/627/627
f 626/626/626 641/641/641 640/640/640
f 642/642/642 627/627/627 628/628/628
f 627/627/627 642/642/642 641/641/641
f 643/643/643 628/628/628 629/629/629
f 628/628/628 643/643/643 642/642/642
f 644/644/644 629/629/629 630/630/630
f 629/629/629 644/644/644 643/643/643
f 645/645/645 630/630/630 631/631/631
f 630/630/630 645/645/645 644/644/644
f 633/633/633 631/631/631 619/619/619
f 631/631/631 633/633/633 645/645/645
f 646/646/646 648/648/648 647/647/647
f 649/649/649 651/651/651 650/650/650
f 652/652/652 651/651/651 649/649/649
f 651/651/651 652/652/652 653/653/653
f 648/648/648 652/652/652 647/647/647
f 652/652/652 648/648/648 653/653/653
f 654/654/654 651/651/651 655/655/655
f 650/650/650 651/651/651 654/654/654
f 656/656/656 658/658/658 657/657/657
f 659/659/659 657/657/657 658/658/658
f 657/657/657 659/659/659 660/660/660

g DK_collar
# texture: DK_collar.JPG
v 1.593893 7.035514 1.571192
v 0.179374 6.316993 2.043587
v 0.109244 5.031201 2.847639
v 1.767338 5.934161 2.368014
v 2.649887 7.6188 0.467317
v 3.632107 7.008185 0.596383
v 3.160932 7.974676 -1.15556
v 3.588463 7.304705 -1.046979
v 1.213497 8.085773 -2.590897
v 1.263249 7.22807 -2.716307
v -1.047914 5.924934 2.106624
v -1.517107 4.200406 3.050165
v 1.434064 7.159791 1.304742
v 0.229312 6.437026 1.702273
v 0.179374 6.316993 2.043587
v 1.593893 7.035514 1.571192
v 2.262954 7.611211 0.416416
v 2.649887 7.6188 0.467317
v 2.713679 7.972677 -0.977126
v 3.160932 7.974676 -1.15556
v 1.023104 8.093225 -2.190913
v 1.213497 8.085773 -2.590897
v -0.857327 6.042066 1.709064
v -1.047914 5.924934 2.106624
v 0.229312 6.437026 1.702273
v 1.434064 7.159791 1.304742
v 1.645034 5.232882 1.1048
v 0.382092 4.914744 1.493867
v 2.262954 7.611211 0.416416
v 2.657664 5.695047 0.124783
v 2.713679 7.972677 -0.977126
v 3.211264 5.750365 -1.113528
v 1.023104 8.093225 -2.190913
v 1.170754 5.745881 -2.558033
v -0.857327 6.042066 1.709064
v -0.74899 4.728885 1.449643
v -2.369357 5.059902 1.66764
v -1.765227 6.339491 1.117888
v -2.276509 7.080318 -0.271506
v -3.024963 5.989564 0.086415
v -1.99504 7.766635 -1.776931
v -2.7581 7.276247 -2.505905
v -0.979049 8.077475 -3.152539
v -1.398849 7.466218 -3.458347
v -1.765227 6.339491 1.117888
v -1.529488 6.457325 0.864973
v -1.966638 7.199091 -0.314258
v -2.276509 7.080318 -0.271506
v -1.722841 7.713618 -1.502236
v -1.99504 7.766635 -1.776931
v -0.851125 8.037277 -2.690091
v -0.979049 8.077475 -3.152539
v -1.980666 5.274783 -0.6214
v -1.966638 7.199091 -0.314258
v -1.529488 6.457325 0.864973
v -1.492708 4.936345 0.601266
v -1.849636 5.747049 -2.021119
v -1.722841 7.713618 -1.502236
v -1.236436 5.801667 -3.231029
v -0.851125 8.037277 -2.690091
vn 0.267587 0.584191 0.766236
vn -0.03707 0.531311 0.846365
vn -0.106447 0.528565 0.842193
vn 0.065246 0.599337 0.797834
vn 0.402556 0.73219 0.549407
vn 0.465669 0.731282 0.498376
vn 0.742191 0.491878 -0.455202
vn 0.836026 0.481136 -0.263757
vn 0.428827 0.173172 -0.886633
vn 0.433315 0.154939 -0.887825
vn -0.357911 0.535697 0.764806
vn -0.361885 0.521307 0.772838
vn -0.132611 0.875226 0.465181
vn -0.39763 0.882277 0.25195
vn -0.35177 0.897956 0.264451
vn -0.150684 0.860249 0.4871
vn -0.060718 0.93652 0.345317
vn -0.044747 0.952696 0.300612
vn 0.049798 0.986387 0.156723
vn 0.058193 0.987871 0.143959
vn 0.021926 0.999753 0.003548
vn 0.026629 0.999628 -0.005855
vn -0.110402 0.960529 0.255334
vn -0.101257 0.966449 0.236061
vn -0.222378 0.09803 -0.97002
vn -0.59038 0.019109 -0.8069
vn -0.512872 0.033949 -0.857794
vn -0.161708 0.135315 -0.977518
vn -0.847431 -0.084269 -0.524176
vn -0.821158 -0.101541 -0.561596
vn -0.917569 -0.209789 0.337722
vn -0.945096 -0.221137 0.240606
vn -0.423443 -0.175477 0.888765
vn -0.425514 -0.165904 0.889614
vn 0.425165 0.169986 -0.889011
vn 0.422329 0.209044 -0.882009
vn -0.576537 0.534053 0.618379
vn -0.623553 0.538088 0.567136
vn -0.755075 0.5958 0.27365
vn -0.639705 0.609649 0.468087
vn -0.611922 0.787559 0.072818
vn -0.603803 0.797084 -0.008917
vn -0.059465 0.553369 -0.830811
vn -0.264842 0.559414 -0.785439
vn 0.033337 0.893539 0.447747
vn 0.071679 0.876871 0.475351
vn -0.257771 0.871925 0.416295
vn -0.259138 0.856228 0.446902
vn -0.147111 0.936542 0.318196
vn -0.109962 0.955382 0.274141
vn -0.091815 0.988586 0.119447
vn -0.087132 0.991196 0.099692
vn 0.990542 0.005953 -0.137084
vn 0.999863 -0.004726 -0.015858
vn 0.894863 0.085131 -0.438147
vn 0.863186 0.123421 -0.48957
vn 0.94561 -0.163681 0.281123
vn 0.921871 -0.134526 0.363396
vn 0.415182 -0.27513 0.867137
vn 0.28782 -0.247538 0.92514
vt 0.2913 0.7463
vt 0.1172 0.7463
vt 0.1172 0.008
vt 0.2913 0.008
vt 0.4743 0.7463
vt 0.4743 0.008
vt 0.6886 0.7463
vt 0.6886 0.008
vt 0.9936 0.7463
vt 0.9936 0.008
vt 0.0085 0.7463
vt 0.0085 0.008
vt 0.2913 0.9846
vt 0.1172 0.9846
vt 0.1172 0.7463
vt 0.2913 0.7463
vt 0.4743 0.9846
vt 0.4743 0.7463
vt 0.6886 0.9846
vt 0.6886 0.7463
vt 0.9936 0.9846
vt 0.9936 0.7463
vt 0.0085 0.9846
vt 0.0085 0.7463
vt 0.1172 0.9846
vt 0.2913 0.9846
vt 0.2913 0.008
vt 0.1172 0.008
vt 0.4743 0.9846
vt 0.4743 0.008
vt 0.6886 0.9846
vt 0.6886 0.008
vt 0.9936 0.9846
vt 0.9936 0.008
vt 0.0085 0.9846
vt 0.0085 0.008
vt 0.1172 0.008
vt 0.1172 0.7463
vt 0.2913 0.7463
vt 0.2913 0.008
vt 0.4743 0.7463
vt 0.4743 0.008
vt 0.6886 0.7463
vt 0.6886 0.008
vt 0.1172 0.7463
vt 0.1172 0.9846
vt 0.2913 0.9846
vt 0.2913 0.7463
vt 0.4743 0.9846
vt 0.4743 0.7463
vt 0.6886 0.9846
vt 0.6886 0.7463
vt 0.2913 0.008
vt 0.2913 0.9846
vt 0.1172 0.9846
vt 0.1172 0.008
vt 0.4743 0.008
vt 0.4743 0.9846
vt 0.6886 0.008
vt 0.6886 0.9846
f 661/661/661 663/663/663 662/662/662
f 663/663/663 661/661/661 664/664/664
f 665/665/665 664/664/664 661/661/661
f 664/664/664 665/665/665 666/666/666
f 667/667/667 666/666/666 665/665/665
f 666/666/666 667/667/667 668/668/668
f 669/669/669 668/668/668 667/667/667
f 668/668/668 669/669/669 670/670/670
f 663/663/663 671/671/671 662/662/662
f 671/671/671 663/663/663 672/672/672
f 673/673/673 675/675/675 674/674/674
f 675/675/675 673/673/673 676/676/676
f 677/677/677 676/676/676 673/673/673
f 676/676/676 677/677/677 678/678/678
f 679/679/679 678/678/678 677/677/677
f 678/678/678 679/679/679 680/680/680
f 681/681/681 680/680/680 679/679/679
f 680/680/680 681/681/681 682/682/682
f 675/675/675 683/683/683 674/674/674
f 683/683/683 675/675/675 684/684/684
f 685/685/685 687/687/687 686/686/686
f 687/687/687 685/685/685 688/688/688
f 689/689/689 687/687/687 690/690/690
f 687/687/687 689/689/689 686/686/686
f 691/691/691 690/690/690 692/692/692
f 690/690/690 691/691/691 689/689/689
f 693/693/693 692/692/692 694/694/694
f 692/692/692 693/693/693 691/691/691
f 695/695/695 688/688/688 685/685/685
f 688/688/688 695/695/695 696/696/696
f 697/697/697 699/699/699 698/698/698
f 699/699/699 697/697/697 700/700/700
f 700/700/700 701/701/701 699/699/699
f 701/701/701 700/700/700 702/702/702
f 702/702/702 703/703/703 701/701/701
f 703/703/703 702/702/702 704/704/704
f 704/704/704 669/669/669 703/703/703
f 669/669/669 704/704/704 670/670/670
f 671/671/671 697/697/697 698/698/698
f 697/697/697 671/671/671 672/672/672
f 705/705/705 707/707/707 706/706/706
f 707/707/707 705/705/705 708/708/708
f 708/708/708 709/709/709 707/707/707
f 709/709/709 708/708/708 710/710/710
f 710/710/710 711/711/711 709/709/709
f 711/711/711 710/710/710 712/712/712
f 712/712/712 681/681/681 711/711/711
f 681/681/681 712/712/712 682/682/682
f 683/683/683 705/705/705 706/706/706
f 705/705/705 683/683/683 684/684/684
f 713/713/713 715/715/715 714/714/714
f 715/715/715 713/713/713 716/716/716
f 713/713/713 718/718/718 717/717/717
f 718/718/718 713/713/713 714/714/714
f 717/717/717 720/720/720 719/719/719
f 720/720/720 717/717/717 718/718/718
f 719/719/719 693/693/693 694/694/694
f 693/693/693 719/719/719 720/720/720
f 716/716/716 695/695/695 715/715/715
f 695/695/695 716/716/716 696/696/696

g DK_arms
# texture: DK_arms.JPG
v 4.733604 1.78196 2.049217
v 5.703583 1.342398 1.590459
v 5.515183 1.569397 3.212159
v 4.960683 2.359597 3.04916
v 7.356581 -1.382205 3.824058
v 7.483482 -1.742304 2.142358
v 5.472085 4.701897 3.658161
v 4.151741 5.302491 3.033466
v 3.828541 3.323325 3.884762
v 6.729683 1.990696 3.84396
v 8.089085 2.681696 2.614161
v 7.683385 4.174897 2.545861
v 6.109284 3.375996 4.036261
v 8.359383 -0.713605 4.362159
v 9.914982 -0.189505 3.13696
v 8.963682 -0.981604 0.502259
v 7.483482 -1.742304 2.142358
v 5.703583 1.342398 1.590459
v 7.196984 1.758598 -0.246541
v 8.158884 3.142097 0.503261
v 7.974085 4.162798 0.208961
v 6.716686 5.864697 2.247662
v 5.466687 6.420098 1.711162
v 7.211586 5.551299 0.087662
v 6.238087 6.060399 -0.065738
v 4.916484 3.301697 3.60596
v 4.733604 1.78196 2.049217
v 5.754451 1.922462 0.193349
v 6.008151 4.437874 -0.869692
v 6.028179 3.174312 -0.571001
v 6.245414 2.063004 0.222741
v 4.155877 2.167562 3.333555
v 10.11978 -0.227004 1.150159
v 4.776586 6.353099 1.248862
v 5.640986 6.084399 -0.408238
v -4.654298 1.890464 -2.420281
v -4.785641 2.632583 -1.640895
v -5.180242 1.764183 -1.861195
v -4.279741 1.682084 -3.239295
v -6.448143 -1.443317 -2.529898
v -5.441142 -1.642416 -3.915498
v -5.944941 4.812984 -1.495693
v -5.479461 3.430827 -0.546638
v -4.985062 5.408095 -1.316532
v -6.572842 1.955983 -2.135795
v -6.447341 3.383383 -1.599494
v -6.860241 4.118285 -3.750494
v -6.965241 2.585784 -3.948895
v -7.661542 -0.970417 -2.744698
v -8.179342 -0.531316 -4.677298
v -5.682742 -0.917615 -6.123698
v -4.351941 2.085685 -5.607796
v -4.279741 1.682084 -3.239295
v -5.441142 -1.642416 -3.915498
v -5.629741 4.308086 -5.749394
v -5.784342 3.247185 -5.634295
v -4.890841 6.702785 -2.993092
v -6.215541 5.941585 -3.378192
v -5.20114 5.789386 -5.367292
v -4.370941 6.404186 -4.869892
v -5.186341 3.516183 -1.151494
v -5.479461 3.430827 -0.546638
v -3.854652 2.033566 -4.381448
v -4.654298 1.890464 -2.420281
v -3.142051 4.543577 -5.225991
v -3.410223 3.283417 -5.0646
v -4.157941 3.118285 -5.267095
v -5.279726 2.276567 -1.158644
v -7.096143 -0.391214 -6.349898
v -4.06004 6.700485 -2.929391
v -3.69384 6.480686 -4.768792
vn -0.404882 -0.900103 0.160891
vn -0.607334 -0.73954 -0.290217
vn -0.673492 -0.422295 0.606692
vn -0.171506 -0.566917 0.805724
vn -0.763489 -0.346195 0.545192
vn -0.777697 -0.513597 -0.362499
vn 0.115802 0.458705 0.881011
vn -0.099638 0.65478 0.749223
vn 0.168644 -0.116079 0.978818
vn 0.0522 0.0803 0.995403
vn 0.770768 0.398783 0.49688
vn 0.792738 0.382118 0.474923
vn 0.108105 0.061302 0.992248
vn 0.037201 0.214905 0.975926
vn 0.711265 0.521174 0.471677
vn -0.064698 -0.244591 -0.967466
vn -0.777697 -0.513597 -0.362499
vn -0.607334 -0.73954 -0.290217
vn -0.138197 -0.021299 -0.990176
vn 0.822282 0.186396 -0.537688
vn 0.850761 0.193391 -0.488677
vn 0.516196 0.745293 0.421997
vn 0.060001 0.966513 0.249504
vn 0.674883 0.598984 -0.430988
vn 0.391616 0.800032 -0.454518
vn 0.004099 -0.312684 0.949848
vn -0.404882 -0.900103 0.160891
vn -0.164558 -0.715367 -0.679096
vn 0.445961 0.079899 -0.891479
vn 0.394693 -0.342855 -0.852448
vn 0.0385 0.16824 -0.984994
vn 0.413771 -0.503588 0.758415
vn 0.798166 0.373884 -0.472379
vn -0.1331 0.988005 0.078301
vn 0.339882 0.771058 -0.53847
vn 0.672723 -0.56721 0.475097
vn -0.935312 -0.125802 0.330704
vn 0.295593 -0.347992 0.889678
vn 0.928524 -0.223706 0.296308
vn 0.307299 -0.294499 0.904897
vn 0.90878 -0.360292 0.210495
vn -0.716545 0.382924 0.583037
vn -0.947314 -0.320305 0.001001
vn -0.483289 0.631818 0.606001
vn -0.672984 -0.0316 0.738982
vn -0.710334 -0.056003 0.701633
vn -0.96569 0.224298 -0.130899
vn -0.966098 0.2373 -0.1017
vn -0.670294 0.101699 0.735094
vn -0.926988 0.365495 -0.084299
vn 0.694296 -0.130299 -0.707796
vn 0.676331 -0.103904 -0.729233
vn 0.928524 -0.223706 0.296308
vn 0.90878 -0.360292 0.210495
vn -0.372992 0.138897 -0.917379
vn -0.367692 0.142398 -0.918981
vn -0.283098 0.939594 0.1924
vn -0.768003 0.640403 0.007501
vn -0.319992 0.552587 -0.76958
vn -0.085001 0.784007 -0.614905
vn -0.863828 -0.465515 0.192606
vn -0.846154 0.006325 -0.532901
vn 0.583118 -0.753751 -0.303039
vn 0.672723 -0.56721 0.475097
vn 0.227071 0.059856 -0.972037
vn 0.303154 -0.291038 -0.907411
vn 0.431989 0.152597 -0.888876
vn -0.769448 0.258216 -0.584188
vn -0.379493 0.308395 -0.872283
vn -0.024299 0.98478 0.172097
vn 0.021799 0.721975 -0.691575
vt 0.4675 0.9278
vt 0.3731 0.9277
vt 0.372 0.7895
vt 0.491 0.8521
vt 0.0794 0.7954
vt 0.0695 0.9333
vt 0.7065 0.7443
vt 0.8371 0.779
vt 0.6692 0.882
vt 0.3502 0.6825
vt 0.3462 0.5329
vt 0.4969 0.5375
vt 0.4902 0.7049
vt 0.0883 0.6922
vt 0.0713 0.518
vt 0.0568 0.2637
vt 0.0288 0.0996
vt 0.3318 0.1011
vt 0.3176 0.25
vt 0.4164 0.3747
vt 0.5267 0.3476
vt 0.7007 0.535
vt 0.8014 0.5367
vt 0.6798 0.332
vt 0.8081 0.3052
vt 0.6036 0.8171
vt 0.4435 0.1093
vt 0.4402 0.179
vt 0.6928 0.1999
vt 0.5542 0.195
vt 0.4413 0.2293
vt 0.5949 0.916
vt 0.0686 0.3738
vt 0.86 0.5355
vt 0.8673 0.2732
vt 0.4675 0.9278
vt 0.491 0.8521
vt 0.372 0.7895
vt 0.3731 0.9277
vt 0.0794 0.7954
vt 0.0695 0.9333
vt 0.7065 0.7443
vt 0.6692 0.882
vt 0.8371 0.779
vt 0.3502 0.6825
vt 0.4902 0.7049
vt 0.4969 0.5375
vt 0.3462 0.5329
vt 0.0883 0.6922
vt 0.0713 0.518
vt 0.0568 0.2637
vt 0.3176 0.25
vt 0.3318 0.1011
vt 0.0288 0.0996
vt 0.5267 0.3476
vt 0.4164 0.3747
vt 0.8014 0.5367
vt 0.7007 0.535
vt 0.6798 0.332
vt 0.8081 0.3052
vt 0.6102 0.8236
vt 0.6692 0.882
vt 0.4402 0.179
vt 0.4435 0.1093
vt 0.6928 0.1999
vt 0.5542 0.195
vt 0.4413 0.2293
vt 0.5949 0.916
vt 0.0686 0.3738
vt 0.86 0.5355
vt 0.8673 0.2732
f 721/721/721 723/723/723 722/722/722
f 723/723/723 721/721/721 724/724/724
f 725/725/725 722/722/722 723/723/723
f 722/722/722 725/725/725 726/726/726
f 727/727/727 729/729/729 728/728/728
f 730/730/730 732/732/732 731/731/731
f 732/732/732 730/730/730 733/733/733
f 730/730/730 723/723/723 724/724/724
f 723/723/723 734/734/734 725/725/725
f 734/734/734 723/723/723 730/730/730
f 731/731/731 734/734/734 730/730/730
f 734/734/734 731/731/731 735/735/735
f 736/736/736 738/738/738 737/737/737
f 738/738/738 736/736/736 739/739/739
f 731/731/731 741/741/741 740/740/740
f 741/741/741 731/731/731 732/732/732
f 727/727/727 743/743/743 742/742/742
f 743/743/743 727/727/727 728/728/728
f 744/744/744 743/743/743 745/745/745
f 743/743/743 744/744/744 742/742/742
f 746/746/746 727/727/727 733/733/733
f 732/732/732 727/727/727 742/742/742
f 727/727/727 732/732/732 733/733/733
f 742/742/742 741/741/741 732/732/732
f 741/741/741 742/742/742 744/744/744
f 730/730/730 724/724/724 733/733/733
f 738/738/738 748/748/748 747/747/747
f 748/748/748 738/738/738 739/739/739
f 749/749/749 741/741/741 744/744/744
f 741/741/741 749/749/749 750/750/750
f 749/749/749 744/744/744 745/745/745
f 739/739/739 751/751/751 748/748/748
f 751/751/751 750/750/750 748/748/748
f 729/729/729 724/724/724 752/752/752
f 724/724/724 721/721/721 752/752/752
f 740/740/740 741/741/741 750/750/750
f 740/740/740 735/735/735 731/731/731
f 735/735/735 740/740/740 753/753/753
f 751/751/751 740/740/740 750/750/750
f 739/739/739 740/740/740 751/751/751
f 740/740/740 736/736/736 753/753/753
f 736/736/736 740/740/740 739/739/739
f 754/754/754 743/743/743 728/728/728
f 754/754/754 745/745/745 743/743/743
f 745/745/745 754/754/754 755/755/755
f 749/749/749 745/745/745 755/755/755
f 756/756/756 758/758/758 757/757/757
f 758/758/758 756/756/756 759/759/759
f 760/760/760 759/759/759 761/761/761
f 759/759/759 760/760/760 758/758/758
f 762/762/762 764/764/764 763/763/763
f 765/765/765 767/767/767 766/766/766
f 767/767/767 765/765/765 768/768/768
f 765/765/765 757/757/757 758/758/758
f 758/758/758 769/769/769 765/765/765
f 769/769/769 758/758/758 760/760/760
f 768/768/768 769/769/769 770/770/770
f 769/769/769 768/768/768 765/765/765
f 771/771/771 773/773/773 772/772/772
f 773/773/773 771/771/771 774/774/774
f 768/768/768 775/775/775 767/767/767
f 775/775/775 768/768/768 776/776/776
f 762/762/762 777/777/777 764/764/764
f 777/777/777 762/762/762 778/778/778
f 779/779/779 777/777/777 778/778/778
f 777/777/777 779/779/779 780/780/780
f 763/763/763 781/781/781 762/762/762
f 781/781/781 763/763/763 782/782/782
f 767/767/767 762/762/762 766/766/766
f 762/762/762 767/767/767 778/778/778
f 778/778/778 775/775/775 779/779/779
f 775/775/775 778/778/778 767/767/767
f 765/765/765 766/766/766 757/757/757
f 773/773/773 783/783/783 772/772/772
f 783/783/783 773/773/773 784/784/784
f 785/785/785 775/775/775 786/786/786
f 775/775/775 785/785/785 779/779/779
f 785/785/785 780/780/780 779/779/779
f 772/772/772 783/783/783 787/787/787
f 787/787/787 783/783/783 786/786/786
f 788/788/788 782/782/782 763/763/763
f 782/782/782 788/788/788 757/757/757
f 757/757/757 788/788/788 756/756/756
f 776/776/776 786/786/786 775/775/775
f 776/776/776 770/770/770 789/789/789
f 770/770/770 776/776/776 768/768/768
f 787/787/787 786/786/786 776/776/776
f 772/772/772 787/787/787 776/776/776
f 776/776/776 771/771/771 772/772/772
f 771/771/771 776/776/776 789/789/789
f 790/790/790 764/764/764 777/777/777
f 790/790/790 780/780/780 791/791/791
f 780/780/780 790/790/790 777/777/777
f 785/785/785 791/791/791 780/780/780
f 724/724/724 746/746/746 733/733/733
f 757/757/757 781/781/781 782/782/782
f 727/727/727 746/746/746 729/729/729
f 746/746/746 724/724/724 729/729/729
f 762/762/762 781/781/781 766/766/766
f 781/781/781 757/757/757 766/766/766

g DK_hair1
# texture: DK_hair1.tga
v 1.922441 10.03555 -1.017077
v 2.091241 10.00065 -0.592378
v 2.056942 11.10085 -0.528077
v 2.060842 10.90765 -0.937877
v 2.27014 8.696551 -0.411578
v 2.21124 9.361151 -0.539978
v 2.069241 9.379651 -0.853878
v 2.006541 9.948852 -0.184778
v 2.000542 11.03585 -0.036377
v 2.056942 11.10085 -0.528077
v 2.091241 10.00065 -0.592378
v 2.22664 9.215451 -0.406378
v 2.15794 9.187351 -0.117478
v 2.158639 8.419851 0.128421
v -1.798059 9.816156 -0.519279
v -2.025758 10.66336 -0.391279
v -1.941058 10.86255 0.006721
v -1.844259 9.766655 -0.065879
v -1.82536 8.440756 -0.36998
v -1.795159 9.258855 -0.550179
v -1.873559 9.107755 -0.25008
v -1.650359 9.733855 0.304621
v -1.844259 9.766655 -0.065879
v -1.941058 10.86255 0.006721
v -1.750558 10.81435 0.465521
v -1.72226 8.811755 0.06792
v -1.845959 8.924755 -0.17888
v -1.58296 8.020055 0.01062
v 1.137143 14.02565 3.352124
v 0.686743 13.98135 3.526324
v 0.908841 12.91325 3.836023
v 1.024342 12.90525 3.732123
v 1.094444 14.41115 2.670024
v 0.961545 14.71745 1.986924
v 0.623445 14.72045 2.474324
v 0.298443 13.77175 3.376623
v 0.428141 12.86995 3.800923
v 0.562542 12.23075 3.423522
v 0.574446 15.05745 1.075624
v 0.184045 14.62045 2.193324
v 0.251244 14.07665 3.192723
v -0.223155 14.75105 2.010224
v -0.610555 14.36915 1.669323
v -0.028356 13.92955 3.145023
v -0.791354 14.76396 -0.790077
v -1.148754 14.79195 0.413123
v -0.529754 15.00795 0.229524
v 0.851844 14.18235 3.030524
v 0.644545 14.69045 1.948324
v 1.142343 13.15815 3.182224
v -0.632453 14.60166 -1.441476
v -0.079053 14.87935 0.025424
v 0.161845 14.76495 2.255924
v -0.333355 14.64925 2.512324
v -0.009556 14.05775 3.404523
v 0.350343 13.97675 3.175023
v -0.217455 15.00485 1.511124
v -0.553154 14.99035 1.140524
v -0.684555 14.95455 1.530424
v -0.807756 14.31705 2.495823
v -0.383957 13.82355 3.349823
v 0.214243 13.14545 3.543723
v -1.243554 14.78226 0.121623
v -1.097755 14.68145 1.519423
v -0.488455 14.48465 2.356923
v -0.939956 14.29185 2.639423
v -0.505157 13.75805 3.550223
v -0.195957 13.74695 3.226323
v -0.928955 14.70105 1.580423
v -1.207354 14.79275 1.229523
v -1.502455 14.61925 1.641623
v -1.397856 13.93145 2.634323
v -0.858057 13.56145 3.501022
v -0.118357 13.03665 3.657923
v -2.026754 14.45625 0.280322
v -1.820455 14.19925 1.615122
v -0.918257 13.55905 3.401722
v -1.799556 13.81425 2.350222
v -2.097656 13.31415 2.215621
v -0.872358 13.05985 3.670122
v -0.730057 13.75325 3.357723
v -1.283756 14.08325 2.241523
v 0.008042 13.05575 3.591223
v -1.662355 14.35465 0.790123
v -2.187755 14.03185 1.111422
v -2.333954 13.97566 -0.526578
v -2.443455 13.55336 1.261222
v -0.851158 12.88205 3.659522
v -2.142457 12.96495 2.253021
v -2.073857 12.44265 2.282521
v -0.959358 12.53645 3.620722
v -0.854957 13.22375 3.545522
v -1.891956 13.49665 2.129522
v -0.161557 12.89815 3.589622
v -2.482455 13.51906 0.899221
v -2.671756 13.13515 1.172921
v -3.038855 13.09676 -0.302579
v -2.610357 12.54615 1.401821
v 2.304842 13.87615 1.942625
v 2.092343 14.22535 2.082925
v 1.820743 13.54855 3.158724
v 1.965443 13.23015 2.880524
v 2.181142 13.95525 0.493125
v 2.086142 14.19355 -0.383475
v 1.925042 14.47635 0.641925
v 1.366743 14.32525 2.276925
v 1.422343 13.61585 3.275524
v 1.135842 12.44345 3.274723
v 1.511342 14.56715 -1.215875
v 1.263843 14.58815 0.779225
v 2.445543 13.16105 2.845624
v 2.255243 13.37945 3.119925
v 1.644542 12.49315 3.268423
v 1.636842 12.38325 2.927523
v 2.572844 13.64485 2.313325
v 2.554744 13.93305 1.999325
v 2.421944 14.00315 2.454325
v 1.949543 13.62215 3.107224
v 1.375142 12.91025 3.514523
v 0.477641 12.05665 3.338422
v 2.443445 14.24725 1.613325
v 2.235344 14.16365 2.435825
v 2.785642 12.78255 1.209524
v 2.595842 13.49475 1.442824
v 2.293843 13.40785 2.424424
v 2.566143 12.78965 2.163924
v 2.333943 14.05445 1.544125
v 2.012443 13.60895 2.485624
v 1.916743 12.87425 2.988224
v 2.612142 13.63385 0.048925
v 2.216842 14.05265 0.057125
v 2.349142 13.77905 -1.276675
v 2.739242 12.96675 0.114024
v -0.564457 13.84285 3.284723
v -1.007955 14.42405 2.089223
v -1.395356 14.04215 1.748423
v -0.843957 13.69575 3.237023
v -1.842054 14.21716 -0.435277
v -1.845055 14.27746 0.614523
v -1.419054 14.71646 0.481923
v 0.028244 14.03205 3.163723
v -0.315555 14.55795 2.069723
v 0.327442 12.90765 3.272522
v -1.694854 14.32166 -1.142877
v -0.963854 14.83175 0.273324
v -0.96946 12.49905 3.649522
v -0.50896 12.33065 4.032722
v -0.148358 13.18575 3.870123
v -0.555358 13.20835 3.617522
v -0.16196 12.13095 3.767822
v 0.218642 12.95545 3.547623
v -0.112956 13.86105 2.424923
v -1.08446 11.66455 3.679421
v -0.832261 11.52165 3.701221
v -1.61436 10.94586 2.87772
v 0.26434 11.96685 3.701722
v 0.48464 11.83495 3.763322
v 0.714942 12.45755 3.627023
v 0.491341 12.43925 3.637722
v 0.835142 12.87705 3.422023
v 0.933842 12.33815 3.518823
v -0.088662 10.67935 3.710521
v 0.108139 11.15715 3.839721
v -0.045661 11.24175 3.770421
v 0.062739 11.60075 3.677122
v 0.261139 11.51145 3.730922
v -0.181959 12.42005 3.826722
v 0.167341 12.42715 3.866222
v 0.154742 13.44955 3.651323
v -0.152058 13.38665 3.462623
v 0.580641 12.45365 3.667623
v 0.742343 13.49025 3.459224
v 0.235844 14.06325 2.459523
v -1.202561 10.93705 3.59112
v -0.320561 11.67755 3.862021
v -0.552361 11.70765 3.771921
v 0.040339 11.61575 3.745722
v 1.980343 13.62135 3.166224
v 1.589143 14.03695 3.356624
v 1.255242 12.78545 3.629223
v 1.479342 12.78525 3.441723
v 0.977643 14.01075 3.388924
v 0.948741 12.91825 3.797123
v 0.477641 12.05665 3.338422
v 1.539245 14.69075 2.226725
v 0.872845 14.65755 2.269924
v 1.476446 14.78415 1.616925
v 0.876046 14.84045 1.668024
v 1.936045 14.43815 2.150525
v 1.333742 14.63345 1.093625
v 0.824343 14.98095 1.284626
v 0.896443 14.12385 2.777825
v 1.331043 14.16705 2.461525
v 0.203743 14.82015 1.692326
v 0.277242 14.19085 2.814325
v 0.146643 13.10585 2.986723
v 0.570342 14.84825 -0.401375
v 0.022042 14.83295 -0.404274
v 1.003842 14.57295 -0.479175
v 1.818445 14.58485 1.618525
v 1.950343 12.70425 2.849824
v 1.942442 12.31525 2.802824
v 2.168742 12.01745 2.488923
v 2.368042 11.79045 2.001523
v 2.542842 12.46815 1.996723
v 2.447841 11.69765 1.009423
v 2.752641 11.93445 -0.071777
v 2.638442 12.46735 0.955224
v 2.425843 13.14905 1.961624
v 1.976243 13.11115 2.812624
v 1.518243 12.64775 3.008124
v 2.911541 12.13705 -0.717676
v 2.625542 13.13565 0.993024
v -1.593458 11.68845 2.743721
v -0.943258 12.09995 3.416721
v -1.151058 12.40885 3.512722
v -1.817558 12.17925 2.785221
v -1.689757 12.66405 2.644921
v -1.103358 12.83385 3.362222
v -0.637158 12.49135 3.585522
v -2.269457 12.68795 1.762221
v -2.297557 12.13835 1.881021
v -2.846557 12.02706 0.70962
v -2.043358 11.52765 1.87992
v -1.96106 10.92516 2.25112
v -1.21626 11.53795 3.500021
v -1.42386 11.66255 3.093321
v -2.606655 13.65316 0.230722
v -2.327854 13.89016 -0.527178
v -2.917556 12.63916 0.480121
v -3.036055 13.05756 -0.302879
v -2.600558 11.41115 1.25492
v -2.966557 11.81046 0.60232
v -0.691761 11.18715 3.717421
v -0.526761 11.08875 3.652921
v 2.881541 12.45735 -0.684476
v 2.556842 13.17515 -0.803376
v 2.361042 13.65205 -1.289875
v -1.145261 10.61945 3.17662
v 0.70374 11.73405 3.641322
v 0.928341 12.33485 3.519423
v 0.710041 12.45525 3.627423
v 0.48464 11.83495 3.763322
v 0.139139 11.01285 3.866721
v 0.266639 10.94125 3.815021
v -0.016462 10.26505 3.79032
v 1.204743 13.43665 3.399424
v 0.696842 12.56835 3.443623
v 1.671443 13.23105 3.211224
v 1.433842 12.81245 3.266223
v 1.782943 12.59915 2.899323
v 0.746343 13.45415 3.454823
v 0.466443 12.56765 3.489323
v 0.477641 12.05665 3.338422
v 2.267643 13.18285 2.467925
v 1.772942 12.38955 2.374324
v 1.154642 12.48415 3.193023
v 1.340142 12.37315 2.996223
v 2.267643 13.18285 2.467925
v -0.378358 13.15935 3.431423
v -0.766758 13.01665 3.382923
v 0.233543 12.54095 3.505623
v -1.792756 13.52015 2.183222
v -1.472558 12.83335 2.956422
v -0.888556 13.96905 2.493723
v -0.547258 12.69495 3.531222
v -0.941858 12.42935 3.346122
v 0.073343 13.23075 3.365123
v -0.260858 12.40025 3.382322
v -1.056658 12.22165 2.752922
v -0.477259 12.26535 3.239322
v -1.056658 12.22165 2.752922
v -2.114157 12.87525 1.532522
vn -0.948931 -0.054101 0.31081
vn -0.925249 -0.089794 0.368579
vn -0.992913 0.089403 0.078301
vn -0.982685 0.163799 -0.086599
vn -0.911094 -0.000999 0.412197
vn -0.910788 -0.059298 0.408594
vn -0.914185 -0.089497 0.395293
vn -0.972078 -0.115096 -0.204496
vn -0.99358 0.009901 -0.112698
vn -0.990882 0.003202 -0.134698
vn -0.970691 -0.103298 -0.216999
vn -0.953893 -0.174797 -0.243999
vn -0.961346 -0.136705 -0.239012
vn -0.968223 -0.0771 -0.237906
vn 0.996289 0.064498 0.057
vn 0.895505 0.2915 -0.336301
vn 0.958083 0.221995 -0.181096
vn 0.992039 0.0246 0.123505
vn 0.96448 0.022498 0.263195
vn 0.979524 -0.037502 0.197805
vn 0.970724 -0.030102 0.238306
vn 0.891782 0.085097 -0.44439
vn 0.887649 0.079403 -0.453624
vn 0.912176 0.132496 -0.387789
vn 0.919601 0.139899 -0.3671
vn 0.907218 0.130802 -0.399807
vn 0.906936 0.098403 -0.409615
vn 0.909812 0.186801 -0.370604
vn 0.264906 0.647415 0.714618
vn -0.150206 0.55062 0.821131
vn 0.298689 -0.133496 0.944968
vn 0.648514 -0.193806 0.736117
vn 0.379905 0.833009 0.402205
vn 0.350707 0.905815 0.237705
vn -0.048996 0.905748 0.420976
vn -0.473503 0.455603 0.753804
vn -0.069803 -0.032601 0.997028
vn 0.107102 -0.553516 0.825923
vn -0.025598 0.97166 0.234991
vn -0.424301 0.832904 0.355302
vn -0.155398 0.492393 0.856388
vn -0.408513 0.824426 0.391713
vn -0.717214 0.605112 0.345607
vn -0.408108 0.53601 0.739014
vn -0.048701 0.974146 -0.22061
vn -0.273191 0.943272 0.188695
vn -0.054798 0.998177 0.0253
vn 0.097504 0.629528 0.770836
vn 0.066898 0.952566 0.29689
vn 0.125696 0.110696 0.985874
vn 0.092204 0.966233 -0.240608
vn 0.204704 0.974714 -0.089601
vn 0.043402 0.906338 0.420318
vn -0.242111 0.83244 0.498424
vn 0.062201 0.542406 0.837811
vn 0.538212 0.52601 0.658515
vn -0.092798 0.961786 0.257597
vn -0.223405 0.974624 0.014101
vn -0.330299 0.9156 0.2293
vn -0.505372 0.692762 0.514472
vn -0.384986 0.423984 0.81977
vn 0.189605 0.193404 0.962624
vn -0.446812 0.892025 0.068202
vn -0.539812 0.798618 0.266106
vn -0.039898 0.900275 0.433489
vn -0.318291 0.794878 0.516586
vn 0.086096 0.563576 0.821566
vn 0.573075 0.628771 0.525578
vn -0.100103 0.941634 0.321412
vn -0.30311 0.936334 0.177207
vn -0.502381 0.79007 0.351287
vn -0.533513 0.680917 0.501713
vn -0.381812 0.489415 0.784024
vn 0.321114 0.306012 0.896238
vn -0.630411 0.761314 0.151603
vn -0.728974 0.57348 0.373787
vn -0.429118 0.469019 0.771932
vn -0.627487 0.610088 0.48379
vn -0.792087 0.372994 0.483192
vn -0.246393 0.441288 0.862876
vn -0.345896 0.513493 0.78529
vn -0.381894 0.844088 0.376395
vn 0.0392 0.414501 0.909204
vn -0.461718 0.877135 0.132106
vn -0.640079 0.737177 0.216493
vn -0.516011 0.856419 0.016701
vn -0.792535 0.522224 0.314914
vn -0.313985 0.134493 0.939854
vn -0.811999 0.1945 0.550299
vn -0.814674 -0.032999 0.57898
vn -0.556372 0.081196 0.826957
vn -0.517002 0.265701 0.813703
vn -0.736896 0.447598 0.506597
vn 0.097696 0.110495 0.989063
vn -0.778074 0.558782 0.28699
vn -0.860275 0.35129 0.369489
vn -0.82008 0.539788 0.189995
vn -0.885264 0.085397 0.457181
vn 0.888109 0.416404 0.194602
vn 0.599079 0.741272 0.302689
vn 0.60268 0.26449 0.752876
vn 0.820087 -0.116799 0.560192
vn 0.895881 0.44409 -0.0135
vn 0.711216 0.698315 -0.080801
vn 0.576039 0.817055 0.024502
vn 0.230098 0.89429 0.383797
vn 0.318808 0.384509 0.866323
vn 0.476096 -0.2053 0.855094
vn 0.463724 0.883945 -0.060003
vn 0.180999 0.979292 0.0907
vn 0.832009 -0.076902 0.549407
vn 0.556996 0.156198 0.815695
vn 0.511796 -0.576897 0.636596
vn 0.533801 -0.808303 0.248401
vn 0.908051 0.250385 0.335783
vn 0.874774 0.447285 0.186296
vn 0.734089 0.524991 0.430695
vn 0.363208 0.364807 0.857319
vn 0.451878 -0.218291 0.86496
vn 0.28269 -0.641679 0.712976
vn 0.770599 0.606498 0.195801
vn 0.554806 0.697707 0.453206
vn 0.965982 0.225895 0.125898
vn 0.935539 0.315812 0.158207
vn 0.74333 0.381714 0.549322
vn 0.903507 0.251801 0.346803
vn 0.885277 0.441388 0.146496
vn 0.538085 0.561783 0.628382
vn 0.701092 0.220896 0.677993
vn 0.889311 0.455505 -0.0405
vn 0.756308 0.654106 -0.012
vn 0.724813 0.685512 -0.068701
vn 0.981258 0.180192 -0.068297
vn -0.218505 0.46371 0.85862
vn -0.519307 0.74981 0.410006
vn -0.758705 0.539304 0.365402
vn -0.418677 0.565269 0.710761
vn -0.719199 0.6933 -0.0457
vn -0.674197 0.712698 0.193699
vn -0.475596 0.873494 0.104
vn -0.0193 0.580988 0.813684
vn -0.170497 0.914585 0.366695
vn 0.078103 0.061502 0.995046
vn -0.58701 0.803915 -0.095602
vn -0.24079 0.970365 0.0203
vn -0.621608 0.188502 0.760309
vn -0.0305 -0.050299 0.998268
vn 0.222405 0.53551 0.814718
vn -0.380316 0.637827 0.669729
vn 0.493405 -0.267605 0.82761
vn 0.731103 0.3246 0.600103
vn 0.309317 0.858644 0.408722
vn -0.321596 -0.440094 0.838387
vn -0.203899 -0.434295 0.87739
vn -0.376788 -0.551981 0.743874
vn -0.159796 0.151395 0.975472
vn -0.179307 0.154805 0.971537
vn 0.189198 0.317497 0.929193
vn 0.029299 0.212196 0.976788
vn 0.328102 0.337202 0.882408
vn 0.533191 0.243195 0.810287
vn -0.438176 -0.061997 0.896749
vn -0.340189 0.142695 0.929468
vn -0.29241 0.187506 0.93773
vn -0.184408 0.172806 0.967539
vn -0.195695 0.184394 0.963173
vn -0.175898 0.142197 0.974084
vn 0.201791 0.041297 0.978558
vn -0.114106 0.578529 0.807641
vn -0.503677 0.603672 0.617972
vn 0.405084 0.048997 0.912966
vn 0.210608 0.600322 0.77153
vn -0.096801 0.88751 0.450506
vn -0.3523 0.0784 0.932598
vn -0.027301 -0.139003 0.989916
vn -0.350701 0.0895 0.932201
vn 0.27659 -0.260992 0.924868
vn 0.649423 0.31211 0.693425
vn 0.387011 0.556615 0.735121
vn 0.463795 -0.324198 0.824493
vn 0.60717 -0.322985 0.725965
vn 0.069197 0.584875 0.808167
vn 0.440595 -0.1096 0.890991
vn 0.310691 -0.619285 0.721081
vn 0.290596 0.903685 0.314496
vn 0.0124 0.929073 0.36969
vn 0.270497 0.947485 0.170598
vn 0.113803 0.950417 0.289406
vn 0.542786 0.767978 0.339992
vn 0.550885 0.829076 0.095698
vn 0.2543 0.952298 0.1687
vn 0.407303 0.383001 0.829105
vn 0.291087 0.809061 0.510577
vn -0.011199 0.938204 0.345902
vn 0.109705 0.571221 0.813432
vn 0.257509 0.008599 0.966238
vn 0.246199 0.962796 -0.111399
vn -0.078903 0.995638 -0.049801
vn 0.512727 0.847043 -0.140107
vn 0.498992 0.857384 0.126099
vn 0.619201 -0.014401 0.785101
vn 0.664058 -0.102994 0.740553
vn 0.924538 0.100803 0.367515
vn 0.937254 -0.188312 0.293417
vn 0.933699 -0.055701 0.3537
vn 0.961721 -0.227406 0.152903
vn 0.965409 -0.171502 0.196401
vn 0.98506 -0.102897 0.138094
vn 0.919576 0.153495 0.36169
vn 0.764702 0.010299 0.644302
vn 0.347715 -0.035103 0.936943
vn 0.969306 -0.157001 0.189201
vn 0.989352 0.048297 0.137293
vn -0.712893 -0.390196 0.582693
vn -0.293912 -0.458417 0.838731
vn -0.470631 -0.034502 0.881656
vn -0.804921 -0.049501 0.591314
vn -0.764119 0.347909 0.543214
vn -0.583414 0.328408 0.742817
vn -0.142305 0.0133 0.989734
vn -0.876535 0.175208 0.448317
vn -0.863888 -0.062499 0.499792
vn -0.90205 0.134693 0.410077
vn -0.755471 -0.315388 0.574277
vn -0.874709 0.094202 0.475405
vn -0.829314 0.114103 0.547009
vn -0.870782 0.111799 0.47879
vn -0.705267 0.708268 0.030899
vn -0.660807 0.750509 -0.0084
vn -0.959789 0.123499 0.252097
vn -0.960797 0.1563 0.228999
vn -0.839195 -0.108999 0.532796
vn -0.881372 -0.038098 0.470884
vn 0.046197 -0.513476 0.856859
vn 0.050799 -0.486502 0.872202
vn 0.989136 0.0108 0.146605
vn 0.964407 0.201601 -0.171101
vn 0.960698 0.213599 -0.1773
vn -0.090703 -0.648011 0.756211
vn 0.473304 -0.022601 0.880609
vn 0.449293 0.013199 0.893287
vn 0.460009 0.012999 0.887819
vn 0.472187 -0.023801 0.881177
vn 0.331883 -0.087497 0.939254
vn 0.336411 -0.099604 0.936433
vn 0.293891 -0.157497 0.942774
vn 0.338194 0.405391 0.849284
vn 0.297598 -0.2731 0.914796
vn 0.613328 0.260211 0.745734
vn 0.41259 -0.264795 0.871581
vn 0.674435 -0.532329 0.511627
vn 0.091202 0.446909 0.889919
vn 0.143506 -0.277514 0.949943
vn 0.145207 -0.379922 0.91355
vn 0.831623 0.341008 0.438312
vn 0.707433 -0.660933 0.250412
vn 0.419022 -0.486027 0.766941
vn 0.46409 -0.608089 0.644087
vn 0.831623 0.341008 0.438312
vn -0.149393 0.386382 0.91016
vn -0.372693 0.412993 0.830986
vn -0.015701 -0.223306 0.974622
vn -0.774125 0.27801 0.568718
vn -0.714101 0.165901 0.680101
vn -0.412998 0.565998 0.713498
vn -0.1045 0.016399 0.99439
vn -0.467806 -0.495005 0.732207
vn 0.082597 0.454184 0.887071
vn -0.119507 -0.522628 0.844144
vn -0.552715 -0.747418 0.368608
vn -0.144403 -0.722608 0.676007
vn -0.552715 -0.747418 0.368608
vn -0.910628 0.038702 0.411412
vt 0.9181 0.5217
vt 0.4569 0.5203
vt 0.4884 0.219
vt 0.9329 0.2443
vt 0.3455 0.9789
vt 0.4185 0.7715
vt 0.8477 0.7178
vt 0.0413 0.5105
vt 0.0727 0.2135
vt 0.4884 0.219
vt 0.4569 0.5203
vt 0.4185 0.7715
vt 0.0529 0.7741
vt 0.3455 0.9789
vt 0.9181 0.5217
vt 0.9329 0.2443
vt 0.4884 0.219
vt 0.4569 0.5203
vt 0.3455 0.9789
vt 0.8477 0.7178
vt 0.4185 0.7715
vt 0.0413 0.5105
vt 0.4569 0.5203
vt 0.4884 0.219
vt 0.0727 0.2135
vt 0.0529 0.7741
vt 0.4185 0.7715
vt 0.3455 0.9789
vt 0.9451 0.5173
vt 0.5222 0.5049
vt 0.4874 0.2092
vt 0.9409 0.2276
vt 0.8871 0.7316
vt 0.6989 0.8251
vt 0.4632 0.7308
vt 0.042 0.5002
vt 0.0665 0.2121
vt 0.4883 0.0279
vt 0.3446 0.9685
vt 0.0598 0.7288
vt 0.4874 0.2092
vt 0.5222 0.5049
vt 0.9451 0.5173
vt 0.9409 0.2276
vt 0.6989 0.8251
vt 0.8871 0.7316
vt 0.4632 0.7308
vt 0.0665 0.2121
vt 0.042 0.5002
vt 0.4883 0.0279
vt 0.3446 0.9685
vt 0.0598 0.7288
vt 0.9451 0.5173
vt 0.5222 0.5049
vt 0.4874 0.2092
vt 0.9409 0.2276
vt 0.8871 0.7316
vt 0.6989 0.8251
vt 0.4632 0.7308
vt 0.042 0.5002
vt 0.0665 0.2121
vt 0.4883 0.0279
vt 0.3446 0.9685
vt 0.0598 0.7288
vt 0.9451 0.5173
vt 0.5222 0.5049
vt 0.4874 0.2092
vt 0.9409 0.2276
vt 0.8871 0.7316
vt 0.6989 0.8251
vt 0.4632 0.7308
vt 0.042 0.5002
vt 0.0665 0.2121
vt 0.4883 0.0279
vt 0.3446 0.9685
vt 0.0598 0.7288
vt 0.4874 0.2092
vt 0.5222 0.5049
vt 0.9451 0.5173
vt 0.9409 0.2276
vt 0.0665 0.2121
vt 0.042 0.5002
vt 0.4883 0.0279
vt 0.0598 0.7288
vt 0.4632 0.7308
vt 0.3446 0.9685
vt 0.8871 0.7316
vt 0.4874 0.2092
vt 0.5222 0.5049
vt 0.9451 0.5173
vt 0.9409 0.2276
vt 0.0665 0.2121
vt 0.042 0.5002
vt 0.4883 0.0279
vt 0.0598 0.7288
vt 0.4632 0.7308
vt 0.3446 0.9685
vt 0.8871 0.7316
vt 0.9451 0.5173
vt 0.5222 0.5049
vt 0.4874 0.2092
vt 0.9409 0.2276
vt 0.8871 0.7316
vt 0.6989 0.8251
vt 0.4632 0.7308
vt 0.042 0.5002
vt 0.0665 0.2121
vt 0.4883 0.0279
vt 0.3446 0.9685
vt 0.0598 0.7288
vt 0.9451 0.5173
vt 0.5222 0.5049
vt 0.4874 0.2092
vt 0.9409 0.2276
vt 0.8871 0.7316
vt 0.6989 0.8251
vt 0.4632 0.7308
vt 0.042 0.5002
vt 0.0665 0.2121
vt 0.4883 0.0279
vt 0.3446 0.9685
vt 0.0598 0.7288
vt 0.9451 0.5173
vt 0.5222 0.5049
vt 0.4874 0.2092
vt 0.9409 0.2276
vt 0.042 0.5002
vt 0.0665 0.2121
vt 0.4883 0.0279
vt 0.4632 0.7308
vt 0.0598 0.7288
vt 0.3446 0.9685
vt 0.8871 0.7316
vt 0.4874 0.2092
vt 0.5222 0.5049
vt 0.9451 0.5173
vt 0.9409 0.2276
vt 0.6989 0.8251
vt 0.8871 0.7316
vt 0.4632 0.7308
vt 0.0665 0.2121
vt 0.042 0.5002
vt 0.4883 0.0279
vt 0.3446 0.9685
vt 0.0598 0.7288
vt 0.9405 0.5007
vt 0.4391 0.5132
vt 0.4924 0.2227
vt 0.9691 0.2382
vt 0.0406 0.4975
vt 0.0696 0.2188
vt 0.4847 0.0444
vt 0.4055 0.7767
vt 0.0417 0.7473
vt 0.3641 0.9852
vt 0.9181 0.5217
vt 0.4569 0.5203
vt 0.4884 0.219
vt 0.9329 0.2443
vt 0.4933 0.0322
vt 0.0727 0.2135
vt 0.3455 0.9789
vt 0.4185 0.7715
vt 0.8477 0.7178
vt 0.8816 0.6234
vt 0.4385 0.6406
vt 0.9181 0.5217
vt 0.4569 0.5203
vt 0.4884 0.219
vt 0.9329 0.2443
vt 0.0413 0.5105
vt 0.0727 0.2135
vt 0.4933 0.0322
vt 0.3455 0.9789
vt 0.4185 0.7715
vt 0.8477 0.7178
vt 0.0529 0.7741
vt 0.9205 0.5333
vt 0.4897 0.5514
vt 0.4724 0.2239
vt 0.9485 0.2424
vt 0.0486 0.5739
vt 0.0593 0.2179
vt 0.488 0.0693
vt 0.4416 0.7936
vt 0.0601 0.7753
vt 0.3804 0.9615
vt 0.0734 0.9285
vt 0.8785 0.7661
vt 0.0402 0.5784
vt 0.4898 0.5541
vt 0.4568 0.2256
vt 0.0609 0.2215
vt 0.9311 0.5318
vt 0.9629 0.2436
vt 0.4797 0.0559
vt 0.3969 0.9723
vt 0.845 0.949
vt 0.0547 0.9381
vt 0.8359 0.9482
vt 0.4874 0.2092
vt 0.9409 0.2276
vt 0.9432 0.3881
vt 0.9451 0.5173
vt 0.5222 0.5049
vt 0.8871 0.7316
vt 0.6989 0.8251
vt 0.4632 0.7308
vt 0.042 0.5002
vt 0.0665 0.2121
vt 0.4883 0.0279
vt 0.3446 0.9685
vt 0.0598 0.7288
vt 0.9451 0.5173
vt 0.9409 0.2276
vt 0.4874 0.2092
vt 0.5222 0.5049
vt 0.042 0.5002
vt 0.0665 0.2121
vt 0.4883 0.0279
vt 0.0598 0.7288
vt 0.4632 0.7308
vt 0.3446 0.9685
vt 0.8871 0.7316
vt 0.3641 0.9852
vt 0.4055 0.7767
vt 0.891 0.7576
vt 0.6989 0.8251
vt 0.3446 0.9685
vt 0.6989 0.8251
vt 0.3446 0.9685
vt 0.6989 0.8251
vt 0.3446 0.9685
vt 0.3883 0.8575
vt 0.1849 0.8665
vt 0.3446 0.9685
vt 0.6989 0.8251
vt 0.3446 0.9685
vt 0.3455 0.9789
vt 0.0413 0.5105
vt 0.0727 0.2135
vt 0.4884 0.219
vt 0.4569 0.5203
vt 0.4185 0.7715
vt 0.0529 0.7741
vt 0.3455 0.9789
vt 0.58 0.829
vt 0.4605 0.6661
vt 0.6221 0.7625
vt 0.5813 0.6845
vt 0.6401 0.6301
vt 0.5109 0.8541
vt 0.419 0.6522
vt 0.419 0.5664
vt 0.6479 0.5545
vt 0.5834 0.5645
vt 0.5357 0.6222
vt 0.5465 0.5684
vt 0.7418 0.7511
vt 0.58 0.829
vt 0.6221 0.7625
vt 0.4605 0.6661
vt 0.8513 0.8419
vt 0.7418 0.7511
vt 0.7874 0.9518
vt 0.5813 0.6845
vt 0.6401 0.6301
vt 0.5109 0.8541
vt 0.5357 0.6222
vt 0.5834 0.5645
vt 0.5465 0.5684
vt 0.7615 0.5909
vt 0.8465 0.6531
f 792/792/792 794/794/794 793/793/793
f 794/794/794 792/792/792 795/795/795
f 796/796/796 798/798/798 797/797/797
f 798/798/798 793/793/793 797/797/797
f 793/793/793 798/798/798 792/792/792
f 799/799/799 801/801/801 800/800/800
f 801/801/801 799/799/799 802/802/802
f 802/802/802 804/804/804 803/803/803
f 804/804/804 802/802/802 799/799/799
f 803/803/803 804/804/804 805/805/805
f 806/806/806 808/808/808 807/807/807
f 808/808/808 806/806/806 809/809/809
f 810/810/810 812/812/812 811/811/811
f 811/811/811 809/809/809 806/806/806
f 809/809/809 811/811/811 812/812/812
f 813/813/813 815/815/815 814/814/814
f 815/815/815 813/813/813 816/816/816
f 814/814/814 817/817/817 813/813/813
f 817/817/817 814/814/814 818/818/818
f 818/818/818 819/819/819 817/817/817
f 820/820/820 822/822/822 821/821/821
f 822/822/822 820/820/820 823/823/823
f 824/824/824 826/826/826 825/825/825
f 827/827/827 822/822/822 828/828/828
f 822/822/822 827/827/827 821/821/821
f 823/823/823 829/829/829 822/822/822
f 829/829/829 828/828/828 822/822/822
f 830/830/830 825/825/825 826/826/826
f 821/821/821 831/831/831 826/826/826
f 831/831/831 821/821/821 827/827/827
f 826/826/826 831/831/831 830/830/830
f 826/826/826 820/820/820 821/821/821
f 820/820/820 826/826/826 824/824/824
f 832/832/832 834/834/834 833/833/833
f 834/834/834 832/832/832 835/835/835
f 836/836/836 838/838/838 837/837/837
f 832/832/832 840/840/840 839/839/839
f 840/840/840 832/832/832 833/833/833
f 832/832/832 841/841/841 835/835/835
f 832/832/832 839/839/839 841/841/841
f 838/838/838 836/836/836 842/842/842
f 843/843/843 833/833/833 838/838/838
f 833/833/833 843/843/843 840/840/840
f 842/842/842 843/843/843 838/838/838
f 834/834/834 838/838/838 833/833/833
f 838/838/838 834/834/834 837/837/837
f 844/844/844 846/846/846 845/845/845
f 846/846/846 844/844/844 847/847/847
f 848/848/848 850/850/850 849/849/849
f 851/851/851 846/846/846 852/852/852
f 846/846/846 851/851/851 845/845/845
f 847/847/847 853/853/853 846/846/846
f 853/853/853 852/852/852 846/846/846
f 854/854/854 849/849/849 850/850/850
f 845/845/845 855/855/855 850/850/850
f 855/855/855 845/845/845 851/851/851
f 850/850/850 855/855/855 854/854/854
f 850/850/850 844/844/844 845/845/845
f 844/844/844 850/850/850 848/848/848
f 856/856/856 858/858/858 857/857/857
f 858/858/858 856/856/856 859/859/859
f 860/860/860 862/862/862 861/861/861
f 863/863/863 858/858/858 864/864/864
f 858/858/858 863/863/863 857/857/857
f 859/859/859 865/865/865 858/858/858
f 865/865/865 864/864/864 858/858/858
f 866/866/866 861/861/861 862/862/862
f 857/857/857 867/867/867 862/862/862
f 867/867/867 857/857/857 863/863/863
f 862/862/862 867/867/867 866/866/866
f 862/862/862 856/856/856 857/857/857
f 856/856/856 862/862/862 860/860/860
f 868/868/868 870/870/870 869/869/869
f 870/870/870 868/868/868 871/871/871
f 868/868/868 873/873/873 872/872/872
f 873/873/873 868/868/868 869/869/869
f 868/868/868 874/874/874 871/871/871
f 868/868/868 872/872/872 874/874/874
f 875/875/875 869/869/869 876/876/876
f 869/869/869 875/875/875 873/873/873
f 877/877/877 875/875/875 876/876/876
f 870/870/870 876/876/876 869/869/869
f 876/876/876 870/870/870 878/878/878
f 879/879/879 881/881/881 880/880/880
f 881/881/881 879/879/879 882/882/882
f 879/879/879 884/884/884 883/883/883
f 884/884/884 879/879/879 880/880/880
f 879/879/879 885/885/885 882/882/882
f 879/879/879 883/883/883 885/885/885
f 886/886/886 880/880/880 887/887/887
f 880/880/880 886/886/886 884/884/884
f 888/888/888 886/886/886 887/887/887
f 881/881/881 887/887/887 880/880/880
f 887/887/887 881/881/881 889/889/889
f 890/890/890 892/892/892 891/891/891
f 892/892/892 890/890/890 893/893/893
f 894/894/894 896/896/896 895/895/895
f 897/897/897 892/892/892 898/898/898
f 892/892/892 897/897/897 891/891/891
f 893/893/893 899/899/899 892/892/892
f 899/899/899 898/898/898 892/892/892
f 900/900/900 895/895/895 896/896/896
f 891/891/891 901/901/901 896/896/896
f 901/901/901 891/891/891 897/897/897
f 896/896/896 901/901/901 900/900/900
f 896/896/896 890/890/890 891/891/891
f 890/890/890 896/896/896 894/894/894
f 902/902/902 904/904/904 903/903/903
f 904/904/904 902/902/902 905/905/905
f 906/906/906 908/908/908 907/907/907
f 909/909/909 904/904/904 910/910/910
f 904/904/904 909/909/909 903/903/903
f 905/905/905 911/911/911 904/904/904
f 911/911/911 910/910/910 904/904/904
f 912/912/912 907/907/907 908/908/908
f 903/903/903 913/913/913 908/908/908
f 913/913/913 903/903/903 909/909/909
f 908/908/908 913/913/913 912/912/912
f 908/908/908 902/902/902 903/903/903
f 902/902/902 908/908/908 906/906/906
f 914/914/914 916/916/916 915/915/915
f 916/916/916 914/914/914 917/917/917
f 918/918/918 916/916/916 919/919/919
f 916/916/916 918/918/918 915/915/915
f 917/917/917 920/920/920 916/916/916
f 920/920/920 919/919/919 916/916/916
f 915/915/915 922/922/922 921/921/921
f 922/922/922 915/915/915 918/918/918
f 921/921/921 922/922/922 923/923/923
f 921/921/921 914/914/914 915/915/915
f 914/914/914 921/921/921 924/924/924
f 925/925/925 927/927/927 926/926/926
f 927/927/927 925/925/925 928/928/928
f 929/929/929 931/931/931 930/930/930
f 925/925/925 933/933/933 932/932/932
f 933/933/933 925/925/925 926/926/926
f 925/925/925 934/934/934 928/928/928
f 925/925/925 932/932/932 934/934/934
f 931/931/931 929/929/929 935/935/935
f 936/936/936 926/926/926 931/931/931
f 926/926/926 936/936/936 933/933/933
f 935/935/935 936/936/936 931/931/931
f 927/927/927 931/931/931 926/926/926
f 931/931/931 927/927/927 930/930/930
f 937/937/937 939/939/939 938/938/938
f 939/939/939 937/937/937 940/940/940
f 941/941/941 939/939/939 942/942/942
f 939/939/939 941/941/941 938/938/938
f 940/940/940 943/943/943 939/939/939
f 943/943/943 942/942/942 939/939/939
f 938/938/938 945/945/945 944/944/944
f 945/945/945 938/938/938 941/941/941
f 944/944/944 945/945/945 946/946/946
f 947/947/947 949/949/949 948/948/948
f 949/949/949 947/947/947 950/950/950
f 950/950/950 951/951/951 949/949/949
f 951/951/951 952/952/952 949/949/949
f 953/953/953 955/955/955 954/954/954
f 956/956/956 948/948/948 957/957/957
f 948/948/948 956/956/956 947/947/947
f 958/958/958 960/960/960 959/959/959
f 960/960/960 958/958/958 961/961/961
f 962/962/962 960/960/960 963/963/963
f 960/960/960 962/962/962 959/959/959
f 961/961/961 964/964/964 960/960/960
f 964/964/964 963/963/963 960/960/960
f 965/965/965 967/967/967 966/966/966
f 959/959/959 968/968/968 966/966/966
f 968/968/968 959/959/959 962/962/962
f 966/966/966 958/958/958 959/959/959
f 958/958/958 966/966/966 967/967/967
f 969/969/969 971/971/971 970/970/970
f 971/971/971 969/969/969 972/972/972
f 973/973/973 971/971/971 974/974/974
f 971/971/971 973/973/973 970/970/970
f 972/972/972 975/975/975 971/971/971
f 975/975/975 974/974/974 971/971/971
f 970/970/970 977/977/977 976/976/976
f 977/977/977 970/970/970 973/973/973
f 977/977/977 978/978/978 976/976/976
f 978/978/978 977/977/977 979/979/979
f 976/976/976 969/969/969 970/970/970
f 969/969/969 976/976/976 980/980/980
f 981/981/981 983/983/983 982/982/982
f 983/983/983 981/981/981 984/984/984
f 985/985/985 983/983/983 986/986/986
f 983/983/983 985/985/985 982/982/982
f 984/984/984 987/987/987 983/983/983
f 987/987/987 986/986/986 983/983/983
f 982/982/982 989/989/989 988/988/988
f 989/989/989 982/982/982 985/985/985
f 988/988/988 981/981/981 982/982/982
f 981/981/981 988/988/988 990/990/990
f 980/980/980 978/978/978 991/991/991
f 978/978/978 980/980/980 976/976/976
f 992/992/992 994/994/994 993/993/993
f 992/992/992 995/995/995 994/994/994
f 992/992/992 996/996/996 995/995/995
f 997/997/997 999/999/999 998/998/998
f 1000/1000/1000 992/992/992 1001/1001/1001
f 992/992/992 1000/1000/1000 996/996/996
f 993/993/993 1002/1002/1002 992/992/992
f 1002/1002/1002 1001/1001/1001 992/992/992
f 1003/1003/1003 998/998/998 999/999/999
f 996/996/996 1004/1004/1004 999/999/999
f 1004/1004/1004 996/996/996 1000/1000/1000
f 999/999/999 995/995/995 996/996/996
f 995/995/995 999/999/999 997/997/997
f 1005/1005/1005 1007/1007/1007 1006/1006/1006
f 1007/1007/1007 1005/1005/1005 1008/1008/1008
f 1009/1009/1009 1007/1007/1007 1008/1008/1008
f 1007/1007/1007 1009/1009/1009 1010/1010/1010
f 1006/1006/1006 1007/1007/1007 1011/1011/1011
f 1011/1011/1011 1007/1007/1007 1010/1010/1010
f 1008/1008/1008 1012/1012/1012 1009/1009/1009
f 1012/1012/1012 1008/1008/1008 1013/1013/1013
f 1013/1013/1013 1014/1014/1014 1012/1012/1012
f 1013/1013/1013 1005/1005/1005 1015/1015/1015
f 1005/1005/1005 1013/1013/1013 1008/1008/1008
f 1016/1016/1016 1018/1018/1018 1017/1017/1017
f 1017/1017/1017 937/937/937 938/938/938
f 937/937/937 1017/1017/1017 1018/1018/1018
f 1019/1019/1019 876/876/876 878/878/878
f 876/876/876 1019/1019/1019 1020/1020/1020
f 1021/1021/1021 887/887/887 889/889/889
f 887/887/887 1021/1021/1021 1022/1022/1022
f 1015/1015/1015 1023/1023/1023 1013/1013/1013
f 1024/1024/1024 1013/1013/1013 1023/1023/1023
f 1025/1025/1025 968/968/968 1026/1026/1026
f 968/968/968 1025/1025/1025 966/966/966
f 999/999/999 1004/1004/1004 1027/1027/1027
f 924/924/924 921/921/921 1028/1028/1028
f 1029/1029/1029 1028/1028/1028 921/921/921
f 1025/1025/1025 1026/1026/1026 1030/1030/1030
f 1031/1031/1031 1033/1033/1033 1032/1032/1032
f 1033/1033/1033 1031/1031/1031 1034/1034/1034
f 1034/1034/1034 1036/1036/1036 1035/1035/1035
f 1036/1036/1036 1034/1034/1034 1031/1031/1031
f 1035/1035/1035 1036/1036/1036 1037/1037/1037
f 957/957/957 955/955/955 956/956/956
f 955/955/955 957/957/957 954/954/954
f 1038/1038/1038 1040/1040/1040 1039/1039/1039
f 1041/1041/1041 1040/1040/1040 1042/1042/1042
f 1040/1040/1040 1041/1041/1041 1039/1039/1039
f 1039/1039/1039 1043/1043/1043 1038/1038/1038
f 1039/1039/1039 1045/1045/1045 1044/1044/1044
f 1046/1046/1046 1047/1047/1047 1042/1042/1042
f 1039/1039/1039 1048/1048/1048 1045/1045/1045
f 1042/1042/1042 1048/1048/1048 1041/1041/1041
f 1041/1041/1041 1048/1048/1048 1039/1039/1039
f 1049/1049/1049 1042/1042/1042 1047/1047/1047
f 1042/1042/1042 1049/1049/1049 1048/1048/1048
f 1045/1045/1045 1048/1048/1048 1049/1049/1049
f 1042/1042/1042 1040/1040/1040 1050/1050/1050
f 1051/1051/1051 1053/1053/1053 1052/1052/1052
f 1052/1052/1052 1055/1055/1055 1054/1054/1054
f 1054/1054/1054 1051/1051/1051 1052/1052/1052
f 1051/1051/1051 1054/1054/1054 1056/1056/1056
f 1057/1057/1057 1058/1058/1058 1052/1052/1052
f 1052/1052/1052 1053/1053/1053 1057/1057/1057
f 1053/1053/1053 1051/1051/1051 1059/1059/1059
f 1053/1053/1053 1044/1044/1044 1045/1045/1045
f 1053/1053/1053 1045/1045/1045 1060/1060/1060
f 1058/1058/1058 1057/1057/1057 1060/1060/1060
f 1057/1057/1057 1053/1053/1053 1060/1060/1060
f 1058/1058/1058 1062/1062/1062 1061/1061/1061
f 1062/1062/1062 1058/1058/1058 1060/1060/1060
f 1045/1045/1045 1062/1062/1062 1060/1060/1060
f 1058/1058/1058 1055/1055/1055 1052/1052/1052
f 1058/1058/1058 1063/1063/1063 1055/1055/1055
f 1055/1055/1055 1064/1064/1064 1054/1054/1054

g DK_hair4
# texture: DK_hair4.tga
v 2.579743 11.67375 -0.903376
v 2.190043 11.25575 -1.782076
v 2.594944 11.91895 -1.429876
v 2.243444 12.01705 -1.579776
v 2.336644 12.58495 -1.451075
v 2.664944 12.69355 -0.724275
v 0.257944 14.22625 2.691424
v 0.739743 13.52285 3.442123
v 0.613545 14.43805 2.614424
v 1.667743 13.27275 3.207424
v 2.233943 13.02145 2.449424
v 2.198644 13.80755 1.873925
v 1.384445 14.24125 2.422225
v 1.198443 13.50135 3.386324
v 2.569844 12.81295 1.716324
v 2.550944 12.91115 0.678425
v -0.127556 14.39415 2.713624
v 0.069243 13.28045 3.362023
v -0.893656 14.10615 2.727024
v -0.382257 13.20495 3.428023
v -0.265857 10.72176 -3.233378
v -0.420754 13.00486 -2.903576
v 0.846645 12.77205 -2.796776
v 0.927944 10.96665 -3.239177
v 0.613545 14.43805 2.614424
v 0.634445 14.82465 1.110525
v 0.029746 14.73485 1.231224
v 0.257944 14.22625 2.691424
v 2.529845 13.58885 -0.119775
v 2.034445 14.13555 0.485125
v 2.198644 13.80755 1.873925
v 2.550944 12.91115 0.678425
v 0.389346 14.90745 0.010225
v -0.123254 14.83695 0.132424
v 2.160546 13.83955 -0.922175
v 1.736146 14.45815 -0.144675
v 2.160546 13.83955 -0.922175
v 0.948546 14.15245 -1.624575
v 0.976246 14.61315 -0.796975
v 1.736146 14.45815 -0.144675
v 0.948546 14.15245 -1.624575
v -0.347853 14.19016 -1.832576
v -0.260354 14.63685 -0.980875
v 0.976246 14.61315 -0.796975
v -0.123254 14.83695 0.132424
v 0.389346 14.90745 0.010225
v 1.294345 14.61805 0.939325
v 1.384445 14.24125 2.422225
v 0.907246 14.76305 -0.138475
v 0.907246 14.76305 -0.138475
v 0.907246 14.76305 -0.138475
v 2.693543 12.05095 -0.145976
v 2.336644 12.58495 -1.451075
v 2.035944 12.40045 -2.113076
v 1.937643 10.80975 -2.548777
v 1.538544 11.82015 -2.618677
v 1.791944 11.67735 -2.307576
v 2.214544 11.09885 -2.338777
v 1.887944 11.77945 -2.204476
v 2.165644 11.67715 -1.990176
v 1.485545 12.41675 -2.488277
v 0.846645 12.77205 -2.796776
v 2.200244 12.09655 -1.595976
v 1.578244 11.36915 -2.844277
v 0.927944 10.96665 -3.239177
v -2.583458 11.28556 0.046121
v -2.738057 11.47326 -0.255979
v -2.921158 10.86486 -0.94668
v -2.650057 11.63666 -0.540379
v -1.407357 10.74676 -2.739379
v -1.605355 12.60746 -2.533578
v -0.127556 14.39415 2.713624
v -0.591654 14.75195 1.274524
v -2.594356 13.24695 0.640822
v -2.085258 12.30725 2.088022
v -1.766957 13.57235 2.404422
v -2.016755 13.89525 1.027023
v -0.654654 14.84555 0.149924
v -1.933354 14.24045 0.346223
v -2.471855 13.56485 -0.302478
v -2.471855 13.56485 -0.302478
v -1.933354 14.24045 0.346223
v -1.409454 14.40595 -0.623377
v -1.530954 14.00536 -1.292876
v -1.530954 14.00536 -1.292876
v -1.409454 14.40595 -0.623377
v -0.654654 14.84555 0.149924
v -1.244655 14.46745 1.278924
v -1.173054 14.63965 0.139824
v -1.173054 14.63965 0.139824
v -0.893656 14.10615 2.727024
v -1.173054 14.63965 0.139824
v -2.777657 12.38966 0.397521
v -2.512158 11.60365 0.917321
v -2.601956 12.26356 -0.422878
v -2.601956 12.26356 -0.422878
v -2.427456 12.29536 -0.999079
v -2.208757 10.92856 -2.596879
v -2.267857 11.47006 -1.772078
v -2.186257 11.60526 -1.938478
v -2.424857 11.40876 -1.494979
v -2.544257 11.72376 -0.973979
v -2.473156 11.83696 -1.211278
v -1.605355 12.60746 -2.533578
v -2.212056 12.53856 -1.748678
v -2.582957 12.01636 -0.681579
v -2.415657 10.89506 -2.180279
v -1.407357 10.74676 -2.739379
v 0.894043 10.43945 -2.468978
v 0.943342 9.346154 -2.701979
v -0.201359 9.276855 -2.955579
v -0.231757 10.48775 -2.645578
v -0.281156 12.13056 -2.286677
v 1.517845 12.48975 -2.227576
v 2.244842 10.56415 -0.592877
v 1.958242 10.20275 -1.578677
v 2.498643 12.17245 -0.123476
v 1.90844 8.632553 -1.964278
v 1.629141 9.436053 -2.059078
v 1.778041 9.478853 -1.806378
v 2.03434 8.630753 -1.316078
v 1.752641 9.490953 -1.586278
v 1.972841 9.399752 -1.183078
v 1.423542 10.21785 -2.026577
v 2.040441 9.924253 -1.030078
v 1.548441 9.350554 -2.262178
v -1.258358 10.31176 -2.180979
v -1.228859 9.209455 -2.42618
v -1.327656 12.16936 -1.695577
v -2.124459 9.936955 -0.17378
v -2.035656 12.05836 0.456422
v -2.017259 9.966956 -1.04678
v -1.848361 8.312356 -1.422381
v -1.80546 8.966056 -1.34698
v -1.723959 8.937056 -1.63048
v -1.810261 8.301355 -0.721481
v -1.86016 8.872255 -0.69038
v -1.81096 8.964756 -0.98188
v -1.624058 10.03706 -1.618879
v -1.97776 9.518755 -0.50798
v -1.694959 9.148256 -1.86288
v 1.69054 8.642253 -2.128479
v 1.02764 8.441954 -2.567179
v -0.13396 8.314755 -2.87838
v -1.16126 8.314656 -2.299981
v -1.70486 8.446756 -1.73408
v 1.198443 13.50135 3.386324
v 0.696642 12.53335 3.432223
v 1.667743 13.27275 3.207424
v 1.433542 12.77745 3.254724
v 1.782743 12.56405 2.887923
v 0.739743 13.52285 3.442123
v 0.466242 12.53265 3.477923
v 0.475842 12.05655 3.338623
v 2.233943 13.02145 2.449424
v 1.772142 12.38945 2.374424
v 1.154442 12.44915 3.181523
v 1.339342 12.37315 2.996323
v 2.376842 10.76225 -0.581477
v 2.194642 9.995452 -1.198077
v 2.355042 10.72015 -0.860977
v 2.231143 10.78755 -1.100077
v -0.239658 9.672856 -3.065979
v -0.356856 11.85886 -2.973077
v 0.900944 11.81835 -2.814077
v 0.896342 9.816054 -2.927778
v 2.241741 10.85975 1.456123
v 2.161443 11.44105 -0.013277
v 2.550944 12.91115 0.678425
v 2.569844 12.81295 1.716324
v 2.650743 11.79835 -0.417276
v 2.439044 11.58615 -1.128476
v 2.192044 13.03145 -0.311275
v -0.330855 13.02225 -2.262977
v 0.956945 13.19945 -1.984176
v 2.210941 10.77115 0.641123
v 2.077044 11.58825 -1.938776
v 1.740042 9.639253 -2.167978
v 1.725343 10.52005 -2.436177
v 1.888443 10.56365 -2.185377
v 1.870541 9.637753 -1.520378
v 1.856542 10.57535 -1.964477
v 2.096042 10.48535 -1.563877
v 1.485344 11.59995 -2.379077
v 2.333643 11.15295 -1.428976
v 1.523142 10.00685 -2.410277
v 2.233943 13.02145 2.449424
v 1.975042 11.39705 2.270923
v 1.772142 12.38945 2.374424
v -0.382257 13.20495 3.428023
v -0.766958 12.98165 3.371523
v 0.233342 12.50585 3.494222
v -1.766956 13.57225 2.404422
v -1.472857 12.79825 2.945022
v -0.896256 14.16205 2.732523
v -0.547458 12.65995 3.519822
v -0.942059 12.39435 3.334722
v 0.069243 13.28045 3.362023
v -0.261159 12.36525 3.370922
v -0.477958 12.26535 3.239422
v -1.057458 12.22165 2.753022
v -2.083457 12.81965 1.743122
v -2.222059 10.48946 0.03372
v -2.269559 10.44586 -0.242279
v -2.120059 9.739556 -0.62078
v -2.221258 10.52356 -0.50438
v -1.515556 11.67506 -2.490778
v -1.308358 9.685256 -2.63278
v -1.843659 11.31685 1.700321
v -2.541956 12.95086 0.697822
v -2.587158 11.60196 0.140121
v -2.106358 11.31826 0.492821
v -2.469955 13.02066 -0.414078
v -2.520658 11.29206 -0.464979
v -2.587158 11.60196 0.140121
v -2.541956 12.95086 0.697822
v -1.512255 13.05296 -1.653877
v -1.775459 11.12075 1.193421
v -2.106358 11.31826 0.492821
v -2.386357 11.32356 -1.341679
v -1.897159 9.423556 -1.68138
v -2.151258 10.32406 -1.644979
v -2.055658 10.29586 -1.930279
v -1.852459 9.416956 -1.02228
v -2.178258 10.23186 -0.99198
v -2.064158 10.34286 -1.439979
v -1.936157 11.39706 -1.921279
v -2.448058 10.86936 -0.78928
v -1.795559 9.810056 -1.96628
v -1.531458 11.56485 2.055521
v -1.252854 14.64335 1.296324
v -2.024855 14.07105 1.044423
vn 0.960377 -0.262195 -0.094497
vn 0.795326 -0.177806 -0.579518
vn 0.835797 0.084499 -0.542497
vn 0.576884 0.293492 -0.762278
vn 0.892516 0.123402 -0.433807
vn 0.962949 0.16909 -0.210088
vn 0.014 0.78045 0.625061
vn 0.061101 0.674104 0.736105
vn -0.018199 0.862105 0.506403
vn 0.603013 0.628012 0.491911
vn 0.843398 0.341498 0.4148
vn 0.784296 0.562396 0.261899
vn 0.484706 0.769307 0.416205
vn 0.376197 0.682994 0.626095
vn 0.934597 0.326398 0.1414
vn 0.977515 0.191302 0.088702
vn 0.053702 0.819321 0.570815
vn 0.079699 0.511991 0.855286
vn -0.284191 0.760778 0.583483
vn -0.037601 0.520514 0.853025
vn -0.183502 0.144703 -0.972311
vn -0.130799 0.4368 -0.889999
vn 0.320905 0.412405 -0.852609
vn 0.1152 0.241298 -0.963589
vn -0.018199 0.862105 0.506403
vn 0.120603 0.981711 0.147303
vn -0.0342 0.983144 0.179609
vn 0.014 0.78045 0.625061
vn 0.90079 0.430694 -0.055499
vn 0.692483 0.719281 0.055699
vn 0.784296 0.562396 0.261899
vn 0.977515 0.191302 0.088702
vn 0.047902 0.995715 -0.079101
vn -0.062998 0.997592 -0.028999
vn 0.703407 0.581604 -0.408602
vn 0.567098 0.816096 -0.111299
vn 0.703407 0.581604 -0.408602
vn 0.315105 0.726209 -0.611007
vn 0.271401 0.891998 -0.361498
vn 0.567098 0.816096 -0.111299
vn 0.315105 0.726209 -0.611007
vn -0.128496 0.777285 -0.615887
vn -0.105398 0.923794 -0.368097
vn 0.271401 0.891998 -0.361498
vn -0.062998 0.997592 -0.028999
vn 0.047902 0.995715 -0.079101
vn 0.43512 0.893639 0.109906
vn 0.484706 0.769307 0.416205
vn 0.284714 0.954042 -0.093503
vn 0.284714 0.954042 -0.093503
vn 0.284714 0.954042 -0.093503
vn 0.999717 0.023699 0.002301
vn 0.892516 0.123402 -0.433807
vn 0.750074 0.181793 -0.635877
vn 0.803211 0.280903 -0.525306
vn 0.803495 0.224898 -0.551196
vn 0.757997 0.202899 -0.619897
vn 0.645195 0.433696 -0.628993
vn 0.772599 0.278199 -0.570698
vn 0.641373 0.46928 -0.606973
vn 0.585006 0.333903 -0.739106
vn 0.320905 0.412405 -0.852609
vn 0.901278 -0.0411 -0.431289
vn 0.430528 0.253816 -0.866154
vn 0.1152 0.241298 -0.963589
vn -0.908716 -0.323405 0.263904
vn -0.995748 -0.004599 0.092004
vn -0.980785 0.130299 0.145197
vn -0.959606 0.228603 -0.164002
vn -0.43179 0.0536 -0.90038
vn -0.554697 0.338699 -0.759996
vn 0.053702 0.819321 0.570815
vn -0.191107 0.963141 0.189309
vn -0.918983 0.345995 0.189096
vn -0.916662 0.074898 0.392583
vn -0.891917 0.259105 0.370607
vn -0.756918 0.609716 0.235206
vn -0.186906 0.980936 -0.053201
vn -0.664914 0.745317 0.048901
vn -0.862351 0.464275 -0.201989
vn -0.862351 0.464275 -0.201989
vn -0.664914 0.745317 0.048901
vn -0.461809 0.837918 -0.290906
vn -0.542072 0.679668 -0.494176
vn -0.542072 0.679668 -0.494176
vn -0.461809 0.837918 -0.290906
vn -0.186906 0.980936 -0.053201
vn -0.437303 0.875707 0.204702
vn -0.410598 0.911399 -0.027599
vn -0.410598 0.911399 -0.027599
vn -0.284191 0.760778 0.583483
vn -0.410598 0.911399 -0.027599
vn -0.994152 0.040503 0.100105
vn -0.942627 -0.137303 0.304308
vn -0.959628 0.132505 -0.248108
vn -0.959628 0.132505 -0.248108
vn -0.955488 0.1337 -0.262997
vn -0.933288 0.265898 -0.241397
vn -0.942746 0.147108 -0.299315
vn -0.930704 0.152202 -0.332602
vn -0.963913 0.062802 -0.258704
vn -0.96515 0.093596 -0.244388
vn -0.959786 0.1132 -0.256897
vn -0.554697 0.338699 -0.759996
vn -0.847771 0.292691 -0.442285
vn -0.943078 0.199496 -0.266094
vn -0.584224 0.110506 -0.804034
vn -0.43179 0.0536 -0.90038
vn 0.403386 0.097997 -0.909767
vn 0.405408 0.073002 -0.911216
vn -0.132 0.055301 -0.989706
vn -0.167609 0.207112 -0.963853
vn -0.251995 0.199298 -0.946984
vn 0.586006 0.070801 -0.807208
vn 0.964705 -0.095001 -0.245601
vn 0.855188 -0.077499 -0.512492
vn 0.926667 0.022899 -0.375186
vn 0.822412 0.224303 -0.522807
vn 0.820612 0.230803 -0.522807
vn 0.783771 0.194592 -0.589777
vn 0.88166 0.147993 -0.448079
vn 0.912952 -0.023699 -0.407378
vn 0.882423 0.086102 -0.462511
vn 0.652012 0.050701 -0.756512
vn 0.944271 -0.157596 -0.288991
vn 0.583109 0.119802 -0.803512
vn -0.695928 0.180609 -0.695029
vn -0.626461 0.0177 -0.779252
vn -0.793527 0.116805 -0.597221
vn -0.992005 -0.029099 -0.122801
vn -0.938083 0.138099 -0.317695
vn -0.92599 0.0799 -0.368997
vn -0.954069 0.095398 -0.283991
vn -0.937339 0.074704 -0.340315
vn -0.954428 0.092304 -0.283809
vn -0.979094 -0.075198 -0.188999
vn -0.976075 -0.095997 -0.195096
vn -0.976765 -0.129194 -0.170995
vn -0.845712 0.185104 -0.500508
vn -0.969831 -0.209706 -0.124305
vn -0.77213 0.053303 -0.633225
vn 0.574891 -0.054899 -0.816386
vn 0.405795 -0.084098 -0.910087
vn -0.120294 -0.087695 -0.988857
vn -0.600776 -0.143293 -0.78647
vn -0.743377 -0.131195 -0.65588
vn 0.229797 -0.0731 0.97049
vn 0.298483 -0.272286 0.91475
vn 0.520811 -0.144704 0.841319
vn 0.422391 -0.266396 0.866383
vn 0.658725 -0.555523 0.50742
vn 0.120105 -0.015202 0.992645
vn 0.143498 -0.275298 0.950589
vn 0.1448 -0.382103 0.912705
vn 0.772591 -0.285098 0.567294
vn 0.360898 -0.465199 0.808296
vn 0.420421 -0.507328 0.75224
vn 0.445692 -0.657691 0.60729
vn 0.957699 0.264099 -0.114299
vn 0.951982 -0.072299 -0.297494
vn 0.973118 -0.084102 -0.214403
vn 0.906376 -0.058599 -0.418388
vn -0.134795 0.039999 -0.990066
vn -0.143699 0.284999 -0.947695
vn 0.403106 0.285104 -0.86961
vn 0.350293 0.052299 -0.935179
vn 0.983137 -0.154707 0.097504
vn 0.918108 -0.303904 0.254403
vn 0.996446 -0.058604 -0.060502
vn 0.950716 -0.192204 0.243305
vn 0.995067 -0.082698 0.054799
vn 0.934631 0.109903 -0.338211
vn 0.831199 0.387799 -0.398398
vn -0.143501 0.517909 -0.843313
vn 0.55469 0.413592 -0.721985
vn 0.998589 0.033399 -0.041299
vn 0.713516 0.295206 -0.635413
vn 0.840753 -0.144892 -0.521671
vn 0.83502 0.0349 -0.549112
vn 0.794594 0.043299 -0.605595
vn 0.807706 -0.242502 -0.537404
vn 0.816723 -0.201206 -0.540815
vn 0.816612 -0.213604 -0.536207
vn 0.625482 0.30869 -0.716577
vn 0.869857 -0.066697 -0.488775
vn 0.623219 0.040001 -0.781023
vn 0.772591 -0.285098 0.567294
vn 0.822496 -0.19 0.536098
vn 0.360898 -0.465199 0.808296
vn -0.199896 0.198595 0.95948
vn -0.3838 0.290599 0.876499
vn -0.0194 -0.230897 0.972785
vn -0.716779 0.392589 0.576283
vn -0.716369 -0.075096 0.693669
vn -0.579587 0.495989 0.646586
vn -0.1045 0.016399 0.99439
vn -0.461402 -0.522101 0.7173
vn 0.110704 0.189907 0.975541
vn -0.124406 -0.544423 0.829534
vn -0.128506 -0.773829 0.620222
vn -0.476275 -0.665263 0.574967
vn -0.898373 -0.128596 0.419987
vn -0.983578 -0.041298 0.175695
vn -0.976884 -0.209996 0.039999
vn -0.981594 -0.186998 -0.0388
vn -0.969162 -0.172692 -0.175794
vn -0.616201 0.199502 -0.761902
vn -0.586633 -0.003299 -0.809846
vn -0.831919 -0.355207 0.426309
vn -0.974061 -0.065197 0.216691
vn -0.958461 -0.21529 0.187092
vn -0.68171 -0.660908 0.313803
vn -0.950307 0.144202 -0.275903
vn -0.989489 -0.131298 -0.0606
vn -0.958461 -0.21529 0.187092
vn -0.974061 -0.065197 0.216691
vn -0.620592 0.409696 -0.668592
vn -0.731316 -0.663413 0.158303
vn -0.68171 -0.660908 0.313803
vn -0.901587 0.0416 -0.430594
vn -0.925331 -0.249607 -0.28541
vn -0.924918 -0.0587 -0.375608
vn -0.947894 -0.070898 -0.310599
vn -0.886474 -0.342889 -0.310792
vn -0.897998 -0.315298 -0.3069
vn -0.900758 -0.303085 -0.311086
vn -0.817281 0.095399 -0.568287
vn -0.953671 -0.174894 -0.244793
vn -0.806304 -0.044799 -0.589803
vn -0.42673 -0.515536 0.743051
vn -0.622087 0.687087 0.375393
vn -0.628092 0.684492 0.370096
vt 0.0422 0.547
vt 0.0723 0.4706
vt 0.0767 0.5359
vt 0.1079 0.5363
vt 0.1246 0.6001
vt 0.0844 0.6344
vt -0.0061 0.2979
vt -0.0059 0.1915
vt 0.0736 0.2992
vt 0.0634 0.1179
vt 0.1381 0.1087
vt 0.2064 0.1816
vt 0.1665 0.27
vt 0.0372 0.1713
vt 0.2034 0.0299
vt 0.2934 0.0526
vt 0.0736 0.2992
vt -0.0059 0.1915
vt 0.1665 0.27
vt 0.0372 0.1713
vt 0.4131 0.4419
vt 0.4131 0.5649
vt 0.3248 0.5531
vt 0.3323 0.452
vt 0.0046 0.9532
vt 0.111 0.9532
vt 0.1083 0.9936
vt 0.0045 0.9936
vt 0.0897 0.7039
vt 0.1001 0.7928
vt 0.0047 0.7887
vt 0.0078 0.7021
vt 0.1926 0.9532
vt 0.1994 0.9936
vt 0.1581 0.7233
vt 0.1598 0.8161
vt 0.1658 0.6929
vt 0.3191 0.6935
vt 0.2962 0.763
vt 0.1827 0.7603
vt 0.3193 0.6948
vt 0.4131 0.7051
vt 0.4131 0.7765
vt 0.3084 0.7659
vt 0.4131 0.86
vt 0.3377 0.8661
vt 0.1093 0.886
vt 0.0044 0.8769
vt 0.1829 0.8991
vt 0.2686 0.8131
vt 0.3024 0.8289
vt 0.0166 0.6177
vt 0.1377 0.5928
vt 0.1664 0.5468
vt 0.1911 0.4513
vt 0.2164 0.4994
vt 0.175 0.503
vt 0.1229 0.4717
vt 0.1474 0.5128
vt 0.1267 0.5156
vt 0.2253 0.5345
vt 0.3182 0.5529
vt 0.1309 0.5503
vt 0.2254 0.4558
vt 0.3235 0.4498
vt 0.0422 0.547
vt 0.0767 0.5359
vt 0.0723 0.4706
vt 0.1079 0.5363
vt 0.3323 0.452
vt 0.3248 0.5531
vt 0.0046 0.9532
vt 0.111 0.9532
vt 0.0897 0.7039
vt 0.0078 0.7021
vt 0.0047 0.7887
vt 0.1001 0.7928
vt 0.1926 0.9532
vt 0.1598 0.8161
vt 0.1581 0.7233
vt 0.1658 0.6929
vt 0.1827 0.7603
vt 0.2962 0.763
vt 0.3191 0.6935
vt 0.3193 0.6948
vt 0.3084 0.7659
vt 0.3377 0.8661
vt 0.1093 0.886
vt 0.1829 0.8991
vt 0.2686 0.8131
vt 0.0044 0.8769
vt 0.3024 0.8289
vt 0.0844 0.6344
vt 0.0166 0.6177
vt 0.1246 0.6001
vt 0.1377 0.5928
vt 0.1664 0.5468
vt 0.1911 0.4513
vt 0.175 0.503
vt 0.2164 0.4994
vt 0.1229 0.4717
vt 0.1267 0.5156
vt 0.1474 0.5128
vt 0.3182 0.5529
vt 0.2253 0.5345
vt 0.1309 0.5503
vt 0.2254 0.4558
vt 0.3235 0.4498
vt 0.6019 0.2784
vt 0.5993 0.1345
vt 0.7703 0.1402
vt 0.7703 0.2908
vt 0.7703 0.4341
vt 0.5772 0.4344
vt 0.3606 0.2524
vt 0.4392 0.2365
vt 0.3671 0.4382
vt 0.4235 0.0338
vt 0.488 0.1292
vt 0.4302 0.129
vt 0.3326 0.0937
vt 0.4107 0.1752
vt 0.3657 0.1867
vt 0.5053 0.2596
vt 0.377 0.2308
vt 0.5012 0.1291
vt 0.6019 0.2784
vt 0.5992 0.1333
vt 0.5772 0.4344
vt 0.3606 0.2524
vt 0.3671 0.4382
vt 0.4392 0.2365
vt 0.4235 0.0338
vt 0.4302 0.129
vt 0.488 0.1292
vt 0.3326 0.0937
vt 0.3657 0.1867
vt 0.4107 0.1752
vt 0.5053 0.2596
vt 0.377 0.2308
vt 0.5012 0.1272
vt 0.4981 0.027
vt 0.5972 0.0194
vt 0.7703 0.0242
vt 0.5972 0.0194
vt 0.4981 0.027
vt 0.8967 0.6686
vt 0.8525 0.5558
vt 0.9387 0.6374
vt 0.9138 0.5665
vt 0.9552 0.5343
vt 0.8573 0.6758
vt 0.8326 0.5585
vt 0.8313 0.4891
vt 0.9885 0.6051
vt 0.9666 0.4695
vt 0.8898 0.5289
vt 0.9177 0.4942
vt 0.267 0.2244
vt 0.2986 0.0991
vt 0.2975 0.2086
vt 0.3406 0.2068
vt 0.7703 0.0242
vt 0.7703 0.2908
vt 0.6019 0.2784
vt 0.5972 0.0194
vt 0.1488 0.3007
vt 0.2697 0.2813
vt 0.2668 0.4425
vt 0.159 0.4458
vt 0.3174 0.3036
vt 0.3606 0.2524
vt 0.3671 0.4382
vt 0.7703 0.4341
vt 0.5772 0.4344
vt 0.1843 0.2658
vt 0.4392 0.2365
vt 0.4235 0.0338
vt 0.488 0.1292
vt 0.4302 0.129
vt 0.3326 0.0937
vt 0.4107 0.1752
vt 0.3657 0.1867
vt 0.5053 0.2596
vt 0.377 0.2308
vt 0.4981 0.027
vt 0.0446 0.4726
vt 0.0844 0.3392
vt 0.0073 0.3825
vt 0.7703 0.6709
vt 0.7359 0.6197
vt 0.8125 0.557
vt 0.6208 0.6707
vt 0.6581 0.5612
vt 0.7111 0.7508
vt 0.7514 0.5607
vt 0.7076 0.5083
vt 0.7996 0.6742
vt 0.7648 0.5172
vt 0.7481 0.4838
vt 0.6586 0.4727
vt 0.5697 0.608
vt 0.267 0.2244
vt 0.2975 0.2086
vt 0.2986 0.0991
vt 0.3406 0.2068
vt 0.6019 0.2784
vt 0.5972 0.0194
vt 0.5281 0.46
vt 0.5005 0.6512
vt 0.4183 0.5551
vt 0.4476 0.487
vt 0.3671 0.4382
vt 0.3606 0.2524
vt 0.3174 0.3036
vt 0.2668 0.4425
vt 0.5772 0.4344
vt 0.4906 0.4485
vt 0.2697 0.2813
vt 0.4392 0.2365
vt 0.4235 0.0338
vt 0.4302 0.129
vt 0.488 0.1292
vt 0.3326 0.0937
vt 0.3657 0.1867
vt 0.4107 0.1752
vt 0.5053 0.2596
vt 0.377 0.2308
vt 0.4981 0.027
vt 0.582 0.4687
vt 0.6344 0.802
vt 0.5651 0.7252
f 1065/1065/1065 1067/1067/1067 1066/1066/1066
f 1068/1068/1068 1070/1070/1070 1069/1069/1069
f 1070/1070/1070 1068/1068/1068 1067/1067/1067
f 1071/1071/1071 1073/1073/1073 1072/1072/1072
f 1074/1074/1074 1076/1076/1076 1075/1075/1075
f 1076/1076/1076 1078/1078/1078 1077/1077/1077
f 1078/1078/1078 1076/1076/1076 1074/1074/1074
f 1078/1078/1078 1073/1073/1073 1077/1077/1077
f 1073/1073/1073 1078/1078/1078 1072/1072/1072
f 1079/1079/1079 1076/1076/1076 1080/1080/1080
f 1075/1075/1075 1076/1076/1076 1079/1079/1079
f 1071/1071/1071 1082/1082/1082 1081/1081/1081
f 1081/1081/1081 1084/1084/1084 1083/1083/1083
f 1084/1084/1084 1081/1081/1081 1082/1082/1082
f 1066/1066/1066 1067/1067/1067 1068/1068/1068
f 1085/1085/1085 1087/1087/1087 1086/1086/1086
f 1087/1087/1087 1085/1085/1085 1088/1088/1088
f 1089/1089/1089 1091/1091/1091 1090/1090/1090
f 1091/1091/1091 1089/1089/1089 1092/1092/1092
f 1093/1093/1093 1095/1095/1095 1094/1094/1094
f 1095/1095/1095 1093/1093/1093 1096/1096/1096
f 1090/1090/1090 1098/1098/1098 1097/1097/1097
f 1098/1098/1098 1090/1090/1090 1091/1091/1091
f 1094/1094/1094 1099/1099/1099 1093/1093/1093
f 1099/1099/1099 1094/1094/1094 1100/1100/1100
f 1101/1101/1101 1103/1103/1103 1102/1102/1102
f 1103/1103/1103 1101/1101/1101 1104/1104/1104
f 1105/1105/1105 1107/1107/1107 1106/1106/1106
f 1107/1107/1107 1105/1105/1105 1108/1108/1108
f 1107/1107/1107 1110/1110/1110 1109/1109/1109
f 1095/1095/1095 1111/1111/1111 1094/1094/1094
f 1111/1111/1111 1095/1095/1095 1112/1112/1112
f 1111/1111/1111 1100/1100/1100 1094/1094/1094
f 1100/1100/1100 1111/1111/1111 1113/1113/1113
f 1114/1114/1114 1103/1103/1103 1104/1104/1104
f 1090/1090/1090 1112/1112/1112 1089/1089/1089
f 1112/1112/1112 1090/1090/1090 1111/1111/1111
f 1097/1097/1097 1111/1111/1111 1090/1090/1090
f 1111/1111/1111 1097/1097/1097 1113/1113/1113
f 1108/1108/1108 1110/1110/1110 1107/1107/1107
f 1110/1110/1110 1108/1108/1108 1115/1115/1115
f 1096/1096/1096 1070/1070/1070 1116/1116/1116
f 1070/1070/1070 1096/1096/1096 1093/1093/1093
f 1070/1070/1070 1099/1099/1099 1069/1069/1069
f 1099/1099/1099 1070/1070/1070 1093/1093/1093
f 1086/1086/1086 1105/1105/1105 1106/1106/1106
f 1105/1105/1105 1086/1086/1086 1087/1087/1087
f 1067/1067/1067 1116/1116/1116 1070/1070/1070
f 1116/1116/1116 1067/1067/1067 1065/1065/1065
f 1117/1117/1117 1101/1101/1101 1118/1118/1118
f 1119/1119/1119 1121/1121/1121 1120/1120/1120
f 1122/1122/1122 1124/1124/1124 1123/1123/1123
f 1101/1101/1101 1125/1125/1125 1118/1118/1118
f 1101/1101/1101 1126/1126/1126 1125/1125/1125
f 1101/1101/1101 1102/1102/1102 1126/1126/1126
f 1117/1117/1117 1118/1118/1118 1127/1127/1127
f 1127/1127/1127 1123/1123/1123 1124/1124/1124
f 1123/1123/1123 1127/1127/1127 1118/1118/1118
f 1128/1128/1128 1126/1126/1126 1129/1129/1129
f 1126/1126/1126 1128/1128/1128 1125/1125/1125
f 1125/1125/1125 1121/1121/1121 1118/1118/1118
f 1121/1121/1121 1125/1125/1125 1120/1120/1120
f 1130/1130/1130 1132/1132/1132 1131/1131/1131
f 1132/1132/1132 1133/1133/1133 1131/1131/1131
f 1085/1085/1085 1135/1135/1135 1134/1134/1134
f 1135/1135/1135 1085/1085/1085 1086/1086/1086
f 1136/1136/1136 1091/1091/1091 1092/1092/1092
f 1091/1091/1091 1136/1136/1136 1137/1137/1137
f 1138/1138/1138 1140/1140/1140 1139/1139/1139
f 1140/1140/1140 1138/1138/1138 1141/1141/1141
f 1137/1137/1137 1098/1098/1098 1091/1091/1091
f 1098/1098/1098 1137/1137/1137 1142/1142/1142
f 1141/1141/1141 1144/1144/1144 1143/1143/1143
f 1144/1144/1144 1141/1141/1141 1138/1138/1138
f 1145/1145/1145 1147/1147/1147 1146/1146/1146
f 1147/1147/1147 1145/1145/1145 1148/1148/1148
f 1149/1149/1149 1107/1107/1107 1150/1150/1150
f 1107/1107/1107 1149/1149/1149 1106/1106/1106
f 1107/1107/1107 1109/1109/1109 1151/1151/1151
f 1152/1152/1152 1143/1143/1143 1153/1153/1153
f 1143/1143/1143 1152/1152/1152 1141/1141/1141
f 1154/1154/1154 1146/1146/1146 1147/1147/1147
f 1137/1137/1137 1155/1155/1155 1152/1152/1152
f 1155/1155/1155 1137/1137/1137 1136/1136/1136
f 1142/1142/1142 1152/1152/1152 1153/1153/1153
f 1152/1152/1152 1142/1142/1142 1137/1137/1137
f 1150/1150/1150 1151/1151/1151 1156/1156/1156
f 1151/1151/1151 1150/1150/1150 1107/1107/1107
f 1139/1139/1139 1157/1157/1157 1138/1138/1138
f 1157/1157/1157 1139/1139/1139 1158/1158/1158
f 1157/1157/1157 1144/1144/1144 1138/1138/1138
f 1144/1144/1144 1157/1157/1157 1159/1159/1159
f 1086/1086/1086 1149/1149/1149 1135/1135/1135
f 1149/1149/1149 1086/1086/1086 1106/1106/1106
f 1133/1133/1133 1157/1157/1157 1131/1131/1131
f 1157/1157/1157 1133/1133/1133 1159/1159/1159
f 1131/1131/1131 1158/1158/1158 1130/1130/1130
f 1158/1158/1158 1131/1131/1131 1157/1157/1157
f 1160/1160/1160 1161/1161/1161 1145/1145/1145
f 1162/1162/1162 1164/1164/1164 1163/1163/1163
f 1165/1165/1165 1167/1167/1167 1166/1166/1166
f 1145/1145/1145 1168/1168/1168 1148/1148/1148
f 1145/1145/1145 1169/1169/1169 1168/1168/1168
f 1145/1145/1145 1161/1161/1161 1169/1169/1169
f 1160/1160/1160 1170/1170/1170 1161/1161/1161
f 1170/1170/1170 1167/1167/1167 1161/1161/1161
f 1167/1167/1167 1170/1170/1170 1166/1166/1166
f 1171/1171/1171 1168/1168/1168 1169/1169/1169
f 1168/1168/1168 1171/1171/1171 1172/1172/1172
f 1169/1169/1169 1163/1163/1163 1164/1164/1164
f 1163/1163/1163 1169/1169/1169 1161/1161/1161
f 1173/1173/1173 1175/1175/1175 1174/1174/1174
f 1175/1175/1175 1173/1173/1173 1176/1176/1176
f 1176/1176/1176 1178/1178/1178 1177/1177/1177
f 1178/1178/1178 1176/1176/1176 1173/1173/1173
f 1179/1179/1179 1181/1181/1181 1180/1180/1180
f 1182/1182/1182 1184/1184/1184 1183/1183/1183
f 1185/1185/1185 1187/1187/1187 1186/1186/1186
f 1188/1188/1188 1178/1178/1178 1173/1173/1173
f 1180/1180/1180 1178/1178/1178 1188/1188/1188
f 1180/1180/1180 1181/1181/1181 1178/1178/1178
f 1179/1179/1179 1180/1180/1180 1189/1189/1189
f 1189/1189/1189 1186/1186/1186 1187/1187/1187
f 1186/1186/1186 1189/1189/1189 1180/1180/1180
f 1188/1188/1188 1174/1174/1174 1190/1190/1190
f 1174/1174/1174 1188/1188/1188 1173/1173/1173
f 1188/1188/1188 1184/1184/1184 1180/1180/1180
f 1184/1184/1184 1188/1188/1188 1183/1183/1183
f 1191/1191/1191 1175/1175/1175 1176/1176/1176
f 1175/1175/1175 1191/1191/1191 1192/1192/1192
f 1193/1193/1193 1176/1176/1176 1177/1177/1177
f 1176/1176/1176 1193/1193/1193 1191/1191/1191
f 1194/1194/1194 1196/1196/1196 1195/1195/1195
f 1197/1197/1197 1199/1199/1199 1198/1198/1198
f 1200/1200/1200 1202/1202/1202 1201/1201/1201
f 1195/1195/1195 1191/1191/1191 1193/1193/1193
f 1195/1195/1195 1203/1203/1203 1191/1191/1191
f 1195/1195/1195 1196/1196/1196 1203/1203/1203
f 1194/1194/1194 1204/1204/1204 1196/1196/1196
f 1202/1202/1202 1204/1204/1204 1201/1201/1201
f 1204/1204/1204 1202/1202/1202 1196/1196/1196
f 1192/1192/1192 1203/1203/1203 1205/1205/1205
f 1203/1203/1203 1192/1192/1192 1191/1191/1191
f 1198/1198/1198 1203/1203/1203 1196/1196/1196
f 1203/1203/1203 1198/1198/1198 1199/1199/1199
f 1206/1206/1206 1174/1174/1174 1207/1207/1207
f 1174/1174/1174 1206/1206/1206 1190/1190/1190
f 1207/1207/1207 1175/1175/1175 1208/1208/1208
f 1175/1175/1175 1207/1207/1207 1174/1174/1174
f 1175/1175/1175 1209/1209/1209 1208/1208/1208
f 1209/1209/1209 1175/1175/1175 1192/1192/1192
f 1192/1192/1192 1210/1210/1210 1209/1209/1209
f 1210/1210/1210 1192/1192/1192 1205/1205/1205
f 1211/1211/1211 1213/1213/1213 1212/1212/1212
f 1214/1214/1214 1213/1213/1213 1215/1215/1215
f 1213/1213/1213 1214/1214/1214 1212/1212/1212
f 1212/1212/1212 1216/1216/1216 1211/1211/1211
f 1212/1212/1212 1218/1218/1218 1217/1217/1217
f 1219/1219/1219 1220/1220/1220 1215/1215/1215
f 1212/1212/1212 1221/1221/1221 1218/1218/1218
f 1215/1215/1215 1221/1221/1221 1214/1214/1214
f 1214/1214/1214 1221/1221/1221 1212/1212/1212
f 1215/1215/1215 1222/1222/1222 1221/1221/1221
f 1222/1222/1222 1215/1215/1215 1220/1220/1220
f 1218/1218/1218 1221/1221/1221 1222/1222/1222
f 1215/1215/1215 1213/1213/1213 1219/1219/1219
f 1223/1223/1223 1225/1225/1225 1224/1224/1224
f 1224/1224/1224 1225/1225/1225 1226/1226/1226
f 1227/1227/1227 1229/1229/1229 1228/1228/1228
f 1229/1229/1229 1227/1227/1227 1230/1230/1230
f 1231/1231/1231 1233/1233/1233 1232/1232/1232
f 1233/1233/1233 1231/1231/1231 1234/1234/1234
f 1235/1235/1235 1237/1237/1237 1236/1236/1236
f 1237/1237/1237 1235/1235/1235 1233/1233/1233
f 1228/1228/1228 1239/1239/1239 1238/1238/1238
f 1239/1239/1239 1228/1228/1228 1229/1229/1229
f 1232/1232/1232 1240/1240/1240 1231/1231/1231
f 1235/1235/1235 1232/1232/1232 1233/1233/1233
f 1226/1226/1226 1235/1235/1235 1236/1236/1236
f 1235/1235/1235 1226/1226/1226 1225/1225/1225
f 1225/1225/1225 1232/1232/1232 1235/1235/1235
f 1232/1232/1232 1225/1225/1225 1223/1223/1223
f 1236/1236/1236 1237/1237/1237 1241/1241/1241
f 1242/1242/1242 1244/1244/1244 1243/1243/1243
f 1245/1245/1245 1247/1247/1247 1246/1246/1246
f 1237/1237/1237 1248/1248/1248 1241/1241/1241
f 1237/1237/1237 1229/1229/1229 1248/1248/1248
f 1237/1237/1237 1239/1239/1239 1229/1229/1229
f 1236/1236/1236 1241/1241/1241 1249/1249/1249
f 1249/1249/1249 1246/1246/1246 1247/1247/1247
f 1246/1246/1246 1249/1249/1249 1241/1241/1241
f 1250/1250/1250 1229/1229/1229 1230/1230/1230
f 1229/1229/1229 1250/1250/1250 1248/1248/1248
f 1248/1248/1248 1244/1244/1244 1241/1241/1241
f 1244/1244/1244 1248/1248/1248 1243/1243/1243
f 1251/1251/1251 1231/1231/1231 1252/1252/1252
f 1231/1231/1231 1251/1251/1251 1234/1234/1234
f 1251/1251/1251 1252/1252/1252 1253/1253/1253
f 1254/1254/1254 1256/1256/1256 1255/1255/1255
f 1255/1255/1255 1258/1258/1258 1257/1257/1257
f 1254/1254/1254 1257/1257/1257 1259/1259/1259
f 1257/1257/1257 1254/1254/1254 1255/1255/1255
f 1260/1260/1260 1261/1261/1261 1255/1255/1255
f 1255/1255/1255 1256/1256/1256 1260/1260/1260
f 1256/1256/1256 1254/1254/1254 1262/1262/1262
f 1256/1256/1256 1217/1217/1217 1218/1218/1218
f 1256/1256/1256 1218/1218/1218 1263/1263/1263
f 1261/1261/1261 1260/1260/1260 1263/1263/1263
f 1260/1260/1260 1256/1256/1256 1263/1263/1263
f 1264/1264/1264 1261/1261/1261 1263/1263/1263
f 1261/1261/1261 1264/1264/1264 1265/1265/1265
f 1218/1218/1218 1264/1264/1264 1263/1263/1263
f 1261/1261/1261 1258/1258/1258 1255/1255/1255
f 1261/1261/1261 1265/1265/1265 1258/1258/1258
f 1258/1258/1258 1266/1266/1266 1257/1257/1257
f 1267/1267/1267 1269/1269/1269 1268/1268/1268
f 1269/1269/1269 1270/1270/1270 1268/1268/1268
f 1271/1271/1271 1227/1227/1227 1228/1228/1228
f 1227/1227/1227 1271/1271/1271 1272/1272/1272
f 1273/1273/1273 1274/1274/1274 1266/1266/1266
f 1274/1274/1274 1273/1273/1273 1275/1275/1275
f 1273/1273/1273 1276/1276/1276 1275/1275/1275
f 1277/1277/1277 1279/1279/1279 1278/1278/1278
f 1279/1279/1279 1277/1277/1277 1280/1280/1280
f 1281/1281/1281 1228/1228/1228 1238/1238/1238
f 1228/1228/1228 1281/1281/1281 1271/1271/1271
f 1276/1276/1276 1273/1273/1273 1282/1282/1282
f 1279/1279/1279 1270/1270/1270 1278/1278/1278
f 1270/1270/1270 1279/1279/1279 1268/1268/1268
f 1283/1283/1283 1268/1268/1268 1279/1279/1279
f 1268/1268/1268 1283/1283/1283 1267/1267/1267
f 1278/1278/1278 1284/1284/1284 1277/1277/1277
f 1285/1285/1285 1287/1287/1287 1286/1286/1286
f 1288/1288/1288 1290/1290/1290 1289/1289/1289
f 1277/1277/1277 1271/1271/1271 1281/1281/1281
f 1277/1277/1277 1291/1291/1291 1271/1271/1271
f 1277/1277/1277 1284/1284/1284 1291/1291/1291
f 1278/1278/1278 1292/1292/1292 1284/1284/1284
f 1290/1290/1290 1292/1292/1292 1289/1289/1289
f 1292/1292/1292 1290/1290/1290 1284/1284/1284
f 1271/1271/1271 1293/1293/1293 1272/1272/1272
f 1293/1293/1293 1271/1271/1271 1291/1291/1291
f 1286/1286/1286 1291/1291/1291 1284/1284/1284
f 1291/1291/1291 1286/1286/1286 1287/1287/1287
f 1273/1273/1273 1258/1258/1258 1294/1294/1294
f 1258/1258/1258 1273/1273/1273 1266/1266/1266
f 1258/1258/1258 1265/1265/1265 1294/1294/1294
f 1257/1257/1257 1295/1295/1295 1259/1259/1259
f 1295/1295/1295 1257/1257/1257 1296/1296/1296
