# NewFace01.bmd — MU bind-pose geometry, exported for MU2
# 5 mesh(es)

g magi_eye
# texture: magi_eye.jpg
v 0.815588 11.24095 2.237154
v 0.833777 11.02567 2.260048
v 0.898808 11.22308 2.196754
v 0.965232 11.16698 2.160239
v 1.001552 11.08381 2.134845
v 1.000701 10.99003 2.125538
v 0.962808 10.90418 2.13425
v 0.895306 10.84328 2.159191
v 0.811641 10.8194 2.195432
v 0.72833 10.83727 2.235872
v 0.661915 10.89326 2.272396
v 0.625596 10.97644 2.29779
v 0.626447 11.07022 2.307097
v 0.664471 11.15608 2.298434
v 0.731842 11.21697 2.273445
v 0.910481 11.3904 2.058747
v 0.760523 11.42263 2.131553
v 1.030111 11.28935 1.992912
v 1.095685 11.13948 1.94709
v 1.09407 10.97045 1.930317
v 1.025758 10.81577 1.946042
v 0.904109 10.70604 1.991036
v 0.753387 10.66302 2.056375
v 0.603308 10.69513 2.12914
v 0.483677 10.79618 2.194975
v 0.418194 10.94606 2.240756
v 0.419718 11.11509 2.25757
v 0.488161 11.26978 2.241895
v 0.60972 11.3795 2.196942
v 0.866552 11.4945 1.873191
v 0.67942 11.53464 1.963966
v 1.015791 11.3685 1.791128
v 1.097386 11.18169 1.733947
v 1.095459 10.97092 1.713065
v 1.01022 10.77801 1.732624
v 0.858566 10.6411 1.788707
v 0.670624 10.58748 1.870265
v 0.483492 10.62763 1.96104
v 0.334354 10.75353 2.043071
v 0.252617 10.94042 2.100194
v 0.254545 11.1512 2.121076
v 0.339825 11.34411 2.101607
v 0.491438 11.48101 2.045434
v 2.377733 11.01018 1.521779
v 2.385156 11.2271 1.530862
v 2.310382 11.20688 1.584602
v 2.243158 11.15035 1.618833
v 2.196789 11.06866 1.626759
v 2.180352 10.97809 1.606683
v 2.197266 10.89641 1.562778
v 2.244013 10.83991 1.503535
v 2.311443 10.81979 1.440826
v 2.386206 10.83992 1.387073
v 2.453431 10.89644 1.352842
v 2.4998 10.97813 1.344916
v 2.516247 11.0688 1.365004
v 2.499333 11.15049 1.408909
v 2.452576 11.20689 1.46814
v 2.197486 11.39128 1.563091
v 2.33213 11.42759 1.466138
v 2.076343 11.28936 1.624758
v 1.992745 11.14226 1.638989
v 1.963164 10.97891 1.602858
v 1.993589 10.83172 1.523679
v 2.077871 10.72993 1.416988
v 2.199391 10.69366 1.304005
v 2.334035 10.72996 1.207052
v 2.455178 10.83188 1.145386
v 2.538776 10.97899 1.131154
v 2.568357 11.14233 1.167286
v 2.537932 11.28953 1.246464
v 2.45365 11.39132 1.353155
v 2.061283 11.52664 1.461514
v 2.229312 11.57204 1.340617
v 1.910254 11.39965 1.538454
v 1.805973 11.21616 1.556152
v 1.769112 11.01245 1.511128
v 1.807024 10.82897 1.412363
v 1.912097 10.70204 1.279292
v 2.063743 10.65676 1.138383
v 2.231545 10.70208 1.017524
v 2.382636 10.82905 0.94066
v 2.486855 11.01256 0.922886
v 2.523716 11.21626 0.96791
v 2.485804 11.39974 1.066674
v 2.38073 11.52668 1.199746
vn 0.375918 0.373739 0.847942
vn 0.418303 -0.093296 0.903503
vn 0.556393 0.335036 0.76038
vn 0.700201 0.21361 0.681241
vn 0.779036 0.033363 0.626091
vn 0.777129 -0.169876 0.60598
vn 0.694919 -0.355891 0.624844
vn 0.54866 -0.487876 0.678933
vn 0.367408 -0.539613 0.757516
vn 0.186931 -0.500912 0.84507
vn 0.043113 -0.379401 0.924228
vn -0.03562 -0.199233 0.979305
vn -0.033714 0.004003 0.999424
vn 0.048506 0.190014 0.980583
vn 0.194644 0.322023 0.926507
vn 0.573919 0.665947 0.476584
vn 0.261951 0.732823 0.627975
vn 0.822658 0.455911 0.339676
vn 0.958859 0.144263 0.244496
vn 0.955589 -0.207142 0.209626
vn 0.813456 -0.528782 0.242237
vn 0.560634 -0.756943 0.335749
vn 0.247132 -0.846468 0.471612
vn -0.064801 -0.779523 0.623012
vn -0.313522 -0.56947 0.759874
vn -0.449766 -0.2579 0.855101
vn -0.446409 0.093606 0.88992
vn -0.304329 0.415187 0.857324
vn -0.051476 0.643362 0.76383
vn 0.544079 0.780114 0.308869
vn 0.189857 0.856073 0.480722
vn 0.826486 0.541639 0.153455
vn 0.98116 0.187794 0.045381
vn 0.977431 -0.211176 0.005796
vn 0.816058 -0.576385 0.042771
vn 0.528998 -0.835445 0.14897
vn 0.173102 -0.937037 0.30331
vn -0.181108 -0.861063 0.475153
vn -0.463484 -0.622575 0.630542
vn -0.61818 -0.268774 0.738657
vn -0.614357 0.130193 0.778213
vn -0.453005 0.4954 0.741192
vn -0.165941 0.754458 0.635025
vn 0.609529 -0.27456 0.743702
vn 0.621314 0.197392 0.758291
vn 0.459422 0.153609 0.874835
vn 0.313757 0.031176 0.948991
vn 0.213188 -0.145822 0.966068
vn 0.177677 -0.342179 0.922683
vn 0.214303 -0.519161 0.827373
vn 0.315593 -0.64155 0.699153
vn 0.461736 -0.685264 0.563217
vn 0.623635 -0.641537 0.446664
vn 0.769327 -0.518984 0.372547
vn 0.869844 -0.342077 0.355465
vn 0.905377 -0.145632 0.398853
vn 0.868839 0.03125 0.494107
vn 0.767482 0.153647 0.622386
vn 0.228966 0.520367 0.822674
vn 0.508948 0.595954 0.621136
vn -0.022942 0.308564 0.950927
vn -0.196763 0.00256 0.980448
vn -0.258179 -0.336999 0.905415
vn -0.19503 -0.642927 0.740681
vn -0.019769 -0.854629 0.518863
vn 0.23289 -0.930127 0.283946
vn 0.512867 -0.8545 0.082442
vn 0.764703 -0.642753 -0.045808
vn 0.938573 -0.336758 -0.075329
vn 0.999996 0.002831 -0.000303
vn 0.936808 0.308811 0.1644
vn 0.761578 0.52044 0.386189
vn 0.103273 0.661395 0.742894
vn 0.421245 0.747186 0.514068
vn -0.182707 0.420907 0.888513
vn -0.380048 0.073544 0.922039
vn -0.449757 -0.312101 0.836846
vn -0.378086 -0.659379 0.649823
vn -0.179047 -0.899772 0.397937
vn 0.107912 -0.985466 0.131191
vn 0.425686 -0.899592 -0.097598
vn 0.711597 -0.659177 -0.243136
vn 0.90898 -0.311808 -0.276644
vn 0.978723 0.073829 -0.191442
vn 0.906978 0.421155 -0.004465
vn 0.708027 0.661465 0.247312
vt 0.5 0.7223
vt 0.5 0.5
vt 0.4011 0.7003
vt 0.3217 0.6386
vt 0.2777 0.5495
vt 0.2777 0.4505
vt 0.3217 0.3614
vt 0.4011 0.2997
vt 0.5 0.2777
vt 0.5989 0.2997
vt 0.6783 0.3614
vt 0.7223 0.4505
vt 0.7223 0.5495
vt 0.6783 0.6386
vt 0.5989 0.7003
vt 0.3217 0.8609
vt 0.5 0.9006
vt 0.1788 0.7498
vt 0.0994 0.5891
vt 0.0994 0.4109
vt 0.1788 0.2502
vt 0.3217 0.1391
vt 0.5 0.0994
vt 0.6783 0.1391
vt 0.8212 0.2502
vt 0.9006 0.4109
vt 0.9006 0.5891
vt 0.8212 0.7498
vt 0.6783 0.8609
vt 0.2777 0.95
vt 0.5 0.9995
vt 0.0994 0.8114
vt 0.0005 0.6111
vt 0.0005 0.3889
vt 0.0994 0.1886
vt 0.2777 0.05
vt 0.5 0.0005
vt 0.7223 0.05
vt 0.9006 0.1886
vt 0.9995 0.3889
vt 0.9995 0.6111
vt 0.9006 0.8114
vt 0.7223 0.95
vt 0.5 0.5
vt 0.5 0.7223
vt 0.4011 0.7003
vt 0.3217 0.6386
vt 0.2777 0.5495
vt 0.2777 0.4505
vt 0.3217 0.3614
vt 0.4011 0.2997
vt 0.5 0.2777
vt 0.5989 0.2997
vt 0.6783 0.3614
vt 0.7223 0.4505
vt 0.7223 0.5495
vt 0.6783 0.6386
vt 0.5989 0.7003
vt 0.3217 0.8609
vt 0.5 0.9006
vt 0.1788 0.7498
vt 0.0994 0.5891
vt 0.0994 0.4109
vt 0.1788 0.2502
vt 0.3217 0.1391
vt 0.5 0.0994
vt 0.6783 0.1391
vt 0.8212 0.2502
vt 0.9006 0.4109
vt 0.9006 0.5891
vt 0.8212 0.7498
vt 0.6783 0.8609
vt 0.2777 0.95
vt 0.5 0.9995
vt 0.0994 0.8114
vt 0.0005 0.6111
vt 0.0005 0.3889
vt 0.0994 0.1886
vt 0.2777 0.05
vt 0.5 0.0005
vt 0.7223 0.05
vt 0.9006 0.1886
vt 0.9995 0.3889
vt 0.9995 0.6111
vt 0.9006 0.8114
vt 0.7223 0.95
f 1/1/1 3/3/3 2/2/2
f 3/3/3 4/4/4 2/2/2
f 4/4/4 5/5/5 2/2/2
f 5/5/5 6/6/6 2/2/2
f 6/6/6 7/7/7 2/2/2
f 7/7/7 8/8/8 2/2/2
f 8/8/8 9/9/9 2/2/2
f 9/9/9 10/10/10 2/2/2
f 10/10/10 11/11/11 2/2/2
f 11/11/11 12/12/12 2/2/2
f 12/12/12 13/13/13 2/2/2
f 13/13/13 14/14/14 2/2/2
f 14/14/14 15/15/15 2/2/2
f 15/15/15 1/1/1 2/2/2
f 3/3/3 1/1/1 16/16/16
f 17/17/17 16/16/16 1/1/1
f 4/4/4 3/3/3 18/18/18
f 16/16/16 18/18/18 3/3/3
f 5/5/5 4/4/4 19/19/19
f 18/18/18 19/19/19 4/4/4
f 6/6/6 5/5/5 20/20/20
f 19/19/19 20/20/20 5/5/5
f 7/7/7 6/6/6 21/21/21
f 20/20/20 21/21/21 6/6/6
f 8/8/8 7/7/7 22/22/22
f 21/21/21 22/22/22 7/7/7
f 9/9/9 8/8/8 23/23/23
f 22/22/22 23/23/23 8/8/8
f 10/10/10 9/9/9 24/24/24
f 23/23/23 24/24/24 9/9/9
f 11/11/11 10/10/10 25/25/25
f 24/24/24 25/25/25 10/10/10
f 12/12/12 11/11/11 26/26/26
f 25/25/25 26/26/26 11/11/11
f 13/13/13 12/12/12 27/27/27
f 26/26/26 27/27/27 12/12/12
f 14/14/14 13/13/13 28/28/28
f 27/27/27 28/28/28 13/13/13
f 15/15/15 14/14/14 29/29/29
f 28/28/28 29/29/29 14/14/14
f 1/1/1 15/15/15 17/17/17
f 29/29/29 17/17/17 15/15/15
f 16/16/16 17/17/17 30/30/30
f 31/31/31 30/30/30 17/17/17
f 18/18/18 16/16/16 32/32/32
f 30/30/30 32/32/32 16/16/16
f 19/19/19 18/18/18 33/33/33
f 32/32/32 33/33/33 18/18/18
f 20/20/20 19/19/19 34/34/34
f 33/33/33 34/34/34 19/19/19
f 21/21/21 20/20/20 35/35/35
f 34/34/34 35/35/35 20/20/20
f 22/22/22 21/21/21 36/36/36
f 35/35/35 36/36/36 21/21/21
f 23/23/23 22/22/22 37/37/37
f 36/36/36 37/37/37 22/22/22
f 24/24/24 23/23/23 38/38/38
f 37/37/37 38/38/38 23/23/23
f 25/25/25 24/24/24 39/39/39
f 38/38/38 39/39/39 24/24/24
f 26/26/26 25/25/25 40/40/40
f 39/39/39 40/40/40 25/25/25
f 27/27/27 26/26/26 41/41/41
f 40/40/40 41/41/41 26/26/26
f 28/28/28 27/27/27 42/42/42
f 41/41/41 42/42/42 27/27/27
f 29/29/29 28/28/28 43/43/43
f 42/42/42 43/43/43 28/28/28
f 17/17/17 29/29/29 31/31/31
f 43/43/43 31/31/31 29/29/29
f 44/44/44 46/46/46 45/45/45
f 44/44/44 47/47/47 46/46/46
f 44/44/44 48/48/48 47/47/47
f 44/44/44 49/49/49 48/48/48
f 44/44/44 50/50/50 49/49/49
f 44/44/44 51/51/51 50/50/50
f 44/44/44 52/52/52 51/51/51
f 44/44/44 53/53/53 52/52/52
f 44/44/44 54/54/54 53/53/53
f 44/44/44 55/55/55 54/54/54
f 44/44/44 56/56/56 55/55/55
f 44/44/44 57/57/57 56/56/56
f 44/44/44 58/58/58 57/57/57
f 44/44/44 45/45/45 58/58/58
f 59/59/59 45/45/45 46/46/46
f 45/45/45 59/59/59 60/60/60
f 61/61/61 46/46/46 47/47/47
f 46/46/46 61/61/61 59/59/59
f 62/62/62 47/47/47 48/48/48
f 47/47/47 62/62/62 61/61/61
f 63/63/63 48/48/48 49/49/49
f 48/48/48 63/63/63 62/62/62
f 64/64/64 49/49/49 50/50/50
f 49/49/49 64/64/64 63/63/63
f 65/65/65 50/50/50 51/51/51
f 50/50/50 65/65/65 64/64/64
f 66/66/66 51/51/51 52/52/52
f 51/51/51 66/66/66 65/65/65
f 67/67/67 52/52/52 53/53/53
f 52/52/52 67/67/67 66/66/66
f 68/68/68 53/53/53 54/54/54
f 53/53/53 68/68/68 67/67/67
f 69/69/69 54/54/54 55/55/55
f 54/54/54 69/69/69 68/68/68
f 70/70/70 55/55/55 56/56/56
f 55/55/55 70/70/70 69/69/69
f 71/71/71 56/56/56 57/57/57
f 56/56/56 71/71/71 70/70/70
f 72/72/72 57/57/57 58/58/58
f 57/57/57 72/72/72 71/71/71
f 60/60/60 58/58/58 45/45/45
f 58/58/58 60/60/60 72/72/72
f 73/73/73 60/60/60 59/59/59
f 60/60/60 73/73/73 74/74/74
f 75/75/75 59/59/59 61/61/61
f 59/59/59 75/75/75 73/73/73
f 76/76/76 61/61/61 62/62/62
f 61/61/61 76/76/76 75/75/75
f 77/77/77 62/62/62 63/63/63
f 62/62/62 77/77/77 76/76/76
f 78/78/78 63/63/63 64/64/64
f 63/63/63 78/78/78 77/77/77
f 79/79/79 64/64/64 65/65/65
f 64/64/64 79/79/79 78/78/78
f 80/80/80 65/65/65 66/66/66
f 65/65/65 80/80/80 79/79/79
f 81/81/81 66/66/66 67/67/67
f 66/66/66 81/81/81 80/80/80
f 82/82/82 67/67/67 68/68/68
f 67/67/67 82/82/82 81/81/81
f 83/83/83 68/68/68 69/69/69
f 68/68/68 83/83/83 82/82/82
f 84/84/84 69/69/69 70/70/70
f 69/69/69 84/84/84 83/83/83
f 85/85/85 70/70/70 71/71/71
f 70/70/70 85/85/85 84/84/84
f 86/86/86 71/71/71 72/72/72
f 71/71/71 86/86/86 85/85/85
f 74/74/74 72/72/72 60/60/60
f 72/72/72 74/74/74 86/86/86

g magi_body
# texture: magi_body.jpg
v 0.663427 6.377809 0.34929
v 0.089612 6.33111 0.309262
v 0.091718 6.013368 0.734245
v -0.477307 6.413111 0.380263
v 4.500984 5.789433 -0.251516
v 4.49544 4.56964 1.048851
v 5.308527 5.616851 -0.041547
v 5.23751 6.634854 -1.860112
v 4.46301 6.770854 -1.930412
v 1.263677 2.011647 3.644348
v 0.081118 4.329908 2.262607
v -0.021758 1.834621 3.283559
v -0.003126 0.16242 3.400931
v 1.358092 0.122111 3.4906
v 3.050217 4.779658 1.572532
v 2.723953 6.186292 0.308875
v 3.261044 2.161706 3.045252
v 4.394056 2.372413 2.058235
v 4.936465 0.603914 -1.27911
v 5.172478 2.233958 -1.186115
v 4.466741 0.223727 0.45117
v 3.197857 6.573571 -0.983933
v 1.288313 6.722267 -0.328735
v 5.002912 6.124656 -3.686812
v 3.638831 7.073123 -3.293183
v 4.46301 6.770854 -1.930412
v 5.23751 6.634854 -1.860112
v 5.174902 4.872318 -4.409388
v 3.82559 5.580758 -4.72917
v 5.002912 6.124656 -3.686812
v 3.303862 7.285197 -1.908741
v 3.303862 7.285197 -1.908741
v 1.904095 7.915414 -1.59427
v 1.954133 8.147243 -2.651203
v 1.904095 7.915414 -1.59427
v 2.04982 7.385162 -3.588606
v 0.018158 7.321408 -3.465881
v 0.049302 8.022801 -3.103533
v 2.113814 5.762388 -4.752863
v 2.297567 3.742489 -5.294909
v -0.043536 3.920903 -4.434283
v -0.054738 5.727796 -4.334373
v 3.652893 3.700414 -5.150023
v -0.008089 0.736789 -4.046089
v 1.807014 0.801763 -4.638866
v 4.805877 3.631835 -4.359528
v 4.452369 1.160044 -4.04991
v 5.384793 3.566375 -4.095952
v 5.293584 2.394375 -3.187516
v 5.172478 2.233958 -1.186115
v 4.936465 0.603914 -1.27911
v 4.826604 0.716435 -2.311805
v 3.021189 0.066836 2.573454
v 5.264252 3.565971 0.871741
v 5.247854 3.051771 0.879647
v 5.295563 2.391613 0.177449
v 5.194902 3.955074 -1.716814
v 5.23751 6.634854 -1.860112
v 5.308527 5.616851 -0.041547
v 5.002912 6.124656 -3.686812
v 5.174902 4.872318 -4.409388
v 5.384793 3.566375 -4.095952
v 5.293584 2.394375 -3.187516
v 5.172478 2.233958 -1.186115
v 5.264252 3.565971 0.871741
v 5.247854 3.051771 0.879647
v 5.295563 2.391613 0.177449
v -5.174094 5.941251 0.243068
v -4.369352 4.843975 1.28954
v -4.369903 6.063956 -0.010661
v -4.413119 6.985313 -1.742254
v -5.187719 6.849313 -1.671955
v -1.311063 1.982924 3.64385
v -1.36324 0.091752 3.490073
v -2.887655 4.963414 1.733752
v -2.544085 6.349319 0.451908
v -3.311049 2.08839 3.043978
v -4.448096 2.273774 2.056521
v -4.472204 0.124007 0.449437
v -5.221977 2.118001 -1.18813
v -4.949621 0.493628 -1.281027
v -1.115451 6.796655 -0.26347
v -3.06254 6.767307 -0.813956
v -4.413119 6.985313 -1.742254
v -3.596341 7.297025 -3.09674
v -4.953117 6.339114 -3.498654
v -5.187719 6.849313 -1.671955
v -3.952423 5.821461 -4.517989
v -5.323705 5.197213 -4.124339
v -4.953117 6.339114 -3.498654
v -3.174351 7.485674 -1.732851
v -3.174351 7.485674 -1.732851
v -1.724132 8.027694 -1.495759
v -1.724132 8.027694 -1.495759
v -1.816873 8.263942 -2.548816
v -2.009442 7.510781 -3.478393
v -2.236501 5.897015 -4.634747
v -2.379843 3.690309 -5.295817
v -3.733949 3.61801 -5.151455
v -1.824061 0.761256 -4.639571
v -4.476977 1.060431 -4.051641
v -4.885422 3.523722 -4.361407
v -5.462835 3.445362 -4.098056
v -5.345856 2.275684 -3.189579
v -4.841897 0.608576 -2.31368
v -4.949621 0.493628 -1.281027
v -5.221977 2.118001 -1.18813
v -3.024335 -0.000607 2.572282
v -5.207179 3.890024 1.156052
v -5.222178 3.375782 1.16392
v -5.349077 2.272865 0.175385
v -5.174094 5.941251 0.243068
v -5.187719 6.849313 -1.671955
v -5.254348 4.278441 -1.433105
v -4.953117 6.339114 -3.498654
v -5.323705 5.197213 -4.124339
v -5.462835 3.445362 -4.098056
v -5.345856 2.275684 -3.189579
v -5.221977 2.118001 -1.18813
v -5.207179 3.890024 1.156052
v -5.222178 3.375782 1.16392
v -5.349077 2.272865 0.175385
v 2.398838 0.748135 3.154518
v 3.098777 0.707612 2.931183
v 3.312549 0.891353 2.891278
v 3.273014 1.439498 2.9827
v 3.348883 1.988505 3.038348
v 3.147242 2.16878 3.127058
v 2.444239 2.116647 3.338031
v 1.695836 0.695902 3.365493
v 1.744301 2.157071 3.561368
v 1.53053 1.973329 3.601272
v 1.570064 1.425284 3.509849
v 1.494195 0.876177 3.454202
vn 0.105732 0.629045 0.770145
vn 0.040053 0.581119 0.812833
vn 0.041052 0.707975 0.705043
vn -0.024758 0.632974 0.773777
vn 0.172587 0.810264 0.560077
vn 0.436984 0.467311 0.768548
vn 0.704091 0.538035 0.463438
vn 0.709906 0.703707 0.028802
vn 0.285306 0.946924 0.148105
vn 0.062748 0.212373 0.975172
vn 0.03943 0.532114 0.845754
vn -0.002612 0.217139 0.976137
vn 0.000088 -0.025236 0.999682
vn 0.23197 -0.067417 0.970384
vn 0.236537 0.557728 0.795607
vn 0.192585 0.815787 0.545346
vn 0.43794 0.100498 0.893369
vn 0.753101 -0.053558 0.655721
vn 0.986907 -0.146704 0.067025
vn 0.990489 -0.137529 0.004139
vn 0.891768 -0.300828 0.338013
vn 0.26609 0.822077 0.503374
vn 0.513228 0.461359 0.723703
vn 0.647308 0.534308 -0.543606
vn 0.408827 0.825633 -0.388832
vn 0.285306 0.946924 0.148105
vn 0.709906 0.703707 0.028802
vn 0.790405 0.225472 -0.569581
vn 0.274544 0.472844 -0.837284
vn 0.647308 0.534308 -0.543606
vn 0.405265 0.864073 0.298561
vn 0.405265 0.864073 0.298561
vn 0.82345 0.438693 0.359831
vn 0.515397 0.768275 -0.379631
vn 0.82345 0.438693 0.359831
vn 0.066365 0.692237 -0.718613
vn -0.006608 0.53028 -0.847797
vn -0.012398 0.402475 -0.915347
vn -0.054597 0.439112 -0.896772
vn -0.077622 0.000893 -0.996983
vn 0.00093 -0.066044 -0.997816
vn -0.014733 0.346737 -0.937847
vn 0.288597 -0.052957 -0.955985
vn 0.001808 -0.144871 -0.989449
vn -0.091723 -0.223647 -0.970345
vn 0.525048 -0.230888 -0.819155
vn 0.651083 -0.321518 -0.687545
vn 0.814275 -0.236247 -0.53023
vn 0.957252 -0.201528 -0.2075
vn 0.990489 -0.137529 0.004139
vn 0.986907 -0.146704 0.067025
vn 0.958663 -0.259392 -0.116969
vn 0.592008 -0.243657 0.768218
vn 0.876667 0.118061 0.466386
vn 0.936717 -0.092097 0.337758
vn 0.973962 -0.18203 0.135143
vn 0.999699 -0.007885 -0.023219
vn 0.709906 0.703707 0.028802
vn 0.704091 0.538035 0.463438
vn 0.647308 0.534308 -0.543606
vn 0.790405 0.225472 -0.569581
vn 0.814275 -0.236247 -0.53023
vn 0.957252 -0.201528 -0.2075
vn 0.990489 -0.137529 0.004139
vn 0.876667 0.118061 0.466386
vn 0.936717 -0.092097 0.337758
vn 0.973962 -0.18203 0.135143
vn -0.643341 0.579733 0.500022
vn -0.364968 0.492129 0.790322
vn -0.091577 0.818438 0.56725
vn -0.285308 0.946924 0.148104
vn -0.709907 0.703707 0.0288
vn -0.067849 0.210916 0.975147
vn -0.230784 -0.072579 0.970294
vn -0.158145 0.569942 0.806323
vn -0.111964 0.825212 0.553615
vn -0.44042 0.090699 0.893199
vn -0.751973 -0.070348 0.655429
vn -0.884966 -0.320649 0.337668
vn -0.987176 -0.159591 0.003756
vn -0.983415 -0.168684 0.066643
vn -0.44404 0.490763 0.749653
vn -0.187126 0.836073 0.515718
vn -0.285308 0.946924 0.148104
vn -0.377628 0.849907 -0.3675
vn -0.647308 0.534307 -0.543607
vn -0.709907 0.703707 0.0288
vn -0.289788 0.490308 -0.821962
vn -0.804676 0.274834 -0.526272
vn -0.647308 0.534307 -0.543607
vn -0.334308 0.886932 0.318733
vn -0.334308 0.886932 0.318733
vn -0.774358 0.487739 0.40309
vn -0.774358 0.487739 0.40309
vn -0.486961 0.799082 -0.352615
vn -0.062324 0.696219 -0.715119
vn 0.03293 0.436404 -0.899148
vn 0.07797 0.002629 -0.996952
vn -0.286973 -0.059378 -0.956097
vn 0.097066 -0.221541 -0.970308
vn -0.643481 -0.33596 -0.687796
vn -0.519449 -0.242541 -0.819358
vn -0.808596 -0.254352 -0.530545
vn -0.952437 -0.222831 -0.20787
vn -0.952592 -0.280713 -0.117339
vn -0.983415 -0.168684 0.066643
vn -0.987176 -0.159591 0.003756
vn -0.586723 -0.256806 0.767989
vn -0.841123 0.17122 0.513026
vn -0.920927 -0.034609 0.388195
vn -0.969711 -0.203713 0.134766
vn -0.643341 0.579733 0.500022
vn -0.709907 0.703707 0.0288
vn -0.998062 0.053938 0.031022
vn -0.647308 0.534307 -0.543607
vn -0.804676 0.274834 -0.526272
vn -0.808596 -0.254352 -0.530545
vn -0.952437 -0.222831 -0.20787
vn -0.987176 -0.159591 0.003756
vn -0.841123 0.17122 0.513026
vn -0.920927 -0.034609 0.388195
vn -0.969711 -0.203713 0.134766
vn 0.293972 -0.136563 0.946008
vn 0.293972 -0.136563 0.946008
vn 0.293972 -0.136563 0.946008
vn 0.293972 -0.136563 0.946008
vn 0.293972 -0.136563 0.946008
vn 0.293972 -0.136563 0.946008
vn 0.293972 -0.136563 0.946008
vn 0.293972 -0.136563 0.946008
vn 0.293972 -0.136563 0.946008
vn 0.293972 -0.136563 0.946008
vn 0.293972 -0.136563 0.946008
vn 0.293972 -0.136563 0.946008
vt 0.0681 0.7594
vt 0.0222 0.7472
vt 0.0222 0.6539
vt 0.0681 0.7594
vt 0.4726 0.6585
vt 0.467 0.4858
vt 0.5737 0.6305
vt 0.5723 0.9186
vt 0.4723 0.9182
vt 0.1389 0.2114
vt 0.0222 0.4421
vt 0.0272 0.1967
vt 0.0272 0.0343
vt 0.1461 0.0345
vt 0.3237 0.4895
vt 0.2756 0.6731
vt 0.3339 0.2237
vt 0.4468 0.2429
vt 0.6405 0.1212
vt 0.6308 0.2666
vt 0.5329 0.0633
vt 0.3208 0.7792
vt 0.1281 0.8055
vt 0.6617 0.4677
vt 0.7863 0.4919
vt 0.712 0.6047
vt 0.662 0.6068
vt 0.6969 0.3424
vt 0.7776 0.3526
vt 0.6612 0.4672
vt 0.3323 0.9427
vt 0.7865 0.602
vt 0.1487 0.9744
vt 0.8886 0.5775
vt 0.8881 0.6429
vt 0.875 0.4966
vt 0.9762 0.5031
vt 0.9762 0.5757
vt 0.8677 0.3619
vt 0.863 0.2256
vt 0.9762 0.2449
vt 0.9762 0.3602
vt 0.7874 0.2212
vt 0.9762 0.0329
vt 0.8918 0.032
vt 0.7331 0.22
vt 0.7648 0.0171
vt 0.6997 0.2371
vt 0.7025 0.1095
vt 0.6482 0.091
vt 0.6519 0.0181
vt 0.6981 0.0102
vt 0.319 0.0338
vt 0.5715 0.434
vt 0.5744 0.3879
vt 0.6075 0.2827
vt 0.7193 0.644
vt 0.7342 0.6711
vt 0.7591 0.655
vt 0.6995 0.6712
vt 0.68 0.6608
vt 0.6738 0.6464
vt 0.6797 0.6317
vt 0.7116 0.6234
vt 0.7606 0.6329
vt 0.7572 0.6276
vt 0.7353 0.6204
vt 0.5737 0.6305
vt 0.467 0.4858
vt 0.4726 0.6585
vt 0.4723 0.9182
vt 0.5723 0.9186
vt 0.1389 0.2114
vt 0.1461 0.0345
vt 0.3237 0.4895
vt 0.2756 0.6731
vt 0.3339 0.2237
vt 0.4468 0.2429
vt 0.5329 0.0633
vt 0.6308 0.2666
vt 0.6405 0.1212
vt 0.1281 0.8055
vt 0.3208 0.7792
vt 0.712 0.6047
vt 0.7863 0.4919
vt 0.6617 0.4677
vt 0.662 0.6068
vt 0.7776 0.3526
vt 0.6969 0.3424
vt 0.6612 0.4672
vt 0.3323 0.9427
vt 0.7865 0.602
vt 0.1487 0.9744
vt 0.8881 0.6429
vt 0.8886 0.5775
vt 0.875 0.4966
vt 0.8677 0.3619
vt 0.863 0.2256
vt 0.7874 0.2212
vt 0.8918 0.032
vt 0.7648 0.0171
vt 0.7331 0.22
vt 0.6997 0.2371
vt 0.7025 0.1095
vt 0.6981 0.0102
vt 0.6519 0.0181
vt 0.6482 0.091
vt 0.319 0.0338
vt 0.5715 0.434
vt 0.5744 0.3879
vt 0.6075 0.2827
vt 0.7591 0.655
vt 0.7342 0.6711
vt 0.7193 0.644
vt 0.6995 0.6712
vt 0.68 0.6608
vt 0.6738 0.6464
vt 0.6797 0.6317
vt 0.7116 0.6234
vt 0.7606 0.6329
vt 0.7572 0.6276
vt 0.7353 0.6204
vt 0.9311 0.7201
vt 0.7297 0.712
vt 0.6749 0.7439
vt 0.6915 0.8351
vt 0.6749 0.924
vt 0.7297 0.9559
vt 0.9311 0.9478
vt 0.7297 0.712
vt 0.7297 0.9559
vt 0.6749 0.924
vt 0.6915 0.8351
vt 0.6749 0.7439
f 87/87/87 89/89/89 88/88/88
f 89/89/89 90/90/90 88/88/88
f 91/91/91 93/93/93 92/92/92
f 93/93/93 95/95/95 94/94/94
f 95/95/95 93/93/93 91/91/91
f 96/96/96 98/98/98 97/97/97
f 96/96/96 99/99/99 98/98/98
f 99/99/99 96/96/96 100/100/100
f 89/89/89 101/101/101 97/97/97
f 101/101/101 89/89/89 102/102/102
f 92/92/92 103/103/103 101/101/101
f 103/103/103 92/92/92 104/104/104
f 105/105/105 107/107/107 106/106/106
f 108/108/108 87/87/87 109/109/109
f 87/87/87 108/108/108 102/102/102
f 110/110/110 112/112/112 111/111/111
f 112/112/112 110/110/110 113/113/113
f 114/114/114 111/111/111 115/115/115
f 111/111/111 114/114/114 116/116/116
f 108/108/108 117/117/117 95/95/95
f 111/111/111 112/112/112 118/118/118
f 109/109/109 117/117/117 108/108/108
f 117/117/117 109/109/109 119/119/119
f 111/111/111 121/121/121 120/120/120
f 121/121/121 111/111/111 118/118/118
f 120/120/120 123/123/123 122/122/122
f 123/123/123 120/120/120 124/124/124
f 122/122/122 115/115/115 111/111/111
f 115/115/115 122/122/122 125/125/125
f 120/120/120 122/122/122 111/111/111
f 126/126/126 128/128/128 127/127/127
f 128/128/128 126/126/126 125/125/125
f 125/125/125 129/129/129 115/115/115
f 129/129/129 125/125/125 126/126/126
f 130/130/130 126/126/126 127/127/127
f 126/126/126 130/130/130 131/131/131
f 122/122/122 128/128/128 125/125/125
f 128/128/128 122/122/122 123/123/123
f 129/129/129 133/133/133 132/132/132
f 133/133/133 129/129/129 131/131/131
f 131/131/131 129/129/129 126/126/126
f 129/129/129 114/114/114 115/115/115
f 114/114/114 129/129/129 132/132/132
f 132/132/132 134/134/134 114/114/114
f 134/134/134 132/132/132 135/135/135
f 136/136/136 138/138/138 137/137/137
f 138/138/138 136/136/136 135/135/135
f 135/135/135 133/133/133 138/138/138
f 133/133/133 135/135/135 132/132/132
f 97/97/97 103/103/103 96/96/96
f 103/103/103 97/97/97 101/101/101
f 96/96/96 139/139/139 100/100/100
f 139/139/139 96/96/96 103/103/103
f 104/104/104 139/139/139 103/103/103
f 139/139/139 104/104/104 107/107/107
f 87/87/87 102/102/102 89/89/89
f 108/108/108 91/91/91 102/102/102
f 91/91/91 108/108/108 95/95/95
f 91/91/91 101/101/101 102/102/102
f 101/101/101 91/91/91 92/92/92
f 140/140/140 92/92/92 93/93/93
f 104/104/104 140/140/140 141/141/141
f 140/140/140 104/104/104 92/92/92
f 104/104/104 142/142/142 107/107/107
f 142/142/142 104/104/104 141/141/141
f 106/106/106 107/107/107 142/142/142
f 143/143/143 145/145/145 144/144/144
f 143/143/143 144/144/144 146/146/146
f 143/143/143 146/146/146 147/147/147
f 143/143/143 147/147/147 148/148/148
f 143/143/143 148/148/148 149/149/149
f 143/143/143 149/149/149 150/150/150
f 143/143/143 151/151/151 145/145/145
f 143/143/143 152/152/152 151/151/151
f 143/143/143 153/153/153 152/152/152
f 143/143/143 150/150/150 153/153/153
f 154/154/154 156/156/156 155/155/155
f 157/157/157 154/154/154 158/158/158
f 154/154/154 157/157/157 156/156/156
f 98/98/98 159/159/159 97/97/97
f 99/99/99 159/159/159 98/98/98
f 159/159/159 99/99/99 160/160/160
f 161/161/161 89/89/89 97/97/97
f 89/89/89 161/161/161 162/162/162
f 163/163/163 155/155/155 161/161/161
f 155/155/155 163/163/163 164/164/164
f 165/165/165 167/167/167 166/166/166
f 90/90/90 169/169/169 168/168/168
f 169/169/169 90/90/90 162/162/162
f 170/170/170 172/172/172 171/171/171
f 172/172/172 170/170/170 173/173/173
f 171/171/171 175/175/175 174/174/174
f 175/175/175 171/171/171 176/176/176
f 177/177/177 169/169/169 157/157/157
f 170/170/170 171/171/171 178/178/178
f 177/177/177 168/168/168 169/169/169
f 168/168/168 177/177/177 179/179/179
f 180/180/180 171/171/171 181/181/181
f 171/171/171 180/180/180 178/178/178
f 123/123/123 181/181/181 182/182/182
f 181/181/181 123/123/123 124/124/124
f 174/174/174 182/182/182 171/171/171
f 182/182/182 174/174/174 183/183/183
f 182/182/182 181/181/181 171/171/171
f 128/128/128 184/184/184 127/127/127
f 184/184/184 128/128/128 183/183/183
f 185/185/185 183/183/183 174/174/174
f 183/183/183 185/185/185 184/184/184
f 184/184/184 130/130/130 127/127/127
f 130/130/130 184/184/184 186/186/186
f 128/128/128 182/182/182 183/183/183
f 182/182/182 128/128/128 123/123/123
f 187/187/187 185/185/185 188/188/188
f 185/185/185 187/187/187 186/186/186
f 185/185/185 186/186/186 184/184/184
f 175/175/175 185/185/185 174/174/174
f 185/185/185 175/175/175 188/188/188
f 189/189/189 188/188/188 175/175/175
f 188/188/188 189/189/189 190/190/190
f 191/191/191 193/193/193 192/192/192
f 193/193/193 191/191/191 190/190/190
f 187/187/187 190/190/190 191/191/191
f 190/190/190 187/187/187 188/188/188
f 163/163/163 97/97/97 159/159/159
f 97/97/97 163/163/163 161/161/161
f 194/194/194 159/159/159 160/160/160
f 159/159/159 194/194/194 163/163/163
f 194/194/194 164/164/164 163/163/163
f 164/164/164 194/194/194 165/165/165
f 162/162/162 90/90/90 89/89/89
f 156/156/156 169/169/169 162/162/162
f 169/169/169 156/156/156 157/157/157
f 161/161/161 156/156/156 162/162/162
f 156/156/156 161/161/161 155/155/155
f 155/155/155 195/195/195 154/154/154
f 195/195/195 164/164/164 196/196/196
f 164/164/164 195/195/195 155/155/155
f 197/197/197 164/164/164 165/165/165
f 164/164/164 197/197/197 196/196/196
f 165/165/165 166/166/166 197/197/197
f 198/198/198 200/200/200 199/199/199
f 199/199/199 200/200/200 201/201/201
f 201/201/201 200/200/200 202/202/202
f 202/202/202 200/200/200 203/203/203
f 203/203/203 200/200/200 204/204/204
f 204/204/204 200/200/200 205/205/205
f 206/206/206 200/200/200 198/198/198
f 207/207/207 200/200/200 206/206/206
f 208/208/208 200/200/200 207/207/207
f 205/205/205 200/200/200 208/208/208
f 209/209/209 211/211/211 210/210/210
f 212/212/212 214/214/214 213/213/213
f 211/211/211 214/214/214 212/212/212
f 209/209/209 214/214/214 211/211/211
f 215/215/215 214/214/214 209/209/209
f 216/216/216 215/215/215 209/209/209
f 215/215/215 218/218/218 217/217/217
f 216/216/216 218/218/218 215/215/215
f 216/216/216 219/219/219 218/218/218
f 220/220/220 219/219/219 216/216/216

g magi_face
# texture: magi_face.jpg
v 1.970389 10.11323 -1.036221
v 1.699971 10.25888 -1.985819
v 2.083941 11.50871 -1.642863
v -0.650721 10.15712 -2.969502
v 0.829741 10.18377 -2.682307
v 0.900784 9.7769 -2.677016
v -0.438717 9.591269 -2.553661
v 1.692336 10.55665 -1.927308
v 2.546978 11.87607 -1.135688
v 2.534625 12.03814 -1.819983
v 2.392032 12.01892 -1.690054
v 1.970389 10.11323 -1.036221
v 2.083941 11.50871 -1.642863
v 2.53574 11.42185 -2.011952
v 2.299766 10.41016 -1.559862
v 2.272113 10.12771 -0.817148
v 2.461759 11.078 -0.874754
v 2.450856 11.68406 -0.914854
v 1.514089 8.950619 -2.430457
v 0.900784 9.7769 -2.677016
v 1.699971 10.25888 -1.985819
v 1.811809 9.00795 -1.310017
v 0.083485 8.897036 -2.826211
v -0.438717 9.591269 -2.553661
v 0.104679 6.908596 0.220737
v 0.698896 6.99173 0.071224
v 0.751668 7.948894 0.168218
v 0.138171 7.826089 0.408538
v 1.411161 8.482398 -0.386944
v 1.940775 9.523269 -0.913003
v 1.970389 10.11323 -1.036221
v 1.904095 7.915414 -1.59427
v 1.954133 8.147243 -2.651203
v 0.049302 8.022801 -3.103533
v 0.089612 6.33111 0.309262
v 0.663427 6.377809 0.34929
v 1.288313 6.722267 -0.328735
v 1.489241 8.737144 -0.212562
v 0.893832 8.248933 0.234299
v -1.497222 11.37897 0.006344
v -1.359281 9.835724 -0.40466
v -0.8798 10.00997 0.276355
v -1.411794 9.69312 -1.612022
v -1.394052 10.10321 -1.6582
v -1.402418 10.44453 -0.502104
v -1.67772 11.87148 0.184158
v -1.955447 11.87547 0.247796
v -1.434352 11.73183 0.697805
v -0.8798 10.00997 0.276355
v -1.508534 10.27219 0.193946
v -2.065086 11.25517 0.106832
v -1.497222 11.37897 0.006344
v -0.909973 10.01243 0.648274
v -1.133385 10.94775 0.780891
v -1.192947 11.55206 0.7632
v -1.317512 9.038247 -2.353575
v -1.549943 9.111983 -1.218741
v -1.359281 9.835724 -0.40466
v -1.411794 9.69312 -1.612022
v -0.47869 7.986969 0.201624
v -0.490497 7.028537 0.103517
v -1.133084 8.561133 -0.317865
v -0.731843 9.426445 0.317798
v -0.8798 10.00997 0.276355
v -1.816873 8.263942 -2.548816
v -1.724132 8.027694 -1.495759
v -0.477307 6.413111 0.380263
v -1.115451 6.796655 -0.26347
v 0.139496 8.688246 0.409026
v 0.074444 11.45323 2.386633
v 0.76014 11.38838 2.606583
v 0.782078 12.59039 2.531591
v 0.08425 12.561 2.237461
v 1.555798 11.36841 2.416989
v 1.747709 11.33455 2.359241
v 1.717388 12.35718 2.347704
v 1.539418 10.80246 2.27428
v 1.72577 10.80294 2.243638
v 1.736628 11.12612 2.31877
v 1.445772 11.13619 2.394705
v 1.036124 9.732128 2.128609
v 1.200768 9.756266 2.116793
v 1.23581 10.08322 2.161438
v 1.005023 10.0729 2.180689
v 1.60593 10.20635 2.394058
v 1.668425 9.730623 2.504059
v 1.880128 9.741655 2.495329
v 1.81268 10.2184 2.386374
v 0.636343 10.05636 2.205233
v 0.650237 10.37318 2.269177
v 0.124318 10.40821 2.201755
v 0.131008 10.09872 2.099127
v -0.682341 11.00183 1.486381
v -0.36904 10.87679 1.88753
v -0.472323 11.35006 1.752631
v 1.688327 9.586166 2.452672
v 1.855536 9.570122 2.428435
v 1.519001 9.56181 2.084987
v 1.671951 9.53718 2.027201
v 1.789149 9.511648 2.279681
v 1.585186 9.596016 2.247898
v 1.126801 9.50687 2.092992
v 1.286824 9.636333 2.087083
v 1.465728 9.389775 2.051658
v 1.694568 9.337547 1.992437
v 0.841284 9.405811 2.06292
v 1.411029 9.248298 2.079991
v 1.378131 11.01888 2.296217
v 1.28555 10.91759 2.103065
v 1.312716 9.075054 1.918182
v 1.642344 9.058085 1.857376
v 1.717889 9.177393 2.027024
v 0.907424 9.185273 2.008555
v 0.916948 9.062724 1.916926
v 0.840715 8.960489 1.848782
v 1.092453 8.87923 1.891483
v 1.331987 8.819544 1.913271
v 1.651877 8.828581 1.856706
v 1.283043 8.652973 1.704412
v 0.987283 8.68198 1.691412
v 1.558651 8.673774 1.646668
v 0.689211 8.979766 1.82305
v 0.453656 9.048259 1.786892
v 0.7397 8.37508 1.495628
v 0.712865 9.712151 2.090294
v 0.266957 9.755918 1.969827
v -0.808152 10.48173 1.084729
v -0.465548 10.10701 1.457869
v -0.430255 10.47538 1.743359
v -0.910699 10.01241 0.648609
v -0.572092 9.591601 1.119473
v 0.988125 8.001777 1.449577
v 0.999943 7.936978 1.252236
v 1.34215 7.906301 1.182758
v 1.445088 7.991517 1.412985
v 0.65621 8.134356 1.30616
v -0.696518 9.355424 0.782392
v 0.13877 8.68822 0.40936
v 0.893105 8.248907 0.234633
v -0.732569 9.426418 0.318133
v -0.210581 8.878126 0.943238
v -0.880526 10.00994 0.27669
v -0.023638 9.080496 1.362941
v -0.013281 11.13402 2.131565
v 0.557723 11.18654 2.463796
v 0.122127 11.22278 2.315854
v 0.221089 10.86375 2.208531
v 0.238945 11.01897 2.190148
v 1.08154 8.22095 1.635938
v 1.513733 8.236694 1.58133
v 1.504487 9.738523 2.389805
v 1.515226 9.611412 2.309121
v 0.980223 10.56935 2.186221
v 0.964192 10.72034 2.174924
v 1.185892 10.77768 2.000756
v 1.186198 10.86329 1.984237
v 0.972193 10.8446 2.192539
v 0.753318 10.82464 2.287069
v 0.728563 10.68264 2.259842
v 0.816861 11.18186 2.428864
v 1.201876 11.04422 2.355663
v -0.589802 11.91575 1.716166
v -0.862065 11.34767 1.347213
v -1.088638 11.80834 1.28589
v -1.44257 13.16844 1.626325
v -1.342399 12.42102 1.482463
v -0.887251 12.98268 2.398252
v -1.134021 10.94773 0.781184
v -1.193673 11.55203 0.763535
v 0.513995 11.09945 2.348836
v 0.503139 10.86784 2.292897
v 0.493702 10.72214 2.254145
v 1.041211 11.07985 2.212666
v 0.785616 11.11956 2.338894
v 0.516629 11.06 2.34351
v 0.786665 11.09811 2.333024
v 0.785616 11.11956 2.338894
v 0.513995 11.09945 2.348836
v 0.249162 11.01704 2.085648
v 0.486276 11.04888 2.230978
v 0.516079 11.04355 2.340059
v 0.516079 11.04355 2.340059
v 0.238945 11.01897 2.190148
v 0.249162 11.01704 2.085648
v 0.979442 11.04945 2.114902
v 1.068089 10.89968 1.927008
v 1.186198 10.86329 1.984237
v 1.186198 10.86329 1.984237
v 1.027067 11.04737 2.213578
v 0.979442 11.04945 2.114902
v 0.486276 11.04888 2.230978
v 0.736341 11.08602 2.24552
v 0.786592 11.08109 2.331047
v 0.786592 11.08109 2.331047
v 0.516079 11.04355 2.340059
v 0.486276 11.04888 2.230978
v 0.238945 11.01897 2.190148
v 1.186198 10.86329 1.984237
v 1.041211 11.07985 2.212666
v 1.033259 11.06179 2.212351
v 0.979442 11.04945 2.114902
v 1.027067 11.04737 2.213578
v 0.786592 11.08109 2.331047
v 0.786592 11.08109 2.331047
v 0.736341 11.08602 2.24552
v 0.979442 11.04945 2.114902
v 0.482475 10.90111 2.206396
v 0.249162 11.01704 2.085648
v 0.238945 11.01897 2.190148
v 0.238945 11.01897 2.190148
v 0.503139 10.86784 2.292897
v 0.482475 10.90111 2.206396
v 0.714892 10.86268 2.196137
v 0.482475 10.90111 2.206396
v 0.503139 10.86784 2.292897
v 0.503139 10.86784 2.292897
v 0.753318 10.82464 2.287069
v 0.714892 10.86268 2.196137
v 0.935359 10.86703 2.127569
v 0.714892 10.86268 2.196137
v 0.753318 10.82464 2.287069
v 0.753318 10.82464 2.287069
v 0.972193 10.8446 2.192539
v 0.935359 10.86703 2.127569
v 1.068089 10.89968 1.927008
v 0.935359 10.86703 2.127569
v 0.972193 10.8446 2.192539
v 0.972193 10.8446 2.192539
v 1.186198 10.86329 1.984237
v 1.068089 10.89968 1.927008
v 0.516079 11.04355 2.340059
v 0.786592 11.08109 2.331047
v 1.027067 11.04737 2.213578
v 2.865987 11.55436 1.101065
v 2.449468 12.65079 1.76372
v 2.592299 11.45475 1.762832
v 2.680339 12.65506 1.041903
v 1.915052 11.38099 2.253753
v 1.869955 10.81444 2.12206
v 1.983987 11.15518 2.15009
v 2.149564 9.772466 1.615845
v 2.024069 10.11178 1.798428
v 2.032421 9.786395 1.733799
v 2.188909 10.1158 1.635482
v 1.953353 10.21893 2.234063
v 2.024744 9.743532 2.339966
v 2.447441 10.12197 1.371181
v 2.755813 10.50354 0.989893
v 2.468144 10.43904 1.43199
v 2.692055 10.1915 0.919707
v 2.700191 11.12437 -0.071352
v 2.745441 11.46663 0.270779
v 2.809143 10.99193 0.423905
v 1.981462 9.596786 2.317677
v 1.813588 9.572482 1.949323
v 1.89221 9.607139 2.106506
v 1.961152 9.660763 1.77654
v 2.077197 9.541302 1.655313
v 1.880754 9.407591 1.854316
v 2.283323 9.523934 1.396138
v 1.94698 9.271304 1.82515
v 1.961147 11.03935 2.031321
v 1.897691 10.93977 1.821159
v 1.895593 9.100076 1.641028
v 2.219851 9.296448 1.40986
v 2.15451 9.168044 1.357438
v 2.159486 9.067149 1.254027
v 2.027097 8.919352 1.447067
v 1.897538 8.843821 1.644356
v 1.778205 8.674229 1.468967
v 1.952067 8.723395 1.232664
v 2.233736 9.095024 1.120901
v 1.942288 8.418648 0.941809
v 2.34848 9.17695 0.916923
v 2.331233 9.770782 1.344999
v 2.526155 9.837765 0.929415
v 2.507928 10.60186 -0.442401
v 2.763361 10.59108 0.272626
v 2.591532 10.21776 0.050015
v 2.271478 10.12769 -0.816856
v 2.434513 9.700525 -0.265137
v 1.768577 8.03005 1.090162
v 1.6149 7.959257 0.969035
v 1.866968 8.178219 0.748579
v 2.273411 9.463018 -0.585328
v 1.488605 8.737122 -0.21227
v 1.940049 9.523242 -0.912669
v 2.108987 8.96216 -0.124976
v 1.969662 10.1132 -1.035886
v 2.294295 9.16447 0.29548
v 2.748394 11.23407 0.859751
v 2.627278 11.26152 1.51072
v 2.7952 11.31962 1.084844
v 2.67102 10.95251 1.080283
v 2.636222 11.10582 1.086148
v 1.836391 8.248297 1.288312
v 2.043822 9.758063 2.141429
v 1.983206 9.628366 2.093606
v 2.179542 10.6128 1.633907
v 2.173042 10.76689 1.61971
v 1.875052 10.88824 1.667004
v 1.892992 10.80329 1.67512
v 2.173712 10.89088 1.6404
v 2.387972 10.88381 1.53434
v 2.391794 10.74288 1.493815
v 2.433051 11.24041 1.684573
v 2.136112 11.07807 1.925426
v 2.76014 12.03712 0.173442
v 2.690502 11.47638 -0.288825
v 2.763327 11.94789 -0.488027
v 3.169966 13.33554 -0.497853
v 3.406914 13.13825 0.420692
v 3.040459 12.57981 -0.535942
v 2.461032 11.07797 -0.874419
v 2.45013 11.68404 -0.914519
v 2.573473 11.17406 1.4004
v 2.552813 10.95472 1.353661
v 2.539237 10.80837 1.318538
v 2.129595 11.11928 1.71144
v 2.388733 11.17764 1.600623
v 2.570145 11.13442 1.397819
v 2.388733 11.17764 1.600623
v 2.38484 11.15599 1.597029
v 2.573473 11.17406 1.4004
v 2.550392 11.1004 1.025879
v 2.568783 11.11792 1.394723
v 2.50508 11.12198 1.301329
v 2.568783 11.11792 1.394723
v 2.550392 11.1004 1.025879
v 2.636222 11.10582 1.086148
v 2.097285 11.08997 1.600091
v 1.875052 10.88824 1.667004
v 1.906096 10.93004 1.541086
v 1.875052 10.88824 1.667004
v 2.097285 11.08997 1.600091
v 2.1414 11.08772 1.700388
v 2.50508 11.12198 1.301329
v 2.384423 11.13904 1.595221
v 2.351682 11.14449 1.501529
v 2.384423 11.13904 1.595221
v 2.50508 11.12198 1.301329
v 2.568783 11.11792 1.394723
v 2.636222 11.10582 1.086148
v 1.875052 10.88824 1.667004
v 2.135548 11.10168 1.704763
v 2.129595 11.11928 1.71144
v 2.097285 11.08997 1.600091
v 2.384423 11.13904 1.595221
v 2.1414 11.08772 1.700388
v 2.384423 11.13904 1.595221
v 2.097285 11.08997 1.600091
v 2.351682 11.14449 1.501529
v 2.498438 10.98583 1.28237
v 2.636222 11.10582 1.086148
v 2.550392 11.1004 1.025879
v 2.636222 11.10582 1.086148
v 2.498438 10.98583 1.28237
v 2.552813 10.95472 1.353661
v 2.341507 10.92156 1.446989
v 2.552813 10.95472 1.353661
v 2.498438 10.98583 1.28237
v 2.552813 10.95472 1.353661
v 2.341507 10.92156 1.446989
v 2.387972 10.88381 1.53434
v 2.146916 10.91352 1.570797
v 2.387972 10.88381 1.53434
v 2.341507 10.92156 1.446989
v 2.387972 10.88381 1.53434
v 2.146916 10.91352 1.570797
v 2.173712 10.89088 1.6404
v 1.906096 10.93004 1.541086
v 2.173712 10.89088 1.6404
v 2.146916 10.91352 1.570797
v 2.173712 10.89088 1.6404
v 1.906096 10.93004 1.541086
v 1.875052 10.88824 1.667004
v 2.568783 11.11792 1.394723
v 2.384423 11.13904 1.595221
v 2.1414 11.08772 1.700388
vn 0.702061 -0.518154 -0.488495
vn 0.813223 0.014109 -0.581782
vn -0.418386 -0.085563 -0.90423
vn -0.336441 -0.538009 -0.772887
vn 0.416092 0.066206 -0.906909
vn 0.313987 0.111407 -0.942869
vn -0.394264 -0.272774 -0.877582
vn 0.344164 0.189416 -0.919605
vn 0.474385 0.739919 0.476947
vn 0.343898 0.716122 -0.607375
vn -0.420846 0.849686 -0.317682
vn 0.702061 -0.518154 -0.488495
vn -0.418386 -0.085563 -0.90423
vn 0.389926 -0.114648 -0.913682
vn 0.185779 -0.55031 -0.81403
vn 0.756962 -0.619639 -0.207498
vn 0.986724 -0.158207 0.036688
vn 0.817089 0.208836 0.537357
vn 0.65998 0.300753 -0.688457
vn 0.313987 0.111407 -0.942869
vn 0.813223 0.014109 -0.581782
vn 0.996274 -0.020296 0.083826
vn -0.01792 0.266434 -0.963687
vn -0.394264 -0.272774 -0.877582
vn 0.027655 0.020031 0.999417
vn 0.426305 0.087831 0.900305
vn 0.526897 -0.138739 0.838529
vn 0.025183 -0.06165 0.99778
vn 0.855547 -0.166764 0.490132
vn 0.964541 -0.175115 -0.197471
vn 0.702061 -0.518154 -0.488495
vn 0.82345 0.438693 0.359831
vn 0.515397 0.768275 -0.379631
vn -0.012398 0.402475 -0.915347
vn 0.040053 0.581119 0.812833
vn 0.105732 0.629045 0.770145
vn 0.513228 0.461359 0.723703
vn 0.82106 -0.02134 0.570443
vn 0.38459 0.332178 0.861248
vn -0.401295 -0.071637 -0.913143
vn -0.93106 -0.109112 0.34817
vn -0.776174 -0.57341 0.262211
vn -0.946106 0.060331 -0.318188
vn -0.971072 -0.001841 -0.238778
vn -0.996981 -0.074302 -0.022537
vn -0.047239 0.857049 -0.513066
vn -0.736797 0.672356 -0.071192
vn -0.022747 0.679217 0.733585
vn -0.776174 -0.57341 0.262211
vn -0.705476 -0.582598 -0.403587
vn -0.938246 -0.174163 -0.298935
vn -0.401295 -0.071637 -0.913143
vn -0.611219 -0.669206 0.422581
vn -0.602384 -0.215681 0.768515
vn -0.110764 0.204877 0.9725
vn -0.678331 0.352319 -0.644778
vn -0.993836 0.026303 0.107692
vn -0.93106 -0.109112 0.34817
vn -0.946106 0.060331 -0.318188
vn -0.488229 -0.107324 0.866091
vn -0.370947 0.11221 0.92185
vn -0.83336 -0.122357 0.539018
vn -0.72181 -0.231201 0.652332
vn -0.776174 -0.57341 0.262211
vn -0.486961 0.799082 -0.352615
vn -0.774358 0.487739 0.40309
vn -0.024758 0.632974 0.773777
vn -0.44404 0.490763 0.749653
vn -0.09799 -0.054635 0.993687
vn -0.52974 -0.125358 0.838845
vn -0.047167 -0.23262 0.971424
vn -0.096883 0.0856 0.991608
vn -0.505471 0.119513 0.854527
vn 0.247532 -0.068232 0.966474
vn 0.414712 -0.086383 0.905843
vn 0.416276 0.050071 0.907859
vn -0.219842 -0.139556 0.965502
vn 0.418944 -0.006768 0.907987
vn 0.4093 -0.226532 0.883831
vn 0.077724 -0.368373 0.926424
vn 0.017333 -0.173979 0.984597
vn -0.229314 -0.224946 0.947003
vn -0.271025 0.027408 0.962182
vn 0.102213 -0.09736 0.989987
vn -0.275553 0.178276 0.94461
vn -0.264856 -0.089849 0.960093
vn 0.419239 -0.046992 0.906659
vn 0.395433 0.264812 0.879493
vn -0.089501 -0.262912 0.96066
vn 0.037298 -0.086001 0.995597
vn -0.397783 -0.13696 0.907199
vn -0.473645 -0.382876 0.793137
vn -0.802495 -0.130386 0.582238
vn -0.673103 -0.040458 0.738442
vn -0.724477 -0.076757 0.685013
vn -0.257753 -0.691957 0.674358
vn 0.3179 -0.704153 0.634908
vn -0.103755 -0.683097 0.72292
vn 0.296847 -0.754581 0.585226
vn 0.074384 -0.993741 0.083346
vn -0.300162 -0.934013 0.193707
vn 0.019212 -0.181107 0.983276
vn -0.19252 -0.400379 0.895898
vn 0.123192 -0.03294 0.991836
vn 0.427047 0.051495 0.902762
vn -0.213341 -0.239537 0.947158
vn 0.040786 -0.238206 0.970358
vn -0.379477 -0.684573 0.62238
vn -0.498972 -0.660608 0.560914
vn 0.034323 -0.420292 0.90674
vn 0.39181 -0.48802 0.77995
vn 0.411488 -0.372649 0.831751
vn -0.184736 -0.441854 0.87786
vn -0.069026 -0.460934 0.884746
vn -0.252067 -0.499514 0.828823
vn -0.20773 -0.402739 0.891432
vn 0.014193 -0.459861 0.887878
vn 0.401915 -0.434476 0.806037
vn 0.057318 -0.509663 0.858463
vn -0.184803 -0.449945 0.873726
vn 0.36998 -0.580022 0.725734
vn -0.240189 -0.449451 0.860409
vn -0.462148 -0.415401 0.783493
vn -0.461643 -0.406789 0.788295
vn -0.18618 -0.276978 0.942666
vn -0.473118 -0.394001 0.787986
vn -0.832136 -0.24525 0.497396
vn -0.754667 -0.313417 0.576409
vn -0.747189 -0.246728 0.617117
vn -0.921179 -0.269729 0.280492
vn -0.761013 -0.304461 0.572855
vn -0.271892 -0.765336 0.583383
vn -0.276749 -0.960516 0.02863
vn 0.047958 -0.998522 0.025588
vn 0.277884 -0.793814 0.540962
vn -0.600335 -0.734312 0.316833
vn -0.836167 -0.490183 0.246059
vn -0.591983 -0.790848 -0.155292
vn -0.148009 -0.907638 -0.392794
vn -0.878944 -0.476504 -0.02003
vn -0.701354 -0.678491 0.218526
vn -0.955336 -0.293713 -0.032647
vn -0.644351 -0.441306 0.624548
vn -0.569646 -0.259609 0.779812
vn -0.131557 -0.605536 0.784869
vn -0.469164 -0.465765 0.750299
vn -0.322263 0.0365 0.945946
vn -0.318408 -0.224344 0.921024
vn -0.154051 -0.408517 0.899657
vn 0.398311 -0.379514 0.835055
vn -0.613973 -0.183702 0.767653
vn -0.439997 -0.807821 0.39221
vn 0.374003 0.08325 0.923684
vn 0.512197 -0.072839 0.855774
vn 0.006732 0.187183 0.982302
vn -0.01473 -0.252108 0.967587
vn 0.565145 -0.151325 0.810994
vn 0.1945 -0.203702 0.959518
vn 0.168838 -0.125932 0.977566
vn -0.006325 -0.770215 0.637753
vn -0.223107 -0.803015 0.552622
vn -0.660682 -0.220407 0.717579
vn -0.781326 -0.18616 0.595714
vn -0.683317 -0.358879 0.635833
vn -0.816662 -0.212762 0.536466
vn -0.646426 -0.427374 0.632049
vn -0.700585 -0.397873 0.59235
vn -0.842362 -0.180038 0.50795
vn -0.880578 -0.19612 0.431417
vn -0.107976 -0.581359 0.806451
vn -0.185546 -0.175775 0.966786
vn -0.135132 -0.116286 0.98398
vn 0.017396 -0.792166 0.610057
vn 0.164467 -0.626215 0.762106
vn -0.1948 -0.170994 0.965823
vn 0.239427 -0.124895 0.962848
vn 0.164467 -0.626215 0.762106
vn -0.107976 -0.581359 0.806451
vn -0.459806 -0.887782 -0.020563
vn -0.438241 -0.895644 0.075936
vn -0.438241 -0.895644 0.075936
vn -0.43349 -0.898512 0.06901
vn -0.455089 -0.890014 -0.027742
vn -0.455089 -0.890014 -0.027742
vn -0.156447 -0.983657 -0.089129
vn -0.21568 -0.962067 -0.167062
vn -0.21568 -0.962067 -0.167062
vn -0.17332 -0.983839 -0.044954
vn -0.114399 -0.99283 0.034671
vn -0.114399 -0.99283 0.034671
vn -0.087686 -0.994753 -0.0527
vn -0.050308 -0.998355 -0.027523
vn -0.050308 -0.998355 -0.027523
vn -0.059215 -0.998242 0.00266
vn -0.096385 -0.995091 -0.022459
vn -0.096385 -0.995091 -0.022459
vn -0.318408 -0.224344 0.921024
vn -0.01473 -0.252108 0.967587
vn 0.017396 -0.792166 0.610057
vn 0.565065 -0.178979 0.805399
vn 0.121958 -0.98935 -0.079457
vn 0.121958 -0.98935 -0.079457
vn 0.122627 -0.991995 -0.03015
vn 0.059967 -0.993954 -0.091974
vn 0.059967 -0.993954 -0.091974
vn 0.059532 -0.988141 -0.141536
vn 0.403966 0.91433 0.028498
vn 0.402028 0.915359 0.022189
vn 0.402028 0.915359 0.022189
vn 0.373569 0.894059 0.247192
vn 0.375682 0.891441 0.253367
vn 0.375682 0.891441 0.253367
vn 0.168479 0.932833 0.318494
vn 0.168479 0.932833 0.318494
vn 0.168479 0.932833 0.318494
vn 0.168515 0.93272 0.318804
vn 0.168515 0.93272 0.318804
vn 0.168515 0.93272 0.318804
vn 0.051057 0.926364 0.373153
vn 0.045709 0.92841 0.368736
vn 0.045709 0.92841 0.368736
vn -0.001459 0.947611 0.319424
vn 0.004037 0.946082 0.323904
vn 0.004037 0.946082 0.323904
vn 0.221542 0.957 0.187273
vn 0.229346 0.952845 0.198716
vn 0.229346 0.952845 0.198716
vn 0.21539 0.956954 0.194544
vn 0.207555 0.960945 0.183047
vn 0.207555 0.960945 0.183047
vn -0.16487 -0.197575 0.966324
vn 0.2371 -0.110725 0.965155
vn 0.507284 -0.147027 0.849145
vn 0.987639 -0.070386 0.140058
vn 0.81039 0.118468 0.573789
vn 0.781717 -0.202706 0.58977
vn 0.969187 0.172937 0.175414
vn 0.569335 -0.056978 0.820129
vn 0.884454 -0.096948 0.456445
vn 0.667815 -0.346316 0.658854
vn 0.746526 -0.147562 0.648787
vn 0.90442 0.069992 0.420863
vn 0.880927 -0.184725 0.435712
vn 0.691017 -0.076029 0.718829
vn 0.885008 0.220321 0.410146
vn 0.905837 -0.047438 0.420963
vn 0.802924 -0.230581 0.549678
vn 0.954763 -0.08837 0.283936
vn 0.735946 -0.059987 0.674378
vn 0.931956 -0.331954 0.145826
vn 0.969976 -0.066173 -0.234026
vn 0.994209 -0.014492 -0.106481
vn 0.999294 0.02013 -0.031734
vn 0.720295 -0.656524 0.223945
vn 0.656795 -0.655544 0.37267
vn 0.397396 -0.908742 -0.127534
vn 0.828758 -0.36338 0.425576
vn 0.74473 -0.154823 0.649158
vn 0.692982 -0.008481 0.720905
vn 0.885706 -0.16479 0.434016
vn 0.742513 -0.208084 0.636692
vn 0.760972 -0.639787 0.107673
vn 0.789095 -0.613529 -0.03019
vn 0.710037 -0.391286 0.585442
vn 0.83279 -0.372519 0.409501
vn 0.766722 -0.398941 0.502974
vn 0.842862 -0.428431 0.325625
vn 0.849145 -0.35737 0.388895
vn 0.710852 -0.429956 0.556621
vn 0.664469 -0.483526 0.56981
vn 0.824318 -0.406627 0.393897
vn 0.85509 -0.377412 0.355501
vn 0.921928 -0.356665 0.151129
vn 0.933022 -0.333254 0.135687
vn 0.85278 -0.239339 0.464202
vn 0.928369 -0.343228 0.14257
vn 0.931649 -0.181351 -0.314867
vn 0.967546 -0.184607 -0.172557
vn 0.945476 -0.251825 -0.206545
vn 0.826191 -0.206426 -0.524212
vn 0.946357 -0.242606 -0.213428
vn 0.664786 -0.731402 0.152022
vn 0.258496 -0.941125 -0.217863
vn 0.673525 -0.688163 -0.269809
vn 0.758107 -0.432426 -0.488141
vn 0.313113 -0.758058 -0.572109
vn 0.583043 -0.423539 -0.693308
vn 0.661057 -0.629133 -0.408895
vn 0.612073 -0.236929 -0.754474
vn 0.918173 -0.384617 -0.095018
vn 0.976715 -0.203587 0.067678
vn 0.717215 -0.574826 0.393927
vn 0.901484 -0.416109 0.119084
vn 0.925507 0.081997 0.369748
vn 0.92081 -0.173448 0.34932
vn 0.807159 -0.373694 0.456998
vn 0.991688 -0.125532 0.02821
vn 0.631188 -0.769014 -0.101095
vn 0.458702 0.097819 0.88319
vn 0.328416 -0.064994 0.942294
vn 0.753957 -0.218738 0.619437
vn 0.734061 0.216423 0.643673
vn 0.259316 -0.160644 0.952339
vn 0.6123 -0.189505 0.767578
vn 0.633355 -0.110812 0.765887
vn 0.534189 -0.750633 0.388834
vn 0.611438 -0.772724 0.170414
vn 0.986151 -0.160746 -0.040825
vn 0.969812 -0.12272 -0.210725
vn 0.947043 -0.299815 -0.114984
vn 0.949306 -0.148787 -0.276911
vn 0.927559 -0.338889 -0.157447
vn 0.924345 -0.370468 -0.091327
vn 0.942396 -0.11538 -0.313971
vn 0.910036 -0.13125 -0.393202
vn 0.731421 -0.52858 0.430845
vn 0.862657 -0.129371 0.488964
vn 0.838351 -0.073986 0.540087
vn 0.499473 -0.762461 0.411315
vn 0.517762 -0.591309 0.618285
vn 0.881005 -0.087389 0.464966
vn 0.517762 -0.591309 0.618285
vn 0.580218 -0.061858 0.812109
vn 0.731421 -0.52858 0.430845
vn 0.294598 -0.873328 -0.387957
vn 0.383149 -0.873578 -0.300096
vn 0.383149 -0.873578 -0.300096
vn 0.412483 -0.861071 -0.297347
vn 0.325018 -0.863909 -0.38474
vn 0.325018 -0.863909 -0.38474
vn 0.052146 -0.982173 -0.180605
vn 0.023887 -0.950457 -0.309937
vn 0.023887 -0.950457 -0.309937
vn 0.083436 -0.97573 -0.202458
vn 0.112746 -0.991075 -0.071129
vn 0.112746 -0.991075 -0.071129
vn 0.12263 -0.977405 -0.172168
vn 0.112503 -0.988841 -0.097662
vn 0.112503 -0.988841 -0.097662
vn 0.152365 -0.9851 -0.079767
vn 0.162352 -0.974675 -0.153785
vn 0.162352 -0.974675 -0.153785
vn 0.92081 -0.173448 0.34932
vn 0.753957 -0.218738 0.619437
vn 0.222208 -0.146216 0.963973
vn 0.499473 -0.762461 0.411315
vn -0.084836 -0.99627 0.015765
vn -0.029474 -0.998293 0.050431
vn -0.084836 -0.99627 0.015765
vn -0.034436 -0.998309 -0.046834
vn -0.090689 -0.992549 -0.081378
vn -0.034436 -0.998309 -0.046834
vn -0.297416 0.891529 0.341644
vn -0.297356 0.891052 0.342936
vn -0.297356 0.891052 0.342936
vn -0.108071 0.878104 0.466106
vn -0.108604 0.878352 0.465514
vn -0.108604 0.878352 0.465514
vn 0.069435 0.928731 0.364195
vn 0.06645 0.932284 0.355571
vn 0.06645 0.932284 0.355571
vn 0.066616 0.932141 0.355916
vn 0.069602 0.928584 0.364537
vn 0.069602 0.928584 0.364537
vn 0.163129 0.934232 0.317176
vn 0.163129 0.934232 0.317176
vn 0.163129 0.934232 0.317176
vn 0.155639 0.955497 0.250605
vn 0.155639 0.955497 0.250605
vn 0.155639 0.955497 0.250605
vn -0.023928 0.951242 0.307516
vn -0.020992 0.948376 0.316452
vn -0.020992 0.948376 0.316452
vn -0.02184 0.947633 0.318613
vn -0.024776 0.950517 0.309683
vn -0.024776 0.950517 0.309683
vn 0.864417 -0.158177 0.477246
vn 0.579172 -0.098388 0.809247
vn 0.298342 -0.16663 0.939801
vt 0.049 0.9768
vt 0.1112 0.9769
vt 0.0341 0.8957
vt 0.3302 0.9469
vt 0.1872 0.9275
vt 0.2059 0.9765
vt 0.3381 0.9769
vt 0.0996 0.9157
vt 0.9627 0.0697
vt 0.9583 0.2278
vt 0.979 0.2826
vt 0.8216 0.1362
vt 0.9249 0.2839
vt 0.9252 0.2261
vt 0.8572 0.1242
vt 0.8558 0.0241
vt 0.9309 0.0243
vt 0.9791 0.0245
vt 0.5182 0.0837
vt 0.5077 0.1154
vt 0.5765 0.1425
vt 0.5878 0.1033
vt 0.4116 0.0676
vt 0.4118 0.099
vt 0.8169 0.0607
vt 0.7677 0.0572
vt 0.7533 0.1018
vt 0.805 0.1042
vt 0.6715 0.1057
vt 0.6667 0.1483
vt 0.6291 0.172
vt 0.6145 0.0212
vt 0.5413 0.0212
vt 0.4116 0.0212
vt 0.8248 0.0212
vt 0.7771 0.0212
vt 0.7197 0.0212
vt 0.7441 0.1301
vt 0.7989 0.1266
vt 0.0341 0.8957
vt 0.1112 0.9769
vt 0.049 0.9768
vt 0.2059 0.9765
vt 0.1872 0.9275
vt 0.0996 0.9157
vt 0.979 0.2826
vt 0.9583 0.2278
vt 0.9627 0.0697
vt 0.8216 0.1362
vt 0.8572 0.1242
vt 0.9252 0.2261
vt 0.9249 0.2839
vt 0.8558 0.0241
vt 0.9309 0.0243
vt 0.9791 0.0245
vt 0.5182 0.0837
vt 0.5878 0.1033
vt 0.5765 0.1425
vt 0.5077 0.1154
vt 0.7533 0.1018
vt 0.7677 0.0572
vt 0.6715 0.1057
vt 0.6667 0.1483
vt 0.6291 0.172
vt 0.5413 0.0212
vt 0.6145 0.0212
vt 0.7771 0.0212
vt 0.7197 0.0212
vt 0.7441 0.1301
vt 0.4933 0.7445
vt 0.3441 0.7488
vt 0.3245 0.9054
vt 0.4847 0.8994
vt 0.0721 0.7175
vt 0.0188 0.7269
vt 0.0189 0.8646
vt 0.0608 0.6195
vt 0.0188 0.6193
vt 0.0188 0.6755
vt 0.0986 0.6805
vt 0.2375 0.4831
vt 0.1978 0.4901
vt 0.1936 0.5286
vt 0.2519 0.5289
vt 0.0711 0.5483
vt 0.0784 0.5047
vt 0.0188 0.5063
vt 0.0188 0.55
vt 0.3493 0.5295
vt 0.343 0.5654
vt 0.4771 0.5703
vt 0.4895 0.5183
vt 0.7117 0.6651
vt 0.5846 0.6388
vt 0.6019 0.7314
vt 0.0693 0.4861
vt 0.0188 0.4821
vt 0.0634 0.4409
vt 0.0188 0.4395
vt 0.0188 0.4685
vt 0.0652 0.461
vt 0.2102 0.4351
vt 0.1767 0.455
vt 0.082 0.4148
vt 0.0188 0.4076
vt 0.2774 0.4042
vt 0.0976 0.3921
vt 0.1266 0.6582
vt 0.1457 0.6452
vt 0.1042 0.3525
vt 0.0188 0.3493
vt 0.0188 0.3827
vt 0.2462 0.3718
vt 0.235 0.3418
vt 0.2524 0.3219
vt 0.2157 0.3189
vt 0.1055 0.3161
vt 0.0188 0.3143
vt 0.0973 0.2662
vt 0.2404 0.2672
vt 0.0188 0.2658
vt 0.2923 0.3274
vt 0.3939 0.3262
vt 0.3391 0.2452
vt 0.313 0.4681
vt 0.4663 0.4231
vt 0.7993 0.5639
vt 0.6346 0.481
vt 0.611 0.5725
vt 0.9426 0.5271
vt 0.7169 0.4036
vt 0.1726 0.1606
vt 0.1752 0.1232
vt 0.0188 0.1093
vt 0.0188 0.1406
vt 0.3374 0.1836
vt 0.7993 0.3287
vt 0.3231 0.0834
vt 0.0188 0.0264
vt 0.8276 0.2636
vt 0.5391 0.2448
vt 0.9681 0.4365
vt 0.4562 0.2959
vt 0.491 0.6828
vt 0.3757 0.7012
vt 0.4678 0.703
vt 0.4327 0.6399
vt 0.4213 0.6639
vt 0.1597 0.2056
vt 0.0188 0.2003
vt 0.113 0.5004
vt 0.1007 0.4728
vt 0.2446 0.5845
vt 0.249 0.6031
vt 0.1749 0.6141
vt 0.1721 0.6267
vt 0.2453 0.6272
vt 0.3134 0.6265
vt 0.3184 0.6008
vt 0.3089 0.6965
vt 0.1868 0.67
vt 0.7245 0.8899
vt 0.8305 0.7773
vt 0.8691 0.8835
vt 0.8397 0.989
vt 0.8557 0.9317
vt 0.6493 0.9665
vt 0.9152 0.7566
vt 0.9453 0.8777
vt 0.373 0.6809
vt 0.3664 0.6361
vt 0.3739 0.6113
vt 0.2103 0.663
vt 0.3068 0.6812
vt 0.5063 0.9333
vt 0.4608 0.9231
vt 0.4613 0.9536
vt 0.5069 0.9542
vt 0.5321 0.9319
vt 0.5052 0.9177
vt 0.5062 0.9308
vt 0.5062 0.9308
vt 0.5398 0.9499
vt 0.5321 0.9319
vt 0.4127 0.908
vt 0.3871 0.9093
vt 0.3698 0.9214
vt 0.3698 0.9214
vt 0.4124 0.9212
vt 0.4127 0.908
vt 0.5052 0.9177
vt 0.4625 0.908
vt 0.4607 0.9211
vt 0.4607 0.9211
vt 0.5062 0.9308
vt 0.5052 0.9177
vt 0.5398 0.9499
vt 0.3698 0.9214
vt 0.4102 0.945
vt 0.4122 0.9228
vt 0.4127 0.908
vt 0.4124 0.9212
vt 0.4607 0.9211
vt 0.4607 0.9211
vt 0.4625 0.908
vt 0.4127 0.908
vt 0.497 0.9256
vt 0.5208 0.935
vt 0.5258 0.9304
vt 0.5258 0.9304
vt 0.4988 0.9185
vt 0.497 0.9256
vt 0.4612 0.9183
vt 0.497 0.9256
vt 0.4988 0.9185
vt 0.4988 0.9185
vt 0.4605 0.9102
vt 0.4612 0.9183
vt 0.4244 0.9181
vt 0.4612 0.9183
vt 0.4605 0.9102
vt 0.4605 0.9102
vt 0.4225 0.911
vt 0.4244 0.9181
vt 0.3946 0.9185
vt 0.4244 0.9181
vt 0.4225 0.911
vt 0.4225 0.911
vt 0.3911 0.9112
vt 0.3946 0.9185
vt 0.5062 0.9308
vt 0.4607 0.9211
vt 0.4124 0.9212
vt 0.4933 0.7445
vt 0.3245 0.9054
vt 0.3441 0.7488
vt 0.4847 0.8994
vt 0.0721 0.7175
vt 0.0608 0.6195
vt 0.0986 0.6805
vt 0.2375 0.4831
vt 0.1936 0.5286
vt 0.1978 0.4901
vt 0.2519 0.5289
vt 0.0711 0.5483
vt 0.0784 0.5047
vt 0.3493 0.5295
vt 0.4771 0.5703
vt 0.343 0.5654
vt 0.4895 0.5183
vt 0.7117 0.6651
vt 0.6019 0.7314
vt 0.5846 0.6388
vt 0.0693 0.4861
vt 0.0634 0.4409
vt 0.0652 0.461
vt 0.1767 0.455
vt 0.2102 0.4351
vt 0.082 0.4148
vt 0.2774 0.4042
vt 0.0976 0.3921
vt 0.1266 0.6582
vt 0.1457 0.6452
vt 0.1042 0.3525
vt 0.2462 0.3718
vt 0.235 0.3418
vt 0.2524 0.3219
vt 0.2157 0.3189
vt 0.1055 0.3161
vt 0.0973 0.2662
vt 0.2404 0.2672
vt 0.2923 0.3274
vt 0.3391 0.2452
vt 0.3939 0.3262
vt 0.313 0.4681
vt 0.4663 0.4231
vt 0.7993 0.5639
vt 0.611 0.5725
vt 0.6346 0.481
vt 0.9426 0.5271
vt 0.7169 0.4036
vt 0.1726 0.1606
vt 0.1752 0.1232
vt 0.3374 0.1836
vt 0.7993 0.3287
vt 0.3231 0.0834
vt 0.8276 0.2636
vt 0.5391 0.2448
vt 0.9681 0.4365
vt 0.4562 0.2959
vt 0.491 0.6828
vt 0.3757 0.7012
vt 0.4678 0.703
vt 0.4327 0.6399
vt 0.4213 0.6639
vt 0.1597 0.2056
vt 0.113 0.5004
vt 0.1007 0.4728
vt 0.2446 0.5845
vt 0.249 0.6031
vt 0.1721 0.6267
vt 0.1749 0.6141
vt 0.2453 0.6272
vt 0.3134 0.6265
vt 0.3184 0.6008
vt 0.3089 0.6965
vt 0.1868 0.67
vt 0.7245 0.8899
vt 0.8305 0.7773
vt 0.8691 0.8835
vt 0.8397 0.989
vt 0.6493 0.9665
vt 0.8557 0.9317
vt 0.9152 0.7566
vt 0.9453 0.8777
vt 0.373 0.6809
vt 0.3664 0.6361
vt 0.3739 0.6113
vt 0.2103 0.663
vt 0.3068 0.6812
vt 0.5063 0.9333
vt 0.4613 0.9536
vt 0.4608 0.9231
vt 0.5069 0.9542
vt 0.5321 0.9319
vt 0.5062 0.9308
vt 0.5052 0.9177
vt 0.5062 0.9308
vt 0.5321 0.9319
vt 0.5398 0.9499
vt 0.4127 0.908
vt 0.3698 0.9214
vt 0.3871 0.9093
vt 0.3698 0.9214
vt 0.4127 0.908
vt 0.4124 0.9212
vt 0.5052 0.9177
vt 0.4607 0.9211
vt 0.4625 0.908
vt 0.4607 0.9211
vt 0.5052 0.9177
vt 0.5062 0.9308
vt 0.5398 0.9499
vt 0.3698 0.9214
vt 0.4122 0.9228
vt 0.4102 0.945
vt 0.4127 0.908
vt 0.4607 0.9211
vt 0.4124 0.9212
vt 0.4607 0.9211
vt 0.4127 0.908
vt 0.4625 0.908
vt 0.497 0.9256
vt 0.5258 0.9304
vt 0.5208 0.935
vt 0.5258 0.9304
vt 0.497 0.9256
vt 0.4988 0.9185
vt 0.4612 0.9183
vt 0.4988 0.9185
vt 0.497 0.9256
vt 0.4988 0.9185
vt 0.4612 0.9183
vt 0.4605 0.9102
vt 0.4244 0.9181
vt 0.4605 0.9102
vt 0.4612 0.9183
vt 0.4605 0.9102
vt 0.4244 0.9181
vt 0.4225 0.911
vt 0.3946 0.9185
vt 0.4225 0.911
vt 0.4244 0.9181
vt 0.4225 0.911
vt 0.3946 0.9185
vt 0.3911 0.9112
vt 0.5062 0.9308
vt 0.4607 0.9211
vt 0.4124 0.9212
f 221/221/221 223/223/223 222/222/222
f 224/224/224 226/226/226 225/225/225
f 226/226/226 224/224/224 227/227/227
f 225/225/225 222/222/222 228/228/228
f 222/222/222 225/225/225 226/226/226
f 222/222/222 223/223/223 228/228/228
f 229/229/229 231/231/231 230/230/230
f 232/232/232 234/234/234 233/233/233
f 234/234/234 232/232/232 235/235/235
f 234/234/234 231/231/231 233/233/233
f 231/231/231 234/234/234 230/230/230
f 235/235/235 232/232/232 236/236/236
f 235/235/235 237/237/237 234/234/234
f 237/237/237 235/235/235 236/236/236
f 234/234/234 229/229/229 230/230/230
f 229/229/229 234/234/234 237/237/237
f 229/229/229 238/238/238 231/231/231
f 237/237/237 238/238/238 229/229/229
f 239/239/239 241/241/241 240/240/240
f 241/241/241 239/239/239 242/242/242
f 243/243/243 240/240/240 244/244/244
f 240/240/240 243/243/243 239/239/239
f 245/245/245 247/247/247 246/246/246
f 247/247/247 245/245/245 248/248/248
f 247/247/247 249/249/249 246/246/246
f 241/241/241 249/249/249 250/250/250
f 249/249/249 241/241/241 242/242/242
f 250/250/250 251/251/251 241/241/241
f 239/239/239 252/252/252 242/242/242
f 252/252/252 239/239/239 253/253/253
f 239/239/239 254/254/254 253/253/253
f 254/254/254 239/239/239 243/243/243
f 246/246/246 255/255/255 245/245/245
f 255/255/255 246/246/246 256/256/256
f 246/246/246 249/249/249 257/257/257
f 242/242/242 257/257/257 249/249/249
f 257/257/257 242/242/242 252/252/252
f 258/258/258 248/248/248 259/259/259
f 248/248/248 258/258/258 247/247/247
f 247/247/247 250/250/250 249/249/249
f 250/250/250 247/247/247 258/258/258
f 256/256/256 246/246/246 257/257/257
f 260/260/260 262/262/262 261/261/261
f 224/224/224 263/263/263 227/227/227
f 263/263/263 224/224/224 264/264/264
f 264/264/264 261/261/261 263/263/263
f 261/261/261 264/264/264 265/265/265
f 260/260/260 261/261/261 265/265/265
f 266/266/266 268/268/268 267/267/267
f 269/269/269 271/271/271 270/270/270
f 271/271/271 269/269/269 272/272/272
f 271/271/271 266/266/266 267/267/267
f 266/266/266 271/271/271 272/272/272
f 269/269/269 270/270/270 273/273/273
f 270/270/270 274/274/274 273/273/273
f 274/274/274 270/270/270 271/271/271
f 271/271/271 268/268/268 274/274/274
f 268/268/268 271/271/271 267/267/267
f 275/275/275 268/268/268 266/266/266
f 275/275/275 274/274/274 268/268/268
f 276/276/276 278/278/278 277/277/277
f 278/278/278 276/276/276 279/279/279
f 243/243/243 279/279/279 276/276/276
f 279/279/279 243/243/243 244/244/244
f 245/245/245 280/280/280 248/248/248
f 280/280/280 245/245/245 281/281/281
f 282/282/282 280/280/280 281/281/281
f 278/278/278 282/282/282 277/277/277
f 282/282/282 278/278/278 283/283/283
f 284/284/284 283/283/283 278/278/278
f 276/276/276 286/286/286 285/285/285
f 286/286/286 276/276/276 277/277/277
f 276/276/276 254/254/254 243/243/243
f 254/254/254 276/276/276 285/285/285
f 281/281/281 255/255/255 287/287/287
f 255/255/255 281/281/281 245/245/245
f 282/282/282 281/281/281 288/288/288
f 277/277/277 288/288/288 286/286/286
f 288/288/288 277/277/277 282/282/282
f 289/289/289 248/248/248 280/280/280
f 248/248/248 289/289/289 259/259/259
f 280/280/280 283/283/283 289/289/289
f 283/283/283 280/280/280 282/282/282
f 281/281/281 287/287/287 288/288/288
f 290/290/290 292/292/292 291/291/291
f 292/292/292 290/290/290 293/293/293
f 294/294/294 296/296/296 295/295/295
f 297/297/297 299/299/299 298/298/298
f 299/299/299 297/297/297 300/300/300
f 301/301/301 303/303/303 302/302/302
f 303/303/303 301/301/301 304/304/304
f 305/305/305 307/307/307 306/306/306
f 307/307/307 305/305/305 308/308/308
f 309/309/309 311/311/311 310/310/310
f 311/311/311 309/309/309 312/312/312
f 313/313/313 315/315/315 314/314/314
f 307/307/307 316/316/316 306/306/306
f 316/316/316 307/307/307 317/317/317
f 318/318/318 320/320/320 319/319/319
f 320/320/320 318/318/318 321/321/321
f 301/301/301 323/323/323 322/322/322
f 323/323/323 301/301/301 302/302/302
f 318/318/318 325/325/325 324/324/324
f 325/325/325 318/318/318 319/319/319
f 324/324/324 326/326/326 322/322/322
f 326/326/326 324/324/324 327/327/327
f 328/328/328 297/297/297 329/329/329
f 330/330/330 332/332/332 331/331/331
f 332/332/332 330/330/330 327/327/327
f 325/325/325 327/327/327 324/324/324
f 327/327/327 325/325/325 332/332/332
f 323/323/323 324/324/324 322/322/322
f 324/324/324 323/323/323 318/318/318
f 327/327/327 333/333/333 326/326/326
f 333/333/333 330/330/330 334/334/334
f 330/330/330 333/333/333 327/327/327
f 335/335/335 334/334/334 336/336/336
f 334/334/334 337/337/337 336/336/336
f 337/337/337 334/334/334 330/330/330
f 337/337/337 331/331/331 338/338/338
f 331/331/331 337/337/337 330/330/330
f 339/339/339 336/336/336 337/337/337
f 336/336/336 339/339/339 340/340/340
f 337/337/337 341/341/341 339/339/339
f 341/341/341 337/337/337 338/338/338
f 342/342/342 344/344/344 343/343/343
f 344/344/344 342/342/342 340/340/340
f 345/345/345 312/312/312 309/309/309
f 312/312/312 345/345/345 346/346/346
f 347/347/347 349/349/349 348/348/348
f 349/349/349 347/347/347 313/313/313
f 346/346/346 326/326/326 343/343/343
f 326/326/326 346/346/346 345/345/345
f 348/348/348 350/350/350 347/347/347
f 350/350/350 348/348/348 351/351/351
f 352/352/352 354/354/354 353/353/353
f 354/354/354 352/352/352 355/355/355
f 353/353/353 356/356/356 352/352/352
f 326/326/326 342/342/342 343/343/343
f 342/342/342 326/326/326 333/333/333
f 357/357/357 350/350/350 351/351/351
f 358/358/358 353/353/353 359/359/359
f 353/353/353 358/358/358 356/356/356
f 360/360/360 357/357/357 361/361/361
f 357/357/357 362/362/362 350/350/350
f 362/362/362 357/357/357 360/360/360
f 301/301/301 309/309/309 304/304/304
f 309/309/309 301/301/301 345/345/345
f 301/301/301 326/326/326 345/345/345
f 326/326/326 301/301/301 322/322/322
f 340/340/340 342/342/342 335/335/335
f 335/335/335 336/336/336 340/340/340
f 335/335/335 333/333/333 334/334/334
f 333/333/333 335/335/335 342/342/342
f 351/351/351 361/361/361 357/357/357
f 361/361/361 351/351/351 363/363/363
f 323/323/323 321/321/321 318/318/318
f 363/363/363 343/343/343 344/344/344
f 356/356/356 363/363/363 344/344/344
f 363/363/363 356/356/356 361/361/361
f 358/358/358 361/361/361 356/356/356
f 361/361/361 358/358/358 360/360/360
f 364/364/364 314/314/314 315/315/315
f 365/365/365 290/290/290 291/291/291
f 290/290/290 365/365/365 366/366/366
f 290/290/290 364/364/364 315/315/315
f 359/359/359 353/353/353 354/354/354
f 367/367/367 364/364/364 368/368/368
f 349/349/349 311/311/311 312/312/312
f 311/311/311 349/349/349 314/314/314
f 348/348/348 312/312/312 346/346/346
f 312/312/312 348/348/348 349/349/349
f 363/363/363 346/346/346 343/343/343
f 346/346/346 351/351/351 348/348/348
f 363/363/363 351/351/351 346/346/346
f 298/298/298 305/305/305 297/297/297
f 305/305/305 298/298/298 308/308/308
f 369/369/369 340/340/340 339/339/339
f 340/340/340 369/369/369 344/344/344
f 341/341/341 369/369/369 339/339/339
f 369/369/369 341/341/341 370/370/370
f 305/305/305 306/306/306 371/371/371
f 316/316/316 371/371/371 306/306/306
f 371/371/371 316/316/316 372/372/372
f 344/344/344 352/352/352 356/356/356
f 352/352/352 344/344/344 369/369/369
f 369/369/369 355/355/355 352/352/352
f 355/355/355 369/369/369 370/370/370
f 317/317/317 320/320/320 316/316/316
f 321/321/321 372/372/372 316/316/316
f 320/320/320 321/321/321 316/316/316
f 371/371/371 303/303/303 305/305/305
f 303/303/303 371/371/371 302/302/302
f 372/372/372 302/302/302 371/371/371
f 302/302/302 372/372/372 323/323/323
f 321/321/321 323/323/323 372/372/372
f 304/304/304 310/310/310 373/373/373
f 310/310/310 304/304/304 309/309/309
f 314/314/314 349/349/349 313/313/313
f 368/368/368 364/364/364 366/366/366
f 366/366/366 364/364/364 290/290/290
f 374/374/374 376/376/376 375/375/375
f 376/376/376 374/374/374 377/377/377
f 378/378/378 374/374/374 379/379/379
f 374/374/374 378/378/378 377/377/377
f 303/303/303 297/297/297 305/305/305
f 297/297/297 303/303/303 375/375/375
f 295/295/295 300/300/300 294/294/294
f 300/300/300 295/295/295 299/299/299
f 291/291/291 294/294/294 300/300/300
f 365/365/365 291/291/291 380/380/380
f 328/328/328 381/381/381 300/300/300
f 297/297/297 328/328/328 300/300/300
f 373/373/373 303/303/303 304/304/304
f 303/303/303 373/373/373 375/375/375
f 376/376/376 297/297/297 375/375/375
f 297/297/297 376/376/376 329/329/329
f 374/374/374 375/375/375 373/373/373
f 374/374/374 310/310/310 379/379/379
f 310/310/310 374/374/374 373/373/373
f 314/314/314 367/367/367 311/311/311
f 367/367/367 314/314/314 364/364/364
f 290/290/290 382/382/382 293/293/293
f 382/382/382 290/290/290 315/315/315
f 383/383/383 382/382/382 315/315/315
f 382/382/382 383/383/383 384/384/384
f 385/385/385 387/387/387 386/386/386
f 383/383/383 347/347/347 388/388/388
f 389/389/389 383/383/383 388/388/388
f 388/388/388 347/347/347 350/350/350
f 384/384/384 383/383/383 389/389/389
f 383/383/383 315/315/315 313/313/313
f 383/383/383 313/313/313 347/347/347
f 382/382/382 384/384/384 386/386/386
f 291/291/291 296/296/296 294/294/294
f 296/296/296 291/291/291 292/292/292
f 365/365/365 368/368/368 366/366/366
f 368/368/368 365/365/365 390/390/390
f 391/391/391 367/367/367 368/368/368
f 367/367/367 391/391/391 392/392/392
f 392/392/392 311/311/311 367/367/367
f 311/311/311 392/392/392 310/310/310
f 329/329/329 381/381/381 328/328/328
f 381/381/381 329/329/329 393/393/393
f 365/365/365 394/394/394 390/390/390
f 394/394/394 365/365/365 380/380/380
f 329/329/329 376/376/376 393/393/393
f 395/395/395 397/397/397 396/396/396
f 397/397/397 395/395/395 398/398/398
f 399/399/399 401/401/401 400/400/400
f 402/402/402 404/404/404 403/403/403
f 405/405/405 407/407/407 406/406/406
f 408/408/408 410/410/410 409/409/409
f 411/411/411 413/413/413 412/412/412
f 414/414/414 416/416/416 415/415/415
f 395/395/395 417/417/417 398/398/398
f 418/418/418 420/420/420 419/419/419
f 381/381/381 291/291/291 300/300/300
f 291/291/291 381/381/381 380/380/380
f 393/393/393 380/380/380 381/381/381
f 380/380/380 393/393/393 394/394/394
f 419/419/419 396/396/396 397/397/397
f 396/396/396 419/419/419 420/420/420
f 421/421/421 423/423/423 422/422/422
f 424/424/424 426/426/426 425/425/425
f 310/310/310 392/392/392 379/379/379
f 391/391/391 379/379/379 392/392/392
f 379/379/379 391/391/391 378/378/378
f 427/427/427 429/429/429 428/428/428
f 430/430/430 432/432/432 431/431/431
f 433/433/433 435/435/435 434/434/434
f 436/436/436 438/438/438 437/437/437
f 439/439/439 441/441/441 440/440/440
f 442/442/442 444/444/444 443/443/443
f 445/445/445 447/447/447 446/446/446
f 448/448/448 450/450/450 449/449/449
f 417/417/417 395/395/395 451/451/451
f 396/396/396 451/451/451 395/395/395
f 451/451/451 396/396/396 452/452/452
f 453/453/453 396/396/396 420/420/420
f 396/396/396 453/453/453 452/452/452
f 420/420/420 418/418/418 453/453/453
f 382/382/382 386/386/386 387/387/387
f 454/454/454 456/456/456 455/455/455
f 455/455/455 457/457/457 454/454/454
f 458/458/458 295/295/295 296/296/296
f 459/459/459 298/298/298 299/299/299
f 299/299/299 460/460/460 459/459/459
f 461/461/461 463/463/463 462/462/462
f 462/462/462 464/464/464 461/461/461
f 465/465/465 466/466/466 307/307/307
f 307/307/307 308/308/308 465/465/465
f 467/467/467 469/469/469 468/468/468
f 468/468/468 470/470/470 467/467/467
f 471/471/471 473/473/473 472/472/472
f 307/307/307 466/466/466 474/474/474
f 474/474/474 317/317/317 307/307/307
f 475/475/475 319/319/319 320/320/320
f 320/320/320 476/476/476 475/475/475
f 461/461/461 478/478/478 477/477/477
f 477/477/477 463/463/463 461/461/461
f 475/475/475 479/479/479 325/325/325
f 325/325/325 319/319/319 475/475/475
f 479/479/479 478/478/478 480/480/480
f 480/480/480 481/481/481 479/479/479
f 482/482/482 483/483/483 459/459/459
f 484/484/484 331/331/331 332/332/332
f 332/332/332 481/481/481 484/484/484
f 325/325/325 479/479/479 481/481/481
f 481/481/481 332/332/332 325/325/325
f 477/477/477 478/478/478 479/479/479
f 479/479/479 475/475/475 477/477/477
f 481/481/481 480/480/480 485/485/485
f 485/485/485 486/486/486 484/484/484
f 484/484/484 481/481/481 485/485/485
f 487/487/487 488/488/488 486/486/486
f 486/486/486 488/488/488 489/489/489
f 489/489/489 484/484/484 486/486/486
f 489/489/489 338/338/338 331/331/331
f 331/331/331 484/484/484 489/489/489
f 490/490/490 489/489/489 488/488/488
f 488/488/488 491/491/491 490/490/490
f 489/489/489 490/490/490 341/341/341
f 341/341/341 338/338/338 489/489/489
f 492/492/492 494/494/494 493/493/493
f 493/493/493 491/491/491 492/492/492
f 495/495/495 467/467/467 470/470/470
f 470/470/470 496/496/496 495/495/495
f 497/497/497 499/499/499 498/498/498
f 498/498/498 471/471/471 497/497/497
f 496/496/496 494/494/494 480/480/480
f 480/480/480 495/495/495 496/496/496
f 499/499/499 497/497/497 500/500/500
f 500/500/500 501/501/501 499/499/499
f 502/502/502 503/503/503 354/354/354
f 354/354/354 355/355/355 502/502/502
f 503/503/503 502/502/502 504/504/504
f 480/480/480 494/494/494 492/492/492
f 492/492/492 485/485/485 480/480/480
f 505/505/505 501/501/501 500/500/500
f 506/506/506 359/359/359 503/503/503
f 503/503/503 504/504/504 506/506/506
f 507/507/507 508/508/508 505/505/505
f 505/505/505 500/500/500 509/509/509
f 509/509/509 507/507/507 505/505/505
f 461/461/461 464/464/464 467/467/467
f 467/467/467 495/495/495 461/461/461
f 461/461/461 495/495/495 480/480/480
f 480/480/480 478/478/478 461/461/461
f 491/491/491 487/487/487 492/492/492
f 487/487/487 491/491/491 488/488/488
f 487/487/487 486/486/486 485/485/485
f 485/485/485 492/492/492 487/487/487
f 501/501/501 505/505/505 508/508/508
f 508/508/508 510/510/510 501/501/501
f 477/477/477 475/475/475 476/476/476
f 510/510/510 493/493/493 494/494/494
f 504/504/504 493/493/493 510/510/510
f 510/510/510 508/508/508 504/504/504
f 506/506/506 504/504/504 508/508/508
f 508/508/508 507/507/507 506/506/506
f 511/511/511 472/472/472 473/473/473
f 512/512/512 456/456/456 454/454/454
f 454/454/454 513/513/513 512/512/512
f 454/454/454 472/472/472 511/511/511
f 359/359/359 354/354/354 503/503/503
f 514/514/514 515/515/515 511/511/511
f 498/498/498 470/470/470 468/468/468
f 468/468/468 473/473/473 498/498/498
f 499/499/499 496/496/496 470/470/470
f 470/470/470 498/498/498 499/499/499
f 510/510/510 494/494/494 496/496/496
f 496/496/496 499/499/499 501/501/501
f 510/510/510 496/496/496 501/501/501
f 298/298/298 459/459/459 465/465/465
f 465/465/465 308/308/308 298/298/298
f 516/516/516 490/490/490 491/491/491
f 491/491/491 493/493/493 516/516/516
f 341/341/341 490/490/490 516/516/516
f 516/516/516 370/370/370 341/341/341
f 465/465/465 517/517/517 466/466/466
f 474/474/474 466/466/466 517/517/517
f 517/517/517 518/518/518 474/474/474
f 493/493/493 504/504/504 502/502/502
f 502/502/502 516/516/516 493/493/493
f 516/516/516 502/502/502 355/355/355
f 355/355/355 370/370/370 516/516/516
f 317/317/317 474/474/474 320/320/320
f 476/476/476 474/474/474 518/518/518
f 320/320/320 474/474/474 476/476/476
f 517/517/517 465/465/465 462/462/462
f 462/462/462 463/463/463 517/517/517
f 518/518/518 517/517/517 463/463/463
f 463/463/463 477/477/477 518/518/518
f 476/476/476 518/518/518 477/477/477
f 464/464/464 519/519/519 469/469/469
f 469/469/469 467/467/467 464/464/464
f 473/473/473 471/471/471 498/498/498
f 515/515/515 513/513/513 511/511/511
f 513/513/513 454/454/454 511/511/511
f 520/520/520 522/522/522 521/521/521
f 521/521/521 523/523/523 520/520/520
f 524/524/524 525/525/525 520/520/520
f 520/520/520 523/523/523 524/524/524
f 462/462/462 465/465/465 459/459/459
f 459/459/459 522/522/522 462/462/462
f 295/295/295 458/458/458 460/460/460
f 460/460/460 299/299/299 295/295/295
f 456/456/456 460/460/460 458/458/458
f 512/512/512 526/526/526 456/456/456
f 482/482/482 460/460/460 527/527/527
f 459/459/459 460/460/460 482/482/482
f 519/519/519 464/464/464 462/462/462
f 462/462/462 522/522/522 519/519/519
f 521/521/521 522/522/522 459/459/459
f 459/459/459 483/483/483 521/521/521
f 520/520/520 519/519/519 522/522/522
f 520/520/520 525/525/525 469/469/469
f 469/469/469 519/519/519 520/520/520
f 473/473/473 468/468/468 514/514/514
f 514/514/514 511/511/511 473/473/473
f 454/454/454 457/457/457 528/528/528
f 528/528/528 472/472/472 454/454/454
f 529/529/529 472/472/472 528/528/528
f 528/528/528 530/530/530 529/529/529
f 531/531/531 533/533/533 532/532/532
f 529/529/529 534/534/534 497/497/497
f 535/535/535 534/534/534 529/529/529
f 534/534/534 500/500/500 497/497/497
f 530/530/530 535/535/535 529/529/529
f 529/529/529 471/471/471 472/472/472
f 529/529/529 497/497/497 471/471/471
f 528/528/528 533/533/533 530/530/530
f 456/456/456 458/458/458 296/296/296
f 296/296/296 455/455/455 456/456/456
f 512/512/512 513/513/513 515/515/515
f 515/515/515 536/536/536 512/512/512
f 537/537/537 515/515/515 514/514/514
f 514/514/514 538/538/538 537/537/537
f 538/538/538 514/514/514 468/468/468
f 468/468/468 469/469/469 538/538/538
f 483/483/483 482/482/482 527/527/527
f 527/527/527 539/539/539 483/483/483
f 512/512/512 536/536/536 540/540/540
f 540/540/540 526/526/526 512/512/512
f 483/483/483 539/539/539 521/521/521
f 541/541/541 543/543/543 542/542/542
f 542/542/542 544/544/544 541/541/541
f 545/545/545 547/547/547 546/546/546
f 548/548/548 550/550/550 549/549/549
f 551/551/551 553/553/553 552/552/552
f 554/554/554 556/556/556 555/555/555
f 557/557/557 559/559/559 558/558/558
f 560/560/560 562/562/562 561/561/561
f 541/541/541 544/544/544 563/563/563
f 564/564/564 566/566/566 565/565/565
f 527/527/527 460/460/460 456/456/456
f 456/456/456 526/526/526 527/527/527
f 539/539/539 527/527/527 526/526/526
f 526/526/526 540/540/540 539/539/539
f 566/566/566 542/542/542 543/543/543
f 543/543/543 565/565/565 566/566/566
f 567/567/567 569/569/569 568/568/568
f 570/570/570 572/572/572 571/571/571
f 469/469/469 525/525/525 538/538/538
f 537/537/537 538/538/538 525/525/525
f 525/525/525 524/524/524 537/537/537
f 573/573/573 575/575/575 574/574/574
f 576/576/576 578/578/578 577/577/577
f 579/579/579 581/581/581 580/580/580
f 582/582/582 584/584/584 583/583/583
f 585/585/585 587/587/587 586/586/586
f 588/588/588 590/590/590 589/589/589
f 591/591/591 593/593/593 592/592/592
f 594/594/594 596/596/596 595/595/595
f 563/563/563 597/597/597 541/541/541
f 543/543/543 541/541/541 597/597/597
f 597/597/597 598/598/598 543/543/543
f 599/599/599 565/565/565 543/543/543
f 543/543/543 598/598/598 599/599/599
f 565/565/565 599/599/599 564/564/564
f 528/528/528 532/532/532 533/533/533

g magi_hair
# texture: magi_hair.tga
v 1.06969 12.67696 2.989522
v 0.756501 12.75932 2.97156
v 0.557341 12.22307 3.051357
v 0.788111 12.1848 3.092829
v 0.543558 11.79564 2.955513
v 0.736765 11.73171 3.04376
v 0.868375 11.32754 2.826299
v 0.736848 11.35987 2.755402
v 1.109416 10.99478 2.506681
v 2.132975 14.07067 2.42504
v 1.232696 14.54422 1.581365
v 1.945707 14.07974 2.546055
v 2.274628 13.48942 2.888307
v 2.456173 13.52338 2.671901
v 3.139418 12.35272 2.554567
v 2.706636 13.11002 2.75497
v 2.486928 13.03289 2.971812
v 2.993083 12.3396 2.746362
v 3.558889 11.58185 2.239989
v 3.477715 11.55141 2.398055
v 3.67441 10.84199 1.838449
v -0.595183 10.53903 1.788968
v -0.862862 10.67253 1.661684
v -0.942527 9.732357 0.393857
v -0.592746 11.79665 2.577527
v -0.061414 11.60076 2.829661
v 2.776928 12.035 2.942873
v 2.580719 11.83578 3.208758
v 2.918461 11.63029 2.938767
v 3.026673 11.77331 2.745211
v 3.406471 13.1404 0.412483
v 2.681066 12.65508 1.041568
v 2.760866 12.03714 0.173107
v -0.589167 11.91578 1.715873
v 0.08534 12.56104 2.236959
v -0.824328 12.98713 2.360861
v 0.616764 12.29631 3.205526
v 0.108013 13.06651 3.032774
v 0.639789 12.71815 2.849312
v 0.783167 12.59043 2.531089
v 0.08534 12.56104 2.236959
v -0.824328 12.98713 2.360861
v 3.092508 13.22986 2.000064
v 2.274499 13.41305 2.887043
v 2.360532 12.90996 3.145224
v 1.603851 14.87142 1.39145
v 1.276986 14.54392 1.560789
v 2.126073 14.07236 2.413535
v 2.966885 14.14445 0.17845
v 3.097365 13.64395 1.334453
v 3.414658 13.14262 0.389296
v 2.526659 13.95193 2.219307
v 2.280331 14.65395 0.981879
v 2.502801 12.31587 2.746091
v 2.802691 11.68082 1.910016
v 3.041586 11.02318 -1.28355
v 3.006359 10.40444 -0.434126
v 2.976968 9.209187 -0.715604
v 3.205569 13.41492 -0.510916
v 3.556462 12.66085 0.154855
v 3.306511 12.98969 -0.932085
v 0.029034 13.06365 3.069148
v 0.331852 12.60795 3.170607
v 1.011061 13.24734 3.208704
v 0.790546 13.88466 2.974228
v 0.917267 14.84654 1.707638
v 1.577531 13.97473 2.591762
v 1.276986 14.54392 1.560789
v -1.540167 13.22154 1.676278
v -0.906667 12.98415 2.398781
v -0.832701 14.0068 1.928245
v 0.180818 14.57789 1.948752
v 1.539069 12.607 3.271692
v 1.180975 12.65377 3.380515
v 1.148841 12.58328 3.230804
v 1.629901 13.40362 2.717721
v 0.616764 12.29631 3.205526
v -1.775818 12.35443 1.374449
v -1.628523 11.33908 0.950656
v -1.016901 10.86304 1.79378
v 1.94458 12.91703 3.366178
v 1.539069 12.607 3.271692
v 1.559377 12.6009 2.732019
v 1.762505 12.66649 2.660884
v 1.148841 12.58328 3.230804
v 0.944587 12.66187 2.836994
v 1.762505 12.66649 2.660884
v 1.939668 12.69328 2.567629
v 2.360532 12.90996 3.145224
v 1.94458 12.91703 3.366178
v 2.681066 12.65508 1.041568
v 3.414658 13.14262 0.389296
v 3.014988 13.22676 2.038632
v 2.29085 12.86581 2.182728
v 2.502801 12.31587 2.746091
v 2.450195 12.65082 1.763385
v 1.718296 12.35721 2.347287
v 3.378092 12.44414 1.215117
v 3.096779 11.24103 0.50098
v 3.508044 12.03538 -0.074933
v -1.609289 10.38901 0.431163
v -1.303432 10.15099 0.852704
v 1.143435 13.26906 3.127343
v 1.418402 12.61007 3.369502
v 1.94458 12.91703 3.366178
v 1.816856 13.44651 3.097158
v 1.822627 12.01468 3.30506
v 2.323427 12.30228 3.397305
v 2.360532 12.90996 3.145224
v 2.274499 13.41305 2.887043
v 1.276986 14.54392 1.560789
v 1.183192 13.89099 2.845206
v 1.647369 14.04285 2.717915
v 2.126073 14.07236 2.413535
v 2.32574 11.52139 2.995057
v 2.763286 11.28424 2.923714
v 2.869425 11.4267 2.940157
v 2.563844 12.43139 3.127853
v 2.360532 12.90996 3.145224
v 2.392032 12.01892 -1.690054
v 2.187088 10.1418 -2.242375
v 1.694434 11.8494 -2.512087
v 1.485013 10.24423 -3.002403
v 2.684052 8.093472 -2.419592
v 1.687756 9.21877 -3.08355
v -1.923496 11.71833 -0.845948
v -1.538339 9.691646 -0.17238
v -1.67772 11.87148 0.184158
v -1.819762 10.02858 -1.328883
v -1.217981 7.942239 -0.029602
v -1.590891 9.011191 -1.220496
v 3.184289 12.2799 -1.163842
v 1.677392 12.88441 2.832145
v 2.3914 10.73835 -4.389359
v 3.285183 11.28641 -2.980619
v 3.768354 10.47211 -4.284009
v 2.610852 9.698195 -5.469284
v 1.694434 11.8494 -2.512087
v 2.392032 12.01892 -1.690054
v 2.333557 10.81969 -1.919967
v 1.331944 10.69179 -3.548977
v 0.485259 11.36281 -3.326342
v 0.307438 10.51586 -3.561187
v -1.048644 10.35177 -3.818497
v -0.819559 10.31406 -3.325692
v 1.710674 8.314671 -5.227081
v 2.719566 9.283765 -2.945006
v 2.789537 7.686183 -4.939691
v 2.134047 6.614763 -6.245431
v -0.176312 7.791329 -4.82237
v -1.288876 7.515516 -4.564943
v -0.475197 5.701109 -6.179258
v -1.882507 5.325677 -6.026248
v 0.485259 11.36281 -3.326342
v 2.004363 11.86063 -2.654816
v 0.232196 7.547713 -6.296424
v -1.895446 7.198663 -5.906999
v -1.048644 10.35177 -3.818497
v 0.485259 11.36281 -3.326342
v 2.392032 12.01892 -1.690054
v 4.171661 9.499592 -5.157803
v 2.854398 8.329473 -6.691209
v -2.969517 9.940569 -1.810876
v -3.444526 8.723682 -2.553618
v -2.90531 8.908485 -0.816169
v -2.445531 10.23133 -0.160221
v -1.923496 11.71833 -0.845948
v -2.314726 10.50129 -1.903531
v -1.717722 10.68043 -0.002232
v -1.67772 11.87148 0.184158
v -1.728548 11.28261 -2.306833
v -1.741055 10.44165 -2.617809
v -1.046193 10.35186 -3.819626
v -2.812421 7.898922 -3.164543
v -3.170388 6.018719 -3.829869
v -3.286809 7.013088 -2.273504
v -2.497724 8.844981 -0.680432
v -2.222082 7.717215 -3.880246
v -2.933479 5.612051 -5.047163
v -1.728548 11.28261 -2.306833
v -3.591264 7.409199 -4.535634
v -2.233335 11.70711 -0.70326
v -1.67772 11.87148 0.184158
v -3.308626 7.703501 -1.323436
v -3.957957 7.228512 -3.516253
v -0.71237 9.908955 1.011332
v -0.180444 10.71727 2.3101
v -0.34196 10.78416 2.23397
v 0.185511 11.51145 2.966303
v -1.864525 9.428888 0.037962
v 3.555095 11.20975 2.384248
v 3.205521 10.84077 2.526937
v 1.718296 12.35721 2.347287
v -2.602509 11.87251 0.093046
v -1.196266 11.55324 0.766132
v -1.769542 12.35295 1.341633
v -2.896799 10.4461 -0.795151
v -2.625233 11.63356 0.380107
v -3.575885 10.59743 -0.31843
v -2.555233 11.22458 0.056611
v -1.594753 9.512691 -6.874351
v -3.548251 9.13076 -5.513774
v -2.711742 10.66043 -3.845247
v -1.269353 10.85125 -4.976166
v 0.915088 14.84646 1.708641
v 1.27508 14.54385 1.561667
v 0.6423 15.25404 0.244686
v 0.061779 15.41161 0.481425
v -2.179623 13.3962 0.565627
v -1.550516 13.22108 1.681038
v -0.845954 14.00632 1.934349
v -1.396284 14.59017 0.672127
v 0.174249 15.3587 -0.76343
v -0.327864 15.50554 -0.57781
v -1.635998 14.61949 -0.308452
v -2.433769 13.49685 -0.718078
v -1.253192 14.68143 -1.556434
v -1.903008 13.53415 -2.27184
v -0.46618 14.59867 -2.199285
v -0.831837 13.56462 -3.12183
v 0.17864 14.57781 1.949755
v -0.568967 15.14371 0.680642
v -0.832777 15.23808 -0.440194
v -2.602509 11.87251 0.093046
v -1.769542 12.35295 1.341633
v -2.646143 11.57455 -0.51092
v -1.19567 11.55196 0.764454
v -1.089364 11.80831 1.286224
v -1.764598 11.86834 0.224167
v -1.34246 12.42132 1.482595
v -2.828608 10.57631 -1.453988
v -3.234705 9.782427 -1.711599
v -2.960585 9.798048 -2.04328
v -3.525071 8.729248 -1.785261
v -3.252823 10.19163 -1.052683
v -3.165212 10.0877 -1.352467
v -3.625997 9.245089 -1.133089
v -2.465953 10.57099 -2.06715
v -2.979791 10.63025 -0.877012
v -2.972547 9.124054 -2.811061
v -2.884333 11.09094 -0.223573
v -2.838267 11.00402 -0.654118
v -3.690401 10.2069 -1.024642
v -1.579916 11.85972 1.124911
v 3.45424 12.4015 -2.558731
v 3.509618 12.67962 -1.063385
v 2.313448 11.77315 -1.024673
v 3.959687 11.24304 -3.704446
v 3.710929 12.22699 -2.349807
v 3.70772 11.81368 -2.675325
v 4.617074 11.74446 -3.537869
v -1.591829 9.513208 -6.875242
v 0.559357 11.02264 -5.158686
v 0.787838 9.89896 -6.835534
v -1.266491 10.85157 -4.977315
v 1.603851 14.87142 1.39145
v 0.645115 15.25414 0.24339
v 1.276986 14.54392 1.560789
v 1.191741 15.45255 -0.038948
v 2.738566 13.60833 -1.700489
v 2.966885 14.14445 0.17845
v 3.205569 13.41492 -0.510916
v 2.330765 14.7252 -1.044264
v 0.177063 15.3588 -0.764727
v 0.634696 15.54042 -1.021091
v 2.013364 13.65796 -2.766082
v 1.74009 14.7418 -1.863216
v 0.54093 14.74642 -2.382667
v 0.524076 13.80289 -3.246383
v -0.452291 14.59918 -2.205681
v -0.817713 13.56619 -3.127501
v 1.76785 15.22837 -0.395515
v 2.280331 14.65395 0.981879
v 1.082448 15.30747 -1.322198
v 3.509618 12.67962 -1.063385
v 3.45424 12.4015 -2.558731
v 3.361502 12.11936 -3.164745
v 2.452218 11.68411 -0.915481
v 2.392032 12.01892 -1.690054
v 2.764053 11.94791 -0.488362
v 3.040576 12.58021 -0.535894
v 3.555392 11.27297 -4.244187
v 4.126146 10.76531 -4.771485
v 4.812079 9.989609 -5.127447
v 3.763132 10.61898 -4.950949
v 4.237799 11.17844 -4.124337
v 4.93369 10.53539 -4.503883
v 4.087622 11.0227 -4.372408
v 3.010426 11.04378 -4.641677
v 3.90003 11.43746 -3.782846
v 3.751292 9.982906 -5.75043
v 3.89819 11.83885 -3.084841
v 4.576976 11.40929 -4.279772
v 3.714077 11.70855 -3.464501
v 2.956546 12.02407 -0.964232
v -2.358737 10.83608 -0.190157
v -2.630997 10.19036 -0.872343
v -2.183785 10.66467 -0.107934
v -1.944234 12.11458 0.934922
v -1.641509 11.58583 0.951529
v -1.213282 11.80382 1.343291
v -1.466377 12.41683 1.539662
v -1.891269 11.22592 0.404191
v -2.169288 11.58341 0.383659
v 3.632075 11.36154 -2.876049
v 3.843366 10.8846 -3.703298
v 3.615716 11.13283 -2.756845
v 3.358088 12.42493 -1.476682
v 2.895318 11.75012 -1.140981
v 2.887971 11.9524 -0.545428
v 3.164494 12.5847 -0.592961
v 3.3064 11.50191 -1.945273
v 3.318601 11.92796 -2.099701
vn -0.04431 0.183837 0.981958
vn -0.016469 0.153193 0.988059
vn -0.184792 0.055891 0.981187
vn -0.158018 0.110044 0.981285
vn -0.480585 -0.326337 0.813967
vn -0.452182 -0.376703 0.808472
vn -0.470583 -0.67588 0.567219
vn -0.483777 -0.625474 0.612162
vn -0.44013 -0.767125 0.466696
vn 0.382408 0.777636 0.499046
vn 0.227141 0.932445 0.280988
vn 0.340739 0.81699 0.465215
vn 0.647656 0.430518 0.628646
vn 0.64391 0.434571 0.629704
vn 0.791749 0.05131 0.608688
vn 0.617555 0.292997 0.729917
vn 0.626486 0.329398 0.706408
vn 0.771135 0.206114 0.602386
vn 0.888851 0.00959 0.458095
vn 0.870417 0.079767 0.485811
vn 0.89287 -0.099039 0.439289
vn -0.55963 -0.531103 0.636195
vn -0.566575 -0.554507 0.60952
vn -0.565986 -0.644745 0.513774
vn -0.616928 -0.223388 0.754651
vn -0.500641 -0.247874 0.829408
vn 0.693346 0.226621 0.684043
vn 0.346395 -0.148972 0.926185
vn 0.727471 0.260983 0.634566
vn 0.738828 0.273966 0.615692
vn 0.730588 -0.52282 0.439204
vn 0.689492 -0.665643 0.285518
vn 0.730588 -0.52282 0.439204
vn -0.135666 -0.532768 0.835316
vn -0.213715 -0.731859 0.647077
vn -0.223103 -0.679749 0.69869
vn -0.320758 -0.605502 0.728342
vn -0.409801 -0.877111 0.25048
vn -0.368521 -0.899921 -0.233098
vn -0.188996 -0.910378 0.368093
vn -0.213715 -0.731859 0.647077
vn -0.223103 -0.679749 0.69869
vn 0.881072 0.191738 0.432376
vn 0.55581 0.409877 0.72324
vn 0.497289 -0.304419 0.812424
vn 0.134127 0.817981 0.559391
vn 0.200314 0.850635 0.486101
vn 0.35442 0.755611 0.550852
vn 0.851354 0.514511 0.102343
vn 0.848517 0.488385 0.203715
vn 0.962117 0.267528 0.052538
vn 0.632708 0.6215 0.461972
vn 0.63088 0.721999 0.284093
vn 0.629949 -0.622378 0.464553
vn 0.878991 -0.284096 0.382968
vn 0.975197 -0.157881 -0.155125
vn 0.988018 -0.15434 -0.000533
vn 0.999368 -0.029245 0.020195
vn 0.824377 0.565676 -0.020361
vn 0.994812 0.101574 0.005682
vn 0.971194 0.102138 -0.215293
vn -0.418819 0.198192 0.886178
vn -0.316313 -0.039825 0.947819
vn 0.189733 0.327816 0.925493
vn -0.009314 0.56622 0.824202
vn 0.28967 0.825494 0.484409
vn 0.369296 0.565371 0.737548
vn 0.200314 0.850635 0.486101
vn -0.730902 0.130561 0.669878
vn -0.655981 0.140935 0.741503
vn -0.521684 0.47158 0.710956
vn -0.247294 0.728133 0.639271
vn 0.570557 -0.578798 0.58263
vn 0.266841 -0.222591 0.937683
vn 0.220265 -0.975426 0.005209
vn 0.497106 0.284866 0.819596
vn -0.320758 -0.605502 0.728342
vn -0.755226 -0.21082 0.620636
vn -0.813229 -0.262143 0.519557
vn -0.839139 -0.154741 0.521442
vn 0.252165 -0.047506 0.966518
vn 0.570557 -0.578798 0.58263
vn 0.159129 -0.936483 0.312534
vn 0.342262 -0.857693 0.383691
vn 0.220265 -0.975426 0.005209
vn -0.11562 -0.989802 0.08321
vn 0.342262 -0.857693 0.383691
vn 0.444116 -0.867332 0.224714
vn 0.497289 -0.304419 0.812424
vn 0.252165 -0.047506 0.966518
vn 0.689492 -0.665643 0.285518
vn 0.657871 -0.727051 0.196477
vn 0.568079 -0.821756 0.044747
vn 0.417909 -0.902977 0.099929
vn 0.629949 -0.622378 0.464553
vn 0.59921 -0.695884 0.395844
vn 0.385574 -0.756842 0.527754
vn 0.957624 -0.054194 0.282878
vn 0.923031 -0.329728 0.198227
vn 0.983291 -0.177217 -0.041633
vn -0.838112 -0.146278 0.52552
vn -0.842233 -0.185942 0.506034
vn -0.071475 0.357709 0.931094
vn -0.069363 0.129731 0.98912
vn 0.252165 -0.047506 0.966518
vn 0.199557 0.450572 0.870151
vn -0.020394 -0.267236 0.963416
vn 0.342748 -0.034439 0.938796
vn 0.497289 -0.304419 0.812424
vn 0.55581 0.409877 0.72324
vn 0.200314 0.850635 0.486101
vn -0.067478 0.658881 0.749215
vn 0.118828 0.774512 0.621298
vn 0.35442 0.755611 0.550852
vn -0.090164 -0.508797 0.856152
vn 0.257998 -0.402716 0.878213
vn 0.347226 -0.358708 0.866466
vn 0.719268 0.096737 0.687965
vn 0.518146 0.300498 0.800766
vn 0.767298 -0.061923 -0.638294
vn 0.724253 0.253144 -0.641386
vn 0.757759 0.100303 -0.64478
vn 0.720582 0.247139 -0.647831
vn 0.712432 0.216209 -0.667604
vn 0.684573 0.19099 -0.703479
vn -0.966847 -0.106647 0.232022
vn -0.96947 -0.140999 0.200617
vn -0.949324 0.065857 0.307322
vn -0.972113 -0.143362 0.185592
vn -0.970364 -0.178306 0.163098
vn -0.971286 -0.205844 0.119302
vn 0.951344 -0.07314 -0.299326
vn 0.569141 0.339265 0.748985
vn -0.063017 0.748588 -0.660034
vn 0.356505 0.782685 -0.510204
vn 0.207538 0.777069 -0.594215
vn -0.140296 0.656184 -0.741445
vn 0.757759 0.100303 -0.64478
vn 0.816355 0.183291 -0.547695
vn 0.704556 0.503336 -0.500254
vn 0.45311 0.592735 -0.66585
vn 0.098938 0.501732 -0.859346
vn -0.030217 0.300686 -0.953245
vn -0.324969 0.310139 -0.893426
vn -0.349259 -0.49287 -0.79693
vn 0.238368 0.588245 -0.772754
vn 0.696944 0.561622 -0.445927
vn 0.514796 0.606855 -0.605567
vn 0.1584 0.606907 -0.778828
vn -0.213248 0.467733 -0.857759
vn -0.375961 0.505495 -0.776613
vn -0.141294 0.568343 -0.81057
vn -0.357027 0.583587 -0.729355
vn 0.098938 0.501732 -0.859346
vn 0.656157 0.494848 -0.569723
vn -0.14765 0.643264 -0.751273
vn -0.345816 0.622649 -0.70194
vn -0.324969 0.310139 -0.893426
vn -0.036809 0.482093 -0.875346
vn 0.816355 0.183291 -0.547695
vn 0.225177 0.688895 -0.688999
vn -0.32746 0.596155 -0.733054
vn -0.870211 0.46766 -0.155009
vn -0.925624 0.373742 -0.059475
vn -0.899317 0.290031 0.32728
vn -0.912611 0.305474 0.271711
vn -0.971798 0.162811 0.170592
vn -0.925547 0.32068 -0.201312
vn -0.960563 0.09702 0.260588
vn -0.949324 0.065857 0.307322
vn -0.740295 0.470389 -0.480311
vn -0.721797 0.275745 -0.634803
vn -0.50496 -0.831999 -0.229767
vn -0.823012 0.374305 -0.427255
vn -0.779511 0.40687 -0.476256
vn -0.925148 0.351598 -0.143107
vn -0.95903 0.259051 0.114695
vn -0.540783 0.455867 -0.706922
vn -0.557617 0.55326 -0.618843
vn -0.740295 0.470389 -0.480311
vn -0.512959 0.63003 -0.58304
vn -0.875016 0.450913 0.176137
vn -0.949324 0.065857 0.307322
vn -0.946902 0.188189 0.260694
vn -0.864419 0.446111 -0.231872
vn -0.530365 -0.605129 0.593744
vn -0.530886 -0.469286 0.705642
vn -0.530561 -0.515156 0.673141
vn -0.519993 -0.150896 0.840736
vn -0.814753 -0.020682 0.57944
vn 0.729953 0.287052 0.620298
vn 0.377853 -0.378966 0.844756
vn 0.385574 -0.756842 0.527754
vn -0.914866 -0.149702 0.374979
vn -0.438412 -0.566057 0.698122
vn -0.545676 -0.347181 0.762695
vn -0.524982 -0.369172 0.766881
vn -0.327078 -0.62036 0.712863
vn 0.084637 -0.609199 0.788488
vn 0.077671 -0.714107 0.695714
vn -0.480421 0.755482 -0.445469
vn -0.545031 0.749298 -0.376156
vn -0.671107 0.558426 -0.487623
vn -0.556237 0.548866 -0.623976
vn 0.313126 0.901104 0.299941
vn 0.661044 0.745579 0.084461
vn 0.331516 0.939368 0.087666
vn 0.000418 0.970556 0.240876
vn -0.875026 0.318329 0.364688
vn -0.770216 0.241514 0.590286
vn -0.577274 0.610272 0.542516
vn -0.664919 0.653491 0.361708
vn 0.169904 0.945256 -0.278609
vn -0.140468 0.976755 -0.161922
vn -0.741313 0.670866 0.019857
vn -0.870893 0.491137 0.018195
vn -0.513697 0.789004 -0.337028
vn -0.692357 0.550258 -0.466752
vn -0.324005 0.792729 -0.516335
vn -0.511437 0.591464 -0.62338
vn -0.275636 0.801119 0.531256
vn -0.403457 0.834536 0.375195
vn -0.535844 0.844289 -0.006896
vn -0.914866 -0.149702 0.374979
vn -0.545676 -0.347181 0.762695
vn -0.977717 0.209362 -0.015397
vn -0.712219 -0.561687 0.421013
vn -0.384027 -0.708837 0.59167
vn 0.304815 -0.952225 -0.018868
vn -0.235901 -0.338537 0.910903
vn -0.839755 0.40519 -0.361432
vn -0.742844 0.355475 -0.567292
vn -0.724304 0.370701 -0.581348
vn -0.75204 0.250011 -0.60986
vn -0.762017 0.509779 -0.399319
vn -0.811622 0.464804 -0.353875
vn -0.850783 0.367308 -0.375836
vn -0.793095 0.373629 -0.481043
vn -0.838148 0.464927 -0.285222
vn -0.715188 0.448795 -0.535807
vn -0.832283 0.519379 -0.193781
vn -0.750778 0.63048 -0.197049
vn -0.614211 0.758235 -0.218687
vn -0.21263 -0.823798 0.525496
vn 0.951407 0.30291 -0.055412
vn 0.994129 0.005815 0.108047
vn 0.757363 -0.631029 0.167941
vn 0.872575 -0.093472 0.479454
vn 0.854403 -0.334659 0.397491
vn 0.584678 -0.605278 0.540176
vn 0.570825 -0.510791 0.642847
vn -0.10546 0.821912 -0.559768
vn 0.033597 0.636456 -0.770581
vn -0.015603 0.843094 -0.53754
vn -0.138817 0.595086 -0.791582
vn -0.029123 0.888705 0.457554
vn -0.204461 0.91995 0.334495
vn -0.408945 0.706815 0.577215
vn 0.124614 0.975055 0.183681
vn 0.641565 0.698221 -0.317621
vn 0.749593 0.658342 -0.068536
vn 0.767594 0.637856 -0.06276
vn 0.666585 0.701728 -0.25148
vn -0.378071 0.925404 -0.026255
vn -0.090173 0.978577 -0.185084
vn 0.549058 0.542578 -0.635724
vn 0.455584 0.714227 -0.531341
vn 0.030075 0.808704 -0.587447
vn 0.064387 0.634051 -0.770606
vn -0.229225 0.796163 -0.559983
vn -0.178001 0.628384 -0.757264
vn 0.496514 0.867141 -0.039262
vn 0.534107 0.830455 0.158351
vn 0.291722 0.87427 -0.388008
vn 0.994129 0.005815 0.108047
vn 0.951407 0.30291 -0.055412
vn 0.640732 0.661909 -0.389024
vn 0.814827 -0.506365 -0.282226
vn -0.155064 -0.968885 0.192917
vn 0.723308 -0.684567 0.090518
vn 0.826335 -0.282686 0.487092
vn 0.290302 0.737817 -0.609386
vn 0.148912 0.631547 -0.760903
vn 0.186891 0.54144 -0.819704
vn 0.121405 0.634607 -0.76324
vn 0.164903 0.787377 -0.594008
vn 0.310232 0.709322 -0.632945
vn 0.244043 0.776217 -0.581318
vn 0.216776 0.678503 -0.701884
vn 0.294536 0.794535 -0.531002
vn 0.097679 0.701203 -0.706239
vn 0.304737 0.845716 -0.438064
vn 0.014614 0.943553 -0.330898
vn 0.188672 0.901662 -0.389113
vn 0.547787 -0.823672 0.146609
vn -0.637933 -0.356034 0.682847
vn -0.673308 -0.38383 0.631926
vn -0.650276 -0.336781 0.68097
vn -0.613198 -0.376533 0.694415
vn -0.617608 -0.352485 0.703075
vn -0.559387 -0.386317 0.73338
vn -0.564126 -0.453825 0.689786
vn -0.560409 -0.375423 0.738241
vn -0.589928 -0.386247 0.709083
vn 0.956305 0.056672 0.286826
vn 0.973941 0.046176 0.222051
vn 0.955815 0.079305 0.28307
vn 0.999784 0.019547 -0.007052
vn 0.957223 -0.289019 -0.01388
vn 0.942385 -0.33191 0.04178
vn 0.916398 -0.400188 0.007972
vn 0.998117 0.00851 0.060742
vn 0.999828 0.004579 0.017986
vt 0.0385 0.9859
vt 0.0824 0.9836
vt 0.0556 0.9404
vt 0.0287 0.9495
vt 0.0417 0.8969
vt 0.019 0.9014
vt 0.014 0.8257
vt 0.0231 0.8199
vt 0.0143 0.7703
vt 0.124 0.0106
vt 0.0885 0.0267
vt 0.1254 0.0512
vt 0.1719 0.052
vt 0.1707 0.0114
vt 0.2724 0.0119
vt 0.2175 0.0115
vt 0.2191 0.0489
vt 0.2686 0.0398
vt 0.3175 0.0108
vt 0.3194 0.0327
vt 0.3753 0.0138
vt 0.2388 0.4795
vt 0.271 0.4817
vt 0.2755 0.5982
vt 0.2778 0.3594
vt 0.2295 0.3253
vt 0.0247 0.3377
vt 0.0597 0.3608
vt 0.0401 0.4201
vt 0.0226 0.4085
vt 0.6493 0.9665
vt 0.4847 0.8994
vt 0.7245 0.8899
vt 0.7245 0.8899
vt 0.4847 0.8994
vt 0.6493 0.9665
vt 0.8217 0.6354
vt 0.7665 0.6336
vt 0.8321 0.5969
vt 0.8326 0.5717
vt 0.7432 0.5252
vt 0.6664 0.5575
vt 0.204 0.7396
vt 0.2383 0.8343
vt 0.2751 0.8005
vt 0.0779 0.9352
vt 0.1359 0.9777
vt 0.1861 0.8824
vt 0.0314 0.7737
vt 0.1376 0.7527
vt 0.0961 0.6679
vt 0.1871 0.8354
vt 0.0569 0.8677
vt 0.2908 0.7223
vt 0.2853 0.6372
vt 0.103 0.4286
vt 0.1875 0.4072
vt 0.1806 0.2987
vt 0.029 0.6689
vt 0.1102 0.6176
vt 0.0437 0.5899
vt 0.2779 0.224
vt 0.2385 0.233
vt 0.2491 0.1439
vt 0.2915 0.1226
vt 0.3988 0.0624
vt 0.2938 0.0598
vt 0.3482 0.0296
vt 0.4011 0.3275
vt 0.3511 0.3032
vt 0.4032 0.2246
vt 0.4023 0.122
vt 0.1902 0.1078
vt 0.2161 0.1604
vt 0.195 0.1796
vt 0.2519 0.0784
vt 0.2114 0.2392
vt 0.3788 0.3811
vt 0.3812 0.4729
vt 0.2883 0.4704
vt 0.9841 0.6403
vt 0.9567 0.613
vt 0.9695 0.5864
vt 0.9834 0.5904
vt 0.8662 0.6289
vt 0.8507 0.6023
vt 0.2108 0.9512
vt 0.2173 0.9427
vt 0.2514 0.9577
vt 0.2478 0.9854
vt 0.3147 0.7085
vt 0.3766 0.6814
vt 0.3846 0.8553
vt 0.2671 0.894
vt 0.3019 0.9335
vt 0.297 0.8078
vt 0.1873 0.9295
vt 0.1829 0.6538
vt 0.1931 0.5352
vt 0.1233 0.5709
vt 0.3701 0.5483
vt 0.3237 0.5471
vt 0.169 0.1743
vt 0.1695 0.2534
vt 0.0941 0.2381
vt 0.1013 0.1753
vt 0.132 0.3224
vt 0.0826 0.3049
vt 0.0253 0.2288
vt 0.0302 0.1726
vt 0.0965 0.0379
vt 0.1685 0.1181
vt 0.11 0.1127
vt 0.0305 0.106
vt 0.0944 0.3788
vt 0.0575 0.4291
vt 0.0401 0.4201
vt 0.0245 0.2878
vt 0.0253 0.2288
vt 0.9846 0.5281
vt 0.9848 0.3623
vt 0.8966 0.5302
vt 0.8968 0.3816
vt 0.9853 0.2001
vt 0.9121 0.3082
vt 0.8966 0.5302
vt 0.9848 0.3623
vt 0.9846 0.5281
vt 0.8968 0.3816
vt 0.9853 0.2001
vt 0.9121 0.3082
vt 0.0562 0.5225
vt 0.2138 0.0952
vt 0.6298 0.7865
vt 0.6342 0.589
vt 0.5072 0.5625
vt 0.5212 0.7814
vt 0.9719 0.7997
vt 0.9719 0.6912
vt 0.7984 0.6644
vt 0.7732 0.7933
vt 0.9719 0.8942
vt 0.7825 0.8928
vt 0.9719 0.9809
vt 0.7996 0.981
vt 0.5972 0.7875
vt 0.6335 0.5878
vt 0.3942 0.5378
vt 0.3944 0.7758
vt 0.5886 0.8854
vt 0.5842 0.9812
vt 0.3944 0.8797
vt 0.3944 0.9812
vt 0.7842 0.8885
vt 0.7842 0.7939
vt 0.3958 0.8793
vt 0.3958 0.9813
vt 0.6907 0.9809
vt 0.7842 0.8885
vt 0.7931 0.665
vt 0.3943 0.5389
vt 0.3958 0.7754
vt 0.6298 0.7865
vt 0.5212 0.7814
vt 0.5072 0.5625
vt 0.6342 0.589
vt 0.9719 0.7997
vt 0.7732 0.7933
vt 0.7984 0.6644
vt 0.9719 0.6912
vt 0.9719 0.8942
vt 0.7825 0.8928
vt 0.9719 0.9809
vt 0.5972 0.7875
vt 0.3944 0.7758
vt 0.3942 0.5378
vt 0.6335 0.5878
vt 0.5886 0.8854
vt 0.3944 0.8797
vt 0.7842 0.8885
vt 0.3958 0.8793
vt 0.7842 0.7939
vt 0.7931 0.665
vt 0.3943 0.5389
vt 0.3958 0.7754
vt 0.2533 0.5861
vt 0.2164 0.4784
vt 0.2321 0.4795
vt 0.208 0.3101
vt 0.3591 0.6238
vt 0.0205 0.4793
vt 0.0205 0.4793
vt 0.9829 0.5587
vt 0.1897 0.475
vt 0.0652 0.491
vt 0.183 0.5717
vt 0.1814 0.2889
vt 0.5318 0.1625
vt 0.5082 0.112
vt 0.4913 0.1527
vt 0.9334 0.0376
vt 0.77 0.023
vt 0.7874 0.1388
vt 0.9206 0.1422
vt 0.4461 0.4981
vt 0.446 0.53
vt 0.5776 0.5523
vt 0.5809 0.5098
vt 0.5758 0.2907
vt 0.4954 0.3004
vt 0.4462 0.3776
vt 0.5677 0.3862
vt 0.6562 0.5336
vt 0.6601 0.4949
vt 0.658 0.3871
vt 0.6606 0.2917
vt 0.7452 0.4066
vt 0.7894 0.3173
vt 0.8348 0.4413
vt 0.8845 0.332
vt 0.4459 0.441
vt 0.5721 0.4612
vt 0.6526 0.4515
vt 0.5494 0.2001
vt 0.4823 0.2584
vt 0.5844 0.1843
vt 0.4319 0.1689
vt 0.4195 0.2622
vt 0.4672 0.2103
vt 0.4525 0.2788
vt 0.6221 0.1376
vt 0.6162 0.0926
vt 0.6471 0.0928
vt 0.6103 0.0476
vt 0.567 0.1027
vt 0.5915 0.1082
vt 0.5608 0.0788
vt 0.684 0.1381
vt 0.5732 0.1267
vt 0.6561 0.0406
vt 0.5318 0.1625
vt 0.5518 0.1452
vt 0.5082 0.112
vt 0.4511 0.2329
vt 0.1897 0.475
vt 0.183 0.5717
vt 0.0652 0.491
vt 0.1814 0.2889
vt 0.5318 0.1625
vt 0.4913 0.1527
vt 0.5082 0.112
vt 0.9334 0.0376
vt 0.7874 0.1388
vt 0.77 0.023
vt 0.9206 0.1422
vt 0.4461 0.4981
vt 0.5776 0.5523
vt 0.446 0.53
vt 0.5809 0.5098
vt 0.5758 0.2907
vt 0.4462 0.3776
vt 0.4954 0.3004
vt 0.5677 0.3862
vt 0.6562 0.5336
vt 0.6601 0.4949
vt 0.6606 0.2917
vt 0.658 0.3871
vt 0.7452 0.4066
vt 0.7894 0.3173
vt 0.8348 0.4413
vt 0.8845 0.332
vt 0.5721 0.4612
vt 0.4459 0.441
vt 0.6526 0.4515
vt 0.4823 0.2584
vt 0.5494 0.2001
vt 0.5844 0.1843
vt 0.4319 0.1689
vt 0.4672 0.2103
vt 0.4195 0.2622
vt 0.4525 0.2788
vt 0.6221 0.1376
vt 0.6162 0.0926
vt 0.6103 0.0476
vt 0.6471 0.0928
vt 0.567 0.1027
vt 0.5608 0.0788
vt 0.5915 0.1082
vt 0.684 0.1381
vt 0.5732 0.1267
vt 0.6561 0.0406
vt 0.5318 0.1625
vt 0.5082 0.112
vt 0.5518 0.1452
vt 0.4511 0.2329
vt 0.5318 0.1625
vt 0.5082 0.112
vt 0.4913 0.1527
vt 0.4823 0.2584
vt 0.4511 0.2329
vt 0.4195 0.2622
vt 0.4525 0.2788
vt 0.4712 0.1928
vt 0.507 0.2104
vt 0.5318 0.1625
vt 0.5082 0.112
vt 0.4913 0.1527
vt 0.4823 0.2584
vt 0.4511 0.2329
vt 0.4195 0.2622
vt 0.4525 0.2788
vt 0.4712 0.1928
vt 0.507 0.2104
f 600/600/600 602/602/602 601/601/601
f 602/602/602 600/600/600 603/603/603
f 602/602/602 605/605/605 604/604/604
f 605/605/605 602/602/602 603/603/603
f 606/606/606 608/608/608 607/607/607
f 606/606/606 604/604/604 605/605/605
f 604/604/604 606/606/606 607/607/607
f 609/609/609 611/611/611 610/610/610
f 609/609/609 612/612/612 611/611/611
f 612/612/612 609/609/609 613/613/613
f 614/614/614 616/616/616 615/615/615
f 616/616/616 614/614/614 617/617/617
f 618/618/618 620/620/620 619/619/619
f 619/619/619 614/614/614 618/618/618
f 614/614/614 619/619/619 617/617/617
f 616/616/616 613/613/613 615/615/615
f 613/613/613 616/616/616 612/612/612
f 621/621/621 623/623/623 622/622/622
f 624/624/624 621/621/621 622/622/622
f 621/621/621 624/624/624 625/625/625
f 626/626/626 628/628/628 627/627/627
f 628/628/628 626/626/626 629/629/629
f 630/630/630 632/632/632 631/631/631
f 633/633/633 635/635/635 634/634/634
f 636/636/636 638/638/638 637/637/637
f 639/639/639 637/637/637 638/638/638
f 637/637/637 639/639/639 640/640/640
f 637/637/637 640/640/640 641/641/641
f 642/642/642 644/644/644 643/643/643
f 645/645/645 647/647/647 646/646/646
f 648/648/648 650/650/650 649/649/649
f 651/651/651 648/648/648 649/649/649
f 648/648/648 651/651/651 652/652/652
f 645/645/645 651/651/651 647/647/647
f 651/651/651 645/645/645 652/652/652
f 642/642/642 654/654/654 653/653/653
f 653/653/653 644/644/644 642/642/642
f 655/655/655 657/657/657 656/656/656
f 658/658/658 659/659/659 650/650/650
f 659/659/659 658/658/658 660/660/660
f 648/648/648 658/658/658 650/650/650
f 661/661/661 663/663/663 662/662/662
f 663/663/663 661/661/661 664/664/664
f 665/665/665 667/667/667 666/666/666
f 668/668/668 670/670/670 669/669/669
f 664/664/664 670/670/670 671/671/671
f 670/670/670 664/664/664 661/661/661
f 672/672/672 674/674/674 673/673/673
f 664/664/664 675/675/675 663/663/663
f 675/675/675 664/664/664 666/666/666
f 664/664/664 671/671/671 665/665/665
f 624/624/624 662/662/662 625/625/625
f 662/662/662 624/624/624 661/661/661
f 661/661/661 624/624/624 669/669/669
f 674/674/674 676/676/676 673/673/673
f 677/677/677 668/668/668 669/669/669
f 669/669/669 624/624/624 677/677/677
f 624/624/624 678/678/678 677/677/677
f 678/678/678 624/624/624 679/679/679
f 661/661/661 669/669/669 670/670/670
f 680/680/680 682/682/682 681/681/681
f 682/682/682 680/680/680 683/683/683
f 681/681/681 685/685/685 684/684/684
f 685/685/685 681/681/681 682/682/682
f 638/638/638 684/684/684 685/685/685
f 684/684/684 638/638/638 636/636/636
f 686/686/686 688/688/688 687/687/687
f 688/688/688 686/686/686 689/689/689
f 690/690/690 692/692/692 691/691/691
f 693/693/693 687/687/687 688/688/688
f 693/693/693 694/694/694 692/692/692
f 693/693/693 688/688/688 694/694/694
f 695/695/695 692/692/692 690/690/690
f 692/692/692 695/695/695 693/693/693
f 693/693/693 695/695/695 696/696/696
f 697/697/697 699/699/699 698/698/698
f 642/642/642 697/697/697 654/654/654
f 679/679/679 700/700/700 678/678/678
f 700/700/700 679/679/679 701/701/701
f 697/697/697 650/650/650 659/659/659
f 642/642/642 650/650/650 697/697/697
f 656/656/656 699/699/699 655/655/655
f 699/699/699 656/656/656 698/698/698
f 702/702/702 704/704/704 703/703/703
f 704/704/704 702/702/702 705/705/705
f 704/704/704 706/706/706 703/703/703
f 706/706/706 704/704/704 707/707/707
f 708/708/708 705/705/705 709/709/709
f 705/705/705 708/708/708 704/704/704
f 710/710/710 712/712/712 711/711/711
f 713/713/713 712/712/712 710/710/710
f 627/627/627 715/715/715 714/714/714
f 715/715/715 627/627/627 716/716/716
f 707/707/707 718/718/718 717/717/717
f 718/718/718 707/707/707 704/704/704
f 719/719/719 721/721/721 720/720/720
f 722/722/722 720/720/720 721/721/721
f 723/723/723 722/722/722 724/724/724
f 722/722/722 723/723/723 720/720/720
f 725/725/725 727/727/727 726/726/726
f 726/726/726 728/728/728 725/725/725
f 729/729/729 728/728/728 726/726/726
f 728/728/728 729/729/729 730/730/730
f 731/731/731 655/655/655 699/699/699
f 732/732/732 672/672/672 673/673/673
f 665/665/665 666/666/666 664/664/664
f 698/698/698 654/654/654 697/697/697
f 733/733/733 735/735/735 734/734/734
f 735/735/735 733/733/733 736/736/736
f 737/737/737 739/739/739 738/738/738
f 739/739/739 737/737/737 740/740/740
f 741/741/741 740/740/740 737/737/737
f 740/740/740 741/741/741 742/742/742
f 743/743/743 742/742/742 741/741/741
f 742/742/742 743/743/743 744/744/744
f 745/745/745 747/747/747 746/746/746
f 747/747/747 745/745/745 748/748/748
f 745/745/745 742/742/742 749/749/749
f 742/742/742 745/745/745 740/740/740
f 749/749/749 744/744/744 750/750/750
f 744/744/744 749/749/749 742/742/742
f 740/740/740 746/746/746 739/739/739
f 746/746/746 740/740/740 745/745/745
f 748/748/748 749/749/749 751/751/751
f 749/749/749 748/748/748 745/745/745
f 751/751/751 750/750/750 752/752/752
f 750/750/750 751/751/751 749/749/749
f 753/753/753 733/733/733 754/754/754
f 753/753/753 736/736/736 733/733/733
f 755/755/755 736/736/736 753/753/753
f 755/755/755 753/753/753 756/756/756
f 757/757/757 756/756/756 758/758/758
f 754/754/754 734/734/734 759/759/759
f 734/734/734 754/754/754 733/733/733
f 760/760/760 736/736/736 761/761/761
f 736/736/736 760/760/760 735/735/735
f 755/755/755 761/761/761 736/736/736
f 762/762/762 764/764/764 763/763/763
f 764/764/764 762/762/762 765/765/765
f 766/766/766 768/768/768 767/767/767
f 768/768/768 766/766/766 769/769/769
f 770/770/770 767/767/767 771/771/771
f 767/767/767 770/770/770 766/766/766
f 772/772/772 771/771/771 744/744/744
f 771/771/771 772/772/772 770/770/770
f 773/773/773 775/775/775 774/774/774
f 775/775/775 773/773/773 776/776/776
f 773/773/773 771/771/771 767/767/767
f 771/771/771 773/773/773 777/777/777
f 777/777/777 744/744/744 771/771/771
f 744/744/744 777/777/777 750/750/750
f 767/767/767 776/776/776 773/773/773
f 776/776/776 767/767/767 768/768/768
f 774/774/774 777/777/777 773/773/773
f 777/777/777 774/774/774 778/778/778
f 778/778/778 750/750/750 777/777/777
f 750/750/750 778/778/778 752/752/752
f 779/779/779 763/763/763 780/780/780
f 779/779/779 762/762/762 763/763/763
f 781/781/781 762/762/762 779/779/779
f 779/779/779 780/780/780 756/756/756
f 756/756/756 757/757/757 779/779/779
f 781/781/781 765/765/765 762/762/762
f 765/765/765 781/781/781 782/782/782
f 783/783/783 763/763/763 764/764/764
f 763/763/763 783/783/783 784/784/784
f 784/784/784 780/780/780 763/763/763
f 706/706/706 627/627/627 714/714/714
f 627/627/627 706/706/706 707/707/707
f 707/707/707 626/626/626 627/627/627
f 626/626/626 707/707/707 717/717/717
f 785/785/785 787/787/787 786/786/786
f 786/786/786 625/625/625 788/788/788
f 625/625/625 786/786/786 787/787/787
f 700/700/700 701/701/701 789/789/789
f 705/705/705 711/711/711 712/712/712
f 711/711/711 705/705/705 702/702/702
f 697/697/697 659/659/659 699/699/699
f 699/699/699 660/660/660 731/731/731
f 660/660/660 699/699/699 659/659/659
f 628/628/628 629/629/629 790/790/790
f 715/715/715 716/716/716 791/791/791
f 625/625/625 676/676/676 788/788/788
f 676/676/676 625/625/625 662/662/662
f 662/662/662 673/673/673 676/676/676
f 673/673/673 662/662/662 663/663/663
f 663/663/663 732/732/732 673/673/673
f 732/732/732 663/663/663 675/675/675
f 638/638/638 685/685/685 639/639/639
f 639/639/639 682/682/682 792/792/792
f 682/682/682 639/639/639 685/685/685
f 682/682/682 683/683/683 792/792/792
f 686/686/686 687/687/687 696/696/696
f 687/687/687 693/693/693 696/696/696
f 651/651/651 643/643/643 647/647/647
f 712/712/712 709/709/709 705/705/705
f 709/709/709 712/712/712 713/713/713
f 643/643/643 651/651/651 642/642/642
f 651/651/651 649/649/649 642/642/642
f 649/649/649 650/650/650 642/642/642
f 793/793/793 795/795/795 794/794/794
f 794/794/794 796/796/796 793/793/793
f 797/797/797 799/799/799 798/798/798
f 800/800/800 802/802/802 801/801/801
f 802/802/802 800/800/800 803/803/803
f 804/804/804 806/806/806 805/805/805
f 806/806/806 804/804/804 807/807/807
f 808/808/808 810/810/810 809/809/809
f 810/810/810 808/808/808 811/811/811
f 807/807/807 812/812/812 806/806/806
f 812/812/812 807/807/807 813/813/813
f 811/811/811 815/815/815 814/814/814
f 815/815/815 811/811/811 808/808/808
f 815/815/815 816/816/816 814/814/814
f 816/816/816 815/815/815 817/817/817
f 817/817/817 818/818/818 816/816/816
f 818/818/818 817/817/817 819/819/819
f 813/813/813 818/818/818 812/812/812
f 810/810/810 821/821/821 820/820/820
f 821/821/821 810/810/810 811/811/811
f 821/821/821 814/814/814 822/822/822
f 814/814/814 821/821/821 811/811/811
f 816/816/816 822/822/822 814/814/814
f 807/807/807 820/820/820 821/821/821
f 820/820/820 807/807/807 804/804/804
f 813/813/813 821/821/821 822/822/822
f 821/821/821 813/813/813 807/807/807
f 816/816/816 813/813/813 822/822/822
f 813/813/813 816/816/816 818/818/818
f 808/808/808 824/824/824 823/823/823
f 824/824/824 808/808/808 809/809/809
f 808/808/808 825/825/825 815/815/815
f 825/825/825 808/808/808 823/823/823
f 803/803/803 817/817/817 802/802/802
f 817/817/817 803/803/803 819/819/819
f 826/826/826 828/828/828 827/827/827
f 824/824/824 809/809/809 829/829/829
f 815/815/815 825/825/825 830/830/830
f 831/831/831 833/833/833 832/832/832
f 834/834/834 836/836/836 835/835/835
f 837/837/837 815/815/815 830/830/830
f 802/802/802 815/815/815 837/837/837
f 817/817/817 815/815/815 802/802/802
f 830/830/830 825/825/825 838/838/838
f 838/838/838 835/835/835 830/830/830
f 835/835/835 838/838/838 834/834/834
f 839/839/839 802/802/802 837/837/837
f 802/802/802 839/839/839 801/801/801
f 837/837/837 831/831/831 832/832/832
f 831/831/831 837/837/837 830/830/830
f 840/840/840 842/842/842 841/841/841
f 841/841/841 823/823/823 840/840/840
f 823/823/823 841/841/841 825/825/825
f 824/824/824 827/827/827 843/843/843
f 827/827/827 824/824/824 829/829/829
f 799/799/799 843/843/843 828/828/828
f 828/828/828 843/843/843 827/827/827
f 797/797/797 843/843/843 799/799/799
f 843/843/843 797/797/797 824/824/824
f 844/844/844 846/846/846 845/845/845
f 846/846/846 844/844/844 847/847/847
f 848/848/848 850/850/850 849/849/849
f 851/851/851 853/853/853 852/852/852
f 852/852/852 854/854/854 851/851/851
f 855/855/855 857/857/857 856/856/856
f 856/856/856 858/858/858 855/855/855
f 859/859/859 861/861/861 860/860/860
f 860/860/860 862/862/862 859/859/859
f 858/858/858 856/856/856 863/863/863
f 863/863/863 864/864/864 858/858/858
f 862/862/862 866/866/866 865/865/865
f 865/865/865 859/859/859 862/862/862
f 865/865/865 866/866/866 867/867/867
f 867/867/867 868/868/868 865/865/865
f 868/868/868 867/867/867 869/869/869
f 869/869/869 870/870/870 868/868/868
f 864/864/864 863/863/863 869/869/869
f 860/860/860 872/872/872 871/871/871
f 871/871/871 862/862/862 860/860/860
f 871/871/871 873/873/873 866/866/866
f 866/866/866 862/862/862 871/871/871
f 867/867/867 866/866/866 873/873/873
f 858/858/858 871/871/871 872/872/872
f 872/872/872 855/855/855 858/858/858
f 864/864/864 873/873/873 871/871/871
f 871/871/871 858/858/858 864/864/864
f 867/867/867 873/873/873 864/864/864
f 864/864/864 869/869/869 867/867/867
f 859/859/859 875/875/875 874/874/874
f 874/874/874 861/861/861 859/859/859
f 859/859/859 865/865/865 876/876/876
f 876/876/876 875/875/875 859/859/859
f 854/854/854 852/852/852 868/868/868
f 868/868/868 870/870/870 854/854/854
f 877/877/877 879/879/879 878/878/878
f 874/874/874 880/880/880 861/861/861
f 865/865/865 881/881/881 876/876/876
f 882/882/882 884/884/884 883/883/883
f 885/885/885 887/887/887 886/886/886
f 888/888/888 881/881/881 865/865/865
f 852/852/852 888/888/888 865/865/865
f 868/868/868 852/852/852 865/865/865
f 881/881/881 889/889/889 876/876/876
f 889/889/889 881/881/881 887/887/887
f 887/887/887 885/885/885 889/889/889
f 890/890/890 888/888/888 852/852/852
f 852/852/852 853/853/853 890/890/890
f 888/888/888 884/884/884 882/882/882
f 882/882/882 881/881/881 888/888/888
f 891/891/891 893/893/893 892/892/892
f 893/893/893 891/891/891 875/875/875
f 875/875/875 876/876/876 893/893/893
f 874/874/874 894/894/894 879/879/879
f 879/879/879 880/880/880 874/874/874
f 849/849/849 878/878/878 894/894/894
f 878/878/878 879/879/879 894/894/894
f 848/848/848 849/849/849 894/894/894
f 894/894/894 874/874/874 848/848/848
f 895/895/895 897/897/897 896/896/896
f 898/898/898 900/900/900 899/899/899
f 900/900/900 898/898/898 901/901/901
f 895/895/895 902/902/902 897/897/897
f 902/902/902 895/895/895 903/903/903
f 899/899/899 903/903/903 898/898/898
f 903/903/903 899/899/899 902/902/902
f 904/904/904 906/906/906 905/905/905
f 907/907/907 909/909/909 908/908/908
f 909/909/909 907/907/907 910/910/910
f 904/904/904 911/911/911 906/906/906
f 911/911/911 904/904/904 912/912/912
f 908/908/908 912/912/912 907/907/907
f 912/912/912 908/908/908 911/911/911

g magi_epole
# texture: magi_epole.jpg
v 5.769214 1.382453 -1.199116
v 6.322112 1.874753 0.195384
v 5.172478 2.233958 -1.186115
v 5.724812 2.650152 0.174985
v 7.883514 -0.368247 0.372483
v 7.253615 -0.999046 -1.025418
v 6.368409 5.037354 0.105187
v 5.11471 5.461451 -0.098603
v 5.110799 3.757596 0.762135
v 8.308812 2.771856 -1.568113
v 7.860812 4.249756 -1.680812
v 7.674412 2.343054 0.139486
v 7.15611 3.609753 0.475087
v 8.995713 0.337356 0.290885
v 9.813314 0.594458 -1.470814
v 7.253615 -0.999046 -1.025418
v 5.769214 1.382453 -1.199116
v 7.808616 -0.572343 -3.136417
v 6.260116 1.437256 -3.426816
v 7.404514 2.883458 -3.424414
v 7.069513 3.850058 -3.746913
v 6.80161 5.907055 -1.776111
v 5.73751 6.446855 -1.762511
v 5.504712 5.830856 -3.520912
v 6.283212 5.230556 -3.735712
v 5.172478 2.233958 -1.186115
v 5.293584 2.394375 -3.187516
v 4.991547 4.869377 -4.236475
v 5.18511 3.650734 -3.94407
v 5.796414 2.434856 -3.333715
v 5.194441 2.608656 0.14975
v 9.103815 0.229559 -3.205115
v 4.91211 6.519054 -1.846812
v 4.832412 5.975656 -3.557713
v -5.67492 2.864614 0.363144
v -6.27232 2.089213 0.383544
v -5.221977 2.118001 -1.18813
v -5.719318 1.596914 -1.010956
v -7.203815 -0.784586 -0.837258
v -7.833718 -0.153787 0.560642
v -5.195061 3.642628 0.760136
v -4.993628 5.774267 0.17585
v -6.318621 5.251813 0.293344
v -7.10632 3.824213 0.663243
v -7.811018 4.464213 -1.492657
v -7.624619 2.557513 0.327642
v -8.259018 2.986313 -1.379958
v -8.945917 0.551812 0.47904
v -9.763515 0.808913 -1.28266
v -6.210316 1.651714 -3.238655
v -5.719318 1.596914 -1.010956
v -7.758715 -0.357886 -2.948257
v -7.203815 -0.784586 -0.837258
v -7.019717 4.064514 -3.558756
v -7.354716 3.097914 -3.236257
v -5.687719 6.661313 -1.574355
v -6.75182 6.121513 -1.587956
v -6.233418 5.445014 -3.547555
v -5.454918 6.045313 -3.332755
v -5.345856 2.275684 -3.189579
v -5.221977 2.118001 -1.18813
v -5.265143 3.534153 -3.946097
v -5.131779 5.182658 -3.961615
v -5.746517 2.649314 -3.145555
v -5.252811 2.49211 0.147724
v -9.054015 0.444014 -3.016959
v -4.862319 6.733513 -1.658654
v -4.782618 6.190114 -3.369554
vn -0.793416 -0.590413 0.148002
vn -0.413019 -0.262613 0.872038
vn -0.704705 -0.671768 0.228295
vn -0.0083 -0.465702 0.884902
vn -0.425981 -0.206892 0.880759
vn -0.846464 -0.518979 0.118994
vn 0.426294 0.518993 0.740892
vn 0.235868 0.662316 0.711129
vn 0.456116 -0.049661 0.888534
vn 0.897801 0.439702 0.024801
vn 0.90669 0.421797 0.000501
vn 0.497295 0.222397 0.838593
vn 0.414493 0.197396 0.888387
vn 0.451192 0.364294 0.814688
vn 0.831407 0.555506 0.013301
vn -0.846464 -0.518979 0.118994
vn -0.793416 -0.590413 0.148002
vn -0.474495 -0.402796 -0.782694
vn -0.444088 -0.40489 -0.799281
vn 0.53791 0.068503 -0.840214
vn 0.583014 0.106004 -0.805517
vn 0.664667 0.746964 0.0162
vn 0.281395 0.957187 0.0679
vn 0.286114 0.744239 -0.603529
vn 0.495417 0.505918 -0.706123
vn -0.704705 -0.671768 0.228295
vn -0.517908 -0.556535 -0.649646
vn 0.148096 0.242114 -0.958879
vn 0.078692 -0.29599 -0.951944
vn -0.130302 -0.256504 -0.95772
vn 0.300354 -0.766075 0.568257
vn 0.486305 0.242004 -0.839608
vn 0.099195 0.994962 0.014501
vn 0.200209 0.777835 -0.595725
vn 0.008299 -0.465702 0.884903
vn 0.413018 -0.262612 0.872039
vn 0.719427 -0.655881 0.228571
vn 0.793416 -0.590412 0.148004
vn 0.846464 -0.518978 0.118996
vn 0.42598 -0.206891 0.88076
vn -0.455239 -0.059828 0.888357
vn -0.155596 0.67443 0.721757
vn -0.426296 0.518993 0.74089
vn -0.414494 0.197397 0.888386
vn -0.906691 0.421796 0.000499
vn -0.497296 0.222398 0.838592
vn -0.897802 0.439701 0.024799
vn -0.451194 0.364294 0.814687
vn -0.831407 0.555504 0.013299
vn 0.44409 -0.40489 -0.79928
vn 0.793416 -0.590412 0.148004
vn 0.474497 -0.402796 -0.782693
vn 0.846464 -0.518978 0.118996
vn -0.583012 0.106003 -0.805519
vn -0.537909 0.068501 -0.840215
vn -0.281396 0.957187 0.067899
vn -0.664668 0.746963 0.016199
vn -0.495416 0.505917 -0.706124
vn -0.286114 0.744238 -0.603531
vn 0.530447 -0.54484 -0.649443
vn 0.719427 -0.655881 0.228571
vn -0.0717 -0.297667 -0.951973
vn -0.184616 0.25241 -0.949846
vn 0.130304 -0.256505 -0.957719
vn -0.283409 -0.772588 0.568144
vn -0.486304 0.242003 -0.839609
vn -0.099197 0.994962 0.014499
vn -0.200209 0.777835 -0.595727
vt 0.4105 0.9706
vt 0.4093 0.8221
vt 0.5058 0.9706
vt 0.5295 0.8894
vt 0.1307 0.8285
vt 0.1207 0.9765
vt 0.7472 0.7547
vt 0.9113 0.792
vt 0.7096 0.9215
vt 0.3833 0.5278
vt 0.5355 0.5328
vt 0.3873 0.6884
vt 0.5288 0.7124
vt 0.1397 0.6989
vt 0.1225 0.5118
vt 0.0653 0.0778
vt 0.3544 0.0795
vt 0.0972 0.2426
vt 0.3544 0.2242
vt 0.4542 0.358
vt 0.5656 0.329
vt 0.7414 0.5301
vt 0.8485 0.5319
vt 0.8553 0.2834
vt 0.7203 0.3122
vt 0.4673 0.0883
vt 0.4783 0.148
vt 0.7335 0.1748
vt 0.5935 0.1651
vt 0.4793 0.202
vt 0.6345 0.9579
vt 0.1197 0.357
vt 0.9077 0.5306
vt 0.9151 0.252
vt 0.5295 0.8894
vt 0.4093 0.8221
vt 0.5058 0.9706
vt 0.4105 0.9706
vt 0.1207 0.9765
vt 0.1307 0.8285
vt 0.7096 0.9215
vt 0.9113 0.792
vt 0.7472 0.7547
vt 0.5288 0.7124
vt 0.5355 0.5328
vt 0.3873 0.6884
vt 0.3833 0.5278
vt 0.1397 0.6989
vt 0.1225 0.5118
vt 0.3544 0.2242
vt 0.3544 0.0795
vt 0.0972 0.2426
vt 0.0653 0.0778
vt 0.5656 0.329
vt 0.4542 0.358
vt 0.8485 0.5319
vt 0.7414 0.5301
vt 0.7203 0.3122
vt 0.8553 0.2834
vt 0.4783 0.148
vt 0.4673 0.0883
vt 0.5935 0.1651
vt 0.7335 0.1748
vt 0.4793 0.202
vt 0.6345 0.9579
vt 0.1197 0.357
vt 0.9077 0.5306
vt 0.9151 0.252
f 913/913/913 915/915/915 914/914/914
f 916/916/916 914/914/914 915/915/915
f 914/914/914 917/917/917 913/913/913
f 918/918/918 913/913/913 917/917/917
f 919/919/919 921/921/921 920/920/920
f 922/922/922 924/924/924 923/923/923
f 925/925/925 923/923/923 924/924/924
f 924/924/924 914/914/914 916/916/916
f 917/917/917 914/914/914 926/926/926
f 924/924/924 926/926/926 914/914/914
f 924/924/924 922/922/922 926/926/926
f 927/927/927 926/926/926 922/922/922
f 928/928/928 930/930/930 929/929/929
f 931/931/931 929/929/929 930/930/930
f 932/932/932 922/922/922 933/933/933
f 923/923/923 933/933/933 922/922/922
f 934/934/934 919/919/919 935/935/935
f 920/920/920 935/935/935 919/919/919
f 936/936/936 937/937/937 935/935/935
f 934/934/934 935/935/935 937/937/937
f 921/921/921 919/919/919 916/916/916
f 925/925/925 916/916/916 919/919/919
f 934/934/934 923/923/923 919/919/919
f 925/925/925 919/919/919 923/923/923
f 923/923/923 934/934/934 933/933/933
f 937/937/937 933/933/933 934/934/934
f 924/924/924 916/916/916 925/925/925
f 938/938/938 929/929/929 939/939/939
f 931/931/931 939/939/939 929/929/929
f 937/937/937 940/940/940 933/933/933
f 941/941/941 933/933/933 940/940/940
f 940/940/940 937/937/937 936/936/936
f 931/931/931 942/942/942 939/939/939
f 942/942/942 941/941/941 939/939/939
f 921/921/921 916/916/916 943/943/943
f 916/916/916 915/915/915 943/943/943
f 932/932/932 933/933/933 941/941/941
f 922/922/922 932/932/932 927/927/927
f 944/944/944 927/927/927 932/932/932
f 942/942/942 932/932/932 941/941/941
f 931/931/931 932/932/932 942/942/942
f 944/944/944 932/932/932 930/930/930
f 931/931/931 930/930/930 932/932/932
f 945/945/945 935/935/935 920/920/920
f 935/935/935 945/945/945 936/936/936
f 946/946/946 936/936/936 945/945/945
f 940/940/940 936/936/936 946/946/946
f 947/947/947 949/949/949 948/948/948
f 950/950/950 948/948/948 949/949/949
f 951/951/951 952/952/952 950/950/950
f 948/948/948 950/950/950 952/952/952
f 953/953/953 955/955/955 954/954/954
f 956/956/956 958/958/958 957/957/957
f 959/959/959 957/957/957 958/958/958
f 948/948/948 958/958/958 947/947/947
f 958/958/958 948/948/948 960/960/960
f 952/952/952 960/960/960 948/948/948
f 961/961/961 959/959/959 960/960/960
f 958/958/958 960/960/960 959/959/959
f 962/962/962 964/964/964 963/963/963
f 965/965/965 963/963/963 964/964/964
f 957/957/957 959/959/959 966/966/966
f 967/967/967 966/966/966 959/959/959
f 954/954/954 955/955/955 968/968/968
f 969/969/969 968/968/968 955/955/955
f 969/969/969 970/970/970 968/968/968
f 971/971/971 968/968/968 970/970/970
f 956/956/956 955/955/955 947/947/947
f 953/953/953 947/947/947 955/955/955
f 956/956/956 957/957/957 955/955/955
f 969/969/969 955/955/955 957/957/957
f 970/970/970 969/969/969 966/966/966
f 957/957/957 966/966/966 969/969/969
f 947/947/947 958/958/958 956/956/956
f 962/962/962 963/963/963 972/972/972
f 973/973/973 972/972/972 963/963/963
f 974/974/974 975/975/975 966/966/966
f 970/970/970 966/966/966 975/975/975
f 970/970/970 975/975/975 971/971/971
f 976/976/976 962/962/962 972/972/972
f 974/974/974 976/976/976 972/972/972
f 947/947/947 953/953/953 977/977/977
f 949/949/949 947/947/947 977/977/977
f 966/966/966 967/967/967 974/974/974
f 978/978/978 967/967/967 961/961/961
f 959/959/959 961/961/961 967/967/967
f 967/967/967 976/976/976 974/974/974
f 967/967/967 962/962/962 976/976/976
f 962/962/962 967/967/967 964/964/964
f 978/978/978 964/964/964 967/967/967
f 968/968/968 979/979/979 954/954/954
f 980/980/980 979/979/979 971/971/971
f 968/968/968 971/971/971 979/979/979
f 971/971/971 975/975/975 980/980/980
