# Object35.bmd — MU geometry at action 0 key 0, exported for MU2
# 2 mesh(es)

g wood05
# texture: wood05.jpg
v 155.7641 335.4004 15.05985
v 154.9611 335.7313 0.000048
v 151.289 301.8437 0.000048
v 152.1189 301.288 15.05985
v 155.7641 335.4004 -15.05966
v 152.1189 301.288 -15.05964
v 150.2276 267.3347 -15.05964
v 149.3838 267.9973 0.000063
v 150.2276 267.3347 15.05986
v 158.1732 334.4076 -20.07956
v 154.6085 299.6208 -20.07956
v 160.5823 333.4149 -15.05966
v 159.2787 297.7424 -18.40624
v 158.1094 262.6552 -16.36103
v 152.7591 265.3466 -20.07954
v 160.5823 333.4148 15.05983
v 158.1732 334.4076 20.07974
v 154.6085 299.6208 20.07975
v 159.2787 297.7424 18.40645
v 152.7591 265.3466 20.07975
v 158.1094 262.6551 16.36126
v 151.0125 234.2334 0.000059
v 151.8444 233.6994 15.05985
v 151.8444 233.6995 -15.05964
v 156.8676 199.6348 -15.05963
v 156.0727 199.9179 0.000067
v 156.8676 199.6348 15.05987
v 154.3401 232.0975 -20.07953
v 160.1055 230.8248 -18.40624
v 165.6152 198.846 -16.36104
v 159.2523 198.7854 -20.07953
v 154.3401 232.0975 20.07976
v 160.1055 230.8248 18.40646
v 159.2523 198.7854 20.07976
v 165.6152 198.846 16.36137
v 164.4619 164.4167 0.000168
v 165.1955 164.3931 15.05987
v 165.1954 164.3931 -15.05963
v 176.5271 129.0547 -15.05962
v 175.877 128.8181 0.000166
v 176.5271 129.0547 15.05987
v 167.3962 164.3223 -20.07953
v 173.8424 165.434 -18.40623
v 183.2955 131.3773 -16.36103
v 178.4775 129.7646 -20.07952
v 167.3961 164.3223 20.07977
v 173.8424 165.434 18.40647
v 178.4775 129.7646 20.07977
v 183.2955 131.3773 16.36137
v 190.0149 94.2104 0.00017
v 190.5617 94.70011 15.05988
v 190.5617 94.70011 -15.05951
v 206.8351 62.3503 -15.05951
v 206.408 61.62251 0.00017
v 206.8351 62.3503 15.05998
v 192.202 96.1689 -20.07943
v 195.0484 98.1858 -18.40613
v 212.1485 68.33099 -16.36103
v 208.1159 64.5338 -20.07941
v 192.202 96.1689 20.07977
v 195.0484 98.1857 18.40647
v 208.1159 64.53379 20.07988
v 212.1485 68.33099 16.36137
v 224.5894 32.0826 0.000185
v 224.8835 33.02638 15.05997
v 224.8835 33.02649 -15.05952
v 244.1358 7.567093 -15.05954
v 243.9836 6.435822 0.000277
v 244.1358 7.567078 15.05997
v 225.7655 35.85779 -20.0794
v 230.5853 41.37021 -18.40613
v 247.1883 17.51071 -15.79573
v 244.5926 10.96091 -20.07942
v 225.7655 35.85782 20.07987
v 230.5852 41.37022 18.40657
v 244.5926 10.96092 20.07988
v 247.1883 17.5107 15.79627
v 264.0153 -14.47319 0.000261
v 264.0211 -13.1891 15.05995
v 264.0211 -13.18909 -15.05955
v 275.1332 -22.30968 -11.15512
v 279.1353 -26.9586 0.000261
v 275.1332 -22.30971 11.15567
v 264.0385 -9.336685 -20.07944
v 264.0561 -5.48439 -15.05955
v 274.8945 -16.36151 -11.15513
v 278.8552 -22.83521 -15.05942
v 252.1325 13.77081 0.000277
v 264.0619 -4.200287 0.000261
v 264.0561 -5.48439 15.05997
v 274.8945 -16.3616 11.15569
v 278.5752 -18.71178 0.000292
v 264.0386 -9.336685 20.07987
v 278.8552 -22.83521 15.06
v 0.000005 331.5413 23.27938
v 0 325.7642 -0.000029
v 37.11069 327.2129 -0.000013
v 36.8376 332.2183 19.42418
v -0.000005 331.5413 -23.27942
v 36.8376 332.2183 -19.42412
v 72.61839 333.5775 -14.24435
v 73.1563 329.8985 0.000078
v 72.61841 333.5775 14.24445
v -0.000006 348.8726 -31.03912
v 36.01838 347.2345 -25.89892
v -0.000005 366.2039 -23.27942
v 35.19919 362.2507 -19.42424
v 69.39079 355.6516 -14.24434
v 71.00459 344.6145 -18.99255
v 0 371.981 -0.000013
v 34.9261 367.2561 -0.000013
v 0.000005 366.2039 23.27936
v 35.1991 362.2507 19.42417
v 69.3908 355.6516 14.24445
v 68.85288 359.3306 0.000048
v 0.000006 348.8726 31.03906
v 36.01839 347.2345 25.89888
v 71.0046 344.6145 18.99254
v 107.0717 332.1602 0.000048
v 106.2854 334.9469 10.93045
v 106.2854 334.9469 -10.93045
v 136.794 333.3351 -20.33053
v 137.805 330.6475 0.000048
v 136.794 333.3351 20.33075
v 103.9265 343.307 -14.57396
v 101.5676 351.667 -10.93043
v 132.2236 352.3568 -21.32454
v 133.7612 341.3981 -27.10744
v 100.7813 354.4537 0.000063
v 101.5676 351.667 10.93045
v 132.2236 352.3568 21.32465
v 125.788 354.8349 0.000063
v 103.9265 343.3069 14.57396
v 133.7611 341.3981 27.10758
v 164.3044 322.0097 0.000048
v 163.0996 325.7509 20.33074
v 163.0997 325.7509 -20.33056
v 182.7635 319.2749 -20.33055
v 184.0163 314.6437 0.000155
v 182.7635 319.2749 20.33075
v 159.4856 336.9744 -27.10747
v 155.7684 351.0237 -24.84846
v 174.7953 351.3354 -21.32443
v 179.0051 333.1686 -27.10744
v 159.4856 336.9744 27.10762
v 155.7684 351.0237 24.84863
v 179.005 333.1685 27.10765
v 174.7953 351.3355 21.32466
v 192.1435 341.925 -15.05966
v 193.0888 343.9456 0.000139
v 197.2939 334.9337 0.000139
v 195.5265 334.4786 -20.33055
v 192.1435 341.925 15.05983
v 195.5265 334.4786 20.33074
v 196.1603 326.3245 15.05985
v 197.9641 325.0117 0.000139
v 196.1603 326.3245 -15.05966
v 283.7941 -27.33469 0.000277
v 194.3872 316.9464 0.000155
v 193.3465 320.9881 20.33074
v 193.3465 320.9881 -20.33055
v 190.2244 333.1135 -27.10745
v 187.1023 345.2388 -20.33055
v 177.7167 354.6588 0.000063
v 186.0617 349.2805 0.000155
v 187.1023 345.2388 20.33075
v 190.2244 333.1134 27.10764
v 138.95 362.6836 0.000048
v 144.586 365.7188 -11.29475
v 144.586 365.7188 11.29486
v 153.9449 371.7195 0.000048
v 154.2543 363.2422 -18.07165
v 163.7164 366.4171 -11.29475
v 169.5586 363.8008 0.000033
v 163.7163 366.4171 11.29483
v 154.2543 363.2422 18.07173
v 168.9023 199.5368 0.000164
v 181.0018 191.6135 0.000164
v 187.6137 184.3002 -8.366337
v 187.6137 184.3002 8.366661
v 200.0486 172.5056 0.000161
v 187.3123 168.958 -13.38634
v 195.5019 155.9808 -8.366337
v 185.675 132.1306 0.000166
v 193.6228 146.3025 0.000164
v 195.5019 155.9808 8.366665
v 187.3123 168.958 13.38656
v 160.4754 262.158 0.000063
v 168.615 252.4455 0.000055
v 172.6839 244.8371 -8.366446
v 172.6839 244.8371 8.366655
v 180.5553 232.2662 0.000155
v 170.7464 231.2785 -13.38634
v 175.3481 218.3784 -8.366446
v 172.8777 210.1115 0.000158
v 175.3481 218.3784 8.366655
v 170.7464 231.2785 13.38656
v 166.6503 296.5529 -13.38634
v 167.3904 281.4725 -8.366446
v 170.2715 311.2108 -8.366438
v 173.192 295.9192 0.000055
v 164.3454 272.7623 0.000071
v 167.3904 281.4725 8.366648
v 161.3853 333.0839 0.000033
v 168.9552 320.3436 0.000033
v 170.2715 311.2108 8.366671
v 166.6503 296.5529 13.38654
v 199.2132 100.3193 -13.38623
v 206.4996 87.48511 -8.366339
v 194.3389 114.2494 -8.366327
v 202.8312 101.9632 0.000162
v 214.4062 69.7176 0.00017
v 208.9417 78.90781 0.000177
v 206.4995 87.4851 8.366663
v 189.4846 121.7307 0.000177
v 194.3388 114.2494 8.366671
v 199.2132 100.3193 13.38657
v 242.6922 50.35721 -13.38623
v 254.1131 42.04761 -8.366346
v 239.1466 64.02871 -8.366331
v 254.505 58.40031 0.000261
v 254.6653 32.77231 0.000261
v 254.1131 42.04761 8.366747
v 230.719 67.94201 0.000155
v 239.1466 64.0287 8.36677
v 242.6922 50.35711 13.38667
v -155.7641 335.4004 15.05971
v -151.289 301.8437 0.000017
v -154.9611 335.7313 0.000017
v -152.1189 301.288 15.05972
v -155.7641 335.4004 -15.05968
v -152.1189 301.288 -15.05968
v -150.2277 267.3347 -15.05968
v -149.3839 267.9973 0.000017
v -150.2277 267.3347 15.05972
v -154.6085 299.6208 -20.07959
v -158.1732 334.4076 -20.07959
v -160.5823 333.4149 -15.05968
v -159.2787 297.7424 -18.40629
v -158.1094 262.6552 -16.36119
v -152.7591 265.3466 -20.07957
v -160.5823 333.4148 15.05972
v -154.6085 299.6208 20.07963
v -158.1732 334.4076 20.07962
v -159.2787 297.7424 18.40631
v -152.7591 265.3466 20.07962
v -158.1094 262.6551 16.36121
v -151.0125 234.2334 0.000029
v -151.8445 233.6994 15.05973
v -151.8444 233.6995 -15.05968
v -156.8676 199.6348 -15.05967
v -156.0727 199.9179 0.000025
v -156.8676 199.6348 15.05973
v -154.3401 232.0975 -20.07958
v -160.1055 230.8248 -18.40627
v -165.6152 198.846 -16.36117
v -159.2523 198.7854 -20.07957
v -154.3401 232.0975 20.07973
v -160.1055 230.8248 18.40632
v -159.2523 198.7854 20.07973
v -165.6152 198.846 16.36123
v -164.4619 164.4167 0.000033
v -165.1954 164.3931 15.05973
v -165.1955 164.3931 -15.05967
v -176.5272 129.0547 -15.05966
v -175.877 128.8181 0.000044
v -176.5272 129.0547 15.05984
v -167.3962 164.3223 -20.07957
v -173.8424 165.434 -18.40626
v -183.2955 131.3773 -16.36116
v -178.4775 129.7646 -20.07956
v -167.3962 164.3223 20.07973
v -173.8424 165.434 18.40644
v -178.4776 129.7646 20.07974
v -183.2954 131.3773 16.36124
v -190.0149 94.21041 0.00004
v -190.5617 94.70011 15.05985
v -190.5617 94.7001 -15.05965
v -206.8351 62.3503 -15.05964
v -206.4082 61.6225 0.000063
v -206.8351 62.3503 15.05985
v -192.202 96.1689 -20.07956
v -195.0484 98.18581 -18.40625
v -212.1486 68.331 -16.36115
v -208.1159 64.53381 -20.07955
v -192.202 96.1689 20.07974
v -195.0484 98.1857 18.40645
v -208.1159 64.53381 20.07974
v -212.1486 68.33101 16.36125
v -224.5894 32.0826 0.000048
v -224.8835 33.02638 15.05985
v -224.8835 33.02652 -15.05966
v -244.1358 7.567108 -15.05963
v -243.9836 6.435806 0.000078
v -244.1358 7.567093 15.05986
v -225.7655 35.8578 -20.07956
v -230.5853 41.37021 -18.40625
v -247.1883 17.5107 -15.79582
v -244.5926 10.96091 -20.07953
v -225.7656 35.85782 20.07976
v -230.5853 41.37022 18.40647
v -244.5926 10.96091 20.07976
v -247.1883 17.51071 15.79607
v -264.0154 -14.47319 0.000109
v -264.0212 -13.18912 15.05988
v -264.0212 -13.1891 -15.05961
v -275.1332 -22.30969 -11.15524
v -279.1353 -26.95859 0.000078
v -275.1332 -22.30969 11.15546
v -264.0386 -9.3367 -20.0795
v -264.0561 -5.484406 -15.05961
v -274.8945 -16.3615 -11.15524
v -278.8552 -22.83517 -15.05961
v -264.0619 -4.200302 0.000094
v -252.1325 13.7708 0.000078
v -264.0561 -5.484406 15.05989
v -274.8945 -16.36159 11.15547
v -278.5752 -18.71178 0.000078
v -264.0385 -9.336685 20.07979
v -278.8552 -22.83519 15.05988
v -37.11069 327.2129 -0.000029
v -36.8377 332.2183 19.42418
v -36.8377 332.2183 -19.42421
v -72.6184 333.5775 -14.2444
v -73.1563 329.8985 -0.000029
v -72.61839 333.5775 14.2444
v -36.0184 347.2345 -25.89892
v -35.1992 362.2507 -19.42422
v -69.39079 355.6516 -14.2444
v -71.0046 344.6145 -18.99249
v -34.9261 367.2561 -0.000044
v -35.1992 362.2507 19.42418
v -69.39088 355.6516 14.2444
v -68.8529 359.3306 0.000017
v -36.01839 347.2345 25.89888
v -71.0046 344.6145 18.99251
v -107.0717 332.1602 0.000017
v -106.2854 334.9469 10.93039
v -106.2854 334.9469 -10.93049
v -136.794 333.3351 -20.3307
v -137.805 330.6475 0.000002
v -136.7941 333.3351 20.3306
v -103.9265 343.307 -14.574
v -101.5676 351.667 -10.93049
v -132.2236 352.3568 -21.32461
v -133.7611 341.3981 -27.1075
v -100.7813 354.4537 0.000002
v -101.5676 351.667 10.93039
v -132.2236 352.3568 21.3246
v -125.788 354.8349 -0.000013
v -103.9265 343.3069 14.5739
v -133.7612 341.3981 27.1075
v -164.3044 322.0097 0.000033
v -163.0997 325.7509 20.33063
v -163.0997 325.7509 -20.33067
v -182.7635 319.2749 -20.33059
v -184.0163 314.6437 0.000017
v -182.7635 319.2749 20.3306
v -159.4856 336.9744 -27.10748
v -155.7684 351.0237 -24.84859
v -174.7954 351.3354 -21.3246
v -179.005 333.1686 -27.1075
v -159.4856 336.9744 27.10752
v -155.7684 351.0237 24.84853
v -179.0051 333.1685 27.10752
v -174.7954 351.3355 21.32462
v -192.1435 341.925 -15.05969
v -197.2939 334.9337 0.000017
v -193.0889 343.9456 0.000017
v -195.5265 334.4786 -20.33067
v -192.1435 341.925 15.05969
v -195.5265 334.4786 20.33063
v -196.1604 326.3245 15.05971
v -197.9641 325.0117 0.000017
v -196.1603 326.3245 -15.05969
v -283.7942 -27.33469 0.000094
v -194.3872 316.9464 0.000017
v -193.3465 320.9881 20.33061
v -193.3465 320.9881 -20.33058
v -190.2244 333.1135 -27.10748
v -187.1024 345.2388 -20.3306
v -186.0617 349.2805 0.000017
v -177.7167 354.6588 0.000002
v -187.1024 345.2388 20.33061
v -190.2245 333.1134 27.1075
v -138.95 362.6836 0.000002
v -144.586 365.7188 -11.29478
v -144.586 365.7188 11.2948
v -153.9449 371.7195 0.000017
v -154.2543 363.2422 -18.07168
v -163.7163 366.4171 -11.29477
v -169.5586 363.8008 0.000048
v -163.7164 366.4171 11.29483
v -154.2543 363.2422 18.07172
v -181.0018 191.6135 0.000033
v -168.9023 199.5368 0.000029
v -187.6137 184.3002 -8.366465
v -187.6137 184.3002 8.366535
v -200.0487 172.5056 0.000039
v -187.3123 168.958 -13.38636
v -195.5019 155.9808 -8.366459
v -193.6228 146.3025 0.000042
v -185.675 132.1306 0.000044
v -195.5019 155.9808 8.36654
v -187.3123 168.958 13.38644
v -168.615 252.4455 0.000025
v -160.4755 262.158 0.000017
v -172.6839 244.8371 -8.366476
v -172.6839 244.8371 8.366526
v -180.5554 232.2662 0.000021
v -170.7464 231.2785 -13.38637
v -175.3481 218.3784 -8.366468
v -172.8777 210.1115 0.000029
v -175.3481 218.3784 8.366533
v -170.7464 231.2785 13.38642
v -166.6503 296.5529 -13.38639
v -167.3904 281.4725 -8.366484
v -170.2715 311.2108 -8.366499
v -173.1921 295.9192 0.000025
v -164.3455 272.7623 0.000017
v -167.3904 281.4725 8.36651
v -168.9552 320.3436 0.000033
v -161.3853 333.0839 0.000017
v -170.2715 311.2108 8.366503
v -166.6504 296.5529 13.38642
v -199.2132 100.3193 -13.38635
v -206.4995 87.48509 -8.366446
v -194.3389 114.2494 -8.366457
v -202.8312 101.9632 0.000055
v -208.9417 78.90781 0.000055
v -214.4062 69.7176 0.000048
v -206.4995 87.48509 8.366556
v -189.4847 121.7307 0.000044
v -194.3389 114.2494 8.366549
v -199.2131 100.3193 13.38655
v -242.6922 50.3572 -13.38634
v -254.1131 42.04761 -8.366423
v -239.1466 64.02871 -8.366438
v -254.5051 58.4003 0.000071
v -254.6654 32.77231 0.000078
v -254.1131 42.04759 8.366564
v -230.719 67.942 0.000063
v -239.1466 64.0287 8.366549
v -242.6922 50.35711 13.38656
vn -0.959592 0.101899 0.262298
vn -0.994184 0.107698 0
vn -0.996674 0.081498 0
vn -0.960837 0.078003 0.26591
vn -0.959592 0.101899 -0.262298
vn -0.960837 0.078003 -0.26591
vn -0.966274 0.0034 -0.257493
vn -0.999992 0.004 0
vn -0.966299 0.0034 0.2574
vn -0 0 -1
vn -0.273109 0.032601 -0.961431
vn 0.790377 0.177695 -0.586284
vn 0.4542 -0.0006 -0.8909
vn 0.72935 0.052203 -0.682147
vn -0.2451 0.0009 -0.969498
vn 0.790378 0.177695 0.586283
vn 0 0 1
vn -0.273109 0.032601 0.961431
vn 0.4542 -0.0006 0.8909
vn -0.245099 0.0009 0.969498
vn 0.72935 0.052204 0.682147
vn -0.995275 -0.097098 0
vn -0.966051 -0.094395 0.240488
vn -0.966051 -0.094395 -0.240488
vn -0.956447 -0.18329 -0.227187
vn -0.982148 -0.188109 0
vn -0.956447 -0.18329 0.227188
vn -0.347293 -0.032899 -0.93718
vn 0.355812 0.041601 -0.933631
vn 0.629828 0.150907 -0.761934
vn -0.301504 -0.057801 -0.951711
vn -0.347292 -0.032899 0.93718
vn 0.355812 0.041601 0.933631
vn -0.301503 -0.057801 0.951712
vn 0.629828 0.150907 0.761934
vn -0.963451 -0.267886 0
vn -0.939895 -0.261399 0.219699
vn -0.939895 -0.261399 -0.219699
vn -0.917236 -0.333913 -0.217208
vn -0.9397 -0.342 0
vn -0.917236 -0.333913 0.217209
vn -0.362106 -0.101302 -0.926616
vn 0.284506 0.075202 -0.95572
vn 0.745863 0.133093 -0.652668
vn -0.253506 -0.092302 -0.96292
vn -0.362106 -0.101302 0.926616
vn 0.284506 0.075202 0.95572
vn -0.253505 -0.092302 0.96292
vn 0.745863 0.133093 0.652667
vn -0.910226 -0.414112 0
vn -0.887988 -0.403994 0.219697
vn -0.887988 -0.403994 -0.219697
vn -0.850489 -0.474394 -0.227197
vn -0.873293 -0.487196 0
vn -0.850489 -0.474394 0.227197
vn -0.286506 -0.130003 -0.949218
vn 0.54118 0.247791 -0.80357
vn 0.565072 0.486876 -0.666067
vn -0.239097 -0.133398 -0.961789
vn -0.286505 -0.130002 0.949218
vn 0.54118 0.247791 0.80357
vn -0.239097 -0.133398 0.961789
vn 0.565072 0.486876 0.666067
vn -0.825579 -0.564286 0
vn -0.801451 -0.547667 0.240286
vn -0.801451 -0.547667 -0.240285
vn -0.735156 -0.626063 -0.259984
vn -0.761159 -0.648565 0
vn -0.735156 -0.626062 0.259985
vn -0.293606 -0.205304 -0.93362
vn 0.233407 0.145505 -0.961431
vn 0.710576 0.277291 -0.646678
vn -0.187098 -0.159599 -0.96929
vn -0.293606 -0.205304 0.93362
vn 0.233408 0.145505 0.961431
vn -0.187098 -0.159598 0.96929
vn 0.710576 0.277291 0.646678
vn -0.676679 -0.736278 0
vn -0.616084 -0.728481 0.299593
vn -0.616084 -0.728481 -0.299592
vn -0.44729 -0.846481 -0.288793
vn -0.385418 -0.922742 0
vn -0.44729 -0.846481 0.288794
vn 0.085296 -0.146294 -0.985557
vn 0.75917 0.604276 -0.241891
vn 0.759384 0.618787 -0.201096
vn 0.504391 -0.362094 -0.783886
vn 0.972382 0.233396 -0
vn 0.769294 0.638895 -0
vn 0.75917 0.604276 0.24189
vn 0.759384 0.618787 0.201096
vn 0.786582 0.617486 -0
vn 0.085296 -0.146294 0.985557
vn 0.504391 -0.362094 0.783886
vn 0 -0.763231 0.646126
vn -0 -1 0
vn 0.058499 -0.998288 0
vn 0.102102 -0.754413 0.648411
vn -0 -0.763231 -0.646126
vn 0.102102 -0.754413 -0.648411
vn 0.109905 -0.749836 -0.652431
vn 0.070401 -0.997519 -0
vn 0.109905 -0.749836 0.652432
vn -0 -0.0011 -0.999999
vn 0.166501 0.0081 -0.986008
vn -0 0.765196 -0.643797
vn 0.196603 0.74851 -0.633309
vn 0.197593 0.754475 -0.625879
vn 0.1645 0.0188 -0.986198
vn 0 1 -0
vn 0.18171 0.983352 -0
vn 0 0.765197 0.643797
vn 0.196603 0.74851 0.633309
vn 0.197594 0.754475 0.625879
vn 0.1894 0.9819 -0
vn 0 -0.0011 1
vn 0.166502 0.0081 0.986008
vn 0.1645 0.0188 0.986198
vn -0.0114 -0.999935 0
vn -0.066901 -0.771412 0.63281
vn -0.066901 -0.771412 -0.63281
vn -0.220801 -0.836805 -0.501003
vn -0.181305 -0.983427 0
vn -0.220801 -0.836805 0.501003
vn -0.108604 -0.047902 -0.99293
vn -0.037401 0.758408 -0.650707
vn -0.270188 0.687969 -0.67357
vn -0.212002 -0.143301 -0.966706
vn 0.043099 0.999071 -0
vn -0.0374 0.758408 0.650707
vn -0.270188 0.68797 0.67357
vn -0.269897 0.962889 -0
vn -0.108603 -0.047901 0.992931
vn -0.212001 -0.143301 0.966706
vn -0.312505 -0.949916 0
vn -0.250288 -0.810562 0.529476
vn -0.250289 -0.810562 -0.529475
vn -0.067598 -0.799476 -0.596882
vn -0.070799 -0.997491 0
vn -0.067598 -0.799476 0.596882
vn -0.051099 -0.155097 -0.986577
vn 0.020799 0.330493 -0.943579
vn 0.386592 0.626287 -0.676987
vn -0.0076 -0.074599 -0.997185
vn -0.051099 -0.155096 0.986577
vn 0.0208 0.330493 0.943579
vn -0.0076 -0.074599 0.997185
vn 0.386592 0.626288 0.676986
vn 0.749397 0.611298 -0.254399
vn 0.778522 0.627618 -0
vn 0.968425 0.249306 -0
vn 0.903377 0.232594 -0.360291
vn 0.749397 0.611298 0.254399
vn 0.903377 0.232594 0.360291
vn 0.951441 -0.173307 0.254411
vn 0.984816 -0.173603 -0
vn 0.951441 -0.173308 -0.254411
vn 0.849847 -0.527029 -0
vn 0.632699 -0.774398 -0
vn 0.638908 -0.571007 0.515507
vn 0.638908 -0.571007 -0.515507
vn 0.518989 0.105198 -0.848283
vn 0.582786 0.703883 -0.406091
vn 0.649803 0.760103 -0
vn 0.560777 0.827967 -0
vn 0.582786 0.703883 0.40609
vn 0.51899 0.105198 0.848283
vn -0.571978 0.820269 -0
vn -0.403898 0.854096 -0.327699
vn -0.403898 0.854096 0.327699
vn -0.036501 0.999334 -0
vn -0.0013 0.728329 -0.685227
vn 0.389109 0.844621 -0.367709
vn 0.651096 0.758996 -0
vn 0.38911 0.844621 0.367709
vn -0.0013 0.728329 0.685227
vn 0.950045 0.312115 -0
vn 0.623121 0.782126 -0
vn 0.676934 0.541327 -0.498725
vn 0.676934 0.541327 0.498725
vn 0.963333 0.268309 -0
vn 0.516616 0.141004 -0.844527
vn 0.85416 -0.119994 -0.505977
vn 0.99669 -0.081299 -0
vn 0.928277 -0.371891 -0
vn 0.85416 -0.119994 0.505976
vn 0.516617 0.141005 0.844527
vn 0.984604 0.174801 -0
vn 0.812739 0.582628 -0
vn 0.831585 0.372793 -0.411693
vn 0.831586 0.372793 0.411693
vn 0.994968 0.100197 -0
vn 0.643012 0.069301 -0.762714
vn 0.895775 -0.191195 -0.401289
vn 0.932524 -0.361109 -0
vn 0.895775 -0.191195 0.401288
vn 0.643012 0.069301 0.762714
vn 0.753027 -0.043902 -0.656524
vn 0.917776 -0.264493 -0.296193
vn 0.917565 0.135495 -0.373786
vn 0.995342 -0.096404 -0
vn 0.929027 -0.370011 -0
vn 0.917777 -0.264493 0.296192
vn 0.8597 0.5108 -0
vn 0.93857 0.345089 -0
vn 0.917565 0.135495 0.373786
vn 0.753027 -0.043902 0.656523
vn 0.820456 0.37438 -0.432077
vn 0.931825 0.330409 -0.150104
vn 0.860178 0.486188 -0.153996
vn 0.910411 0.413705 -0
vn 0.539119 0.84223 -0
vn 0.9363 0.3512 -0
vn 0.931826 0.330409 0.150104
vn 0.874228 0.485516 -0
vn 0.860178 0.486188 0.153996
vn 0.820457 0.37438 0.432077
vn 0.418296 0.278097 -0.864691
vn 0.838466 0.086296 -0.538078
vn 0.406226 0.749347 -0.522933
vn 0.826595 0.562797 -0
vn 0.994473 -0.104997 -0
vn 0.838466 0.086297 0.538078
vn 0.23639 0.971658 -0
vn 0.406226 0.749348 0.522933
vn 0.418296 0.278097 0.864691
vn 0.959592 0.101899 0.262298
vn 0.996674 0.081498 -0
vn 0.994184 0.107698 -0
vn 0.960837 0.078003 0.26591
vn 0.959592 0.101899 -0.262298
vn 0.960837 0.078003 -0.26591
vn 0.966299 0.0034 -0.2574
vn 0.999992 0.004 -0
vn 0.966299 0.0034 0.2574
vn 0.273109 0.032601 -0.961431
vn -0 0 -1
vn -0.790378 0.177695 -0.586283
vn -0.4542 -0.0006 -0.8909
vn -0.72935 0.052203 -0.682146
vn 0.245099 0.0009 -0.969498
vn -0.790377 0.177695 0.586283
vn 0.273109 0.032601 0.961431
vn 0 0 1
vn -0.4542 -0.0006 0.8909
vn 0.2451 0.0009 0.969498
vn -0.72935 0.052204 0.682147
vn 0.995275 -0.097098 -0
vn 0.966051 -0.094395 0.240488
vn 0.966051 -0.094395 -0.240488
vn 0.956447 -0.18329 -0.227188
vn 0.982148 -0.188109 -0
vn 0.956447 -0.18329 0.227187
vn 0.347292 -0.032899 -0.93718
vn -0.355812 0.041601 -0.933631
vn -0.629828 0.150907 -0.761934
vn 0.301503 -0.057801 -0.951712
vn 0.347293 -0.032899 0.93718
vn -0.355812 0.041601 0.933631
vn 0.301504 -0.057801 0.951711
vn -0.629828 0.150907 0.761934
vn 0.963451 -0.267886 -0
vn 0.939895 -0.261399 0.219699
vn 0.939895 -0.261399 -0.219699
vn 0.917236 -0.333913 -0.217209
vn 0.9397 -0.342 -0
vn 0.917236 -0.333913 0.217209
vn 0.362106 -0.101302 -0.926616
vn -0.284506 0.075202 -0.95572
vn -0.745863 0.133093 -0.652667
vn 0.253505 -0.092302 -0.96292
vn 0.362106 -0.101302 0.926616
vn -0.284506 0.075202 0.95572
vn 0.253506 -0.092302 0.96292
vn -0.745863 0.133093 0.652668
vn 0.910226 -0.414112 -0
vn 0.887988 -0.403994 0.219697
vn 0.887988 -0.403994 -0.219697
vn 0.850489 -0.474394 -0.227197
vn 0.873293 -0.487196 -0
vn 0.850489 -0.474394 0.227197
vn 0.286505 -0.130003 -0.949218
vn -0.54118 0.247791 -0.80357
vn -0.565072 0.486876 -0.666067
vn 0.239097 -0.133399 -0.961789
vn 0.286506 -0.130002 0.949218
vn -0.541179 0.247791 0.80357
vn 0.239097 -0.133398 0.961789
vn -0.565072 0.486876 0.666067
vn 0.82558 -0.564286 -0
vn 0.801451 -0.547667 0.240285
vn 0.801451 -0.547667 -0.240286
vn 0.735156 -0.626063 -0.259985
vn 0.761159 -0.648565 -0
vn 0.735156 -0.626062 0.259984
vn 0.293606 -0.205304 -0.93362
vn -0.233408 0.145505 -0.961431
vn -0.710576 0.27729 -0.646678
vn 0.187098 -0.159598 -0.96929
vn 0.293606 -0.205304 0.93362
vn -0.233407 0.145505 0.961431
vn 0.187098 -0.159598 0.96929
vn -0.710576 0.277291 0.646678
vn 0.67668 -0.736278 -0
vn 0.616084 -0.728481 0.299592
vn 0.616084 -0.728481 -0.299592
vn 0.44729 -0.846481 -0.288794
vn 0.385418 -0.922742 0
vn 0.44729 -0.846481 0.288794
vn -0.085296 -0.146294 -0.985557
vn -0.75917 0.604276 -0.24189
vn -0.759384 0.618787 -0.201096
vn -0.504391 -0.362094 -0.783886
vn -0.769294 0.638895 0
vn -0.972382 0.233396 0
vn -0.75917 0.604276 0.241891
vn -0.759384 0.618787 0.201096
vn -0.786582 0.617486 0
vn -0.085296 -0.146294 0.985557
vn -0.504391 -0.362094 0.783886
vn -0.058499 -0.998288 0
vn -0.102102 -0.754413 0.648411
vn -0.102102 -0.754413 -0.648411
vn -0.109905 -0.749836 -0.652431
vn -0.070401 -0.997519 0
vn -0.109905 -0.749836 0.652432
vn -0.166502 0.0081 -0.986008
vn -0.196603 0.74851 -0.633309
vn -0.197594 0.754475 -0.625879
vn -0.1645 0.0188 -0.986198
vn -0.18171 0.983352 -0
vn -0.196603 0.74851 0.633309
vn -0.197593 0.754475 0.625879
vn -0.1894 0.9819 -0
vn -0.166501 0.0081 0.986008
vn -0.1645 0.0188 0.986198
vn 0.0114 -0.999935 0
vn 0.066901 -0.771412 0.63281
vn 0.066901 -0.771412 -0.63281
vn 0.220801 -0.836805 -0.501003
vn 0.181305 -0.983427 0
vn 0.220802 -0.836805 0.501003
vn 0.108603 -0.047902 -0.992931
vn 0.0374 0.758408 -0.650707
vn 0.270188 0.687969 -0.67357
vn 0.212001 -0.143301 -0.966706
vn -0.043099 0.999071 -0
vn 0.037401 0.758408 0.650707
vn 0.270188 0.687969 0.67357
vn 0.269897 0.962889 -0
vn 0.108604 -0.047901 0.99293
vn 0.212002 -0.143301 0.966706
vn 0.312505 -0.949916 0
vn 0.250289 -0.810562 0.529476
vn 0.250288 -0.810563 -0.529476
vn 0.067598 -0.799476 -0.596882
vn 0.070799 -0.997491 0
vn 0.067598 -0.799476 0.596882
vn 0.051099 -0.155096 -0.986577
vn -0.0208 0.330493 -0.943579
vn -0.386592 0.626287 -0.676987
vn 0.0076 -0.074599 -0.997185
vn 0.051099 -0.155096 0.986577
vn -0.020799 0.330493 0.943579
vn 0.0076 -0.074599 0.997185
vn -0.386592 0.626288 0.676987
vn -0.749397 0.611298 -0.254399
vn -0.968425 0.249306 0
vn -0.778522 0.627618 0
vn -0.903377 0.232594 -0.360291
vn -0.749397 0.611298 0.254399
vn -0.903377 0.232594 0.360291
vn -0.951441 -0.173307 0.254411
vn -0.984816 -0.173603 0
vn -0.951441 -0.173307 -0.254411
vn -0.849847 -0.527029 0
vn -0.632699 -0.774398 0
vn -0.638908 -0.571007 0.515507
vn -0.638908 -0.571007 -0.515506
vn -0.51899 0.105198 -0.848283
vn -0.582786 0.703883 -0.40609
vn -0.560777 0.827967 -0
vn -0.649803 0.760103 0
vn -0.582786 0.703883 0.40609
vn -0.518989 0.105198 0.848283
vn 0.571978 0.820269 -0
vn 0.403898 0.854096 -0.327699
vn 0.403898 0.854096 0.327698
vn 0.036501 0.999334 -0
vn 0.0013 0.728329 -0.685227
vn -0.38911 0.844621 -0.367709
vn -0.651096 0.758996 0
vn -0.389109 0.844621 0.367709
vn 0.0013 0.728329 0.685227
vn -0.623121 0.782126 0
vn -0.950045 0.312115 0
vn -0.676934 0.541327 -0.498725
vn -0.676933 0.541327 0.498725
vn -0.963333 0.268309 0
vn -0.516617 0.141004 -0.844527
vn -0.85416 -0.119994 -0.505976
vn -0.928277 -0.371891 0
vn -0.99669 -0.081299 0
vn -0.85416 -0.119994 0.505976
vn -0.516616 0.141005 0.844527
vn -0.812739 0.582628 0
vn -0.984621 0.174704 0
vn -0.831586 0.372793 -0.411693
vn -0.831585 0.372793 0.411693
vn -0.994968 0.100197 0
vn -0.643012 0.069301 -0.762714
vn -0.895775 -0.191195 -0.401288
vn -0.932524 -0.361109 0
vn -0.895775 -0.191195 0.401289
vn -0.643012 0.069301 0.762714
vn -0.753027 -0.043902 -0.656523
vn -0.917777 -0.264493 -0.296192
vn -0.917565 0.135495 -0.373786
vn -0.995342 -0.096404 0
vn -0.929027 -0.370011 0
vn -0.917776 -0.264493 0.296193
vn -0.93857 0.345089 0
vn -0.8597 0.5108 0
vn -0.917565 0.135495 0.373786
vn -0.753027 -0.043902 0.656524
vn -0.820487 0.374294 -0.432093
vn -0.931826 0.330409 -0.150104
vn -0.860178 0.486188 -0.153996
vn -0.910411 0.413705 0
vn -0.9363 0.3512 0
vn -0.539119 0.84223 -0
vn -0.931826 0.330409 0.150104
vn -0.874228 0.485516 0
vn -0.860178 0.486188 0.153996
vn -0.820456 0.37438 0.432077
vn -0.418296 0.278097 -0.864691
vn -0.838466 0.086296 -0.538078
vn -0.406226 0.749347 -0.522933
vn -0.826595 0.562797 0
vn -0.994473 -0.104997 0
vn -0.838466 0.086297 0.538078
vn -0.23639 0.971658 -0
vn -0.406226 0.749348 0.522933
vn -0.418296 0.278097 0.864691
vt 0.7569 0.9986
vt 0.7437 0.9995
vt 0.7582 0.9063
vt 0.7713 0.9047
vt 0.7241 0.9986
vt 0.7385 0.9047
vt 0.746 0.8113
vt 0.7657 0.8131
vt 0.7788 0.8113
vt 0.7091 0.9959
vt 0.7232 0.9001
vt 0.705 0.9931
vt 0.7065 0.895
vt 0.7134 0.7984
vt 0.7305 0.8058
vt 0.7379 0.9931
vt 0.7529 0.9959
vt 0.767 0.9001
vt 0.7467 0.895
vt 0.7743 0.8058
vt 0.7491 0.7984
vt 0.7593 0.7202
vt 0.7724 0.7188
vt 0.7396 0.7188
vt 0.7197 0.625
vt 0.7393 0.6258
vt 0.7526 0.625
vt 0.7242 0.7143
vt 0.7032 0.7108
vt 0.6837 0.6229
vt 0.7048 0.6227
vt 0.768 0.7143
vt 0.7434 0.7108
vt 0.7486 0.6227
vt 0.7194 0.6229
vt 0.7061 0.5281
vt 0.7196 0.5281
vt 0.6868 0.5281
vt 0.642 0.4308
vt 0.661 0.4302
vt 0.6748 0.4308
vt 0.6726 0.5279
vt 0.6489 0.5309
vt 0.6138 0.4372
vt 0.6288 0.4328
vt 0.7164 0.5279
vt 0.6891 0.5309
vt 0.6726 0.4328
vt 0.6495 0.4372
vt 0.6051 0.3349
vt 0.6193 0.3363
vt 0.5865 0.3363
vt 0.5221 0.2473
vt 0.5403 0.2453
vt 0.555 0.2473
vt 0.5745 0.3403
vt 0.5651 0.3459
vt 0.4997 0.2637
vt 0.5116 0.2533
vt 0.6183 0.3403
vt 0.6053 0.3459
vt 0.5554 0.2533
vt 0.5354 0.2637
vt 0.4684 0.164
vt 0.4836 0.1666
vt 0.4508 0.1666
vt 0.3746 0.0965
vt 0.3917 0.0934
vt 0.4075 0.0965
vt 0.4418 0.1744
vt 0.4246 0.1895
vt 0.3618 0.1239
vt 0.3674 0.1059
vt 0.4856 0.1744
vt 0.4647 0.1895
vt 0.4112 0.1059
vt 0.3963 0.1239
vt 0.3125 0.0359
vt 0.3289 0.0394
vt 0.296 0.0394
vt 0.2563 0.0143
vt 0.2527 0.0015
vt 0.2807 0.0143
vt 0.2905 0.05
vt 0.2959 0.0606
vt 0.2573 0.0307
vt 0.2374 0.0129
vt 0.3595 0.1136
vt 0.3123 0.0642
vt 0.3288 0.0606
vt 0.2816 0.0307
vt 0.2549 0.0242
vt 0.3343 0.05
vt 0.2702 0.0129
vt 0.7745 0.37
vt 0.7745 0.3035
vt 0.6439 0.3071
vt 0.6448 0.363
vt 0.7745 0.2657
vt 0.6448 0.276
vt 0.5189 0.291
vt 0.517 0.3138
vt 0.5189 0.3548
vt 0.7745 0.2913
vt 0.6477 0.2987
vt 0.7745 0.3517
vt 0.6506 0.3505
vt 0.5302 0.3457
vt 0.5246 0.3077
vt 0.7745 0.4182
vt 0.6516 0.4065
vt 0.7745 0.456
vt 0.6506 0.4376
vt 0.5302 0.4096
vt 0.5321 0.3868
vt 0.7745 0.4304
vt 0.6477 0.4148
vt 0.5246 0.3928
vt 0.3976 0.3194
vt 0.4004 0.3508
vt 0.4004 0.3018
vt 0.293 0.2767
vt 0.2894 0.3156
vt 0.293 0.3678
vt 0.4087 0.3144
vt 0.417 0.3433
vt 0.3091 0.3217
vt 0.3037 0.2815
vt 0.4197 0.3747
vt 0.417 0.3923
vt 0.3091 0.4173
vt 0.3317 0.3756
vt 0.4087 0.3797
vt 0.3037 0.403
vt 0.1961 0.2942
vt 0.2004 0.349
vt 0.2004 0.2579
vt 0.1312 0.2418
vt 0.1267 0.2759
vt 0.1312 0.333
vt 0.2131 0.2706
vt 0.2262 0.3105
vt 0.1592 0.3192
vt 0.1444 0.2611
vt 0.2131 0.3921
vt 0.2262 0.4219
vt 0.1444 0.3826
vt 0.1592 0.4147
vt 0.0981 0.3099
vt 0.0948 0.3486
vt 0.08 0.3263
vt 0.0862 0.2796
vt 0.0981 0.3773
vt 0.0862 0.3707
vt 0.084 0.3386
vt 0.0776 0.3016
vt 0.084 0.2711
vt 0.2343 0.0005
vt 0.0902 0.2816
vt 0.0939 0.3372
vt 0.0939 0.2461
vt 0.1049 0.261
vt 0.1159 0.3063
vt 0.1489 0.3752
vt 0.1195 0.3619
vt 0.1159 0.3974
vt 0.1049 0.3825
vt 0.2854 0.3951
vt 0.2655 0.3773
vt 0.2655 0.428
vt 0.2326 0.4175
vt 0.2315 0.356
vt 0.1982 0.3791
vt 0.1776 0.3979
vt 0.1982 0.4297
vt 0.2315 0.437
vt 0.6885 0.6248
vt 0.6407 0.603
vt 0.6054 0.5828
vt 0.6237 0.5828
vt 0.5654 0.5504
vt 0.6011 0.5406
vt 0.5742 0.5049
vt 0.6222 0.4393
vt 0.5908 0.4783
vt 0.5925 0.5049
vt 0.6304 0.5406
vt 0.7219 0.7971
vt 0.6897 0.7703
vt 0.6645 0.7494
vt 0.6827 0.7494
vt 0.6425 0.7148
vt 0.6666 0.7121
vt 0.6539 0.6766
vt 0.6728 0.6538
vt 0.6722 0.6766
vt 0.6959 0.7121
vt 0.6828 0.8917
vt 0.6854 0.8502
vt 0.674 0.932
vt 0.6716 0.89
vt 0.7066 0.8262
vt 0.7037 0.8502
vt 0.7183 0.9922
vt 0.6883 0.9572
vt 0.6923 0.932
vt 0.7121 0.8917
vt 0.5541 0.3517
vt 0.5308 0.3164
vt 0.5788 0.3901
vt 0.5544 0.3563
vt 0.5086 0.2675
vt 0.5302 0.2928
vt 0.549 0.3164
vt 0.6072 0.4107
vt 0.5971 0.3901
vt 0.5833 0.3517
vt 0.3822 0.2143
vt 0.3425 0.1914
vt 0.4017 0.2519
vt 0.3501 0.2364
vt 0.3495 0.1659
vt 0.3608 0.1914
vt 0.4441 0.2627
vt 0.4199 0.2519
vt 0.4114 0.2143
vt 0.7569 0.9986
vt 0.7582 0.9063
vt 0.7437 0.9995
vt 0.7713 0.9047
vt 0.7241 0.9986
vt 0.7385 0.9047
vt 0.746 0.8113
vt 0.7657 0.8131
vt 0.7788 0.8113
vt 0.7232 0.9001
vt 0.7091 0.9959
vt 0.705 0.9931
vt 0.7065 0.895
vt 0.7134 0.7984
vt 0.7305 0.8058
vt 0.7379 0.9931
vt 0.767 0.9001
vt 0.7529 0.9959
vt 0.7467 0.895
vt 0.7743 0.8058
vt 0.7491 0.7984
vt 0.7593 0.7202
vt 0.7724 0.7188
vt 0.7396 0.7188
vt 0.7197 0.625
vt 0.7393 0.6258
vt 0.7526 0.625
vt 0.7242 0.7143
vt 0.7032 0.7108
vt 0.6837 0.6229
vt 0.7048 0.6227
vt 0.768 0.7143
vt 0.7434 0.7108
vt 0.7486 0.6227
vt 0.7194 0.6229
vt 0.7061 0.5281
vt 0.7196 0.5281
vt 0.6868 0.5281
vt 0.642 0.4308
vt 0.661 0.4302
vt 0.6748 0.4308
vt 0.6726 0.5279
vt 0.6489 0.5309
vt 0.6138 0.4372
vt 0.6288 0.4328
vt 0.7164 0.5279
vt 0.6891 0.5309
vt 0.6726 0.4328
vt 0.6495 0.4372
vt 0.6051 0.3349
vt 0.6193 0.3363
vt 0.5865 0.3363
vt 0.5221 0.2473
vt 0.5403 0.2453
vt 0.555 0.2473
vt 0.5745 0.3403
vt 0.5651 0.3459
vt 0.4997 0.2637
vt 0.5116 0.2533
vt 0.6183 0.3403
vt 0.6053 0.3459
vt 0.5554 0.2533
vt 0.5354 0.2637
vt 0.4684 0.164
vt 0.4836 0.1666
vt 0.4508 0.1666
vt 0.3746 0.0965
vt 0.3917 0.0934
vt 0.4075 0.0965
vt 0.4418 0.1744
vt 0.4246 0.1895
vt 0.3618 0.1239
vt 0.3674 0.1059
vt 0.4856 0.1744
vt 0.4647 0.1895
vt 0.4112 0.1059
vt 0.3963 0.1239
vt 0.3125 0.0359
vt 0.3289 0.0394
vt 0.296 0.0394
vt 0.2563 0.0143
vt 0.2527 0.0015
vt 0.2807 0.0143
vt 0.2905 0.05
vt 0.2959 0.0606
vt 0.2573 0.0307
vt 0.2374 0.0129
vt 0.3123 0.0642
vt 0.3595 0.1136
vt 0.3288 0.0606
vt 0.2816 0.0307
vt 0.2549 0.0242
vt 0.3343 0.05
vt 0.2702 0.0129
vt 0.6439 0.3071
vt 0.6448 0.363
vt 0.6448 0.276
vt 0.5189 0.291
vt 0.517 0.3138
vt 0.5189 0.3548
vt 0.6477 0.2987
vt 0.6506 0.3505
vt 0.5302 0.3457
vt 0.5246 0.3077
vt 0.6516 0.4065
vt 0.6506 0.4376
vt 0.5302 0.4096
vt 0.5321 0.3868
vt 0.6477 0.4148
vt 0.5246 0.3928
vt 0.3976 0.3194
vt 0.4004 0.3508
vt 0.4004 0.3018
vt 0.293 0.2767
vt 0.2894 0.3156
vt 0.293 0.3678
vt 0.4087 0.3144
vt 0.417 0.3433
vt 0.3091 0.3217
vt 0.3037 0.2815
vt 0.4197 0.3747
vt 0.417 0.3923
vt 0.3091 0.4173
vt 0.3317 0.3756
vt 0.4087 0.3797
vt 0.3037 0.403
vt 0.1961 0.2942
vt 0.2004 0.349
vt 0.2004 0.2579
vt 0.1312 0.2418
vt 0.1267 0.2759
vt 0.1312 0.333
vt 0.2131 0.2706
vt 0.2262 0.3105
vt 0.1592 0.3192
vt 0.1444 0.2611
vt 0.2131 0.3921
vt 0.2262 0.4219
vt 0.1444 0.3826
vt 0.1592 0.4147
vt 0.0981 0.3099
vt 0.08 0.3263
vt 0.0948 0.3486
vt 0.0862 0.2796
vt 0.0981 0.3773
vt 0.0862 0.3707
vt 0.084 0.3386
vt 0.0776 0.3016
vt 0.084 0.2711
vt 0.2343 0.0005
vt 0.0902 0.2816
vt 0.0939 0.3372
vt 0.0939 0.2461
vt 0.1049 0.261
vt 0.1159 0.3063
vt 0.1195 0.3619
vt 0.1489 0.3752
vt 0.1159 0.3974
vt 0.1049 0.3825
vt 0.2854 0.3951
vt 0.2655 0.3773
vt 0.2655 0.428
vt 0.2326 0.4175
vt 0.2315 0.356
vt 0.1982 0.3791
vt 0.1776 0.3979
vt 0.1982 0.4297
vt 0.2315 0.437
vt 0.6407 0.603
vt 0.6885 0.6248
vt 0.6054 0.5828
vt 0.6237 0.5828
vt 0.5654 0.5504
vt 0.6011 0.5406
vt 0.5742 0.5049
vt 0.5908 0.4783
vt 0.6222 0.4393
vt 0.5925 0.5049
vt 0.6304 0.5406
vt 0.6897 0.7703
vt 0.7219 0.7971
vt 0.6645 0.7494
vt 0.6827 0.7494
vt 0.6425 0.7148
vt 0.6666 0.7121
vt 0.6539 0.6766
vt 0.6728 0.6538
vt 0.6722 0.6766
vt 0.6959 0.7121
vt 0.6828 0.8917
vt 0.6854 0.8502
vt 0.674 0.932
vt 0.6716 0.89
vt 0.7066 0.8262
vt 0.7037 0.8502
vt 0.6883 0.9572
vt 0.7183 0.9922
vt 0.6923 0.932
vt 0.7121 0.8917
vt 0.5541 0.3517
vt 0.5308 0.3164
vt 0.5788 0.3901
vt 0.5544 0.3563
vt 0.5302 0.2928
vt 0.5086 0.2675
vt 0.549 0.3164
vt 0.6072 0.4107
vt 0.5971 0.3901
vt 0.5833 0.3517
vt 0.3822 0.2143
vt 0.3425 0.1914
vt 0.4017 0.2519
vt 0.3501 0.2364
vt 0.3495 0.1659
vt 0.3608 0.1914
vt 0.4441 0.2627
vt 0.4199 0.2519
vt 0.4114 0.2143
f 1/1/1 3/3/3 2/2/2
f 1/1/1 4/4/4 3/3/3
f 5/5/5 3/3/3 6/6/6
f 5/5/5 2/2/2 3/3/3
f 7/7/7 3/3/3 8/8/8
f 7/7/7 6/6/6 3/3/3
f 9/9/9 3/3/3 4/4/4
f 9/9/9 8/8/8 3/3/3
f 5/5/5 11/11/11 10/10/10
f 5/5/5 6/6/6 11/11/11
f 12/12/12 11/11/11 13/13/13
f 12/12/12 10/10/10 11/11/11
f 14/14/14 11/11/11 15/15/15
f 14/14/14 13/13/13 11/11/11
f 7/7/7 11/11/11 6/6/6
f 7/7/7 15/15/15 11/11/11
f 16/16/16 18/18/18 17/17/17
f 16/16/16 19/19/19 18/18/18
f 1/1/1 18/18/18 4/4/4
f 1/1/1 17/17/17 18/18/18
f 9/9/9 18/18/18 20/20/20
f 9/9/9 4/4/4 18/18/18
f 21/21/21 18/18/18 19/19/19
f 21/21/21 20/20/20 18/18/18
f 9/9/9 22/22/22 8/8/8
f 9/9/9 23/23/23 22/22/22
f 7/7/7 22/22/22 24/24/24
f 7/7/7 8/8/8 22/22/22
f 25/25/25 22/22/22 26/26/26
f 25/25/25 24/24/24 22/22/22
f 27/27/27 22/22/22 23/23/23
f 27/27/27 26/26/26 22/22/22
f 7/7/7 28/28/28 15/15/15
f 7/7/7 24/24/24 28/28/28
f 14/14/14 28/28/28 29/29/29
f 14/14/14 15/15/15 28/28/28
f 30/30/30 28/28/28 31/31/31
f 30/30/30 29/29/29 28/28/28
f 25/25/25 28/28/28 24/24/24
f 25/25/25 31/31/31 28/28/28
f 21/21/21 32/32/32 20/20/20
f 21/21/21 33/33/33 32/32/32
f 9/9/9 32/32/32 23/23/23
f 9/9/9 20/20/20 32/32/32
f 27/27/27 32/32/32 34/34/34
f 27/27/27 23/23/23 32/32/32
f 35/35/35 32/32/32 33/33/33
f 35/35/35 34/34/34 32/32/32
f 27/27/27 36/36/36 26/26/26
f 27/27/27 37/37/37 36/36/36
f 25/25/25 36/36/36 38/38/38
f 25/25/25 26/26/26 36/36/36
f 39/39/39 36/36/36 40/40/40
f 39/39/39 38/38/38 36/36/36
f 41/41/41 36/36/36 37/37/37
f 41/41/41 40/40/40 36/36/36
f 25/25/25 42/42/42 31/31/31
f 25/25/25 38/38/38 42/42/42
f 30/30/30 42/42/42 43/43/43
f 30/30/30 31/31/31 42/42/42
f 44/44/44 42/42/42 45/45/45
f 44/44/44 43/43/43 42/42/42
f 39/39/39 42/42/42 38/38/38
f 39/39/39 45/45/45 42/42/42
f 35/35/35 46/46/46 34/34/34
f 35/35/35 47/47/47 46/46/46
f 27/27/27 46/46/46 37/37/37
f 27/27/27 34/34/34 46/46/46
f 41/41/41 46/46/46 48/48/48
f 41/41/41 37/37/37 46/46/46
f 49/49/49 46/46/46 47/47/47
f 49/49/49 48/48/48 46/46/46
f 41/41/41 50/50/50 40/40/40
f 41/41/41 51/51/51 50/50/50
f 39/39/39 50/50/50 52/52/52
f 39/39/39 40/40/40 50/50/50
f 53/53/53 50/50/50 54/54/54
f 53/53/53 52/52/52 50/50/50
f 55/55/55 50/50/50 51/51/51
f 55/55/55 54/54/54 50/50/50
f 39/39/39 56/56/56 45/45/45
f 39/39/39 52/52/52 56/56/56
f 44/44/44 56/56/56 57/57/57
f 44/44/44 45/45/45 56/56/56
f 58/58/58 56/56/56 59/59/59
f 58/58/58 57/57/57 56/56/56
f 53/53/53 56/56/56 52/52/52
f 53/53/53 59/59/59 56/56/56
f 49/49/49 60/60/60 48/48/48
f 49/49/49 61/61/61 60/60/60
f 41/41/41 60/60/60 51/51/51
f 41/41/41 48/48/48 60/60/60
f 55/55/55 60/60/60 62/62/62
f 55/55/55 51/51/51 60/60/60
f 63/63/63 60/60/60 61/61/61
f 63/63/63 62/62/62 60/60/60
f 55/55/55 64/64/64 54/54/54
f 55/55/55 65/65/65 64/64/64
f 53/53/53 64/64/64 66/66/66
f 53/53/53 54/54/54 64/64/64
f 67/67/67 64/64/64 68/68/68
f 67/67/67 66/66/66 64/64/64
f 69/69/69 64/64/64 65/65/65
f 69/69/69 68/68/68 64/64/64
f 53/53/53 70/70/70 59/59/59
f 53/53/53 66/66/66 70/70/70
f 58/58/58 70/70/70 71/71/71
f 58/58/58 59/59/59 70/70/70
f 72/72/72 70/70/70 73/73/73
f 72/72/72 71/71/71 70/70/70
f 67/67/67 70/70/70 66/66/66
f 67/67/67 73/73/73 70/70/70
f 63/63/63 74/74/74 62/62/62
f 63/63/63 75/75/75 74/74/74
f 55/55/55 74/74/74 65/65/65
f 55/55/55 62/62/62 74/74/74
f 69/69/69 74/74/74 76/76/76
f 69/69/69 65/65/65 74/74/74
f 77/77/77 74/74/74 75/75/75
f 77/77/77 76/76/76 74/74/74
f 69/69/69 78/78/78 68/68/68
f 69/69/69 79/79/79 78/78/78
f 67/67/67 78/78/78 80/80/80
f 67/67/67 68/68/68 78/78/78
f 81/81/81 78/78/78 82/82/82
f 81/81/81 80/80/80 78/78/78
f 83/83/83 78/78/78 79/79/79
f 83/83/83 82/82/82 78/78/78
f 67/67/67 84/84/84 73/73/73
f 67/67/67 80/80/80 84/84/84
f 72/72/72 84/84/84 85/85/85
f 72/72/72 73/73/73 84/84/84
f 86/86/86 84/84/84 87/87/87
f 86/86/86 85/85/85 84/84/84
f 81/81/81 84/84/84 80/80/80
f 81/81/81 87/87/87 84/84/84
f 72/72/72 89/89/89 88/88/88
f 72/72/72 85/85/85 89/89/89
f 77/77/77 89/89/89 90/90/90
f 77/77/77 88/88/88 89/89/89
f 91/91/91 89/89/89 92/92/92
f 91/91/91 90/90/90 89/89/89
f 86/86/86 89/89/89 85/85/85
f 86/86/86 92/92/92 89/89/89
f 77/77/77 93/93/93 76/76/76
f 77/77/77 90/90/90 93/93/93
f 69/69/69 93/93/93 79/79/79
f 69/69/69 76/76/76 93/93/93
f 83/83/83 93/93/93 94/94/94
f 83/83/83 79/79/79 93/93/93
f 91/91/91 93/93/93 90/90/90
f 91/91/91 94/94/94 93/93/93
f 95/95/95 97/97/97 96/96/96
f 95/95/95 98/98/98 97/97/97
f 99/99/99 97/97/97 100/100/100
f 99/99/99 96/96/96 97/97/97
f 101/101/101 97/97/97 102/102/102
f 101/101/101 100/100/100 97/97/97
f 103/103/103 97/97/97 98/98/98
f 103/103/103 102/102/102 97/97/97
f 99/99/99 105/105/105 104/104/104
f 99/99/99 100/100/100 105/105/105
f 106/106/106 105/105/105 107/107/107
f 106/106/106 104/104/104 105/105/105
f 108/108/108 105/105/105 109/109/109
f 108/108/108 107/107/107 105/105/105
f 101/101/101 105/105/105 100/100/100
f 101/101/101 109/109/109 105/105/105
f 106/106/106 111/111/111 110/110/110
f 106/106/106 107/107/107 111/111/111
f 112/112/112 111/111/111 113/113/113
f 112/112/112 110/110/110 111/111/111
f 114/114/114 111/111/111 115/115/115
f 114/114/114 113/113/113 111/111/111
f 108/108/108 111/111/111 107/107/107
f 108/108/108 115/115/115 111/111/111
f 112/112/112 117/117/117 116/116/116
f 112/112/112 113/113/113 117/117/117
f 95/95/95 117/117/117 98/98/98
f 95/95/95 116/116/116 117/117/117
f 103/103/103 117/117/117 118/118/118
f 103/103/103 98/98/98 117/117/117
f 114/114/114 117/117/117 113/113/113
f 114/114/114 118/118/118 117/117/117
f 103/103/103 119/119/119 102/102/102
f 103/103/103 120/120/120 119/119/119
f 101/101/101 119/119/119 121/121/121
f 101/101/101 102/102/102 119/119/119
f 122/122/122 119/119/119 123/123/123
f 122/122/122 121/121/121 119/119/119
f 124/124/124 119/119/119 120/120/120
f 124/124/124 123/123/123 119/119/119
f 101/101/101 125/125/125 109/109/109
f 101/101/101 121/121/121 125/125/125
f 108/108/108 125/125/125 126/126/126
f 108/108/108 109/109/109 125/125/125
f 127/127/127 125/125/125 128/128/128
f 127/127/127 126/126/126 125/125/125
f 122/122/122 125/125/125 121/121/121
f 122/122/122 128/128/128 125/125/125
f 108/108/108 129/129/129 115/115/115
f 108/108/108 126/126/126 129/129/129
f 114/114/114 129/129/129 130/130/130
f 114/114/114 115/115/115 129/129/129
f 131/131/131 129/129/129 132/132/132
f 131/131/131 130/130/130 129/129/129
f 127/127/127 129/129/129 126/126/126
f 127/127/127 132/132/132 129/129/129
f 114/114/114 133/133/133 118/118/118
f 114/114/114 130/130/130 133/133/133
f 103/103/103 133/133/133 120/120/120
f 103/103/103 118/118/118 133/133/133
f 124/124/124 133/133/133 134/134/134
f 124/124/124 120/120/120 133/133/133
f 131/131/131 133/133/133 130/130/130
f 131/131/131 134/134/134 133/133/133
f 124/124/124 135/135/135 123/123/123
f 124/124/124 136/136/136 135/135/135
f 122/122/122 135/135/135 137/137/137
f 122/122/122 123/123/123 135/135/135
f 138/138/138 135/135/135 139/139/139
f 138/138/138 137/137/137 135/135/135
f 140/140/140 135/135/135 136/136/136
f 140/140/140 139/139/139 135/135/135
f 122/122/122 141/141/141 128/128/128
f 122/122/122 137/137/137 141/141/141
f 127/127/127 141/141/141 142/142/142
f 127/127/127 128/128/128 141/141/141
f 143/143/143 141/141/141 144/144/144
f 143/143/143 142/142/142 141/141/141
f 138/138/138 141/141/141 137/137/137
f 138/138/138 144/144/144 141/141/141
f 131/131/131 145/145/145 134/134/134
f 131/131/131 146/146/146 145/145/145
f 124/124/124 145/145/145 136/136/136
f 124/124/124 134/134/134 145/145/145
f 140/140/140 145/145/145 147/147/147
f 140/140/140 136/136/136 145/145/145
f 148/148/148 145/145/145 146/146/146
f 148/148/148 147/147/147 145/145/145
f 149/149/149 151/151/151 150/150/150
f 149/149/149 152/152/152 151/151/151
f 153/153/153 151/151/151 154/154/154
f 153/153/153 150/150/150 151/151/151
f 155/155/155 151/151/151 156/156/156
f 155/155/155 154/154/154 151/151/151
f 157/157/157 151/151/151 152/152/152
f 157/157/157 156/156/156 151/151/151
f 86/86/86 158/158/158 92/92/92
f 86/86/86 87/87/87 158/158/158
f 91/91/91 158/158/158 94/94/94
f 91/91/91 92/92/92 158/158/158
f 83/83/83 158/158/158 82/82/82
f 83/83/83 94/94/94 158/158/158
f 81/81/81 158/158/158 87/87/87
f 81/81/81 82/82/82 158/158/158
f 140/140/140 159/159/159 139/139/139
f 140/140/140 160/160/160 159/159/159
f 138/138/138 159/159/159 161/161/161
f 138/138/138 139/139/139 159/159/159
f 157/157/157 159/159/159 156/156/156
f 157/157/157 161/161/161 159/159/159
f 155/155/155 159/159/159 160/160/160
f 155/155/155 156/156/156 159/159/159
f 138/138/138 162/162/162 144/144/144
f 138/138/138 161/161/161 162/162/162
f 143/143/143 162/162/162 163/163/163
f 143/143/143 144/144/144 162/162/162
f 149/149/149 162/162/162 152/152/152
f 149/149/149 163/163/163 162/162/162
f 157/157/157 162/162/162 161/161/161
f 157/157/157 152/152/152 162/162/162
f 143/143/143 165/165/165 164/164/164
f 143/143/143 163/163/163 165/165/165
f 148/148/148 165/165/165 166/166/166
f 148/148/148 164/164/164 165/165/165
f 153/153/153 165/165/165 150/150/150
f 153/153/153 166/166/166 165/165/165
f 149/149/149 165/165/165 163/163/163
f 149/149/149 150/150/150 165/165/165
f 148/148/148 167/167/167 147/147/147
f 148/148/148 166/166/166 167/167/167
f 140/140/140 167/167/167 160/160/160
f 140/140/140 147/147/147 167/167/167
f 155/155/155 167/167/167 154/154/154
f 155/155/155 160/160/160 167/167/167
f 153/153/153 167/167/167 166/166/166
f 153/153/153 154/154/154 167/167/167
f 127/127/127 168/168/168 132/132/132
f 127/127/127 169/169/169 168/168/168
f 131/131/131 168/168/168 170/170/170
f 131/131/131 132/132/132 168/168/168
f 171/171/171 168/168/168 169/169/169
f 171/171/171 170/170/170 168/168/168
f 143/143/143 172/172/172 142/142/142
f 143/143/143 173/173/173 172/172/172
f 127/127/127 172/172/172 169/169/169
f 127/127/127 142/142/142 172/172/172
f 171/171/171 172/172/172 173/173/173
f 171/171/171 169/169/169 172/172/172
f 148/148/148 174/174/174 164/164/164
f 148/148/148 175/175/175 174/174/174
f 143/143/143 174/174/174 173/173/173
f 143/143/143 164/164/164 174/174/174
f 171/171/171 174/174/174 175/175/175
f 171/171/171 173/173/173 174/174/174
f 131/131/131 176/176/176 146/146/146
f 131/131/131 170/170/170 176/176/176
f 148/148/148 176/176/176 175/175/175
f 148/148/148 146/146/146 176/176/176
f 171/171/171 176/176/176 170/170/170
f 171/171/171 175/175/175 176/176/176
f 30/30/30 178/178/178 177/177/177
f 30/30/30 179/179/179 178/178/178
f 35/35/35 178/178/178 180/180/180
f 35/35/35 177/177/177 178/178/178
f 181/181/181 178/178/178 179/179/179
f 181/181/181 180/180/180 178/178/178
f 44/44/44 182/182/182 43/43/43
f 44/44/44 183/183/183 182/182/182
f 30/30/30 182/182/182 179/179/179
f 30/30/30 43/43/43 182/182/182
f 181/181/181 182/182/182 183/183/183
f 181/181/181 179/179/179 182/182/182
f 49/49/49 185/185/185 184/184/184
f 49/49/49 186/186/186 185/185/185
f 44/44/44 185/185/185 183/183/183
f 44/44/44 184/184/184 185/185/185
f 181/181/181 185/185/185 186/186/186
f 181/181/181 183/183/183 185/185/185
f 35/35/35 187/187/187 47/47/47
f 35/35/35 180/180/180 187/187/187
f 49/49/49 187/187/187 186/186/186
f 49/49/49 47/47/47 187/187/187
f 181/181/181 187/187/187 180/180/180
f 181/181/181 186/186/186 187/187/187
f 14/14/14 189/189/189 188/188/188
f 14/14/14 190/190/190 189/189/189
f 21/21/21 189/189/189 191/191/191
f 21/21/21 188/188/188 189/189/189
f 192/192/192 189/189/189 190/190/190
f 192/192/192 191/191/191 189/189/189
f 30/30/30 193/193/193 29/29/29
f 30/30/30 194/194/194 193/193/193
f 14/14/14 193/193/193 190/190/190
f 14/14/14 29/29/29 193/193/193
f 192/192/192 193/193/193 194/194/194
f 192/192/192 190/190/190 193/193/193
f 35/35/35 195/195/195 177/177/177
f 35/35/35 196/196/196 195/195/195
f 30/30/30 195/195/195 194/194/194
f 30/30/30 177/177/177 195/195/195
f 192/192/192 195/195/195 196/196/196
f 192/192/192 194/194/194 195/195/195
f 21/21/21 197/197/197 33/33/33
f 21/21/21 191/191/191 197/197/197
f 35/35/35 197/197/197 196/196/196
f 35/35/35 33/33/33 197/197/197
f 192/192/192 197/197/197 191/191/191
f 192/192/192 196/196/196 197/197/197
f 14/14/14 198/198/198 13/13/13
f 14/14/14 199/199/199 198/198/198
f 12/12/12 198/198/198 200/200/200
f 12/12/12 13/13/13 198/198/198
f 201/201/201 198/198/198 199/199/199
f 201/201/201 200/200/200 198/198/198
f 21/21/21 202/202/202 188/188/188
f 21/21/21 203/203/203 202/202/202
f 14/14/14 202/202/202 199/199/199
f 14/14/14 188/188/188 202/202/202
f 201/201/201 202/202/202 203/203/203
f 201/201/201 199/199/199 202/202/202
f 12/12/12 205/205/205 204/204/204
f 12/12/12 200/200/200 205/205/205
f 16/16/16 205/205/205 206/206/206
f 16/16/16 204/204/204 205/205/205
f 201/201/201 205/205/205 200/200/200
f 201/201/201 206/206/206 205/205/205
f 16/16/16 207/207/207 19/19/19
f 16/16/16 206/206/206 207/207/207
f 21/21/21 207/207/207 203/203/203
f 21/21/21 19/19/19 207/207/207
f 201/201/201 207/207/207 206/206/206
f 201/201/201 203/203/203 207/207/207
f 58/58/58 208/208/208 57/57/57
f 58/58/58 209/209/209 208/208/208
f 44/44/44 208/208/208 210/210/210
f 44/44/44 57/57/57 208/208/208
f 211/211/211 208/208/208 209/209/209
f 211/211/211 210/210/210 208/208/208
f 63/63/63 213/213/213 212/212/212
f 63/63/63 214/214/214 213/213/213
f 58/58/58 213/213/213 209/209/209
f 58/58/58 212/212/212 213/213/213
f 211/211/211 213/213/213 214/214/214
f 211/211/211 209/209/209 213/213/213
f 44/44/44 215/215/215 184/184/184
f 44/44/44 210/210/210 215/215/215
f 49/49/49 215/215/215 216/216/216
f 49/49/49 184/184/184 215/215/215
f 211/211/211 215/215/215 210/210/210
f 211/211/211 216/216/216 215/215/215
f 49/49/49 217/217/217 61/61/61
f 49/49/49 216/216/216 217/217/217
f 63/63/63 217/217/217 214/214/214
f 63/63/63 61/61/61 217/217/217
f 211/211/211 217/217/217 216/216/216
f 211/211/211 214/214/214 217/217/217
f 72/72/72 218/218/218 71/71/71
f 72/72/72 219/219/219 218/218/218
f 58/58/58 218/218/218 220/220/220
f 58/58/58 71/71/71 218/218/218
f 221/221/221 218/218/218 219/219/219
f 221/221/221 220/220/220 218/218/218
f 77/77/77 222/222/222 88/88/88
f 77/77/77 223/223/223 222/222/222
f 72/72/72 222/222/222 219/219/219
f 72/72/72 88/88/88 222/222/222
f 221/221/221 222/222/222 223/223/223
f 221/221/221 219/219/219 222/222/222
f 58/58/58 224/224/224 212/212/212
f 58/58/58 220/220/220 224/224/224
f 63/63/63 224/224/224 225/225/225
f 63/63/63 212/212/212 224/224/224
f 221/221/221 224/224/224 220/220/220
f 221/221/221 225/225/225 224/224/224
f 63/63/63 226/226/226 75/75/75
f 63/63/63 225/225/225 226/226/226
f 77/77/77 226/226/226 223/223/223
f 77/77/77 75/75/75 226/226/226
f 221/221/221 226/226/226 225/225/225
f 221/221/221 223/223/223 226/226/226
f 227/227/227 229/229/229 228/228/228
f 227/227/227 228/228/228 230/230/230
f 231/231/231 232/232/232 228/228/228
f 231/231/231 228/228/228 229/229/229
f 233/233/233 234/234/234 228/228/228
f 233/233/233 228/228/228 232/232/232
f 235/235/235 230/230/230 228/228/228
f 235/235/235 228/228/228 234/234/234
f 231/231/231 237/237/237 236/236/236
f 231/231/231 236/236/236 232/232/232
f 238/238/238 239/239/239 236/236/236
f 238/238/238 236/236/236 237/237/237
f 240/240/240 241/241/241 236/236/236
f 240/240/240 236/236/236 239/239/239
f 233/233/233 232/232/232 236/236/236
f 233/233/233 236/236/236 241/241/241
f 242/242/242 244/244/244 243/243/243
f 242/242/242 243/243/243 245/245/245
f 227/227/227 230/230/230 243/243/243
f 227/227/227 243/243/243 244/244/244
f 235/235/235 246/246/246 243/243/243
f 235/235/235 243/243/243 230/230/230
f 247/247/247 245/245/245 243/243/243
f 247/247/247 243/243/243 246/246/246
f 235/235/235 234/234/234 248/248/248
f 235/235/235 248/248/248 249/249/249
f 233/233/233 250/250/250 248/248/248
f 233/233/233 248/248/248 234/234/234
f 251/251/251 252/252/252 248/248/248
f 251/251/251 248/248/248 250/250/250
f 253/253/253 249/249/249 248/248/248
f 253/253/253 248/248/248 252/252/252
f 233/233/233 241/241/241 254/254/254
f 233/233/233 254/254/254 250/250/250
f 240/240/240 255/255/255 254/254/254
f 240/240/240 254/254/254 241/241/241
f 256/256/256 257/257/257 254/254/254
f 256/256/256 254/254/254 255/255/255
f 251/251/251 250/250/250 254/254/254
f 251/251/251 254/254/254 257/257/257
f 247/247/247 246/246/246 258/258/258
f 247/247/247 258/258/258 259/259/259
f 235/235/235 249/249/249 258/258/258
f 235/235/235 258/258/258 246/246/246
f 253/253/253 260/260/260 258/258/258
f 253/253/253 258/258/258 249/249/249
f 261/261/261 259/259/259 258/258/258
f 261/261/261 258/258/258 260/260/260
f 253/253/253 252/252/252 262/262/262
f 253/253/253 262/262/262 263/263/263
f 251/251/251 264/264/264 262/262/262
f 251/251/251 262/262/262 252/252/252
f 265/265/265 266/266/266 262/262/262
f 265/265/265 262/262/262 264/264/264
f 267/267/267 263/263/263 262/262/262
f 267/267/267 262/262/262 266/266/266
f 251/251/251 257/257/257 268/268/268
f 251/251/251 268/268/268 264/264/264
f 256/256/256 269/269/269 268/268/268
f 256/256/256 268/268/268 257/257/257
f 270/270/270 271/271/271 268/268/268
f 270/270/270 268/268/268 269/269/269
f 265/265/265 264/264/264 268/268/268
f 265/265/265 268/268/268 271/271/271
f 261/261/261 260/260/260 272/272/272
f 261/261/261 272/272/272 273/273/273
f 253/253/253 263/263/263 272/272/272
f 253/253/253 272/272/272 260/260/260
f 267/267/267 274/274/274 272/272/272
f 267/267/267 272/272/272 263/263/263
f 275/275/275 273/273/273 272/272/272
f 275/275/275 272/272/272 274/274/274
f 267/267/267 266/266/266 276/276/276
f 267/267/267 276/276/276 277/277/277
f 265/265/265 278/278/278 276/276/276
f 265/265/265 276/276/276 266/266/266
f 279/279/279 280/280/280 276/276/276
f 279/279/279 276/276/276 278/278/278
f 281/281/281 277/277/277 276/276/276
f 281/281/281 276/276/276 280/280/280
f 265/265/265 271/271/271 282/282/282
f 265/265/265 282/282/282 278/278/278
f 270/270/270 283/283/283 282/282/282
f 270/270/270 282/282/282 271/271/271
f 284/284/284 285/285/285 282/282/282
f 284/284/284 282/282/282 283/283/283
f 279/279/279 278/278/278 282/282/282
f 279/279/279 282/282/282 285/285/285
f 275/275/275 274/274/274 286/286/286
f 275/275/275 286/286/286 287/287/287
f 267/267/267 277/277/277 286/286/286
f 267/267/267 286/286/286 274/274/274
f 281/281/281 288/288/288 286/286/286
f 281/281/281 286/286/286 277/277/277
f 289/289/289 287/287/287 286/286/286
f 289/289/289 286/286/286 288/288/288
f 281/281/281 280/280/280 290/290/290
f 281/281/281 290/290/290 291/291/291
f 279/279/279 292/292/292 290/290/290
f 279/279/279 290/290/290 280/280/280
f 293/293/293 294/294/294 290/290/290
f 293/293/293 290/290/290 292/292/292
f 295/295/295 291/291/291 290/290/290
f 295/295/295 290/290/290 294/294/294
f 279/279/279 285/285/285 296/296/296
f 279/279/279 296/296/296 292/292/292
f 284/284/284 297/297/297 296/296/296
f 284/284/284 296/296/296 285/285/285
f 298/298/298 299/299/299 296/296/296
f 298/298/298 296/296/296 297/297/297
f 293/293/293 292/292/292 296/296/296
f 293/293/293 296/296/296 299/299/299
f 289/289/289 288/288/288 300/300/300
f 289/289/289 300/300/300 301/301/301
f 281/281/281 291/291/291 300/300/300
f 281/281/281 300/300/300 288/288/288
f 295/295/295 302/302/302 300/300/300
f 295/295/295 300/300/300 291/291/291
f 303/303/303 301/301/301 300/300/300
f 303/303/303 300/300/300 302/302/302
f 295/295/295 294/294/294 304/304/304
f 295/295/295 304/304/304 305/305/305
f 293/293/293 306/306/306 304/304/304
f 293/293/293 304/304/304 294/294/294
f 307/307/307 308/308/308 304/304/304
f 307/307/307 304/304/304 306/306/306
f 309/309/309 305/305/305 304/304/304
f 309/309/309 304/304/304 308/308/308
f 293/293/293 299/299/299 310/310/310
f 293/293/293 310/310/310 306/306/306
f 298/298/298 311/311/311 310/310/310
f 298/298/298 310/310/310 299/299/299
f 312/312/312 313/313/313 310/310/310
f 312/312/312 310/310/310 311/311/311
f 307/307/307 306/306/306 310/310/310
f 307/307/307 310/310/310 313/313/313
f 298/298/298 315/315/315 314/314/314
f 298/298/298 314/314/314 311/311/311
f 303/303/303 316/316/316 314/314/314
f 303/303/303 314/314/314 315/315/315
f 317/317/317 318/318/318 314/314/314
f 317/317/317 314/314/314 316/316/316
f 312/312/312 311/311/311 314/314/314
f 312/312/312 314/314/314 318/318/318
f 303/303/303 302/302/302 319/319/319
f 303/303/303 319/319/319 316/316/316
f 295/295/295 305/305/305 319/319/319
f 295/295/295 319/319/319 302/302/302
f 309/309/309 320/320/320 319/319/319
f 309/309/309 319/319/319 305/305/305
f 317/317/317 316/316/316 319/319/319
f 317/317/317 319/319/319 320/320/320
f 95/95/95 96/96/96 321/321/321
f 95/95/95 321/321/321 322/322/322
f 99/99/99 323/323/323 321/321/321
f 99/99/99 321/321/321 96/96/96
f 324/324/324 325/325/325 321/321/321
f 324/324/324 321/321/321 323/323/323
f 326/326/326 322/322/322 321/321/321
f 326/326/326 321/321/321 325/325/325
f 99/99/99 104/104/104 327/327/327
f 99/99/99 327/327/327 323/323/323
f 106/106/106 328/328/328 327/327/327
f 106/106/106 327/327/327 104/104/104
f 329/329/329 330/330/330 327/327/327
f 329/329/329 327/327/327 328/328/328
f 324/324/324 323/323/323 327/327/327
f 324/324/324 327/327/327 330/330/330
f 106/106/106 110/110/110 331/331/331
f 106/106/106 331/331/331 328/328/328
f 112/112/112 332/332/332 331/331/331
f 112/112/112 331/331/331 110/110/110
f 333/333/333 334/334/334 331/331/331
f 333/333/333 331/331/331 332/332/332
f 329/329/329 328/328/328 331/331/331
f 329/329/329 331/331/331 334/334/334
f 112/112/112 116/116/116 335/335/335
f 112/112/112 335/335/335 332/332/332
f 95/95/95 322/322/322 335/335/335
f 95/95/95 335/335/335 116/116/116
f 326/326/326 336/336/336 335/335/335
f 326/326/326 335/335/335 322/322/322
f 333/333/333 332/332/332 335/335/335
f 333/333/333 335/335/335 336/336/336
f 326/326/326 325/325/325 337/337/337
f 326/326/326 337/337/337 338/338/338
f 324/324/324 339/339/339 337/337/337
f 324/324/324 337/337/337 325/325/325
f 340/340/340 341/341/341 337/337/337
f 340/340/340 337/337/337 339/339/339
f 342/342/342 338/338/338 337/337/337
f 342/342/342 337/337/337 341/341/341
f 324/324/324 330/330/330 343/343/343
f 324/324/324 343/343/343 339/339/339
f 329/329/329 344/344/344 343/343/343
f 329/329/329 343/343/343 330/330/330
f 345/345/345 346/346/346 343/343/343
f 345/345/345 343/343/343 344/344/344
f 340/340/340 339/339/339 343/343/343
f 340/340/340 343/343/343 346/346/346
f 329/329/329 334/334/334 347/347/347
f 329/329/329 347/347/347 344/344/344
f 333/333/333 348/348/348 347/347/347
f 333/333/333 347/347/347 334/334/334
f 349/349/349 350/350/350 347/347/347
f 349/349/349 347/347/347 348/348/348
f 345/345/345 344/344/344 347/347/347
f 345/345/345 347/347/347 350/350/350
f 333/333/333 336/336/336 351/351/351
f 333/333/333 351/351/351 348/348/348
f 326/326/326 338/338/338 351/351/351
f 326/326/326 351/351/351 336/336/336
f 342/342/342 352/352/352 351/351/351
f 342/342/342 351/351/351 338/338/338
f 349/349/349 348/348/348 351/351/351
f 349/349/349 351/351/351 352/352/352
f 342/342/342 341/341/341 353/353/353
f 342/342/342 353/353/353 354/354/354
f 340/340/340 355/355/355 353/353/353
f 340/340/340 353/353/353 341/341/341
f 356/356/356 357/357/357 353/353/353
f 356/356/356 353/353/353 355/355/355
f 358/358/358 354/354/354 353/353/353
f 358/358/358 353/353/353 357/357/357
f 340/340/340 346/346/346 359/359/359
f 340/340/340 359/359/359 355/355/355
f 345/345/345 360/360/360 359/359/359
f 345/345/345 359/359/359 346/346/346
f 361/361/361 362/362/362 359/359/359
f 361/361/361 359/359/359 360/360/360
f 356/356/356 355/355/355 359/359/359
f 356/356/356 359/359/359 362/362/362
f 349/349/349 352/352/352 363/363/363
f 349/349/349 363/363/363 364/364/364
f 342/342/342 354/354/354 363/363/363
f 342/342/342 363/363/363 352/352/352
f 358/358/358 365/365/365 363/363/363
f 358/358/358 363/363/363 354/354/354
f 366/366/366 364/364/364 363/363/363
f 366/366/366 363/363/363 365/365/365
f 367/367/367 369/369/369 368/368/368
f 367/367/367 368/368/368 370/370/370
f 371/371/371 372/372/372 368/368/368
f 371/371/371 368/368/368 369/369/369
f 373/373/373 374/374/374 368/368/368
f 373/373/373 368/368/368 372/372/372
f 375/375/375 370/370/370 368/368/368
f 375/375/375 368/368/368 374/374/374
f 312/312/312 318/318/318 376/376/376
f 312/312/312 376/376/376 313/313/313
f 317/317/317 320/320/320 376/376/376
f 317/317/317 376/376/376 318/318/318
f 309/309/309 308/308/308 376/376/376
f 309/309/309 376/376/376 320/320/320
f 307/307/307 313/313/313 376/376/376
f 307/307/307 376/376/376 308/308/308
f 358/358/358 357/357/357 377/377/377
f 358/358/358 377/377/377 378/378/378
f 356/356/356 379/379/379 377/377/377
f 356/356/356 377/377/377 357/357/357
f 375/375/375 374/374/374 377/377/377
f 375/375/375 377/377/377 379/379/379
f 373/373/373 378/378/378 377/377/377
f 373/373/373 377/377/377 374/374/374
f 356/356/356 362/362/362 380/380/380
f 356/356/356 380/380/380 379/379/379
f 361/361/361 381/381/381 380/380/380
f 361/361/361 380/380/380 362/362/362
f 367/367/367 370/370/370 380/380/380
f 367/367/367 380/380/380 381/381/381
f 375/375/375 379/379/379 380/380/380
f 375/375/375 380/380/380 370/370/370
f 361/361/361 383/383/383 382/382/382
f 361/361/361 382/382/382 381/381/381
f 366/366/366 384/384/384 382/382/382
f 366/366/366 382/382/382 383/383/383
f 371/371/371 369/369/369 382/382/382
f 371/371/371 382/382/382 384/384/384
f 367/367/367 381/381/381 382/382/382
f 367/367/367 382/382/382 369/369/369
f 366/366/366 365/365/365 385/385/385
f 366/366/366 385/385/385 384/384/384
f 358/358/358 378/378/378 385/385/385
f 358/358/358 385/385/385 365/365/365
f 373/373/373 372/372/372 385/385/385
f 373/373/373 385/385/385 378/378/378
f 371/371/371 384/384/384 385/385/385
f 371/371/371 385/385/385 372/372/372
f 345/345/345 350/350/350 386/386/386
f 345/345/345 386/386/386 387/387/387
f 349/349/349 388/388/388 386/386/386
f 349/349/349 386/386/386 350/350/350
f 389/389/389 387/387/387 386/386/386
f 389/389/389 386/386/386 388/388/388
f 361/361/361 360/360/360 390/390/390
f 361/361/361 390/390/390 391/391/391
f 345/345/345 387/387/387 390/390/390
f 345/345/345 390/390/390 360/360/360
f 389/389/389 391/391/391 390/390/390
f 389/389/389 390/390/390 387/387/387
f 366/366/366 383/383/383 392/392/392
f 366/366/366 392/392/392 393/393/393
f 361/361/361 391/391/391 392/392/392
f 361/361/361 392/392/392 383/383/383
f 389/389/389 393/393/393 392/392/392
f 389/389/389 392/392/392 391/391/391
f 349/349/349 364/364/364 394/394/394
f 349/349/349 394/394/394 388/388/388
f 366/366/366 393/393/393 394/394/394
f 366/366/366 394/394/394 364/364/364
f 389/389/389 388/388/388 394/394/394
f 389/389/389 394/394/394 393/393/393
f 256/256/256 396/396/396 395/395/395
f 256/256/256 395/395/395 397/397/397
f 261/261/261 398/398/398 395/395/395
f 261/261/261 395/395/395 396/396/396
f 399/399/399 397/397/397 395/395/395
f 399/399/399 395/395/395 398/398/398
f 270/270/270 269/269/269 400/400/400
f 270/270/270 400/400/400 401/401/401
f 256/256/256 397/397/397 400/400/400
f 256/256/256 400/400/400 269/269/269
f 399/399/399 401/401/401 400/400/400
f 399/399/399 400/400/400 397/397/397
f 275/275/275 403/403/403 402/402/402
f 275/275/275 402/402/402 404/404/404
f 270/270/270 401/401/401 402/402/402
f 270/270/270 402/402/402 403/403/403
f 399/399/399 404/404/404 402/402/402
f 399/399/399 402/402/402 401/401/401
f 261/261/261 273/273/273 405/405/405
f 261/261/261 405/405/405 398/398/398
f 275/275/275 404/404/404 405/405/405
f 275/275/275 405/405/405 273/273/273
f 399/399/399 398/398/398 405/405/405
f 399/399/399 405/405/405 404/404/404
f 240/240/240 407/407/407 406/406/406
f 240/240/240 406/406/406 408/408/408
f 247/247/247 409/409/409 406/406/406
f 247/247/247 406/406/406 407/407/407
f 410/410/410 408/408/408 406/406/406
f 410/410/410 406/406/406 409/409/409
f 256/256/256 255/255/255 411/411/411
f 256/256/256 411/411/411 412/412/412
f 240/240/240 408/408/408 411/411/411
f 240/240/240 411/411/411 255/255/255
f 410/410/410 412/412/412 411/411/411
f 410/410/410 411/411/411 408/408/408
f 261/261/261 396/396/396 413/413/413
f 261/261/261 413/413/413 414/414/414
f 256/256/256 412/412/412 413/413/413
f 256/256/256 413/413/413 396/396/396
f 410/410/410 414/414/414 413/413/413
f 410/410/410 413/413/413 412/412/412
f 247/247/247 259/259/259 415/415/415
f 247/247/247 415/415/415 409/409/409
f 261/261/261 414/414/414 415/415/415
f 261/261/261 415/415/415 259/259/259
f 410/410/410 409/409/409 415/415/415
f 410/410/410 415/415/415 414/414/414
f 240/240/240 239/239/239 416/416/416
f 240/240/240 416/416/416 417/417/417
f 238/238/238 418/418/418 416/416/416
f 238/238/238 416/416/416 239/239/239
f 419/419/419 417/417/417 416/416/416
f 419/419/419 416/416/416 418/418/418
f 247/247/247 407/407/407 420/420/420
f 247/247/247 420/420/420 421/421/421
f 240/240/240 417/417/417 420/420/420
f 240/240/240 420/420/420 407/407/407
f 419/419/419 421/421/421 420/420/420
f 419/419/419 420/420/420 417/417/417
f 238/238/238 423/423/423 422/422/422
f 238/238/238 422/422/422 418/418/418
f 242/242/242 424/424/424 422/422/422
f 242/242/242 422/422/422 423/423/423
f 419/419/419 418/418/418 422/422/422
f 419/419/419 422/422/422 424/424/424
f 242/242/242 245/245/245 425/425/425
f 242/242/242 425/425/425 424/424/424
f 247/247/247 421/421/421 425/425/425
f 247/247/247 425/425/425 245/245/245
f 419/419/419 424/424/424 425/425/425
f 419/419/419 425/425/425 421/421/421
f 284/284/284 283/283/283 426/426/426
f 284/284/284 426/426/426 427/427/427
f 270/270/270 428/428/428 426/426/426
f 270/270/270 426/426/426 283/283/283
f 429/429/429 427/427/427 426/426/426
f 429/429/429 426/426/426 428/428/428
f 289/289/289 431/431/431 430/430/430
f 289/289/289 430/430/430 432/432/432
f 284/284/284 427/427/427 430/430/430
f 284/284/284 430/430/430 431/431/431
f 429/429/429 432/432/432 430/430/430
f 429/429/429 430/430/430 427/427/427
f 270/270/270 403/403/403 433/433/433
f 270/270/270 433/433/433 428/428/428
f 275/275/275 434/434/434 433/433/433
f 275/275/275 433/433/433 403/403/403
f 429/429/429 428/428/428 433/433/433
f 429/429/429 433/433/433 434/434/434
f 275/275/275 287/287/287 435/435/435
f 275/275/275 435/435/435 434/434/434
f 289/289/289 432/432/432 435/435/435
f 289/289/289 435/435/435 287/287/287
f 429/429/429 434/434/434 435/435/435
f 429/429/429 435/435/435 432/432/432
f 298/298/298 297/297/297 436/436/436
f 298/298/298 436/436/436 437/437/437
f 284/284/284 438/438/438 436/436/436
f 284/284/284 436/436/436 297/297/297
f 439/439/439 437/437/437 436/436/436
f 439/439/439 436/436/436 438/438/438
f 303/303/303 315/315/315 440/440/440
f 303/303/303 440/440/440 441/441/441
f 298/298/298 437/437/437 440/440/440
f 298/298/298 440/440/440 315/315/315
f 439/439/439 441/441/441 440/440/440
f 439/439/439 440/440/440 437/437/437
f 284/284/284 431/431/431 442/442/442
f 284/284/284 442/442/442 438/438/438
f 289/289/289 443/443/443 442/442/442
f 289/289/289 442/442/442 431/431/431
f 439/439/439 438/438/438 442/442/442
f 439/439/439 442/442/442 443/443/443
f 289/289/289 301/301/301 444/444/444
f 289/289/289 444/444/444 443/443/443
f 303/303/303 441/441/441 444/444/444
f 303/303/303 444/444/444 301/301/301
f 439/439/439 443/443/443 444/444/444
f 439/439/439 444/444/444 441/441/441

g wood052
# texture: wood052.jpg
v 155.7641 335.4004 15.05985
v 154.9611 335.7313 0.000048
v 151.289 301.8437 0.000048
v 152.1189 301.288 15.05985
v 155.7641 335.4004 -15.05966
v 152.1189 301.288 -15.05964
v 150.2276 267.3347 -15.05964
v 149.3838 267.9973 0.000063
v 150.2276 267.3347 15.05986
v 158.1732 334.4076 -20.07956
v 154.6085 299.6208 -20.07956
v 160.5823 333.4149 -15.05966
v 159.2787 297.7424 -18.40624
v 158.1094 262.6552 -16.36103
v 152.7591 265.3466 -20.07954
v 160.5823 333.4148 15.05983
v 158.1732 334.4076 20.07974
v 154.6085 299.6208 20.07975
v 159.2787 297.7424 18.40645
v 152.7591 265.3466 20.07975
v 158.1094 262.6551 16.36126
v 151.0125 234.2334 0.000059
v 151.8444 233.6994 15.05985
v 151.8444 233.6995 -15.05964
v 156.8676 199.6348 -15.05963
v 156.0727 199.9179 0.000067
v 156.8676 199.6348 15.05987
v 154.3401 232.0975 -20.07953
v 160.1055 230.8248 -18.40624
v 165.6152 198.846 -16.36104
v 159.2523 198.7854 -20.07953
v 154.3401 232.0975 20.07976
v 160.1055 230.8248 18.40646
v 159.2523 198.7854 20.07976
v 165.6152 198.846 16.36137
v 164.4619 164.4167 0.000168
v 165.1955 164.3931 15.05987
v 165.1954 164.3931 -15.05963
v 176.5271 129.0547 -15.05962
v 175.877 128.8181 0.000166
v 176.5271 129.0547 15.05987
v 167.3962 164.3223 -20.07953
v 173.8424 165.434 -18.40623
v 183.2955 131.3773 -16.36103
v 178.4775 129.7646 -20.07952
v 167.3961 164.3223 20.07977
v 173.8424 165.434 18.40647
v 178.4775 129.7646 20.07977
v 183.2955 131.3773 16.36137
v 190.0149 94.2104 0.00017
v 190.5617 94.70011 15.05988
v 190.5617 94.70011 -15.05951
v 206.8351 62.3503 -15.05951
v 206.408 61.62251 0.00017
v 206.8351 62.3503 15.05998
v 192.202 96.1689 -20.07943
v 195.0484 98.1858 -18.40613
v 212.1485 68.33099 -16.36103
v 208.1159 64.5338 -20.07941
v 192.202 96.1689 20.07977
v 195.0484 98.1857 18.40647
v 208.1159 64.53379 20.07988
v 212.1485 68.33099 16.36137
v 224.5894 32.0826 0.000185
v 224.8835 33.02638 15.05997
v 224.8835 33.02649 -15.05952
v 244.1358 7.567093 -15.05954
v 243.9836 6.435822 0.000277
v 244.1358 7.567078 15.05997
v 225.7655 35.85779 -20.0794
v 230.5853 41.37021 -18.40613
v 247.1883 17.51071 -15.79573
v 244.5926 10.96091 -20.07942
v 225.7655 35.85782 20.07987
v 230.5852 41.37022 18.40657
v 244.5926 10.96092 20.07988
v 247.1883 17.5107 15.79627
v 264.0153 -14.47319 0.000261
v 264.0211 -13.1891 15.05995
v 264.0211 -13.18909 -15.05955
v 275.1332 -22.30968 -11.15512
v 279.1353 -26.9586 0.000261
v 275.1332 -22.30971 11.15567
v 264.0385 -9.336685 -20.07944
v 264.0561 -5.48439 -15.05955
v 274.8945 -16.36151 -11.15513
v 278.8552 -22.83521 -15.05942
v 252.1325 13.77081 0.000277
v 264.0619 -4.200287 0.000261
v 264.0561 -5.48439 15.05997
v 274.8945 -16.3616 11.15569
v 278.5752 -18.71178 0.000292
v 264.0386 -9.336685 20.07987
v 278.8552 -22.83521 15.06
v 0.000005 331.5413 23.27938
v 0 325.7642 -0.000029
v 37.11069 327.2129 -0.000013
v 36.8376 332.2183 19.42418
v -0.000005 331.5413 -23.27942
v 36.8376 332.2183 -19.42412
v 72.61839 333.5775 -14.24435
v 73.1563 329.8985 0.000078
v 72.61841 333.5775 14.24445
v -0.000006 348.8726 -31.03912
v 36.01838 347.2345 -25.89892
v -0.000005 366.2039 -23.27942
v 35.19919 362.2507 -19.42424
v 69.39079 355.6516 -14.24434
v 71.00459 344.6145 -18.99255
v 0 371.981 -0.000013
v 34.9261 367.2561 -0.000013
v 0.000005 366.2039 23.27936
v 35.1991 362.2507 19.42417
v 69.3908 355.6516 14.24445
v 68.85288 359.3306 0.000048
v 0.000006 348.8726 31.03906
v 36.01839 347.2345 25.89888
v 71.0046 344.6145 18.99254
v 107.0717 332.1602 0.000048
v 106.2854 334.9469 10.93045
v 106.2854 334.9469 -10.93045
v 136.794 333.3351 -20.33053
v 137.805 330.6475 0.000048
v 136.794 333.3351 20.33075
v 103.9265 343.307 -14.57396
v 101.5676 351.667 -10.93043
v 132.2236 352.3568 -21.32454
v 133.7612 341.3981 -27.10744
v 100.7813 354.4537 0.000063
v 101.5676 351.667 10.93045
v 132.2236 352.3568 21.32465
v 125.788 354.8349 0.000063
v 103.9265 343.3069 14.57396
v 133.7611 341.3981 27.10758
v 164.3044 322.0097 0.000048
v 163.0996 325.7509 20.33074
v 163.0997 325.7509 -20.33056
v 182.7635 319.2749 -20.33055
v 184.0163 314.6437 0.000155
v 182.7635 319.2749 20.33075
v 159.4856 336.9744 -27.10747
v 155.7684 351.0237 -24.84846
v 174.7953 351.3354 -21.32443
v 179.0051 333.1686 -27.10744
v 159.4856 336.9744 27.10762
v 155.7684 351.0237 24.84863
v 179.005 333.1685 27.10765
v 174.7953 351.3355 21.32466
v 192.1435 341.925 -15.05966
v 193.0888 343.9456 0.000139
v 197.2939 334.9337 0.000139
v 195.5265 334.4786 -20.33055
v 192.1435 341.925 15.05983
v 195.5265 334.4786 20.33074
v 196.1603 326.3245 15.05985
v 197.9641 325.0117 0.000139
v 196.1603 326.3245 -15.05966
v 283.7941 -27.33469 0.000277
v 194.3872 316.9464 0.000155
v 193.3465 320.9881 20.33074
v 193.3465 320.9881 -20.33055
v 190.2244 333.1135 -27.10745
v 187.1023 345.2388 -20.33055
v 177.7167 354.6588 0.000063
v 186.0617 349.2805 0.000155
v 187.1023 345.2388 20.33075
v 190.2244 333.1134 27.10764
v 138.95 362.6836 0.000048
v 144.586 365.7188 -11.29475
v 144.586 365.7188 11.29486
v 153.9449 371.7195 0.000048
v 154.2543 363.2422 -18.07165
v 163.7164 366.4171 -11.29475
v 169.5586 363.8008 0.000033
v 163.7163 366.4171 11.29483
v 154.2543 363.2422 18.07173
v 168.9023 199.5368 0.000164
v 181.0018 191.6135 0.000164
v 187.6137 184.3002 -8.366337
v 187.6137 184.3002 8.366661
v 200.0486 172.5056 0.000161
v 187.3123 168.958 -13.38634
v 195.5019 155.9808 -8.366337
v 185.675 132.1306 0.000166
v 193.6228 146.3025 0.000164
v 195.5019 155.9808 8.366665
v 187.3123 168.958 13.38656
v 160.4754 262.158 0.000063
v 168.615 252.4455 0.000055
v 172.6839 244.8371 -8.366446
v 172.6839 244.8371 8.366655
v 180.5553 232.2662 0.000155
v 170.7464 231.2785 -13.38634
v 175.3481 218.3784 -8.366446
v 172.8777 210.1115 0.000158
v 175.3481 218.3784 8.366655
v 170.7464 231.2785 13.38656
v 166.6503 296.5529 -13.38634
v 167.3904 281.4725 -8.366446
v 170.2715 311.2108 -8.366438
v 173.192 295.9192 0.000055
v 164.3454 272.7623 0.000071
v 167.3904 281.4725 8.366648
v 161.3853 333.0839 0.000033
v 168.9552 320.3436 0.000033
v 170.2715 311.2108 8.366671
v 166.6503 296.5529 13.38654
v 199.2132 100.3193 -13.38623
v 206.4996 87.48511 -8.366339
v 194.3389 114.2494 -8.366327
v 202.8312 101.9632 0.000162
v 214.4062 69.7176 0.00017
v 208.9417 78.90781 0.000177
v 206.4995 87.4851 8.366663
v 189.4846 121.7307 0.000177
v 194.3388 114.2494 8.366671
v 199.2132 100.3193 13.38657
v 242.6922 50.35721 -13.38623
v 254.1131 42.04761 -8.366346
v 239.1466 64.02871 -8.366331
v 254.505 58.40031 0.000261
v 254.6653 32.77231 0.000261
v 254.1131 42.04761 8.366747
v 230.719 67.94201 0.000155
v 239.1466 64.0287 8.36677
v 242.6922 50.35711 13.38667
v -155.7641 335.4004 15.05971
v -151.289 301.8437 0.000017
v -154.9611 335.7313 0.000017
v -152.1189 301.288 15.05972
v -155.7641 335.4004 -15.05968
v -152.1189 301.288 -15.05968
v -150.2277 267.3347 -15.05968
v -149.3839 267.9973 0.000017
v -150.2277 267.3347 15.05972
v -154.6085 299.6208 -20.07959
v -158.1732 334.4076 -20.07959
v -160.5823 333.4149 -15.05968
v -159.2787 297.7424 -18.40629
v -158.1094 262.6552 -16.36119
v -152.7591 265.3466 -20.07957
v -160.5823 333.4148 15.05972
v -154.6085 299.6208 20.07963
v -158.1732 334.4076 20.07962
v -159.2787 297.7424 18.40631
v -152.7591 265.3466 20.07962
v -158.1094 262.6551 16.36121
v -151.0125 234.2334 0.000029
v -151.8445 233.6994 15.05973
v -151.8444 233.6995 -15.05968
v -156.8676 199.6348 -15.05967
v -156.0727 199.9179 0.000025
v -156.8676 199.6348 15.05973
v -154.3401 232.0975 -20.07958
v -160.1055 230.8248 -18.40627
v -165.6152 198.846 -16.36117
v -159.2523 198.7854 -20.07957
v -154.3401 232.0975 20.07973
v -160.1055 230.8248 18.40632
v -159.2523 198.7854 20.07973
v -165.6152 198.846 16.36123
v -164.4619 164.4167 0.000033
v -165.1954 164.3931 15.05973
v -165.1955 164.3931 -15.05967
v -176.5272 129.0547 -15.05966
v -175.877 128.8181 0.000044
v -176.5272 129.0547 15.05984
v -167.3962 164.3223 -20.07957
v -173.8424 165.434 -18.40626
v -183.2955 131.3773 -16.36116
v -178.4775 129.7646 -20.07956
v -167.3962 164.3223 20.07973
v -173.8424 165.434 18.40644
v -178.4776 129.7646 20.07974
v -183.2954 131.3773 16.36124
v -190.0149 94.21041 0.00004
v -190.5617 94.70011 15.05985
v -190.5617 94.7001 -15.05965
v -206.8351 62.3503 -15.05964
v -206.4082 61.6225 0.000063
v -206.8351 62.3503 15.05985
v -192.202 96.1689 -20.07956
v -195.0484 98.18581 -18.40625
v -212.1486 68.331 -16.36115
v -208.1159 64.53381 -20.07955
v -192.202 96.1689 20.07974
v -195.0484 98.1857 18.40645
v -208.1159 64.53381 20.07974
v -212.1486 68.33101 16.36125
v -224.5894 32.0826 0.000048
v -224.8835 33.02638 15.05985
v -224.8835 33.02652 -15.05966
v -244.1358 7.567108 -15.05963
v -243.9836 6.435806 0.000078
v -244.1358 7.567093 15.05986
v -225.7655 35.8578 -20.07956
v -230.5853 41.37021 -18.40625
v -247.1883 17.5107 -15.79582
v -244.5926 10.96091 -20.07953
v -225.7656 35.85782 20.07976
v -230.5853 41.37022 18.40647
v -244.5926 10.96091 20.07976
v -247.1883 17.51071 15.79607
v -264.0154 -14.47319 0.000109
v -264.0212 -13.18912 15.05988
v -264.0212 -13.1891 -15.05961
v -275.1332 -22.30969 -11.15524
v -279.1353 -26.95859 0.000078
v -275.1332 -22.30969 11.15546
v -264.0386 -9.3367 -20.0795
v -264.0561 -5.484406 -15.05961
v -274.8945 -16.3615 -11.15524
v -278.8552 -22.83517 -15.05961
v -264.0619 -4.200302 0.000094
v -252.1325 13.7708 0.000078
v -264.0561 -5.484406 15.05989
v -274.8945 -16.36159 11.15547
v -278.5752 -18.71178 0.000078
v -264.0385 -9.336685 20.07979
v -278.8552 -22.83519 15.05988
v -37.11069 327.2129 -0.000029
v -36.8377 332.2183 19.42418
v -36.8377 332.2183 -19.42421
v -72.6184 333.5775 -14.2444
v -73.1563 329.8985 -0.000029
v -72.61839 333.5775 14.2444
v -36.0184 347.2345 -25.89892
v -35.1992 362.2507 -19.42422
v -69.39079 355.6516 -14.2444
v -71.0046 344.6145 -18.99249
v -34.9261 367.2561 -0.000044
v -35.1992 362.2507 19.42418
v -69.39088 355.6516 14.2444
v -68.8529 359.3306 0.000017
v -36.01839 347.2345 25.89888
v -71.0046 344.6145 18.99251
v -107.0717 332.1602 0.000017
v -106.2854 334.9469 10.93039
v -106.2854 334.9469 -10.93049
v -136.794 333.3351 -20.3307
v -137.805 330.6475 0.000002
v -136.7941 333.3351 20.3306
v -103.9265 343.307 -14.574
v -101.5676 351.667 -10.93049
v -132.2236 352.3568 -21.32461
v -133.7611 341.3981 -27.1075
v -100.7813 354.4537 0.000002
v -101.5676 351.667 10.93039
v -132.2236 352.3568 21.3246
v -125.788 354.8349 -0.000013
v -103.9265 343.3069 14.5739
v -133.7612 341.3981 27.1075
v -164.3044 322.0097 0.000033
v -163.0997 325.7509 20.33063
v -163.0997 325.7509 -20.33067
v -182.7635 319.2749 -20.33059
v -184.0163 314.6437 0.000017
v -182.7635 319.2749 20.3306
v -159.4856 336.9744 -27.10748
v -155.7684 351.0237 -24.84859
v -174.7954 351.3354 -21.3246
v -179.005 333.1686 -27.1075
v -159.4856 336.9744 27.10752
v -155.7684 351.0237 24.84853
v -179.0051 333.1685 27.10752
v -174.7954 351.3355 21.32462
v -192.1435 341.925 -15.05969
v -197.2939 334.9337 0.000017
v -193.0889 343.9456 0.000017
v -195.5265 334.4786 -20.33067
v -192.1435 341.925 15.05969
v -195.5265 334.4786 20.33063
v -196.1604 326.3245 15.05971
v -197.9641 325.0117 0.000017
v -196.1603 326.3245 -15.05969
v -283.7942 -27.33469 0.000094
v -194.3872 316.9464 0.000017
v -193.3465 320.9881 20.33061
v -193.3465 320.9881 -20.33058
v -190.2244 333.1135 -27.10748
v -187.1024 345.2388 -20.3306
v -186.0617 349.2805 0.000017
v -177.7167 354.6588 0.000002
v -187.1024 345.2388 20.33061
v -190.2245 333.1134 27.1075
v -138.95 362.6836 0.000002
v -144.586 365.7188 -11.29478
v -144.586 365.7188 11.2948
v -153.9449 371.7195 0.000017
v -154.2543 363.2422 -18.07168
v -163.7163 366.4171 -11.29477
v -169.5586 363.8008 0.000048
v -163.7164 366.4171 11.29483
v -154.2543 363.2422 18.07172
v -181.0018 191.6135 0.000033
v -168.9023 199.5368 0.000029
v -187.6137 184.3002 -8.366465
v -187.6137 184.3002 8.366535
v -200.0487 172.5056 0.000039
v -187.3123 168.958 -13.38636
v -195.5019 155.9808 -8.366459
v -193.6228 146.3025 0.000042
v -185.675 132.1306 0.000044
v -195.5019 155.9808 8.36654
v -187.3123 168.958 13.38644
v -168.615 252.4455 0.000025
v -160.4755 262.158 0.000017
v -172.6839 244.8371 -8.366476
v -172.6839 244.8371 8.366526
v -180.5554 232.2662 0.000021
v -170.7464 231.2785 -13.38637
v -175.3481 218.3784 -8.366468
v -172.8777 210.1115 0.000029
v -175.3481 218.3784 8.366533
v -170.7464 231.2785 13.38642
v -166.6503 296.5529 -13.38639
v -167.3904 281.4725 -8.366484
v -170.2715 311.2108 -8.366499
v -173.1921 295.9192 0.000025
v -164.3455 272.7623 0.000017
v -167.3904 281.4725 8.36651
v -168.9552 320.3436 0.000033
v -161.3853 333.0839 0.000017
v -170.2715 311.2108 8.366503
v -166.6504 296.5529 13.38642
v -199.2132 100.3193 -13.38635
v -206.4995 87.48509 -8.366446
v -194.3389 114.2494 -8.366457
v -202.8312 101.9632 0.000055
v -208.9417 78.90781 0.000055
v -214.4062 69.7176 0.000048
v -206.4995 87.48509 8.366556
v -189.4847 121.7307 0.000044
v -194.3389 114.2494 8.366549
v -199.2131 100.3193 13.38655
v -242.6922 50.3572 -13.38634
v -254.1131 42.04761 -8.366423
v -239.1466 64.02871 -8.366438
v -254.5051 58.4003 0.000071
v -254.6654 32.77231 0.000078
v -254.1131 42.04759 8.366564
v -230.719 67.942 0.000063
v -239.1466 64.0287 8.366549
v -242.6922 50.35711 13.38656
vn -0.959592 0.101899 0.262298
vn -0.994184 0.107698 0
vn -0.996674 0.081498 0
vn -0.960837 0.078003 0.26591
vn -0.959592 0.101899 -0.262298
vn -0.960837 0.078003 -0.26591
vn -0.966274 0.0034 -0.257493
vn -0.999992 0.004 0
vn -0.966299 0.0034 0.2574
vn -0 0 -1
vn -0.273109 0.032601 -0.961431
vn 0.790377 0.177695 -0.586284
vn 0.4542 -0.0006 -0.8909
vn 0.72935 0.052203 -0.682147
vn -0.2451 0.0009 -0.969498
vn 0.790378 0.177695 0.586283
vn 0 0 1
vn -0.273109 0.032601 0.961431
vn 0.4542 -0.0006 0.8909
vn -0.245099 0.0009 0.969498
vn 0.72935 0.052204 0.682147
vn -0.995275 -0.097098 0
vn -0.966051 -0.094395 0.240488
vn -0.966051 -0.094395 -0.240488
vn -0.956447 -0.18329 -0.227187
vn -0.982148 -0.188109 0
vn -0.956447 -0.18329 0.227188
vn -0.347293 -0.032899 -0.93718
vn 0.355812 0.041601 -0.933631
vn 0.629828 0.150907 -0.761934
vn -0.301504 -0.057801 -0.951711
vn -0.347292 -0.032899 0.93718
vn 0.355812 0.041601 0.933631
vn -0.301503 -0.057801 0.951712
vn 0.629828 0.150907 0.761934
vn -0.963451 -0.267886 0
vn -0.939895 -0.261399 0.219699
vn -0.939895 -0.261399 -0.219699
vn -0.917236 -0.333913 -0.217208
vn -0.9397 -0.342 0
vn -0.917236 -0.333913 0.217209
vn -0.362106 -0.101302 -0.926616
vn 0.284506 0.075202 -0.95572
vn 0.745863 0.133093 -0.652668
vn -0.253506 -0.092302 -0.96292
vn -0.362106 -0.101302 0.926616
vn 0.284506 0.075202 0.95572
vn -0.253505 -0.092302 0.96292
vn 0.745863 0.133093 0.652667
vn -0.910226 -0.414112 0
vn -0.887988 -0.403994 0.219697
vn -0.887988 -0.403994 -0.219697
vn -0.850489 -0.474394 -0.227197
vn -0.873293 -0.487196 0
vn -0.850489 -0.474394 0.227197
vn -0.286506 -0.130003 -0.949218
vn 0.54118 0.247791 -0.80357
vn 0.565072 0.486876 -0.666067
vn -0.239097 -0.133398 -0.961789
vn -0.286505 -0.130002 0.949218
vn 0.54118 0.247791 0.80357
vn -0.239097 -0.133398 0.961789
vn 0.565072 0.486876 0.666067
vn -0.825579 -0.564286 0
vn -0.801451 -0.547667 0.240286
vn -0.801451 -0.547667 -0.240285
vn -0.735156 -0.626063 -0.259984
vn -0.761159 -0.648565 0
vn -0.735156 -0.626062 0.259985
vn -0.293606 -0.205304 -0.93362
vn 0.233407 0.145505 -0.961431
vn 0.710576 0.277291 -0.646678
vn -0.187098 -0.159599 -0.96929
vn -0.293606 -0.205304 0.93362
vn 0.233408 0.145505 0.961431
vn -0.187098 -0.159598 0.96929
vn 0.710576 0.277291 0.646678
vn -0.676679 -0.736278 0
vn -0.616084 -0.728481 0.299593
vn -0.616084 -0.728481 -0.299592
vn -0.44729 -0.846481 -0.288793
vn -0.385418 -0.922742 0
vn -0.44729 -0.846481 0.288794
vn 0.085296 -0.146294 -0.985557
vn 0.75917 0.604276 -0.241891
vn 0.759384 0.618787 -0.201096
vn 0.504391 -0.362094 -0.783886
vn 0.972382 0.233396 -0
vn 0.769294 0.638895 -0
vn 0.75917 0.604276 0.24189
vn 0.759384 0.618787 0.201096
vn 0.786582 0.617486 -0
vn 0.085296 -0.146294 0.985557
vn 0.504391 -0.362094 0.783886
vn 0 -0.763231 0.646126
vn -0 -1 0
vn 0.058499 -0.998288 0
vn 0.102102 -0.754413 0.648411
vn -0 -0.763231 -0.646126
vn 0.102102 -0.754413 -0.648411
vn 0.109905 -0.749836 -0.652431
vn 0.070401 -0.997519 -0
vn 0.109905 -0.749836 0.652432
vn -0 -0.0011 -0.999999
vn 0.166501 0.0081 -0.986008
vn -0 0.765196 -0.643797
vn 0.196603 0.74851 -0.633309
vn 0.197593 0.754475 -0.625879
vn 0.1645 0.0188 -0.986198
vn 0 1 -0
vn 0.18171 0.983352 -0
vn 0 0.765197 0.643797
vn 0.196603 0.74851 0.633309
vn 0.197594 0.754475 0.625879
vn 0.1894 0.9819 -0
vn 0 -0.0011 1
vn 0.166502 0.0081 0.986008
vn 0.1645 0.0188 0.986198
vn -0.0114 -0.999935 0
vn -0.066901 -0.771412 0.63281
vn -0.066901 -0.771412 -0.63281
vn -0.220801 -0.836805 -0.501003
vn -0.181305 -0.983427 0
vn -0.220801 -0.836805 0.501003
vn -0.108604 -0.047902 -0.99293
vn -0.037401 0.758408 -0.650707
vn -0.270188 0.687969 -0.67357
vn -0.212002 -0.143301 -0.966706
vn 0.043099 0.999071 -0
vn -0.0374 0.758408 0.650707
vn -0.270188 0.68797 0.67357
vn -0.269897 0.962889 -0
vn -0.108603 -0.047901 0.992931
vn -0.212001 -0.143301 0.966706
vn -0.312505 -0.949916 0
vn -0.250288 -0.810562 0.529476
vn -0.250289 -0.810562 -0.529475
vn -0.067598 -0.799476 -0.596882
vn -0.070799 -0.997491 0
vn -0.067598 -0.799476 0.596882
vn -0.051099 -0.155097 -0.986577
vn 0.020799 0.330493 -0.943579
vn 0.386592 0.626287 -0.676987
vn -0.0076 -0.074599 -0.997185
vn -0.051099 -0.155096 0.986577
vn 0.0208 0.330493 0.943579
vn -0.0076 -0.074599 0.997185
vn 0.386592 0.626288 0.676986
vn 0.749397 0.611298 -0.254399
vn 0.778522 0.627618 -0
vn 0.968425 0.249306 -0
vn 0.903377 0.232594 -0.360291
vn 0.749397 0.611298 0.254399
vn 0.903377 0.232594 0.360291
vn 0.951441 -0.173307 0.254411
vn 0.984816 -0.173603 -0
vn 0.951441 -0.173308 -0.254411
vn 0.849847 -0.527029 -0
vn 0.632699 -0.774398 -0
vn 0.638908 -0.571007 0.515507
vn 0.638908 -0.571007 -0.515507
vn 0.518989 0.105198 -0.848283
vn 0.582786 0.703883 -0.406091
vn 0.649803 0.760103 -0
vn 0.560777 0.827967 -0
vn 0.582786 0.703883 0.40609
vn 0.51899 0.105198 0.848283
vn -0.571978 0.820269 -0
vn -0.403898 0.854096 -0.327699
vn -0.403898 0.854096 0.327699
vn -0.036501 0.999334 -0
vn -0.0013 0.728329 -0.685227
vn 0.389109 0.844621 -0.367709
vn 0.651096 0.758996 -0
vn 0.38911 0.844621 0.367709
vn -0.0013 0.728329 0.685227
vn 0.950045 0.312115 -0
vn 0.623121 0.782126 -0
vn 0.676934 0.541327 -0.498725
vn 0.676934 0.541327 0.498725
vn 0.963333 0.268309 -0
vn 0.516616 0.141004 -0.844527
vn 0.85416 -0.119994 -0.505977
vn 0.99669 -0.081299 -0
vn 0.928277 -0.371891 -0
vn 0.85416 -0.119994 0.505976
vn 0.516617 0.141005 0.844527
vn 0.984604 0.174801 -0
vn 0.812739 0.582628 -0
vn 0.831585 0.372793 -0.411693
vn 0.831586 0.372793 0.411693
vn 0.994968 0.100197 -0
vn 0.643012 0.069301 -0.762714
vn 0.895775 -0.191195 -0.401289
vn 0.932524 -0.361109 -0
vn 0.895775 -0.191195 0.401288
vn 0.643012 0.069301 0.762714
vn 0.753027 -0.043902 -0.656524
vn 0.917776 -0.264493 -0.296193
vn 0.917565 0.135495 -0.373786
vn 0.995342 -0.096404 -0
vn 0.929027 -0.370011 -0
vn 0.917777 -0.264493 0.296192
vn 0.8597 0.5108 -0
vn 0.93857 0.345089 -0
vn 0.917565 0.135495 0.373786
vn 0.753027 -0.043902 0.656523
vn 0.820456 0.37438 -0.432077
vn 0.931825 0.330409 -0.150104
vn 0.860178 0.486188 -0.153996
vn 0.910411 0.413705 -0
vn 0.539119 0.84223 -0
vn 0.9363 0.3512 -0
vn 0.931826 0.330409 0.150104
vn 0.874228 0.485516 -0
vn 0.860178 0.486188 0.153996
vn 0.820457 0.37438 0.432077
vn 0.418296 0.278097 -0.864691
vn 0.838466 0.086296 -0.538078
vn 0.406226 0.749347 -0.522933
vn 0.826595 0.562797 -0
vn 0.994473 -0.104997 -0
vn 0.838466 0.086297 0.538078
vn 0.23639 0.971658 -0
vn 0.406226 0.749348 0.522933
vn 0.418296 0.278097 0.864691
vn 0.959592 0.101899 0.262298
vn 0.996674 0.081498 -0
vn 0.994184 0.107698 -0
vn 0.960837 0.078003 0.26591
vn 0.959592 0.101899 -0.262298
vn 0.960837 0.078003 -0.26591
vn 0.966299 0.0034 -0.2574
vn 0.999992 0.004 -0
vn 0.966299 0.0034 0.2574
vn 0.273109 0.032601 -0.961431
vn -0 0 -1
vn -0.790378 0.177695 -0.586283
vn -0.4542 -0.0006 -0.8909
vn -0.72935 0.052203 -0.682146
vn 0.245099 0.0009 -0.969498
vn -0.790377 0.177695 0.586283
vn 0.273109 0.032601 0.961431
vn 0 0 1
vn -0.4542 -0.0006 0.8909
vn 0.2451 0.0009 0.969498
vn -0.72935 0.052204 0.682147
vn 0.995275 -0.097098 -0
vn 0.966051 -0.094395 0.240488
vn 0.966051 -0.094395 -0.240488
vn 0.956447 -0.18329 -0.227188
vn 0.982148 -0.188109 -0
vn 0.956447 -0.18329 0.227187
vn 0.347292 -0.032899 -0.93718
vn -0.355812 0.041601 -0.933631
vn -0.629828 0.150907 -0.761934
vn 0.301503 -0.057801 -0.951712
vn 0.347293 -0.032899 0.93718
vn -0.355812 0.041601 0.933631
vn 0.301504 -0.057801 0.951711
vn -0.629828 0.150907 0.761934
vn 0.963451 -0.267886 -0
vn 0.939895 -0.261399 0.219699
vn 0.939895 -0.261399 -0.219699
vn 0.917236 -0.333913 -0.217209
vn 0.9397 -0.342 -0
vn 0.917236 -0.333913 0.217209
vn 0.362106 -0.101302 -0.926616
vn -0.284506 0.075202 -0.95572
vn -0.745863 0.133093 -0.652667
vn 0.253505 -0.092302 -0.96292
vn 0.362106 -0.101302 0.926616
vn -0.284506 0.075202 0.95572
vn 0.253506 -0.092302 0.96292
vn -0.745863 0.133093 0.652668
vn 0.910226 -0.414112 -0
vn 0.887988 -0.403994 0.219697
vn 0.887988 -0.403994 -0.219697
vn 0.850489 -0.474394 -0.227197
vn 0.873293 -0.487196 -0
vn 0.850489 -0.474394 0.227197
vn 0.286505 -0.130003 -0.949218
vn -0.54118 0.247791 -0.80357
vn -0.565072 0.486876 -0.666067
vn 0.239097 -0.133399 -0.961789
vn 0.286506 -0.130002 0.949218
vn -0.541179 0.247791 0.80357
vn 0.239097 -0.133398 0.961789
vn -0.565072 0.486876 0.666067
vn 0.82558 -0.564286 -0
vn 0.801451 -0.547667 0.240285
vn 0.801451 -0.547667 -0.240286
vn 0.735156 -0.626063 -0.259985
vn 0.761159 -0.648565 -0
vn 0.735156 -0.626062 0.259984
vn 0.293606 -0.205304 -0.93362
vn -0.233408 0.145505 -0.961431
vn -0.710576 0.27729 -0.646678
vn 0.187098 -0.159598 -0.96929
vn 0.293606 -0.205304 0.93362
vn -0.233407 0.145505 0.961431
vn 0.187098 -0.159598 0.96929
vn -0.710576 0.277291 0.646678
vn 0.67668 -0.736278 -0
vn 0.616084 -0.728481 0.299592
vn 0.616084 -0.728481 -0.299592
vn 0.44729 -0.846481 -0.288794
vn 0.385418 -0.922742 0
vn 0.44729 -0.846481 0.288794
vn -0.085296 -0.146294 -0.985557
vn -0.75917 0.604276 -0.24189
vn -0.759384 0.618787 -0.201096
vn -0.504391 -0.362094 -0.783886
vn -0.769294 0.638895 0
vn -0.972382 0.233396 0
vn -0.75917 0.604276 0.241891
vn -0.759384 0.618787 0.201096
vn -0.786582 0.617486 0
vn -0.085296 -0.146294 0.985557
vn -0.504391 -0.362094 0.783886
vn -0.058499 -0.998288 0
vn -0.102102 -0.754413 0.648411
vn -0.102102 -0.754413 -0.648411
vn -0.109905 -0.749836 -0.652431
vn -0.070401 -0.997519 0
vn -0.109905 -0.749836 0.652432
vn -0.166502 0.0081 -0.986008
vn -0.196603 0.74851 -0.633309
vn -0.197594 0.754475 -0.625879
vn -0.1645 0.0188 -0.986198
vn -0.18171 0.983352 -0
vn -0.196603 0.74851 0.633309
vn -0.197593 0.754475 0.625879
vn -0.1894 0.9819 -0
vn -0.166501 0.0081 0.986008
vn -0.1645 0.0188 0.986198
vn 0.0114 -0.999935 0
vn 0.066901 -0.771412 0.63281
vn 0.066901 -0.771412 -0.63281
vn 0.220801 -0.836805 -0.501003
vn 0.181305 -0.983427 0
vn 0.220802 -0.836805 0.501003
vn 0.108603 -0.047902 -0.992931
vn 0.0374 0.758408 -0.650707
vn 0.270188 0.687969 -0.67357
vn 0.212001 -0.143301 -0.966706
vn -0.043099 0.999071 -0
vn 0.037401 0.758408 0.650707
vn 0.270188 0.687969 0.67357
vn 0.269897 0.962889 -0
vn 0.108604 -0.047901 0.99293
vn 0.212002 -0.143301 0.966706
vn 0.312505 -0.949916 0
vn 0.250289 -0.810562 0.529476
vn 0.250288 -0.810563 -0.529476
vn 0.067598 -0.799476 -0.596882
vn 0.070799 -0.997491 0
vn 0.067598 -0.799476 0.596882
vn 0.051099 -0.155096 -0.986577
vn -0.0208 0.330493 -0.943579
vn -0.386592 0.626287 -0.676987
vn 0.0076 -0.074599 -0.997185
vn 0.051099 -0.155096 0.986577
vn -0.020799 0.330493 0.943579
vn 0.0076 -0.074599 0.997185
vn -0.386592 0.626288 0.676987
vn -0.749397 0.611298 -0.254399
vn -0.968425 0.249306 0
vn -0.778522 0.627618 0
vn -0.903377 0.232594 -0.360291
vn -0.749397 0.611298 0.254399
vn -0.903377 0.232594 0.360291
vn -0.951441 -0.173307 0.254411
vn -0.984816 -0.173603 0
vn -0.951441 -0.173307 -0.254411
vn -0.849847 -0.527029 0
vn -0.632699 -0.774398 0
vn -0.638908 -0.571007 0.515507
vn -0.638908 -0.571007 -0.515506
vn -0.51899 0.105198 -0.848283
vn -0.582786 0.703883 -0.40609
vn -0.560777 0.827967 -0
vn -0.649803 0.760103 0
vn -0.582786 0.703883 0.40609
vn -0.518989 0.105198 0.848283
vn 0.571978 0.820269 -0
vn 0.403898 0.854096 -0.327699
vn 0.403898 0.854096 0.327698
vn 0.036501 0.999334 -0
vn 0.0013 0.728329 -0.685227
vn -0.38911 0.844621 -0.367709
vn -0.651096 0.758996 0
vn -0.389109 0.844621 0.367709
vn 0.0013 0.728329 0.685227
vn -0.623121 0.782126 0
vn -0.950045 0.312115 0
vn -0.676934 0.541327 -0.498725
vn -0.676933 0.541327 0.498725
vn -0.963333 0.268309 0
vn -0.516617 0.141004 -0.844527
vn -0.85416 -0.119994 -0.505976
vn -0.928277 -0.371891 0
vn -0.99669 -0.081299 0
vn -0.85416 -0.119994 0.505976
vn -0.516616 0.141005 0.844527
vn -0.812739 0.582628 0
vn -0.984621 0.174704 0
vn -0.831586 0.372793 -0.411693
vn -0.831585 0.372793 0.411693
vn -0.994968 0.100197 0
vn -0.643012 0.069301 -0.762714
vn -0.895775 -0.191195 -0.401288
vn -0.932524 -0.361109 0
vn -0.895775 -0.191195 0.401289
vn -0.643012 0.069301 0.762714
vn -0.753027 -0.043902 -0.656523
vn -0.917777 -0.264493 -0.296192
vn -0.917565 0.135495 -0.373786
vn -0.995342 -0.096404 0
vn -0.929027 -0.370011 0
vn -0.917776 -0.264493 0.296193
vn -0.93857 0.345089 0
vn -0.8597 0.5108 0
vn -0.917565 0.135495 0.373786
vn -0.753027 -0.043902 0.656524
vn -0.820487 0.374294 -0.432093
vn -0.931826 0.330409 -0.150104
vn -0.860178 0.486188 -0.153996
vn -0.910411 0.413705 0
vn -0.9363 0.3512 0
vn -0.539119 0.84223 -0
vn -0.931826 0.330409 0.150104
vn -0.874228 0.485516 0
vn -0.860178 0.486188 0.153996
vn -0.820456 0.37438 0.432077
vn -0.418296 0.278097 -0.864691
vn -0.838466 0.086296 -0.538078
vn -0.406226 0.749347 -0.522933
vn -0.826595 0.562797 0
vn -0.994473 -0.104997 0
vn -0.838466 0.086297 0.538078
vn -0.23639 0.971658 -0
vn -0.406226 0.749348 0.522933
vn -0.418296 0.278097 0.864691
vt 0.7569 0.9986
vt 0.7437 0.9995
vt 0.7582 0.9063
vt 0.7713 0.9047
vt 0.7241 0.9986
vt 0.7385 0.9047
vt 0.746 0.8113
vt 0.7657 0.8131
vt 0.7788 0.8113
vt 0.7091 0.9959
vt 0.7232 0.9001
vt 0.705 0.9931
vt 0.7065 0.895
vt 0.7134 0.7984
vt 0.7305 0.8058
vt 0.7379 0.9931
vt 0.7529 0.9959
vt 0.767 0.9001
vt 0.7467 0.895
vt 0.7743 0.8058
vt 0.7491 0.7984
vt 0.7593 0.7202
vt 0.7724 0.7188
vt 0.7396 0.7188
vt 0.7197 0.625
vt 0.7393 0.6258
vt 0.7526 0.625
vt 0.7242 0.7143
vt 0.7032 0.7108
vt 0.6837 0.6229
vt 0.7048 0.6227
vt 0.768 0.7143
vt 0.7434 0.7108
vt 0.7486 0.6227
vt 0.7194 0.6229
vt 0.7061 0.5281
vt 0.7196 0.5281
vt 0.6868 0.5281
vt 0.642 0.4308
vt 0.661 0.4302
vt 0.6748 0.4308
vt 0.6726 0.5279
vt 0.6489 0.5309
vt 0.6138 0.4372
vt 0.6288 0.4328
vt 0.7164 0.5279
vt 0.6891 0.5309
vt 0.6726 0.4328
vt 0.6495 0.4372
vt 0.6051 0.3349
vt 0.6193 0.3363
vt 0.5865 0.3363
vt 0.5221 0.2473
vt 0.5403 0.2453
vt 0.555 0.2473
vt 0.5745 0.3403
vt 0.5651 0.3459
vt 0.4997 0.2637
vt 0.5116 0.2533
vt 0.6183 0.3403
vt 0.6053 0.3459
vt 0.5554 0.2533
vt 0.5354 0.2637
vt 0.4684 0.164
vt 0.4836 0.1666
vt 0.4508 0.1666
vt 0.3746 0.0965
vt 0.3917 0.0934
vt 0.4075 0.0965
vt 0.4418 0.1744
vt 0.4246 0.1895
vt 0.3618 0.1239
vt 0.3674 0.1059
vt 0.4856 0.1744
vt 0.4647 0.1895
vt 0.4112 0.1059
vt 0.3963 0.1239
vt 0.3125 0.0359
vt 0.3289 0.0394
vt 0.296 0.0394
vt 0.2563 0.0143
vt 0.2527 0.0015
vt 0.2807 0.0143
vt 0.2905 0.05
vt 0.2959 0.0606
vt 0.2573 0.0307
vt 0.2374 0.0129
vt 0.3595 0.1136
vt 0.3123 0.0642
vt 0.3288 0.0606
vt 0.2816 0.0307
vt 0.2549 0.0242
vt 0.3343 0.05
vt 0.2702 0.0129
vt 0.7745 0.37
vt 0.7745 0.3035
vt 0.6439 0.3071
vt 0.6448 0.363
vt 0.7745 0.2657
vt 0.6448 0.276
vt 0.5189 0.291
vt 0.517 0.3138
vt 0.5189 0.3548
vt 0.7745 0.2913
vt 0.6477 0.2987
vt 0.7745 0.3517
vt 0.6506 0.3505
vt 0.5302 0.3457
vt 0.5246 0.3077
vt 0.7745 0.4182
vt 0.6516 0.4065
vt 0.7745 0.456
vt 0.6506 0.4376
vt 0.5302 0.4096
vt 0.5321 0.3868
vt 0.7745 0.4304
vt 0.6477 0.4148
vt 0.5246 0.3928
vt 0.3976 0.3194
vt 0.4004 0.3508
vt 0.4004 0.3018
vt 0.293 0.2767
vt 0.2894 0.3156
vt 0.293 0.3678
vt 0.4087 0.3144
vt 0.417 0.3433
vt 0.3091 0.3217
vt 0.3037 0.2815
vt 0.4197 0.3747
vt 0.417 0.3923
vt 0.3091 0.4173
vt 0.3317 0.3756
vt 0.4087 0.3797
vt 0.3037 0.403
vt 0.1961 0.2942
vt 0.2004 0.349
vt 0.2004 0.2579
vt 0.1312 0.2418
vt 0.1267 0.2759
vt 0.1312 0.333
vt 0.2131 0.2706
vt 0.2262 0.3105
vt 0.1592 0.3192
vt 0.1444 0.2611
vt 0.2131 0.3921
vt 0.2262 0.4219
vt 0.1444 0.3826
vt 0.1592 0.4147
vt 0.0981 0.3099
vt 0.0948 0.3486
vt 0.08 0.3263
vt 0.0862 0.2796
vt 0.0981 0.3773
vt 0.0862 0.3707
vt 0.084 0.3386
vt 0.0776 0.3016
vt 0.084 0.2711
vt 0.2343 0.0005
vt 0.0902 0.2816
vt 0.0939 0.3372
vt 0.0939 0.2461
vt 0.1049 0.261
vt 0.1159 0.3063
vt 0.1489 0.3752
vt 0.1195 0.3619
vt 0.1159 0.3974
vt 0.1049 0.3825
vt 0.2854 0.3951
vt 0.2655 0.3773
vt 0.2655 0.428
vt 0.2326 0.4175
vt 0.2315 0.356
vt 0.1982 0.3791
vt 0.1776 0.3979
vt 0.1982 0.4297
vt 0.2315 0.437
vt 0.6885 0.6248
vt 0.6407 0.603
vt 0.6054 0.5828
vt 0.6237 0.5828
vt 0.5654 0.5504
vt 0.6011 0.5406
vt 0.5742 0.5049
vt 0.6222 0.4393
vt 0.5908 0.4783
vt 0.5925 0.5049
vt 0.6304 0.5406
vt 0.7219 0.7971
vt 0.6897 0.7703
vt 0.6645 0.7494
vt 0.6827 0.7494
vt 0.6425 0.7148
vt 0.6666 0.7121
vt 0.6539 0.6766
vt 0.6728 0.6538
vt 0.6722 0.6766
vt 0.6959 0.7121
vt 0.6828 0.8917
vt 0.6854 0.8502
vt 0.674 0.932
vt 0.6716 0.89
vt 0.7066 0.8262
vt 0.7037 0.8502
vt 0.7183 0.9922
vt 0.6883 0.9572
vt 0.6923 0.932
vt 0.7121 0.8917
vt 0.5541 0.3517
vt 0.5308 0.3164
vt 0.5788 0.3901
vt 0.5544 0.3563
vt 0.5086 0.2675
vt 0.5302 0.2928
vt 0.549 0.3164
vt 0.6072 0.4107
vt 0.5971 0.3901
vt 0.5833 0.3517
vt 0.3822 0.2143
vt 0.3425 0.1914
vt 0.4017 0.2519
vt 0.3501 0.2364
vt 0.3495 0.1659
vt 0.3608 0.1914
vt 0.4441 0.2627
vt 0.4199 0.2519
vt 0.4114 0.2143
vt 0.7569 0.9986
vt 0.7582 0.9063
vt 0.7437 0.9995
vt 0.7713 0.9047
vt 0.7241 0.9986
vt 0.7385 0.9047
vt 0.746 0.8113
vt 0.7657 0.8131
vt 0.7788 0.8113
vt 0.7232 0.9001
vt 0.7091 0.9959
vt 0.705 0.9931
vt 0.7065 0.895
vt 0.7134 0.7984
vt 0.7305 0.8058
vt 0.7379 0.9931
vt 0.767 0.9001
vt 0.7529 0.9959
vt 0.7467 0.895
vt 0.7743 0.8058
vt 0.7491 0.7984
vt 0.7593 0.7202
vt 0.7724 0.7188
vt 0.7396 0.7188
vt 0.7197 0.625
vt 0.7393 0.6258
vt 0.7526 0.625
vt 0.7242 0.7143
vt 0.7032 0.7108
vt 0.6837 0.6229
vt 0.7048 0.6227
vt 0.768 0.7143
vt 0.7434 0.7108
vt 0.7486 0.6227
vt 0.7194 0.6229
vt 0.7061 0.5281
vt 0.7196 0.5281
vt 0.6868 0.5281
vt 0.642 0.4308
vt 0.661 0.4302
vt 0.6748 0.4308
vt 0.6726 0.5279
vt 0.6489 0.5309
vt 0.6138 0.4372
vt 0.6288 0.4328
vt 0.7164 0.5279
vt 0.6891 0.5309
vt 0.6726 0.4328
vt 0.6495 0.4372
vt 0.6051 0.3349
vt 0.6193 0.3363
vt 0.5865 0.3363
vt 0.5221 0.2473
vt 0.5403 0.2453
vt 0.555 0.2473
vt 0.5745 0.3403
vt 0.5651 0.3459
vt 0.4997 0.2637
vt 0.5116 0.2533
vt 0.6183 0.3403
vt 0.6053 0.3459
vt 0.5554 0.2533
vt 0.5354 0.2637
vt 0.4684 0.164
vt 0.4836 0.1666
vt 0.4508 0.1666
vt 0.3746 0.0965
vt 0.3917 0.0934
vt 0.4075 0.0965
vt 0.4418 0.1744
vt 0.4246 0.1895
vt 0.3618 0.1239
vt 0.3674 0.1059
vt 0.4856 0.1744
vt 0.4647 0.1895
vt 0.4112 0.1059
vt 0.3963 0.1239
vt 0.3125 0.0359
vt 0.3289 0.0394
vt 0.296 0.0394
vt 0.2563 0.0143
vt 0.2527 0.0015
vt 0.2807 0.0143
vt 0.2905 0.05
vt 0.2959 0.0606
vt 0.2573 0.0307
vt 0.2374 0.0129
vt 0.3123 0.0642
vt 0.3595 0.1136
vt 0.3288 0.0606
vt 0.2816 0.0307
vt 0.2549 0.0242
vt 0.3343 0.05
vt 0.2702 0.0129
vt 0.6439 0.3071
vt 0.6448 0.363
vt 0.6448 0.276
vt 0.5189 0.291
vt 0.517 0.3138
vt 0.5189 0.3548
vt 0.6477 0.2987
vt 0.6506 0.3505
vt 0.5302 0.3457
vt 0.5246 0.3077
vt 0.6516 0.4065
vt 0.6506 0.4376
vt 0.5302 0.4096
vt 0.5321 0.3868
vt 0.6477 0.4148
vt 0.5246 0.3928
vt 0.3976 0.3194
vt 0.4004 0.3508
vt 0.4004 0.3018
vt 0.293 0.2767
vt 0.2894 0.3156
vt 0.293 0.3678
vt 0.4087 0.3144
vt 0.417 0.3433
vt 0.3091 0.3217
vt 0.3037 0.2815
vt 0.4197 0.3747
vt 0.417 0.3923
vt 0.3091 0.4173
vt 0.3317 0.3756
vt 0.4087 0.3797
vt 0.3037 0.403
vt 0.1961 0.2942
vt 0.2004 0.349
vt 0.2004 0.2579
vt 0.1312 0.2418
vt 0.1267 0.2759
vt 0.1312 0.333
vt 0.2131 0.2706
vt 0.2262 0.3105
vt 0.1592 0.3192
vt 0.1444 0.2611
vt 0.2131 0.3921
vt 0.2262 0.4219
vt 0.1444 0.3826
vt 0.1592 0.4147
vt 0.0981 0.3099
vt 0.08 0.3263
vt 0.0948 0.3486
vt 0.0862 0.2796
vt 0.0981 0.3773
vt 0.0862 0.3707
vt 0.084 0.3386
vt 0.0776 0.3016
vt 0.084 0.2711
vt 0.2343 0.0005
vt 0.0902 0.2816
vt 0.0939 0.3372
vt 0.0939 0.2461
vt 0.1049 0.261
vt 0.1159 0.3063
vt 0.1195 0.3619
vt 0.1489 0.3752
vt 0.1159 0.3974
vt 0.1049 0.3825
vt 0.2854 0.3951
vt 0.2655 0.3773
vt 0.2655 0.428
vt 0.2326 0.4175
vt 0.2315 0.356
vt 0.1982 0.3791
vt 0.1776 0.3979
vt 0.1982 0.4297
vt 0.2315 0.437
vt 0.6407 0.603
vt 0.6885 0.6248
vt 0.6054 0.5828
vt 0.6237 0.5828
vt 0.5654 0.5504
vt 0.6011 0.5406
vt 0.5742 0.5049
vt 0.5908 0.4783
vt 0.6222 0.4393
vt 0.5925 0.5049
vt 0.6304 0.5406
vt 0.6897 0.7703
vt 0.7219 0.7971
vt 0.6645 0.7494
vt 0.6827 0.7494
vt 0.6425 0.7148
vt 0.6666 0.7121
vt 0.6539 0.6766
vt 0.6728 0.6538
vt 0.6722 0.6766
vt 0.6959 0.7121
vt 0.6828 0.8917
vt 0.6854 0.8502
vt 0.674 0.932
vt 0.6716 0.89
vt 0.7066 0.8262
vt 0.7037 0.8502
vt 0.6883 0.9572
vt 0.7183 0.9922
vt 0.6923 0.932
vt 0.7121 0.8917
vt 0.5541 0.3517
vt 0.5308 0.3164
vt 0.5788 0.3901
vt 0.5544 0.3563
vt 0.5302 0.2928
vt 0.5086 0.2675
vt 0.549 0.3164
vt 0.6072 0.4107
vt 0.5971 0.3901
vt 0.5833 0.3517
vt 0.3822 0.2143
vt 0.3425 0.1914
vt 0.4017 0.2519
vt 0.3501 0.2364
vt 0.3495 0.1659
vt 0.3608 0.1914
vt 0.4441 0.2627
vt 0.4199 0.2519
vt 0.4114 0.2143
f 445/445/445 447/447/447 446/446/446
f 445/445/445 448/448/448 447/447/447
f 449/449/449 447/447/447 450/450/450
f 449/449/449 446/446/446 447/447/447
f 451/451/451 447/447/447 452/452/452
f 451/451/451 450/450/450 447/447/447
f 453/453/453 447/447/447 448/448/448
f 453/453/453 452/452/452 447/447/447
f 449/449/449 455/455/455 454/454/454
f 449/449/449 450/450/450 455/455/455
f 456/456/456 455/455/455 457/457/457
f 456/456/456 454/454/454 455/455/455
f 458/458/458 455/455/455 459/459/459
f 458/458/458 457/457/457 455/455/455
f 451/451/451 455/455/455 450/450/450
f 451/451/451 459/459/459 455/455/455
f 460/460/460 462/462/462 461/461/461
f 460/460/460 463/463/463 462/462/462
f 445/445/445 462/462/462 448/448/448
f 445/445/445 461/461/461 462/462/462
f 453/453/453 462/462/462 464/464/464
f 453/453/453 448/448/448 462/462/462
f 465/465/465 462/462/462 463/463/463
f 465/465/465 464/464/464 462/462/462
f 453/453/453 466/466/466 452/452/452
f 453/453/453 467/467/467 466/466/466
f 451/451/451 466/466/466 468/468/468
f 451/451/451 452/452/452 466/466/466
f 469/469/469 466/466/466 470/470/470
f 469/469/469 468/468/468 466/466/466
f 471/471/471 466/466/466 467/467/467
f 471/471/471 470/470/470 466/466/466
f 451/451/451 472/472/472 459/459/459
f 451/451/451 468/468/468 472/472/472
f 458/458/458 472/472/472 473/473/473
f 458/458/458 459/459/459 472/472/472
f 474/474/474 472/472/472 475/475/475
f 474/474/474 473/473/473 472/472/472
f 469/469/469 472/472/472 468/468/468
f 469/469/469 475/475/475 472/472/472
f 465/465/465 476/476/476 464/464/464
f 465/465/465 477/477/477 476/476/476
f 453/453/453 476/476/476 467/467/467
f 453/453/453 464/464/464 476/476/476
f 471/471/471 476/476/476 478/478/478
f 471/471/471 467/467/467 476/476/476
f 479/479/479 476/476/476 477/477/477
f 479/479/479 478/478/478 476/476/476
f 471/471/471 480/480/480 470/470/470
f 471/471/471 481/481/481 480/480/480
f 469/469/469 480/480/480 482/482/482
f 469/469/469 470/470/470 480/480/480
f 483/483/483 480/480/480 484/484/484
f 483/483/483 482/482/482 480/480/480
f 485/485/485 480/480/480 481/481/481
f 485/485/485 484/484/484 480/480/480
f 469/469/469 486/486/486 475/475/475
f 469/469/469 482/482/482 486/486/486
f 474/474/474 486/486/486 487/487/487
f 474/474/474 475/475/475 486/486/486
f 488/488/488 486/486/486 489/489/489
f 488/488/488 487/487/487 486/486/486
f 483/483/483 486/486/486 482/482/482
f 483/483/483 489/489/489 486/486/486
f 479/479/479 490/490/490 478/478/478
f 479/479/479 491/491/491 490/490/490
f 471/471/471 490/490/490 481/481/481
f 471/471/471 478/478/478 490/490/490
f 485/485/485 490/490/490 492/492/492
f 485/485/485 481/481/481 490/490/490
f 493/493/493 490/490/490 491/491/491
f 493/493/493 492/492/492 490/490/490
f 485/485/485 494/494/494 484/484/484
f 485/485/485 495/495/495 494/494/494
f 483/483/483 494/494/494 496/496/496
f 483/483/483 484/484/484 494/494/494
f 497/497/497 494/494/494 498/498/498
f 497/497/497 496/496/496 494/494/494
f 499/499/499 494/494/494 495/495/495
f 499/499/499 498/498/498 494/494/494
f 483/483/483 500/500/500 489/489/489
f 483/483/483 496/496/496 500/500/500
f 488/488/488 500/500/500 501/501/501
f 488/488/488 489/489/489 500/500/500
f 502/502/502 500/500/500 503/503/503
f 502/502/502 501/501/501 500/500/500
f 497/497/497 500/500/500 496/496/496
f 497/497/497 503/503/503 500/500/500
f 493/493/493 504/504/504 492/492/492
f 493/493/493 505/505/505 504/504/504
f 485/485/485 504/504/504 495/495/495
f 485/485/485 492/492/492 504/504/504
f 499/499/499 504/504/504 506/506/506
f 499/499/499 495/495/495 504/504/504
f 507/507/507 504/504/504 505/505/505
f 507/507/507 506/506/506 504/504/504
f 499/499/499 508/508/508 498/498/498
f 499/499/499 509/509/509 508/508/508
f 497/497/497 508/508/508 510/510/510
f 497/497/497 498/498/498 508/508/508
f 511/511/511 508/508/508 512/512/512
f 511/511/511 510/510/510 508/508/508
f 513/513/513 508/508/508 509/509/509
f 513/513/513 512/512/512 508/508/508
f 497/497/497 514/514/514 503/503/503
f 497/497/497 510/510/510 514/514/514
f 502/502/502 514/514/514 515/515/515
f 502/502/502 503/503/503 514/514/514
f 516/516/516 514/514/514 517/517/517
f 516/516/516 515/515/515 514/514/514
f 511/511/511 514/514/514 510/510/510
f 511/511/511 517/517/517 514/514/514
f 507/507/507 518/518/518 506/506/506
f 507/507/507 519/519/519 518/518/518
f 499/499/499 518/518/518 509/509/509
f 499/499/499 506/506/506 518/518/518
f 513/513/513 518/518/518 520/520/520
f 513/513/513 509/509/509 518/518/518
f 521/521/521 518/518/518 519/519/519
f 521/521/521 520/520/520 518/518/518
f 513/513/513 522/522/522 512/512/512
f 513/513/513 523/523/523 522/522/522
f 511/511/511 522/522/522 524/524/524
f 511/511/511 512/512/512 522/522/522
f 525/525/525 522/522/522 526/526/526
f 525/525/525 524/524/524 522/522/522
f 527/527/527 522/522/522 523/523/523
f 527/527/527 526/526/526 522/522/522
f 511/511/511 528/528/528 517/517/517
f 511/511/511 524/524/524 528/528/528
f 516/516/516 528/528/528 529/529/529
f 516/516/516 517/517/517 528/528/528
f 530/530/530 528/528/528 531/531/531
f 530/530/530 529/529/529 528/528/528
f 525/525/525 528/528/528 524/524/524
f 525/525/525 531/531/531 528/528/528
f 516/516/516 533/533/533 532/532/532
f 516/516/516 529/529/529 533/533/533
f 521/521/521 533/533/533 534/534/534
f 521/521/521 532/532/532 533/533/533
f 535/535/535 533/533/533 536/536/536
f 535/535/535 534/534/534 533/533/533
f 530/530/530 533/533/533 529/529/529
f 530/530/530 536/536/536 533/533/533
f 521/521/521 537/537/537 520/520/520
f 521/521/521 534/534/534 537/537/537
f 513/513/513 537/537/537 523/523/523
f 513/513/513 520/520/520 537/537/537
f 527/527/527 537/537/537 538/538/538
f 527/527/527 523/523/523 537/537/537
f 535/535/535 537/537/537 534/534/534
f 535/535/535 538/538/538 537/537/537
f 539/539/539 541/541/541 540/540/540
f 539/539/539 542/542/542 541/541/541
f 543/543/543 541/541/541 544/544/544
f 543/543/543 540/540/540 541/541/541
f 545/545/545 541/541/541 546/546/546
f 545/545/545 544/544/544 541/541/541
f 547/547/547 541/541/541 542/542/542
f 547/547/547 546/546/546 541/541/541
f 543/543/543 549/549/549 548/548/548
f 543/543/543 544/544/544 549/549/549
f 550/550/550 549/549/549 551/551/551
f 550/550/550 548/548/548 549/549/549
f 552/552/552 549/549/549 553/553/553
f 552/552/552 551/551/551 549/549/549
f 545/545/545 549/549/549 544/544/544
f 545/545/545 553/553/553 549/549/549
f 550/550/550 555/555/555 554/554/554
f 550/550/550 551/551/551 555/555/555
f 556/556/556 555/555/555 557/557/557
f 556/556/556 554/554/554 555/555/555
f 558/558/558 555/555/555 559/559/559
f 558/558/558 557/557/557 555/555/555
f 552/552/552 555/555/555 551/551/551
f 552/552/552 559/559/559 555/555/555
f 556/556/556 561/561/561 560/560/560
f 556/556/556 557/557/557 561/561/561
f 539/539/539 561/561/561 542/542/542
f 539/539/539 560/560/560 561/561/561
f 547/547/547 561/561/561 562/562/562
f 547/547/547 542/542/542 561/561/561
f 558/558/558 561/561/561 557/557/557
f 558/558/558 562/562/562 561/561/561
f 547/547/547 563/563/563 546/546/546
f 547/547/547 564/564/564 563/563/563
f 545/545/545 563/563/563 565/565/565
f 545/545/545 546/546/546 563/563/563
f 566/566/566 563/563/563 567/567/567
f 566/566/566 565/565/565 563/563/563
f 568/568/568 563/563/563 564/564/564
f 568/568/568 567/567/567 563/563/563
f 545/545/545 569/569/569 553/553/553
f 545/545/545 565/565/565 569/569/569
f 552/552/552 569/569/569 570/570/570
f 552/552/552 553/553/553 569/569/569
f 571/571/571 569/569/569 572/572/572
f 571/571/571 570/570/570 569/569/569
f 566/566/566 569/569/569 565/565/565
f 566/566/566 572/572/572 569/569/569
f 552/552/552 573/573/573 559/559/559
f 552/552/552 570/570/570 573/573/573
f 558/558/558 573/573/573 574/574/574
f 558/558/558 559/559/559 573/573/573
f 575/575/575 573/573/573 576/576/576
f 575/575/575 574/574/574 573/573/573
f 571/571/571 573/573/573 570/570/570
f 571/571/571 576/576/576 573/573/573
f 558/558/558 577/577/577 562/562/562
f 558/558/558 574/574/574 577/577/577
f 547/547/547 577/577/577 564/564/564
f 547/547/547 562/562/562 577/577/577
f 568/568/568 577/577/577 578/578/578
f 568/568/568 564/564/564 577/577/577
f 575/575/575 577/577/577 574/574/574
f 575/575/575 578/578/578 577/577/577
f 568/568/568 579/579/579 567/567/567
f 568/568/568 580/580/580 579/579/579
f 566/566/566 579/579/579 581/581/581
f 566/566/566 567/567/567 579/579/579
f 582/582/582 579/579/579 583/583/583
f 582/582/582 581/581/581 579/579/579
f 584/584/584 579/579/579 580/580/580
f 584/584/584 583/583/583 579/579/579
f 566/566/566 585/585/585 572/572/572
f 566/566/566 581/581/581 585/585/585
f 571/571/571 585/585/585 586/586/586
f 571/571/571 572/572/572 585/585/585
f 587/587/587 585/585/585 588/588/588
f 587/587/587 586/586/586 585/585/585
f 582/582/582 585/585/585 581/581/581
f 582/582/582 588/588/588 585/585/585
f 575/575/575 589/589/589 578/578/578
f 575/575/575 590/590/590 589/589/589
f 568/568/568 589/589/589 580/580/580
f 568/568/568 578/578/578 589/589/589
f 584/584/584 589/589/589 591/591/591
f 584/584/584 580/580/580 589/589/589
f 592/592/592 589/589/589 590/590/590
f 592/592/592 591/591/591 589/589/589
f 593/593/593 595/595/595 594/594/594
f 593/593/593 596/596/596 595/595/595
f 597/597/597 595/595/595 598/598/598
f 597/597/597 594/594/594 595/595/595
f 599/599/599 595/595/595 600/600/600
f 599/599/599 598/598/598 595/595/595
f 601/601/601 595/595/595 596/596/596
f 601/601/601 600/600/600 595/595/595
f 530/530/530 602/602/602 536/536/536
f 530/530/530 531/531/531 602/602/602
f 535/535/535 602/602/602 538/538/538
f 535/535/535 536/536/536 602/602/602
f 527/527/527 602/602/602 526/526/526
f 527/527/527 538/538/538 602/602/602
f 525/525/525 602/602/602 531/531/531
f 525/525/525 526/526/526 602/602/602
f 584/584/584 603/603/603 583/583/583
f 584/584/584 604/604/604 603/603/603
f 582/582/582 603/603/603 605/605/605
f 582/582/582 583/583/583 603/603/603
f 601/601/601 603/603/603 600/600/600
f 601/601/601 605/605/605 603/603/603
f 599/599/599 603/603/603 604/604/604
f 599/599/599 600/600/600 603/603/603
f 582/582/582 606/606/606 588/588/588
f 582/582/582 605/605/605 606/606/606
f 587/587/587 606/606/606 607/607/607
f 587/587/587 588/588/588 606/606/606
f 593/593/593 606/606/606 596/596/596
f 593/593/593 607/607/607 606/606/606
f 601/601/601 606/606/606 605/605/605
f 601/601/601 596/596/596 606/606/606
f 587/587/587 609/609/609 608/608/608
f 587/587/587 607/607/607 609/609/609
f 592/592/592 609/609/609 610/610/610
f 592/592/592 608/608/608 609/609/609
f 597/597/597 609/609/609 594/594/594
f 597/597/597 610/610/610 609/609/609
f 593/593/593 609/609/609 607/607/607
f 593/593/593 594/594/594 609/609/609
f 592/592/592 611/611/611 591/591/591
f 592/592/592 610/610/610 611/611/611
f 584/584/584 611/611/611 604/604/604
f 584/584/584 591/591/591 611/611/611
f 599/599/599 611/611/611 598/598/598
f 599/599/599 604/604/604 611/611/611
f 597/597/597 611/611/611 610/610/610
f 597/597/597 598/598/598 611/611/611
f 571/571/571 612/612/612 576/576/576
f 571/571/571 613/613/613 612/612/612
f 575/575/575 612/612/612 614/614/614
f 575/575/575 576/576/576 612/612/612
f 615/615/615 612/612/612 613/613/613
f 615/615/615 614/614/614 612/612/612
f 587/587/587 616/616/616 586/586/586
f 587/587/587 617/617/617 616/616/616
f 571/571/571 616/616/616 613/613/613
f 571/571/571 586/586/586 616/616/616
f 615/615/615 616/616/616 617/617/617
f 615/615/615 613/613/613 616/616/616
f 592/592/592 618/618/618 608/608/608
f 592/592/592 619/619/619 618/618/618
f 587/587/587 618/618/618 617/617/617
f 587/587/587 608/608/608 618/618/618
f 615/615/615 618/618/618 619/619/619
f 615/615/615 617/617/617 618/618/618
f 575/575/575 620/620/620 590/590/590
f 575/575/575 614/614/614 620/620/620
f 592/592/592 620/620/620 619/619/619
f 592/592/592 590/590/590 620/620/620
f 615/615/615 620/620/620 614/614/614
f 615/615/615 619/619/619 620/620/620
f 474/474/474 622/622/622 621/621/621
f 474/474/474 623/623/623 622/622/622
f 479/479/479 622/622/622 624/624/624
f 479/479/479 621/621/621 622/622/622
f 625/625/625 622/622/622 623/623/623
f 625/625/625 624/624/624 622/622/622
f 488/488/488 626/626/626 487/487/487
f 488/488/488 627/627/627 626/626/626
f 474/474/474 626/626/626 623/623/623
f 474/474/474 487/487/487 626/626/626
f 625/625/625 626/626/626 627/627/627
f 625/625/625 623/623/623 626/626/626
f 493/493/493 629/629/629 628/628/628
f 493/493/493 630/630/630 629/629/629
f 488/488/488 629/629/629 627/627/627
f 488/488/488 628/628/628 629/629/629
f 625/625/625 629/629/629 630/630/630
f 625/625/625 627/627/627 629/629/629
f 479/479/479 631/631/631 491/491/491
f 479/479/479 624/624/624 631/631/631
f 493/493/493 631/631/631 630/630/630
f 493/493/493 491/491/491 631/631/631
f 625/625/625 631/631/631 624/624/624
f 625/625/625 630/630/630 631/631/631
f 458/458/458 633/633/633 632/632/632
f 458/458/458 634/634/634 633/633/633
f 465/465/465 633/633/633 635/635/635
f 465/465/465 632/632/632 633/633/633
f 636/636/636 633/633/633 634/634/634
f 636/636/636 635/635/635 633/633/633
f 474/474/474 637/637/637 473/473/473
f 474/474/474 638/638/638 637/637/637
f 458/458/458 637/637/637 634/634/634
f 458/458/458 473/473/473 637/637/637
f 636/636/636 637/637/637 638/638/638
f 636/636/636 634/634/634 637/637/637
f 479/479/479 639/639/639 621/621/621
f 479/479/479 640/640/640 639/639/639
f 474/474/474 639/639/639 638/638/638
f 474/474/474 621/621/621 639/639/639
f 636/636/636 639/639/639 640/640/640
f 636/636/636 638/638/638 639/639/639
f 465/465/465 641/641/641 477/477/477
f 465/465/465 635/635/635 641/641/641
f 479/479/479 641/641/641 640/640/640
f 479/479/479 477/477/477 641/641/641
f 636/636/636 641/641/641 635/635/635
f 636/636/636 640/640/640 641/641/641
f 458/458/458 642/642/642 457/457/457
f 458/458/458 643/643/643 642/642/642
f 456/456/456 642/642/642 644/644/644
f 456/456/456 457/457/457 642/642/642
f 645/645/645 642/642/642 643/643/643
f 645/645/645 644/644/644 642/642/642
f 465/465/465 646/646/646 632/632/632
f 465/465/465 647/647/647 646/646/646
f 458/458/458 646/646/646 643/643/643
f 458/458/458 632/632/632 646/646/646
f 645/645/645 646/646/646 647/647/647
f 645/645/645 643/643/643 646/646/646
f 456/456/456 649/649/649 648/648/648
f 456/456/456 644/644/644 649/649/649
f 460/460/460 649/649/649 650/650/650
f 460/460/460 648/648/648 649/649/649
f 645/645/645 649/649/649 644/644/644
f 645/645/645 650/650/650 649/649/649
f 460/460/460 651/651/651 463/463/463
f 460/460/460 650/650/650 651/651/651
f 465/465/465 651/651/651 647/647/647
f 465/465/465 463/463/463 651/651/651
f 645/645/645 651/651/651 650/650/650
f 645/645/645 647/647/647 651/651/651
f 502/502/502 652/652/652 501/501/501
f 502/502/502 653/653/653 652/652/652
f 488/488/488 652/652/652 654/654/654
f 488/488/488 501/501/501 652/652/652
f 655/655/655 652/652/652 653/653/653
f 655/655/655 654/654/654 652/652/652
f 507/507/507 657/657/657 656/656/656
f 507/507/507 658/658/658 657/657/657
f 502/502/502 657/657/657 653/653/653
f 502/502/502 656/656/656 657/657/657
f 655/655/655 657/657/657 658/658/658
f 655/655/655 653/653/653 657/657/657
f 488/488/488 659/659/659 628/628/628
f 488/488/488 654/654/654 659/659/659
f 493/493/493 659/659/659 660/660/660
f 493/493/493 628/628/628 659/659/659
f 655/655/655 659/659/659 654/654/654
f 655/655/655 660/660/660 659/659/659
f 493/493/493 661/661/661 505/505/505
f 493/493/493 660/660/660 661/661/661
f 507/507/507 661/661/661 658/658/658
f 507/507/507 505/505/505 661/661/661
f 655/655/655 661/661/661 660/660/660
f 655/655/655 658/658/658 661/661/661
f 516/516/516 662/662/662 515/515/515
f 516/516/516 663/663/663 662/662/662
f 502/502/502 662/662/662 664/664/664
f 502/502/502 515/515/515 662/662/662
f 665/665/665 662/662/662 663/663/663
f 665/665/665 664/664/664 662/662/662
f 521/521/521 666/666/666 532/532/532
f 521/521/521 667/667/667 666/666/666
f 516/516/516 666/666/666 663/663/663
f 516/516/516 532/532/532 666/666/666
f 665/665/665 666/666/666 667/667/667
f 665/665/665 663/663/663 666/666/666
f 502/502/502 668/668/668 656/656/656
f 502/502/502 664/664/664 668/668/668
f 507/507/507 668/668/668 669/669/669
f 507/507/507 656/656/656 668/668/668
f 665/665/665 668/668/668 664/664/664
f 665/665/665 669/669/669 668/668/668
f 507/507/507 670/670/670 519/519/519
f 507/507/507 669/669/669 670/670/670
f 521/521/521 670/670/670 667/667/667
f 521/521/521 519/519/519 670/670/670
f 665/665/665 670/670/670 669/669/669
f 665/665/665 667/667/667 670/670/670
f 671/671/671 673/673/673 672/672/672
f 671/671/671 672/672/672 674/674/674
f 675/675/675 676/676/676 672/672/672
f 675/675/675 672/672/672 673/673/673
f 677/677/677 678/678/678 672/672/672
f 677/677/677 672/672/672 676/676/676
f 679/679/679 674/674/674 672/672/672
f 679/679/679 672/672/672 678/678/678
f 675/675/675 681/681/681 680/680/680
f 675/675/675 680/680/680 676/676/676
f 682/682/682 683/683/683 680/680/680
f 682/682/682 680/680/680 681/681/681
f 684/684/684 685/685/685 680/680/680
f 684/684/684 680/680/680 683/683/683
f 677/677/677 676/676/676 680/680/680
f 677/677/677 680/680/680 685/685/685
f 686/686/686 688/688/688 687/687/687
f 686/686/686 687/687/687 689/689/689
f 671/671/671 674/674/674 687/687/687
f 671/671/671 687/687/687 688/688/688
f 679/679/679 690/690/690 687/687/687
f 679/679/679 687/687/687 674/674/674
f 691/691/691 689/689/689 687/687/687
f 691/691/691 687/687/687 690/690/690
f 679/679/679 678/678/678 692/692/692
f 679/679/679 692/692/692 693/693/693
f 677/677/677 694/694/694 692/692/692
f 677/677/677 692/692/692 678/678/678
f 695/695/695 696/696/696 692/692/692
f 695/695/695 692/692/692 694/694/694
f 697/697/697 693/693/693 692/692/692
f 697/697/697 692/692/692 696/696/696
f 677/677/677 685/685/685 698/698/698
f 677/677/677 698/698/698 694/694/694
f 684/684/684 699/699/699 698/698/698
f 684/684/684 698/698/698 685/685/685
f 700/700/700 701/701/701 698/698/698
f 700/700/700 698/698/698 699/699/699
f 695/695/695 694/694/694 698/698/698
f 695/695/695 698/698/698 701/701/701
f 691/691/691 690/690/690 702/702/702
f 691/691/691 702/702/702 703/703/703
f 679/679/679 693/693/693 702/702/702
f 679/679/679 702/702/702 690/690/690
f 697/697/697 704/704/704 702/702/702
f 697/697/697 702/702/702 693/693/693
f 705/705/705 703/703/703 702/702/702
f 705/705/705 702/702/702 704/704/704
f 697/697/697 696/696/696 706/706/706
f 697/697/697 706/706/706 707/707/707
f 695/695/695 708/708/708 706/706/706
f 695/695/695 706/706/706 696/696/696
f 709/709/709 710/710/710 706/706/706
f 709/709/709 706/706/706 708/708/708
f 711/711/711 707/707/707 706/706/706
f 711/711/711 706/706/706 710/710/710
f 695/695/695 701/701/701 712/712/712
f 695/695/695 712/712/712 708/708/708
f 700/700/700 713/713/713 712/712/712
f 700/700/700 712/712/712 701/701/701
f 714/714/714 715/715/715 712/712/712
f 714/714/714 712/712/712 713/713/713
f 709/709/709 708/708/708 712/712/712
f 709/709/709 712/712/712 715/715/715
f 705/705/705 704/704/704 716/716/716
f 705/705/705 716/716/716 717/717/717
f 697/697/697 707/707/707 716/716/716
f 697/697/697 716/716/716 704/704/704
f 711/711/711 718/718/718 716/716/716
f 711/711/711 716/716/716 707/707/707
f 719/719/719 717/717/717 716/716/716
f 719/719/719 716/716/716 718/718/718
f 711/711/711 710/710/710 720/720/720
f 711/711/711 720/720/720 721/721/721
f 709/709/709 722/722/722 720/720/720
f 709/709/709 720/720/720 710/710/710
f 723/723/723 724/724/724 720/720/720
f 723/723/723 720/720/720 722/722/722
f 725/725/725 721/721/721 720/720/720
f 725/725/725 720/720/720 724/724/724
f 709/709/709 715/715/715 726/726/726
f 709/709/709 726/726/726 722/722/722
f 714/714/714 727/727/727 726/726/726
f 714/714/714 726/726/726 715/715/715
f 728/728/728 729/729/729 726/726/726
f 728/728/728 726/726/726 727/727/727
f 723/723/723 722/722/722 726/726/726
f 723/723/723 726/726/726 729/729/729
f 719/719/719 718/718/718 730/730/730
f 719/719/719 730/730/730 731/731/731
f 711/711/711 721/721/721 730/730/730
f 711/711/711 730/730/730 718/718/718
f 725/725/725 732/732/732 730/730/730
f 725/725/725 730/730/730 721/721/721
f 733/733/733 731/731/731 730/730/730
f 733/733/733 730/730/730 732/732/732
f 725/725/725 724/724/724 734/734/734
f 725/725/725 734/734/734 735/735/735
f 723/723/723 736/736/736 734/734/734
f 723/723/723 734/734/734 724/724/724
f 737/737/737 738/738/738 734/734/734
f 737/737/737 734/734/734 736/736/736
f 739/739/739 735/735/735 734/734/734
f 739/739/739 734/734/734 738/738/738
f 723/723/723 729/729/729 740/740/740
f 723/723/723 740/740/740 736/736/736
f 728/728/728 741/741/741 740/740/740
f 728/728/728 740/740/740 729/729/729
f 742/742/742 743/743/743 740/740/740
f 742/742/742 740/740/740 741/741/741
f 737/737/737 736/736/736 740/740/740
f 737/737/737 740/740/740 743/743/743
f 733/733/733 732/732/732 744/744/744
f 733/733/733 744/744/744 745/745/745
f 725/725/725 735/735/735 744/744/744
f 725/725/725 744/744/744 732/732/732
f 739/739/739 746/746/746 744/744/744
f 739/739/739 744/744/744 735/735/735
f 747/747/747 745/745/745 744/744/744
f 747/747/747 744/744/744 746/746/746
f 739/739/739 738/738/738 748/748/748
f 739/739/739 748/748/748 749/749/749
f 737/737/737 750/750/750 748/748/748
f 737/737/737 748/748/748 738/738/738
f 751/751/751 752/752/752 748/748/748
f 751/751/751 748/748/748 750/750/750
f 753/753/753 749/749/749 748/748/748
f 753/753/753 748/748/748 752/752/752
f 737/737/737 743/743/743 754/754/754
f 737/737/737 754/754/754 750/750/750
f 742/742/742 755/755/755 754/754/754
f 742/742/742 754/754/754 743/743/743
f 756/756/756 757/757/757 754/754/754
f 756/756/756 754/754/754 755/755/755
f 751/751/751 750/750/750 754/754/754
f 751/751/751 754/754/754 757/757/757
f 742/742/742 759/759/759 758/758/758
f 742/742/742 758/758/758 755/755/755
f 747/747/747 760/760/760 758/758/758
f 747/747/747 758/758/758 759/759/759
f 761/761/761 762/762/762 758/758/758
f 761/761/761 758/758/758 760/760/760
f 756/756/756 755/755/755 758/758/758
f 756/756/756 758/758/758 762/762/762
f 747/747/747 746/746/746 763/763/763
f 747/747/747 763/763/763 760/760/760
f 739/739/739 749/749/749 763/763/763
f 739/739/739 763/763/763 746/746/746
f 753/753/753 764/764/764 763/763/763
f 753/753/753 763/763/763 749/749/749
f 761/761/761 760/760/760 763/763/763
f 761/761/761 763/763/763 764/764/764
f 539/539/539 540/540/540 765/765/765
f 539/539/539 765/765/765 766/766/766
f 543/543/543 767/767/767 765/765/765
f 543/543/543 765/765/765 540/540/540
f 768/768/768 769/769/769 765/765/765
f 768/768/768 765/765/765 767/767/767
f 770/770/770 766/766/766 765/765/765
f 770/770/770 765/765/765 769/769/769
f 543/543/543 548/548/548 771/771/771
f 543/543/543 771/771/771 767/767/767
f 550/550/550 772/772/772 771/771/771
f 550/550/550 771/771/771 548/548/548
f 773/773/773 774/774/774 771/771/771
f 773/773/773 771/771/771 772/772/772
f 768/768/768 767/767/767 771/771/771
f 768/768/768 771/771/771 774/774/774
f 550/550/550 554/554/554 775/775/775
f 550/550/550 775/775/775 772/772/772
f 556/556/556 776/776/776 775/775/775
f 556/556/556 775/775/775 554/554/554
f 777/777/777 778/778/778 775/775/775
f 777/777/777 775/775/775 776/776/776
f 773/773/773 772/772/772 775/775/775
f 773/773/773 775/775/775 778/778/778
f 556/556/556 560/560/560 779/779/779
f 556/556/556 779/779/779 776/776/776
f 539/539/539 766/766/766 779/779/779
f 539/539/539 779/779/779 560/560/560
f 770/770/770 780/780/780 779/779/779
f 770/770/770 779/779/779 766/766/766
f 777/777/777 776/776/776 779/779/779
f 777/777/777 779/779/779 780/780/780
f 770/770/770 769/769/769 781/781/781
f 770/770/770 781/781/781 782/782/782
f 768/768/768 783/783/783 781/781/781
f 768/768/768 781/781/781 769/769/769
f 784/784/784 785/785/785 781/781/781
f 784/784/784 781/781/781 783/783/783
f 786/786/786 782/782/782 781/781/781
f 786/786/786 781/781/781 785/785/785
f 768/768/768 774/774/774 787/787/787
f 768/768/768 787/787/787 783/783/783
f 773/773/773 788/788/788 787/787/787
f 773/773/773 787/787/787 774/774/774
f 789/789/789 790/790/790 787/787/787
f 789/789/789 787/787/787 788/788/788
f 784/784/784 783/783/783 787/787/787
f 784/784/784 787/787/787 790/790/790
f 773/773/773 778/778/778 791/791/791
f 773/773/773 791/791/791 788/788/788
f 777/777/777 792/792/792 791/791/791
f 777/777/777 791/791/791 778/778/778
f 793/793/793 794/794/794 791/791/791
f 793/793/793 791/791/791 792/792/792
f 789/789/789 788/788/788 791/791/791
f 789/789/789 791/791/791 794/794/794
f 777/777/777 780/780/780 795/795/795
f 777/777/777 795/795/795 792/792/792
f 770/770/770 782/782/782 795/795/795
f 770/770/770 795/795/795 780/780/780
f 786/786/786 796/796/796 795/795/795
f 786/786/786 795/795/795 782/782/782
f 793/793/793 792/792/792 795/795/795
f 793/793/793 795/795/795 796/796/796
f 786/786/786 785/785/785 797/797/797
f 786/786/786 797/797/797 798/798/798
f 784/784/784 799/799/799 797/797/797
f 784/784/784 797/797/797 785/785/785
f 800/800/800 801/801/801 797/797/797
f 800/800/800 797/797/797 799/799/799
f 802/802/802 798/798/798 797/797/797
f 802/802/802 797/797/797 801/801/801
f 784/784/784 790/790/790 803/803/803
f 784/784/784 803/803/803 799/799/799
f 789/789/789 804/804/804 803/803/803
f 789/789/789 803/803/803 790/790/790
f 805/805/805 806/806/806 803/803/803
f 805/805/805 803/803/803 804/804/804
f 800/800/800 799/799/799 803/803/803
f 800/800/800 803/803/803 806/806/806
f 793/793/793 796/796/796 807/807/807
f 793/793/793 807/807/807 808/808/808
f 786/786/786 798/798/798 807/807/807
f 786/786/786 807/807/807 796/796/796
f 802/802/802 809/809/809 807/807/807
f 802/802/802 807/807/807 798/798/798
f 810/810/810 808/808/808 807/807/807
f 810/810/810 807/807/807 809/809/809
f 811/811/811 813/813/813 812/812/812
f 811/811/811 812/812/812 814/814/814
f 815/815/815 816/816/816 812/812/812
f 815/815/815 812/812/812 813/813/813
f 817/817/817 818/818/818 812/812/812
f 817/817/817 812/812/812 816/816/816
f 819/819/819 814/814/814 812/812/812
f 819/819/819 812/812/812 818/818/818
f 756/756/756 762/762/762 820/820/820
f 756/756/756 820/820/820 757/757/757
f 761/761/761 764/764/764 820/820/820
f 761/761/761 820/820/820 762/762/762
f 753/753/753 752/752/752 820/820/820
f 753/753/753 820/820/820 764/764/764
f 751/751/751 757/757/757 820/820/820
f 751/751/751 820/820/820 752/752/752
f 802/802/802 801/801/801 821/821/821
f 802/802/802 821/821/821 822/822/822
f 800/800/800 823/823/823 821/821/821
f 800/800/800 821/821/821 801/801/801
f 819/819/819 818/818/818 821/821/821
f 819/819/819 821/821/821 823/823/823
f 817/817/817 822/822/822 821/821/821
f 817/817/817 821/821/821 818/818/818
f 800/800/800 806/806/806 824/824/824
f 800/800/800 824/824/824 823/823/823
f 805/805/805 825/825/825 824/824/824
f 805/805/805 824/824/824 806/806/806
f 811/811/811 814/814/814 824/824/824
f 811/811/811 824/824/824 825/825/825
f 819/819/819 823/823/823 824/824/824
f 819/819/819 824/824/824 814/814/814
f 805/805/805 827/827/827 826/826/826
f 805/805/805 826/826/826 825/825/825
f 810/810/810 828/828/828 826/826/826
f 810/810/810 826/826/826 827/827/827
f 815/815/815 813/813/813 826/826/826
f 815/815/815 826/826/826 828/828/828
f 811/811/811 825/825/825 826/826/826
f 811/811/811 826/826/826 813/813/813
f 810/810/810 809/809/809 829/829/829
f 810/810/810 829/829/829 828/828/828
f 802/802/802 822/822/822 829/829/829
f 802/802/802 829/829/829 809/809/809
f 817/817/817 816/816/816 829/829/829
f 817/817/817 829/829/829 822/822/822
f 815/815/815 828/828/828 829/829/829
f 815/815/815 829/829/829 816/816/816
f 789/789/789 794/794/794 830/830/830
f 789/789/789 830/830/830 831/831/831
f 793/793/793 832/832/832 830/830/830
f 793/793/793 830/830/830 794/794/794
f 833/833/833 831/831/831 830/830/830
f 833/833/833 830/830/830 832/832/832
f 805/805/805 804/804/804 834/834/834
f 805/805/805 834/834/834 835/835/835
f 789/789/789 831/831/831 834/834/834
f 789/789/789 834/834/834 804/804/804
f 833/833/833 835/835/835 834/834/834
f 833/833/833 834/834/834 831/831/831
f 810/810/810 827/827/827 836/836/836
f 810/810/810 836/836/836 837/837/837
f 805/805/805 835/835/835 836/836/836
f 805/805/805 836/836/836 827/827/827
f 833/833/833 837/837/837 836/836/836
f 833/833/833 836/836/836 835/835/835
f 793/793/793 808/808/808 838/838/838
f 793/793/793 838/838/838 832/832/832
f 810/810/810 837/837/837 838/838/838
f 810/810/810 838/838/838 808/808/808
f 833/833/833 832/832/832 838/838/838
f 833/833/833 838/838/838 837/837/837
f 700/700/700 840/840/840 839/839/839
f 700/700/700 839/839/839 841/841/841
f 705/705/705 842/842/842 839/839/839
f 705/705/705 839/839/839 840/840/840
f 843/843/843 841/841/841 839/839/839
f 843/843/843 839/839/839 842/842/842
f 714/714/714 713/713/713 844/844/844
f 714/714/714 844/844/844 845/845/845
f 700/700/700 841/841/841 844/844/844
f 700/700/700 844/844/844 713/713/713
f 843/843/843 845/845/845 844/844/844
f 843/843/843 844/844/844 841/841/841
f 719/719/719 847/847/847 846/846/846
f 719/719/719 846/846/846 848/848/848
f 714/714/714 845/845/845 846/846/846
f 714/714/714 846/846/846 847/847/847
f 843/843/843 848/848/848 846/846/846
f 843/843/843 846/846/846 845/845/845
f 705/705/705 717/717/717 849/849/849
f 705/705/705 849/849/849 842/842/842
f 719/719/719 848/848/848 849/849/849
f 719/719/719 849/849/849 717/717/717
f 843/843/843 842/842/842 849/849/849
f 843/843/843 849/849/849 848/848/848
f 684/684/684 851/851/851 850/850/850
f 684/684/684 850/850/850 852/852/852
f 691/691/691 853/853/853 850/850/850
f 691/691/691 850/850/850 851/851/851
f 854/854/854 852/852/852 850/850/850
f 854/854/854 850/850/850 853/853/853
f 700/700/700 699/699/699 855/855/855
f 700/700/700 855/855/855 856/856/856
f 684/684/684 852/852/852 855/855/855
f 684/684/684 855/855/855 699/699/699
f 854/854/854 856/856/856 855/855/855
f 854/854/854 855/855/855 852/852/852
f 705/705/705 840/840/840 857/857/857
f 705/705/705 857/857/857 858/858/858
f 700/700/700 856/856/856 857/857/857
f 700/700/700 857/857/857 840/840/840
f 854/854/854 858/858/858 857/857/857
f 854/854/854 857/857/857 856/856/856
f 691/691/691 703/703/703 859/859/859
f 691/691/691 859/859/859 853/853/853
f 705/705/705 858/858/858 859/859/859
f 705/705/705 859/859/859 703/703/703
f 854/854/854 853/853/853 859/859/859
f 854/854/854 859/859/859 858/858/858
f 684/684/684 683/683/683 860/860/860
f 684/684/684 860/860/860 861/861/861
f 682/682/682 862/862/862 860/860/860
f 682/682/682 860/860/860 683/683/683
f 863/863/863 861/861/861 860/860/860
f 863/863/863 860/860/860 862/862/862
f 691/691/691 851/851/851 864/864/864
f 691/691/691 864/864/864 865/865/865
f 684/684/684 861/861/861 864/864/864
f 684/684/684 864/864/864 851/851/851
f 863/863/863 865/865/865 864/864/864
f 863/863/863 864/864/864 861/861/861
f 682/682/682 867/867/867 866/866/866
f 682/682/682 866/866/866 862/862/862
f 686/686/686 868/868/868 866/866/866
f 686/686/686 866/866/866 867/867/867
f 863/863/863 862/862/862 866/866/866
f 863/863/863 866/866/866 868/868/868
f 686/686/686 689/689/689 869/869/869
f 686/686/686 869/869/869 868/868/868
f 691/691/691 865/865/865 869/869/869
f 691/691/691 869/869/869 689/689/689
f 863/863/863 868/868/868 869/869/869
f 863/863/863 869/869/869 865/865/865
f 728/728/728 727/727/727 870/870/870
f 728/728/728 870/870/870 871/871/871
f 714/714/714 872/872/872 870/870/870
f 714/714/714 870/870/870 727/727/727
f 873/873/873 871/871/871 870/870/870
f 873/873/873 870/870/870 872/872/872
f 733/733/733 875/875/875 874/874/874
f 733/733/733 874/874/874 876/876/876
f 728/728/728 871/871/871 874/874/874
f 728/728/728 874/874/874 875/875/875
f 873/873/873 876/876/876 874/874/874
f 873/873/873 874/874/874 871/871/871
f 714/714/714 847/847/847 877/877/877
f 714/714/714 877/877/877 872/872/872
f 719/719/719 878/878/878 877/877/877
f 719/719/719 877/877/877 847/847/847
f 873/873/873 872/872/872 877/877/877
f 873/873/873 877/877/877 878/878/878
f 719/719/719 731/731/731 879/879/879
f 719/719/719 879/879/879 878/878/878
f 733/733/733 876/876/876 879/879/879
f 733/733/733 879/879/879 731/731/731
f 873/873/873 878/878/878 879/879/879
f 873/873/873 879/879/879 876/876/876
f 742/742/742 741/741/741 880/880/880
f 742/742/742 880/880/880 881/881/881
f 728/728/728 882/882/882 880/880/880
f 728/728/728 880/880/880 741/741/741
f 883/883/883 881/881/881 880/880/880
f 883/883/883 880/880/880 882/882/882
f 747/747/747 759/759/759 884/884/884
f 747/747/747 884/884/884 885/885/885
f 742/742/742 881/881/881 884/884/884
f 742/742/742 884/884/884 759/759/759
f 883/883/883 885/885/885 884/884/884
f 883/883/883 884/884/884 881/881/881
f 728/728/728 875/875/875 886/886/886
f 728/728/728 886/886/886 882/882/882
f 733/733/733 887/887/887 886/886/886
f 733/733/733 886/886/886 875/875/875
f 883/883/883 882/882/882 886/886/886
f 883/883/883 886/886/886 887/887/887
f 733/733/733 745/745/745 888/888/888
f 733/733/733 888/888/888 887/887/887
f 747/747/747 885/885/885 888/888/888
f 747/747/747 888/888/888 745/745/745
f 883/883/883 887/887/887 888/888/888
f 883/883/883 888/888/888 885/885/885
