# Object17.bmd — MU geometry at action 0 key 0, exported for MU2
# 1 mesh(es)

g bro01
# texture: bro01.jpg
v 0.0007 92.3315 30.889
v 0.0006 88.1973 41.6445
v 10.6694 89.4334 39.4471
v 11.236 91.7061 30.9437
v 0.0007 92.3315 30.889
v 11.236 91.7061 30.9437
v 10.6694 87.99139 22.964
v 0.0007 89.6365 19.3774
v 0.0006 77.90791 46.7301
v 12.9642 76.0886 44.0545
v 0.0006 70.128 45.9355
v 8.5328 68.485 40.6371
v 11.9596 64.1932 33.3507
v 12.9642 76.0886 44.0545
v 11.9596 64.1932 33.3507
v 15.674 72.2468 32.6461
v 12.9642 74.0492 20.7439
v 8.5328 63.4721 25.1092
v 0.0007 61.3976 12.1039
v 0.0006 69.8567 33.4605
v 12.1729 63.5704 44.3367
v 0.0006 64.2179 49.2335
v 17.1075 58.2068 33.8744
v 12.1729 55.04079 21.9237
v 0.0007 51.53699 14.927
v 17.6386 96.4265 30.4297
v 18.311 87.2763 40.38611
v 18.3111 85.68641 22.2135
v 17.6386 96.4265 30.4297
v 16.8948 80.8775 44.7384
v 12.8065 82.4113 31.6559
v 12.8065 82.4113 31.6559
v 16.8948 80.8775 44.7384
v 12.9642 76.0886 44.0545
v 12.9642 74.0492 20.7439
v 16.8948 78.629 19.0385
v 16.8948 78.629 19.0385
v 0.0006 64.2179 49.2335
v 12.1729 63.5704 44.3367
v 17.1075 58.2068 33.8744
v 17.1075 58.2068 33.8744
v 12.1729 55.04079 21.9237
v 0.0007 51.53699 14.927
v 5.8821 82.2262 9.518095
v 0.0007 88.0787 9.546297
v 5.6411 74.4271 9.376699
v 0.0007 64.5717 8.891199
v 17.6386 96.4265 30.4297
v 18.311 87.2763 40.38611
v 18.3111 85.68641 22.2135
v 11.2602 38.0888 25.9467
v 11.2602 27.1706 27.7131
v 7.1679 28.7611 31.976
v 5.4728 32.5697 35.4801
v 7.1679 35.9489 37.7884
v 11.2602 37.3486 38.7445
v 15.3525 35.9489 37.7883
v 17.0476 32.5698 35.4801
v 15.3525 28.7611 31.976
v 11.2602 13.3186 41.9501
v 5.4728 17.1075 44.5479
v 3.0756 22.8624 49.691
v 5.4728 27.6412 52.9554
v 11.2601 29.6207 54.3075
v 17.0475 27.6413 52.9553
v 19.4448 22.8624 49.6909
v 17.0476 17.1075 44.5478
v 11.2602 5.172901 63.873
v 7.1679 6.5725 64.8291
v 5.4728 9.9517 67.1374
v 7.1678 16.1942 67.0692
v 11.2601 17.5939 68.02531
v 15.3524 16.1942 67.0691
v 17.0475 9.9517 67.1374
v 15.3525 6.572598 64.82911
v 11.2601 7.602501 71.0963
v 0.0007 89.4081 3.2208
v 2.2832 87.2236 0.562399
v 0.0007 75.3268 -0.076899
v 0.0007 87.0168 -5.4014
v 0.0008 104.8777 -3.497595
v 11.2603 20.7935 -17.6836
v 11.2603 30.092 -22.5473
v 7.168 26.4518 -23.5963
v 5.4729 21.4148 -24.785
v 7.168 17.338 -25.1417
v 11.2603 15.6494 -25.2894
v 15.3526 17.338 -25.1417
v 17.0477 21.4148 -24.7851
v 15.3526 26.4518 -23.5963
v 11.2604 35.0271 -39.8573
v 5.473 30.4513 -40.2655
v 3.0758 22.9147 -41.9295
v 5.473 17.1493 -42.4339
v 11.2603 14.7612 -42.64279
v 17.0477 17.1493 -42.4339
v 19.4449 22.9147 -41.9295
v 17.0477 30.4514 -40.26551
v 11.2604 30.17999 -58.5695
v 7.1681 28.4914 -58.71719
v 5.473 24.4146 -59.0739
v 7.1681 19.0061 -55.956
v 11.2604 17.31751 -56.10371
v 15.3527 19.0061 -55.956
v 17.0478 24.4146 -59.0739
v 15.3527 28.4914 -58.71719
v 11.2604 24.52291 -63.6761
v 0.0008 52.382 -65.091
v 0.0009 34.391 -88.3872
v 4.3858 35.89339 -90.3033
v 4.3859 38.8981 -94.1355
v 0.0009 40.4005 -96.05161
v 0.0009 21.4742 -93.53561
v 5.9463 22.6189 -96.6688
v 5.9463 24.9083 -102.9353
v 0.0009 26.053 -106.0685
v 0.0009 15.87 -86.5752
v 6.5709 13.351 -89.2804
v 6.5709 8.312899 -94.6907
v 0.0009 5.793802 -97.3958
v 0.0008 13.66651 -77.41441
v 6.5708 9.979204 -77.6729
v 6.5708 2.604502 -78.1899
v 0.0008 -1.082891 -78.44841
v 0.0008 17.6127 -60.8673
v 7.0681 13.8467 -59.56919
v 7.068 6.3146 -56.9729
v 0.0008 2.548601 -55.67471
v 0.0008 27.6548 -42.4267
v 7.275 23.8651 -40.3017
v 7.275 16.9644 -36.13271
v 0.0007 11.9878 -34.2098
v 0.0007 25.5667 -31.8106
v 7.6176 24.2351 61.4433
v -0.004 52.8327 44.3244
v 10.7896 43.5448 45.6896
v -0.015 20.7784 66.8383
v -0.015 20.7784 66.8383
v 7.6176 24.2351 61.4433
v 0.0182 33.0235 63.2296
v -0.004 52.8327 44.3244
v 10.7896 43.5448 45.6896
v -10.6681 89.4334 39.4472
v -11.2347 91.7061 30.9437
v -10.6681 87.99129 22.9641
v -11.2347 91.7061 30.9437
v -12.9629 76.0886 44.0546
v -8.5316 68.485 40.6371
v -11.9584 64.1931 33.3508
v -12.9629 76.0886 44.0546
v -15.6728 72.2468 32.6462
v -11.9584 64.1931 33.3508
v -12.9629 74.0492 20.744
v -8.5315 63.4721 25.1092
v -12.1717 63.5704 44.3367
v -17.1063 58.20679 33.8745
v -12.1717 55.0407 21.9238
v -17.6372 96.42641 30.4298
v -18.3098 87.2763 40.3862
v -18.3097 85.68641 22.2136
v -17.6372 96.42641 30.4298
v -16.8936 80.87741 44.73849
v -12.8052 82.4113 31.656
v -12.8052 82.4113 31.656
v -12.9629 76.0886 44.0546
v -16.8936 80.87741 44.73849
v -16.8935 78.629 19.0386
v -12.9629 74.0492 20.744
v -16.8935 78.629 19.0386
v -12.1717 63.5704 44.3367
v -17.1063 58.20679 33.8745
v -17.1063 58.20679 33.8745
v -12.1717 55.0407 21.9238
v -5.8807 82.2262 9.518095
v -5.6397 74.4271 9.376799
v -17.6372 96.42641 30.4298
v -18.3098 87.2763 40.3862
v -18.3097 85.68641 22.2136
v -11.259 38.0888 25.9468
v -7.1667 28.7611 31.976
v -11.259 27.1706 27.7131
v -5.4716 32.5697 35.4801
v -7.1667 35.9489 37.7884
v -11.259 37.3486 38.7445
v -15.3513 35.9489 37.7884
v -17.0464 32.5697 35.4802
v -15.3513 28.7611 31.976
v -5.4716 17.1075 44.5479
v -11.259 13.3185 41.9502
v -3.0744 22.8624 49.691
v -5.4716 27.6412 52.9554
v -11.259 29.6207 54.3076
v -17.0464 27.6412 52.9554
v -19.4436 22.8623 49.691
v -17.0464 17.1075 44.5479
v -7.1668 6.5725 64.8291
v -11.2591 5.1728 63.873
v -5.4717 9.9517 67.1374
v -7.1668 16.1942 67.0692
v -11.2591 17.5938 68.0253
v -15.3514 16.1942 67.0692
v -17.0464 9.9517 67.1374
v -15.3514 6.5725 64.8291
v -11.2591 7.602501 71.0963
v -2.2817 87.2236 0.562399
v -11.2589 22.4877 -19.3778
v -7.1666 28.146 -25.2905
v -11.2589 31.7863 -24.2415
v -5.4715 23.109 -26.4793
v -7.1666 19.0323 -26.8359
v -11.2589 17.3436 -26.98371
v -15.3512 19.0323 -26.8359
v -17.0462 23.109 -26.4793
v -15.3512 28.146 -25.2905
v -5.4714 32.1456 -41.9597
v -11.2588 36.7214 -41.5515
v -3.0742 24.609 -43.6237
v -5.4714 18.8436 -44.12811
v -11.2588 16.4555 -44.33701
v -17.0462 18.8436 -44.12811
v -19.4434 24.6089 -43.6237
v -17.0462 32.1456 -41.9597
v -7.1665 30.1856 -60.4115
v -11.2588 31.8742 -60.26369
v -5.4714 26.1089 -60.7681
v -7.1665 20.7004 -57.6502
v -11.2588 19.0118 -57.7979
v -15.3511 20.7004 -57.6502
v -17.0461 26.1089 -60.7681
v -15.3511 30.1856 -60.41141
v -11.2588 26.2172 -65.3703
v -4.3841 35.8933 -90.3033
v -4.3841 38.8981 -94.1355
v -5.9445 22.6188 -96.6688
v -5.9445 24.9083 -102.9353
v -6.5691 13.351 -89.2803
v -6.5691 8.312799 -94.69061
v -6.5692 9.979204 -77.6729
v -6.5692 2.604502 -78.1899
v -7.0665 13.8467 -59.56919
v -7.0665 6.3146 -56.9728
v -7.2735 23.8651 -40.3017
v -7.2735 16.9643 -36.13271
v -7.6166 24.2352 61.4433
v -10.7885 43.5448 45.6896
v -0.015 20.7784 66.8383
v -7.6166 24.2352 61.4433
v -10.7885 43.5448 45.6896
v 0.0008 38.40051 -35.7165
v 0.0008 48.2135 -34.7827
v 7.8268 39.0351 -22.789
v 3.6623 51.1321 -30.9359
v 0.0008 60.28911 -48.43459
v 0.0008 54.8462 -27.0799
v 0.0007 41.456 -7.1915
v 13.1884 89.9945 30.7447
v 21.0379 84.8357 27.5156
v 15.0516 85.5194 25.4407
v 10.5983 83.69791 28.4478
v 10.5983 84.1925 34.10011
v 15.0516 86.5085 36.7453
v 16.9689 85.4263 31.4256
v 17.1387 66.5377 37.2613
v 16.1562 64.4305 33.0959
v 21.402 64.493 34.6384
v 21.5423 68.1484 38.1394
v 25.588 67.5675 33.2378
v 24.2224 66.5766 29.4187
v 25.122 68.6748 33.4992
v 19.3546 67.06131 27.7409
v 22.8224 74.4137 24.1955
v 25.8874 77.44939 32.3608
v 15.9088 71.8849 22.8168
v 10.5377 72.6645 27.9779
v 12.0803 75.9729 34.5177
v 20.5163 78.229 37.5219
v 0.0006 46.0856 31.6875
v 0.0006 50.4116 43.1066
v 9.2396 56.9028 37.4469
v 12.4252 55.4643 27.7204
v 9.2396 54.5686 20.064
v 0.0006 50.22 21.7385
v 7.8567 48.9634 37.0216
v 10.8532 48.4784 31.4781
v 7.8567 47.9934 25.9347
v 0.0006 34.9437 44.3211
v 14.1424 36.6647 33.3118
v 9.9887 31.5852 25.0407
v 0.0006 21.65 40.0273
v 0.0006 18.4151 24.0651
v 11.8396 40.8857 -19.4392
v 0.0008 41.2446 -35.553
v 0.0007 46.2721 -19.09579
v 12.489 35.6632 -31.05359
v 9.7071 48.5539 -0.0455
v 0.0007 50.8577 2.425697
v 0.0006 47.7768 11.6334
v 14.2935 39.2422 5.584301
v 15.0675 35.6753 -19.3322
v 0.0007 36.6027 -33.1974
v 10.8533 32.9656 -32.8792
v 7.8569 32.4806 -38.4227
v 0.0008 30.9889 -40.6059
v 14.1425 23.2786 -30.20529
v 9.9888 22.6063 -37.8897
v 0.0008 19.9025 -43.2907
v 0.0007 8.8878 -16.7496
v 0.0007 35.1775 -11.8952
v 11.346 31.4031 -13.8217
v 14.4373 20.7738 -14.1561
v 14.4372 25.8406 8.1343
v 11.3459 37.5891 8.6224
v 0.0007 42.4776 7.096703
v 0.0006 9.7394 8.762999
v 7.7451 41.6131 32.4762
v 0.0006 56.5972 21.8049
v 9.03 57.37521 30.6979
v 0.0006 40.947 24.8633
v 0.0006 42.2791 40.0891
v 0.0006 58.15331 39.5908
v 0.0007 73.6665 22.41221
v 9.5034 74.48581 31.7767
v 0.0006 75.3051 41.1412
v 30.4206 51.60419 44.1094
v 31.1021 52.8654 34.8442
v 30.1819 57.89081 40.9235
v 28.4979 46.3488 42.9619
v 23.1778 53.056 34.3648
v 24.6128 48.5483 39.3981
v 22.8271 56.0326 41.3463
v 26.5355 53.8037 40.5455
v 29.9631 56.963 33.0398
v 20.506 78.4745 26.4396
v 20.1553 81.4512 33.4211
v 13.1512 76.6163 26.8624
v 12.8005 79.593 33.8439
v -7.8253 39.0351 -22.7889
v -3.6608 51.1321 -30.9359
v -13.1871 89.9945 30.7448
v -15.0503 85.5194 25.4407
v -21.0322 84.8283 27.5225
v -10.597 83.69789 28.4479
v -10.597 84.1924 34.1002
v -15.0503 86.5084 36.7454
v -17.0058 85.32391 31.4893
v -17.5686 66.4019 37.1903
v -21.8306 64.4469 34.4978
v -16.5667 64.3066 33.0234
v -21.9558 68.0805 38.0221
v -25.9457 67.6009 33.0641
v -24.5467 66.613 29.2564
v -25.4647 68.69841 33.3393
v -19.6498 67.027 27.6457
v -22.947 74.46051 24.1067
v -26.0681 77.4921 32.2523
v -16.0591 71.8251 22.8008
v -10.7442 72.47931 28.0369
v -12.3172 75.7689 34.5789
v -20.7532 78.1463 37.4884
v -9.2384 56.9028 37.447
v -12.4239 55.46429 27.7205
v -9.2383 54.5686 20.064
v -7.8555 48.9634 37.0216
v -10.852 48.4784 31.4782
v -7.8555 47.9934 25.9347
v -14.1412 36.6646 33.3118
v -9.9875 31.5852 25.0407
v -11.8382 40.8857 -19.4391
v -12.4875 35.6632 -31.0535
v -9.7057 48.5539 -0.0455
v -14.2922 39.2422 5.5844
v -15.0661 35.6753 -19.3322
v -7.8554 32.4806 -38.4227
v -10.8518 32.9656 -32.8792
v -9.9873 22.6063 -37.8896
v -14.141 23.2786 -30.2052
v -11.3446 31.4031 -13.8216
v -14.4359 20.7738 -14.156
v -14.436 25.8405 8.1343
v -11.3446 37.5891 8.6224
v -7.7439 41.613 32.4763
v -9.0288 57.37521 30.6979
v -9.5022 74.48581 31.7767
v -31.2104 51.6612 43.7277
v -30.8019 57.9511 40.6214
v -31.7259 52.9831 34.4957
v -29.3143 46.3889 42.6141
v -23.7939 53.0436 34.1212
v -25.3905 48.5489 39.0685
v -23.4854 55.9666 41.1272
v -27.2867 53.8212 40.1821
v -30.4948 57.0731 32.735
v -20.2843 81.3896 33.4153
v -20.5927 78.4666 26.4092
v -13.2763 76.4821 26.915
v -12.9678 79.40511 33.9211
v 32.8282 56.9296 33.2479
v 21.7342 79.45361 44.3382
v 25.4762 80.21751 30.6467
v 26.6371 68.1074 45.635
v 21.2905 76.3116 17.5362
v 26.1935 64.9653 18.833
v 14.2961 99.36031 38.0138
v 13.3236 99.7659 28.5552
v 13.9901 97.19339 19.5296
v 25.2039 89.3654 37.2858
v 26.6371 68.1074 45.635
v 27.7797 80.3001 30.5746
v 32.6352 66.2949 32.3637
v 24.9519 87.5802 22.0574
v 26.1935 64.9653 18.833
v 21.2905 76.3116 17.5362
v 23.9799 97.06361 34.0084
v 29.4623 89.6184 29.52241
v 28.4483 97.5376 28.61289
v 23.806 95.8324 23.50611
v 32.8282 56.9296 33.2479
v 13.9901 97.19339 19.5296
v 13.3236 99.7659 28.5552
v 22.2626 100.5788 28.4192
v 14.2961 99.36031 38.0138
v 21.7342 79.45361 44.3382
v 13.4933 50.7277 56.3888
v 12.9041 50.8464 65.3289
v 11.7278 55.3152 63.8804
v 10.2506 47.0585 63.8927
v 6.4209 47.7393 61.00809
v 5.2445 52.2081 59.5596
v 7.898 55.9961 60.9957
v 13.8628 54.9289 60.9547
v 26.9745 48.5674 52.0414
v 25.4453 54.3768 50.1584
v 15.0391 50.4601 62.4032
v 25.1753 43.5193 48.4526
v 13.553 46.4609 59.3674
v 20.78 44.5321 44.6226
v 9.0304 47.26711 57.4321
v 19.2508 50.3415 42.7396
v 7.8541 51.7359 55.9836
v 22.1169 55.1382 44.6865
v 11.2004 55.3986 56.4704
v 22.3733 49.5591 48.3137
v 34.8551 53.5732 40.03761
v 36.3843 47.7638 41.9206
v 30.2668 42.3174 40.6097
v 23.8484 43.508 38.9715
v 22.3191 49.3175 37.0885
v 27.2084 53.93629 36.8436
v 15.0391 50.4601 62.4032
v 13.8628 54.9289 60.9547
v 13.5692 56.2625 62.8787
v 15.0984 50.453 64.7618
v 13.553 46.4609 59.3674
v 12.1227 45.443 62.2455
v 9.0304 47.26711 57.4321
v 7.1507 46.3268 58.4863
v 7.8541 51.7359 55.9836
v 5.6215 52.1363 56.6032
v 11.2004 55.3986 56.4704
v 9.0643 57.0618 58.4794
v 11.7278 55.3152 63.8804
v 12.9041 50.8464 65.3289
v 10.2506 47.0585 63.8927
v 6.4209 47.7393 61.00809
v 5.2445 52.2081 59.5596
v 7.898 55.9961 60.9957
v 25.4453 54.3768 50.1584
v 26.9745 48.5674 52.0414
v 33.6516 48.131 48.3245
v 31.6789 55.6251 45.8953
v 25.1753 43.5193 48.4526
v 28.0318 41.223 45.1524
v 20.78 44.5321 44.6226
v 21.8321 42.6836 41.1174
v 19.2508 50.3415 42.7396
v 19.8594 50.1778 38.6882
v 22.1169 55.1382 44.6865
v 24.0864 56.2114 40.2941
v 36.3843 47.7638 41.9206
v 34.8551 53.5732 40.03761
v 30.2668 42.3174 40.6097
v 23.8484 43.508 38.9715
v 22.3191 49.3175 37.0885
v 27.2084 53.93629 36.8436
v 12.5479 31.7632 -61.4578
v 12.5479 18.5009 -62.4553
v 3.7565 21.8047 -55.5653
v 3.7565 32.3979 -56.13181
v 12.5479 41.4873 -63.4684
v 21.3392 32.3979 -56.13191
v 21.3392 21.8047 -55.5653
v 12.5479 14.6624 -48.10471
v 5.3418 20.1042 -45.8331
v 12.5479 14.62 -72.33949
v 12.5479 8.132006 -54.96221
v 9.0172 15.7387 -59.8964
v 3.6873 28.1863 -45.5451
v 12.5479 33.3381 -46.07501
v 21.4084 28.1863 -45.5451
v 19.7539 20.1042 -45.8331
v 16.0785 15.7387 -59.8964
v 12.6408 6.662901 -15.4263
v 8.1185 12.5944 -11.02191
v 12.5477 8.6579 -9.532896
v 17.1631 12.5945 -11.0219
v 5.933 15.6204 -37.8989
v 12.5478 8.6565 -43.84489
v 12.5478 32.1808 -38.22489
v 19.1626 15.6204 -37.8989
v 12.5478 10.4121 -38.7795
v 5.933 20.7648 -33.1407
v 12.5478 22.6055 -29.7673
v 19.1626 20.7648 -33.1407
v 12.5478 1.895395 -27.848
v 8.4646 10.2381 -24.9477
v 12.5478 13.5758 -23.88471
v 16.631 10.2381 -24.9477
v 12.6873 3.549902 -4.6304
v 0.0009 15.5874 -82.52701
v 20.2215 25.0392 -59.2413
v 0.0008 26.805 -59.6384
v 20.0433 20.76961 -71.06351
v 13.8182 31.8277 -35.26569
v 0.0007 35.4105 -33.45129
v 0.0009 15.5874 -82.52701
v 0.0008 32.1058 -61.6826
v 20.0433 20.76961 -71.06351
v 0.0007 35.4105 -33.45129
v 13.8182 31.8277 -35.26569
v 0.0008 38.5093 -36.1203
v 20.2215 25.0392 -59.2413
v 17.4291 1.592299 10.814
v 17.4292 8.251799 3.054897
v 14.3156 3.550999 5.119501
v 17.4292 1.2726 3.537001
v 21.7833 3.5511 5.119503
v 17.4292 0.160299 -18.1454
v 22.6145 3.830202 -10.0464
v 17.4292 0.414497 -3.771999
v 21.7834 3.549902 -4.6304
v 7.9454 1.592299 10.8141
v 7.9454 8.251799 3.054897
v 3.5912 3.5511 5.119503
v 7.9454 1.2726 3.537001
v 11.0589 3.5511 5.119503
v 7.945499 0.160299 -18.14529
v 2.7601 3.830202 -10.0463
v 3.5913 3.549902 -4.6304
v 7.9454 0.414497 -3.771999
v 0.0007 110.2264 38.3348
v 4.8818 108.2776 34.0036
v 0.0007 109.1329 30.5972
v 6.7557 106.6117 39.72141
v 0.0006 101.8409 46.40829
v 0.0007 103.4301 24.6322
v 9.979 97.43849 27.0369
v 0.0007 93.31441 11.3507
v 5.8853 103.6487 31.3026
v 11.4657 95.1854 40.0493
v 8.1527 99.786 38.69691
v 0.0006 85.9404 45.4235
v 0.0006 94.6144 43.3636
v 0.0006 86.06721 29.2567
v 12.5476 9.043802 72.1362
v 12.5477 17.9829 72.2624
v 3.7563 13.0438 66.4321
v 3.7563 7.082701 67.144
v 12.5476 0.144499 76.541
v 21.339 7.082701 67.144
v 21.339 13.0438 66.432
v 12.5477 18.0669 57.40751
v 5.3416 12.2274 56.5862
v 12.5476 24.2376 80.84361
v 12.5477 26.1195 62.3903
v 9.017 20.008 69.0881
v 3.6871 7.569798 58.0667
v 12.5476 2.719601 59.8824
v 21.4082 7.569798 58.0667
v 19.7537 12.2275 56.5862
v 16.0783 20.008 69.0881
v 12.6408 6.735001 16.7964
v 8.1184 9.210902 18.8903
v 12.5477 13.2564 18.6415
v 17.1631 9.2109 18.8902
v 5.9329 14.5586 47.7759
v 12.5477 26.203 51.49599
v 12.5476 0.066797 51.6862
v 21.4082 15.3912 50.6832
v 12.5477 19.8204 47.3105
v 5.9329 7.604401 50.3338
v 12.5476 4.9702 47.5357
v 19.1624 7.604401 50.3338
v 12.5477 16.6334 31.8906
v 8.4645 12.5611 33.5434
v 12.5477 9.063 33.3592
v 16.6309 12.5611 33.5434
v 12.6873 2.5422 26.5351
v 17.4291 1.291201 41.6585
v 17.4291 6.8419 33.8629
v 14.3156 4.3365 33.9069
v 17.4291 1.157701 32.2938
v 21.7833 4.3365 33.9069
v 17.4292 0.230499 16.6801
v 22.6145 3.9063 20.2055
v 17.4291 0.495199 25.1621
v 21.7833 2.5422 26.535
v 7.9453 1.291201 41.6585
v 7.9454 6.8419 33.8629
v 3.5912 4.3365 33.907
v 7.9454 1.157701 32.2938
v 11.0589 4.3365 33.907
v 7.9454 0.230501 16.6802
v 2.7601 3.9063 20.2055
v 3.5912 2.5422 26.5351
v 7.9454 0.495199 25.1621
v 1.2043 104.9283 41.3688
v 0.0007 112.3278 35.3193
v 0.4115 112.4318 36.5079
v 0.0007 106.7062 38.2894
v 0.0006 103.1505 44.4482
v 0.0007 112.5358 37.6966
v 0.0007 114.1976 29.4494
v 0.922 115.7544 31.6729
v 0.0007 117.3113 33.8964
v 0.0007 137.7361 17.5992
v 29.6831 3.3547 -47.5286
v 18.3374 20.5689 -20.4456
v 16.7159 34.8469 -20.6536
v 30.0196 4.581102 -66.0907
v 18.4694 19.1301 -62.5565
v 9.7136 36.0589 -33.112
v 30.0196 4.581102 -66.0907
v 27.7439 18.99461 -46.4641
v 29.6831 3.3547 -47.5286
v 18.4694 19.1301 -62.5565
v 9.7136 36.0589 -33.112
v 16.7159 34.8469 -20.6536
v 18.3374 20.5689 -20.4456
v -7.8731 52.2028 60.00999
v -6.4547 44.95029 61.9306
v -6.4522 45.28519 63.1945
v -7.8706 52.5377 61.2739
v -1.3654 55.0544 63.9459
v 0.1137 54.6313 60.74509
v 1.6863 55.57671 63.6172
v 6.6468 56.1512 62.0455
v 0.5169 57.10461 57.3245
v 0.1903 56.562 56.1898
v -0.9705 55.1186 57.0988
v 0.5346 45.53699 66.464
v 3.5863 46.0593 66.1353
v 8.5468 46.6337 64.5636
v 2.2378 45.453 63.1559
v 7.0433 45.4259 61.1326
v 5.1434 54.9433 58.6146
v 12.1746 53.9081 58.5279
v 11.1528 53.3143 57.5257
v 13.3379 49.4886 59.9605
v 12.3162 48.8948 58.9583
v 29.348 27.0295 63.5353
v 14.558 47.4206 38.3777
v 15.5754 45.3032 24.1998
v 35.5115 9.191399 62.3574
v 26.1568 7.636 45.9976
v 12.6422 31.2672 23.8812
v 35.5115 9.191399 62.3574
v 30.412 25.6908 45.04
v 29.348 27.0295 63.5353
v 26.1568 7.636 45.9976
v 12.6422 31.2672 23.8812
v 15.5754 45.3032 24.1998
v 14.558 47.4206 38.3777
v -36.2083 58.43539 33.116
v -26.8425 80.9963 30.5785
v -23.2852 79.91481 44.2978
v -29.1645 69.03761 45.5535
v -22.9121 76.7373 17.4989
v -28.7914 65.8601 18.7546
v -13.0229 99.41499 28.586
v -14.0989 99.0985 38.0368
v -13.8415 96.9072 19.5548
v -25.8275 90.0881 37.2226
v -29.1295 81.2785 30.4889
v -29.1645 69.03761 45.5535
v -35.1961 67.7484 32.2364
v -25.6155 88.2828 21.9959
v -22.9121 76.7373 17.4989
v -28.7914 65.8601 18.7546
v -23.9148 97.6499 33.9571
v -28.2839 98.50831 28.52801
v -29.9886 90.70729 29.4271
v -23.7686 96.4048 23.456
v -36.2083 58.43539 33.116
v -13.8415 96.9072 19.5548
v -21.8563 101.0009 28.3823
v -13.0229 99.41499 28.586
v -14.0989 99.0985 38.0368
v -23.2852 79.91481 44.2978
v -14.3739 50.7233 56.1267
v -12.63 55.32899 63.6122
v -13.8454 50.8737 65.0701
v -11.207 47.0629 63.6671
v -7.3531 47.70741 60.8063
v -6.1377 52.1626 59.3484
v -8.7761 55.9735 60.7514
v -14.7474 54.945 60.6734
v -26.2588 54.4254 49.7999
v -27.8388 48.6336 51.6951
v -15.9628 50.4897 62.1313
v -26.0481 43.5597 48.1386
v -14.482 46.46889 59.1215
v -21.6201 44.5286 44.335
v -9.941 47.238 57.21429
v -20.04 50.3205 42.4398
v -8.7256 51.6932 55.7564
v -22.8879 55.14339 44.3481
v -12.0511 55.3795 56.2058
v -23.2058 49.5805 47.9953
v -37.1839 47.8511 41.513
v -35.6039 53.6429 39.6178
v -31.0933 42.35979 40.2657
v -24.6561 43.5022 38.667
v -23.0761 49.294 36.7718
v -27.9332 53.9435 36.4751
v -15.9628 50.4897 62.1313
v -14.4583 56.2842 62.5942
v -14.7474 54.945 60.6734
v -16.0383 50.4924 64.4894
v -14.482 46.46889 59.1215
v -13.0782 45.45309 62.0134
v -9.941 47.238 57.21429
v -8.0748 46.2896 58.2851
v -8.7256 51.6932 55.7564
v -6.4947 52.0815 56.3898
v -12.0511 55.3795 56.2058
v -9.9181 57.0368 58.2229
v -12.63 55.32899 63.6122
v -13.8454 50.8737 65.0701
v -11.207 47.0629 63.6671
v -7.3531 47.70741 60.8063
v -6.1377 52.1626 59.3484
v -8.7761 55.9735 60.7514
v -26.2588 54.4254 49.7999
v -34.493 48.2259 47.934
v -27.8388 48.6336 51.6951
v -32.4547 55.6973 45.4892
v -28.8968 41.269 44.8278
v -26.0481 43.5597 48.1386
v -22.6601 42.6732 40.8299
v -21.6201 44.5286 44.335
v -20.6218 50.1446 38.385
v -20.04 50.3205 42.4398
v -24.8202 56.2119 39.9381
v -22.8879 55.14339 44.3481
v -37.1839 47.8511 41.513
v -35.6039 53.6429 39.6178
v -31.0933 42.35979 40.2657
v -24.6561 43.5022 38.667
v -23.0761 49.294 36.7718
v -27.9332 53.9435 36.4751
v -12.5462 33.6573 -64.6696
v -3.7549 23.6988 -58.7772
v -12.5463 20.395 -65.66709
v -3.7549 34.2919 -59.3437
v -12.5462 43.3813 -66.68019
v -21.3376 34.2919 -59.3437
v -21.3376 23.6987 -58.77709
v -5.3403 21.9983 -49.045
v -12.5463 16.55651 -51.31651
v -12.5462 16.5141 -75.55129
v -9.0156 17.63281 -63.1083
v -12.5463 10.026 -58.174
v -3.6857 30.0804 -48.7569
v -12.5463 35.2322 -49.2868
v -21.4068 30.0803 -48.7569
v -19.7523 21.9983 -49.0449
v -16.0769 17.63281 -63.1083
v -12.6394 8.841799 -17.8253
v -12.5464 10.5519 -12.7447
v -8.1171 14.4885 -14.2337
v -17.1618 14.4885 -14.2337
v -5.9315 17.51451 -41.1107
v -12.5463 10.55061 -47.0567
v -12.5463 34.07491 -41.4367
v -19.1611 17.51451 -41.1107
v -12.5463 12.3061 -41.99129
v -5.9315 22.6588 -36.3525
v -12.5463 24.4996 -32.9792
v -19.1611 22.6588 -36.3525
v -12.5463 3.7894 -31.0599
v -8.4632 12.1321 -28.15959
v -12.5463 15.4698 -27.0965
v -16.6295 12.1321 -28.15959
v -12.686 4.803501 -7.3403
v -20.2199 25.0391 -59.2412
v -20.0417 20.76961 -71.06341
v -13.8167 31.8276 -35.2656
v -20.0417 20.76961 -71.06341
v -13.8167 31.8276 -35.2656
v -20.2199 25.0391 -59.2412
v -17.4279 1.512802 7.875999
v -14.3144 3.958401 2.3729
v -17.4279 8.820599 0.724199
v -17.4279 1.825899 0.5986
v -21.7821 3.958401 2.3729
v -17.4278 2.599802 -21.0984
v -22.6132 5.552801 -12.7115
v -17.4279 1.6054 -6.7572
v -21.782 4.803499 -7.3402
v -7.9442 1.512802 7.875999
v -3.59 3.958401 2.3729
v -7.9441 8.820599 0.724102
v -7.9441 1.825899 0.5986
v -11.0577 3.958401 2.3729
v -7.9441 2.599802 -21.0984
v -2.7588 5.5529 -12.7115
v -3.59 4.803501 -7.3403
v -7.9441 1.6054 -6.757299
v -4.8804 108.2776 34.0036
v -6.7544 106.6117 39.72141
v -9.9777 97.43849 27.0369
v -5.8839 103.6486 31.30261
v -11.4644 95.1854 40.0493
v -8.1515 99.786 38.69691
v -12.5466 9.043802 72.1363
v -3.7552 13.0438 66.4321
v -12.5466 17.9829 72.2625
v -3.7552 7.082699 67.1441
v -12.5466 0.144503 76.5411
v -21.3379 7.082699 67.1441
v -21.3379 13.0439 66.43221
v -5.3405 12.2275 56.5863
v -12.5465 18.0669 57.4076
v -12.5465 24.2376 80.8437
v -9.0159 20.008 69.08821
v -12.5465 26.1195 62.3904
v -3.686 7.569798 58.0667
v -12.5466 2.719599 59.88251
v -21.4071 7.569901 58.0668
v -19.7526 12.2275 56.5863
v -16.0772 20.0081 69.0882
v -12.6395 6.735001 16.7964
v -12.5465 13.2565 18.6416
v -8.1172 9.210902 18.8903
v -17.1619 9.210901 18.8904
v -5.9317 14.5587 47.776
v -12.5465 26.203 51.4961
v -12.5466 0.066799 51.6863
v -21.407 15.3912 50.6833
v -12.5465 19.8204 47.3106
v -5.9318 7.604401 50.3339
v -12.5465 4.970301 47.5358
v -19.1613 7.604401 50.3339
v -12.5465 16.6334 31.8907
v -8.4633 12.5611 33.5435
v -12.5465 9.063 33.3593
v -16.6297 12.5611 33.5435
v -12.6861 2.5422 26.5351
v -17.428 1.291201 41.6585
v -14.3144 4.3365 33.907
v -17.428 6.8419 33.8629
v -17.428 1.157701 32.2938
v -21.7822 4.3365 33.907
v -17.428 0.230501 16.6802
v -22.6133 3.9063 20.2055
v -17.428 0.495199 25.1622
v -21.7822 2.5422 26.5351
v -7.9443 1.291201 41.6585
v -3.5901 4.3365 33.907
v -7.9442 6.8419 33.8629
v -7.9442 1.157701 32.2938
v -11.0578 4.336599 33.907
v -7.9442 0.230501 16.6802
v -2.7589 3.9063 20.2055
v -3.5901 2.5422 26.5351
v -7.9442 0.495199 25.1622
v -1.203 104.9283 41.3688
v -0.4102 112.4318 36.5079
v -0.9206 115.7544 31.6729
v -26.7522 1.709505 -46.83371
v -16.6067 34.207 -20.0468
v -16.9808 19.8423 -19.83119
v -27.577 2.885408 -65.39141
v -17.3071 18.3835 -61.94031
v -9.8309 36.0183 -32.5577
v -27.577 2.885408 -65.39141
v -26.7522 1.709505 -46.83371
v -26.4124 17.4485 -45.77791
v -17.3071 18.3835 -61.94031
v -9.8309 36.0183 -32.5577
v -16.6067 34.207 -20.0468
v -16.9808 19.8423 -19.83119
v 5.1167 53.9462 67.3641
v 2.694 47.41989 70.7628
v 3.2251 46.9199 69.6776
v 4.5856 54.44621 68.4492
v -2.5067 56.70869 67.8392
v -2.5261 55.7295 64.4256
v -5.1654 56.9079 66.2314
v -9.0532 56.8215 62.72639
v -1.5511 57.6753 60.7865
v -0.0508 55.8176 61.4975
v -0.7724 57.0166 59.9813
v -5.0232 47.48431 70.8577
v -7.6819 47.6836 69.24991
v -11.5696 47.59719 65.7448
v -5.2115 46.8054 67.2032
v -8.7564 46.0785 63.4492
v -6.2399 55.30289 60.43069
v -13.0492 53.90359 58.2624
v -12.0245 53.29919 57.26961
v -14.2512 49.4974 59.7042
v -13.2265 48.893 58.7114
v -29.3575 26.8927 63.7342
v -15.5848 45.1665 24.3986
v -14.5674 47.28391 38.5765
v -35.5209 9.054598 62.5564
v -26.1662 7.499199 46.1965
v -12.6516 31.1305 24.08
v -35.5209 9.054598 62.5564
v -29.3575 26.8927 63.7342
v -30.4214 25.554 45.2389
v -26.1662 7.499199 46.1965
v -12.6516 31.1305 24.08
v -15.5848 45.1665 24.3986
v -14.5674 47.28391 38.5765
v -28.2839 98.50831 28.52801
v -23.9148 97.6499 33.9571
v -37.6725 123.7351 26.11411
v -23.7686 96.4048 23.456
v -21.8563 101.0009 28.3823
v -29.9886 90.70729 29.4271
v -47.9016 94.7666 36.9649
v -25.8275 90.0881 37.2226
v -47.7075 92.8679 20.9915
v -25.6155 88.2828 21.9959
v 0.0008 37.2952 -35.9954
v 4.6586 36.0038 -44.1908
v 0.0008 43.735 -42.4243
v 0.0008 29.18521 -54.0108
v 0.0008 44.4411 -52.1644
v 2.1797 43.594 -45.2951
v 0.0008 61.9486 -43.7668
v 4.6586 26.6657 -62.4293
v 2.1798 32.9788 -62.5037
v 0.0008 33.1198 -59.6329
v 0.0008 33.19699 -65.68299
v 0.0008 43.8495 -58.02831
v 0.0008 27.6657 -54.6541
v 0.0008 19.7894 -70.68109
v -4.657 36.0037 -44.1907
v -2.1781 43.59401 -45.29499
v -4.657 26.6657 -62.42919
v -2.1781 32.9788 -62.5037
vn 0 0.999974 -0.0072
vn 0 0.740004 0.672603
vn -0.062103 0.708835 0.702635
vn -0.29261 0.952632 -0.082903
vn 0 0.999974 -0.0072
vn -0.29261 0.952632 -0.082903
vn 0.205897 0.68229 -0.70149
vn 0 0.952704 -0.303901
vn 0 0.068603 0.997644
vn 0.519001 -0.1269 0.845302
vn 0 0.199596 0.979878
vn 0.595801 0.124 0.793502
vn 0.999947 -0.0006 0.0103
vn 0.519001 -0.1269 0.845302
vn 0.999947 -0.0006 0.0103
vn 0.997393 -0.0719 0.0061
vn 0.802457 -0.261886 -0.536171
vn 0.868884 0.142398 -0.474092
vn 0 -0.297506 -0.95472
vn 0 -0.960319 0.278905
vn -0.390002 -0.916106 -0.093001
vn 0 -0.941642 -0.336615
vn -0.544072 -0.788759 0.286085
vn -0.365995 -0.740091 0.564193
vn 0 -0.711195 0.702995
vn -0.302802 0.949406 -0.083301
vn 0.090502 0.649314 0.755116
vn 0.069799 0.510592 -0.856986
vn -0.302802 0.949406 -0.083301
vn -0.196308 0.408417 0.891437
vn 0.96276 0.269289 -0.023999
vn 0.898065 -0.438183 0.038399
vn 0.811819 -0.493812 -0.311607
vn 0.757164 -0.577973 -0.304386
vn 0.763865 -0.506877 0.399482
vn 0.814709 -0.427205 0.392104
vn -0.224201 0.246301 -0.942905
vn 0 0.628505 0.777806
vn 0.664982 0.705081 0.246293
vn 0.761724 0.592118 -0.263008
vn 0.761724 0.592118 -0.263008
vn 0.713689 0.273196 -0.64499
vn 0 -0.275197 -0.961388
vn 0.813906 0.545304 -0.200502
vn 0 0.99968 0.025299
vn 0.870757 -0.134793 -0.472877
vn 0 -0.662108 -0.749409
vn 0.945774 -0.323591 0.028299
vn 0.86513 -0.368613 -0.340112
vn 0.865128 -0.30401 0.398913
vn 0 0.744134 -0.66803
vn -0.182597 -0.506993 -0.842388
vn -0.871911 -0.170002 -0.459206
vn -0.953562 0.25729 -0.156594
vn -0.61691 0.767513 0.174203
vn 0.082804 0.952547 0.292914
vn 0.733702 0.670802 0.1082
vn 0.960767 0.142595 -0.237892
vn 0.810076 -0.261492 -0.524784
vn 0.069499 -0.838087 -0.541092
vn -0.830799 -0.4498 -0.3278
vn -0.998832 0.045601 0.016001
vn -0.706985 0.588388 0.392392
vn 0.0001 0.830787 0.556591
vn 0.706407 0.588406 0.393404
vn 0.999453 0.032598 0.0056
vn 0.799476 -0.495085 -0.34019
vn 0.141798 -0.985986 -0.087899
vn -0.614487 -0.788883 0.0083
vn -0.916279 -0.216495 0.336992
vn -0.666379 0.356289 0.654979
vn -0.084097 0.584982 0.806675
vn 0.541187 0.448389 0.711382
vn 0.901895 -0.0815 0.424198
vn 0.707904 -0.705204 0.0395
vn 0 -0.403204 0.91511
vn 0 0.905935 0.423417
vn 0.974923 0.117003 -0.189304
vn 0 -0.460603 -0.887606
vn 0 -0.167998 -0.985787
vn 0 0.851902 0.523701
vn 0 -0.252007 0.967726
vn -0.166403 0.796413 0.581409
vn -0.830494 0.372897 0.413797
vn -0.928003 -0.161601 0.335701
vn -0.600618 -0.746822 0.285509
vn 0.0838 -0.960102 0.2668
vn 0.719103 -0.628803 0.295801
vn 0.936207 -0.0196 0.350903
vn 0.763919 0.482412 0.428611
vn 0.064802 0.997725 0.0186
vn -0.824951 0.563567 0.042997
vn -0.998886 -0.047099 -0.0031
vn -0.706626 -0.705826 -0.049902
vn 0.0003 -0.997672 -0.068198
vn 0.704981 -0.706981 -0.056398
vn 0.999553 -0.029399 -0.0055
vn 0.799521 0.600316 0.019701
vn 0.1377 0.880503 -0.453601
vn -0.601624 0.671227 -0.433017
vn -0.907429 0.024101 -0.419514
vn -0.664591 -0.632392 -0.397995
vn -0.084499 -0.910093 -0.405697
vn 0.540309 -0.742512 -0.395907
vn 0.895374 -0.137096 -0.423688
vn 0.696092 0.589094 -0.410395
vn 0 -0.0968 -0.995304
vn 0 0.653406 0.757007
vn 0 -0.601934 0.798546
vn 0.796355 -0.267885 0.54227
vn 0.9036 0.3806 -0.1966
vn 0 0.724 -0.6898
vn 0 0.0489 0.998804
vn 0.850486 0.260796 0.456793
vn 0.876103 0.165301 -0.452902
vn 0 -0.103899 -0.994588
vn 0 0.828417 0.560112
vn 0.855436 0.46862 0.220509
vn 0.861677 -0.316591 -0.396589
vn 0 -0.821013 -0.570909
vn 0 0.995265 0.097197
vn 0.866722 0.497513 -0.035701
vn 0.861514 -0.498108 -0.098402
vn 0 -0.999962 -0.0087
vn 0 0.94955 -0.313616
vn 0.865198 0.456799 -0.2068
vn 0.863399 -0.489399 0.1226
vn 0 -0.941077 0.338192
vn 0 0.966492 -0.256698
vn 0.876596 0.474798 0.0784
vn 0.77677 -0.327588 0.53788
vn 0 -0.586184 0.810178
vn 0 0.54199 0.840385
vn -0.3402 -0.5481 -0.764101
vn 0.0003 -0.582873 -0.812563
vn -0.376714 -0.54762 -0.747127
vn 0.0005 -0.574797 -0.818296
vn -0.0002 0.282702 0.959208
vn 0.567092 0.337595 0.75129
vn 0.0003 0.516612 0.85622
vn 0.0001 0.690414 0.723415
vn 0.548913 0.523912 0.651315
vn 0.062103 0.708835 0.702635
vn 0.29261 0.952632 -0.082903
vn -0.205897 0.68229 -0.70149
vn 0.29261 0.952632 -0.082903
vn -0.519001 -0.1269 0.845302
vn -0.595801 0.124 0.793502
vn -0.999947 -0.0006 0.0103
vn -0.519001 -0.1269 0.845302
vn -0.997393 -0.0719 0.0061
vn -0.999947 -0.0006 0.0103
vn -0.8025 -0.2619 -0.5361
vn -0.868884 0.142398 -0.474092
vn 0.390002 -0.916106 -0.093001
vn 0.544072 -0.788759 0.286085
vn 0.365995 -0.740091 0.564193
vn 0.302802 0.949406 -0.083301
vn -0.090502 0.649314 0.755116
vn -0.069799 0.510592 -0.856986
vn 0.302802 0.949406 -0.083301
vn 0.196308 0.408417 0.891437
vn -0.96276 0.269289 -0.023999
vn -0.898065 -0.438183 0.038399
vn -0.757164 -0.577973 -0.304386
vn -0.811819 -0.493812 -0.311607
vn -0.814709 -0.427205 0.392104
vn -0.763865 -0.506877 0.399482
vn 0.224201 0.246301 -0.942905
vn -0.664982 0.705081 0.246293
vn -0.761724 0.592118 -0.263008
vn -0.761724 0.592118 -0.263008
vn -0.713689 0.273196 -0.64499
vn -0.813906 0.545304 -0.200502
vn -0.870757 -0.134793 -0.472877
vn -0.945774 -0.323591 0.028299
vn -0.86513 -0.368613 -0.340112
vn -0.865128 -0.30401 0.398913
vn 0 0.744134 -0.66803
vn 0.871911 -0.170002 -0.459206
vn 0.182597 -0.506993 -0.842388
vn 0.953562 0.25729 -0.156594
vn 0.61691 0.767513 0.174203
vn -0.082804 0.952547 0.292914
vn -0.733702 0.670802 0.1082
vn -0.960767 0.142595 -0.237892
vn -0.810076 -0.261492 -0.524784
vn 0.830799 -0.4498 -0.3278
vn -0.069499 -0.838087 -0.541092
vn 0.998832 0.045601 0.016001
vn 0.706985 0.588388 0.392392
vn -0.0001 0.830787 0.556591
vn -0.706449 0.588341 0.393427
vn -0.999453 0.032598 0.0056
vn -0.799476 -0.495085 -0.34019
vn 0.614487 -0.788883 0.0083
vn -0.141798 -0.985986 -0.087899
vn 0.916279 -0.216495 0.336992
vn 0.666379 0.356289 0.654979
vn 0.084097 0.584982 0.806675
vn -0.541187 0.448389 0.711382
vn -0.901895 -0.0815 0.424198
vn -0.707904 -0.705204 0.0395
vn 0 -0.403204 0.91511
vn -0.974923 0.117003 -0.189304
vn 0 -0.252007 0.967726
vn 0.830494 0.372897 0.413797
vn 0.166403 0.796413 0.581409
vn 0.928003 -0.161601 0.335701
vn 0.600618 -0.746822 0.285509
vn -0.0838 -0.960102 0.2668
vn -0.719103 -0.628803 0.295801
vn -0.936207 -0.0196 0.350903
vn -0.763919 0.482412 0.428611
vn 0.824951 0.563567 0.042997
vn -0.064802 0.997725 0.0186
vn 0.998886 -0.047099 -0.0031
vn 0.706626 -0.705826 -0.049902
vn -0.0003 -0.997672 -0.068198
vn -0.704981 -0.706981 -0.056398
vn -0.999553 -0.029399 -0.0055
vn -0.799521 0.600316 0.019701
vn 0.601624 0.671227 -0.433017
vn -0.1377 0.880503 -0.453601
vn 0.907429 0.024101 -0.419514
vn 0.664591 -0.632392 -0.397995
vn 0.084499 -0.910093 -0.405697
vn -0.540309 -0.742512 -0.395907
vn -0.895374 -0.137096 -0.423688
vn -0.696092 0.589094 -0.410395
vn 0 -0.0968 -0.995304
vn -0.796355 -0.267885 0.54227
vn -0.9036 0.3806 -0.1966
vn -0.850486 0.260796 0.456793
vn -0.876103 0.165301 -0.452902
vn -0.855436 0.46862 0.220509
vn -0.861677 -0.316591 -0.396589
vn -0.866722 0.497513 -0.035701
vn -0.861514 -0.498108 -0.098402
vn -0.865198 0.456799 -0.2068
vn -0.863399 -0.489399 0.1226
vn -0.876596 0.474798 0.0784
vn -0.77677 -0.327588 0.53788
vn 0.34089 -0.547984 -0.763877
vn 0.37702 -0.547529 -0.74704
vn -0.0002 0.282702 0.959208
vn -0.566266 0.339279 0.751154
vn -0.547976 0.524077 0.651971
vn 0 0.094701 -0.995506
vn 0 -0.341197 -0.939992
vn 0.955018 0.257205 -0.147603
vn 0.973405 0.149601 -0.173501
vn 0 0.511728 -0.859147
vn 0 0.894787 0.446493
vn 0 0.829503 0.558502
vn -0.146795 0.989167 -0.0009
vn 0.710512 0.682011 -0.173303
vn 0.041599 0.325089 -0.944768
vn -0.763182 0.170496 -0.623285
vn -0.964026 0.154904 0.216006
vn 0.23569 0.396283 0.887361
vn 0.600379 0.55758 0.57328
vn -0.341984 -0.538275 0.770264
vn -0.563498 -0.823396 0.067
vn 0.262013 -0.944047 0.20031
vn 0.418712 -0.137004 0.897725
vn 0.931323 -0.254506 0.260507
vn 0.643199 -0.5237 -0.5586
vn 0.99039 0.121099 0.066799
vn -0.126604 -0.837724 -0.531215
vn 0.574521 0.037501 -0.81763
vn 0.940851 0.312684 0.130493
vn -0.357495 -0.363695 -0.860188
vn -0.873545 -0.408921 -0.264014
vn -0.545685 -0.097697 0.832276
vn 0.157901 0.398202 0.903605
vn 0 0.999687 -0.025
vn 0 0.427588 0.903974
vn 0.180906 0.878928 0.441314
vn 0.809562 0.561974 0.169692
vn 0.711902 0.1022 -0.694802
vn 0 0.838183 -0.545389
vn 0.778258 0.029198 0.627266
vn 0.994652 -0.080904 -0.064203
vn 0.867571 0.0114 -0.497183
vn 0 -0.047 0.998895
vn 0.973805 -0.0514 0.221501
vn 0.963771 -0.258892 0.064198
vn 0 -0.856406 0.516303
vn 0 -0.902535 0.430617
vn 0.677766 0.704265 -0.21129
vn 0 0.941323 -0.337508
vn 0 0.961501 -0.2748
vn 0.680202 0.682002 -0.268701
vn 0.529701 0.846102 0.0594
vn 0 0.998621 0.052501
vn 0 0.876501 0.4814
vn 0.826057 0.543972 0.147392
vn 0.845311 0.521307 -0.117002
vn 0 0.958561 -0.284888
vn 0.716803 0.688703 -0.109001
vn 0.535592 0.452693 -0.712889
vn 0 0.551674 -0.83406
vn 0.926989 -0.212197 -0.309296
vn 0.692423 -0.422814 -0.584619
vn 0 -0.247803 -0.968811
vn 0 -0.990887 -0.134698
vn 0 0.997031 -0.077002
vn 0.730963 0.670966 -0.124494
vn 0.988111 -0.153702 0.0036
vn 0.937869 -0.30759 0.160595
vn 0.79021 0.591608 -0.159902
vn 0 0.930857 -0.365383
vn 0 -0.960434 0.27851
vn 0.944389 -0.112199 -0.309096
vn 0 -0.1164 -0.993202
vn 0.999692 -0.0247 0.0025
vn 0 -0.191806 -0.981433
vn 0 0.0319 0.999491
vn 0 -0.049698 0.998764
vn 0 0.035699 -0.999363
vn 0.945522 -0.046601 0.322207
vn 0 -0.090004 0.995942
vn 0.848416 0.064301 0.52541
vn 0.840276 -0.33939 -0.422788
vn 0.748867 0.344285 0.566275
vn 0.472602 -0.719703 -0.508602
vn -0.508696 -0.631394 -0.585295
vn -0.477398 -0.843696 0.245499
vn -0.399986 -0.097996 0.911267
vn -0.121103 -0.0153 0.992522
vn 0.546689 -0.100498 -0.831283
vn 0.835974 0.204894 -0.509084
vn 0.399011 0.428012 0.810923
vn -0.410691 -0.426291 -0.805983
vn -0.833012 -0.188903 0.520007
vn -0.955018 0.257205 -0.147603
vn -0.973405 0.149601 -0.173501
vn 0.145396 0.989372 -0.0016
vn -0.040499 0.330391 -0.942975
vn -0.705826 0.686325 -0.175407
vn 0.764451 0.166689 -0.62276
vn 0.964985 0.142698 0.220097
vn -0.237993 0.399788 0.885172
vn -0.597966 0.559668 0.573767
vn 0.322711 -0.549119 0.770926
vn -0.280408 -0.940827 0.190306
vn 0.5487 -0.8332 0.0686
vn -0.432708 -0.136003 0.891217
vn -0.938802 -0.240601 0.246501
vn -0.644453 -0.509063 -0.570558
vn -0.989018 0.137303 0.054701
vn 0.119599 -0.836092 -0.535395
vn -0.56491 0.048701 -0.823714
vn -0.937544 0.32648 0.120093
vn 0.361488 -0.367088 -0.857072
vn 0.868291 -0.425196 -0.255497
vn 0.53361 -0.108702 0.838716
vn -0.163094 0.394586 0.904269
vn -0.180906 0.878928 0.441314
vn -0.809562 0.561974 0.169692
vn -0.711902 0.1022 -0.694802
vn -0.778258 0.029198 0.627266
vn -0.994652 -0.080904 -0.064203
vn -0.867571 0.0114 -0.497183
vn -0.973805 -0.0514 0.221501
vn -0.963771 -0.258892 0.064198
vn -0.677766 0.704265 -0.21129
vn -0.680202 0.682002 -0.268701
vn -0.529701 0.846102 0.0594
vn -0.826057 0.543972 0.147392
vn -0.845311 0.521307 -0.117002
vn -0.535592 0.452693 -0.712889
vn -0.716803 0.688703 -0.109001
vn -0.692423 -0.422814 -0.584619
vn -0.926989 -0.212197 -0.309296
vn -0.730963 0.670966 -0.124494
vn -0.988111 -0.153702 0.0036
vn -0.937869 -0.30759 0.160595
vn -0.79021 0.591608 -0.159902
vn -0.944389 -0.112199 -0.309096
vn -0.999692 -0.0247 0.0025
vn -0.945522 -0.046601 0.322207
vn -0.854542 0.067903 0.514925
vn -0.752316 0.348607 0.559012
vn -0.839159 -0.324023 -0.436831
vn -0.48151 -0.706314 -0.518911
vn 0.503402 -0.636902 -0.583902
vn 0.439624 -0.863147 0.248413
vn 0.38119 -0.116897 0.917076
vn 0.104302 -0.035301 0.993919
vn -0.537312 -0.085702 -0.839018
vn -0.402406 0.429206 0.808611
vn -0.825633 0.222409 -0.518521
vn 0.414096 -0.427696 -0.803493
vn 0.822812 -0.206403 0.529508
vn -0.937243 -0.344216 0.055603
vn -0.906685 -0.400193 -0.133298
vn -0.90938 -0.411291 0.062199
vn -0.91035 -0.403778 -0.090695
vn -0.900629 -0.354912 0.250808
vn -0.905662 -0.367085 0.212191
vn -0.94187 -0.32559 0.082897
vn -0.903069 -0.424685 0.064098
vn -0.942943 -0.332015 0.025001
vn 0.734419 0.272207 0.621717
vn 0.868494 0.228299 0.439997
vn 0.995347 0.093004 -0.025201
vn 0.984352 0.173409 -0.031302
vn 0.713713 0.120402 -0.690013
vn 0.856792 0.119199 -0.501696
vn 0.481594 0.187098 -0.85619
vn 0.595069 0.552471 0.583669
vn 0.99619 0.084199 -0.0227
vn 0.790111 0.608108 -0.077001
vn 0.573185 0.407389 -0.710981
vn 0.99973 0.019401 -0.0128
vn 0.293902 0.596203 -0.747104
vn -0.091699 0.989089 -0.115299
vn 0.24661 0.962539 -0.112705
vn 0.321615 0.747334 0.581426
vn 0.505214 0.37591 0.776821
vn -0.586195 0.106099 0.803193
vn -0.982173 0.175595 -0.067098
vn -0.777796 -0.600797 0.184599
vn -0.521197 0.833695 0.182499
vn 0.144207 0.715436 0.683634
vn 0.348595 -0.060999 0.935286
vn -0.112397 -0.719079 0.685779
vn 0.52227 0.671261 0.525969
vn 0.659675 0.057198 0.749371
vn 0.317486 0.899661 0.299687
vn 0.583588 -0.333993 0.740185
vn 0.246595 -0.839783 0.48369
vn 0.003 -0.967249 0.253813
vn -0.432026 -0.879152 -0.201112
vn -0.61908 -0.658978 -0.427186
vn -0.759799 -0.066 -0.646799
vn -0.708916 0.302107 -0.637314
vn -0.402991 0.825483 -0.395192
vn -0.144004 0.976425 -0.160804
vn 0.466208 -0.159303 -0.870215
vn -0.187803 -0.742213 -0.643311
vn -0.404912 0.082502 -0.910626
vn -0.0098 0.723575 -0.690176
vn 0.723889 0.625591 -0.290896
vn 0.961187 -0.275896 0.0013
vn 0.416091 -0.894081 -0.165796
vn 0.998092 0.0565 -0.0249
vn 0.716388 0.658389 -0.230896
vn 0.55971 0.780914 0.277305
vn 0.7743 -0.0979 0.6252
vn 0.68078 -0.729278 -0.068498
vn 0.209493 -0.92697 0.31119
vn -0.052798 -0.792577 -0.607482
vn -0.491519 -0.793331 -0.359214
vn -0.289196 -0.149098 -0.945587
vn -0.764826 0.106804 -0.635322
vn -0.019101 0.662721 -0.748623
vn -0.2288 0.930298 -0.286699
vn 0.142096 0.575482 0.805375
vn 0.258391 -0.237592 0.936368
vn -0.201588 -0.804452 0.558767
vn -0.85245 -0.520869 0.044997
vn -0.933753 0.334783 -0.126594
vn -0.415814 0.875629 0.245708
vn 0.328095 0.66219 0.67369
vn 0.434422 -0.323416 0.840642
vn 0.728018 -0.192705 0.657917
vn 0.468802 0.813903 0.343201
vn -0.19141 -0.858847 0.475126
vn 0.184703 -0.949216 0.254704
vn -0.85609 -0.516594 0.0155
vn -0.60221 -0.752612 -0.266304
vn -0.930766 0.317788 -0.180793
vn -0.834579 0.104497 -0.540887
vn -0.350093 0.934681 0.061699
vn -0.333187 0.893965 -0.299688
vn 0.919057 -0.022499 0.393482
vn 0.510695 0.853892 -0.100299
vn 0.453601 -0.887802 0.0778
vn -0.2531 -0.8337 -0.4908
vn -0.573634 -0.138908 -0.807248
vn -0.234498 0.653493 -0.719693
vn 0 -0.063698 -0.997969
vn 0 0.380408 -0.924819
vn -0.896676 -0.296092 -0.329091
vn -0.868471 0.401786 -0.29039
vn 0 0.791839 -0.61073
vn 0.868471 0.401786 -0.29039
vn 0.896676 -0.296092 -0.329091
vn 0 -0.983445 -0.181208
vn -0.85805 -0.507171 -0.080795
vn 0 0.311604 -0.950212
vn 0 -0.999946 0.0104
vn -0.889092 -0.103399 -0.445896
vn -0.935798 0.298099 0.1882
vn 0 0.949152 0.314817
vn 0.935798 0.298099 0.1882
vn 0.85805 -0.507171 -0.080795
vn 0.889092 -0.103399 -0.445896
vn -0.176906 0.155705 -0.971834
vn -0.551804 0.776905 -0.303202
vn -0.0089 0.341304 0.939911
vn 0.6057 0.7631 -0.2254
vn -0.881841 -0.456621 -0.117705
vn 0 -0.981395 -0.191999
vn 0 0.850985 0.525191
vn 0.881841 -0.456621 -0.117705
vn 0 -0.986609 -0.163102
vn -0.777166 0.342885 0.527677
vn 0 0.605697 0.795696
vn 0.777166 0.342885 0.527677
vn -0.0028 -0.99569 -0.092699
vn -0.917901 0.1533 0.366001
vn 0.0001 0.660089 0.751188
vn 0.918546 0.155191 0.363579
vn 0.263809 -0.178406 0.947933
vn 0 -0.920777 0.39009
vn -0.087097 -0.940867 0.327389
vn 0 -0.926211 0.377005
vn 0.049302 -0.939634 0.338612
vn -0.21931 -0.952542 0.211109
vn 0 -0.96422 0.265105
vn 0 0.783719 -0.621115
vn 0 0.933526 -0.35851
vn 0.253088 0.841859 -0.476677
vn 0 0.652601 0.757702
vn 0.390102 0.911705 0.128901
vn 0 0.946399 0.323
vn 0.346106 0.905015 -0.247304
vn -0.197303 -0.322404 0.925812
vn -0.292301 0.848002 0.442101
vn -0.941018 -0.163003 0.296506
vn -0.0369 -0.996801 0.0709
vn 0.962282 0.0216 0.271195
vn 0.520271 -0.601566 -0.606166
vn 0.979599 0.0273 -0.1991
vn -0.175996 -0.984375 -0.0056
vn 0.854808 -0.514705 0.066201
vn 0.197303 -0.322404 0.925812
vn 0.0447 0.9166 0.3973
vn -0.942056 -0.188791 0.277287
vn -0.088699 -0.994083 0.062699
vn 0.893872 -0.366088 0.258792
vn -0.031999 -0.643978 -0.764374
vn -0.954333 -0.263909 -0.140005
vn -0.977183 -0.182597 0.108498
vn -0.015599 -0.997166 0.073597
vn 0 0.965608 0.260002
vn 0.61927 0.720665 -0.311685
vn 0 0.90812 -0.418709
vn 0.800319 0.528312 0.283507
vn 0 0.183908 0.982943
vn 0 0.748424 -0.663221
vn 0.902123 0.158504 -0.40131
vn 0 0.0135 -0.999909
vn 0.827485 0.504391 -0.246696
vn 0.969662 0.020499 0.24359
vn 0.72948 0.229694 0.644282
vn 0 -0.108697 0.994075
vn 0 -0.057198 0.998363
vn 0 -0.975861 -0.218391
vn 0 0.187608 0.982244
vn 0 -0.203994 0.978972
vn -0.90078 0.346192 0.262194
vn -0.84545 -0.34628 0.406576
vn 0 -0.587916 0.808922
vn 0.84545 -0.34628 0.406576
vn 0.90078 0.346192 0.262194
vn -0.0596 0.995608 0.072201
vn -0.822527 0.567318 -0.040001
vn 0 -0.061202 0.998126
vn 0 0.964796 -0.262999
vn -0.889114 0.212803 0.405206
vn -0.946239 -0.315913 -0.069503
vn 0 -0.999341 0.036301
vn 0.941285 -0.337595 0.0036
vn 0.797807 0.579005 0.168101
vn 0.889114 0.212803 0.405206
vn -0.108504 -0.223108 -0.968736
vn -0.669424 0.614522 -0.417415
vn -0.0067 0.665589 -0.746288
vn 0.666371 0.645972 -0.372384
vn -0.880572 0.454486 -0.134296
vn -0.079803 0.973742 -0.213209
vn 0 -0.958947 -0.283584
vn 0.884796 0.465698 -0.0162
vn -0.019799 0.819677 -0.572484
vn -0.770172 -0.539481 -0.340288
vn 0 -0.84211 -0.539306
vn 0.735699 -0.586599 -0.338599
vn -0.0247 0.966704 -0.254701
vn -0.992283 -0.121298 -0.0257
vn -0.0016 -0.999822 0.0188
vn 0.984542 -0.168007 -0.049502
vn 0.013 -0.926894 0.375098
vn -0.232602 -0.083201 0.969007
vn -0.252292 0.920171 0.299391
vn -0.956208 0.0071 0.292602
vn -0.033001 -0.98933 0.141904
vn 0.957945 0.144507 0.247912
vn 0.347492 -0.659784 -0.666284
vn 0.916517 0.091002 -0.389507
vn -0.192095 -0.980874 -0.031399
vn 0.838999 -0.5375 0.0847
vn 0.232602 -0.083201 0.969007
vn 0.055002 0.974841 0.216009
vn -0.966846 -0.023101 0.254312
vn -0.0274 -0.995214 0.093801
vn 0.925896 -0.276799 0.257099
vn -0.045901 -0.680711 -0.731112
vn -0.893463 -0.323187 -0.311887
vn -0.988354 -0.126894 0.083996
vn -0.006 -0.997501 0.0704
vn 0.996277 0.086098 0.0045
vn 0 -0.410606 -0.911813
vn 0.998952 0.031098 0.033598
vn 0 -0.46718 -0.884162
vn 0 0.583978 0.81177
vn 0 0.645158 0.76405
vn 0 -0.753289 -0.65769
vn 0.996162 0.040698 0.077497
vn 0 0.623182 0.782077
vn 0 0.821583 -0.570088
vn -0.954211 -0.235303 -0.184702
vn -0.939859 -0.111395 -0.322886
vn -0.86476 -0.501377 0.028499
vn -0.857915 -0.506509 0.086202
vn -0.671014 -0.703015 0.235605
vn -0.594878 -0.760472 0.26039
vn 0.894866 0.402885 -0.192093
vn 0.876495 0.479397 -0.044
vn 0.977263 0.108796 0.181993
vn 0.606887 0.716585 -0.343793
vn 0.548509 0.791214 -0.270405
vn 0.857091 0.512595 0.051399
vn 0.93745 0.102405 0.332718
vn -0.780392 0.430396 -0.453595
vn -0.278295 -0.672289 -0.685988
vn -0.68171 -0.629809 0.372306
vn -0.738494 0.374197 0.560895
vn -0.241003 0.831511 0.500507
vn -0.426228 0.59814 -0.678645
vn 0.056303 0.758842 0.648836
vn 0.357402 0.902106 0.241802
vn -0.45673 0.884157 0.098306
vn 0.145204 0.625219 -0.766823
vn -0.86811 -0.285703 -0.405905
vn -0.180401 -0.428802 0.885203
vn 0.199513 -0.513533 0.834553
vn 0.567164 -0.422373 0.707055
vn -0.055601 -0.91052 -0.409709
vn 0.0098 -0.853241 -0.521425
vn -0.016 -0.0123 -0.999796
vn 0.369413 0.921832 -0.117304
vn -0.119197 0.067498 -0.990574
vn 0.74836 -0.072996 0.659264
vn 0.380614 -0.847131 -0.370814
vn -0.885479 -0.453989 0.099098
vn -0.823884 -0.566189 0.0254
vn -0.91498 -0.191996 0.354892
vn -0.927425 -0.150004 0.342609
vn -0.822027 0.094103 0.561619
vn -0.766997 0.146099 0.624797
vn 0.970501 0.053 -0.2352
vn 0.924879 0.175596 -0.337292
vn 0.886396 0.462598 0.0175
vn 0.793997 -0.217199 -0.567798
vn 0.731422 -0.172605 -0.65972
vn 0.88462 0.253006 -0.391709
vn 0.809622 0.586816 -0.0126
vn 0.903364 -0.424283 0.062597
vn 0.869721 -0.488712 0.068902
vn 0.869483 -0.477491 -0.126498
vn 0.872524 -0.481313 -0.083902
vn 0.864464 -0.431682 0.257589
vn 0.868699 -0.444299 0.219
vn 0.862267 -0.501481 0.070797
vn 0.909397 -0.406098 0.0899
vn 0.910339 -0.412618 0.032101
vn -0.691298 0.319899 0.647898
vn -0.983288 0.179098 -0.0327
vn -0.84869 0.302997 0.433495
vn -0.965315 0.258204 -0.038701
vn -0.672302 0.1599 -0.722802
vn -0.45699 0.227895 -0.859781
vn -0.839413 0.192903 -0.508108
vn -0.512711 0.551612 0.657914
vn -0.977208 0.209702 -0.033
vn -0.998724 0.048001 -0.0157
vn -0.490099 0.387099 -0.780998
vn -0.994146 0.106105 -0.020401
vn -0.235291 0.619177 -0.749172
vn -0.061299 0.99138 -0.115798
vn 0.178094 0.977365 -0.114196
vn -0.260002 0.772606 0.579205
vn -0.476586 0.418588 0.773078
vn 0.581316 0.105403 0.806822
vn 0.772586 -0.605089 0.192297
vn 0.983742 0.168907 -0.061003
vn 0.525322 0.831035 0.182808
vn -0.144198 0.719091 0.679791
vn -0.355398 -0.055 0.933096
vn 0.102994 -0.717059 0.689361
vn -0.521507 0.676709 0.519707
vn -0.313599 0.902896 0.293999
vn -0.664394 0.064499 0.744594
vn -0.590821 -0.327312 0.737426
vn -0.255403 -0.83621 0.485306
vn -0.011 -0.96619 0.257597
vn 0.427701 -0.882702 -0.194701
vn 0.61769 -0.66469 -0.420293
vn 0.763736 -0.073504 -0.64133
vn 0.715205 0.295002 -0.633605
vn 0.411076 0.821253 -0.395677
vn 0.151504 0.974823 -0.163604
vn -0.461195 -0.159798 -0.872791
vn 0.411707 0.076301 -0.908116
vn 0.187392 -0.745969 -0.639073
vn 0.0192 0.720789 -0.692889
vn -0.71769 0.629191 -0.298396
vn -0.962933 -0.269709 -0.0042
vn -0.420712 -0.892025 -0.165205
vn -0.997507 0.0629 -0.032
vn -0.556522 0.785631 0.270311
vn -0.710493 0.662093 -0.238397
vn -0.779162 -0.090396 0.62027
vn -0.685022 -0.725123 -0.070302
vn -0.217706 -0.924326 0.313409
vn 0.0518 -0.7953 -0.604
vn 0.488769 -0.797949 -0.352678
vn 0.294696 -0.154698 -0.942986
vn 0.769807 0.099301 -0.630506
vn 0.028499 0.659588 -0.751087
vn 0.236809 0.927637 -0.288811
vn -0.143899 0.579598 0.802097
vn -0.266394 -0.232195 0.935478
vn 0.192502 -0.80351 0.563307
vn 0.848705 -0.526203 0.053
vn 0.936778 0.328192 -0.121397
vn 0.419871 0.873839 0.245183
vn -0.328395 0.66699 0.66879
vn -0.73379 -0.185397 0.653591
vn -0.442286 -0.31729 0.838874
vn -0.465796 0.818292 0.336797
vn -0.192691 -0.946956 0.257188
vn 0.182498 -0.858191 0.479795
vn 0.599127 -0.757533 -0.259212
vn 0.852573 -0.522084 0.023399
vn 0.83897 0.096897 -0.535481
vn 0.934041 0.311014 -0.175608
vn 0.34109 0.890574 -0.300891
vn 0.355715 0.93264 0.060403
vn -0.921879 -0.0149 0.387191
vn -0.504396 0.856793 -0.107199
vn -0.459912 -0.884523 0.078102
vn 0.250991 -0.837269 -0.485782
vn 0.57822 -0.145905 -0.802728
vn 0.243702 0.649105 -0.720606
vn 0 -0.063698 -0.997969
vn 0.896676 -0.296092 -0.329091
vn 0 0.380408 -0.924819
vn 0.868471 0.401786 -0.29039
vn 0 0.791839 -0.61073
vn -0.868471 0.401786 -0.29039
vn -0.896676 -0.296092 -0.329091
vn 0.85805 -0.507171 -0.080795
vn 0 -0.983445 -0.181208
vn 0 0.311604 -0.950212
vn 0.889092 -0.103399 -0.445896
vn 0 -0.999946 0.0104
vn 0.935798 0.298099 0.1882
vn 0 0.949152 0.314817
vn -0.935798 0.298099 0.1882
vn -0.85805 -0.507171 -0.080795
vn -0.889092 -0.103399 -0.445896
vn 0.164209 0.16601 -0.972356
vn 0.0102 0.340408 0.940222
vn 0.539712 0.798418 -0.266906
vn -0.603238 0.775949 -0.184412
vn 0.881841 -0.456621 -0.117705
vn 0 -0.981395 -0.191999
vn 0 0.850985 0.525191
vn -0.881841 -0.456621 -0.117705
vn 0 -0.986609 -0.163102
vn 0.777166 0.342885 0.527677
vn 0 0.605697 0.795696
vn -0.777166 0.342885 0.527677
vn 0.0028 -0.99569 -0.092699
vn 0.917001 0.1455 0.371401
vn -0.0002 0.656889 0.753987
vn -0.917643 0.147507 0.369017
vn -0.308895 -0.269596 0.912087
vn 0.087097 -0.940867 0.327389
vn -0.049302 -0.939634 0.338612
vn 0.21931 -0.952542 0.211109
vn -0.253088 0.841859 -0.476677
vn -0.390102 0.911705 0.128901
vn -0.346106 0.905015 -0.247304
vn 0.197292 -0.401484 0.894364
vn 0.94103 -0.188106 0.281209
vn 0.28929 0.811773 0.507283
vn 0.0369 -0.999193 -0.0159
vn -0.963973 -0.0021 0.265993
vn -0.46899 -0.585787 -0.660986
vn -0.980999 0.0198 -0.193
vn 0.175996 -0.980176 -0.090998
vn -0.855756 -0.516934 0.021501
vn -0.197292 -0.401484 0.894364
vn 0.942052 -0.212212 0.259814
vn -0.044399 0.882086 0.468993
vn 0.088697 -0.995772 -0.023899
vn -0.893889 -0.387095 0.226097
vn -0.0092 -0.602707 -0.79791
vn 0.950823 -0.265507 -0.159504
vn 0.978438 -0.185507 0.090804
vn 0.0156 -0.999791 -0.0132
vn -0.61927 0.720665 -0.311685
vn -0.800319 0.528312 0.283507
vn -0.902123 0.158504 -0.40131
vn -0.827485 0.504391 -0.246696
vn -0.969662 0.020499 0.24359
vn -0.72948 0.229694 0.644282
vn 0 0.187608 0.982244
vn 0.90078 0.346192 0.262194
vn 0 -0.203994 0.978972
vn 0.845422 -0.346309 0.406611
vn 0 -0.587916 0.808922
vn -0.84545 -0.34628 0.406576
vn -0.90078 0.346192 0.262194
vn 0.822527 0.567318 -0.040001
vn 0.0596 0.995608 0.072201
vn 0 -0.061202 0.998126
vn 0.889114 0.212803 0.405206
vn 0 0.964796 -0.262999
vn 0.946239 -0.315913 -0.069503
vn 0 -0.999341 0.036301
vn -0.941285 -0.337595 0.0036
vn -0.797807 0.579005 0.168101
vn -0.889114 0.212803 0.405206
vn 0.108504 -0.223108 -0.968736
vn 0.0067 0.665589 -0.746288
vn 0.669424 0.614522 -0.417415
vn -0.666371 0.645972 -0.372384
vn 0.880572 0.454486 -0.134296
vn 0.079803 0.973742 -0.213209
vn 0 -0.958947 -0.283584
vn -0.884796 0.465698 -0.0162
vn 0.019799 0.819677 -0.572484
vn 0.770172 -0.539481 -0.340288
vn 0 -0.84211 -0.539306
vn -0.735699 -0.586599 -0.338599
vn 0.0247 0.966704 -0.254701
vn 0.992283 -0.121298 -0.0257
vn 0.0016 -0.999822 0.0188
vn -0.984542 -0.168007 -0.049502
vn -0.013 -0.926929 0.375012
vn 0.232602 -0.083201 0.969007
vn 0.956208 0.0071 0.292602
vn 0.252292 0.920171 0.299391
vn 0.033001 -0.98933 0.141904
vn -0.957945 0.144507 0.247912
vn -0.347492 -0.659784 -0.666284
vn -0.916517 0.091002 -0.389507
vn 0.192095 -0.980874 -0.031399
vn -0.838999 -0.5375 0.0847
vn -0.232602 -0.083201 0.969007
vn 0.966846 -0.023101 0.254312
vn -0.055002 0.974841 0.216009
vn 0.0274 -0.995214 0.093801
vn -0.925896 -0.276799 0.257099
vn 0.045901 -0.680711 -0.731112
vn 0.893463 -0.323187 -0.311887
vn 0.988354 -0.126894 0.083996
vn 0.006 -0.997501 0.0704
vn -0.996277 0.086098 0.0045
vn -0.998952 0.031098 0.033598
vn -0.996162 0.040698 0.077497
vn 0.970523 -0.143403 -0.193705
vn 0.90714 -0.420319 0.020701
vn 0.946078 -0.029499 -0.322593
vn 0.903084 -0.423093 0.073699
vn 0.731299 -0.642 0.2303
vn 0.660594 -0.705894 0.255598
vn -0.931579 0.316193 -0.179396
vn -0.980572 0.008 0.195995
vn -0.917327 0.396612 -0.034801
vn -0.669399 0.661099 -0.3389
vn -0.61719 0.740488 -0.265996
vn -0.897978 0.436189 0.058099
vn -0.940142 0.013501 0.340515
vn 0.886241 0.43352 -0.163208
vn 0.48449 -0.51079 0.710186
vn 0.553491 -0.730789 -0.399494
vn 0.432189 0.510487 0.743381
vn -0.0083 0.909322 0.41601
vn 0.651809 0.537207 -0.535307
vn -0.338297 0.830992 0.441596
vn -0.443299 0.895598 -0.0373
vn 0.352403 0.926507 0.131901
vn 0.965417 -0.259105 0.028901
vn 0.166698 0.501092 -0.849187
vn -0.188602 -0.288204 0.938812
vn -0.511664 -0.412571 0.753648
vn -0.795205 -0.353402 0.492703
vn 0.243192 -0.94867 -0.202194
vn 0.217304 -0.908317 -0.357407
vn 0.401209 -0.121303 -0.907919
vn -0.350691 0.898776 -0.263093
vn 0.471328 0.029902 -0.881451
vn -0.91818 -0.044199 0.393691
vn -0.211698 -0.911089 -0.353696
vn 0.885479 -0.453989 0.099098
vn 0.91498 -0.191996 0.354892
vn 0.823884 -0.566189 0.0254
vn 0.927425 -0.150004 0.342609
vn 0.822027 0.094103 0.561619
vn 0.766997 0.146099 0.624797
vn -0.970501 0.053 -0.2352
vn -0.886396 0.462598 0.0175
vn -0.924879 0.175596 -0.337292
vn -0.79396 -0.217216 -0.567843
vn -0.731422 -0.172605 -0.65972
vn -0.88462 0.253006 -0.391709
vn -0.809622 0.586816 -0.0126
vn -0.937681 -0.346493 0.026399
vn -0.117394 0.699362 0.705062
vn -0.5395 0.8373 -0.0887
vn -0.107099 0.538193 -0.835989
vn 0.822173 0.567081 -0.049498
vn -0.835039 -0.547425 0.055103
vn -0.827415 0.112002 0.55031
vn -0.121303 -0.526112 0.841719
vn -0.816872 -0.0067 -0.57678
vn -0.114599 -0.705392 -0.699492
vn 0 0.706507 0.707707
vn 0.952905 0.295502 0.0682
vn 0 0.444291 0.895882
vn 0 0.120194 -0.992751
vn 0 0.413908 -0.910319
vn 0.960776 0.216995 0.172696
vn 0 0.493714 0.869625
vn 0.928685 0.368494 -0.041899
vn 0.961145 0.272784 0.042298
vn 0 0.356794 0.934183
vn 0 0.479595 -0.87749
vn 0 0.944265 0.329188
vn 0 0.674175 0.738572
vn 0 0.349304 -0.93701
vn -0.952905 0.295502 0.0682
vn -0.960776 0.216995 0.172696
vn -0.928685 0.368494 -0.041899
vn -0.961171 0.272692 0.042299
vt 0.1942 0.3786
vt 0.1942 0.3497
vt 0.2541 0.3578
vt 0.2572 0.375
vt 0.158 0.9075
vt 0.158 0.9038
vt 0.2055 0.886
vt 0.2251 0.9072
vt 0.1942 0.2884
vt 0.2669 0.2794
vt 0.1942 0.2444
vt 0.2421 0.2377
vt 0.2613 0.2169
vt 0.0908 0.8047
vt 0.158 0.7399
vt 0.158 0.7879
vt 0.2251 0.8047
vt 0.2055 0.7399
vt 0.2808 0.7343
vt 0.1545 0.7733
vt 0.0955 0.7305
vt 0.0672 0.7318
vt 0.158 0.7042
vt 0.2279 0.6917
vt 0.2696 0.6746
vt 0.2932 0.4022
vt 0.2969 0.345
vt 0.2109 0.8727
vt 0.1586 0.932
vt 0.289 0.3064
vt 0.1586 0.8485
vt 0.1586 0.8485
vt 0.0845 0.8326
vt 0.0908 0.8047
vt 0.2251 0.8047
vt 0.2326 0.8326
vt 0.2326 0.8326
vt 0.1942 0.2091
vt 0.2625 0.2078
vt 0.2724 0.2163
vt 0.158 0.7042
vt 0.2279 0.6917
vt 0.2696 0.6746
vt 0.2852 0.8588
vt 0.2698 0.91
vt 0.2899 0.8128
vt 0.2976 0.7548
vt 0.1586 0.932
vt 0.1062 0.8727
vt 0.2109 0.8727
vt 0.2433 0.4502
vt 0.2893 0.405
vt 0.268 0.3894
vt 0.2386 0.385
vt 0.2151 0.3905
vt 0.2054 0.3905
vt 0.2151 0.3905
vt 0.2386 0.385
vt 0.268 0.3894
vt 0.3088 0.2888
vt 0.2825 0.2888
vt 0.2386 0.2828
vt 0.2054 0.2828
vt 0.1916 0.2828
vt 0.2054 0.2828
vt 0.2386 0.2828
vt 0.2825 0.2888
vt 0.2765 0.1541
vt 0.2668 0.1541
vt 0.2433 0.1541
vt 0.2139 0.1753
vt 0.2042 0.1753
vt 0.2139 0.1753
vt 0.2433 0.1541
vt 0.2668 0.1541
vt 0.2416 0.1268
vt 0.3042 0.9212
vt 0.3339 0.893
vt 0.3435 0.823
vt 0.3681 0.8949
vt 0.3483 0.9995
vt 0.511 0.3869
vt 0.5617 0.3534
vt 0.5404 0.349
vt 0.511 0.3446
vt 0.4875 0.3446
vt 0.4778 0.3446
vt 0.4875 0.3446
vt 0.511 0.3446
vt 0.5404 0.349
vt 0.5813 0.2485
vt 0.5549 0.2484
vt 0.511 0.2425
vt 0.4778 0.2425
vt 0.464 0.2425
vt 0.4778 0.2425
vt 0.511 0.2425
vt 0.5549 0.2484
vt 0.5442 0.1403
vt 0.5345 0.1403
vt 0.511 0.1403
vt 0.4817 0.1616
vt 0.4719 0.1616
vt 0.4817 0.1616
vt 0.511 0.1403
vt 0.5345 0.1403
vt 0.5093 0.1131
vt 0.9995 0.2241
vt 0.8577 0.192
vt 0.8583 0.1798
vt 0.8596 0.1553
vt 0.8602 0.1431
vt 0.7918 0.2081
vt 0.7877 0.1918
vt 0.7793 0.1594
vt 0.7751 0.1432
vt 0.7337 0.2387
vt 0.7239 0.2231
vt 0.7044 0.1919
vt 0.6946 0.1763
vt 0.6857 0.2834
vt 0.6717 0.2717
vt 0.6438 0.2483
vt 0.6298 0.2366
vt 0.648 0.3634
vt 0.6299 0.3562
vt 0.5937 0.3419
vt 0.5756 0.3347
vt 0.6113 0.4689
vt 0.5916 0.4611
vt 0.5545 0.448
vt 0.5317 0.4351
vt 0.5652 0.4951
vt 0.9524 0.588
vt 0.9508 0.5971
vt 0.9523 0.5949
vt 0.9518 0.5863
vt 0.0117 0.4468
vt 0.0674 0.4831
vt 0.0136 0.5199
vt 0.0223 0.6764
vt 0.0766 0.6323
vt 0.2544 0.3578
vt 0.2576 0.375
vt 0.2055 0.886
vt 0.158 0.9038
vt 0.2673 0.2794
vt 0.2425 0.2377
vt 0.2617 0.2169
vt 0.0908 0.8047
vt 0.158 0.7879
vt 0.158 0.7399
vt 0.2251 0.8047
vt 0.2055 0.7399
vt 0.0955 0.7305
vt 0.158 0.7042
vt 0.2279 0.6917
vt 0.2935 0.4022
vt 0.2973 0.345
vt 0.2109 0.8727
vt 0.1586 0.932
vt 0.2894 0.3064
vt 0.1586 0.8485
vt 0.1586 0.8485
vt 0.0908 0.8047
vt 0.0845 0.8326
vt 0.2326 0.8326
vt 0.2251 0.8047
vt 0.2326 0.8326
vt 0.2629 0.2078
vt 0.2728 0.2163
vt 0.158 0.7042
vt 0.2279 0.6917
vt 0.2852 0.8588
vt 0.2899 0.8128
vt 0.1586 0.932
vt 0.1062 0.8727
vt 0.2109 0.8727
vt 0.2433 0.4502
vt 0.268 0.3894
vt 0.2893 0.405
vt 0.2386 0.385
vt 0.2151 0.3905
vt 0.2054 0.3905
vt 0.2151 0.3905
vt 0.2386 0.385
vt 0.268 0.3894
vt 0.2825 0.2888
vt 0.3088 0.2888
vt 0.2386 0.2828
vt 0.2054 0.2828
vt 0.1916 0.2828
vt 0.2054 0.2828
vt 0.2386 0.2828
vt 0.2825 0.2888
vt 0.2668 0.1541
vt 0.2765 0.1541
vt 0.2433 0.1541
vt 0.2139 0.1753
vt 0.2042 0.1753
vt 0.2139 0.1753
vt 0.2433 0.1541
vt 0.2668 0.1541
vt 0.2416 0.1268
vt 0.3339 0.893
vt 0.511 0.3869
vt 0.5404 0.349
vt 0.5617 0.3534
vt 0.511 0.3446
vt 0.4875 0.3446
vt 0.4778 0.3446
vt 0.4875 0.3446
vt 0.511 0.3446
vt 0.5404 0.349
vt 0.5549 0.2484
vt 0.5813 0.2485
vt 0.511 0.2425
vt 0.4778 0.2425
vt 0.464 0.2425
vt 0.4778 0.2425
vt 0.511 0.2425
vt 0.5549 0.2484
vt 0.5345 0.1403
vt 0.5442 0.1403
vt 0.511 0.1403
vt 0.4817 0.1616
vt 0.4719 0.1616
vt 0.4817 0.1616
vt 0.511 0.1403
vt 0.5345 0.1403
vt 0.5093 0.1131
vt 0.8583 0.1798
vt 0.8596 0.1553
vt 0.7877 0.1918
vt 0.7793 0.1594
vt 0.7239 0.2231
vt 0.7044 0.1919
vt 0.6717 0.2717
vt 0.6438 0.2483
vt 0.6299 0.3562
vt 0.5937 0.3419
vt 0.5916 0.4611
vt 0.5545 0.448
vt 0.9524 0.588
vt 0.9523 0.5949
vt 0.0126 0.4468
vt 0.0674 0.4831
vt 0.0766 0.6323
vt 0.5422 0.6199
vt 0.5319 0.6774
vt 0.468 0.617
vt 0.5085 0.6927
vt 0.6039 0.7559
vt 0.4846 0.7127
vt 0.3776 0.6232
vt 0.8414 0.8067
vt 0.8577 0.7777
vt 0.874 0.783
vt 0.8577 0.7706
vt 0.8252 0.7706
vt 0.8169 0.783
vt 0.8252 0.7777
vt 0.8181 0.6621
vt 0.8318 0.6518
vt 0.8472 0.6529
vt 0.8318 0.6725
vt 0.8682 0.6731
vt 0.8782 0.669
vt 0.8646 0.6793
vt 0.8646 0.6713
vt 0.8844 0.7186
vt 0.8629 0.7328
vt 0.8629 0.7023
vt 0.82 0.7023
vt 0.8065 0.7186
vt 0.82 0.7328
vt 0.153 0.6305
vt 0.0856 0.6501
vt 0.1147 0.6915
vt 0.171 0.688
vt 0.2152 0.6866
vt 0.2078 0.6601
vt 0.1211 0.6447
vt 0.153 0.6447
vt 0.1849 0.6447
vt 0.0864 0.5581
vt 0.1484 0.5739
vt 0.1983 0.5482
vt 0.1176 0.4817
vt 0.2104 0.4708
vt 0.727 0.0602
vt 0.8211 0.1016
vt 0.7279 0.1237
vt 0.7925 0.036
vt 0.6176 0.102
vt 0.6032 0.1362
vt 0.5519 0.1241
vt 0.5828 0.0491
vt 0.7248 0.0266
vt 0.5287 0.608
vt 0.5287 0.5863
vt 0.5532 0.5822
vt 0.5664 0.5745
vt 0.5182 0.5276
vt 0.5538 0.5276
vt 0.586 0.5144
vt 0.4485 0.4356
vt 0.4076 0.6051
vt 0.4205 0.5672
vt 0.4277 0.5045
vt 0.2978 0.523
vt 0.2891 0.5922
vt 0.2954 0.6302
vt 0.3022 0.4274
vt 0.9552 0.0824
vt 0.5039 0.5216
vt 0.9716 0.4783
vt 0.502 0.0294
vt 0.502 0.0294
vt 0.5039 0.5216
vt 0.5039 0.9583
vt 0.9776 0.9149
vt 0.5039 0.9583
vt 0.9132 0.1047
vt 0.4982 0.3203
vt 0.9268 0.3693
vt 0.4961 0.0435
vt 0.0667 0.3209
vt 0.077 0.1174
vt 0.4997 0.3741
vt 0.4961 0.0435
vt 0.5012 0.4278
vt 0.5095 0.9816
vt 0.9459 0.9344
vt 0.0671 0.971
vt 0.5095 0.9816
vt 0.468 0.617
vt 0.5085 0.6927
vt 0.8414 0.8067
vt 0.874 0.783
vt 0.8577 0.7777
vt 0.8577 0.7706
vt 0.8252 0.7706
vt 0.8169 0.783
vt 0.8252 0.7777
vt 0.8181 0.6621
vt 0.8472 0.6529
vt 0.8318 0.6518
vt 0.8318 0.6725
vt 0.8682 0.6731
vt 0.8782 0.669
vt 0.8646 0.6793
vt 0.8646 0.6713
vt 0.8844 0.7186
vt 0.8629 0.7328
vt 0.8629 0.7023
vt 0.82 0.7023
vt 0.8065 0.7186
vt 0.82 0.7328
vt 0.1147 0.6915
vt 0.171 0.688
vt 0.2152 0.6866
vt 0.1211 0.6447
vt 0.153 0.6447
vt 0.1849 0.6447
vt 0.1484 0.5739
vt 0.1983 0.5482
vt 0.727 0.0602
vt 0.7925 0.036
vt 0.6176 0.102
vt 0.5828 0.0491
vt 0.7248 0.0266
vt 0.5532 0.5822
vt 0.5287 0.5863
vt 0.5538 0.5276
vt 0.5182 0.5276
vt 0.4205 0.5672
vt 0.4277 0.5045
vt 0.2978 0.523
vt 0.2891 0.5922
vt 0.0468 0.1113
vt 0.0304 0.5072
vt 0.0244 0.9438
vt 0.9128 0.105
vt 0.9263 0.3695
vt 0.4977 0.3205
vt 0.4956 0.0438
vt 0.0662 0.3211
vt 0.0766 0.1176
vt 0.4992 0.3742
vt 0.4956 0.0438
vt 0.5007 0.4279
vt 0.9455 0.9348
vt 0.5091 0.982
vt 0.0668 0.9714
vt 0.5091 0.982
vt 0.9555 0.5996
vt 0.9517 0.6049
vt 0.9557 0.6056
vt 0.9516 0.602
vt 0.9596 0.6047
vt 0.9595 0.6018
vt 0.9531 0.6102
vt 0.9558 0.6104
vt 0.9584 0.61
vt 0.3924 0.8325
vt 0.3553 0.7533
vt 0.4353 0.7801
vt 0.4321 0.7404
vt 0.4803 0.8303
vt 0.5101 0.7494
vt 0.5118 0.8224
vt 0.4073 0.88
vt 0.4366 0.8313
vt 0.4379 0.8785
vt 0.4679 0.8785
vt 0.4317 0.6862
vt 0.49 0.9519
vt 0.4371 0.9704
vt 0.4375 0.9055
vt 0.3832 0.9546
vt 0.357 0.8263
vt 0.8906 0.2779
vt 0.8991 0.2508
vt 0.8767 0.2516
vt 0.913 0.2383
vt 0.8991 0.2259
vt 0.8767 0.2267
vt 0.8628 0.2391
vt 0.8767 0.2703
vt 0.908 0.3587
vt 0.8773 0.3595
vt 0.8991 0.2695
vt 0.9261 0.3557
vt 0.913 0.2673
vt 0.908 0.3429
vt 0.8991 0.2487
vt 0.8773 0.3437
vt 0.8767 0.2496
vt 0.8592 0.3565
vt 0.8628 0.2681
vt 0.8953 0.3453
vt 0.8773 0.4353
vt 0.9073 0.432
vt 0.92 0.3991
vt 0.908 0.3733
vt 0.8773 0.3741
vt 0.8592 0.4033
vt 0.8991 0.2695
vt 0.8767 0.2703
vt 0.8725 0.2645
vt 0.9033 0.2637
vt 0.913 0.2673
vt 0.9214 0.2516
vt 0.8991 0.2487
vt 0.9033 0.2355
vt 0.8767 0.2496
vt 0.8725 0.2363
vt 0.8628 0.2681
vt 0.8545 0.2524
vt 0.8767 0.2516
vt 0.8991 0.2508
vt 0.913 0.2383
vt 0.8991 0.2259
vt 0.8767 0.2267
vt 0.8628 0.2391
vt 0.8773 0.3595
vt 0.908 0.3587
vt 0.9072 0.4003
vt 0.872 0.4044
vt 0.9261 0.3557
vt 0.9365 0.3782
vt 0.908 0.3429
vt 0.9132 0.3566
vt 0.8773 0.3437
vt 0.872 0.3574
vt 0.8592 0.3565
vt 0.8487 0.379
vt 0.9073 0.432
vt 0.8773 0.4353
vt 0.92 0.3991
vt 0.908 0.3733
vt 0.8773 0.3741
vt 0.8592 0.4033
vt 0.3404 0.389
vt 0.4164 0.3811
vt 0.3908 0.3443
vt 0.3315 0.3585
vt 0.2942 0.4163
vt 0.3315 0.3585
vt 0.3908 0.3443
vt 0.4238 0.2933
vt 0.3908 0.2856
vt 0.4482 0.4349
vt 0.4675 0.3267
vt 0.4294 0.3633
vt 0.3448 0.2923
vt 0.3162 0.3007
vt 0.3448 0.2923
vt 0.3908 0.2856
vt 0.4294 0.3633
vt 0.4254 0.0372
vt 0.3985 0.0744
vt 0.4193 0.0617
vt 0.3985 0.0744
vt 0.4082 0.2346
vt 0.4423 0.2622
vt 0.3149 0.2536
vt 0.4082 0.2346
vt 0.4273 0.2344
vt 0.3744 0.2121
vt 0.3606 0.1943
vt 0.3744 0.2121
vt 0.4606 0.1617
vt 0.4257 0.1534
vt 0.4058 0.1506
vt 0.4257 0.1534
vt 0.368 0.0207
vt 0.9822 0.5829
vt 0.9782 0.5888
vt 0.9786 0.5891
vt 0.9803 0.5859
vt 0.9737 0.5942
vt 0.9738 0.5953
vt 0.8133 0.8635
vt 0.6732 0.885
vt 0.7386 0.7619
vt 0.5118 0.8766
vt 0.5229 0.7912
vt 0.522 0.8841
vt 0.6702 0.7515
vt 0.2794 0.0091
vt 0.3239 0.0486
vt 0.3121 0.0207
vt 0.3211 0.0072
vt 0.3121 0.0207
vt 0.4456 0.0005
vt 0.3991 0.0223
vt 0.3631 0.0021
vt 0.368 0.0207
vt 0.2794 0.0091
vt 0.3239 0.0486
vt 0.3121 0.0207
vt 0.3211 0.0072
vt 0.3121 0.0207
vt 0.4456 0.0005
vt 0.3991 0.0223
vt 0.368 0.0207
vt 0.3631 0.0021
vt 0.7141 0.7045
vt 0.739 0.693
vt 0.7585 0.698
vt 0.7062 0.6831
vt 0.6678 0.6548
vt 0.7927 0.6642
vt 0.7783 0.6204
vt 0.869 0.6042
vt 0.7545 0.6655
vt 0.713 0.6062
vt 0.708 0.6385
vt 0.6748 0.5727
vt 0.6717 0.6022
vt 0.7662 0.5611
vt 0.0586 0.4144
vt 0.1345 0.4066
vt 0.109 0.3697
vt 0.0497 0.384
vt 0.0157 0.4459
vt 0.0497 0.384
vt 0.109 0.3697
vt 0.1419 0.3188
vt 0.1089 0.3111
vt 0.1663 0.4604
vt 0.1857 0.3521
vt 0.1476 0.3888
vt 0.0816 0.3176
vt 0.053 0.326
vt 0.0816 0.3176
vt 0.1089 0.3111
vt 0.1476 0.3888
vt 0.1432 0.0646
vt 0.1092 0.0866
vt 0.1324 0.0871
vt 0.1092 0.0866
vt 0.1263 0.2601
vt 0.1912 0.2877
vt 0.0331 0.2791
vt 0.1297 0.2777
vt 0.1466 0.2599
vt 0.0854 0.2719
vt 0.0716 0.2541
vt 0.0854 0.2719
vt 0.1456 0.1671
vt 0.1215 0.1749
vt 0.1016 0.1722
vt 0.1215 0.1749
vt 0.0873 0.0397
vt 0.0005 0.0323
vt 0.0452 0.0652
vt 0.045 0.0503
vt 0.0542 0.0315
vt 0.045 0.0503
vt 0.1438 0.026
vt 0.1236 0.0478
vt 0.0952 0.0275
vt 0.0873 0.0397
vt 0.0005 0.0323
vt 0.0452 0.0652
vt 0.045 0.0503
vt 0.0542 0.0315
vt 0.045 0.0503
vt 0.1438 0.026
vt 0.1236 0.0478
vt 0.0873 0.0397
vt 0.0952 0.0275
vt 0.6967 0.6731
vt 0.7314 0.717
vt 0.7246 0.7176
vt 0.7144 0.6836
vt 0.679 0.6625
vt 0.7178 0.7182
vt 0.7651 0.7281
vt 0.7471 0.7386
vt 0.7344 0.7478
vt 0.8331 0.8678
vt 0.9677 0.5818
vt 0.967 0.5911
vt 0.9698 0.594
vt 0.9722 0.5791
vt 0.9752 0.5828
vt 0.9732 0.5919
vt 0.793 0.242
vt 0.7694 0.3843
vt 0.7023 0.299
vt 0.849 0.3216
vt 0.8033 0.5154
vt 0.7379 0.5591
vt 0.6812 0.4975
vt 0.8407 0.4548
vt 0.8724 0.4547
vt 0.8724 0.4549
vt 0.8407 0.4551
vt 0.8379 0.4955
vt 0.8372 0.504
vt 0.8379 0.5139
vt 0.8379 0.5436
vt 0.8193 0.5096
vt 0.8202 0.5072
vt 0.8281 0.4987
vt 0.8834 0.4955
vt 0.8834 0.5139
vt 0.8834 0.5436
vt 0.8809 0.5057
vt 0.8834 0.5339
vt 0.8379 0.5339
vt 0.8514 0.5748
vt 0.8514 0.5717
vt 0.8668 0.5748
vt 0.8668 0.5717
vt 0.9531 0.5833
vt 0.9524 0.5926
vt 0.9552 0.5955
vt 0.9576 0.5806
vt 0.9607 0.5844
vt 0.9586 0.5935
vt 0.793 0.242
vt 0.7694 0.3843
vt 0.7023 0.299
vt 0.849 0.3216
vt 0.8033 0.5154
vt 0.7379 0.5591
vt 0.6812 0.4975
vt 0.9555 0.5996
vt 0.9557 0.6056
vt 0.9517 0.6049
vt 0.9516 0.602
vt 0.9596 0.6047
vt 0.9595 0.6018
vt 0.9558 0.6104
vt 0.9531 0.6102
vt 0.9584 0.61
vt 0.3924 0.8325
vt 0.4353 0.7801
vt 0.3553 0.7533
vt 0.4321 0.7404
vt 0.4803 0.8303
vt 0.5118 0.8224
vt 0.5101 0.7494
vt 0.4073 0.88
vt 0.4379 0.8785
vt 0.4366 0.8313
vt 0.4679 0.8785
vt 0.4317 0.6862
vt 0.49 0.9519
vt 0.4375 0.9055
vt 0.4371 0.9704
vt 0.3832 0.9546
vt 0.357 0.8263
vt 0.8906 0.2779
vt 0.8767 0.2516
vt 0.8991 0.2508
vt 0.913 0.2383
vt 0.8991 0.2259
vt 0.8767 0.2267
vt 0.8628 0.2391
vt 0.8767 0.2703
vt 0.8773 0.3595
vt 0.908 0.3587
vt 0.8991 0.2695
vt 0.9261 0.3557
vt 0.913 0.2673
vt 0.908 0.3429
vt 0.8991 0.2487
vt 0.8773 0.3437
vt 0.8767 0.2496
vt 0.8592 0.3565
vt 0.8628 0.2681
vt 0.8953 0.3453
vt 0.9073 0.432
vt 0.8773 0.4353
vt 0.92 0.3991
vt 0.908 0.3733
vt 0.8773 0.3741
vt 0.8592 0.4033
vt 0.8991 0.2695
vt 0.8725 0.2645
vt 0.8767 0.2703
vt 0.9033 0.2637
vt 0.913 0.2673
vt 0.9214 0.2516
vt 0.8991 0.2487
vt 0.9033 0.2355
vt 0.8767 0.2496
vt 0.8725 0.2363
vt 0.8628 0.2681
vt 0.8545 0.2524
vt 0.8767 0.2516
vt 0.8991 0.2508
vt 0.913 0.2383
vt 0.8991 0.2259
vt 0.8767 0.2267
vt 0.8628 0.2391
vt 0.8773 0.3595
vt 0.9072 0.4003
vt 0.908 0.3587
vt 0.872 0.4044
vt 0.9365 0.3782
vt 0.9261 0.3557
vt 0.9132 0.3566
vt 0.908 0.3429
vt 0.872 0.3574
vt 0.8773 0.3437
vt 0.8487 0.379
vt 0.8592 0.3565
vt 0.9073 0.432
vt 0.8773 0.4353
vt 0.92 0.3991
vt 0.908 0.3733
vt 0.8773 0.3741
vt 0.8592 0.4033
vt 0.3404 0.389
vt 0.3908 0.3443
vt 0.4164 0.3811
vt 0.3315 0.3585
vt 0.2942 0.4163
vt 0.3315 0.3585
vt 0.3908 0.3443
vt 0.3908 0.2856
vt 0.4238 0.2933
vt 0.4482 0.4349
vt 0.4294 0.3633
vt 0.4675 0.3267
vt 0.3448 0.2923
vt 0.3162 0.3007
vt 0.3448 0.2923
vt 0.3908 0.2856
vt 0.4294 0.3633
vt 0.4254 0.0372
vt 0.4193 0.0617
vt 0.3985 0.0744
vt 0.3985 0.0744
vt 0.4082 0.2346
vt 0.4423 0.2622
vt 0.3149 0.2536
vt 0.4082 0.2346
vt 0.4273 0.2344
vt 0.3744 0.2121
vt 0.3606 0.1943
vt 0.3744 0.2121
vt 0.4606 0.1617
vt 0.4257 0.1534
vt 0.4058 0.1506
vt 0.4257 0.1534
vt 0.368 0.0207
vt 0.9782 0.5888
vt 0.9803 0.5859
vt 0.9737 0.5942
vt 0.7386 0.7619
vt 0.5229 0.7912
vt 0.6702 0.7515
vt 0.2794 0.0091
vt 0.3121 0.0207
vt 0.3239 0.0486
vt 0.3211 0.0072
vt 0.3121 0.0207
vt 0.4456 0.0005
vt 0.3991 0.0223
vt 0.3631 0.0021
vt 0.368 0.0207
vt 0.2794 0.0091
vt 0.3121 0.0207
vt 0.3239 0.0486
vt 0.3211 0.0072
vt 0.3121 0.0207
vt 0.4456 0.0005
vt 0.3991 0.0223
vt 0.368 0.0207
vt 0.3631 0.0021
vt 0.739 0.693
vt 0.7062 0.6831
vt 0.7783 0.6204
vt 0.7545 0.6655
vt 0.713 0.6062
vt 0.708 0.6385
vt 0.0586 0.4144
vt 0.109 0.3697
vt 0.1345 0.4066
vt 0.0497 0.384
vt 0.0157 0.4459
vt 0.0497 0.384
vt 0.109 0.3697
vt 0.1089 0.3111
vt 0.1419 0.3188
vt 0.1663 0.4604
vt 0.1476 0.3888
vt 0.1857 0.3521
vt 0.0816 0.3176
vt 0.053 0.326
vt 0.0816 0.3176
vt 0.1089 0.3111
vt 0.1476 0.3888
vt 0.1432 0.0646
vt 0.1324 0.0871
vt 0.1092 0.0866
vt 0.1092 0.0866
vt 0.1263 0.2601
vt 0.1912 0.2877
vt 0.0331 0.2791
vt 0.1297 0.2777
vt 0.1466 0.2599
vt 0.0854 0.2719
vt 0.0716 0.2541
vt 0.0854 0.2719
vt 0.1456 0.1671
vt 0.1215 0.1749
vt 0.1016 0.1722
vt 0.1215 0.1749
vt 0.0873 0.0397
vt 0.0005 0.0323
vt 0.045 0.0503
vt 0.0452 0.0652
vt 0.0542 0.0315
vt 0.045 0.0503
vt 0.1438 0.026
vt 0.1236 0.0478
vt 0.0952 0.0275
vt 0.0873 0.0397
vt 0.0005 0.0323
vt 0.045 0.0503
vt 0.0452 0.0652
vt 0.0542 0.0315
vt 0.045 0.0503
vt 0.1438 0.026
vt 0.1236 0.0478
vt 0.0873 0.0397
vt 0.0952 0.0275
vt 0.6967 0.6731
vt 0.7246 0.7176
vt 0.7471 0.7386
vt 0.9677 0.5818
vt 0.9698 0.594
vt 0.967 0.5911
vt 0.9722 0.5791
vt 0.9752 0.5828
vt 0.9732 0.5919
vt 0.793 0.242
vt 0.7023 0.299
vt 0.7694 0.3843
vt 0.849 0.3216
vt 0.8033 0.5154
vt 0.7379 0.5591
vt 0.6812 0.4975
vt 0.8407 0.4548
vt 0.8724 0.4549
vt 0.8724 0.4547
vt 0.8407 0.4551
vt 0.8379 0.4955
vt 0.8372 0.504
vt 0.8379 0.5139
vt 0.8379 0.5436
vt 0.8193 0.5096
vt 0.8281 0.4987
vt 0.8202 0.5072
vt 0.8834 0.4955
vt 0.8834 0.5139
vt 0.8834 0.5436
vt 0.8809 0.5057
vt 0.8834 0.5339
vt 0.8379 0.5339
vt 0.8514 0.5748
vt 0.8514 0.5717
vt 0.8668 0.5748
vt 0.8668 0.5717
vt 0.9531 0.5833
vt 0.9552 0.5955
vt 0.9524 0.5926
vt 0.9576 0.5806
vt 0.9607 0.5844
vt 0.9586 0.5935
vt 0.793 0.242
vt 0.7023 0.299
vt 0.7694 0.3843
vt 0.849 0.3216
vt 0.8033 0.5154
vt 0.7379 0.5591
vt 0.6812 0.4975
vt 0.7809 0.9121
vt 0.7942 0.9535
vt 0.6239 0.9899
vt 0.7891 0.961
vt 0.8004 0.9814
vt 0.7909 0.95
vt 0.6431 0.9872
vt 0.7722 0.9234
vt 0.64 0.9944
vt 0.782 0.9028
vt 0.5431 0.6244
vt 0.5774 0.5902
vt 0.5945 0.6338
vt 0.6011 0.5237
vt 0.6426 0.6041
vt 0.6075 0.6234
vt 0.6608 0.7178
vt 0.6324 0.4828
vt 0.6535 0.5132
vt 0.6405 0.5237
vt 0.6691 0.5034
vt 0.6682 0.5813
vt 0.5991 0.5141
vt 0.6485 0.4212
vt 0.5774 0.5902
vt 0.6075 0.6234
vt 0.6324 0.4828
vt 0.6535 0.5132
f 1/1/1 3/3/3 2/2/2
f 1/1/1 4/4/4 3/3/3
f 5/5/5 7/7/7 6/6/6
f 5/5/5 8/8/8 7/7/7
f 3/3/3 9/9/9 2/2/2
f 3/3/3 10/10/10 9/9/9
f 9/9/9 12/12/12 11/11/11
f 9/9/9 10/10/10 12/12/12
f 10/10/10 13/13/13 12/12/12
f 14/14/14 16/16/16 15/15/15
f 17/17/17 18/18/18 15/15/15
f 16/16/16 17/17/17 15/15/15
f 17/17/17 19/19/19 18/18/18
f 20/20/20 22/22/22 21/21/21
f 20/20/20 21/21/21 23/23/23
f 20/20/20 23/23/23 24/24/24
f 20/20/20 24/24/24 25/25/25
f 26/26/26 27/27/27 3/3/3
f 3/3/3 4/4/4 26/26/26
f 28/28/28 29/29/29 7/7/7
f 6/6/6 7/7/7 29/29/29
f 3/3/3 30/30/30 10/10/10
f 30/30/30 3/3/3 27/27/27
f 14/14/14 31/31/31 16/16/16
f 32/32/32 34/34/34 33/33/33
f 32/32/32 36/36/36 35/35/35
f 17/17/17 16/16/16 31/31/31
f 37/37/37 28/28/28 7/7/7
f 7/7/7 17/17/17 37/37/37
f 12/12/12 38/38/38 11/11/11
f 38/38/38 12/12/12 39/39/39
f 13/13/13 39/39/39 12/12/12
f 39/39/39 13/13/13 40/40/40
f 18/18/18 41/41/41 15/15/15
f 41/41/41 18/18/18 42/42/42
f 19/19/19 42/42/42 18/18/18
f 42/42/42 19/19/19 43/43/43
f 8/8/8 44/44/44 7/7/7
f 44/44/44 8/8/8 45/45/45
f 7/7/7 46/46/46 17/17/17
f 46/46/46 7/7/7 44/44/44
f 17/17/17 47/47/47 19/19/19
f 47/47/47 17/17/17 46/46/46
f 48/48/48 32/32/32 49/49/49
f 32/32/32 50/50/50 36/36/36
f 32/32/32 33/33/33 49/49/49
f 50/50/50 32/32/32 48/48/48
f 51/51/51 53/53/53 52/52/52
f 51/51/51 54/54/54 53/53/53
f 51/51/51 55/55/55 54/54/54
f 51/51/51 56/56/56 55/55/55
f 51/51/51 57/57/57 56/56/56
f 51/51/51 58/58/58 57/57/57
f 51/51/51 59/59/59 58/58/58
f 51/51/51 52/52/52 59/59/59
f 52/52/52 61/61/61 60/60/60
f 52/52/52 53/53/53 61/61/61
f 53/53/53 62/62/62 61/61/61
f 53/53/53 54/54/54 62/62/62
f 54/54/54 63/63/63 62/62/62
f 54/54/54 55/55/55 63/63/63
f 55/55/55 64/64/64 63/63/63
f 55/55/55 56/56/56 64/64/64
f 56/56/56 65/65/65 64/64/64
f 56/56/56 57/57/57 65/65/65
f 57/57/57 66/66/66 65/65/65
f 57/57/57 58/58/58 66/66/66
f 58/58/58 67/67/67 66/66/66
f 58/58/58 59/59/59 67/67/67
f 59/59/59 60/60/60 67/67/67
f 59/59/59 52/52/52 60/60/60
f 60/60/60 69/69/69 68/68/68
f 60/60/60 61/61/61 69/69/69
f 61/61/61 70/70/70 69/69/69
f 61/61/61 62/62/62 70/70/70
f 62/62/62 71/71/71 70/70/70
f 62/62/62 63/63/63 71/71/71
f 63/63/63 72/72/72 71/71/71
f 63/63/63 64/64/64 72/72/72
f 64/64/64 73/73/73 72/72/72
f 64/64/64 65/65/65 73/73/73
f 65/65/65 74/74/74 73/73/73
f 65/65/65 66/66/66 74/74/74
f 66/66/66 75/75/75 74/74/74
f 66/66/66 67/67/67 75/75/75
f 67/67/67 68/68/68 75/75/75
f 67/67/67 60/60/60 68/68/68
f 69/69/69 76/76/76 68/68/68
f 70/70/70 76/76/76 69/69/69
f 71/71/71 76/76/76 70/70/70
f 72/72/72 76/76/76 71/71/71
f 73/73/73 76/76/76 72/72/72
f 74/74/74 76/76/76 73/73/73
f 75/75/75 76/76/76 74/74/74
f 68/68/68 76/76/76 75/75/75
f 45/45/45 77/77/77 44/44/44
f 78/78/78 79/79/79 46/46/46
f 78/78/78 81/81/81 80/80/80
f 47/47/47 46/46/46 79/79/79
f 77/77/77 78/78/78 44/44/44
f 78/78/78 77/77/77 81/81/81
f 78/78/78 80/80/80 79/79/79
f 46/46/46 44/44/44 78/78/78
f 82/82/82 84/84/84 83/83/83
f 82/82/82 85/85/85 84/84/84
f 82/82/82 86/86/86 85/85/85
f 82/82/82 87/87/87 86/86/86
f 82/82/82 88/88/88 87/87/87
f 82/82/82 89/89/89 88/88/88
f 82/82/82 90/90/90 89/89/89
f 82/82/82 83/83/83 90/90/90
f 83/83/83 92/92/92 91/91/91
f 83/83/83 84/84/84 92/92/92
f 84/84/84 93/93/93 92/92/92
f 84/84/84 85/85/85 93/93/93
f 85/85/85 94/94/94 93/93/93
f 85/85/85 86/86/86 94/94/94
f 86/86/86 95/95/95 94/94/94
f 86/86/86 87/87/87 95/95/95
f 87/87/87 96/96/96 95/95/95
f 87/87/87 88/88/88 96/96/96
f 88/88/88 97/97/97 96/96/96
f 88/88/88 89/89/89 97/97/97
f 89/89/89 98/98/98 97/97/97
f 89/89/89 90/90/90 98/98/98
f 90/90/90 91/91/91 98/98/98
f 90/90/90 83/83/83 91/91/91
f 91/91/91 100/100/100 99/99/99
f 91/91/91 92/92/92 100/100/100
f 92/92/92 101/101/101 100/100/100
f 92/92/92 93/93/93 101/101/101
f 93/93/93 102/102/102 101/101/101
f 93/93/93 94/94/94 102/102/102
f 94/94/94 103/103/103 102/102/102
f 94/94/94 95/95/95 103/103/103
f 95/95/95 104/104/104 103/103/103
f 95/95/95 96/96/96 104/104/104
f 96/96/96 105/105/105 104/104/104
f 96/96/96 97/97/97 105/105/105
f 97/97/97 106/106/106 105/105/105
f 97/97/97 98/98/98 106/106/106
f 98/98/98 99/99/99 106/106/106
f 98/98/98 91/91/91 99/99/99
f 100/100/100 107/107/107 99/99/99
f 101/101/101 107/107/107 100/100/100
f 102/102/102 107/107/107 101/101/101
f 103/103/103 107/107/107 102/102/102
f 104/104/104 107/107/107 103/103/103
f 105/105/105 107/107/107 104/104/104
f 106/106/106 107/107/107 105/105/105
f 99/99/99 107/107/107 106/106/106
f 108/108/108 110/110/110 109/109/109
f 108/108/108 112/112/112 111/111/111
f 108/108/108 111/111/111 110/110/110
f 110/110/110 114/114/114 113/113/113
f 110/110/110 113/113/113 109/109/109
f 112/112/112 116/116/116 115/115/115
f 112/112/112 115/115/115 111/111/111
f 111/111/111 115/115/115 114/114/114
f 111/111/111 114/114/114 110/110/110
f 114/114/114 118/118/118 117/117/117
f 114/114/114 117/117/117 113/113/113
f 116/116/116 120/120/120 119/119/119
f 116/116/116 119/119/119 115/115/115
f 115/115/115 119/119/119 118/118/118
f 115/115/115 118/118/118 114/114/114
f 118/118/118 122/122/122 121/121/121
f 118/118/118 121/121/121 117/117/117
f 120/120/120 124/124/124 123/123/123
f 120/120/120 123/123/123 119/119/119
f 119/119/119 123/123/123 122/122/122
f 119/119/119 122/122/122 118/118/118
f 122/122/122 126/126/126 125/125/125
f 122/122/122 125/125/125 121/121/121
f 124/124/124 128/128/128 127/127/127
f 124/124/124 127/127/127 123/123/123
f 123/123/123 127/127/127 126/126/126
f 123/123/123 126/126/126 122/122/122
f 126/126/126 130/130/130 129/129/129
f 126/126/126 129/129/129 125/125/125
f 128/128/128 132/132/132 131/131/131
f 128/128/128 131/131/131 127/127/127
f 127/127/127 131/131/131 130/130/130
f 127/127/127 130/130/130 126/126/126
f 133/133/133 129/129/129 130/130/130
f 133/133/133 131/131/131 132/132/132
f 133/133/133 130/130/130 131/131/131
f 134/134/134 136/136/136 135/135/135
f 135/135/135 137/137/137 134/134/134
f 138/138/138 140/140/140 139/139/139
f 141/141/141 142/142/142 140/140/140
f 142/142/142 139/139/139 140/140/140
f 1/1/1 2/2/2 143/143/143
f 1/1/1 143/143/143 144/144/144
f 5/5/5 146/146/146 145/145/145
f 5/5/5 145/145/145 8/8/8
f 143/143/143 2/2/2 9/9/9
f 143/143/143 9/9/9 147/147/147
f 9/9/9 11/11/11 148/148/148
f 9/9/9 148/148/148 147/147/147
f 147/147/147 148/148/148 149/149/149
f 150/150/150 152/152/152 151/151/151
f 153/153/153 152/152/152 154/154/154
f 151/151/151 152/152/152 153/153/153
f 153/153/153 154/154/154 19/19/19
f 20/20/20 155/155/155 22/22/22
f 20/20/20 156/156/156 155/155/155
f 20/20/20 157/157/157 156/156/156
f 20/20/20 25/25/25 157/157/157
f 158/158/158 143/143/143 159/159/159
f 143/143/143 158/158/158 144/144/144
f 160/160/160 145/145/145 161/161/161
f 146/146/146 161/161/161 145/145/145
f 143/143/143 147/147/147 162/162/162
f 162/162/162 159/159/159 143/143/143
f 150/150/150 151/151/151 163/163/163
f 164/164/164 166/166/166 165/165/165
f 164/164/164 168/168/168 167/167/167
f 153/153/153 163/163/163 151/151/151
f 169/169/169 145/145/145 160/160/160
f 145/145/145 169/169/169 153/153/153
f 148/148/148 11/11/11 38/38/38
f 38/38/38 170/170/170 148/148/148
f 149/149/149 148/148/148 170/170/170
f 170/170/170 171/171/171 149/149/149
f 154/154/154 152/152/152 172/172/172
f 172/172/172 173/173/173 154/154/154
f 19/19/19 154/154/154 173/173/173
f 173/173/173 43/43/43 19/19/19
f 8/8/8 145/145/145 174/174/174
f 174/174/174 45/45/45 8/8/8
f 145/145/145 153/153/153 175/175/175
f 175/175/175 174/174/174 145/145/145
f 153/153/153 19/19/19 47/47/47
f 47/47/47 175/175/175 153/153/153
f 176/176/176 177/177/177 164/164/164
f 164/164/164 167/167/167 178/178/178
f 164/164/164 177/177/177 166/166/166
f 178/178/178 176/176/176 164/164/164
f 179/179/179 181/181/181 180/180/180
f 179/179/179 180/180/180 182/182/182
f 179/179/179 182/182/182 183/183/183
f 179/179/179 183/183/183 184/184/184
f 179/179/179 184/184/184 185/185/185
f 179/179/179 185/185/185 186/186/186
f 179/179/179 186/186/186 187/187/187
f 179/179/179 187/187/187 181/181/181
f 181/181/181 189/189/189 188/188/188
f 181/181/181 188/188/188 180/180/180
f 180/180/180 188/188/188 190/190/190
f 180/180/180 190/190/190 182/182/182
f 182/182/182 190/190/190 191/191/191
f 182/182/182 191/191/191 183/183/183
f 183/183/183 191/191/191 192/192/192
f 183/183/183 192/192/192 184/184/184
f 184/184/184 192/192/192 193/193/193
f 184/184/184 193/193/193 185/185/185
f 185/185/185 193/193/193 194/194/194
f 185/185/185 194/194/194 186/186/186
f 186/186/186 194/194/194 195/195/195
f 186/186/186 195/195/195 187/187/187
f 187/187/187 195/195/195 189/189/189
f 187/187/187 189/189/189 181/181/181
f 189/189/189 197/197/197 196/196/196
f 189/189/189 196/196/196 188/188/188
f 188/188/188 196/196/196 198/198/198
f 188/188/188 198/198/198 190/190/190
f 190/190/190 198/198/198 199/199/199
f 190/190/190 199/199/199 191/191/191
f 191/191/191 199/199/199 200/200/200
f 191/191/191 200/200/200 192/192/192
f 192/192/192 200/200/200 201/201/201
f 192/192/192 201/201/201 193/193/193
f 193/193/193 201/201/201 202/202/202
f 193/193/193 202/202/202 194/194/194
f 194/194/194 202/202/202 203/203/203
f 194/194/194 203/203/203 195/195/195
f 195/195/195 203/203/203 197/197/197
f 195/195/195 197/197/197 189/189/189
f 196/196/196 197/197/197 204/204/204
f 198/198/198 196/196/196 204/204/204
f 199/199/199 198/198/198 204/204/204
f 200/200/200 199/199/199 204/204/204
f 201/201/201 200/200/200 204/204/204
f 202/202/202 201/201/201 204/204/204
f 203/203/203 202/202/202 204/204/204
f 197/197/197 203/203/203 204/204/204
f 45/45/45 174/174/174 77/77/77
f 205/205/205 175/175/175 79/79/79
f 205/205/205 80/80/80 81/81/81
f 47/47/47 79/79/79 175/175/175
f 77/77/77 174/174/174 205/205/205
f 205/205/205 81/81/81 77/77/77
f 205/205/205 79/79/79 80/80/80
f 175/175/175 205/205/205 174/174/174
f 206/206/206 208/208/208 207/207/207
f 206/206/206 207/207/207 209/209/209
f 206/206/206 209/209/209 210/210/210
f 206/206/206 210/210/210 211/211/211
f 206/206/206 211/211/211 212/212/212
f 206/206/206 212/212/212 213/213/213
f 206/206/206 213/213/213 214/214/214
f 206/206/206 214/214/214 208/208/208
f 208/208/208 216/216/216 215/215/215
f 208/208/208 215/215/215 207/207/207
f 207/207/207 215/215/215 217/217/217
f 207/207/207 217/217/217 209/209/209
f 209/209/209 217/217/217 218/218/218
f 209/209/209 218/218/218 210/210/210
f 210/210/210 218/218/218 219/219/219
f 210/210/210 219/219/219 211/211/211
f 211/211/211 219/219/219 220/220/220
f 211/211/211 220/220/220 212/212/212
f 212/212/212 220/220/220 221/221/221
f 212/212/212 221/221/221 213/213/213
f 213/213/213 221/221/221 222/222/222
f 213/213/213 222/222/222 214/214/214
f 214/214/214 222/222/222 216/216/216
f 214/214/214 216/216/216 208/208/208
f 216/216/216 224/224/224 223/223/223
f 216/216/216 223/223/223 215/215/215
f 215/215/215 223/223/223 225/225/225
f 215/215/215 225/225/225 217/217/217
f 217/217/217 225/225/225 226/226/226
f 217/217/217 226/226/226 218/218/218
f 218/218/218 226/226/226 227/227/227
f 218/218/218 227/227/227 219/219/219
f 219/219/219 227/227/227 228/228/228
f 219/219/219 228/228/228 220/220/220
f 220/220/220 228/228/228 229/229/229
f 220/220/220 229/229/229 221/221/221
f 221/221/221 229/229/229 230/230/230
f 221/221/221 230/230/230 222/222/222
f 222/222/222 230/230/230 224/224/224
f 222/222/222 224/224/224 216/216/216
f 223/223/223 224/224/224 231/231/231
f 225/225/225 223/223/223 231/231/231
f 226/226/226 225/225/225 231/231/231
f 227/227/227 226/226/226 231/231/231
f 228/228/228 227/227/227 231/231/231
f 229/229/229 228/228/228 231/231/231
f 230/230/230 229/229/229 231/231/231
f 224/224/224 230/230/230 231/231/231
f 108/108/108 109/109/109 232/232/232
f 108/108/108 233/233/233 112/112/112
f 108/108/108 232/232/232 233/233/233
f 232/232/232 113/113/113 234/234/234
f 232/232/232 109/109/109 113/113/113
f 112/112/112 235/235/235 116/116/116
f 112/112/112 233/233/233 235/235/235
f 233/233/233 234/234/234 235/235/235
f 233/233/233 232/232/232 234/234/234
f 234/234/234 117/117/117 236/236/236
f 234/234/234 113/113/113 117/117/117
f 116/116/116 237/237/237 120/120/120
f 116/116/116 235/235/235 237/237/237
f 235/235/235 236/236/236 237/237/237
f 235/235/235 234/234/234 236/236/236
f 236/236/236 121/121/121 238/238/238
f 236/236/236 117/117/117 121/121/121
f 120/120/120 239/239/239 124/124/124
f 120/120/120 237/237/237 239/239/239
f 237/237/237 238/238/238 239/239/239
f 237/237/237 236/236/236 238/238/238
f 238/238/238 125/125/125 240/240/240
f 238/238/238 121/121/121 125/125/125
f 124/124/124 241/241/241 128/128/128
f 124/124/124 239/239/239 241/241/241
f 239/239/239 240/240/240 241/241/241
f 239/239/239 238/238/238 240/240/240
f 240/240/240 129/129/129 242/242/242
f 240/240/240 125/125/125 129/129/129
f 128/128/128 243/243/243 132/132/132
f 128/128/128 241/241/241 243/243/243
f 241/241/241 242/242/242 243/243/243
f 241/241/241 240/240/240 242/242/242
f 133/133/133 242/242/242 129/129/129
f 133/133/133 132/132/132 243/243/243
f 133/133/133 243/243/243 242/242/242
f 244/244/244 135/135/135 245/245/245
f 135/135/135 244/244/244 137/137/137
f 246/246/246 247/247/247 140/140/140
f 141/141/141 140/140/140 248/248/248
f 248/248/248 140/140/140 247/247/247
f 249/249/249 251/251/251 250/250/250
f 252/252/252 254/254/254 253/253/253
f 255/255/255 254/254/254 251/251/251
f 250/250/250 251/251/251 252/252/252
f 252/252/252 253/253/253 250/250/250
f 254/254/254 252/252/252 251/251/251
f 256/256/256 258/258/258 257/257/257
f 256/256/256 259/259/259 258/258/258
f 256/256/256 260/260/260 259/259/259
f 256/256/256 261/261/261 260/260/260
f 256/256/256 262/262/262 261/261/261
f 256/256/256 257/257/257 262/262/262
f 263/263/263 265/265/265 264/264/264
f 263/263/263 266/266/266 265/265/265
f 267/267/267 265/265/265 266/266/266
f 267/267/267 268/268/268 265/265/265
f 268/268/268 267/267/267 269/269/269
f 270/270/270 265/265/265 268/268/268
f 264/264/264 265/265/265 270/270/270
f 266/266/266 269/269/269 267/267/267
f 269/269/269 271/271/271 268/268/268
f 271/271/271 269/269/269 272/272/272
f 268/268/268 273/273/273 270/270/270
f 273/273/273 268/268/268 271/271/271
f 270/270/270 274/274/274 264/264/264
f 274/274/274 270/270/270 273/273/273
f 264/264/264 275/275/275 263/263/263
f 275/275/275 264/264/264 274/274/274
f 275/275/275 276/276/276 266/266/266
f 266/266/266 263/263/263 275/275/275
f 266/266/266 272/272/272 269/269/269
f 272/272/272 266/266/266 276/276/276
f 272/272/272 258/258/258 271/271/271
f 258/258/258 272/272/272 257/257/257
f 271/271/271 259/259/259 273/273/273
f 259/259/259 271/271/271 258/258/258
f 273/273/273 260/260/260 274/274/274
f 260/260/260 273/273/273 259/259/259
f 260/260/260 261/261/261 275/275/275
f 275/275/275 274/274/274 260/260/260
f 275/275/275 262/262/262 276/276/276
f 262/262/262 275/275/275 261/261/261
f 262/262/262 257/257/257 272/272/272
f 272/272/272 276/276/276 262/262/262
f 277/277/277 279/279/279 278/278/278
f 277/277/277 280/280/280 279/279/279
f 277/277/277 281/281/281 280/280/280
f 277/277/277 282/282/282 281/281/281
f 278/278/278 279/279/279 283/283/283
f 280/280/280 283/283/283 279/279/279
f 280/280/280 284/284/284 283/283/283
f 281/281/281 285/285/285 284/284/284
f 280/280/280 281/281/281 284/284/284
f 281/281/281 282/282/282 285/285/285
f 278/278/278 283/283/283 286/286/286
f 284/284/284 287/287/287 283/283/283
f 283/283/283 287/287/287 286/286/286
f 285/285/285 288/288/288 287/287/287
f 284/284/284 285/285/285 287/287/287
f 289/289/289 286/286/286 287/287/287
f 289/289/289 287/287/287 288/288/288
f 289/289/289 288/288/288 290/290/290
f 291/291/291 293/293/293 292/292/292
f 292/292/292 294/294/294 291/291/291
f 295/295/295 296/296/296 293/293/293
f 293/293/293 291/291/291 295/295/295
f 297/297/297 295/295/295 298/298/298
f 295/295/295 297/297/297 296/296/296
f 298/298/298 291/291/291 299/299/299
f 291/291/291 298/298/298 295/295/295
f 294/294/294 299/299/299 291/291/291
f 300/300/300 302/302/302 301/301/301
f 300/300/300 303/303/303 302/302/302
f 302/302/302 305/305/305 304/304/304
f 301/301/301 302/302/302 304/304/304
f 303/303/303 306/306/306 302/302/302
f 302/302/302 306/306/306 305/305/305
f 307/307/307 304/304/304 305/305/305
f 307/307/307 305/305/305 306/306/306
f 308/308/308 301/301/301 309/309/309
f 301/301/301 308/308/308 300/300/300
f 301/301/301 304/304/304 310/310/310
f 310/310/310 309/309/309 301/301/301
f 307/307/307 310/310/310 304/304/304
f 309/309/309 310/310/310 311/311/311
f 311/311/311 312/312/312 309/309/309
f 313/313/313 309/309/309 312/312/312
f 309/309/309 313/313/313 308/308/308
f 311/311/311 307/307/307 314/314/314
f 307/307/307 311/311/311 310/310/310
f 312/312/312 282/282/282 313/313/313
f 282/282/282 312/312/312 285/285/285
f 311/311/311 288/288/288 312/312/312
f 285/285/285 312/312/312 288/288/288
f 290/290/290 288/288/288 311/311/311
f 311/311/311 314/314/314 290/290/290
f 315/315/315 317/317/317 316/316/316
f 315/315/315 316/316/316 318/318/318
f 319/319/319 320/320/320 317/317/317
f 319/319/319 317/317/317 315/315/315
f 317/317/317 322/322/322 321/321/321
f 317/317/317 321/321/321 316/316/316
f 320/320/320 323/323/323 322/322/322
f 320/320/320 322/322/322 317/317/317
f 324/324/324 326/326/326 325/325/325
f 324/324/324 325/325/325 327/327/327
f 327/327/327 325/325/325 328/328/328
f 327/327/327 328/328/328 329/329/329
f 329/329/329 328/328/328 330/330/330
f 329/329/329 330/330/330 331/331/331
f 331/331/331 330/330/330 326/326/326
f 331/331/331 326/326/326 324/324/324
f 326/326/326 332/332/332 325/325/325
f 325/325/325 332/332/332 328/328/328
f 326/326/326 334/334/334 333/333/333
f 326/326/326 333/333/333 332/332/332
f 332/332/332 333/333/333 335/335/335
f 332/332/332 335/335/335 328/328/328
f 328/328/328 335/335/335 336/336/336
f 328/328/328 336/336/336 330/330/330
f 330/330/330 336/336/336 334/334/334
f 330/330/330 334/334/334 326/326/326
f 249/249/249 250/250/250 337/337/337
f 338/338/338 253/253/253 254/254/254
f 255/255/255 337/337/337 254/254/254
f 250/250/250 338/338/338 337/337/337
f 338/338/338 250/250/250 253/253/253
f 254/254/254 337/337/337 338/338/338
f 339/339/339 341/341/341 340/340/340
f 339/339/339 340/340/340 342/342/342
f 339/339/339 342/342/342 343/343/343
f 339/339/339 343/343/343 344/344/344
f 339/339/339 344/344/344 345/345/345
f 339/339/339 345/345/345 341/341/341
f 346/346/346 348/348/348 347/347/347
f 346/346/346 347/347/347 349/349/349
f 350/350/350 349/349/349 347/347/347
f 350/350/350 347/347/347 351/351/351
f 351/351/351 352/352/352 350/350/350
f 353/353/353 351/351/351 347/347/347
f 348/348/348 353/353/353 347/347/347
f 349/349/349 350/350/350 352/352/352
f 352/352/352 351/351/351 354/354/354
f 354/354/354 355/355/355 352/352/352
f 351/351/351 353/353/353 356/356/356
f 356/356/356 354/354/354 351/351/351
f 353/353/353 348/348/348 357/357/357
f 357/357/357 356/356/356 353/353/353
f 348/348/348 346/346/346 358/358/358
f 358/358/358 357/357/357 348/348/348
f 358/358/358 349/349/349 359/359/359
f 349/349/349 358/358/358 346/346/346
f 349/349/349 352/352/352 355/355/355
f 355/355/355 359/359/359 349/349/349
f 355/355/355 354/354/354 340/340/340
f 340/340/340 341/341/341 355/355/355
f 354/354/354 356/356/356 342/342/342
f 342/342/342 340/340/340 354/354/354
f 356/356/356 357/357/357 343/343/343
f 343/343/343 342/342/342 356/356/356
f 343/343/343 358/358/358 344/344/344
f 358/358/358 343/343/343 357/357/357
f 358/358/358 359/359/359 345/345/345
f 345/345/345 344/344/344 358/358/358
f 345/345/345 355/355/355 341/341/341
f 355/355/355 345/345/345 359/359/359
f 277/277/277 278/278/278 360/360/360
f 277/277/277 360/360/360 361/361/361
f 277/277/277 361/361/361 362/362/362
f 277/277/277 362/362/362 282/282/282
f 278/278/278 363/363/363 360/360/360
f 361/361/361 360/360/360 363/363/363
f 361/361/361 363/363/363 364/364/364
f 362/362/362 364/364/364 365/365/365
f 361/361/361 364/364/364 362/362/362
f 362/362/362 365/365/365 282/282/282
f 278/278/278 286/286/286 363/363/363
f 364/364/364 363/363/363 366/366/366
f 363/363/363 286/286/286 366/366/366
f 365/365/365 366/366/366 367/367/367
f 364/364/364 366/366/366 365/365/365
f 289/289/289 366/366/366 286/286/286
f 289/289/289 367/367/367 366/366/366
f 289/289/289 290/290/290 367/367/367
f 368/368/368 292/292/292 293/293/293
f 292/292/292 368/368/368 369/369/369
f 370/370/370 293/293/293 296/296/296
f 293/293/293 370/370/370 368/368/368
f 297/297/297 371/371/371 370/370/370
f 370/370/370 296/296/296 297/297/297
f 371/371/371 372/372/372 368/368/368
f 368/368/368 370/370/370 371/371/371
f 369/369/369 368/368/368 372/372/372
f 300/300/300 374/374/374 373/373/373
f 300/300/300 373/373/373 303/303/303
f 373/373/373 376/376/376 375/375/375
f 374/374/374 376/376/376 373/373/373
f 303/303/303 373/373/373 306/306/306
f 373/373/373 375/375/375 306/306/306
f 307/307/307 375/375/375 376/376/376
f 307/307/307 306/306/306 375/375/375
f 308/308/308 377/377/377 374/374/374
f 374/374/374 300/300/300 308/308/308
f 374/374/374 378/378/378 376/376/376
f 378/378/378 374/374/374 377/377/377
f 307/307/307 376/376/376 378/378/378
f 377/377/377 379/379/379 378/378/378
f 379/379/379 377/377/377 380/380/380
f 313/313/313 380/380/380 377/377/377
f 377/377/377 308/308/308 313/313/313
f 379/379/379 314/314/314 307/307/307
f 307/307/307 378/378/378 379/379/379
f 380/380/380 313/313/313 282/282/282
f 282/282/282 365/365/365 380/380/380
f 379/379/379 380/380/380 367/367/367
f 365/365/365 367/367/367 380/380/380
f 290/290/290 379/379/379 367/367/367
f 379/379/379 290/290/290 314/314/314
f 381/381/381 316/316/316 382/382/382
f 381/381/381 318/318/318 316/316/316
f 319/319/319 382/382/382 320/320/320
f 319/319/319 381/381/381 382/382/382
f 382/382/382 321/321/321 383/383/383
f 382/382/382 316/316/316 321/321/321
f 320/320/320 383/383/383 323/323/323
f 320/320/320 382/382/382 383/383/383
f 384/384/384 386/386/386 385/385/385
f 384/384/384 387/387/387 386/386/386
f 387/387/387 388/388/388 386/386/386
f 387/387/387 389/389/389 388/388/388
f 389/389/389 390/390/390 388/388/388
f 389/389/389 391/391/391 390/390/390
f 391/391/391 385/385/385 390/390/390
f 391/391/391 384/384/384 385/385/385
f 385/385/385 386/386/386 392/392/392
f 386/386/386 388/388/388 392/392/392
f 385/385/385 394/394/394 393/393/393
f 385/385/385 392/392/392 394/394/394
f 392/392/392 395/395/395 394/394/394
f 392/392/392 388/388/388 395/395/395
f 388/388/388 396/396/396 395/395/395
f 388/388/388 390/390/390 396/396/396
f 390/390/390 393/393/393 396/396/396
f 390/390/390 385/385/385 393/393/393
f 397/397/397 399/399/399 398/398/398
f 398/398/398 400/400/400 397/397/397
f 397/397/397 401/401/401 399/399/399
f 401/401/401 397/397/397 402/402/402
f 398/398/398 404/404/404 403/403/403
f 404/404/404 398/398/398 399/399/399
f 401/401/401 405/405/405 404/404/404
f 404/404/404 399/399/399 401/401/401
f 406/406/406 408/408/408 407/407/407
f 409/409/409 407/407/407 408/408/408
f 410/410/410 412/412/412 411/411/411
f 411/411/411 409/409/409 408/408/408
f 413/413/413 415/415/415 414/414/414
f 416/416/416 414/414/414 415/415/415
f 407/407/407 409/409/409 417/417/417
f 411/411/411 417/417/417 409/409/409
f 418/418/418 420/420/420 419/419/419
f 421/421/421 419/419/419 420/420/420
f 406/406/406 414/414/414 408/408/408
f 407/407/407 422/422/422 406/406/406
f 408/408/408 410/410/410 411/411/411
f 410/410/410 408/408/408 414/414/414
f 420/420/420 413/413/413 421/421/421
f 421/421/421 406/406/406 422/422/422
f 406/406/406 421/421/421 413/413/413
f 410/410/410 416/416/416 418/418/418
f 418/418/418 412/412/412 410/410/410
f 420/420/420 418/418/418 416/416/416
f 423/423/423 425/425/425 424/424/424
f 423/423/423 424/424/424 426/426/426
f 423/423/423 426/426/426 427/427/427
f 423/423/423 427/427/427 428/428/428
f 423/423/423 428/428/428 429/429/429
f 423/423/423 429/429/429 425/425/425
f 430/430/430 432/432/432 431/431/431
f 430/430/430 431/431/431 433/433/433
f 433/433/433 431/431/431 434/434/434
f 433/433/433 434/434/434 435/435/435
f 435/435/435 434/434/434 436/436/436
f 435/435/435 436/436/436 437/437/437
f 437/437/437 436/436/436 438/438/438
f 437/437/437 438/438/438 439/439/439
f 439/439/439 438/438/438 440/440/440
f 439/439/439 440/440/440 441/441/441
f 441/441/441 440/440/440 432/432/432
f 441/441/441 432/432/432 430/430/430
f 442/442/442 444/444/444 443/443/443
f 442/442/442 445/445/445 444/444/444
f 442/442/442 446/446/446 445/445/445
f 442/442/442 447/447/447 446/446/446
f 442/442/442 448/448/448 447/447/447
f 442/442/442 443/443/443 448/448/448
f 449/449/449 451/451/451 450/450/450
f 451/451/451 449/449/449 452/452/452
f 453/453/453 452/452/452 449/449/449
f 452/452/452 453/453/453 454/454/454
f 455/455/455 454/454/454 453/453/453
f 454/454/454 455/455/455 456/456/456
f 457/457/457 456/456/456 455/455/455
f 456/456/456 457/457/457 458/458/458
f 459/459/459 458/458/458 457/457/457
f 458/458/458 459/459/459 460/460/460
f 450/450/450 460/460/460 459/459/459
f 460/460/460 450/450/450 451/451/451
f 452/452/452 461/461/461 451/451/451
f 461/461/461 452/452/452 462/462/462
f 454/454/454 462/462/462 452/452/452
f 462/462/462 454/454/454 463/463/463
f 456/456/456 463/463/463 454/454/454
f 463/463/463 456/456/456 464/464/464
f 458/458/458 464/464/464 456/456/456
f 464/464/464 458/458/458 465/465/465
f 460/460/460 465/465/465 458/458/458
f 465/465/465 460/460/460 466/466/466
f 451/451/451 466/466/466 460/460/460
f 466/466/466 451/451/451 461/461/461
f 467/467/467 469/469/469 468/468/468
f 469/469/469 467/467/467 470/470/470
f 468/468/468 472/472/472 471/471/471
f 472/472/472 468/468/468 469/469/469
f 471/471/471 474/474/474 473/473/473
f 474/474/474 471/471/471 472/472/472
f 473/473/473 476/476/476 475/475/475
f 476/476/476 473/473/473 474/474/474
f 475/475/475 478/478/478 477/477/477
f 478/478/478 475/475/475 476/476/476
f 477/477/477 470/470/470 467/467/467
f 470/470/470 477/477/477 478/478/478
f 470/470/470 479/479/479 469/469/469
f 479/479/479 470/470/470 480/480/480
f 469/469/469 481/481/481 472/472/472
f 481/481/481 469/469/469 479/479/479
f 472/472/472 482/482/482 474/474/474
f 482/482/482 472/472/472 481/481/481
f 474/474/474 483/483/483 476/476/476
f 483/483/483 474/474/474 482/482/482
f 476/476/476 484/484/484 478/478/478
f 484/484/484 476/476/476 483/483/483
f 478/478/478 480/480/480 470/470/470
f 480/480/480 478/478/478 484/484/484
f 485/485/485 487/487/487 486/486/486
f 485/485/485 488/488/488 487/487/487
f 485/485/485 489/489/489 488/488/488
f 485/485/485 490/490/490 489/489/489
f 485/485/485 491/491/491 490/490/490
f 485/485/485 486/486/486 491/491/491
f 487/487/487 493/493/493 492/492/492
f 494/494/494 496/496/496 495/495/495
f 487/487/487 488/488/488 497/497/497
f 488/488/488 489/489/489 498/498/498
f 489/489/489 490/490/490 498/498/498
f 499/499/499 491/491/491 500/500/500
f 491/491/491 492/492/492 500/500/500
f 501/501/501 494/494/494 495/495/495
f 502/502/502 504/504/504 503/503/503
f 502/502/502 505/505/505 504/504/504
f 496/496/496 494/494/494 486/486/486
f 486/486/486 487/487/487 496/496/496
f 486/486/486 501/501/501 491/491/491
f 501/501/501 486/486/486 494/494/494
f 495/495/495 496/496/496 487/487/487
f 487/487/487 492/492/492 495/495/495
f 491/491/491 495/495/495 492/492/492
f 495/495/495 491/491/491 501/501/501
f 506/506/506 507/507/507 492/492/492
f 492/492/492 493/493/493 506/506/506
f 497/497/497 506/506/506 493/493/493
f 493/493/493 487/487/487 497/497/497
f 498/498/498 497/497/497 488/488/488
f 497/497/497 498/498/498 508/508/508
f 499/499/499 508/508/508 498/498/498
f 498/498/498 490/490/490 499/499/499
f 491/491/491 499/499/499 490/490/490
f 499/499/499 500/500/500 509/509/509
f 492/492/492 509/509/509 500/500/500
f 509/509/509 492/492/492 507/507/507
f 506/506/506 510/510/510 507/507/507
f 506/506/506 497/497/497 511/511/511
f 508/508/508 511/511/511 497/497/497
f 511/511/511 508/508/508 512/512/512
f 499/499/499 513/513/513 508/508/508
f 512/512/512 508/508/508 513/513/513
f 509/509/509 513/513/513 499/499/499
f 509/509/509 507/507/507 510/510/510
f 506/506/506 514/514/514 510/510/510
f 514/514/514 506/506/506 515/515/515
f 511/511/511 515/515/515 506/506/506
f 516/516/516 515/515/515 511/511/511
f 511/511/511 512/512/512 516/516/516
f 513/513/513 516/516/516 512/512/512
f 516/516/516 513/513/513 517/517/517
f 509/509/509 517/517/517 513/513/513
f 514/514/514 517/517/517 509/509/509
f 509/509/509 510/510/510 514/514/514
f 503/503/503 504/504/504 514/514/514
f 514/514/514 515/515/515 503/503/503
f 518/518/518 503/503/503 515/515/515
f 515/515/515 516/516/516 518/518/518
f 517/517/517 518/518/518 516/516/516
f 518/518/518 517/517/517 505/505/505
f 514/514/514 505/505/505 517/517/517
f 505/505/505 514/514/514 504/504/504
f 519/519/519 521/521/521 520/520/520
f 520/520/520 522/522/522 519/519/519
f 520/520/520 524/524/524 523/523/523
f 524/524/524 520/520/520 521/521/521
f 525/525/525 527/527/527 526/526/526
f 528/528/528 530/530/530 529/529/529
f 529/529/529 526/526/526 531/531/531
f 526/526/526 529/529/529 530/530/530
f 527/527/527 531/531/531 526/526/526
f 532/532/532 534/534/534 533/533/533
f 532/532/532 535/535/535 534/534/534
f 532/532/532 536/536/536 535/535/535
f 532/532/532 533/533/533 536/536/536
f 537/537/537 505/505/505 502/502/502
f 537/537/537 538/538/538 505/505/505
f 533/533/533 534/534/534 518/518/518
f 518/518/518 505/505/505 533/533/533
f 518/518/518 535/535/535 539/539/539
f 535/535/535 518/518/518 534/534/534
f 535/535/535 536/536/536 540/540/540
f 540/540/540 539/539/539 535/535/535
f 536/536/536 533/533/533 505/505/505
f 505/505/505 540/540/540 536/536/536
f 541/541/541 543/543/543 542/542/542
f 541/541/541 544/544/544 543/543/543
f 541/541/541 545/545/545 544/544/544
f 541/541/541 542/542/542 545/545/545
f 546/546/546 503/503/503 547/547/547
f 546/546/546 502/502/502 503/503/503
f 542/542/542 543/543/543 548/548/548
f 548/548/548 503/503/503 542/542/542
f 548/548/548 544/544/544 549/549/549
f 544/544/544 548/548/548 543/543/543
f 549/549/549 545/545/545 518/518/518
f 545/545/545 549/549/549 544/544/544
f 545/545/545 542/542/542 518/518/518
f 503/503/503 518/518/518 542/542/542
f 539/539/539 502/502/502 518/518/518
f 502/502/502 539/539/539 537/537/537
f 540/540/540 537/537/537 539/539/539
f 537/537/537 540/540/540 538/538/538
f 505/505/505 538/538/538 540/540/540
f 503/503/503 548/548/548 547/547/547
f 549/549/549 547/547/547 548/548/548
f 547/547/547 549/549/549 546/546/546
f 518/518/518 546/546/546 549/549/549
f 546/546/546 518/518/518 502/502/502
f 550/550/550 552/552/552 551/551/551
f 550/550/550 551/551/551 553/553/553
f 550/550/550 553/553/553 554/554/554
f 555/555/555 557/557/557 556/556/556
f 555/555/555 556/556/556 558/558/558
f 558/558/558 556/556/556 559/559/559
f 558/558/558 559/559/559 560/560/560
f 560/560/560 559/559/559 561/561/561
f 560/560/560 561/561/561 562/562/562
f 563/563/563 556/556/556 557/557/557
f 563/563/563 559/559/559 556/556/556
f 563/563/563 561/561/561 559/559/559
f 555/555/555 558/558/558 551/551/551
f 551/551/551 552/552/552 555/555/555
f 558/558/558 560/560/560 553/553/553
f 553/553/553 551/551/551 558/558/558
f 560/560/560 562/562/562 554/554/554
f 554/554/554 553/553/553 560/560/560
f 413/413/413 414/414/414 406/406/406
f 414/414/414 416/416/416 410/410/410
f 413/413/413 420/420/420 415/415/415
f 420/420/420 416/416/416 415/415/415
f 564/564/564 566/566/566 565/565/565
f 564/564/564 567/567/567 566/566/566
f 564/564/564 568/568/568 567/567/567
f 564/564/564 569/569/569 568/568/568
f 564/564/564 570/570/570 569/569/569
f 564/564/564 565/565/565 570/570/570
f 566/566/566 572/572/572 571/571/571
f 573/573/573 575/575/575 574/574/574
f 566/566/566 567/567/567 576/576/576
f 567/567/567 568/568/568 577/577/577
f 568/568/568 569/569/569 577/577/577
f 578/578/578 570/570/570 579/579/579
f 570/570/570 571/571/571 579/579/579
f 580/580/580 573/573/573 574/574/574
f 581/581/581 583/583/583 582/582/582
f 581/581/581 584/584/584 583/583/583
f 575/575/575 573/573/573 565/565/565
f 565/565/565 566/566/566 575/575/575
f 565/565/565 580/580/580 570/570/570
f 580/580/580 565/565/565 573/573/573
f 574/574/574 575/575/575 566/566/566
f 566/566/566 571/571/571 574/574/574
f 570/570/570 574/574/574 571/571/571
f 574/574/574 570/570/570 580/580/580
f 585/585/585 586/586/586 571/571/571
f 571/571/571 572/572/572 585/585/585
f 576/576/576 585/585/585 572/572/572
f 572/572/572 566/566/566 576/576/576
f 577/577/577 576/576/576 567/567/567
f 576/576/576 577/577/577 587/587/587
f 578/578/578 587/587/587 577/577/577
f 577/577/577 569/569/569 578/578/578
f 570/570/570 578/578/578 569/569/569
f 578/578/578 579/579/579 588/588/588
f 571/571/571 588/588/588 579/579/579
f 588/588/588 571/571/571 586/586/586
f 585/585/585 589/589/589 586/586/586
f 585/585/585 576/576/576 590/590/590
f 587/587/587 590/590/590 576/576/576
f 590/590/590 587/587/587 591/591/591
f 578/578/578 592/592/592 587/587/587
f 591/591/591 587/587/587 592/592/592
f 588/588/588 592/592/592 578/578/578
f 588/588/588 586/586/586 589/589/589
f 585/585/585 593/593/593 589/589/589
f 593/593/593 585/585/585 594/594/594
f 590/590/590 594/594/594 585/585/585
f 595/595/595 594/594/594 590/590/590
f 590/590/590 591/591/591 595/595/595
f 592/592/592 595/595/595 591/591/591
f 595/595/595 592/592/592 596/596/596
f 588/588/588 596/596/596 592/592/592
f 593/593/593 596/596/596 588/588/588
f 588/588/588 589/589/589 593/593/593
f 582/582/582 583/583/583 593/593/593
f 593/593/593 594/594/594 582/582/582
f 597/597/597 582/582/582 594/594/594
f 594/594/594 595/595/595 597/597/597
f 596/596/596 597/597/597 595/595/595
f 597/597/597 596/596/596 584/584/584
f 593/593/593 584/584/584 596/596/596
f 584/584/584 593/593/593 583/583/583
f 598/598/598 600/600/600 599/599/599
f 598/598/598 601/601/601 600/600/600
f 598/598/598 602/602/602 601/601/601
f 598/598/598 599/599/599 602/602/602
f 603/603/603 584/584/584 581/581/581
f 603/603/603 604/604/604 584/584/584
f 599/599/599 600/600/600 597/597/597
f 597/597/597 584/584/584 599/599/599
f 597/597/597 601/601/601 605/605/605
f 601/601/601 597/597/597 600/600/600
f 601/601/601 602/602/602 606/606/606
f 606/606/606 605/605/605 601/601/601
f 602/602/602 599/599/599 584/584/584
f 584/584/584 606/606/606 602/602/602
f 607/607/607 609/609/609 608/608/608
f 607/607/607 610/610/610 609/609/609
f 607/607/607 611/611/611 610/610/610
f 607/607/607 608/608/608 611/611/611
f 612/612/612 582/582/582 613/613/613
f 612/612/612 581/581/581 582/582/582
f 608/608/608 609/609/609 614/614/614
f 614/614/614 582/582/582 608/608/608
f 614/614/614 610/610/610 615/615/615
f 610/610/610 614/614/614 609/609/609
f 615/615/615 611/611/611 597/597/597
f 611/611/611 615/615/615 610/610/610
f 611/611/611 608/608/608 597/597/597
f 582/582/582 597/597/597 608/608/608
f 605/605/605 581/581/581 597/597/597
f 581/581/581 605/605/605 603/603/603
f 606/606/606 603/603/603 605/605/605
f 603/603/603 606/606/606 604/604/604
f 584/584/584 604/604/604 606/606/606
f 582/582/582 614/614/614 613/613/613
f 615/615/615 613/613/613 614/614/614
f 613/613/613 615/615/615 612/612/612
f 597/597/597 612/612/612 615/615/615
f 612/612/612 597/597/597 581/581/581
f 616/616/616 618/618/618 617/617/617
f 616/616/616 617/617/617 619/619/619
f 620/620/620 621/621/621 616/616/616
f 621/621/621 618/618/618 616/616/616
f 618/618/618 623/623/623 622/622/622
f 621/621/621 624/624/624 623/623/623
f 621/621/621 623/623/623 618/618/618
f 623/623/623 625/625/625 622/622/622
f 624/624/624 625/625/625 623/623/623
f 626/626/626 628/628/628 627/627/627
f 628/628/628 626/626/626 629/629/629
f 630/630/630 631/631/631 628/628/628
f 628/628/628 629/629/629 630/630/630
f 632/632/632 634/634/634 633/633/633
f 632/632/632 633/633/633 635/635/635
f 635/635/635 633/633/633 636/636/636
f 636/636/636 633/633/633 637/637/637
f 637/637/637 633/633/633 638/638/638
f 638/638/638 633/633/633 634/634/634
f 639/639/639 641/641/641 640/640/640
f 641/641/641 639/639/639 642/642/642
f 639/639/639 643/643/643 642/642/642
f 643/643/643 639/639/639 644/644/644
f 644/644/644 645/645/645 643/643/643
f 644/644/644 646/646/646 645/645/645
f 647/647/647 649/649/649 648/648/648
f 642/642/642 650/650/650 641/641/641
f 650/650/650 642/642/642 643/643/643
f 643/643/643 651/651/651 650/650/650
f 651/651/651 643/643/643 645/645/645
f 645/645/645 652/652/652 651/651/651
f 652/652/652 645/645/645 646/646/646
f 641/641/641 653/653/653 640/640/640
f 653/653/653 641/641/641 650/650/650
f 653/653/653 650/650/650 651/651/651
f 651/651/651 654/654/654 653/653/653
f 654/654/654 651/651/651 652/652/652
f 640/640/640 644/644/644 639/639/639
f 644/644/644 640/640/640 653/653/653
f 653/653/653 655/655/655 644/644/644
f 655/655/655 653/653/653 654/654/654
f 655/655/655 656/656/656 646/646/646
f 656/656/656 655/655/655 657/657/657
f 646/646/646 658/658/658 652/652/652
f 658/658/658 646/646/646 656/656/656
f 652/652/652 659/659/659 654/654/654
f 659/659/659 652/652/652 658/658/658
f 654/654/654 657/657/657 655/655/655
f 657/657/657 654/654/654 659/659/659
f 644/644/644 647/647/647 646/646/646
f 647/647/647 644/644/644 649/649/649
f 646/646/646 648/648/648 655/655/655
f 648/648/648 646/646/646 647/647/647
f 655/655/655 649/649/649 644/644/644
f 649/649/649 655/655/655 648/648/648
f 660/660/660 662/662/662 661/661/661
f 662/662/662 660/660/660 663/663/663
f 664/664/664 665/665/665 662/662/662
f 662/662/662 663/663/663 664/664/664
f 666/666/666 668/668/668 667/667/667
f 666/666/666 667/667/667 669/669/669
f 669/669/669 667/667/667 670/670/670
f 670/670/670 667/667/667 671/671/671
f 671/671/671 667/667/667 672/672/672
f 672/672/672 667/667/667 668/668/668
f 673/673/673 675/675/675 674/674/674
f 675/675/675 673/673/673 676/676/676
f 673/673/673 674/674/674 677/677/677
f 677/677/677 678/678/678 673/673/673
f 675/675/675 680/680/680 679/679/679
f 679/679/679 674/674/674 675/675/675
f 677/677/677 679/679/679 681/681/681
f 679/679/679 677/677/677 674/674/674
f 682/682/682 684/684/684 683/683/683
f 685/685/685 683/683/683 684/684/684
f 686/686/686 688/688/688 687/687/687
f 688/688/688 683/683/683 685/685/685
f 689/689/689 691/691/691 690/690/690
f 692/692/692 690/690/690 691/691/691
f 684/684/684 693/693/693 685/685/685
f 688/688/688 685/685/685 693/693/693
f 694/694/694 696/696/696 695/695/695
f 697/697/697 695/695/695 696/696/696
f 682/682/682 683/683/683 691/691/691
f 684/684/684 682/682/682 698/698/698
f 683/683/683 688/688/688 686/686/686
f 686/686/686 691/691/691 683/683/683
f 695/695/695 697/697/697 689/689/689
f 697/697/697 698/698/698 682/682/682
f 682/682/682 689/689/689 697/697/697
f 686/686/686 694/694/694 692/692/692
f 694/694/694 686/686/686 687/687/687
f 695/695/695 692/692/692 694/694/694
f 699/699/699 701/701/701 700/700/700
f 699/699/699 702/702/702 701/701/701
f 699/699/699 703/703/703 702/702/702
f 699/699/699 704/704/704 703/703/703
f 699/699/699 705/705/705 704/704/704
f 699/699/699 700/700/700 705/705/705
f 706/706/706 708/708/708 707/707/707
f 706/706/706 709/709/709 708/708/708
f 709/709/709 710/710/710 708/708/708
f 709/709/709 711/711/711 710/710/710
f 711/711/711 712/712/712 710/710/710
f 711/711/711 713/713/713 712/712/712
f 713/713/713 714/714/714 712/712/712
f 713/713/713 715/715/715 714/714/714
f 715/715/715 716/716/716 714/714/714
f 715/715/715 717/717/717 716/716/716
f 717/717/717 707/707/707 716/716/716
f 717/717/717 706/706/706 707/707/707
f 718/718/718 720/720/720 719/719/719
f 718/718/718 719/719/719 721/721/721
f 718/718/718 721/721/721 722/722/722
f 718/718/718 722/722/722 723/723/723
f 718/718/718 723/723/723 724/724/724
f 718/718/718 724/724/724 720/720/720
f 725/725/725 727/727/727 726/726/726
f 726/726/726 728/728/728 725/725/725
f 729/729/729 725/725/725 728/728/728
f 728/728/728 730/730/730 729/729/729
f 731/731/731 729/729/729 730/730/730
f 730/730/730 732/732/732 731/731/731
f 733/733/733 731/731/731 732/732/732
f 732/732/732 734/734/734 733/733/733
f 735/735/735 733/733/733 734/734/734
f 734/734/734 736/736/736 735/735/735
f 727/727/727 735/735/735 736/736/736
f 736/736/736 726/726/726 727/727/727
f 728/728/728 726/726/726 737/737/737
f 737/737/737 738/738/738 728/728/728
f 730/730/730 728/728/728 738/738/738
f 738/738/738 739/739/739 730/730/730
f 732/732/732 730/730/730 739/739/739
f 739/739/739 740/740/740 732/732/732
f 734/734/734 732/732/732 740/740/740
f 740/740/740 741/741/741 734/734/734
f 736/736/736 734/734/734 741/741/741
f 741/741/741 742/742/742 736/736/736
f 726/726/726 736/736/736 742/742/742
f 742/742/742 737/737/737 726/726/726
f 743/743/743 745/745/745 744/744/744
f 744/744/744 746/746/746 743/743/743
f 745/745/745 748/748/748 747/747/747
f 747/747/747 744/744/744 745/745/745
f 748/748/748 750/750/750 749/749/749
f 749/749/749 747/747/747 748/748/748
f 750/750/750 752/752/752 751/751/751
f 751/751/751 749/749/749 750/750/750
f 752/752/752 754/754/754 753/753/753
f 753/753/753 751/751/751 752/752/752
f 754/754/754 743/743/743 746/746/746
f 746/746/746 753/753/753 754/754/754
f 746/746/746 744/744/744 755/755/755
f 755/755/755 756/756/756 746/746/746
f 744/744/744 747/747/747 757/757/757
f 757/757/757 755/755/755 744/744/744
f 747/747/747 749/749/749 758/758/758
f 758/758/758 757/757/757 747/747/747
f 749/749/749 751/751/751 759/759/759
f 759/759/759 758/758/758 749/749/749
f 751/751/751 753/753/753 760/760/760
f 760/760/760 759/759/759 751/751/751
f 753/753/753 746/746/746 756/756/756
f 756/756/756 760/760/760 753/753/753
f 761/761/761 763/763/763 762/762/762
f 761/761/761 762/762/762 764/764/764
f 761/761/761 764/764/764 765/765/765
f 761/761/761 765/765/765 766/766/766
f 761/761/761 766/766/766 767/767/767
f 761/761/761 767/767/767 763/763/763
f 762/762/762 769/769/769 768/768/768
f 770/770/770 772/772/772 771/771/771
f 762/762/762 773/773/773 764/764/764
f 764/764/764 774/774/774 765/765/765
f 765/765/765 774/774/774 766/766/766
f 775/775/775 776/776/776 767/767/767
f 767/767/767 776/776/776 769/769/769
f 777/777/777 772/772/772 770/770/770
f 778/778/778 780/780/780 779/779/779
f 778/778/778 779/779/779 781/781/781
f 771/771/771 763/763/763 770/770/770
f 763/763/763 771/771/771 762/762/762
f 763/763/763 767/767/767 777/777/777
f 777/777/777 770/770/770 763/763/763
f 772/772/772 762/762/762 771/771/771
f 762/762/762 772/772/772 769/769/769
f 767/767/767 769/769/769 772/772/772
f 772/772/772 777/777/777 767/767/767
f 782/782/782 769/769/769 783/783/783
f 769/769/769 782/782/782 768/768/768
f 773/773/773 768/768/768 782/782/782
f 768/768/768 773/773/773 762/762/762
f 774/774/774 764/764/764 773/773/773
f 773/773/773 784/784/784 774/774/774
f 775/775/775 774/774/774 784/784/784
f 774/774/774 775/775/775 766/766/766
f 767/767/767 766/766/766 775/775/775
f 775/775/775 785/785/785 776/776/776
f 769/769/769 776/776/776 785/785/785
f 785/785/785 783/783/783 769/769/769
f 782/782/782 783/783/783 786/786/786
f 782/782/782 787/787/787 773/773/773
f 784/784/784 773/773/773 787/787/787
f 787/787/787 788/788/788 784/784/784
f 775/775/775 784/784/784 789/789/789
f 788/788/788 789/789/789 784/784/784
f 785/785/785 775/775/775 789/789/789
f 785/785/785 786/786/786 783/783/783
f 782/782/782 786/786/786 790/790/790
f 790/790/790 791/791/791 782/782/782
f 787/787/787 782/782/782 791/791/791
f 792/792/792 787/787/787 791/791/791
f 787/787/787 792/792/792 788/788/788
f 789/789/789 788/788/788 792/792/792
f 792/792/792 793/793/793 789/789/789
f 785/785/785 789/789/789 793/793/793
f 790/790/790 785/785/785 793/793/793
f 785/785/785 790/790/790 786/786/786
f 780/780/780 790/790/790 779/779/779
f 790/790/790 780/780/780 791/791/791
f 794/794/794 791/791/791 780/780/780
f 791/791/791 794/794/794 792/792/792
f 793/793/793 792/792/792 794/794/794
f 794/794/794 781/781/781 793/793/793
f 790/790/790 793/793/793 781/781/781
f 781/781/781 779/779/779 790/790/790
f 519/519/519 795/795/795 521/521/521
f 795/795/795 519/519/519 796/796/796
f 795/795/795 797/797/797 524/524/524
f 524/524/524 521/521/521 795/795/795
f 525/525/525 526/526/526 798/798/798
f 528/528/528 799/799/799 530/530/530
f 799/799/799 800/800/800 526/526/526
f 526/526/526 530/530/530 799/799/799
f 798/798/798 526/526/526 800/800/800
f 801/801/801 803/803/803 802/802/802
f 801/801/801 802/802/802 804/804/804
f 801/801/801 804/804/804 805/805/805
f 801/801/801 805/805/805 803/803/803
f 806/806/806 778/778/778 781/781/781
f 806/806/806 781/781/781 807/807/807
f 803/803/803 794/794/794 802/802/802
f 794/794/794 803/803/803 781/781/781
f 794/794/794 808/808/808 804/804/804
f 804/804/804 802/802/802 794/794/794
f 804/804/804 809/809/809 805/805/805
f 809/809/809 804/804/804 808/808/808
f 805/805/805 781/781/781 803/803/803
f 781/781/781 805/805/805 809/809/809
f 810/810/810 812/812/812 811/811/811
f 810/810/810 811/811/811 813/813/813
f 810/810/810 813/813/813 814/814/814
f 810/810/810 814/814/814 812/812/812
f 815/815/815 816/816/816 780/780/780
f 815/815/815 780/780/780 778/778/778
f 812/812/812 817/817/817 811/811/811
f 817/817/817 812/812/812 780/780/780
f 817/817/817 818/818/818 813/813/813
f 813/813/813 811/811/811 817/817/817
f 818/818/818 794/794/794 814/814/814
f 814/814/814 813/813/813 818/818/818
f 814/814/814 794/794/794 812/812/812
f 780/780/780 812/812/812 794/794/794
f 808/808/808 794/794/794 778/778/778
f 778/778/778 806/806/806 808/808/808
f 809/809/809 808/808/808 806/806/806
f 806/806/806 807/807/807 809/809/809
f 781/781/781 809/809/809 807/807/807
f 780/780/780 816/816/816 817/817/817
f 818/818/818 817/817/817 816/816/816
f 816/816/816 815/815/815 818/818/818
f 794/794/794 818/818/818 815/815/815
f 815/815/815 778/778/778 794/794/794
f 550/550/550 819/819/819 552/552/552
f 550/550/550 820/820/820 819/819/819
f 550/550/550 554/554/554 820/820/820
f 555/555/555 821/821/821 557/557/557
f 555/555/555 822/822/822 821/821/821
f 822/822/822 823/823/823 821/821/821
f 822/822/822 824/824/824 823/823/823
f 824/824/824 561/561/561 823/823/823
f 824/824/824 562/562/562 561/561/561
f 563/563/563 557/557/557 821/821/821
f 563/563/563 821/821/821 823/823/823
f 563/563/563 823/823/823 561/561/561
f 555/555/555 819/819/819 822/822/822
f 819/819/819 555/555/555 552/552/552
f 822/822/822 820/820/820 824/824/824
f 820/820/820 822/822/822 819/819/819
f 824/824/824 554/554/554 562/562/562
f 554/554/554 824/824/824 820/820/820
f 825/825/825 827/827/827 826/826/826
f 825/825/825 826/826/826 828/828/828
f 825/825/825 828/828/828 829/829/829
f 825/825/825 829/829/829 830/830/830
f 825/825/825 830/830/830 831/831/831
f 825/825/825 831/831/831 827/827/827
f 826/826/826 833/833/833 832/832/832
f 834/834/834 836/836/836 835/835/835
f 826/826/826 837/837/837 828/828/828
f 828/828/828 838/838/838 829/829/829
f 829/829/829 838/838/838 830/830/830
f 839/839/839 840/840/840 831/831/831
f 831/831/831 840/840/840 833/833/833
f 841/841/841 836/836/836 834/834/834
f 842/842/842 844/844/844 843/843/843
f 842/842/842 843/843/843 845/845/845
f 835/835/835 827/827/827 834/834/834
f 827/827/827 835/835/835 826/826/826
f 827/827/827 831/831/831 841/841/841
f 841/841/841 834/834/834 827/827/827
f 836/836/836 826/826/826 835/835/835
f 826/826/826 836/836/836 833/833/833
f 831/831/831 833/833/833 836/836/836
f 836/836/836 841/841/841 831/831/831
f 846/846/846 833/833/833 847/847/847
f 833/833/833 846/846/846 832/832/832
f 837/837/837 832/832/832 846/846/846
f 832/832/832 837/837/837 826/826/826
f 838/838/838 828/828/828 837/837/837
f 837/837/837 848/848/848 838/838/838
f 839/839/839 838/838/838 848/848/848
f 838/838/838 839/839/839 830/830/830
f 831/831/831 830/830/830 839/839/839
f 839/839/839 849/849/849 840/840/840
f 833/833/833 840/840/840 849/849/849
f 849/849/849 847/847/847 833/833/833
f 846/846/846 847/847/847 850/850/850
f 846/846/846 851/851/851 837/837/837
f 848/848/848 837/837/837 851/851/851
f 851/851/851 852/852/852 848/848/848
f 839/839/839 848/848/848 853/853/853
f 852/852/852 853/853/853 848/848/848
f 849/849/849 839/839/839 853/853/853
f 849/849/849 850/850/850 847/847/847
f 846/846/846 850/850/850 854/854/854
f 854/854/854 855/855/855 846/846/846
f 851/851/851 846/846/846 855/855/855
f 856/856/856 851/851/851 855/855/855
f 851/851/851 856/856/856 852/852/852
f 853/853/853 852/852/852 856/856/856
f 856/856/856 857/857/857 853/853/853
f 849/849/849 853/853/853 857/857/857
f 854/854/854 849/849/849 857/857/857
f 849/849/849 854/854/854 850/850/850
f 844/844/844 854/854/854 843/843/843
f 854/854/854 844/844/844 855/855/855
f 858/858/858 855/855/855 844/844/844
f 855/855/855 858/858/858 856/856/856
f 857/857/857 856/856/856 858/858/858
f 858/858/858 845/845/845 857/857/857
f 854/854/854 857/857/857 845/845/845
f 845/845/845 843/843/843 854/854/854
f 859/859/859 861/861/861 860/860/860
f 859/859/859 860/860/860 862/862/862
f 859/859/859 862/862/862 863/863/863
f 859/859/859 863/863/863 861/861/861
f 864/864/864 842/842/842 845/845/845
f 864/864/864 845/845/845 865/865/865
f 861/861/861 858/858/858 860/860/860
f 858/858/858 861/861/861 845/845/845
f 858/858/858 866/866/866 862/862/862
f 862/862/862 860/860/860 858/858/858
f 862/862/862 867/867/867 863/863/863
f 867/867/867 862/862/862 866/866/866
f 863/863/863 845/845/845 861/861/861
f 845/845/845 863/863/863 867/867/867
f 868/868/868 870/870/870 869/869/869
f 868/868/868 869/869/869 871/871/871
f 868/868/868 871/871/871 872/872/872
f 868/868/868 872/872/872 870/870/870
f 873/873/873 874/874/874 844/844/844
f 873/873/873 844/844/844 842/842/842
f 870/870/870 875/875/875 869/869/869
f 875/875/875 870/870/870 844/844/844
f 875/875/875 876/876/876 871/871/871
f 871/871/871 869/869/869 875/875/875
f 876/876/876 858/858/858 872/872/872
f 872/872/872 871/871/871 876/876/876
f 872/872/872 858/858/858 870/870/870
f 844/844/844 870/870/870 858/858/858
f 866/866/866 858/858/858 842/842/842
f 842/842/842 864/864/864 866/866/866
f 867/867/867 866/866/866 864/864/864
f 864/864/864 865/865/865 867/867/867
f 845/845/845 867/867/867 865/865/865
f 844/844/844 874/874/874 875/875/875
f 876/876/876 875/875/875 874/874/874
f 874/874/874 873/873/873 876/876/876
f 858/858/858 876/876/876 873/873/873
f 873/873/873 842/842/842 858/858/858
f 877/877/877 617/617/617 878/878/878
f 877/877/877 619/619/619 617/617/617
f 620/620/620 877/877/877 621/621/621
f 621/621/621 877/877/877 878/878/878
f 878/878/878 622/622/622 879/879/879
f 621/621/621 879/879/879 624/624/624
f 621/621/621 878/878/878 879/879/879
f 879/879/879 622/622/622 625/625/625
f 624/624/624 879/879/879 625/625/625
f 880/880/880 882/882/882 881/881/881
f 881/881/881 883/883/883 880/880/880
f 884/884/884 881/881/881 885/885/885
f 881/881/881 884/884/884 883/883/883
f 886/886/886 888/888/888 887/887/887
f 886/886/886 889/889/889 888/888/888
f 889/889/889 890/890/890 888/888/888
f 890/890/890 891/891/891 888/888/888
f 891/891/891 892/892/892 888/888/888
f 892/892/892 887/887/887 888/888/888
f 893/893/893 895/895/895 894/894/894
f 894/894/894 896/896/896 893/893/893
f 893/893/893 896/896/896 897/897/897
f 897/897/897 898/898/898 893/893/893
f 898/898/898 897/897/897 899/899/899
f 898/898/898 899/899/899 900/900/900
f 901/901/901 903/903/903 902/902/902
f 896/896/896 894/894/894 904/904/904
f 904/904/904 897/897/897 896/896/896
f 897/897/897 904/904/904 905/905/905
f 905/905/905 899/899/899 897/897/897
f 899/899/899 905/905/905 906/906/906
f 906/906/906 900/900/900 899/899/899
f 894/894/894 895/895/895 907/907/907
f 907/907/907 904/904/904 894/894/894
f 907/907/907 905/905/905 904/904/904
f 905/905/905 907/907/907 908/908/908
f 908/908/908 906/906/906 905/905/905
f 895/895/895 893/893/893 898/898/898
f 898/898/898 907/907/907 895/895/895
f 907/907/907 898/898/898 909/909/909
f 909/909/909 908/908/908 907/907/907
f 909/909/909 900/900/900 910/910/910
f 910/910/910 911/911/911 909/909/909
f 900/900/900 906/906/906 912/912/912
f 912/912/912 910/910/910 900/900/900
f 906/906/906 908/908/908 913/913/913
f 913/913/913 912/912/912 906/906/906
f 908/908/908 909/909/909 911/911/911
f 911/911/911 913/913/913 908/908/908
f 898/898/898 900/900/900 901/901/901
f 901/901/901 902/902/902 898/898/898
f 900/900/900 909/909/909 903/903/903
f 903/903/903 901/901/901 900/900/900
f 909/909/909 898/898/898 902/902/902
f 902/902/902 903/903/903 909/909/909
f 914/914/914 916/916/916 915/915/915
f 915/915/915 917/917/917 914/914/914
f 918/918/918 915/915/915 919/919/919
f 915/915/915 918/918/918 917/917/917
f 920/920/920 922/922/922 921/921/921
f 920/920/920 923/923/923 922/922/922
f 923/923/923 924/924/924 922/922/922
f 924/924/924 925/925/925 922/922/922
f 925/925/925 926/926/926 922/922/922
f 926/926/926 921/921/921 922/922/922
f 927/927/927 929/929/929 928/928/928
f 930/930/930 929/929/929 927/927/927
f 928/928/928 929/929/929 931/931/931
f 931/931/931 929/929/929 930/930/930
f 928/928/928 933/933/933 932/932/932
f 932/932/932 933/933/933 934/934/934
f 934/934/934 933/933/933 928/928/928
f 932/932/932 935/935/935 930/930/930
f 936/936/936 935/935/935 932/932/932
f 930/930/930 935/935/935 936/936/936
f 937/937/937 939/939/939 938/938/938
f 938/938/938 941/941/941 940/940/940
f 942/942/942 943/943/943 941/941/941
f 939/939/939 942/942/942 938/938/938
f 942/942/942 939/939/939 943/943/943
f 941/941/941 938/938/938 942/942/942
f 944/944/944 946/946/946 945/945/945
f 945/945/945 948/948/948 947/947/947
f 947/947/947 944/944/944 945/945/945
f 949/949/949 946/946/946 944/944/944
f 945/945/945 946/946/946 948/948/948
f 947/947/947 950/950/950 944/944/944
f 937/937/937 951/951/951 939/939/939
f 951/951/951 940/940/940 941/941/941
f 952/952/952 941/941/941 943/943/943
f 939/939/939 951/951/951 952/952/952
f 952/952/952 943/943/943 939/939/939
f 941/941/941 952/952/952 951/951/951
f 953/953/953 954/954/954 946/946/946
f 954/954/954 947/947/947 948/948/948
f 947/947/947 954/954/954 953/953/953
f 949/949/949 953/953/953 946/946/946
f 954/954/954 948/948/948 946/946/946
f 947/947/947 953/953/953 950/950/950
